rollout,segment,t,vx_cmd,vy_cmd,wz_cmd,vx_med,wz_med,tilt_rad,height,power_W,tau_max
1,0,0.004,0.0,0.0,0.0,0.0000,-0.0000,0.0941,0.2289,0.09,8.79
1,0,0.025,0.0,0.0,0.0,0.0018,-0.0060,0.0927,0.2288,35.81,22.32
1,0,0.049,0.0,0.0,0.0,0.0315,-0.0493,0.0759,0.2287,132.25,19.51
1,0,0.068,0.0,0.0,0.0,0.0479,-0.0830,0.0576,0.2294,129.47,16.27
1,0,0.087,0.0,0.0,0.0,0.1130,-0.0999,0.0350,0.2323,86.06,12.46
1,0,0.102,0.0,0.0,0.0,0.1150,-0.0800,0.0257,0.2333,65.93,10.08
1,0,0.127,0.0,0.0,0.0,0.1075,-0.0465,0.0185,0.2344,42.75,10.34
1,0,0.147,0.0,0.0,0.0,0.1604,-0.0165,0.0106,0.2374,37.97,11.01
1,0,0.165,0.0,0.0,0.0,0.2405,-0.0020,0.0114,0.2402,37.35,10.67
1,0,0.186,0.0,0.0,0.0,0.0999,-0.0101,0.0126,0.2416,31.75,10.26
1,0,0.203,0.0,0.0,0.0,0.3507,-0.0206,0.0144,0.2433,27.87,10.25
1,0,0.229,0.0,0.0,0.0,0.2371,-0.0111,0.0177,0.2457,22.84,9.17
1,0,0.245,0.0,0.0,0.0,0.2306,-0.0054,0.0207,0.2469,20.24,8.63
1,0,0.265,0.0,0.0,0.0,0.3139,-0.0015,0.0238,0.2479,18.27,8.51
1,0,0.284,0.0,0.0,0.0,0.2425,0.0006,0.0267,0.2488,17.18,8.37
1,0,0.304,0.0,0.0,0.0,0.1694,0.0087,0.0301,0.2498,16.49,8.14
1,0,0.326,0.0,0.0,0.0,0.3380,0.0129,0.0316,0.2502,15.85,7.88
1,0,0.347,0.0,0.0,0.0,0.2204,0.0173,0.0345,0.2512,15.58,7.57
1,0,0.368,0.0,0.0,0.0,0.3515,0.0188,0.0374,0.2520,15.79,7.32
1,0,0.389,0.0,0.0,0.0,0.2178,0.0106,0.0399,0.2533,17.80,7.05
1,0,0.406,0.0,0.0,0.0,0.3037,0.0004,0.0412,0.2536,14.92,7.34
1,0,0.431,0.0,0.0,0.0,0.0777,0.0016,0.0419,0.2540,13.75,7.63
1,0,0.450,0.0,0.0,0.0,0.1868,0.0217,0.0425,0.2544,14.56,7.36
1,0,0.466,0.0,0.0,0.0,0.2079,0.0469,0.0435,0.2550,15.11,7.22
1,0,0.488,0.0,0.0,0.0,0.1613,0.0582,0.0442,0.2557,16.63,7.15
1,0,0.506,0.0,0.0,0.0,0.1712,0.0220,0.0457,0.2565,12.97,7.33
1,0,0.525,0.0,0.0,0.0,0.1501,0.0208,0.0465,0.2573,13.23,7.69
1,0,0.550,0.0,0.0,0.0,0.1203,0.0290,0.0466,0.2577,10.76,7.74
1,0,0.567,0.0,0.0,0.0,0.1208,0.0417,0.0465,0.2582,9.86,7.60
1,0,0.585,0.0,0.0,0.0,0.1054,0.0479,0.0463,0.2585,9.18,7.44
1,0,0.603,0.0,0.0,0.0,0.0549,0.0411,0.0455,0.2592,9.14,7.00
1,0,0.627,0.0,0.0,0.0,0.0214,0.0309,0.0451,0.2594,6.88,7.14
1,0,0.647,0.0,0.0,0.0,0.0289,0.0210,0.0438,0.2599,3.54,7.06
1,0,0.665,0.0,0.0,0.0,0.0076,0.0189,0.0436,0.2600,3.24,6.87
1,0,0.684,0.0,0.0,0.0,-0.0020,0.0125,0.0426,0.2602,2.83,6.69
1,0,0.703,0.0,0.0,0.0,-0.0149,0.0107,0.0415,0.2604,2.74,6.62
1,0,0.725,0.0,0.0,0.0,-0.0076,0.0114,0.0412,0.2605,2.67,6.57
1,0,0.748,0.0,0.0,0.0,-0.0351,0.0134,0.0398,0.2606,2.49,6.32
1,0,0.768,0.0,0.0,0.0,-0.0235,0.0148,0.0392,0.2607,2.36,6.29
1,0,0.784,0.0,0.0,0.0,-0.0224,0.0168,0.0384,0.2608,2.13,6.16
1,0,0.803,0.0,0.0,0.0,-0.0314,0.0177,0.0377,0.2609,1.87,6.02
1,0,0.824,0.0,0.0,0.0,-0.0463,0.0168,0.0373,0.2609,1.79,6.13
1,0,0.844,0.0,0.0,0.0,-0.0197,0.0159,0.0370,0.2609,1.78,6.12
1,0,0.865,0.0,0.0,0.0,-0.0567,0.0143,0.0365,0.2610,1.72,6.19
1,0,0.885,0.0,0.0,0.0,-0.0383,0.0118,0.0358,0.2610,1.55,6.20
1,0,0.904,0.0,0.0,0.0,-0.0418,0.0110,0.0356,0.2610,1.50,6.21
1,0,0.924,0.0,0.0,0.0,-0.0510,0.0092,0.0352,0.2610,1.30,6.22
1,0,0.947,0.0,0.0,0.0,-0.0549,0.0076,0.0348,0.2610,1.17,6.24
1,0,0.965,0.0,0.0,0.0,-0.0274,0.0068,0.0347,0.2610,1.11,6.25
1,0,0.984,0.0,0.0,0.0,-0.0402,0.0056,0.0345,0.2610,0.99,6.25
1,0,1.005,0.0,0.0,0.0,-0.0234,0.0046,0.0343,0.2610,0.90,6.27
1,0,1.025,0.0,0.0,0.0,-0.0417,0.0038,0.0342,0.2610,0.83,6.27
1,0,1.046,0.0,0.0,0.0,-0.0265,0.0031,0.0341,0.2610,0.74,6.27
1,0,1.064,0.0,0.0,0.0,-0.0261,0.0027,0.0340,0.2610,0.68,6.28
1,0,1.085,0.0,0.0,0.0,-0.0201,0.0025,0.0339,0.2610,0.62,6.28
1,0,1.107,0.0,0.0,0.0,-0.0252,0.0022,0.0338,0.2610,0.52,6.29
1,0,1.129,0.0,0.0,0.0,-0.0158,0.0021,0.0337,0.2610,0.45,6.29
1,0,1.147,0.0,0.0,0.0,-0.0122,0.0019,0.0337,0.2609,0.41,6.30
1,0,1.167,0.0,0.0,0.0,-0.0101,0.0015,0.0337,0.2609,0.33,6.30
1,0,1.185,0.0,0.0,0.0,-0.0086,0.0010,0.0336,0.2609,0.26,6.30
1,0,1.203,0.0,0.0,0.0,-0.0039,0.0007,0.0336,0.2609,0.23,6.30
1,0,1.228,0.0,0.0,0.0,-0.0011,0.0004,0.0337,0.2609,0.17,6.30
1,0,1.250,0.0,0.0,0.0,-0.0008,0.0002,0.0337,0.2609,0.14,6.30
1,0,1.265,0.0,0.0,0.0,-0.0002,0.0002,0.0338,0.2609,0.14,6.30
1,0,1.284,0.0,0.0,0.0,-0.0002,0.0002,0.0338,0.2609,0.13,6.31
1,0,1.305,0.0,0.0,0.0,-0.0002,0.0002,0.0339,0.2608,0.12,6.31
1,0,1.327,0.0,0.0,0.0,-0.0003,0.0002,0.0339,0.2608,0.12,6.31
1,0,1.346,0.0,0.0,0.0,-0.0003,0.0002,0.0340,0.2608,0.11,6.31
1,0,1.364,0.0,0.0,0.0,-0.0003,0.0002,0.0340,0.2608,0.11,6.32
1,0,1.385,0.0,0.0,0.0,-0.0004,0.0002,0.0341,0.2608,0.10,6.32
1,0,1.403,0.0,0.0,0.0,-0.0002,0.0002,0.0341,0.2608,0.10,6.32
1,0,1.425,0.0,0.0,0.0,-0.0004,0.0002,0.0341,0.2608,0.10,6.33
1,0,1.446,0.0,0.0,0.0,-0.0003,0.0002,0.0342,0.2608,0.10,6.33
1,0,1.465,0.0,0.0,0.0,-0.0004,0.0002,0.0342,0.2608,0.10,6.34
1,0,1.485,0.0,0.0,0.0,-0.0004,0.0002,0.0342,0.2608,0.10,6.34
1,0,1.505,0.0,0.0,0.0,-0.0003,0.0002,0.0343,0.2608,0.09,6.34
1,0,1.525,0.0,0.0,0.0,-0.0003,0.0002,0.0343,0.2608,0.09,6.35
1,0,1.545,0.0,0.0,0.0,-0.0005,0.0002,0.0343,0.2608,0.09,6.35
1,0,1.562,0.0,0.0,0.0,-0.0003,0.0002,0.0344,0.2607,0.09,6.35
1,0,1.590,0.0,0.0,0.0,-0.0005,0.0002,0.0344,0.2607,0.09,6.36
1,0,1.603,0.0,0.0,0.0,-0.0003,0.0002,0.0344,0.2607,0.09,6.36
1,0,1.625,0.0,0.0,0.0,-0.0004,0.0002,0.0344,0.2607,0.09,6.36
1,0,1.647,0.0,0.0,0.0,-0.0003,0.0002,0.0345,0.2607,0.08,6.37
1,0,1.665,0.0,0.0,0.0,-0.0006,0.0002,0.0345,0.2607,0.08,6.37
1,0,1.684,0.0,0.0,0.0,-0.0004,0.0002,0.0345,0.2607,0.08,6.37
1,0,1.703,0.0,0.0,0.0,-0.0002,0.0002,0.0345,0.2607,0.08,6.37
1,0,1.725,0.0,0.0,0.0,-0.0006,0.0002,0.0346,0.2607,0.08,6.38
1,0,1.747,0.0,0.0,0.0,-0.0003,0.0002,0.0346,0.2607,0.08,6.38
1,0,1.765,0.0,0.0,0.0,-0.0004,0.0002,0.0346,0.2607,0.08,6.38
1,0,1.785,0.0,0.0,0.0,-0.0004,0.0002,0.0346,0.2607,0.08,6.38
1,0,1.805,0.0,0.0,0.0,-0.0006,0.0002,0.0347,0.2607,0.07,6.39
1,0,1.824,0.0,0.0,0.0,-0.0004,0.0002,0.0347,0.2607,0.07,6.39
1,0,1.844,0.0,0.0,0.0,-0.0004,0.0002,0.0347,0.2607,0.07,6.39
1,0,1.867,0.0,0.0,0.0,-0.0005,0.0002,0.0347,0.2607,0.07,6.40
1,0,1.887,0.0,0.0,0.0,-0.0001,0.0002,0.0347,0.2607,0.07,6.40
1,0,1.904,0.0,0.0,0.0,-0.0009,0.0003,0.0348,0.2607,0.07,6.40
1,0,1.924,0.0,0.0,0.0,-0.0006,0.0003,0.0348,0.2606,0.07,6.40
1,0,1.946,0.0,0.0,0.0,-0.0004,0.0003,0.0348,0.2606,0.07,6.40
1,0,1.970,0.0,0.0,0.0,-0.0005,0.0003,0.0348,0.2606,0.07,6.41
1,0,1.985,0.0,0.0,0.0,-0.0005,0.0003,0.0348,0.2606,0.07,6.41
1,0,2.005,0.0,0.0,0.0,-0.0004,0.0003,0.0348,0.2606,0.07,6.41
1,0,2.025,0.0,0.0,0.0,-0.0004,0.0003,0.0349,0.2606,0.06,6.42
1,0,2.046,0.0,0.0,0.0,-0.0004,0.0003,0.0349,0.2606,0.06,6.42
1,0,2.066,0.0,0.0,0.0,-0.0006,0.0003,0.0349,0.2606,0.06,6.42
1,0,2.083,0.0,0.0,0.0,-0.0006,0.0003,0.0349,0.2606,0.06,6.42
1,0,2.102,0.0,0.0,0.0,-0.0004,0.0003,0.0349,0.2606,0.06,6.42
1,0,2.125,0.0,0.0,0.0,-0.0006,0.0003,0.0350,0.2606,0.06,6.43
1,0,2.147,0.0,0.0,0.0,-0.0004,0.0003,0.0350,0.2606,0.06,6.43
1,0,2.170,0.0,0.0,0.0,-0.0004,0.0003,0.0350,0.2606,0.06,6.43
1,0,2.184,0.0,0.0,0.0,-0.0008,0.0003,0.0350,0.2606,0.06,6.43
1,0,2.203,0.0,0.0,0.0,-0.0005,0.0003,0.0350,0.2606,0.06,6.43
1,0,2.225,0.0,0.0,0.0,-0.0004,0.0003,0.0350,0.2606,0.06,6.44
1,0,2.245,0.0,0.0,0.0,-0.0004,0.0003,0.0350,0.2606,0.06,6.44
1,0,2.267,0.0,0.0,0.0,-0.0004,0.0003,0.0350,0.2606,0.06,6.44
1,0,2.293,0.0,0.0,0.0,-0.0005,0.0003,0.0351,0.2606,0.06,6.44
1,0,2.303,0.0,0.0,0.0,-0.0006,0.0003,0.0351,0.2606,0.06,6.44
1,0,2.326,0.0,0.0,0.0,-0.0004,0.0003,0.0351,0.2606,0.05,6.44
1,0,2.345,0.0,0.0,0.0,-0.0004,0.0003,0.0351,0.2606,0.05,6.45
1,0,2.364,0.0,0.0,0.0,-0.0004,0.0003,0.0351,0.2606,0.05,6.45
1,0,2.383,0.0,0.0,0.0,-0.0005,0.0003,0.0351,0.2606,0.05,6.45
1,0,2.404,0.0,0.0,0.0,-0.0004,0.0003,0.0351,0.2606,0.05,6.45
1,0,2.425,0.0,0.0,0.0,-0.0004,0.0003,0.0351,0.2606,0.05,6.45
1,0,2.445,0.0,0.0,0.0,-0.0006,0.0003,0.0351,0.2606,0.05,6.45
1,0,2.471,0.0,0.0,0.0,-0.0004,0.0003,0.0352,0.2605,0.05,6.46
1,0,2.486,0.0,0.0,0.0,-0.0003,0.0003,0.0352,0.2605,0.05,6.46
1,0,2.505,0.0,0.0,0.0,-0.0007,0.0003,0.0352,0.2605,0.05,6.46
1,0,2.525,0.0,0.0,0.0,-0.0003,0.0003,0.0352,0.2605,0.05,6.46
1,0,2.545,0.0,0.0,0.0,-0.0009,0.0003,0.0352,0.2605,0.05,6.46
1,0,2.565,0.0,0.0,0.0,-0.0004,0.0003,0.0352,0.2605,0.05,6.46
1,0,2.583,0.0,0.0,0.0,-0.0003,0.0003,0.0352,0.2605,0.05,6.46
1,0,2.603,0.0,0.0,0.0,-0.0006,0.0003,0.0352,0.2605,0.05,6.47
1,0,2.624,0.0,0.0,0.0,-0.0006,0.0003,0.0352,0.2605,0.05,6.47
1,0,2.643,0.0,0.0,0.0,-0.0004,0.0002,0.0352,0.2605,0.05,6.47
1,0,2.667,0.0,0.0,0.0,-0.0005,0.0002,0.0353,0.2605,0.05,6.47
1,0,2.683,0.0,0.0,0.0,-0.0004,0.0002,0.0353,0.2605,0.05,6.47
1,0,2.705,0.0,0.0,0.0,-0.0006,0.0002,0.0353,0.2605,0.05,6.47
1,0,2.726,0.0,0.0,0.0,-0.0005,0.0002,0.0353,0.2605,0.05,6.48
1,0,2.745,0.0,0.0,0.0,-0.0006,0.0002,0.0353,0.2605,0.04,6.48
1,0,2.769,0.0,0.0,0.0,-0.0005,0.0002,0.0353,0.2605,0.04,6.48
1,0,2.783,0.0,0.0,0.0,-0.0004,0.0002,0.0353,0.2605,0.04,6.48
1,0,2.804,0.0,0.0,0.0,-0.0005,0.0002,0.0353,0.2605,0.04,6.48
1,0,2.824,0.0,0.0,0.0,-0.0003,0.0002,0.0353,0.2605,0.04,6.48
1,0,2.845,0.0,0.0,0.0,-0.0007,0.0002,0.0353,0.2605,0.04,6.48
1,0,2.865,0.0,0.0,0.0,-0.0004,0.0002,0.0353,0.2605,0.04,6.48
1,0,2.885,0.0,0.0,0.0,-0.0004,0.0002,0.0353,0.2605,0.04,6.49
1,0,2.903,0.0,0.0,0.0,-0.0006,0.0002,0.0354,0.2605,0.04,6.49
1,0,2.923,0.0,0.0,0.0,-0.0006,0.0002,0.0354,0.2605,0.04,6.49
1,0,2.945,0.0,0.0,0.0,-0.0004,0.0002,0.0354,0.2605,0.04,6.49
1,0,2.967,0.0,0.0,0.0,-0.0006,0.0002,0.0354,0.2605,0.04,6.49
1,0,2.985,0.0,0.0,0.0,-0.0004,0.0002,0.0354,0.2605,0.04,6.49
1,1,3.008,0.3,0.0,0.0,0.0000,0.0002,0.0354,0.2605,0.04,6.49
1,1,3.027,0.3,0.0,0.0,-0.0005,0.0002,0.0354,0.2605,0.04,7.61
1,1,3.045,0.3,0.0,0.0,0.0012,-0.0012,0.0358,0.2605,1.44,9.27
1,1,3.067,0.3,0.0,0.0,0.0059,-0.0118,0.0383,0.2602,7.50,10.28
1,1,3.086,0.3,0.0,0.0,0.0128,-0.0136,0.0415,0.2597,10.33,10.80
1,1,3.105,0.3,0.0,0.0,0.0137,-0.0104,0.0438,0.2594,11.57,11.07
1,1,3.124,0.3,0.0,0.0,0.0223,-0.0046,0.0469,0.2587,11.49,10.77
1,1,3.146,0.3,0.0,0.0,0.0287,0.0066,0.0494,0.2577,8.67,10.84
1,1,3.170,0.3,0.0,0.0,0.0281,0.0091,0.0522,0.2568,4.27,10.85
1,1,3.191,0.3,0.0,0.0,0.0352,0.0004,0.0541,0.2562,4.17,10.74
1,1,3.204,0.3,0.0,0.0,0.0237,-0.0009,0.0549,0.2559,4.78,10.58
1,1,3.229,0.3,0.0,0.0,0.0234,0.0004,0.0559,0.2556,2.22,10.30
1,1,3.248,0.3,0.0,0.0,0.0195,0.0023,0.0561,0.2556,1.35,9.88
1,1,3.265,0.3,0.0,0.0,0.0199,0.0039,0.0562,0.2556,1.00,9.38
1,1,3.285,0.3,0.0,0.0,0.0210,0.0062,0.0560,0.2557,2.37,8.72
1,1,3.303,0.3,0.0,0.0,0.0077,0.0097,0.0553,0.2560,4.02,8.44
1,1,3.326,0.3,0.0,0.0,0.0114,0.0148,0.0535,0.2565,5.66,7.61
1,1,3.348,0.3,0.0,0.0,0.0044,0.0161,0.0510,0.2570,5.45,8.12
1,1,3.364,0.3,0.0,0.0,0.0017,0.0155,0.0499,0.2571,5.41,8.07
1,1,3.387,0.3,0.0,0.0,0.0002,0.0103,0.0482,0.2571,3.37,9.42
1,1,3.404,0.3,0.0,0.0,-0.0008,0.0096,0.0476,0.2570,1.64,10.03
1,1,3.425,0.3,0.0,0.0,-0.0014,0.0108,0.0473,0.2567,2.02,10.11
1,1,3.445,0.3,0.0,0.0,0.0016,0.0041,0.0472,0.2559,3.03,10.59
1,1,3.465,0.3,0.0,0.0,0.0056,0.0008,0.0472,0.2554,2.78,10.61
1,1,3.485,0.3,0.0,0.0,0.0084,0.0018,0.0474,0.2548,3.53,10.76
1,1,3.505,0.3,0.0,0.0,0.0125,0.0080,0.0482,0.2543,3.95,10.38
1,1,3.529,0.3,0.0,0.0,0.0141,0.0066,0.0488,0.2540,2.37,9.98
1,1,3.543,0.3,0.0,0.0,0.0110,0.0078,0.0490,0.2539,1.24,9.95
1,1,3.564,0.3,0.0,0.0,0.0101,0.0092,0.0489,0.2540,1.31,8.85
1,1,3.583,0.3,0.0,0.0,0.0102,0.0105,0.0487,0.2543,3.19,8.09
1,1,3.614,0.3,0.0,0.0,0.0106,0.0141,0.0488,0.2550,5.57,6.86
1,1,3.626,0.3,0.0,0.0,0.0111,0.0145,0.0489,0.2552,5.82,6.77
1,1,3.650,0.3,0.0,0.0,0.0174,0.0141,0.0497,0.2560,6.70,7.86
1,1,3.664,0.3,0.0,0.0,0.0160,0.0135,0.0502,0.2564,6.38,7.79
1,1,3.684,0.3,0.0,0.0,0.0258,0.0125,0.0510,0.2570,5.36,8.23
1,1,3.703,0.3,0.0,0.0,0.0196,0.0071,0.0523,0.2575,3.02,8.99
1,1,3.726,0.3,0.0,0.0,0.0198,0.0054,0.0528,0.2577,2.29,9.22
1,1,3.746,0.3,0.0,0.0,0.0302,0.0005,0.0534,0.2578,1.53,9.39
1,1,3.766,0.3,0.0,0.0,0.0160,-0.0064,0.0538,0.2578,1.72,9.37
1,1,3.785,0.3,0.0,0.0,0.0075,-0.0081,0.0538,0.2577,1.82,9.37
1,1,3.803,0.3,0.0,0.0,0.0166,-0.0104,0.0540,0.2576,1.51,9.39
1,1,3.826,0.3,0.0,0.0,0.0162,-0.0075,0.0541,0.2575,1.01,9.18
1,1,3.843,0.3,0.0,0.0,0.0083,-0.0049,0.0541,0.2575,0.76,8.90
1,1,3.865,0.3,0.0,0.0,0.0067,-0.0023,0.0539,0.2575,0.59,8.53
1,1,3.888,0.3,0.0,0.0,0.0031,0.0005,0.0532,0.2576,1.65,8.07
1,1,3.904,0.3,0.0,0.0,-0.0006,0.0006,0.0530,0.2577,2.07,7.98
1,1,3.928,0.3,0.0,0.0,-0.0038,0.0006,0.0520,0.2580,2.94,7.30
1,1,3.944,0.3,0.0,0.0,-0.0055,0.0008,0.0506,0.2583,3.08,7.69
1,1,3.966,0.3,0.0,0.0,-0.0064,0.0003,0.0499,0.2585,2.84,7.67
1,1,3.986,0.3,0.0,0.0,-0.0095,0.0005,0.0483,0.2586,1.67,8.66
1,1,4.005,0.3,0.0,0.0,-0.0082,0.0011,0.0476,0.2585,1.27,9.07
1,1,4.024,0.3,0.0,0.0,-0.0081,0.0013,0.0469,0.2582,0.97,9.49
1,1,4.045,0.3,0.0,0.0,-0.0069,0.0033,0.0461,0.2579,1.32,9.77
1,1,4.068,0.3,0.0,0.0,-0.0027,0.0030,0.0459,0.2574,2.60,9.96
1,1,4.087,0.3,0.0,0.0,0.0003,0.0053,0.0459,0.2572,2.44,10.06
1,1,4.105,0.3,0.0,0.0,0.0039,0.0066,0.0464,0.2569,2.85,10.07
1,1,4.125,0.3,0.0,0.0,0.0063,0.0057,0.0471,0.2565,2.31,9.80
1,1,4.145,0.3,0.0,0.0,0.0093,0.0039,0.0476,0.2564,1.21,9.34
1,1,4.165,0.3,0.0,0.0,0.0030,0.0033,0.0477,0.2563,0.68,9.33
1,1,4.184,0.3,0.0,0.0,0.0019,0.0033,0.0477,0.2564,1.36,7.99
1,1,4.204,0.3,0.0,0.0,0.0011,0.0061,0.0476,0.2566,2.73,6.86
1,1,4.221,0.3,0.0,0.0,0.0020,0.0078,0.0476,0.2571,4.55,7.43
1,1,4.248,0.3,0.0,0.0,0.0035,0.0071,0.0482,0.2577,4.90,7.99
1,1,4.276,0.3,0.0,0.0,0.0038,0.0052,0.0491,0.2583,4.09,8.51
1,1,4.288,0.3,0.0,0.0,0.0066,0.0036,0.0495,0.2585,3.24,8.47
1,1,4.304,0.3,0.0,0.0,0.0066,0.0008,0.0501,0.2588,1.76,9.00
1,1,4.323,0.3,0.0,0.0,0.0098,-0.0009,0.0505,0.2588,1.32,9.66
1,1,4.345,0.3,0.0,0.0,0.0095,-0.0041,0.0511,0.2588,1.33,9.82
1,1,4.364,0.3,0.0,0.0,0.0071,-0.0060,0.0513,0.2587,1.30,9.86
1,1,4.387,0.3,0.0,0.0,0.0050,-0.0087,0.0517,0.2585,1.60,9.68
1,1,4.404,0.3,0.0,0.0,0.0081,-0.0112,0.0520,0.2583,1.77,9.22
1,1,4.425,0.3,0.0,0.0,0.0094,-0.0102,0.0522,0.2582,1.29,8.92
1,1,4.451,0.3,0.0,0.0,0.0039,-0.0075,0.0524,0.2581,0.85,8.62
1,1,4.466,0.3,0.0,0.0,0.0057,-0.0056,0.0525,0.2581,0.79,8.61
1,1,4.483,0.3,0.0,0.0,0.0027,-0.0030,0.0524,0.2581,0.91,7.82
1,1,4.505,0.3,0.0,0.0,0.0010,-0.0011,0.0519,0.2583,2.12,7.27
1,1,4.524,0.3,0.0,0.0,-0.0007,-0.0007,0.0514,0.2583,2.33,7.27
1,1,4.546,0.3,0.0,0.0,-0.0051,0.0002,0.0506,0.2586,2.49,7.62
1,1,4.566,0.3,0.0,0.0,-0.0061,-0.0002,0.0498,0.2587,2.18,7.57
1,1,4.587,0.3,0.0,0.0,-0.0079,-0.0017,0.0488,0.2588,1.32,8.52
1,1,4.605,0.3,0.0,0.0,-0.0081,-0.0006,0.0480,0.2587,0.88,8.56
1,1,4.627,0.3,0.0,0.0,-0.0077,0.0005,0.0471,0.2585,0.88,9.31
1,1,4.650,0.3,0.0,0.0,-0.0034,0.0015,0.0465,0.2582,1.09,9.56
1,1,4.667,0.3,0.0,0.0,-0.0035,0.0032,0.0460,0.2580,1.70,9.63
1,1,4.685,0.3,0.0,0.0,-0.0010,0.0045,0.0458,0.2576,2.37,9.63
1,1,4.703,0.3,0.0,0.0,0.0032,0.0048,0.0458,0.2575,2.28,9.68
1,1,4.725,0.3,0.0,0.0,0.0048,0.0040,0.0463,0.2572,2.11,9.36
1,1,4.747,0.3,0.0,0.0,0.0049,0.0036,0.0467,0.2571,1.34,9.00
1,1,4.765,0.3,0.0,0.0,0.0040,0.0036,0.0468,0.2570,0.73,8.99
1,1,4.784,0.3,0.0,0.0,0.0022,0.0027,0.0468,0.2571,0.90,7.66
1,1,4.805,0.3,0.0,0.0,0.0003,0.0044,0.0468,0.2572,1.75,7.63
1,1,4.828,0.3,0.0,0.0,0.0005,0.0060,0.0470,0.2575,3.72,7.65
1,1,4.849,0.3,0.0,0.0,0.0013,0.0059,0.0477,0.2581,4.56,8.05
1,1,4.864,0.3,0.0,0.0,0.0018,0.0050,0.0482,0.2583,4.22,8.01
1,1,4.890,0.3,0.0,0.0,0.0029,0.0027,0.0492,0.2587,3.04,9.06
1,1,4.905,0.3,0.0,0.0,0.0053,0.0003,0.0496,0.2589,1.91,9.46
1,1,4.925,0.3,0.0,0.0,0.0051,-0.0011,0.0500,0.2589,1.39,9.75
1,1,4.945,0.3,0.0,0.0,0.0052,-0.0025,0.0503,0.2589,1.35,9.77
1,1,4.965,0.3,0.0,0.0,0.0059,-0.0053,0.0510,0.2587,1.23,9.99
1,1,4.984,0.3,0.0,0.0,0.0095,-0.0081,0.0514,0.2586,1.64,9.80
1,1,5.004,0.3,0.0,0.0,0.0049,-0.0097,0.0516,0.2584,1.67,9.81
1,1,5.027,0.3,0.0,0.0,0.0064,-0.0097,0.0520,0.2583,1.43,8.85
1,1,5.045,0.3,0.0,0.0,0.0060,-0.0066,0.0523,0.2582,0.89,8.56
1,1,5.067,0.3,0.0,0.0,0.0046,-0.0049,0.0523,0.2581,0.74,8.53
1,1,5.083,0.3,0.0,0.0,0.0030,-0.0028,0.0523,0.2582,0.84,7.72
1,1,5.106,0.3,0.0,0.0,-0.0000,-0.0015,0.0518,0.2583,1.85,7.18
1,1,5.125,0.3,0.0,0.0,-0.0031,-0.0010,0.0512,0.2585,2.20,7.15
1,1,5.147,0.3,0.0,0.0,-0.0030,-0.0008,0.0508,0.2586,2.32,7.11
1,1,5.165,0.3,0.0,0.0,-0.0058,-0.0000,0.0500,0.2588,2.16,7.99
1,1,5.184,0.3,0.0,0.0,-0.0067,-0.0016,0.0491,0.2588,1.34,8.43
1,1,5.205,0.3,0.0,0.0,-0.0096,-0.0011,0.0480,0.2587,1.03,8.88
1,1,5.226,0.3,0.0,0.0,-0.0059,-0.0004,0.0475,0.2586,0.83,9.23
1,1,5.253,0.3,0.0,0.0,-0.0048,0.0017,0.0466,0.2583,1.09,9.45
1,1,5.267,0.3,0.0,0.0,-0.0051,0.0029,0.0462,0.2580,1.57,9.54
1,1,5.285,0.3,0.0,0.0,-0.0015,0.0052,0.0460,0.2577,1.94,9.55
1,1,5.303,0.3,0.0,0.0,0.0016,0.0052,0.0462,0.2575,2.06,9.41
1,1,5.326,0.3,0.0,0.0,0.0053,0.0045,0.0465,0.2573,1.85,9.23
1,1,5.346,0.3,0.0,0.0,0.0034,0.0042,0.0467,0.2572,1.15,9.24
1,1,5.366,0.3,0.0,0.0,0.0022,0.0032,0.0469,0.2572,0.55,8.29
1,1,5.383,0.3,0.0,0.0,0.0008,0.0030,0.0469,0.2572,1.28,7.55
1,1,5.403,0.3,0.0,0.0,0.0006,0.0047,0.0469,0.2574,2.56,7.00
1,1,5.425,0.3,0.0,0.0,0.0009,0.0064,0.0472,0.2577,3.67,7.69
1,1,5.447,0.3,0.0,0.0,0.0007,0.0059,0.0477,0.2581,4.12,7.60
1,1,5.467,0.3,0.0,0.0,0.0024,0.0040,0.0486,0.2586,3.85,8.59
1,1,5.485,0.3,0.0,0.0,0.0025,0.0027,0.0491,0.2589,2.77,9.09
1,1,5.504,0.3,0.0,0.0,0.0052,0.0002,0.0496,0.2590,1.82,9.50
1,1,5.525,0.3,0.0,0.0,0.0045,-0.0015,0.0501,0.2590,1.23,9.79
1,1,5.546,0.3,0.0,0.0,0.0052,-0.0031,0.0506,0.2590,1.20,9.96
1,1,5.570,0.3,0.0,0.0,0.0046,-0.0054,0.0510,0.2589,1.29,10.01
1,1,5.584,0.3,0.0,0.0,0.0097,-0.0077,0.0513,0.2587,1.66,9.82
1,1,5.604,0.3,0.0,0.0,0.0081,-0.0096,0.0518,0.2585,1.63,9.36
1,1,5.624,0.3,0.0,0.0,0.0030,-0.0085,0.0521,0.2583,1.31,8.82
1,1,5.646,0.3,0.0,0.0,0.0064,-0.0065,0.0524,0.2583,0.92,8.51
1,1,5.669,0.3,0.0,0.0,0.0048,-0.0036,0.0524,0.2582,0.78,8.10
1,1,5.686,0.3,0.0,0.0,0.0023,-0.0018,0.0523,0.2583,0.76,7.65
1,1,5.705,0.3,0.0,0.0,-0.0001,-0.0014,0.0520,0.2584,1.68,7.15
1,1,5.725,0.3,0.0,0.0,-0.0023,-0.0013,0.0516,0.2585,2.01,7.18
1,1,5.748,0.3,0.0,0.0,-0.0021,-0.0001,0.0507,0.2587,2.24,7.53
1,1,5.765,0.3,0.0,0.0,-0.0068,0.0000,0.0505,0.2587,2.17,7.50
1,1,5.790,0.3,0.0,0.0,-0.0054,-0.0019,0.0493,0.2588,1.23,8.41
1,1,5.808,0.3,0.0,0.0,-0.0112,-0.0007,0.0483,0.2587,0.75,8.86
1,1,5.824,0.3,0.0,0.0,-0.0063,-0.0003,0.0479,0.2586,0.81,8.88
1,1,5.853,0.3,0.0,0.0,-0.0045,0.0015,0.0470,0.2584,0.98,9.39
1,1,5.865,0.3,0.0,0.0,-0.0074,0.0026,0.0465,0.2581,1.38,9.44
1,1,5.887,0.3,0.0,0.0,-0.0024,0.0044,0.0462,0.2578,1.78,9.46
1,1,5.905,0.3,0.0,0.0,0.0011,0.0050,0.0463,0.2576,1.97,9.59
1,1,5.938,0.3,0.0,0.0,0.0031,0.0045,0.0468,0.2573,1.41,9.21
1,1,5.948,0.3,0.0,0.0,0.0030,0.0043,0.0469,0.2573,1.17,9.21
1,1,5.967,0.3,0.0,0.0,0.0033,0.0035,0.0470,0.2572,0.62,8.80
1,1,5.984,0.3,0.0,0.0,0.0015,0.0031,0.0470,0.2573,0.75,8.25
1,1,6.005,0.3,0.0,0.0,0.0004,0.0046,0.0471,0.2576,2.85,6.93
1,1,6.027,0.3,0.0,0.0,0.0005,0.0059,0.0472,0.2578,3.65,7.70
1,1,6.049,0.3,0.0,0.0,0.0008,0.0054,0.0480,0.2583,4.37,8.09
1,1,6.065,0.3,0.0,0.0,0.0009,0.0042,0.0484,0.2585,4.19,8.64
1,1,6.085,0.3,0.0,0.0,0.0028,0.0030,0.0491,0.2588,3.24,9.09
1,1,6.104,0.3,0.0,0.0,0.0030,-0.0005,0.0498,0.2590,1.77,9.50
1,1,6.125,0.3,0.0,0.0,0.0053,-0.0024,0.0504,0.2590,1.20,9.82
1,1,6.152,0.3,0.0,0.0,0.0045,-0.0039,0.0509,0.2589,1.15,9.99
1,1,6.169,0.3,0.0,0.0,0.0048,-0.0048,0.0511,0.2589,1.14,10.03
1,1,6.184,0.3,0.0,0.0,0.0087,-0.0074,0.0515,0.2587,1.53,10.06
1,1,6.202,0.3,0.0,0.0,0.0070,-0.0096,0.0521,0.2584,1.56,9.39
1,1,6.226,0.3,0.0,0.0,0.0044,-0.0094,0.0522,0.2584,1.45,9.40
1,1,6.245,0.3,0.0,0.0,0.0101,-0.0074,0.0526,0.2582,0.93,8.51
1,1,6.265,0.3,0.0,0.0,0.0042,-0.0055,0.0527,0.2582,0.83,8.50
1,1,6.287,0.3,0.0,0.0,0.0008,-0.0032,0.0526,0.2582,0.86,8.08
1,1,6.308,0.3,0.0,0.0,0.0010,-0.0018,0.0521,0.2584,1.71,7.16
1,1,6.325,0.3,0.0,0.0,-0.0030,-0.0013,0.0517,0.2585,2.06,7.12
1,1,6.343,0.3,0.0,0.0,-0.0040,-0.0001,0.0509,0.2587,2.19,7.48
1,1,6.366,0.3,0.0,0.0,-0.0056,-0.0003,0.0504,0.2588,1.94,7.93
1,1,6.385,0.3,0.0,0.0,-0.0079,-0.0017,0.0497,0.2588,1.45,7.92
1,1,6.409,0.3,0.0,0.0,-0.0032,-0.0014,0.0491,0.2588,0.87,8.40
1,1,6.424,0.3,0.0,0.0,-0.0093,-0.0006,0.0484,0.2587,0.79,8.82
1,1,6.445,0.3,0.0,0.0,-0.0066,0.0014,0.0474,0.2585,0.96,9.34
1,1,6.465,0.3,0.0,0.0,-0.0027,0.0025,0.0469,0.2581,1.46,9.38
1,1,6.483,0.3,0.0,0.0,-0.0035,0.0038,0.0465,0.2579,1.92,9.42
1,1,6.503,0.3,0.0,0.0,0.0011,0.0061,0.0466,0.2576,2.21,9.38
1,1,6.524,0.3,0.0,0.0,0.0023,0.0044,0.0470,0.2574,1.89,9.22
1,1,6.546,0.3,0.0,0.0,0.0044,0.0041,0.0472,0.2572,0.96,8.82
1,1,6.565,0.3,0.0,0.0,0.0036,0.0029,0.0473,0.2572,0.50,8.21
1,1,6.584,0.3,0.0,0.0,0.0007,0.0026,0.0473,0.2573,0.88,7.44
1,1,6.605,0.3,0.0,0.0,0.0001,0.0046,0.0473,0.2575,2.68,6.96
1,1,6.624,0.3,0.0,0.0,0.0003,0.0053,0.0476,0.2579,3.86,7.68
1,1,6.645,0.3,0.0,0.0,0.0006,0.0050,0.0482,0.2582,4.29,8.13
1,1,6.666,0.3,0.0,0.0,0.0011,0.0036,0.0489,0.2586,3.97,8.64
1,1,6.684,0.3,0.0,0.0,0.0019,0.0020,0.0496,0.2589,2.58,9.13
1,1,6.704,0.3,0.0,0.0,0.0036,-0.0002,0.0501,0.2590,1.64,9.56
1,1,6.724,0.3,0.0,0.0,0.0037,-0.0016,0.0505,0.2591,1.11,9.84
1,1,6.746,0.3,0.0,0.0,0.0042,-0.0031,0.0509,0.2590,1.12,9.86
1,1,6.770,0.3,0.0,0.0,0.0051,-0.0049,0.0514,0.2589,1.13,10.05
1,1,6.785,0.3,0.0,0.0,0.0082,-0.0091,0.0520,0.2586,1.71,9.88
1,1,6.803,0.3,0.0,0.0,0.0078,-0.0102,0.0523,0.2584,1.74,9.39
1,1,6.824,0.3,0.0,0.0,0.0093,-0.0077,0.0529,0.2582,1.07,8.83
1,1,6.847,0.3,0.0,0.0,0.0041,-0.0065,0.0530,0.2582,0.76,8.50
1,1,6.866,0.3,0.0,0.0,0.0034,-0.0041,0.0531,0.2582,0.65,8.49
1,1,6.890,0.3,0.0,0.0,0.0013,-0.0024,0.0530,0.2582,0.72,8.06
1,1,6.905,0.3,0.0,0.0,-0.0008,-0.0013,0.0526,0.2583,1.48,7.15
1,1,6.924,0.3,0.0,0.0,-0.0037,-0.0013,0.0521,0.2585,2.20,7.12
1,1,6.942,0.3,0.0,0.0,-0.0045,-0.0003,0.0515,0.2586,2.23,7.47
1,1,6.965,0.3,0.0,0.0,-0.0078,-0.0013,0.0503,0.2588,1.65,7.88
1,1,6.982,0.3,0.0,0.0,-0.0081,-0.0017,0.0497,0.2588,1.08,8.36
1,1,7.005,0.3,0.0,0.0,-0.0038,-0.0006,0.0488,0.2587,0.67,8.79
1,1,7.027,0.3,0.0,0.0,-0.0104,0.0005,0.0479,0.2585,0.86,9.12
1,1,7.051,0.3,0.0,0.0,-0.0049,0.0022,0.0470,0.2582,1.26,9.37
1,1,7.066,0.3,0.0,0.0,-0.0044,0.0034,0.0466,0.2580,1.57,9.40
1,1,7.083,0.3,0.0,0.0,-0.0023,0.0043,0.0464,0.2578,1.89,9.43
1,1,7.105,0.3,0.0,0.0,0.0013,0.0048,0.0466,0.2575,1.86,9.36
1,1,7.128,0.3,0.0,0.0,0.0017,0.0046,0.0467,0.2574,1.72,9.39
1,1,7.145,0.3,0.0,0.0,0.0037,0.0045,0.0470,0.2573,0.93,8.75
1,1,7.167,0.3,0.0,0.0,0.0024,0.0039,0.0471,0.2573,0.71,8.17
1,1,7.183,0.3,0.0,0.0,0.0010,0.0035,0.0471,0.2573,0.77,8.16
1,1,7.203,0.3,0.0,0.0,0.0005,0.0044,0.0471,0.2575,2.16,7.04
1,1,7.224,0.3,0.0,0.0,0.0006,0.0050,0.0474,0.2578,3.75,7.73
1,1,7.242,0.3,0.0,0.0,0.0006,0.0047,0.0478,0.2580,4.09,7.63
1,1,7.264,0.3,0.0,0.0,0.0023,0.0037,0.0490,0.2586,3.84,8.61
1,1,7.284,0.3,0.0,0.0,0.0024,0.0025,0.0496,0.2589,2.81,9.12
1,1,7.305,0.3,0.0,0.0,0.0013,0.0012,0.0501,0.2590,2.06,9.13
1,1,7.329,0.3,0.0,0.0,0.0047,-0.0029,0.0507,0.2590,1.25,9.84
1,1,7.345,0.3,0.0,0.0,0.0057,-0.0035,0.0510,0.2590,1.18,9.86
1,1,7.365,0.3,0.0,0.0,0.0035,-0.0046,0.0515,0.2589,1.12,10.04
1,1,7.387,0.3,0.0,0.0,0.0075,-0.0083,0.0520,0.2586,1.63,9.88
1,1,7.403,0.3,0.0,0.0,0.0069,-0.0100,0.0523,0.2584,1.67,9.39
1,1,7.424,0.3,0.0,0.0,0.0074,-0.0088,0.0527,0.2583,1.33,8.78
1,1,7.443,0.3,0.0,0.0,0.0074,-0.0069,0.0530,0.2582,0.87,8.48
1,1,7.468,0.3,0.0,0.0,0.0034,-0.0032,0.0530,0.2582,0.86,8.07
1,1,7.485,0.3,0.0,0.0,0.0010,-0.0021,0.0529,0.2583,0.70,8.01
1,1,7.503,0.3,0.0,0.0,-0.0004,-0.0014,0.0527,0.2583,1.29,7.12
1,1,7.524,0.3,0.0,0.0,-0.0037,-0.0013,0.0521,0.2585,2.09,7.09
1,1,7.549,0.3,0.0,0.0,-0.0031,-0.0003,0.0515,0.2587,2.11,7.46
1,1,7.566,0.3,0.0,0.0,-0.0077,-0.0007,0.0506,0.2588,1.69,7.87
1,1,7.583,0.3,0.0,0.0,-0.0094,-0.0016,0.0499,0.2589,1.16,8.34
1,1,7.604,0.3,0.0,0.0,-0.0048,-0.0011,0.0493,0.2588,0.65,8.74
1,1,7.624,0.3,0.0,0.0,-0.0107,-0.0001,0.0484,0.2587,0.81,9.07
1,1,7.647,0.3,0.0,0.0,-0.0050,0.0017,0.0474,0.2584,1.15,9.32
1,1,7.669,0.3,0.0,0.0,-0.0032,0.0026,0.0470,0.2582,1.42,9.34
1,1,7.685,0.3,0.0,0.0,-0.0022,0.0041,0.0466,0.2579,1.83,9.35
1,1,7.703,0.3,0.0,0.0,0.0005,0.0053,0.0466,0.2577,1.98,9.26
1,1,7.724,0.3,0.0,0.0,0.0031,0.0053,0.0470,0.2574,1.53,9.10
1,1,7.746,0.3,0.0,0.0,0.0038,0.0045,0.0473,0.2573,0.71,8.71
1,1,7.764,0.3,0.0,0.0,0.0016,0.0037,0.0473,0.2573,0.53,8.70
1,1,7.786,0.3,0.0,0.0,0.0004,0.0026,0.0473,0.2574,0.86,7.39
1,1,7.804,0.3,0.0,0.0,-0.0001,0.0047,0.0475,0.2577,2.98,6.90
1,1,7.826,0.3,0.0,0.0,-0.0001,0.0055,0.0477,0.2580,3.68,7.69
1,1,7.844,0.3,0.0,0.0,0.0003,0.0046,0.0482,0.2583,4.20,8.11
1,1,7.865,0.3,0.0,0.0,0.0005,0.0033,0.0491,0.2588,3.69,8.63
1,1,7.884,0.3,0.0,0.0,0.0026,0.0013,0.0499,0.2591,2.02,9.16
1,1,7.910,0.3,0.0,0.0,0.0025,-0.0007,0.0503,0.2592,1.30,9.57
1,1,7.933,0.3,0.0,0.0,0.0037,-0.0019,0.0508,0.2592,0.94,9.88
1,1,7.945,0.3,0.0,0.0,0.0073,-0.0030,0.0511,0.2591,1.02,9.89
1,1,7.966,0.3,0.0,0.0,0.0048,-0.0043,0.0516,0.2590,1.09,10.06
1,1,7.984,0.3,0.0,0.0,0.0038,-0.0081,0.0521,0.2588,1.77,9.88
1,1,8.002,0.3,0.0,0.0,0.0096,-0.0095,0.0525,0.2586,1.66,9.41
1,1,8.029,0.3,0.0,0.0,0.0053,-0.0085,0.0529,0.2584,1.30,8.72
1,1,8.047,0.3,0.0,0.0,0.0053,-0.0068,0.0532,0.2584,0.86,8.43
1,1,8.065,0.3,0.0,0.0,0.0049,-0.0045,0.0532,0.2583,0.69,8.03
1,1,8.083,0.3,0.0,0.0,0.0021,-0.0031,0.0531,0.2583,0.84,8.02
1,1,8.103,0.3,0.0,0.0,-0.0006,-0.0017,0.0527,0.2585,1.64,7.07
1,1,8.125,0.3,0.0,0.0,-0.0035,-0.0012,0.0522,0.2586,1.91,7.04
1,1,8.149,0.3,0.0,0.0,-0.0045,-0.0001,0.0514,0.2588,2.02,7.45
1,1,8.170,0.3,0.0,0.0,-0.0057,-0.0013,0.0505,0.2589,1.51,7.87
1,1,8.185,0.3,0.0,0.0,-0.0084,-0.0016,0.0503,0.2589,1.35,7.86
1,1,8.211,0.3,0.0,0.0,-0.0025,-0.0014,0.0498,0.2589,0.86,8.35
1,1,8.224,0.3,0.0,0.0,-0.0107,-0.0007,0.0491,0.2588,0.79,8.75
1,1,8.247,0.3,0.0,0.0,-0.0049,0.0002,0.0484,0.2587,0.94,9.23
1,1,8.266,0.3,0.0,0.0,-0.0046,0.0021,0.0477,0.2584,1.31,9.33
1,1,8.283,0.3,0.0,0.0,-0.0022,0.0041,0.0473,0.2581,1.89,9.35
1,1,8.312,0.3,0.0,0.0,0.0003,0.0051,0.0473,0.2578,1.95,9.33
1,1,8.324,0.3,0.0,0.0,0.0040,0.0045,0.0474,0.2576,1.80,9.38
1,1,8.347,0.3,0.0,0.0,0.0035,0.0048,0.0477,0.2575,1.24,8.75
1,1,8.364,0.3,0.0,0.0,0.0029,0.0041,0.0478,0.2575,0.66,8.72
1,1,8.387,0.3,0.0,0.0,0.0014,0.0031,0.0478,0.2575,1.18,7.39
1,1,8.408,0.3,0.0,0.0,0.0001,0.0054,0.0478,0.2578,2.19,6.96
1,1,8.425,0.3,0.0,0.0,0.0001,0.0054,0.0479,0.2579,2.88,6.90
1,1,8.446,0.3,0.0,0.0,0.0001,0.0049,0.0483,0.2583,3.94,8.19
1,1,8.465,0.3,0.0,0.0,0.0008,0.0042,0.0489,0.2586,3.92,8.72
1,1,8.485,0.3,0.0,0.0,0.0024,0.0022,0.0497,0.2589,2.70,9.16
1,1,8.505,0.3,0.0,0.0,0.0030,0.0007,0.0500,0.2590,2.01,9.55
1,1,8.525,0.3,0.0,0.0,0.0042,-0.0027,0.0507,0.2590,1.29,9.83
1,1,8.547,0.3,0.0,0.0,0.0037,-0.0035,0.0510,0.2590,1.20,10.01
1,1,8.565,0.3,0.0,0.0,0.0049,-0.0046,0.0514,0.2589,1.16,10.02
1,1,8.585,0.3,0.0,0.0,0.0064,-0.0083,0.0520,0.2586,1.48,9.89
1,1,8.603,0.3,0.0,0.0,0.0090,-0.0102,0.0524,0.2584,1.65,9.42
1,1,8.624,0.3,0.0,0.0,0.0069,-0.0092,0.0528,0.2583,1.36,8.75
1,1,8.645,0.3,0.0,0.0,0.0044,-0.0072,0.0531,0.2582,0.87,8.44
1,1,8.665,0.3,0.0,0.0,0.0056,-0.0040,0.0532,0.2582,0.84,8.04
1,1,8.684,0.3,0.0,0.0,0.0012,-0.0025,0.0530,0.2582,1.02,7.56
1,1,8.705,0.3,0.0,0.0,-0.0002,-0.0018,0.0526,0.2584,1.60,7.10
1,1,8.723,0.3,0.0,0.0,-0.0033,-0.0014,0.0524,0.2585,1.86,7.05
1,1,8.746,0.3,0.0,0.0,-0.0041,-0.0004,0.0518,0.2587,2.07,7.45
1,1,8.765,0.3,0.0,0.0,-0.0077,-0.0010,0.0509,0.2588,1.74,7.85
1,1,8.786,0.3,0.0,0.0,-0.0060,-0.0016,0.0501,0.2588,1.02,8.33
1,1,8.805,0.3,0.0,0.0,-0.0053,-0.0008,0.0494,0.2588,0.70,8.74
1,1,8.824,0.3,0.0,0.0,-0.0062,-0.0001,0.0487,0.2586,0.77,9.03
1,1,8.847,0.3,0.0,0.0,-0.0067,0.0011,0.0480,0.2584,0.98,9.27
1,1,8.866,0.3,0.0,0.0,-0.0041,0.0035,0.0472,0.2581,1.57,9.36
1,1,8.884,0.3,0.0,0.0,-0.0019,0.0051,0.0469,0.2578,1.87,9.37
1,1,8.905,0.3,0.0,0.0,0.0001,0.0054,0.0470,0.2576,1.83,9.30
1,1,8.929,0.3,0.0,0.0,0.0026,0.0050,0.0472,0.2574,1.12,9.07
1,1,8.945,0.3,0.0,0.0,0.0010,0.0050,0.0473,0.2574,0.76,8.67
1,1,8.967,0.3,0.0,0.0,0.0026,0.0037,0.0474,0.2573,0.47,8.65
1,1,8.985,0.3,0.0,0.0,0.0012,0.0025,0.0474,0.2574,0.86,7.34
1,1,9.006,0.3,0.0,0.0,0.0000,0.0038,0.0474,0.2576,2.48,7.08
1,2,9.029,0.6,0.0,0.0,0.0009,0.0046,0.0478,0.2578,3.53,7.76
1,2,9.047,0.6,0.0,0.0,0.0012,0.0050,0.0487,0.2584,4.26,8.06
1,2,9.068,0.6,0.0,0.0,0.0017,0.0046,0.0496,0.2587,3.75,8.64
1,2,9.086,0.6,0.0,0.0,0.0026,-0.0001,0.0508,0.2590,2.17,9.18
1,2,9.102,0.6,0.0,0.0,0.0024,-0.0019,0.0514,0.2590,1.54,9.71
1,2,9.123,0.6,0.0,0.0,0.0035,-0.0037,0.0518,0.2590,1.41,9.75
1,2,9.147,0.6,0.0,0.0,0.0064,-0.0069,0.0530,0.2586,1.71,10.54
1,2,9.167,0.6,0.0,0.0,0.0089,-0.0082,0.0535,0.2583,2.22,10.64
1,2,9.183,0.6,0.0,0.0,0.0071,-0.0116,0.0543,0.2579,2.64,10.67
1,2,9.204,0.6,0.0,0.0,0.0206,-0.0135,0.0556,0.2575,2.92,10.01
1,2,9.225,0.6,0.0,0.0,0.0109,-0.0096,0.0562,0.2572,2.61,9.36
1,2,9.243,0.6,0.0,0.0,0.0094,-0.0069,0.0566,0.2571,2.18,9.00
1,2,9.266,0.6,0.0,0.0,0.0079,-0.0034,0.0569,0.2570,0.93,8.56
1,2,9.289,0.6,0.0,0.0,0.0027,-0.0013,0.0569,0.2570,1.00,8.01
1,2,9.304,0.6,0.0,0.0,0.0002,-0.0012,0.0568,0.2570,1.20,8.01
1,2,9.326,0.6,0.0,0.0,-0.0019,-0.0027,0.0561,0.2574,2.78,7.07
1,2,9.345,0.6,0.0,0.0,-0.0038,-0.0030,0.0557,0.2576,3.02,7.54
1,2,9.366,0.6,0.0,0.0,-0.0033,-0.0026,0.0550,0.2578,2.89,8.01
1,2,9.385,0.6,0.0,0.0,-0.0069,-0.0008,0.0544,0.2580,2.23,8.52
1,2,9.403,0.6,0.0,0.0,-0.0059,-0.0013,0.0537,0.2581,1.15,9.04
1,2,9.423,0.6,0.0,0.0,-0.0034,-0.0004,0.0534,0.2580,0.55,9.52
1,2,9.446,0.6,0.0,0.0,-0.0007,0.0012,0.0533,0.2578,0.51,9.85
1,2,9.465,0.6,0.0,0.0,0.0020,0.0022,0.0534,0.2576,0.98,10.04
1,2,9.486,0.6,0.0,0.0,0.0021,0.0030,0.0535,0.2574,1.44,10.11
1,2,9.503,0.6,0.0,0.0,0.0085,0.0050,0.0537,0.2570,2.14,10.06
1,2,9.524,0.6,0.0,0.0,0.0079,0.0064,0.0540,0.2569,1.92,9.87
1,2,9.544,0.6,0.0,0.0,0.0071,0.0064,0.0545,0.2567,1.46,9.93
1,2,9.566,0.6,0.0,0.0,0.0037,0.0064,0.0545,0.2567,1.46,9.93
1,2,9.585,0.6,0.0,0.0,0.0078,0.0085,0.0551,0.2567,1.17,8.26
1,2,9.605,0.6,0.0,0.0,0.0041,0.0086,0.0550,0.2569,2.51,6.93
1,2,9.624,0.6,0.0,0.0,0.0031,0.0089,0.0550,0.2570,2.88,6.91
1,2,9.645,0.6,0.0,0.0,0.0033,0.0078,0.0549,0.2576,4.24,8.15
1,2,9.665,0.6,0.0,0.0,0.0055,0.0062,0.0552,0.2579,3.87,8.55
1,2,9.687,0.6,0.0,0.0,0.0019,0.0040,0.0555,0.2582,3.07,8.50
1,2,9.704,0.6,0.0,0.0,0.0046,0.0024,0.0558,0.2583,2.15,9.55
1,2,9.725,0.6,0.0,0.0,0.0044,-0.0022,0.0564,0.2583,1.08,9.97
1,2,9.748,0.6,0.0,0.0,0.0028,-0.0034,0.0569,0.2581,0.91,10.29
1,2,9.767,0.6,0.0,0.0,0.0065,-0.0053,0.0574,0.2579,1.21,10.39
1,2,9.783,0.6,0.0,0.0,0.0069,-0.0087,0.0578,0.2576,1.90,10.42
1,2,9.805,0.6,0.0,0.0,0.0056,-0.0105,0.0583,0.2574,2.19,9.76
1,2,9.826,0.6,0.0,0.0,0.0071,-0.0076,0.0586,0.2572,1.73,9.26
1,2,9.846,0.6,0.0,0.0,0.0048,-0.0042,0.0587,0.2571,1.30,8.84
1,2,9.864,0.6,0.0,0.0,0.0039,-0.0026,0.0587,0.2570,0.90,8.42
1,2,9.893,0.6,0.0,0.0,0.0014,-0.0016,0.0583,0.2572,1.44,7.91
1,2,9.905,0.6,0.0,0.0,-0.0007,-0.0016,0.0582,0.2572,1.51,7.87
1,2,9.925,0.6,0.0,0.0,-0.0034,-0.0021,0.0575,0.2574,2.36,7.15
1,2,9.950,0.6,0.0,0.0,-0.0023,-0.0028,0.0568,0.2577,2.94,7.61
1,2,9.973,0.6,0.0,0.0,-0.0065,-0.0018,0.0559,0.2580,2.63,8.00
1,2,9.983,0.6,0.0,0.0,-0.0077,-0.0004,0.0555,0.2581,2.23,7.97
1,2,10.007,0.6,0.0,0.0,-0.0036,-0.0007,0.0551,0.2582,1.75,8.52
1,2,10.025,0.6,0.0,0.0,-0.0048,-0.0007,0.0544,0.2581,0.77,9.43
1,2,10.046,0.6,0.0,0.0,-0.0033,0.0007,0.0542,0.2580,0.36,9.80
1,2,10.066,0.6,0.0,0.0,0.0006,0.0016,0.0541,0.2579,0.66,9.85
1,2,10.087,0.6,0.0,0.0,0.0040,0.0030,0.0543,0.2574,1.71,10.10
1,2,10.105,0.6,0.0,0.0,0.0071,0.0040,0.0544,0.2571,2.48,10.10
1,2,10.124,0.6,0.0,0.0,0.0078,0.0046,0.0545,0.2570,2.31,10.14
1,2,10.147,0.6,0.0,0.0,0.0075,0.0057,0.0551,0.2567,1.58,9.58
1,2,10.164,0.6,0.0,0.0,0.0097,0.0061,0.0554,0.2567,0.89,9.05
1,2,10.184,0.6,0.0,0.0,0.0014,0.0064,0.0554,0.2567,0.82,9.03
1,2,10.203,0.6,0.0,0.0,0.0053,0.0068,0.0555,0.2568,2.26,7.00
1,2,10.229,0.6,0.0,0.0,0.0034,0.0086,0.0554,0.2572,3.91,7.66
1,2,10.245,0.6,0.0,0.0,0.0029,0.0085,0.0553,0.2575,4.22,7.52
1,2,10.267,0.6,0.0,0.0,0.0029,0.0069,0.0553,0.2579,4.25,8.66
1,2,10.283,0.6,0.0,0.0,0.0030,0.0040,0.0555,0.2582,3.06,8.56
1,2,10.304,0.6,0.0,0.0,0.0010,0.0025,0.0558,0.2583,2.41,9.15
1,2,10.323,0.6,0.0,0.0,0.0051,-0.0024,0.0565,0.2583,1.21,9.99
1,2,10.345,0.6,0.0,0.0,0.0036,-0.0035,0.0570,0.2581,0.97,10.32
1,2,10.367,0.6,0.0,0.0,0.0049,-0.0041,0.0574,0.2580,0.95,10.36
1,2,10.389,0.6,0.0,0.0,0.0063,-0.0093,0.0581,0.2576,1.98,10.30
1,2,10.404,0.6,0.0,0.0,0.0095,-0.0106,0.0585,0.2573,2.19,9.83
1,2,10.425,0.6,0.0,0.0,0.0034,-0.0085,0.0588,0.2572,1.91,9.86
1,2,10.447,0.6,0.0,0.0,0.0095,-0.0045,0.0591,0.2570,1.49,9.24
1,2,10.464,0.6,0.0,0.0,0.0035,-0.0024,0.0591,0.2569,0.88,8.42
1,2,10.485,0.6,0.0,0.0,0.0013,-0.0018,0.0590,0.2570,0.93,8.39
1,2,10.507,0.6,0.0,0.0,0.0002,-0.0015,0.0587,0.2570,1.36,7.91
1,2,10.530,0.6,0.0,0.0,-0.0025,-0.0030,0.0579,0.2574,2.74,7.11
1,2,10.546,0.6,0.0,0.0,-0.0058,-0.0032,0.0572,0.2576,3.03,7.49
1,2,10.565,0.6,0.0,0.0,-0.0039,-0.0023,0.0566,0.2578,2.98,8.00
1,2,10.585,0.6,0.0,0.0,-0.0052,-0.0006,0.0557,0.2580,1.99,8.48
1,2,10.605,0.6,0.0,0.0,-0.0055,-0.0012,0.0552,0.2580,1.17,9.02
1,2,10.625,0.6,0.0,0.0,-0.0046,-0.0005,0.0548,0.2580,0.62,9.48
1,2,10.645,0.6,0.0,0.0,-0.0017,0.0005,0.0546,0.2579,0.32,9.80
1,2,10.670,0.6,0.0,0.0,0.0003,0.0016,0.0546,0.2577,0.80,9.98
1,2,10.687,0.6,0.0,0.0,0.0018,0.0029,0.0546,0.2574,1.47,10.04
1,2,10.706,0.6,0.0,0.0,0.0049,0.0038,0.0547,0.2571,2.19,10.02
1,2,10.728,0.6,0.0,0.0,0.0060,0.0042,0.0549,0.2570,1.87,9.81
1,2,10.749,0.6,0.0,0.0,0.0065,0.0047,0.0552,0.2568,1.57,9.48
1,2,10.764,0.6,0.0,0.0,0.0054,0.0058,0.0554,0.2568,1.15,9.49
1,2,10.785,0.6,0.0,0.0,0.0067,0.0068,0.0556,0.2568,1.35,8.14
1,2,10.809,0.6,0.0,0.0,0.0035,0.0067,0.0556,0.2570,2.27,6.93
1,2,10.822,0.6,0.0,0.0,0.0027,0.0094,0.0555,0.2574,3.80,7.66
1,2,10.846,0.6,0.0,0.0,0.0026,0.0082,0.0553,0.2577,4.43,8.16
1,2,10.865,0.6,0.0,0.0,0.0028,0.0054,0.0554,0.2581,3.85,8.68
1,2,10.884,0.6,0.0,0.0,0.0031,0.0030,0.0557,0.2583,2.78,9.17
1,2,10.904,0.6,0.0,0.0,0.0023,-0.0011,0.0565,0.2584,1.15,9.66
1,2,10.927,0.6,0.0,0.0,0.0013,-0.0024,0.0569,0.2583,0.87,10.06
1,2,10.946,0.6,0.0,0.0,0.0051,-0.0037,0.0574,0.2582,0.87,10.37
1,2,10.965,0.6,0.0,0.0,0.0062,-0.0051,0.0576,0.2580,1.21,10.41
1,2,10.990,0.6,0.0,0.0,0.0020,-0.0080,0.0581,0.2578,1.75,10.50
1,2,11.008,0.6,0.0,0.0,0.0092,-0.0102,0.0589,0.2574,2.23,9.86
1,2,11.024,0.6,0.0,0.0,0.0123,-0.0087,0.0592,0.2572,1.87,9.22
1,2,11.044,0.6,0.0,0.0,0.0058,-0.0051,0.0594,0.2571,1.43,8.86
1,2,11.066,0.6,0.0,0.0,0.0050,-0.0031,0.0592,0.2570,1.14,8.38
1,2,11.088,0.6,0.0,0.0,0.0014,-0.0017,0.0589,0.2571,1.08,7.86
1,2,11.104,0.6,0.0,0.0,-0.0004,-0.0016,0.0587,0.2572,1.33,7.82
1,2,11.124,0.6,0.0,0.0,-0.0037,-0.0023,0.0581,0.2574,2.37,7.10
1,2,11.147,0.6,0.0,0.0,-0.0043,-0.0028,0.0575,0.2577,2.83,7.50
1,2,11.167,0.6,0.0,0.0,-0.0046,-0.0023,0.0568,0.2579,2.74,7.94
1,2,11.185,0.6,0.0,0.0,-0.0048,-0.0007,0.0564,0.2580,2.37,7.90
1,2,11.203,0.6,0.0,0.0,-0.0044,-0.0012,0.0556,0.2581,1.35,8.94
1,2,11.225,0.6,0.0,0.0,-0.0066,-0.0005,0.0551,0.2581,0.67,9.42
1,2,11.251,0.6,0.0,0.0,-0.0011,0.0013,0.0549,0.2578,0.64,9.80
1,2,11.267,0.6,0.0,0.0,0.0003,0.0015,0.0549,0.2577,0.82,9.82
1,2,11.283,0.6,0.0,0.0,0.0027,0.0027,0.0550,0.2574,1.33,10.03
1,2,11.307,0.6,0.0,0.0,0.0044,0.0043,0.0552,0.2572,1.73,9.98
1,2,11.324,0.6,0.0,0.0,0.0072,0.0046,0.0554,0.2571,1.74,9.78
1,2,11.346,0.6,0.0,0.0,0.0077,0.0049,0.0557,0.2569,1.35,9.44
1,2,11.364,0.6,0.0,0.0,0.0049,0.0058,0.0559,0.2569,0.79,8.91
1,2,11.384,0.6,0.0,0.0,0.0042,0.0065,0.0559,0.2570,1.33,8.04
1,2,11.404,0.6,0.0,0.0,0.0017,0.0072,0.0558,0.2572,2.43,6.75
1,2,11.432,0.6,0.0,0.0,0.0014,0.0066,0.0557,0.2575,3.67,7.55
1,2,11.446,0.6,0.0,0.0,0.0014,0.0069,0.0557,0.2578,4.03,8.17
1,2,11.468,0.6,0.0,0.0,0.0009,0.0041,0.0559,0.2583,3.23,8.60
1,2,11.489,0.6,0.0,0.0,0.0011,0.0027,0.0560,0.2584,2.60,9.16
1,2,11.506,0.6,0.0,0.0,0.0016,-0.0007,0.0566,0.2585,1.42,9.64
1,2,11.535,0.6,0.0,0.0,0.0016,-0.0024,0.0571,0.2584,1.00,10.05
1,2,11.547,0.6,0.0,0.0,0.0060,-0.0030,0.0574,0.2583,0.88,10.06
1,2,11.566,0.6,0.0,0.0,0.0050,-0.0048,0.0579,0.2581,1.21,10.45
1,2,11.584,0.6,0.0,0.0,0.0091,-0.0091,0.0584,0.2577,2.02,10.31
1,2,11.605,0.6,0.0,0.0,0.0074,-0.0098,0.0586,0.2576,2.09,10.31
1,2,11.625,0.6,0.0,0.0,0.0065,-0.0068,0.0593,0.2573,1.91,9.88
1,2,11.646,0.6,0.0,0.0,0.0087,-0.0041,0.0596,0.2571,1.36,8.81
1,2,11.666,0.6,0.0,0.0,0.0040,-0.0024,0.0594,0.2571,1.15,8.36
1,2,11.684,0.6,0.0,0.0,0.0017,-0.0017,0.0593,0.2571,0.92,7.87
1,2,11.704,0.6,0.0,0.0,-0.0013,-0.0016,0.0589,0.2573,1.57,7.34
1,2,11.725,0.6,0.0,0.0,-0.0029,-0.0027,0.0584,0.2575,2.50,7.14
1,2,11.746,0.6,0.0,0.0,-0.0041,-0.0028,0.0575,0.2578,2.81,7.40
1,2,11.766,0.6,0.0,0.0,-0.0067,-0.0009,0.0566,0.2581,2.39,7.90
1,2,11.788,0.6,0.0,0.0,-0.0047,-0.0009,0.0559,0.2582,1.46,8.45
1,2,11.805,0.6,0.0,0.0,-0.0072,-0.0009,0.0554,0.2582,0.78,9.00
1,2,11.825,0.6,0.0,0.0,-0.0030,-0.0002,0.0551,0.2581,0.42,9.44
1,2,11.845,0.6,0.0,0.0,-0.0006,0.0002,0.0551,0.2581,0.36,9.46
1,2,11.864,0.6,0.0,0.0,0.0004,0.0015,0.0549,0.2578,0.90,9.91
1,2,11.883,0.6,0.0,0.0,0.0039,0.0031,0.0550,0.2574,1.68,10.03
1,2,11.904,0.6,0.0,0.0,0.0030,0.0036,0.0551,0.2573,1.89,9.95
1,2,11.926,0.6,0.0,0.0,0.0124,0.0050,0.0556,0.2570,1.72,9.81
1,2,11.947,0.6,0.0,0.0,0.0059,0.0063,0.0559,0.2569,1.05,9.45
1,2,11.966,0.6,0.0,0.0,0.0057,0.0061,0.0560,0.2569,0.70,8.87
1,2,11.985,0.6,0.0,0.0,0.0044,0.0061,0.0561,0.2569,0.76,8.05
1,2,12.004,0.6,0.0,0.0,0.0020,0.0078,0.0558,0.2572,2.68,6.78
1,2,12.023,0.6,0.0,0.0,0.0004,0.0079,0.0558,0.2573,2.92,6.75
1,2,12.047,0.6,0.0,0.0,0.0017,0.0060,0.0557,0.2579,4.00,8.06
1,2,12.066,0.6,0.0,0.0,0.0012,0.0036,0.0560,0.2582,3.15,8.63
1,2,12.085,0.6,0.0,0.0,0.0008,0.0024,0.0562,0.2584,2.52,9.20
1,2,12.105,0.6,0.0,0.0,0.0018,-0.0004,0.0565,0.2584,1.61,9.66
1,2,12.125,0.6,0.0,0.0,0.0017,-0.0019,0.0570,0.2584,0.95,10.07
1,2,12.143,0.6,0.0,0.0,0.0031,-0.0030,0.0575,0.2583,0.83,10.12
1,2,12.165,0.6,0.0,0.0,0.0044,-0.0048,0.0579,0.2581,1.22,10.48
1,2,12.184,0.6,0.0,0.0,0.0082,-0.0084,0.0583,0.2578,1.90,10.51
1,2,12.205,0.6,0.0,0.0,0.0043,-0.0105,0.0588,0.2575,2.08,10.34
1,2,12.225,0.6,0.0,0.0,0.0098,-0.0081,0.0594,0.2572,1.90,9.18
1,2,12.245,0.6,0.0,0.0,0.0058,-0.0045,0.0596,0.2571,1.42,8.79
1,2,12.267,0.6,0.0,0.0,0.0046,-0.0024,0.0595,0.2570,0.97,8.33
1,2,12.283,0.6,0.0,0.0,0.0014,-0.0015,0.0593,0.2571,0.77,7.86
1,2,12.304,0.6,0.0,0.0,-0.0012,-0.0021,0.0589,0.2573,2.00,7.33
1,2,12.325,0.6,0.0,0.0,-0.0029,-0.0023,0.0588,0.2573,2.14,7.29
1,2,12.346,0.6,0.0,0.0,-0.0037,-0.0029,0.0577,0.2577,2.88,7.46
1,2,12.364,0.6,0.0,0.0,-0.0078,-0.0020,0.0570,0.2579,2.65,7.90
1,2,12.384,0.6,0.0,0.0,-0.0023,-0.0005,0.0566,0.2581,2.24,7.87
1,2,12.405,0.6,0.0,0.0,-0.0067,-0.0010,0.0557,0.2581,1.05,8.94
1,2,12.424,0.6,0.0,0.0,-0.0033,-0.0004,0.0554,0.2581,0.60,9.41
1,2,12.444,0.6,0.0,0.0,-0.0014,0.0006,0.0552,0.2580,0.36,9.45
1,2,12.465,0.6,0.0,0.0,0.0017,0.0017,0.0552,0.2577,1.00,9.95
1,2,12.484,0.6,0.0,0.0,0.0041,0.0033,0.0553,0.2573,1.73,10.06
1,2,12.504,0.6,0.0,0.0,0.0049,0.0041,0.0556,0.2570,1.84,10.00
1,2,12.524,0.6,0.0,0.0,0.0091,0.0045,0.0557,0.2569,1.70,9.80
1,2,12.548,0.6,0.0,0.0,0.0054,0.0055,0.0560,0.2568,1.16,9.41
1,2,12.566,0.6,0.0,0.0,0.0067,0.0061,0.0561,0.2568,0.81,9.41
1,2,12.583,0.6,0.0,0.0,0.0033,0.0058,0.0561,0.2569,1.10,7.99
1,2,12.605,0.6,0.0,0.0,0.0010,0.0071,0.0560,0.2571,2.48,6.70
1,2,12.625,0.6,0.0,0.0,0.0011,0.0072,0.0559,0.2574,3.64,7.64
1,2,12.647,0.6,0.0,0.0,0.0021,0.0053,0.0560,0.2579,3.88,8.13
1,2,12.665,0.6,0.0,0.0,0.0014,0.0040,0.0563,0.2582,3.21,8.62
1,2,12.683,0.6,0.0,0.0,0.0009,0.0033,0.0564,0.2582,2.83,8.61
1,2,12.703,0.6,0.0,0.0,0.0019,-0.0001,0.0568,0.2584,1.67,9.68
1,2,12.725,0.6,0.0,0.0,0.0032,-0.0023,0.0574,0.2583,0.90,10.09
1,2,12.743,0.6,0.0,0.0,0.0018,-0.0029,0.0577,0.2582,0.84,10.14
1,2,12.765,0.6,0.0,0.0,0.0068,-0.0064,0.0584,0.2579,1.52,10.49
1,2,12.783,0.6,0.0,0.0,0.0056,-0.0092,0.0588,0.2576,1.93,10.32
1,2,12.803,0.6,0.0,0.0,0.0056,-0.0101,0.0591,0.2574,1.99,10.33
1,2,12.827,0.6,0.0,0.0,0.0082,-0.0059,0.0598,0.2571,1.73,9.22
1,2,12.847,0.6,0.0,0.0,0.0073,-0.0039,0.0598,0.2570,1.19,8.75
1,2,12.871,0.6,0.0,0.0,0.0029,-0.0020,0.0597,0.2570,0.92,8.29
1,2,12.885,0.6,0.0,0.0,0.0010,-0.0016,0.0595,0.2571,0.80,7.85
1,2,12.903,0.6,0.0,0.0,-0.0011,-0.0016,0.0593,0.2572,1.53,7.35
1,2,12.930,0.6,0.0,0.0,-0.0005,-0.0020,0.0590,0.2572,1.86,7.32
1,2,12.950,0.6,0.0,0.0,-0.0043,-0.0030,0.0580,0.2576,2.94,7.52
1,2,12.964,0.6,0.0,0.0,-0.0066,-0.0027,0.0577,0.2578,2.85,7.44
1,2,12.985,0.6,0.0,0.0,-0.0027,-0.0016,0.0573,0.2579,2.63,7.91
1,2,13.005,0.6,0.0,0.0,-0.0072,-0.0009,0.0564,0.2580,1.54,8.89
1,2,13.028,0.6,0.0,0.0,-0.0050,-0.0000,0.0558,0.2580,0.63,9.40
1,2,13.045,0.6,0.0,0.0,-0.0018,0.0006,0.0556,0.2579,0.40,9.45
1,2,13.064,0.6,0.0,0.0,0.0013,0.0017,0.0556,0.2576,0.92,9.95
1,2,13.085,0.6,0.0,0.0,0.0046,0.0028,0.0556,0.2574,1.56,10.04
1,2,13.104,0.6,0.0,0.0,0.0035,0.0035,0.0558,0.2571,1.77,10.13
1,2,13.131,0.6,0.0,0.0,0.0079,0.0046,0.0563,0.2568,1.50,9.84
1,2,13.145,0.6,0.0,0.0,0.0065,0.0046,0.0563,0.2568,1.37,9.85
1,2,13.166,0.6,0.0,0.0,0.0065,0.0057,0.0565,0.2567,0.84,8.89
1,2,13.188,0.6,0.0,0.0,0.0024,0.0066,0.0565,0.2568,1.21,8.01
1,2,13.205,0.6,0.0,0.0,0.0022,0.0079,0.0563,0.2570,2.23,6.72
1,2,13.229,0.6,0.0,0.0,0.0014,0.0076,0.0561,0.2574,3.76,7.64
1,2,13.244,0.6,0.0,0.0,0.0012,0.0070,0.0561,0.2578,4.21,8.13
1,2,13.265,0.6,0.0,0.0,0.0020,0.0046,0.0563,0.2581,3.63,8.65
1,2,13.285,0.6,0.0,0.0,0.0007,0.0032,0.0565,0.2582,2.84,8.61
1,2,13.305,0.6,0.0,0.0,0.0025,-0.0003,0.0569,0.2584,1.65,9.68
1,2,13.328,0.6,0.0,0.0,0.0025,-0.0023,0.0575,0.2583,0.90,10.10
1,2,13.346,0.6,0.0,0.0,0.0043,-0.0029,0.0578,0.2582,0.84,10.14
1,2,13.366,0.6,0.0,0.0,0.0044,-0.0063,0.0585,0.2579,1.52,10.50
1,2,13.383,0.6,0.0,0.0,0.0082,-0.0091,0.0590,0.2576,1.90,10.31
1,2,13.414,0.6,0.0,0.0,0.0072,-0.0083,0.0598,0.2572,1.85,9.87
1,2,13.427,0.6,0.0,0.0,0.0039,-0.0075,0.0599,0.2572,1.78,9.92
1,2,13.445,0.6,0.0,0.0,0.0088,-0.0050,0.0602,0.2570,1.32,8.77
1,2,13.465,0.6,0.0,0.0,0.0029,-0.0033,0.0602,0.2570,1.02,8.36
1,2,13.484,0.6,0.0,0.0,0.0025,-0.0021,0.0600,0.2570,1.01,7.87
1,2,13.505,0.6,0.0,0.0,-0.0011,-0.0022,0.0595,0.2572,1.95,7.31
1,2,13.524,0.6,0.0,0.0,-0.0020,-0.0026,0.0590,0.2574,2.49,7.02
1,2,13.545,0.6,0.0,0.0,-0.0078,-0.0021,0.0581,0.2577,2.82,7.41
1,2,13.565,0.6,0.0,0.0,-0.0053,-0.0019,0.0577,0.2579,2.62,7.34
1,2,13.585,0.6,0.0,0.0,-0.0047,-0.0001,0.0568,0.2581,1.96,8.38
1,2,13.605,0.6,0.0,0.0,-0.0053,-0.0010,0.0563,0.2582,1.20,8.91
1,2,13.626,0.6,0.0,0.0,-0.0033,-0.0004,0.0559,0.2581,0.71,8.94
1,2,13.649,0.6,0.0,0.0,-0.0014,0.0007,0.0556,0.2580,0.33,9.72
1,2,13.666,0.6,0.0,0.0,0.0007,0.0016,0.0555,0.2578,0.94,9.91
1,2,13.685,0.6,0.0,0.0,0.0016,0.0026,0.0555,0.2576,1.38,9.97
1,2,13.705,0.6,0.0,0.0,0.0070,0.0040,0.0558,0.2571,1.82,9.98
1,2,13.729,0.6,0.0,0.0,0.0085,0.0048,0.0561,0.2570,1.58,9.79
1,2,13.747,0.6,0.0,0.0,0.0067,0.0046,0.0564,0.2569,1.20,9.40
1,2,13.765,0.6,0.0,0.0,0.0029,0.0055,0.0565,0.2568,0.82,9.40
1,2,13.785,0.6,0.0,0.0,0.0038,0.0060,0.0565,0.2569,0.82,8.01
1,2,13.806,0.6,0.0,0.0,0.0015,0.0067,0.0564,0.2572,2.72,6.71
1,2,13.824,0.6,0.0,0.0,0.0010,0.0078,0.0563,0.2574,3.47,7.63
1,2,13.847,0.6,0.0,0.0,0.0015,0.0051,0.0564,0.2579,3.86,8.10
1,2,13.866,0.6,0.0,0.0,0.0009,0.0031,0.0567,0.2583,2.75,8.62
1,2,13.887,0.6,0.0,0.0,0.0009,0.0022,0.0568,0.2584,2.17,9.24
1,2,13.903,0.6,0.0,0.0,0.0016,0.0000,0.0571,0.2585,1.38,9.71
1,2,13.927,0.6,0.0,0.0,0.0026,-0.0024,0.0578,0.2583,0.79,10.13
1,2,13.952,0.6,0.0,0.0,0.0032,-0.0044,0.0583,0.2581,1.11,10.42
1,2,13.965,0.6,0.0,0.0,0.0048,-0.0052,0.0586,0.2580,1.33,10.45
1,2,13.984,0.6,0.0,0.0,0.0056,-0.0092,0.0591,0.2577,2.02,10.34
1,2,14.004,0.6,0.0,0.0,0.0054,-0.0103,0.0594,0.2575,2.08,10.35
1,2,14.026,0.6,0.0,0.0,0.0106,-0.0083,0.0600,0.2572,1.89,9.21
1,2,14.046,0.6,0.0,0.0,0.0053,-0.0051,0.0602,0.2571,1.45,8.76
1,2,14.065,0.6,0.0,0.0,0.0045,-0.0035,0.0601,0.2570,1.09,8.32
1,2,14.084,0.6,0.0,0.0,0.0010,-0.0019,0.0598,0.2571,0.87,7.83
1,2,14.107,0.6,0.0,0.0,-0.0009,-0.0020,0.0595,0.2572,1.59,7.33
1,2,14.127,0.6,0.0,0.0,-0.0007,-0.0023,0.0591,0.2574,2.28,7.08
1,2,14.145,0.6,0.0,0.0,-0.0058,-0.0028,0.0586,0.2576,2.77,7.47
1,2,14.165,0.6,0.0,0.0,-0.0050,-0.0016,0.0576,0.2579,2.74,7.86
1,2,14.187,0.6,0.0,0.0,-0.0039,-0.0002,0.0571,0.2580,2.26,7.84
1,2,14.204,0.6,0.0,0.0,-0.0098,-0.0010,0.0563,0.2581,1.23,8.38
1,2,14.225,0.6,0.0,0.0,-0.0032,0.0001,0.0559,0.2581,0.52,9.36
1,2,14.243,0.6,0.0,0.0,-0.0016,0.0006,0.0557,0.2580,0.38,9.42
1,2,14.267,0.6,0.0,0.0,0.0013,0.0017,0.0557,0.2577,0.98,9.91
1,2,14.283,0.6,0.0,0.0,0.0025,0.0028,0.0557,0.2574,1.60,9.98
1,2,14.303,0.6,0.0,0.0,0.0049,0.0038,0.0559,0.2572,1.87,9.94
1,2,14.328,0.6,0.0,0.0,0.0079,0.0047,0.0562,0.2569,1.55,9.78
1,2,14.345,0.6,0.0,0.0,0.0077,0.0047,0.0564,0.2569,1.29,9.38
1,2,14.365,0.6,0.0,0.0,0.0044,0.0058,0.0565,0.2568,0.79,8.83
1,2,14.384,0.6,0.0,0.0,0.0034,0.0064,0.0566,0.2569,0.85,7.99
1,2,14.405,0.6,0.0,0.0,0.0020,0.0063,0.0565,0.2571,2.34,6.75
1,2,14.426,0.6,0.0,0.0,0.0012,0.0067,0.0564,0.2574,3.56,7.66
1,2,14.448,0.6,0.0,0.0,0.0014,0.0057,0.0565,0.2576,4.06,8.29
1,2,14.465,0.6,0.0,0.0,0.0007,0.0045,0.0567,0.2579,3.81,8.68
1,2,14.485,0.6,0.0,0.0,0.0011,0.0015,0.0571,0.2582,2.16,9.22
1,2,14.505,0.6,0.0,0.0,0.0016,0.0006,0.0574,0.2582,1.85,9.69
1,2,14.529,0.6,0.0,0.0,0.0020,-0.0017,0.0580,0.2582,0.79,10.11
1,2,14.549,0.6,0.0,0.0,0.0029,-0.0028,0.0584,0.2581,0.78,10.39
1,2,14.565,0.6,0.0,0.0,0.0038,-0.0039,0.0587,0.2579,0.98,10.40
1,2,14.584,0.6,0.0,0.0,0.0078,-0.0080,0.0592,0.2576,1.75,10.34
1,2,14.604,0.6,0.0,0.0,0.0062,-0.0098,0.0597,0.2573,1.94,9.89
1,2,14.628,0.6,0.0,0.0,0.0063,-0.0055,0.0602,0.2571,1.54,9.24
1,2,14.647,0.6,0.0,0.0,0.0060,-0.0042,0.0603,0.2570,1.20,8.72
1,2,14.665,0.6,0.0,0.0,0.0019,-0.0028,0.0602,0.2570,0.89,8.28
1,2,14.685,0.6,0.0,0.0,0.0021,-0.0018,0.0599,0.2571,1.31,7.79
1,2,14.704,0.6,0.0,0.0,-0.0009,-0.0018,0.0596,0.2572,1.59,7.28
1,2,14.723,0.6,0.0,0.0,-0.0041,-0.0023,0.0590,0.2575,2.42,7.00
1,2,14.750,0.6,0.0,0.0,-0.0047,-0.0023,0.0581,0.2578,2.75,7.38
1,2,14.769,0.6,0.0,0.0,-0.0060,-0.0006,0.0573,0.2581,2.29,7.85
1,2,14.785,0.6,0.0,0.0,-0.0044,-0.0001,0.0569,0.2582,1.86,7.84
1,2,14.803,0.6,0.0,0.0,-0.0067,-0.0009,0.0565,0.2582,1.21,8.89
1,2,14.825,0.6,0.0,0.0,-0.0030,0.0000,0.0560,0.2581,0.53,9.36
1,2,14.849,0.6,0.0,0.0,-0.0010,0.0005,0.0558,0.2580,0.35,9.68
1,2,14.864,0.6,0.0,0.0,0.0010,0.0016,0.0557,0.2578,0.95,9.87
1,2,14.884,0.6,0.0,0.0,0.0034,0.0029,0.0558,0.2575,1.66,9.96
1,2,14.902,0.6,0.0,0.0,0.0064,0.0040,0.0560,0.2572,1.89,9.96
1,2,14.925,0.6,0.0,0.0,0.0083,0.0048,0.0564,0.2570,1.73,9.74
1,2,14.946,0.6,0.0,0.0,0.0088,0.0057,0.0567,0.2568,1.11,9.40
1,2,14.971,0.6,0.0,0.0,0.0042,0.0062,0.0568,0.2568,0.77,8.85
1,2,14.983,0.6,0.0,0.0,0.0027,0.0066,0.0568,0.2569,0.62,8.78
1,2,15.003,0.6,0.0,0.0,0.0018,0.0055,0.0567,0.2570,2.07,6.80
1,2,15.024,0.6,0.0,0.0,0.0010,0.0065,0.0567,0.2574,3.31,7.70
1,3,15.051,0.0,0.0,0.5,0.0016,0.0045,0.0568,0.2579,3.66,8.14
1,3,15.067,0.0,0.0,0.5,0.0012,0.0040,0.0570,0.2581,3.37,7.76
1,3,15.085,0.0,0.0,0.5,0.0017,0.0644,0.0572,0.2584,4.60,7.71
1,3,15.105,0.0,0.0,0.5,0.0097,0.1670,0.0580,0.2590,6.27,8.44
1,3,15.125,0.0,0.0,0.5,0.0116,0.2048,0.0588,0.2597,4.69,8.90
1,3,15.153,0.0,0.0,0.5,0.0075,0.1551,0.0594,0.2600,2.49,9.58
1,3,15.164,0.0,0.0,0.5,0.0171,0.1404,0.0595,0.2600,2.33,9.59
1,3,15.184,0.0,0.0,0.5,0.0130,0.0789,0.0607,0.2595,2.45,10.21
1,3,15.205,0.0,0.0,0.5,0.0089,0.0596,0.0617,0.2590,3.34,9.96
1,3,15.229,0.0,0.0,0.5,0.0091,0.0529,0.0632,0.2585,6.00,9.15
1,3,15.247,0.0,0.0,0.5,0.0040,0.0546,0.0642,0.2576,5.67,8.55
1,3,15.266,0.0,0.0,0.5,0.0021,0.0519,0.0644,0.2575,5.53,8.56
1,3,15.285,0.0,0.0,0.5,-0.0004,0.0571,0.0643,0.2569,4.07,6.56
1,3,15.305,0.0,0.0,0.5,-0.0033,0.1106,0.0637,0.2566,3.30,8.56
1,3,15.323,0.0,0.0,0.5,-0.0053,0.1510,0.0632,0.2565,4.07,8.33
1,3,15.347,0.0,0.0,0.5,-0.0092,0.2703,0.0614,0.2565,7.89,11.51
1,3,15.364,0.0,0.0,0.5,-0.0106,0.3206,0.0600,0.2562,8.30,11.24
1,3,15.386,0.0,0.0,0.5,-0.0045,0.3351,0.0591,0.2559,6.09,11.08
1,3,15.403,0.0,0.0,0.5,-0.0045,0.3438,0.0574,0.2554,6.79,10.40
1,3,15.428,0.0,0.0,0.5,0.0012,0.3443,0.0565,0.2550,5.73,10.57
1,3,15.445,0.0,0.0,0.5,0.0050,0.3469,0.0560,0.2549,5.44,10.47
1,3,15.466,0.0,0.0,0.5,0.0192,0.3599,0.0554,0.2549,4.72,10.24
1,3,15.484,0.0,0.0,0.5,0.0278,0.3695,0.0550,0.2552,4.75,9.74
1,3,15.504,0.0,0.0,0.5,0.0156,0.3713,0.0545,0.2556,4.95,9.66
1,3,15.525,0.0,0.0,0.5,0.0382,0.3816,0.0528,0.2566,4.93,9.49
1,3,15.547,0.0,0.0,0.5,0.0262,0.3981,0.0499,0.2579,5.02,9.41
1,3,15.571,0.0,0.0,0.5,0.0224,0.4367,0.0468,0.2594,5.24,9.29
1,3,15.585,0.0,0.0,0.5,0.0200,0.4104,0.0460,0.2596,4.14,8.99
1,3,15.604,0.0,0.0,0.5,0.0334,0.3571,0.0460,0.2595,6.76,8.61
1,3,15.623,0.0,0.0,0.5,0.0250,0.2983,0.0476,0.2596,4.56,8.30
1,3,15.645,0.0,0.0,0.5,0.0237,0.2472,0.0494,0.2600,4.64,8.26
1,3,15.665,0.0,0.0,0.5,0.0290,0.1869,0.0504,0.2607,5.76,9.36
1,3,15.685,0.0,0.0,0.5,0.0133,0.1600,0.0505,0.2610,5.90,9.20
1,3,15.704,0.0,0.0,0.5,0.0221,0.1123,0.0510,0.2612,7.42,11.53
1,3,15.725,0.0,0.0,0.5,0.0275,0.0842,0.0525,0.2609,8.74,11.63
1,3,15.745,0.0,0.0,0.5,0.0202,0.0736,0.0537,0.2602,10.32,11.48
1,3,15.765,0.0,0.0,0.5,0.0176,0.0907,0.0556,0.2588,9.65,10.69
1,3,15.783,0.0,0.0,0.5,0.0230,0.1200,0.0561,0.2575,7.87,10.06
1,3,15.804,0.0,0.0,0.5,0.0190,0.1393,0.0560,0.2570,10.83,10.46
1,3,15.826,0.0,0.0,0.5,0.0180,0.1389,0.0563,0.2552,11.17,10.05
1,3,15.845,0.0,0.0,0.5,0.0316,0.1170,0.0572,0.2544,8.13,7.42
1,3,15.865,0.0,0.0,0.5,0.0202,0.1151,0.0582,0.2540,3.68,9.73
1,3,15.882,0.0,0.0,0.5,0.0255,0.1912,0.0585,0.2539,6.59,11.37
1,3,15.903,0.0,0.0,0.5,0.0191,0.2709,0.0581,0.2543,9.25,11.61
1,3,15.924,0.0,0.0,0.5,0.0180,0.3134,0.0577,0.2547,10.37,11.33
1,3,15.950,0.0,0.0,0.5,0.0195,0.3711,0.0562,0.2552,8.85,10.76
1,3,15.965,0.0,0.0,0.5,0.0240,0.3780,0.0559,0.2552,8.25,10.68
1,3,15.984,0.0,0.0,0.5,0.0102,0.3862,0.0553,0.2553,8.38,10.70
1,3,16.004,0.0,0.0,0.5,0.0414,0.3782,0.0545,0.2551,7.38,11.08
1,3,16.025,0.0,0.0,0.5,0.0565,0.3725,0.0544,0.2551,5.95,10.54
1,3,16.044,0.0,0.0,0.5,0.0283,0.3716,0.0545,0.2552,5.30,10.50
1,3,16.067,0.0,0.0,0.5,0.0552,0.3724,0.0547,0.2555,4.23,10.19
1,3,16.084,0.0,0.0,0.5,0.0553,0.3722,0.0545,0.2558,3.85,10.35
1,3,16.105,0.0,0.0,0.5,0.0364,0.3794,0.0539,0.2562,4.34,10.48
1,3,16.124,0.0,0.0,0.5,0.0751,0.3883,0.0534,0.2567,3.61,10.45
1,3,16.147,0.0,0.0,0.5,0.0491,0.4237,0.0509,0.2580,3.79,10.47
1,3,16.169,0.0,0.0,0.5,0.0508,0.4317,0.0502,0.2583,4.49,10.46
1,3,16.184,0.0,0.0,0.5,0.0575,0.3919,0.0482,0.2587,5.61,10.09
1,3,16.205,0.0,0.0,0.5,0.0595,0.3342,0.0488,0.2589,4.73,10.05
1,3,16.229,0.0,0.0,0.5,0.0368,0.2858,0.0503,0.2594,6.54,9.94
1,3,16.246,0.0,0.0,0.5,0.0869,0.2633,0.0508,0.2600,7.72,8.97
1,3,16.266,0.0,0.0,0.5,0.0363,0.2492,0.0507,0.2605,8.22,8.69
1,3,16.283,0.0,0.0,0.5,0.0287,0.2235,0.0501,0.2612,7.94,7.55
1,3,16.306,0.0,0.0,0.5,0.0371,0.1558,0.0498,0.2618,7.21,9.61
1,3,16.325,0.0,0.0,0.5,0.0541,0.1143,0.0511,0.2619,6.19,10.08
1,3,16.344,0.0,0.0,0.5,0.0191,0.1007,0.0522,0.2615,5.75,10.00
1,3,16.365,0.0,0.0,0.5,0.0339,0.0829,0.0541,0.2605,6.94,10.15
1,3,16.384,0.0,0.0,0.5,0.0166,0.0829,0.0547,0.2594,6.57,9.59
1,3,16.405,0.0,0.0,0.5,0.0185,0.0908,0.0546,0.2588,7.42,9.82
1,3,16.428,0.0,0.0,0.5,0.0183,0.1022,0.0535,0.2570,12.81,8.73
1,3,16.448,0.0,0.0,0.5,0.0278,0.0683,0.0541,0.2559,8.30,7.72
1,3,16.464,0.0,0.0,0.5,0.0000,0.0639,0.0546,0.2557,7.51,7.68
1,3,16.485,0.0,0.0,0.5,0.0262,0.0886,0.0559,0.2553,4.08,11.35
1,3,16.504,0.0,0.0,0.5,0.0260,0.1998,0.0566,0.2553,7.82,12.25
1,3,16.524,0.0,0.0,0.5,0.0134,0.2882,0.0562,0.2556,10.49,11.72
1,3,16.545,0.0,0.0,0.5,0.0273,0.3490,0.0553,0.2556,9.26,11.09
1,3,16.565,0.0,0.0,0.5,0.0190,0.3764,0.0550,0.2558,8.03,10.47
1,3,16.585,0.0,0.0,0.5,0.0170,0.3826,0.0546,0.2559,7.10,10.37
1,3,16.604,0.0,0.0,0.5,0.0573,0.3901,0.0540,0.2560,5.38,10.50
1,3,16.625,0.0,0.0,0.5,0.0339,0.3891,0.0534,0.2560,4.27,10.16
1,3,16.645,0.0,0.0,0.5,0.0271,0.3897,0.0528,0.2562,3.28,10.52
1,3,16.665,0.0,0.0,0.5,0.0527,0.3957,0.0526,0.2563,2.98,10.51
1,3,16.683,0.0,0.0,0.5,0.0452,0.4087,0.0518,0.2568,3.07,10.87
1,3,16.704,0.0,0.0,0.5,0.0306,0.4137,0.0512,0.2569,3.31,10.95
1,3,16.725,0.0,0.0,0.5,0.0567,0.4193,0.0496,0.2573,2.51,11.19
1,3,16.745,0.0,0.0,0.5,0.0365,0.4144,0.0481,0.2576,2.56,11.20
1,3,16.770,0.0,0.0,0.5,0.0243,0.3817,0.0478,0.2576,4.39,11.18
1,3,16.784,0.0,0.0,0.5,0.0629,0.3314,0.0488,0.2576,4.95,11.11
1,3,16.805,0.0,0.0,0.5,0.0547,0.2792,0.0508,0.2581,6.99,11.09
1,3,16.822,0.0,0.0,0.5,0.0343,0.2719,0.0511,0.2586,8.37,10.55
1,3,16.846,0.0,0.0,0.5,0.0448,0.2708,0.0507,0.2599,10.21,8.75
1,3,16.865,0.0,0.0,0.5,0.0320,0.2689,0.0502,0.2605,9.66,7.35
1,3,16.885,0.0,0.0,0.5,0.0256,0.2405,0.0497,0.2613,8.40,7.10
1,3,16.904,0.0,0.0,0.5,0.0349,0.1743,0.0496,0.2621,6.64,9.62
1,3,16.927,0.0,0.0,0.5,0.0397,0.0948,0.0512,0.2620,7.37,10.36
1,3,16.943,0.0,0.0,0.5,0.0269,0.0802,0.0523,0.2614,7.16,10.24
1,3,16.964,0.0,0.0,0.5,0.0229,0.0758,0.0544,0.2605,9.36,10.25
1,3,16.985,0.0,0.0,0.5,0.0264,0.0863,0.0550,0.2585,8.95,9.70
1,3,17.010,0.0,0.0,0.5,0.0186,0.1118,0.0545,0.2576,10.34,9.13
1,3,17.025,0.0,0.0,0.5,0.0190,0.1250,0.0538,0.2572,11.92,9.74
1,3,17.051,0.0,0.0,0.5,0.0242,0.0974,0.0543,0.2554,8.63,7.80
1,3,17.072,0.0,0.0,0.5,0.0349,0.1116,0.0562,0.2548,4.25,8.54
1,3,17.084,0.0,0.0,0.5,0.0219,0.1303,0.0570,0.2547,3.80,8.41
1,3,17.106,0.0,0.0,0.5,0.0257,0.1888,0.0576,0.2549,7.04,12.01
1,3,17.126,0.0,0.0,0.5,0.0132,0.2456,0.0573,0.2550,9.29,11.68
1,3,17.149,0.0,0.0,0.5,0.0217,0.3416,0.0561,0.2551,10.51,11.36
1,3,17.165,0.0,0.0,0.5,0.0312,0.3702,0.0560,0.2552,10.12,11.18
1,3,17.184,0.0,0.0,0.5,0.0161,0.3904,0.0559,0.2554,8.78,10.69
1,3,17.205,0.0,0.0,0.5,0.0301,0.4026,0.0559,0.2560,7.30,10.44
1,3,17.225,0.0,0.0,0.5,0.0464,0.4085,0.0554,0.2558,4.93,10.07
1,3,17.245,0.0,0.0,0.5,0.0311,0.4203,0.0551,0.2561,3.56,10.65
1,3,17.265,0.0,0.0,0.5,0.0617,0.4330,0.0547,0.2562,3.02,10.66
1,3,17.285,0.0,0.0,0.5,0.0461,0.4407,0.0542,0.2566,2.51,11.03
1,3,17.306,0.0,0.0,0.5,0.0427,0.4354,0.0531,0.2568,2.58,10.93
1,3,17.325,0.0,0.0,0.5,0.0693,0.4282,0.0509,0.2571,2.50,11.09
1,3,17.345,0.0,0.0,0.5,0.0521,0.4087,0.0495,0.2572,2.95,11.11
1,3,17.365,0.0,0.0,0.5,0.0390,0.3551,0.0494,0.2571,4.24,11.29
1,3,17.386,0.0,0.0,0.5,0.0411,0.3020,0.0513,0.2575,5.88,11.34
1,3,17.404,0.0,0.0,0.5,0.0606,0.2928,0.0521,0.2578,6.81,11.14
1,3,17.425,0.0,0.0,0.5,0.0504,0.2974,0.0528,0.2589,9.72,10.38
1,3,17.447,0.0,0.0,0.5,0.0350,0.2979,0.0524,0.2598,10.32,8.81
1,3,17.466,0.0,0.0,0.5,0.0345,0.2675,0.0515,0.2610,9.15,7.01
1,3,17.484,0.0,0.0,0.5,0.0260,0.2565,0.0513,0.2613,8.19,8.17
1,3,17.503,0.0,0.0,0.5,0.0478,0.1871,0.0511,0.2620,5.64,9.32
1,3,17.528,0.0,0.0,0.5,0.0287,0.1200,0.0520,0.2621,6.54,10.36
1,3,17.545,0.0,0.0,0.5,0.0256,0.0801,0.0536,0.2615,6.01,10.13
1,3,17.570,0.0,0.0,0.5,0.0216,0.0781,0.0557,0.2602,9.32,10.25
1,3,17.585,0.0,0.0,0.5,0.0334,0.0922,0.0565,0.2589,6.28,9.72
1,3,17.608,0.0,0.0,0.5,0.0167,0.1025,0.0567,0.2583,8.06,8.75
1,3,17.628,0.0,0.0,0.5,0.0222,0.1158,0.0562,0.2566,13.39,8.47
1,3,17.647,0.0,0.0,0.5,0.0310,0.0879,0.0565,0.2559,9.67,7.36
1,3,17.668,0.0,0.0,0.5,0.0115,0.0757,0.0572,0.2554,7.99,8.38
1,3,17.683,0.0,0.0,0.5,0.0315,0.1106,0.0582,0.2550,3.90,11.29
1,3,17.704,0.0,0.0,0.5,0.0196,0.2188,0.0584,0.2551,8.28,11.95
1,3,17.724,0.0,0.0,0.5,0.0138,0.3063,0.0577,0.2553,11.08,11.56
1,3,17.747,0.0,0.0,0.5,0.0137,0.3508,0.0568,0.2555,8.81,10.90
1,3,17.765,0.0,0.0,0.5,0.0150,0.3713,0.0566,0.2555,8.04,10.48
1,3,17.789,0.0,0.0,0.5,0.0240,0.3824,0.0563,0.2556,7.81,10.66
1,3,17.805,0.0,0.0,0.5,0.0341,0.3879,0.0558,0.2556,6.00,10.58
1,3,17.827,0.0,0.0,0.5,0.0311,0.3888,0.0555,0.2557,4.21,10.01
1,3,17.844,0.0,0.0,0.5,0.0354,0.3840,0.0551,0.2557,3.22,10.28
1,3,17.869,0.0,0.0,0.5,0.0333,0.3855,0.0544,0.2561,2.74,10.47
1,3,17.883,0.0,0.0,0.5,0.0547,0.3872,0.0542,0.2562,2.71,10.48
1,3,17.906,0.0,0.0,0.5,0.0218,0.3985,0.0528,0.2565,2.89,10.78
1,3,17.925,0.0,0.0,0.5,0.0516,0.4131,0.0516,0.2569,3.01,10.91
1,3,17.945,0.0,0.0,0.5,0.0418,0.4353,0.0494,0.2576,2.62,10.88
1,3,17.966,0.0,0.0,0.5,0.0197,0.4203,0.0480,0.2578,3.27,10.69
1,3,17.985,0.0,0.0,0.5,0.0465,0.3509,0.0482,0.2578,4.76,10.53
1,3,18.005,0.0,0.0,0.5,0.0360,0.3064,0.0497,0.2581,4.91,10.59
1,3,18.024,0.0,0.0,0.5,0.0454,0.2855,0.0507,0.2584,6.12,10.50
1,3,18.050,0.0,0.0,0.5,0.0323,0.2553,0.0515,0.2597,9.21,9.31
1,3,18.065,0.0,0.0,0.5,0.0258,0.2519,0.0513,0.2600,9.39,9.14
1,3,18.084,0.0,0.0,0.5,0.0265,0.2352,0.0503,0.2608,8.88,7.44
1,3,18.104,0.0,0.0,0.5,0.0285,0.1951,0.0494,0.2616,6.56,8.27
1,3,18.128,0.0,0.0,0.5,0.0372,0.1195,0.0504,0.2618,7.16,10.19
1,3,18.142,0.0,0.0,0.5,0.0241,0.0951,0.0516,0.2614,7.31,10.00
1,3,18.166,0.0,0.0,0.5,0.0313,0.0771,0.0547,0.2602,9.18,10.27
1,3,18.184,0.0,0.0,0.5,0.0198,0.0862,0.0556,0.2590,7.18,9.75
1,3,18.205,0.0,0.0,0.5,0.0180,0.1033,0.0557,0.2583,9.25,9.11
1,3,18.224,0.0,0.0,0.5,0.0260,0.1196,0.0549,0.2572,11.58,8.54
1,3,18.250,0.0,0.0,0.5,0.0174,0.0853,0.0554,0.2558,7.25,7.50
1,3,18.265,0.0,0.0,0.5,0.0192,0.0853,0.0554,0.2558,7.25,7.50
1,3,18.285,0.0,0.0,0.5,0.0262,0.1068,0.0572,0.2553,3.79,7.46
1,3,18.304,0.0,0.0,0.5,0.0162,0.2113,0.0581,0.2555,7.87,11.62
1,3,18.326,0.0,0.0,0.5,0.0124,0.2671,0.0577,0.2556,10.28,11.45
1,3,18.349,0.0,0.0,0.5,0.0133,0.3268,0.0567,0.2556,9.25,11.09
1,3,18.365,0.0,0.0,0.5,0.0168,0.3628,0.0565,0.2557,8.58,10.83
1,3,18.384,0.0,0.0,0.5,0.0253,0.3791,0.0564,0.2557,7.77,10.67
1,3,18.405,0.0,0.0,0.5,0.0286,0.3867,0.0562,0.2558,5.66,10.53
1,3,18.426,0.0,0.0,0.5,0.0321,0.3858,0.0557,0.2558,4.25,10.10
1,3,18.450,0.0,0.0,0.5,0.0361,0.3913,0.0554,0.2560,4.47,10.19
1,3,18.464,0.0,0.0,0.5,0.0361,0.3939,0.0550,0.2562,2.85,10.25
1,3,18.483,0.0,0.0,0.5,0.0505,0.3982,0.0540,0.2564,2.85,10.52
1,3,18.507,0.0,0.0,0.5,0.0440,0.4121,0.0519,0.2571,2.45,10.71
1,3,18.530,0.0,0.0,0.5,0.0388,0.4187,0.0503,0.2573,2.65,10.83
1,3,18.549,0.0,0.0,0.5,0.0509,0.4337,0.0484,0.2578,2.86,10.81
1,3,18.564,0.0,0.0,0.5,0.0311,0.4088,0.0475,0.2579,4.15,10.85
1,3,18.584,0.0,0.0,0.5,0.0308,0.3144,0.0486,0.2579,4.52,10.47
1,3,18.604,0.0,0.0,0.5,0.0517,0.2799,0.0497,0.2581,4.96,10.91
1,3,18.625,0.0,0.0,0.5,0.0351,0.2617,0.0509,0.2586,7.25,10.72
1,3,18.645,0.0,0.0,0.5,0.0462,0.2598,0.0511,0.2596,9.33,9.30
1,3,18.664,0.0,0.0,0.5,0.0225,0.2555,0.0504,0.2604,9.24,7.60
1,3,18.685,0.0,0.0,0.5,0.0351,0.2083,0.0495,0.2614,7.01,8.56
1,3,18.705,0.0,0.0,0.5,0.0285,0.1843,0.0494,0.2617,5.82,9.74
1,3,18.724,0.0,0.0,0.5,0.0371,0.1244,0.0502,0.2618,6.28,9.49
1,3,18.748,0.0,0.0,0.5,0.0216,0.0665,0.0534,0.2609,8.54,10.64
1,3,18.762,0.0,0.0,0.5,0.0366,0.0754,0.0552,0.2600,8.58,9.93
1,3,18.784,0.0,0.0,0.5,0.0107,0.0831,0.0559,0.2595,7.79,9.99
1,3,18.803,0.0,0.0,0.5,0.0251,0.1028,0.0559,0.2580,9.59,9.03
1,3,18.825,0.0,0.0,0.5,0.0231,0.1103,0.0551,0.2569,12.36,8.71
1,3,18.848,0.0,0.0,0.5,0.0244,0.0798,0.0559,0.2557,8.31,7.59
1,3,18.864,0.0,0.0,0.5,0.0220,0.0756,0.0569,0.2553,6.76,7.42
1,3,18.883,0.0,0.0,0.5,0.0172,0.1234,0.0584,0.2550,4.27,11.18
1,3,18.904,0.0,0.0,0.5,0.0175,0.1765,0.0584,0.2551,6.01,10.73
1,3,18.927,0.0,0.0,0.5,0.0127,0.2595,0.0579,0.2554,10.43,11.75
1,3,18.947,0.0,0.0,0.5,0.0168,0.3189,0.0572,0.2554,11.02,11.31
1,3,18.965,0.0,0.0,0.5,0.0147,0.3559,0.0569,0.2555,9.32,11.05
1,3,18.983,0.0,0.0,0.5,0.0193,0.3799,0.0569,0.2556,8.26,10.61
1,3,19.003,0.0,0.0,0.5,0.0398,0.3905,0.0568,0.2557,6.66,10.53
1,3,19.027,0.0,0.0,0.5,0.0283,0.3929,0.0561,0.2559,4.56,10.11
1,3,19.047,0.0,0.0,0.5,0.0354,0.3939,0.0556,0.2559,3.21,10.24
1,3,19.067,0.0,0.0,0.5,0.0496,0.3935,0.0551,0.2561,2.75,10.45
1,3,19.083,0.0,0.0,0.5,0.0201,0.3957,0.0546,0.2563,2.38,10.45
1,3,19.108,0.0,0.0,0.5,0.0498,0.4041,0.0531,0.2567,2.24,10.69
1,3,19.125,0.0,0.0,0.5,0.0352,0.4098,0.0522,0.2570,2.35,10.70
1,3,19.146,0.0,0.0,0.5,0.0377,0.4353,0.0492,0.2578,2.85,10.76
1,3,19.164,0.0,0.0,0.5,0.0410,0.4005,0.0482,0.2578,3.95,10.57
1,3,19.185,0.0,0.0,0.5,0.0477,0.3305,0.0491,0.2579,4.42,10.68
1,3,19.206,0.0,0.0,0.5,0.0380,0.3166,0.0496,0.2579,4.44,10.63
1,3,19.226,0.0,0.0,0.5,0.0364,0.2815,0.0515,0.2587,7.58,10.37
1,3,19.246,0.0,0.0,0.5,0.0439,0.2714,0.0517,0.2594,9.03,10.05
1,3,19.266,0.0,0.0,0.5,0.0376,0.2523,0.0509,0.2605,9.18,7.56
1,3,19.284,0.0,0.0,0.5,0.0397,0.2201,0.0502,0.2613,7.66,8.42
1,3,19.305,0.0,0.0,0.5,0.0302,0.1650,0.0502,0.2619,5.88,9.39
1,3,19.325,0.0,0.0,0.5,0.0205,0.1456,0.0505,0.2619,5.85,9.27
1,3,19.347,0.0,0.0,0.5,0.0463,0.0741,0.0540,0.2608,6.69,10.62
1,3,19.363,0.0,0.0,0.5,0.0247,0.0764,0.0552,0.2602,8.23,9.99
1,3,19.384,0.0,0.0,0.5,0.0152,0.0800,0.0561,0.2598,6.99,10.11
1,3,19.403,0.0,0.0,0.5,0.0285,0.0948,0.0567,0.2583,9.48,9.21
1,3,19.424,0.0,0.0,0.5,0.0184,0.1111,0.0560,0.2571,10.81,8.51
1,3,19.443,0.0,0.0,0.5,0.0180,0.0900,0.0561,0.2565,10.02,8.73
1,3,19.466,0.0,0.0,0.5,0.0305,0.0898,0.0583,0.2551,4.86,8.02
1,3,19.484,0.0,0.0,0.5,0.0190,0.1056,0.0590,0.2550,3.08,7.73
1,3,19.506,0.0,0.0,0.5,0.0110,0.1996,0.0593,0.2552,8.21,11.99
1,3,19.525,0.0,0.0,0.5,0.0164,0.2616,0.0588,0.2554,11.44,11.98
1,3,19.545,0.0,0.0,0.5,0.0215,0.3530,0.0578,0.2552,12.17,11.29
1,3,19.568,0.0,0.0,0.5,0.0082,0.3770,0.0577,0.2554,10.19,11.07
1,3,19.585,0.0,0.0,0.5,0.0281,0.3977,0.0576,0.2557,7.98,10.25
1,3,19.606,0.0,0.0,0.5,0.0219,0.4003,0.0570,0.2559,6.01,10.32
1,3,19.624,0.0,0.0,0.5,0.0309,0.3911,0.0563,0.2558,4.12,10.13
1,3,19.645,0.0,0.0,0.5,0.0425,0.3902,0.0559,0.2560,3.46,10.15
1,3,19.665,0.0,0.0,0.5,0.0361,0.3938,0.0552,0.2561,2.91,10.34
1,3,19.685,0.0,0.0,0.5,0.0407,0.3957,0.0542,0.2565,2.37,10.58
1,3,19.704,0.0,0.0,0.5,0.0466,0.3976,0.0535,0.2566,2.45,10.67
1,3,19.725,0.0,0.0,0.5,0.0367,0.4055,0.0521,0.2570,2.58,10.78
1,3,19.743,0.0,0.0,0.5,0.0217,0.4165,0.0509,0.2574,2.27,10.78
1,3,19.768,0.0,0.0,0.5,0.0411,0.4022,0.0478,0.2580,4.35,10.55
1,3,19.783,0.0,0.0,0.5,0.0404,0.3682,0.0479,0.2580,5.25,10.53
1,3,19.804,0.0,0.0,0.5,0.0206,0.3320,0.0487,0.2580,4.81,10.71
1,3,19.827,0.0,0.0,0.5,0.0381,0.2901,0.0505,0.2585,6.59,10.35
1,3,19.845,0.0,0.0,0.5,0.0485,0.2706,0.0511,0.2592,8.28,9.42
1,3,19.865,0.0,0.0,0.5,0.0200,0.2604,0.0511,0.2597,8.98,9.11
1,3,19.884,0.0,0.0,0.5,0.0325,0.2311,0.0502,0.2607,8.19,8.57
1,3,19.904,0.0,0.0,0.5,0.0351,0.1770,0.0498,0.2614,6.67,9.51
1,3,19.925,0.0,0.0,0.5,0.0252,0.1259,0.0506,0.2616,6.29,10.17
1,3,19.945,0.0,0.0,0.5,0.0354,0.0812,0.0527,0.2610,6.04,10.24
1,3,19.965,0.0,0.0,0.5,0.0204,0.0728,0.0543,0.2602,7.31,9.97
1,3,19.985,0.0,0.0,0.5,0.0182,0.0730,0.0550,0.2598,7.40,9.46
1,3,20.004,0.0,0.0,0.5,0.0149,0.0931,0.0552,0.2579,9.42,9.49
1,3,20.025,0.0,0.0,0.5,0.0222,0.0926,0.0548,0.2568,10.54,8.85
1,3,20.049,0.0,0.0,0.5,0.0125,0.0732,0.0554,0.2559,7.28,7.72
1,3,20.065,0.0,0.0,0.5,0.0254,0.0695,0.0562,0.2556,6.17,7.65
1,3,20.083,0.0,0.0,0.5,0.0173,0.0882,0.0573,0.2552,2.86,10.89
1,3,20.104,0.0,0.0,0.5,0.0051,0.1415,0.0576,0.2552,5.44,12.26
1,3,20.126,0.0,0.0,0.5,0.0209,0.2650,0.0571,0.2554,11.24,12.01
1,3,20.145,0.0,0.0,0.5,0.0124,0.3433,0.0564,0.2555,9.77,11.28
1,3,20.166,0.0,0.0,0.5,0.0197,0.3685,0.0561,0.2557,7.54,10.38
1,3,20.183,0.0,0.0,0.5,0.0177,0.3750,0.0558,0.2558,7.25,10.39
1,3,20.202,0.0,0.0,0.5,0.0279,0.3856,0.0555,0.2558,5.70,10.55
1,3,20.225,0.0,0.0,0.5,0.0215,0.3833,0.0549,0.2557,4.70,10.28
1,3,20.246,0.0,0.0,0.5,0.0381,0.3873,0.0545,0.2560,3.39,10.27
1,3,20.264,0.0,0.0,0.5,0.0320,0.3894,0.0537,0.2561,2.84,10.54
1,3,20.286,0.0,0.0,0.5,0.0451,0.3943,0.0529,0.2565,2.48,10.68
1,3,20.304,0.0,0.0,0.5,0.0397,0.4037,0.0515,0.2568,2.35,10.82
1,3,20.325,0.0,0.0,0.5,0.0477,0.4132,0.0501,0.2571,2.56,10.93
1,3,20.344,0.0,0.0,0.5,0.0323,0.4322,0.0485,0.2577,3.43,10.85
1,3,20.364,0.0,0.0,0.5,0.0307,0.3797,0.0475,0.2577,4.42,10.64
1,3,20.383,0.0,0.0,0.5,0.0332,0.3413,0.0480,0.2577,4.61,10.62
1,3,20.404,0.0,0.0,0.5,0.0361,0.2949,0.0499,0.2580,5.38,10.97
1,3,20.427,0.0,0.0,0.5,0.0434,0.2771,0.0510,0.2586,7.31,10.48
1,3,20.447,0.0,0.0,0.5,0.0353,0.2669,0.0512,0.2596,9.36,9.11
1,3,20.466,0.0,0.0,0.5,0.0488,0.2406,0.0505,0.2607,8.96,7.38
1,3,20.485,0.0,0.0,0.5,0.0299,0.1933,0.0498,0.2616,6.64,8.39
1,3,20.505,0.0,0.0,0.5,0.0369,0.1396,0.0502,0.2618,6.31,9.59
1,3,20.530,0.0,0.0,0.5,0.0206,0.0851,0.0517,0.2616,7.16,10.35
1,3,20.544,0.0,0.0,0.5,0.0423,0.0745,0.0529,0.2612,6.53,10.23
1,3,20.564,0.0,0.0,0.5,0.0234,0.0804,0.0546,0.2604,9.37,10.03
1,3,20.584,0.0,0.0,0.5,0.0258,0.0842,0.0556,0.2588,5.21,9.76
1,3,20.605,0.0,0.0,0.5,0.0170,0.0974,0.0551,0.2579,9.68,9.17
1,3,20.627,0.0,0.0,0.5,0.0239,0.1108,0.0548,0.2564,10.76,8.79
1,3,20.648,0.0,0.0,0.5,0.0162,0.0930,0.0553,0.2559,8.07,7.34
1,3,20.664,0.0,0.0,0.5,0.0174,0.0867,0.0565,0.2554,5.40,8.66
1,3,20.682,0.0,0.0,0.5,0.0261,0.1158,0.0574,0.2551,2.84,11.14
1,3,20.704,0.0,0.0,0.5,0.0060,0.1658,0.0576,0.2552,6.03,11.96
1,3,20.726,0.0,0.0,0.5,0.0239,0.2519,0.0571,0.2553,10.07,11.87
1,3,20.745,0.0,0.0,0.5,0.0161,0.3390,0.0561,0.2553,10.98,11.36
1,3,20.763,0.0,0.0,0.5,0.0205,0.3816,0.0560,0.2556,8.46,10.45
1,3,20.783,0.0,0.0,0.5,0.0316,0.3924,0.0560,0.2559,8.57,10.21
1,3,20.805,0.0,0.0,0.5,0.0299,0.3879,0.0555,0.2560,4.85,9.95
1,3,20.826,0.0,0.0,0.5,0.0146,0.3893,0.0549,0.2562,3.97,10.09
1,3,20.844,0.0,0.0,0.5,0.0467,0.3899,0.0542,0.2563,2.96,10.40
1,3,20.864,0.0,0.0,0.5,0.0519,0.3928,0.0535,0.2564,2.71,10.68
1,3,20.885,0.0,0.0,0.5,0.0521,0.4000,0.0524,0.2567,2.96,10.84
1,3,20.905,0.0,0.0,0.5,0.0353,0.4111,0.0509,0.2571,2.70,11.00
1,3,20.924,0.0,0.0,0.5,0.0501,0.4221,0.0494,0.2574,2.51,11.08
1,3,20.945,0.0,0.0,0.5,0.0223,0.4319,0.0482,0.2578,2.36,11.01
1,3,20.967,0.0,0.0,0.5,0.0328,0.3697,0.0478,0.2578,5.00,10.84
1,3,20.985,0.0,0.0,0.5,0.0478,0.3271,0.0487,0.2578,4.89,10.81
1,3,21.003,0.0,0.0,0.5,0.0257,0.2911,0.0497,0.2579,4.55,11.07
1,3,21.025,0.0,0.0,0.5,0.0291,0.2694,0.0510,0.2583,6.78,11.10
1,3,21.045,0.0,0.0,0.5,0.0411,0.2694,0.0512,0.2592,9.73,9.58
1,4,21.069,0.0,0.3,0.0,0.0000,0.2685,0.0505,0.2601,9.90,7.53
1,4,21.083,0.0,0.3,0.0,0.0499,0.2406,0.0496,0.2612,8.81,7.24
1,4,21.105,0.0,0.3,0.0,0.0357,0.0532,0.0496,0.2609,9.01,8.88
1,4,21.124,0.0,0.3,0.0,0.0254,-0.0068,0.0504,0.2603,9.69,8.60
1,4,21.145,0.0,0.3,0.0,0.0251,-0.0401,0.0525,0.2604,7.08,8.79
1,4,21.164,0.0,0.3,0.0,0.0099,-0.0314,0.0534,0.2599,6.62,8.86
1,4,21.183,0.0,0.3,0.0,0.0040,-0.0282,0.0538,0.2596,6.89,9.11
1,4,21.203,0.0,0.3,0.0,0.0010,-0.0345,0.0548,0.2586,8.74,9.04
1,4,21.223,0.0,0.3,0.0,-0.0007,-0.0446,0.0559,0.2578,8.08,9.07
1,4,21.243,0.0,0.3,0.0,-0.0006,-0.0386,0.0569,0.2573,6.80,9.25
1,4,21.266,0.0,0.3,0.0,-0.0037,-0.0198,0.0587,0.2566,3.08,8.51
1,4,21.284,0.0,0.3,0.0,-0.0057,-0.0126,0.0592,0.2565,1.48,7.79
1,4,21.306,0.0,0.3,0.0,-0.0046,-0.0112,0.0592,0.2565,1.13,7.68
1,4,21.325,0.0,0.3,0.0,-0.0120,-0.0079,0.0589,0.2566,1.52,6.62
1,4,21.350,0.0,0.3,0.0,-0.0130,-0.0051,0.0576,0.2568,2.10,6.99
1,4,21.365,0.0,0.3,0.0,0.0000,-0.0051,0.0576,0.2568,2.10,6.99
1,4,21.384,0.0,0.3,0.0,-0.0152,-0.0020,0.0560,0.2568,1.79,7.74
1,4,21.405,0.0,0.3,0.0,-0.0166,0.0005,0.0538,0.2567,1.58,8.06
1,4,21.423,0.0,0.3,0.0,-0.0243,0.0007,0.0532,0.2567,1.29,8.10
1,4,21.447,0.0,0.3,0.0,-0.0228,-0.0003,0.0501,0.2562,1.20,8.62
1,4,21.464,0.0,0.3,0.0,-0.0171,0.0021,0.0489,0.2561,1.59,8.78
1,4,21.485,0.0,0.3,0.0,-0.0112,0.0008,0.0478,0.2560,1.76,8.85
1,4,21.505,0.0,0.3,0.0,-0.0219,0.0025,0.0461,0.2556,1.51,8.70
1,4,21.527,0.0,0.3,0.0,-0.0153,0.0027,0.0455,0.2555,1.21,8.40
1,4,21.545,0.0,0.3,0.0,-0.0102,0.0049,0.0448,0.2555,0.87,7.97
1,4,21.564,0.0,0.3,0.0,-0.0112,0.0048,0.0443,0.2556,0.77,7.37
1,4,21.584,0.0,0.3,0.0,-0.0069,0.0036,0.0438,0.2558,1.87,6.54
1,4,21.603,0.0,0.3,0.0,-0.0055,0.0030,0.0439,0.2559,2.52,6.54
1,4,21.628,0.0,0.3,0.0,-0.0070,0.0004,0.0445,0.2564,3.48,7.12
1,4,21.648,0.0,0.3,0.0,-0.0068,-0.0014,0.0451,0.2567,3.47,7.80
1,4,21.666,0.0,0.3,0.0,-0.0075,-0.0028,0.0457,0.2570,3.11,8.46
1,4,21.683,0.0,0.3,0.0,-0.0064,-0.0034,0.0461,0.2572,2.40,8.94
1,4,21.703,0.0,0.3,0.0,-0.0033,-0.0072,0.0468,0.2572,1.42,9.33
1,4,21.724,0.0,0.3,0.0,-0.0018,-0.0085,0.0470,0.2572,1.44,9.33
1,4,21.745,0.0,0.3,0.0,-0.0019,-0.0141,0.0480,0.2571,1.72,9.69
1,4,21.765,0.0,0.3,0.0,-0.0004,-0.0215,0.0493,0.2568,2.33,9.64
1,4,21.784,0.0,0.3,0.0,0.0001,-0.0245,0.0501,0.2566,2.48,9.67
1,4,21.805,0.0,0.3,0.0,0.0008,-0.0241,0.0515,0.2563,2.47,9.02
1,4,21.827,0.0,0.3,0.0,0.0021,-0.0185,0.0527,0.2560,1.92,8.41
1,4,21.845,0.0,0.3,0.0,0.0012,-0.0147,0.0531,0.2559,1.50,8.43
1,4,21.864,0.0,0.3,0.0,0.0016,-0.0113,0.0537,0.2558,1.04,8.01
1,4,21.883,0.0,0.3,0.0,-0.0005,-0.0099,0.0539,0.2558,0.90,7.61
1,4,21.903,0.0,0.3,0.0,-0.0018,-0.0071,0.0540,0.2559,1.06,6.64
1,4,21.928,0.0,0.3,0.0,-0.0051,-0.0043,0.0538,0.2561,1.80,6.66
1,4,21.944,0.0,0.3,0.0,-0.0075,-0.0028,0.0536,0.2562,1.80,6.60
1,4,21.965,0.0,0.3,0.0,-0.0063,-0.0013,0.0532,0.2563,1.91,7.50
1,4,21.985,0.0,0.3,0.0,-0.0059,-0.0023,0.0525,0.2564,1.54,7.79
1,4,22.005,0.0,0.3,0.0,-0.0095,-0.0006,0.0513,0.2564,1.00,8.30
1,4,22.024,0.0,0.3,0.0,-0.0080,0.0002,0.0506,0.2563,0.71,8.64
1,4,22.045,0.0,0.3,0.0,-0.0139,0.0006,0.0492,0.2562,0.63,8.87
1,4,22.064,0.0,0.3,0.0,-0.0097,0.0014,0.0478,0.2560,0.81,8.92
1,4,22.084,0.0,0.3,0.0,-0.0075,0.0026,0.0468,0.2558,1.07,9.06
1,4,22.106,0.0,0.3,0.0,-0.0071,0.0028,0.0461,0.2557,0.93,8.88
1,4,22.125,0.0,0.3,0.0,-0.0066,0.0026,0.0456,0.2556,0.79,8.57
1,4,22.148,0.0,0.3,0.0,-0.0025,0.0023,0.0452,0.2556,0.51,8.15
1,4,22.166,0.0,0.3,0.0,-0.0032,0.0030,0.0451,0.2556,0.53,8.14
1,4,22.188,0.0,0.3,0.0,-0.0025,0.0027,0.0446,0.2558,1.46,6.81
1,4,22.204,0.0,0.3,0.0,-0.0020,0.0024,0.0445,0.2559,1.89,6.74
1,4,22.224,0.0,0.3,0.0,-0.0019,0.0020,0.0447,0.2562,2.86,7.45
1,4,22.247,0.0,0.3,0.0,-0.0018,0.0010,0.0454,0.2565,3.19,8.05
1,4,22.264,0.0,0.3,0.0,-0.0030,-0.0009,0.0460,0.2567,2.86,8.64
1,4,22.286,0.0,0.3,0.0,-0.0012,-0.0036,0.0466,0.2569,2.20,9.13
1,4,22.305,0.0,0.3,0.0,0.0005,-0.0064,0.0474,0.2569,1.44,9.50
1,4,22.325,0.0,0.3,0.0,0.0021,-0.0081,0.0480,0.2569,1.34,9.72
1,4,22.345,0.0,0.3,0.0,0.0024,-0.0120,0.0488,0.2567,1.70,9.83
1,4,22.366,0.0,0.3,0.0,0.0035,-0.0155,0.0497,0.2565,2.06,9.79
1,4,22.387,0.0,0.3,0.0,0.0059,-0.0191,0.0507,0.2563,2.30,9.58
1,4,22.406,0.0,0.3,0.0,0.0037,-0.0201,0.0513,0.2561,2.25,9.59
1,4,22.428,0.0,0.3,0.0,0.0045,-0.0158,0.0530,0.2557,1.62,8.59
1,4,22.445,0.0,0.3,0.0,0.0047,-0.0127,0.0534,0.2557,1.24,8.60
1,4,22.469,0.0,0.3,0.0,0.0034,-0.0098,0.0540,0.2556,0.92,7.64
1,4,22.485,0.0,0.3,0.0,0.0010,-0.0073,0.0542,0.2556,0.70,7.59
1,4,22.504,0.0,0.3,0.0,-0.0011,-0.0051,0.0543,0.2557,0.94,6.69
1,4,22.525,0.0,0.3,0.0,-0.0009,-0.0043,0.0543,0.2557,1.31,6.66
1,4,22.547,0.0,0.3,0.0,-0.0039,-0.0028,0.0541,0.2559,1.94,7.29
1,4,22.565,0.0,0.3,0.0,-0.0061,0.0005,0.0533,0.2561,2.16,7.54
1,4,22.586,0.0,0.3,0.0,-0.0066,-0.0011,0.0525,0.2561,1.70,7.94
1,4,22.606,0.0,0.3,0.0,-0.0110,-0.0009,0.0517,0.2561,1.10,8.42
1,4,22.629,0.0,0.3,0.0,-0.0100,0.0005,0.0501,0.2560,0.66,8.82
1,4,22.645,0.0,0.3,0.0,-0.0071,0.0008,0.0495,0.2559,0.62,9.02
1,4,22.664,0.0,0.3,0.0,-0.0069,0.0015,0.0484,0.2558,0.80,9.16
1,4,22.685,0.0,0.3,0.0,-0.0086,0.0029,0.0471,0.2556,0.96,9.17
1,4,22.703,0.0,0.3,0.0,-0.0031,0.0032,0.0464,0.2555,0.91,9.00
1,4,22.729,0.0,0.3,0.0,-0.0033,0.0031,0.0458,0.2554,0.68,8.69
1,4,22.745,0.0,0.3,0.0,-0.0028,0.0025,0.0455,0.2554,0.49,8.27
1,4,22.768,0.0,0.3,0.0,-0.0012,0.0029,0.0452,0.2555,0.99,7.69
1,4,22.784,0.0,0.3,0.0,-0.0011,0.0021,0.0449,0.2556,1.23,6.90
1,4,22.805,0.0,0.3,0.0,-0.0013,0.0021,0.0448,0.2558,1.93,6.64
1,4,22.826,0.0,0.3,0.0,-0.0004,0.0022,0.0448,0.2559,2.23,6.62
1,4,22.850,0.0,0.3,0.0,-0.0004,0.0019,0.0455,0.2563,3.25,8.20
1,4,22.865,0.0,0.3,0.0,-0.0004,0.0002,0.0461,0.2565,3.14,8.76
1,4,22.890,0.0,0.3,0.0,0.0003,-0.0014,0.0466,0.2566,2.61,8.70
1,4,22.905,0.0,0.3,0.0,0.0017,-0.0062,0.0477,0.2567,1.58,9.56
1,4,22.925,0.0,0.3,0.0,0.0021,-0.0091,0.0484,0.2567,1.58,9.80
1,4,22.944,0.0,0.3,0.0,0.0026,-0.0120,0.0495,0.2565,1.77,9.89
1,4,22.966,0.0,0.3,0.0,0.0056,-0.0161,0.0507,0.2562,2.10,9.89
1,4,22.984,0.0,0.3,0.0,0.0074,-0.0178,0.0513,0.2561,2.18,9.90
1,4,23.004,0.0,0.3,0.0,0.0035,-0.0185,0.0519,0.2559,2.17,9.64
1,4,23.024,0.0,0.3,0.0,0.0077,-0.0161,0.0530,0.2556,1.82,8.64
1,4,23.047,0.0,0.3,0.0,0.0074,-0.0107,0.0540,0.2555,0.95,8.05
1,4,23.069,0.0,0.3,0.0,0.0032,-0.0097,0.0541,0.2555,0.85,8.05
1,4,23.085,0.0,0.3,0.0,0.0030,-0.0062,0.0545,0.2555,0.90,7.22
1,4,23.104,0.0,0.3,0.0,0.0001,-0.0042,0.0545,0.2556,1.28,6.72
1,4,23.126,0.0,0.3,0.0,-0.0022,-0.0032,0.0544,0.2557,1.45,6.68
1,4,23.150,0.0,0.3,0.0,-0.0056,0.0007,0.0536,0.2560,2.12,7.16
1,4,23.165,0.0,0.3,0.0,-0.0057,0.0009,0.0534,0.2560,2.06,7.13
1,4,23.186,0.0,0.3,0.0,-0.0062,0.0006,0.0530,0.2561,1.91,7.50
1,4,23.203,0.0,0.3,0.0,-0.0081,-0.0005,0.0516,0.2561,1.12,8.50
1,4,23.225,0.0,0.3,0.0,-0.0090,0.0002,0.0506,0.2561,0.71,8.82
1,4,23.244,0.0,0.3,0.0,-0.0040,0.0006,0.0500,0.2560,0.65,8.85
1,4,23.266,0.0,0.3,0.0,-0.0094,0.0016,0.0483,0.2558,0.88,9.24
1,4,23.285,0.0,0.3,0.0,-0.0073,0.0032,0.0470,0.2556,1.06,9.25
1,4,23.303,0.0,0.3,0.0,-0.0026,0.0034,0.0467,0.2555,1.01,9.24
1,4,23.325,0.0,0.3,0.0,-0.0046,0.0034,0.0461,0.2554,0.88,8.79
1,4,23.346,0.0,0.3,0.0,-0.0014,0.0034,0.0458,0.2554,0.64,8.34
1,4,23.367,0.0,0.3,0.0,-0.0009,0.0039,0.0454,0.2554,0.73,7.74
1,4,23.382,0.0,0.3,0.0,-0.0010,0.0031,0.0451,0.2555,1.06,7.73
1,4,23.403,0.0,0.3,0.0,-0.0006,0.0026,0.0449,0.2557,1.93,6.65
1,4,23.424,0.0,0.3,0.0,-0.0002,0.0024,0.0450,0.2560,2.69,7.49
1,4,23.447,0.0,0.3,0.0,0.0001,0.0019,0.0457,0.2563,3.12,8.22
1,4,23.468,0.0,0.3,0.0,0.0002,0.0007,0.0462,0.2565,2.75,8.81
1,4,23.484,0.0,0.3,0.0,0.0005,-0.0005,0.0466,0.2566,2.35,8.77
1,4,23.504,0.0,0.3,0.0,0.0021,-0.0055,0.0475,0.2567,1.65,9.61
1,4,23.524,0.0,0.3,0.0,0.0029,-0.0079,0.0482,0.2567,1.53,9.83
1,4,23.545,0.0,0.3,0.0,0.0035,-0.0101,0.0490,0.2566,1.68,9.84
1,4,23.564,0.0,0.3,0.0,0.0063,-0.0133,0.0501,0.2563,1.95,9.91
1,4,23.583,0.0,0.3,0.0,0.0081,-0.0166,0.0513,0.2560,2.18,9.69
1,4,23.605,0.0,0.3,0.0,0.0025,-0.0164,0.0525,0.2557,2.07,9.25
1,4,23.626,0.0,0.3,0.0,0.0088,-0.0149,0.0530,0.2556,1.77,8.67
1,4,23.645,0.0,0.3,0.0,0.0055,-0.0114,0.0536,0.2555,1.17,8.67
1,4,23.666,0.0,0.3,0.0,0.0046,-0.0092,0.0541,0.2554,0.78,7.69
1,4,23.684,0.0,0.3,0.0,0.0035,-0.0065,0.0544,0.2555,0.99,7.24
1,4,23.705,0.0,0.3,0.0,-0.0003,-0.0038,0.0544,0.2556,1.29,6.71
1,4,23.724,0.0,0.3,0.0,-0.0020,-0.0028,0.0543,0.2557,1.43,6.68
1,4,23.751,0.0,0.3,0.0,-0.0040,0.0001,0.0537,0.2559,2.06,7.20
1,4,23.766,0.0,0.3,0.0,-0.0087,0.0009,0.0531,0.2561,1.91,7.51
1,4,23.784,0.0,0.3,0.0,-0.0062,0.0007,0.0529,0.2561,1.87,7.50
1,4,23.804,0.0,0.3,0.0,-0.0070,-0.0003,0.0516,0.2561,1.20,8.52
1,4,23.825,0.0,0.3,0.0,-0.0061,0.0003,0.0506,0.2560,0.74,8.84
1,4,23.844,0.0,0.3,0.0,-0.0087,0.0008,0.0499,0.2560,0.70,8.88
1,4,23.867,0.0,0.3,0.0,-0.0081,0.0018,0.0482,0.2557,0.91,9.27
1,4,23.883,0.0,0.3,0.0,-0.0053,0.0029,0.0472,0.2556,1.04,9.30
1,4,23.904,0.0,0.3,0.0,-0.0020,0.0037,0.0462,0.2554,0.97,9.10
1,4,23.925,0.0,0.3,0.0,-0.0030,0.0036,0.0458,0.2554,0.76,8.79
1,4,23.946,0.0,0.3,0.0,-0.0006,0.0035,0.0454,0.2554,0.60,8.32
1,4,23.966,0.0,0.3,0.0,-0.0005,0.0031,0.0451,0.2554,0.98,7.73
1,4,23.984,0.0,0.3,0.0,-0.0005,0.0025,0.0448,0.2556,1.47,6.95
1,4,24.003,0.0,0.3,0.0,-0.0003,0.0025,0.0448,0.2558,2.22,6.64
1,4,24.023,0.0,0.3,0.0,-0.0001,0.0022,0.0452,0.2561,2.87,7.40
1,4,24.044,0.0,0.3,0.0,0.0001,0.0019,0.0455,0.2562,2.86,7.27
1,4,24.064,0.0,0.3,0.0,0.0004,0.0003,0.0464,0.2566,2.50,8.85
1,4,24.088,0.0,0.3,0.0,0.0016,-0.0023,0.0470,0.2567,1.95,9.33
1,4,24.103,0.0,0.3,0.0,0.0020,-0.0045,0.0478,0.2567,1.46,9.30
1,4,24.127,0.0,0.3,0.0,0.0027,-0.0076,0.0484,0.2567,1.47,9.85
1,4,24.146,0.0,0.3,0.0,0.0046,-0.0076,0.0484,0.2567,1.47,9.85
1,4,24.165,0.0,0.3,0.0,0.0044,-0.0127,0.0497,0.2564,1.88,9.97
1,4,24.185,0.0,0.3,0.0,0.0061,-0.0169,0.0513,0.2560,2.25,9.74
1,4,24.205,0.0,0.3,0.0,0.0062,-0.0164,0.0519,0.2559,2.14,9.28
1,4,24.224,0.0,0.3,0.0,0.0104,-0.0144,0.0526,0.2557,1.80,8.69
1,4,24.244,0.0,0.3,0.0,0.0072,-0.0106,0.0535,0.2556,1.03,8.05
1,4,24.266,0.0,0.3,0.0,0.0039,-0.0079,0.0540,0.2555,0.85,7.66
1,4,24.285,0.0,0.3,0.0,0.0035,-0.0049,0.0542,0.2556,0.91,7.18
1,4,24.303,0.0,0.3,0.0,-0.0008,-0.0033,0.0542,0.2557,1.22,6.69
1,4,24.326,0.0,0.3,0.0,-0.0016,-0.0025,0.0541,0.2558,1.48,6.84
1,4,24.347,0.0,0.3,0.0,-0.0041,0.0006,0.0535,0.2560,2.07,7.19
1,4,24.365,0.0,0.3,0.0,-0.0068,0.0010,0.0531,0.2561,1.91,7.15
1,4,24.388,0.0,0.3,0.0,-0.0064,-0.0005,0.0520,0.2562,1.37,8.03
1,4,24.403,0.0,0.3,0.0,-0.0083,-0.0002,0.0514,0.2562,1.06,8.05
1,4,24.424,0.0,0.3,0.0,-0.0074,0.0006,0.0504,0.2561,0.60,8.84
1,4,24.445,0.0,0.3,0.0,-0.0054,0.0012,0.0494,0.2560,0.69,9.05
1,4,24.463,0.0,0.3,0.0,-0.0049,0.0019,0.0480,0.2558,1.01,9.24
1,4,24.483,0.0,0.3,0.0,-0.0067,0.0028,0.0470,0.2556,1.14,9.25
1,4,24.504,0.0,0.3,0.0,-0.0020,0.0033,0.0467,0.2556,1.10,9.26
1,4,24.526,0.0,0.3,0.0,-0.0026,0.0034,0.0459,0.2555,0.81,8.81
1,4,24.546,0.0,0.3,0.0,-0.0004,0.0040,0.0456,0.2554,0.63,8.34
1,4,24.566,0.0,0.3,0.0,-0.0001,0.0037,0.0452,0.2555,0.98,7.74
1,4,24.583,0.0,0.3,0.0,-0.0004,0.0029,0.0450,0.2556,1.42,6.95
1,4,24.605,0.0,0.3,0.0,-0.0001,0.0026,0.0449,0.2558,1.90,6.67
1,4,24.627,0.0,0.3,0.0,0.0000,0.0025,0.0450,0.2560,2.31,6.62
1,4,24.647,0.0,0.3,0.0,0.0006,0.0017,0.0459,0.2564,2.88,8.22
1,4,24.663,0.0,0.3,0.0,0.0008,0.0006,0.0464,0.2566,2.47,8.84
1,4,24.683,0.0,0.3,0.0,0.0014,-0.0009,0.0470,0.2567,1.92,9.32
1,4,24.703,0.0,0.3,0.0,0.0033,-0.0040,0.0478,0.2568,1.35,9.65
1,4,24.727,0.0,0.3,0.0,0.0031,-0.0076,0.0487,0.2567,1.49,9.87
1,4,24.746,0.0,0.3,0.0,0.0042,-0.0099,0.0492,0.2567,1.67,9.94
1,4,24.764,0.0,0.3,0.0,0.0066,-0.0132,0.0503,0.2564,1.98,9.94
1,4,24.783,0.0,0.3,0.0,0.0065,-0.0154,0.0511,0.2561,2.21,9.70
1,4,24.804,0.0,0.3,0.0,0.0071,-0.0152,0.0520,0.2559,2.11,9.27
1,4,24.825,0.0,0.3,0.0,0.0067,-0.0128,0.0530,0.2557,1.56,8.68
1,4,24.847,0.0,0.3,0.0,0.0080,-0.0104,0.0536,0.2556,1.02,8.05
1,4,24.866,0.0,0.3,0.0,0.0047,-0.0096,0.0538,0.2556,0.91,8.06
1,4,24.888,0.0,0.3,0.0,0.0028,-0.0053,0.0543,0.2556,0.87,7.24
1,4,24.905,0.0,0.3,0.0,0.0002,-0.0034,0.0543,0.2557,1.10,6.73
1,4,24.927,0.0,0.3,0.0,-0.0010,-0.0030,0.0543,0.2557,1.39,6.95
1,4,24.947,0.0,0.3,0.0,-0.0032,-0.0016,0.0540,0.2559,2.05,7.32
1,4,24.966,0.0,0.3,0.0,-0.0058,0.0015,0.0532,0.2561,2.18,7.56
1,4,24.989,0.0,0.3,0.0,-0.0093,-0.0004,0.0521,0.2561,1.53,8.04
1,4,25.005,0.0,0.3,0.0,-0.0063,0.0000,0.0513,0.2561,0.91,8.50
1,4,25.030,0.0,0.3,0.0,-0.0075,0.0009,0.0502,0.2560,0.61,8.84
1,4,25.047,0.0,0.3,0.0,-0.0065,0.0016,0.0492,0.2559,0.69,9.08
1,4,25.063,0.0,0.3,0.0,-0.0046,0.0020,0.0485,0.2558,0.89,9.21
1,4,25.088,0.0,0.3,0.0,-0.0066,0.0031,0.0471,0.2556,1.13,9.24
1,4,25.104,0.0,0.3,0.0,-0.0017,0.0035,0.0468,0.2556,1.07,9.24
1,4,25.127,0.0,0.3,0.0,-0.0039,0.0040,0.0460,0.2554,0.96,8.81
1,4,25.145,0.0,0.3,0.0,-0.0013,0.0046,0.0455,0.2554,0.69,8.33
1,4,25.165,0.0,0.3,0.0,-0.0004,0.0038,0.0452,0.2554,0.70,7.72
1,4,25.185,0.0,0.3,0.0,-0.0003,0.0029,0.0449,0.2556,1.44,6.93
1,4,25.205,0.0,0.3,0.0,-0.0001,0.0027,0.0448,0.2557,1.95,6.67
1,4,25.224,0.0,0.3,0.0,0.0000,0.0026,0.0449,0.2558,2.20,6.66
1,4,25.246,0.0,0.3,0.0,0.0004,0.0022,0.0454,0.2561,3.17,8.37
1,4,25.265,0.0,0.3,0.0,0.0011,0.0000,0.0464,0.2565,2.68,8.86
1,4,25.285,0.0,0.3,0.0,0.0018,-0.0023,0.0470,0.2566,1.99,9.33
1,4,25.305,0.0,0.3,0.0,0.0035,-0.0053,0.0477,0.2566,1.59,9.67
1,4,25.327,0.0,0.3,0.0,0.0036,-0.0079,0.0486,0.2566,1.53,9.88
1,4,25.345,0.0,0.3,0.0,0.0068,-0.0092,0.0494,0.2565,1.63,9.96
1,4,25.364,0.0,0.3,0.0,0.0056,-0.0124,0.0505,0.2562,1.76,9.93
1,4,25.384,0.0,0.3,0.0,0.0082,-0.0147,0.0516,0.2559,2.05,9.73
1,4,25.405,0.0,0.3,0.0,0.0055,-0.0139,0.0524,0.2557,1.82,9.30
1,4,25.425,0.0,0.3,0.0,0.0064,-0.0122,0.0531,0.2556,1.42,8.69
1,4,25.445,0.0,0.3,0.0,0.0073,-0.0095,0.0537,0.2555,1.01,8.05
1,4,25.471,0.0,0.3,0.0,0.0043,-0.0068,0.0543,0.2555,0.80,7.67
1,4,25.484,0.0,0.3,0.0,0.0026,-0.0046,0.0544,0.2555,0.70,7.21
1,4,25.503,0.0,0.3,0.0,0.0001,-0.0033,0.0544,0.2556,1.26,6.74
1,4,25.525,0.0,0.3,0.0,-0.0015,-0.0024,0.0542,0.2557,1.59,6.90
1,4,25.548,0.0,0.3,0.0,-0.0047,0.0005,0.0537,0.2560,2.11,7.25
1,4,25.564,0.0,0.3,0.0,-0.0051,0.0012,0.0531,0.2561,1.93,7.54
1,4,25.587,0.0,0.3,0.0,-0.0075,-0.0001,0.0521,0.2562,1.50,8.05
1,4,25.608,0.0,0.3,0.0,-0.0068,0.0002,0.0512,0.2561,0.95,8.50
1,4,25.625,0.0,0.3,0.0,-0.0058,0.0007,0.0506,0.2561,0.74,8.52
1,4,25.645,0.0,0.3,0.0,-0.0057,0.0011,0.0500,0.2560,0.61,8.83
1,4,25.667,0.0,0.3,0.0,-0.0059,0.0023,0.0483,0.2558,0.98,9.25
1,4,25.684,0.0,0.3,0.0,-0.0050,0.0029,0.0476,0.2557,1.09,9.29
1,4,25.705,0.0,0.3,0.0,-0.0028,0.0038,0.0466,0.2555,1.16,9.10
1,4,25.727,0.0,0.3,0.0,-0.0033,0.0040,0.0459,0.2554,0.79,8.78
1,4,25.747,0.0,0.3,0.0,-0.0003,0.0034,0.0457,0.2554,0.57,8.32
1,4,25.767,0.0,0.3,0.0,-0.0000,0.0039,0.0455,0.2554,0.62,8.31
1,4,25.787,0.0,0.3,0.0,-0.0002,0.0036,0.0452,0.2555,1.09,6.98
1,4,25.806,0.0,0.3,0.0,-0.0001,0.0032,0.0451,0.2557,1.91,6.73
1,4,25.824,0.0,0.3,0.0,0.0001,0.0026,0.0453,0.2560,2.74,7.46
1,4,25.847,0.0,0.3,0.0,0.0005,0.0021,0.0459,0.2563,3.07,8.24
1,4,25.866,0.0,0.3,0.0,0.0006,0.0009,0.0465,0.2565,2.76,8.86
1,4,25.885,0.0,0.3,0.0,0.0008,-0.0002,0.0469,0.2566,2.25,8.81
1,4,25.905,0.0,0.3,0.0,0.0034,-0.0060,0.0480,0.2567,1.64,9.66
1,4,25.927,0.0,0.3,0.0,0.0033,-0.0070,0.0484,0.2566,1.51,9.87
1,4,25.947,0.0,0.3,0.0,0.0037,-0.0088,0.0492,0.2566,1.62,9.96
1,4,25.966,0.0,0.3,0.0,0.0038,-0.0108,0.0497,0.2564,1.77,9.97
1,4,25.984,0.0,0.3,0.0,0.0084,-0.0142,0.0511,0.2561,2.14,9.76
1,4,26.005,0.0,0.3,0.0,0.0065,-0.0145,0.0520,0.2559,2.01,9.32
1,4,26.031,0.0,0.3,0.0,0.0084,-0.0109,0.0529,0.2557,1.30,8.71
1,4,26.047,0.0,0.3,0.0,0.0085,-0.0081,0.0536,0.2556,0.81,8.04
1,4,26.066,0.0,0.3,0.0,0.0044,-0.0067,0.0540,0.2556,0.75,7.66
1,4,26.085,0.0,0.3,0.0,0.0028,-0.0044,0.0542,0.2556,0.93,7.19
1,4,26.105,0.0,0.3,0.0,-0.0005,-0.0025,0.0541,0.2558,1.33,6.69
1,4,26.127,0.0,0.3,0.0,-0.0032,-0.0017,0.0540,0.2559,1.51,6.85
1,4,26.150,0.0,0.3,0.0,-0.0031,-0.0002,0.0537,0.2560,2.03,7.28
1,4,26.164,0.0,0.3,0.0,-0.0077,0.0012,0.0531,0.2562,1.93,7.58
1,4,26.183,0.0,0.3,0.0,-0.0065,0.0004,0.0524,0.2562,1.59,8.04
1,4,26.203,0.0,0.3,0.0,-0.0079,0.0002,0.0512,0.2562,1.04,8.52
1,4,26.225,0.0,0.3,0.0,-0.0076,0.0011,0.0500,0.2561,0.63,8.81
1,4,26.247,0.0,0.3,0.0,-0.0058,0.0015,0.0493,0.2560,0.65,8.85
1,4,26.265,0.0,0.3,0.0,-0.0054,0.0023,0.0480,0.2558,0.93,9.19
1,4,26.285,0.0,0.3,0.0,-0.0049,0.0039,0.0464,0.2555,1.10,9.24
1,4,26.304,0.0,0.3,0.0,-0.0041,0.0042,0.0460,0.2555,1.06,9.05
1,4,26.327,0.0,0.3,0.0,-0.0014,0.0039,0.0454,0.2554,0.77,8.73
1,4,26.346,0.0,0.3,0.0,0.0000,0.0037,0.0451,0.2553,0.59,8.28
1,4,26.367,0.0,0.3,0.0,0.0001,0.0030,0.0449,0.2554,0.64,7.71
1,4,26.384,0.0,0.3,0.0,-0.0002,0.0025,0.0447,0.2555,1.02,7.70
1,4,26.406,0.0,0.3,0.0,-0.0001,0.0025,0.0446,0.2557,2.15,6.69
1,4,26.427,0.0,0.3,0.0,0.0002,0.0024,0.0450,0.2560,2.93,7.44
1,4,26.445,0.0,0.3,0.0,0.0005,0.0020,0.0455,0.2563,3.10,8.26
1,4,26.464,0.0,0.3,0.0,0.0004,0.0010,0.0461,0.2565,2.72,8.90
1,4,26.483,0.0,0.3,0.0,0.0014,-0.0019,0.0469,0.2567,1.99,9.37
1,4,26.505,0.0,0.3,0.0,0.0023,-0.0047,0.0473,0.2567,1.67,9.70
1,4,26.527,0.0,0.3,0.0,0.0035,-0.0079,0.0485,0.2566,1.55,9.92
1,4,26.546,0.0,0.3,0.0,0.0041,-0.0093,0.0492,0.2565,1.68,10.00
1,4,26.567,0.0,0.3,0.0,0.0074,-0.0126,0.0504,0.2563,2.03,9.96
1,4,26.584,0.0,0.3,0.0,0.0089,-0.0146,0.0515,0.2560,2.15,9.75
1,4,26.603,0.0,0.3,0.0,0.0069,-0.0143,0.0524,0.2558,1.93,9.30
1,4,26.625,0.0,0.3,0.0,0.0090,-0.0120,0.0531,0.2556,1.47,8.69
1,4,26.650,0.0,0.3,0.0,0.0058,-0.0082,0.0540,0.2555,0.82,8.10
1,4,26.668,0.0,0.3,0.0,0.0045,-0.0070,0.0543,0.2555,0.71,7.71
1,4,26.684,0.0,0.3,0.0,0.0044,-0.0048,0.0545,0.2555,0.94,7.26
1,4,26.706,0.0,0.3,0.0,0.0003,-0.0031,0.0545,0.2557,1.34,6.76
1,4,26.732,0.0,0.3,0.0,-0.0027,-0.0014,0.0542,0.2559,1.82,6.82
1,4,26.746,0.0,0.3,0.0,-0.0034,0.0000,0.0539,0.2560,1.95,7.26
1,4,26.769,0.0,0.3,0.0,-0.0049,0.0013,0.0530,0.2562,1.96,7.54
1,4,26.787,0.0,0.3,0.0,-0.0105,0.0003,0.0525,0.2562,1.64,7.54
1,4,26.806,0.0,0.3,0.0,-0.0061,-0.0000,0.0518,0.2562,1.09,8.50
1,4,26.824,0.0,0.3,0.0,-0.0089,0.0011,0.0506,0.2561,0.73,8.86
1,4,26.846,0.0,0.3,0.0,-0.0056,0.0023,0.0495,0.2560,0.74,9.04
1,4,26.865,0.0,0.3,0.0,-0.0058,0.0024,0.0483,0.2558,1.04,9.18
1,4,26.885,0.0,0.3,0.0,-0.0062,0.0033,0.0470,0.2556,1.15,9.23
1,4,26.904,0.0,0.3,0.0,-0.0033,0.0042,0.0460,0.2554,0.98,9.06
1,4,26.924,0.0,0.3,0.0,-0.0016,0.0040,0.0457,0.2554,0.78,8.73
1,4,26.944,0.0,0.3,0.0,-0.0001,0.0039,0.0453,0.2554,0.64,8.30
1,4,26.966,0.0,0.3,0.0,-0.0001,0.0037,0.0452,0.2554,0.67,7.73
1,4,26.984,0.0,0.3,0.0,-0.0002,0.0031,0.0449,0.2555,1.13,6.96
1,4,27.006,0.0,0.3,0.0,-0.0001,0.0029,0.0448,0.2558,2.23,6.69
1,4,27.027,0.0,0.3,0.0,0.0001,0.0024,0.0451,0.2560,2.72,7.46
1,4,27.046,0.0,0.3,0.0,0.0002,0.0020,0.0456,0.2563,3.15,8.26
1,4,27.065,0.0,0.3,0.0,0.0005,0.0008,0.0464,0.2565,2.84,8.90
1,5,27.089,0.0,0.0,0.0,0.0027,-0.0019,0.0470,0.2566,1.93,9.35
1,5,27.104,0.0,0.0,0.0,0.0057,-0.0018,0.0478,0.2567,0.99,7.91
1,5,27.128,0.0,0.0,0.0,0.0025,0.0011,0.0482,0.2568,1.31,7.81
1,5,27.151,0.0,0.0,0.0,0.0021,0.0040,0.0485,0.2570,1.69,7.62
1,5,27.163,0.0,0.0,0.0,0.0034,0.0047,0.0486,0.2571,1.83,7.60
1,5,27.184,0.0,0.0,0.0,0.0019,0.0039,0.0486,0.2573,1.64,7.21
1,5,27.204,0.0,0.0,0.0,0.0026,0.0034,0.0485,0.2575,1.49,7.06
1,5,27.226,0.0,0.0,0.0,0.0017,0.0030,0.0484,0.2577,1.22,6.97
1,5,27.248,0.0,0.0,0.0,0.0016,0.0026,0.0483,0.2578,1.01,6.92
1,5,27.267,0.0,0.0,0.0,0.0011,0.0023,0.0482,0.2579,0.91,6.91
1,5,27.284,0.0,0.0,0.0,0.0010,0.0017,0.0481,0.2580,0.74,6.90
1,5,27.305,0.0,0.0,0.0,0.0005,0.0012,0.0481,0.2580,0.61,6.91
1,5,27.325,0.0,0.0,0.0,0.0001,0.0008,0.0480,0.2581,0.49,6.93
1,5,27.346,0.0,0.0,0.0,-0.0003,0.0004,0.0479,0.2582,0.36,6.95
1,5,27.365,0.0,0.0,0.0,-0.0005,0.0003,0.0479,0.2582,0.31,6.97
1,5,27.382,0.0,0.0,0.0,-0.0008,0.0003,0.0479,0.2582,0.30,6.98
1,5,27.404,0.0,0.0,0.0,-0.0006,0.0003,0.0478,0.2582,0.29,6.98
1,5,27.425,0.0,0.0,0.0,-0.0007,0.0003,0.0478,0.2583,0.28,6.97
1,5,27.443,0.0,0.0,0.0,-0.0005,0.0003,0.0478,0.2583,0.27,6.96
1,5,27.465,0.0,0.0,0.0,-0.0004,0.0003,0.0477,0.2583,0.26,6.95
1,5,27.482,0.0,0.0,0.0,-0.0004,0.0002,0.0477,0.2584,0.26,6.95
1,5,27.504,0.0,0.0,0.0,-0.0004,0.0002,0.0477,0.2584,0.25,6.93
1,5,27.524,0.0,0.0,0.0,-0.0008,0.0002,0.0476,0.2584,0.24,6.92
1,5,27.544,0.0,0.0,0.0,-0.0004,0.0002,0.0476,0.2585,0.24,6.92
1,5,27.566,0.0,0.0,0.0,-0.0003,0.0002,0.0476,0.2585,0.23,6.91
1,5,27.585,0.0,0.0,0.0,-0.0004,0.0002,0.0476,0.2585,0.23,6.90
1,5,27.605,0.0,0.0,0.0,-0.0004,0.0002,0.0475,0.2585,0.22,6.89
1,5,27.623,0.0,0.0,0.0,-0.0002,0.0002,0.0475,0.2585,0.22,6.89
1,5,27.645,0.0,0.0,0.0,-0.0005,0.0002,0.0475,0.2586,0.21,6.88
1,5,27.664,0.0,0.0,0.0,-0.0003,0.0002,0.0475,0.2586,0.21,6.87
1,5,27.684,0.0,0.0,0.0,-0.0002,0.0002,0.0474,0.2586,0.20,6.87
1,5,27.705,0.0,0.0,0.0,-0.0005,0.0002,0.0474,0.2586,0.20,6.86
1,5,27.726,0.0,0.0,0.0,-0.0003,0.0002,0.0474,0.2587,0.19,6.85
1,5,27.748,0.0,0.0,0.0,-0.0002,0.0002,0.0474,0.2587,0.19,6.85
1,5,27.764,0.0,0.0,0.0,-0.0002,0.0002,0.0474,0.2587,0.19,6.84
1,5,27.784,0.0,0.0,0.0,-0.0003,0.0002,0.0474,0.2587,0.18,6.83
1,5,27.802,0.0,0.0,0.0,-0.0002,0.0001,0.0473,0.2587,0.18,6.83
1,5,27.824,0.0,0.0,0.0,-0.0003,0.0001,0.0473,0.2588,0.18,6.82
1,5,27.844,0.0,0.0,0.0,-0.0002,0.0001,0.0473,0.2588,0.17,6.81
1,5,27.864,0.0,0.0,0.0,-0.0002,0.0001,0.0473,0.2588,0.17,6.81
1,5,27.883,0.0,0.0,0.0,-0.0002,0.0001,0.0473,0.2588,0.17,6.80
1,5,27.904,0.0,0.0,0.0,-0.0002,0.0001,0.0473,0.2588,0.16,6.79
1,5,27.924,0.0,0.0,0.0,-0.0003,0.0001,0.0472,0.2589,0.16,6.79
1,5,27.944,0.0,0.0,0.0,-0.0001,0.0001,0.0472,0.2589,0.16,6.78
1,5,27.964,0.0,0.0,0.0,-0.0002,0.0001,0.0472,0.2589,0.15,6.78
1,5,27.983,0.0,0.0,0.0,-0.0002,0.0001,0.0472,0.2589,0.15,6.77
1,5,28.007,0.0,0.0,0.0,-0.0002,0.0001,0.0472,0.2589,0.15,6.76
1,5,28.028,0.0,0.0,0.0,-0.0002,0.0001,0.0472,0.2590,0.15,6.76
1,5,28.050,0.0,0.0,0.0,-0.0001,0.0001,0.0472,0.2590,0.14,6.75
1,5,28.064,0.0,0.0,0.0,-0.0002,0.0001,0.0472,0.2590,0.14,6.75
1,5,28.084,0.0,0.0,0.0,-0.0001,0.0001,0.0471,0.2590,0.14,6.74
1,5,28.110,0.0,0.0,0.0,-0.0001,0.0001,0.0471,0.2590,0.14,6.74
1,5,28.125,0.0,0.0,0.0,-0.0002,0.0001,0.0471,0.2590,0.13,6.73
1,5,28.146,0.0,0.0,0.0,-0.0001,0.0001,0.0471,0.2590,0.13,6.73
1,5,28.162,0.0,0.0,0.0,-0.0002,0.0001,0.0471,0.2591,0.13,6.73
1,5,28.181,0.0,0.0,0.0,-0.0001,0.0001,0.0471,0.2591,0.13,6.72
1,5,28.202,0.0,0.0,0.0,-0.0001,0.0001,0.0471,0.2591,0.13,6.71
1,5,28.226,0.0,0.0,0.0,-0.0001,0.0001,0.0471,0.2591,0.12,6.71
1,5,28.244,0.0,0.0,0.0,-0.0001,0.0001,0.0471,0.2591,0.12,6.71
1,5,28.267,0.0,0.0,0.0,-0.0001,0.0001,0.0471,0.2591,0.12,6.70
1,5,28.283,0.0,0.0,0.0,-0.0001,0.0001,0.0471,0.2591,0.12,6.70
1,5,28.303,0.0,0.0,0.0,-0.0001,0.0001,0.0471,0.2592,0.12,6.69
1,5,28.326,0.0,0.0,0.0,-0.0001,0.0001,0.0471,0.2592,0.11,6.69
1,5,28.347,0.0,0.0,0.0,-0.0001,0.0001,0.0470,0.2592,0.11,6.69
1,5,28.365,0.0,0.0,0.0,-0.0001,0.0001,0.0470,0.2592,0.11,6.68
1,5,28.385,0.0,0.0,0.0,-0.0001,0.0001,0.0470,0.2592,0.11,6.68
1,5,28.405,0.0,0.0,0.0,-0.0001,0.0001,0.0470,0.2592,0.11,6.68
1,5,28.427,0.0,0.0,0.0,-0.0001,0.0001,0.0470,0.2592,0.10,6.67
1,5,28.451,0.0,0.0,0.0,-0.0001,0.0001,0.0470,0.2592,0.10,6.67
1,5,28.474,0.0,0.0,0.0,-0.0000,0.0001,0.0470,0.2593,0.10,6.66
1,5,28.485,0.0,0.0,0.0,0.0000,0.0001,0.0470,0.2593,0.10,6.66
1,5,28.506,0.0,0.0,0.0,-0.0001,0.0001,0.0470,0.2593,0.10,6.66
1,5,28.534,0.0,0.0,0.0,-0.0000,0.0001,0.0470,0.2593,0.10,6.65
1,5,28.545,0.0,0.0,0.0,-0.0000,0.0001,0.0470,0.2593,0.10,6.65
1,5,28.564,0.0,0.0,0.0,-0.0000,0.0001,0.0470,0.2593,0.09,6.65
1,5,28.584,0.0,0.0,0.0,-0.0000,0.0001,0.0470,0.2593,0.09,6.65
1,5,28.614,0.0,0.0,0.0,-0.0000,0.0001,0.0470,0.2593,0.09,6.64
1,5,28.625,0.0,0.0,0.0,-0.0000,0.0001,0.0470,0.2593,0.09,6.64
1,5,28.651,0.0,0.0,0.0,-0.0000,0.0001,0.0470,0.2593,0.09,6.64
1,5,28.666,0.0,0.0,0.0,-0.0001,0.0001,0.0470,0.2593,0.09,6.63
1,5,28.686,0.0,0.0,0.0,-0.0000,0.0001,0.0470,0.2594,0.09,6.63
1,5,28.704,0.0,0.0,0.0,-0.0000,0.0000,0.0470,0.2594,0.08,6.63
1,5,28.724,0.0,0.0,0.0,-0.0000,0.0000,0.0470,0.2594,0.08,6.62
1,5,28.749,0.0,0.0,0.0,-0.0000,0.0000,0.0470,0.2594,0.08,6.62
1,5,28.768,0.0,0.0,0.0,-0.0000,0.0000,0.0470,0.2594,0.08,6.62
1,5,28.783,0.0,0.0,0.0,-0.0000,0.0000,0.0470,0.2594,0.08,6.62
1,5,28.806,0.0,0.0,0.0,-0.0000,0.0000,0.0470,0.2594,0.08,6.61
1,5,28.823,0.0,0.0,0.0,-0.0000,0.0000,0.0470,0.2594,0.08,6.61
1,5,28.847,0.0,0.0,0.0,-0.0000,0.0000,0.0470,0.2594,0.08,6.61
1,5,28.865,0.0,0.0,0.0,-0.0000,0.0000,0.0470,0.2594,0.07,6.60
1,5,28.885,0.0,0.0,0.0,-0.0000,0.0000,0.0470,0.2594,0.07,6.60
1,5,28.904,0.0,0.0,0.0,-0.0000,0.0000,0.0470,0.2594,0.07,6.60
1,5,28.926,0.0,0.0,0.0,0.0000,0.0000,0.0470,0.2595,0.07,6.60
1,5,28.947,0.0,0.0,0.0,0.0000,0.0000,0.0470,0.2595,0.07,6.59
1,5,28.967,0.0,0.0,0.0,0.0000,0.0000,0.0470,0.2595,0.07,6.59
1,5,28.984,0.0,0.0,0.0,0.0000,0.0000,0.0470,0.2595,0.07,6.59
1,5,29.004,0.0,0.0,0.0,0.0000,0.0000,0.0470,0.2595,0.07,6.59
1,5,29.031,0.0,0.0,0.0,0.0000,0.0000,0.0470,0.2595,0.07,6.58
1,5,29.046,0.0,0.0,0.0,0.0000,0.0000,0.0470,0.2595,0.06,6.58
1,5,29.065,0.0,0.0,0.0,0.0000,0.0000,0.0470,0.2595,0.06,6.58
1,5,29.084,0.0,0.0,0.0,0.0000,0.0000,0.0470,0.2595,0.06,6.58
1,5,29.104,0.0,0.0,0.0,0.0000,0.0000,0.0470,0.2595,0.06,6.57
1,5,29.125,0.0,0.0,0.0,0.0000,0.0000,0.0470,0.2595,0.06,6.57
1,5,29.145,0.0,0.0,0.0,0.0000,0.0000,0.0470,0.2595,0.06,6.57
1,5,29.168,0.0,0.0,0.0,0.0000,0.0000,0.0470,0.2595,0.06,6.57
1,5,29.184,0.0,0.0,0.0,0.0000,0.0000,0.0470,0.2596,0.06,6.57
1,5,29.206,0.0,0.0,0.0,0.0000,0.0000,0.0470,0.2596,0.06,6.56
1,5,29.226,0.0,0.0,0.0,0.0000,0.0000,0.0470,0.2596,0.06,6.56
1,5,29.245,0.0,0.0,0.0,0.0000,0.0000,0.0470,0.2596,0.06,6.56
1,5,29.264,0.0,0.0,0.0,0.0000,0.0000,0.0470,0.2596,0.05,6.56
1,5,29.283,0.0,0.0,0.0,0.0000,0.0000,0.0470,0.2596,0.05,6.55
1,5,29.306,0.0,0.0,0.0,0.0000,0.0000,0.0470,0.2596,0.05,6.55
1,5,29.325,0.0,0.0,0.0,0.0000,0.0000,0.0470,0.2596,0.05,6.55
1,5,29.350,0.0,0.0,0.0,0.0000,0.0000,0.0470,0.2596,0.05,6.55
1,5,29.367,0.0,0.0,0.0,0.0000,0.0000,0.0470,0.2596,0.05,6.55
1,5,29.383,0.0,0.0,0.0,0.0000,0.0000,0.0470,0.2596,0.05,6.55
1,5,29.404,0.0,0.0,0.0,0.0000,0.0000,0.0470,0.2596,0.05,6.54
1,5,29.427,0.0,0.0,0.0,0.0001,0.0000,0.0470,0.2596,0.05,6.54
1,5,29.446,0.0,0.0,0.0,0.0000,0.0000,0.0470,0.2596,0.05,6.54
1,5,29.470,0.0,0.0,0.0,0.0000,0.0000,0.0470,0.2596,0.05,6.54
1,5,29.485,0.0,0.0,0.0,0.0001,0.0000,0.0470,0.2596,0.05,6.54
1,5,29.506,0.0,0.0,0.0,0.0000,0.0000,0.0470,0.2596,0.05,6.53
1,5,29.523,0.0,0.0,0.0,0.0001,0.0000,0.0470,0.2596,0.04,6.53
1,5,29.548,0.0,0.0,0.0,0.0001,0.0000,0.0470,0.2597,0.04,6.53
1,5,29.564,0.0,0.0,0.0,0.0000,0.0000,0.0470,0.2597,0.04,6.53
1,5,29.584,0.0,0.0,0.0,0.0000,-0.0000,0.0470,0.2597,0.04,6.53
1,5,29.606,0.0,0.0,0.0,0.0001,-0.0000,0.0470,0.2597,0.04,6.53
1,5,29.627,0.0,0.0,0.0,0.0000,-0.0000,0.0470,0.2597,0.04,6.52
1,5,29.647,0.0,0.0,0.0,0.0000,-0.0000,0.0470,0.2597,0.04,6.52
1,5,29.666,0.0,0.0,0.0,0.0000,-0.0000,0.0470,0.2597,0.04,6.52
1,5,29.684,0.0,0.0,0.0,0.0001,-0.0000,0.0470,0.2597,0.04,6.52
1,5,29.703,0.0,0.0,0.0,0.0001,-0.0000,0.0470,0.2597,0.04,6.52
1,5,29.731,0.0,0.0,0.0,0.0001,-0.0000,0.0470,0.2597,0.04,6.52
1,5,29.752,0.0,0.0,0.0,0.0001,-0.0000,0.0470,0.2597,0.04,6.51
1,5,29.766,0.0,0.0,0.0,0.0000,-0.0000,0.0470,0.2597,0.04,6.51
1,5,29.784,0.0,0.0,0.0,0.0000,-0.0000,0.0470,0.2597,0.04,6.51
1,5,29.805,0.0,0.0,0.0,0.0001,-0.0000,0.0470,0.2597,0.04,6.51
1,5,29.831,0.0,0.0,0.0,0.0000,-0.0000,0.0470,0.2597,0.04,6.51
1,5,29.847,0.0,0.0,0.0,0.0001,-0.0000,0.0470,0.2597,0.04,6.51
1,5,29.865,0.0,0.0,0.0,0.0001,-0.0000,0.0470,0.2597,0.04,6.51
1,5,29.885,0.0,0.0,0.0,0.0001,-0.0000,0.0470,0.2597,0.03,6.51
1,5,29.906,0.0,0.0,0.0,0.0000,-0.0000,0.0470,0.2597,0.03,6.50
1,5,29.926,0.0,0.0,0.0,0.0001,-0.0000,0.0470,0.2597,0.03,6.50
1,5,29.944,0.0,0.0,0.0,0.0001,-0.0000,0.0470,0.2597,0.03,6.50
1,5,29.963,0.0,0.0,0.0,0.0000,-0.0000,0.0470,0.2597,0.03,6.50
1,5,29.985,0.0,0.0,0.0,0.0001,-0.0000,0.0470,0.2597,0.03,6.50
1,5,30.004,0.0,0.0,0.0,0.0000,-0.0000,0.0470,0.2597,0.03,6.50
1,5,30.023,0.0,0.0,0.0,0.0001,-0.0000,0.0470,0.2597,0.03,6.50
1,5,30.045,0.0,0.0,0.0,0.0001,-0.0000,0.0470,0.2597,0.03,6.50
1,5,30.064,0.0,0.0,0.0,0.0001,-0.0000,0.0470,0.2597,0.03,6.50
1,5,30.083,0.0,0.0,0.0,0.0000,-0.0000,0.0470,0.2598,0.03,6.49
2,0,0.003,0.0,0.0,0.0,0.0000,0.0001,0.1196,0.2225,0.10,11.16
2,0,0.024,0.0,0.0,0.0,0.0013,-0.0089,0.1182,0.2225,33.37,24.54
2,0,0.044,0.0,0.0,0.0,0.0105,-0.0267,0.1119,0.2224,85.87,22.15
2,0,0.063,0.0,0.0,0.0,0.0383,-0.0487,0.0843,0.2241,125.88,17.94
2,0,0.084,0.0,0.0,0.0,0.0544,-0.0511,0.0611,0.2265,97.68,14.83
2,0,0.114,0.0,0.0,0.0,0.0833,-0.0373,0.0444,0.2291,53.27,13.84
2,0,0.130,0.0,0.0,0.0,0.1720,-0.0342,0.0382,0.2307,42.60,13.64
2,0,0.144,0.0,0.0,0.0,0.1265,-0.0235,0.0331,0.2320,34.25,13.11
2,0,0.167,0.0,0.0,0.0,0.1000,0.0089,0.0225,0.2355,28.94,12.74
2,0,0.182,0.0,0.0,0.0,0.2193,0.0215,0.0187,0.2367,25.72,12.29
2,0,0.203,0.0,0.0,0.0,0.2079,0.0203,0.0113,0.2385,23.15,11.95
2,0,0.224,0.0,0.0,0.0,0.1299,0.0179,0.0096,0.2391,22.15,11.91
2,0,0.246,0.0,0.0,0.0,0.2496,0.0086,0.0014,0.2411,18.96,11.43
2,0,0.262,0.0,0.0,0.0,0.3159,0.0050,0.0032,0.2421,17.39,11.13
2,0,0.283,0.0,0.0,0.0,0.2452,0.0037,0.0077,0.2430,16.29,10.83
2,0,0.306,0.0,0.0,0.0,0.3117,0.0023,0.0132,0.2442,15.49,10.53
2,0,0.325,0.0,0.0,0.0,0.2177,0.0009,0.0159,0.2448,15.17,10.43
2,0,0.344,0.0,0.0,0.0,0.2020,-0.0010,0.0212,0.2459,15.25,9.80
2,0,0.367,0.0,0.0,0.0,0.3070,0.0022,0.0259,0.2470,15.55,9.37
2,0,0.385,0.0,0.0,0.0,0.2352,0.0035,0.0280,0.2476,15.61,9.21
2,0,0.405,0.0,0.0,0.0,0.2198,0.0073,0.0312,0.2484,15.77,8.92
2,0,0.428,0.0,0.0,0.0,0.2224,0.0136,0.0342,0.2493,15.81,8.44
2,0,0.447,0.0,0.0,0.0,0.3671,0.0221,0.0375,0.2503,15.50,8.04
2,0,0.464,0.0,0.0,0.0,0.1849,0.0258,0.0390,0.2509,15.30,7.78
2,0,0.484,0.0,0.0,0.0,0.1451,0.0305,0.0410,0.2516,14.91,7.48
2,0,0.512,0.0,0.0,0.0,0.2673,0.0371,0.0436,0.2528,14.04,7.12
2,0,0.528,0.0,0.0,0.0,0.1688,0.0382,0.0445,0.2532,13.49,7.03
2,0,0.544,0.0,0.0,0.0,0.2758,0.0384,0.0449,0.2534,13.26,6.76
2,0,0.570,0.0,0.0,0.0,0.1403,0.0425,0.0460,0.2540,12.63,6.47
2,0,0.595,0.0,0.0,0.0,0.1806,0.0449,0.0476,0.2550,10.81,6.08
2,0,0.606,0.0,0.0,0.0,0.0000,0.0448,0.0479,0.2551,10.44,6.04
2,0,0.625,0.0,0.0,0.0,0.1945,0.0441,0.0488,0.2556,9.13,5.71
2,0,0.644,0.0,0.0,0.0,0.1153,0.0429,0.0492,0.2559,8.14,5.60
2,0,0.666,0.0,0.0,0.0,0.0630,0.0414,0.0494,0.2561,7.51,5.89
2,0,0.684,0.0,0.0,0.0,0.1653,0.0394,0.0496,0.2564,6.20,5.85
2,0,0.703,0.0,0.0,0.0,0.0739,0.0365,0.0496,0.2566,5.14,5.89
2,0,0.729,0.0,0.0,0.0,0.0393,0.0325,0.0497,0.2568,4.09,5.86
2,0,0.748,0.0,0.0,0.0,0.0543,0.0291,0.0497,0.2569,3.42,5.92
2,0,0.764,0.0,0.0,0.0,0.0329,0.0231,0.0496,0.2570,2.48,5.95
2,0,0.785,0.0,0.0,0.0,0.0244,0.0120,0.0494,0.2571,1.27,5.98
2,0,0.805,0.0,0.0,0.0,0.0000,0.0120,0.0494,0.2571,1.27,5.98
2,0,0.824,0.0,0.0,0.0,0.0015,0.0026,0.0490,0.2572,0.69,6.00
2,0,0.845,0.0,0.0,0.0,-0.0109,0.0040,0.0484,0.2572,1.07,5.93
2,0,0.869,0.0,0.0,0.0,-0.0060,0.0053,0.0481,0.2573,1.26,5.87
2,0,0.886,0.0,0.0,0.0,-0.0178,0.0079,0.0474,0.2574,1.41,5.77
2,0,0.905,0.0,0.0,0.0,-0.0253,0.0113,0.0465,0.2575,1.57,5.62
2,0,0.930,0.0,0.0,0.0,-0.0168,0.0130,0.0458,0.2575,1.59,5.56
2,0,0.947,0.0,0.0,0.0,-0.0263,0.0130,0.0458,0.2575,1.59,5.56
2,0,0.964,0.0,0.0,0.0,-0.0289,0.0141,0.0446,0.2576,1.54,5.50
2,0,0.984,0.0,0.0,0.0,-0.0243,0.0142,0.0441,0.2576,1.58,5.47
2,0,1.004,0.0,0.0,0.0,-0.0289,0.0136,0.0437,0.2577,1.58,5.42
2,0,1.026,0.0,0.0,0.0,-0.0251,0.0129,0.0430,0.2577,1.60,5.37
2,0,1.045,0.0,0.0,0.0,-0.0379,0.0125,0.0425,0.2577,1.61,5.33
2,0,1.066,0.0,0.0,0.0,-0.0289,0.0119,0.0421,0.2578,1.56,5.40
2,0,1.088,0.0,0.0,0.0,-0.0263,0.0111,0.0415,0.2578,1.51,5.45
2,0,1.103,0.0,0.0,0.0,-0.0306,0.0107,0.0411,0.2578,1.50,5.55
2,0,1.124,0.0,0.0,0.0,-0.0273,0.0101,0.0408,0.2578,1.42,5.63
2,0,1.145,0.0,0.0,0.0,-0.0336,0.0093,0.0403,0.2579,1.35,5.70
2,0,1.177,0.0,0.0,0.0,-0.0161,0.0085,0.0399,0.2579,1.28,5.78
2,0,1.186,0.0,0.0,0.0,-0.0161,0.0085,0.0399,0.2579,1.28,5.78
2,0,1.205,0.0,0.0,0.0,-0.0128,0.0085,0.0399,0.2579,1.28,5.78
2,0,1.226,0.0,0.0,0.0,-0.0247,0.0072,0.0391,0.2579,1.13,5.89
2,0,1.244,0.0,0.0,0.0,-0.0209,0.0070,0.0390,0.2579,1.11,5.89
2,0,1.262,0.0,0.0,0.0,-0.0212,0.0063,0.0387,0.2579,0.99,6.00
2,0,1.282,0.0,0.0,0.0,-0.0236,0.0058,0.0384,0.2579,0.92,6.04
2,0,1.304,0.0,0.0,0.0,-0.0163,0.0053,0.0382,0.2579,0.83,6.08
2,0,1.332,0.0,0.0,0.0,-0.0141,0.0047,0.0379,0.2579,0.72,6.10
2,0,1.345,0.0,0.0,0.0,-0.0104,0.0044,0.0378,0.2579,0.66,6.10
2,0,1.370,0.0,0.0,0.0,-0.0098,0.0039,0.0377,0.2579,0.58,6.15
2,0,1.386,0.0,0.0,0.0,-0.0137,0.0034,0.0376,0.2579,0.50,6.15
2,0,1.404,0.0,0.0,0.0,-0.0102,0.0027,0.0374,0.2579,0.38,6.18
2,0,1.426,0.0,0.0,0.0,-0.0057,0.0022,0.0373,0.2579,0.30,6.19
2,0,1.443,0.0,0.0,0.0,-0.0039,0.0016,0.0373,0.2579,0.22,6.19
2,0,1.463,0.0,0.0,0.0,-0.0025,0.0011,0.0373,0.2579,0.14,6.19
2,0,1.482,0.0,0.0,0.0,-0.0019,0.0006,0.0373,0.2579,0.09,6.18
2,0,1.505,0.0,0.0,0.0,-0.0007,0.0005,0.0373,0.2579,0.08,6.17
2,0,1.525,0.0,0.0,0.0,-0.0005,0.0005,0.0373,0.2579,0.08,6.17
2,0,1.546,0.0,0.0,0.0,-0.0006,0.0005,0.0373,0.2579,0.08,6.17
2,0,1.572,0.0,0.0,0.0,-0.0007,0.0005,0.0374,0.2579,0.07,6.17
2,0,1.585,0.0,0.0,0.0,-0.0004,0.0005,0.0374,0.2579,0.07,6.17
2,0,1.609,0.0,0.0,0.0,-0.0011,0.0005,0.0374,0.2579,0.07,6.17
2,0,1.625,0.0,0.0,0.0,-0.0006,0.0005,0.0374,0.2579,0.07,6.17
2,0,1.645,0.0,0.0,0.0,-0.0008,0.0005,0.0374,0.2579,0.07,6.17
2,0,1.662,0.0,0.0,0.0,-0.0006,0.0005,0.0374,0.2579,0.07,6.17
2,0,1.685,0.0,0.0,0.0,-0.0009,0.0005,0.0374,0.2579,0.07,6.17
2,0,1.703,0.0,0.0,0.0,-0.0007,0.0005,0.0374,0.2579,0.07,6.17
2,0,1.726,0.0,0.0,0.0,-0.0006,0.0005,0.0375,0.2579,0.07,6.17
2,0,1.744,0.0,0.0,0.0,-0.0009,0.0004,0.0375,0.2579,0.07,6.17
2,0,1.762,0.0,0.0,0.0,-0.0006,0.0004,0.0375,0.2579,0.07,6.17
2,0,1.782,0.0,0.0,0.0,-0.0007,0.0004,0.0375,0.2579,0.07,6.17
2,0,1.813,0.0,0.0,0.0,-0.0006,0.0004,0.0375,0.2579,0.07,6.17
2,0,1.830,0.0,0.0,0.0,-0.0010,0.0004,0.0375,0.2579,0.06,6.17
2,0,1.844,0.0,0.0,0.0,-0.0005,0.0004,0.0375,0.2579,0.06,6.17
2,0,1.864,0.0,0.0,0.0,-0.0009,0.0004,0.0375,0.2579,0.06,6.17
2,0,1.882,0.0,0.0,0.0,-0.0007,0.0004,0.0375,0.2579,0.06,6.17
2,0,1.903,0.0,0.0,0.0,-0.0009,0.0004,0.0375,0.2579,0.06,6.17
2,0,1.925,0.0,0.0,0.0,-0.0006,0.0004,0.0376,0.2579,0.06,6.17
2,0,1.946,0.0,0.0,0.0,-0.0008,0.0004,0.0376,0.2579,0.06,6.17
2,0,1.963,0.0,0.0,0.0,-0.0006,0.0004,0.0376,0.2579,0.06,6.17
2,0,1.986,0.0,0.0,0.0,-0.0009,0.0004,0.0376,0.2579,0.06,6.17
2,0,2.005,0.0,0.0,0.0,-0.0005,0.0004,0.0376,0.2579,0.06,6.17
2,0,2.024,0.0,0.0,0.0,-0.0008,0.0004,0.0376,0.2579,0.06,6.18
2,0,2.042,0.0,0.0,0.0,-0.0006,0.0004,0.0376,0.2579,0.06,6.18
2,0,2.061,0.0,0.0,0.0,-0.0009,0.0004,0.0376,0.2579,0.06,6.18
2,0,2.081,0.0,0.0,0.0,-0.0006,0.0004,0.0376,0.2579,0.06,6.18
2,0,2.105,0.0,0.0,0.0,-0.0008,0.0004,0.0376,0.2579,0.06,6.18
2,0,2.126,0.0,0.0,0.0,-0.0008,0.0004,0.0376,0.2579,0.06,6.18
2,0,2.148,0.0,0.0,0.0,-0.0006,0.0004,0.0376,0.2579,0.06,6.18
2,0,2.163,0.0,0.0,0.0,-0.0006,0.0004,0.0376,0.2579,0.06,6.18
2,0,2.184,0.0,0.0,0.0,-0.0009,0.0004,0.0376,0.2579,0.06,6.18
2,0,2.202,0.0,0.0,0.0,-0.0006,0.0004,0.0377,0.2579,0.06,6.18
2,0,2.229,0.0,0.0,0.0,-0.0008,0.0004,0.0377,0.2579,0.06,6.18
2,0,2.244,0.0,0.0,0.0,-0.0008,0.0004,0.0377,0.2579,0.06,6.18
2,0,2.265,0.0,0.0,0.0,-0.0004,0.0004,0.0377,0.2579,0.05,6.18
2,0,2.282,0.0,0.0,0.0,-0.0009,0.0004,0.0377,0.2579,0.05,6.18
2,0,2.305,0.0,0.0,0.0,-0.0006,0.0004,0.0377,0.2579,0.05,6.18
2,0,2.323,0.0,0.0,0.0,-0.0006,0.0004,0.0377,0.2579,0.05,6.18
2,0,2.345,0.0,0.0,0.0,-0.0008,0.0004,0.0377,0.2579,0.05,6.19
2,0,2.365,0.0,0.0,0.0,-0.0006,0.0004,0.0377,0.2579,0.05,6.19
2,0,2.384,0.0,0.0,0.0,-0.0002,0.0004,0.0377,0.2579,0.05,6.19
2,0,2.405,0.0,0.0,0.0,-0.0011,0.0004,0.0377,0.2579,0.05,6.19
2,0,2.426,0.0,0.0,0.0,-0.0006,0.0004,0.0377,0.2579,0.05,6.19
2,0,2.444,0.0,0.0,0.0,-0.0007,0.0004,0.0377,0.2579,0.05,6.19
2,0,2.465,0.0,0.0,0.0,-0.0006,0.0004,0.0377,0.2579,0.05,6.19
2,0,2.483,0.0,0.0,0.0,-0.0008,0.0004,0.0377,0.2579,0.05,6.19
2,0,2.505,0.0,0.0,0.0,-0.0006,0.0004,0.0377,0.2579,0.05,6.19
2,0,2.528,0.0,0.0,0.0,-0.0006,0.0004,0.0377,0.2579,0.05,6.19
2,0,2.545,0.0,0.0,0.0,-0.0006,0.0004,0.0377,0.2579,0.05,6.19
2,0,2.568,0.0,0.0,0.0,-0.0007,0.0004,0.0377,0.2579,0.05,6.19
2,0,2.584,0.0,0.0,0.0,-0.0008,0.0004,0.0377,0.2579,0.05,6.20
2,0,2.607,0.0,0.0,0.0,-0.0005,0.0004,0.0377,0.2579,0.05,6.20
2,0,2.630,0.0,0.0,0.0,-0.0008,0.0004,0.0377,0.2579,0.05,6.20
2,0,2.644,0.0,0.0,0.0,-0.0005,0.0004,0.0377,0.2579,0.05,6.20
2,0,2.662,0.0,0.0,0.0,-0.0008,0.0004,0.0377,0.2579,0.05,6.20
2,0,2.682,0.0,0.0,0.0,-0.0002,0.0004,0.0378,0.2579,0.05,6.20
2,0,2.705,0.0,0.0,0.0,-0.0011,0.0004,0.0378,0.2579,0.05,6.20
2,0,2.731,0.0,0.0,0.0,-0.0006,0.0004,0.0378,0.2579,0.05,6.20
2,0,2.743,0.0,0.0,0.0,-0.0010,0.0004,0.0378,0.2579,0.05,6.20
2,0,2.765,0.0,0.0,0.0,-0.0006,0.0004,0.0378,0.2579,0.05,6.20
2,0,2.782,0.0,0.0,0.0,-0.0008,0.0004,0.0378,0.2579,0.05,6.20
2,0,2.805,0.0,0.0,0.0,-0.0004,0.0004,0.0378,0.2579,0.05,6.21
2,0,2.825,0.0,0.0,0.0,-0.0006,0.0004,0.0378,0.2579,0.05,6.21
2,0,2.844,0.0,0.0,0.0,-0.0008,0.0004,0.0378,0.2579,0.05,6.21
2,0,2.864,0.0,0.0,0.0,-0.0007,0.0004,0.0378,0.2579,0.05,6.21
2,0,2.884,0.0,0.0,0.0,-0.0005,0.0004,0.0378,0.2579,0.05,6.21
2,0,2.904,0.0,0.0,0.0,-0.0008,0.0004,0.0378,0.2579,0.05,6.21
2,0,2.923,0.0,0.0,0.0,-0.0008,0.0004,0.0378,0.2579,0.05,6.21
2,0,2.943,0.0,0.0,0.0,-0.0006,0.0004,0.0378,0.2579,0.05,6.21
2,0,2.963,0.0,0.0,0.0,-0.0008,0.0004,0.0378,0.2579,0.05,6.21
2,0,2.981,0.0,0.0,0.0,-0.0004,0.0004,0.0378,0.2579,0.05,6.21
2,0,3.004,0.0,0.0,0.0,-0.0007,0.0004,0.0378,0.2579,0.05,6.22
2,1,3.029,0.3,0.0,0.0,0.0000,0.0004,0.0378,0.2579,0.05,6.22
2,1,3.045,0.3,0.0,0.0,-0.0009,0.0004,0.0378,0.2579,0.05,6.22
2,1,3.066,0.3,0.0,0.0,0.0004,-0.0100,0.0391,0.2579,3.28,10.48
2,1,3.084,0.3,0.0,0.0,0.0040,-0.0132,0.0401,0.2576,4.69,11.37
2,1,3.105,0.3,0.0,0.0,0.0089,-0.0125,0.0424,0.2571,10.90,11.98
2,1,3.128,0.3,0.0,0.0,0.0123,-0.0022,0.0444,0.2567,5.30,12.40
2,1,3.144,0.3,0.0,0.0,0.0186,-0.0026,0.0453,0.2560,7.49,12.41
2,1,3.167,0.3,0.0,0.0,0.0177,-0.0023,0.0469,0.2558,5.90,12.42
2,1,3.183,0.3,0.0,0.0,0.0181,-0.0032,0.0482,0.2551,5.89,11.78
2,1,3.204,0.3,0.0,0.0,0.0271,-0.0006,0.0498,0.2548,3.04,11.53
2,1,3.227,0.3,0.0,0.0,0.0081,-0.0016,0.0503,0.2547,1.84,10.74
2,1,3.245,0.3,0.0,0.0,0.0166,-0.0019,0.0506,0.2547,0.95,9.86
2,1,3.265,0.3,0.0,0.0,0.0092,-0.0003,0.0507,0.2548,1.22,8.81
2,1,3.283,0.3,0.0,0.0,0.0079,0.0031,0.0506,0.2550,2.48,7.67
2,1,3.303,0.3,0.0,0.0,0.0043,0.0050,0.0501,0.2553,3.46,6.90
2,1,3.328,0.3,0.0,0.0,0.0044,0.0064,0.0492,0.2557,3.84,7.40
2,1,3.345,0.3,0.0,0.0,0.0027,0.0069,0.0484,0.2560,3.43,8.09
2,1,3.362,0.3,0.0,0.0,0.0029,0.0079,0.0479,0.2562,2.68,8.68
2,1,3.384,0.3,0.0,0.0,0.0034,0.0082,0.0476,0.2563,1.79,9.27
2,1,3.404,0.3,0.0,0.0,0.0017,0.0067,0.0475,0.2560,2.21,9.78
2,1,3.426,0.3,0.0,0.0,0.0097,0.0037,0.0478,0.2555,5.06,10.28
2,1,3.446,0.3,0.0,0.0,0.0131,0.0023,0.0485,0.2548,5.89,10.81
2,1,3.466,0.3,0.0,0.0,0.0120,0.0035,0.0491,0.2543,6.01,11.27
2,1,3.482,0.3,0.0,0.0,0.0316,0.0035,0.0496,0.2540,7.92,11.42
2,1,3.504,0.3,0.0,0.0,0.0272,0.0074,0.0509,0.2535,4.53,10.94
2,1,3.523,0.3,0.0,0.0,0.0242,0.0078,0.0520,0.2532,3.31,10.92
2,1,3.547,0.3,0.0,0.0,0.0317,0.0120,0.0524,0.2531,1.35,9.96
2,1,3.563,0.3,0.0,0.0,0.0330,0.0127,0.0523,0.2531,1.61,9.42
2,1,3.582,0.3,0.0,0.0,0.0200,0.0127,0.0524,0.2534,2.96,9.20
2,1,3.609,0.3,0.0,0.0,0.0461,0.0121,0.0533,0.2540,5.18,7.34
2,1,3.625,0.3,0.0,0.0,0.0451,0.0118,0.0536,0.2543,5.70,7.15
2,1,3.645,0.3,0.0,0.0,0.0200,0.0123,0.0542,0.2549,6.45,8.12
2,1,3.665,0.3,0.0,0.0,0.0517,0.0153,0.0551,0.2555,6.65,9.51
2,1,3.683,0.3,0.0,0.0,0.0587,0.0171,0.0559,0.2561,5.41,9.68
2,1,3.704,0.3,0.0,0.0,0.0287,0.0171,0.0566,0.2564,4.53,9.61
2,1,3.724,0.3,0.0,0.0,0.0534,0.0082,0.0579,0.2567,3.10,10.06
2,1,3.746,0.3,0.0,0.0,0.0459,-0.0065,0.0587,0.2569,2.31,10.12
2,1,3.762,0.3,0.0,0.0,0.0152,-0.0102,0.0589,0.2569,2.02,10.16
2,1,3.781,0.3,0.0,0.0,0.0487,-0.0122,0.0590,0.2568,1.72,9.96
2,1,3.804,0.3,0.0,0.0,0.0379,-0.0117,0.0590,0.2567,1.48,9.60
2,1,3.825,0.3,0.0,0.0,0.0237,-0.0097,0.0589,0.2567,1.28,9.02
2,1,3.846,0.3,0.0,0.0,0.0235,-0.0033,0.0586,0.2566,0.85,8.74
2,1,3.863,0.3,0.0,0.0,0.0126,-0.0018,0.0583,0.2567,1.06,8.39
2,1,3.884,0.3,0.0,0.0,0.0105,0.0008,0.0578,0.2568,1.96,7.88
2,1,3.904,0.3,0.0,0.0,0.0051,0.0005,0.0565,0.2571,3.38,7.16
2,1,3.928,0.3,0.0,0.0,-0.0006,0.0004,0.0549,0.2576,3.80,6.87
2,1,3.949,0.3,0.0,0.0,-0.0035,0.0021,0.0536,0.2578,3.58,7.40
2,1,3.965,0.3,0.0,0.0,-0.0057,0.0021,0.0523,0.2580,2.78,7.86
2,1,3.982,0.3,0.0,0.0,-0.0074,0.0019,0.0512,0.2581,1.79,8.33
2,1,4.003,0.3,0.0,0.0,-0.0061,0.0022,0.0503,0.2581,1.18,8.74
2,1,4.022,0.3,0.0,0.0,-0.0067,0.0039,0.0495,0.2578,1.15,9.14
2,1,4.042,0.3,0.0,0.0,-0.0037,0.0060,0.0491,0.2574,1.85,9.41
2,1,4.062,0.3,0.0,0.0,0.0002,0.0070,0.0491,0.2570,2.73,9.50
2,1,4.083,0.3,0.0,0.0,0.0055,0.0056,0.0493,0.2565,3.32,9.66
2,1,4.104,0.3,0.0,0.0,0.0079,0.0042,0.0497,0.2561,2.79,9.61
2,1,4.125,0.3,0.0,0.0,0.0111,0.0034,0.0499,0.2559,2.35,9.28
2,1,4.148,0.3,0.0,0.0,0.0072,0.0045,0.0503,0.2557,0.90,8.83
2,1,4.163,0.3,0.0,0.0,0.0043,0.0040,0.0503,0.2557,0.56,8.80
2,1,4.186,0.3,0.0,0.0,0.0022,0.0052,0.0503,0.2558,1.80,7.51
2,1,4.202,0.3,0.0,0.0,0.0009,0.0080,0.0500,0.2561,2.83,6.55
2,1,4.229,0.3,0.0,0.0,0.0013,0.0085,0.0500,0.2565,4.70,7.67
2,1,4.244,0.3,0.0,0.0,0.0028,0.0073,0.0503,0.2568,5.17,8.67
2,1,4.263,0.3,0.0,0.0,0.0045,0.0059,0.0510,0.2573,5.23,9.01
2,1,4.282,0.3,0.0,0.0,0.0041,0.0034,0.0520,0.2577,3.70,9.44
2,1,4.302,0.3,0.0,0.0,0.0041,0.0003,0.0526,0.2579,2.36,9.84
2,1,4.330,0.3,0.0,0.0,0.0039,-0.0024,0.0530,0.2580,1.24,10.17
2,1,4.347,0.3,0.0,0.0,0.0053,-0.0038,0.0534,0.2580,1.00,10.34
2,1,4.364,0.3,0.0,0.0,0.0035,-0.0047,0.0536,0.2579,1.08,10.37
2,1,4.384,0.3,0.0,0.0,0.0036,-0.0059,0.0537,0.2579,1.38,10.41
2,1,4.406,0.3,0.0,0.0,0.0042,-0.0077,0.0538,0.2577,1.45,9.80
2,1,4.426,0.3,0.0,0.0,0.0038,-0.0065,0.0540,0.2576,0.84,9.13
2,1,4.445,0.3,0.0,0.0,0.0026,-0.0046,0.0540,0.2575,0.58,8.36
2,1,4.462,0.3,0.0,0.0,0.0024,-0.0019,0.0539,0.2576,0.84,7.94
2,1,4.483,0.3,0.0,0.0,0.0002,-0.0011,0.0537,0.2576,1.08,7.48
2,1,4.505,0.3,0.0,0.0,-0.0022,-0.0002,0.0531,0.2578,2.33,6.88
2,1,4.525,0.3,0.0,0.0,-0.0041,-0.0000,0.0523,0.2580,2.71,7.06
2,1,4.546,0.3,0.0,0.0,-0.0078,0.0009,0.0511,0.2583,2.77,7.44
2,1,4.563,0.3,0.0,0.0,-0.0061,0.0007,0.0506,0.2584,2.40,7.37
2,1,4.584,0.3,0.0,0.0,-0.0065,-0.0010,0.0494,0.2586,1.27,8.32
2,1,4.603,0.3,0.0,0.0,-0.0076,0.0001,0.0488,0.2585,0.91,8.72
2,1,4.628,0.3,0.0,0.0,-0.0043,0.0013,0.0483,0.2583,0.88,9.05
2,1,4.647,0.3,0.0,0.0,-0.0028,0.0029,0.0479,0.2581,1.40,9.22
2,1,4.664,0.3,0.0,0.0,-0.0002,0.0073,0.0476,0.2577,2.68,9.40
2,1,4.684,0.3,0.0,0.0,0.0017,0.0076,0.0477,0.2575,2.86,9.47
2,1,4.703,0.3,0.0,0.0,0.0049,0.0076,0.0482,0.2570,2.76,9.45
2,1,4.725,0.3,0.0,0.0,0.0060,0.0061,0.0485,0.2568,2.37,9.12
2,1,4.744,0.3,0.0,0.0,0.0067,0.0049,0.0488,0.2567,1.35,8.71
2,1,4.763,0.3,0.0,0.0,0.0057,0.0052,0.0490,0.2566,0.83,8.15
2,1,4.787,0.3,0.0,0.0,0.0019,0.0055,0.0490,0.2567,0.85,7.37
2,1,4.803,0.3,0.0,0.0,0.0015,0.0058,0.0489,0.2568,1.96,6.61
2,1,4.827,0.3,0.0,0.0,0.0010,0.0067,0.0490,0.2572,3.91,7.53
2,1,4.848,0.3,0.0,0.0,0.0020,0.0049,0.0499,0.2577,4.61,8.34
2,1,4.862,0.3,0.0,0.0,0.0023,0.0046,0.0504,0.2578,4.40,8.20
2,1,4.884,0.3,0.0,0.0,0.0035,0.0025,0.0510,0.2582,3.28,9.40
2,1,4.906,0.3,0.0,0.0,0.0018,0.0007,0.0513,0.2583,2.48,9.81
2,1,4.925,0.3,0.0,0.0,0.0031,-0.0015,0.0518,0.2584,1.50,10.12
2,1,4.947,0.3,0.0,0.0,0.0047,-0.0040,0.0524,0.2583,1.09,10.32
2,1,4.963,0.3,0.0,0.0,0.0059,-0.0049,0.0528,0.2582,1.04,10.40
2,1,4.983,0.3,0.0,0.0,0.0051,-0.0068,0.0532,0.2581,1.51,10.23
2,1,5.012,0.3,0.0,0.0,0.0046,-0.0083,0.0534,0.2579,1.62,10.24
2,1,5.027,0.3,0.0,0.0,0.0067,-0.0085,0.0536,0.2578,1.17,9.11
2,1,5.048,0.3,0.0,0.0,0.0038,-0.0049,0.0538,0.2577,0.84,8.41
2,1,5.063,0.3,0.0,0.0,0.0037,-0.0025,0.0537,0.2577,0.63,7.99
2,1,5.084,0.3,0.0,0.0,0.0008,-0.0015,0.0536,0.2577,0.82,7.98
2,1,5.103,0.3,0.0,0.0,-0.0017,-0.0006,0.0530,0.2579,2.08,6.93
2,1,5.122,0.3,0.0,0.0,-0.0035,-0.0001,0.0523,0.2581,2.47,7.02
2,1,5.145,0.3,0.0,0.0,-0.0074,0.0006,0.0513,0.2584,2.51,7.41
2,1,5.165,0.3,0.0,0.0,-0.0080,0.0003,0.0505,0.2586,2.08,7.86
2,1,5.184,0.3,0.0,0.0,-0.0036,-0.0010,0.0498,0.2586,1.47,7.87
2,1,5.208,0.3,0.0,0.0,-0.0068,0.0005,0.0488,0.2585,0.93,8.71
2,1,5.225,0.3,0.0,0.0,-0.0071,0.0013,0.0485,0.2584,0.86,9.01
2,1,5.244,0.3,0.0,0.0,-0.0036,0.0029,0.0480,0.2582,1.37,9.20
2,1,5.264,0.3,0.0,0.0,-0.0020,0.0057,0.0476,0.2579,2.27,9.31
2,1,5.282,0.3,0.0,0.0,0.0012,0.0087,0.0477,0.2574,2.79,9.46
2,1,5.301,0.3,0.0,0.0,0.0036,0.0090,0.0481,0.2571,2.86,9.40
2,1,5.328,0.3,0.0,0.0,0.0052,0.0053,0.0486,0.2568,1.96,9.15
2,1,5.345,0.3,0.0,0.0,0.0066,0.0035,0.0488,0.2567,1.21,8.66
2,1,5.364,0.3,0.0,0.0,0.0012,0.0040,0.0488,0.2567,0.71,8.10
2,1,5.383,0.3,0.0,0.0,0.0030,0.0047,0.0488,0.2567,1.26,7.35
2,1,5.403,0.3,0.0,0.0,0.0011,0.0063,0.0488,0.2569,2.19,6.65
2,1,5.428,0.3,0.0,0.0,0.0004,0.0074,0.0488,0.2572,3.60,7.53
2,1,5.445,0.3,0.0,0.0,0.0013,0.0066,0.0491,0.2574,4.20,7.35
2,1,5.463,0.3,0.0,0.0,0.0019,0.0048,0.0500,0.2579,4.56,8.95
2,1,5.483,0.3,0.0,0.0,0.0027,0.0032,0.0508,0.2582,3.70,9.36
2,1,5.505,0.3,0.0,0.0,0.0029,-0.0001,0.0515,0.2585,2.00,9.78
2,1,5.524,0.3,0.0,0.0,0.0044,-0.0018,0.0519,0.2585,1.19,10.10
2,1,5.544,0.3,0.0,0.0,0.0030,-0.0032,0.0523,0.2585,1.08,10.30
2,1,5.565,0.3,0.0,0.0,0.0045,-0.0048,0.0527,0.2584,1.06,10.36
2,1,5.583,0.3,0.0,0.0,0.0041,-0.0068,0.0530,0.2582,1.54,10.20
2,1,5.606,0.3,0.0,0.0,0.0053,-0.0084,0.0533,0.2580,1.44,9.75
2,1,5.630,0.3,0.0,0.0,0.0039,-0.0067,0.0536,0.2579,1.01,9.10
2,1,5.644,0.3,0.0,0.0,0.0055,-0.0055,0.0537,0.2578,0.73,8.37
2,1,5.663,0.3,0.0,0.0,0.0020,-0.0030,0.0537,0.2578,0.69,7.96
2,1,5.684,0.3,0.0,0.0,0.0010,-0.0015,0.0535,0.2579,1.25,7.52
2,1,5.704,0.3,0.0,0.0,-0.0010,-0.0008,0.0531,0.2580,2.00,6.91
2,1,5.725,0.3,0.0,0.0,-0.0029,-0.0007,0.0527,0.2581,2.20,6.85
2,1,5.744,0.3,0.0,0.0,-0.0067,0.0007,0.0515,0.2584,2.47,7.48
2,1,5.763,0.3,0.0,0.0,-0.0069,-0.0004,0.0505,0.2586,1.85,7.90
2,1,5.783,0.3,0.0,0.0,-0.0081,-0.0011,0.0499,0.2586,1.17,8.35
2,1,5.806,0.3,0.0,0.0,-0.0054,0.0001,0.0492,0.2585,0.82,8.72
2,1,5.828,0.3,0.0,0.0,-0.0064,0.0017,0.0484,0.2583,0.95,9.02
2,1,5.844,0.3,0.0,0.0,-0.0040,0.0029,0.0478,0.2581,1.40,9.22
2,1,5.869,0.3,0.0,0.0,-0.0020,0.0063,0.0475,0.2578,2.16,9.25
2,1,5.883,0.3,0.0,0.0,0.0005,0.0079,0.0475,0.2575,2.72,9.35
2,1,5.908,0.3,0.0,0.0,0.0027,0.0087,0.0481,0.2571,2.62,9.44
2,1,5.926,0.3,0.0,0.0,0.0044,0.0055,0.0485,0.2569,2.01,9.19
2,1,5.946,0.3,0.0,0.0,0.0057,0.0033,0.0487,0.2567,1.20,8.70
2,1,5.963,0.3,0.0,0.0,0.0028,0.0034,0.0488,0.2567,0.61,8.11
2,1,5.985,0.3,0.0,0.0,0.0013,0.0039,0.0488,0.2567,0.85,7.37
2,1,6.004,0.3,0.0,0.0,0.0005,0.0050,0.0487,0.2569,2.02,6.78
2,1,6.027,0.3,0.0,0.0,0.0004,0.0067,0.0489,0.2572,3.57,7.52
2,1,6.046,0.3,0.0,0.0,0.0009,0.0057,0.0493,0.2575,4.70,8.48
2,1,6.063,0.3,0.0,0.0,0.0021,0.0046,0.0502,0.2579,4.79,8.87
2,1,6.083,0.3,0.0,0.0,0.0020,0.0025,0.0512,0.2583,3.32,9.29
2,1,6.104,0.3,0.0,0.0,0.0024,0.0013,0.0517,0.2585,2.42,9.73
2,1,6.126,0.3,0.0,0.0,0.0029,-0.0025,0.0521,0.2585,1.26,10.06
2,1,6.144,0.3,0.0,0.0,0.0046,-0.0034,0.0525,0.2585,1.06,10.27
2,1,6.165,0.3,0.0,0.0,0.0043,-0.0045,0.0527,0.2584,1.05,10.30
2,1,6.183,0.3,0.0,0.0,0.0041,-0.0069,0.0531,0.2582,1.53,10.18
2,1,6.203,0.3,0.0,0.0,0.0054,-0.0086,0.0535,0.2580,1.47,9.73
2,1,6.224,0.3,0.0,0.0,0.0052,-0.0079,0.0537,0.2579,1.18,9.74
2,1,6.246,0.3,0.0,0.0,0.0066,-0.0040,0.0540,0.2578,0.77,8.38
2,1,6.265,0.3,0.0,0.0,0.0022,-0.0022,0.0539,0.2578,0.78,7.96
2,1,6.282,0.3,0.0,0.0,0.0003,-0.0014,0.0538,0.2578,0.92,7.51
2,1,6.306,0.3,0.0,0.0,-0.0021,-0.0008,0.0535,0.2580,1.71,6.97
2,1,6.328,0.3,0.0,0.0,-0.0034,-0.0006,0.0529,0.2581,2.23,6.87
2,1,6.345,0.3,0.0,0.0,-0.0053,0.0005,0.0519,0.2584,2.51,7.43
2,1,6.366,0.3,0.0,0.0,-0.0060,0.0003,0.0509,0.2586,2.00,7.85
2,1,6.386,0.3,0.0,0.0,-0.0068,-0.0009,0.0504,0.2586,1.55,8.26
2,1,6.402,0.3,0.0,0.0,-0.0071,-0.0007,0.0498,0.2586,0.88,8.65
2,1,6.424,0.3,0.0,0.0,-0.0073,0.0015,0.0489,0.2584,0.97,8.98
2,1,6.441,0.3,0.0,0.0,-0.0057,0.0040,0.0482,0.2581,1.62,9.24
2,1,6.463,0.3,0.0,0.0,-0.0018,0.0053,0.0479,0.2579,2.04,9.32
2,1,6.484,0.3,0.0,0.0,-0.0009,0.0076,0.0477,0.2575,2.59,9.38
2,1,6.505,0.3,0.0,0.0,0.0020,0.0086,0.0479,0.2572,2.65,9.31
2,1,6.523,0.3,0.0,0.0,0.0040,0.0064,0.0483,0.2569,2.16,9.39
2,1,6.546,0.3,0.0,0.0,0.0060,0.0044,0.0487,0.2567,0.75,8.68
2,1,6.563,0.3,0.0,0.0,0.0031,0.0037,0.0488,0.2567,0.65,8.06
2,1,6.583,0.3,0.0,0.0,0.0004,0.0035,0.0487,0.2568,0.74,8.03
2,1,6.605,0.3,0.0,0.0,-0.0002,0.0045,0.0486,0.2569,1.92,6.78
2,1,6.626,0.3,0.0,0.0,-0.0001,0.0067,0.0489,0.2573,3.83,7.50
2,1,6.645,0.3,0.0,0.0,0.0003,0.0061,0.0492,0.2575,4.35,7.41
2,1,6.665,0.3,0.0,0.0,0.0010,0.0048,0.0502,0.2581,4.65,8.87
2,1,6.683,0.3,0.0,0.0,0.0012,0.0032,0.0509,0.2584,3.67,9.30
2,1,6.705,0.3,0.0,0.0,0.0021,0.0012,0.0514,0.2586,2.34,9.72
2,1,6.726,0.3,0.0,0.0,0.0017,-0.0021,0.0518,0.2586,1.74,10.03
2,1,6.744,0.3,0.0,0.0,0.0029,-0.0037,0.0521,0.2586,1.39,10.06
2,1,6.761,0.3,0.0,0.0,0.0034,-0.0056,0.0527,0.2584,1.23,10.32
2,1,6.786,0.3,0.0,0.0,0.0028,-0.0069,0.0529,0.2583,1.35,10.34
2,1,6.805,0.3,0.0,0.0,0.0087,-0.0091,0.0533,0.2581,1.66,9.73
2,1,6.829,0.3,0.0,0.0,0.0061,-0.0076,0.0537,0.2579,1.14,9.06
2,1,6.848,0.3,0.0,0.0,0.0032,-0.0045,0.0539,0.2578,0.82,8.36
2,1,6.866,0.3,0.0,0.0,0.0041,-0.0025,0.0539,0.2578,0.53,7.95
2,1,6.883,0.3,0.0,0.0,0.0012,-0.0013,0.0537,0.2579,1.18,7.50
2,1,6.911,0.3,0.0,0.0,-0.0010,-0.0009,0.0534,0.2580,1.93,6.96
2,1,6.925,0.3,0.0,0.0,-0.0051,-0.0005,0.0528,0.2582,2.19,6.86
2,1,6.946,0.3,0.0,0.0,-0.0052,0.0006,0.0519,0.2585,2.45,7.43
2,1,6.964,0.3,0.0,0.0,-0.0039,0.0007,0.0516,0.2585,2.36,7.40
2,1,6.986,0.3,0.0,0.0,-0.0057,-0.0007,0.0508,0.2586,1.83,7.83
2,1,7.007,0.3,0.0,0.0,-0.0065,-0.0011,0.0502,0.2586,1.12,8.29
2,1,7.027,0.3,0.0,0.0,-0.0059,-0.0001,0.0497,0.2585,0.91,8.67
2,1,7.053,0.3,0.0,0.0,-0.0047,0.0029,0.0486,0.2582,1.40,9.19
2,1,7.078,0.3,0.0,0.0,-0.0024,0.0061,0.0481,0.2578,2.34,9.38
2,1,7.094,0.3,0.0,0.0,-0.0014,0.0080,0.0480,0.2575,2.61,9.39
2,1,7.108,0.3,0.0,0.0,0.0007,0.0089,0.0481,0.2573,2.61,9.49
2,1,7.131,0.3,0.0,0.0,0.0020,0.0073,0.0484,0.2571,2.44,9.10
2,1,7.147,0.3,0.0,0.0,0.0036,0.0065,0.0485,0.2570,2.12,9.12
2,1,7.164,0.3,0.0,0.0,0.0029,0.0057,0.0488,0.2569,1.10,8.22
2,1,7.183,0.3,0.0,0.0,0.0031,0.0053,0.0488,0.2569,0.95,7.42
2,1,7.204,0.3,0.0,0.0,0.0010,0.0052,0.0488,0.2571,1.99,6.85
2,1,7.226,0.3,0.0,0.0,0.0006,0.0068,0.0489,0.2574,3.84,7.49
2,1,7.244,0.3,0.0,0.0,0.0005,0.0061,0.0492,0.2577,4.29,7.40
2,1,7.265,0.3,0.0,0.0,0.0010,0.0044,0.0501,0.2582,4.42,8.85
2,1,7.287,0.3,0.0,0.0,0.0021,0.0030,0.0509,0.2585,3.51,9.29
2,1,7.307,0.3,0.0,0.0,0.0033,0.0004,0.0515,0.2587,1.82,9.72
2,1,7.335,0.3,0.0,0.0,0.0014,-0.0018,0.0520,0.2587,1.15,10.05
2,1,7.346,0.3,0.0,0.0,0.0070,-0.0018,0.0521,0.2587,1.15,10.05
2,1,7.365,0.3,0.0,0.0,0.0056,-0.0057,0.0529,0.2585,1.26,10.31
2,1,7.385,0.3,0.0,0.0,0.0050,-0.0082,0.0532,0.2583,1.75,10.15
2,1,7.405,0.3,0.0,0.0,0.0053,-0.0086,0.0536,0.2582,1.52,9.68
2,1,7.426,0.3,0.0,0.0,0.0073,-0.0076,0.0539,0.2580,1.20,9.03
2,1,7.445,0.3,0.0,0.0,0.0059,-0.0061,0.0541,0.2580,0.79,8.34
2,1,7.462,0.3,0.0,0.0,0.0028,-0.0036,0.0541,0.2579,0.67,7.95
2,1,7.483,0.3,0.0,0.0,0.0008,-0.0013,0.0538,0.2580,1.17,7.45
2,1,7.505,0.3,0.0,0.0,-0.0017,-0.0007,0.0534,0.2582,1.61,6.89
2,1,7.527,0.3,0.0,0.0,-0.0031,-0.0005,0.0529,0.2583,2.13,7.02
2,1,7.544,0.3,0.0,0.0,-0.0048,0.0005,0.0520,0.2585,2.29,7.41
2,1,7.565,0.3,0.0,0.0,-0.0058,0.0005,0.0515,0.2586,2.05,7.36
2,1,7.584,0.3,0.0,0.0,-0.0063,-0.0013,0.0506,0.2587,1.30,8.29
2,1,7.606,0.3,0.0,0.0,-0.0085,-0.0004,0.0499,0.2586,0.78,8.68
2,1,7.628,0.3,0.0,0.0,-0.0037,0.0007,0.0493,0.2585,0.84,8.97
2,1,7.647,0.3,0.0,0.0,-0.0064,0.0025,0.0487,0.2583,1.25,9.17
2,1,7.663,0.3,0.0,0.0,-0.0041,0.0048,0.0481,0.2580,2.04,9.27
2,1,7.683,0.3,0.0,0.0,-0.0015,0.0082,0.0479,0.2576,2.55,9.38
2,1,7.711,0.3,0.0,0.0,0.0007,0.0083,0.0480,0.2574,2.49,9.24
2,1,7.725,0.3,0.0,0.0,0.0029,0.0076,0.0481,0.2573,2.37,9.31
2,1,7.746,0.3,0.0,0.0,0.0041,0.0049,0.0485,0.2570,1.78,8.68
2,1,7.768,0.3,0.0,0.0,0.0036,0.0058,0.0487,0.2570,1.01,8.16
2,1,7.783,0.3,0.0,0.0,0.0010,0.0049,0.0487,0.2570,0.95,7.33
2,1,7.805,0.3,0.0,0.0,0.0009,0.0047,0.0486,0.2571,1.56,7.30
2,1,7.825,0.3,0.0,0.0,0.0001,0.0055,0.0486,0.2573,2.59,6.76
2,1,7.844,0.3,0.0,0.0,0.0007,0.0055,0.0491,0.2577,4.58,8.33
2,1,7.866,0.3,0.0,0.0,0.0017,0.0045,0.0502,0.2582,4.32,8.78
2,1,7.882,0.3,0.0,0.0,0.0017,0.0040,0.0505,0.2583,3.98,8.75
2,1,7.909,0.3,0.0,0.0,0.0030,-0.0011,0.0516,0.2586,1.98,9.67
2,1,7.931,0.3,0.0,0.0,0.0034,-0.0021,0.0519,0.2586,1.37,9.99
2,1,7.945,0.3,0.0,0.0,0.0037,-0.0034,0.0524,0.2586,1.16,10.04
2,1,7.963,0.3,0.0,0.0,0.0055,-0.0053,0.0529,0.2585,1.18,10.26
2,1,7.983,0.3,0.0,0.0,0.0044,-0.0073,0.0532,0.2583,1.53,10.13
2,1,8.003,0.3,0.0,0.0,0.0076,-0.0091,0.0535,0.2581,1.67,9.67
2,1,8.026,0.3,0.0,0.0,0.0047,-0.0080,0.0540,0.2579,1.20,9.00
2,1,8.045,0.3,0.0,0.0,0.0044,-0.0052,0.0543,0.2578,0.80,8.37
2,1,8.063,0.3,0.0,0.0,0.0028,-0.0035,0.0543,0.2578,0.69,8.35
2,1,8.083,0.3,0.0,0.0,0.0018,-0.0015,0.0541,0.2579,0.90,7.91
2,1,8.105,0.3,0.0,0.0,-0.0023,-0.0009,0.0537,0.2580,1.69,6.95
2,1,8.132,0.3,0.0,0.0,-0.0022,-0.0002,0.0528,0.2583,2.29,6.94
2,1,8.145,0.3,0.0,0.0,-0.0131,0.0003,0.0523,0.2584,2.38,6.86
2,1,8.162,0.3,0.0,0.0,-0.0063,0.0005,0.0516,0.2586,2.18,7.82
2,1,8.184,0.3,0.0,0.0,-0.0075,-0.0014,0.0506,0.2587,1.35,8.25
2,1,8.204,0.3,0.0,0.0,-0.0081,0.0002,0.0498,0.2586,0.82,8.67
2,1,8.226,0.3,0.0,0.0,-0.0069,0.0012,0.0492,0.2584,0.79,8.99
2,1,8.250,0.3,0.0,0.0,-0.0032,0.0029,0.0485,0.2582,1.27,9.04
2,1,8.264,0.3,0.0,0.0,-0.0039,0.0047,0.0480,0.2580,1.86,9.24
2,1,8.282,0.3,0.0,0.0,-0.0033,0.0081,0.0477,0.2576,2.38,9.27
2,1,8.305,0.3,0.0,0.0,0.0012,0.0087,0.0479,0.2573,2.48,9.29
2,1,8.326,0.3,0.0,0.0,0.0024,0.0066,0.0482,0.2571,1.90,9.09
2,1,8.342,0.3,0.0,0.0,0.0042,0.0047,0.0485,0.2570,1.05,8.67
2,1,8.363,0.3,0.0,0.0,0.0025,0.0039,0.0486,0.2569,0.70,8.06
2,1,8.383,0.3,0.0,0.0,0.0010,0.0036,0.0485,0.2570,0.90,7.29
2,1,8.403,0.3,0.0,0.0,-0.0001,0.0053,0.0485,0.2572,2.27,6.75
2,1,8.426,0.3,0.0,0.0,-0.0003,0.0063,0.0486,0.2575,3.65,7.50
2,1,8.452,0.3,0.0,0.0,0.0003,0.0053,0.0492,0.2579,4.58,8.22
2,1,8.464,0.3,0.0,0.0,0.0008,0.0044,0.0500,0.2583,4.22,8.05
2,1,8.486,0.3,0.0,0.0,0.0020,0.0033,0.0507,0.2586,3.57,9.26
2,1,8.505,0.3,0.0,0.0,0.0014,0.0011,0.0512,0.2587,2.79,9.62
2,1,8.526,0.3,0.0,0.0,0.0035,-0.0030,0.0519,0.2588,1.43,9.99
2,1,8.546,0.3,0.0,0.0,0.0032,-0.0037,0.0524,0.2587,1.14,10.21
2,1,8.563,0.3,0.0,0.0,0.0037,-0.0051,0.0528,0.2586,1.10,10.25
2,1,8.584,0.3,0.0,0.0,0.0047,-0.0072,0.0531,0.2584,1.48,10.12
2,1,8.605,0.3,0.0,0.0,0.0087,-0.0096,0.0536,0.2582,1.65,9.69
2,1,8.625,0.3,0.0,0.0,0.0059,-0.0089,0.0539,0.2580,1.32,9.00
2,1,8.652,0.3,0.0,0.0,0.0042,-0.0059,0.0542,0.2580,0.85,8.35
2,1,8.663,0.3,0.0,0.0,0.0047,-0.0034,0.0542,0.2579,0.62,8.31
2,1,8.684,0.3,0.0,0.0,0.0016,-0.0019,0.0541,0.2580,0.79,7.49
2,1,8.705,0.3,0.0,0.0,-0.0003,-0.0010,0.0538,0.2581,1.58,6.95
2,1,8.726,0.3,0.0,0.0,-0.0026,-0.0007,0.0532,0.2583,2.14,7.05
2,1,8.747,0.3,0.0,0.0,-0.0062,0.0003,0.0526,0.2584,2.38,7.45
2,1,8.762,0.3,0.0,0.0,-0.0071,0.0005,0.0518,0.2586,2.10,7.86
2,1,8.786,0.3,0.0,0.0,-0.0066,-0.0012,0.0507,0.2586,1.10,8.30
2,1,8.804,0.3,0.0,0.0,-0.0091,0.0000,0.0500,0.2585,0.83,8.70
2,1,8.826,0.3,0.0,0.0,-0.0068,0.0012,0.0494,0.2584,0.82,9.01
2,1,8.845,0.3,0.0,0.0,-0.0042,0.0024,0.0488,0.2582,1.16,9.19
2,1,8.864,0.3,0.0,0.0,-0.0035,0.0040,0.0485,0.2580,1.73,9.24
2,1,8.892,0.3,0.0,0.0,-0.0013,0.0067,0.0480,0.2576,2.43,9.31
2,1,8.905,0.3,0.0,0.0,0.0008,0.0079,0.0480,0.2574,2.35,9.35
2,1,8.926,0.3,0.0,0.0,0.0017,0.0073,0.0482,0.2572,2.41,9.02
2,1,8.946,0.3,0.0,0.0,0.0048,0.0050,0.0485,0.2571,1.23,8.67
2,1,8.963,0.3,0.0,0.0,0.0026,0.0049,0.0486,0.2570,0.77,8.65
2,1,8.986,0.3,0.0,0.0,0.0013,0.0037,0.0486,0.2571,1.24,7.31
2,1,9.003,0.3,0.0,0.0,-0.0003,0.0050,0.0486,0.2573,2.22,6.76
2,2,9.034,0.6,0.0,0.0,0.0000,0.0059,0.0487,0.2576,3.55,7.49
2,2,9.047,0.6,0.0,0.0,0.0000,0.0059,0.0487,0.2576,3.55,7.49
2,2,9.069,0.6,0.0,0.0,0.0019,0.0053,0.0506,0.2584,4.44,8.73
2,2,9.084,0.6,0.0,0.0,0.0041,0.0006,0.0518,0.2587,3.18,9.23
2,2,9.104,0.6,0.0,0.0,0.0022,-0.0022,0.0525,0.2587,2.14,9.76
2,2,9.127,0.6,0.0,0.0,0.0039,-0.0032,0.0533,0.2586,1.36,10.34
2,2,9.143,0.6,0.0,0.0,0.0046,-0.0043,0.0540,0.2584,1.39,10.71
2,2,9.168,0.6,0.0,0.0,0.0085,-0.0080,0.0547,0.2580,2.51,10.84
2,2,9.185,0.6,0.0,0.0,0.0112,-0.0105,0.0549,0.2578,2.93,10.87
2,2,9.208,0.6,0.0,0.0,0.0118,-0.0129,0.0560,0.2572,3.10,10.21
2,2,9.229,0.6,0.0,0.0,0.0097,-0.0100,0.0570,0.2569,2.46,9.58
2,2,9.242,0.6,0.0,0.0,0.0145,-0.0076,0.0573,0.2568,2.10,8.91
2,2,9.263,0.6,0.0,0.0,0.0081,-0.0031,0.0575,0.2567,1.36,8.43
2,2,9.286,0.6,0.0,0.0,0.0036,-0.0015,0.0573,0.2568,0.92,7.85
2,2,9.303,0.6,0.0,0.0,0.0002,-0.0012,0.0571,0.2569,1.64,7.25
2,2,9.322,0.6,0.0,0.0,-0.0024,-0.0021,0.0564,0.2572,2.82,7.17
2,2,9.345,0.6,0.0,0.0,-0.0049,-0.0022,0.0555,0.2575,3.05,7.58
2,2,9.361,0.6,0.0,0.0,-0.0066,-0.0006,0.0546,0.2578,2.47,8.08
2,2,9.383,0.6,0.0,0.0,-0.0049,-0.0003,0.0541,0.2580,1.75,8.61
2,2,9.404,0.6,0.0,0.0,-0.0054,-0.0010,0.0537,0.2580,1.00,9.09
2,2,9.424,0.6,0.0,0.0,-0.0016,-0.0000,0.0535,0.2579,0.56,9.16
2,2,9.445,0.6,0.0,0.0,0.0003,0.0015,0.0535,0.2578,0.50,9.86
2,2,9.463,0.6,0.0,0.0,0.0039,0.0033,0.0537,0.2575,1.41,9.89
2,2,9.484,0.6,0.0,0.0,0.0060,0.0046,0.0540,0.2572,2.28,10.16
2,2,9.505,0.6,0.0,0.0,0.0103,0.0064,0.0544,0.2569,3.02,10.25
2,2,9.528,0.6,0.0,0.0,0.0135,0.0093,0.0550,0.2564,2.75,9.99
2,2,9.549,0.6,0.0,0.0,0.0102,0.0080,0.0558,0.2562,1.57,9.72
2,2,9.567,0.6,0.0,0.0,0.0057,0.0089,0.0560,0.2562,1.01,9.71
2,2,9.586,0.6,0.0,0.0,0.0082,0.0101,0.0562,0.2562,0.81,8.36
2,2,9.617,0.6,0.0,0.0,0.0050,0.0114,0.0559,0.2566,3.36,7.02
2,2,9.631,0.6,0.0,0.0,0.0023,0.0114,0.0559,0.2566,3.31,6.99
2,2,9.645,0.6,0.0,0.0,0.0062,0.0110,0.0557,0.2569,4.08,7.52
2,2,9.674,0.6,0.0,0.0,0.0070,0.0062,0.0561,0.2576,3.90,8.57
2,2,9.691,0.6,0.0,0.0,0.0073,0.0050,0.0564,0.2578,3.16,8.54
2,2,9.704,0.6,0.0,0.0,0.0000,0.0050,0.0564,0.2578,3.16,8.54
2,2,9.725,0.6,0.0,0.0,0.0086,0.0002,0.0575,0.2580,1.35,9.59
2,2,9.746,0.6,0.0,0.0,0.0063,-0.0032,0.0582,0.2578,1.00,10.32
2,2,9.765,0.6,0.0,0.0,0.0074,-0.0056,0.0586,0.2575,1.24,10.36
2,2,9.782,0.6,0.0,0.0,0.0101,-0.0092,0.0590,0.2573,2.01,10.32
2,2,9.804,0.6,0.0,0.0,0.0077,-0.0104,0.0595,0.2570,2.28,9.84
2,2,9.825,0.6,0.0,0.0,0.0026,-0.0068,0.0597,0.2569,2.17,9.34
2,2,9.846,0.6,0.0,0.0,0.0070,-0.0031,0.0598,0.2568,1.51,8.96
2,2,9.863,0.6,0.0,0.0,0.0068,-0.0018,0.0598,0.2567,1.21,8.55
2,2,9.887,0.6,0.0,0.0,0.0010,-0.0013,0.0596,0.2567,1.00,8.53
2,2,9.905,0.6,0.0,0.0,0.0018,-0.0015,0.0591,0.2569,1.96,7.45
2,2,9.926,0.6,0.0,0.0,-0.0020,-0.0024,0.0584,0.2571,2.88,7.23
2,2,9.945,0.6,0.0,0.0,-0.0035,-0.0030,0.0578,0.2573,3.25,7.09
2,2,9.965,0.6,0.0,0.0,-0.0059,-0.0016,0.0563,0.2578,3.02,8.06
2,2,9.984,0.6,0.0,0.0,-0.0047,0.0001,0.0555,0.2579,2.15,8.58
2,2,10.004,0.6,0.0,0.0,-0.0057,-0.0005,0.0551,0.2580,1.56,8.61
2,2,10.026,0.6,0.0,0.0,-0.0030,0.0003,0.0545,0.2579,0.46,9.58
2,2,10.045,0.6,0.0,0.0,-0.0005,0.0012,0.0544,0.2578,0.46,9.92
2,2,10.064,0.6,0.0,0.0,0.0018,0.0027,0.0545,0.2575,1.32,10.08
2,2,10.089,0.6,0.0,0.0,0.0053,0.0034,0.0547,0.2571,2.22,10.24
2,2,10.105,0.6,0.0,0.0,0.0130,0.0042,0.0551,0.2567,2.49,10.22
2,2,10.125,0.6,0.0,0.0,0.0030,0.0059,0.0554,0.2565,2.10,10.00
2,2,10.144,0.6,0.0,0.0,0.0094,0.0061,0.0557,0.2564,1.74,9.65
2,2,10.167,0.6,0.0,0.0,0.0100,0.0087,0.0560,0.2564,0.96,9.12
2,2,10.190,0.6,0.0,0.0,0.0047,0.0095,0.0560,0.2564,0.83,8.31
2,2,10.208,0.6,0.0,0.0,0.0044,0.0095,0.0560,0.2566,2.03,7.07
2,2,10.230,0.6,0.0,0.0,0.0023,0.0100,0.0559,0.2568,3.26,6.97
2,2,10.247,0.6,0.0,0.0,0.0024,0.0105,0.0558,0.2569,3.79,7.55
2,2,10.264,0.6,0.0,0.0,0.0027,0.0085,0.0558,0.2572,4.44,8.25
2,2,10.283,0.6,0.0,0.0,0.0075,0.0044,0.0563,0.2577,3.58,9.14
2,2,10.304,0.6,0.0,0.0,0.0044,0.0016,0.0569,0.2579,2.25,9.59
2,2,10.328,0.6,0.0,0.0,0.0049,-0.0025,0.0579,0.2578,1.06,10.06
2,2,10.351,0.6,0.0,0.0,0.0034,-0.0033,0.0584,0.2577,0.84,10.40
2,2,10.371,0.6,0.0,0.0,0.0041,-0.0045,0.0586,0.2575,0.98,10.43
2,2,10.386,0.6,0.0,0.0,0.0087,-0.0075,0.0590,0.2573,1.64,10.51
2,2,10.404,0.6,0.0,0.0,0.0065,-0.0099,0.0594,0.2571,2.05,10.34
2,2,10.425,0.6,0.0,0.0,0.0063,-0.0083,0.0598,0.2569,1.80,9.33
2,2,10.446,0.6,0.0,0.0,0.0041,-0.0053,0.0599,0.2568,1.52,9.32
2,2,10.464,0.6,0.0,0.0,0.0051,-0.0030,0.0599,0.2567,1.17,8.95
2,2,10.484,0.6,0.0,0.0,0.0022,-0.0011,0.0596,0.2568,1.41,8.06
2,2,10.506,0.6,0.0,0.0,-0.0006,-0.0019,0.0591,0.2569,2.34,7.47
2,2,10.526,0.6,0.0,0.0,-0.0023,-0.0026,0.0584,0.2572,2.91,7.13
2,2,10.544,0.6,0.0,0.0,-0.0035,-0.0029,0.0576,0.2575,3.33,7.58
2,2,10.565,0.6,0.0,0.0,-0.0034,-0.0026,0.0570,0.2576,3.25,7.48
2,2,10.586,0.6,0.0,0.0,-0.0068,-0.0002,0.0559,0.2579,2.38,8.55
2,2,10.605,0.6,0.0,0.0,-0.0051,-0.0008,0.0553,0.2580,1.44,9.05
2,2,10.623,0.6,0.0,0.0,-0.0052,0.0002,0.0548,0.2579,0.55,9.53
2,2,10.642,0.6,0.0,0.0,-0.0010,0.0013,0.0547,0.2578,0.53,9.92
2,2,10.661,0.6,0.0,0.0,0.0023,0.0026,0.0548,0.2574,1.35,10.15
2,2,10.682,0.6,0.0,0.0,0.0028,0.0030,0.0549,0.2572,1.84,10.19
2,2,10.701,0.6,0.0,0.0,0.0116,0.0046,0.0553,0.2568,2.13,10.20
2,2,10.724,0.6,0.0,0.0,0.0098,0.0056,0.0558,0.2566,1.70,9.99
2,2,10.745,0.6,0.0,0.0,0.0068,0.0059,0.0561,0.2564,1.03,9.61
2,2,10.764,0.6,0.0,0.0,0.0062,0.0056,0.0563,0.2564,0.52,9.04
2,2,10.784,0.6,0.0,0.0,0.0036,0.0063,0.0562,0.2565,1.16,8.22
2,2,10.803,0.6,0.0,0.0,0.0015,0.0076,0.0561,0.2567,2.55,7.01
2,2,10.823,0.6,0.0,0.0,0.0018,0.0089,0.0559,0.2572,4.03,7.49
2,2,10.844,0.6,0.0,0.0,0.0017,0.0083,0.0559,0.2574,4.28,7.36
2,2,10.866,0.6,0.0,0.0,0.0026,0.0049,0.0562,0.2580,3.67,8.60
2,2,10.886,0.6,0.0,0.0,0.0018,0.0019,0.0566,0.2583,2.19,9.15
2,2,10.905,0.6,0.0,0.0,0.0026,-0.0003,0.0570,0.2583,1.23,9.17
2,2,10.928,0.6,0.0,0.0,0.0031,-0.0024,0.0577,0.2582,0.80,10.15
2,2,10.943,0.6,0.0,0.0,0.0032,-0.0030,0.0579,0.2581,0.82,10.19
2,2,10.963,0.6,0.0,0.0,0.0058,-0.0066,0.0584,0.2578,1.67,10.53
2,2,10.983,0.6,0.0,0.0,0.0021,-0.0079,0.0586,0.2577,1.93,10.54
2,2,11.005,0.6,0.0,0.0,0.0119,-0.0094,0.0593,0.2573,2.10,9.88
2,2,11.023,0.6,0.0,0.0,0.0066,-0.0062,0.0598,0.2571,1.81,9.25
2,2,11.045,0.6,0.0,0.0,0.0087,-0.0039,0.0599,0.2570,1.37,8.88
2,2,11.069,0.6,0.0,0.0,0.0033,-0.0020,0.0598,0.2569,0.95,8.43
2,2,11.085,0.6,0.0,0.0,0.0012,-0.0012,0.0596,0.2570,0.83,7.97
2,2,11.105,0.6,0.0,0.0,-0.0010,-0.0018,0.0592,0.2571,2.04,7.47
2,2,11.125,0.6,0.0,0.0,-0.0026,-0.0024,0.0589,0.2572,2.49,7.34
2,2,11.146,0.6,0.0,0.0,-0.0044,-0.0028,0.0575,0.2577,3.23,7.52
2,2,11.166,0.6,0.0,0.0,-0.0078,-0.0013,0.0566,0.2579,2.83,7.98
2,2,11.189,0.6,0.0,0.0,-0.0051,-0.0000,0.0557,0.2581,1.72,8.53
2,2,11.204,0.6,0.0,0.0,-0.0068,-0.0009,0.0552,0.2581,1.00,9.05
2,2,11.228,0.6,0.0,0.0,-0.0027,-0.0005,0.0550,0.2581,0.72,9.09
2,2,11.246,0.6,0.0,0.0,-0.0007,0.0010,0.0547,0.2579,0.52,9.85
2,2,11.264,0.6,0.0,0.0,0.0018,0.0026,0.0548,0.2576,1.31,10.06
2,2,11.287,0.6,0.0,0.0,0.0059,0.0041,0.0550,0.2572,2.13,10.18
2,2,11.313,0.6,0.0,0.0,0.0062,0.0041,0.0552,0.2568,2.52,10.21
2,2,11.330,0.6,0.0,0.0,0.0135,0.0050,0.0556,0.2566,1.94,9.98
2,2,11.347,0.6,0.0,0.0,0.0023,0.0050,0.0556,0.2566,1.94,10.00
2,2,11.366,0.6,0.0,0.0,0.0077,0.0060,0.0558,0.2566,1.49,9.63
2,2,11.391,0.6,0.0,0.0,0.0059,0.0078,0.0561,0.2565,0.85,9.08
2,2,11.404,0.6,0.0,0.0,0.0048,0.0082,0.0561,0.2566,1.47,8.24
2,2,11.424,0.6,0.0,0.0,0.0052,0.0086,0.0559,0.2571,3.94,7.69
2,2,11.443,0.6,0.0,0.0,0.0028,0.0082,0.0558,0.2575,4.64,8.14
2,2,11.467,0.6,0.0,0.0,0.0023,0.0060,0.0559,0.2579,4.28,8.65
2,2,11.486,0.6,0.0,0.0,0.0040,0.0036,0.0563,0.2581,3.18,9.17
2,2,11.503,0.6,0.0,0.0,0.0036,-0.0004,0.0569,0.2583,1.64,9.66
2,2,11.524,0.6,0.0,0.0,0.0027,-0.0018,0.0574,0.2582,0.99,10.11
2,2,11.542,0.6,0.0,0.0,0.0031,-0.0029,0.0578,0.2581,0.82,10.43
2,2,11.562,0.6,0.0,0.0,0.0062,-0.0065,0.0583,0.2578,1.58,10.55
2,2,11.583,0.6,0.0,0.0,0.0083,-0.0100,0.0589,0.2574,2.13,10.35
2,2,11.606,0.6,0.0,0.0,0.0076,-0.0096,0.0596,0.2571,2.05,9.86
2,2,11.624,0.6,0.0,0.0,0.0103,-0.0065,0.0600,0.2569,1.83,9.28
2,2,11.641,0.6,0.0,0.0,0.0051,-0.0040,0.0601,0.2568,1.29,8.88
2,2,11.661,0.6,0.0,0.0,0.0051,-0.0022,0.0600,0.2568,1.00,8.43
2,2,11.683,0.6,0.0,0.0,0.0012,-0.0015,0.0597,0.2569,1.42,7.92
2,2,11.701,0.6,0.0,0.0,-0.0008,-0.0017,0.0594,0.2570,1.71,7.35
2,2,11.723,0.6,0.0,0.0,-0.0057,-0.0026,0.0584,0.2574,2.94,6.98
2,2,11.741,0.6,0.0,0.0,-0.0071,-0.0021,0.0574,0.2578,2.96,7.39
2,2,11.763,0.6,0.0,0.0,-0.0039,-0.0013,0.0569,0.2579,2.74,7.94
2,2,11.785,0.6,0.0,0.0,-0.0078,-0.0001,0.0560,0.2581,1.80,8.48
2,2,11.805,0.6,0.0,0.0,-0.0054,-0.0010,0.0557,0.2582,1.33,8.50
2,2,11.833,0.6,0.0,0.0,-0.0026,0.0002,0.0551,0.2581,0.48,9.44
2,2,11.845,0.6,0.0,0.0,-0.0012,0.0006,0.0550,0.2580,0.41,9.48
2,2,11.867,0.6,0.0,0.0,0.0005,0.0019,0.0549,0.2578,0.73,9.80
2,2,11.881,0.6,0.0,0.0,0.0039,0.0033,0.0550,0.2574,1.82,10.09
2,2,11.903,0.6,0.0,0.0,0.0102,0.0046,0.0553,0.2570,2.22,10.13
2,2,11.923,0.6,0.0,0.0,0.0106,0.0054,0.0558,0.2568,1.89,9.93
2,2,11.942,0.6,0.0,0.0,0.0052,0.0054,0.0561,0.2567,1.52,9.95
2,2,11.962,0.6,0.0,0.0,0.0099,0.0064,0.0565,0.2566,0.70,9.04
2,2,11.982,0.6,0.0,0.0,0.0037,0.0069,0.0564,0.2567,1.26,8.10
2,2,12.003,0.6,0.0,0.0,0.0014,0.0084,0.0562,0.2569,2.29,6.82
2,2,12.022,0.6,0.0,0.0,0.0018,0.0078,0.0560,0.2573,3.83,7.51
2,2,12.041,0.6,0.0,0.0,0.0020,0.0061,0.0561,0.2578,4.17,8.10
2,2,12.061,0.6,0.0,0.0,0.0015,0.0040,0.0564,0.2581,3.52,8.64
2,2,12.082,0.6,0.0,0.0,0.0016,0.0016,0.0567,0.2584,2.14,9.23
2,2,12.104,0.6,0.0,0.0,0.0016,-0.0009,0.0572,0.2584,1.08,9.74
2,2,12.123,0.6,0.0,0.0,0.0019,-0.0024,0.0576,0.2583,0.80,10.16
2,2,12.141,0.6,0.0,0.0,0.0028,-0.0031,0.0580,0.2582,0.78,10.48
2,2,12.161,0.6,0.0,0.0,0.0064,-0.0076,0.0585,0.2578,1.88,10.56
2,2,12.183,0.6,0.0,0.0,0.0087,-0.0101,0.0591,0.2575,2.08,10.35
2,2,12.204,0.6,0.0,0.0,0.0101,-0.0097,0.0599,0.2572,2.09,9.87
2,2,12.230,0.6,0.0,0.0,0.0042,-0.0074,0.0603,0.2570,1.91,9.24
2,2,12.247,0.6,0.0,0.0,0.0064,-0.0055,0.0604,0.2569,1.64,9.24
2,2,12.261,0.6,0.0,0.0,0.0050,-0.0035,0.0605,0.2568,1.11,8.47
2,2,12.290,0.6,0.0,0.0,0.0025,-0.0021,0.0601,0.2569,1.49,7.96
2,2,12.305,0.6,0.0,0.0,0.0001,-0.0020,0.0600,0.2570,1.61,7.93
2,2,12.324,0.6,0.0,0.0,-0.0027,-0.0025,0.0593,0.2572,2.55,7.16
2,2,12.343,0.6,0.0,0.0,-0.0055,-0.0030,0.0583,0.2576,3.13,7.50
2,2,12.361,0.6,0.0,0.0,-0.0020,-0.0025,0.0578,0.2577,2.96,7.42
2,2,12.384,0.6,0.0,0.0,-0.0094,-0.0005,0.0566,0.2580,1.88,8.47
2,2,12.404,0.6,0.0,0.0,-0.0059,-0.0008,0.0559,0.2580,0.88,9.05
2,2,12.423,0.6,0.0,0.0,-0.0027,-0.0000,0.0556,0.2580,0.40,9.51
2,2,12.443,0.6,0.0,0.0,-0.0011,0.0012,0.0555,0.2578,0.63,9.82
2,2,12.461,0.6,0.0,0.0,0.0019,0.0021,0.0554,0.2575,1.23,10.03
2,2,12.483,0.6,0.0,0.0,0.0042,0.0028,0.0555,0.2572,1.73,10.09
2,2,12.503,0.6,0.0,0.0,0.0063,0.0038,0.0557,0.2570,1.83,10.02
2,2,12.524,0.6,0.0,0.0,0.0085,0.0047,0.0560,0.2568,1.61,9.82
2,2,12.542,0.6,0.0,0.0,0.0076,0.0056,0.0563,0.2567,1.02,9.46
2,2,12.561,0.6,0.0,0.0,0.0049,0.0055,0.0565,0.2567,0.62,8.89
2,2,12.583,0.6,0.0,0.0,0.0022,0.0055,0.0564,0.2568,1.40,8.02
2,2,12.605,0.6,0.0,0.0,0.0009,0.0071,0.0563,0.2570,2.52,6.76
2,2,12.624,0.6,0.0,0.0,0.0009,0.0067,0.0563,0.2572,3.57,7.69
2,2,12.641,0.6,0.0,0.0,0.0013,0.0057,0.0564,0.2577,4.18,8.18
2,2,12.661,0.6,0.0,0.0,0.0011,0.0037,0.0568,0.2581,3.35,8.61
2,2,12.683,0.6,0.0,0.0,0.0010,0.0013,0.0571,0.2583,2.00,9.22
2,2,12.703,0.6,0.0,0.0,0.0009,-0.0002,0.0575,0.2584,1.16,9.73
2,2,12.724,0.6,0.0,0.0,0.0022,-0.0020,0.0579,0.2583,0.73,10.16
2,2,12.741,0.6,0.0,0.0,0.0027,-0.0037,0.0584,0.2581,0.91,10.47
2,2,12.761,0.6,0.0,0.0,0.0062,-0.0067,0.0588,0.2578,1.64,10.55
2,2,12.781,0.6,0.0,0.0,0.0077,-0.0100,0.0595,0.2575,2.09,10.36
2,2,12.803,0.6,0.0,0.0,0.0102,-0.0096,0.0601,0.2572,2.06,9.86
2,2,12.823,0.6,0.0,0.0,0.0070,-0.0059,0.0606,0.2570,1.73,9.23
2,2,12.843,0.6,0.0,0.0,0.0058,-0.0045,0.0607,0.2569,1.38,8.82
2,2,12.863,0.6,0.0,0.0,0.0049,-0.0025,0.0606,0.2568,1.07,8.40
2,2,12.883,0.6,0.0,0.0,0.0014,-0.0016,0.0603,0.2569,1.19,7.89
2,2,12.903,0.6,0.0,0.0,-0.0012,-0.0017,0.0599,0.2571,1.72,7.37
2,2,12.922,0.6,0.0,0.0,-0.0038,-0.0023,0.0591,0.2574,2.66,7.00
2,2,12.941,0.6,0.0,0.0,-0.0063,-0.0024,0.0581,0.2577,2.94,7.40
2,2,12.961,0.6,0.0,0.0,-0.0038,-0.0017,0.0577,0.2579,2.78,7.92
2,2,12.983,0.6,0.0,0.0,-0.0100,-0.0007,0.0566,0.2581,1.60,8.45
2,2,13.003,0.6,0.0,0.0,-0.0055,-0.0007,0.0560,0.2581,0.76,9.03
2,2,13.023,0.6,0.0,0.0,-0.0025,0.0000,0.0557,0.2580,0.35,9.48
2,2,13.041,0.6,0.0,0.0,-0.0009,0.0011,0.0555,0.2578,0.62,9.78
2,2,13.061,0.6,0.0,0.0,0.0025,0.0024,0.0555,0.2575,1.45,10.00
2,2,13.083,0.6,0.0,0.0,0.0043,0.0031,0.0555,0.2572,2.10,10.04
2,2,13.103,0.6,0.0,0.0,0.0082,0.0036,0.0556,0.2569,2.06,10.03
2,2,13.122,0.6,0.0,0.0,0.0077,0.0046,0.0560,0.2567,1.84,9.83
2,2,13.141,0.6,0.0,0.0,0.0093,0.0059,0.0565,0.2566,1.13,9.50
2,2,13.161,0.6,0.0,0.0,0.0061,0.0066,0.0567,0.2566,0.72,8.90
2,2,13.183,0.6,0.0,0.0,0.0033,0.0065,0.0566,0.2568,1.53,7.98
2,2,13.203,0.6,0.0,0.0,0.0019,0.0079,0.0564,0.2571,3.00,6.69
2,2,13.222,0.6,0.0,0.0,0.0012,0.0088,0.0563,0.2574,3.78,7.50
2,2,13.241,0.6,0.0,0.0,0.0015,0.0058,0.0564,0.2579,4.08,8.07
2,2,13.261,0.6,0.0,0.0,0.0012,0.0030,0.0567,0.2583,2.99,8.64
2,2,13.284,0.6,0.0,0.0,0.0010,0.0008,0.0570,0.2585,1.77,9.27
2,2,13.305,0.6,0.0,0.0,0.0007,-0.0005,0.0574,0.2585,1.01,9.77
2,2,13.323,0.6,0.0,0.0,0.0013,-0.0014,0.0576,0.2585,0.78,10.16
2,2,13.341,0.6,0.0,0.0,0.0033,-0.0033,0.0581,0.2583,0.84,10.47
2,2,13.361,0.6,0.0,0.0,0.0061,-0.0077,0.0586,0.2579,1.87,10.59
2,2,13.384,0.6,0.0,0.0,0.0063,-0.0101,0.0591,0.2576,2.16,10.38
2,2,13.404,0.6,0.0,0.0,0.0080,-0.0101,0.0599,0.2573,2.19,9.91
2,2,13.426,0.6,0.0,0.0,0.0098,-0.0073,0.0603,0.2571,2.01,9.27
2,2,13.443,0.6,0.0,0.0,0.0060,-0.0048,0.0604,0.2570,1.45,8.78
2,2,13.466,0.6,0.0,0.0,0.0038,-0.0031,0.0604,0.2569,0.98,8.37
2,2,13.482,0.6,0.0,0.0,0.0024,-0.0020,0.0603,0.2570,0.95,7.89
2,2,13.503,0.6,0.0,0.0,-0.0001,-0.0021,0.0600,0.2571,2.09,7.37
2,2,13.526,0.6,0.0,0.0,-0.0032,-0.0029,0.0592,0.2574,2.70,7.01
2,2,13.543,0.6,0.0,0.0,-0.0039,-0.0027,0.0585,0.2576,2.90,7.44
2,2,13.569,0.6,0.0,0.0,-0.0056,0.0001,0.0573,0.2580,2.23,7.89
2,2,13.583,0.6,0.0,0.0,-0.0077,0.0002,0.0569,0.2581,1.74,7.90
2,2,13.610,0.6,0.0,0.0,-0.0041,-0.0008,0.0564,0.2581,0.95,8.98
2,2,13.624,0.6,0.0,0.0,-0.0029,-0.0008,0.0564,0.2581,0.95,8.98
2,2,13.645,0.6,0.0,0.0,-0.0018,0.0004,0.0559,0.2580,0.35,9.70
2,2,13.663,0.6,0.0,0.0,0.0002,0.0017,0.0558,0.2578,0.94,9.90
2,2,13.684,0.6,0.0,0.0,0.0024,0.0029,0.0558,0.2574,1.65,10.01
2,2,13.714,0.6,0.0,0.0,0.0064,0.0040,0.0562,0.2570,1.90,10.04
2,2,13.728,0.6,0.0,0.0,0.0066,0.0043,0.0564,0.2569,1.89,10.09
2,2,13.747,0.6,0.0,0.0,0.0089,0.0056,0.0567,0.2568,1.55,9.47
2,2,13.762,0.6,0.0,0.0,0.0076,0.0067,0.0569,0.2567,0.86,8.89
2,2,13.784,0.6,0.0,0.0,0.0035,0.0068,0.0569,0.2568,1.12,8.06
2,2,13.805,0.6,0.0,0.0,0.0019,0.0066,0.0568,0.2570,2.38,6.80
2,2,13.824,0.6,0.0,0.0,0.0013,0.0079,0.0567,0.2573,3.52,7.63
2,2,13.846,0.6,0.0,0.0,0.0011,0.0057,0.0567,0.2578,4.17,8.13
2,2,13.864,0.6,0.0,0.0,0.0004,0.0050,0.0568,0.2579,3.97,8.10
2,2,13.885,0.6,0.0,0.0,0.0014,0.0028,0.0571,0.2582,2.83,9.22
2,2,13.907,0.6,0.0,0.0,0.0011,0.0021,0.0572,0.2583,2.49,9.23
2,2,13.922,0.6,0.0,0.0,0.0022,-0.0019,0.0580,0.2583,1.07,9.73
2,2,13.951,0.6,0.0,0.0,0.0041,-0.0038,0.0587,0.2580,0.98,10.44
2,2,13.964,0.6,0.0,0.0,0.0054,-0.0053,0.0590,0.2579,1.31,10.47
2,2,13.986,0.6,0.0,0.0,0.0052,-0.0079,0.0595,0.2576,1.82,10.58
2,2,14.006,0.6,0.0,0.0,0.0100,-0.0112,0.0602,0.2572,2.29,9.97
2,2,14.029,0.6,0.0,0.0,0.0074,-0.0077,0.0606,0.2570,1.75,9.26
2,2,14.044,0.6,0.0,0.0,0.0000,-0.0064,0.0607,0.2570,1.60,9.26
2,2,14.065,0.6,0.0,0.0,0.0042,-0.0034,0.0606,0.2569,1.07,8.37
2,2,14.089,0.6,0.0,0.0,0.0009,-0.0029,0.0606,0.2569,1.13,8.35
2,2,14.104,0.6,0.0,0.0,0.0014,-0.0023,0.0604,0.2570,1.31,7.88
2,2,14.125,0.6,0.0,0.0,-0.0013,-0.0024,0.0599,0.2572,2.28,7.36
2,2,14.149,0.6,0.0,0.0,-0.0026,-0.0030,0.0588,0.2576,3.08,7.48
2,2,14.166,0.6,0.0,0.0,-0.0043,-0.0028,0.0586,0.2577,3.02,7.44
2,2,14.186,0.6,0.0,0.0,-0.0049,-0.0009,0.0578,0.2579,2.57,7.88
2,2,14.208,0.6,0.0,0.0,-0.0060,-0.0007,0.0570,0.2580,1.45,8.42
2,2,14.224,0.6,0.0,0.0,-0.0021,-0.0008,0.0567,0.2580,0.96,8.95
2,2,14.244,0.6,0.0,0.0,-0.0031,0.0011,0.0562,0.2578,0.46,9.73
2,2,14.263,0.6,0.0,0.0,0.0001,0.0018,0.0562,0.2577,0.94,9.93
2,2,14.283,0.6,0.0,0.0,0.0028,0.0029,0.0562,0.2573,1.59,9.99
2,2,14.309,0.6,0.0,0.0,0.0071,0.0035,0.0564,0.2569,2.26,10.03
2,2,14.325,0.6,0.0,0.0,0.0091,0.0040,0.0566,0.2567,1.93,9.81
2,2,14.345,0.6,0.0,0.0,0.0044,0.0047,0.0568,0.2566,1.56,9.85
2,2,14.365,0.6,0.0,0.0,0.0064,0.0059,0.0570,0.2566,0.94,9.47
2,2,14.389,0.6,0.0,0.0,0.0033,0.0063,0.0571,0.2566,0.76,8.92
2,2,14.404,0.6,0.0,0.0,0.0025,0.0072,0.0571,0.2567,1.78,8.03
2,2,14.424,0.6,0.0,0.0,0.0017,0.0082,0.0569,0.2570,3.53,7.77
2,2,14.441,0.6,0.0,0.0,0.0021,0.0059,0.0568,0.2575,4.40,8.15
2,2,14.463,0.6,0.0,0.0,0.0023,0.0038,0.0572,0.2579,3.49,8.66
2,2,14.482,0.6,0.0,0.0,0.0019,0.0018,0.0576,0.2581,2.15,9.27
2,2,14.505,0.6,0.0,0.0,0.0012,0.0003,0.0579,0.2582,1.51,9.28
2,2,14.524,0.6,0.0,0.0,0.0010,-0.0012,0.0582,0.2582,0.89,9.79
2,2,14.547,0.6,0.0,0.0,0.0026,-0.0030,0.0588,0.2580,0.76,10.45
2,2,14.576,0.6,0.0,0.0,0.0027,-0.0044,0.0591,0.2579,1.13,10.54
2,2,14.591,0.6,0.0,0.0,0.0125,-0.0044,0.0591,0.2579,1.13,10.54
2,2,14.605,0.6,0.0,0.0,0.0054,-0.0098,0.0597,0.2574,1.98,10.41
2,2,14.627,0.6,0.0,0.0,0.0063,-0.0088,0.0603,0.2571,1.98,9.31
2,2,14.645,0.6,0.0,0.0,0.0038,-0.0072,0.0603,0.2571,1.76,9.36
2,2,14.669,0.6,0.0,0.0,0.0058,-0.0033,0.0604,0.2570,1.24,8.35
2,2,14.683,0.6,0.0,0.0,0.0019,-0.0016,0.0603,0.2570,0.83,8.29
2,2,14.710,0.6,0.0,0.0,-0.0001,-0.0012,0.0600,0.2571,1.25,7.82
2,2,14.728,0.6,0.0,0.0,-0.0026,-0.0022,0.0595,0.2574,2.41,7.04
2,2,14.746,0.6,0.0,0.0,-0.0052,-0.0026,0.0586,0.2577,2.83,7.41
2,2,14.768,0.6,0.0,0.0,-0.0025,-0.0023,0.0584,0.2578,2.76,7.37
2,2,14.785,0.6,0.0,0.0,-0.0051,-0.0004,0.0577,0.2580,2.34,7.86
2,2,14.805,0.6,0.0,0.0,-0.0054,-0.0006,0.0571,0.2581,1.57,8.87
2,2,14.825,0.6,0.0,0.0,-0.0040,-0.0005,0.0567,0.2580,0.89,8.90
2,2,14.847,0.6,0.0,0.0,-0.0017,-0.0005,0.0567,0.2580,0.89,8.90
2,2,14.865,0.6,0.0,0.0,0.0002,0.0023,0.0563,0.2576,1.05,9.83
2,2,14.888,0.6,0.0,0.0,0.0028,0.0030,0.0563,0.2574,1.59,9.95
2,2,14.908,0.6,0.0,0.0,0.0000,0.0032,0.0564,0.2573,1.81,10.03
2,2,14.936,0.6,0.0,0.0,0.0072,0.0042,0.0567,0.2570,1.74,9.79
2,2,14.944,0.6,0.0,0.0,0.0000,0.0044,0.0568,0.2569,1.64,9.80
2,2,14.971,0.6,0.0,0.0,0.0056,0.0050,0.0570,0.2568,1.24,9.40
2,2,14.983,0.6,0.0,0.0,0.0058,0.0067,0.0572,0.2568,0.87,8.85
2,2,15.004,0.6,0.0,0.0,0.0028,0.0061,0.0571,0.2570,2.17,6.86
2,2,15.026,0.6,0.0,0.0,0.0018,0.0068,0.0571,0.2572,2.81,6.73
2,3,15.051,0.0,0.0,0.5,0.0000,0.0050,0.0570,0.2576,4.10,8.35
2,3,15.065,0.0,0.0,0.5,0.0031,0.0043,0.0572,0.2578,3.84,8.19
2,3,15.089,0.0,0.0,0.5,0.0050,0.0968,0.0578,0.2583,5.90,8.16
2,3,15.109,0.0,0.0,0.5,0.0054,0.1552,0.0583,0.2587,7.16,8.10
2,3,15.131,0.0,0.0,0.5,0.0121,0.2259,0.0594,0.2595,5.68,8.90
2,3,15.147,0.0,0.0,0.5,0.0106,0.2123,0.0597,0.2598,4.64,8.87
2,3,15.165,0.0,0.0,0.5,0.0185,0.1546,0.0603,0.2599,3.15,9.96
2,3,15.186,0.0,0.0,0.5,0.0100,0.1144,0.0610,0.2595,2.72,10.12
2,3,15.208,0.0,0.0,0.5,0.0153,0.0764,0.0629,0.2587,4.87,9.71
2,3,15.226,0.0,0.0,0.5,0.0061,0.0717,0.0633,0.2586,5.46,9.71
2,3,15.244,0.0,0.0,0.5,0.0061,0.0668,0.0640,0.2576,6.80,8.54
2,3,15.261,0.0,0.0,0.5,0.0020,0.0614,0.0641,0.2571,5.80,7.63
2,3,15.283,0.0,0.0,0.5,0.0009,0.0862,0.0642,0.2567,3.95,6.46
2,3,15.304,0.0,0.0,0.5,-0.0025,0.1309,0.0641,0.2564,3.04,8.56
2,3,15.323,0.0,0.0,0.5,-0.0074,0.1816,0.0634,0.2563,3.62,10.53
2,3,15.342,0.0,0.0,0.5,-0.0099,0.2749,0.0616,0.2563,7.69,11.36
2,3,15.361,0.0,0.0,0.5,-0.0113,0.3403,0.0595,0.2560,7.53,11.16
2,3,15.384,0.0,0.0,0.5,-0.0056,0.3630,0.0576,0.2556,5.94,10.38
2,3,15.405,0.0,0.0,0.5,-0.0005,0.3543,0.0567,0.2553,5.95,10.50
2,3,15.442,0.0,0.0,0.5,0.0048,0.3434,0.0555,0.2549,5.10,10.60
2,3,15.447,0.0,0.0,0.5,0.0048,0.3446,0.0553,0.2549,4.90,10.52
2,3,15.477,0.0,0.0,0.5,0.0121,0.3568,0.0547,0.2548,4.56,10.37
2,3,15.489,0.0,0.0,0.5,0.0120,0.3624,0.0546,0.2548,4.60,10.37
2,3,15.503,0.0,0.0,0.5,0.0418,0.3818,0.0540,0.2553,5.01,9.90
2,3,15.522,0.0,0.0,0.5,0.0343,0.3976,0.0526,0.2564,5.21,9.62
2,3,15.541,0.0,0.0,0.5,0.0258,0.4060,0.0506,0.2573,5.21,9.41
2,3,15.561,0.0,0.0,0.5,0.0328,0.4390,0.0474,0.2590,4.82,9.19
2,3,15.583,0.0,0.0,0.5,0.0266,0.3810,0.0459,0.2592,6.16,9.07
2,3,15.603,0.0,0.0,0.5,0.0326,0.3032,0.0472,0.2593,4.87,8.99
2,3,15.624,0.0,0.0,0.5,0.0238,0.2559,0.0490,0.2597,4.76,8.95
2,3,15.641,0.0,0.0,0.5,0.0328,0.2145,0.0503,0.2604,6.72,7.94
2,3,15.661,0.0,0.0,0.5,0.0213,0.1710,0.0500,0.2612,6.30,9.15
2,3,15.682,0.0,0.0,0.5,0.0255,0.1298,0.0502,0.2613,7.00,10.31
2,3,15.703,0.0,0.0,0.5,0.0264,0.0916,0.0515,0.2614,7.13,11.11
2,3,15.721,0.0,0.0,0.5,0.0259,0.0730,0.0534,0.2607,8.10,11.23
2,3,15.742,0.0,0.0,0.5,0.0107,0.0732,0.0546,0.2598,10.44,10.87
2,3,15.761,0.0,0.0,0.5,0.0230,0.0920,0.0551,0.2583,6.02,10.61
2,3,15.783,0.0,0.0,0.5,0.0182,0.1202,0.0551,0.2573,11.09,10.33
2,3,15.804,0.0,0.0,0.5,0.0218,0.1285,0.0555,0.2558,12.50,9.97
2,3,15.823,0.0,0.0,0.5,0.0182,0.0907,0.0571,0.2547,9.70,9.06
2,3,15.841,0.0,0.0,0.5,0.0285,0.0939,0.0584,0.2541,6.53,8.19
2,3,15.861,0.0,0.0,0.5,0.0264,0.1564,0.0590,0.2539,5.00,9.93
2,3,15.882,0.0,0.0,0.5,0.0249,0.2513,0.0585,0.2544,8.38,10.68
2,3,15.903,0.0,0.0,0.5,0.0245,0.3302,0.0576,0.2552,10.25,10.62
2,3,15.922,0.0,0.0,0.5,0.0185,0.3419,0.0567,0.2556,9.73,10.31
2,3,15.945,0.0,0.0,0.5,0.0258,0.3557,0.0550,0.2561,7.71,10.16
2,3,15.964,0.0,0.0,0.5,0.0253,0.3631,0.0538,0.2561,6.93,10.63
2,3,15.984,0.0,0.0,0.5,0.0297,0.3585,0.0529,0.2560,6.35,10.76
2,3,16.003,0.0,0.0,0.5,0.0494,0.3559,0.0525,0.2559,5.27,10.43
2,3,16.023,0.0,0.0,0.5,0.0531,0.3566,0.0525,0.2559,4.30,10.34
2,3,16.042,0.0,0.0,0.5,0.0425,0.3583,0.0524,0.2560,3.79,10.50
2,3,16.061,0.0,0.0,0.5,0.0608,0.3595,0.0521,0.2561,3.55,10.70
2,3,16.083,0.0,0.0,0.5,0.0669,0.3680,0.0513,0.2563,3.51,10.87
2,3,16.111,0.0,0.0,0.5,0.0199,0.3753,0.0509,0.2566,3.42,10.87
2,3,16.127,0.0,0.0,0.5,0.0000,0.3753,0.0509,0.2566,3.42,10.87
2,3,16.144,0.0,0.0,0.5,0.0608,0.3983,0.0497,0.2573,3.71,10.85
2,3,16.163,0.0,0.0,0.5,0.0428,0.4367,0.0477,0.2586,4.64,10.42
2,3,16.184,0.0,0.0,0.5,0.0518,0.3966,0.0468,0.2587,6.79,10.32
2,3,16.207,0.0,0.0,0.5,0.0516,0.3347,0.0474,0.2587,5.55,10.19
2,3,16.221,0.0,0.0,0.5,0.0463,0.2895,0.0486,0.2591,6.12,9.85
2,3,16.242,0.0,0.0,0.5,0.0506,0.2528,0.0496,0.2599,8.09,8.92
2,3,16.265,0.0,0.0,0.5,0.0280,0.2321,0.0494,0.2606,8.62,8.62
2,3,16.286,0.0,0.0,0.5,0.0000,0.2097,0.0490,0.2611,7.62,9.39
2,3,16.304,0.0,0.0,0.5,0.0739,0.1707,0.0490,0.2614,8.20,10.22
2,3,16.325,0.0,0.0,0.5,0.0425,0.1158,0.0510,0.2615,8.22,10.19
2,3,16.344,0.0,0.0,0.5,0.0367,0.1004,0.0533,0.2606,7.21,10.00
2,3,16.361,0.0,0.0,0.5,0.0195,0.0954,0.0543,0.2597,7.55,10.08
2,3,16.383,0.0,0.0,0.5,0.0256,0.0978,0.0540,0.2587,6.77,9.53
2,3,16.403,0.0,0.0,0.5,0.0166,0.1032,0.0532,0.2577,9.66,9.22
2,3,16.431,0.0,0.0,0.5,0.0273,0.0583,0.0542,0.2559,8.62,9.07
2,3,16.447,0.0,0.0,0.5,0.0228,0.0467,0.0556,0.2553,7.33,7.56
2,3,16.469,0.0,0.0,0.5,0.0302,0.0885,0.0566,0.2550,3.98,9.11
2,3,16.488,0.0,0.0,0.5,0.0180,0.1345,0.0570,0.2551,4.43,10.95
2,3,16.507,0.0,0.0,0.5,0.0246,0.2190,0.0566,0.2554,8.45,11.78
2,3,16.525,0.0,0.0,0.5,0.0066,0.3052,0.0558,0.2558,11.09,11.50
2,3,16.546,0.0,0.0,0.5,0.0241,0.3564,0.0547,0.2561,9.67,10.77
2,3,16.566,0.0,0.0,0.5,0.0194,0.3817,0.0541,0.2563,7.86,10.36
2,3,16.585,0.0,0.0,0.5,0.0144,0.3820,0.0539,0.2564,7.39,10.30
2,3,16.605,0.0,0.0,0.5,0.0385,0.3858,0.0532,0.2565,6.21,10.43
2,3,16.628,0.0,0.0,0.5,0.0391,0.3872,0.0519,0.2564,3.66,10.20
2,3,16.644,0.0,0.0,0.5,0.0232,0.3897,0.0517,0.2564,3.34,10.19
2,3,16.668,0.0,0.0,0.5,0.0494,0.3987,0.0514,0.2566,2.98,10.57
2,3,16.682,0.0,0.0,0.5,0.0389,0.4135,0.0509,0.2569,3.49,10.80
2,3,16.702,0.0,0.0,0.5,0.0436,0.4128,0.0503,0.2571,3.06,10.97
2,3,16.727,0.0,0.0,0.5,0.0452,0.4150,0.0483,0.2574,2.66,11.35
2,3,16.743,0.0,0.0,0.5,0.0535,0.3852,0.0475,0.2572,3.85,11.33
2,3,16.761,0.0,0.0,0.5,0.0239,0.3487,0.0474,0.2571,4.41,11.29
2,3,16.785,0.0,0.0,0.5,0.0508,0.2888,0.0492,0.2574,5.93,11.14
2,3,16.807,0.0,0.0,0.5,0.0452,0.2699,0.0505,0.2580,7.22,11.10
2,3,16.824,0.0,0.0,0.5,0.0402,0.2730,0.0511,0.2584,8.54,10.84
2,3,16.847,0.0,0.0,0.5,0.0279,0.2828,0.0509,0.2599,10.62,8.60
2,3,16.874,0.0,0.0,0.5,0.0361,0.2701,0.0497,0.2611,9.40,7.61
2,3,16.897,0.0,0.0,0.5,0.0237,0.2283,0.0490,0.2619,7.14,8.83
2,3,16.906,0.0,0.0,0.5,0.0243,0.2075,0.0489,0.2621,6.54,8.76
2,3,16.929,0.0,0.0,0.5,0.0522,0.1211,0.0500,0.2622,9.74,11.11
2,3,16.950,0.0,0.0,0.5,0.0174,0.0839,0.0512,0.2614,9.24,10.87
2,3,16.963,0.0,0.0,0.5,0.0366,0.0809,0.0531,0.2600,9.99,10.67
2,3,16.984,0.0,0.0,0.5,0.0209,0.1014,0.0541,0.2586,7.85,9.67
2,3,17.004,0.0,0.0,0.5,0.0269,0.1354,0.0544,0.2577,9.46,9.94
2,3,17.025,0.0,0.0,0.5,0.0067,0.1473,0.0544,0.2575,9.93,8.92
2,3,17.043,0.0,0.0,0.5,0.0382,0.1720,0.0540,0.2574,11.21,7.33
2,3,17.063,0.0,0.0,0.5,0.0307,0.1484,0.0544,0.2563,13.45,7.01
2,3,17.084,0.0,0.0,0.5,0.0156,0.1414,0.0552,0.2557,9.49,7.07
2,3,17.105,0.0,0.0,0.5,0.0363,0.1985,0.0567,0.2553,5.67,11.94
2,3,17.125,0.0,0.0,0.5,0.0215,0.2650,0.0565,0.2554,10.50,11.96
2,3,17.151,0.0,0.0,0.5,0.0116,0.3044,0.0563,0.2553,10.97,11.81
2,3,17.167,0.0,0.0,0.5,0.0320,0.3413,0.0561,0.2552,10.54,11.46
2,3,17.184,0.0,0.0,0.5,0.0259,0.3747,0.0564,0.2554,9.73,10.74
2,3,17.205,0.0,0.0,0.5,0.0574,0.3956,0.0571,0.2555,8.55,10.64
2,3,17.234,0.0,0.0,0.5,0.0408,0.4053,0.0576,0.2558,5.94,9.87
2,3,17.249,0.0,0.0,0.5,0.0161,0.4061,0.0576,0.2560,4.44,9.83
2,3,17.269,0.0,0.0,0.5,0.0681,0.4002,0.0570,0.2564,3.14,9.97
2,3,17.293,0.0,0.0,0.5,0.0119,0.4002,0.0570,0.2564,3.14,9.97
2,3,17.317,0.0,0.0,0.5,0.0872,0.3981,0.0551,0.2574,2.51,10.42
2,3,17.328,0.0,0.0,0.5,0.0399,0.3958,0.0546,0.2574,2.06,10.49
2,3,17.349,0.0,0.0,0.5,0.0400,0.3994,0.0533,0.2575,2.69,10.69
2,3,17.368,0.0,0.0,0.5,0.0407,0.4047,0.0526,0.2577,2.55,10.70
2,3,17.383,0.0,0.0,0.5,0.0459,0.4274,0.0486,0.2587,3.23,10.04
2,3,17.405,0.0,0.0,0.5,0.0481,0.3770,0.0487,0.2586,5.48,9.96
2,3,17.423,0.0,0.0,0.5,0.0410,0.3282,0.0501,0.2588,4.84,9.99
2,3,17.444,0.0,0.0,0.5,0.0543,0.2830,0.0516,0.2595,7.37,9.37
2,3,17.463,0.0,0.0,0.5,0.0430,0.2517,0.0514,0.2604,8.25,7.90
2,3,17.483,0.0,0.0,0.5,0.0108,0.2439,0.0511,0.2607,8.24,7.79
2,3,17.505,0.0,0.0,0.5,0.0459,0.1932,0.0500,0.2617,6.04,9.21
2,3,17.525,0.0,0.0,0.5,0.0326,0.1529,0.0503,0.2619,5.83,9.84
2,3,17.543,0.0,0.0,0.5,0.0162,0.1068,0.0516,0.2617,5.85,9.61
2,3,17.563,0.0,0.0,0.5,0.0300,0.0817,0.0537,0.2608,5.99,9.93
2,3,17.585,0.0,0.0,0.5,0.0227,0.0781,0.0550,0.2597,5.29,9.58
2,3,17.602,0.0,0.0,0.5,0.0094,0.0806,0.0551,0.2593,7.02,9.70
2,3,17.624,0.0,0.0,0.5,0.0214,0.0906,0.0547,0.2576,10.48,8.65
2,3,17.646,0.0,0.0,0.5,0.0158,0.0727,0.0548,0.2570,8.94,8.93
2,3,17.666,0.0,0.0,0.5,0.0112,0.0566,0.0558,0.2561,8.48,7.75
2,3,17.685,0.0,0.0,0.5,0.0252,0.1055,0.0573,0.2555,3.71,10.55
2,3,17.705,0.0,0.0,0.5,0.0109,0.1732,0.0573,0.2556,5.73,11.57
2,3,17.725,0.0,0.0,0.5,0.0121,0.2328,0.0570,0.2558,7.57,11.28
2,3,17.744,0.0,0.0,0.5,0.0087,0.3374,0.0560,0.2560,10.60,11.25
2,3,17.762,0.0,0.0,0.5,0.0163,0.3752,0.0556,0.2560,7.68,10.62
2,3,17.785,0.0,0.0,0.5,0.0141,0.3749,0.0553,0.2561,6.98,10.06
2,3,17.805,0.0,0.0,0.5,0.0177,0.3750,0.0548,0.2563,5.25,10.18
2,3,17.828,0.0,0.0,0.5,0.0244,0.3816,0.0535,0.2564,3.45,10.15
2,3,17.849,0.0,0.0,0.5,0.0338,0.3855,0.0530,0.2564,2.61,10.40
2,3,17.867,0.0,0.0,0.5,0.0310,0.3939,0.0521,0.2565,3.43,10.68
2,3,17.885,0.0,0.0,0.5,0.0292,0.3974,0.0513,0.2567,2.80,10.90
2,3,17.905,0.0,0.0,0.5,0.0276,0.4001,0.0510,0.2567,2.74,10.93
2,3,17.927,0.0,0.0,0.5,0.0331,0.4145,0.0488,0.2573,2.22,11.01
2,3,17.945,0.0,0.0,0.5,0.0249,0.4249,0.0477,0.2576,2.39,10.93
2,3,17.963,0.0,0.0,0.5,0.0164,0.4046,0.0471,0.2576,3.04,10.93
2,3,17.984,0.0,0.0,0.5,0.0343,0.3578,0.0475,0.2575,4.61,10.68
2,3,18.004,0.0,0.0,0.5,0.0451,0.2948,0.0491,0.2578,4.61,10.53
2,3,18.022,0.0,0.0,0.5,0.0227,0.2763,0.0502,0.2581,6.02,10.38
2,3,18.047,0.0,0.0,0.5,0.0404,0.2603,0.0515,0.2588,8.07,10.09
2,3,18.063,0.0,0.0,0.5,0.0275,0.2480,0.0513,0.2598,9.41,7.92
2,3,18.084,0.0,0.0,0.5,0.0161,0.2339,0.0508,0.2603,9.31,7.62
2,3,18.107,0.0,0.0,0.5,0.0487,0.1847,0.0500,0.2611,7.34,9.81
2,3,18.130,0.0,0.0,0.5,0.0254,0.1183,0.0513,0.2613,7.72,10.36
2,3,18.147,0.0,0.0,0.5,0.0284,0.0953,0.0525,0.2609,7.96,10.23
2,3,18.165,0.0,0.0,0.5,0.0231,0.0766,0.0545,0.2604,9.03,10.33
2,3,18.187,0.0,0.0,0.5,0.0225,0.0767,0.0554,0.2596,9.37,9.71
2,3,18.213,0.0,0.0,0.5,0.0132,0.0982,0.0560,0.2582,5.95,9.56
2,3,18.228,0.0,0.0,0.5,0.0273,0.1115,0.0556,0.2575,9.82,8.57
2,3,18.249,0.0,0.0,0.5,0.0163,0.1109,0.0553,0.2563,12.48,7.75
2,3,18.266,0.0,0.0,0.5,0.0257,0.0904,0.0558,0.2558,7.32,6.26
2,3,18.286,0.0,0.0,0.5,0.0065,0.0886,0.0566,0.2555,6.99,6.71
2,3,18.312,0.0,0.0,0.5,0.0178,0.1459,0.0573,0.2551,3.42,12.40
2,3,18.328,0.0,0.0,0.5,0.0117,0.2338,0.0571,0.2553,8.48,12.28
2,3,18.345,0.0,0.0,0.5,0.0068,0.2572,0.0569,0.2553,10.14,12.11
2,3,18.365,0.0,0.0,0.5,0.0097,0.3074,0.0565,0.2550,10.02,11.68
2,3,18.387,0.0,0.0,0.5,0.0225,0.3470,0.0567,0.2549,9.23,11.04
2,3,18.405,0.0,0.0,0.5,0.0220,0.3644,0.0569,0.2550,9.30,11.00
2,3,18.426,0.0,0.0,0.5,0.0399,0.4009,0.0575,0.2553,6.85,10.75
2,3,18.443,0.0,0.0,0.5,0.0423,0.4069,0.0575,0.2555,4.69,9.96
2,3,18.465,0.0,0.0,0.5,0.0454,0.4016,0.0572,0.2557,4.05,10.08
2,3,18.484,0.0,0.0,0.5,0.0348,0.3964,0.0565,0.2563,2.89,10.15
2,3,18.506,0.0,0.0,0.5,0.0542,0.3944,0.0556,0.2566,2.27,10.36
2,3,18.526,0.0,0.0,0.5,0.0381,0.3982,0.0542,0.2571,2.32,10.51
2,3,18.545,0.0,0.0,0.5,0.0389,0.4163,0.0522,0.2577,3.47,10.50
2,3,18.563,0.0,0.0,0.5,0.0355,0.4323,0.0507,0.2583,3.88,10.49
2,3,18.585,0.0,0.0,0.5,0.0349,0.3947,0.0492,0.2583,4.54,10.21
2,3,18.606,0.0,0.0,0.5,0.0238,0.3446,0.0497,0.2584,4.54,10.16
2,3,18.627,0.0,0.0,0.5,0.0540,0.3066,0.0510,0.2587,5.61,9.90
2,3,18.644,0.0,0.0,0.5,0.0332,0.2864,0.0518,0.2593,7.54,9.22
2,3,18.668,0.0,0.0,0.5,0.0183,0.2807,0.0518,0.2595,7.97,9.08
2,3,18.687,0.0,0.0,0.5,0.0449,0.2476,0.0512,0.2605,7.94,8.44
2,3,18.702,0.0,0.0,0.5,0.0306,0.2053,0.0507,0.2611,6.64,9.45
2,3,18.722,0.0,0.0,0.5,0.0184,0.1743,0.0508,0.2613,6.43,9.22
2,3,18.745,0.0,0.0,0.5,0.0353,0.1123,0.0525,0.2612,7.14,10.37
2,3,18.766,0.0,0.0,0.5,0.0278,0.0886,0.0545,0.2605,8.18,10.02
2,3,18.787,0.0,0.0,0.5,0.0081,0.0901,0.0555,0.2598,7.48,10.12
2,3,18.808,0.0,0.0,0.5,0.0237,0.0997,0.0566,0.2589,7.14,9.28
2,3,18.826,0.0,0.0,0.5,0.0263,0.1075,0.0565,0.2581,10.01,9.46
2,3,18.844,0.0,0.0,0.5,0.0141,0.1087,0.0558,0.2572,9.63,8.83
2,3,18.866,0.0,0.0,0.5,0.0103,0.0939,0.0559,0.2563,7.97,6.80
2,3,18.887,0.0,0.0,0.5,0.0168,0.1112,0.0565,0.2558,3.80,9.43
2,3,18.906,0.0,0.0,0.5,0.0107,0.1395,0.0569,0.2557,3.92,11.59
2,3,18.928,0.0,0.0,0.5,0.0144,0.2456,0.0568,0.2558,9.75,11.97
2,3,18.948,0.0,0.0,0.5,0.0139,0.3286,0.0562,0.2557,10.19,11.60
2,3,18.962,0.0,0.0,0.5,0.0163,0.3608,0.0561,0.2557,9.64,11.31
2,3,18.989,0.0,0.0,0.5,0.0216,0.3743,0.0559,0.2557,7.07,10.24
2,3,19.005,0.0,0.0,0.5,0.0205,0.3855,0.0557,0.2558,6.52,10.27
2,3,19.026,0.0,0.0,0.5,0.0336,0.3871,0.0553,0.2558,4.20,10.26
2,3,19.044,0.0,0.0,0.5,0.0251,0.3843,0.0547,0.2559,3.11,10.12
2,3,19.067,0.0,0.0,0.5,0.0405,0.3814,0.0537,0.2561,2.66,10.23
2,3,19.094,0.0,0.0,0.5,0.0296,0.3823,0.0530,0.2563,2.58,10.48
2,3,19.110,0.0,0.0,0.5,0.0271,0.3907,0.0520,0.2567,2.61,10.71
2,3,19.125,0.0,0.0,0.5,0.0625,0.3954,0.0516,0.2568,2.54,10.72
2,3,19.147,0.0,0.0,0.5,0.0313,0.4172,0.0497,0.2575,3.16,10.60
2,3,19.172,0.0,0.0,0.5,0.0101,0.4259,0.0491,0.2577,3.17,10.60
2,3,19.185,0.0,0.0,0.5,0.0441,0.4124,0.0477,0.2581,3.08,10.45
2,3,19.219,0.0,0.0,0.5,0.0351,0.3267,0.0484,0.2583,4.23,9.56
2,3,19.234,0.0,0.0,0.5,0.0383,0.3097,0.0490,0.2584,4.65,9.52
2,3,19.247,0.0,0.0,0.5,0.0238,0.2505,0.0513,0.2590,6.16,9.25
2,3,19.264,0.0,0.0,0.5,0.0513,0.2241,0.0522,0.2596,7.49,8.28
2,3,19.283,0.0,0.0,0.5,0.0250,0.2040,0.0517,0.2603,7.64,8.60
2,3,19.305,0.0,0.0,0.5,0.0336,0.1828,0.0508,0.2609,6.75,9.78
2,3,19.328,0.0,0.0,0.5,0.0299,0.1219,0.0513,0.2613,6.59,10.27
2,3,19.345,0.0,0.0,0.5,0.0113,0.1023,0.0524,0.2610,6.80,10.07
2,3,19.365,0.0,0.0,0.5,0.0358,0.0794,0.0549,0.2600,6.99,10.18
2,3,19.384,0.0,0.0,0.5,0.0000,0.0745,0.0560,0.2588,7.60,9.61
2,3,19.413,0.0,0.0,0.5,0.0167,0.0840,0.0563,0.2584,6.31,8.83
2,3,19.425,0.0,0.0,0.5,0.0239,0.0922,0.0561,0.2579,8.95,9.26
2,3,19.447,0.0,0.0,0.5,0.0141,0.0870,0.0557,0.2566,9.01,8.04
2,3,19.463,0.0,0.0,0.5,0.0132,0.0677,0.0561,0.2561,8.32,8.29
2,3,19.487,0.0,0.0,0.5,0.0196,0.0971,0.0572,0.2554,4.41,9.39
2,3,19.509,0.0,0.0,0.5,0.0104,0.1738,0.0579,0.2554,5.65,11.32
2,3,19.528,0.0,0.0,0.5,0.0123,0.2566,0.0575,0.2557,8.60,11.72
2,3,19.547,0.0,0.0,0.5,0.0067,0.3004,0.0570,0.2557,10.98,11.61
2,3,19.567,0.0,0.0,0.5,0.0139,0.3462,0.0564,0.2555,9.16,11.22
2,3,19.585,0.0,0.0,0.5,0.0141,0.3642,0.0562,0.2556,8.42,10.84
2,3,19.610,0.0,0.0,0.5,0.0000,0.3674,0.0561,0.2556,8.21,10.79
2,3,19.625,0.0,0.0,0.5,0.0245,0.3745,0.0556,0.2556,6.13,10.57
2,3,19.644,0.0,0.0,0.5,0.0393,0.3910,0.0551,0.2556,4.55,10.44
2,3,19.663,0.0,0.0,0.5,0.0128,0.3966,0.0549,0.2557,3.83,10.39
2,3,19.683,0.0,0.0,0.5,0.0539,0.4030,0.0545,0.2562,2.79,10.41
2,3,19.706,0.0,0.0,0.5,0.0369,0.4054,0.0534,0.2567,2.55,10.41
2,3,19.725,0.0,0.0,0.5,0.0331,0.4033,0.0525,0.2570,2.19,10.40
2,3,19.747,0.0,0.0,0.5,0.0392,0.4202,0.0492,0.2579,3.01,10.48
2,3,19.763,0.0,0.0,0.5,0.0358,0.4058,0.0476,0.2582,3.21,10.48
2,3,19.784,0.0,0.0,0.5,0.0237,0.3755,0.0473,0.2581,4.83,10.47
2,3,19.807,0.0,0.0,0.5,0.0495,0.3004,0.0492,0.2583,4.97,10.04
2,3,19.831,0.0,0.0,0.5,0.0366,0.2625,0.0512,0.2590,7.05,9.99
2,3,19.847,0.0,0.0,0.5,0.0000,0.2590,0.0514,0.2592,7.56,9.84
2,3,19.863,0.0,0.0,0.5,0.0336,0.2473,0.0513,0.2602,8.74,7.66
2,3,19.882,0.0,0.0,0.5,0.0354,0.2148,0.0505,0.2609,7.63,8.84
2,3,19.903,0.0,0.0,0.5,0.0171,0.1925,0.0502,0.2613,6.75,8.54
2,3,19.926,0.0,0.0,0.5,0.0423,0.1091,0.0513,0.2616,7.16,10.41
2,3,19.944,0.0,0.0,0.5,0.0254,0.0803,0.0535,0.2610,7.90,10.58
2,3,19.967,0.0,0.0,0.5,0.0326,0.0779,0.0564,0.2595,7.99,10.16
2,3,19.984,0.0,0.0,0.5,0.0168,0.0811,0.0569,0.2588,6.20,9.68
2,3,20.006,0.0,0.0,0.5,0.0168,0.0923,0.0570,0.2579,8.79,8.94
2,3,20.023,0.0,0.0,0.5,0.0163,0.1073,0.0566,0.2569,10.02,9.48
2,3,20.044,0.0,0.0,0.5,0.0213,0.0800,0.0567,0.2558,8.28,7.33
2,3,20.063,0.0,0.0,0.5,0.0246,0.0633,0.0580,0.2551,5.35,8.27
2,3,20.084,0.0,0.0,0.5,0.0070,0.0904,0.0585,0.2549,3.88,8.08
2,3,20.104,0.0,0.0,0.5,0.0238,0.2263,0.0590,0.2552,8.80,11.92
2,3,20.127,0.0,0.0,0.5,0.0117,0.3154,0.0585,0.2555,11.39,11.44
2,3,20.144,0.0,0.0,0.5,0.0101,0.3433,0.0579,0.2557,10.82,11.21
2,3,20.167,0.0,0.0,0.5,0.0144,0.3754,0.0568,0.2558,8.02,10.53
2,3,20.186,0.0,0.0,0.5,0.0291,0.3920,0.0560,0.2557,6.85,10.53
2,3,20.212,0.0,0.0,0.5,0.0259,0.3937,0.0553,0.2558,5.24,10.62
2,3,20.225,0.0,0.0,0.5,0.0195,0.3895,0.0547,0.2558,4.02,10.25
2,3,20.245,0.0,0.0,0.5,0.0426,0.3886,0.0544,0.2558,3.63,10.22
2,3,20.265,0.0,0.0,0.5,0.0221,0.3818,0.0537,0.2559,2.84,10.23
2,3,20.283,0.0,0.0,0.5,0.0422,0.3827,0.0531,0.2562,2.60,10.63
2,3,20.301,0.0,0.0,0.5,0.0374,0.3926,0.0523,0.2565,2.70,10.71
2,3,20.330,0.0,0.0,0.5,0.0361,0.4157,0.0506,0.2571,2.72,10.77
2,3,20.347,0.0,0.0,0.5,0.0313,0.4260,0.0495,0.2575,3.35,10.77
2,3,20.366,0.0,0.0,0.5,0.0291,0.4212,0.0480,0.2579,3.24,10.62
2,3,20.389,0.0,0.0,0.5,0.0311,0.3764,0.0476,0.2579,4.61,10.39
2,3,20.410,0.0,0.0,0.5,0.0344,0.3069,0.0492,0.2581,4.48,10.04
2,3,20.431,0.0,0.0,0.5,0.0282,0.2717,0.0507,0.2586,6.36,10.06
2,3,20.444,0.0,0.0,0.5,0.0355,0.2593,0.0513,0.2590,7.51,9.53
2,3,20.466,0.0,0.0,0.5,0.0334,0.2465,0.0514,0.2596,8.42,8.47
2,3,20.484,0.0,0.0,0.5,0.0250,0.2189,0.0506,0.2604,8.21,8.69
2,3,20.505,0.0,0.0,0.5,0.0424,0.1911,0.0499,0.2611,6.71,9.68
2,3,20.526,0.0,0.0,0.5,0.0252,0.1456,0.0503,0.2613,6.86,9.46
2,3,20.544,0.0,0.0,0.5,0.0231,0.1039,0.0516,0.2612,8.10,10.77
2,3,20.567,0.0,0.0,0.5,0.0246,0.0787,0.0536,0.2602,8.40,10.58
2,3,20.585,0.0,0.0,0.5,0.0323,0.0922,0.0549,0.2591,7.15,9.60
2,3,20.603,0.0,0.0,0.5,0.0206,0.1043,0.0553,0.2585,6.94,9.13
2,3,20.629,0.0,0.0,0.5,0.0224,0.1259,0.0547,0.2571,12.13,8.54
2,3,20.644,0.0,0.0,0.5,0.0194,0.1125,0.0543,0.2564,9.75,7.76
2,3,20.663,0.0,0.0,0.5,0.0186,0.0934,0.0550,0.2554,7.43,7.69
2,3,20.685,0.0,0.0,0.5,0.0233,0.1116,0.0561,0.2551,2.70,10.43
2,3,20.704,0.0,0.0,0.5,0.0205,0.1835,0.0568,0.2552,6.72,11.60
2,3,20.726,0.0,0.0,0.5,0.0145,0.2946,0.0565,0.2557,10.79,11.49
2,3,20.744,0.0,0.0,0.5,0.0119,0.3448,0.0560,0.2558,10.53,11.06
2,3,20.763,0.0,0.0,0.5,0.0209,0.3708,0.0556,0.2559,7.90,10.47
2,3,20.783,0.0,0.0,0.5,0.0286,0.3849,0.0554,0.2559,7.21,10.51
2,3,20.803,0.0,0.0,0.5,0.0259,0.3889,0.0551,0.2560,5.86,10.63
2,3,20.826,0.0,0.0,0.5,0.0306,0.3852,0.0545,0.2560,4.42,10.15
2,3,20.843,0.0,0.0,0.5,0.0527,0.3798,0.0538,0.2561,3.26,10.35
2,3,20.861,0.0,0.0,0.5,0.0166,0.3792,0.0536,0.2562,2.97,10.52
2,3,20.884,0.0,0.0,0.5,0.0513,0.3936,0.0527,0.2567,2.80,10.65
2,3,20.905,0.0,0.0,0.5,0.0483,0.3970,0.0520,0.2568,2.91,10.87
2,3,20.924,0.0,0.0,0.5,0.0378,0.4174,0.0496,0.2575,2.73,10.86
2,3,20.944,0.0,0.0,0.5,0.0441,0.4362,0.0479,0.2580,2.86,10.83
2,3,20.963,0.0,0.0,0.5,0.0414,0.3832,0.0469,0.2579,4.74,10.66
2,3,20.984,0.0,0.0,0.5,0.0246,0.3297,0.0479,0.2579,4.09,10.91
2,3,21.005,0.0,0.0,0.5,0.0500,0.2907,0.0494,0.2582,4.94,11.07
2,3,21.028,0.0,0.0,0.5,0.0343,0.2744,0.0505,0.2587,7.01,10.69
2,3,21.047,0.0,0.0,0.5,0.0431,0.2675,0.0506,0.2597,9.07,9.26
2,4,21.065,0.0,0.3,0.0,0.0000,0.2572,0.0499,0.2605,9.22,7.68
2,4,21.084,0.0,0.3,0.0,0.0503,0.2227,0.0489,0.2615,6.89,8.99
2,4,21.104,0.0,0.3,0.0,0.0264,0.1561,0.0487,0.2615,9.39,8.93
2,4,21.125,0.0,0.3,0.0,0.0217,-0.0419,0.0508,0.2600,8.68,8.70
2,4,21.145,0.0,0.3,0.0,0.0190,-0.0604,0.0526,0.2597,9.09,8.96
2,4,21.164,0.0,0.3,0.0,0.0063,-0.0387,0.0536,0.2595,7.50,9.15
2,4,21.183,0.0,0.3,0.0,0.0014,-0.0248,0.0538,0.2590,7.95,9.11
2,4,21.205,0.0,0.3,0.0,0.0022,-0.0310,0.0544,0.2575,12.97,9.13
2,4,21.226,0.0,0.3,0.0,0.0035,-0.0296,0.0558,0.2567,7.26,9.24
2,4,21.244,0.0,0.3,0.0,0.0039,-0.0251,0.0571,0.2562,4.78,8.87
2,4,21.261,0.0,0.3,0.0,0.0024,-0.0155,0.0580,0.2559,1.72,8.23
2,4,21.283,0.0,0.3,0.0,-0.0008,-0.0118,0.0582,0.2559,1.12,7.56
2,4,21.305,0.0,0.3,0.0,-0.0040,-0.0088,0.0582,0.2560,1.18,6.91
2,4,21.324,0.0,0.3,0.0,-0.0093,-0.0052,0.0578,0.2562,1.96,6.79
2,4,21.344,0.0,0.3,0.0,-0.0083,-0.0042,0.0576,0.2562,2.17,6.75
2,4,21.364,0.0,0.3,0.0,-0.0105,-0.0031,0.0563,0.2565,2.24,7.56
2,4,21.383,0.0,0.3,0.0,-0.0139,-0.0028,0.0551,0.2566,1.88,7.90
2,4,21.404,0.0,0.3,0.0,-0.0131,-0.0006,0.0539,0.2566,1.30,8.25
2,4,21.423,0.0,0.3,0.0,-0.0115,0.0013,0.0526,0.2565,0.95,8.60
2,4,21.444,0.0,0.3,0.0,-0.0159,0.0003,0.0512,0.2563,0.81,8.82
2,4,21.463,0.0,0.3,0.0,-0.0132,0.0024,0.0492,0.2561,1.25,8.91
2,4,21.484,0.0,0.3,0.0,-0.0125,0.0038,0.0478,0.2559,1.47,9.00
2,4,21.505,0.0,0.3,0.0,-0.0104,0.0054,0.0468,0.2557,1.35,8.86
2,4,21.528,0.0,0.3,0.0,-0.0080,0.0047,0.0461,0.2556,0.97,8.56
2,4,21.546,0.0,0.3,0.0,-0.0058,0.0040,0.0455,0.2556,0.58,8.13
2,4,21.563,0.0,0.3,0.0,-0.0049,0.0041,0.0452,0.2556,0.59,8.11
2,4,21.586,0.0,0.3,0.0,-0.0047,0.0038,0.0449,0.2557,1.12,6.80
2,4,21.608,0.0,0.3,0.0,-0.0038,0.0032,0.0448,0.2561,2.44,6.45
2,4,21.631,0.0,0.3,0.0,-0.0038,0.0024,0.0451,0.2563,3.04,7.06
2,4,21.646,0.0,0.3,0.0,-0.0051,0.0011,0.0456,0.2566,3.12,7.74
2,4,21.671,0.0,0.3,0.0,-0.0031,-0.0008,0.0462,0.2569,2.64,8.35
2,4,21.686,0.0,0.3,0.0,-0.0031,-0.0014,0.0464,0.2570,2.44,8.34
2,4,21.712,0.0,0.3,0.0,-0.0016,-0.0053,0.0469,0.2571,1.95,9.22
2,4,21.732,0.0,0.3,0.0,-0.0009,-0.0113,0.0480,0.2570,1.58,9.44
2,4,21.745,0.0,0.3,0.0,0.0001,-0.0113,0.0480,0.2570,1.68,9.45
2,4,21.767,0.0,0.3,0.0,0.0007,-0.0137,0.0489,0.2568,1.87,9.55
2,4,21.784,0.0,0.3,0.0,0.0023,-0.0187,0.0501,0.2565,2.16,9.31
2,4,21.805,0.0,0.3,0.0,0.0024,-0.0213,0.0511,0.2563,2.21,8.92
2,4,21.824,0.0,0.3,0.0,0.0026,-0.0185,0.0519,0.2561,1.87,8.32
2,4,21.847,0.0,0.3,0.0,0.0044,-0.0105,0.0531,0.2559,0.93,7.95
2,4,21.861,0.0,0.3,0.0,0.0021,-0.0086,0.0533,0.2559,0.72,7.53
2,4,21.882,0.0,0.3,0.0,0.0007,-0.0080,0.0535,0.2559,0.78,7.11
2,4,21.905,0.0,0.3,0.0,-0.0019,-0.0049,0.0536,0.2560,1.22,6.56
2,4,21.928,0.0,0.3,0.0,-0.0033,-0.0038,0.0536,0.2561,1.50,6.88
2,4,21.948,0.0,0.3,0.0,-0.0014,-0.0032,0.0534,0.2562,1.74,6.80
2,4,21.981,0.0,0.3,0.0,-0.0074,-0.0015,0.0525,0.2565,1.75,7.63
2,4,21.985,0.0,0.3,0.0,-0.0074,-0.0015,0.0525,0.2565,1.75,7.63
2,4,22.018,0.0,0.3,0.0,-0.0075,-0.0020,0.0519,0.2565,1.26,7.62
2,4,22.041,0.0,0.3,0.0,-0.0068,0.0004,0.0505,0.2564,0.58,8.82
2,4,22.047,0.0,0.3,0.0,-0.0084,0.0004,0.0505,0.2564,0.58,8.82
2,4,22.065,0.0,0.3,0.0,-0.0177,0.0017,0.0492,0.2563,0.48,9.09
2,4,22.084,0.0,0.3,0.0,-0.0072,0.0026,0.0477,0.2560,0.93,9.14
2,4,22.103,0.0,0.3,0.0,-0.0100,0.0040,0.0468,0.2559,1.02,8.96
2,4,22.125,0.0,0.3,0.0,-0.0049,0.0038,0.0462,0.2558,0.86,8.67
2,4,22.143,0.0,0.3,0.0,-0.0030,0.0039,0.0458,0.2558,0.70,8.23
2,4,22.161,0.0,0.3,0.0,-0.0029,0.0049,0.0454,0.2558,0.88,7.64
2,4,22.182,0.0,0.3,0.0,-0.0021,0.0039,0.0451,0.2559,1.33,6.83
2,4,22.205,0.0,0.3,0.0,-0.0014,0.0032,0.0450,0.2561,2.03,6.52
2,4,22.228,0.0,0.3,0.0,-0.0010,0.0025,0.0452,0.2563,2.55,7.15
2,4,22.243,0.0,0.3,0.0,-0.0017,0.0019,0.0457,0.2566,2.75,7.95
2,4,22.264,0.0,0.3,0.0,-0.0009,0.0006,0.0461,0.2568,2.61,8.60
2,4,22.283,0.0,0.3,0.0,-0.0001,-0.0025,0.0469,0.2570,1.84,9.01
2,4,22.306,0.0,0.3,0.0,0.0017,-0.0052,0.0476,0.2570,1.30,9.35
2,4,22.327,0.0,0.3,0.0,0.0017,-0.0074,0.0480,0.2570,1.39,9.56
2,4,22.346,0.0,0.3,0.0,0.0044,-0.0104,0.0490,0.2568,1.65,9.66
2,4,22.361,0.0,0.3,0.0,0.0038,-0.0132,0.0499,0.2566,1.88,9.62
2,4,22.382,0.0,0.3,0.0,0.0033,-0.0154,0.0504,0.2564,2.06,9.40
2,4,22.405,0.0,0.3,0.0,0.0072,-0.0171,0.0516,0.2561,2.06,9.03
2,4,22.424,0.0,0.3,0.0,0.0050,-0.0161,0.0523,0.2559,1.72,8.42
2,4,22.445,0.0,0.3,0.0,0.0063,-0.0115,0.0531,0.2558,1.01,7.97
2,4,22.463,0.0,0.3,0.0,0.0031,-0.0086,0.0536,0.2558,0.72,7.58
2,4,22.484,0.0,0.3,0.0,0.0028,-0.0062,0.0539,0.2558,0.72,7.13
2,4,22.509,0.0,0.3,0.0,-0.0004,-0.0047,0.0540,0.2559,1.21,6.63
2,4,22.526,0.0,0.3,0.0,-0.0039,-0.0031,0.0539,0.2560,1.53,6.89
2,4,22.543,0.0,0.3,0.0,-0.0048,-0.0008,0.0535,0.2562,1.98,7.29
2,4,22.563,0.0,0.3,0.0,-0.0038,0.0004,0.0531,0.2563,1.92,7.25
2,4,22.584,0.0,0.3,0.0,-0.0103,-0.0012,0.0523,0.2564,1.47,7.59
2,4,22.605,0.0,0.3,0.0,-0.0086,-0.0006,0.0514,0.2564,0.87,8.48
2,4,22.623,0.0,0.3,0.0,-0.0069,0.0004,0.0506,0.2563,0.48,8.83
2,4,22.645,0.0,0.3,0.0,-0.0087,0.0013,0.0494,0.2562,0.48,9.07
2,4,22.661,0.0,0.3,0.0,-0.0063,0.0025,0.0483,0.2560,0.74,9.20
2,4,22.682,0.0,0.3,0.0,-0.0047,0.0035,0.0476,0.2559,0.94,9.18
2,4,22.703,0.0,0.3,0.0,-0.0086,0.0041,0.0464,0.2557,0.94,9.04
2,4,22.724,0.0,0.3,0.0,-0.0034,0.0037,0.0458,0.2556,0.76,8.71
2,4,22.744,0.0,0.3,0.0,-0.0007,0.0033,0.0457,0.2556,0.60,8.70
2,4,22.761,0.0,0.3,0.0,-0.0014,0.0033,0.0453,0.2557,0.64,7.69
2,4,22.783,0.0,0.3,0.0,-0.0008,0.0029,0.0450,0.2558,1.50,6.90
2,4,22.803,0.0,0.3,0.0,-0.0006,0.0026,0.0450,0.2559,1.83,6.55
2,4,22.828,0.0,0.3,0.0,-0.0007,0.0021,0.0454,0.2564,2.69,7.13
2,4,22.846,0.0,0.3,0.0,-0.0006,0.0016,0.0459,0.2566,2.63,7.96
2,4,22.866,0.0,0.3,0.0,-0.0002,0.0013,0.0460,0.2567,2.47,7.95
2,4,22.884,0.0,0.3,0.0,0.0003,0.0001,0.0465,0.2568,2.15,8.62
2,4,22.905,0.0,0.3,0.0,0.0016,-0.0038,0.0473,0.2569,1.48,9.45
2,4,22.924,0.0,0.3,0.0,0.0026,-0.0070,0.0479,0.2569,1.46,9.64
2,4,22.943,0.0,0.3,0.0,0.0044,-0.0097,0.0490,0.2567,1.68,9.74
2,4,22.961,0.0,0.3,0.0,0.0067,-0.0135,0.0501,0.2564,1.95,9.72
2,4,22.983,0.0,0.3,0.0,0.0039,-0.0153,0.0506,0.2563,2.11,9.48
2,4,23.007,0.0,0.3,0.0,0.0091,-0.0162,0.0520,0.2559,1.95,9.10
2,4,23.031,0.0,0.3,0.0,0.0058,-0.0125,0.0531,0.2557,1.24,8.46
2,4,23.050,0.0,0.3,0.0,0.0026,-0.0125,0.0531,0.2557,1.24,8.46
2,4,23.063,0.0,0.3,0.0,0.0089,-0.0091,0.0538,0.2556,0.82,8.02
2,4,23.083,0.0,0.3,0.0,0.0036,-0.0072,0.0541,0.2556,1.04,7.23
2,4,23.105,0.0,0.3,0.0,0.0005,-0.0047,0.0542,0.2557,1.13,6.69
2,4,23.128,0.0,0.3,0.0,-0.0018,-0.0027,0.0541,0.2559,1.82,6.91
2,4,23.142,0.0,0.3,0.0,-0.0043,-0.0015,0.0539,0.2560,1.92,6.82
2,4,23.163,0.0,0.3,0.0,-0.0074,0.0007,0.0532,0.2562,2.06,7.63
2,4,23.183,0.0,0.3,0.0,-0.0092,-0.0010,0.0523,0.2563,1.42,8.05
2,4,23.204,0.0,0.3,0.0,-0.0065,-0.0005,0.0515,0.2563,0.86,8.51
2,4,23.227,0.0,0.3,0.0,-0.0060,0.0005,0.0508,0.2562,0.47,8.87
2,4,23.245,0.0,0.3,0.0,-0.0050,0.0015,0.0499,0.2561,0.50,8.88
2,4,23.264,0.0,0.3,0.0,-0.0089,0.0020,0.0489,0.2560,0.66,9.22
2,4,23.287,0.0,0.3,0.0,-0.0046,0.0035,0.0478,0.2558,0.93,9.23
2,4,23.306,0.0,0.3,0.0,-0.0039,0.0042,0.0472,0.2557,0.94,9.24
2,4,23.325,0.0,0.3,0.0,-0.0050,0.0042,0.0466,0.2556,0.90,8.82
2,4,23.350,0.0,0.3,0.0,-0.0014,0.0047,0.0461,0.2556,0.68,8.37
2,4,23.364,0.0,0.3,0.0,-0.0011,0.0045,0.0459,0.2556,0.65,8.36
2,4,23.383,0.0,0.3,0.0,-0.0007,0.0038,0.0456,0.2557,1.03,6.95
2,4,23.404,0.0,0.3,0.0,-0.0005,0.0032,0.0454,0.2559,2.03,6.56
2,4,23.425,0.0,0.3,0.0,-0.0001,0.0032,0.0454,0.2559,2.03,6.56
2,4,23.445,0.0,0.3,0.0,0.0003,0.0023,0.0458,0.2563,2.99,8.14
2,4,23.464,0.0,0.3,0.0,0.0008,0.0011,0.0465,0.2566,2.59,8.68
2,4,23.484,0.0,0.3,0.0,0.0008,-0.0014,0.0471,0.2567,2.05,9.14
2,4,23.507,0.0,0.3,0.0,0.0027,-0.0035,0.0477,0.2568,1.46,9.41
2,4,23.529,0.0,0.3,0.0,0.0032,-0.0068,0.0488,0.2567,1.29,9.66
2,4,23.546,0.0,0.3,0.0,0.0050,-0.0079,0.0493,0.2566,1.49,9.68
2,4,23.564,0.0,0.3,0.0,0.0038,-0.0115,0.0503,0.2564,1.77,9.73
2,4,23.585,0.0,0.3,0.0,0.0057,-0.0134,0.0508,0.2562,1.97,9.51
2,4,23.605,0.0,0.3,0.0,0.0081,-0.0144,0.0514,0.2561,1.96,9.52
2,4,23.627,0.0,0.3,0.0,0.0059,-0.0130,0.0528,0.2558,1.40,8.56
2,4,23.645,0.0,0.3,0.0,0.0082,-0.0112,0.0532,0.2557,1.12,8.56
2,4,23.663,0.0,0.3,0.0,0.0045,-0.0087,0.0538,0.2556,0.89,7.63
2,4,23.684,0.0,0.3,0.0,0.0026,-0.0065,0.0540,0.2557,0.82,7.18
2,4,23.707,0.0,0.3,0.0,-0.0000,-0.0035,0.0540,0.2559,1.39,6.65
2,4,23.725,0.0,0.3,0.0,-0.0021,-0.0035,0.0540,0.2559,1.39,6.65
2,4,23.742,0.0,0.3,0.0,-0.0054,0.0001,0.0535,0.2562,2.00,7.31
2,4,23.763,0.0,0.3,0.0,-0.0047,0.0009,0.0529,0.2563,1.82,7.61
2,4,23.786,0.0,0.3,0.0,-0.0087,-0.0009,0.0521,0.2564,1.30,8.04
2,4,23.804,0.0,0.3,0.0,-0.0051,-0.0000,0.0512,0.2563,0.71,8.54
2,4,23.824,0.0,0.3,0.0,-0.0079,0.0008,0.0504,0.2563,0.43,8.88
2,4,23.845,0.0,0.3,0.0,-0.0059,0.0016,0.0495,0.2562,0.52,9.07
2,4,23.866,0.0,0.3,0.0,-0.0057,0.0027,0.0481,0.2559,0.87,9.23
2,4,23.882,0.0,0.3,0.0,-0.0069,0.0036,0.0474,0.2558,1.01,9.22
2,4,23.906,0.0,0.3,0.0,-0.0036,0.0042,0.0464,0.2557,0.94,9.07
2,4,23.924,0.0,0.3,0.0,-0.0019,0.0041,0.0463,0.2557,0.87,9.06
2,4,23.944,0.0,0.3,0.0,-0.0013,0.0045,0.0457,0.2556,0.67,8.33
2,4,23.966,0.0,0.3,0.0,-0.0001,0.0042,0.0455,0.2556,0.65,8.31
2,4,23.983,0.0,0.3,0.0,-0.0003,0.0034,0.0452,0.2557,1.31,6.93
2,4,24.004,0.0,0.3,0.0,-0.0002,0.0028,0.0451,0.2560,2.01,6.57
2,4,24.022,0.0,0.3,0.0,-0.0000,0.0024,0.0452,0.2561,2.24,6.51
2,4,24.042,0.0,0.3,0.0,0.0002,0.0019,0.0458,0.2565,2.75,8.11
2,4,24.066,0.0,0.3,0.0,0.0006,0.0007,0.0465,0.2567,2.28,8.72
2,4,24.082,0.0,0.3,0.0,0.0013,-0.0001,0.0468,0.2568,1.92,9.19
2,4,24.103,0.0,0.3,0.0,0.0029,-0.0048,0.0476,0.2568,1.49,9.50
2,4,24.126,0.0,0.3,0.0,0.0039,-0.0072,0.0485,0.2568,1.47,9.70
2,4,24.144,0.0,0.3,0.0,0.0065,-0.0083,0.0493,0.2566,1.56,9.79
2,4,24.166,0.0,0.3,0.0,0.0069,-0.0127,0.0505,0.2563,1.92,9.78
2,4,24.183,0.0,0.3,0.0,0.0094,-0.0145,0.0514,0.2561,2.03,9.54
2,4,24.208,0.0,0.3,0.0,0.0034,-0.0145,0.0521,0.2559,1.88,9.10
2,4,24.231,0.0,0.3,0.0,0.0082,-0.0123,0.0531,0.2557,1.37,8.50
2,4,24.247,0.0,0.3,0.0,0.0047,-0.0097,0.0536,0.2556,0.99,8.05
2,4,24.266,0.0,0.3,0.0,0.0057,-0.0083,0.0541,0.2556,0.88,7.67
2,4,24.284,0.0,0.3,0.0,0.0018,-0.0061,0.0543,0.2556,0.83,7.21
2,4,24.308,0.0,0.3,0.0,0.0003,-0.0036,0.0543,0.2558,1.33,6.69
2,4,24.327,0.0,0.3,0.0,-0.0024,-0.0018,0.0541,0.2560,1.88,6.86
2,4,24.345,0.0,0.3,0.0,-0.0042,0.0003,0.0535,0.2561,2.03,7.29
2,4,24.361,0.0,0.3,0.0,-0.0080,0.0009,0.0531,0.2563,1.83,7.62
2,4,24.385,0.0,0.3,0.0,-0.0065,-0.0004,0.0525,0.2563,1.51,8.06
2,4,24.405,0.0,0.3,0.0,-0.0058,-0.0003,0.0517,0.2563,0.96,8.52
2,4,24.426,0.0,0.3,0.0,-0.0082,0.0009,0.0506,0.2562,0.53,8.88
2,4,24.444,0.0,0.3,0.0,-0.0061,0.0017,0.0496,0.2561,0.54,9.07
2,4,24.469,0.0,0.3,0.0,-0.0077,0.0033,0.0478,0.2558,0.93,9.26
2,4,24.483,0.0,0.3,0.0,-0.0055,0.0041,0.0472,0.2557,1.00,9.27
2,4,24.503,0.0,0.3,0.0,-0.0046,0.0045,0.0462,0.2556,0.95,9.08
2,4,24.523,0.0,0.3,0.0,-0.0031,0.0043,0.0458,0.2555,0.81,8.74
2,4,24.547,0.0,0.3,0.0,-0.0006,0.0035,0.0456,0.2555,0.58,8.30
2,4,24.566,0.0,0.3,0.0,-0.0003,0.0033,0.0452,0.2555,0.64,7.72
2,4,24.587,0.0,0.3,0.0,-0.0003,0.0028,0.0449,0.2557,1.37,6.93
2,4,24.602,0.0,0.3,0.0,-0.0003,0.0026,0.0448,0.2558,1.83,6.59
2,4,24.623,0.0,0.3,0.0,-0.0000,0.0025,0.0449,0.2559,2.07,6.57
2,4,24.643,0.0,0.3,0.0,0.0003,0.0020,0.0456,0.2564,2.90,8.17
2,4,24.663,0.0,0.3,0.0,0.0013,0.0010,0.0462,0.2566,2.60,8.75
2,4,24.683,0.0,0.3,0.0,0.0004,0.0005,0.0464,0.2566,2.38,8.72
2,4,24.703,0.0,0.3,0.0,0.0028,-0.0045,0.0474,0.2567,1.57,9.54
2,4,24.724,0.0,0.3,0.0,0.0043,-0.0064,0.0479,0.2567,1.56,9.54
2,4,24.745,0.0,0.3,0.0,0.0021,-0.0080,0.0486,0.2566,1.59,9.74
2,4,24.763,0.0,0.3,0.0,0.0086,-0.0117,0.0497,0.2564,1.85,9.80
2,4,24.784,0.0,0.3,0.0,0.0053,-0.0141,0.0505,0.2562,2.09,9.59
2,4,24.811,0.0,0.3,0.0,0.0039,-0.0151,0.0513,0.2560,2.02,9.18
2,4,24.828,0.0,0.3,0.0,0.0104,-0.0128,0.0523,0.2558,1.48,8.60
2,4,24.844,0.0,0.3,0.0,0.0035,-0.0110,0.0527,0.2557,1.17,8.03
2,4,24.862,0.0,0.3,0.0,0.0059,-0.0097,0.0531,0.2557,0.89,7.65
2,4,24.883,0.0,0.3,0.0,0.0052,-0.0068,0.0535,0.2557,0.89,7.22
2,4,24.905,0.0,0.3,0.0,0.0010,-0.0044,0.0536,0.2558,1.14,6.68
2,4,24.923,0.0,0.3,0.0,-0.0011,-0.0030,0.0535,0.2559,1.60,6.96
2,4,24.945,0.0,0.3,0.0,-0.0052,-0.0002,0.0531,0.2562,1.98,7.31
2,4,24.963,0.0,0.3,0.0,-0.0050,0.0009,0.0526,0.2563,1.78,7.63
2,4,24.985,0.0,0.3,0.0,-0.0047,0.0002,0.0522,0.2564,1.61,7.62
2,4,25.004,0.0,0.3,0.0,-0.0065,-0.0004,0.0513,0.2564,0.92,8.50
2,4,25.025,0.0,0.3,0.0,-0.0056,0.0008,0.0502,0.2563,0.53,8.88
2,4,25.044,0.0,0.3,0.0,-0.0076,0.0017,0.0495,0.2562,0.55,8.90
2,4,25.064,0.0,0.3,0.0,-0.0061,0.0023,0.0485,0.2561,0.74,9.18
2,4,25.084,0.0,0.3,0.0,-0.0059,0.0035,0.0472,0.2559,1.05,9.22
2,4,25.105,0.0,0.3,0.0,-0.0041,0.0045,0.0464,0.2557,1.04,9.06
2,4,25.125,0.0,0.3,0.0,-0.0019,0.0043,0.0460,0.2557,0.92,8.75
2,4,25.144,0.0,0.3,0.0,-0.0012,0.0048,0.0456,0.2556,0.69,8.30
2,4,25.162,0.0,0.3,0.0,-0.0002,0.0047,0.0453,0.2556,0.87,7.70
2,4,25.191,0.0,0.3,0.0,-0.0002,0.0036,0.0451,0.2558,1.57,6.88
2,4,25.207,0.0,0.3,0.0,0.0000,0.0031,0.0451,0.2559,1.62,6.84
2,4,25.226,0.0,0.3,0.0,0.0001,0.0024,0.0452,0.2562,2.50,7.38
2,4,25.245,0.0,0.3,0.0,0.0005,0.0023,0.0454,0.2563,2.93,8.31
2,4,25.261,0.0,0.3,0.0,0.0014,0.0011,0.0462,0.2566,2.61,8.77
2,4,25.283,0.0,0.3,0.0,0.0020,-0.0025,0.0470,0.2568,2.04,9.23
2,4,25.303,0.0,0.3,0.0,0.0028,-0.0043,0.0474,0.2568,1.58,9.51
2,4,25.324,0.0,0.3,0.0,0.0035,-0.0057,0.0479,0.2567,1.51,9.51
2,4,25.346,0.0,0.3,0.0,0.0041,-0.0091,0.0491,0.2566,1.65,9.84
2,4,25.369,0.0,0.3,0.0,0.0024,-0.0100,0.0494,0.2565,1.71,9.85
2,4,25.394,0.0,0.3,0.0,0.0000,-0.0100,0.0494,0.2565,1.71,9.85
2,4,25.406,0.0,0.3,0.0,0.0093,-0.0136,0.0507,0.2562,2.05,9.62
2,4,25.424,0.0,0.3,0.0,0.0074,-0.0139,0.0515,0.2560,1.80,8.68
2,4,25.441,0.0,0.3,0.0,0.0086,-0.0116,0.0522,0.2559,1.19,8.01
2,4,25.461,0.0,0.3,0.0,0.0070,-0.0084,0.0528,0.2558,0.91,7.60
2,4,25.484,0.0,0.3,0.0,0.0035,-0.0053,0.0531,0.2559,0.95,7.11
2,4,25.503,0.0,0.3,0.0,-0.0000,-0.0037,0.0531,0.2560,1.29,6.60
2,4,25.523,0.0,0.3,0.0,-0.0028,-0.0021,0.0530,0.2562,1.51,6.90
2,4,25.543,0.0,0.3,0.0,-0.0038,-0.0007,0.0527,0.2563,1.61,7.34
2,4,25.561,0.0,0.3,0.0,-0.0062,0.0005,0.0521,0.2565,1.62,7.67
2,4,25.583,0.0,0.3,0.0,-0.0071,-0.0007,0.0513,0.2565,1.11,7.98
2,4,25.604,0.0,0.3,0.0,-0.0051,0.0000,0.0507,0.2565,0.64,8.44
2,4,25.625,0.0,0.3,0.0,-0.0060,0.0007,0.0500,0.2564,0.49,8.46
2,4,25.648,0.0,0.3,0.0,-0.0032,0.0019,0.0490,0.2563,0.46,9.04
2,4,25.666,0.0,0.3,0.0,-0.0061,0.0026,0.0480,0.2561,0.83,9.07
2,4,25.689,0.0,0.3,0.0,-0.0061,0.0033,0.0470,0.2560,1.15,9.18
2,4,25.706,0.0,0.3,0.0,-0.0038,0.0044,0.0462,0.2558,1.03,9.19
2,4,25.727,0.0,0.3,0.0,-0.0019,0.0039,0.0455,0.2557,0.83,8.70
2,4,25.746,0.0,0.3,0.0,-0.0005,0.0040,0.0454,0.2557,0.72,8.70
2,4,25.761,0.0,0.3,0.0,0.0003,0.0047,0.0451,0.2557,0.88,7.66
2,4,25.784,0.0,0.3,0.0,0.0002,0.0035,0.0449,0.2558,1.33,6.86
2,4,25.808,0.0,0.3,0.0,0.0001,0.0029,0.0449,0.2559,1.99,6.64
2,4,25.826,0.0,0.3,0.0,0.0003,0.0025,0.0451,0.2562,2.68,7.38
2,4,25.846,0.0,0.3,0.0,0.0005,0.0022,0.0453,0.2563,2.75,7.29
2,4,25.865,0.0,0.3,0.0,0.0006,0.0020,0.0457,0.2565,2.86,8.17
2,4,25.883,0.0,0.3,0.0,0.0013,0.0010,0.0462,0.2567,2.56,8.82
2,4,25.907,0.0,0.3,0.0,0.0024,-0.0027,0.0470,0.2568,1.83,9.59
2,4,25.931,0.0,0.3,0.0,0.0025,-0.0066,0.0477,0.2568,1.69,9.58
2,4,25.946,0.0,0.3,0.0,0.0023,-0.0079,0.0483,0.2567,1.66,9.77
2,4,25.964,0.0,0.3,0.0,0.0064,-0.0118,0.0496,0.2565,1.91,9.85
2,4,25.983,0.0,0.3,0.0,0.0062,-0.0134,0.0502,0.2563,2.09,9.62
2,4,26.006,0.0,0.3,0.0,0.0081,-0.0148,0.0513,0.2560,2.04,9.24
2,4,26.027,0.0,0.3,0.0,0.0067,-0.0116,0.0525,0.2558,1.34,8.63
2,4,26.043,0.0,0.3,0.0,0.0054,-0.0107,0.0527,0.2558,1.22,8.63
2,4,26.064,0.0,0.3,0.0,0.0080,-0.0084,0.0534,0.2557,0.94,7.67
2,4,26.083,0.0,0.3,0.0,0.0037,-0.0062,0.0536,0.2557,0.86,7.21
2,4,26.103,0.0,0.3,0.0,0.0010,-0.0040,0.0537,0.2558,1.12,6.71
2,4,26.131,0.0,0.3,0.0,-0.0017,-0.0019,0.0535,0.2561,1.72,6.91
2,4,26.145,0.0,0.3,0.0,-0.0048,-0.0009,0.0534,0.2562,1.79,6.84
2,4,26.163,0.0,0.3,0.0,-0.0020,0.0005,0.0531,0.2563,1.90,7.30
2,4,26.183,0.0,0.3,0.0,-0.0099,-0.0002,0.0521,0.2564,1.48,8.05
2,4,26.205,0.0,0.3,0.0,-0.0061,0.0002,0.0513,0.2564,0.94,8.49
2,4,26.225,0.0,0.3,0.0,-0.0081,0.0006,0.0507,0.2563,0.70,8.52
2,4,26.247,0.0,0.3,0.0,-0.0060,0.0022,0.0489,0.2561,0.58,9.09
2,4,26.264,0.0,0.3,0.0,-0.0051,0.0029,0.0482,0.2560,0.84,9.19
2,4,26.282,0.0,0.3,0.0,-0.0072,0.0041,0.0469,0.2558,1.08,9.19
2,4,26.303,0.0,0.3,0.0,-0.0042,0.0047,0.0461,0.2557,1.05,9.02
2,4,26.325,0.0,0.3,0.0,-0.0004,0.0042,0.0457,0.2556,0.86,8.71
2,4,26.346,0.0,0.3,0.0,-0.0019,0.0045,0.0453,0.2555,0.66,8.26
2,4,26.364,0.0,0.3,0.0,0.0000,0.0043,0.0452,0.2555,0.63,8.25
2,4,26.383,0.0,0.3,0.0,-0.0001,0.0030,0.0448,0.2557,1.31,6.88
2,4,26.406,0.0,0.3,0.0,-0.0000,0.0028,0.0448,0.2559,2.04,6.64
2,4,26.425,0.0,0.3,0.0,0.0002,0.0024,0.0450,0.2561,2.58,7.38
2,4,26.446,0.0,0.3,0.0,0.0003,0.0020,0.0456,0.2564,2.87,8.19
2,4,26.464,0.0,0.3,0.0,0.0003,0.0015,0.0460,0.2565,2.73,8.85
2,4,26.483,0.0,0.3,0.0,0.0026,-0.0003,0.0467,0.2567,1.98,9.28
2,4,26.506,0.0,0.3,0.0,0.0028,-0.0031,0.0473,0.2568,1.48,9.59
2,4,26.530,0.0,0.3,0.0,0.0021,-0.0068,0.0480,0.2568,1.61,9.78
2,4,26.544,0.0,0.3,0.0,0.0068,-0.0086,0.0488,0.2567,1.69,9.85
2,4,26.562,0.0,0.3,0.0,0.0045,-0.0108,0.0496,0.2565,1.81,9.83
2,4,26.583,0.0,0.3,0.0,0.0018,-0.0124,0.0501,0.2564,1.99,9.63
2,4,26.611,0.0,0.3,0.0,0.0099,-0.0138,0.0517,0.2560,1.78,9.27
2,4,26.627,0.0,0.3,0.0,0.0053,-0.0133,0.0522,0.2559,1.64,8.64
2,4,26.644,0.0,0.3,0.0,0.0085,-0.0121,0.0524,0.2558,1.43,8.63
2,4,26.670,0.0,0.3,0.0,0.0049,-0.0077,0.0534,0.2557,0.94,7.69
2,4,26.683,0.0,0.3,0.0,0.0032,-0.0051,0.0536,0.2558,0.80,7.20
2,4,26.706,0.0,0.3,0.0,0.0009,-0.0036,0.0537,0.2559,1.28,6.72
2,4,26.727,0.0,0.3,0.0,-0.0010,-0.0019,0.0536,0.2561,1.70,6.92
2,4,26.745,0.0,0.3,0.0,-0.0042,-0.0004,0.0533,0.2562,1.82,7.34
2,4,26.762,0.0,0.3,0.0,-0.0069,0.0010,0.0528,0.2564,1.90,7.66
2,4,26.785,0.0,0.3,0.0,-0.0055,-0.0001,0.0521,0.2564,1.49,7.63
2,4,26.805,0.0,0.3,0.0,-0.0079,-0.0002,0.0515,0.2564,0.96,8.48
2,4,26.828,0.0,0.3,0.0,-0.0044,0.0011,0.0503,0.2563,0.57,8.84
2,4,26.844,0.0,0.3,0.0,-0.0044,0.0020,0.0496,0.2562,0.61,8.87
2,4,26.861,0.0,0.3,0.0,-0.0097,0.0027,0.0482,0.2560,0.86,9.16
2,4,26.884,0.0,0.3,0.0,-0.0053,0.0036,0.0472,0.2559,1.06,9.18
2,4,26.908,0.0,0.3,0.0,-0.0038,0.0046,0.0465,0.2557,1.04,9.04
2,4,26.927,0.0,0.3,0.0,-0.0028,0.0044,0.0459,0.2556,0.82,8.72
2,4,26.944,0.0,0.3,0.0,-0.0005,0.0053,0.0456,0.2556,0.71,8.28
2,4,26.961,0.0,0.3,0.0,-0.0002,0.0039,0.0453,0.2556,0.65,7.67
2,4,26.983,0.0,0.3,0.0,0.0001,0.0039,0.0450,0.2558,1.66,6.83
2,4,27.005,0.0,0.3,0.0,0.0001,0.0039,0.0450,0.2558,1.66,6.83
2,4,27.026,0.0,0.3,0.0,0.0005,0.0028,0.0452,0.2561,2.63,7.43
2,4,27.045,0.0,0.3,0.0,0.0008,0.0022,0.0456,0.2564,2.93,8.21
2,4,27.062,0.0,0.3,0.0,0.0009,0.0016,0.0461,0.2566,2.83,8.83
2,5,27.088,0.0,0.0,0.0,0.0075,-0.0012,0.0469,0.2567,2.00,9.27
2,5,27.109,0.0,0.0,0.0,0.0047,-0.0014,0.0477,0.2568,0.96,7.92
2,5,27.128,0.0,0.0,0.0,0.0015,-0.0002,0.0478,0.2568,0.89,7.92
2,5,27.146,0.0,0.0,0.0,0.0019,0.0030,0.0483,0.2570,1.46,7.68
2,5,27.168,0.0,0.0,0.0,0.0029,0.0044,0.0485,0.2571,1.73,7.53
2,5,27.186,0.0,0.0,0.0,0.0000,0.0044,0.0485,0.2571,1.73,7.53
2,5,27.206,0.0,0.0,0.0,0.0031,0.0036,0.0485,0.2573,1.57,7.26
2,5,27.224,0.0,0.0,0.0,0.0018,0.0033,0.0484,0.2575,1.39,7.11
2,5,27.245,0.0,0.0,0.0,0.0022,0.0033,0.0484,0.2576,1.29,7.02
2,5,27.266,0.0,0.0,0.0,0.0013,0.0031,0.0483,0.2577,1.15,6.98
2,5,27.284,0.0,0.0,0.0,0.0024,0.0026,0.0482,0.2579,0.97,6.90
2,5,27.306,0.0,0.0,0.0,0.0007,0.0023,0.0481,0.2579,0.88,6.89
2,5,27.329,0.0,0.0,0.0,0.0011,0.0016,0.0480,0.2581,0.67,6.88
2,5,27.344,0.0,0.0,0.0,0.0002,0.0011,0.0479,0.2581,0.54,6.90
2,5,27.365,0.0,0.0,0.0,-0.0000,0.0010,0.0479,0.2581,0.50,6.90
2,5,27.394,0.0,0.0,0.0,-0.0001,0.0006,0.0478,0.2582,0.40,6.93
2,5,27.406,0.0,0.0,0.0,-0.0008,0.0004,0.0478,0.2582,0.35,6.93
2,5,27.426,0.0,0.0,0.0,-0.0005,0.0003,0.0478,0.2582,0.30,6.94
2,5,27.446,0.0,0.0,0.0,-0.0005,0.0003,0.0477,0.2583,0.29,6.95
2,5,27.464,0.0,0.0,0.0,-0.0006,0.0003,0.0477,0.2583,0.28,6.96
2,5,27.484,0.0,0.0,0.0,-0.0005,0.0003,0.0477,0.2583,0.27,6.96
2,5,27.505,0.0,0.0,0.0,-0.0005,0.0003,0.0476,0.2584,0.26,6.95
2,5,27.525,0.0,0.0,0.0,-0.0004,0.0003,0.0476,0.2584,0.26,6.94
2,5,27.543,0.0,0.0,0.0,-0.0003,0.0003,0.0476,0.2584,0.25,6.93
2,5,27.561,0.0,0.0,0.0,-0.0007,0.0002,0.0476,0.2584,0.24,6.92
2,5,27.583,0.0,0.0,0.0,-0.0004,0.0002,0.0475,0.2585,0.24,6.91
2,5,27.603,0.0,0.0,0.0,-0.0004,0.0002,0.0475,0.2585,0.23,6.90
2,5,27.622,0.0,0.0,0.0,-0.0006,0.0002,0.0475,0.2585,0.22,6.89
2,5,27.641,0.0,0.0,0.0,-0.0003,0.0002,0.0474,0.2585,0.22,6.88
2,5,27.661,0.0,0.0,0.0,-0.0003,0.0002,0.0474,0.2586,0.21,6.88
2,5,27.683,0.0,0.0,0.0,-0.0005,0.0002,0.0474,0.2586,0.21,6.87
2,5,27.704,0.0,0.0,0.0,-0.0004,0.0002,0.0474,0.2586,0.20,6.86
2,5,27.724,0.0,0.0,0.0,-0.0003,0.0002,0.0474,0.2586,0.20,6.86
2,5,27.744,0.0,0.0,0.0,-0.0003,0.0002,0.0473,0.2587,0.19,6.85
2,5,27.763,0.0,0.0,0.0,-0.0002,0.0002,0.0473,0.2587,0.19,6.84
2,5,27.792,0.0,0.0,0.0,-0.0003,0.0002,0.0473,0.2587,0.19,6.83
2,5,27.805,0.0,0.0,0.0,0.0000,0.0002,0.0473,0.2587,0.18,6.83
2,5,27.825,0.0,0.0,0.0,-0.0003,0.0002,0.0473,0.2587,0.18,6.82
2,5,27.844,0.0,0.0,0.0,-0.0001,0.0002,0.0472,0.2588,0.18,6.82
2,5,27.864,0.0,0.0,0.0,-0.0003,0.0002,0.0472,0.2588,0.18,6.81
2,5,27.883,0.0,0.0,0.0,-0.0003,0.0002,0.0472,0.2588,0.17,6.80
2,5,27.903,0.0,0.0,0.0,-0.0001,0.0002,0.0472,0.2588,0.17,6.80
2,5,27.925,0.0,0.0,0.0,-0.0003,0.0001,0.0472,0.2588,0.17,6.79
2,5,27.945,0.0,0.0,0.0,-0.0002,0.0001,0.0472,0.2589,0.16,6.78
2,5,27.967,0.0,0.0,0.0,-0.0003,0.0001,0.0471,0.2589,0.16,6.78
2,5,27.984,0.0,0.0,0.0,-0.0003,0.0001,0.0471,0.2589,0.16,6.77
2,5,28.006,0.0,0.0,0.0,-0.0002,0.0001,0.0471,0.2589,0.15,6.77
2,5,28.024,0.0,0.0,0.0,-0.0001,0.0001,0.0471,0.2589,0.15,6.76
2,5,28.046,0.0,0.0,0.0,-0.0002,0.0001,0.0471,0.2589,0.15,6.76
2,5,28.063,0.0,0.0,0.0,-0.0002,0.0001,0.0471,0.2590,0.15,6.75
2,5,28.084,0.0,0.0,0.0,-0.0001,0.0001,0.0471,0.2590,0.15,6.75
2,5,28.106,0.0,0.0,0.0,-0.0002,0.0001,0.0471,0.2590,0.14,6.74
2,5,28.124,0.0,0.0,0.0,-0.0002,0.0001,0.0471,0.2590,0.14,6.74
2,5,28.144,0.0,0.0,0.0,-0.0001,0.0001,0.0470,0.2590,0.14,6.73
2,5,28.164,0.0,0.0,0.0,-0.0001,0.0001,0.0470,0.2590,0.14,6.73
2,5,28.184,0.0,0.0,0.0,-0.0002,0.0001,0.0470,0.2590,0.13,6.72
2,5,28.205,0.0,0.0,0.0,-0.0001,0.0001,0.0470,0.2591,0.13,6.72
2,5,28.230,0.0,0.0,0.0,-0.0001,0.0001,0.0470,0.2591,0.13,6.71
2,5,28.244,0.0,0.0,0.0,-0.0002,0.0001,0.0470,0.2591,0.13,6.71
2,5,28.263,0.0,0.0,0.0,-0.0001,0.0001,0.0470,0.2591,0.13,6.71
2,5,28.288,0.0,0.0,0.0,-0.0002,0.0001,0.0470,0.2591,0.12,6.70
2,5,28.305,0.0,0.0,0.0,-0.0001,0.0001,0.0470,0.2591,0.12,6.70
2,5,28.333,0.0,0.0,0.0,-0.0001,0.0001,0.0470,0.2591,0.12,6.69
2,5,28.345,0.0,0.0,0.0,-0.0002,0.0001,0.0470,0.2592,0.12,6.69
2,5,28.363,0.0,0.0,0.0,-0.0001,0.0001,0.0470,0.2592,0.11,6.68
2,5,28.384,0.0,0.0,0.0,-0.0001,0.0001,0.0470,0.2592,0.11,6.68
2,5,28.408,0.0,0.0,0.0,-0.0001,0.0001,0.0469,0.2592,0.11,6.68
2,5,28.425,0.0,0.0,0.0,-0.0001,0.0001,0.0469,0.2592,0.11,6.67
2,5,28.444,0.0,0.0,0.0,-0.0001,0.0001,0.0469,0.2592,0.11,6.67
2,5,28.467,0.0,0.0,0.0,-0.0001,0.0001,0.0469,0.2592,0.11,6.66
2,5,28.485,0.0,0.0,0.0,-0.0001,0.0001,0.0469,0.2592,0.10,6.66
2,5,28.506,0.0,0.0,0.0,-0.0001,0.0001,0.0469,0.2593,0.10,6.66
2,5,28.525,0.0,0.0,0.0,-0.0001,0.0001,0.0469,0.2593,0.10,6.65
2,5,28.541,0.0,0.0,0.0,-0.0001,0.0001,0.0469,0.2593,0.10,6.65
2,5,28.561,0.0,0.0,0.0,-0.0001,0.0001,0.0469,0.2593,0.10,6.65
2,5,28.584,0.0,0.0,0.0,-0.0001,0.0001,0.0469,0.2593,0.10,6.64
2,5,28.603,0.0,0.0,0.0,-0.0001,0.0001,0.0469,0.2593,0.09,6.64
2,5,28.623,0.0,0.0,0.0,-0.0001,0.0001,0.0469,0.2593,0.09,6.63
2,5,28.642,0.0,0.0,0.0,-0.0001,0.0001,0.0469,0.2593,0.09,6.63
2,5,28.662,0.0,0.0,0.0,-0.0001,0.0001,0.0469,0.2593,0.09,6.63
2,5,28.682,0.0,0.0,0.0,-0.0001,0.0001,0.0469,0.2594,0.09,6.62
2,5,28.703,0.0,0.0,0.0,-0.0000,0.0001,0.0469,0.2594,0.09,6.62
2,5,28.722,0.0,0.0,0.0,-0.0001,0.0001,0.0469,0.2594,0.08,6.62
2,5,28.741,0.0,0.0,0.0,-0.0001,0.0001,0.0469,0.2594,0.08,6.61
2,5,28.761,0.0,0.0,0.0,-0.0000,0.0001,0.0469,0.2594,0.08,6.61
2,5,28.783,0.0,0.0,0.0,-0.0000,0.0001,0.0469,0.2594,0.08,6.61
2,5,28.804,0.0,0.0,0.0,-0.0000,0.0001,0.0469,0.2594,0.08,6.60
2,5,28.822,0.0,0.0,0.0,-0.0000,0.0001,0.0469,0.2594,0.08,6.60
2,5,28.841,0.0,0.0,0.0,-0.0000,0.0001,0.0468,0.2594,0.08,6.60
2,5,28.861,0.0,0.0,0.0,-0.0000,0.0001,0.0468,0.2594,0.07,6.59
2,5,28.884,0.0,0.0,0.0,-0.0000,0.0001,0.0468,0.2595,0.07,6.59
2,5,28.904,0.0,0.0,0.0,-0.0000,0.0001,0.0468,0.2595,0.07,6.59
2,5,28.923,0.0,0.0,0.0,-0.0000,0.0000,0.0468,0.2595,0.07,6.58
2,5,28.941,0.0,0.0,0.0,-0.0000,0.0000,0.0468,0.2595,0.07,6.58
2,5,28.961,0.0,0.0,0.0,-0.0000,0.0000,0.0468,0.2595,0.07,6.58
2,5,28.982,0.0,0.0,0.0,-0.0000,0.0000,0.0468,0.2595,0.07,6.57
2,5,29.002,0.0,0.0,0.0,-0.0000,0.0000,0.0468,0.2595,0.07,6.57
2,5,29.022,0.0,0.0,0.0,-0.0000,0.0000,0.0468,0.2595,0.07,6.57
2,5,29.041,0.0,0.0,0.0,-0.0000,0.0000,0.0468,0.2595,0.06,6.57
2,5,29.061,0.0,0.0,0.0,-0.0000,0.0000,0.0468,0.2595,0.06,6.56
2,5,29.083,0.0,0.0,0.0,-0.0000,0.0000,0.0468,0.2595,0.06,6.56
2,5,29.103,0.0,0.0,0.0,-0.0000,0.0000,0.0468,0.2595,0.06,6.56
2,5,29.123,0.0,0.0,0.0,0.0000,0.0000,0.0468,0.2595,0.06,6.56
2,5,29.141,0.0,0.0,0.0,0.0000,0.0000,0.0468,0.2596,0.06,6.55
2,5,29.161,0.0,0.0,0.0,0.0000,0.0000,0.0468,0.2596,0.06,6.55
2,5,29.183,0.0,0.0,0.0,0.0000,0.0000,0.0468,0.2596,0.06,6.55
2,5,29.203,0.0,0.0,0.0,0.0000,0.0000,0.0468,0.2596,0.06,6.55
2,5,29.222,0.0,0.0,0.0,0.0000,0.0000,0.0468,0.2596,0.06,6.54
2,5,29.241,0.0,0.0,0.0,0.0000,0.0000,0.0468,0.2596,0.05,6.54
2,5,29.262,0.0,0.0,0.0,0.0000,0.0000,0.0468,0.2596,0.05,6.54
2,5,29.282,0.0,0.0,0.0,0.0000,0.0000,0.0468,0.2596,0.05,6.54
2,5,29.303,0.0,0.0,0.0,0.0000,0.0000,0.0468,0.2596,0.05,6.53
2,5,29.322,0.0,0.0,0.0,0.0000,0.0000,0.0468,0.2596,0.05,6.53
2,5,29.341,0.0,0.0,0.0,0.0000,0.0000,0.0468,0.2596,0.05,6.53
2,5,29.361,0.0,0.0,0.0,0.0000,0.0000,0.0468,0.2596,0.05,6.53
2,5,29.381,0.0,0.0,0.0,0.0000,0.0000,0.0468,0.2596,0.05,6.53
2,5,29.403,0.0,0.0,0.0,0.0000,0.0000,0.0468,0.2596,0.05,6.52
2,5,29.422,0.0,0.0,0.0,0.0000,0.0000,0.0468,0.2596,0.05,6.52
2,5,29.442,0.0,0.0,0.0,0.0000,0.0000,0.0468,0.2596,0.05,6.52
2,5,29.461,0.0,0.0,0.0,0.0000,0.0000,0.0468,0.2597,0.05,6.52
2,5,29.482,0.0,0.0,0.0,0.0000,0.0000,0.0468,0.2597,0.04,6.51
2,5,29.502,0.0,0.0,0.0,0.0000,0.0000,0.0468,0.2597,0.04,6.51
2,5,29.522,0.0,0.0,0.0,0.0000,0.0000,0.0468,0.2597,0.04,6.51
2,5,29.541,0.0,0.0,0.0,0.0000,0.0000,0.0468,0.2597,0.04,6.51
2,5,29.561,0.0,0.0,0.0,0.0000,0.0000,0.0468,0.2597,0.04,6.51
2,5,29.583,0.0,0.0,0.0,0.0000,0.0000,0.0468,0.2597,0.04,6.51
2,5,29.603,0.0,0.0,0.0,0.0000,0.0000,0.0468,0.2597,0.04,6.50
2,5,29.624,0.0,0.0,0.0,0.0000,0.0000,0.0468,0.2597,0.04,6.50
2,5,29.641,0.0,0.0,0.0,0.0000,0.0000,0.0468,0.2597,0.04,6.50
2,5,29.662,0.0,0.0,0.0,0.0000,0.0000,0.0468,0.2597,0.04,6.50
2,5,29.682,0.0,0.0,0.0,0.0000,0.0000,0.0468,0.2597,0.04,6.50
2,5,29.704,0.0,0.0,0.0,0.0000,0.0000,0.0468,0.2597,0.04,6.50
2,5,29.722,0.0,0.0,0.0,0.0000,0.0000,0.0468,0.2597,0.04,6.49
2,5,29.742,0.0,0.0,0.0,0.0000,0.0000,0.0468,0.2597,0.04,6.49
2,5,29.761,0.0,0.0,0.0,0.0000,0.0000,0.0468,0.2597,0.04,6.49
2,5,29.783,0.0,0.0,0.0,0.0000,0.0000,0.0468,0.2597,0.04,6.49
2,5,29.804,0.0,0.0,0.0,0.0000,0.0000,0.0468,0.2597,0.03,6.49
2,5,29.822,0.0,0.0,0.0,0.0000,0.0000,0.0468,0.2597,0.03,6.49
2,5,29.842,0.0,0.0,0.0,0.0000,0.0000,0.0468,0.2597,0.03,6.48
2,5,29.861,0.0,0.0,0.0,0.0001,0.0000,0.0468,0.2597,0.03,6.48
2,5,29.883,0.0,0.0,0.0,0.0000,0.0000,0.0468,0.2597,0.03,6.48
2,5,29.902,0.0,0.0,0.0,0.0000,0.0000,0.0468,0.2598,0.03,6.48
2,5,29.922,0.0,0.0,0.0,0.0001,-0.0000,0.0468,0.2598,0.03,6.48
2,5,29.941,0.0,0.0,0.0,0.0001,-0.0000,0.0468,0.2598,0.03,6.48
2,5,29.961,0.0,0.0,0.0,0.0000,-0.0000,0.0468,0.2598,0.03,6.48
2,5,29.982,0.0,0.0,0.0,0.0001,-0.0000,0.0468,0.2598,0.03,6.47
2,5,30.002,0.0,0.0,0.0,0.0001,-0.0000,0.0468,0.2598,0.03,6.47
2,5,30.022,0.0,0.0,0.0,0.0001,-0.0000,0.0468,0.2598,0.03,6.47
2,5,30.041,0.0,0.0,0.0,0.0000,-0.0000,0.0468,0.2598,0.03,6.47
2,5,30.061,0.0,0.0,0.0,0.0001,-0.0000,0.0468,0.2598,0.03,6.47
2,5,30.083,0.0,0.0,0.0,0.0000,-0.0000,0.0468,0.2598,0.03,6.47
3,0,0.001,0.0,0.0,0.0,0.0000,0.0000,0.1145,0.2221,0.14,11.19
3,0,0.023,0.0,0.0,0.0,0.0012,0.0000,0.1145,0.2221,0.27,24.67
3,0,0.043,0.0,0.0,0.0,0.0197,-0.0411,0.0968,0.2229,120.61,21.36
3,0,0.063,0.0,0.0,0.0,0.0543,-0.0583,0.0785,0.2236,128.67,17.61
3,0,0.082,0.0,0.0,0.0,0.0667,-0.0622,0.0560,0.2263,86.18,15.01
3,0,0.101,0.0,0.0,0.0,0.0567,-0.0580,0.0472,0.2274,68.16,13.87
3,0,0.123,0.0,0.0,0.0,0.1906,-0.0342,0.0345,0.2308,41.94,13.28
3,0,0.143,0.0,0.0,0.0,0.1848,-0.0026,0.0230,0.2342,30.37,12.66
3,0,0.162,0.0,0.0,0.0,0.1644,0.0149,0.0148,0.2369,27.91,12.13
3,0,0.181,0.0,0.0,0.0,0.2420,0.0208,0.0110,0.2380,24.84,11.87
3,0,0.201,0.0,0.0,0.0,0.2953,0.0117,0.0025,0.2403,21.48,11.54
3,0,0.223,0.0,0.0,0.0,0.2176,0.0092,0.0014,0.2407,20.91,11.52
3,0,0.243,0.0,0.0,0.0,0.3007,0.0021,0.0086,0.2429,17.33,11.10
3,0,0.262,0.0,0.0,0.0,0.2372,0.0009,0.0129,0.2439,16.14,10.57
3,0,0.282,0.0,0.0,0.0,0.3206,-0.0002,0.0171,0.2448,15.33,10.20
3,0,0.301,0.0,0.0,0.0,0.3466,-0.0016,0.0236,0.2462,15.26,9.72
3,0,0.323,0.0,0.0,0.0,0.3274,-0.0001,0.0284,0.2474,15.46,9.22
3,0,0.342,0.0,0.0,0.0,0.2353,0.0049,0.0316,0.2482,15.65,8.80
3,0,0.362,0.0,0.0,0.0,0.3185,0.0129,0.0351,0.2494,15.72,8.48
3,0,0.381,0.0,0.0,0.0,0.2333,0.0189,0.0375,0.2502,15.61,8.09
3,0,0.402,0.0,0.0,0.0,0.2977,0.0250,0.0397,0.2510,15.44,7.83
3,0,0.423,0.0,0.0,0.0,0.2957,0.0330,0.0427,0.2523,14.59,7.38
3,0,0.443,0.0,0.0,0.0,0.2713,0.0360,0.0443,0.2530,14.02,6.92
3,0,0.463,0.0,0.0,0.0,0.2006,0.0407,0.0459,0.2539,13.18,6.62
3,0,0.482,0.0,0.0,0.0,0.2377,0.0440,0.0470,0.2546,12.10,6.28
3,0,0.502,0.0,0.0,0.0,0.1623,0.0452,0.0477,0.2551,11.17,6.01
3,0,0.522,0.0,0.0,0.0,0.1955,0.0456,0.0483,0.2556,10.20,5.70
3,0,0.543,0.0,0.0,0.0,0.1676,0.0453,0.0489,0.2560,8.85,5.71
3,0,0.563,0.0,0.0,0.0,0.1425,0.0428,0.0494,0.2565,7.13,5.79
3,0,0.582,0.0,0.0,0.0,0.0898,0.0401,0.0496,0.2567,6.07,5.85
3,0,0.601,0.0,0.0,0.0,0.0986,0.0358,0.0498,0.2570,4.72,5.92
3,0,0.623,0.0,0.0,0.0,0.0553,0.0313,0.0498,0.2571,3.74,5.99
3,0,0.643,0.0,0.0,0.0,0.0483,0.0238,0.0498,0.2573,2.51,6.00
3,0,0.663,0.0,0.0,0.0,0.0266,0.0129,0.0496,0.2574,1.29,6.04
3,0,0.682,0.0,0.0,0.0,0.0052,0.0038,0.0493,0.2574,0.62,6.05
3,0,0.701,0.0,0.0,0.0,-0.0067,0.0034,0.0488,0.2575,0.97,6.00
3,0,0.723,0.0,0.0,0.0,-0.0132,0.0063,0.0481,0.2576,1.28,5.86
3,0,0.743,0.0,0.0,0.0,-0.0146,0.0080,0.0477,0.2576,1.36,5.78
3,0,0.763,0.0,0.0,0.0,-0.0175,0.0117,0.0465,0.2577,1.53,5.68
3,0,0.781,0.0,0.0,0.0,-0.0269,0.0128,0.0459,0.2578,1.53,5.61
3,0,0.801,0.0,0.0,0.0,-0.0312,0.0137,0.0451,0.2579,1.53,5.57
3,0,0.822,0.0,0.0,0.0,-0.0327,0.0140,0.0445,0.2579,1.53,5.54
3,0,0.844,0.0,0.0,0.0,-0.0249,0.0138,0.0440,0.2580,1.56,5.49
3,0,0.863,0.0,0.0,0.0,-0.0367,0.0133,0.0435,0.2580,1.55,5.45
3,0,0.881,0.0,0.0,0.0,-0.0280,0.0127,0.0429,0.2580,1.56,5.40
3,0,0.902,0.0,0.0,0.0,-0.0378,0.0119,0.0423,0.2581,1.51,5.35
3,0,0.922,0.0,0.0,0.0,-0.0376,0.0111,0.0417,0.2581,1.46,5.41
3,0,0.943,0.0,0.0,0.0,-0.0267,0.0106,0.0413,0.2581,1.43,5.50
3,0,0.963,0.0,0.0,0.0,-0.0359,0.0098,0.0408,0.2581,1.36,5.59
3,0,0.982,0.0,0.0,0.0,-0.0341,0.0090,0.0403,0.2581,1.28,5.66
3,0,1.001,0.0,0.0,0.0,-0.0334,0.0082,0.0399,0.2582,1.20,5.74
3,0,1.023,0.0,0.0,0.0,-0.0224,0.0076,0.0396,0.2582,1.14,5.81
3,0,1.042,0.0,0.0,0.0,-0.0284,0.0069,0.0392,0.2582,1.05,5.86
3,0,1.063,0.0,0.0,0.0,-0.0248,0.0064,0.0389,0.2582,0.97,5.94
3,0,1.083,0.0,0.0,0.0,-0.0175,0.0057,0.0386,0.2582,0.86,5.98
3,0,1.101,0.0,0.0,0.0,-0.0201,0.0051,0.0384,0.2582,0.75,6.03
3,0,1.123,0.0,0.0,0.0,-0.0185,0.0045,0.0381,0.2582,0.64,6.06
3,0,1.143,0.0,0.0,0.0,-0.0108,0.0040,0.0380,0.2582,0.56,6.08
3,0,1.162,0.0,0.0,0.0,-0.0120,0.0035,0.0379,0.2582,0.48,6.11
3,0,1.181,0.0,0.0,0.0,-0.0071,0.0028,0.0377,0.2582,0.37,6.12
3,0,1.201,0.0,0.0,0.0,-0.0069,0.0020,0.0376,0.2582,0.26,6.13
3,0,1.223,0.0,0.0,0.0,-0.0040,0.0014,0.0376,0.2582,0.18,6.13
3,0,1.243,0.0,0.0,0.0,-0.0015,0.0007,0.0376,0.2582,0.10,6.13
3,0,1.263,0.0,0.0,0.0,-0.0011,0.0005,0.0376,0.2582,0.08,6.12
3,0,1.281,0.0,0.0,0.0,-0.0006,0.0005,0.0376,0.2582,0.08,6.11
3,0,1.302,0.0,0.0,0.0,-0.0008,0.0005,0.0377,0.2582,0.07,6.11
3,0,1.322,0.0,0.0,0.0,-0.0008,0.0005,0.0377,0.2582,0.07,6.11
3,0,1.343,0.0,0.0,0.0,-0.0008,0.0005,0.0377,0.2582,0.07,6.11
3,0,1.362,0.0,0.0,0.0,-0.0009,0.0005,0.0377,0.2582,0.07,6.11
3,0,1.381,0.0,0.0,0.0,-0.0007,0.0005,0.0377,0.2582,0.07,6.11
3,0,1.401,0.0,0.0,0.0,-0.0009,0.0005,0.0377,0.2582,0.07,6.11
3,0,1.423,0.0,0.0,0.0,-0.0007,0.0005,0.0378,0.2582,0.07,6.11
3,0,1.443,0.0,0.0,0.0,-0.0009,0.0005,0.0378,0.2582,0.07,6.11
3,0,1.463,0.0,0.0,0.0,-0.0009,0.0005,0.0378,0.2582,0.07,6.11
3,0,1.483,0.0,0.0,0.0,-0.0007,0.0005,0.0378,0.2582,0.07,6.11
3,0,1.501,0.0,0.0,0.0,-0.0009,0.0005,0.0378,0.2582,0.07,6.11
3,0,1.523,0.0,0.0,0.0,-0.0009,0.0005,0.0378,0.2582,0.06,6.11
3,0,1.546,0.0,0.0,0.0,-0.0006,0.0005,0.0378,0.2582,0.06,6.11
3,0,1.563,0.0,0.0,0.0,-0.0009,0.0005,0.0378,0.2582,0.06,6.11
3,0,1.581,0.0,0.0,0.0,-0.0007,0.0005,0.0378,0.2582,0.06,6.12
3,0,1.601,0.0,0.0,0.0,-0.0009,0.0005,0.0379,0.2582,0.06,6.12
3,0,1.622,0.0,0.0,0.0,-0.0009,0.0005,0.0379,0.2582,0.06,6.12
3,0,1.642,0.0,0.0,0.0,-0.0008,0.0005,0.0379,0.2582,0.06,6.12
3,0,1.663,0.0,0.0,0.0,-0.0007,0.0005,0.0379,0.2582,0.06,6.12
3,0,1.681,0.0,0.0,0.0,-0.0009,0.0005,0.0379,0.2582,0.06,6.12
3,0,1.701,0.0,0.0,0.0,-0.0007,0.0005,0.0379,0.2582,0.06,6.12
3,0,1.722,0.0,0.0,0.0,-0.0009,0.0005,0.0379,0.2582,0.06,6.12
3,0,1.742,0.0,0.0,0.0,-0.0008,0.0005,0.0379,0.2582,0.06,6.12
3,0,1.763,0.0,0.0,0.0,-0.0009,0.0005,0.0379,0.2582,0.06,6.12
3,0,1.781,0.0,0.0,0.0,-0.0009,0.0005,0.0379,0.2582,0.06,6.12
3,0,1.806,0.0,0.0,0.0,-0.0007,0.0005,0.0379,0.2582,0.06,6.12
3,0,1.827,0.0,0.0,0.0,-0.0002,0.0005,0.0379,0.2582,0.06,6.12
3,0,1.847,0.0,0.0,0.0,-0.0009,0.0004,0.0379,0.2582,0.06,6.12
3,0,1.872,0.0,0.0,0.0,-0.0003,0.0004,0.0379,0.2582,0.06,6.12
3,0,1.888,0.0,0.0,0.0,-0.0008,0.0004,0.0380,0.2582,0.06,6.12
3,0,1.903,0.0,0.0,0.0,-0.0011,0.0004,0.0380,0.2582,0.06,6.13
3,0,1.925,0.0,0.0,0.0,-0.0005,0.0004,0.0380,0.2582,0.06,6.13
3,0,1.945,0.0,0.0,0.0,-0.0007,0.0004,0.0380,0.2582,0.05,6.13
3,0,1.961,0.0,0.0,0.0,-0.0002,0.0004,0.0380,0.2582,0.05,6.13
3,0,1.981,0.0,0.0,0.0,-0.0011,0.0004,0.0380,0.2582,0.05,6.13
3,0,2.007,0.0,0.0,0.0,-0.0009,0.0004,0.0380,0.2582,0.05,6.13
3,0,2.024,0.0,0.0,0.0,-0.0005,0.0004,0.0380,0.2582,0.05,6.13
3,0,2.047,0.0,0.0,0.0,-0.0007,0.0004,0.0380,0.2582,0.05,6.13
3,0,2.073,0.0,0.0,0.0,-0.0003,0.0004,0.0380,0.2582,0.05,6.13
3,0,2.093,0.0,0.0,0.0,-0.0003,0.0004,0.0380,0.2582,0.05,6.13
3,0,2.108,0.0,0.0,0.0,-0.0003,0.0004,0.0380,0.2582,0.05,6.13
3,0,2.128,0.0,0.0,0.0,-0.0002,0.0004,0.0380,0.2582,0.05,6.13
3,0,2.141,0.0,0.0,0.0,-0.0020,0.0004,0.0380,0.2582,0.05,6.13
3,0,2.161,0.0,0.0,0.0,-0.0007,0.0004,0.0380,0.2582,0.05,6.13
3,0,2.183,0.0,0.0,0.0,-0.0010,0.0004,0.0380,0.2582,0.05,6.13
3,0,2.201,0.0,0.0,0.0,-0.0009,0.0004,0.0380,0.2582,0.05,6.14
3,0,2.223,0.0,0.0,0.0,-0.0006,0.0004,0.0380,0.2582,0.05,6.14
3,0,2.242,0.0,0.0,0.0,-0.0008,0.0004,0.0380,0.2582,0.05,6.14
3,0,2.262,0.0,0.0,0.0,-0.0008,0.0004,0.0380,0.2582,0.05,6.14
3,0,2.283,0.0,0.0,0.0,-0.0008,0.0004,0.0380,0.2582,0.05,6.14
3,0,2.301,0.0,0.0,0.0,-0.0009,0.0004,0.0380,0.2582,0.05,6.14
3,0,2.323,0.0,0.0,0.0,-0.0006,0.0004,0.0381,0.2582,0.05,6.14
3,0,2.343,0.0,0.0,0.0,-0.0008,0.0004,0.0381,0.2582,0.05,6.14
3,0,2.363,0.0,0.0,0.0,-0.0006,0.0004,0.0381,0.2582,0.05,6.14
3,0,2.381,0.0,0.0,0.0,-0.0008,0.0004,0.0381,0.2582,0.05,6.14
3,0,2.401,0.0,0.0,0.0,-0.0008,0.0004,0.0381,0.2582,0.05,6.15
3,0,2.423,0.0,0.0,0.0,-0.0008,0.0004,0.0381,0.2582,0.05,6.15
3,0,2.443,0.0,0.0,0.0,-0.0008,0.0004,0.0381,0.2582,0.05,6.15
3,0,2.463,0.0,0.0,0.0,-0.0006,0.0004,0.0381,0.2582,0.05,6.15
3,0,2.482,0.0,0.0,0.0,-0.0008,0.0004,0.0381,0.2582,0.05,6.15
3,0,2.501,0.0,0.0,0.0,-0.0008,0.0004,0.0381,0.2582,0.05,6.15
3,0,2.522,0.0,0.0,0.0,-0.0006,0.0004,0.0381,0.2582,0.05,6.15
3,0,2.544,0.0,0.0,0.0,-0.0008,0.0004,0.0381,0.2582,0.05,6.15
3,0,2.563,0.0,0.0,0.0,-0.0006,0.0004,0.0381,0.2582,0.05,6.16
3,0,2.582,0.0,0.0,0.0,-0.0008,0.0004,0.0381,0.2581,0.05,6.16
3,0,2.601,0.0,0.0,0.0,-0.0008,0.0004,0.0381,0.2581,0.05,6.16
3,0,2.621,0.0,0.0,0.0,-0.0006,0.0004,0.0381,0.2581,0.05,6.16
3,0,2.642,0.0,0.0,0.0,-0.0008,0.0004,0.0381,0.2581,0.05,6.16
3,0,2.662,0.0,0.0,0.0,-0.0008,0.0004,0.0381,0.2581,0.05,6.16
3,0,2.683,0.0,0.0,0.0,-0.0004,0.0004,0.0381,0.2581,0.05,6.16
3,0,2.701,0.0,0.0,0.0,-0.0011,0.0004,0.0381,0.2581,0.05,6.16
3,0,2.722,0.0,0.0,0.0,-0.0008,0.0004,0.0381,0.2581,0.05,6.16
3,0,2.743,0.0,0.0,0.0,-0.0006,0.0004,0.0381,0.2581,0.05,6.17
3,0,2.763,0.0,0.0,0.0,-0.0008,0.0004,0.0381,0.2581,0.05,6.17
3,0,2.782,0.0,0.0,0.0,-0.0008,0.0004,0.0381,0.2581,0.05,6.17
3,0,2.801,0.0,0.0,0.0,-0.0006,0.0004,0.0381,0.2581,0.05,6.17
3,0,2.823,0.0,0.0,0.0,-0.0008,0.0004,0.0381,0.2581,0.04,6.17
3,0,2.843,0.0,0.0,0.0,-0.0008,0.0004,0.0381,0.2581,0.04,6.17
3,0,2.863,0.0,0.0,0.0,-0.0006,0.0004,0.0381,0.2581,0.04,6.17
3,0,2.881,0.0,0.0,0.0,-0.0008,0.0004,0.0381,0.2581,0.04,6.17
3,0,2.901,0.0,0.0,0.0,-0.0008,0.0004,0.0381,0.2581,0.04,6.18
3,0,2.923,0.0,0.0,0.0,-0.0008,0.0004,0.0381,0.2581,0.04,6.18
3,0,2.943,0.0,0.0,0.0,-0.0006,0.0004,0.0381,0.2581,0.04,6.18
3,0,2.964,0.0,0.0,0.0,-0.0008,0.0004,0.0381,0.2581,0.04,6.18
3,0,2.981,0.0,0.0,0.0,-0.0008,0.0004,0.0381,0.2581,0.04,6.18
3,1,3.002,0.3,0.0,0.0,0.0000,0.0004,0.0381,0.2581,0.04,6.18
3,1,3.022,0.3,0.0,0.0,-0.0004,-0.0008,0.0383,0.2581,1.30,8.29
3,1,3.043,0.3,0.0,0.0,0.0016,-0.0067,0.0394,0.2581,2.72,9.56
3,1,3.062,0.3,0.0,0.0,0.0048,-0.0102,0.0407,0.2581,3.43,10.61
3,1,3.083,0.3,0.0,0.0,0.0037,-0.0111,0.0422,0.2578,4.65,11.44
3,1,3.102,0.3,0.0,0.0,0.0105,-0.0064,0.0441,0.2572,9.21,12.04
3,1,3.123,0.3,0.0,0.0,0.0159,-0.0022,0.0457,0.2562,9.98,12.18
3,1,3.143,0.3,0.0,0.0,0.0169,-0.0030,0.0468,0.2561,5.98,12.49
3,1,3.163,0.3,0.0,0.0,0.0231,-0.0034,0.0489,0.2550,4.31,11.86
3,1,3.183,0.3,0.0,0.0,0.0264,-0.0026,0.0503,0.2547,3.75,11.78
3,1,3.203,0.3,0.0,0.0,0.0122,-0.0019,0.0511,0.2546,2.84,11.23
3,1,3.221,0.3,0.0,0.0,0.0204,-0.0029,0.0520,0.2545,1.17,10.55
3,1,3.242,0.3,0.0,0.0,0.0147,-0.0015,0.0521,0.2546,0.98,9.66
3,1,3.263,0.3,0.0,0.0,0.0082,0.0016,0.0521,0.2547,1.69,8.60
3,1,3.282,0.3,0.0,0.0,0.0072,0.0038,0.0518,0.2550,2.88,7.49
3,1,3.301,0.3,0.0,0.0,0.0032,0.0056,0.0507,0.2555,3.75,6.72
3,1,3.321,0.3,0.0,0.0,0.0018,0.0060,0.0499,0.2559,3.75,7.31
3,1,3.342,0.3,0.0,0.0,0.0005,0.0059,0.0489,0.2563,2.94,7.97
3,1,3.362,0.3,0.0,0.0,0.0004,0.0065,0.0483,0.2565,1.93,8.63
3,1,3.382,0.3,0.0,0.0,0.0007,0.0052,0.0481,0.2565,1.61,9.23
3,1,3.401,0.3,0.0,0.0,0.0023,0.0021,0.0481,0.2559,5.14,9.77
3,1,3.422,0.3,0.0,0.0,0.0074,0.0021,0.0484,0.2554,5.79,10.25
3,1,3.442,0.3,0.0,0.0,0.0105,0.0030,0.0487,0.2553,3.84,10.85
3,1,3.465,0.3,0.0,0.0,0.0204,0.0030,0.0493,0.2543,7.11,11.09
3,1,3.486,0.3,0.0,0.0,0.0241,0.0061,0.0502,0.2540,4.69,10.89
3,1,3.514,0.3,0.0,0.0,0.0156,0.0068,0.0513,0.2535,4.95,10.88
3,1,3.529,0.3,0.0,0.0,0.0000,0.0068,0.0513,0.2535,4.95,10.88
3,1,3.554,0.3,0.0,0.0,0.0183,0.0089,0.0521,0.2532,1.62,10.22
3,1,3.563,0.3,0.0,0.0,0.0533,0.0105,0.0522,0.2531,1.06,9.77
3,1,3.582,0.3,0.0,0.0,0.0208,0.0116,0.0521,0.2533,2.36,8.64
3,1,3.601,0.3,0.0,0.0,0.0337,0.0118,0.0526,0.2539,5.35,7.38
3,1,3.623,0.3,0.0,0.0,0.0381,0.0097,0.0533,0.2546,6.79,8.12
3,1,3.642,0.3,0.0,0.0,0.0311,0.0098,0.0540,0.2552,7.05,8.79
3,1,3.663,0.3,0.0,0.0,0.0457,0.0112,0.0550,0.2560,5.92,9.22
3,1,3.681,0.3,0.0,0.0,0.0365,0.0124,0.0558,0.2564,4.82,9.56
3,1,3.701,0.3,0.0,0.0,0.0488,0.0096,0.0570,0.2568,3.13,9.82
3,1,3.722,0.3,0.0,0.0,0.0450,-0.0016,0.0579,0.2570,2.15,10.03
3,1,3.743,0.3,0.0,0.0,0.0292,-0.0073,0.0584,0.2571,1.92,10.13
3,1,3.763,0.3,0.0,0.0,0.0279,-0.0109,0.0587,0.2571,1.84,10.15
3,1,3.781,0.3,0.0,0.0,0.0328,-0.0123,0.0587,0.2569,1.62,10.03
3,1,3.802,0.3,0.0,0.0,0.0284,-0.0107,0.0587,0.2568,1.36,9.63
3,1,3.822,0.3,0.0,0.0,0.0214,-0.0059,0.0587,0.2567,0.94,8.99
3,1,3.843,0.3,0.0,0.0,0.0116,-0.0036,0.0585,0.2567,0.70,8.71
3,1,3.863,0.3,0.0,0.0,0.0080,-0.0011,0.0582,0.2568,1.13,8.34
3,1,3.882,0.3,0.0,0.0,0.0046,0.0002,0.0574,0.2570,2.56,7.74
3,1,3.902,0.3,0.0,0.0,-0.0003,-0.0001,0.0561,0.2573,3.26,6.97
3,1,3.922,0.3,0.0,0.0,-0.0034,0.0008,0.0550,0.2576,3.51,6.91
3,1,3.942,0.3,0.0,0.0,-0.0063,0.0019,0.0538,0.2579,3.32,7.41
3,1,3.963,0.3,0.0,0.0,-0.0080,0.0015,0.0523,0.2581,2.34,7.90
3,1,3.983,0.3,0.0,0.0,-0.0042,0.0017,0.0513,0.2582,1.44,8.38
3,1,4.001,0.3,0.0,0.0,-0.0081,0.0024,0.0502,0.2581,1.04,8.80
3,1,4.022,0.3,0.0,0.0,-0.0062,0.0047,0.0494,0.2578,1.42,9.14
3,1,4.041,0.3,0.0,0.0,-0.0028,0.0062,0.0490,0.2575,1.91,9.36
3,1,4.063,0.3,0.0,0.0,0.0003,0.0075,0.0489,0.2569,2.67,9.53
3,1,4.082,0.3,0.0,0.0,0.0057,0.0071,0.0490,0.2566,3.49,9.57
3,1,4.102,0.3,0.0,0.0,0.0044,0.0060,0.0492,0.2563,3.41,9.58
3,1,4.122,0.3,0.0,0.0,0.0105,0.0040,0.0497,0.2560,2.16,9.34
3,1,4.142,0.3,0.0,0.0,0.0089,0.0053,0.0501,0.2558,1.18,8.90
3,1,4.163,0.3,0.0,0.0,0.0055,0.0051,0.0502,0.2558,0.79,8.28
3,1,4.183,0.3,0.0,0.0,0.0024,0.0056,0.0501,0.2559,1.55,7.46
3,1,4.202,0.3,0.0,0.0,0.0016,0.0083,0.0499,0.2562,3.18,6.48
3,1,4.222,0.3,0.0,0.0,0.0034,0.0080,0.0502,0.2567,4.82,7.65
3,1,4.242,0.3,0.0,0.0,0.0037,0.0074,0.0509,0.2572,5.19,8.38
3,1,4.262,0.3,0.0,0.0,0.0061,0.0057,0.0516,0.2576,4.60,8.97
3,1,4.283,0.3,0.0,0.0,0.0069,0.0027,0.0524,0.2580,2.96,9.45
3,1,4.301,0.3,0.0,0.0,0.0071,-0.0014,0.0530,0.2582,1.38,9.89
3,1,4.323,0.3,0.0,0.0,0.0048,-0.0024,0.0533,0.2582,1.10,10.17
3,1,4.342,0.3,0.0,0.0,0.0043,-0.0029,0.0536,0.2582,1.05,10.35
3,1,4.362,0.3,0.0,0.0,0.0061,-0.0054,0.0539,0.2580,1.30,10.41
3,1,4.381,0.3,0.0,0.0,0.0073,-0.0076,0.0542,0.2578,1.65,10.22
3,1,4.402,0.3,0.0,0.0,0.0075,-0.0075,0.0546,0.2576,1.17,9.77
3,1,4.423,0.3,0.0,0.0,0.0065,-0.0057,0.0549,0.2575,0.79,9.13
3,1,4.443,0.3,0.0,0.0,0.0031,-0.0045,0.0549,0.2575,0.58,8.37
3,1,4.462,0.3,0.0,0.0,0.0020,-0.0012,0.0547,0.2575,0.94,7.94
3,1,4.481,0.3,0.0,0.0,-0.0010,-0.0004,0.0542,0.2577,1.69,7.41
3,1,4.501,0.3,0.0,0.0,-0.0037,-0.0001,0.0534,0.2579,2.38,6.78
3,1,4.521,0.3,0.0,0.0,-0.0045,0.0005,0.0526,0.2581,2.71,7.03
3,1,4.542,0.3,0.0,0.0,-0.0081,0.0008,0.0515,0.2584,2.38,7.43
3,1,4.563,0.3,0.0,0.0,-0.0059,-0.0002,0.0508,0.2585,1.82,7.96
3,1,4.581,0.3,0.0,0.0,-0.0082,-0.0008,0.0501,0.2585,1.16,8.41
3,1,4.601,0.3,0.0,0.0,-0.0068,0.0011,0.0491,0.2583,0.90,8.81
3,1,4.622,0.3,0.0,0.0,-0.0039,0.0023,0.0486,0.2582,1.02,9.10
3,1,4.643,0.3,0.0,0.0,-0.0034,0.0056,0.0480,0.2578,1.98,9.31
3,1,4.663,0.3,0.0,0.0,0.0001,0.0080,0.0478,0.2574,2.71,9.48
3,1,4.683,0.3,0.0,0.0,0.0014,0.0083,0.0480,0.2571,2.91,9.50
3,1,4.701,0.3,0.0,0.0,0.0093,0.0061,0.0485,0.2567,2.44,9.48
3,1,4.722,0.3,0.0,0.0,0.0073,0.0044,0.0489,0.2564,1.68,9.15
3,1,4.743,0.3,0.0,0.0,0.0055,0.0047,0.0491,0.2564,0.95,8.67
3,1,4.763,0.3,0.0,0.0,0.0041,0.0051,0.0492,0.2564,0.79,8.11
3,1,4.782,0.3,0.0,0.0,0.0015,0.0052,0.0492,0.2565,1.34,7.35
3,1,4.801,0.3,0.0,0.0,0.0007,0.0074,0.0491,0.2567,2.84,6.52
3,1,4.822,0.3,0.0,0.0,0.0016,0.0071,0.0495,0.2572,4.39,7.36
3,1,4.842,0.3,0.0,0.0,0.0018,0.0068,0.0500,0.2575,4.74,8.34
3,1,4.863,0.3,0.0,0.0,0.0032,0.0043,0.0510,0.2580,4.22,8.89
3,1,4.882,0.3,0.0,0.0,0.0035,0.0013,0.0519,0.2584,2.32,9.39
3,1,4.901,0.3,0.0,0.0,0.0031,-0.0012,0.0524,0.2585,1.26,9.84
3,1,4.922,0.3,0.0,0.0,0.0030,-0.0023,0.0526,0.2585,1.11,10.14
3,1,4.942,0.3,0.0,0.0,0.0054,-0.0043,0.0531,0.2584,1.13,10.35
3,1,4.962,0.3,0.0,0.0,0.0061,-0.0064,0.0535,0.2582,1.51,10.40
3,1,4.983,0.3,0.0,0.0,0.0057,-0.0078,0.0538,0.2580,1.64,10.17
3,1,5.001,0.3,0.0,0.0,0.0087,-0.0079,0.0543,0.2578,1.33,9.73
3,1,5.022,0.3,0.0,0.0,0.0072,-0.0065,0.0546,0.2577,0.93,9.10
3,1,5.043,0.3,0.0,0.0,0.0025,-0.0048,0.0547,0.2577,0.83,8.36
3,1,5.062,0.3,0.0,0.0,0.0029,-0.0018,0.0545,0.2577,0.92,7.91
3,1,5.081,0.3,0.0,0.0,-0.0004,-0.0009,0.0543,0.2578,1.32,7.42
3,1,5.102,0.3,0.0,0.0,-0.0033,-0.0003,0.0534,0.2580,2.20,6.80
3,1,5.123,0.3,0.0,0.0,-0.0044,0.0002,0.0530,0.2582,2.38,7.04
3,1,5.143,0.3,0.0,0.0,-0.0076,0.0008,0.0517,0.2584,2.32,7.45
3,1,5.163,0.3,0.0,0.0,-0.0065,-0.0005,0.0509,0.2585,1.78,7.95
3,1,5.182,0.3,0.0,0.0,-0.0085,-0.0005,0.0501,0.2585,0.94,8.42
3,1,5.202,0.3,0.0,0.0,-0.0073,0.0011,0.0493,0.2584,0.90,8.81
3,1,5.222,0.3,0.0,0.0,-0.0057,0.0029,0.0485,0.2581,1.42,9.13
3,1,5.243,0.3,0.0,0.0,-0.0030,0.0045,0.0480,0.2579,1.80,9.31
3,1,5.263,0.3,0.0,0.0,-0.0012,0.0073,0.0478,0.2576,2.42,9.40
3,1,5.281,0.3,0.0,0.0,0.0020,0.0094,0.0480,0.2571,2.75,9.53
3,1,5.302,0.3,0.0,0.0,0.0056,0.0071,0.0485,0.2568,2.37,9.46
3,1,5.321,0.3,0.0,0.0,0.0052,0.0048,0.0488,0.2566,1.83,9.16
3,1,5.343,0.3,0.0,0.0,0.0056,0.0046,0.0490,0.2565,1.00,8.72
3,1,5.363,0.3,0.0,0.0,0.0030,0.0041,0.0491,0.2565,0.74,8.10
3,1,5.383,0.3,0.0,0.0,0.0004,0.0040,0.0490,0.2566,0.93,7.34
3,1,5.401,0.3,0.0,0.0,0.0002,0.0067,0.0490,0.2569,3.18,6.48
3,1,5.422,0.3,0.0,0.0,0.0003,0.0071,0.0494,0.2573,4.24,7.36
3,1,5.443,0.3,0.0,0.0,0.0009,0.0058,0.0500,0.2577,4.73,8.26
3,1,5.463,0.3,0.0,0.0,0.0015,0.0031,0.0512,0.2582,3.66,8.80
3,1,5.482,0.3,0.0,0.0,0.0021,0.0017,0.0517,0.2585,2.58,9.36
3,1,5.501,0.3,0.0,0.0,0.0022,-0.0006,0.0521,0.2586,1.36,9.81
3,1,5.523,0.3,0.0,0.0,0.0038,-0.0024,0.0525,0.2586,1.07,10.12
3,1,5.543,0.3,0.0,0.0,0.0034,-0.0045,0.0531,0.2585,1.13,10.34
3,1,5.563,0.3,0.0,0.0,0.0061,-0.0061,0.0534,0.2583,1.41,10.38
3,1,5.581,0.3,0.0,0.0,0.0079,-0.0084,0.0539,0.2581,1.75,10.16
3,1,5.602,0.3,0.0,0.0,0.0084,-0.0083,0.0543,0.2579,1.40,9.69
3,1,5.622,0.3,0.0,0.0,0.0075,-0.0063,0.0547,0.2578,0.91,9.06
3,1,5.643,0.3,0.0,0.0,0.0034,-0.0052,0.0548,0.2577,0.63,8.35
3,1,5.663,0.3,0.0,0.0,0.0020,-0.0021,0.0547,0.2577,0.83,7.93
3,1,5.681,0.3,0.0,0.0,-0.0003,-0.0008,0.0543,0.2579,1.61,7.41
3,1,5.701,0.3,0.0,0.0,-0.0035,-0.0004,0.0536,0.2581,2.16,6.80
3,1,5.722,0.3,0.0,0.0,-0.0043,0.0003,0.0529,0.2583,2.43,7.00
3,1,5.742,0.3,0.0,0.0,-0.0078,0.0005,0.0521,0.2585,2.37,7.45
3,1,5.763,0.3,0.0,0.0,-0.0080,-0.0008,0.0509,0.2586,1.62,7.92
3,1,5.782,0.3,0.0,0.0,-0.0043,-0.0009,0.0505,0.2586,1.15,8.39
3,1,5.801,0.3,0.0,0.0,-0.0101,0.0009,0.0495,0.2585,0.94,8.77
3,1,5.822,0.3,0.0,0.0,-0.0064,0.0024,0.0489,0.2583,1.03,9.07
3,1,5.842,0.3,0.0,0.0,-0.0036,0.0049,0.0481,0.2580,1.81,9.28
3,1,5.863,0.3,0.0,0.0,-0.0021,0.0086,0.0478,0.2576,2.60,9.45
3,1,5.881,0.3,0.0,0.0,0.0016,0.0099,0.0481,0.2571,2.75,9.57
3,1,5.901,0.3,0.0,0.0,0.0010,0.0092,0.0484,0.2569,2.72,9.42
3,1,5.922,0.3,0.0,0.0,0.0071,0.0056,0.0488,0.2567,1.72,9.17
3,1,5.943,0.3,0.0,0.0,0.0046,0.0045,0.0490,0.2566,0.75,8.69
3,1,5.963,0.3,0.0,0.0,0.0024,0.0036,0.0490,0.2566,0.51,8.10
3,1,5.982,0.3,0.0,0.0,0.0001,0.0047,0.0489,0.2568,1.70,7.31
3,1,6.002,0.3,0.0,0.0,-0.0004,0.0064,0.0489,0.2570,2.85,6.53
3,1,6.022,0.3,0.0,0.0,-0.0001,0.0071,0.0490,0.2572,3.75,7.45
3,1,6.043,0.3,0.0,0.0,0.0008,0.0048,0.0504,0.2580,4.51,8.11
3,1,6.062,0.3,0.0,0.0,0.0016,0.0034,0.0511,0.2583,3.82,8.77
3,1,6.082,0.3,0.0,0.0,0.0014,0.0020,0.0517,0.2586,2.71,9.32
3,1,6.101,0.3,0.0,0.0,0.0028,-0.0012,0.0523,0.2587,1.27,9.78
3,1,6.123,0.3,0.0,0.0,0.0038,-0.0028,0.0527,0.2587,1.01,10.11
3,1,6.143,0.3,0.0,0.0,0.0033,-0.0044,0.0531,0.2586,1.10,10.32
3,1,6.162,0.3,0.0,0.0,0.0064,-0.0069,0.0535,0.2584,1.60,10.36
3,1,6.181,0.3,0.0,0.0,0.0060,-0.0090,0.0539,0.2581,1.78,10.14
3,1,6.201,0.3,0.0,0.0,0.0089,-0.0087,0.0543,0.2580,1.51,9.66
3,1,6.222,0.3,0.0,0.0,0.0078,-0.0071,0.0548,0.2578,1.06,9.02
3,1,6.243,0.3,0.0,0.0,0.0039,-0.0049,0.0549,0.2578,0.79,8.36
3,1,6.262,0.3,0.0,0.0,0.0027,-0.0019,0.0547,0.2578,0.89,7.89
3,1,6.281,0.3,0.0,0.0,-0.0006,-0.0008,0.0543,0.2579,1.38,7.39
3,1,6.301,0.3,0.0,0.0,-0.0023,-0.0005,0.0539,0.2581,1.89,6.85
3,1,6.322,0.3,0.0,0.0,-0.0057,0.0005,0.0530,0.2583,2.42,6.99
3,1,6.343,0.3,0.0,0.0,-0.0078,0.0006,0.0520,0.2585,2.18,7.41
3,1,6.363,0.3,0.0,0.0,-0.0081,0.0001,0.0515,0.2586,1.82,7.94
3,1,6.381,0.3,0.0,0.0,-0.0061,-0.0004,0.0503,0.2586,0.82,8.40
3,1,6.401,0.3,0.0,0.0,-0.0073,0.0007,0.0498,0.2585,0.77,8.78
3,1,6.423,0.3,0.0,0.0,-0.0047,0.0010,0.0496,0.2585,0.86,8.79
3,1,6.443,0.3,0.0,0.0,-0.0050,0.0050,0.0484,0.2580,1.99,9.27
3,1,6.462,0.3,0.0,0.0,-0.0022,0.0077,0.0480,0.2576,2.55,9.49
3,1,6.482,0.3,0.0,0.0,0.0007,0.0088,0.0482,0.2572,2.69,9.56
3,1,6.501,0.3,0.0,0.0,0.0044,0.0073,0.0485,0.2569,2.49,9.42
3,1,6.523,0.3,0.0,0.0,0.0060,0.0050,0.0489,0.2567,1.51,9.13
3,1,6.543,0.3,0.0,0.0,0.0035,0.0051,0.0490,0.2566,0.96,8.67
3,1,6.563,0.3,0.0,0.0,0.0026,0.0040,0.0491,0.2566,0.75,8.09
3,1,6.582,0.3,0.0,0.0,0.0002,0.0048,0.0490,0.2568,1.72,7.31
3,1,6.601,0.3,0.0,0.0,-0.0002,0.0063,0.0491,0.2570,3.18,6.55
3,1,6.622,0.3,0.0,0.0,-0.0001,0.0062,0.0496,0.2575,4.41,7.36
3,1,6.643,0.3,0.0,0.0,-0.0000,0.0053,0.0503,0.2579,4.62,8.14
3,1,6.662,0.3,0.0,0.0,0.0002,0.0032,0.0512,0.2584,3.80,8.75
3,1,6.681,0.3,0.0,0.0,0.0010,0.0012,0.0518,0.2587,2.24,9.30
3,1,6.701,0.3,0.0,0.0,0.0017,-0.0007,0.0521,0.2588,1.39,9.77
3,1,6.722,0.3,0.0,0.0,0.0034,-0.0029,0.0527,0.2587,1.01,10.10
3,1,6.742,0.3,0.0,0.0,0.0045,-0.0039,0.0529,0.2587,1.03,10.29
3,1,6.763,0.3,0.0,0.0,0.0065,-0.0072,0.0535,0.2584,1.63,10.35
3,1,6.781,0.3,0.0,0.0,0.0084,-0.0096,0.0540,0.2581,1.91,10.15
3,1,6.801,0.3,0.0,0.0,0.0093,-0.0091,0.0545,0.2579,1.51,9.63
3,1,6.823,0.3,0.0,0.0,0.0060,-0.0087,0.0547,0.2579,1.39,9.64
3,1,6.843,0.3,0.0,0.0,0.0055,-0.0042,0.0551,0.2577,0.84,8.39
3,1,6.862,0.3,0.0,0.0,0.0025,-0.0022,0.0550,0.2578,0.80,7.92
3,1,6.882,0.3,0.0,0.0,-0.0002,-0.0010,0.0547,0.2578,1.21,7.46
3,1,6.901,0.3,0.0,0.0,-0.0028,-0.0006,0.0541,0.2580,1.91,6.88
3,1,6.923,0.3,0.0,0.0,-0.0057,-0.0001,0.0535,0.2582,2.39,7.03
3,1,6.943,0.3,0.0,0.0,-0.0059,0.0008,0.0525,0.2584,2.34,7.42
3,1,6.963,0.3,0.0,0.0,-0.0085,-0.0004,0.0518,0.2585,1.83,7.91
3,1,6.981,0.3,0.0,0.0,-0.0064,-0.0009,0.0509,0.2586,1.16,8.37
3,1,7.001,0.3,0.0,0.0,-0.0079,0.0008,0.0501,0.2584,0.91,8.76
3,1,7.023,0.3,0.0,0.0,-0.0069,0.0022,0.0494,0.2583,1.00,9.06
3,1,7.043,0.3,0.0,0.0,-0.0041,0.0043,0.0486,0.2580,1.63,9.26
3,1,7.063,0.3,0.0,0.0,-0.0031,0.0075,0.0482,0.2577,2.41,9.38
3,1,7.081,0.3,0.0,0.0,0.0002,0.0088,0.0482,0.2572,2.53,9.54
3,1,7.102,0.3,0.0,0.0,0.0033,0.0073,0.0485,0.2569,2.32,9.41
3,1,7.122,0.3,0.0,0.0,0.0053,0.0050,0.0489,0.2567,1.38,9.12
3,1,7.143,0.3,0.0,0.0,0.0037,0.0042,0.0490,0.2566,0.64,8.65
3,1,7.163,0.3,0.0,0.0,0.0014,0.0034,0.0491,0.2566,0.47,8.06
3,1,7.181,0.3,0.0,0.0,0.0005,0.0039,0.0490,0.2567,1.40,7.30
3,1,7.202,0.3,0.0,0.0,-0.0002,0.0062,0.0491,0.2570,3.21,6.60
3,1,7.221,0.3,0.0,0.0,-0.0001,0.0066,0.0495,0.2574,4.29,7.44
3,1,7.242,0.3,0.0,0.0,0.0003,0.0047,0.0507,0.2581,4.53,8.01
3,1,7.262,0.3,0.0,0.0,0.0003,0.0032,0.0513,0.2584,3.79,8.71
3,1,7.282,0.3,0.0,0.0,0.0003,0.0022,0.0517,0.2586,3.08,9.27
3,1,7.301,0.3,0.0,0.0,0.0021,-0.0012,0.0523,0.2588,1.40,9.72
3,1,7.322,0.3,0.0,0.0,0.0034,-0.0029,0.0527,0.2588,1.05,10.06
3,1,7.343,0.3,0.0,0.0,0.0034,-0.0045,0.0532,0.2587,1.06,10.26
3,1,7.362,0.3,0.0,0.0,0.0061,-0.0056,0.0535,0.2585,1.18,10.31
3,1,7.381,0.3,0.0,0.0,0.0082,-0.0094,0.0541,0.2582,1.87,10.12
3,1,7.402,0.3,0.0,0.0,0.0067,-0.0091,0.0546,0.2580,1.53,9.61
3,1,7.422,0.3,0.0,0.0,0.0080,-0.0074,0.0549,0.2579,1.13,8.96
3,1,7.443,0.3,0.0,0.0,0.0052,-0.0042,0.0551,0.2578,0.80,8.34
3,1,7.463,0.3,0.0,0.0,0.0024,-0.0018,0.0550,0.2578,0.79,7.89
3,1,7.481,0.3,0.0,0.0,-0.0002,-0.0011,0.0547,0.2579,1.18,7.42
3,1,7.501,0.3,0.0,0.0,-0.0029,-0.0007,0.0542,0.2581,2.00,6.86
3,1,7.522,0.3,0.0,0.0,-0.0060,0.0004,0.0533,0.2583,2.35,6.94
3,1,7.543,0.3,0.0,0.0,-0.0077,0.0004,0.0526,0.2585,2.18,7.42
3,1,7.563,0.3,0.0,0.0,-0.0058,-0.0006,0.0517,0.2586,1.60,7.92
3,1,7.581,0.3,0.0,0.0,-0.0084,-0.0005,0.0508,0.2586,0.93,8.39
3,1,7.601,0.3,0.0,0.0,-0.0074,0.0008,0.0500,0.2585,0.86,8.78
3,1,7.622,0.3,0.0,0.0,-0.0048,0.0021,0.0494,0.2583,0.95,9.06
3,1,7.642,0.3,0.0,0.0,-0.0054,0.0042,0.0485,0.2580,1.70,9.25
3,1,7.663,0.3,0.0,0.0,-0.0030,0.0066,0.0481,0.2577,2.23,9.36
3,1,7.682,0.3,0.0,0.0,-0.0001,0.0080,0.0480,0.2574,2.50,9.41
3,1,7.701,0.3,0.0,0.0,0.0039,0.0072,0.0484,0.2570,2.17,9.39
3,1,7.722,0.3,0.0,0.0,0.0051,0.0050,0.0488,0.2568,1.33,9.11
3,1,7.743,0.3,0.0,0.0,0.0035,0.0041,0.0490,0.2567,0.88,8.65
3,1,7.762,0.3,0.0,0.0,0.0016,0.0034,0.0490,0.2567,0.62,8.08
3,1,7.782,0.3,0.0,0.0,0.0001,0.0044,0.0490,0.2569,1.69,7.29
3,1,7.802,0.3,0.0,0.0,-0.0005,0.0060,0.0490,0.2571,2.88,6.68
3,1,7.823,0.3,0.0,0.0,-0.0003,0.0060,0.0496,0.2576,4.33,7.38
3,1,7.843,0.3,0.0,0.0,0.0003,0.0051,0.0503,0.2580,4.60,8.09
3,1,7.862,0.3,0.0,0.0,0.0004,0.0027,0.0514,0.2585,3.39,8.69
3,1,7.881,0.3,0.0,0.0,0.0011,0.0010,0.0520,0.2588,1.97,9.28
3,1,7.902,0.3,0.0,0.0,0.0017,-0.0008,0.0523,0.2588,1.23,9.74
3,1,7.923,0.3,0.0,0.0,0.0034,-0.0029,0.0527,0.2588,1.04,10.05
3,1,7.942,0.3,0.0,0.0,0.0048,-0.0040,0.0531,0.2587,1.04,10.25
3,1,7.963,0.3,0.0,0.0,0.0051,-0.0067,0.0536,0.2585,1.40,10.30
3,1,7.981,0.3,0.0,0.0,0.0084,-0.0092,0.0540,0.2583,1.89,10.07
3,1,8.001,0.3,0.0,0.0,0.0091,-0.0092,0.0547,0.2580,1.53,9.61
3,1,8.021,0.3,0.0,0.0,0.0061,-0.0079,0.0550,0.2579,1.20,8.92
3,1,8.043,0.3,0.0,0.0,0.0058,-0.0046,0.0552,0.2578,0.86,8.33
3,1,8.063,0.3,0.0,0.0,0.0028,-0.0020,0.0551,0.2579,0.82,7.89
3,1,8.083,0.3,0.0,0.0,0.0002,-0.0013,0.0550,0.2579,0.88,7.44
3,1,8.102,0.3,0.0,0.0,-0.0035,-0.0009,0.0545,0.2581,1.88,6.90
3,1,8.123,0.3,0.0,0.0,-0.0058,0.0004,0.0535,0.2584,2.36,6.96
3,1,8.143,0.3,0.0,0.0,-0.0057,0.0006,0.0527,0.2585,2.22,7.42
3,1,8.163,0.3,0.0,0.0,-0.0082,-0.0009,0.0518,0.2586,1.60,7.89
3,1,8.181,0.3,0.0,0.0,-0.0085,-0.0005,0.0510,0.2586,0.86,8.38
3,1,8.201,0.3,0.0,0.0,-0.0056,0.0005,0.0504,0.2585,0.78,8.76
3,1,8.223,0.3,0.0,0.0,-0.0067,0.0023,0.0495,0.2583,1.11,9.06
3,1,8.243,0.3,0.0,0.0,-0.0055,0.0047,0.0487,0.2580,1.87,9.28
3,1,8.263,0.3,0.0,0.0,-0.0025,0.0066,0.0482,0.2577,2.26,9.40
3,1,8.281,0.3,0.0,0.0,-0.0006,0.0086,0.0482,0.2573,2.45,9.46
3,1,8.301,0.3,0.0,0.0,0.0034,0.0070,0.0486,0.2570,2.12,9.39
3,1,8.321,0.3,0.0,0.0,0.0037,0.0055,0.0489,0.2568,1.39,9.10
3,1,8.343,0.3,0.0,0.0,0.0035,0.0040,0.0491,0.2567,0.60,8.63
3,1,8.363,0.3,0.0,0.0,0.0015,0.0035,0.0491,0.2567,0.64,8.08
3,1,8.381,0.3,0.0,0.0,0.0004,0.0050,0.0491,0.2569,1.90,7.29
3,1,8.401,0.3,0.0,0.0,-0.0005,0.0064,0.0492,0.2573,3.30,6.59
3,1,8.421,0.3,0.0,0.0,-0.0005,0.0063,0.0496,0.2576,4.20,7.41
3,1,8.443,0.3,0.0,0.0,-0.0006,0.0045,0.0504,0.2582,4.40,8.03
3,1,8.462,0.3,0.0,0.0,0.0000,0.0029,0.0512,0.2586,3.39,8.69
3,1,8.482,0.3,0.0,0.0,0.0003,0.0020,0.0515,0.2587,2.72,9.26
3,1,8.501,0.3,0.0,0.0,0.0024,-0.0015,0.0521,0.2589,1.25,9.71
3,1,8.523,0.3,0.0,0.0,0.0026,-0.0026,0.0525,0.2589,1.03,10.04
3,1,8.543,0.3,0.0,0.0,0.0047,-0.0040,0.0529,0.2588,1.05,10.23
3,1,8.562,0.3,0.0,0.0,0.0066,-0.0077,0.0536,0.2585,1.62,10.30
3,1,8.581,0.3,0.0,0.0,0.0091,-0.0095,0.0540,0.2583,1.87,10.05
3,1,8.601,0.3,0.0,0.0,0.0024,-0.0100,0.0543,0.2582,1.78,10.06
3,1,8.623,0.3,0.0,0.0,0.0101,-0.0082,0.0550,0.2580,1.25,8.96
3,1,8.643,0.3,0.0,0.0,0.0069,-0.0059,0.0552,0.2579,0.88,8.33
3,1,8.663,0.3,0.0,0.0,0.0029,-0.0033,0.0552,0.2579,0.63,7.90
3,1,8.682,0.3,0.0,0.0,-0.0000,-0.0010,0.0547,0.2580,1.35,7.40
3,1,8.701,0.3,0.0,0.0,-0.0029,-0.0009,0.0543,0.2582,1.96,6.84
3,1,8.722,0.3,0.0,0.0,-0.0040,-0.0002,0.0537,0.2583,2.22,7.02
3,1,8.743,0.3,0.0,0.0,-0.0073,0.0007,0.0528,0.2585,2.17,7.43
3,1,8.763,0.3,0.0,0.0,-0.0082,-0.0009,0.0519,0.2586,1.53,7.91
3,1,8.782,0.3,0.0,0.0,-0.0081,-0.0005,0.0511,0.2586,0.83,8.39
3,1,8.801,0.3,0.0,0.0,-0.0056,0.0004,0.0505,0.2585,0.77,8.77
3,1,8.823,0.3,0.0,0.0,-0.0066,0.0016,0.0498,0.2584,0.97,9.05
3,1,8.843,0.3,0.0,0.0,-0.0042,0.0035,0.0491,0.2582,1.48,9.22
3,1,8.863,0.3,0.0,0.0,-0.0028,0.0064,0.0484,0.2577,2.26,9.38
3,1,8.881,0.3,0.0,0.0,-0.0007,0.0084,0.0483,0.2573,2.52,9.45
3,1,8.901,0.3,0.0,0.0,0.0029,0.0070,0.0486,0.2570,2.15,9.38
3,1,8.923,0.3,0.0,0.0,0.0047,0.0052,0.0489,0.2568,1.55,9.11
3,1,8.943,0.3,0.0,0.0,0.0026,0.0041,0.0491,0.2567,0.65,8.65
3,1,8.963,0.3,0.0,0.0,0.0016,0.0036,0.0491,0.2568,0.81,8.05
3,1,8.981,0.3,0.0,0.0,-0.0000,0.0039,0.0490,0.2569,1.42,7.27
3,1,9.002,0.3,0.0,0.0,-0.0007,0.0059,0.0492,0.2572,3.19,6.61
3,2,9.025,0.6,0.0,0.0,0.0000,0.0057,0.0498,0.2577,4.34,7.39
3,2,9.045,0.6,0.0,0.0,-0.0004,0.0052,0.0505,0.2581,4.56,8.06
3,2,9.063,0.6,0.0,0.0,0.0003,0.0049,0.0513,0.2585,4.02,8.69
3,2,9.081,0.6,0.0,0.0,0.0018,-0.0011,0.0526,0.2588,2.05,9.28
3,2,9.101,0.6,0.0,0.0,0.0030,-0.0031,0.0535,0.2587,1.27,9.91
3,2,9.122,0.6,0.0,0.0,0.0039,-0.0037,0.0541,0.2586,1.16,10.43
3,2,9.143,0.6,0.0,0.0,0.0081,-0.0072,0.0550,0.2582,2.30,10.75
3,2,9.162,0.6,0.0,0.0,0.0129,-0.0103,0.0557,0.2578,3.03,10.85
3,2,9.182,0.6,0.0,0.0,0.0168,-0.0130,0.0568,0.2572,3.40,10.62
3,2,9.201,0.6,0.0,0.0,0.0136,-0.0111,0.0581,0.2568,2.78,10.13
3,2,9.223,0.6,0.0,0.0,0.0158,-0.0080,0.0587,0.2566,2.32,9.46
3,2,9.242,0.6,0.0,0.0,0.0086,-0.0057,0.0589,0.2565,1.91,8.93
3,2,9.263,0.6,0.0,0.0,0.0064,-0.0021,0.0589,0.2565,1.04,8.38
3,2,9.282,0.6,0.0,0.0,0.0014,-0.0013,0.0585,0.2566,1.58,7.80
3,2,9.301,0.6,0.0,0.0,-0.0015,-0.0019,0.0580,0.2568,2.56,7.14
3,2,9.323,0.6,0.0,0.0,-0.0041,-0.0022,0.0571,0.2572,3.18,7.05
3,2,9.343,0.6,0.0,0.0,-0.0053,-0.0018,0.0563,0.2575,3.13,7.59
3,2,9.363,0.6,0.0,0.0,-0.0078,0.0003,0.0555,0.2577,2.35,8.13
3,2,9.381,0.6,0.0,0.0,-0.0070,-0.0007,0.0548,0.2579,1.36,8.69
3,2,9.401,0.6,0.0,0.0,-0.0036,-0.0006,0.0545,0.2579,0.80,9.23
3,2,9.422,0.6,0.0,0.0,-0.0019,0.0002,0.0543,0.2578,0.32,9.65
3,2,9.443,0.6,0.0,0.0,0.0014,0.0023,0.0544,0.2575,1.04,9.97
3,2,9.463,0.6,0.0,0.0,0.0064,0.0034,0.0546,0.2571,2.22,10.19
3,2,9.481,0.6,0.0,0.0,0.0103,0.0045,0.0548,0.2566,2.84,10.32
3,2,9.502,0.6,0.0,0.0,0.0099,0.0054,0.0551,0.2563,2.58,10.24
3,2,9.523,0.6,0.0,0.0,0.0143,0.0063,0.0554,0.2562,2.21,10.27
3,2,9.543,0.6,0.0,0.0,0.0126,0.0093,0.0563,0.2560,1.36,9.74
3,2,9.563,0.6,0.0,0.0,0.0090,0.0106,0.0567,0.2560,0.73,9.15
3,2,9.582,0.6,0.0,0.0,0.0062,0.0105,0.0567,0.2561,1.79,8.25
3,2,9.601,0.6,0.0,0.0,0.0040,0.0113,0.0565,0.2564,3.00,6.97
3,2,9.623,0.6,0.0,0.0,0.0055,0.0119,0.0563,0.2569,4.35,7.21
3,2,9.642,0.6,0.0,0.0,0.0048,0.0098,0.0564,0.2571,4.65,8.10
3,2,9.662,0.6,0.0,0.0,0.0074,0.0058,0.0570,0.2577,3.48,8.55
3,2,9.681,0.6,0.0,0.0,0.0054,0.0030,0.0574,0.2579,2.41,9.13
3,2,9.701,0.6,0.0,0.0,0.0057,-0.0001,0.0579,0.2580,1.16,9.64
3,2,9.722,0.6,0.0,0.0,0.0048,-0.0020,0.0584,0.2579,0.83,10.11
3,2,9.743,0.6,0.0,0.0,0.0052,-0.0045,0.0589,0.2577,1.06,10.42
3,2,9.762,0.6,0.0,0.0,0.0054,-0.0067,0.0591,0.2575,1.56,10.48
3,2,9.781,0.6,0.0,0.0,0.0092,-0.0100,0.0598,0.2571,2.08,10.28
3,2,9.802,0.6,0.0,0.0,0.0090,-0.0074,0.0604,0.2568,1.92,9.82
3,2,9.822,0.6,0.0,0.0,0.0093,-0.0044,0.0606,0.2567,1.61,9.24
3,2,9.843,0.6,0.0,0.0,0.0040,-0.0023,0.0606,0.2566,0.96,8.84
3,2,9.863,0.6,0.0,0.0,0.0024,-0.0015,0.0605,0.2566,0.90,8.41
3,2,9.881,0.6,0.0,0.0,0.0002,-0.0015,0.0600,0.2568,1.81,7.89
3,2,9.901,0.6,0.0,0.0,-0.0031,-0.0021,0.0592,0.2570,2.65,7.21
3,2,9.921,0.6,0.0,0.0,-0.0040,-0.0023,0.0584,0.2573,3.11,7.07
3,2,9.942,0.6,0.0,0.0,-0.0071,-0.0019,0.0575,0.2576,3.17,7.56
3,2,9.963,0.6,0.0,0.0,-0.0084,0.0003,0.0562,0.2580,2.30,8.08
3,2,9.982,0.6,0.0,0.0,-0.0037,0.0002,0.0558,0.2580,1.77,8.64
3,2,10.001,0.6,0.0,0.0,-0.0077,-0.0003,0.0551,0.2580,0.73,9.19
3,2,10.023,0.6,0.0,0.0,-0.0022,0.0007,0.0549,0.2579,0.34,9.66
3,2,10.043,0.6,0.0,0.0,0.0004,0.0018,0.0548,0.2577,0.86,9.98
3,2,10.062,0.6,0.0,0.0,0.0043,0.0028,0.0550,0.2572,1.97,10.23
3,2,10.081,0.6,0.0,0.0,0.0094,0.0032,0.0551,0.2568,2.69,10.33
3,2,10.101,0.6,0.0,0.0,0.0093,0.0043,0.0553,0.2565,2.59,10.23
3,2,10.123,0.6,0.0,0.0,0.0129,0.0065,0.0557,0.2564,1.99,10.06
3,2,10.142,0.6,0.0,0.0,0.0081,0.0075,0.0564,0.2562,0.98,9.70
3,2,10.162,0.6,0.0,0.0,0.0077,0.0078,0.0565,0.2562,0.73,9.12
3,2,10.181,0.6,0.0,0.0,0.0048,0.0080,0.0566,0.2564,1.60,8.23
3,2,10.202,0.6,0.0,0.0,0.0034,0.0097,0.0563,0.2567,3.18,6.93
3,2,10.222,0.6,0.0,0.0,0.0027,0.0087,0.0563,0.2572,4.42,7.33
3,2,10.242,0.6,0.0,0.0,0.0038,0.0080,0.0565,0.2576,4.45,8.00
3,2,10.263,0.6,0.0,0.0,0.0029,0.0054,0.0567,0.2580,3.69,8.53
3,2,10.282,0.6,0.0,0.0,0.0036,0.0018,0.0571,0.2582,2.11,9.13
3,2,10.301,0.6,0.0,0.0,0.0031,-0.0009,0.0576,0.2582,0.99,9.68
3,2,10.321,0.6,0.0,0.0,0.0026,-0.0019,0.0580,0.2582,0.76,10.13
3,2,10.343,0.6,0.0,0.0,0.0044,-0.0050,0.0586,0.2579,1.18,10.45
3,2,10.363,0.6,0.0,0.0,0.0070,-0.0066,0.0588,0.2577,1.52,10.51
3,2,10.382,0.6,0.0,0.0,0.0041,-0.0097,0.0593,0.2575,2.17,10.31
3,2,10.401,0.6,0.0,0.0,0.0141,-0.0087,0.0600,0.2571,2.07,9.86
3,2,10.423,0.6,0.0,0.0,0.0088,-0.0060,0.0603,0.2569,1.77,9.21
3,2,10.443,0.6,0.0,0.0,0.0048,-0.0039,0.0604,0.2568,1.26,8.84
3,2,10.462,0.6,0.0,0.0,0.0035,-0.0021,0.0603,0.2568,0.99,8.41
3,2,10.481,0.6,0.0,0.0,0.0002,-0.0014,0.0599,0.2569,1.50,7.87
3,2,10.501,0.6,0.0,0.0,-0.0019,-0.0019,0.0594,0.2571,2.22,7.33
3,2,10.523,0.6,0.0,0.0,-0.0049,-0.0025,0.0584,0.2574,2.97,7.01
3,2,10.543,0.6,0.0,0.0,-0.0072,-0.0020,0.0576,0.2577,3.01,7.51
3,2,10.563,0.6,0.0,0.0,-0.0062,-0.0000,0.0567,0.2580,2.45,8.04
3,2,10.581,0.6,0.0,0.0,-0.0079,-0.0008,0.0559,0.2581,1.46,8.58
3,2,10.601,0.6,0.0,0.0,-0.0057,-0.0003,0.0553,0.2581,0.71,9.16
3,2,10.622,0.6,0.0,0.0,-0.0021,0.0007,0.0551,0.2580,0.42,9.62
3,2,10.643,0.6,0.0,0.0,0.0001,0.0018,0.0550,0.2577,0.98,9.94
3,2,10.665,0.6,0.0,0.0,0.0026,0.0026,0.0550,0.2574,1.51,10.12
3,2,10.681,0.6,0.0,0.0,0.0077,0.0031,0.0551,0.2570,2.40,10.23
3,2,10.701,0.6,0.0,0.0,0.0108,0.0046,0.0554,0.2567,2.20,10.19
3,2,10.721,0.6,0.0,0.0,0.0087,0.0061,0.0559,0.2565,1.85,9.98
3,2,10.743,0.6,0.0,0.0,0.0099,0.0063,0.0564,0.2564,1.12,9.63
3,2,10.762,0.6,0.0,0.0,0.0063,0.0070,0.0566,0.2564,0.70,9.03
3,2,10.782,0.6,0.0,0.0,0.0020,0.0070,0.0566,0.2564,0.79,8.19
3,2,10.801,0.6,0.0,0.0,0.0033,0.0082,0.0564,0.2568,3.03,6.91
3,2,10.822,0.6,0.0,0.0,0.0022,0.0080,0.0563,0.2573,4.22,7.37
3,2,10.843,0.6,0.0,0.0,0.0024,0.0060,0.0565,0.2578,4.20,8.03
3,2,10.862,0.6,0.0,0.0,0.0017,0.0042,0.0567,0.2581,3.41,8.57
3,2,10.881,0.6,0.0,0.0,0.0020,0.0014,0.0571,0.2583,1.96,9.17
3,2,10.901,0.6,0.0,0.0,0.0015,-0.0007,0.0575,0.2584,1.15,9.69
3,2,10.922,0.6,0.0,0.0,0.0028,-0.0024,0.0580,0.2583,0.78,10.14
3,2,10.943,0.6,0.0,0.0,0.0032,-0.0044,0.0583,0.2581,1.06,10.46
3,2,10.963,0.6,0.0,0.0,0.0069,-0.0073,0.0587,0.2578,1.72,10.54
3,2,10.981,0.6,0.0,0.0,0.0095,-0.0107,0.0594,0.2574,2.24,10.33
3,2,11.001,0.6,0.0,0.0,0.0081,-0.0101,0.0601,0.2571,2.20,9.84
3,2,11.023,0.6,0.0,0.0,0.0076,-0.0088,0.0602,0.2571,2.11,9.88
3,2,11.043,0.6,0.0,0.0,0.0073,-0.0035,0.0606,0.2568,1.27,8.87
3,2,11.063,0.6,0.0,0.0,0.0035,-0.0018,0.0604,0.2568,0.92,8.36
3,2,11.082,0.6,0.0,0.0,0.0001,-0.0013,0.0602,0.2569,1.22,7.90
3,2,11.101,0.6,0.0,0.0,-0.0020,-0.0020,0.0596,0.2571,2.12,7.29
3,2,11.123,0.6,0.0,0.0,-0.0049,-0.0025,0.0587,0.2574,2.86,6.99
3,2,11.143,0.6,0.0,0.0,-0.0050,-0.0019,0.0580,0.2577,2.94,7.47
3,2,11.163,0.6,0.0,0.0,-0.0080,-0.0003,0.0573,0.2579,2.53,8.02
3,2,11.181,0.6,0.0,0.0,-0.0055,-0.0008,0.0563,0.2581,1.35,8.57
3,2,11.202,0.6,0.0,0.0,-0.0058,-0.0006,0.0558,0.2581,0.80,9.12
3,2,11.223,0.6,0.0,0.0,-0.0030,0.0004,0.0556,0.2580,0.38,9.56
3,2,11.243,0.6,0.0,0.0,-0.0002,0.0014,0.0554,0.2578,0.74,9.87
3,2,11.262,0.6,0.0,0.0,0.0033,0.0028,0.0554,0.2573,1.85,10.12
3,2,11.281,0.6,0.0,0.0,0.0054,0.0029,0.0554,0.2571,2.22,10.19
3,2,11.302,0.6,0.0,0.0,0.0101,0.0043,0.0557,0.2568,2.07,10.14
3,2,11.322,0.6,0.0,0.0,0.0110,0.0057,0.0562,0.2566,1.61,9.94
3,2,11.342,0.6,0.0,0.0,0.0084,0.0062,0.0566,0.2565,0.88,9.57
3,2,11.363,0.6,0.0,0.0,0.0029,0.0057,0.0567,0.2564,0.54,9.00
3,2,11.382,0.6,0.0,0.0,0.0042,0.0064,0.0567,0.2566,1.56,8.12
3,2,11.401,0.6,0.0,0.0,0.0018,0.0082,0.0565,0.2569,3.07,6.81
3,2,11.423,0.6,0.0,0.0,0.0013,0.0082,0.0564,0.2573,4.03,7.43
3,2,11.443,0.6,0.0,0.0,0.0019,0.0054,0.0565,0.2578,4.14,8.02
3,2,11.462,0.6,0.0,0.0,0.0018,0.0031,0.0569,0.2582,3.00,8.58
3,2,11.482,0.6,0.0,0.0,0.0015,0.0010,0.0573,0.2583,1.73,9.22
3,2,11.501,0.6,0.0,0.0,0.0013,-0.0007,0.0576,0.2584,1.04,9.74
3,2,11.522,0.6,0.0,0.0,0.0026,-0.0023,0.0581,0.2583,0.75,10.18
3,2,11.543,0.6,0.0,0.0,0.0042,-0.0047,0.0586,0.2580,1.15,10.48
3,2,11.563,0.6,0.0,0.0,0.0052,-0.0075,0.0590,0.2578,1.76,10.55
3,2,11.581,0.6,0.0,0.0,0.0092,-0.0107,0.0597,0.2574,2.19,10.35
3,2,11.602,0.6,0.0,0.0,0.0103,-0.0087,0.0603,0.2571,2.07,9.89
3,2,11.622,0.6,0.0,0.0,0.0092,-0.0055,0.0607,0.2569,1.67,9.26
3,2,11.643,0.6,0.0,0.0,0.0048,-0.0038,0.0608,0.2568,1.15,8.79
3,2,11.663,0.6,0.0,0.0,0.0036,-0.0024,0.0607,0.2568,1.10,8.35
3,2,11.681,0.6,0.0,0.0,0.0001,-0.0015,0.0602,0.2570,1.37,7.82
3,2,11.701,0.6,0.0,0.0,-0.0019,-0.0020,0.0598,0.2571,2.02,7.28
3,2,11.722,0.6,0.0,0.0,-0.0049,-0.0024,0.0590,0.2574,2.75,6.99
3,2,11.742,0.6,0.0,0.0,-0.0069,-0.0021,0.0582,0.2577,2.89,7.47
3,2,11.763,0.6,0.0,0.0,-0.0040,-0.0010,0.0576,0.2579,2.58,7.98
3,2,11.781,0.6,0.0,0.0,-0.0079,-0.0008,0.0565,0.2581,1.47,8.51
3,2,11.801,0.6,0.0,0.0,-0.0062,-0.0008,0.0561,0.2581,0.85,9.07
3,2,11.823,0.6,0.0,0.0,-0.0033,0.0003,0.0558,0.2580,0.42,9.51
3,2,11.843,0.6,0.0,0.0,-0.0000,0.0013,0.0556,0.2578,0.70,9.83
3,2,11.863,0.6,0.0,0.0,0.0037,0.0027,0.0556,0.2574,1.67,10.08
3,2,11.883,0.6,0.0,0.0,0.0052,0.0033,0.0557,0.2571,1.96,10.15
3,2,11.901,0.6,0.0,0.0,0.0097,0.0043,0.0561,0.2568,1.93,10.10
3,2,11.922,0.6,0.0,0.0,0.0097,0.0052,0.0565,0.2566,1.56,9.88
3,2,11.943,0.6,0.0,0.0,0.0059,0.0064,0.0567,0.2566,1.03,9.50
3,2,11.963,0.6,0.0,0.0,0.0041,0.0062,0.0568,0.2566,0.70,8.92
3,2,11.981,0.6,0.0,0.0,0.0033,0.0060,0.0568,0.2567,1.39,8.06
3,2,12.001,0.6,0.0,0.0,0.0018,0.0076,0.0566,0.2570,2.86,6.78
3,2,12.022,0.6,0.0,0.0,0.0016,0.0072,0.0566,0.2574,3.98,7.42
3,2,12.043,0.6,0.0,0.0,0.0010,0.0059,0.0567,0.2578,4.12,8.08
3,2,12.063,0.6,0.0,0.0,0.0009,0.0035,0.0569,0.2581,3.35,8.60
3,2,12.081,0.6,0.0,0.0,0.0011,0.0011,0.0573,0.2583,1.99,9.21
3,2,12.101,0.6,0.0,0.0,0.0017,-0.0013,0.0578,0.2584,0.96,9.73
3,2,12.123,0.6,0.0,0.0,0.0028,-0.0025,0.0583,0.2582,0.77,10.19
3,2,12.143,0.6,0.0,0.0,0.0033,-0.0035,0.0585,0.2581,0.84,10.47
3,2,12.163,0.6,0.0,0.0,0.0049,-0.0072,0.0590,0.2578,1.68,10.56
3,2,12.181,0.6,0.0,0.0,0.0086,-0.0107,0.0597,0.2574,2.23,10.36
3,2,12.201,0.6,0.0,0.0,0.0101,-0.0084,0.0603,0.2571,2.06,9.88
3,2,12.222,0.6,0.0,0.0,0.0069,-0.0061,0.0607,0.2570,1.81,9.23
3,2,12.243,0.6,0.0,0.0,0.0069,-0.0036,0.0608,0.2568,1.17,8.79
3,2,12.262,0.6,0.0,0.0,0.0036,-0.0023,0.0607,0.2568,0.99,8.35
3,2,12.283,0.6,0.0,0.0,0.0006,-0.0015,0.0605,0.2569,0.85,7.88
3,2,12.302,0.6,0.0,0.0,-0.0021,-0.0022,0.0599,0.2571,2.25,7.31
3,2,12.322,0.6,0.0,0.0,-0.0053,-0.0026,0.0590,0.2574,2.86,6.94
3,2,12.342,0.6,0.0,0.0,-0.0051,-0.0021,0.0583,0.2577,2.89,7.40
3,2,12.362,0.6,0.0,0.0,-0.0078,0.0001,0.0574,0.2580,2.30,7.92
3,2,12.382,0.6,0.0,0.0,-0.0071,-0.0008,0.0567,0.2581,1.36,8.49
3,2,12.403,0.6,0.0,0.0,-0.0050,-0.0004,0.0561,0.2581,0.67,9.06
3,2,12.422,0.6,0.0,0.0,-0.0020,0.0003,0.0559,0.2580,0.34,9.51
3,2,12.442,0.6,0.0,0.0,-0.0002,0.0011,0.0558,0.2579,0.64,9.79
3,2,12.462,0.6,0.0,0.0,0.0022,0.0026,0.0557,0.2575,1.56,10.01
3,2,12.481,0.6,0.0,0.0,0.0065,0.0031,0.0557,0.2571,2.17,10.13
3,2,12.502,0.6,0.0,0.0,0.0101,0.0042,0.0559,0.2568,2.06,10.07
3,2,12.523,0.6,0.0,0.0,0.0104,0.0056,0.0564,0.2566,1.51,9.88
3,2,12.543,0.6,0.0,0.0,0.0057,0.0058,0.0568,0.2565,0.81,9.49
3,2,12.562,0.6,0.0,0.0,0.0050,0.0060,0.0569,0.2565,0.67,8.90
3,2,12.581,0.6,0.0,0.0,0.0036,0.0061,0.0569,0.2566,1.39,8.04
3,2,12.601,0.6,0.0,0.0,0.0022,0.0081,0.0567,0.2570,3.04,6.71
3,2,12.622,0.6,0.0,0.0,0.0015,0.0079,0.0567,0.2574,3.96,7.47
3,2,12.643,0.6,0.0,0.0,0.0018,0.0058,0.0568,0.2579,4.19,8.05
3,2,12.662,0.6,0.0,0.0,0.0014,0.0030,0.0571,0.2583,3.00,8.61
3,2,12.682,0.6,0.0,0.0,0.0005,0.0020,0.0572,0.2584,2.32,9.25
3,2,12.701,0.6,0.0,0.0,0.0019,-0.0014,0.0578,0.2584,1.00,9.76
3,2,12.723,0.6,0.0,0.0,0.0028,-0.0025,0.0583,0.2583,0.79,10.21
3,2,12.743,0.6,0.0,0.0,0.0033,-0.0039,0.0587,0.2581,0.97,10.49
3,2,12.763,0.6,0.0,0.0,0.0065,-0.0084,0.0593,0.2578,1.96,10.58
3,2,12.782,0.6,0.0,0.0,0.0093,-0.0108,0.0599,0.2574,2.14,10.39
3,2,12.801,0.6,0.0,0.0,0.0075,-0.0102,0.0603,0.2572,2.27,9.90
3,2,12.823,0.6,0.0,0.0,0.0094,-0.0058,0.0608,0.2570,1.82,9.27
3,2,12.843,0.6,0.0,0.0,0.0053,-0.0039,0.0609,0.2569,1.44,8.76
3,2,12.863,0.6,0.0,0.0,0.0042,-0.0023,0.0609,0.2568,0.99,8.34
3,2,12.881,0.6,0.0,0.0,0.0006,-0.0015,0.0605,0.2570,1.32,7.83
3,2,12.901,0.6,0.0,0.0,-0.0026,-0.0022,0.0600,0.2572,2.18,7.25
3,2,12.922,0.6,0.0,0.0,-0.0035,-0.0025,0.0594,0.2574,2.70,6.92
3,2,12.943,0.6,0.0,0.0,-0.0064,-0.0018,0.0585,0.2577,2.70,7.38
3,2,12.963,0.6,0.0,0.0,-0.0077,0.0001,0.0576,0.2580,2.14,7.91
3,2,12.981,0.6,0.0,0.0,-0.0054,-0.0007,0.0571,0.2581,1.47,8.47
3,2,13.001,0.6,0.0,0.0,-0.0051,-0.0005,0.0565,0.2581,0.73,9.03
3,2,13.022,0.6,0.0,0.0,-0.0027,0.0006,0.0562,0.2579,0.37,9.48
3,2,13.042,0.6,0.0,0.0,0.0003,0.0012,0.0561,0.2578,0.71,9.79
3,2,13.062,0.6,0.0,0.0,0.0036,0.0022,0.0560,0.2575,1.45,9.99
3,2,13.082,0.6,0.0,0.0,0.0031,0.0028,0.0560,0.2572,1.86,10.05
3,2,13.101,0.6,0.0,0.0,0.0112,0.0039,0.0562,0.2568,1.94,10.04
3,2,13.123,0.6,0.0,0.0,0.0094,0.0051,0.0566,0.2566,1.45,9.83
3,2,13.142,0.6,0.0,0.0,0.0058,0.0056,0.0570,0.2566,0.79,9.45
3,2,13.162,0.6,0.0,0.0,0.0052,0.0061,0.0571,0.2566,0.69,8.87
3,2,13.181,0.6,0.0,0.0,0.0025,0.0060,0.0570,0.2567,1.52,7.95
3,2,13.201,0.6,0.0,0.0,0.0011,0.0072,0.0569,0.2569,2.60,6.71
3,2,13.222,0.6,0.0,0.0,0.0013,0.0065,0.0569,0.2574,3.94,7.48
3,2,13.243,0.6,0.0,0.0,0.0012,0.0048,0.0571,0.2579,3.94,8.08
3,2,13.262,0.6,0.0,0.0,0.0006,0.0041,0.0573,0.2581,3.58,8.66
3,2,13.281,0.6,0.0,0.0,0.0007,0.0017,0.0576,0.2583,2.21,9.26
3,2,13.302,0.6,0.0,0.0,0.0012,-0.0013,0.0582,0.2584,0.93,9.77
3,2,13.322,0.6,0.0,0.0,0.0030,-0.0022,0.0585,0.2583,0.75,10.20
3,2,13.343,0.6,0.0,0.0,0.0044,-0.0038,0.0590,0.2581,0.94,10.50
3,2,13.365,0.6,0.0,0.0,0.0047,-0.0075,0.0596,0.2577,1.66,10.56
3,2,13.381,0.6,0.0,0.0,0.0093,-0.0106,0.0602,0.2574,2.06,10.37
3,2,13.402,0.6,0.0,0.0,0.0097,-0.0086,0.0608,0.2571,1.92,9.92
3,2,13.422,0.6,0.0,0.0,0.0064,-0.0065,0.0611,0.2570,1.68,9.24
3,2,13.443,0.6,0.0,0.0,0.0062,-0.0041,0.0612,0.2569,1.13,8.70
3,2,13.463,0.6,0.0,0.0,0.0033,-0.0023,0.0611,0.2569,0.96,8.25
3,2,13.482,0.6,0.0,0.0,0.0007,-0.0018,0.0609,0.2569,0.86,7.81
3,2,13.501,0.6,0.0,0.0,-0.0018,-0.0023,0.0603,0.2571,2.18,7.25
3,2,13.523,0.6,0.0,0.0,-0.0049,-0.0025,0.0597,0.2574,2.67,6.96
3,2,13.543,0.6,0.0,0.0,-0.0051,-0.0022,0.0590,0.2576,2.82,7.43
3,2,13.562,0.6,0.0,0.0,-0.0078,0.0001,0.0579,0.2580,2.25,7.88
3,2,13.581,0.6,0.0,0.0,-0.0070,-0.0004,0.0574,0.2581,1.58,8.45
3,2,13.601,0.6,0.0,0.0,-0.0040,-0.0007,0.0568,0.2581,0.79,8.98
3,2,13.622,0.6,0.0,0.0,-0.0027,0.0005,0.0565,0.2580,0.39,9.44
3,2,13.643,0.6,0.0,0.0,0.0002,0.0015,0.0563,0.2578,0.93,9.78
3,2,13.662,0.6,0.0,0.0,0.0026,0.0018,0.0563,0.2576,1.27,9.95
3,2,13.681,0.6,0.0,0.0,0.0067,0.0033,0.0564,0.2571,1.94,10.09
3,2,13.702,0.6,0.0,0.0,0.0091,0.0041,0.0567,0.2568,1.87,10.04
3,2,13.722,0.6,0.0,0.0,0.0066,0.0049,0.0569,0.2567,1.56,9.80
3,2,13.743,0.6,0.0,0.0,0.0071,0.0059,0.0572,0.2566,0.91,9.42
3,2,13.763,0.6,0.0,0.0,0.0035,0.0055,0.0573,0.2566,0.64,8.81
3,2,13.781,0.6,0.0,0.0,0.0030,0.0054,0.0572,0.2568,1.39,7.95
3,2,13.801,0.6,0.0,0.0,0.0012,0.0070,0.0571,0.2570,2.82,6.68
3,2,13.821,0.6,0.0,0.0,0.0008,0.0070,0.0571,0.2574,3.77,7.52
3,2,13.842,0.6,0.0,0.0,0.0008,0.0053,0.0572,0.2578,4.08,8.08
3,2,13.862,0.6,0.0,0.0,0.0001,0.0033,0.0574,0.2582,3.08,8.64
3,2,13.882,0.6,0.0,0.0,0.0001,0.0022,0.0576,0.2584,2.40,9.25
3,2,13.902,0.6,0.0,0.0,0.0011,-0.0014,0.0581,0.2584,1.04,9.75
3,2,13.923,0.6,0.0,0.0,0.0026,-0.0021,0.0585,0.2584,0.78,10.17
3,2,13.943,0.6,0.0,0.0,0.0030,-0.0046,0.0592,0.2581,1.17,10.48
3,2,13.963,0.6,0.0,0.0,0.0063,-0.0069,0.0594,0.2579,1.71,10.56
3,2,13.982,0.6,0.0,0.0,0.0089,-0.0105,0.0602,0.2574,2.06,10.38
3,2,14.001,0.6,0.0,0.0,0.0074,-0.0100,0.0608,0.2572,2.07,9.89
3,2,14.022,0.6,0.0,0.0,0.0088,-0.0061,0.0612,0.2570,1.75,9.27
3,2,14.043,0.6,0.0,0.0,0.0061,-0.0043,0.0612,0.2569,1.25,8.70
3,2,14.063,0.6,0.0,0.0,0.0025,-0.0023,0.0611,0.2569,0.90,8.26
3,2,14.081,0.6,0.0,0.0,0.0007,-0.0016,0.0608,0.2570,1.28,7.78
3,2,14.102,0.6,0.0,0.0,-0.0024,-0.0022,0.0603,0.2572,2.07,7.22
3,2,14.123,0.6,0.0,0.0,-0.0050,-0.0024,0.0596,0.2575,2.67,6.87
3,2,14.143,0.6,0.0,0.0,-0.0050,-0.0014,0.0587,0.2578,2.57,7.35
3,2,14.164,0.6,0.0,0.0,-0.0073,-0.0001,0.0581,0.2580,2.21,7.90
3,2,14.181,0.6,0.0,0.0,-0.0080,-0.0007,0.0573,0.2581,1.37,8.43
3,2,14.201,0.6,0.0,0.0,-0.0051,-0.0004,0.0568,0.2581,0.69,9.00
3,2,14.221,0.6,0.0,0.0,-0.0019,0.0003,0.0566,0.2580,0.35,9.44
3,2,14.242,0.6,0.0,0.0,-0.0001,0.0011,0.0564,0.2579,0.64,9.73
3,2,14.262,0.6,0.0,0.0,0.0035,0.0025,0.0563,0.2575,1.63,9.98
3,2,14.282,0.6,0.0,0.0,0.0029,0.0028,0.0564,0.2573,1.88,10.02
3,2,14.301,0.6,0.0,0.0,0.0123,0.0041,0.0567,0.2569,1.91,10.01
3,2,14.322,0.6,0.0,0.0,0.0090,0.0049,0.0570,0.2568,1.70,9.79
3,2,14.343,0.6,0.0,0.0,0.0073,0.0058,0.0573,0.2566,0.86,9.42
3,2,14.363,0.6,0.0,0.0,0.0035,0.0056,0.0574,0.2566,0.63,8.85
3,2,14.381,0.6,0.0,0.0,0.0024,0.0057,0.0574,0.2568,1.46,7.95
3,2,14.401,0.6,0.0,0.0,0.0012,0.0071,0.0572,0.2571,2.90,6.66
3,2,14.422,0.6,0.0,0.0,0.0009,0.0065,0.0571,0.2575,3.94,7.42
3,2,14.442,0.6,0.0,0.0,0.0004,0.0053,0.0572,0.2579,4.01,8.07
3,2,14.463,0.6,0.0,0.0,0.0001,0.0030,0.0575,0.2582,2.92,8.64
3,2,14.481,0.6,0.0,0.0,0.0004,0.0007,0.0578,0.2584,1.71,9.27
3,2,14.501,0.6,0.0,0.0,0.0013,-0.0014,0.0582,0.2584,0.89,9.78
3,2,14.522,0.6,0.0,0.0,0.0019,-0.0022,0.0586,0.2583,0.75,10.20
3,2,14.543,0.6,0.0,0.0,0.0041,-0.0036,0.0590,0.2581,0.91,10.48
3,2,14.563,0.6,0.0,0.0,0.0049,-0.0073,0.0595,0.2578,1.71,10.57
3,2,14.581,0.6,0.0,0.0,0.0087,-0.0105,0.0602,0.2575,2.09,10.38
3,2,14.601,0.6,0.0,0.0,0.0099,-0.0089,0.0609,0.2572,2.02,9.94
3,2,14.621,0.6,0.0,0.0,0.0067,-0.0066,0.0612,0.2570,1.78,9.25
3,2,14.642,0.6,0.0,0.0,0.0064,-0.0041,0.0613,0.2569,1.16,8.68
3,2,14.662,0.6,0.0,0.0,0.0040,-0.0023,0.0611,0.2569,0.97,8.23
3,2,14.683,0.6,0.0,0.0,0.0009,-0.0018,0.0610,0.2569,0.82,7.78
3,2,14.701,0.6,0.0,0.0,-0.0021,-0.0021,0.0605,0.2572,2.10,7.24
3,2,14.722,0.6,0.0,0.0,-0.0047,-0.0024,0.0597,0.2575,2.66,6.89
3,2,14.743,0.6,0.0,0.0,-0.0050,-0.0019,0.0590,0.2577,2.71,7.39
3,2,14.762,0.6,0.0,0.0,-0.0077,0.0001,0.0582,0.2580,2.22,7.88
3,2,14.781,0.6,0.0,0.0,-0.0070,-0.0007,0.0575,0.2581,1.34,8.44
3,2,14.802,0.6,0.0,0.0,-0.0039,-0.0007,0.0571,0.2581,0.79,8.98
3,2,14.822,0.6,0.0,0.0,-0.0029,0.0005,0.0567,0.2580,0.39,9.43
3,2,14.842,0.6,0.0,0.0,0.0002,0.0012,0.0566,0.2578,0.69,9.75
3,2,14.863,0.6,0.0,0.0,0.0024,0.0022,0.0565,0.2575,1.45,9.93
3,2,14.881,0.6,0.0,0.0,0.0067,0.0032,0.0566,0.2571,1.91,10.06
3,2,14.902,0.6,0.0,0.0,0.0081,0.0040,0.0569,0.2569,1.85,10.01
3,2,14.922,0.6,0.0,0.0,0.0093,0.0050,0.0572,0.2567,1.38,9.78
3,2,14.944,0.6,0.0,0.0,0.0049,0.0053,0.0573,0.2566,0.91,9.39
3,2,14.963,0.6,0.0,0.0,0.0047,0.0049,0.0574,0.2566,0.52,8.81
3,2,14.985,0.6,0.0,0.0,0.0019,0.0048,0.0574,0.2567,1.15,7.95
3,2,15.004,0.6,0.0,0.0,0.0010,0.0066,0.0573,0.2569,2.09,6.70
3,3,15.043,0.0,0.0,0.5,0.0000,0.0073,0.0572,0.2572,3.42,7.61
3,3,15.046,0.0,0.0,0.5,0.0000,0.0073,0.0572,0.2572,3.42,7.61
3,3,15.073,0.0,0.0,0.5,0.0007,0.0059,0.0574,0.2579,4.24,7.92
3,3,15.088,0.0,0.0,0.5,0.0020,0.0485,0.0575,0.2580,5.88,8.37
3,3,15.109,0.0,0.0,0.5,0.0020,0.2951,0.0586,0.2596,11.22,7.17
3,3,15.129,0.0,0.0,0.5,0.0118,0.3711,0.0591,0.2605,10.17,7.04
3,3,15.146,0.0,0.0,0.5,0.0219,0.3380,0.0593,0.2613,6.16,8.00
3,3,15.179,0.0,0.0,0.5,0.0153,0.1957,0.0598,0.2608,4.23,9.65
3,3,15.189,0.0,0.0,0.5,0.0073,0.1957,0.0598,0.2608,4.23,9.65
3,3,15.205,0.0,0.0,0.5,0.0258,0.1281,0.0613,0.2600,4.95,9.96
3,3,15.222,0.0,0.0,0.5,0.0184,0.0963,0.0634,0.2584,7.79,8.86
3,3,15.243,0.0,0.0,0.5,0.0142,0.0982,0.0641,0.2579,9.68,8.04
3,3,15.263,0.0,0.0,0.5,0.0040,0.1066,0.0636,0.2575,8.88,7.37
3,3,15.282,0.0,0.0,0.5,0.0014,0.1314,0.0630,0.2562,5.70,7.31
3,3,15.301,0.0,0.0,0.5,-0.0003,0.1670,0.0628,0.2560,3.23,10.26
3,3,15.323,0.0,0.0,0.5,-0.0031,0.2078,0.0626,0.2559,4.91,11.83
3,3,15.345,0.0,0.0,0.5,-0.0041,0.3180,0.0610,0.2558,8.67,11.82
3,3,15.366,0.0,0.0,0.5,-0.0031,0.3904,0.0592,0.2554,7.69,10.76
3,3,15.389,0.0,0.0,0.5,-0.0001,0.4018,0.0585,0.2552,8.05,10.60
3,3,15.404,0.0,0.0,0.5,0.0068,0.3720,0.0575,0.2547,7.01,10.49
3,3,15.426,0.0,0.0,0.5,0.0124,0.3649,0.0572,0.2546,5.62,10.42
3,3,15.445,0.0,0.0,0.5,0.0088,0.3651,0.0572,0.2546,5.27,10.36
3,3,15.468,0.0,0.0,0.5,0.0286,0.3714,0.0570,0.2549,4.63,9.82
3,3,15.485,0.0,0.0,0.5,0.0231,0.3740,0.0568,0.2551,4.61,9.71
3,3,15.505,0.0,0.0,0.5,0.0102,0.3735,0.0567,0.2553,4.60,9.60
3,3,15.524,0.0,0.0,0.5,0.0301,0.3807,0.0559,0.2560,4.56,9.66
3,3,15.543,0.0,0.0,0.5,0.0421,0.3921,0.0545,0.2569,5.06,9.31
3,3,15.563,0.0,0.0,0.5,0.0288,0.4243,0.0512,0.2585,5.40,9.12
3,3,15.588,0.0,0.0,0.5,0.0350,0.4292,0.0475,0.2599,4.44,9.00
3,3,15.601,0.0,0.0,0.5,0.0293,0.3787,0.0470,0.2597,7.07,8.71
3,3,15.623,0.0,0.0,0.5,0.0242,0.3357,0.0477,0.2598,5.51,8.49
3,3,15.647,0.0,0.0,0.5,0.0321,0.2728,0.0499,0.2603,4.82,7.80
3,3,15.666,0.0,0.0,0.5,0.0276,0.2263,0.0509,0.2608,5.77,7.64
3,3,15.687,0.0,0.0,0.5,0.0236,0.1821,0.0510,0.2613,5.61,8.47
3,3,15.708,0.0,0.0,0.5,0.0115,0.1334,0.0508,0.2616,6.18,9.82
3,3,15.722,0.0,0.0,0.5,0.0225,0.1018,0.0511,0.2613,8.29,11.57
3,3,15.743,0.0,0.0,0.5,0.0212,0.0908,0.0515,0.2609,8.19,11.16
3,3,15.763,0.0,0.0,0.5,0.0265,0.0909,0.0536,0.2594,7.14,11.00
3,3,15.781,0.0,0.0,0.5,0.0175,0.1164,0.0547,0.2577,8.70,10.34
3,3,15.802,0.0,0.0,0.5,0.0249,0.1404,0.0551,0.2570,11.89,9.38
3,3,15.823,0.0,0.0,0.5,0.0225,0.1260,0.0556,0.2564,10.66,8.59
3,3,15.843,0.0,0.0,0.5,0.0236,0.1045,0.0569,0.2551,6.23,7.30
3,3,15.862,0.0,0.0,0.5,0.0166,0.1406,0.0577,0.2549,3.77,9.01
3,3,15.881,0.0,0.0,0.5,0.0209,0.2008,0.0578,0.2551,6.38,10.72
3,3,15.902,0.0,0.0,0.5,0.0208,0.2925,0.0575,0.2557,9.12,10.96
3,3,15.923,0.0,0.0,0.5,0.0200,0.3377,0.0566,0.2560,8.48,10.71
3,3,15.943,0.0,0.0,0.5,0.0239,0.3665,0.0554,0.2562,7.36,10.18
3,3,15.963,0.0,0.0,0.5,0.0201,0.3759,0.0548,0.2562,6.69,10.47
3,3,15.981,0.0,0.0,0.5,0.0436,0.3639,0.0538,0.2561,5.49,10.48
3,3,16.001,0.0,0.0,0.5,0.0449,0.3577,0.0535,0.2560,4.32,10.17
3,3,16.025,0.0,0.0,0.5,0.0349,0.3544,0.0534,0.2561,3.85,10.10
3,3,16.042,0.0,0.0,0.5,0.0564,0.3518,0.0530,0.2562,3.49,10.38
3,3,16.066,0.0,0.0,0.5,0.0450,0.3550,0.0522,0.2563,3.32,10.70
3,3,16.086,0.0,0.0,0.5,0.0327,0.3596,0.0518,0.2565,3.24,10.70
3,3,16.104,0.0,0.0,0.5,0.0528,0.3716,0.0510,0.2567,3.47,10.93
3,3,16.130,0.0,0.0,0.5,0.0484,0.4064,0.0492,0.2577,3.02,10.84
3,3,16.143,0.0,0.0,0.5,0.0436,0.4131,0.0488,0.2579,3.40,10.85
3,3,16.168,0.0,0.0,0.5,0.0414,0.3963,0.0464,0.2586,5.11,10.59
3,3,16.183,0.0,0.0,0.5,0.0514,0.3563,0.0466,0.2585,5.59,10.47
3,3,16.203,0.0,0.0,0.5,0.0309,0.3178,0.0473,0.2586,5.00,10.41
3,3,16.224,0.0,0.0,0.5,0.0421,0.2641,0.0490,0.2592,6.44,10.15
3,3,16.245,0.0,0.0,0.5,0.0419,0.2461,0.0495,0.2598,8.25,9.15
3,3,16.264,0.0,0.0,0.5,0.0440,0.2257,0.0491,0.2608,8.67,7.90
3,3,16.286,0.0,0.0,0.5,0.0238,0.1999,0.0484,0.2615,7.37,8.94
3,3,16.302,0.0,0.0,0.5,0.0380,0.1735,0.0482,0.2619,6.34,9.94
3,3,16.322,0.0,0.0,0.5,0.0275,0.1346,0.0486,0.2620,7.00,9.72
3,3,16.342,0.0,0.0,0.5,0.0250,0.0812,0.0507,0.2614,9.77,10.74
3,3,16.364,0.0,0.0,0.5,0.0215,0.0814,0.0526,0.2600,8.02,10.30
3,3,16.384,0.0,0.0,0.5,0.0238,0.0885,0.0530,0.2594,5.80,10.51
3,3,16.407,0.0,0.0,0.5,0.0170,0.1244,0.0521,0.2578,10.80,9.41
3,3,16.424,0.0,0.0,0.5,0.0282,0.1361,0.0511,0.2569,12.62,8.88
3,3,16.445,0.0,0.0,0.5,0.0240,0.1061,0.0523,0.2556,9.19,7.89
3,3,16.464,0.0,0.0,0.5,0.0263,0.1013,0.0535,0.2552,6.78,8.95
3,3,16.490,0.0,0.0,0.5,0.0302,0.1764,0.0557,0.2549,6.08,11.07
3,3,16.505,0.0,0.0,0.5,0.0000,0.2213,0.0556,0.2551,6.94,10.88
3,3,16.525,0.0,0.0,0.5,0.0351,0.2877,0.0550,0.2554,12.46,11.79
3,3,16.546,0.0,0.0,0.5,0.0252,0.3439,0.0544,0.2554,11.29,10.98
3,3,16.569,0.0,0.0,0.5,0.0365,0.3769,0.0543,0.2558,8.75,10.32
3,3,16.587,0.0,0.0,0.5,0.0317,0.3936,0.0545,0.2560,7.20,10.34
3,3,16.617,0.0,0.0,0.5,0.0368,0.4061,0.0545,0.2562,5.45,10.02
3,3,16.630,0.0,0.0,0.5,0.0715,0.4076,0.0543,0.2563,4.37,10.13
3,3,16.645,0.0,0.0,0.5,0.0401,0.4096,0.0541,0.2564,3.86,10.24
3,3,16.663,0.0,0.0,0.5,0.0583,0.4184,0.0531,0.2567,2.86,10.70
3,3,16.683,0.0,0.0,0.5,0.0632,0.4255,0.0521,0.2571,2.76,10.91
3,3,16.701,0.0,0.0,0.5,0.0652,0.4305,0.0507,0.2573,2.91,11.11
3,3,16.724,0.0,0.0,0.5,0.0446,0.4142,0.0494,0.2575,3.29,11.46
3,3,16.745,0.0,0.0,0.5,0.0575,0.3698,0.0494,0.2572,3.81,11.59
3,3,16.765,0.0,0.0,0.5,0.0415,0.3145,0.0502,0.2572,3.95,11.83
3,3,16.784,0.0,0.0,0.5,0.0463,0.2852,0.0512,0.2574,4.63,11.93
3,3,16.806,0.0,0.0,0.5,0.0346,0.2902,0.0518,0.2579,7.54,11.78
3,3,16.825,0.0,0.0,0.5,0.0670,0.3104,0.0519,0.2589,9.84,10.29
3,3,16.843,0.0,0.0,0.5,0.0375,0.3137,0.0514,0.2598,10.63,8.57
3,3,16.862,0.0,0.0,0.5,0.0358,0.2789,0.0510,0.2607,9.62,6.96
3,3,16.881,0.0,0.0,0.5,0.0441,0.2140,0.0506,0.2617,6.84,8.02
3,3,16.903,0.0,0.0,0.5,0.0386,0.1395,0.0509,0.2621,5.62,9.28
3,3,16.922,0.0,0.0,0.5,0.0263,0.0814,0.0524,0.2618,5.80,10.08
3,3,16.943,0.0,0.0,0.5,0.0324,0.0725,0.0534,0.2611,5.79,10.15
3,3,16.963,0.0,0.0,0.5,0.0195,0.0718,0.0541,0.2603,8.62,10.19
3,3,16.981,0.0,0.0,0.5,0.0273,0.0857,0.0541,0.2582,7.77,9.92
3,3,17.001,0.0,0.0,0.5,0.0167,0.1010,0.0539,0.2576,11.01,9.20
3,3,17.022,0.0,0.0,0.5,0.0245,0.0828,0.0547,0.2561,10.74,8.70
3,3,17.043,0.0,0.0,0.5,0.0270,0.0740,0.0562,0.2554,6.75,6.99
3,3,17.062,0.0,0.0,0.5,0.0249,0.1185,0.0577,0.2550,4.04,9.27
3,3,17.082,0.0,0.0,0.5,0.0198,0.1778,0.0577,0.2552,6.11,10.93
3,3,17.101,0.0,0.0,0.5,0.0146,0.2737,0.0569,0.2557,9.59,10.99
3,3,17.122,0.0,0.0,0.5,0.0174,0.3203,0.0563,0.2561,10.10,10.76
3,3,17.143,0.0,0.0,0.5,0.0201,0.3562,0.0551,0.2564,7.34,10.35
3,3,17.162,0.0,0.0,0.5,0.0252,0.3689,0.0541,0.2564,6.03,10.26
3,3,17.181,0.0,0.0,0.5,0.0337,0.3760,0.0532,0.2565,4.62,10.32
3,3,17.201,0.0,0.0,0.5,0.0294,0.3815,0.0527,0.2565,3.34,10.18
3,3,17.222,0.0,0.0,0.5,0.0417,0.3870,0.0521,0.2566,3.12,10.63
3,3,17.242,0.0,0.0,0.5,0.0329,0.3936,0.0512,0.2565,3.20,10.80
3,3,17.262,0.0,0.0,0.5,0.0457,0.3968,0.0504,0.2567,3.04,11.16
3,3,17.282,0.0,0.0,0.5,0.0451,0.4109,0.0489,0.2568,3.36,11.41
3,3,17.301,0.0,0.0,0.5,0.0321,0.4257,0.0480,0.2570,3.98,11.54
3,3,17.323,0.0,0.0,0.5,0.0399,0.4064,0.0474,0.2570,4.35,11.62
3,3,17.343,0.0,0.0,0.5,0.0448,0.3118,0.0482,0.2566,3.92,11.86
3,3,17.362,0.0,0.0,0.5,0.0452,0.2758,0.0490,0.2566,3.73,12.26
3,3,17.381,0.0,0.0,0.5,0.0474,0.2713,0.0509,0.2574,7.42,11.96
3,3,17.401,0.0,0.0,0.5,0.0333,0.2857,0.0512,0.2581,9.17,11.12
3,3,17.423,0.0,0.0,0.5,0.0312,0.2947,0.0511,0.2590,10.68,9.87
3,3,17.443,0.0,0.0,0.5,0.0440,0.2869,0.0507,0.2602,10.31,7.97
3,3,17.462,0.0,0.0,0.5,0.0423,0.2464,0.0503,0.2613,8.22,7.27
3,3,17.481,0.0,0.0,0.5,0.0309,0.2012,0.0500,0.2620,6.50,8.76
3,3,17.501,0.0,0.0,0.5,0.0398,0.1230,0.0507,0.2621,6.35,9.93
3,3,17.523,0.0,0.0,0.5,0.0347,0.0797,0.0520,0.2619,7.67,10.52
3,3,17.543,0.0,0.0,0.5,0.0226,0.0730,0.0533,0.2601,7.54,10.59
3,3,17.562,0.0,0.0,0.5,0.0251,0.0940,0.0535,0.2588,5.90,10.32
3,3,17.581,0.0,0.0,0.5,0.0253,0.1218,0.0530,0.2575,10.43,9.80
3,3,17.601,0.0,0.0,0.5,0.0216,0.1452,0.0529,0.2569,13.01,9.12
3,3,17.622,0.0,0.0,0.5,0.0336,0.1022,0.0549,0.2556,11.05,8.26
3,3,17.643,0.0,0.0,0.5,0.0268,0.0896,0.0568,0.2549,7.75,7.97
3,3,17.662,0.0,0.0,0.5,0.0324,0.1551,0.0578,0.2546,4.91,9.88
3,3,17.681,0.0,0.0,0.5,0.0297,0.2398,0.0574,0.2551,8.14,10.71
3,3,17.701,0.0,0.0,0.5,0.0207,0.2947,0.0568,0.2556,10.02,10.64
3,3,17.722,0.0,0.0,0.5,0.0274,0.3255,0.0561,0.2560,9.73,10.50
3,3,17.743,0.0,0.0,0.5,0.0291,0.3592,0.0548,0.2563,7.56,10.26
3,3,17.763,0.0,0.0,0.5,0.0357,0.3709,0.0543,0.2563,6.91,10.29
3,3,17.781,0.0,0.0,0.5,0.0328,0.3860,0.0530,0.2566,5.08,10.29
3,3,17.801,0.0,0.0,0.5,0.0478,0.3917,0.0525,0.2566,3.58,10.44
3,3,17.823,0.0,0.0,0.5,0.0379,0.4057,0.0520,0.2567,3.86,10.60
3,3,17.843,0.0,0.0,0.5,0.0532,0.4206,0.0515,0.2567,4.18,11.10
3,3,17.863,0.0,0.0,0.5,0.0554,0.4281,0.0512,0.2568,4.44,11.64
3,3,17.882,0.0,0.0,0.5,0.0540,0.4353,0.0504,0.2568,4.80,11.89
3,3,17.902,0.0,0.0,0.5,0.0396,0.4163,0.0494,0.2567,4.75,12.06
3,3,17.923,0.0,0.0,0.5,0.0489,0.3421,0.0496,0.2562,3.83,12.29
3,3,17.943,0.0,0.0,0.5,0.0372,0.3016,0.0503,0.2562,4.08,12.57
3,3,17.962,0.0,0.0,0.5,0.0480,0.2867,0.0510,0.2564,5.28,12.58
3,3,17.981,0.0,0.0,0.5,0.0370,0.2978,0.0516,0.2570,8.02,12.00
3,3,18.002,0.0,0.0,0.5,0.0437,0.3136,0.0517,0.2580,10.41,10.79
3,3,18.022,0.0,0.0,0.5,0.0470,0.3181,0.0516,0.2590,10.97,9.30
3,3,18.042,0.0,0.0,0.5,0.0330,0.3039,0.0511,0.2603,10.23,7.44
3,3,18.063,0.0,0.0,0.5,0.0418,0.2401,0.0506,0.2614,8.16,7.14
3,3,18.081,0.0,0.0,0.5,0.0300,0.1880,0.0504,0.2621,6.36,8.69
3,3,18.102,0.0,0.0,0.5,0.0362,0.1125,0.0511,0.2622,5.91,9.86
3,3,18.123,0.0,0.0,0.5,0.0326,0.0702,0.0526,0.2616,7.02,10.47
3,3,18.143,0.0,0.0,0.5,0.0272,0.0782,0.0534,0.2603,6.91,10.36
3,3,18.163,0.0,0.0,0.5,0.0119,0.0896,0.0534,0.2593,5.48,10.06
3,3,18.181,0.0,0.0,0.5,0.0310,0.1128,0.0530,0.2576,10.04,9.92
3,3,18.201,0.0,0.0,0.5,0.0219,0.1178,0.0531,0.2570,12.44,9.37
3,3,18.222,0.0,0.0,0.5,0.0322,0.0899,0.0550,0.2558,11.06,8.44
3,3,18.243,0.0,0.0,0.5,0.0332,0.0892,0.0567,0.2550,7.56,8.11
3,3,18.262,0.0,0.0,0.5,0.0260,0.1486,0.0578,0.2548,4.59,9.85
3,3,18.283,0.0,0.0,0.5,0.0269,0.2116,0.0574,0.2551,7.57,10.84
3,3,18.302,0.0,0.0,0.5,0.0185,0.2925,0.0566,0.2558,10.09,10.76
3,3,18.323,0.0,0.0,0.5,0.0224,0.3270,0.0560,0.2562,9.62,10.43
3,3,18.343,0.0,0.0,0.5,0.0191,0.3475,0.0551,0.2565,7.76,10.26
3,3,18.362,0.0,0.0,0.5,0.0292,0.3571,0.0543,0.2565,6.78,10.15
3,3,18.381,0.0,0.0,0.5,0.0282,0.3759,0.0533,0.2567,4.61,10.18
3,3,18.401,0.0,0.0,0.5,0.0434,0.3828,0.0528,0.2567,3.53,10.43
3,3,18.423,0.0,0.0,0.5,0.0467,0.3972,0.0523,0.2568,3.68,10.66
3,3,18.443,0.0,0.0,0.5,0.0377,0.4062,0.0516,0.2568,3.35,11.01
3,3,18.463,0.0,0.0,0.5,0.0514,0.4196,0.0512,0.2569,4.38,11.37
3,3,18.481,0.0,0.0,0.5,0.0507,0.4234,0.0505,0.2568,4.30,11.70
3,3,18.502,0.0,0.0,0.5,0.0358,0.4160,0.0495,0.2569,3.90,12.06
3,3,18.523,0.0,0.0,0.5,0.0451,0.3655,0.0491,0.2565,4.33,12.17
3,3,18.543,0.0,0.0,0.5,0.0459,0.3093,0.0499,0.2565,3.75,12.18
3,3,18.563,0.0,0.0,0.5,0.0450,0.2896,0.0506,0.2565,4.28,12.57
3,3,18.581,0.0,0.0,0.5,0.0336,0.2924,0.0516,0.2572,7.71,12.12
3,3,18.602,0.0,0.0,0.5,0.0395,0.3079,0.0516,0.2582,10.34,10.84
3,3,18.623,0.0,0.0,0.5,0.0319,0.3112,0.0515,0.2585,10.59,10.66
3,3,18.643,0.0,0.0,0.5,0.0418,0.3044,0.0510,0.2600,10.40,7.59
3,3,18.662,0.0,0.0,0.5,0.0381,0.2646,0.0506,0.2612,8.49,7.27
3,3,18.682,0.0,0.0,0.5,0.0343,0.1931,0.0504,0.2621,6.31,8.75
3,3,18.701,0.0,0.0,0.5,0.0332,0.1200,0.0510,0.2624,5.85,9.97
3,3,18.723,0.0,0.0,0.5,0.0291,0.0713,0.0522,0.2620,8.42,10.77
3,3,18.743,0.0,0.0,0.5,0.0244,0.0655,0.0533,0.2608,8.91,10.76
3,3,18.763,0.0,0.0,0.5,0.0230,0.0873,0.0539,0.2591,6.34,10.26
3,3,18.781,0.0,0.0,0.5,0.0289,0.1254,0.0536,0.2574,10.83,9.71
3,3,18.801,0.0,0.0,0.5,0.0294,0.1388,0.0538,0.2567,11.98,9.18
3,3,18.823,0.0,0.0,0.5,0.0250,0.1071,0.0555,0.2555,12.65,8.22
3,3,18.843,0.0,0.0,0.5,0.0274,0.0986,0.0573,0.2547,7.23,8.60
3,3,18.862,0.0,0.0,0.5,0.0318,0.1461,0.0582,0.2545,4.77,10.41
3,3,18.881,0.0,0.0,0.5,0.0302,0.2555,0.0576,0.2550,9.00,10.61
3,3,18.901,0.0,0.0,0.5,0.0208,0.3087,0.0568,0.2556,10.56,10.62
3,3,18.923,0.0,0.0,0.5,0.0275,0.3348,0.0561,0.2559,9.53,10.52
3,3,18.943,0.0,0.0,0.5,0.0310,0.3640,0.0550,0.2563,7.48,10.27
3,3,18.963,0.0,0.0,0.5,0.0365,0.3748,0.0545,0.2563,6.90,10.55
3,3,18.981,0.0,0.0,0.5,0.0343,0.3886,0.0534,0.2565,5.11,10.44
3,3,19.001,0.0,0.0,0.5,0.0510,0.3985,0.0528,0.2565,4.52,10.21
3,3,19.022,0.0,0.0,0.5,0.0387,0.4036,0.0524,0.2565,3.52,10.49
3,3,19.043,0.0,0.0,0.5,0.0559,0.4137,0.0522,0.2567,3.86,11.03
3,3,19.063,0.0,0.0,0.5,0.0549,0.4188,0.0512,0.2567,3.84,11.42
3,3,19.082,0.0,0.0,0.5,0.0528,0.4257,0.0501,0.2568,4.21,11.77
3,3,19.101,0.0,0.0,0.5,0.0393,0.4081,0.0491,0.2567,4.26,12.03
3,3,19.123,0.0,0.0,0.5,0.0479,0.3749,0.0491,0.2564,4.82,12.26
3,3,19.143,0.0,0.0,0.5,0.0373,0.3238,0.0497,0.2562,3.68,12.63
3,3,19.162,0.0,0.0,0.5,0.0368,0.2874,0.0507,0.2564,5.07,12.52
3,3,19.181,0.0,0.0,0.5,0.0507,0.2920,0.0515,0.2570,7.59,12.08
3,3,19.201,0.0,0.0,0.5,0.0476,0.3109,0.0518,0.2580,10.29,11.06
3,3,19.222,0.0,0.0,0.5,0.0439,0.3180,0.0516,0.2589,11.04,9.52
3,3,19.243,0.0,0.0,0.5,0.0329,0.3060,0.0511,0.2602,10.43,7.62
3,3,19.263,0.0,0.0,0.5,0.0419,0.2624,0.0506,0.2611,8.82,7.13
3,3,19.281,0.0,0.0,0.5,0.0404,0.1784,0.0502,0.2622,6.04,8.48
3,3,19.301,0.0,0.0,0.5,0.0267,0.1263,0.0506,0.2624,5.65,9.78
3,3,19.322,0.0,0.0,0.5,0.0321,0.0728,0.0516,0.2622,6.18,10.66
3,3,19.343,0.0,0.0,0.5,0.0268,0.0644,0.0530,0.2607,8.45,10.84
3,3,19.363,0.0,0.0,0.5,0.0223,0.0871,0.0536,0.2587,5.57,10.16
3,3,19.381,0.0,0.0,0.5,0.0162,0.1155,0.0532,0.2574,10.53,9.86
3,3,19.401,0.0,0.0,0.5,0.0256,0.1423,0.0530,0.2569,13.20,9.14
3,3,19.422,0.0,0.0,0.5,0.0223,0.1328,0.0532,0.2567,12.00,9.30
3,3,19.442,0.0,0.0,0.5,0.0370,0.0987,0.0564,0.2550,9.50,7.42
3,3,19.462,0.0,0.0,0.5,0.0332,0.1172,0.0583,0.2545,3.45,10.19
3,3,19.482,0.0,0.0,0.5,0.0219,0.1983,0.0582,0.2547,7.07,11.25
3,3,19.501,0.0,0.0,0.5,0.0290,0.2910,0.0571,0.2554,10.82,10.95
3,3,19.523,0.0,0.0,0.5,0.0269,0.3432,0.0560,0.2558,9.71,10.56
3,3,19.543,0.0,0.0,0.5,0.0229,0.3601,0.0554,0.2560,8.10,10.27
3,3,19.562,0.0,0.0,0.5,0.0255,0.3719,0.0548,0.2561,7.50,10.36
3,3,19.581,0.0,0.0,0.5,0.0437,0.3837,0.0540,0.2564,5.42,10.31
3,3,19.601,0.0,0.0,0.5,0.0480,0.3914,0.0531,0.2565,3.88,10.39
3,3,19.622,0.0,0.0,0.5,0.0521,0.4059,0.0527,0.2566,3.73,10.61
3,3,19.643,0.0,0.0,0.5,0.0406,0.4202,0.0522,0.2567,3.89,11.01
3,3,19.663,0.0,0.0,0.5,0.0415,0.4197,0.0516,0.2567,3.46,11.50
3,3,19.681,0.0,0.0,0.5,0.0550,0.4263,0.0504,0.2569,3.80,11.60
3,3,19.702,0.0,0.0,0.5,0.0518,0.4189,0.0491,0.2570,3.60,11.82
3,3,19.723,0.0,0.0,0.5,0.0363,0.3589,0.0491,0.2565,4.59,11.80
3,3,19.743,0.0,0.0,0.5,0.0501,0.3093,0.0499,0.2564,3.96,12.30
3,3,19.763,0.0,0.0,0.5,0.0372,0.2851,0.0508,0.2566,4.86,12.51
3,3,19.781,0.0,0.0,0.5,0.0525,0.3054,0.0517,0.2572,8.19,12.07
3,3,19.801,0.0,0.0,0.5,0.0467,0.3192,0.0519,0.2582,10.05,10.90
3,3,19.822,0.0,0.0,0.5,0.0343,0.3186,0.0516,0.2591,10.71,9.40
3,3,19.843,0.0,0.0,0.5,0.0442,0.3024,0.0511,0.2604,10.05,7.57
3,3,19.862,0.0,0.0,0.5,0.0419,0.2678,0.0507,0.2613,8.45,7.10
3,3,19.882,0.0,0.0,0.5,0.0197,0.2186,0.0504,0.2620,6.58,8.57
3,3,19.901,0.0,0.0,0.5,0.0495,0.1169,0.0510,0.2623,5.76,9.72
3,3,19.923,0.0,0.0,0.5,0.0327,0.0707,0.0527,0.2617,7.13,10.27
3,3,19.943,0.0,0.0,0.5,0.0219,0.0701,0.0534,0.2611,7.15,10.40
3,3,19.963,0.0,0.0,0.5,0.0233,0.0771,0.0539,0.2592,5.64,10.40
3,3,19.981,0.0,0.0,0.5,0.0238,0.1015,0.0536,0.2577,10.32,9.89
3,3,20.001,0.0,0.0,0.5,0.0204,0.1216,0.0536,0.2569,11.93,9.01
3,3,20.023,0.0,0.0,0.5,0.0300,0.1020,0.0547,0.2559,10.98,8.34
3,3,20.044,0.0,0.0,0.5,0.0252,0.0970,0.0571,0.2549,5.14,7.74
3,3,20.063,0.0,0.0,0.5,0.0297,0.1256,0.0579,0.2547,4.05,10.01
3,3,20.081,0.0,0.0,0.5,0.0275,0.2184,0.0576,0.2550,7.77,10.84
3,3,20.101,0.0,0.0,0.5,0.0253,0.2962,0.0569,0.2556,9.84,10.92
3,3,20.123,0.0,0.0,0.5,0.0119,0.2962,0.0569,0.2556,9.84,10.92
3,3,20.143,0.0,0.0,0.5,0.0253,0.3489,0.0556,0.2560,8.14,10.69
3,3,20.162,0.0,0.0,0.5,0.0313,0.3779,0.0548,0.2561,7.90,10.60
3,3,20.182,0.0,0.0,0.5,0.0269,0.3893,0.0542,0.2562,5.84,10.47
3,3,20.201,0.0,0.0,0.5,0.0517,0.4020,0.0534,0.2563,3.87,10.25
3,3,20.223,0.0,0.0,0.5,0.0502,0.4090,0.0529,0.2565,3.11,10.55
3,3,20.243,0.0,0.0,0.5,0.0410,0.4255,0.0523,0.2567,3.99,10.82
3,3,20.263,0.0,0.0,0.5,0.0543,0.4258,0.0515,0.2567,4.00,11.22
3,3,20.281,0.0,0.0,0.5,0.0556,0.4260,0.0505,0.2568,3.78,11.78
3,3,20.302,0.0,0.0,0.5,0.0375,0.4176,0.0495,0.2569,3.87,11.90
3,3,20.323,0.0,0.0,0.5,0.0477,0.3784,0.0491,0.2565,3.98,11.84
3,3,20.343,0.0,0.0,0.5,0.0379,0.3076,0.0500,0.2564,3.96,12.17
3,3,20.362,0.0,0.0,0.5,0.0502,0.3028,0.0512,0.2567,6.11,12.38
3,3,20.381,0.0,0.0,0.5,0.0504,0.3116,0.0518,0.2574,8.38,11.84
3,3,20.402,0.0,0.0,0.5,0.0350,0.3173,0.0518,0.2581,9.62,10.81
3,3,20.423,0.0,0.0,0.5,0.0441,0.3144,0.0515,0.2590,10.41,9.36
3,3,20.443,0.0,0.0,0.5,0.0452,0.2971,0.0512,0.2602,9.91,7.60
3,3,20.463,0.0,0.0,0.5,0.0210,0.2730,0.0509,0.2611,8.57,7.26
3,3,20.481,0.0,0.0,0.5,0.0414,0.2018,0.0505,0.2621,6.45,8.63
3,3,20.501,0.0,0.0,0.5,0.0382,0.1207,0.0513,0.2622,5.92,9.74
3,3,20.521,0.0,0.0,0.5,0.0265,0.0773,0.0525,0.2620,7.16,10.38
3,3,20.543,0.0,0.0,0.5,0.0292,0.0691,0.0535,0.2608,7.91,10.49
3,3,20.562,0.0,0.0,0.5,0.0248,0.0834,0.0542,0.2589,5.78,10.33
3,3,20.583,0.0,0.0,0.5,0.0118,0.0941,0.0540,0.2581,7.99,9.55
3,3,20.601,0.0,0.0,0.5,0.0349,0.1266,0.0539,0.2573,12.07,9.11
3,3,20.623,0.0,0.0,0.5,0.0187,0.1049,0.0547,0.2562,12.29,8.33
3,3,20.643,0.0,0.0,0.5,0.0356,0.0824,0.0566,0.2551,7.53,7.43
3,3,20.662,0.0,0.0,0.5,0.0263,0.1280,0.0580,0.2547,4.42,9.63
3,3,20.682,0.0,0.0,0.5,0.0235,0.2194,0.0578,0.2551,7.77,10.79
3,3,20.702,0.0,0.0,0.5,0.0055,0.2443,0.0576,0.2553,8.44,10.66
3,3,20.724,0.0,0.0,0.5,0.0231,0.3275,0.0566,0.2558,10.25,10.95
3,3,20.743,0.0,0.0,0.5,0.0279,0.3757,0.0560,0.2561,8.53,10.40
3,3,20.763,0.0,0.0,0.5,0.0296,0.3880,0.0556,0.2562,7.85,10.18
3,3,20.781,0.0,0.0,0.5,0.0283,0.3817,0.0544,0.2564,5.65,10.29
3,3,20.801,0.0,0.0,0.5,0.0394,0.3838,0.0536,0.2564,3.56,10.01
3,3,20.823,0.0,0.0,0.5,0.0377,0.3884,0.0531,0.2566,3.41,10.36
3,3,20.843,0.0,0.0,0.5,0.0481,0.3935,0.0523,0.2566,3.07,10.62
3,3,20.862,0.0,0.0,0.5,0.0496,0.3994,0.0512,0.2567,3.51,11.04
3,3,20.882,0.0,0.0,0.5,0.0378,0.4139,0.0502,0.2569,4.07,11.28
3,3,20.901,0.0,0.0,0.5,0.0497,0.4310,0.0490,0.2572,4.35,11.60
3,3,20.923,0.0,0.0,0.5,0.0439,0.4098,0.0483,0.2571,3.88,11.80
3,3,20.943,0.0,0.0,0.5,0.0344,0.3652,0.0482,0.2568,4.41,12.08
3,3,20.962,0.0,0.0,0.5,0.0475,0.2972,0.0492,0.2568,3.97,12.03
3,3,20.981,0.0,0.0,0.5,0.0379,0.2746,0.0509,0.2574,6.72,11.94
3,3,21.001,0.0,0.0,0.5,0.0464,0.2855,0.0515,0.2580,8.98,11.37
3,3,21.022,0.0,0.0,0.5,0.0430,0.2952,0.0514,0.2592,10.59,9.89
3,4,21.046,0.0,0.3,0.0,0.0000,0.2927,0.0510,0.2601,10.37,8.13
3,4,21.063,0.0,0.3,0.0,0.0465,0.2034,0.0503,0.2611,10.32,8.41
3,4,21.081,0.0,0.3,0.0,0.0379,-0.0007,0.0507,0.2607,6.91,8.43
3,4,21.101,0.0,0.3,0.0,0.0266,-0.0428,0.0520,0.2606,5.61,8.82
3,4,21.123,0.0,0.3,0.0,0.0073,-0.0315,0.0522,0.2603,4.34,9.14
3,4,21.142,0.0,0.3,0.0,0.0018,-0.0262,0.0525,0.2598,6.22,9.12
3,4,21.163,0.0,0.3,0.0,0.0012,-0.0294,0.0533,0.2589,5.61,9.34
3,4,21.181,0.0,0.3,0.0,0.0029,-0.0404,0.0547,0.2575,6.71,9.43
3,4,21.201,0.0,0.3,0.0,0.0033,-0.0444,0.0570,0.2565,5.96,9.48
3,4,21.223,0.0,0.3,0.0,0.0008,-0.0363,0.0578,0.2562,4.95,9.24
3,4,21.243,0.0,0.3,0.0,-0.0005,-0.0209,0.0589,0.2558,2.09,8.77
3,4,21.262,0.0,0.3,0.0,-0.0034,-0.0131,0.0593,0.2558,0.98,8.12
3,4,21.282,0.0,0.3,0.0,-0.0049,-0.0085,0.0593,0.2559,1.10,7.49
3,4,21.301,0.0,0.3,0.0,-0.0094,-0.0056,0.0589,0.2560,1.69,6.86
3,4,21.323,0.0,0.3,0.0,-0.0113,-0.0025,0.0582,0.2563,2.36,6.73
3,4,21.343,0.0,0.3,0.0,-0.0107,-0.0035,0.0573,0.2564,2.51,7.19
3,4,21.363,0.0,0.3,0.0,-0.0168,-0.0038,0.0558,0.2566,2.14,7.59
3,4,21.382,0.0,0.3,0.0,-0.0185,-0.0017,0.0542,0.2566,1.53,7.95
3,4,21.401,0.0,0.3,0.0,-0.0131,-0.0005,0.0529,0.2566,1.07,8.28
3,4,21.423,0.0,0.3,0.0,-0.0160,-0.0009,0.0511,0.2564,0.75,8.55
3,4,21.442,0.0,0.3,0.0,-0.0125,-0.0015,0.0499,0.2563,0.83,8.80
3,4,21.463,0.0,0.3,0.0,-0.0168,-0.0011,0.0486,0.2561,1.11,8.95
3,4,21.481,0.0,0.3,0.0,-0.0157,0.0025,0.0468,0.2558,1.19,8.97
3,4,21.502,0.0,0.3,0.0,-0.0099,0.0031,0.0461,0.2557,1.14,8.81
3,4,21.522,0.0,0.3,0.0,-0.0105,0.0035,0.0455,0.2557,0.95,8.55
3,4,21.543,0.0,0.3,0.0,-0.0080,0.0039,0.0446,0.2557,0.67,8.14
3,4,21.563,0.0,0.3,0.0,-0.0032,0.0033,0.0443,0.2558,0.73,7.59
3,4,21.581,0.0,0.3,0.0,-0.0060,0.0033,0.0439,0.2560,1.96,6.76
3,4,21.601,0.0,0.3,0.0,-0.0039,0.0030,0.0441,0.2563,2.76,6.50
3,4,21.623,0.0,0.3,0.0,-0.0028,0.0022,0.0444,0.2566,3.12,7.17
3,4,21.643,0.0,0.3,0.0,-0.0043,0.0010,0.0449,0.2569,3.13,7.86
3,4,21.662,0.0,0.3,0.0,-0.0040,-0.0017,0.0457,0.2572,2.28,8.44
3,4,21.683,0.0,0.3,0.0,-0.0019,-0.0030,0.0462,0.2573,1.68,8.95
3,4,21.702,0.0,0.3,0.0,-0.0001,-0.0052,0.0468,0.2573,1.13,9.32
3,4,21.723,0.0,0.3,0.0,0.0021,-0.0079,0.0474,0.2573,1.29,9.54
3,4,21.743,0.0,0.3,0.0,0.0029,-0.0128,0.0484,0.2571,1.80,9.64
3,4,21.762,0.0,0.3,0.0,0.0039,-0.0164,0.0494,0.2568,2.07,9.60
3,4,21.781,0.0,0.3,0.0,0.0066,-0.0196,0.0506,0.2565,2.27,9.37
3,4,21.801,0.0,0.3,0.0,0.0068,-0.0181,0.0518,0.2562,2.03,8.94
3,4,21.823,0.0,0.3,0.0,0.0060,-0.0136,0.0527,0.2560,1.39,8.43
3,4,21.845,0.0,0.3,0.0,0.0037,-0.0108,0.0532,0.2559,0.92,8.05
3,4,21.867,0.0,0.3,0.0,0.0026,-0.0082,0.0536,0.2559,0.62,7.64
3,4,21.885,0.0,0.3,0.0,0.0003,-0.0068,0.0537,0.2559,0.70,7.18
3,4,21.903,0.0,0.3,0.0,-0.0022,-0.0045,0.0537,0.2560,1.08,6.63
3,4,21.922,0.0,0.3,0.0,-0.0050,-0.0028,0.0534,0.2562,1.91,6.92
3,4,21.943,0.0,0.3,0.0,-0.0058,-0.0009,0.0530,0.2563,2.07,7.32
3,4,21.962,0.0,0.3,0.0,-0.0092,-0.0015,0.0524,0.2565,1.89,7.67
3,4,21.982,0.0,0.3,0.0,-0.0103,-0.0024,0.0515,0.2565,1.25,7.97
3,4,22.002,0.0,0.3,0.0,-0.0076,-0.0008,0.0505,0.2565,0.71,8.30
3,4,22.025,0.0,0.3,0.0,-0.0094,-0.0002,0.0494,0.2564,0.45,8.65
3,4,22.046,0.0,0.3,0.0,-0.0108,0.0002,0.0482,0.2562,0.54,8.89
3,4,22.064,0.0,0.3,0.0,-0.0076,0.0007,0.0476,0.2562,0.72,8.92
3,4,22.083,0.0,0.3,0.0,-0.0089,0.0020,0.0463,0.2560,0.97,9.07
3,4,22.106,0.0,0.3,0.0,-0.0058,0.0023,0.0455,0.2558,0.80,8.90
3,4,22.127,0.0,0.3,0.0,-0.0054,0.0020,0.0451,0.2558,0.70,8.62
3,4,22.147,0.0,0.3,0.0,-0.0026,0.0029,0.0447,0.2558,0.53,8.23
3,4,22.174,0.0,0.3,0.0,-0.0008,0.0030,0.0446,0.2558,0.63,7.69
3,4,22.182,0.0,0.3,0.0,-0.0025,0.0026,0.0444,0.2559,1.16,6.92
3,4,22.207,0.0,0.3,0.0,-0.0011,0.0028,0.0443,0.2561,2.21,6.64
3,4,22.227,0.0,0.3,0.0,-0.0003,0.0029,0.0443,0.2561,2.48,6.56
3,4,22.250,0.0,0.3,0.0,-0.0005,0.0026,0.0448,0.2565,3.06,7.13
3,4,22.280,0.0,0.3,0.0,-0.0001,0.0015,0.0454,0.2567,3.03,8.04
3,4,22.287,0.0,0.3,0.0,-0.0001,0.0015,0.0456,0.2567,3.03,8.04
3,4,22.355,0.0,0.3,0.0,0.0001,-0.0002,0.0459,0.2569,2.79,8.61
3,4,22.362,0.0,0.3,0.0,0.0001,-0.0002,0.0459,0.2569,2.79,8.61
3,4,22.364,0.0,0.3,0.0,0.0005,-0.0044,0.0466,0.2570,2.08,9.39
3,4,22.365,0.0,0.3,0.0,0.0005,-0.0044,0.0466,0.2570,2.08,9.39
3,4,22.383,0.0,0.3,0.0,0.0289,-0.0136,0.0505,0.2563,2.02,9.85
3,4,22.402,0.0,0.3,0.0,0.0100,-0.0187,0.0517,0.2560,2.41,9.16
3,4,22.425,0.0,0.3,0.0,0.0081,-0.0150,0.0530,0.2557,1.44,8.50
3,4,22.443,0.0,0.3,0.0,0.0053,-0.0116,0.0535,0.2556,0.96,8.07
3,4,22.463,0.0,0.3,0.0,0.0036,-0.0093,0.0538,0.2556,0.87,7.68
3,4,22.481,0.0,0.3,0.0,0.0012,-0.0062,0.0540,0.2557,1.00,7.18
3,4,22.501,0.0,0.3,0.0,-0.0022,-0.0041,0.0538,0.2558,1.48,6.64
3,4,22.523,0.0,0.3,0.0,-0.0039,-0.0027,0.0535,0.2560,1.84,6.93
3,4,22.543,0.0,0.3,0.0,-0.0072,-0.0002,0.0529,0.2562,2.07,7.32
3,4,22.562,0.0,0.3,0.0,-0.0087,-0.0011,0.0521,0.2564,1.78,7.65
3,4,22.582,0.0,0.3,0.0,-0.0046,-0.0019,0.0517,0.2564,1.39,7.98
3,4,22.602,0.0,0.3,0.0,-0.0120,-0.0006,0.0504,0.2564,0.76,8.38
3,4,22.623,0.0,0.3,0.0,-0.0065,-0.0002,0.0496,0.2563,0.53,8.72
3,4,22.642,0.0,0.3,0.0,-0.0095,0.0003,0.0484,0.2561,0.57,8.97
3,4,22.663,0.0,0.3,0.0,-0.0092,0.0019,0.0470,0.2560,0.86,9.11
3,4,22.681,0.0,0.3,0.0,-0.0067,0.0024,0.0462,0.2558,0.98,9.12
3,4,22.702,0.0,0.3,0.0,-0.0058,0.0026,0.0454,0.2557,0.82,8.97
3,4,22.723,0.0,0.3,0.0,-0.0027,0.0025,0.0450,0.2556,0.61,8.66
3,4,22.743,0.0,0.3,0.0,-0.0011,0.0027,0.0448,0.2556,0.52,8.27
3,4,22.762,0.0,0.3,0.0,-0.0012,0.0024,0.0444,0.2557,0.93,7.72
3,4,22.781,0.0,0.3,0.0,-0.0012,0.0021,0.0442,0.2559,1.59,6.94
3,4,22.802,0.0,0.3,0.0,-0.0009,0.0022,0.0443,0.2562,2.33,6.56
3,4,22.823,0.0,0.3,0.0,-0.0004,0.0021,0.0446,0.2564,2.88,7.21
3,4,22.843,0.0,0.3,0.0,-0.0002,0.0013,0.0453,0.2567,2.67,8.02
3,4,22.863,0.0,0.3,0.0,0.0001,0.0003,0.0458,0.2569,2.26,8.70
3,4,22.881,0.0,0.3,0.0,0.0017,-0.0031,0.0465,0.2570,1.60,9.15
3,4,22.901,0.0,0.3,0.0,0.0035,-0.0057,0.0473,0.2570,1.34,9.47
3,4,22.921,0.0,0.3,0.0,0.0036,-0.0071,0.0479,0.2570,1.34,9.70
3,4,22.943,0.0,0.3,0.0,0.0063,-0.0101,0.0489,0.2568,1.66,9.80
3,4,22.962,0.0,0.3,0.0,0.0081,-0.0134,0.0497,0.2565,1.90,9.76
3,4,22.982,0.0,0.3,0.0,0.0048,-0.0160,0.0506,0.2563,2.13,9.52
3,4,23.001,0.0,0.3,0.0,0.0127,-0.0158,0.0519,0.2559,1.92,9.10
3,4,23.022,0.0,0.3,0.0,0.0068,-0.0140,0.0526,0.2558,1.48,8.46
3,4,23.042,0.0,0.3,0.0,0.0074,-0.0102,0.0533,0.2557,0.89,8.10
3,4,23.062,0.0,0.3,0.0,0.0047,-0.0078,0.0536,0.2557,0.76,7.69
3,4,23.081,0.0,0.3,0.0,0.0010,-0.0045,0.0538,0.2558,0.87,7.19
3,4,23.101,0.0,0.3,0.0,-0.0019,-0.0034,0.0537,0.2559,1.41,6.68
3,4,23.122,0.0,0.3,0.0,-0.0046,-0.0017,0.0533,0.2561,1.85,6.87
3,4,23.143,0.0,0.3,0.0,-0.0051,0.0003,0.0527,0.2563,1.96,7.28
3,4,23.165,0.0,0.3,0.0,-0.0080,-0.0006,0.0521,0.2564,1.81,7.62
3,4,23.181,0.0,0.3,0.0,-0.0088,-0.0015,0.0512,0.2565,1.15,7.95
3,4,23.202,0.0,0.3,0.0,-0.0061,-0.0006,0.0505,0.2565,0.77,8.40
3,4,23.223,0.0,0.3,0.0,-0.0080,-0.0001,0.0497,0.2564,0.55,8.73
3,4,23.244,0.0,0.3,0.0,-0.0064,0.0004,0.0485,0.2562,0.56,9.00
3,4,23.263,0.0,0.3,0.0,-0.0085,0.0014,0.0475,0.2561,0.84,9.16
3,4,23.281,0.0,0.3,0.0,-0.0075,0.0030,0.0460,0.2558,1.01,9.18
3,4,23.302,0.0,0.3,0.0,-0.0043,0.0031,0.0454,0.2557,0.93,8.99
3,4,23.326,0.0,0.3,0.0,-0.0026,0.0031,0.0450,0.2557,0.76,8.70
3,4,23.345,0.0,0.3,0.0,-0.0005,0.0030,0.0449,0.2556,0.69,8.70
3,4,23.365,0.0,0.3,0.0,-0.0006,0.0030,0.0445,0.2557,0.66,7.74
3,4,23.384,0.0,0.3,0.0,-0.0006,0.0028,0.0442,0.2558,1.38,6.97
3,4,23.402,0.0,0.3,0.0,-0.0001,0.0028,0.0442,0.2559,1.58,6.96
3,4,23.422,0.0,0.3,0.0,0.0002,0.0027,0.0445,0.2562,3.01,7.32
3,4,23.442,0.0,0.3,0.0,0.0012,0.0022,0.0451,0.2565,3.14,8.13
3,4,23.465,0.0,0.3,0.0,0.0011,0.0002,0.0460,0.2568,2.27,8.71
3,4,23.481,0.0,0.3,0.0,0.0031,-0.0017,0.0466,0.2569,1.78,9.17
3,4,23.502,0.0,0.3,0.0,0.0042,-0.0053,0.0475,0.2569,1.40,9.48
3,4,23.523,0.0,0.3,0.0,0.0054,-0.0075,0.0484,0.2568,1.43,9.70
3,4,23.543,0.0,0.3,0.0,0.0050,-0.0083,0.0489,0.2567,1.50,9.80
3,4,23.563,0.0,0.3,0.0,0.0084,-0.0126,0.0499,0.2565,1.85,9.77
3,4,23.583,0.0,0.3,0.0,0.0098,-0.0157,0.0512,0.2561,2.12,9.55
3,4,23.603,0.0,0.3,0.0,0.0080,-0.0154,0.0520,0.2559,1.94,9.10
3,4,23.623,0.0,0.3,0.0,0.0093,-0.0138,0.0527,0.2557,1.57,8.49
3,4,23.643,0.0,0.3,0.0,0.0057,-0.0104,0.0534,0.2556,0.94,8.13
3,4,23.663,0.0,0.3,0.0,0.0051,-0.0071,0.0539,0.2556,0.78,7.70
3,4,23.682,0.0,0.3,0.0,0.0013,-0.0050,0.0540,0.2557,0.86,7.21
3,4,23.705,0.0,0.3,0.0,-0.0015,-0.0031,0.0539,0.2558,1.44,6.70
3,4,23.731,0.0,0.3,0.0,-0.0032,-0.0017,0.0536,0.2560,1.65,6.95
3,4,23.748,0.0,0.3,0.0,-0.0029,-0.0002,0.0532,0.2561,1.91,6.85
3,4,23.772,0.0,0.3,0.0,-0.0045,0.0002,0.0530,0.2562,1.95,7.34
3,4,23.786,0.0,0.3,0.0,-0.0064,0.0006,0.0525,0.2563,1.92,7.66
3,4,23.807,0.0,0.3,0.0,-0.0060,-0.0011,0.0515,0.2564,1.40,7.99
3,4,23.827,0.0,0.3,0.0,-0.0048,-0.0010,0.0511,0.2564,1.27,7.99
3,4,23.851,0.0,0.3,0.0,-0.0069,0.0001,0.0499,0.2563,0.80,9.07
3,4,23.866,0.0,0.3,0.0,-0.0095,0.0006,0.0486,0.2561,0.91,9.12
3,4,23.882,0.0,0.3,0.0,-0.0063,0.0014,0.0473,0.2559,1.05,9.12
3,4,23.905,0.0,0.3,0.0,-0.0065,0.0027,0.0465,0.2558,0.80,9.00
3,4,23.923,0.0,0.3,0.0,-0.0029,0.0029,0.0460,0.2558,0.67,8.74
3,4,23.947,0.0,0.3,0.0,-0.0014,0.0025,0.0456,0.2557,0.50,8.35
3,4,23.965,0.0,0.3,0.0,-0.0004,0.0025,0.0456,0.2557,0.50,8.35
3,4,23.983,0.0,0.3,0.0,-0.0007,0.0033,0.0452,0.2558,0.88,7.78
3,4,24.002,0.0,0.3,0.0,-0.0007,0.0030,0.0450,0.2560,2.18,6.66
3,4,24.022,0.0,0.3,0.0,0.0002,0.0027,0.0452,0.2562,2.75,7.31
3,4,24.043,0.0,0.3,0.0,0.0006,0.0021,0.0457,0.2566,2.85,8.08
3,4,24.063,0.0,0.3,0.0,0.0009,0.0013,0.0462,0.2567,2.45,8.70
3,4,24.082,0.0,0.3,0.0,0.0024,-0.0016,0.0469,0.2569,1.78,9.17
3,4,24.103,0.0,0.3,0.0,0.0038,-0.0045,0.0478,0.2569,1.34,9.48
3,4,24.123,0.0,0.3,0.0,0.0036,-0.0066,0.0484,0.2569,1.35,9.70
3,4,24.148,0.0,0.3,0.0,0.0061,-0.0093,0.0494,0.2567,1.60,9.81
3,4,24.165,0.0,0.3,0.0,0.0063,-0.0115,0.0502,0.2565,1.80,9.85
3,4,24.184,0.0,0.3,0.0,0.0120,-0.0133,0.0510,0.2562,2.03,9.54
3,4,24.203,0.0,0.3,0.0,0.0064,-0.0139,0.0515,0.2561,2.07,9.12
3,4,24.226,0.0,0.3,0.0,0.0093,-0.0122,0.0526,0.2558,1.35,8.54
3,4,24.243,0.0,0.3,0.0,0.0073,-0.0098,0.0532,0.2558,0.94,8.07
3,4,24.262,0.0,0.3,0.0,0.0038,-0.0079,0.0535,0.2557,0.83,7.67
3,4,24.281,0.0,0.3,0.0,0.0015,-0.0051,0.0537,0.2558,0.87,7.18
3,4,24.302,0.0,0.3,0.0,-0.0019,-0.0032,0.0536,0.2559,1.28,6.66
3,4,24.322,0.0,0.3,0.0,-0.0046,-0.0017,0.0532,0.2561,1.85,6.90
3,4,24.343,0.0,0.3,0.0,-0.0048,-0.0002,0.0528,0.2563,1.84,7.32
3,4,24.365,0.0,0.3,0.0,-0.0054,0.0002,0.0521,0.2564,1.74,7.66
3,4,24.381,0.0,0.3,0.0,-0.0083,-0.0011,0.0512,0.2565,1.16,7.98
3,4,24.401,0.0,0.3,0.0,-0.0081,-0.0002,0.0503,0.2564,0.65,8.43
3,4,24.422,0.0,0.3,0.0,-0.0059,0.0004,0.0495,0.2564,0.50,8.76
3,4,24.444,0.0,0.3,0.0,-0.0078,0.0008,0.0485,0.2562,0.59,8.99
3,4,24.463,0.0,0.3,0.0,-0.0062,0.0014,0.0475,0.2561,0.88,9.06
3,4,24.483,0.0,0.3,0.0,-0.0061,0.0029,0.0462,0.2559,1.09,9.18
3,4,24.501,0.0,0.3,0.0,-0.0062,0.0032,0.0454,0.2557,0.85,9.00
3,4,24.523,0.0,0.3,0.0,-0.0019,0.0030,0.0450,0.2557,0.65,8.70
3,4,24.544,0.0,0.3,0.0,-0.0003,0.0031,0.0448,0.2556,0.54,8.28
3,4,24.566,0.0,0.3,0.0,-0.0001,0.0034,0.0447,0.2557,0.84,7.74
3,4,24.586,0.0,0.3,0.0,-0.0004,0.0023,0.0444,0.2558,1.10,6.96
3,4,24.603,0.0,0.3,0.0,-0.0003,0.0024,0.0443,0.2559,1.51,6.95
3,4,24.624,0.0,0.3,0.0,-0.0000,0.0025,0.0443,0.2560,2.09,6.61
3,4,24.651,0.0,0.3,0.0,0.0010,0.0022,0.0452,0.2565,3.09,8.17
3,4,24.664,0.0,0.3,0.0,0.0020,0.0015,0.0456,0.2567,2.74,8.08
3,4,24.686,0.0,0.3,0.0,0.0021,-0.0016,0.0465,0.2569,2.07,9.22
3,4,24.706,0.0,0.3,0.0,0.0034,-0.0039,0.0472,0.2569,1.48,9.54
3,4,24.723,0.0,0.3,0.0,0.0057,-0.0074,0.0481,0.2568,1.51,9.75
3,4,24.743,0.0,0.3,0.0,0.0069,-0.0107,0.0491,0.2567,1.73,9.86
3,4,24.763,0.0,0.3,0.0,0.0061,-0.0127,0.0499,0.2564,1.91,9.81
3,4,24.781,0.0,0.3,0.0,0.0101,-0.0146,0.0510,0.2561,2.09,9.61
3,4,24.803,0.0,0.3,0.0,0.0094,-0.0142,0.0520,0.2559,1.82,9.14
3,4,24.822,0.0,0.3,0.0,0.0100,-0.0124,0.0527,0.2557,1.40,8.53
3,4,24.845,0.0,0.3,0.0,0.0056,-0.0092,0.0534,0.2556,0.82,8.11
3,4,24.862,0.0,0.3,0.0,0.0039,-0.0073,0.0538,0.2556,0.78,7.71
3,4,24.882,0.0,0.3,0.0,0.0026,-0.0046,0.0539,0.2557,0.96,7.22
3,4,24.903,0.0,0.3,0.0,-0.0015,-0.0027,0.0538,0.2559,1.43,6.68
3,4,24.922,0.0,0.3,0.0,-0.0045,-0.0011,0.0533,0.2561,1.92,6.87
3,4,24.944,0.0,0.3,0.0,-0.0048,0.0007,0.0527,0.2563,1.94,7.28
3,4,24.962,0.0,0.3,0.0,-0.0072,0.0003,0.0523,0.2563,1.83,7.66
3,4,24.981,0.0,0.3,0.0,-0.0071,-0.0008,0.0512,0.2564,1.10,7.98
3,4,25.001,0.0,0.3,0.0,-0.0080,-0.0001,0.0505,0.2564,0.65,8.42
3,4,25.021,0.0,0.3,0.0,-0.0059,0.0005,0.0497,0.2563,0.51,8.76
3,4,25.043,0.0,0.3,0.0,-0.0098,0.0013,0.0485,0.2561,0.63,9.02
3,4,25.062,0.0,0.3,0.0,-0.0079,0.0026,0.0468,0.2559,0.99,9.19
3,4,25.082,0.0,0.3,0.0,-0.0049,0.0031,0.0462,0.2558,1.08,9.15
3,4,25.101,0.0,0.3,0.0,-0.0044,0.0034,0.0454,0.2556,0.94,9.01
3,4,25.123,0.0,0.3,0.0,-0.0020,0.0034,0.0450,0.2556,0.76,8.70
3,4,25.143,0.0,0.3,0.0,-0.0005,0.0034,0.0446,0.2556,0.59,8.28
3,4,25.163,0.0,0.3,0.0,-0.0004,0.0026,0.0444,0.2557,0.89,7.72
3,4,25.181,0.0,0.3,0.0,-0.0004,0.0023,0.0442,0.2558,1.36,6.96
3,4,25.202,0.0,0.3,0.0,-0.0001,0.0024,0.0441,0.2559,1.83,6.65
3,4,25.223,0.0,0.3,0.0,0.0004,0.0026,0.0445,0.2562,2.90,7.40
3,4,25.243,0.0,0.3,0.0,0.0011,0.0017,0.0455,0.2566,2.80,8.11
3,4,25.263,0.0,0.3,0.0,0.0006,0.0010,0.0458,0.2567,2.50,8.79
3,4,25.281,0.0,0.3,0.0,0.0032,-0.0024,0.0467,0.2569,1.66,9.24
3,4,25.301,0.0,0.3,0.0,0.0043,-0.0051,0.0475,0.2569,1.38,9.56
3,4,25.322,0.0,0.3,0.0,0.0039,-0.0065,0.0481,0.2569,1.38,9.77
3,4,25.343,0.0,0.3,0.0,0.0068,-0.0099,0.0491,0.2567,1.67,9.87
3,4,25.362,0.0,0.3,0.0,0.0086,-0.0120,0.0499,0.2565,1.86,9.82
3,4,25.383,0.0,0.3,0.0,0.0101,-0.0145,0.0512,0.2561,2.08,9.60
3,4,25.401,0.0,0.3,0.0,0.0110,-0.0139,0.0522,0.2558,1.75,9.15
3,4,25.423,0.0,0.3,0.0,0.0069,-0.0121,0.0529,0.2557,1.36,8.52
3,4,25.443,0.0,0.3,0.0,0.0078,-0.0091,0.0536,0.2556,0.85,8.13
3,4,25.462,0.0,0.3,0.0,0.0041,-0.0062,0.0540,0.2556,0.75,7.71
3,4,25.481,0.0,0.3,0.0,0.0024,-0.0043,0.0541,0.2557,0.86,7.23
3,4,25.502,0.0,0.3,0.0,-0.0014,-0.0025,0.0540,0.2558,1.46,6.71
3,4,25.523,0.0,0.3,0.0,-0.0040,-0.0009,0.0536,0.2561,1.92,6.92
3,4,25.544,0.0,0.3,0.0,-0.0046,0.0007,0.0531,0.2562,2.05,7.34
3,4,25.562,0.0,0.3,0.0,-0.0088,-0.0001,0.0522,0.2563,1.78,7.65
3,4,25.581,0.0,0.3,0.0,-0.0066,-0.0009,0.0515,0.2564,1.23,7.98
3,4,25.601,0.0,0.3,0.0,-0.0081,-0.0001,0.0508,0.2564,0.80,8.45
3,4,25.622,0.0,0.3,0.0,-0.0080,0.0009,0.0497,0.2563,0.52,8.78
3,4,25.642,0.0,0.3,0.0,-0.0086,0.0016,0.0484,0.2561,0.64,9.01
3,4,25.664,0.0,0.3,0.0,-0.0042,0.0022,0.0474,0.2559,0.92,9.15
3,4,25.681,0.0,0.3,0.0,-0.0094,0.0036,0.0459,0.2557,1.04,9.17
3,4,25.701,0.0,0.3,0.0,-0.0036,0.0037,0.0454,0.2556,0.95,8.99
3,4,25.722,0.0,0.3,0.0,-0.0021,0.0035,0.0449,0.2555,0.70,8.69
3,4,25.742,0.0,0.3,0.0,-0.0005,0.0035,0.0446,0.2555,0.60,8.27
3,4,25.762,0.0,0.3,0.0,-0.0004,0.0027,0.0443,0.2556,0.89,7.72
3,4,25.782,0.0,0.3,0.0,-0.0004,0.0025,0.0441,0.2558,1.58,6.95
3,4,25.802,0.0,0.3,0.0,-0.0002,0.0025,0.0442,0.2560,2.16,6.62
3,4,25.823,0.0,0.3,0.0,0.0003,0.0024,0.0447,0.2563,2.86,7.31
3,4,25.843,0.0,0.3,0.0,0.0007,0.0018,0.0453,0.2565,2.92,8.14
3,4,25.862,0.0,0.3,0.0,0.0013,0.0003,0.0460,0.2568,2.27,8.78
3,4,25.881,0.0,0.3,0.0,0.0031,-0.0024,0.0467,0.2569,1.55,9.26
3,4,25.901,0.0,0.3,0.0,0.0033,-0.0052,0.0473,0.2569,1.45,9.58
3,4,25.923,0.0,0.3,0.0,0.0053,-0.0074,0.0482,0.2568,1.51,9.78
3,4,25.943,0.0,0.3,0.0,0.0051,-0.0091,0.0490,0.2567,1.63,9.88
3,4,25.962,0.0,0.3,0.0,0.0084,-0.0127,0.0500,0.2564,2.00,9.85
3,4,25.981,0.0,0.3,0.0,0.0105,-0.0139,0.0511,0.2561,2.01,9.59
3,4,26.002,0.0,0.3,0.0,0.0077,-0.0135,0.0518,0.2559,1.86,9.15
3,4,26.023,0.0,0.3,0.0,0.0096,-0.0113,0.0527,0.2557,1.27,8.58
3,4,26.043,0.0,0.3,0.0,0.0077,-0.0091,0.0533,0.2557,0.86,8.11
3,4,26.063,0.0,0.3,0.0,0.0029,-0.0068,0.0537,0.2556,0.68,7.71
3,4,26.081,0.0,0.3,0.0,0.0032,-0.0040,0.0539,0.2557,0.97,7.22
3,4,26.102,0.0,0.3,0.0,-0.0017,-0.0024,0.0537,0.2559,1.45,6.68
3,4,26.123,0.0,0.3,0.0,-0.0028,-0.0016,0.0536,0.2560,1.63,6.97
3,4,26.143,0.0,0.3,0.0,-0.0063,0.0009,0.0529,0.2563,2.05,7.33
3,4,26.162,0.0,0.3,0.0,-0.0077,0.0005,0.0522,0.2564,1.80,7.67
3,4,26.182,0.0,0.3,0.0,-0.0079,-0.0006,0.0512,0.2564,1.06,8.00
3,4,26.201,0.0,0.3,0.0,-0.0059,0.0002,0.0505,0.2564,0.66,8.43
3,4,26.223,0.0,0.3,0.0,-0.0072,0.0010,0.0497,0.2563,0.49,8.75
3,4,26.243,0.0,0.3,0.0,-0.0060,0.0014,0.0488,0.2562,0.60,8.96
3,4,26.262,0.0,0.3,0.0,-0.0072,0.0021,0.0473,0.2560,1.00,9.15
3,4,26.281,0.0,0.3,0.0,-0.0078,0.0037,0.0458,0.2557,1.06,9.17
3,4,26.302,0.0,0.3,0.0,-0.0033,0.0036,0.0453,0.2556,0.91,8.98
3,4,26.323,0.0,0.3,0.0,-0.0017,0.0034,0.0449,0.2556,0.68,8.68
3,4,26.343,0.0,0.3,0.0,-0.0002,0.0034,0.0447,0.2555,0.56,8.28
3,4,26.362,0.0,0.3,0.0,-0.0001,0.0035,0.0445,0.2556,0.97,7.73
3,4,26.381,0.0,0.3,0.0,-0.0003,0.0030,0.0443,0.2558,1.57,6.94
3,4,26.402,0.0,0.3,0.0,0.0000,0.0027,0.0444,0.2560,2.33,6.61
3,4,26.423,0.0,0.3,0.0,0.0004,0.0024,0.0448,0.2563,2.91,7.29
3,4,26.443,0.0,0.3,0.0,0.0004,0.0017,0.0455,0.2566,2.73,8.15
3,4,26.464,0.0,0.3,0.0,0.0007,0.0009,0.0459,0.2568,2.28,8.81
3,4,26.483,0.0,0.3,0.0,0.0017,-0.0023,0.0466,0.2569,1.77,9.27
3,4,26.502,0.0,0.3,0.0,0.0041,-0.0052,0.0474,0.2570,1.46,9.59
3,4,26.523,0.0,0.3,0.0,0.0053,-0.0066,0.0481,0.2569,1.43,9.79
3,4,26.543,0.0,0.3,0.0,0.0052,-0.0087,0.0488,0.2568,1.59,9.87
3,4,26.562,0.0,0.3,0.0,0.0061,-0.0124,0.0501,0.2564,1.99,9.87
3,4,26.581,0.0,0.3,0.0,0.0103,-0.0138,0.0509,0.2562,2.12,9.62
3,4,26.601,0.0,0.3,0.0,0.0104,-0.0132,0.0519,0.2560,1.81,9.17
3,4,26.623,0.0,0.3,0.0,0.0095,-0.0108,0.0528,0.2558,1.25,8.57
3,4,26.643,0.0,0.3,0.0,0.0074,-0.0081,0.0535,0.2557,0.81,8.12
3,4,26.662,0.0,0.3,0.0,0.0040,-0.0063,0.0538,0.2557,0.79,7.70
3,4,26.681,0.0,0.3,0.0,0.0018,-0.0038,0.0539,0.2558,0.94,7.20
3,4,26.702,0.0,0.3,0.0,-0.0016,-0.0022,0.0538,0.2560,1.41,6.69
3,4,26.723,0.0,0.3,0.0,-0.0029,-0.0011,0.0535,0.2561,1.87,6.93
3,4,26.743,0.0,0.3,0.0,-0.0045,0.0006,0.0531,0.2563,2.00,7.37
3,4,26.762,0.0,0.3,0.0,-0.0076,0.0003,0.0522,0.2564,1.76,7.67
3,4,26.781,0.0,0.3,0.0,-0.0081,-0.0005,0.0513,0.2564,1.12,8.00
3,4,26.801,0.0,0.3,0.0,-0.0081,0.0006,0.0503,0.2564,0.62,8.43
3,4,26.823,0.0,0.3,0.0,-0.0051,0.0011,0.0498,0.2563,0.49,8.72
3,4,26.843,0.0,0.3,0.0,-0.0070,0.0016,0.0485,0.2562,0.80,8.98
3,4,26.862,0.0,0.3,0.0,-0.0081,0.0025,0.0470,0.2559,1.06,9.16
3,4,26.881,0.0,0.3,0.0,-0.0071,0.0038,0.0459,0.2557,1.08,9.16
3,4,26.902,0.0,0.3,0.0,-0.0034,0.0039,0.0455,0.2557,1.01,9.00
3,4,26.923,0.0,0.3,0.0,-0.0018,0.0036,0.0450,0.2556,0.76,8.69
3,4,26.943,0.0,0.3,0.0,-0.0002,0.0035,0.0448,0.2555,0.56,8.27
3,4,26.962,0.0,0.3,0.0,-0.0001,0.0036,0.0445,0.2556,0.97,7.71
3,4,26.981,0.0,0.3,0.0,-0.0003,0.0030,0.0443,0.2558,1.58,6.93
3,4,27.002,0.0,0.3,0.0,-0.0000,0.0029,0.0444,0.2560,2.16,6.65
3,4,27.023,0.0,0.3,0.0,0.0004,0.0023,0.0450,0.2564,2.89,7.23
3,4,27.043,0.0,0.3,0.0,0.0007,0.0015,0.0457,0.2567,2.58,8.10
3,5,27.065,0.0,0.0,0.0,0.0035,0.0006,0.0462,0.2568,2.16,8.81
3,5,27.081,0.0,0.0,0.0,0.0019,0.0017,0.0468,0.2570,1.39,7.70
3,5,27.102,0.0,0.0,0.0,0.0012,0.0028,0.0472,0.2572,1.47,7.56
3,5,27.121,0.0,0.0,0.0,0.0011,0.0033,0.0474,0.2573,1.47,7.39
3,5,27.143,0.0,0.0,0.0,0.0017,0.0032,0.0475,0.2575,1.37,7.25
3,5,27.162,0.0,0.0,0.0,0.0020,0.0030,0.0474,0.2577,1.16,7.11
3,5,27.182,0.0,0.0,0.0,0.0011,0.0029,0.0474,0.2578,1.10,7.03
3,5,27.202,0.0,0.0,0.0,0.0027,0.0023,0.0473,0.2579,0.92,6.95
3,5,27.223,0.0,0.0,0.0,0.0012,0.0020,0.0473,0.2580,0.81,6.91
3,5,27.243,0.0,0.0,0.0,0.0013,0.0015,0.0472,0.2581,0.67,6.89
3,5,27.263,0.0,0.0,0.0,0.0006,0.0011,0.0472,0.2582,0.53,6.89
3,5,27.282,0.0,0.0,0.0,0.0001,0.0006,0.0471,0.2582,0.39,6.90
3,5,27.301,0.0,0.0,0.0,-0.0003,0.0003,0.0471,0.2583,0.31,6.93
3,5,27.323,0.0,0.0,0.0,-0.0005,0.0003,0.0471,0.2583,0.29,6.94
3,5,27.343,0.0,0.0,0.0,-0.0006,0.0003,0.0470,0.2583,0.28,6.94
3,5,27.363,0.0,0.0,0.0,-0.0006,0.0003,0.0470,0.2584,0.27,6.94
3,5,27.381,0.0,0.0,0.0,-0.0004,0.0003,0.0470,0.2584,0.26,6.92
3,5,27.402,0.0,0.0,0.0,-0.0005,0.0002,0.0470,0.2584,0.25,6.92
3,5,27.423,0.0,0.0,0.0,-0.0003,0.0002,0.0469,0.2585,0.24,6.91
3,5,27.443,0.0,0.0,0.0,-0.0004,0.0002,0.0469,0.2585,0.24,6.90
3,5,27.462,0.0,0.0,0.0,-0.0004,0.0002,0.0469,0.2585,0.23,6.89
3,5,27.482,0.0,0.0,0.0,-0.0004,0.0002,0.0469,0.2586,0.22,6.88
3,5,27.502,0.0,0.0,0.0,-0.0003,0.0002,0.0469,0.2586,0.22,6.87
3,5,27.523,0.0,0.0,0.0,-0.0003,0.0002,0.0468,0.2586,0.21,6.86
3,5,27.543,0.0,0.0,0.0,-0.0002,0.0002,0.0468,0.2586,0.21,6.86
3,5,27.562,0.0,0.0,0.0,-0.0003,0.0002,0.0468,0.2587,0.20,6.85
3,5,27.581,0.0,0.0,0.0,-0.0002,0.0002,0.0468,0.2587,0.20,6.84
3,5,27.601,0.0,0.0,0.0,-0.0003,0.0002,0.0468,0.2587,0.19,6.83
3,5,27.622,0.0,0.0,0.0,-0.0002,0.0002,0.0468,0.2587,0.19,6.83
3,5,27.644,0.0,0.0,0.0,-0.0003,0.0001,0.0467,0.2588,0.18,6.82
3,5,27.662,0.0,0.0,0.0,-0.0002,0.0001,0.0467,0.2588,0.18,6.81
3,5,27.681,0.0,0.0,0.0,-0.0002,0.0001,0.0467,0.2588,0.18,6.81
3,5,27.702,0.0,0.0,0.0,-0.0002,0.0001,0.0467,0.2588,0.17,6.80
3,5,27.723,0.0,0.0,0.0,-0.0002,0.0001,0.0467,0.2588,0.17,6.79
3,5,27.743,0.0,0.0,0.0,-0.0002,0.0001,0.0467,0.2589,0.17,6.79
3,5,27.765,0.0,0.0,0.0,-0.0001,0.0001,0.0467,0.2589,0.16,6.78
3,5,27.781,0.0,0.0,0.0,-0.0002,0.0001,0.0467,0.2589,0.16,6.77
3,5,27.802,0.0,0.0,0.0,-0.0002,0.0001,0.0466,0.2589,0.16,6.77
3,5,27.822,0.0,0.0,0.0,-0.0001,0.0001,0.0466,0.2589,0.15,6.76
3,5,27.843,0.0,0.0,0.0,-0.0002,0.0001,0.0466,0.2590,0.15,6.75
3,5,27.862,0.0,0.0,0.0,-0.0002,0.0001,0.0466,0.2590,0.15,6.75
3,5,27.882,0.0,0.0,0.0,-0.0001,0.0001,0.0466,0.2590,0.15,6.74
3,5,27.902,0.0,0.0,0.0,-0.0002,0.0001,0.0466,0.2590,0.14,6.74
3,5,27.923,0.0,0.0,0.0,-0.0001,0.0001,0.0466,0.2590,0.14,6.73
3,5,27.943,0.0,0.0,0.0,-0.0001,0.0001,0.0466,0.2590,0.14,6.73
3,5,27.962,0.0,0.0,0.0,-0.0001,0.0001,0.0466,0.2591,0.14,6.72
3,5,27.981,0.0,0.0,0.0,-0.0001,0.0001,0.0466,0.2591,0.13,6.71
3,5,28.001,0.0,0.0,0.0,-0.0001,0.0001,0.0466,0.2591,0.13,6.71
3,5,28.023,0.0,0.0,0.0,-0.0001,0.0001,0.0466,0.2591,0.13,6.70
3,5,28.043,0.0,0.0,0.0,-0.0001,0.0001,0.0466,0.2591,0.13,6.70
3,5,28.063,0.0,0.0,0.0,-0.0001,0.0001,0.0466,0.2591,0.12,6.70
3,5,28.081,0.0,0.0,0.0,-0.0001,0.0001,0.0465,0.2592,0.12,6.69
3,5,28.102,0.0,0.0,0.0,-0.0001,0.0001,0.0465,0.2592,0.12,6.68
3,5,28.122,0.0,0.0,0.0,-0.0001,0.0001,0.0465,0.2592,0.12,6.68
3,5,28.143,0.0,0.0,0.0,-0.0001,0.0001,0.0465,0.2592,0.12,6.68
3,5,28.162,0.0,0.0,0.0,-0.0000,0.0001,0.0465,0.2592,0.11,6.67
3,5,28.181,0.0,0.0,0.0,-0.0001,0.0001,0.0465,0.2592,0.11,6.67
3,5,28.202,0.0,0.0,0.0,-0.0001,0.0001,0.0465,0.2592,0.11,6.66
3,5,28.221,0.0,0.0,0.0,-0.0000,0.0001,0.0465,0.2593,0.11,6.66
3,5,28.243,0.0,0.0,0.0,-0.0000,0.0001,0.0465,0.2593,0.11,6.65
3,5,28.262,0.0,0.0,0.0,-0.0000,0.0001,0.0465,0.2593,0.10,6.65
3,5,28.282,0.0,0.0,0.0,-0.0000,0.0001,0.0465,0.2593,0.10,6.65
3,5,28.302,0.0,0.0,0.0,-0.0000,0.0001,0.0465,0.2593,0.10,6.64
3,5,28.323,0.0,0.0,0.0,-0.0000,0.0001,0.0465,0.2593,0.10,6.64
3,5,28.343,0.0,0.0,0.0,-0.0000,0.0001,0.0465,0.2593,0.10,6.63
3,5,28.362,0.0,0.0,0.0,-0.0000,0.0001,0.0465,0.2593,0.09,6.63
3,5,28.381,0.0,0.0,0.0,-0.0000,0.0001,0.0465,0.2594,0.09,6.63
3,5,28.402,0.0,0.0,0.0,-0.0000,0.0001,0.0465,0.2594,0.09,6.62
3,5,28.423,0.0,0.0,0.0,-0.0000,0.0001,0.0465,0.2594,0.09,6.62
3,5,28.443,0.0,0.0,0.0,-0.0000,0.0000,0.0465,0.2594,0.09,6.62
3,5,28.462,0.0,0.0,0.0,-0.0000,0.0000,0.0465,0.2594,0.09,6.61
3,5,28.481,0.0,0.0,0.0,-0.0000,0.0000,0.0465,0.2594,0.08,6.61
3,5,28.502,0.0,0.0,0.0,0.0000,0.0000,0.0465,0.2594,0.08,6.61
3,5,28.523,0.0,0.0,0.0,0.0000,0.0000,0.0465,0.2594,0.08,6.60
3,5,28.543,0.0,0.0,0.0,0.0000,0.0000,0.0465,0.2594,0.08,6.60
3,5,28.562,0.0,0.0,0.0,0.0000,0.0000,0.0465,0.2594,0.08,6.60
3,5,28.583,0.0,0.0,0.0,0.0000,0.0000,0.0465,0.2595,0.08,6.59
3,5,28.601,0.0,0.0,0.0,0.0000,0.0000,0.0465,0.2595,0.08,6.59
3,5,28.623,0.0,0.0,0.0,0.0000,0.0000,0.0465,0.2595,0.08,6.59
3,5,28.643,0.0,0.0,0.0,0.0000,0.0000,0.0465,0.2595,0.07,6.58
3,5,28.662,0.0,0.0,0.0,0.0000,0.0000,0.0465,0.2595,0.07,6.58
3,5,28.681,0.0,0.0,0.0,0.0000,0.0000,0.0465,0.2595,0.07,6.58
3,5,28.701,0.0,0.0,0.0,0.0000,0.0000,0.0465,0.2595,0.07,6.57
3,5,28.722,0.0,0.0,0.0,0.0000,0.0000,0.0465,0.2595,0.07,6.57
3,5,28.743,0.0,0.0,0.0,0.0000,0.0000,0.0465,0.2595,0.07,6.57
3,5,28.762,0.0,0.0,0.0,0.0000,0.0000,0.0465,0.2595,0.07,6.57
3,5,28.781,0.0,0.0,0.0,0.0000,0.0000,0.0465,0.2595,0.07,6.56
3,5,28.802,0.0,0.0,0.0,0.0000,0.0000,0.0465,0.2595,0.06,6.56
3,5,28.822,0.0,0.0,0.0,0.0000,0.0000,0.0465,0.2595,0.06,6.56
3,5,28.843,0.0,0.0,0.0,0.0000,0.0000,0.0465,0.2596,0.06,6.56
3,5,28.863,0.0,0.0,0.0,0.0000,0.0000,0.0465,0.2596,0.06,6.55
3,5,28.881,0.0,0.0,0.0,0.0001,0.0000,0.0465,0.2596,0.06,6.55
3,5,28.901,0.0,0.0,0.0,0.0000,0.0000,0.0465,0.2596,0.06,6.55
3,5,28.921,0.0,0.0,0.0,0.0000,0.0000,0.0465,0.2596,0.06,6.55
3,5,28.943,0.0,0.0,0.0,0.0000,0.0000,0.0465,0.2596,0.06,6.54
3,5,28.962,0.0,0.0,0.0,0.0001,0.0000,0.0465,0.2596,0.06,6.54
3,5,28.982,0.0,0.0,0.0,0.0000,0.0000,0.0465,0.2596,0.06,6.54
3,5,29.001,0.0,0.0,0.0,0.0001,0.0000,0.0465,0.2596,0.06,6.54
3,5,29.023,0.0,0.0,0.0,0.0000,0.0000,0.0465,0.2596,0.05,6.53
3,5,29.042,0.0,0.0,0.0,0.0001,0.0000,0.0465,0.2596,0.05,6.53
3,5,29.062,0.0,0.0,0.0,0.0001,0.0000,0.0465,0.2596,0.05,6.53
3,5,29.081,0.0,0.0,0.0,0.0001,0.0000,0.0465,0.2596,0.05,6.53
3,5,29.102,0.0,0.0,0.0,0.0000,0.0000,0.0465,0.2596,0.05,6.53
3,5,29.123,0.0,0.0,0.0,0.0001,0.0000,0.0465,0.2596,0.05,6.52
3,5,29.143,0.0,0.0,0.0,0.0001,0.0000,0.0465,0.2597,0.05,6.52
3,5,29.163,0.0,0.0,0.0,0.0001,0.0000,0.0465,0.2597,0.05,6.52
3,5,29.181,0.0,0.0,0.0,0.0001,0.0000,0.0465,0.2597,0.05,6.52
3,5,29.202,0.0,0.0,0.0,0.0001,0.0000,0.0465,0.2597,0.05,6.51
3,5,29.222,0.0,0.0,0.0,0.0000,0.0000,0.0465,0.2597,0.05,6.51
3,5,29.242,0.0,0.0,0.0,0.0001,-0.0000,0.0465,0.2597,0.05,6.51
3,5,29.262,0.0,0.0,0.0,0.0001,-0.0000,0.0465,0.2597,0.04,6.51
3,5,29.283,0.0,0.0,0.0,0.0001,-0.0000,0.0465,0.2597,0.04,6.51
3,5,29.302,0.0,0.0,0.0,0.0001,-0.0000,0.0465,0.2597,0.04,6.50
3,5,29.323,0.0,0.0,0.0,0.0001,-0.0000,0.0465,0.2597,0.04,6.50
3,5,29.343,0.0,0.0,0.0,0.0001,-0.0000,0.0465,0.2597,0.04,6.50
3,5,29.362,0.0,0.0,0.0,0.0001,-0.0000,0.0465,0.2597,0.04,6.50
3,5,29.381,0.0,0.0,0.0,0.0001,-0.0000,0.0465,0.2597,0.04,6.50
3,5,29.401,0.0,0.0,0.0,0.0001,-0.0000,0.0465,0.2597,0.04,6.50
3,5,29.423,0.0,0.0,0.0,0.0001,-0.0000,0.0465,0.2597,0.04,6.49
3,5,29.444,0.0,0.0,0.0,0.0001,-0.0000,0.0465,0.2597,0.04,6.49
3,5,29.462,0.0,0.0,0.0,0.0001,-0.0000,0.0465,0.2597,0.04,6.49
3,5,29.481,0.0,0.0,0.0,0.0001,-0.0000,0.0465,0.2597,0.04,6.49
3,5,29.503,0.0,0.0,0.0,0.0001,-0.0000,0.0465,0.2597,0.04,6.49
3,5,29.523,0.0,0.0,0.0,0.0001,-0.0000,0.0465,0.2598,0.04,6.49
3,5,29.543,0.0,0.0,0.0,0.0001,-0.0000,0.0465,0.2598,0.04,6.48
3,5,29.562,0.0,0.0,0.0,0.0001,-0.0000,0.0465,0.2598,0.04,6.48
3,5,29.581,0.0,0.0,0.0,0.0001,-0.0000,0.0465,0.2598,0.04,6.48
3,5,29.601,0.0,0.0,0.0,0.0001,-0.0000,0.0465,0.2598,0.03,6.48
3,5,29.622,0.0,0.0,0.0,0.0001,-0.0000,0.0465,0.2598,0.03,6.48
3,5,29.643,0.0,0.0,0.0,0.0001,-0.0000,0.0465,0.2598,0.03,6.48
3,5,29.662,0.0,0.0,0.0,0.0001,-0.0000,0.0465,0.2598,0.03,6.47
3,5,29.682,0.0,0.0,0.0,0.0000,-0.0000,0.0465,0.2598,0.03,6.47
3,5,29.702,0.0,0.0,0.0,0.0001,-0.0000,0.0465,0.2598,0.03,6.47
3,5,29.723,0.0,0.0,0.0,0.0001,-0.0000,0.0465,0.2598,0.03,6.47
3,5,29.743,0.0,0.0,0.0,0.0001,-0.0000,0.0465,0.2598,0.03,6.47
3,5,29.762,0.0,0.0,0.0,0.0001,-0.0000,0.0465,0.2598,0.03,6.47
3,5,29.781,0.0,0.0,0.0,0.0001,-0.0000,0.0465,0.2598,0.03,6.47
3,5,29.801,0.0,0.0,0.0,0.0001,-0.0000,0.0465,0.2598,0.03,6.46
3,5,29.823,0.0,0.0,0.0,0.0001,-0.0000,0.0465,0.2598,0.03,6.46
3,5,29.843,0.0,0.0,0.0,0.0001,-0.0000,0.0466,0.2598,0.03,6.46
3,5,29.862,0.0,0.0,0.0,0.0001,-0.0000,0.0466,0.2598,0.03,6.46
3,5,29.881,0.0,0.0,0.0,0.0001,-0.0000,0.0466,0.2598,0.03,6.46
3,5,29.903,0.0,0.0,0.0,0.0001,-0.0000,0.0466,0.2598,0.03,6.46
3,5,29.923,0.0,0.0,0.0,0.0001,-0.0000,0.0466,0.2598,0.03,6.46
3,5,29.943,0.0,0.0,0.0,0.0001,-0.0000,0.0466,0.2598,0.03,6.46
3,5,29.962,0.0,0.0,0.0,0.0001,-0.0000,0.0466,0.2598,0.03,6.45
3,5,29.982,0.0,0.0,0.0,0.0001,-0.0000,0.0466,0.2598,0.03,6.45
3,5,30.002,0.0,0.0,0.0,0.0001,-0.0000,0.0466,0.2598,0.03,6.45
3,5,30.021,0.0,0.0,0.0,0.0001,-0.0000,0.0466,0.2598,0.03,6.45
3,5,30.043,0.0,0.0,0.0,0.0001,-0.0000,0.0466,0.2598,0.03,6.45
3,5,30.062,0.0,0.0,0.0,0.0001,-0.0000,0.0466,0.2598,0.03,6.45
