t,visible,lateral,tamano,confianza,vx,wz
1.938,1,0.0045,0.2424,0.903,0.1200,0.0000
2.099,1,0.0077,0.3877,0.902,0.2123,0.0000
2.162,1,0.0014,0.4695,0.904,0.1745,0.0000
2.241,1,-0.0026,0.5186,0.905,0.1270,0.0000
2.291,1,-0.0049,0.5481,0.905,0.0967,0.0000
2.343,1,-0.0062,0.5657,0.905,0.0655,0.0000
2.442,1,-0.0072,0.5762,0.905,0.0061,0.0000
2.517,1,-0.0079,0.5825,0.905,0.0000,0.0000
2.569,1,-0.0084,0.5863,0.904,0.0000,0.0000
2.619,1,-0.0088,0.5885,0.905,0.0000,0.0000
2.712,1,-0.0088,0.5898,0.905,0.0000,0.0000
2.773,1,-0.0087,0.5904,0.906,0.0000,0.0000
2.823,1,-0.0088,0.5905,0.906,0.0000,0.0000
2.878,1,-0.0088,0.5904,0.906,0.0000,0.0000
2.955,1,-0.0087,0.5902,0.906,0.0000,0.0000
3.029,1,-0.0086,0.5901,0.905,0.0000,0.0000
3.069,1,-0.0083,0.5895,0.907,0.0000,0.0000
3.205,1,-0.0078,0.5890,0.907,0.0000,0.0000
3.288,1,-0.0078,0.5892,0.907,0.0000,0.0000
3.332,1,-0.0085,0.5891,0.908,0.0000,0.0000
3.379,1,-0.0092,0.5891,0.908,0.0000,0.0000
3.466,1,-0.0099,0.5890,0.907,0.0000,0.0000
3.526,1,-0.0099,0.5890,0.906,0.0000,0.0000
3.583,1,-0.0094,0.5891,0.906,0.0000,0.0000
3.672,1,-0.0085,0.5888,0.906,0.0000,0.0000
3.751,1,-0.0075,0.5886,0.907,0.0000,0.0000
3.805,1,-0.0069,0.5885,0.907,0.0000,0.0000
3.942,1,-0.0063,0.5883,0.906,0.0000,0.0000
3.994,1,-0.0059,0.5881,0.906,0.0000,0.0000
4.044,1,-0.0059,0.5880,0.906,0.0000,0.0000
4.143,1,-0.0058,0.5885,0.905,0.0000,0.0000
4.203,1,-0.0061,0.5883,0.906,0.0000,0.0000
4.260,1,-0.0062,0.5881,0.906,0.0000,0.0000
4.309,1,-0.0064,0.5879,0.906,0.0000,0.0000
4.414,1,-0.0063,0.5879,0.905,0.0000,0.0000
4.483,1,-0.0062,0.5879,0.905,0.0000,0.0000
4.530,1,-0.0061,0.5879,0.905,0.0000,0.0000
4.581,1,-0.0059,0.5879,0.906,0.0000,0.0000
4.634,1,-0.0058,0.5880,0.906,0.0000,0.0000
4.734,1,-0.0058,0.5880,0.907,0.0000,0.0000
4.806,1,-0.0057,0.5880,0.907,0.0000,0.0000
4.861,1,-0.0056,0.5879,0.908,0.0000,0.0000
4.911,1,-0.0057,0.5879,0.908,0.0000,0.0000
5.000,1,-0.0054,0.5879,0.908,0.0000,0.0000
5.080,1,-0.0054,0.5879,0.908,0.0000,0.0000
5.126,1,-0.0055,0.5880,0.907,0.0000,0.0000
5.176,1,-0.0056,0.5880,0.906,0.0000,0.0000
5.266,1,-0.0058,0.5881,0.906,0.0000,0.0000
5.324,1,-0.0058,0.5881,0.907,0.0000,0.0000
5.371,1,-0.0057,0.5881,0.907,0.0000,0.0000
5.467,1,-0.0058,0.5882,0.906,0.0000,0.0000
5.515,1,-0.0056,0.5882,0.906,0.0000,0.0000
5.572,1,-0.0054,0.5881,0.906,0.0000,0.0000
5.665,1,-0.0052,0.5881,0.905,0.0000,0.0000
5.719,1,-0.0050,0.5887,0.905,0.0000,0.0000
5.773,1,-0.0049,0.5893,0.904,0.0000,0.0000
5.865,1,-0.0047,0.5896,0.904,0.0000,0.0000
5.914,1,-0.0045,0.5898,0.904,0.0000,0.0000
5.969,1,-0.0045,0.5899,0.905,0.0000,0.0000
6.061,1,-0.0046,0.5900,0.905,0.0000,0.0000
6.112,1,-0.0044,0.5901,0.905,0.0000,0.0000
6.170,1,-0.0046,0.5902,0.906,0.0000,0.0000
6.263,1,-0.0047,0.5902,0.905,0.0000,0.0000
6.334,1,-0.0048,0.5903,0.905,0.0000,0.0000
6.380,1,-0.0047,0.5903,0.905,0.0000,0.0000
6.429,1,-0.0046,0.5904,0.906,0.0000,0.0000
6.530,1,-0.0045,0.5904,0.906,0.0000,0.0000
6.592,1,-0.0047,0.5903,0.906,0.0000,0.0000
6.647,1,-0.0048,0.5903,0.905,0.0000,0.0000
6.697,1,-0.0048,0.5902,0.904,0.0000,0.0000
6.796,1,-0.0047,0.5902,0.905,0.0000,0.0000
6.859,1,-0.0047,0.5902,0.905,0.0000,0.0000
6.913,1,-0.0046,0.5903,0.905,0.0000,0.0000
6.960,1,-0.0044,0.5905,0.905,0.0000,0.0000
7.076,1,-0.0044,0.5904,0.904,0.0000,0.0000
7.145,1,-0.0043,0.5904,0.904,0.0000,0.0000
7.210,1,-0.0042,0.5905,0.904,0.0000,0.0000
7.257,1,-0.0041,0.5908,0.904,0.0000,0.0000
7.303,1,-0.0035,0.5911,0.904,0.0000,0.0000
7.398,1,-0.0037,0.5913,0.901,0.0000,0.0000
7.456,1,-0.0045,0.5919,0.898,0.0000,0.0000
7.504,1,-0.0046,0.5921,0.897,0.0000,0.0000
7.603,1,-0.0048,0.5923,0.900,0.0000,0.0000
7.651,1,-0.0054,0.5922,0.898,0.0000,0.0000
7.701,1,-0.0044,0.5925,0.899,0.0000,0.0000
7.795,1,-0.0033,0.5926,0.899,0.0000,0.0000
7.851,1,-0.0004,0.5927,0.901,0.0000,0.0000
7.894,1,0.0023,0.5923,0.906,0.0000,0.0000
7.999,1,0.0063,0.5916,0.907,0.0000,0.0000
8.108,1,0.0128,0.5910,0.911,0.0000,0.0000
8.162,1,0.0201,0.5903,0.915,0.0000,0.0000
8.222,1,0.0294,0.5906,0.923,0.0000,0.0000
8.275,1,0.0374,0.5912,0.921,0.0000,0.0000
8.327,1,0.0469,0.5927,0.915,0.0000,0.0000
8.437,1,0.0616,0.5948,0.918,0.0000,0.0000
8.499,1,0.0771,0.5963,0.916,0.0000,0.0000
8.544,1,0.0992,0.5963,0.912,0.0000,0.0000
8.597,1,0.1276,0.5966,0.910,0.0000,-0.0315
8.684,1,0.1498,0.5993,0.907,0.0000,-0.0835
8.732,1,0.1770,0.6034,0.905,0.0000,-0.1125
8.814,1,0.1980,0.6071,0.915,0.0000,-0.1620
8.869,1,0.2175,0.6109,0.926,0.0000,-0.1948
8.933,1,0.2353,0.6150,0.927,0.0000,-0.2331
9.030,1,0.2511,0.6181,0.934,0.0000,-0.2914
9.079,1,0.2621,0.6204,0.936,0.0000,-0.3145
9.130,1,0.2736,0.6219,0.929,0.0000,-0.3283
9.213,1,0.2822,0.6229,0.926,0.0000,-0.3387
9.262,1,0.2899,0.6222,0.924,0.0000,-0.3479
9.366,1,0.2953,0.6211,0.925,0.0000,-0.3544
9.428,1,0.3013,0.6197,0.923,0.0000,-0.3615
9.474,1,0.3075,0.6184,0.921,0.0000,-0.3689
9.530,1,0.3148,0.6184,0.923,0.0000,-0.3778
9.599,1,0.3228,0.6183,0.908,0.0000,-0.3873
9.696,1,0.3287,0.6173,0.901,0.0000,-0.3944
9.774,1,0.3383,0.6153,0.904,0.0000,-0.4060
9.819,1,0.3499,0.6135,0.911,0.0000,-0.4199
9.865,1,0.3599,0.6127,0.910,0.0000,-0.4319
9.946,1,0.3682,0.6125,0.908,0.0000,-0.4418
10.008,1,0.3701,0.6121,0.906,0.0000,-0.4441
10.059,1,0.3699,0.6116,0.907,0.0000,-0.4439
10.165,1,0.3724,0.6116,0.908,0.0000,-0.4468
10.223,1,0.3746,0.6104,0.909,0.0000,-0.4495
10.269,1,0.3772,0.6099,0.912,0.0000,-0.4526
10.338,1,0.3781,0.6098,0.914,0.0000,-0.4538
10.409,1,0.3788,0.6096,0.912,0.0000,-0.4546
10.456,1,0.3797,0.6097,0.913,0.0000,-0.4557
10.551,1,0.3794,0.6108,0.912,0.0000,-0.4553
10.607,1,0.3797,0.6114,0.914,0.0000,-0.4556
10.663,1,0.3817,0.6106,0.915,0.0000,-0.4580
10.752,1,0.3826,0.6102,0.914,0.0000,-0.4591
10.813,1,0.3835,0.6101,0.918,0.0000,-0.4602
10.861,1,0.3840,0.6097,0.920,0.0000,-0.4608
10.976,1,0.3830,0.6092,0.923,0.0000,-0.4596
11.029,1,0.3820,0.6084,0.928,0.0000,-0.4584
11.130,1,0.3821,0.6083,0.929,0.0000,-0.4585
11.196,1,0.3830,0.6087,0.930,0.0000,-0.4596
11.241,1,0.3832,0.6090,0.929,0.0000,-0.4598
11.295,1,0.3828,0.6092,0.929,0.0000,-0.4594
11.370,1,0.3820,0.6093,0.929,0.0000,-0.4584
11.419,1,0.3820,0.6093,0.930,0.0000,-0.4583
11.560,1,0.3810,0.6094,0.930,0.0000,-0.4572
11.636,1,0.3807,0.6094,0.931,0.0000,-0.4568
11.681,1,0.3807,0.6092,0.932,0.0000,-0.4568
11.727,1,0.3805,0.6091,0.934,0.0000,-0.4566
11.811,1,0.3801,0.6090,0.934,0.0000,-0.4561
11.864,1,0.3796,0.6089,0.933,0.0000,-0.4555
11.915,1,0.3788,0.6089,0.933,0.0000,-0.4545
12.040,1,0.3774,0.6091,0.931,0.0000,-0.4529
12.102,1,0.3768,0.6089,0.932,0.0000,-0.4522
12.156,1,0.3755,0.6088,0.931,0.0000,-0.4506
12.237,1,0.3742,0.6087,0.931,0.0000,-0.4490
12.310,1,0.3734,0.6084,0.932,0.0000,-0.4481
12.359,1,0.3730,0.6083,0.932,0.0000,-0.4476
12.461,1,0.3726,0.6080,0.931,0.0000,-0.4471
12.528,1,0.3732,0.6077,0.932,0.0000,-0.4479
12.580,1,0.3742,0.6075,0.933,0.0000,-0.4490
12.624,1,0.3749,0.6073,0.933,0.0000,-0.4499
12.689,1,0.3764,0.6072,0.934,0.0000,-0.4517
12.779,1,0.3781,0.6071,0.934,0.0000,-0.4537
12.839,1,0.3792,0.6071,0.935,0.0000,-0.4550
12.886,1,0.3786,0.6068,0.933,0.0000,-0.4544
12.984,1,0.3780,0.6067,0.933,0.0000,-0.4536
13.040,1,0.3774,0.6059,0.924,0.0000,-0.4529
13.089,1,0.3769,0.6044,0.911,0.0000,-0.4523
13.191,1,0.3821,0.6025,0.900,0.0000,-0.4585
13.253,1,0.3819,0.6018,0.896,0.0000,-0.4582
13.298,1,0.3753,0.6003,0.891,0.0000,-0.4503
13.347,1,0.3620,0.5988,0.889,0.0000,-0.4344
13.450,1,0.3578,0.5978,0.882,0.0000,-0.4294
13.504,1,0.3635,0.5973,0.886,0.0000,-0.4362
13.553,1,0.3689,0.5968,0.886,0.0000,-0.4426
13.636,1,0.3759,0.5956,0.893,0.0000,-0.4511
13.690,1,0.3824,0.5940,0.903,0.0000,-0.4589
13.772,1,0.3847,0.5921,0.906,0.0000,-0.4617
13.838,1,0.3844,0.5912,0.909,0.0000,-0.4613
13.882,1,0.3808,0.5897,0.913,0.0000,-0.4570
13.980,1,0.3762,0.5889,0.916,0.0000,-0.4515
14.031,1,0.3715,0.5870,0.916,0.0000,-0.4458
14.094,1,0.3666,0.5850,0.915,0.0000,-0.4399
14.140,1,0.3604,0.5829,0.912,0.0000,-0.4325
14.188,1,0.3529,0.5800,0.909,0.0000,-0.4235
14.274,1,0.3462,0.5770,0.909,0.0000,-0.4155
14.333,1,0.3400,0.5745,0.906,0.0000,-0.4080
14.380,1,0.3348,0.5717,0.906,0.0000,-0.4017
14.481,1,0.3291,0.5698,0.907,0.0000,-0.3949
14.539,1,0.3250,0.5675,0.906,0.0000,-0.3900
14.582,1,0.3250,0.5637,0.903,0.0000,-0.3900
14.677,1,0.3303,0.5591,0.910,0.0000,-0.3963
14.739,1,0.3357,0.5576,0.918,0.0000,-0.4029
14.784,1,0.3410,0.5544,0.917,0.0000,-0.4092
14.884,1,0.3481,0.5475,0.917,0.0000,-0.4178
14.965,1,0.3572,0.5414,0.913,0.0000,-0.4287
15.021,1,0.3656,0.5363,0.901,0.0000,-0.4387
15.108,1,0.3730,0.5322,0.900,0.0000,-0.4476
15.163,1,0.3787,0.5286,0.902,0.0000,-0.4545
15.212,1,0.3827,0.5257,0.904,0.0000,-0.4593
15.313,1,0.3870,0.5235,0.902,0.0000,-0.4644
15.377,1,0.3916,0.5216,0.900,0.0000,-0.4699
15.431,1,0.3961,0.5201,0.903,0.0000,-0.4753
15.478,1,0.4009,0.5180,0.905,0.0285,-0.4811
15.586,1,0.4056,0.5153,0.906,0.0847,-0.4867
15.638,1,0.4103,0.5122,0.906,0.0878,-0.4924
15.686,1,0.4152,0.5091,0.907,0.0909,-0.4982
15.779,1,0.4198,0.5052,0.908,0.0948,-0.5038
15.828,1,0.4249,0.5015,0.906,0.0985,-0.5098
15.874,1,0.4293,0.4983,0.904,0.1017,-0.5151
15.977,1,0.4332,0.4955,0.906,0.1045,-0.5198
16.053,1,0.4355,0.4933,0.908,0.1067,-0.5226
16.114,1,0.4360,0.4914,0.907,0.1086,-0.5233
16.162,1,0.4347,0.4900,0.905,0.1100,-0.5216
16.211,1,0.4345,0.4887,0.905,0.1113,-0.5214
16.318,1,0.4348,0.4874,0.905,0.1126,-0.5217
16.372,1,0.4354,0.4863,0.905,0.1137,-0.5225
16.419,1,0.4370,0.4852,0.903,0.1148,-0.5244
16.503,1,0.4389,0.4843,0.902,0.1157,-0.5266
16.555,1,0.4397,0.4826,0.902,0.1174,-0.5276
16.607,1,0.4403,0.4813,0.900,0.1187,-0.5284
16.713,1,0.4404,0.4804,0.899,0.1196,-0.5285
16.778,1,0.4418,0.4797,0.896,0.1203,-0.5302
16.826,1,0.4432,0.4793,0.900,0.1207,-0.5318
16.876,1,0.4465,0.4789,0.905,0.1211,-0.5358
16.967,1,0.4496,0.4783,0.904,0.1217,-0.5395
17.024,1,0.4514,0.4779,0.903,0.1221,-0.5417
17.075,1,0.4526,0.4772,0.903,0.1228,-0.5431
17.166,1,0.4533,0.4764,0.903,0.1236,-0.5439
17.222,1,0.4536,0.4761,0.904,0.1239,-0.5443
17.285,1,0.4539,0.4751,0.903,0.1249,-0.5447
17.341,1,0.4544,0.4744,0.903,0.1256,-0.5453
17.445,1,0.4551,0.4738,0.903,0.1262,-0.5461
17.500,1,0.4555,0.4733,0.902,0.1267,-0.5466
17.545,1,0.4562,0.4730,0.903,0.1270,-0.5474
17.627,1,0.4566,0.4727,0.902,0.1273,-0.5479
17.688,1,0.4578,0.4717,0.903,0.1283,-0.5494
17.748,1,0.4581,0.4712,0.902,0.1288,-0.5498
17.834,1,0.4577,0.4709,0.901,0.1291,-0.5493
17.885,1,0.4571,0.4708,0.901,0.1292,-0.5485
17.941,1,0.4565,0.4706,0.899,0.1294,-0.5478
18.059,1,0.4561,0.4705,0.900,0.1295,-0.5473
18.120,1,0.4562,0.4703,0.901,0.1297,-0.5474
18.163,1,0.4564,0.4702,0.900,0.1298,-0.5477
18.302,1,0.4566,0.4701,0.900,0.1299,-0.5480
18.389,1,0.4578,0.4700,0.901,0.1300,-0.5494
18.439,1,0.4586,0.4698,0.901,0.1302,-0.5503
18.487,1,0.4595,0.4698,0.902,0.1302,-0.5514
18.539,1,0.4596,0.4698,0.901,0.1302,-0.5515
18.631,1,0.4596,0.4699,0.901,0.1301,-0.5516
18.687,1,0.4595,0.4700,0.901,0.1300,-0.5515
18.734,1,0.4591,0.4700,0.900,0.1300,-0.5509
18.845,1,0.4588,0.4701,0.901,0.1299,-0.5506
18.926,1,0.4583,0.4702,0.901,0.1298,-0.5499
18.975,1,0.4582,0.4701,0.901,0.1299,-0.5498
19.073,1,0.4584,0.4702,0.901,0.1298,-0.5501
19.130,1,0.4584,0.4701,0.901,0.1299,-0.5501
19.175,1,0.4584,0.4702,0.901,0.1298,-0.5501
19.273,1,0.4586,0.4702,0.901,0.1298,-0.5504
19.334,1,0.4585,0.4701,0.900,0.1299,-0.5502
19.379,1,0.4579,0.4701,0.900,0.1299,-0.5495
19.431,1,0.4563,0.4701,0.898,0.1299,-0.5476
19.556,1,0.4527,0.4707,0.895,0.1293,-0.5433
19.641,1,0.4458,0.4722,0.899,0.1278,-0.5350
19.690,1,0.4357,0.4750,0.893,0.1250,-0.5228
19.733,1,0.4209,0.4796,0.902,0.1204,-0.5051
19.828,1,0.4076,0.4837,0.898,0.1163,-0.4892
19.882,1,0.3948,0.4884,0.899,0.1116,-0.4737
19.942,1,0.3813,0.4936,0.904,0.1064,-0.4576
19.996,1,0.3642,0.4973,0.899,0.1027,-0.4370
20.104,1,0.3480,0.5007,0.904,0.0993,-0.4176
20.172,1,0.3333,0.5050,0.914,0.0950,-0.4000
20.222,1,0.3201,0.5079,0.916,0.0921,-0.3841
20.272,1,0.3072,0.5100,0.921,0.0900,-0.3686
20.344,1,0.2955,0.5116,0.923,0.0884,-0.3546
20.401,1,0.2870,0.5130,0.921,0.0870,-0.3444
20.451,1,0.2779,0.5138,0.917,0.0862,-0.3334
20.501,1,0.2686,0.5157,0.918,0.0843,-0.3223
20.590,1,0.2594,0.5167,0.917,0.0833,-0.3112
20.673,1,0.2514,0.5179,0.918,0.0821,-0.3017
20.724,1,0.2427,0.5186,0.919,0.0814,-0.2912
20.767,1,0.2340,0.5196,0.924,0.0804,-0.2808
20.859,1,0.2266,0.5210,0.925,0.0250,-0.2719
20.922,1,0.2175,0.5218,0.920,0.0000,-0.2610
20.974,1,0.2051,0.5226,0.928,0.0000,-0.2461
21.059,1,0.1958,0.5227,0.930,0.0000,-0.2349
21.107,1,0.1893,0.5218,0.930,0.0000,-0.2271
21.155,1,0.1847,0.5210,0.925,0.0000,-0.2217
21.282,1,0.1812,0.5204,0.922,0.0000,-0.2175
21.347,1,0.1785,0.5194,0.920,0.0388,-0.2142
21.399,1,0.1760,0.5184,0.915,0.0705,-0.2112
21.502,1,0.1741,0.5175,0.910,0.0825,-0.2090
21.560,1,0.1710,0.5170,0.903,0.0830,-0.2052
21.605,1,0.1673,0.5159,0.900,0.0841,-0.2007
21.688,1,0.1628,0.5151,0.904,0.0849,-0.1954
21.746,1,0.1583,0.5142,0.899,0.0858,-0.1900
21.795,1,0.1546,0.5135,0.900,0.0865,-0.1856
21.886,1,0.1516,0.5131,0.900,0.0869,-0.1820
21.942,1,0.1498,0.5128,0.901,0.0872,-0.1798
22.007,1,0.1488,0.5127,0.901,0.0873,-0.1786
22.061,1,0.1483,0.5126,0.900,0.0874,-0.1780
22.172,1,0.1481,0.5126,0.900,0.0874,-0.1777
22.229,1,0.1485,0.5126,0.900,0.0874,-0.1782
22.271,1,0.1489,0.5127,0.900,0.0873,-0.1787
22.347,1,0.1494,0.5126,0.899,0.0874,-0.1793
22.403,1,0.1499,0.5125,0.901,0.0875,-0.1798
22.477,1,0.1501,0.5124,0.902,0.0876,-0.1801
22.529,1,0.1504,0.5121,0.902,0.0879,-0.1805
22.631,1,0.1504,0.5119,0.902,0.0881,-0.1804
22.689,1,0.1503,0.5117,0.902,0.0883,-0.1803
22.737,1,0.1502,0.5116,0.903,0.0884,-0.1803
22.809,1,0.1503,0.5115,0.904,0.0885,-0.1804
22.881,1,0.1503,0.5114,0.905,0.0886,-0.1804
22.924,1,0.1509,0.5122,0.906,0.0878,-0.1811
23.039,1,0.1515,0.5119,0.907,0.0881,-0.1818
23.099,1,0.1524,0.5115,0.906,0.0885,-0.1829
23.148,1,0.1530,0.5110,0.905,0.0890,-0.1836
23.194,1,0.1528,0.5108,0.904,0.0892,-0.1834
23.359,1,0.1523,0.5105,0.906,0.0895,-0.1828
23.407,1,0.1516,0.5103,0.905,0.0897,-0.1819
23.458,1,0.1508,0.5097,0.907,0.0903,-0.1810
23.573,1,0.1507,0.5091,0.906,0.0909,-0.1808
23.633,1,0.1507,0.5082,0.907,0.0918,-0.1808
23.677,1,0.1505,0.5078,0.908,0.0922,-0.1807
23.725,1,0.1502,0.5074,0.910,0.0926,-0.1803
23.770,1,0.1501,0.5070,0.910,0.0930,-0.1801
23.822,1,0.1503,0.5065,0.909,0.0935,-0.1803
23.924,1,0.1506,0.5063,0.911,0.0937,-0.1807
23.974,1,0.1505,0.5060,0.911,0.0940,-0.1806
24.025,1,0.1501,0.5060,0.910,0.0940,-0.1801
24.124,1,0.1495,0.5061,0.910,0.0939,-0.1794
24.178,1,0.1484,0.5060,0.910,0.0940,-0.1780
24.227,1,0.1461,0.5066,0.910,0.0934,-0.1753
24.327,1,0.1442,0.5070,0.911,0.0930,-0.1730
24.394,1,0.1425,0.5072,0.911,0.0928,-0.1710
24.442,1,0.1412,0.5074,0.911,0.0926,-0.1695
24.490,1,0.1407,0.5069,0.910,0.0931,-0.1688
24.595,1,0.1403,0.5065,0.911,0.0935,-0.1683
24.650,1,0.1400,0.5063,0.911,0.0937,-0.1681
24.706,1,0.1401,0.5062,0.910,0.0938,-0.1681
24.757,1,0.1403,0.5062,0.910,0.0938,-0.1683
24.865,1,0.1406,0.5061,0.911,0.0939,-0.1687
24.917,1,0.1403,0.5068,0.911,0.0932,-0.1684
24.964,1,0.1400,0.5071,0.911,0.0929,-0.1680
25.065,1,0.1398,0.5073,0.911,0.0927,-0.1678
25.144,1,0.1399,0.5074,0.910,0.0926,-0.1679
25.195,1,0.1404,0.5068,0.911,0.0932,-0.1685
25.295,1,0.1392,0.5071,0.913,0.0929,-0.1670
25.350,1,0.1382,0.5072,0.912,0.0928,-0.1658
25.397,1,0.1387,0.5063,0.913,0.0937,-0.1665
25.474,1,0.1390,0.5059,0.909,0.0941,-0.1668
25.527,1,0.1391,0.5051,0.908,0.0949,-0.1670
25.607,1,0.1401,0.5040,0.906,0.0960,-0.1681
25.654,1,0.1413,0.5031,0.907,0.0969,-0.1696
25.764,1,0.1427,0.5024,0.907,0.0976,-0.1712
25.822,1,0.1438,0.5020,0.906,0.0980,-0.1726
25.873,1,0.1444,0.5013,0.908,0.0987,-0.1733
25.918,1,0.1447,0.5006,0.910,0.0994,-0.1736
26.037,1,0.1448,0.4996,0.910,0.1004,-0.1737
26.112,1,0.1450,0.4987,0.913,0.1013,-0.1740
26.164,1,0.1449,0.4983,0.912,0.1017,-0.1739
26.223,1,0.1458,0.4978,0.912,0.1022,-0.1750
26.316,1,0.1468,0.4975,0.912,0.1025,-0.1762
26.383,1,0.1475,0.4975,0.912,0.1025,-0.1770
26.429,1,0.1482,0.4977,0.911,0.1023,-0.1778
26.517,1,0.1480,0.4978,0.911,0.1022,-0.1776
26.586,1,0.1468,0.4975,0.912,0.1025,-0.1761
26.635,1,0.1431,0.4976,0.918,0.1024,-0.1717
26.687,1,0.1362,0.4986,0.923,0.1014,-0.1635
26.763,1,0.1257,0.4992,0.915,0.1008,-0.1509
26.835,1,0.1123,0.5001,0.923,0.0999,-0.1078
26.887,1,0.1034,0.5005,0.902,0.0995,-0.0766
26.981,1,0.0953,0.5014,0.913,0.0986,-0.0199
27.036,1,0.0903,0.5023,0.910,0.0977,0.0000
27.081,1,0.0882,0.5024,0.908,0.0976,0.0000
27.192,1,0.0871,0.5026,0.904,0.0974,0.0000
27.243,1,0.0877,0.5029,0.906,0.0971,0.0000
27.283,1,0.0893,0.5027,0.908,0.0973,0.0000
27.390,1,0.0908,0.5024,0.906,0.0976,0.0000
27.450,1,0.0923,0.5023,0.907,0.0977,0.0000
27.503,1,0.0928,0.5022,0.907,0.0978,0.0000
27.549,1,0.0929,0.5023,0.908,0.0977,0.0000
27.647,1,0.0929,0.5025,0.908,0.0975,0.0000
27.708,1,0.0923,0.5030,0.908,0.0970,0.0000
27.755,1,0.0913,0.5034,0.908,0.0966,0.0000
27.825,1,0.0896,0.5038,0.906,0.0962,0.0000
27.921,1,0.0869,0.5042,0.908,0.0958,0.0000
27.978,1,0.0869,0.5042,0.902,0.0958,0.0000
28.030,1,0.0884,0.5042,0.888,0.0958,0.0000
28.082,1,0.0933,0.5039,0.920,0.0961,0.0000
28.190,1,0.1017,0.5038,0.924,0.0962,0.0000
28.238,1,0.1118,0.5044,0.913,0.0956,0.0000
28.282,1,0.1177,0.5047,0.911,0.0953,0.0000
28.387,1,0.1221,0.5057,0.918,0.0943,-0.0635
28.450,1,0.1271,0.5062,0.924,0.0938,-0.1011
28.501,1,0.1312,0.5068,0.926,0.0932,-0.1315
28.546,1,0.1348,0.5072,0.926,0.0928,-0.1583
28.655,1,0.1385,0.5076,0.928,0.0924,-0.1662
28.713,1,0.1411,0.5078,0.930,0.0922,-0.1693
28.766,1,0.1420,0.5078,0.929,0.0922,-0.1704
28.809,1,0.1424,0.5076,0.930,0.0924,-0.1708
28.857,1,0.1426,0.5075,0.930,0.0925,-0.1712
28.911,1,0.1429,0.5073,0.929,0.0927,-0.1715
29.029,1,0.1430,0.5071,0.931,0.0929,-0.1715
29.102,1,0.1429,0.5069,0.931,0.0931,-0.1714
29.150,1,0.1427,0.5067,0.931,0.0933,-0.1712
29.245,1,0.1424,0.5065,0.932,0.0935,-0.1709
29.329,1,0.1424,0.5064,0.930,0.0936,-0.1709
29.381,1,0.1424,0.5062,0.930,0.0938,-0.1709
29.429,1,0.1423,0.5062,0.932,0.0938,-0.1707
29.476,1,0.1421,0.5060,0.929,0.0940,-0.1705
29.581,1,0.1422,0.5060,0.932,0.0940,-0.1706
29.647,1,0.1422,0.5060,0.930,0.0940,-0.1707
29.698,1,0.1422,0.5059,0.926,0.0941,-0.1707
29.745,1,0.1423,0.5058,0.929,0.0942,-0.1707
29.849,1,0.1423,0.5057,0.928,0.0943,-0.1708
29.898,1,0.1412,0.5058,0.929,0.0942,-0.1695
29.942,1,0.1389,0.5068,0.925,0.0932,-0.1667
30.044,1,0.1384,0.5084,0.921,0.0916,-0.1661
30.101,1,0.1392,0.5113,0.920,0.0887,-0.1670
30.148,1,0.1393,0.5153,0.918,0.0847,-0.1671
30.243,1,0.1376,0.5194,0.913,0.0806,-0.1651
30.313,1,0.1368,0.5233,0.908,0.0382,-0.1642
30.390,1,0.1354,0.5269,0.909,0.0000,-0.1625
30.454,1,0.1354,0.5298,0.919,0.0000,-0.1625
30.505,1,0.1319,0.5315,0.919,0.0000,-0.1583
30.557,1,0.1247,0.5318,0.921,0.0000,-0.1496
30.654,1,0.1197,0.5319,0.921,0.0000,-0.0913
30.711,1,0.1158,0.5303,0.923,0.0000,-0.0570
30.757,1,0.1140,0.5288,0.921,0.0000,-0.0295
30.806,1,0.1152,0.5283,0.922,0.0000,0.0000
30.912,1,0.1235,0.5297,0.915,0.0000,-0.0635
30.979,1,0.1381,0.5328,0.902,0.0000,-0.1033
31.029,1,0.1470,0.5370,0.904,0.0000,-0.1337
31.076,1,0.1490,0.5412,0.894,0.0000,-0.1620
31.174,1,0.1481,0.5478,0.895,0.0000,-0.1777
31.243,1,0.1468,0.5550,0.897,0.0000,-0.1762
31.286,1,0.1415,0.5627,0.899,0.0000,-0.1698
31.337,1,0.1342,0.5714,0.898,0.0000,-0.1610
31.455,1,0.1259,0.5802,0.897,0.0000,-0.1511
31.511,1,0.1166,0.5880,0.897,0.0000,-0.1174
31.556,1,0.1065,0.5948,0.901,0.0000,-0.0903
31.604,1,0.0953,0.6002,0.906,0.0000,-0.0613
31.710,1,0.0808,0.6060,0.902,0.0000,0.0000
31.764,1,0.0690,0.6122,0.896,0.0000,0.0000
31.813,1,0.0567,0.6188,0.900,0.0000,0.0000
31.901,1,0.0486,0.6253,0.910,0.0000,0.0000
31.963,1,0.0420,0.6309,0.911,0.0000,0.0000
32.012,1,0.0409,0.6369,0.914,0.0000,0.0000
32.115,1,0.0427,0.6456,0.915,0.0000,0.0000
32.170,1,0.0468,0.6560,0.923,0.0000,0.0000
32.211,1,0.0502,0.6649,0.927,0.0000,0.0000
32.307,1,0.0508,0.6725,0.927,0.0000,0.0000
32.369,1,0.0475,0.6805,0.925,-0.0369,0.0000
32.419,1,0.0424,0.6892,0.924,-0.0667,0.0000
32.470,1,0.0349,0.7015,0.926,-0.0978,0.0000
32.567,1,0.0240,0.7123,0.920,-0.1123,0.0000
32.637,1,0.0148,0.7233,0.921,-0.1233,0.0000
32.684,1,0.0084,0.7332,0.918,-0.1332,0.0000
32.760,1,0.0030,0.7442,0.908,-0.1442,0.0000
32.805,1,0.0006,0.7548,0.910,-0.1548,0.0000
32.901,1,0.0011,0.7635,0.916,-0.1635,0.0000
32.971,1,0.0023,0.7704,0.914,-0.1704,0.0000
33.028,1,0.0016,0.7754,0.914,-0.1754,0.0000
33.074,1,-0.0015,0.7784,0.914,-0.1784,0.0000
33.164,1,-0.0072,0.7801,0.908,-0.1801,0.0000
33.231,1,-0.0159,0.7801,0.907,-0.1801,0.0000
33.275,1,-0.0249,0.7801,0.896,-0.1801,0.0000
33.348,1,-0.0430,0.7798,0.854,-0.1798,0.0000
33.427,1,-0.0549,0.7796,0.853,-0.1796,0.0000
33.480,1,-0.0671,0.7802,0.861,-0.1802,0.0000
33.536,1,-0.0780,0.7801,0.847,-0.1801,0.0000
33.643,1,-0.0890,0.7806,0.840,-0.1806,0.0000
33.717,1,-0.1072,0.7811,0.825,-0.1811,0.0000
33.770,1,-0.1195,0.7814,0.824,-0.1814,0.0000
33.817,1,-0.1283,0.7818,0.840,-0.1818,0.0284
33.868,1,-0.1360,0.7821,0.858,-0.1821,0.0589
33.974,1,-0.1399,0.7821,0.871,-0.1821,0.1229
34.051,1,-0.1426,0.7820,0.872,-0.1820,0.1689
34.099,1,-0.1440,0.7818,0.873,-0.1818,0.1728
34.198,1,-0.1452,0.7814,0.868,-0.1814,0.1742
34.261,1,-0.1456,0.7811,0.870,-0.1811,0.1747
34.312,1,-0.1444,0.7806,0.861,-0.1806,0.1733
34.364,1,-0.1402,0.7796,0.850,-0.1796,0.1683
34.476,1,-0.1258,0.7798,0.867,-0.1798,0.1510
34.546,1,-0.1151,0.7791,0.875,-0.1791,0.1086
34.601,1,-0.1053,0.7787,0.878,-0.1787,0.0756
34.647,1,-0.0965,0.7774,0.876,-0.1774,0.0480
34.697,1,-0.0936,0.7763,0.874,-0.1763,0.0181
34.796,1,-0.0944,0.7757,0.880,-0.1757,0.0000
34.847,1,-0.0961,0.7753,0.881,-0.1753,0.0000
34.898,1,-0.0957,0.7751,0.883,-0.1751,0.0000
35.010,1,-0.0958,0.7750,0.878,-0.1750,0.0000
35.067,1,-0.0906,0.7751,0.884,-0.1751,0.0000
35.119,1,-0.0849,0.7755,0.890,-0.1755,0.0000
35.169,1,-0.0777,0.7758,0.901,-0.1758,0.0000
35.268,1,-0.0727,0.7760,0.900,-0.1760,0.0000
35.321,1,-0.0690,0.7763,0.898,-0.1763,0.0000
35.362,1,-0.0663,0.7765,0.896,-0.1765,0.0000
35.473,1,-0.0640,0.7765,0.900,-0.1765,0.0000
35.546,1,-0.0619,0.7762,0.900,-0.1762,0.0000
35.594,1,-0.0598,0.7759,0.900,-0.1759,0.0000
35.639,1,-0.0579,0.7750,0.899,-0.1750,0.0000
35.719,1,-0.0576,0.7726,0.899,-0.1726,0.0000
35.764,1,-0.0586,0.7678,0.892,-0.1678,0.0000
35.872,1,-0.0642,0.7618,0.880,-0.1618,0.0000
35.941,1,-0.0711,0.7567,0.879,-0.1567,0.0000
35.994,1,-0.0777,0.7501,0.883,-0.1501,0.0000
36.044,1,-0.0901,0.7413,0.886,-0.1413,0.0000
36.099,1,-0.1100,0.7315,0.876,-0.1315,0.0000
36.195,1,-0.1303,0.7209,0.887,-0.1209,0.0576
36.261,1,-0.1488,0.7098,0.884,-0.1098,0.0976
36.313,1,-0.1644,0.6988,0.898,-0.0988,0.1288
36.362,1,-0.1805,0.6869,0.890,-0.0869,0.1583
36.472,1,-0.1965,0.6742,0.904,-0.0210,0.2242
36.527,1,-0.2160,0.6628,0.900,0.0000,0.2573
36.573,1,-0.2381,0.6515,0.891,0.0000,0.2847
36.629,1,-0.2647,0.6408,0.884,0.0000,0.3177
36.724,1,-0.2861,0.6332,0.895,0.0000,0.3433
36.779,1,-0.3047,0.6275,0.913,0.0000,0.3657
36.827,1,-0.3174,0.6238,0.920,0.0000,0.3809
36.935,1,-0.3238,0.6220,0.917,0.0000,0.3885
36.990,1,-0.3258,0.6223,0.919,0.0000,0.3910
37.039,1,-0.3261,0.6241,0.919,0.0000,0.3914
37.101,1,-0.3254,0.6272,0.918,0.0000,0.3904
37.173,1,-0.3240,0.6324,0.913,0.0000,0.3888
37.240,1,-0.3226,0.6368,0.920,0.0000,0.3871
37.290,1,-0.3206,0.6417,0.917,0.0000,0.3848
37.336,1,-0.3162,0.6463,0.914,0.0000,0.3795
37.390,1,-0.3108,0.6518,0.910,0.0000,0.3729
37.496,1,-0.3066,0.6573,0.903,0.0000,0.3680
37.562,1,-0.3035,0.6622,0.894,0.0000,0.3642
37.612,1,-0.2991,0.6675,0.895,0.0000,0.3589
37.659,1,-0.2950,0.6727,0.892,0.0000,0.3540
37.759,1,-0.2914,0.6765,0.891,0.0000,0.3497
37.815,1,-0.2889,0.6793,0.891,0.0000,0.3466
37.872,1,-0.2880,0.6824,0.889,-0.0342,0.3456
37.924,1,-0.2881,0.6861,0.891,-0.0653,0.3457
38.039,1,-0.2890,0.6892,0.892,-0.0892,0.3468
38.107,1,-0.2903,0.6918,0.891,-0.0918,0.3483
38.154,1,-0.2911,0.6940,0.891,-0.0940,0.3493
38.201,1,-0.2910,0.6959,0.893,-0.0959,0.3492
38.278,1,-0.2907,0.6972,0.895,-0.0972,0.3488
38.329,1,-0.2897,0.6979,0.897,-0.0979,0.3477
38.452,1,-0.2890,0.6984,0.897,-0.0984,0.3468
38.497,1,-0.2895,0.6987,0.895,-0.0987,0.3474
38.557,1,-0.2906,0.6986,0.893,-0.0986,0.3487
38.673,1,-0.2912,0.6985,0.894,-0.0985,0.3494
38.725,1,-0.2920,0.6983,0.893,-0.0983,0.3504
38.832,1,-0.2929,0.6977,0.894,-0.0977,0.3515
38.901,1,-0.2937,0.6970,0.895,-0.0970,0.3525
38.952,1,-0.2947,0.6964,0.895,-0.0964,0.3536
38.999,1,-0.2957,0.6957,0.895,-0.0957,0.3549
39.072,1,-0.2970,0.6953,0.895,-0.0953,0.3565
39.124,1,-0.2985,0.6952,0.895,-0.0952,0.3581
39.219,1,-0.2992,0.6950,0.895,-0.0950,0.3590
39.278,1,-0.2994,0.6950,0.895,-0.0950,0.3593
39.327,1,-0.2993,0.6949,0.895,-0.0949,0.3592
39.417,1,-0.2995,0.6945,0.895,-0.0945,0.3594
39.469,1,-0.3002,0.6939,0.895,-0.0939,0.3603
39.549,1,-0.3014,0.6933,0.897,-0.0933,0.3616
39.598,1,-0.3025,0.6921,0.898,-0.0921,0.3630
39.677,1,-0.3050,0.6905,0.899,-0.0905,0.3660
39.738,1,-0.3083,0.6881,0.899,-0.0881,0.3700
39.791,1,-0.3127,0.6852,0.900,-0.0852,0.3752
39.883,1,-0.3166,0.6825,0.900,-0.0825,0.3799
39.944,1,-0.3200,0.6801,0.902,-0.0801,0.3840
39.991,1,-0.3227,0.6784,0.903,-0.0516,0.3872
40.114,1,-0.3242,0.6770,0.902,0.0000,0.3890
40.190,1,-0.3255,0.6760,0.902,0.0000,0.3906
40.235,1,-0.3264,0.6751,0.903,0.0000,0.3917
40.285,1,-0.3269,0.6746,0.902,0.0000,0.3923
40.385,1,-0.3273,0.6743,0.902,0.0000,0.3928
40.489,1,-0.3276,0.6741,0.901,0.0000,0.3931
40.537,1,-0.3272,0.6740,0.901,0.0000,0.3927
40.590,1,-0.3270,0.6738,0.901,0.0000,0.3924
40.692,1,-0.3270,0.6736,0.901,0.0000,0.3924
40.760,1,-0.3266,0.6736,0.901,0.0000,0.3919
40.811,1,-0.3263,0.6738,0.900,0.0000,0.3915
40.860,1,-0.3265,0.6739,0.899,0.0000,0.3917
40.956,1,-0.3266,0.6741,0.900,0.0000,0.3919
41.013,1,-0.3266,0.6741,0.900,0.0000,0.3919
41.064,1,-0.3267,0.6742,0.900,0.0000,0.3920
41.134,1,-0.3266,0.6743,0.900,0.0000,0.3919
41.182,1,-0.3264,0.6743,0.900,0.0000,0.3917
41.288,1,-0.3260,0.6745,0.900,0.0000,0.3912
41.362,1,-0.3260,0.6746,0.900,0.0000,0.3912
41.409,1,-0.3257,0.6748,0.900,0.0000,0.3908
41.451,1,-0.3252,0.6750,0.901,0.0000,0.3902
41.536,1,-0.3248,0.6757,0.902,0.0000,0.3897
41.604,1,-0.3248,0.6764,0.901,0.0000,0.3897
41.663,1,-0.3241,0.6780,0.900,0.0000,0.3889
41.713,1,-0.3229,0.6797,0.900,0.0000,0.3875
41.817,1,-0.3234,0.6815,0.898,-0.0625,0.3881
41.890,1,-0.3293,0.6831,0.900,-0.0831,0.3952
41.938,1,-0.3274,0.6848,0.898,-0.0848,0.3929
41.981,1,-0.3212,0.6867,0.900,-0.0867,0.3854
42.086,1,-0.3155,0.6886,0.898,-0.0886,0.3786
42.152,1,-0.3096,0.6909,0.895,-0.0909,0.3715
42.200,1,-0.3032,0.6939,0.894,-0.0939,0.3638
42.246,1,-0.2967,0.6967,0.893,-0.0967,0.3561
42.360,1,-0.2900,0.6996,0.890,-0.0996,0.3480
42.417,1,-0.2839,0.7024,0.889,-0.1024,0.3407
42.474,1,-0.2778,0.7047,0.886,-0.1047,0.3333
42.512,1,-0.2715,0.7066,0.886,-0.1066,0.3258
42.615,1,-0.2669,0.7079,0.881,-0.1079,0.3203
42.679,1,-0.2630,0.7083,0.879,-0.1083,0.3156
42.728,1,-0.2601,0.7086,0.879,-0.1086,0.3122
42.778,1,-0.2580,0.7086,0.881,-0.1086,0.3096
42.879,1,-0.2570,0.7083,0.880,-0.1083,0.3084
42.941,1,-0.2567,0.7081,0.880,-0.1081,0.3081
42.993,1,-0.2575,0.7079,0.881,-0.1079,0.3090
43.046,1,-0.2588,0.7068,0.885,-0.1068,0.3106
43.161,1,-0.2603,0.7071,0.888,-0.1071,0.3123
43.244,1,-0.2619,0.7072,0.889,-0.1072,0.3142
43.280,1,-0.2638,0.7070,0.890,-0.1070,0.3166
43.387,1,-0.2658,0.7069,0.892,-0.1069,0.3190
43.449,1,-0.2678,0.7069,0.892,-0.1069,0.3213
43.501,1,-0.2694,0.7071,0.893,-0.1071,0.3233
43.553,1,-0.2708,0.7073,0.893,-0.1073,0.3249
43.646,1,-0.2720,0.7074,0.894,-0.1074,0.3264
43.706,1,-0.2728,0.7076,0.894,-0.1076,0.3274
43.753,1,-0.2735,0.7077,0.892,-0.1077,0.3282
43.831,1,-0.2745,0.7076,0.887,-0.1076,0.3294
43.881,1,-0.2756,0.7072,0.893,-0.1072,0.3307
43.971,1,-0.2766,0.7069,0.891,-0.1069,0.3320
44.023,1,-0.2774,0.7067,0.884,-0.1067,0.3329
44.074,1,-0.2772,0.7067,0.887,-0.1067,0.3327
44.117,1,-0.2763,0.7068,0.886,-0.1068,0.3315
44.194,1,-0.2721,0.7078,0.896,-0.1078,0.3266
44.245,1,-0.2735,0.7080,0.898,-0.1080,0.3282
44.346,1,-0.2773,0.7089,0.908,-0.1089,0.3328
44.411,1,-0.2830,0.7082,0.911,-0.1082,0.3396
44.467,1,-0.2885,0.7074,0.910,-0.1074,0.3462
44.519,1,-0.2950,0.7079,0.913,-0.1079,0.3540
44.588,1,-0.3017,0.7082,0.919,-0.1082,0.3621
44.652,1,-0.3063,0.7092,0.912,-0.1092,0.3675
44.713,1,-0.3071,0.7107,0.918,-0.1107,0.3685
44.832,1,-0.3056,0.7117,0.916,-0.1117,0.3667
44.904,1,-0.3034,0.7107,0.919,-0.1107,0.3641
44.955,1,-0.3016,0.7106,0.918,-0.1106,0.3619
45.007,1,-0.2998,0.7106,0.919,-0.1106,0.3597
45.119,1,-0.2972,0.7120,0.918,-0.1120,0.3567
45.196,1,-0.2949,0.7129,0.917,-0.1129,0.3539
45.240,1,-0.2939,0.7119,0.918,-0.1119,0.3527
45.285,1,-0.2927,0.7109,0.917,-0.1109,0.3512
45.357,1,-0.2914,0.7098,0.919,-0.1098,0.3497
45.411,1,-0.2903,0.7101,0.919,-0.1101,0.3483
45.505,1,-0.2897,0.7098,0.921,-0.1098,0.3476
45.570,1,-0.2897,0.7094,0.924,-0.1094,0.3477
45.625,1,-0.2897,0.7092,0.921,-0.1092,0.3476
45.678,1,-0.0098,0.7595,0.928,-0.1412,0.3156
45.773,1,0.1679,0.7913,0.933,-0.1913,0.2587
45.831,1,-0.0146,0.7598,0.934,-0.1598,0.2238
45.883,1,-0.1224,0.7419,0.929,-0.1419,0.1925
45.978,1,-0.1855,0.7312,0.927,-0.1312,0.2226
46.033,1,-0.2228,0.7252,0.919,-0.1252,0.2554
46.083,1,-0.2430,0.7217,0.915,-0.1217,0.2854
46.169,1,-0.2535,0.7194,0.913,-0.1194,0.3042
46.215,1,-0.2603,0.7170,0.909,-0.1170,0.3123
46.266,1,-0.2624,0.7155,0.908,-0.1155,0.3148
46.379,1,-0.2668,0.7154,0.909,-0.1154,0.3201
46.457,1,-0.2720,0.7145,0.905,-0.1145,0.3264
46.512,1,-0.2792,0.7132,0.909,-0.1132,0.3351
46.596,1,-0.2882,0.7117,0.920,-0.1117,0.3458
46.656,1,-0.2978,0.7092,0.926,-0.1092,0.3573
46.703,1,-0.3079,0.7054,0.926,-0.1054,0.3695
46.811,1,-0.3197,0.6991,0.926,-0.0991,0.3837
46.866,1,-0.3308,0.6940,0.920,-0.0940,0.3969
46.922,1,-0.3380,0.6868,0.924,-0.0868,0.4056
46.968,1,-0.3433,0.6782,0.928,-0.0596,0.4119
47.076,1,-0.3493,0.6685,0.919,0.0000,0.4192
47.140,1,-0.3535,0.6593,0.921,0.0000,0.4242
47.190,1,-0.3557,0.6506,0.922,0.0000,0.4268
47.238,1,-0.3573,0.6421,0.917,0.0000,0.4287
47.356,1,-0.3593,0.6350,0.926,0.0000,0.4312
47.419,1,-0.3610,0.6294,0.930,0.0000,0.4332
47.465,1,-0.3620,0.6239,0.932,0.0000,0.4344
47.508,1,-0.3630,0.6204,0.932,0.0000,0.4356
47.591,1,-0.3643,0.6173,0.932,0.0000,0.4372
47.655,1,-0.3631,0.6151,0.931,0.0000,0.4357
47.708,1,-0.3645,0.6127,0.936,0.0000,0.4374
47.806,1,-0.3658,0.6110,0.932,0.0000,0.4389
47.857,1,-0.3664,0.6099,0.932,0.0000,0.4396
47.906,1,-0.3651,0.6098,0.924,0.0000,0.4382
47.993,1,-0.3655,0.6088,0.918,0.0000,0.4387
48.054,1,-0.3648,0.6106,0.921,0.0000,0.4377
48.102,1,-0.3647,0.6133,0.922,0.0000,0.4376
48.212,1,-0.3629,0.6163,0.919,0.0000,0.4355
48.264,1,-0.3579,0.6240,0.926,0.0000,0.4295
48.315,1,-0.3522,0.6297,0.914,0.0000,0.4226
48.365,1,-0.3486,0.6403,0.911,0.0000,0.4183
48.476,1,-0.3458,0.6509,0.923,0.0000,0.4150
48.529,1,-0.3443,0.6594,0.927,0.0000,0.4131
48.581,1,-0.3414,0.6693,0.912,0.0000,0.4096
48.628,1,-0.3389,0.6785,0.908,0.0000,0.4067
48.672,1,-0.3354,0.6843,0.911,-0.0261,0.4025
48.762,1,-0.3246,0.6910,0.875,-0.0806,0.3895
48.821,1,-0.3061,0.6971,0.871,-0.0971,0.3673
48.868,1,-0.2692,0.7023,0.881,-0.1023,0.3391
48.962,1,-0.2443,0.7063,0.912,-0.1063,0.2932
49.031,1,-0.2251,0.7093,0.921,-0.1093,0.2701
49.080,1,-0.2108,0.7120,0.918,-0.1120,0.2530
49.130,1,-0.1994,0.7106,0.905,-0.1106,0.2393
49.236,1,-0.1848,0.7122,0.913,-0.1122,0.2217
49.309,1,-0.1671,0.7110,0.903,-0.1110,0.2005
49.356,1,-0.1547,0.7100,0.905,-0.1100,0.1856
49.402,1,-0.1440,0.7095,0.914,-0.1095,0.1729
49.478,1,-0.1368,0.7093,0.920,-0.1093,0.1642
49.558,1,-0.1272,0.7100,0.917,-0.1100,0.1526
49.610,1,-0.1187,0.7108,0.916,-0.1108,0.1215
49.658,1,-0.1113,0.7117,0.917,-0.1117,0.0923
49.785,1,-0.1034,0.7118,0.917,-0.1118,0.0162
49.859,1,-0.0966,0.7110,0.917,-0.1110,0.0000
49.906,1,-0.0908,0.7110,0.914,-0.1110,0.0000
49.995,1,-0.0869,0.7112,0.926,-0.1112,0.0000
50.055,1,-0.0843,0.7113,0.931,-0.1113,0.0000
50.101,1,-0.0830,0.7111,0.932,-0.1111,0.0000
50.191,1,-0.0817,0.7112,0.932,-0.1112,0.0000
50.249,1,-0.0808,0.7117,0.933,-0.1117,0.0000
50.304,1,-0.0812,0.7121,0.934,-0.1121,0.0000
50.362,1,-0.0830,0.7126,0.932,-0.1126,0.0000
50.473,1,-0.0845,0.7135,0.932,-0.1135,0.0000
50.545,1,-0.0862,0.7147,0.935,-0.1147,0.0000
50.593,1,-0.0882,0.7158,0.936,-0.1158,0.0000
50.704,1,-0.0872,0.7166,0.937,-0.1166,0.0000
50.767,1,-0.0864,0.7176,0.937,-0.1176,0.0000
50.818,1,-0.0847,0.7189,0.936,-0.1189,0.0000
50.868,1,-0.0820,0.7219,0.931,-0.1219,0.0000
50.948,1,-0.0803,0.7267,0.926,-0.1267,0.0000
51.015,1,-0.0808,0.7314,0.926,-0.1314,0.0000
51.062,1,-0.0763,0.7350,0.919,-0.1350,0.0000
51.183,1,-0.0714,0.7397,0.917,-0.1397,0.0000
51.241,1,-0.0701,0.7428,0.920,-0.1428,0.0000
51.317,1,-0.0697,0.7408,0.910,-0.1408,0.0000
51.367,1,-0.0693,0.7387,0.912,-0.1387,0.0000
51.452,1,-0.0675,0.7357,0.911,-0.1357,0.0000
51.506,1,-0.0644,0.7324,0.911,-0.1324,0.0000
51.569,1,-0.0526,0.7308,0.912,-0.1308,0.0000
51.662,1,-0.0357,0.7273,0.917,-0.1273,0.0000
51.719,1,-0.0230,0.7228,0.922,-0.1228,0.0000
51.769,1,-0.0162,0.7175,0.922,-0.1175,0.0000
51.860,1,-0.0111,0.7135,0.918,-0.1135,0.0000
51.914,1,-0.0092,0.7105,0.917,-0.1105,0.0000
51.958,1,-0.0118,0.7082,0.915,-0.1082,0.0000
52.060,1,-0.0152,0.7083,0.917,-0.1083,0.0000
52.126,1,-0.0173,0.7087,0.919,-0.1087,0.0000
52.176,1,-0.0180,0.7101,0.928,-0.1101,0.0000
52.224,1,-0.0185,0.7117,0.933,-0.1117,0.0000
52.302,1,-0.0196,0.7142,0.932,-0.1142,0.0000
52.389,1,-0.0205,0.7184,0.920,-0.1184,0.0000
52.455,1,-0.0213,0.7214,0.920,-0.1214,0.0000
52.504,1,-0.0220,0.7238,0.917,-0.1238,0.0000
52.574,1,-0.0246,0.7220,0.917,-0.1220,0.0000
52.633,1,-0.0282,0.7210,0.916,-0.1210,0.0000
52.711,1,-0.0327,0.7205,0.918,-0.1205,0.0000
52.762,1,-0.0358,0.7202,0.918,-0.1202,0.0000
52.837,1,-0.0395,0.7200,0.918,-0.1200,0.0000
52.929,1,-0.0450,0.7202,0.916,-0.1202,0.0000
52.983,1,-0.0489,0.7202,0.914,-0.1202,0.0000
53.031,1,-0.0513,0.7197,0.913,-0.1197,0.0000
53.127,1,-0.0531,0.7191,0.911,-0.1191,0.0000
53.172,1,-0.0543,0.7178,0.915,-0.1178,0.0000
53.226,1,-0.0543,0.7158,0.917,-0.1158,0.0000
53.308,1,-0.0541,0.7134,0.916,-0.1134,0.0000
53.359,1,-0.0530,0.7136,0.917,-0.1136,0.0000
53.452,1,-0.0527,0.7107,0.917,-0.1107,0.0000
53.513,1,-0.0527,0.7080,0.919,-0.1080,0.0000
53.568,1,-0.0523,0.7083,0.922,-0.1083,0.0000
53.631,1,-0.0518,0.7084,0.921,-0.1084,0.0000
53.712,1,-0.0515,0.7086,0.922,-0.1086,0.0000
53.759,1,-0.0521,0.7072,0.920,-0.1072,0.0000
53.840,1,-0.0523,0.7071,0.921,-0.1071,0.0000
53.892,1,-0.0523,0.7073,0.921,-0.1073,0.0000
53.989,1,-0.0524,0.7078,0.923,-0.1078,0.0000
54.051,1,-0.0523,0.7100,0.923,-0.1100,0.0000
54.102,1,-0.0523,0.7117,0.923,-0.1117,0.0000
54.156,1,-0.0521,0.7130,0.923,-0.1130,0.0000
54.254,1,-0.0523,0.7140,0.924,-0.1140,0.0000
54.328,1,-0.0521,0.7146,0.924,-0.1146,0.0000
54.380,1,-0.0517,0.7149,0.923,-0.1149,0.0000
54.427,1,-0.0511,0.7151,0.923,-0.1151,0.0000
54.514,1,-0.0512,0.7153,0.923,-0.1153,0.0000
54.565,1,-0.0516,0.7153,0.925,-0.1153,0.0000
54.626,1,-0.0519,0.7154,0.924,-0.1154,0.0000
54.706,1,-0.0521,0.7153,0.924,-0.1153,0.0000
54.771,1,-0.0521,0.7159,0.919,-0.1159,0.0000
54.823,1,-0.0519,0.7139,0.919,-0.1139,0.0000
54.908,1,-0.0514,0.7127,0.919,-0.1127,0.0000
54.979,1,-0.0509,0.7117,0.920,-0.1117,0.0000
55.032,1,-0.0505,0.7110,0.920,-0.1110,0.0000
55.086,1,-0.0500,0.7103,0.920,-0.1103,0.0000
55.224,1,-0.0497,0.7101,0.920,-0.1101,0.0000
55.294,1,-0.0498,0.7118,0.923,-0.1118,0.0000
55.349,1,-0.0496,0.7107,0.921,-0.1107,0.0000
55.408,1,-0.0496,0.7122,0.922,-0.1122,0.0000
55.456,1,-0.0490,0.7130,0.922,-0.1130,0.0000
55.543,1,-0.0485,0.7109,0.921,-0.1109,0.0000
55.610,1,-0.0478,0.7096,0.921,-0.1096,0.0000
55.656,1,-0.0474,0.7112,0.922,-0.1112,0.0000
55.723,1,-0.0475,0.7099,0.920,-0.1099,0.0000
55.825,1,-0.0472,0.7087,0.920,-0.1087,0.0000
55.877,1,-0.0470,0.7084,0.919,-0.1084,0.0000
55.922,1,-0.0471,0.7075,0.919,-0.1075,0.0000
56.033,1,-0.0471,0.7071,0.916,-0.1071,0.0000
56.108,1,-0.0482,0.7068,0.911,-0.1068,0.0000
56.156,1,-0.0508,0.7072,0.914,-0.1072,0.0000
56.240,1,-0.0537,0.7076,0.917,-0.1076,0.0000
56.303,1,-0.0563,0.7080,0.917,-0.1080,0.0000
56.346,1,-0.0587,0.7080,0.918,-0.1080,0.0000
56.447,1,-0.0625,0.7080,0.919,-0.1080,0.0000
56.539,1,-0.0666,0.7081,0.919,-0.1081,0.0000
56.593,1,-0.0707,0.7080,0.921,-0.1080,0.0000
56.644,1,-0.0741,0.7087,0.921,-0.1087,0.0000
56.746,1,-0.0780,0.7090,0.920,-0.1090,0.0000
56.814,1,-0.0826,0.7094,0.919,-0.1094,0.0000
56.872,1,-0.0879,0.7093,0.928,-0.1093,0.0000
56.919,1,-0.0932,0.7097,0.924,-0.1097,0.0000
57.004,1,-0.0975,0.7099,0.920,-0.1099,0.0000
57.064,1,-0.1008,0.7102,0.918,-0.1102,0.0000
57.113,1,-0.1033,0.7100,0.918,-0.1100,0.0000
57.155,1,-0.1051,0.7097,0.917,-0.1097,0.0000
57.229,1,-0.1068,0.7096,0.918,-0.1096,0.0000
57.286,1,-0.1083,0.7093,0.918,-0.1093,0.0000
57.379,1,-0.1093,0.7091,0.919,-0.1091,0.0000
57.472,1,-0.1101,0.7091,0.920,-0.1091,0.0000
57.522,1,-0.1106,0.7093,0.919,-0.1093,0.0000
57.612,1,-0.1104,0.7097,0.917,-0.1097,0.0000
57.676,1,-0.1084,0.7101,0.924,-0.1101,0.0000
57.731,1,-0.1052,0.7105,0.926,-0.1105,0.0000
57.781,1,-0.1011,0.7113,0.926,-0.1113,0.0000
57.881,1,-0.0953,0.7123,0.922,-0.1123,0.0000
57.981,1,-0.0892,0.7130,0.923,-0.1130,0.0000
58.028,1,-0.0832,0.7138,0.923,-0.1138,0.0000
58.089,1,-0.0788,0.7145,0.921,-0.1145,0.0000
58.173,1,-0.0759,0.7149,0.922,-0.1149,0.0000
58.221,1,-0.0741,0.7149,0.920,-0.1149,0.0000
58.296,1,-0.0725,0.7148,0.919,-0.1148,0.0000
58.343,1,-0.0717,0.7152,0.919,-0.1152,0.0000
58.470,1,-0.0720,0.7156,0.920,-0.1156,0.0000
58.535,1,-0.0726,0.7156,0.921,-0.1156,0.0000
58.584,1,-0.0731,0.7155,0.921,-0.1155,0.0000
58.668,1,-0.0737,0.7154,0.921,-0.1154,0.0000
58.726,1,-0.0738,0.7154,0.923,-0.1154,0.0000
58.783,1,-0.0737,0.7155,0.922,-0.1155,0.0000
58.836,1,-0.0729,0.7154,0.924,-0.1154,0.0000
58.942,1,-0.0724,0.7154,0.927,-0.1154,0.0000
59.005,1,-0.0721,0.7153,0.928,-0.1153,0.0000
59.064,1,-0.0720,0.7152,0.928,-0.1152,0.0000
59.110,1,-0.0720,0.7152,0.925,-0.1152,0.0000
59.191,1,-0.0724,0.7154,0.924,-0.1154,0.0000
59.267,1,-0.0731,0.7161,0.922,-0.1161,0.0000
59.312,1,-0.0726,0.7164,0.925,-0.1164,0.0000
59.386,1,-0.0722,0.7168,0.927,-0.1168,0.0000
59.445,1,-0.0718,0.7172,0.927,-0.1172,0.0000
59.565,1,-0.0720,0.7176,0.925,-0.1176,0.0000
59.647,1,-0.0721,0.7179,0.925,-0.1179,0.0000
59.691,1,-0.0719,0.7178,0.932,-0.1178,0.0000
59.739,1,-0.0713,0.7169,0.929,-0.1169,0.0000
59.847,1,-0.0707,0.7160,0.934,-0.1160,0.0000
59.897,1,-0.0707,0.7150,0.933,-0.1150,0.0000
59.939,1,-0.0706,0.7144,0.927,-0.1144,0.0000
60.055,1,-0.0712,0.7138,0.927,-0.1138,0.0000
60.114,1,-0.0738,0.7131,0.923,-0.1131,0.0000
60.161,1,-0.0744,0.7132,0.920,-0.1132,0.0000
60.207,1,-0.0716,0.7125,0.912,-0.1125,0.0000
60.316,1,-0.0685,0.7112,0.914,-0.1112,0.0000
60.382,1,-0.0674,0.7106,0.914,-0.1106,0.0000
60.427,1,-0.0682,0.7101,0.917,-0.1101,0.0000
60.473,1,-0.0704,0.7092,0.922,-0.1092,0.0000
60.578,1,-0.0726,0.7082,0.923,-0.1082,0.0000
60.636,1,-0.0738,0.7072,0.923,-0.1072,0.0000
60.684,1,-0.0749,0.7062,0.925,-0.1062,0.0000
60.740,1,-0.0763,0.7057,0.925,-0.1057,0.0000
60.846,1,-0.0781,0.7054,0.924,-0.1054,0.0000
60.914,1,-0.0803,0.7053,0.922,-0.1053,0.0000
60.960,1,-0.0826,0.7053,0.919,-0.1053,0.0000
61.005,1,-0.0853,0.7052,0.919,-0.1052,0.0000
61.111,1,-0.0881,0.7056,0.915,-0.1056,0.0000
61.184,1,-0.0914,0.7062,0.915,-0.1062,0.0000
61.237,1,-0.0950,0.7073,0.916,-0.1073,0.0000
61.356,1,-0.0954,0.7136,0.916,-0.1136,0.0000
61.439,1,-0.0960,0.7215,0.912,-0.1215,0.0000
61.484,1,-0.0962,0.7272,0.911,-0.1272,0.0000
61.534,1,-0.0988,0.7322,0.908,-0.1322,0.0000
61.638,1,-0.0999,0.7263,0.904,-0.1263,0.0000
61.731,1,-0.1003,0.7215,0.909,-0.1215,0.0000
61.771,1,-0.1001,0.7192,0.908,-0.1192,0.0000
61.901,1,-0.0990,0.7185,0.909,-0.1185,0.0000
61.960,1,-0.0998,0.7179,0.913,-0.1179,0.0000
62.008,1,-0.1000,0.7174,0.914,-0.1174,0.0000
62.100,1,-0.0997,0.7170,0.904,-0.1170,0.0000
62.169,1,-0.0992,0.7170,0.903,-0.1170,0.0000
62.222,1,-0.0999,0.7165,0.894,-0.1165,0.0000
62.273,1,-0.1003,0.7163,0.896,-0.1163,0.0000
62.390,1,-0.1004,0.7161,0.899,-0.1161,0.0000
62.443,1,-0.0998,0.7169,0.895,-0.1169,0.0000
62.520,1,-0.0993,0.7179,0.899,-0.1179,0.0000
62.572,1,-0.0983,0.7187,0.894,-0.1187,0.0000
62.671,1,-0.0991,0.7194,0.897,-0.1194,0.0000
62.752,1,-0.0974,0.7196,0.906,-0.1196,0.0000
62.802,1,-0.0968,0.7194,0.906,-0.1194,0.0000
62.853,1,-0.0960,0.7196,0.907,-0.1196,0.0000
62.903,1,-0.0950,0.7195,0.912,-0.1195,0.0000
63.006,1,-0.0935,0.7194,0.915,-0.1194,0.0000
63.063,1,-0.0921,0.7195,0.917,-0.1195,0.0000
63.112,1,-0.0917,0.7196,0.917,-0.1196,0.0000
63.174,1,-0.0922,0.7194,0.916,-0.1194,0.0000
63.266,1,-0.0926,0.7195,0.915,-0.1195,0.0000
63.324,1,-0.0928,0.7190,0.922,-0.1190,0.0000
63.372,1,-0.0919,0.7181,0.919,-0.1181,0.0000
63.458,1,-0.0911,0.7175,0.916,-0.1175,0.0000
63.520,1,-0.0906,0.7164,0.920,-0.1164,0.0000
63.565,1,-0.0906,0.7155,0.917,-0.1155,0.0000
63.653,1,-0.0902,0.7146,0.919,-0.1146,0.0000
63.708,1,-0.0899,0.7139,0.921,-0.1139,0.0000
63.790,1,-0.0893,0.7127,0.920,-0.1127,0.0000
63.843,1,-0.0890,0.7112,0.919,-0.1112,0.0000
63.899,1,-0.0883,0.7098,0.919,-0.1098,0.0000
63.944,1,-0.0877,0.7083,0.920,-0.1083,0.0000
63.997,1,-0.0865,0.7061,0.920,-0.1061,0.0000
64.091,1,-0.0842,0.7038,0.919,-0.1038,0.0000
64.145,1,-0.0819,0.7016,0.915,-0.1016,0.0000
64.209,1,-0.0797,0.6994,0.917,-0.0994,0.0000
64.296,1,-0.0765,0.6970,0.915,-0.0970,0.0000
64.346,1,-0.0736,0.6947,0.915,-0.0947,0.0000
64.402,1,-0.0712,0.6925,0.916,-0.0925,0.0000
64.511,1,-0.0698,0.6902,0.917,-0.0902,0.0000
64.585,1,-0.0693,0.6890,0.920,-0.0890,0.0000
64.635,1,-0.0673,0.6886,0.917,-0.0886,0.0000
64.727,1,-0.0592,0.6876,0.923,-0.0876,0.0000
64.796,1,-0.0328,0.6859,0.919,-0.0859,0.0000
64.843,1,-0.0083,0.6856,0.914,-0.0856,0.0000
64.895,1,0.0047,0.6851,0.909,-0.0851,0.0000
64.997,1,0.0125,0.6834,0.895,-0.0834,0.0000
65.068,1,0.0418,0.6829,0.909,-0.0829,0.0000
65.124,1,0.0432,0.6832,0.892,-0.0832,0.0000
65.170,1,0.0234,0.6838,0.880,-0.0838,0.0000
65.261,1,-0.0102,0.6851,0.898,-0.0851,0.0000
65.317,1,-0.0398,0.6844,0.917,-0.0844,0.0000
65.363,1,-0.0437,0.6842,0.901,-0.0842,0.0000
65.462,1,-0.0430,0.6832,0.905,-0.0832,0.0000
65.527,1,-0.0488,0.6828,0.906,-0.0828,0.0000
65.583,1,-0.0588,0.6830,0.913,-0.0830,0.0000
65.632,1,-0.0660,0.6842,0.914,-0.0842,0.0000
65.712,1,-0.0743,0.6863,0.911,-0.0863,0.0000
65.776,1,-0.0813,0.6872,0.911,-0.0872,0.0000
65.828,1,-0.0867,0.6870,0.909,-0.0870,0.0000
65.929,1,-0.0889,0.6866,0.912,-0.0866,0.0000
65.993,1,-0.0898,0.6859,0.911,-0.0859,0.0000
66.040,1,-0.0910,0.6849,0.912,-0.0849,0.0000
66.096,1,-0.0911,0.6839,0.912,-0.0839,0.0000
66.189,1,-0.0909,0.6832,0.913,-0.0832,0.0000
66.257,1,-0.0912,0.6829,0.914,-0.0829,0.0000
66.318,1,-0.0919,0.6827,0.915,-0.0827,0.0000
66.364,1,-0.0928,0.6826,0.914,-0.0826,0.0000
66.437,1,-0.0939,0.6827,0.914,-0.0827,0.0000
66.506,1,-0.0926,0.6832,0.916,-0.0832,0.0000
66.566,1,-0.0916,0.6834,0.919,-0.0834,0.0000
66.651,1,-0.0913,0.6836,0.919,-0.0836,0.0000
66.695,1,-0.0910,0.6840,0.919,-0.0840,0.0000
66.774,1,-0.0909,0.6844,0.920,-0.0844,0.0000
66.826,1,-0.0908,0.6841,0.918,-0.0841,0.0000
66.877,1,-0.0886,0.6840,0.920,-0.0840,0.0000
66.927,1,-0.0850,0.6837,0.920,-0.0837,0.0000
67.021,1,-0.0818,0.6831,0.919,-0.0831,0.0000
67.086,1,-0.0732,0.6835,0.872,-0.0835,0.0000
67.127,1,-0.0617,0.6841,0.912,-0.0841,0.0000
67.244,1,-0.0628,0.6844,0.915,-0.0844,0.0000
67.297,1,-0.0612,0.6849,0.918,-0.0849,0.0000
67.347,1,-0.0602,0.6859,0.915,-0.0859,0.0000
67.394,1,-0.0660,0.6849,0.911,-0.0849,0.0000
67.481,1,-0.0825,0.6846,0.898,-0.0846,0.0000
67.552,1,-0.0962,0.6848,0.898,-0.0848,0.0000
67.598,1,-0.1055,0.6831,0.893,-0.0831,0.0000
67.685,1,-0.1100,0.6821,0.886,-0.0821,0.0000
67.750,1,-0.1047,0.6817,0.875,-0.0817,0.0000
67.798,1,-0.0973,0.6812,0.884,-0.0812,0.0000
67.868,1,-0.0963,0.6806,0.882,-0.0806,0.0000
67.938,1,-0.0964,0.6798,0.885,-0.0390,0.0000
67.986,1,-0.1015,0.6804,0.900,-0.0681,0.0000
68.090,1,-0.1002,0.6793,0.889,-0.0061,0.0000
68.149,1,-0.0828,0.6794,0.897,0.0000,0.0000
68.215,1,-0.0672,0.6791,0.921,0.0000,0.0000
68.264,1,-0.0522,0.6789,0.920,0.0000,0.0000
68.337,1,-0.0417,0.6775,0.930,0.0000,0.0000
68.388,1,-0.0348,0.6788,0.918,0.0000,0.0000
68.489,1,-0.0302,0.6801,0.916,-0.0610,0.0000
68.557,1,-0.0268,0.6798,0.921,-0.0206,0.0000
68.606,1,-0.0197,0.6767,0.930,0.0000,0.0000
68.659,1,-0.0127,0.6743,0.926,0.0000,0.0000
68.731,1,0.0001,0.6728,0.917,0.0000,0.0000
68.815,1,0.0087,0.6716,0.930,0.0000,0.0000
68.863,1,0.0156,0.6704,0.925,0.0000,0.0000
68.937,1,0.0181,0.6693,0.927,0.0000,0.0000
68.993,1,0.0186,0.6661,0.918,0.0000,0.0000
69.039,1,0.0192,0.6638,0.917,0.0000,0.0000
69.089,1,0.0213,0.6646,0.904,0.0000,0.0000
69.164,1,0.0202,0.6662,0.910,0.0000,0.0000
69.238,1,0.0188,0.6645,0.924,0.0000,0.0000
69.296,1,0.0184,0.6620,0.924,0.0000,0.0000
69.357,1,0.0190,0.6594,0.926,0.0000,0.0000
69.440,1,0.0180,0.6594,0.936,0.0000,0.0000
69.509,1,0.0155,0.6594,0.936,0.0000,0.0000
69.558,1,0.0125,0.6593,0.935,0.0000,0.0000
69.639,1,0.0086,0.6592,0.925,0.0000,0.0000
69.687,1,-0.0375,0.6576,0.875,0.0000,0.0000
69.786,1,-0.0168,0.6579,0.908,0.0000,0.0000
69.841,1,0.0392,0.6558,0.910,0.0000,0.0000
69.887,1,0.0845,0.6544,0.923,0.0000,0.0000
69.990,1,0.1111,0.6545,0.933,0.0000,0.0000
70.046,1,0.1224,0.6553,0.933,0.0000,-0.0334
70.100,1,0.1236,0.6562,0.916,0.0000,-0.0655
70.151,1,0.1282,0.6567,0.884,0.0000,-0.0966
70.198,1,0.1133,0.6570,0.856,0.0000,-0.0688
70.251,1,0.1043,0.6586,0.748,0.0000,-0.0366
70.381,1,0.0809,0.6608,0.899,0.0000,0.0000
70.456,1,0.0564,0.6625,0.921,0.0000,0.0000
70.502,1,0.0397,0.6635,0.919,0.0000,0.0000
70.549,1,0.0297,0.6646,0.908,0.0000,0.0000
70.657,1,0.0274,0.6625,0.920,0.0000,0.0000
70.714,1,0.0247,0.6595,0.927,0.0000,0.0000
70.764,1,0.0208,0.6599,0.927,0.0000,0.0000
70.813,1,0.0172,0.6583,0.927,0.0000,0.0000
70.911,1,0.0122,0.6569,0.930,0.0000,0.0000
70.962,1,0.0065,0.6575,0.920,0.0000,0.0000
71.024,1,0.0020,0.6573,0.919,0.0000,0.0000
71.095,1,-0.0010,0.6588,0.915,0.0000,0.0000
71.145,1,-0.0056,0.6615,0.909,0.0000,0.0000
71.256,1,-0.0103,0.6645,0.909,0.0000,0.0000
71.321,1,-0.0167,0.6679,0.898,0.0000,0.0000
71.375,1,-0.0347,0.6717,0.893,0.0000,0.0000
71.420,1,-0.0490,0.6735,0.902,0.0000,0.0000
71.497,1,-0.0583,0.6759,0.912,0.0000,0.0000
71.554,1,-0.0633,0.6780,0.913,0.0000,0.0000
71.645,1,-0.0649,0.6804,0.912,-0.0543,0.0000
71.692,1,-0.0645,0.6837,0.912,-0.0825,0.0000
71.781,1,-0.0633,0.6866,0.912,-0.0866,0.0000
71.833,1,-0.0625,0.6894,0.911,-0.0894,0.0000
71.881,1,-0.0611,0.6920,0.911,-0.0920,0.0000
71.991,1,-0.0589,0.6935,0.905,-0.0935,0.0000
72.069,1,-0.0568,0.6949,0.909,-0.0949,0.0000
72.123,1,-0.0587,0.6962,0.917,-0.0962,0.0000
72.188,1,-0.0621,0.6971,0.920,-0.0971,0.0000
72.268,1,-0.0648,0.6969,0.923,-0.0969,0.0000
72.316,1,-0.0665,0.6969,0.923,-0.0969,0.0000
72.398,1,-0.0677,0.6975,0.923,-0.0975,0.0000
72.447,1,-0.0679,0.6972,0.924,-0.0972,0.0000
72.547,1,-0.0685,0.6979,0.921,-0.0979,0.0000
72.609,1,-0.0689,0.6983,0.920,-0.0983,0.0000
72.659,1,-0.0696,0.6990,0.919,-0.0990,0.0000
72.719,1,-0.0695,0.6997,0.921,-0.0997,0.0000
72.800,1,-0.0697,0.7002,0.919,-0.1002,0.0000
72.875,1,-0.0697,0.7007,0.919,-0.1007,0.0000
72.921,1,-0.0695,0.7006,0.922,-0.1006,0.0000
72.986,1,-0.0700,0.7002,0.922,-0.1002,0.0000
73.060,1,-0.0707,0.7004,0.920,-0.1004,0.0000
73.110,1,-0.0711,0.7006,0.920,-0.1006,0.0000
73.211,1,-0.0701,0.7004,0.923,-0.1004,0.0000
73.282,1,-0.0679,0.7003,0.923,-0.1003,0.0000
73.328,1,-0.0648,0.7005,0.922,-0.1005,0.0000
73.374,1,-0.0627,0.7011,0.920,-0.1011,0.0000
73.476,1,-0.0620,0.7020,0.918,-0.1020,0.0000
73.539,1,-0.0630,0.7033,0.917,-0.1033,0.0000
73.595,1,-0.0653,0.7049,0.917,-0.1049,0.0000
73.638,1,-0.0697,0.7047,0.923,-0.1047,0.0000
73.753,1,-0.0777,0.7048,0.919,-0.1048,0.0000
73.831,1,-0.0852,0.7059,0.919,-0.1059,0.0000
73.884,1,-0.0912,0.7049,0.918,-0.1049,0.0000
73.938,1,-0.0962,0.7041,0.918,-0.1041,0.0000
74.037,1,-0.1006,0.7036,0.918,-0.1036,0.0000
74.097,1,-0.1038,0.7049,0.918,-0.1049,0.0000
74.149,1,-0.1069,0.7047,0.919,-0.1047,0.0000
74.215,1,-0.1079,0.7052,0.920,-0.1052,0.0000
74.320,1,-0.1075,0.7060,0.921,-0.1060,0.0000
74.385,1,-0.1068,0.7069,0.924,-0.1069,0.0000
74.488,1,-0.1013,0.7096,0.921,-0.1096,0.0000
74.540,1,-0.0930,0.7105,0.920,-0.1105,0.0000
74.585,1,-0.0847,0.7117,0.919,-0.1117,0.0000
74.657,1,-0.0767,0.7126,0.919,-0.1126,0.0000
74.704,1,-0.0692,0.7131,0.920,-0.1131,0.0000
74.810,1,-0.0629,0.7135,0.922,-0.1135,0.0000
74.881,1,-0.0567,0.7135,0.923,-0.1135,0.0000
74.931,1,-0.0544,0.7138,0.922,-0.1138,0.0000
74.977,1,-0.0555,0.7141,0.920,-0.1141,0.0000
75.078,1,-0.0584,0.7144,0.921,-0.1144,0.0000
75.137,1,-0.0634,0.7145,0.923,-0.1145,0.0000
75.184,1,-0.0666,0.7143,0.922,-0.1143,0.0000
75.241,1,-0.0687,0.7146,0.923,-0.1146,0.0000
75.293,1,-0.0701,0.7151,0.923,-0.1151,0.0000
75.341,1,-0.0708,0.7150,0.921,-0.1150,0.0000
75.417,1,-0.0717,0.7162,0.919,-0.1162,0.0000
75.483,1,-0.0722,0.7184,0.920,-0.1184,0.0000
75.549,1,-0.0725,0.7204,0.919,-0.1204,0.0000
75.603,1,-0.0732,0.7217,0.917,-0.1217,0.0000
75.704,1,-0.0730,0.7234,0.913,-0.1234,0.0000
75.769,1,-0.0729,0.7250,0.909,-0.1250,0.0000
75.826,1,-0.0729,0.7241,0.908,-0.1241,0.0000
75.870,1,-0.0722,0.7236,0.905,-0.1236,0.0000
75.978,1,-0.0701,0.7231,0.907,-0.1231,0.0000
76.037,1,-0.0689,0.7242,0.904,-0.1242,0.0000
76.084,1,-0.0687,0.7237,0.907,-0.1237,0.0000
76.140,1,-0.0692,0.7241,0.907,-0.1241,0.0000
76.227,1,-0.0699,0.7239,0.905,-0.1239,0.0000
76.290,1,-0.0704,0.7244,0.903,-0.1244,0.0000
76.344,1,-0.0716,0.7255,0.904,-0.1255,0.0000
76.404,1,-0.0720,0.7262,0.905,-0.1262,0.0000
76.462,1,-0.0726,0.7267,0.906,-0.1267,0.0000
76.562,1,-0.0727,0.7269,0.906,-0.1269,0.0000
76.625,1,-0.0725,0.7276,0.907,-0.1276,0.0000
76.671,1,-0.0727,0.7283,0.909,-0.1283,0.0000
76.773,1,-0.0732,0.7296,0.911,-0.1296,0.0000
76.825,1,-0.0735,0.7311,0.913,-0.1311,0.0000
76.874,1,-0.0739,0.7329,0.914,-0.1329,0.0000
76.960,1,-0.0749,0.7339,0.915,-0.1339,0.0000
77.026,1,-0.0756,0.7347,0.914,-0.1347,0.0000
77.074,1,-0.0754,0.7362,0.921,-0.1362,0.0000
77.148,1,-0.0764,0.7377,0.924,-0.1377,0.0000
77.214,1,-0.0800,0.7385,0.919,-0.1385,0.0000
77.292,1,-0.0843,0.7371,0.925,-0.1371,0.0000
77.346,1,-0.0837,0.7354,0.929,-0.1354,0.0000
77.402,1,-0.0787,0.7346,0.930,-0.1346,0.0000
77.501,1,-0.0758,0.7333,0.927,-0.1333,0.0000
77.568,1,-0.0751,0.7329,0.928,-0.1329,0.0000
77.617,1,-0.0743,0.7321,0.926,-0.1321,0.0000
77.669,1,-0.0717,0.7310,0.931,-0.1310,0.0000
77.760,1,-0.0688,0.7306,0.932,-0.1306,0.0000
77.819,1,-0.0646,0.7300,0.930,-0.1300,0.0000
77.865,1,-0.0604,0.7299,0.927,-0.1299,0.0000
77.966,1,-0.0576,0.7304,0.926,-0.1304,0.0000
78.055,1,-0.0556,0.7312,0.926,-0.1312,0.0000
78.105,1,-0.0538,0.7320,0.926,-0.1320,0.0000
78.199,1,-0.0505,0.7363,0.927,-0.1363,0.0000
78.257,1,-0.0483,0.7392,0.930,-0.1392,0.0000
78.310,1,-0.0464,0.7408,0.933,-0.1408,0.0000
78.361,1,-0.0469,0.7417,0.933,-0.1417,0.0000
78.467,1,-0.0496,0.7420,0.933,-0.1420,0.0000
78.538,1,-0.0524,0.7425,0.928,-0.1425,0.0000
78.586,1,-0.0532,0.7412,0.923,-0.1412,0.0000
78.634,1,-0.0547,0.7404,0.924,-0.1404,0.0000
78.725,1,-0.0562,0.7398,0.922,-0.1398,0.0000
78.789,1,-0.0574,0.7390,0.922,-0.1390,0.0000
78.841,1,-0.0589,0.7384,0.921,-0.1384,0.0000
78.893,1,-0.0606,0.7382,0.921,-0.1382,0.0000
79.001,1,-0.0618,0.7381,0.918,-0.1381,0.0000
79.108,1,-0.0619,0.7376,0.918,-0.1376,0.0000
79.174,1,-0.0611,0.7365,0.915,-0.1365,0.0000
79.231,1,-0.0607,0.7356,0.919,-0.1356,0.0000
79.323,1,-0.0603,0.7343,0.921,-0.1343,0.0000
79.393,1,-0.0595,0.7333,0.923,-0.1333,0.0000
79.451,1,-0.0596,0.7325,0.925,-0.1325,0.0000
79.499,1,-0.0612,0.7317,0.923,-0.1317,0.0000
79.592,1,-0.0630,0.7316,0.920,-0.1316,0.0000
79.657,1,-0.0656,0.7316,0.919,-0.1316,0.0000
79.704,1,-0.0682,0.7322,0.918,-0.1322,0.0000
79.787,1,-0.0703,0.7327,0.917,-0.1327,0.0000
79.831,1,-0.0729,0.7348,0.919,-0.1348,0.0000
79.915,1,-0.0754,0.7365,0.918,-0.1365,0.0000
79.972,1,-0.0779,0.7379,0.916,-0.1379,0.0000
80.049,1,-0.0823,0.7394,0.916,-0.1394,0.0000
80.101,1,-0.0877,0.7406,0.918,-0.1406,0.0000
80.192,1,-0.0933,0.7428,0.917,-0.1428,0.0000
80.255,1,-0.0965,0.7432,0.920,-0.1432,0.0000
80.305,1,-0.0975,0.7428,0.929,-0.1428,0.0000
80.372,1,-0.0962,0.7394,0.932,-0.1394,0.0000
80.424,1,-0.0945,0.7382,0.930,-0.1382,0.0000
80.533,1,-0.0926,0.7345,0.930,-0.1345,0.0000
80.589,1,-0.0911,0.7319,0.929,-0.1319,0.0000
80.639,1,-0.0878,0.7290,0.932,-0.1290,0.0000
80.696,1,-0.0851,0.7264,0.934,-0.1264,0.0000
80.792,1,-0.0833,0.7248,0.934,-0.1248,0.0000
80.870,1,-0.0802,0.7236,0.934,-0.1236,0.0000
80.922,1,-0.0770,0.7230,0.934,-0.1230,0.0000
80.969,1,-0.0749,0.7225,0.933,-0.1225,0.0000
81.039,1,-0.0736,0.7224,0.933,-0.1224,0.0000
81.110,1,-0.0727,0.7224,0.932,-0.1224,0.0000
81.167,1,-0.0723,0.7224,0.932,-0.1224,0.0000
81.243,1,-0.0725,0.7226,0.932,-0.1226,0.0000
81.321,1,-0.0720,0.7241,0.932,-0.1241,0.0000
81.382,1,-0.0711,0.7265,0.933,-0.1265,0.0000
81.535,1,-0.0698,0.7288,0.932,-0.1288,0.0000
81.590,1,-0.0679,0.7304,0.929,-0.1304,0.0000
81.641,1,-0.0674,0.7341,0.928,-0.1341,0.0000
81.689,1,-0.0691,0.7358,0.924,-0.1358,0.0000
81.777,1,-0.0689,0.7358,0.921,-0.1358,0.0000
81.842,1,-0.0690,0.7360,0.923,-0.1360,0.0000
81.890,1,-0.0690,0.7362,0.924,-0.1362,0.0000
81.974,1,-0.0698,0.7366,0.923,-0.1366,0.0000
82.049,1,-0.0711,0.7373,0.921,-0.1373,0.0000
82.121,1,-0.0721,0.7380,0.922,-0.1380,0.0000
82.176,1,-0.0744,0.7389,0.920,-0.1389,0.0000
82.219,1,-0.0759,0.7394,0.921,-0.1394,0.0000
82.332,1,-0.0765,0.7400,0.921,-0.1400,0.0000
82.404,1,-0.0770,0.7402,0.921,-0.1402,0.0000
82.450,1,-0.0778,0.7404,0.921,-0.1404,0.0000
82.496,1,-0.0787,0.7404,0.921,-0.1404,0.0000
82.577,1,-0.0792,0.7403,0.921,-0.1403,0.0000
82.641,1,-0.0795,0.7403,0.921,-0.1403,0.0000
82.691,1,-0.0796,0.7402,0.921,-0.1402,0.0000
82.772,1,-0.0798,0.7401,0.921,-0.1401,0.0000
82.831,1,-0.0799,0.7401,0.920,-0.1401,0.0000
82.886,1,-0.0795,0.7401,0.920,-0.1401,0.0000
82.990,1,-0.0797,0.7401,0.921,-0.1401,0.0000
83.047,1,-0.0798,0.7401,0.921,-0.1401,0.0000
83.088,1,-0.0799,0.7402,0.921,-0.1402,0.0000
83.182,1,-0.0800,0.7402,0.921,-0.1402,0.0000
83.246,1,-0.0800,0.7402,0.922,-0.1402,0.0000
83.299,1,-0.0797,0.7402,0.922,-0.1402,0.0000
83.351,1,-0.0801,0.7401,0.922,-0.1401,0.0000
83.461,1,-0.0805,0.7401,0.922,-0.1401,0.0000
83.530,1,-0.0807,0.7402,0.922,-0.1402,0.0000
83.576,1,-0.0807,0.7405,0.921,-0.1405,0.0000
83.623,1,-0.0807,0.7406,0.921,-0.1406,0.0000
83.735,1,-0.0805,0.7416,0.921,-0.1416,0.0000
83.811,1,-0.0804,0.7427,0.920,-0.1427,0.0000
83.850,1,-0.0801,0.7437,0.920,-0.1437,0.0000
83.955,1,-0.0799,0.7446,0.920,-0.1446,0.0000
84.029,1,-0.0799,0.7454,0.920,-0.1454,0.0000
84.075,1,-0.0800,0.7461,0.921,-0.1461,0.0000
84.121,1,-0.0798,0.7467,0.921,-0.1467,0.0000
84.211,1,-0.0798,0.7474,0.921,-0.1474,0.0000
84.261,1,-0.0793,0.7480,0.920,-0.1480,0.0000
84.326,1,-0.0785,0.7494,0.920,-0.1494,0.0000
84.410,1,-0.0761,0.7508,0.918,-0.1508,0.0000
84.467,1,-0.0719,0.7522,0.921,-0.1522,0.0000
84.511,1,-0.0639,0.7529,0.922,-0.1529,0.0000
84.644,1,-0.0580,0.7533,0.920,-0.1533,0.0000
84.701,1,-0.0542,0.7541,0.921,-0.1541,0.0000
84.745,1,-0.0506,0.7541,0.929,-0.1541,0.0000
84.863,1,-0.0468,0.7519,0.926,-0.1519,0.0000
84.930,1,-0.0432,0.7487,0.933,-0.1487,0.0000
84.983,1,-0.0407,0.7447,0.929,-0.1447,0.0000
85.034,1,-0.0394,0.7421,0.916,-0.1421,0.0000
85.085,1,-0.0467,0.7382,0.906,-0.1382,0.0000
85.167,1,-0.0555,0.7353,0.925,-0.1353,0.0000
85.227,1,-0.0603,0.7322,0.929,-0.1322,0.0000
85.286,1,-0.0639,0.7299,0.931,-0.1299,0.0000
85.400,1,-0.0666,0.7269,0.928,-0.1269,0.0000
85.457,1,-0.0690,0.7247,0.929,-0.1247,0.0000
85.507,1,-0.0703,0.7236,0.932,-0.1236,0.0000
85.567,1,-0.0711,0.7231,0.939,-0.1231,0.0000
85.614,1,-0.0724,0.7240,0.934,-0.1240,0.0000
85.708,1,-0.0753,0.7241,0.929,-0.1241,0.0000
85.764,1,-0.0804,0.7235,0.929,-0.1235,0.0000
85.821,1,-0.0844,0.7226,0.920,-0.1226,0.0000
85.914,1,-0.0874,0.7220,0.917,-0.1220,0.0000
85.976,1,-0.0891,0.7213,0.918,-0.1213,0.0000
86.019,1,-0.0912,0.7199,0.924,-0.1199,0.0000
86.108,1,-0.0939,0.7162,0.924,-0.1162,0.0000
86.169,1,-0.0945,0.7127,0.923,-0.1127,0.0000
86.218,1,-0.0932,0.7095,0.921,-0.1095,0.0000
86.316,1,-0.0890,0.7079,0.919,-0.1079,0.0000
86.376,1,-0.0844,0.7069,0.918,-0.1069,0.0000
86.420,1,-0.0710,0.7028,0.926,-0.1028,0.0000
86.510,1,-0.0462,0.7005,0.921,-0.1005,0.0000
86.569,1,-0.0155,0.6996,0.916,-0.0996,0.0000
86.618,1,0.0103,0.6952,0.917,-0.0952,0.0000
86.693,1,0.0311,0.6911,0.917,-0.0911,0.0000
86.759,1,0.0422,0.6867,0.918,-0.0867,0.0000
86.809,1,0.0513,0.6819,0.913,-0.0819,0.0000
86.919,1,0.0574,0.6775,0.913,-0.0158,0.0000
86.981,1,0.0616,0.6742,0.912,0.0000,0.0000
87.027,1,0.0653,0.6720,0.912,0.0000,0.0000
87.074,1,0.0695,0.6701,0.911,0.0000,0.0000
87.165,1,0.0745,0.6692,0.907,0.0000,0.0000
87.214,1,0.0772,0.6720,0.889,0.0000,0.0000
87.302,1,0.0797,0.6740,0.889,0.0000,0.0000
87.360,1,0.0812,0.6743,0.890,0.0000,0.0000
87.406,1,0.0831,0.6772,0.901,0.0000,0.0000
87.507,1,0.0828,0.6801,0.903,-0.0607,0.0000
87.589,1,0.0826,0.6854,0.905,-0.0854,0.0000
87.631,1,0.0758,0.6971,0.881,-0.0971,0.0000
87.671,1,0.0579,0.7068,0.925,-0.1068,0.0000
87.768,1,0.0257,0.7139,0.930,-0.1139,0.0000
87.848,1,0.0058,0.7199,0.921,-0.1199,0.0000
87.895,1,-0.0158,0.7231,0.926,-0.1231,0.0000
87.942,1,-0.0302,0.7253,0.928,-0.1253,0.0000
88.030,1,-0.0414,0.7265,0.922,-0.1265,0.0000
88.083,1,-0.0518,0.7270,0.922,-0.1270,0.0000
88.148,1,-0.0592,0.7271,0.922,-0.1271,0.0000
88.242,1,-0.0624,0.7272,0.919,-0.1272,0.0000
88.308,1,-0.0628,0.7273,0.917,-0.1273,0.0000
88.354,1,-0.0632,0.7274,0.919,-0.1274,0.0000
88.408,1,-0.0624,0.7272,0.919,-0.1272,0.0000
88.502,1,-0.0630,0.7270,0.919,-0.1270,0.0000
88.556,1,-0.0634,0.7264,0.919,-0.1264,0.0000
88.618,1,-0.0641,0.7257,0.921,-0.1257,0.0000
88.676,1,-0.0637,0.7250,0.920,-0.1250,0.0000
88.761,1,-0.0632,0.7247,0.922,-0.1247,0.0000
88.826,1,-0.0616,0.7245,0.921,-0.1245,0.0000
88.883,1,-0.0605,0.7246,0.918,-0.1246,0.0000
88.965,1,-0.0594,0.7253,0.914,-0.1253,0.0000
89.027,1,-0.0615,0.7255,0.916,-0.1255,0.0000
89.073,1,-0.0593,0.7276,0.913,-0.1276,0.0000
89.169,1,-0.0545,0.7295,0.906,-0.1295,0.0000
89.267,1,-0.0656,0.7324,0.875,-0.1324,0.0000
89.342,1,-0.0742,0.7363,0.856,-0.1363,0.0000
89.421,1,-0.0987,0.7431,0.812,-0.1431,0.0000
89.606,1,-0.1144,0.7484,0.891,-0.1484,0.0000
89.692,1,-0.1293,0.7544,0.926,-0.1544,0.0519
89.745,1,-0.1507,0.7619,0.933,-0.1619,0.0835
89.845,1,-0.1684,0.7656,0.937,-0.1656,0.1435
89.918,1,-0.1814,0.7689,0.942,-0.1689,0.1871
89.961,1,-0.1908,0.7712,0.943,-0.1712,0.2133
90.014,1,-0.1978,0.7751,0.944,-0.1751,0.2373
90.066,1,-0.2025,0.7766,0.946,-0.1766,0.2431
90.163,1,-0.2076,0.7757,0.947,-0.1757,0.2491
90.233,1,-0.2141,0.7730,0.947,-0.1730,0.2570
90.349,1,-0.2204,0.7680,0.948,-0.1680,0.2644
90.480,1,-0.2263,0.7630,0.952,-0.1630,0.2716
90.541,1,-0.2326,0.7576,0.955,-0.1576,0.2791
90.593,1,-0.2381,0.7515,0.950,-0.1515,0.2857
90.643,1,-0.2423,0.7465,0.944,-0.1465,0.2908
90.717,1,-0.2456,0.7419,0.943,-0.1419,0.2947
90.773,1,-0.2482,0.7379,0.944,-0.1379,0.2978
90.864,1,-0.2499,0.7348,0.944,-0.1348,0.2999
90.928,1,-0.2507,0.7334,0.942,-0.1334,0.3009
90.979,1,-0.2509,0.7350,0.940,-0.1350,0.3011
91.051,1,-0.2478,0.7388,0.940,-0.1388,0.2974
91.104,1,-0.2395,0.7442,0.941,-0.1442,0.2874
91.202,1,-0.2270,0.7519,0.936,-0.1519,0.2724
91.270,1,-0.2090,0.7609,0.931,-0.1609,0.2508
91.317,1,-0.1900,0.7700,0.935,-0.1700,0.2280
91.385,1,-0.1734,0.7805,0.933,-0.1805,0.2080
91.451,1,-0.1582,0.7903,0.926,-0.1903,0.1899
91.506,1,-0.1458,0.8000,0.927,-0.2000,0.1750
91.606,1,-0.1352,0.8082,0.920,-0.2082,0.1623
91.678,1,-0.1301,0.8137,0.919,-0.2137,0.1561
91.727,1,-0.1264,0.8193,0.923,-0.2193,0.1517
91.775,1,-0.1245,0.8246,0.920,-0.2246,0.1494
91.858,1,-0.1244,0.8294,0.920,-0.2294,0.1493
91.906,1,-0.1229,0.8336,0.920,-0.2336,0.1475
91.974,1,-0.1228,0.8369,0.917,-0.2369,0.1474
92.081,1,-0.1223,0.8412,0.915,-0.2412,0.1467
92.139,1,-0.1202,0.8439,0.912,-0.2439,0.1443
92.190,1,-0.1177,0.8459,0.910,-0.2459,0.1139
92.252,1,-0.1145,0.8475,0.909,-0.2475,0.0768
92.304,1,-0.1115,0.8491,0.911,-0.2491,0.0455
92.410,1,-0.1088,0.8509,0.910,-0.2509,0.0000
92.468,1,-0.1056,0.8526,0.909,-0.2526,0.0000
92.510,1,-0.1045,0.8537,0.903,-0.2537,0.0000
92.561,1,-0.1059,0.8543,0.906,-0.2543,0.0000
92.673,1,-0.1083,0.8549,0.910,-0.2549,0.0000
92.748,1,-0.1111,0.8558,0.907,-0.2558,0.0000
92.800,1,-0.1127,0.8570,0.908,-0.2570,0.0000
92.895,1,-0.1131,0.8585,0.907,-0.2585,0.0000
92.972,1,-0.1132,0.8593,0.908,-0.2593,0.0000
93.019,1,-0.1148,0.8590,0.908,-0.2590,0.0000
93.063,1,-0.1192,0.8586,0.909,-0.2586,0.0000
93.128,1,-0.1214,0.8584,0.915,-0.2584,0.0387
93.236,1,-0.1177,0.8594,0.911,-0.2594,0.0000
93.296,1,-0.1058,0.8600,0.908,-0.2600,0.0000
93.344,1,-0.0970,0.8612,0.902,-0.2612,0.0000
93.394,1,-0.0932,0.8606,0.875,-0.2606,0.0000
93.490,1,-0.0859,0.8587,0.890,-0.2587,0.0000
93.555,1,-0.0787,0.8554,0.891,-0.2554,0.0000
93.598,1,-0.0721,0.8510,0.902,-0.2510,0.0000
93.668,1,-0.0642,0.8472,0.909,-0.2472,0.0000
93.763,1,-0.0569,0.8438,0.908,-0.2438,0.0000
93.823,1,-0.0498,0.8399,0.913,-0.2399,0.0000
93.870,1,-0.0447,0.8354,0.915,-0.2354,0.0000
93.958,1,-0.0408,0.8304,0.917,-0.2304,0.0000
94.015,1,-0.0384,0.8276,0.921,-0.2276,0.0000
94.059,1,-0.0336,0.8243,0.923,-0.2243,0.0000
94.164,1,-0.0280,0.8199,0.918,-0.2199,0.0000
94.227,1,-0.0018,0.8163,0.922,-0.2163,0.0000
94.271,1,0.0344,0.8114,0.922,-0.2114,0.0000
94.343,1,0.0645,0.8090,0.924,-0.2090,0.0000
94.393,1,0.0867,0.8066,0.928,-0.2066,0.0000
94.496,1,0.1006,0.8036,0.927,-0.2036,0.0000
94.560,1,0.1083,0.8025,0.926,-0.2025,0.0000
94.610,1,0.1131,0.8061,0.926,-0.2061,0.0000
94.659,1,0.1139,0.8131,0.925,-0.2131,0.0000
94.778,1,0.1118,0.8281,0.923,-0.2281,0.0000
94.853,1,0.1078,0.8492,0.917,-0.2492,0.0000
94.900,1,0.1044,0.8945,0.927,-0.2772,0.0000
94.991,1,0.1057,0.9330,0.938,-0.3316,0.0000
95.049,1,0.1072,0.9573,0.942,-0.3573,0.0000
95.090,1,0.1102,0.9721,0.942,-0.3721,0.0000
95.202,1,0.1156,0.9810,0.943,-0.3810,0.0000
95.273,1,0.1199,0.9862,0.945,-0.3862,0.0000
95.322,1,0.1241,0.9891,0.943,-0.3891,-0.0293
95.371,1,0.1263,0.9908,0.942,-0.3908,-0.0586
95.421,1,0.1278,0.9920,0.944,-0.3920,-0.0890
95.536,1,0.1311,0.9927,0.944,-0.3927,-0.1574
95.611,1,0.1360,0.9930,0.939,-0.3930,-0.1632
95.657,1,0.1412,0.9934,0.941,-0.3934,-0.1694
95.755,1,0.1473,0.9927,0.944,-0.3927,-0.1767
95.830,1,0.1517,0.9924,0.947,-0.3924,-0.1821
95.881,1,0.1555,0.9925,0.947,-0.3925,-0.1866
95.926,1,0.1575,0.9926,0.948,-0.3926,-0.1890
96.037,1,0.1582,0.9927,0.948,-0.3927,-0.1898
96.095,1,0.1575,0.9932,0.948,-0.3932,-0.1891
96.140,1,0.1554,0.9935,0.949,-0.3935,-0.1865
96.188,1,0.1525,0.9939,0.950,-0.3939,-0.1830
96.298,1,0.1497,0.9943,0.952,-0.3943,-0.1796
96.353,1,0.1480,0.9946,0.951,-0.3946,-0.1776
96.399,1,0.1475,0.9947,0.951,-0.3947,-0.1770
96.476,1,0.1478,0.9947,0.951,-0.3947,-0.1774
96.538,1,0.1498,0.9948,0.950,-0.3948,-0.1797
96.589,1,0.1543,0.9946,0.944,-0.3946,-0.1852
96.688,1,0.1581,0.9945,0.945,-0.3945,-0.1898
96.738,1,0.1611,0.9942,0.947,-0.3942,-0.1934
96.796,1,0.1632,0.9940,0.947,-0.3940,-0.1958
96.851,1,0.1650,0.9939,0.946,-0.3939,-0.1980
96.969,1,0.1659,0.9940,0.945,-0.3940,-0.1991
97.037,1,0.1660,0.9942,0.944,-0.3942,-0.1993
97.087,1,0.1647,0.9958,0.941,-0.3958,-0.1976
97.189,1,0.1651,0.9962,0.938,-0.3962,-0.1981
97.239,1,0.1643,0.9957,0.935,-0.3957,-0.1972
97.289,1,0.1643,0.9700,0.938,-0.3700,-0.1972
97.336,1,0.1662,0.9375,0.934,-0.3416,-0.1995
97.388,1,0.1658,0.8958,0.925,-0.3107,-0.1990
97.476,1,0.1622,0.8507,0.928,-0.2577,-0.1947
97.532,1,0.1630,0.8132,0.930,-0.2240,-0.1956
97.591,1,0.1529,0.7873,0.924,-0.1890,-0.1835
97.696,1,0.1374,0.7676,0.931,-0.1676,-0.1648
97.758,1,0.1207,0.7518,0.939,-0.1518,-0.1448
97.806,1,0.1024,0.7365,0.937,-0.1365,-0.1164
97.854,1,0.0843,0.7231,0.933,-0.1231,-0.0873
97.950,1,0.0663,0.7129,0.934,-0.1129,-0.0296
98.004,1,0.0573,0.7051,0.932,-0.1051,0.0000
98.051,1,0.0522,0.6995,0.928,-0.0995,0.0000
98.191,1,0.0502,0.6955,0.914,-0.0955,0.0000
98.250,1,0.0392,0.6928,0.919,-0.0928,0.0000
98.314,1,0.0313,0.6922,0.927,-0.0922,0.0000
98.370,1,0.0252,0.6916,0.926,-0.0916,0.0000
98.429,1,0.0169,0.6915,0.927,-0.0915,0.0000
98.513,1,0.0072,0.6925,0.924,-0.0925,0.0000
98.570,1,-0.0007,0.6954,0.920,-0.0954,0.0000
98.639,1,-0.0065,0.6991,0.917,-0.0991,0.0000
98.708,1,-0.0075,0.7043,0.919,-0.1043,0.0000
98.772,1,-0.0140,0.7072,0.921,-0.1072,0.0000
98.862,1,-0.0244,0.7088,0.922,-0.1088,0.0000
98.914,1,-0.0334,0.7109,0.923,-0.1109,0.0000
98.956,1,-0.0405,0.7138,0.918,-0.1138,0.0000
99.045,1,-0.0464,0.7156,0.917,-0.1156,0.0000
99.099,1,-0.0505,0.7175,0.916,-0.1175,0.0000
99.147,1,-0.0535,0.7189,0.915,-0.1189,0.0000
99.267,1,-0.0559,0.7197,0.915,-0.1197,0.0000
99.333,1,-0.0570,0.7201,0.915,-0.1201,0.0000
99.384,1,-0.0578,0.7210,0.920,-0.1210,0.0000
99.474,1,-0.0586,0.7221,0.922,-0.1221,0.0000
99.530,1,-0.0592,0.7227,0.926,-0.1227,0.0000
99.589,1,-0.0605,0.7233,0.928,-0.1233,0.0000
99.662,1,-0.0620,0.7236,0.928,-0.1236,0.0000
99.724,1,-0.0613,0.7234,0.928,-0.1234,0.0000
99.805,1,-0.0600,0.7233,0.925,-0.1233,0.0000
99.841,1,-0.0572,0.7231,0.922,-0.1231,0.0000
99.951,1,-0.0537,0.7228,0.920,-0.1228,0.0000
100.005,1,-0.0502,0.7224,0.920,-0.1224,0.0000
100.051,1,-0.0477,0.7221,0.921,-0.1221,0.0000
100.142,1,-0.0464,0.7220,0.920,-0.1220,0.0000
100.198,1,-0.0455,0.7218,0.920,-0.1218,0.0000
100.255,1,-0.0449,0.7217,0.920,-0.1217,0.0000
100.334,1,-0.0449,0.7214,0.920,-0.1214,0.0000
100.378,1,-0.0449,0.7208,0.920,-0.1208,0.0000
100.468,1,-0.0438,0.7203,0.919,-0.1203,0.0000
100.527,1,-0.0433,0.7198,0.920,-0.1198,0.0000
100.578,1,-0.0435,0.7190,0.922,-0.1190,0.0000
100.671,1,-0.0446,0.7189,0.921,-0.1189,0.0000
100.723,1,-0.0462,0.7189,0.922,-0.1189,0.0000
100.775,1,-0.0481,0.7191,0.921,-0.1191,0.0000
100.890,1,-0.0492,0.7194,0.919,-0.1194,0.0000
100.958,1,-0.0514,0.7185,0.918,-0.1185,0.0000
101.005,1,-0.0512,0.7193,0.918,-0.1193,0.0000
101.051,1,-0.0512,0.7194,0.919,-0.1194,0.0000
101.133,1,-0.0526,0.7180,0.919,-0.1180,0.0000
101.205,1,-0.0536,0.7167,0.919,-0.1167,0.0000
101.254,1,-0.0539,0.7158,0.919,-0.1158,0.0000
101.309,1,-0.0543,0.7156,0.921,-0.1156,0.0000
101.413,1,-0.0548,0.7157,0.921,-0.1157,0.0000
101.486,1,-0.0551,0.7156,0.920,-0.1156,0.0000
101.543,1,-0.0548,0.7157,0.920,-0.1157,0.0000
101.591,1,-0.0546,0.7160,0.920,-0.1160,0.0000
101.639,1,-0.0547,0.7163,0.921,-0.1163,0.0000
101.736,1,-0.0535,0.7179,0.923,-0.1179,0.0000
101.790,1,-0.0528,0.7192,0.922,-0.1192,0.0000
101.840,1,-0.0521,0.7199,0.923,-0.1199,0.0000
101.885,1,-0.0516,0.7204,0.923,-0.1204,0.0000
101.949,1,-0.0526,0.7190,0.922,-0.1190,0.0000
102.012,1,-0.0533,0.7182,0.923,-0.1182,0.0000
102.156,1,-0.0538,0.7177,0.924,-0.1177,0.0000
102.221,1,-0.0541,0.7173,0.924,-0.1173,0.0000
102.300,1,-0.0548,0.7168,0.926,-0.1168,0.0000
102.344,1,-0.0548,0.7167,0.926,-0.1167,0.0000
102.438,1,-0.0546,0.7165,0.927,-0.1165,0.0000
102.488,1,-0.0540,0.7163,0.926,-0.1163,0.0000
102.539,1,-0.0539,0.7160,0.927,-0.1160,0.0000
102.642,1,-0.0539,0.7159,0.927,-0.1159,0.0000
102.692,1,-0.0541,0.7161,0.926,-0.1161,0.0000
102.742,1,-0.0545,0.7163,0.927,-0.1163,0.0000
102.843,1,-0.0546,0.7162,0.929,-0.1162,0.0000
102.910,1,-0.0545,0.7164,0.928,-0.1164,0.0000
102.951,1,-0.0540,0.7168,0.927,-0.1168,0.0000
103.011,1,-0.0538,0.7171,0.928,-0.1171,0.0000
103.081,1,-0.0538,0.7173,0.927,-0.1173,0.0000
103.178,1,-0.0540,0.7176,0.927,-0.1176,0.0000
103.238,1,-0.0538,0.7180,0.925,-0.1180,0.0000
103.290,1,-0.0529,0.7177,0.923,-0.1177,0.0000
103.340,1,-0.0521,0.7173,0.924,-0.1173,0.0000
103.437,1,-0.0515,0.7169,0.924,-0.1169,0.0000
103.514,1,-0.0518,0.7168,0.924,-0.1168,0.0000
103.568,1,-0.0523,0.7168,0.925,-0.1168,0.0000
103.616,1,-0.0523,0.7164,0.927,-0.1164,0.0000
103.681,1,-0.0522,0.7157,0.926,-0.1157,0.0000
103.747,1,-0.0532,0.7147,0.924,-0.1147,0.0000
103.841,1,-0.0537,0.7137,0.922,-0.1137,0.0000
103.891,1,-0.0543,0.7129,0.922,-0.1129,0.0000
103.939,1,-0.0551,0.7121,0.921,-0.1121,0.0000
104.015,1,-0.0555,0.7117,0.919,-0.1117,0.0000
104.112,1,-0.0556,0.7115,0.919,-0.1115,0.0000
104.181,1,-0.0559,0.7114,0.919,-0.1114,0.0000
104.240,1,-0.0558,0.7116,0.920,-0.1116,0.0000
104.295,1,-0.0546,0.7143,0.920,-0.1143,0.0000
104.342,1,-0.0535,0.7161,0.921,-0.1161,0.0000
104.422,1,-0.0538,0.7154,0.921,-0.1154,0.0000
104.471,1,-0.0541,0.7150,0.921,-0.1150,0.0000
104.572,1,-0.0539,0.7148,0.921,-0.1148,0.0000
104.638,1,-0.0538,0.7148,0.920,-0.1148,0.0000
104.688,1,-0.0537,0.7149,0.921,-0.1149,0.0000
104.740,1,-0.0534,0.7149,0.921,-0.1149,0.0000
104.825,1,-0.0534,0.7150,0.921,-0.1150,0.0000
104.880,1,-0.0534,0.7149,0.921,-0.1149,0.0000
104.938,1,-0.0534,0.7148,0.921,-0.1148,0.0000
105.036,1,-0.0534,0.7147,0.921,-0.1147,0.0000
105.092,1,-0.0537,0.7147,0.921,-0.1147,0.0000
105.146,1,-0.0526,0.7163,0.923,-0.1163,0.0000
105.203,1,-0.0522,0.7173,0.922,-0.1173,0.0000
105.284,1,-0.0517,0.7178,0.923,-0.1178,0.0000
105.353,1,-0.0514,0.7181,0.923,-0.1181,0.0000
105.409,1,-0.0513,0.7183,0.922,-0.1183,0.0000
105.469,1,-0.0515,0.7188,0.921,-0.1188,0.0000
105.549,1,-0.0511,0.7188,0.922,-0.1188,0.0000
105.605,1,-0.0510,0.7191,0.922,-0.1191,0.0000
105.691,1,-0.0510,0.7193,0.921,-0.1193,0.0000
105.754,1,-0.0510,0.7197,0.922,-0.1197,0.0000
105.809,1,-0.0520,0.7180,0.921,-0.1180,0.0000
105.865,1,-0.0513,0.7187,0.921,-0.1187,0.0000
105.960,1,-0.0524,0.7173,0.921,-0.1173,0.0000
106.021,1,-0.0530,0.7166,0.921,-0.1166,0.0000
106.068,1,-0.0532,0.7156,0.921,-0.1156,0.0000
106.175,1,-0.0530,0.7155,0.921,-0.1155,0.0000
106.250,1,-0.0532,0.7153,0.922,-0.1153,0.0000
106.295,1,-0.0539,0.7150,0.922,-0.1150,0.0000
106.339,1,-0.0536,0.7142,0.923,-0.1142,0.0000
106.394,1,-0.0528,0.7133,0.925,-0.1133,0.0000
106.491,1,-0.0517,0.7119,0.926,-0.1119,0.0000
106.547,1,-0.0516,0.7105,0.923,-0.1105,0.0000
106.594,1,-0.0532,0.7094,0.920,-0.1094,0.0000
106.710,1,-0.0533,0.7106,0.919,-0.1106,0.0000
106.779,1,-0.0538,0.7112,0.919,-0.1112,0.0000
106.828,1,-0.0541,0.7113,0.922,-0.1113,0.0000
106.874,1,-0.0541,0.7115,0.921,-0.1115,0.0000
106.924,1,-0.0536,0.7116,0.922,-0.1116,0.0000
106.969,1,-0.0530,0.7118,0.921,-0.1118,0.0000
107.056,1,-0.0530,0.7120,0.922,-0.1120,0.0000
107.114,1,-0.0527,0.7126,0.922,-0.1126,0.0000
107.170,1,-0.0529,0.7134,0.922,-0.1134,0.0000
107.242,1,-0.0526,0.7141,0.924,-0.1141,0.0000
107.337,1,-0.0534,0.7131,0.923,-0.1131,0.0000
107.391,1,-0.0525,0.7144,0.925,-0.1144,0.0000
107.434,1,-0.0515,0.7159,0.924,-0.1159,0.0000
107.518,1,-0.0524,0.7158,0.926,-0.1158,0.0000
107.573,1,-0.0532,0.7163,0.921,-0.1163,0.0000
107.623,1,-0.0528,0.7161,0.918,-0.1161,0.0000
107.737,1,-0.0523,0.7126,0.918,-0.1126,0.0000
107.804,1,-0.0520,0.7079,0.919,-0.1079,0.0000
107.856,1,-0.0521,0.7035,0.916,-0.1035,0.0000
107.899,1,-0.0558,0.6994,0.917,-0.0994,0.0000
107.991,1,-0.0579,0.6964,0.916,-0.0964,0.0000
108.039,1,-0.0596,0.6938,0.915,-0.0938,0.0000
108.086,1,-0.0604,0.6922,0.914,-0.0922,0.0000
108.226,1,-0.0598,0.6918,0.912,-0.0918,0.0000
108.307,1,-0.0586,0.6927,0.909,-0.0927,0.0000
108.347,1,-0.0598,0.6947,0.913,-0.0947,0.0000
108.384,1,-0.0631,0.6969,0.915,-0.0969,0.0000
108.497,1,-0.0689,0.6984,0.913,-0.0984,0.0000
108.545,1,-0.0730,0.7001,0.914,-0.1001,0.0000
108.602,1,-0.0768,0.7016,0.912,-0.1016,0.0000
108.677,1,-0.0779,0.7018,0.912,-0.1018,0.0000
108.714,1,-0.0767,0.7016,0.913,-0.1016,0.0000
108.817,1,-0.0766,0.7016,0.913,-0.1016,0.0000
108.870,1,-0.0795,0.7021,0.912,-0.1021,0.0000
108.939,1,-0.0754,0.7023,0.910,-0.1023,0.0000
108.984,1,-0.0718,0.7025,0.910,-0.1025,0.0000
109.102,1,-0.0681,0.7025,0.909,-0.1025,0.0000
109.151,1,-0.0663,0.7012,0.908,-0.1012,0.0000
109.187,1,-0.0644,0.7006,0.908,-0.1006,0.0000
109.271,1,-0.0641,0.7000,0.909,-0.1000,0.0000
109.346,1,-0.0637,0.6996,0.908,-0.0996,0.0000
109.392,1,-0.0638,0.6994,0.909,-0.0994,0.0000
109.478,1,-0.0623,0.6992,0.911,-0.0992,0.0000
109.537,1,-0.0603,0.6991,0.914,-0.0991,0.0000
109.587,1,-0.0577,0.6992,0.919,-0.0992,0.0000
109.701,1,-0.0541,0.6990,0.918,-0.0990,0.0000
109.753,1,-0.0457,0.6976,0.911,-0.0976,0.0000
109.792,1,-0.0270,0.6951,0.909,-0.0951,0.0000
109.872,1,-0.0099,0.6923,0.915,-0.0923,0.0000
109.926,1,0.0035,0.6883,0.921,-0.0883,0.0000
110.020,1,0.0101,0.6834,0.921,-0.0834,0.0000
110.085,1,0.0151,0.6774,0.922,-0.0443,0.0000
110.131,1,0.0229,0.6713,0.921,-0.0168,0.0000
110.207,1,0.0295,0.6637,0.917,0.0000,0.0000
110.277,1,0.0374,0.6574,0.909,0.0000,0.0000
110.324,1,0.0425,0.6510,0.906,0.0000,0.0000
110.420,1,0.0461,0.6459,0.908,0.0000,0.0000
110.477,1,0.0493,0.6426,0.908,0.0000,0.0000
110.524,1,0.0520,0.6408,0.906,0.0000,0.0000
110.611,1,0.0555,0.6394,0.906,0.0000,0.0000
110.660,1,0.0573,0.6362,0.904,0.0000,0.0000
110.743,1,0.0583,0.6329,0.904,0.0000,0.0000
110.817,1,0.0572,0.6301,0.904,0.0000,0.0000
110.866,1,0.0564,0.6285,0.905,0.0000,0.0000
110.928,1,0.0552,0.6267,0.911,0.0000,0.0000
111.019,1,0.0521,0.6257,0.915,0.0000,0.0000
111.076,1,0.0480,0.6245,0.914,0.0000,0.0000
111.124,1,0.0467,0.6234,0.915,0.0000,0.0000
111.212,1,0.0496,0.6201,0.896,0.0000,0.0000
111.275,1,0.0426,0.6154,0.898,0.0000,0.0000
111.321,1,0.0314,0.6109,0.900,0.0000,0.0000
111.413,1,0.0153,0.6062,0.905,0.0000,0.0000
111.464,1,0.0034,0.6019,0.904,0.0000,0.0000
111.531,1,-0.0070,0.6001,0.906,0.0000,0.0000
111.603,1,-0.0148,0.5998,0.910,0.0000,0.0000
111.652,1,-0.0220,0.5995,0.899,0.0000,0.0000
111.757,1,-0.0301,0.5988,0.889,0.0000,0.0000
111.813,1,-0.0363,0.5977,0.888,0.0000,0.0000
111.865,1,-0.0438,0.5948,0.877,0.0000,0.0000
111.943,1,-0.0549,0.5938,0.876,0.0000,0.0000
111.990,1,-0.0633,0.5935,0.887,0.0000,0.0000
112.098,1,-0.0745,0.5937,0.884,0.0000,0.0000
112.157,1,-0.0900,0.5943,0.878,0.0000,0.0000
112.201,1,-0.1046,0.5951,0.881,0.0000,0.0000
112.254,1,-0.1150,0.5950,0.877,0.0000,0.0000
112.356,1,-0.1282,0.5968,0.880,0.0000,0.0613
112.408,1,-0.1443,0.5981,0.872,0.0000,0.0923
112.459,1,-0.1595,0.5998,0.864,0.0000,0.1228
112.537,1,-0.1815,0.6010,0.863,0.0000,0.1696
112.584,1,-0.2008,0.6010,0.877,0.0000,0.1976
112.676,1,-0.2142,0.6012,0.876,0.0000,0.2529
112.728,1,-0.2270,0.6011,0.878,0.0000,0.2724
112.793,1,-0.2398,0.6004,0.878,0.0000,0.2878
112.864,1,-0.2526,0.5985,0.883,0.0000,0.3031
112.919,1,-0.2630,0.5948,0.877,0.0000,0.3156
113.026,1,-0.2735,0.5925,0.869,0.0000,0.3282
113.077,1,-0.2809,0.5898,0.865,0.0000,0.3371
113.126,1,-0.2861,0.5869,0.861,0.0000,0.3433
113.184,1,-0.2919,0.5850,0.879,0.0000,0.3502
113.288,1,-0.2970,0.5834,0.886,0.0000,0.3564
113.351,1,-0.3023,0.5820,0.895,0.0000,0.3627
113.397,1,-0.3083,0.5813,0.894,0.0000,0.3699
113.451,1,-0.3142,0.5805,0.896,0.0000,0.3770
113.556,1,-0.3182,0.5798,0.896,0.0000,0.3818
113.607,1,-0.3204,0.5792,0.895,0.0000,0.3845
113.654,1,-0.3212,0.5786,0.896,0.0000,0.3854
113.733,1,-0.3213,0.5781,0.896,0.0000,0.3856
113.784,1,-0.3210,0.5777,0.895,0.0000,0.3852
113.920,1,-0.3211,0.5774,0.896,0.0000,0.3853
114.000,1,-0.3211,0.5772,0.897,0.0000,0.3853
114.044,1,-0.3221,0.5770,0.896,0.0000,0.3865
114.093,1,-0.3234,0.5768,0.897,0.0000,0.3881
114.166,1,-0.3239,0.5766,0.895,0.0000,0.3887
114.219,1,-0.3239,0.5761,0.894,0.0000,0.3887
114.309,1,-0.3247,0.5758,0.895,0.0000,0.3897
114.373,1,-0.3255,0.5753,0.895,0.0000,0.3906
114.421,1,-0.3259,0.5750,0.893,0.0000,0.3911
114.516,1,-0.3266,0.5748,0.892,0.0000,0.3919
114.578,1,-0.3276,0.5745,0.893,0.0000,0.3932
114.625,1,-0.3281,0.5742,0.891,0.0000,0.3937
114.684,1,-0.3284,0.5740,0.889,0.0000,0.3941
114.793,1,-0.3285,0.5738,0.889,0.0000,0.3942
114.854,1,-0.3287,0.5735,0.887,0.0000,0.3944
114.899,1,-0.3286,0.5733,0.884,0.0000,0.3944
114.945,1,-0.3293,0.5730,0.888,0.0000,0.3951
115.033,1,-0.3302,0.5728,0.890,0.0000,0.3962
115.090,1,-0.3310,0.5726,0.889,0.0000,0.3972
115.164,1,-0.3313,0.5724,0.886,0.0000,0.3975
115.211,1,-0.3317,0.5723,0.887,0.0000,0.3980
115.282,1,-0.3328,0.5721,0.890,0.0000,0.3993
115.373,1,-0.3338,0.5718,0.891,0.0000,0.4005
115.434,1,-0.3346,0.5715,0.889,0.0000,0.4015
115.479,1,-0.3358,0.5711,0.889,0.0000,0.4030
115.582,1,-0.3361,0.5710,0.887,0.0000,0.4033
115.662,1,-0.3372,0.5709,0.889,0.0000,0.4046
115.706,1,-0.3381,0.5709,0.889,0.0000,0.4058
115.813,1,-0.3399,0.5708,0.891,0.0000,0.4079
115.873,1,-0.3400,0.5708,0.890,0.0000,0.4080
115.918,1,-0.3410,0.5707,0.890,0.0000,0.4092
116.005,1,-0.3416,0.5707,0.891,0.0000,0.4100
116.052,1,-0.3408,0.5709,0.889,0.0000,0.4090
116.114,1,-0.3403,0.5711,0.889,0.0000,0.4084
116.221,1,-0.3405,0.5711,0.888,0.0000,0.4086
116.272,1,-0.3408,0.5710,0.888,0.0000,0.4089
116.318,1,-0.3407,0.5710,0.887,0.0000,0.4088
116.394,1,-0.3401,0.5711,0.888,0.0000,0.4082
116.456,1,-0.3409,0.5711,0.890,0.0000,0.4091
116.516,1,-0.3414,0.5710,0.890,0.0000,0.4097
116.588,1,-0.3418,0.5708,0.891,0.0000,0.4101
116.635,1,-0.3422,0.5706,0.891,0.0000,0.4106
116.683,1,-0.3426,0.5704,0.892,0.0000,0.4112
116.762,1,-0.3422,0.5704,0.891,0.0000,0.4106
116.833,1,-0.3421,0.5702,0.890,0.0000,0.4105
116.878,1,-0.3402,0.5703,0.887,0.0000,0.4083
117.000,1,-0.3388,0.5701,0.887,0.0000,0.4065
117.056,1,-0.3358,0.5695,0.886,0.0000,0.4030
117.099,1,-0.3295,0.5681,0.877,0.0000,0.3954
117.147,1,-0.3244,0.5672,0.879,0.0000,0.3893
117.210,1,-0.3204,0.5661,0.873,0.0000,0.3845
117.288,1,-0.3154,0.5652,0.873,0.0000,0.3785
117.340,1,-0.3115,0.5643,0.877,0.0000,0.3738
117.410,1,-0.3091,0.5639,0.879,0.0000,0.3710
117.521,1,-0.3066,0.5647,0.880,0.0000,0.3679
117.586,1,-0.3054,0.5659,0.883,0.0000,0.3665
117.634,1,-0.3037,0.5661,0.881,0.0000,0.3645
117.684,1,-0.2994,0.5652,0.876,0.0000,0.3593
117.736,1,-0.2967,0.5635,0.881,0.0000,0.3561
117.836,1,-0.2939,0.5616,0.881,0.0000,0.3526
117.906,1,-0.2922,0.5598,0.883,0.0000,0.3506
117.952,1,-0.2922,0.5581,0.888,0.0000,0.3506
118.002,1,-0.2920,0.5560,0.883,0.0000,0.3504
118.104,1,-0.2926,0.5540,0.884,0.0000,0.3512
118.153,1,-0.2939,0.5524,0.886,0.0000,0.3527
118.219,1,-0.2953,0.5508,0.886,0.0000,0.3544
118.269,1,-0.2969,0.5494,0.888,0.0000,0.3563
118.318,1,-0.2977,0.5483,0.887,0.0000,0.3572
118.369,1,-0.2990,0.5471,0.889,0.0000,0.3588
118.474,1,-0.3000,0.5464,0.890,0.0000,0.3600
118.533,1,-0.3008,0.5458,0.891,0.0000,0.3610
118.579,1,-0.3012,0.5451,0.891,0.0000,0.3614
118.676,1,-0.3018,0.5446,0.890,0.0000,0.3621
118.729,1,-0.3024,0.5439,0.891,0.0000,0.3629
118.777,1,-0.3034,0.5433,0.894,0.0000,0.3641
118.859,1,-0.3042,0.5427,0.893,0.0000,0.3650
118.923,1,-0.3043,0.5424,0.893,0.0000,0.3651
118.968,1,-0.3040,0.5422,0.892,0.0000,0.3649
119.054,1,-0.3039,0.5419,0.892,0.0000,0.3647
119.123,1,-0.3039,0.5414,0.891,0.0000,0.3646
119.184,1,-0.3040,0.5410,0.892,0.0000,0.3648
119.236,1,-0.3042,0.5406,0.892,0.0000,0.3651
119.369,1,-0.3047,0.5401,0.893,0.0000,0.3657
119.428,1,-0.3052,0.5393,0.892,0.0000,0.3662
119.472,1,-0.3059,0.5385,0.894,0.0000,0.3671
119.542,1,-0.3063,0.5381,0.894,0.0000,0.3675
119.627,1,-0.3063,0.5379,0.894,0.0000,0.3676
119.682,1,-0.3062,0.5380,0.895,0.0000,0.3675
119.734,1,-0.3061,0.5380,0.892,0.0000,0.3673
119.838,1,-0.3058,0.5379,0.892,0.0000,0.3670
119.892,1,-0.3054,0.5377,0.892,0.0000,0.3665
119.939,1,-0.3051,0.5375,0.891,0.0000,0.3662
120.038,1,-0.3048,0.5373,0.889,0.0000,0.3658
120.090,1,-0.3050,0.5371,0.891,0.0000,0.3660
120.137,1,-0.3050,0.5367,0.889,0.0000,0.3660
120.243,1,-0.3050,0.5363,0.891,0.0000,0.3660
120.306,1,-0.3050,0.5361,0.890,0.0000,0.3661
120.349,1,-0.3050,0.5359,0.891,0.0000,0.3661
120.403,1,-0.3051,0.5358,0.890,0.0000,0.3661
120.501,1,-0.3051,0.5357,0.890,0.0000,0.3661
120.561,1,-0.3049,0.5357,0.889,0.0000,0.3659
120.607,1,-0.3049,0.5356,0.889,0.0000,0.3659
120.695,1,-0.3047,0.5356,0.888,0.0000,0.3657
120.742,1,-0.3048,0.5356,0.889,0.0000,0.3658
120.794,1,-0.3048,0.5356,0.889,0.0000,0.3658
120.914,1,-0.3049,0.5355,0.890,0.0000,0.3658
120.985,1,-0.3052,0.5355,0.891,0.0000,0.3662
121.032,1,-0.3052,0.5354,0.891,0.0000,0.3663
121.132,1,-0.3051,0.5355,0.889,0.0000,0.3661
121.206,1,-0.3049,0.5354,0.890,0.0000,0.3659
121.253,1,-0.3049,0.5356,0.890,0.0000,0.3659
121.296,1,-0.3050,0.5358,0.890,0.0000,0.3660
121.393,1,-0.3050,0.5358,0.890,0.0000,0.3661
121.459,1,-0.3049,0.5357,0.889,0.0000,0.3659
121.512,1,-0.3049,0.5358,0.890,0.0000,0.3659
121.564,1,-0.3047,0.5359,0.888,0.0000,0.3657
121.646,1,-0.3043,0.5361,0.889,0.0000,0.3652
121.696,1,-0.3038,0.5361,0.888,0.0000,0.3646
121.802,1,-0.3034,0.5361,0.887,0.0000,0.3640
121.860,1,-0.3035,0.5361,0.888,0.0000,0.3642
121.912,1,-0.3035,0.5360,0.887,0.0000,0.3642
121.956,1,-0.3035,0.5359,0.888,0.0000,0.3642
122.070,1,-0.3041,0.5369,0.892,0.0000,0.3649
122.136,1,-0.3014,0.5405,0.882,0.0000,0.3616
122.187,1,-0.2972,0.5441,0.880,0.0000,0.3567
122.235,1,-0.2921,0.5486,0.866,0.0000,0.3505
122.323,1,-0.2742,0.5535,0.843,0.0000,0.3291
122.377,1,-0.2624,0.5588,0.856,0.0000,0.3149
122.425,1,-0.2514,0.5646,0.896,0.0000,0.3017
122.528,1,-0.2421,0.5693,0.911,0.0000,0.2905
122.608,1,-0.2261,0.5715,0.913,0.0000,0.2713
122.654,1,-0.2138,0.5747,0.913,0.0000,0.2566
122.704,1,-0.2019,0.5782,0.902,0.0000,0.2423
122.758,1,-0.1890,0.5810,0.903,0.0000,0.2268
122.856,1,-0.1723,0.5842,0.909,0.0000,0.2067
122.909,1,-0.1528,0.5882,0.910,0.0000,0.1833
122.958,1,-0.1370,0.5906,0.913,0.0000,0.1644
123.053,1,-0.1259,0.5944,0.916,0.0000,0.1510
123.106,1,-0.1185,0.5999,0.916,0.0000,0.1191
123.173,1,-0.1122,0.6067,0.914,0.0000,0.0793
123.240,1,-0.1070,0.6136,0.913,0.0000,0.0391
123.308,1,-0.1027,0.6196,0.904,0.0000,0.0000
123.363,1,-0.0971,0.6256,0.905,0.0000,0.0000
123.421,1,-0.0940,0.6302,0.902,0.0000,0.0000
123.469,1,-0.0864,0.6342,0.905,0.0000,0.0000
123.525,1,-0.0767,0.6361,0.909,0.0000,0.0000
123.632,1,-0.0664,0.6380,0.906,0.0000,0.0000
123.702,1,-0.0546,0.6386,0.901,0.0000,0.0000
123.759,1,-0.0400,0.6373,0.907,0.0000,0.0000
123.816,1,-0.0255,0.6358,0.907,0.0000,0.0000
123.888,1,-0.0126,0.6344,0.904,0.0000,0.0000
123.949,1,0.0014,0.6345,0.910,0.0000,0.0000
123.997,1,0.0173,0.6326,0.911,0.0000,0.0000
124.090,1,0.0327,0.6322,0.909,0.0000,0.0000
124.146,1,0.0460,0.6337,0.907,0.0000,0.0000
124.195,1,0.0558,0.6371,0.913,0.0000,0.0000
124.286,1,0.0622,0.6411,0.915,0.0000,0.0000
124.365,1,0.0661,0.6464,0.917,0.0000,0.0000
124.448,1,0.0681,0.6511,0.917,0.0000,0.0000
124.515,1,0.0687,0.6555,0.915,0.0000,0.0000
124.570,1,0.0684,0.6593,0.913,0.0000,0.0000
124.663,1,0.0676,0.6616,0.914,0.0000,0.0000
124.739,1,0.0649,0.6630,0.911,0.0000,0.0000
124.802,1,0.0605,0.6635,0.911,0.0000,0.0000
124.860,1,0.0522,0.6630,0.912,0.0000,0.0000
124.946,1,0.0468,0.6633,0.913,0.0000,0.0000
125.007,1,0.0451,0.6638,0.910,0.0000,0.0000
125.056,1,0.0478,0.6651,0.896,0.0000,0.0000
125.101,1,0.0504,0.6655,0.893,0.0000,0.0000
125.155,1,0.0541,0.6660,0.890,0.0000,0.0000
125.247,1,0.0609,0.6660,0.894,0.0000,0.0000
125.300,1,0.0685,0.6651,0.894,0.0000,0.0000
125.358,1,0.0749,0.6635,0.894,0.0000,0.0000
125.438,1,0.0810,0.6622,0.896,0.0000,0.0000
125.490,1,0.0858,0.6610,0.900,0.0000,0.0000
125.596,1,0.0895,0.6596,0.900,0.0000,0.0000
125.653,1,0.0935,0.6577,0.902,0.0000,0.0000
125.706,1,0.0979,0.6553,0.909,0.0000,0.0000
125.770,1,0.1021,0.6528,0.915,0.0000,0.0000
125.820,1,0.1059,0.6503,0.917,0.0000,0.0000
125.933,1,0.1095,0.6480,0.920,0.0000,0.0000
126.027,1,0.1114,0.6459,0.924,0.0000,0.0000
126.078,1,0.1128,0.6448,0.925,0.0000,0.0000
126.125,1,0.1143,0.6446,0.925,0.0000,0.0000
126.220,1,0.1155,0.6443,0.925,0.0000,0.0000
126.278,1,0.1160,0.6443,0.924,0.0000,0.0000
126.325,1,0.1156,0.6445,0.923,0.0000,0.0000
126.410,1,0.1149,0.6445,0.922,0.0000,0.0000
126.461,1,0.1143,0.6445,0.920,0.0000,0.0000
126.521,1,0.1137,0.6439,0.919,0.0000,0.0000
126.594,1,0.1138,0.6433,0.919,0.0000,0.0000
126.685,1,0.1139,0.6431,0.920,0.0000,0.0000
126.760,1,0.1134,0.6430,0.919,0.0000,0.0000
126.820,1,0.1128,0.6432,0.919,0.0000,0.0000
126.869,1,0.1123,0.6435,0.918,0.0000,0.0000
126.917,1,0.1119,0.6436,0.917,0.0000,0.0000
126.991,1,0.1115,0.6436,0.917,0.0000,0.0000
127.076,1,0.1106,0.6434,0.916,0.0000,0.0000
127.139,1,0.1097,0.6433,0.916,0.0000,0.0000
127.191,1,0.1089,0.6430,0.914,0.0000,0.0000
127.256,1,0.1082,0.6430,0.913,0.0000,0.0000
127.373,1,0.1083,0.6430,0.913,0.0000,0.0000
127.441,1,0.1091,0.6427,0.912,0.0000,0.0000
127.483,1,0.1100,0.6420,0.912,0.0000,0.0000
127.571,1,0.1107,0.6409,0.912,0.0000,0.0000
127.634,1,0.1112,0.6399,0.912,0.0000,0.0000
127.684,1,0.1106,0.6388,0.911,0.0000,0.0000
127.783,1,0.1091,0.6379,0.910,0.0000,0.0000
127.844,1,0.1075,0.6372,0.910,0.0000,0.0000
127.905,1,0.1062,0.6369,0.909,0.0000,0.0000
127.953,1,0.1055,0.6368,0.907,0.0000,0.0000
128.023,1,0.1043,0.6369,0.904,0.0000,0.0000
128.102,1,0.1042,0.6379,0.904,0.0000,0.0000
128.171,1,0.1039,0.6385,0.904,0.0000,0.0000
128.219,1,0.1036,0.6385,0.905,0.0000,0.0000
128.351,1,0.1031,0.6386,0.905,0.0000,0.0000
128.412,1,0.1024,0.6387,0.904,0.0000,0.0000
128.465,1,0.1023,0.6387,0.904,0.0000,0.0000
128.513,1,0.1012,0.6389,0.905,0.0000,0.0000
128.645,1,0.1004,0.6389,0.905,0.0000,0.0000
128.697,1,0.0997,0.6390,0.905,0.0000,0.0000
128.752,1,0.0993,0.6390,0.905,0.0000,0.0000
128.822,1,0.0991,0.6389,0.905,0.0000,0.0000
128.909,1,0.0991,0.6389,0.906,0.0000,0.0000
128.965,1,0.0995,0.6389,0.907,0.0000,0.0000
129.022,1,0.0994,0.6390,0.906,0.0000,0.0000
129.087,1,0.0994,0.6391,0.907,0.0000,0.0000
129.149,1,0.0991,0.6391,0.907,0.0000,0.0000
129.249,1,0.0993,0.6392,0.905,0.0000,0.0000
129.307,1,0.0993,0.6391,0.905,0.0000,0.0000
129.350,1,0.0993,0.6392,0.906,0.0000,0.0000
129.437,1,0.0994,0.6392,0.907,0.0000,0.0000
129.505,1,0.0993,0.6393,0.906,0.0000,0.0000
129.553,1,0.0992,0.6393,0.905,0.0000,0.0000
129.623,1,0.0992,0.6393,0.906,0.0000,0.0000
129.672,1,0.0993,0.6394,0.906,0.0000,0.0000
129.786,1,0.0994,0.6393,0.906,0.0000,0.0000
129.856,1,0.0995,0.6393,0.906,0.0000,0.0000
129.912,1,0.1001,0.6392,0.905,0.0000,0.0000
129.968,1,0.1012,0.6391,0.906,0.0000,0.0000
130.017,1,0.1026,0.6391,0.905,0.0000,0.0000
130.074,1,0.1025,0.6375,0.905,0.0000,0.0000
130.165,1,0.1032,0.6384,0.905,0.0000,0.0000
130.213,1,0.1031,0.6390,0.904,0.0000,0.0000
130.306,1,0.1022,0.6399,0.904,0.0000,0.0000
130.377,1,0.1021,0.6408,0.905,0.0000,0.0000
130.426,1,0.1020,0.6416,0.905,0.0000,0.0000
130.480,1,0.1010,0.6422,0.904,0.0000,0.0000
130.585,1,0.1003,0.6429,0.902,0.0000,0.0000
130.646,1,0.0999,0.6431,0.902,0.0000,0.0000
130.694,1,0.1005,0.6434,0.903,0.0000,0.0000
130.739,1,0.1012,0.6428,0.906,0.0000,0.0000
130.852,1,0.1021,0.6425,0.908,0.0000,0.0000
130.941,1,0.1027,0.6423,0.910,0.0000,0.0000
130.988,1,0.1031,0.6423,0.910,0.0000,0.0000
131.039,1,0.1043,0.6423,0.909,0.0000,0.0000
131.149,1,0.1057,0.6422,0.910,0.0000,0.0000
131.225,1,0.1069,0.6419,0.912,0.0000,0.0000
131.277,1,0.1079,0.6418,0.914,0.0000,0.0000
131.362,1,0.1081,0.6418,0.912,0.0000,0.0000
131.454,1,0.1082,0.6415,0.911,0.0000,0.0000
131.499,1,0.1086,0.6423,0.912,0.0000,0.0000
131.538,1,0.1088,0.6426,0.914,0.0000,0.0000
131.627,1,0.1079,0.6428,0.912,0.0000,0.0000
131.710,1,0.1059,0.6427,0.910,0.0000,0.0000
131.771,1,0.1044,0.6423,0.908,0.0000,0.0000
131.821,1,0.1032,0.6421,0.905,0.0000,0.0000
131.879,1,0.1023,0.6422,0.905,0.0000,0.0000
131.970,1,0.1018,0.6423,0.905,0.0000,0.0000
132.022,1,0.1013,0.6423,0.903,0.0000,0.0000
132.073,1,0.1006,0.6426,0.903,0.0000,0.0000
132.205,1,0.0997,0.6429,0.902,0.0000,0.0000
132.266,1,0.0994,0.6440,0.901,0.0000,0.0000
132.319,1,0.0984,0.6445,0.903,0.0000,0.0000
132.369,1,0.0977,0.6446,0.902,0.0000,0.0000
132.487,1,0.0966,0.6446,0.903,0.0000,0.0000
132.544,1,0.0957,0.6446,0.904,0.0000,0.0000
132.589,1,0.0950,0.6447,0.903,0.0000,0.0000
132.635,1,0.0948,0.6445,0.899,0.0000,0.0000
132.750,1,0.0948,0.6442,0.899,0.0000,0.0000
132.804,1,0.0950,0.6437,0.899,0.0000,0.0000
132.849,1,0.0950,0.6434,0.896,0.0000,0.0000
132.922,1,0.0945,0.6431,0.896,0.0000,0.0000
132.969,1,0.0939,0.6428,0.895,0.0000,0.0000
133.084,1,0.0931,0.6427,0.894,0.0000,0.0000
133.147,1,0.0923,0.6424,0.893,0.0000,0.0000
133.194,1,0.0917,0.6422,0.893,0.0000,0.0000
133.239,1,0.0913,0.6420,0.893,0.0000,0.0000
133.302,1,0.0914,0.6411,0.894,0.0000,0.0000
133.379,1,0.0912,0.6405,0.893,0.0000,0.0000
133.468,1,0.0910,0.6404,0.892,0.0000,0.0000
133.533,1,0.0908,0.6403,0.894,0.0000,0.0000
133.584,1,0.0905,0.6403,0.894,0.0000,0.0000
133.638,1,0.0902,0.6404,0.894,0.0000,0.0000
133.753,1,0.0900,0.6404,0.894,0.0000,0.0000
133.817,1,0.0898,0.6403,0.895,0.0000,0.0000
133.875,1,0.0897,0.6404,0.895,0.0000,0.0000
133.920,1,0.0899,0.6405,0.895,0.0000,0.0000
133.967,1,0.0904,0.6406,0.894,0.0000,0.0000
134.095,1,0.0903,0.6409,0.893,0.0000,0.0000
134.152,1,0.0897,0.6420,0.893,0.0000,0.0000
134.209,1,0.0898,0.6427,0.897,0.0000,0.0000
134.271,1,0.0902,0.6433,0.898,0.0000,0.0000
134.363,1,0.0906,0.6437,0.898,0.0000,0.0000
134.435,1,0.0906,0.6441,0.899,0.0000,0.0000
134.482,1,0.0904,0.6442,0.899,0.0000,0.0000
134.536,1,0.0904,0.6442,0.899,0.0000,0.0000
134.633,1,0.0903,0.6442,0.900,0.0000,0.0000
134.692,1,0.0902,0.6442,0.900,0.0000,0.0000
134.739,1,0.0902,0.6443,0.900,0.0000,0.0000
134.810,1,0.0902,0.6442,0.898,0.0000,0.0000
134.900,1,0.0896,0.6441,0.897,0.0000,0.0000
134.948,1,0.0892,0.6442,0.898,0.0000,0.0000
135.003,1,0.0885,0.6441,0.899,0.0000,0.0000
135.106,1,0.0880,0.6441,0.899,0.0000,0.0000
135.159,1,0.0877,0.6441,0.898,0.0000,0.0000
135.208,1,0.0870,0.6443,0.897,0.0000,0.0000
135.272,1,0.0861,0.6447,0.896,0.0000,0.0000
135.336,1,0.0858,0.6449,0.898,0.0000,0.0000
135.415,1,0.0856,0.6450,0.900,0.0000,0.0000
135.482,1,0.0854,0.6450,0.901,0.0000,0.0000
135.535,1,0.0854,0.6450,0.904,0.0000,0.0000
135.624,1,0.0855,0.6450,0.907,0.0000,0.0000
135.708,1,0.0865,0.6450,0.906,0.0000,0.0000
135.756,1,0.0880,0.6451,0.903,0.0000,0.0000
135.803,1,0.0894,0.6449,0.902,0.0000,0.0000
135.861,1,0.0905,0.6445,0.902,0.0000,0.0000
135.988,1,0.0906,0.6441,0.902,0.0000,0.0000
136.048,1,0.0906,0.6437,0.901,0.0000,0.0000
136.095,1,0.0907,0.6435,0.903,0.0000,0.0000
136.190,1,0.0905,0.6434,0.903,0.0000,0.0000
136.266,1,0.0902,0.6431,0.904,0.0000,0.0000
136.321,1,0.0903,0.6429,0.903,0.0000,0.0000
136.370,1,0.0907,0.6424,0.903,0.0000,0.0000
136.422,1,0.0908,0.6419,0.903,0.0000,0.0000
136.528,1,0.0907,0.6416,0.903,0.0000,0.0000
136.580,1,0.0909,0.6414,0.903,0.0000,0.0000
136.637,1,0.0908,0.6414,0.904,0.0000,0.0000
136.697,1,0.0906,0.6415,0.903,0.0000,0.0000
136.812,1,0.0906,0.6419,0.904,0.0000,0.0000
136.881,1,0.0903,0.6421,0.905,0.0000,0.0000
136.926,1,0.0901,0.6423,0.905,0.0000,0.0000
137.056,1,0.0897,0.6426,0.905,0.0000,0.0000
137.121,1,0.0895,0.6428,0.905,0.0000,0.0000
137.174,1,0.0895,0.6430,0.907,0.0000,0.0000
137.233,1,0.0898,0.6430,0.906,0.0000,0.0000
137.315,1,0.0903,0.6431,0.907,0.0000,0.0000
137.374,1,0.0911,0.6431,0.907,0.0000,0.0000
137.425,1,0.0921,0.6429,0.907,0.0000,0.0000
137.521,1,0.0926,0.6425,0.907,0.0000,0.0000
137.622,1,0.0925,0.6422,0.907,0.0000,0.0000
137.668,1,0.0919,0.6421,0.907,0.0000,0.0000
137.719,1,0.0911,0.6420,0.906,0.0000,0.0000
137.837,1,0.0911,0.6419,0.905,0.0000,0.0000
137.893,1,0.0914,0.6418,0.904,0.0000,0.0000
137.942,1,0.0918,0.6417,0.906,0.0000,0.0000
137.997,1,0.0927,0.6414,0.905,0.0000,0.0000
138.074,1,0.0931,0.6409,0.904,0.0000,0.0000
138.128,1,0.0928,0.6404,0.904,0.0000,0.0000
138.211,1,0.0924,0.6400,0.904,0.0000,0.0000
138.282,1,0.0919,0.6399,0.905,0.0000,0.0000
138.328,1,0.0915,0.6399,0.906,0.0000,0.0000
138.410,1,0.0912,0.6401,0.904,0.0000,0.0000
138.458,1,0.0911,0.6401,0.905,0.0000,0.0000
138.563,1,0.0909,0.6398,0.903,0.0000,0.0000
138.621,1,0.0912,0.6395,0.901,0.0000,0.0000
138.669,1,0.0914,0.6390,0.900,0.0000,0.0000
138.719,1,0.0912,0.6387,0.899,0.0000,0.0000
138.799,1,0.0908,0.6389,0.900,0.0000,0.0000
138.873,1,0.0902,0.6390,0.899,0.0000,0.0000
138.924,1,0.0900,0.6390,0.899,0.0000,0.0000
139.002,1,0.0900,0.6390,0.898,0.0000,0.0000
139.055,1,0.0893,0.6390,0.899,0.0000,0.0000
139.163,1,0.0887,0.6389,0.899,0.0000,0.0000
139.252,1,0.0883,0.6389,0.900,0.0000,0.0000
139.309,1,0.0879,0.6388,0.900,0.0000,0.0000
139.364,1,0.0876,0.6388,0.900,0.0000,0.0000
139.435,1,0.0872,0.6390,0.901,0.0000,0.0000
139.502,1,0.0881,0.6390,0.901,0.0000,0.0000
139.551,1,0.0890,0.6388,0.899,0.0000,0.0000
139.674,1,0.0892,0.6384,0.899,0.0000,0.0000
139.739,1,0.0890,0.6381,0.899,0.0000,0.0000
139.784,1,0.0887,0.6380,0.897,0.0000,0.0000
139.891,1,0.0885,0.6378,0.897,0.0000,0.0000
139.951,1,0.0883,0.6375,0.896,0.0000,0.0000
140.006,1,0.0879,0.6376,0.895,0.0000,0.0000
140.052,1,0.0871,0.6375,0.894,0.0000,0.0000
140.151,1,0.0860,0.6375,0.893,0.0000,0.0000
140.211,1,0.0849,0.6374,0.895,0.0000,0.0000
140.259,1,0.0842,0.6373,0.895,0.0000,0.0000
140.342,1,0.0836,0.6373,0.896,0.0000,0.0000
140.411,1,0.0833,0.6372,0.896,0.0000,0.0000
140.460,1,0.0831,0.6371,0.897,0.0000,0.0000
140.538,1,0.0831,0.6371,0.897,0.0000,0.0000
140.595,1,0.0831,0.6370,0.895,0.0000,0.0000
140.671,1,0.0828,0.6370,0.896,0.0000,0.0000
140.724,1,0.0824,0.6370,0.895,0.0000,0.0000
140.789,1,0.0819,0.6371,0.896,0.0000,0.0000
140.913,1,0.0815,0.6372,0.897,0.0000,0.0000
140.969,1,0.0814,0.6371,0.897,0.0000,0.0000
141.018,1,0.0814,0.6367,0.896,0.0000,0.0000
141.118,1,0.0808,0.6364,0.896,0.0000,0.0000
141.186,1,0.0803,0.6363,0.897,0.0000,0.0000
141.250,1,0.0800,0.6362,0.896,0.0000,0.0000
141.299,1,0.0803,0.6363,0.898,0.0000,0.0000
141.351,1,0.0812,0.6364,0.896,0.0000,0.0000
141.455,1,0.0826,0.6364,0.894,0.0000,0.0000
141.522,1,0.0841,0.6364,0.895,0.0000,0.0000
141.570,1,0.0851,0.6364,0.897,0.0000,0.0000
141.616,1,0.0855,0.6365,0.897,0.0000,0.0000
141.701,1,0.0860,0.6366,0.898,0.0000,0.0000
141.768,1,0.0861,0.6366,0.898,0.0000,0.0000
141.820,1,0.0862,0.6368,0.899,0.0000,0.0000
141.909,1,0.0864,0.6369,0.897,0.0000,0.0000
141.963,1,0.0865,0.6370,0.898,0.0000,0.0000
142.016,1,0.0861,0.6373,0.899,0.0000,0.0000
142.064,1,0.0861,0.6380,0.900,0.0000,0.0000
142.111,1,0.0865,0.6385,0.900,0.0000,0.0000
142.215,1,0.0872,0.6393,0.902,0.0000,0.0000
142.269,1,0.0874,0.6398,0.904,0.0000,0.0000
142.317,1,0.0876,0.6401,0.905,0.0000,0.0000
142.399,1,0.0888,0.6402,0.905,0.0000,0.0000
142.452,1,0.0908,0.6405,0.905,0.0000,0.0000
142.539,1,0.0929,0.6412,0.905,0.0000,0.0000
142.587,1,0.0954,0.6419,0.904,0.0000,0.0000
142.661,1,0.0976,0.6424,0.905,0.0000,0.0000
142.717,1,0.0991,0.6426,0.905,0.0000,0.0000
142.853,1,0.1000,0.6414,0.906,0.0000,0.0000
142.917,1,0.1013,0.6418,0.905,0.0000,0.0000
142.964,1,0.1021,0.6405,0.902,0.0000,0.0000
143.018,1,0.1019,0.6396,0.902,0.0000,0.0000
143.104,1,0.1019,0.6389,0.902,0.0000,0.0000
143.173,1,0.1015,0.6384,0.900,0.0000,0.0000
143.226,1,0.1009,0.6382,0.901,0.0000,0.0000
143.273,1,0.1010,0.6378,0.899,0.0000,0.0000
143.385,1,0.1019,0.6372,0.898,0.0000,0.0000
143.474,1,0.1023,0.6369,0.896,0.0000,0.0000
143.521,1,0.1025,0.6366,0.898,0.0000,0.0000
143.583,1,0.1021,0.6365,0.899,0.0000,0.0000
143.677,1,0.1020,0.6361,0.898,0.0000,0.0000
143.739,1,0.1014,0.6364,0.898,0.0000,0.0000
143.787,1,0.0999,0.6362,0.901,0.0000,0.0000
143.871,1,0.0985,0.6358,0.900,0.0000,0.0000
143.917,1,0.0974,0.6356,0.902,0.0000,0.0000
144.032,1,0.0953,0.6356,0.903,0.0000,0.0000
144.087,1,0.0935,0.6357,0.902,0.0000,0.0000
144.176,1,0.0928,0.6354,0.902,0.0000,0.0000
144.229,1,0.0927,0.6351,0.902,0.0000,0.0000
144.278,1,0.0937,0.6345,0.903,0.0000,0.0000
144.374,1,0.0949,0.6342,0.904,0.0000,0.0000
144.463,1,0.0954,0.6339,0.904,0.0000,0.0000
144.516,1,0.0952,0.6339,0.904,0.0000,0.0000
144.746,1,0.0954,0.6338,0.903,0.0000,0.0000
144.801,1,0.0958,0.6342,0.903,0.0000,0.0000
144.854,1,0.0955,0.6347,0.903,0.0000,0.0000
144.907,1,0.0959,0.6351,0.904,0.0000,0.0000
145.021,1,0.0963,0.6352,0.904,0.0000,0.0000
145.079,1,0.0963,0.6353,0.905,0.0000,0.0000
145.159,1,0.0964,0.6355,0.905,0.0000,0.0000
145.223,1,0.0962,0.6356,0.905,0.0000,0.0000
145.279,1,0.0959,0.6360,0.905,0.0000,0.0000
145.359,1,0.0952,0.6363,0.904,0.0000,0.0000
145.412,1,0.0948,0.6368,0.905,0.0000,0.0000
145.473,1,0.0945,0.6369,0.905,0.0000,0.0000
145.522,1,0.0941,0.6373,0.904,0.0000,0.0000
145.572,1,0.0936,0.6374,0.904,0.0000,0.0000
145.657,1,0.0928,0.6375,0.905,0.0000,0.0000
145.709,1,0.0923,0.6377,0.906,0.0000,0.0000
145.789,1,0.0918,0.6378,0.904,0.0000,0.0000
145.844,1,0.0913,0.6380,0.904,0.0000,0.0000
145.944,1,0.0902,0.6380,0.904,0.0000,0.0000
146.012,1,0.0887,0.6380,0.904,0.0000,0.0000
146.057,1,0.0870,0.6379,0.904,0.0000,0.0000
146.105,1,0.0866,0.6378,0.905,0.0000,0.0000
146.199,1,0.0869,0.6375,0.905,0.0000,0.0000
146.260,1,0.0874,0.6372,0.904,0.0000,0.0000
146.315,1,0.0884,0.6370,0.906,0.0000,0.0000
146.402,1,0.0897,0.6374,0.906,0.0000,0.0000
146.467,1,0.0907,0.6379,0.906,0.0000,0.0000
146.509,1,0.0917,0.6381,0.906,0.0000,0.0000
146.577,1,0.0924,0.6384,0.906,0.0000,0.0000
146.645,1,0.0927,0.6386,0.906,0.0000,0.0000
146.693,1,0.0918,0.6387,0.906,0.0000,0.0000
146.740,1,0.0908,0.6384,0.906,0.0000,0.0000
146.842,1,0.0900,0.6384,0.908,0.0000,0.0000
146.918,1,0.0898,0.6385,0.907,0.0000,0.0000
146.968,1,0.0899,0.6385,0.908,0.0000,0.0000
147.012,1,0.0898,0.6386,0.907,0.0000,0.0000
147.100,1,0.0897,0.6387,0.909,0.0000,0.0000
147.149,1,0.0900,0.6388,0.908,0.0000,0.0000
147.201,1,0.0905,0.6389,0.908,0.0000,0.0000
147.290,1,0.0909,0.6386,0.908,0.0000,0.0000
147.362,1,0.0908,0.6382,0.908,0.0000,0.0000
147.419,1,0.0903,0.6381,0.907,0.0000,0.0000
147.470,1,0.0900,0.6379,0.906,0.0000,0.0000
147.582,1,0.0897,0.6379,0.905,0.0000,0.0000
147.643,1,0.0897,0.6377,0.905,0.0000,0.0000
147.689,1,0.0894,0.6375,0.904,0.0000,0.0000
147.736,1,0.0891,0.6375,0.904,0.0000,0.0000
147.814,1,0.0887,0.6374,0.903,0.0000,0.0000
147.887,1,0.0888,0.6372,0.903,0.0000,0.0000
147.938,1,0.0889,0.6371,0.903,0.0000,0.0000
148.034,1,0.0889,0.6371,0.903,0.0000,0.0000
148.084,1,0.0891,0.6370,0.903,0.0000,0.0000
148.133,1,0.0892,0.6369,0.903,0.0000,0.0000
148.222,1,0.0892,0.6367,0.904,0.0000,0.0000
148.290,1,0.0891,0.6365,0.904,0.0000,0.0000
148.353,1,0.0892,0.6364,0.904,0.0000,0.0000
148.401,1,0.0892,0.6365,0.904,0.0000,0.0000
148.500,1,0.0893,0.6365,0.905,0.0000,0.0000
148.567,1,0.0892,0.6365,0.905,0.0000,0.0000
148.614,1,0.0891,0.6360,0.900,0.0000,0.0000
148.664,1,0.0890,0.6347,0.901,0.0000,0.0000
148.773,1,0.0890,0.6331,0.902,0.0000,0.0000
148.832,1,0.0892,0.6317,0.902,0.0000,0.0000
148.878,1,0.0892,0.6305,0.903,0.0000,0.0000
148.933,1,0.0894,0.6295,0.903,0.0000,0.0000
149.014,1,0.0895,0.6288,0.903,0.0000,0.0000
149.104,1,0.0896,0.6286,0.904,0.0000,0.0000
149.151,1,0.0893,0.6278,0.904,0.0000,0.0000
149.195,1,0.0891,0.6274,0.903,0.0000,0.0000
149.291,1,0.0891,0.6273,0.903,0.0000,0.0000
149.343,1,0.0890,0.6273,0.902,0.0000,0.0000
149.405,1,0.0889,0.6274,0.902,0.0000,0.0000
149.507,1,0.0888,0.6273,0.902,0.0000,0.0000
149.569,1,0.0889,0.6273,0.903,0.0000,0.0000
149.614,1,0.0888,0.6273,0.902,0.0000,0.0000
149.665,1,0.0888,0.6274,0.903,0.0000,0.0000
149.751,1,0.0887,0.6274,0.902,0.0000,0.0000
149.816,1,0.0886,0.6274,0.902,0.0000,0.0000
149.867,1,0.0885,0.6275,0.902,0.0000,0.0000
149.959,1,0.0884,0.6276,0.902,0.0000,0.0000
150.011,1,0.0884,0.6278,0.903,0.0000,0.0000
150.064,1,0.0884,0.6279,0.903,0.0000,0.0000
150.167,1,0.0885,0.6280,0.903,0.0000,0.0000
150.216,1,0.0885,0.6280,0.902,0.0000,0.0000
150.268,1,0.0885,0.6281,0.902,0.0000,0.0000
150.404,1,0.0886,0.6282,0.901,0.0000,0.0000
150.481,1,0.0886,0.6285,0.900,0.0000,0.0000
150.522,1,0.0890,0.6309,0.900,0.0000,0.0000
150.626,1,0.0888,0.6323,0.902,0.0000,0.0000
150.688,1,0.0887,0.6334,0.901,0.0000,0.0000
150.736,1,0.0887,0.6353,0.903,0.0000,0.0000
150.790,1,0.0887,0.6368,0.904,0.0000,0.0000
150.907,1,0.0885,0.6377,0.906,0.0000,0.0000
150.984,1,0.0882,0.6383,0.906,0.0000,0.0000
151.029,1,0.0880,0.6388,0.904,0.0000,0.0000
151.123,1,0.0879,0.6392,0.904,0.0000,0.0000
151.181,1,0.0877,0.6396,0.903,0.0000,0.0000
151.226,1,0.0873,0.6399,0.903,0.0000,0.0000
151.321,1,0.0871,0.6401,0.902,0.0000,0.0000
151.388,1,0.0867,0.6403,0.903,0.0000,0.0000
151.434,1,0.0863,0.6404,0.903,0.0000,0.0000
151.518,1,0.0861,0.6405,0.902,0.0000,0.0000
151.570,1,0.0859,0.6405,0.901,0.0000,0.0000
151.622,1,0.0858,0.6404,0.901,0.0000,0.0000
151.755,1,0.0858,0.6398,0.899,0.0000,0.0000
151.840,1,0.0856,0.6394,0.899,0.0000,0.0000
151.885,1,0.0850,0.6390,0.897,0.0000,0.0000
151.932,1,0.0842,0.6387,0.899,0.0000,0.0000
152.027,1,0.0834,0.6384,0.900,0.0000,0.0000
152.102,1,0.0827,0.6367,0.901,0.0000,0.0000
152.149,1,0.0819,0.6354,0.901,0.0000,0.0000
152.197,1,0.0813,0.6342,0.901,0.0000,0.0000
152.288,1,0.0808,0.6335,0.902,0.0000,0.0000
152.336,1,0.0805,0.6328,0.902,0.0000,0.0000
152.385,1,0.0803,0.6324,0.902,0.0000,0.0000
152.515,1,0.0800,0.6321,0.902,0.0000,0.0000
152.583,1,0.0798,0.6319,0.902,0.0000,0.0000
152.634,1,0.0797,0.6317,0.901,0.0000,0.0000
152.710,1,0.0800,0.6334,0.903,0.0000,0.0000
152.759,1,0.0804,0.6345,0.901,0.0000,0.0000
152.868,1,0.0809,0.6352,0.899,0.0000,0.0000
152.925,1,0.0815,0.6354,0.899,0.0000,0.0000
153.024,1,0.0824,0.6356,0.901,0.0000,0.0000
153.075,1,0.0829,0.6357,0.898,0.0000,0.0000
153.126,1,0.0833,0.6356,0.898,0.0000,0.0000
153.234,1,0.0835,0.6356,0.899,0.0000,0.0000
153.289,1,0.0832,0.6357,0.899,0.0000,0.0000
153.334,1,0.0828,0.6359,0.898,0.0000,0.0000
153.394,1,0.0825,0.6360,0.898,0.0000,0.0000
153.473,1,0.0821,0.6359,0.898,0.0000,0.0000
153.535,1,0.0820,0.6358,0.897,0.0000,0.0000
153.586,1,0.0823,0.6355,0.897,0.0000,0.0000
153.721,1,0.0833,0.6352,0.899,0.0000,0.0000
153.784,1,0.0842,0.6352,0.900,0.0000,0.0000
153.826,1,0.0855,0.6350,0.900,0.0000,0.0000
153.931,1,0.0867,0.6347,0.900,0.0000,0.0000
153.985,1,0.0875,0.6345,0.900,0.0000,0.0000
154.031,1,0.0878,0.6340,0.900,0.0000,0.0000
154.082,1,0.0877,0.6333,0.898,0.0000,0.0000
154.184,1,0.0879,0.6330,0.898,0.0000,0.0000
154.237,1,0.0881,0.6325,0.898,0.0000,0.0000
154.288,1,0.0882,0.6326,0.898,0.0000,0.0000
154.384,1,0.0877,0.6323,0.900,0.0000,0.0000
154.450,1,0.0864,0.6321,0.900,0.0000,0.0000
154.501,1,0.0846,0.6318,0.899,0.0000,0.0000
154.551,1,0.0829,0.6317,0.898,0.0000,0.0000
154.647,1,0.0813,0.6317,0.898,0.0000,0.0000
154.708,1,0.0797,0.6315,0.900,0.0000,0.0000
154.759,1,0.0784,0.6312,0.901,0.0000,0.0000
154.840,1,0.0776,0.6310,0.902,0.0000,0.0000
154.899,1,0.0771,0.6309,0.901,0.0000,0.0000
154.953,1,0.0770,0.6307,0.901,0.0000,0.0000
155.053,1,0.0769,0.6307,0.902,0.0000,0.0000
155.120,1,0.0769,0.6307,0.902,0.0000,0.0000
155.172,1,0.0770,0.6305,0.902,0.0000,0.0000
155.218,1,0.0771,0.6303,0.903,0.0000,0.0000
155.340,1,0.0773,0.6301,0.903,0.0000,0.0000
155.412,1,0.0772,0.6298,0.902,0.0000,0.0000
155.456,1,0.0776,0.6296,0.903,0.0000,0.0000
155.522,1,0.0778,0.6294,0.904,0.0000,0.0000
155.614,1,0.0781,0.6292,0.904,0.0000,0.0000
155.671,1,0.0783,0.6291,0.903,0.0000,0.0000
155.719,1,0.0787,0.6288,0.902,0.0000,0.0000
155.827,1,0.0790,0.6285,0.901,0.0000,0.0000
155.889,1,0.0794,0.6283,0.901,0.0000,0.0000
155.934,1,0.0796,0.6281,0.900,0.0000,0.0000
155.982,1,0.0797,0.6280,0.900,0.0000,0.0000
156.070,1,0.0798,0.6285,0.897,0.0000,0.0000
156.121,1,0.0813,0.6285,0.900,0.0000,0.0000
156.215,1,0.0853,0.6274,0.902,0.0000,0.0000
156.283,1,0.0894,0.6262,0.896,0.0000,0.0000
156.333,1,0.0917,0.6243,0.890,0.0000,0.0000
156.380,1,0.0912,0.6228,0.892,0.0000,0.0000
156.466,1,0.0848,0.6197,0.897,0.0000,0.0000
156.515,1,0.0755,0.6154,0.905,0.0000,0.0000
156.611,1,0.0644,0.6102,0.916,0.0000,0.0000
156.671,1,0.0140,0.6054,0.912,0.0000,0.0000
156.719,1,-0.0310,0.5998,0.904,0.0000,0.0000
156.798,1,-0.0585,0.5913,0.910,0.0000,0.0000
156.845,1,-0.0341,0.5797,0.773,0.0000,0.0000
156.964,1,-0.0533,0.5688,0.885,0.0000,0.0000
157.040,1,-0.0615,0.5548,0.891,0.0000,0.0000
157.088,1,-0.0615,0.5320,0.904,0.0000,0.0000
157.157,1,-0.0638,0.5068,0.900,0.0412,0.0000
157.233,1,-0.0683,0.4853,0.908,0.0868,0.0000
157.279,1,-0.0752,0.4690,0.890,0.1148,0.0000
157.375,1,-0.0800,0.4562,0.892,0.1438,0.0000
157.436,1,-0.0841,0.4456,0.883,0.1544,0.0000
157.488,1,-0.0865,0.4376,0.895,0.1624,0.0000
157.547,1,-0.0879,0.4327,0.894,0.1673,0.0000
157.662,1,-0.0886,0.4302,0.894,0.1698,0.0000
157.735,1,-0.0892,0.4293,0.893,0.1707,0.0000
157.781,1,-0.0894,0.4301,0.878,0.1699,0.0000
157.871,1,-0.0895,0.4311,0.879,0.1689,0.0000
157.934,1,-0.0895,0.4317,0.880,0.1683,0.0000
157.983,1,-0.0892,0.4322,0.880,0.1678,0.0000
158.084,1,-0.0891,0.4327,0.882,0.1673,0.0000
158.137,1,-0.0893,0.4331,0.884,0.1669,0.0000
158.184,1,-0.0894,0.4332,0.883,0.1668,0.0000
158.304,1,-0.0886,0.4344,0.884,0.1656,0.0000
158.360,1,-0.0816,0.4382,0.884,0.1618,0.0000
158.405,1,-0.0586,0.4596,0.881,0.1404,0.0000
158.518,1,-0.0682,0.4841,0.897,0.1159,0.0000
158.574,1,-0.0932,0.5063,0.915,0.0937,0.0000
158.621,1,-0.1290,0.5222,0.917,0.0652,0.0285
158.673,1,-0.1521,0.5364,0.865,0.0343,0.0594
158.776,1,-0.0689,0.5460,0.905,0.0000,0.0000
158.832,1,-0.0184,0.5590,0.916,0.0000,0.0000
158.877,1,0.0143,0.5698,0.923,0.0000,0.0000
158.980,1,0.0381,0.5785,0.920,0.0000,0.0000
159.058,1,0.0534,0.5861,0.919,0.0000,0.0000
159.103,1,0.0627,0.5922,0.918,0.0000,0.0000
159.152,1,0.0672,0.5980,0.917,0.0000,0.0000
159.221,1,0.0679,0.6031,0.916,0.0000,0.0000
159.273,1,0.0682,0.6079,0.912,0.0000,0.0000
159.356,1,0.0681,0.6117,0.911,0.0000,0.0000
159.436,1,0.0687,0.6145,0.912,0.0000,0.0000
159.491,1,0.0715,0.6170,0.909,0.0000,0.0000
159.539,1,0.0761,0.6188,0.905,0.0000,0.0000
159.649,1,0.0809,0.6202,0.902,0.0000,0.0000
159.702,1,0.0874,0.6214,0.899,0.0000,0.0000
159.749,1,0.0927,0.6222,0.899,0.0000,0.0000
159.803,1,0.0964,0.6231,0.901,0.0000,0.0000
159.924,1,0.0992,0.6238,0.902,0.0000,0.0000
159.989,1,0.1011,0.6242,0.902,0.0000,0.0000
160.037,1,0.1022,0.6247,0.903,0.0000,0.0000
160.150,1,0.1030,0.6249,0.903,0.0000,0.0000
160.219,1,0.1035,0.6250,0.903,0.0000,0.0000
160.265,1,0.1037,0.6251,0.902,0.0000,0.0000
160.315,1,0.1038,0.6251,0.902,0.0000,0.0000
160.367,1,0.1039,0.6250,0.902,0.0000,0.0000
160.483,1,0.1037,0.6249,0.902,0.0000,0.0000
160.552,1,0.1035,0.6247,0.901,0.0000,0.0000
160.595,1,0.1034,0.6246,0.902,0.0000,0.0000
160.640,1,0.1033,0.6243,0.901,0.0000,0.0000
160.738,1,0.1029,0.6240,0.902,0.0000,0.0000
160.795,1,0.1027,0.6238,0.902,0.0000,0.0000
160.851,1,0.1022,0.6236,0.900,0.0000,0.0000
160.902,1,0.1017,0.6234,0.900,0.0000,0.0000
161.012,1,0.1015,0.6234,0.899,0.0000,0.0000
161.084,1,0.1013,0.6234,0.900,0.0000,0.0000
161.142,1,0.1012,0.6238,0.899,0.0000,0.0000
161.192,1,0.1013,0.6240,0.899,0.0000,0.0000
161.237,1,0.1014,0.6250,0.899,0.0000,0.0000
161.326,1,0.1014,0.6273,0.895,0.0000,0.0000
161.401,1,0.1014,0.6311,0.890,0.0000,0.0000
161.450,1,0.1010,0.6353,0.886,0.0000,0.0000
161.499,1,0.0990,0.6391,0.880,0.0000,0.0000
161.619,1,0.0952,0.6419,0.880,0.0000,0.0000
161.684,1,0.0918,0.6439,0.880,0.0000,0.0000
161.732,1,0.0895,0.6450,0.883,0.0000,0.0000
161.777,1,0.0881,0.6458,0.885,0.0000,0.0000
161.862,1,0.0875,0.6461,0.886,0.0000,0.0000
161.916,1,0.0866,0.6461,0.884,0.0000,0.0000
161.968,1,0.0840,0.6457,0.883,0.0000,0.0000
162.056,1,0.0822,0.6453,0.884,0.0000,0.0000
162.105,1,0.0819,0.6439,0.883,0.0000,0.0000
162.225,1,0.0841,0.6437,0.885,0.0000,0.0000
162.297,1,0.0898,0.6426,0.892,0.0000,0.0000
162.341,1,0.0962,0.6415,0.897,0.0000,0.0000
162.422,1,0.1006,0.6401,0.897,0.0000,0.0000
162.489,1,0.1035,0.6390,0.896,0.0000,0.0000
162.535,1,0.1053,0.6380,0.897,0.0000,0.0000
162.648,1,0.1070,0.6372,0.901,0.0000,0.0000
162.714,1,0.1078,0.6362,0.904,0.0000,0.0000
162.758,1,0.1074,0.6353,0.904,0.0000,0.0000
162.805,1,0.1065,0.6347,0.903,0.0000,0.0000
162.874,1,0.1051,0.6343,0.900,0.0000,0.0000
162.956,1,0.1038,0.6342,0.902,0.0000,0.0000
163.005,1,0.1033,0.6341,0.903,0.0000,0.0000
163.086,1,0.1025,0.6337,0.903,0.0000,0.0000
163.134,1,0.1010,0.6329,0.898,0.0000,0.0000
163.231,1,0.0987,0.6335,0.899,0.0000,0.0000
163.298,1,0.0966,0.6337,0.899,0.0000,0.0000
163.347,1,0.0965,0.6340,0.899,0.0000,0.0000
163.401,1,0.0973,0.6344,0.898,0.0000,0.0000
163.556,1,0.0991,0.6348,0.899,0.0000,0.0000
163.613,1,0.1001,0.6343,0.899,0.0000,0.0000
163.667,1,0.1012,0.6353,0.898,0.0000,0.0000
163.786,1,0.1018,0.6357,0.898,0.0000,0.0000
163.850,1,0.1017,0.6354,0.897,0.0000,0.0000
163.897,1,0.1007,0.6350,0.897,0.0000,0.0000
163.985,1,0.0999,0.6347,0.900,0.0000,0.0000
164.047,1,0.0987,0.6342,0.900,0.0000,0.0000
164.118,1,0.0962,0.6327,0.902,0.0000,0.0000
164.166,1,0.0943,0.6327,0.903,0.0000,0.0000
164.252,1,0.0925,0.6327,0.903,0.0000,0.0000
164.317,1,0.0910,0.6327,0.902,0.0000,0.0000
164.384,1,0.0901,0.6326,0.902,0.0000,0.0000
164.448,1,0.0891,0.6323,0.902,0.0000,0.0000
164.509,1,0.0885,0.6317,0.903,0.0000,0.0000
164.585,1,0.0879,0.6314,0.902,0.0000,0.0000
164.632,1,0.0873,0.6311,0.902,0.0000,0.0000
164.713,1,0.0868,0.6311,0.902,0.0000,0.0000
164.789,1,0.0862,0.6311,0.902,0.0000,0.0000
164.837,1,0.0858,0.6310,0.902,0.0000,0.0000
164.883,1,0.0856,0.6310,0.901,0.0000,0.0000
165.002,1,0.0853,0.6309,0.902,0.0000,0.0000
165.077,1,0.0851,0.6310,0.901,0.0000,0.0000
165.132,1,0.0850,0.6315,0.902,0.0000,0.0000
165.218,1,0.0853,0.6315,0.904,0.0000,0.0000
165.283,1,0.0854,0.6312,0.903,0.0000,0.0000
165.324,1,0.0854,0.6311,0.903,0.0000,0.0000
165.422,1,0.0858,0.6310,0.904,0.0000,0.0000
165.500,1,0.0865,0.6313,0.904,0.0000,0.0000
165.547,1,0.0873,0.6316,0.904,0.0000,0.0000
165.597,1,0.0879,0.6319,0.904,0.0000,0.0000
165.675,1,0.0885,0.6322,0.905,0.0000,0.0000
165.737,1,0.0894,0.6322,0.905,0.0000,0.0000
165.797,1,0.0902,0.6321,0.904,0.0000,0.0000
165.889,1,0.0908,0.6323,0.906,0.0000,0.0000
165.950,1,0.0913,0.6326,0.905,0.0000,0.0000
166.002,1,0.0922,0.6329,0.908,0.0000,0.0000
166.055,1,0.0932,0.6331,0.907,0.0000,0.0000
166.174,1,0.0947,0.6333,0.907,0.0000,0.0000
166.238,1,0.0959,0.6335,0.906,0.0000,0.0000
166.308,1,0.0967,0.6336,0.905,0.0000,0.0000
166.358,1,0.0973,0.6334,0.906,0.0000,0.0000
166.468,1,0.0980,0.6332,0.906,0.0000,0.0000
166.534,1,0.0989,0.6322,0.905,0.0000,0.0000
166.581,1,0.0999,0.6313,0.905,0.0000,0.0000
166.624,1,0.1005,0.6312,0.908,0.0000,0.0000
166.711,1,0.1002,0.6313,0.907,0.0000,0.0000
166.770,1,0.1003,0.6316,0.906,0.0000,0.0000
166.820,1,0.1002,0.6316,0.905,0.0000,0.0000
166.917,1,0.0996,0.6312,0.906,0.0000,0.0000
166.978,1,0.0984,0.6310,0.905,0.0000,0.0000
167.032,1,0.0975,0.6306,0.906,0.0000,0.0000
167.103,1,0.0967,0.6307,0.907,0.0000,0.0000
167.152,1,0.0962,0.6307,0.906,0.0000,0.0000
167.283,1,0.0962,0.6308,0.906,0.0000,0.0000
167.352,1,0.0964,0.6309,0.905,0.0000,0.0000
167.403,1,0.0970,0.6310,0.905,0.0000,0.0000
167.451,1,0.0973,0.6311,0.905,0.0000,0.0000
167.559,1,0.0973,0.6312,0.905,0.0000,0.0000
167.637,1,0.0974,0.6314,0.905,0.0000,0.0000
167.687,1,0.0977,0.6316,0.904,0.0000,0.0000
167.732,1,0.0974,0.6316,0.904,0.0000,0.0000
167.785,1,0.0971,0.6315,0.904,0.0000,0.0000
167.898,1,0.0968,0.6317,0.904,0.0000,0.0000
167.958,1,0.0967,0.6321,0.906,0.0000,0.0000
168.007,1,0.0974,0.6327,0.907,0.0000,0.0000
168.067,1,0.0993,0.6332,0.907,0.0000,0.0000
168.119,1,0.1013,0.6337,0.908,0.0000,0.0000
168.229,1,0.1023,0.6338,0.909,0.0000,0.0000
168.295,1,0.1025,0.6335,0.910,0.0000,0.0000
168.344,1,0.1023,0.6333,0.910,0.0000,0.0000
168.392,1,0.1017,0.6335,0.909,0.0000,0.0000
168.464,1,0.1006,0.6337,0.907,0.0000,0.0000
168.516,1,0.0984,0.6332,0.905,0.0000,0.0000
168.647,1,0.0965,0.6325,0.904,0.0000,0.0000
168.711,1,0.0952,0.6317,0.905,0.0000,0.0000
168.760,1,0.0950,0.6320,0.903,0.0000,0.0000
168.829,1,0.0948,0.6322,0.902,0.0000,0.0000
168.901,1,0.0926,0.6324,0.900,0.0000,0.0000
168.980,1,0.0909,0.6322,0.900,0.0000,0.0000
169.031,1,0.0902,0.6322,0.899,0.0000,0.0000
169.081,1,0.0899,0.6321,0.897,0.0000,0.0000
169.195,1,0.0897,0.6316,0.897,0.0000,0.0000
169.264,1,0.0900,0.6310,0.897,0.0000,0.0000
169.323,1,0.0901,0.6304,0.896,0.0000,0.0000
169.371,1,0.0900,0.6299,0.895,0.0000,0.0000
169.437,1,0.0893,0.6293,0.897,0.0000,0.0000
169.484,1,0.0887,0.6290,0.898,0.0000,0.0000
169.603,1,0.0887,0.6290,0.899,0.0000,0.0000
169.697,1,0.0891,0.6293,0.899,0.0000,0.0000
169.742,1,0.0908,0.6296,0.899,0.0000,0.0000
169.789,1,0.0921,0.6299,0.900,0.0000,0.0000
169.871,1,0.0929,0.6301,0.902,0.0000,0.0000
169.927,1,0.0934,0.6302,0.904,0.0000,0.0000
169.979,1,0.0937,0.6301,0.903,0.0000,0.0000
170.108,1,0.0937,0.6304,0.903,0.0000,0.0000
170.165,1,0.0935,0.6306,0.903,0.0000,0.0000
170.216,1,0.0925,0.6309,0.903,0.0000,0.0000
170.300,1,0.0914,0.6312,0.905,0.0000,0.0000
170.365,1,0.0906,0.6313,0.905,0.0000,0.0000
170.415,1,0.0900,0.6313,0.905,0.0000,0.0000
170.508,1,0.0902,0.6314,0.906,0.0000,0.0000
170.556,1,0.0908,0.6314,0.905,0.0000,0.0000
170.620,1,0.0913,0.6313,0.903,0.0000,0.0000
170.708,1,0.0910,0.6311,0.903,0.0000,0.0000
170.766,1,0.0902,0.6310,0.903,0.0000,0.0000
170.814,1,0.0892,0.6312,0.902,0.0000,0.0000
170.954,1,0.0886,0.6313,0.900,0.0000,0.0000
171.019,1,0.0882,0.6313,0.900,0.0000,0.0000
171.069,1,0.0877,0.6307,0.897,0.0000,0.0000
171.114,1,0.0872,0.6301,0.897,0.0000,0.0000
171.218,1,0.0867,0.6295,0.898,0.0000,0.0000
171.283,1,0.0865,0.6293,0.897,0.0000,0.0000
171.337,1,0.0860,0.6292,0.897,0.0000,0.0000
171.393,1,0.0856,0.6291,0.897,0.0000,0.0000
171.446,1,0.0852,0.6289,0.897,0.0000,0.0000
171.544,1,0.0850,0.6287,0.897,0.0000,0.0000
171.615,1,0.0847,0.6287,0.897,0.0000,0.0000
171.655,1,0.0846,0.6287,0.897,0.0000,0.0000
171.737,1,0.0846,0.6287,0.898,0.0000,0.0000
171.804,1,0.0849,0.6290,0.899,0.0000,0.0000
171.848,1,0.0852,0.6293,0.899,0.0000,0.0000
171.944,1,0.0852,0.6293,0.898,0.0000,0.0000
172.000,1,0.0854,0.6296,0.898,0.0000,0.0000
172.060,1,0.0859,0.6297,0.899,0.0000,0.0000
172.111,1,0.0864,0.6299,0.899,0.0000,0.0000
172.219,1,0.0868,0.6300,0.899,0.0000,0.0000
172.276,1,0.0870,0.6301,0.899,0.0000,0.0000
172.329,1,0.0873,0.6303,0.898,0.0000,0.0000
172.385,1,0.0880,0.6304,0.898,0.0000,0.0000
172.473,1,0.0893,0.6301,0.898,0.0000,0.0000
172.528,1,0.0913,0.6300,0.898,0.0000,0.0000
172.574,1,0.0929,0.6301,0.897,0.0000,0.0000
172.693,1,0.0944,0.6306,0.897,0.0000,0.0000
172.756,1,0.0956,0.6312,0.897,0.0000,0.0000
172.806,1,0.0965,0.6316,0.897,0.0000,0.0000
172.912,1,0.0973,0.6318,0.897,0.0000,0.0000
172.969,1,0.0979,0.6319,0.897,0.0000,0.0000
173.020,1,0.0979,0.6322,0.899,0.0000,0.0000
173.088,1,0.0977,0.6322,0.900,0.0000,0.0000
173.137,1,0.0964,0.6324,0.902,0.0000,0.0000
173.224,1,0.0941,0.6324,0.904,0.0000,0.0000
173.288,1,0.0921,0.6326,0.904,0.0000,0.0000
173.342,1,0.0904,0.6327,0.905,0.0000,0.0000
173.437,1,0.0889,0.6329,0.905,0.0000,0.0000
173.492,1,0.0882,0.6329,0.906,0.0000,0.0000
173.535,1,0.0881,0.6328,0.906,0.0000,0.0000
173.713,1,0.0887,0.6328,0.903,0.0000,0.0000
173.787,1,0.0900,0.6328,0.903,0.0000,0.0000
173.850,1,0.0904,0.6327,0.903,0.0000,0.0000
173.897,1,0.0904,0.6329,0.903,0.0000,0.0000
173.944,1,0.0901,0.6329,0.905,0.0000,0.0000
174.004,1,0.0894,0.6330,0.904,0.0000,0.0000
174.125,1,0.0891,0.6330,0.902,0.0000,0.0000
174.185,1,0.0901,0.6334,0.902,0.0000,0.0000
174.237,1,0.0910,0.6337,0.905,0.0000,0.0000
174.390,1,0.0922,0.6340,0.906,0.0000,0.0000
174.455,1,0.0934,0.6343,0.907,0.0000,0.0000
174.503,1,0.0953,0.6331,0.899,0.0000,0.0000
174.613,1,0.0977,0.6325,0.898,0.0000,0.0000
174.669,1,0.0996,0.6323,0.898,0.0000,0.0000
174.719,1,0.1011,0.6324,0.898,0.0000,0.0000
174.771,1,0.1015,0.6322,0.898,0.0000,0.0000
174.859,1,0.1021,0.6322,0.899,0.0000,0.0000
174.919,1,0.1021,0.6319,0.899,0.0000,0.0000
174.974,1,0.1022,0.6318,0.901,0.0000,0.0000
175.065,1,0.1024,0.6317,0.901,0.0000,0.0000
175.135,1,0.1025,0.6315,0.900,0.0000,0.0000
175.183,1,0.1023,0.6314,0.900,0.0000,0.0000
175.235,1,0.1019,0.6328,0.900,0.0000,0.0000
175.348,1,0.1025,0.6336,0.899,0.0000,0.0000
175.404,1,0.1038,0.6340,0.900,0.0000,0.0000
175.449,1,0.1048,0.6343,0.902,0.0000,0.0000
175.499,1,0.1061,0.6342,0.905,0.0000,0.0000
175.617,1,0.1058,0.6343,0.902,0.0000,0.0000
175.685,1,0.1045,0.6343,0.902,0.0000,0.0000
175.751,1,0.1041,0.6342,0.902,0.0000,0.0000
175.825,1,0.1043,0.6343,0.899,0.0000,0.0000
175.950,1,0.1048,0.6343,0.897,0.0000,0.0000
176.016,1,0.1048,0.6341,0.894,0.0000,0.0000
176.065,1,0.1046,0.6339,0.895,0.0000,0.0000
176.134,1,0.1035,0.6340,0.897,0.0000,0.0000
176.199,1,0.1015,0.6339,0.898,0.0000,0.0000
176.254,1,0.0992,0.6337,0.899,0.0000,0.0000
176.326,1,0.0969,0.6337,0.898,0.0000,0.0000
176.375,1,0.0954,0.6338,0.898,0.0000,0.0000
176.454,1,0.0947,0.6338,0.897,0.0000,0.0000
176.506,1,0.0942,0.6339,0.897,0.0000,0.0000
176.618,1,0.0940,0.6340,0.899,0.0000,0.0000
176.674,1,0.0935,0.6341,0.897,0.0000,0.0000
176.752,1,0.0931,0.6344,0.900,0.0000,0.0000
176.819,1,0.0931,0.6345,0.901,0.0000,0.0000
176.871,1,0.0933,0.6346,0.902,0.0000,0.0000
176.952,1,0.0935,0.6345,0.902,0.0000,0.0000
177.034,1,0.0935,0.6343,0.904,0.0000,0.0000
177.095,1,0.0932,0.6338,0.904,0.0000,0.0000
177.147,1,0.0928,0.6334,0.903,0.0000,0.0000
177.197,1,0.0921,0.6331,0.903,0.0000,0.0000
177.313,1,0.0916,0.6331,0.902,0.0000,0.0000
177.371,1,0.0910,0.6327,0.902,0.0000,0.0000
177.426,1,0.0901,0.6323,0.902,0.0000,0.0000
177.468,1,0.0895,0.6321,0.901,0.0000,0.0000
177.570,1,0.0891,0.6319,0.900,0.0000,0.0000
177.641,1,0.0891,0.6315,0.900,0.0000,0.0000
177.696,1,0.0900,0.6313,0.900,0.0000,0.0000
177.770,1,0.0910,0.6313,0.899,0.0000,0.0000
177.836,1,0.0929,0.6314,0.898,0.0000,0.0000
177.900,1,0.0951,0.6316,0.895,0.0000,0.0000
177.990,1,0.0969,0.6320,0.896,0.0000,0.0000
178.064,1,0.0975,0.6319,0.896,0.0000,0.0000
178.194,1,0.0938,0.6317,0.892,0.0000,0.0000
178.352,1,0.0893,0.6322,0.892,0.0000,0.0000
178.594,1,0.0873,0.6323,0.897,0.0000,0.0000
178.714,1,0.0911,0.6337,0.910,0.0000,0.0000
178.772,1,0.1030,0.6371,0.913,0.0000,0.0000
178.864,1,0.1135,0.6396,0.913,0.0000,0.0000
178.927,1,0.1209,0.6411,0.914,0.0000,-0.0378
178.991,1,0.1249,0.6421,0.916,0.0000,-0.0762
179.061,1,0.1270,0.6428,0.916,0.0000,-0.1181
179.130,1,0.1273,0.6431,0.913,0.0000,-0.1528
179.194,1,0.1270,0.6430,0.913,0.0000,-0.1524
179.268,1,0.1228,0.6428,0.915,0.0000,-0.1474
179.361,1,0.1157,0.6424,0.920,0.0000,-0.0916
179.430,1,0.1105,0.6415,0.921,0.0000,-0.0498
179.505,1,0.1067,0.6398,0.923,0.0000,-0.0053
179.552,1,0.1037,0.6382,0.925,0.0000,0.0000
179.606,1,0.1017,0.6367,0.923,0.0000,0.0000
179.692,1,0.1006,0.6352,0.918,0.0000,0.0000
179.758,1,0.1000,0.6328,0.916,0.0000,0.0000
179.832,1,0.0994,0.6308,0.915,0.0000,0.0000
179.901,1,0.0984,0.6291,0.912,0.0000,0.0000
179.955,1,0.0969,0.6280,0.910,0.0000,0.0000
180.007,1,0.0943,0.6274,0.906,0.0000,0.0000
180.062,1,0.0914,0.6287,0.902,0.0000,0.0000
180.149,1,0.0878,0.6302,0.897,0.0000,0.0000
180.215,1,0.0813,0.6318,0.888,0.0000,0.0000
180.264,1,0.0738,0.6347,0.887,0.0000,0.0000
180.352,1,0.0690,0.6382,0.882,0.0000,0.0000
180.407,1,0.0648,0.6412,0.886,0.0000,0.0000
180.464,1,0.0633,0.6441,0.889,0.0000,0.0000
180.552,1,0.0630,0.6457,0.890,0.0000,0.0000
180.601,1,0.0653,0.6474,0.890,0.0000,0.0000
180.652,1,0.0703,0.6491,0.894,0.0000,0.0000
180.788,1,0.0771,0.6508,0.907,0.0000,0.0000
180.863,1,0.0844,0.6526,0.917,0.0000,0.0000
180.915,1,0.1013,0.6533,0.917,0.0000,0.0000
180.978,1,0.1182,0.6545,0.912,0.0000,0.0000
181.028,1,0.1308,0.6550,0.907,0.0000,-0.0299
181.120,1,0.1392,0.6557,0.908,0.0000,-0.0852
181.184,1,0.1443,0.6564,0.911,0.0000,-0.1234
181.252,1,0.1471,0.6571,0.914,0.0000,-0.1642
181.306,1,0.1485,0.6575,0.915,0.0000,-0.1782
181.358,1,0.1492,0.6573,0.914,0.0000,-0.1790
181.431,1,0.1497,0.6565,0.913,0.0000,-0.1797
181.514,1,0.1495,0.6557,0.910,0.0000,-0.1794
181.567,1,0.1480,0.6550,0.911,0.0000,-0.1776
181.618,1,0.1460,0.6543,0.912,0.0000,-0.1753
181.701,1,0.1442,0.6535,0.911,0.0000,-0.1731
181.759,1,0.1429,0.6528,0.913,0.0000,-0.1715
181.836,1,0.1417,0.6523,0.912,0.0000,-0.1701
181.910,1,0.1414,0.6518,0.912,0.0000,-0.1697
181.968,1,0.1417,0.6515,0.913,0.0000,-0.1701
182.031,1,0.1426,0.6512,0.912,0.0000,-0.1712
182.095,1,0.1434,0.6509,0.913,0.0000,-0.1721
182.176,1,0.1441,0.6508,0.913,0.0000,-0.1729
182.218,1,0.1446,0.6507,0.913,0.0000,-0.1735
182.322,1,0.1449,0.6508,0.914,0.0000,-0.1738
182.403,1,0.1448,0.6510,0.914,0.0000,-0.1738
182.460,1,0.1447,0.6518,0.912,0.0000,-0.1736
182.535,1,0.1446,0.6527,0.913,0.0000,-0.1735
182.593,1,0.1437,0.6529,0.912,0.0000,-0.1725
182.690,1,0.1426,0.6519,0.918,0.0000,-0.1711
182.750,1,0.1410,0.6504,0.918,0.0000,-0.1692
182.817,1,0.1322,0.6484,0.924,0.0000,-0.1586
182.861,1,0.1227,0.6467,0.930,0.0000,-0.1472
182.946,1,0.1142,0.6443,0.930,0.0000,-0.0960
183.007,1,0.1079,0.6420,0.929,0.0000,-0.0598
183.065,1,0.1036,0.6397,0.928,0.0000,-0.0251
183.108,1,0.1013,0.6362,0.928,0.0000,0.0000
183.230,1,0.0991,0.6326,0.925,0.0000,0.0000
183.319,1,0.0980,0.6290,0.925,0.0000,0.0000
183.372,1,0.0984,0.6253,0.925,0.0000,0.0000
183.435,1,0.0997,0.6219,0.926,0.0000,0.0000
183.496,1,0.1006,0.6186,0.926,0.0000,0.0000
183.552,1,0.1014,0.6161,0.924,0.0000,0.0000
183.651,1,0.1018,0.6140,0.922,0.0000,0.0000
183.706,1,0.1007,0.6119,0.922,0.0000,0.0000
183.756,1,0.0991,0.6100,0.921,0.0000,0.0000
183.842,1,0.0981,0.6086,0.925,0.0000,0.0000
183.902,1,0.0975,0.6077,0.925,0.0000,0.0000
183.956,1,0.0975,0.6071,0.924,0.0000,0.0000
184.037,1,0.0974,0.6067,0.923,0.0000,0.0000
184.099,1,0.0975,0.6065,0.924,0.0000,0.0000
184.166,1,0.0974,0.6065,0.925,0.0000,0.0000
184.230,1,0.0974,0.6067,0.925,0.0000,0.0000
184.294,1,0.0974,0.6069,0.923,0.0000,0.0000
184.370,1,0.0974,0.6069,0.922,0.0000,0.0000
184.422,1,0.0972,0.6069,0.922,0.0000,0.0000
184.539,1,0.0971,0.6067,0.923,0.0000,0.0000
184.614,1,0.0973,0.6063,0.924,0.0000,0.0000
184.667,1,0.0961,0.6059,0.924,0.0000,0.0000
184.719,1,0.0953,0.6057,0.925,0.0000,0.0000
184.815,1,0.0947,0.6055,0.925,0.0000,0.0000
184.867,1,0.0944,0.6054,0.924,0.0000,0.0000
184.915,1,0.0944,0.6053,0.924,0.0000,0.0000
184.983,1,0.0947,0.6052,0.924,0.0000,0.0000
185.072,1,0.0951,0.6051,0.924,0.0000,0.0000
185.136,1,0.0955,0.6051,0.924,0.0000,0.0000
185.188,1,0.0958,0.6050,0.925,0.0000,0.0000
185.248,1,0.0961,0.6050,0.923,0.0000,0.0000
185.366,1,0.0962,0.6050,0.925,0.0000,0.0000
185.448,1,0.0964,0.6049,0.925,0.0000,0.0000
185.498,1,0.0963,0.6048,0.926,0.0000,0.0000
185.549,1,0.0963,0.6047,0.926,0.0000,0.0000
185.660,1,0.0963,0.6046,0.925,0.0000,0.0000
185.737,1,0.0961,0.6045,0.925,0.0000,0.0000
185.795,1,0.0962,0.6045,0.925,0.0000,0.0000
185.848,1,0.0960,0.6045,0.925,0.0000,0.0000
185.960,1,0.0959,0.6045,0.925,0.0000,0.0000
186.055,1,0.0961,0.6046,0.925,0.0000,0.0000
186.108,1,0.0961,0.6046,0.924,0.0000,0.0000
186.168,1,0.0963,0.6045,0.924,0.0000,0.0000
186.230,1,0.0963,0.6045,0.924,0.0000,0.0000
186.291,1,0.0963,0.6046,0.923,0.0000,0.0000
186.346,1,0.0962,0.6046,0.925,0.0000,0.0000
186.447,1,0.0961,0.6045,0.926,0.0000,0.0000
186.528,1,0.0962,0.6046,0.926,0.0000,0.0000
186.589,1,0.0964,0.6047,0.925,0.0000,0.0000
186.645,1,0.0967,0.6048,0.926,0.0000,0.0000
186.748,1,0.0968,0.6048,0.927,0.0000,0.0000
186.818,1,0.0968,0.6048,0.927,0.0000,0.0000
186.870,1,0.0969,0.6049,0.927,0.0000,0.0000
186.920,1,0.0968,0.6050,0.927,0.0000,0.0000
186.978,1,0.0969,0.6050,0.927,0.0000,0.0000
187.069,1,0.0970,0.6049,0.925,0.0000,0.0000
187.153,1,0.0969,0.6049,0.925,0.0000,0.0000
187.203,1,0.0967,0.6049,0.925,0.0000,0.0000
187.267,1,0.0966,0.6049,0.925,0.0000,0.0000
187.323,1,0.0965,0.6049,0.925,0.0000,0.0000
187.395,1,0.0960,0.6049,0.925,0.0000,0.0000
187.447,1,0.0955,0.6049,0.925,0.0000,0.0000
187.520,1,0.0952,0.6049,0.926,0.0000,0.0000
187.589,1,0.0951,0.6049,0.927,0.0000,0.0000
187.648,1,0.0949,0.6049,0.927,0.0000,0.0000
187.724,1,0.0948,0.6049,0.928,0.0000,0.0000
187.788,1,0.0950,0.6050,0.928,0.0000,0.0000
187.849,1,0.0954,0.6050,0.927,0.0000,0.0000
187.902,1,0.0958,0.6051,0.928,0.0000,0.0000
188.029,1,0.0960,0.6051,0.927,0.0000,0.0000
188.110,1,0.0962,0.6050,0.928,0.0000,0.0000
188.158,1,0.0963,0.6050,0.928,0.0000,0.0000
188.220,1,0.0962,0.6049,0.928,0.0000,0.0000
188.276,1,0.0963,0.6050,0.929,0.0000,0.0000
188.384,1,0.0964,0.6050,0.928,0.0000,0.0000
188.437,1,0.0964,0.6050,0.928,0.0000,0.0000
188.478,1,0.0961,0.6050,0.929,0.0000,0.0000
188.550,1,0.0959,0.6051,0.929,0.0000,0.0000
188.624,1,0.0960,0.6050,0.928,0.0000,0.0000
188.686,1,0.0959,0.6048,0.928,0.0000,0.0000
188.740,1,0.0957,0.6045,0.926,0.0000,0.0000
188.854,1,0.0953,0.6044,0.925,0.0000,0.0000
188.943,1,0.0947,0.6045,0.925,0.0000,0.0000
189.023,1,0.0947,0.6050,0.917,0.0000,0.0000
189.085,1,0.0951,0.6056,0.916,0.0000,0.0000
189.139,1,0.0956,0.6066,0.918,0.0000,0.0000
189.221,1,0.0962,0.6073,0.916,0.0000,0.0000
189.273,1,0.0974,0.6068,0.911,0.0000,0.0000
189.363,1,0.1012,0.6067,0.908,0.0000,0.0000
189.446,1,0.1118,0.6053,0.903,0.0000,0.0000
189.506,1,0.1227,0.6045,0.909,0.0000,-0.0362
189.559,1,0.1337,0.6040,0.915,0.0000,-0.0682
189.615,1,0.1434,0.6036,0.920,0.0000,-0.1018
189.685,1,0.1518,0.6038,0.918,0.0000,-0.1433
189.735,1,0.1585,0.6047,0.915,0.0000,-0.1735
189.826,1,0.1672,0.6056,0.914,0.0000,-0.2006
189.887,1,0.1757,0.6064,0.908,0.0000,-0.2108
189.951,1,0.1863,0.6060,0.909,0.0000,-0.2236
190.016,1,0.1918,0.6047,0.918,0.0000,-0.2301
190.086,1,0.1971,0.6030,0.925,0.0000,-0.2365
190.149,1,0.2046,0.6012,0.930,0.0000,-0.2455
190.207,1,0.2113,0.5998,0.934,0.0000,-0.2535
190.301,1,0.2154,0.5983,0.937,0.0000,-0.2585
190.368,1,0.2218,0.5972,0.932,0.0000,-0.2662
190.423,1,0.2307,0.5968,0.934,0.0000,-0.2769
190.477,1,0.2388,0.5956,0.933,0.0000,-0.2865
190.546,1,0.2478,0.5941,0.937,0.0000,-0.2974
190.621,1,0.2586,0.5928,0.934,0.0000,-0.3103
190.681,1,0.2657,0.5913,0.932,0.0000,-0.3189
190.735,1,0.2702,0.5898,0.931,0.0000,-0.3243
190.831,1,0.2734,0.5883,0.933,0.0000,-0.3281
190.898,1,0.2757,0.5870,0.933,0.0000,-0.3308
190.963,1,0.2760,0.5860,0.933,0.0000,-0.3312
191.011,1,0.2756,0.5853,0.933,0.0000,-0.3307
191.069,1,0.2743,0.5849,0.933,0.0000,-0.3292
191.189,1,0.2721,0.5829,0.930,0.0000,-0.3266
191.249,1,0.2684,0.5791,0.928,0.0000,-0.3221
191.297,1,0.2696,0.5735,0.929,0.0000,-0.3235
191.427,1,0.2738,0.5688,0.929,0.0000,-0.3285
191.499,1,0.2842,0.5667,0.934,0.0000,-0.3411
191.560,1,0.2924,0.5673,0.937,0.0000,-0.3509
191.617,1,0.2976,0.5712,0.944,0.0000,-0.3571
191.665,1,0.3015,0.5763,0.943,0.0000,-0.3617
191.737,1,0.3076,0.5845,0.943,0.0000,-0.3692
191.814,1,0.3171,0.5920,0.943,0.0000,-0.3806
191.887,1,0.3295,0.5991,0.940,0.0000,-0.3955
191.937,1,0.3432,0.6056,0.946,0.0000,-0.4118
192.026,1,0.3532,0.6112,0.945,0.0000,-0.4239
192.097,1,0.3591,0.6158,0.942,0.0000,-0.4309
192.151,1,0.3622,0.6205,0.936,0.0000,-0.4347
192.208,1,0.3631,0.6248,0.932,0.0000,-0.4357
192.286,1,0.3629,0.6282,0.930,0.0000,-0.4355
192.334,1,0.3616,0.6310,0.930,0.0000,-0.4340
192.425,1,0.3605,0.6332,0.933,0.0000,-0.4326
192.503,1,0.3608,0.6352,0.941,0.0000,-0.4329
192.566,1,0.3622,0.6375,0.942,0.0000,-0.4346
192.616,1,0.3592,0.6401,0.939,0.0000,-0.4310
192.667,1,0.3515,0.6439,0.941,0.0000,-0.4218
192.778,1,0.3442,0.6467,0.937,0.0000,-0.4131
192.847,1,0.3347,0.6477,0.942,0.0000,-0.4016
192.901,1,0.3331,0.6450,0.933,0.0000,-0.3997
193.000,1,0.3427,0.6401,0.931,0.0000,-0.4112
193.066,1,0.3562,0.6359,0.941,0.0000,-0.4274
193.114,1,0.3658,0.6336,0.935,0.0000,-0.4390
193.170,1,0.3700,0.6312,0.933,0.0000,-0.4441
193.235,1,0.3721,0.6289,0.933,0.0000,-0.4465
193.315,1,0.3770,0.6276,0.931,0.0000,-0.4524
193.373,1,0.3799,0.6268,0.926,0.0000,-0.4558
193.436,1,0.3800,0.6256,0.924,0.0000,-0.4560
193.503,1,0.3803,0.6237,0.921,0.0000,-0.4564
193.567,1,0.3809,0.6221,0.916,0.0000,-0.4571
193.642,1,0.3820,0.6200,0.914,0.0000,-0.4584
193.694,1,0.3813,0.6180,0.914,0.0000,-0.4576
193.796,1,0.3812,0.6169,0.911,0.0000,-0.4574
193.854,1,0.3821,0.6151,0.911,0.0000,-0.4585
193.914,1,0.3824,0.6138,0.910,0.0000,-0.4588
193.972,1,0.3815,0.6129,0.910,0.0000,-0.4579
194.034,1,0.3809,0.6125,0.910,0.0000,-0.4571
194.128,1,0.3802,0.6123,0.910,0.0000,-0.4563
194.182,1,0.3813,0.6119,0.909,0.0000,-0.4576
194.239,1,0.3824,0.6116,0.910,0.0000,-0.4588
194.290,1,0.3830,0.6111,0.909,0.0000,-0.4597
194.404,1,0.3831,0.6109,0.909,0.0000,-0.4597
194.460,1,0.3835,0.6108,0.909,0.0000,-0.4602
194.518,1,0.3825,0.6107,0.908,0.0000,-0.4590
194.567,1,0.3815,0.6107,0.909,0.0000,-0.4578
194.632,1,0.3815,0.6110,0.907,0.0000,-0.4578
194.709,1,0.3811,0.6113,0.908,0.0000,-0.4573
194.762,1,0.3809,0.6116,0.908,0.0000,-0.4571
194.868,1,0.3806,0.6118,0.907,0.0000,-0.4568
194.940,1,0.3810,0.6120,0.907,0.0000,-0.4572
194.992,1,0.3816,0.6121,0.907,0.0000,-0.4580
195.106,1,0.3818,0.6122,0.908,0.0000,-0.4581
195.208,1,0.3825,0.6122,0.908,0.0000,-0.4590
195.266,1,0.3839,0.6121,0.909,0.0000,-0.4606
195.364,1,0.3844,0.6120,0.910,0.0000,-0.4613
195.414,1,0.3843,0.6118,0.911,0.0000,-0.4612
195.462,1,0.3853,0.6116,0.910,0.0000,-0.4623
195.531,1,0.3863,0.6115,0.911,0.0000,-0.4635
195.615,1,0.3874,0.6114,0.911,0.0000,-0.4649
195.679,1,0.3874,0.6116,0.911,0.0000,-0.4648
195.724,1,0.3874,0.6116,0.911,0.0000,-0.4648
195.813,1,0.3879,0.6116,0.910,0.0000,-0.4655
195.867,1,0.3880,0.6117,0.912,0.0000,-0.4656
195.943,1,0.3878,0.6118,0.911,0.0000,-0.4654
195.994,1,0.3877,0.6118,0.913,0.0000,-0.4652
196.082,1,0.3877,0.6118,0.912,0.0000,-0.4652
196.137,1,0.3879,0.6118,0.913,0.0000,-0.4655
196.188,1,0.3878,0.6119,0.912,0.0000,-0.4653
196.277,1,0.3879,0.6120,0.912,0.0000,-0.4655
196.356,1,0.3881,0.6122,0.912,0.0000,-0.4657
196.418,1,0.3881,0.6122,0.912,0.0000,-0.4657
196.463,1,0.3889,0.6123,0.912,0.0000,-0.4667
196.527,1,0.3894,0.6123,0.912,0.0000,-0.4673
196.590,1,0.3895,0.6122,0.912,0.0000,-0.4674
196.664,1,0.3898,0.6124,0.910,0.0000,-0.4678
196.736,1,0.3899,0.6124,0.910,0.0000,-0.4678
196.800,1,0.3910,0.6125,0.911,0.0000,-0.4691
196.860,1,0.3902,0.6125,0.911,0.0000,-0.4683
196.963,1,0.3899,0.6125,0.911,0.0000,-0.4679
197.022,1,0.3891,0.6125,0.911,0.0000,-0.4669
197.080,1,0.3895,0.6126,0.911,0.0000,-0.4674
197.135,1,0.3886,0.6137,0.911,0.0000,-0.4663
197.201,1,0.3879,0.6166,0.911,0.0000,-0.4655
197.258,1,0.3872,0.6153,0.920,0.0000,-0.4646
197.331,1,0.3857,0.6144,0.921,0.0000,-0.4628
197.390,1,0.3825,0.6126,0.929,0.0000,-0.4590
197.485,1,0.3801,0.6101,0.929,0.0000,-0.4562
197.553,1,0.3786,0.6076,0.933,0.0000,-0.4544
197.616,1,0.3891,0.6049,0.925,0.0000,-0.4669
197.667,1,0.4098,0.6012,0.925,0.0000,-0.4917
197.718,1,0.4241,0.5968,0.931,0.0000,-0.5090
197.812,1,0.4330,0.5931,0.937,0.0000,-0.5197
197.872,1,0.4385,0.5897,0.934,0.0000,-0.5262
197.934,1,0.4441,0.5858,0.931,0.0000,-0.5329
197.989,1,0.4564,0.5808,0.927,0.0000,-0.5476
198.063,1,0.4654,0.5750,0.922,0.0000,-0.5585
198.121,1,0.4715,0.5705,0.919,0.0000,-0.5658
198.187,1,0.4737,0.5678,0.920,0.0000,-0.5685
198.273,1,0.4759,0.5649,0.923,0.0000,-0.5710
198.328,1,0.4813,0.5619,0.926,0.0000,-0.5775
198.385,1,0.4902,0.5591,0.928,0.0000,-0.5882
198.483,1,0.4990,0.5573,0.925,0.0000,-0.5988
198.533,1,0.5062,0.5565,0.914,0.0000,-0.6074
198.590,1,0.5134,0.5558,0.918,0.0000,-0.6160
198.654,1,0.5199,0.5558,0.912,0.0000,-0.6239
198.736,1,0.5261,0.5549,0.912,0.0000,-0.6313
198.800,1,0.5321,0.5539,0.913,0.0000,-0.6385
198.869,1,0.5381,0.5525,0.917,0.0000,-0.6457
198.923,1,0.5424,0.5517,0.918,0.0000,-0.6509
198.997,1,0.5463,0.5510,0.919,0.0000,-0.6555
199.053,1,0.5494,0.5502,0.919,0.0000,-0.6593
199.133,1,0.5544,0.5491,0.919,0.0000,-0.6653
199.194,1,0.5595,0.5478,0.915,0.0000,-0.6714
199.263,1,0.5659,0.5454,0.918,0.0000,-0.6790
199.314,1,0.5741,0.5433,0.919,0.0000,-0.6889
199.438,1,0.5841,0.5414,0.912,0.0000,-0.7009
199.495,1,0.5919,0.5388,0.906,0.0000,-0.7103
199.553,1,0.6006,0.5365,0.908,0.0000,-0.7207
199.621,1,0.6083,0.5366,0.898,0.0000,-0.7300
199.725,1,0.6152,0.5371,0.888,0.0000,-0.7382
199.782,1,0.6196,0.5377,0.881,0.0000,-0.7435
199.832,1,0.6238,0.5388,0.883,0.0000,-0.7485
199.888,1,0.6268,0.5400,0.884,0.0000,-0.7522
199.971,1,0.6294,0.5404,0.883,0.0000,-0.7553
200.024,1,0.6313,0.5400,0.881,0.0000,-0.7575
200.085,1,0.6330,0.5395,0.876,0.0000,-0.7596
200.164,1,0.6350,0.5400,0.877,0.0000,-0.7620
200.235,1,0.6372,0.5404,0.880,0.0000,-0.7647
200.289,1,0.6391,0.5404,0.875,0.0000,-0.7669
200.354,1,0.6403,0.5400,0.873,0.0000,-0.7683
200.412,1,0.6410,0.5397,0.876,0.0000,-0.7691
200.528,1,0.6431,0.5394,0.875,0.0000,-0.7718
200.601,1,0.6452,0.5392,0.875,0.0000,-0.7742
200.649,1,0.6476,0.5391,0.881,0.0000,-0.7772
200.717,1,0.6503,0.5388,0.881,0.0000,-0.7804
200.844,1,0.6523,0.5386,0.881,0.0000,-0.7828
200.911,1,0.6542,0.5383,0.886,0.0000,-0.7850
200.983,1,0.6566,0.5378,0.886,0.0000,-0.7879
201.029,1,0.6585,0.5376,0.884,0.0000,-0.7902
201.084,1,0.6596,0.5375,0.883,0.0000,-0.7915
201.140,1,0.6609,0.5361,0.883,0.0000,-0.7931
201.268,1,0.6626,0.5341,0.882,0.0000,-0.7951
201.333,1,0.6637,0.5324,0.881,0.0000,-0.7964
201.385,1,0.6640,0.5305,0.882,0.0000,-0.7968
201.439,1,0.6639,0.5290,0.879,0.0000,-0.7967
201.538,1,0.6634,0.5277,0.877,0.0000,-0.7960
201.602,1,0.6631,0.5265,0.877,0.0000,-0.7957
201.657,1,0.6632,0.5254,0.878,0.0000,-0.7958
201.707,1,0.6641,0.5246,0.876,0.0000,-0.7969
201.811,1,0.6646,0.5240,0.876,0.0000,-0.7976
201.868,1,0.6644,0.5240,0.877,0.0000,-0.7973
201.934,1,0.6638,0.5243,0.877,0.0000,-0.7966
201.984,1,0.6631,0.5249,0.878,0.0000,-0.7957
202.046,1,0.6619,0.5254,0.879,0.0000,-0.7943
202.131,1,0.6612,0.5260,0.880,0.0000,-0.7934
202.182,1,0.6612,0.5265,0.880,0.0000,-0.7934
202.248,1,0.6613,0.5267,0.881,0.0000,-0.7936
202.309,1,0.6648,0.5268,0.880,0.0000,-0.7977
202.407,1,0.6668,0.5267,0.883,0.0000,-0.8000
202.466,1,0.6686,0.5264,0.882,0.0000,-0.8000
202.522,1,0.6715,0.5260,0.882,0.0000,-0.8000
202.572,1,0.6768,0.5254,0.883,0.0000,-0.8000
202.649,1,0.6825,0.5242,0.887,0.0000,-0.8000
202.714,1,0.6868,0.5235,0.887,0.0000,-0.8000
202.774,1,0.6900,0.5224,0.884,0.0000,-0.8000
202.860,1,0.6932,0.5212,0.885,0.0000,-0.8000
202.914,1,0.6954,0.5205,0.887,0.0000,-0.8000
203.009,1,0.6968,0.5200,0.888,0.0566,-0.8000
203.062,1,0.6973,0.5197,0.888,0.0803,-0.8000
203.127,1,0.6970,0.5196,0.885,0.0804,-0.8000
203.195,1,0.6954,0.5200,0.882,0.0800,-0.8000
203.258,1,0.6934,0.5222,0.889,0.0421,-0.8000
203.315,1,0.6899,0.5244,0.886,0.0077,-0.8000
203.558,1,0.6837,0.5290,0.886,0.0000,-0.8000
203.661,1,0.6762,0.5344,0.892,0.0000,-0.8000
203.714,1,0.6506,0.5430,0.910,0.0000,-0.7807
203.771,1,0.6204,0.5490,0.917,0.0000,-0.7465
203.861,1,0.5964,0.5525,0.919,0.0000,-0.7157
203.920,1,0.5800,0.5537,0.919,0.0000,-0.6960
203.983,1,0.5699,0.5543,0.924,0.0000,-0.6839
204.043,1,0.5671,0.5549,0.926,0.0000,-0.6805
204.116,1,0.5668,0.5563,0.931,0.0000,-0.6802
204.193,1,0.5673,0.5554,0.937,0.0000,-0.6808
204.254,1,0.5683,0.5555,0.931,0.0000,-0.6819
204.314,1,0.5681,0.5558,0.929,0.0000,-0.6818
204.372,1,0.5655,0.5560,0.917,0.0000,-0.6786
204.510,1,0.5573,0.5553,0.918,0.0000,-0.6688
204.571,1,0.5461,0.5541,0.924,0.0000,-0.6553
204.625,1,0.5404,0.5511,0.917,0.0000,-0.6485
204.677,1,0.5387,0.5478,0.908,0.0000,-0.6464
204.732,1,0.5390,0.5450,0.912,0.0000,-0.6468
204.831,1,0.5391,0.5420,0.910,0.0000,-0.6469
204.904,1,0.5424,0.5378,0.914,0.0000,-0.6508
204.962,1,0.5454,0.5355,0.917,0.0000,-0.6544
205.018,1,0.5481,0.5334,0.916,0.0000,-0.6577
205.079,1,0.5501,0.5309,0.919,0.0000,-0.6601
205.149,1,0.5521,0.5285,0.918,0.0000,-0.6625
205.209,1,0.5537,0.5264,0.916,0.0000,-0.6645
205.270,1,0.5550,0.5248,0.917,0.0000,-0.6660
205.372,1,0.5560,0.5236,0.920,0.0000,-0.6672
205.442,1,0.5560,0.5229,0.919,0.0000,-0.6672
205.502,1,0.5557,0.5222,0.917,0.0000,-0.6668
205.561,1,0.5547,0.5214,0.916,0.0000,-0.6656
205.614,1,0.5534,0.5200,0.916,0.0000,-0.6641
205.667,1,0.5523,0.5189,0.915,0.0316,-0.6627
205.768,1,0.5515,0.5176,0.914,0.0824,-0.6618
205.900,1,0.5507,0.5167,0.914,0.0833,-0.6608
205.963,1,0.5503,0.5152,0.913,0.0848,-0.6603
206.021,1,0.5508,0.5128,0.916,0.0872,-0.6609
206.079,1,0.5522,0.5105,0.919,0.0895,-0.6627
206.134,1,0.5540,0.5084,0.921,0.0916,-0.6648
206.234,1,0.5552,0.5061,0.922,0.0939,-0.6663
206.284,1,0.5559,0.5036,0.924,0.0964,-0.6671
206.334,1,0.5569,0.5011,0.926,0.0989,-0.6683
206.412,1,0.5575,0.4988,0.926,0.1012,-0.6690
206.480,1,0.5581,0.4968,0.929,0.1032,-0.6697
206.535,1,0.5586,0.4950,0.930,0.1050,-0.6703
206.620,1,0.5588,0.4934,0.929,0.1066,-0.6706
206.688,1,0.5590,0.4920,0.930,0.1080,-0.6708
206.746,1,0.5587,0.4907,0.929,0.1093,-0.6705
206.804,1,0.5587,0.4892,0.930,0.1108,-0.6704
206.880,1,0.5585,0.4880,0.930,0.1120,-0.6703
206.951,1,0.5589,0.4873,0.930,0.1127,-0.6707
207.020,1,0.5588,0.4870,0.929,0.1130,-0.6705
207.086,1,0.5587,0.4868,0.929,0.1132,-0.6704
207.127,1,0.5585,0.4865,0.929,0.1135,-0.6702
207.228,1,0.5586,0.4863,0.930,0.1137,-0.6703
207.299,1,0.5592,0.4861,0.931,0.1139,-0.6711
207.406,1,0.5589,0.4859,0.929,0.1141,-0.6707
207.513,1,0.5588,0.4858,0.930,0.1142,-0.6706
207.646,1,0.5592,0.4857,0.930,0.1143,-0.6711
207.899,1,0.5591,0.4856,0.929,0.1144,-0.6709
207.949,1,0.5589,0.4855,0.928,0.1145,-0.6707
207.999,1,0.5594,0.4856,0.929,0.1144,-0.6712
208.092,1,0.5596,0.4856,0.929,0.1144,-0.6715
208.150,1,0.5600,0.4856,0.929,0.1144,-0.6719
208.203,1,0.5604,0.4855,0.930,0.1145,-0.6725
208.257,1,0.5602,0.4855,0.928,0.1145,-0.6723
208.304,1,0.5599,0.4855,0.929,0.1145,-0.6719
208.357,1,0.5595,0.4855,0.927,0.1145,-0.6714
208.455,1,0.5598,0.4855,0.929,0.1145,-0.6717
208.514,1,0.5599,0.4855,0.930,0.1145,-0.6719
208.566,1,0.5602,0.4856,0.929,0.1144,-0.6723
208.656,1,0.5602,0.4857,0.930,0.1143,-0.6722
208.717,1,0.5601,0.4859,0.930,0.1141,-0.6721
208.766,1,0.5600,0.4859,0.929,0.1141,-0.6720
208.856,1,0.5600,0.4859,0.928,0.1141,-0.6720
208.905,1,0.5599,0.4860,0.929,0.1140,-0.6719
208.953,1,0.5604,0.4861,0.931,0.1139,-0.6725
209.065,1,0.5606,0.4862,0.931,0.1138,-0.6727
209.117,1,0.5604,0.4862,0.929,0.1138,-0.6725
209.170,1,0.5606,0.4863,0.930,0.1137,-0.6727
209.226,1,0.5607,0.4864,0.930,0.1136,-0.6728
209.339,1,0.5611,0.4865,0.931,0.1135,-0.6733
209.405,1,0.5610,0.4866,0.930,0.1134,-0.6732
209.458,1,0.5608,0.4872,0.928,0.1128,-0.6730
209.547,1,0.5609,0.4879,0.929,0.1121,-0.6731
209.603,1,0.5608,0.4885,0.929,0.1115,-0.6729
209.657,1,0.5608,0.4889,0.929,0.1111,-0.6729
209.749,1,0.5610,0.4891,0.929,0.1109,-0.6732
209.830,1,0.5612,0.4891,0.929,0.1109,-0.6734
209.879,1,0.5616,0.4891,0.931,0.1109,-0.6739
209.944,1,0.5618,0.4890,0.929,0.1110,-0.6741
210.007,1,0.5618,0.4889,0.930,0.1111,-0.6742
210.097,1,0.5616,0.4891,0.929,0.1109,-0.6739
210.145,1,0.5617,0.4896,0.930,0.1104,-0.6740
210.193,1,0.5619,0.4918,0.931,0.1082,-0.6743
210.276,1,0.5608,0.4975,0.921,0.1025,-0.6730
210.420,1,0.5567,0.5060,0.919,0.0940,-0.6680
210.513,1,0.5486,0.5159,0.921,0.0841,-0.6583
210.558,1,0.5333,0.5304,0.930,0.0570,-0.6400
210.648,1,0.5119,0.5442,0.918,0.0031,-0.6142
210.702,1,0.4861,0.5544,0.914,0.0000,-0.5834
210.753,1,0.4516,0.5614,0.906,0.0000,-0.5529
210.859,1,0.4180,0.5648,0.915,0.0000,-0.5016
210.939,1,0.3948,0.5647,0.932,0.0000,-0.4738
210.992,1,0.3743,0.5626,0.935,0.0000,-0.4491
211.053,1,0.3487,0.5568,0.917,0.0000,-0.4184
211.144,1,0.3258,0.5502,0.921,0.0000,-0.3910
211.213,1,0.3053,0.5473,0.916,0.0000,-0.3664
211.267,1,0.2900,0.5465,0.914,0.0000,-0.3479
211.315,1,0.2791,0.5496,0.911,0.0000,-0.3350
211.435,1,0.2745,0.5544,0.916,0.0000,-0.3294
211.502,1,0.2675,0.5593,0.919,0.0000,-0.3210
211.559,1,0.2677,0.5655,0.930,0.0000,-0.3212
211.638,1,0.2629,0.5738,0.923,0.0000,-0.3154
211.693,1,0.2559,0.5828,0.926,0.0000,-0.3070
211.751,1,0.2471,0.5916,0.927,0.0000,-0.2965
211.849,1,0.2376,0.6024,0.931,0.0000,-0.2851
211.914,1,0.2271,0.6128,0.919,0.0000,-0.2725
211.963,1,0.2173,0.6219,0.916,0.0000,-0.2607
212.020,1,0.2085,0.6300,0.914,0.0000,-0.2503
212.126,1,0.2006,0.6385,0.912,0.0000,-0.2407
212.196,1,0.1922,0.6477,0.912,0.0000,-0.2307
212.245,1,0.1832,0.6565,0.912,0.0000,-0.2199
212.296,1,0.1739,0.6647,0.916,0.0000,-0.2086
212.348,1,0.1636,0.6716,0.922,0.0000,-0.1963
212.447,1,0.1566,0.6775,0.923,0.0000,-0.1880
212.509,1,0.1501,0.6813,0.919,-0.0373,-0.1802
212.560,1,0.1440,0.6840,0.920,-0.0677,-0.1728
212.629,1,0.1396,0.6854,0.918,-0.0854,-0.1675
212.686,1,0.1375,0.6861,0.918,-0.0861,-0.1649
212.779,1,0.1382,0.6863,0.920,-0.0863,-0.1658
212.835,1,0.1385,0.6858,0.921,-0.0858,-0.1662
212.883,1,0.1400,0.6836,0.915,-0.0836,-0.1680
212.999,1,0.1438,0.6805,0.913,-0.0805,-0.1726
213.089,1,0.1467,0.6782,0.907,-0.0265,-0.1760
213.166,1,0.1470,0.6746,0.908,0.0000,-0.1764
213.221,1,0.1370,0.6703,0.909,0.0000,-0.1644
213.310,1,0.1243,0.6663,0.908,0.0000,-0.1492
213.383,1,0.1160,0.6632,0.909,0.0000,-0.1055
213.434,1,0.1098,0.6615,0.902,0.0000,-0.0747
213.481,1,0.1038,0.6605,0.900,0.0000,-0.0468
213.627,1,0.0987,0.6592,0.900,0.0000,0.0000
213.682,1,0.0949,0.6585,0.900,0.0000,0.0000
213.734,1,0.0922,0.6574,0.902,0.0000,0.0000
213.787,1,0.0903,0.6566,0.904,0.0000,0.0000
213.864,1,0.0884,0.6555,0.903,0.0000,0.0000
213.936,1,0.0870,0.6541,0.902,0.0000,0.0000
214.010,1,0.0861,0.6529,0.901,0.0000,0.0000
214.074,1,0.0849,0.6514,0.903,0.0000,0.0000
214.139,1,0.0830,0.6499,0.904,0.0000,0.0000
214.202,1,0.0806,0.6484,0.902,0.0000,0.0000
214.262,1,0.0784,0.6470,0.900,0.0000,0.0000
214.319,1,0.0782,0.6459,0.903,0.0000,0.0000
214.386,1,0.0793,0.6447,0.903,0.0000,0.0000
214.507,1,0.0811,0.6436,0.901,0.0000,0.0000
214.571,1,0.0829,0.6425,0.897,0.0000,0.0000
214.628,1,0.0868,0.6408,0.896,0.0000,0.0000
214.682,1,0.0909,0.6388,0.897,0.0000,0.0000
214.780,1,0.0943,0.6370,0.901,0.0000,0.0000
214.851,1,0.0973,0.6352,0.906,0.0000,0.0000
214.899,1,0.0995,0.6336,0.910,0.0000,0.0000
214.946,1,0.1010,0.6320,0.912,0.0000,0.0000
215.038,1,0.1018,0.6307,0.913,0.0000,0.0000
215.114,1,0.1022,0.6297,0.913,0.0000,0.0000
215.163,1,0.1025,0.6287,0.913,0.0000,0.0000
215.208,1,0.1025,0.6280,0.913,0.0000,0.0000
215.322,1,0.1024,0.6273,0.910,0.0000,0.0000
215.392,1,0.1021,0.6270,0.906,0.0000,0.0000
215.435,1,0.1016,0.6267,0.905,0.0000,0.0000
215.480,1,0.1007,0.6264,0.900,0.0000,0.0000
215.569,1,0.0996,0.6263,0.896,0.0000,0.0000
215.635,1,0.0987,0.6261,0.897,0.0000,0.0000
215.674,1,0.0979,0.6259,0.898,0.0000,0.0000
215.775,1,0.0972,0.6256,0.898,0.0000,0.0000
215.868,1,0.0967,0.6256,0.897,0.0000,0.0000
215.914,1,0.0963,0.6256,0.896,0.0000,0.0000
215.997,1,0.0966,0.6259,0.897,0.0000,0.0000
216.061,1,0.0972,0.6265,0.899,0.0000,0.0000
216.112,1,0.0976,0.6269,0.902,0.0000,0.0000
216.215,1,0.0984,0.6270,0.906,0.0000,0.0000
216.280,1,0.0992,0.6272,0.908,0.0000,0.0000
216.325,1,0.1001,0.6275,0.911,0.0000,0.0000
216.371,1,0.1012,0.6278,0.913,0.0000,0.0000
216.485,1,0.1018,0.6281,0.914,0.0000,0.0000
216.552,1,0.1022,0.6282,0.914,0.0000,0.0000
216.611,1,0.1026,0.6284,0.915,0.0000,0.0000
216.662,1,0.1030,0.6286,0.914,0.0000,0.0000
216.710,1,0.1033,0.6288,0.915,0.0000,0.0000
216.839,1,0.1035,0.6291,0.916,0.0000,0.0000
216.905,1,0.1038,0.6293,0.918,0.0000,0.0000
216.954,1,0.1042,0.6296,0.918,0.0000,0.0000
217.007,1,0.1045,0.6300,0.917,0.0000,0.0000
217.139,1,0.1046,0.6302,0.917,0.0000,0.0000
217.204,1,0.1048,0.6306,0.916,0.0000,0.0000
217.266,1,0.1049,0.6308,0.914,0.0000,0.0000
217.313,1,0.1048,0.6306,0.914,0.0000,0.0000
217.363,1,0.1049,0.6304,0.914,0.0000,0.0000
217.488,1,0.1052,0.6300,0.914,0.0000,0.0000
217.561,1,0.1054,0.6298,0.914,0.0000,0.0000
217.606,1,0.1056,0.6296,0.914,0.0000,0.0000
217.699,1,0.1056,0.6295,0.913,0.0000,0.0000
217.751,1,0.1055,0.6297,0.912,0.0000,0.0000
217.804,1,0.1053,0.6298,0.913,0.0000,0.0000
217.910,1,0.1053,0.6298,0.913,0.0000,0.0000
217.984,1,0.1050,0.6298,0.913,0.0000,0.0000
218.031,1,0.1046,0.6298,0.913,0.0000,0.0000
218.074,1,0.1041,0.6298,0.913,0.0000,0.0000
218.171,1,0.1036,0.6299,0.911,0.0000,0.0000
218.239,1,0.1033,0.6295,0.912,0.0000,0.0000
218.295,1,0.1027,0.6291,0.911,0.0000,0.0000
218.341,1,0.1021,0.6288,0.910,0.0000,0.0000
218.424,1,0.1016,0.6286,0.909,0.0000,0.0000
218.481,1,0.1013,0.6281,0.910,0.0000,0.0000
218.533,1,0.1009,0.6276,0.910,0.0000,0.0000
218.634,1,0.0999,0.6265,0.909,0.0000,0.0000
218.696,1,0.0993,0.6255,0.909,0.0000,0.0000
218.749,1,0.0993,0.6245,0.911,0.0000,0.0000
218.800,1,0.0996,0.6237,0.915,0.0000,0.0000
218.906,1,0.1002,0.6235,0.917,0.0000,0.0000
218.978,1,0.1007,0.6234,0.917,0.0000,0.0000
219.024,1,0.1012,0.6232,0.921,0.0000,0.0000
219.079,1,0.1016,0.6234,0.919,0.0000,0.0000
219.129,1,0.1025,0.6239,0.920,0.0000,0.0000
219.231,1,0.1034,0.6246,0.923,0.0000,0.0000
219.294,1,0.1045,0.6255,0.925,0.0000,0.0000
219.345,1,0.1055,0.6261,0.924,0.0000,0.0000
219.421,1,0.1063,0.6270,0.922,0.0000,0.0000
219.470,1,0.1075,0.6279,0.920,0.0000,0.0000
219.571,1,0.1087,0.6285,0.920,0.0000,0.0000
219.630,1,0.1105,0.6288,0.919,0.0000,0.0000
219.677,1,0.1118,0.6288,0.919,0.0000,0.0000
219.740,1,0.1128,0.6291,0.918,0.0000,0.0000
219.801,1,0.1136,0.6293,0.919,0.0000,0.0000
219.899,1,0.1142,0.6294,0.918,0.0000,0.0000
219.965,1,0.1149,0.6295,0.916,0.0000,0.0000
220.015,1,0.1155,0.6295,0.917,0.0000,0.0000
220.067,1,0.1156,0.6296,0.918,0.0000,0.0000
220.174,1,0.1155,0.6297,0.918,0.0000,0.0000
220.245,1,0.1155,0.6300,0.918,0.0000,0.0000
220.297,1,0.1153,0.6301,0.919,0.0000,0.0000
220.342,1,0.1152,0.6299,0.918,0.0000,0.0000
220.400,1,0.1148,0.6300,0.918,0.0000,0.0000
220.496,1,0.1143,0.6298,0.919,0.0000,0.0000
220.565,1,0.1138,0.6296,0.921,0.0000,0.0000
220.623,1,0.1135,0.6293,0.922,0.0000,0.0000
220.668,1,0.1131,0.6291,0.922,0.0000,0.0000
220.754,1,0.1130,0.6287,0.921,0.0000,0.0000
220.823,1,0.1126,0.6285,0.923,0.0000,0.0000
220.873,1,0.1121,0.6282,0.923,0.0000,0.0000
220.951,1,0.1119,0.6280,0.925,0.0000,0.0000
220.996,1,0.1117,0.6279,0.925,0.0000,0.0000
221.087,1,0.1114,0.6279,0.926,0.0000,0.0000
221.151,1,0.1108,0.6281,0.927,0.0000,0.0000
221.207,1,0.1103,0.6281,0.926,0.0000,0.0000
221.261,1,0.1100,0.6279,0.926,0.0000,0.0000
221.385,1,0.1098,0.6275,0.927,0.0000,0.0000
221.456,1,0.1097,0.6273,0.926,0.0000,0.0000
221.502,1,0.1096,0.6271,0.925,0.0000,0.0000
221.576,1,0.1095,0.6270,0.925,0.0000,0.0000
221.646,1,0.1092,0.6269,0.926,0.0000,0.0000
221.694,1,0.1089,0.6268,0.925,0.0000,0.0000
221.792,1,0.1088,0.6268,0.925,0.0000,0.0000
221.840,1,0.1086,0.6267,0.924,0.0000,0.0000
221.898,1,0.1084,0.6265,0.924,0.0000,0.0000
222.002,1,0.1082,0.6265,0.924,0.0000,0.0000
222.057,1,0.1081,0.6264,0.926,0.0000,0.0000
222.150,1,0.1079,0.6262,0.927,0.0000,0.0000
222.223,1,0.1077,0.6261,0.927,0.0000,0.0000
222.285,1,0.1076,0.6257,0.927,0.0000,0.0000
222.340,1,0.1074,0.6254,0.926,0.0000,0.0000
222.399,1,0.1072,0.6251,0.926,0.0000,0.0000
222.476,1,0.1071,0.6251,0.924,0.0000,0.0000
222.529,1,0.1071,0.6252,0.923,0.0000,0.0000
222.630,1,0.1073,0.6255,0.922,0.0000,0.0000
222.681,1,0.1071,0.6257,0.921,0.0000,0.0000
222.723,1,0.1071,0.6259,0.921,0.0000,0.0000
222.831,1,0.1072,0.6260,0.921,0.0000,0.0000
222.897,1,0.1075,0.6262,0.921,0.0000,0.0000
222.949,1,0.1083,0.6263,0.921,0.0000,0.0000
222.992,1,0.1097,0.6266,0.921,0.0000,0.0000
223.091,1,0.1117,0.6269,0.922,0.0000,0.0000
223.156,1,0.1138,0.6270,0.922,0.0000,0.0000
223.211,1,0.1156,0.6269,0.920,0.0000,0.0000
223.258,1,0.1161,0.6273,0.921,0.0000,0.0000
223.370,1,0.1158,0.6284,0.920,0.0000,0.0000
223.421,1,0.1149,0.6299,0.923,0.0000,0.0000
223.475,1,0.1143,0.6308,0.923,0.0000,0.0000
223.519,1,0.1138,0.6311,0.920,0.0000,0.0000
223.565,1,0.1134,0.6313,0.919,0.0000,0.0000
223.615,1,0.1135,0.6311,0.916,0.0000,0.0000
223.733,1,0.1136,0.6310,0.915,0.0000,0.0000
223.797,1,0.1144,0.6308,0.913,0.0000,0.0000
223.846,1,0.1154,0.6305,0.912,0.0000,0.0000
223.891,1,0.1161,0.6300,0.911,0.0000,0.0000
223.998,1,0.1164,0.6299,0.911,0.0000,0.0000
224.050,1,0.1161,0.6297,0.912,0.0000,0.0000
224.096,1,0.1155,0.6295,0.910,0.0000,0.0000
224.168,1,0.1147,0.6294,0.909,0.0000,0.0000
224.218,1,0.1137,0.6294,0.908,0.0000,0.0000
224.332,1,0.1129,0.6292,0.908,0.0000,0.0000
224.394,1,0.1122,0.6289,0.909,0.0000,0.0000
224.441,1,0.1116,0.6288,0.909,0.0000,0.0000
224.488,1,0.1109,0.6286,0.910,0.0000,0.0000
224.566,1,0.1104,0.6284,0.909,0.0000,0.0000
224.620,1,0.1096,0.6283,0.909,0.0000,0.0000
224.718,1,0.1088,0.6282,0.908,0.0000,0.0000
224.780,1,0.1082,0.6279,0.909,0.0000,0.0000
224.827,1,0.1070,0.6275,0.906,0.0000,0.0000
224.932,1,0.1060,0.6272,0.906,0.0000,0.0000
224.982,1,0.1052,0.6270,0.904,0.0000,0.0000
225.020,1,0.1047,0.6265,0.907,0.0000,0.0000
225.118,1,0.1044,0.6261,0.908,0.0000,0.0000
225.184,1,0.1044,0.6258,0.908,0.0000,0.0000
225.232,1,0.1043,0.6255,0.908,0.0000,0.0000
225.280,1,0.1043,0.6251,0.909,0.0000,0.0000
225.368,1,0.1042,0.6247,0.908,0.0000,0.0000
225.441,1,0.1040,0.6243,0.907,0.0000,0.0000
225.490,1,0.1039,0.6239,0.907,0.0000,0.0000
225.576,1,0.1039,0.6236,0.907,0.0000,0.0000
225.640,1,0.1040,0.6234,0.907,0.0000,0.0000
225.691,1,0.1039,0.6233,0.906,0.0000,0.0000
225.803,1,0.1039,0.6231,0.906,0.0000,0.0000
225.856,1,0.1039,0.6231,0.906,0.0000,0.0000
225.937,1,0.1039,0.6231,0.905,0.0000,0.0000
225.985,1,0.1039,0.6231,0.905,0.0000,0.0000
226.081,1,0.1039,0.6231,0.906,0.0000,0.0000
226.150,1,0.1039,0.6231,0.906,0.0000,0.0000
226.200,1,0.1040,0.6231,0.906,0.0000,0.0000
226.252,1,0.1041,0.6231,0.906,0.0000,0.0000
226.348,1,0.1042,0.6232,0.907,0.0000,0.0000
226.412,1,0.1041,0.6232,0.907,0.0000,0.0000
226.458,1,0.1037,0.6233,0.906,0.0000,0.0000
226.542,1,0.1030,0.6234,0.903,0.0000,0.0000
226.594,1,0.1022,0.6234,0.903,0.0000,0.0000
226.645,1,0.1013,0.6235,0.903,0.0000,0.0000
226.764,1,0.1004,0.6236,0.903,0.0000,0.0000
226.840,1,0.1000,0.6236,0.904,0.0000,0.0000
226.896,1,0.1002,0.6235,0.905,0.0000,0.0000
226.949,1,0.1004,0.6232,0.906,0.0000,0.0000
227.030,1,0.1006,0.6230,0.906,0.0000,0.0000
227.094,1,0.1010,0.6229,0.907,0.0000,0.0000
227.147,1,0.1006,0.6229,0.905,0.0000,0.0000
227.240,1,0.0996,0.6230,0.906,0.0000,0.0000
227.300,1,0.0975,0.6229,0.903,0.0000,0.0000
227.352,1,0.0952,0.6229,0.901,0.0000,0.0000
227.446,1,0.0933,0.6229,0.900,0.0000,0.0000
227.511,1,0.0921,0.6227,0.900,0.0000,0.0000
227.557,1,0.0915,0.6225,0.899,0.0000,0.0000
227.621,1,0.0915,0.6224,0.898,0.0000,0.0000
227.711,1,0.0917,0.6223,0.898,0.0000,0.0000
227.761,1,0.0918,0.6224,0.898,0.0000,0.0000
227.813,1,0.0918,0.6222,0.898,0.0000,0.0000
227.930,1,0.0911,0.6221,0.897,0.0000,0.0000
227.999,1,0.0906,0.6219,0.896,0.0000,0.0000
228.047,1,0.0902,0.6217,0.896,0.0000,0.0000
228.148,1,0.0893,0.6215,0.894,0.0000,0.0000
228.210,1,0.0900,0.6222,0.894,0.0000,0.0000
228.256,1,0.0902,0.6224,0.893,0.0000,0.0000
228.334,1,0.0905,0.6225,0.893,0.0000,0.0000
228.389,1,0.0905,0.6225,0.893,0.0000,0.0000
228.449,1,0.0891,0.6216,0.893,0.0000,0.0000
228.531,1,0.0884,0.6209,0.893,0.0000,0.0000
228.591,1,0.0881,0.6205,0.894,0.0000,0.0000
228.649,1,0.0878,0.6202,0.893,0.0000,0.0000
228.737,1,0.0876,0.6199,0.895,0.0000,0.0000
228.786,1,0.0873,0.6196,0.896,0.0000,0.0000
228.874,1,0.0858,0.6194,0.896,0.0000,0.0000
228.943,1,0.0830,0.6189,0.896,0.0000,0.0000
228.989,1,0.0810,0.6187,0.898,0.0000,0.0000
229.055,1,0.0794,0.6186,0.898,0.0000,0.0000
229.115,1,0.0789,0.6186,0.898,0.0000,0.0000
229.233,1,0.0790,0.6187,0.898,0.0000,0.0000
229.282,1,0.0800,0.6187,0.898,0.0000,0.0000
229.366,1,0.0813,0.6188,0.897,0.0000,0.0000
229.418,1,0.0827,0.6189,0.897,0.0000,0.0000
229.481,1,0.0843,0.6190,0.898,0.0000,0.0000
229.572,1,0.0860,0.6191,0.897,0.0000,0.0000
229.629,1,0.0875,0.6192,0.897,0.0000,0.0000
229.675,1,0.0890,0.6195,0.898,0.0000,0.0000
229.774,1,0.0899,0.6197,0.899,0.0000,0.0000
229.831,1,0.0906,0.6199,0.898,0.0000,0.0000
229.878,1,0.0911,0.6201,0.900,0.0000,0.0000
229.980,1,0.0915,0.6203,0.900,0.0000,0.0000
230.033,1,0.0920,0.6204,0.900,0.0000,0.0000
230.082,1,0.0926,0.6205,0.900,0.0000,0.0000
230.169,1,0.0932,0.6206,0.901,0.0000,0.0000
230.231,1,0.0938,0.6206,0.901,0.0000,0.0000
230.278,1,0.0946,0.6206,0.902,0.0000,0.0000
230.395,1,0.0950,0.6208,0.902,0.0000,0.0000
230.452,1,0.0956,0.6209,0.902,0.0000,0.0000
230.515,1,0.0962,0.6209,0.902,0.0000,0.0000
230.596,1,0.0966,0.6210,0.902,0.0000,0.0000
230.653,1,0.0968,0.6211,0.903,0.0000,0.0000
230.705,1,0.0971,0.6212,0.902,0.0000,0.0000
230.813,1,0.0976,0.6213,0.904,0.0000,0.0000
230.868,1,0.0979,0.6212,0.906,0.0000,0.0000
230.917,1,0.0982,0.6212,0.905,0.0000,0.0000
230.971,1,0.0982,0.6213,0.904,0.0000,0.0000
231.073,1,0.0983,0.6213,0.904,0.0000,0.0000
231.129,1,0.0983,0.6212,0.904,0.0000,0.0000
231.178,1,0.0980,0.6211,0.902,0.0000,0.0000
231.249,1,0.0979,0.6211,0.902,0.0000,0.0000
231.304,1,0.0976,0.6211,0.903,0.0000,0.0000
231.415,1,0.0975,0.6208,0.902,0.0000,0.0000
231.486,1,0.0974,0.6207,0.903,0.0000,0.0000
231.540,1,0.0971,0.6205,0.903,0.0000,0.0000
231.647,1,0.0970,0.6205,0.901,0.0000,0.0000
231.709,1,0.0971,0.6205,0.902,0.0000,0.0000
231.754,1,0.0973,0.6205,0.904,0.0000,0.0000
231.800,1,0.0979,0.6205,0.904,0.0000,0.0000
231.904,1,0.0983,0.6207,0.904,0.0000,0.0000
231.970,1,0.0986,0.6208,0.904,0.0000,0.0000
232.024,1,0.0989,0.6211,0.903,0.0000,0.0000
232.070,1,0.0992,0.6213,0.904,0.0000,0.0000
232.173,1,0.0996,0.6215,0.904,0.0000,0.0000
232.226,1,0.0998,0.6215,0.904,0.0000,0.0000
232.276,1,0.1001,0.6219,0.905,0.0000,0.0000
232.362,1,0.1004,0.6221,0.906,0.0000,0.0000
232.416,1,0.1007,0.6223,0.905,0.0000,0.0000
232.465,1,0.1007,0.6225,0.906,0.0000,0.0000
232.577,1,0.1008,0.6226,0.906,0.0000,0.0000
232.636,1,0.1010,0.6227,0.907,0.0000,0.0000
232.683,1,0.1012,0.6226,0.907,0.0000,0.0000
232.729,1,0.1014,0.6225,0.907,0.0000,0.0000
232.851,1,0.1016,0.6225,0.907,0.0000,0.0000
232.929,1,0.1017,0.6225,0.907,0.0000,0.0000
232.961,1,0.1016,0.6226,0.907,0.0000,0.0000
233.068,1,0.1018,0.6227,0.909,0.0000,0.0000
233.131,1,0.1019,0.6227,0.908,0.0000,0.0000
233.177,1,0.1019,0.6227,0.908,0.0000,0.0000
233.226,1,0.1020,0.6228,0.908,0.0000,0.0000
233.331,1,0.1019,0.6228,0.907,0.0000,0.0000
233.414,1,0.1021,0.6229,0.908,0.0000,0.0000
233.475,1,0.1020,0.6230,0.908,0.0000,0.0000
233.534,1,0.1021,0.6230,0.907,0.0000,0.0000
233.632,1,0.1021,0.6229,0.909,0.0000,0.0000
233.696,1,0.1020,0.6228,0.907,0.0000,0.0000
233.743,1,0.1021,0.6227,0.907,0.0000,0.0000
233.791,1,0.1023,0.6227,0.907,0.0000,0.0000
233.908,1,0.1026,0.6226,0.907,0.0000,0.0000
233.975,1,0.1030,0.6229,0.909,0.0000,0.0000
234.018,1,0.1035,0.6234,0.910,0.0000,0.0000
234.070,1,0.1041,0.6239,0.911,0.0000,0.0000
234.178,1,0.1046,0.6239,0.912,0.0000,0.0000
234.233,1,0.1050,0.6240,0.913,0.0000,0.0000
234.286,1,0.1054,0.6240,0.912,0.0000,0.0000
234.333,1,0.1056,0.6240,0.912,0.0000,0.0000
234.425,1,0.1057,0.6240,0.914,0.0000,0.0000
234.477,1,0.1059,0.6238,0.913,0.0000,0.0000
234.528,1,0.1059,0.6236,0.914,0.0000,0.0000
234.660,1,0.1060,0.6231,0.917,0.0000,0.0000
234.765,1,0.1059,0.6223,0.914,0.0000,0.0000
234.851,1,0.1056,0.6219,0.914,0.0000,0.0000
234.899,1,0.1048,0.6218,0.913,0.0000,0.0000
234.986,1,0.1041,0.6219,0.912,0.0000,0.0000
235.058,1,0.1037,0.6220,0.912,0.0000,0.0000
235.110,1,0.1040,0.6220,0.915,0.0000,0.0000
235.173,1,0.1047,0.6224,0.914,0.0000,0.0000
235.245,1,0.1054,0.6229,0.915,0.0000,0.0000
235.303,1,0.1061,0.6230,0.914,0.0000,0.0000
235.362,1,0.1066,0.6227,0.914,0.0000,0.0000
235.482,1,0.1072,0.6225,0.913,0.0000,0.0000
235.558,1,0.1075,0.6222,0.914,0.0000,0.0000
235.609,1,0.1075,0.6219,0.914,0.0000,0.0000
235.662,1,0.1072,0.6216,0.913,0.0000,0.0000
235.748,1,0.1070,0.6216,0.914,0.0000,0.0000
235.811,1,0.1067,0.6216,0.914,0.0000,0.0000
235.867,1,0.1067,0.6217,0.913,0.0000,0.0000
235.945,1,0.1067,0.6217,0.914,0.0000,0.0000
235.992,1,0.1069,0.6218,0.914,0.0000,0.0000
236.095,1,0.1071,0.6221,0.913,0.0000,0.0000
236.161,1,0.1074,0.6223,0.913,0.0000,0.0000
236.216,1,0.1075,0.6226,0.912,0.0000,0.0000
236.262,1,0.1073,0.6230,0.911,0.0000,0.0000
236.344,1,0.1073,0.6233,0.911,0.0000,0.0000
236.396,1,0.1070,0.6235,0.911,0.0000,0.0000
236.495,1,0.1069,0.6236,0.911,0.0000,0.0000
236.563,1,0.1070,0.6236,0.911,0.0000,0.0000
236.609,1,0.1071,0.6236,0.911,0.0000,0.0000
236.661,1,0.1072,0.6237,0.910,0.0000,0.0000
236.761,1,0.1073,0.6237,0.912,0.0000,0.0000
236.832,1,0.1072,0.6237,0.912,0.0000,0.0000
236.879,1,0.1071,0.6237,0.912,0.0000,0.0000
236.925,1,0.1071,0.6235,0.912,0.0000,0.0000
237.026,1,0.1067,0.6231,0.911,0.0000,0.0000
237.093,1,0.1060,0.6227,0.910,0.0000,0.0000
237.147,1,0.1054,0.6225,0.911,0.0000,0.0000
237.196,1,0.1047,0.6223,0.910,0.0000,0.0000
237.295,1,0.1043,0.6222,0.911,0.0000,0.0000
237.357,1,0.1042,0.6221,0.911,0.0000,0.0000
237.414,1,0.1041,0.6221,0.910,0.0000,0.0000
237.461,1,0.1042,0.6222,0.910,0.0000,0.0000
237.553,1,0.1042,0.6222,0.910,0.0000,0.0000
237.614,1,0.1044,0.6222,0.909,0.0000,0.0000
237.659,1,0.1048,0.6223,0.911,0.0000,0.0000
237.747,1,0.1051,0.6223,0.910,0.0000,0.0000
237.814,1,0.1053,0.6224,0.912,0.0000,0.0000
237.863,1,0.1053,0.6225,0.911,0.0000,0.0000
237.920,1,0.1051,0.6226,0.910,0.0000,0.0000
238.029,1,0.1051,0.6226,0.909,0.0000,0.0000
238.092,1,0.1051,0.6227,0.911,0.0000,0.0000
238.137,1,0.1052,0.6226,0.912,0.0000,0.0000
238.183,1,0.1053,0.6226,0.910,0.0000,0.0000
238.300,1,0.1053,0.6227,0.909,0.0000,0.0000
238.363,1,0.1054,0.6227,0.910,0.0000,0.0000
238.446,1,0.1057,0.6227,0.911,0.0000,0.0000
238.495,1,0.1060,0.6228,0.910,0.0000,0.0000
238.573,1,0.1063,0.6228,0.909,0.0000,0.0000
238.619,1,0.1065,0.6229,0.909,0.0000,0.0000
238.753,1,0.1066,0.6229,0.909,0.0000,0.0000
238.828,1,0.1066,0.6230,0.909,0.0000,0.0000
238.875,1,0.1067,0.6229,0.909,0.0000,0.0000
238.921,1,0.1068,0.6229,0.909,0.0000,0.0000
239.010,1,0.1067,0.6227,0.909,0.0000,0.0000
239.069,1,0.1066,0.6226,0.908,0.0000,0.0000
239.123,1,0.1066,0.6226,0.908,0.0000,0.0000
239.203,1,0.1065,0.6225,0.907,0.0000,0.0000
239.251,1,0.1064,0.6225,0.908,0.0000,0.0000
239.363,1,0.1062,0.6225,0.907,0.0000,0.0000
239.423,1,0.1059,0.6225,0.908,0.0000,0.0000
239.462,1,0.1032,0.6224,0.903,0.0000,0.0000
239.513,1,0.1002,0.6223,0.903,0.0000,0.0000
239.628,1,0.0978,0.6222,0.904,0.0000,0.0000
239.707,1,0.0964,0.6220,0.903,0.0000,0.0000
239.759,1,0.0956,0.6216,0.904,0.0000,0.0000
239.831,1,0.0954,0.6206,0.903,0.0000,0.0000
239.881,1,0.0954,0.6199,0.903,0.0000,0.0000
240.002,1,0.0955,0.6193,0.904,0.0000,0.0000
240.070,1,0.0955,0.6189,0.904,0.0000,0.0000
240.119,1,0.0963,0.6184,0.904,0.0000,0.0000
240.222,1,0.0974,0.6182,0.904,0.0000,0.0000
240.293,1,0.0990,0.6180,0.907,0.0000,0.0000
240.338,1,0.1007,0.6178,0.908,0.0000,0.0000
240.380,1,0.1020,0.6176,0.910,0.0000,0.0000
240.485,1,0.1025,0.6174,0.910,0.0000,0.0000
240.562,1,0.1027,0.6173,0.910,0.0000,0.0000
240.608,1,0.1028,0.6172,0.911,0.0000,0.0000
240.654,1,0.1013,0.6171,0.907,0.0000,0.0000
240.744,1,0.0984,0.6170,0.906,0.0000,0.0000
240.793,1,0.0952,0.6168,0.905,0.0000,0.0000
240.868,1,0.0922,0.6163,0.905,0.0000,0.0000
240.917,1,0.0890,0.6156,0.905,0.0000,0.0000
241.039,1,0.0866,0.6153,0.908,0.0000,0.0000
241.098,1,0.0838,0.6147,0.909,0.0000,0.0000
241.150,1,0.0799,0.6146,0.912,0.0000,0.0000
241.236,1,0.0764,0.6145,0.913,0.0000,0.0000
241.300,1,0.0737,0.6147,0.910,0.0000,0.0000
241.347,1,0.0720,0.6149,0.910,0.0000,0.0000
241.425,1,0.0709,0.6151,0.911,0.0000,0.0000
241.497,1,0.0704,0.6151,0.911,0.0000,0.0000
241.545,1,0.0701,0.6152,0.909,0.0000,0.0000
241.655,1,0.0700,0.6154,0.911,0.0000,0.0000
241.719,1,0.0701,0.6158,0.912,0.0000,0.0000
241.765,1,0.0703,0.6159,0.912,0.0000,0.0000
241.813,1,0.0707,0.6159,0.913,0.0000,0.0000
241.920,1,0.0713,0.6158,0.914,0.0000,0.0000
241.992,1,0.0727,0.6159,0.912,0.0000,0.0000
242.038,1,0.0746,0.6158,0.910,0.0000,0.0000
242.090,1,0.0766,0.6158,0.908,0.0000,0.0000
242.144,1,0.0779,0.6158,0.908,0.0000,0.0000
242.268,1,0.0786,0.6158,0.909,0.0000,0.0000
242.363,1,0.0789,0.6159,0.906,0.0000,0.0000
242.414,1,0.0792,0.6162,0.907,0.0000,0.0000
242.461,1,0.0793,0.6167,0.908,0.0000,0.0000
242.510,1,0.0789,0.6172,0.907,0.0000,0.0000
242.606,1,0.0784,0.6174,0.907,0.0000,0.0000
242.668,1,0.0780,0.6173,0.907,0.0000,0.0000
242.722,1,0.0782,0.6173,0.906,0.0000,0.0000
242.793,1,0.0786,0.6172,0.907,0.0000,0.0000
242.842,1,0.0792,0.6170,0.907,0.0000,0.0000
242.930,1,0.0800,0.6170,0.906,0.0000,0.0000
242.995,1,0.0807,0.6170,0.906,0.0000,0.0000
243.062,1,0.0818,0.6170,0.905,0.0000,0.0000
243.107,1,0.0827,0.6169,0.904,0.0000,0.0000
243.203,1,0.0835,0.6169,0.904,0.0000,0.0000
243.258,1,0.0845,0.6170,0.904,0.0000,0.0000
243.319,1,0.0852,0.6174,0.905,0.0000,0.0000
243.409,1,0.0855,0.6180,0.907,0.0000,0.0000
243.477,1,0.0870,0.6184,0.909,0.0000,0.0000
243.523,1,0.0894,0.6178,0.906,0.0000,0.0000
243.582,1,0.0915,0.6179,0.907,0.0000,0.0000
243.663,1,0.0941,0.6178,0.907,0.0000,0.0000
243.729,1,0.0962,0.6175,0.909,0.0000,0.0000
243.775,1,0.0977,0.6173,0.906,0.0000,0.0000
243.883,1,0.0985,0.6174,0.906,0.0000,0.0000
243.948,1,0.0986,0.6176,0.904,0.0000,0.0000
243.997,1,0.0984,0.6175,0.903,0.0000,0.0000
244.046,1,0.0979,0.6174,0.902,0.0000,0.0000
244.113,1,0.0969,0.6171,0.905,0.0000,0.0000
244.208,1,0.0959,0.6172,0.908,0.0000,0.0000
244.257,1,0.0949,0.6172,0.909,0.0000,0.0000
244.309,1,0.0947,0.6171,0.909,0.0000,0.0000
244.411,1,0.0942,0.6171,0.909,0.0000,0.0000
244.479,1,0.0937,0.6166,0.909,0.0000,0.0000
244.533,1,0.0930,0.6162,0.909,0.0000,0.0000
244.581,1,0.0919,0.6160,0.908,0.0000,0.0000
244.658,1,0.0912,0.6162,0.909,0.0000,0.0000
244.730,1,0.0904,0.6165,0.906,0.0000,0.0000
244.776,1,0.0898,0.6168,0.906,0.0000,0.0000
244.878,1,0.0891,0.6169,0.906,0.0000,0.0000
244.935,1,0.0882,0.6168,0.906,0.0000,0.0000
244.985,1,0.0876,0.6166,0.905,0.0000,0.0000
245.043,1,0.0872,0.6166,0.905,0.0000,0.0000
245.092,1,0.0869,0.6167,0.905,0.0000,0.0000
245.146,1,0.0868,0.6166,0.904,0.0000,0.0000
245.216,1,0.0866,0.6168,0.904,0.0000,0.0000
245.298,1,0.0864,0.6169,0.903,0.0000,0.0000
245.345,1,0.0863,0.6169,0.904,0.0000,0.0000
245.427,1,0.0862,0.6170,0.903,0.0000,0.0000
245.477,1,0.0863,0.6171,0.904,0.0000,0.0000
245.572,1,0.0864,0.6173,0.905,0.0000,0.0000
245.628,1,0.0865,0.6178,0.904,0.0000,0.0000
245.673,1,0.0864,0.6180,0.904,0.0000,0.0000
245.773,1,0.0863,0.6182,0.905,0.0000,0.0000
245.842,1,0.0862,0.6182,0.906,0.0000,0.0000
245.886,1,0.0863,0.6182,0.906,0.0000,0.0000
245.933,1,0.0865,0.6182,0.907,0.0000,0.0000
246.057,1,0.0865,0.6183,0.907,0.0000,0.0000
246.139,1,0.0865,0.6183,0.907,0.0000,0.0000
246.203,1,0.0867,0.6183,0.907,0.0000,0.0000
246.275,1,0.0865,0.6183,0.907,0.0000,0.0000
246.335,1,0.0863,0.6184,0.906,0.0000,0.0000
246.390,1,0.0862,0.6184,0.906,0.0000,0.0000
246.451,1,0.0863,0.6185,0.906,0.0000,0.0000
246.494,1,0.0863,0.6186,0.906,0.0000,0.0000
246.615,1,0.0862,0.6187,0.906,0.0000,0.0000
246.714,1,0.0860,0.6190,0.906,0.0000,0.0000
246.781,1,0.0860,0.6192,0.906,0.0000,0.0000
246.832,1,0.0861,0.6192,0.906,0.0000,0.0000
246.877,1,0.0862,0.6193,0.907,0.0000,0.0000
246.930,1,0.0863,0.6194,0.907,0.0000,0.0000
247.044,1,0.0863,0.6194,0.908,0.0000,0.0000
247.103,1,0.0863,0.6193,0.907,0.0000,0.0000
247.160,1,0.0859,0.6186,0.907,0.0000,0.0000
247.259,1,0.0852,0.6177,0.913,0.0000,0.0000
247.309,1,0.0847,0.6171,0.910,0.0000,0.0000
247.362,1,0.0834,0.6171,0.909,0.0000,0.0000
247.475,1,0.0824,0.6173,0.909,0.0000,0.0000
247.528,1,0.0818,0.6173,0.909,0.0000,0.0000
247.588,1,0.0814,0.6167,0.908,0.0000,0.0000
247.635,1,0.0811,0.6164,0.908,0.0000,0.0000
247.742,1,0.0811,0.6165,0.906,0.0000,0.0000
247.799,1,0.0813,0.6165,0.906,0.0000,0.0000
247.847,1,0.0814,0.6166,0.905,0.0000,0.0000
247.898,1,0.0813,0.6166,0.907,0.0000,0.0000
247.944,1,0.0813,0.6167,0.907,0.0000,0.0000
247.996,1,0.0812,0.6170,0.908,0.0000,0.0000
248.116,1,0.0813,0.6173,0.906,0.0000,0.0000
248.177,1,0.0813,0.6176,0.906,0.0000,0.0000
248.228,1,0.0815,0.6179,0.906,0.0000,0.0000
248.354,1,0.0815,0.6181,0.907,0.0000,0.0000
248.422,1,0.0815,0.6182,0.905,0.0000,0.0000
248.477,1,0.0816,0.6184,0.904,0.0000,0.0000
248.529,1,0.0815,0.6184,0.905,0.0000,0.0000
248.630,1,0.0815,0.6185,0.905,0.0000,0.0000
248.698,1,0.0813,0.6185,0.906,0.0000,0.0000
248.744,1,0.0811,0.6185,0.909,0.0000,0.0000
248.806,1,0.0816,0.6184,0.904,0.0000,0.0000
248.950,1,0.0835,0.6184,0.901,0.0000,0.0000
249.004,1,0.0864,0.6181,0.906,0.0000,0.0000
249.088,1,0.0918,0.6174,0.909,0.0000,0.0000
249.145,1,0.0962,0.6174,0.910,0.0000,0.0000
249.197,1,0.0992,0.6175,0.909,0.0000,0.0000
249.269,1,0.1005,0.6177,0.906,0.0000,0.0000
249.340,1,0.1014,0.6177,0.907,0.0000,0.0000
249.444,1,0.1021,0.6176,0.907,0.0000,0.0000
249.500,1,0.1030,0.6176,0.907,0.0000,0.0000
249.581,1,0.1051,0.6176,0.911,0.0000,0.0000
249.646,1,0.1065,0.6174,0.912,0.0000,0.0000
249.713,1,0.1073,0.6173,0.912,0.0000,0.0000
249.782,1,0.1078,0.6172,0.913,0.0000,0.0000
249.844,1,0.1081,0.6168,0.914,0.0000,0.0000
249.896,1,0.1083,0.6165,0.914,0.0000,0.0000
249.975,1,0.1086,0.6163,0.913,0.0000,0.0000
250.053,1,0.1089,0.6162,0.915,0.0000,0.0000
250.098,1,0.1092,0.6162,0.914,0.0000,0.0000
250.221,1,0.1096,0.6162,0.914,0.0000,0.0000
250.333,1,0.1098,0.6164,0.915,0.0000,0.0000
250.392,1,0.1102,0.6166,0.916,0.0000,0.0000
250.441,1,0.1107,0.6165,0.917,0.0000,0.0000
250.514,1,0.1109,0.6156,0.918,0.0000,0.0000
250.584,1,0.1108,0.6148,0.922,0.0000,0.0000
250.629,1,0.1101,0.6147,0.919,0.0000,0.0000
250.729,1,0.1098,0.6145,0.920,0.0000,0.0000
250.815,1,0.1096,0.6144,0.918,0.0000,0.0000
250.881,1,0.1096,0.6145,0.921,0.0000,0.0000
250.931,1,0.1099,0.6145,0.923,0.0000,0.0000
251.036,1,0.1103,0.6147,0.923,0.0000,0.0000
251.100,1,0.1108,0.6148,0.924,0.0000,0.0000
251.158,1,0.1113,0.6153,0.923,0.0000,0.0000
251.215,1,0.1116,0.6159,0.920,0.0000,0.0000
251.254,1,0.1116,0.6163,0.920,0.0000,0.0000
251.351,1,0.1116,0.6167,0.921,0.0000,0.0000
251.425,1,0.1117,0.6169,0.921,0.0000,0.0000
251.474,1,0.1116,0.6174,0.922,0.0000,0.0000
251.522,1,0.1116,0.6179,0.923,0.0000,0.0000
251.607,1,0.1116,0.6182,0.923,0.0000,0.0000
251.655,1,0.1115,0.6184,0.923,0.0000,0.0000
251.729,1,0.1115,0.6190,0.922,0.0000,0.0000
251.814,1,0.1115,0.6194,0.921,0.0000,0.0000
251.881,1,0.1116,0.6198,0.922,0.0000,0.0000
251.930,1,0.1118,0.6200,0.925,0.0000,0.0000
252.014,1,0.1120,0.6201,0.924,0.0000,0.0000
252.074,1,0.1121,0.6202,0.925,0.0000,0.0000
252.122,1,0.1121,0.6202,0.925,0.0000,0.0000
252.230,1,0.1119,0.6201,0.925,0.0000,0.0000
252.289,1,0.1118,0.6200,0.924,0.0000,0.0000
252.343,1,0.1118,0.6198,0.924,0.0000,0.0000
252.388,1,0.1119,0.6191,0.922,0.0000,0.0000
252.483,1,0.1119,0.6181,0.924,0.0000,0.0000
252.529,1,0.1116,0.6173,0.923,0.0000,0.0000
252.616,1,0.1114,0.6168,0.924,0.0000,0.0000
252.667,1,0.1113,0.6165,0.924,0.0000,0.0000
252.725,1,0.1114,0.6161,0.924,0.0000,0.0000
252.824,1,0.1117,0.6156,0.925,0.0000,0.0000
252.893,1,0.1119,0.6150,0.926,0.0000,0.0000
252.953,1,0.1121,0.6147,0.925,0.0000,0.0000
253.002,1,0.1123,0.6146,0.926,0.0000,0.0000
253.067,1,0.1126,0.6142,0.927,0.0000,0.0000
253.136,1,0.1130,0.6140,0.926,0.0000,0.0000
253.194,1,0.1132,0.6138,0.926,0.0000,0.0000
253.309,1,0.1136,0.6137,0.928,0.0000,0.0000
253.389,1,0.1139,0.6136,0.927,0.0000,0.0000
253.453,1,0.1141,0.6137,0.927,0.0000,0.0000
253.516,1,0.1142,0.6137,0.927,0.0000,0.0000
253.577,1,0.1141,0.6139,0.924,0.0000,0.0000
253.623,1,0.1143,0.6139,0.925,0.0000,0.0000
253.716,1,0.1143,0.6139,0.926,0.0000,0.0000
253.789,1,0.1144,0.6139,0.925,0.0000,0.0000
253.843,1,0.1142,0.6142,0.925,0.0000,0.0000
253.893,1,0.1140,0.6148,0.921,0.0000,0.0000
253.978,1,0.1139,0.6156,0.921,0.0000,0.0000
254.024,1,0.1137,0.6161,0.918,0.0000,0.0000
254.102,1,0.1132,0.6167,0.918,0.0000,0.0000
254.154,1,0.1128,0.6175,0.919,0.0000,0.0000
254.253,1,0.1125,0.6180,0.919,0.0000,0.0000
254.305,1,0.1124,0.6185,0.919,0.0000,0.0000
254.352,1,0.1127,0.6189,0.919,0.0000,0.0000
254.448,1,0.1127,0.6192,0.919,0.0000,0.0000
254.515,1,0.1129,0.6195,0.920,0.0000,0.0000
254.562,1,0.1130,0.6197,0.921,0.0000,0.0000
254.612,1,0.1131,0.6200,0.922,0.0000,0.0000
254.727,1,0.1132,0.6201,0.923,0.0000,0.0000
254.788,1,0.1132,0.6202,0.923,0.0000,0.0000
254.835,1,0.1134,0.6202,0.923,0.0000,0.0000
254.881,1,0.1136,0.6200,0.924,0.0000,0.0000
254.985,1,0.1137,0.6198,0.924,0.0000,0.0000
255.046,1,0.1138,0.6196,0.925,0.0000,0.0000
255.100,1,0.1140,0.6195,0.925,0.0000,0.0000
255.151,1,0.1141,0.6193,0.925,0.0000,0.0000
255.247,1,0.1141,0.6192,0.926,0.0000,0.0000
255.301,1,0.1140,0.6190,0.925,0.0000,0.0000
255.350,1,0.1139,0.6189,0.925,0.0000,0.0000
255.448,1,0.1137,0.6187,0.925,0.0000,0.0000
255.506,1,0.1137,0.6186,0.925,0.0000,0.0000
255.563,1,0.1136,0.6186,0.925,0.0000,0.0000
255.630,1,0.1136,0.6187,0.925,0.0000,0.0000
255.693,1,0.1136,0.6189,0.924,0.0000,0.0000
255.754,1,0.1131,0.6192,0.921,0.0000,0.0000
255.812,1,0.1125,0.6195,0.921,0.0000,0.0000
255.938,1,0.1120,0.6196,0.922,0.0000,0.0000
256.015,1,0.1117,0.6198,0.924,0.0000,0.0000
256.070,1,0.1116,0.6202,0.925,0.0000,0.0000
256.121,1,0.1102,0.6201,0.917,0.0000,0.0000
256.207,1,0.1081,0.6199,0.915,0.0000,0.0000
256.262,1,0.1059,0.6200,0.911,0.0000,0.0000
256.326,1,0.1042,0.6203,0.908,0.0000,0.0000
256.383,1,0.1020,0.6205,0.907,0.0000,0.0000
256.431,1,0.1001,0.6207,0.906,0.0000,0.0000
256.471,1,0.0974,0.6205,0.903,0.0000,0.0000
256.588,1,0.0947,0.6201,0.903,0.0000,0.0000
256.663,1,0.0924,0.6192,0.903,0.0000,0.0000
256.713,1,0.0906,0.6182,0.904,0.0000,0.0000
256.759,1,0.0887,0.6180,0.901,0.0000,0.0000
256.813,1,0.0870,0.6179,0.899,0.0000,0.0000
