rollout,segment,t,vx_cmd,vy_cmd,wz_cmd,vx_med,wz_med,tilt_rad,height,power_W,tau_max
1,0,0.009,0.0,0.0,0.0,0.0022,-0.0000,0.1999,0.2242,0.07,10.34
1,0,0.028,0.0,0.0,0.0,0.0004,-0.0000,0.1998,0.2241,0.07,10.34
1,0,0.047,0.0,0.0,0.0,0.0078,-0.0739,0.1957,0.2224,74.46,24.44
1,0,0.068,0.0,0.0,0.0,0.0133,-0.2644,0.1749,0.2197,127.01,21.36
1,0,0.081,0.0,0.0,0.0,0.0381,-0.3790,0.1523,0.2204,132.12,18.24
1,0,0.102,0.0,0.0,0.0,0.0612,-0.3769,0.1285,0.2201,111.19,15.23
1,0,0.124,0.0,0.0,0.0,0.0664,-0.2146,0.1038,0.2200,63.26,14.06
1,0,0.143,0.0,0.0,0.0,0.0591,-0.1309,0.0949,0.2205,45.18,13.97
1,0,0.162,0.0,0.0,0.0,0.1478,-0.0352,0.0849,0.2216,35.09,14.13
1,0,0.185,0.0,0.0,0.0,0.1419,0.0596,0.0737,0.2233,34.96,13.35
1,0,0.205,0.0,0.0,0.0,0.1355,0.0821,0.0683,0.2239,34.91,12.38
1,0,0.225,0.0,0.0,0.0,0.1351,0.0822,0.0581,0.2251,32.25,12.14
1,0,0.243,0.0,0.0,0.0,0.2371,0.0872,0.0535,0.2260,31.17,12.40
1,0,0.269,0.0,0.0,0.0,0.1466,0.0837,0.0448,0.2275,29.64,12.34
1,0,0.281,0.0,0.0,0.0,0.1816,0.0849,0.0407,0.2282,29.56,12.29
1,0,0.301,0.0,0.0,0.0,0.2896,0.0776,0.0326,0.2297,28.19,12.13
1,0,0.324,0.0,0.0,0.0,0.2537,0.0675,0.0266,0.2309,27.72,11.80
1,0,0.344,0.0,0.0,0.0,0.2267,0.0502,0.0206,0.2320,27.15,11.68
1,0,0.362,0.0,0.0,0.0,0.2395,0.0373,0.0149,0.2332,26.30,11.33
1,0,0.381,0.0,0.0,0.0,0.3022,0.0231,0.0074,0.2348,26.28,10.81
1,0,0.404,0.0,0.0,0.0,0.1465,0.0336,0.0058,0.2358,63.01,10.71
1,0,0.425,0.0,0.0,0.0,0.2440,-0.0285,0.0053,0.2372,35.69,10.27
1,0,0.445,0.0,0.0,0.0,0.2147,-0.0373,0.0079,0.2381,20.77,9.38
1,0,0.462,0.0,0.0,0.0,0.2478,-0.0323,0.0091,0.2385,21.06,9.24
1,0,0.482,0.0,0.0,0.0,0.2184,-0.0086,0.0140,0.2403,24.92,9.47
1,0,0.505,0.0,0.0,0.0,0.2149,-0.0097,0.0179,0.2425,25.32,8.74
1,0,0.526,0.0,0.0,0.0,0.1843,-0.0263,0.0213,0.2445,24.17,8.02
1,0,0.543,0.0,0.0,0.0,0.2537,-0.0307,0.0229,0.2455,23.14,7.55
1,0,0.561,0.0,0.0,0.0,0.2781,-0.0240,0.0262,0.2474,21.75,7.17
1,0,0.582,0.0,0.0,0.0,0.1910,-0.0129,0.0284,0.2487,20.75,6.86
1,0,0.602,0.0,0.0,0.0,0.1862,0.0007,0.0310,0.2503,19.09,6.48
1,0,0.622,0.0,0.0,0.0,0.1583,0.0087,0.0326,0.2514,17.98,6.22
1,0,0.643,0.0,0.0,0.0,0.2025,0.0187,0.0341,0.2528,16.37,6.12
1,0,0.662,0.0,0.0,0.0,0.1550,0.0251,0.0348,0.2537,14.83,6.02
1,0,0.681,0.0,0.0,0.0,0.1814,0.0291,0.0354,0.2546,13.37,5.94
1,0,0.704,0.0,0.0,0.0,0.1146,0.0325,0.0361,0.2555,11.47,5.82
1,0,0.723,0.0,0.0,0.0,0.1222,0.0343,0.0364,0.2561,10.02,5.74
1,0,0.742,0.0,0.0,0.0,0.0957,0.0353,0.0368,0.2568,8.49,5.69
1,0,0.763,0.0,0.0,0.0,0.0873,0.0348,0.0369,0.2573,7.44,5.60
1,0,0.781,0.0,0.0,0.0,0.0631,0.0316,0.0368,0.2577,5.86,5.40
1,0,0.807,0.0,0.0,0.0,0.0530,0.0255,0.0367,0.2581,4.44,5.33
1,0,0.824,0.0,0.0,0.0,0.0235,0.0219,0.0366,0.2582,3.78,5.44
1,0,0.842,0.0,0.0,0.0,0.0173,0.0131,0.0362,0.2585,2.77,5.49
1,0,0.861,0.0,0.0,0.0,0.0053,0.0091,0.0359,0.2586,1.98,5.54
1,0,0.881,0.0,0.0,0.0,-0.0026,0.0067,0.0355,0.2587,1.55,5.54
1,0,0.906,0.0,0.0,0.0,-0.0119,0.0035,0.0350,0.2588,1.29,5.47
1,0,0.924,0.0,0.0,0.0,-0.0113,0.0010,0.0345,0.2588,1.25,5.43
1,0,0.942,0.0,0.0,0.0,-0.0251,0.0007,0.0336,0.2589,1.34,5.23
1,0,0.962,0.0,0.0,0.0,-0.0179,0.0014,0.0327,0.2589,1.37,5.15
1,0,0.981,0.0,0.0,0.0,-0.0211,0.0012,0.0321,0.2589,1.36,5.12
1,0,1.003,0.0,0.0,0.0,-0.0196,0.0003,0.0314,0.2588,1.34,5.20
1,0,1.024,0.0,0.0,0.0,-0.0196,-0.0003,0.0310,0.2588,1.32,5.22
1,0,1.043,0.0,0.0,0.0,-0.0346,-0.0011,0.0303,0.2588,1.30,5.31
1,0,1.062,0.0,0.0,0.0,-0.0295,-0.0015,0.0296,0.2587,1.28,5.36
1,0,1.081,0.0,0.0,0.0,-0.0261,-0.0015,0.0290,0.2587,1.25,5.42
1,0,1.103,0.0,0.0,0.0,-0.0286,-0.0015,0.0286,0.2586,1.21,5.46
1,0,1.123,0.0,0.0,0.0,-0.0148,-0.0014,0.0282,0.2586,1.17,5.50
1,0,1.144,0.0,0.0,0.0,-0.0312,-0.0014,0.0279,0.2586,1.13,5.53
1,0,1.162,0.0,0.0,0.0,-0.0242,-0.0013,0.0275,0.2586,1.09,5.57
1,0,1.181,0.0,0.0,0.0,-0.0226,-0.0012,0.0272,0.2585,1.04,5.60
1,0,1.203,0.0,0.0,0.0,-0.0255,-0.0012,0.0270,0.2585,1.00,5.63
1,0,1.224,0.0,0.0,0.0,-0.0189,-0.0010,0.0267,0.2585,0.95,5.66
1,0,1.243,0.0,0.0,0.0,-0.0230,-0.0009,0.0265,0.2584,0.90,5.69
1,0,1.262,0.0,0.0,0.0,-0.0183,-0.0008,0.0263,0.2584,0.85,5.70
1,0,1.281,0.0,0.0,0.0,-0.0214,-0.0006,0.0261,0.2584,0.76,5.74
1,0,1.303,0.0,0.0,0.0,-0.0089,-0.0005,0.0260,0.2584,0.70,5.76
1,0,1.324,0.0,0.0,0.0,-0.0160,-0.0005,0.0259,0.2583,0.64,5.78
1,0,1.344,0.0,0.0,0.0,-0.0142,-0.0004,0.0258,0.2583,0.56,5.79
1,0,1.366,0.0,0.0,0.0,-0.0092,-0.0004,0.0257,0.2583,0.48,5.81
1,0,1.382,0.0,0.0,0.0,-0.0081,-0.0003,0.0256,0.2582,0.43,5.82
1,0,1.405,0.0,0.0,0.0,-0.0070,-0.0002,0.0256,0.2582,0.35,5.84
1,0,1.425,0.0,0.0,0.0,-0.0039,-0.0002,0.0256,0.2582,0.31,5.84
1,0,1.442,0.0,0.0,0.0,-0.0028,-0.0002,0.0256,0.2582,0.26,5.84
1,0,1.462,0.0,0.0,0.0,-0.0022,-0.0001,0.0256,0.2582,0.20,5.84
1,0,1.481,0.0,0.0,0.0,-0.0010,-0.0001,0.0256,0.2581,0.15,5.84
1,0,1.507,0.0,0.0,0.0,-0.0006,-0.0000,0.0257,0.2581,0.12,5.84
1,0,1.524,0.0,0.0,0.0,-0.0006,-0.0000,0.0257,0.2581,0.12,5.84
1,0,1.544,0.0,0.0,0.0,-0.0007,-0.0000,0.0258,0.2581,0.11,5.84
1,0,1.562,0.0,0.0,0.0,-0.0008,-0.0000,0.0258,0.2581,0.10,5.84
1,0,1.582,0.0,0.0,0.0,-0.0006,-0.0000,0.0258,0.2581,0.10,5.84
1,0,1.603,0.0,0.0,0.0,-0.0006,-0.0000,0.0259,0.2581,0.10,5.84
1,0,1.626,0.0,0.0,0.0,-0.0007,-0.0000,0.0259,0.2581,0.10,5.84
1,0,1.643,0.0,0.0,0.0,-0.0008,-0.0000,0.0259,0.2581,0.09,5.84
1,0,1.664,0.0,0.0,0.0,-0.0006,-0.0000,0.0260,0.2581,0.09,5.84
1,0,1.682,0.0,0.0,0.0,-0.0009,-0.0000,0.0260,0.2581,0.09,5.84
1,0,1.704,0.0,0.0,0.0,-0.0006,-0.0000,0.0260,0.2580,0.09,5.84
1,0,1.727,0.0,0.0,0.0,-0.0006,-0.0000,0.0260,0.2580,0.09,5.85
1,0,1.746,0.0,0.0,0.0,-0.0009,-0.0000,0.0261,0.2580,0.09,5.85
1,0,1.764,0.0,0.0,0.0,-0.0005,-0.0000,0.0261,0.2580,0.09,5.85
1,0,1.782,0.0,0.0,0.0,-0.0005,-0.0000,0.0261,0.2580,0.09,5.85
1,0,1.805,0.0,0.0,0.0,-0.0007,-0.0000,0.0262,0.2580,0.08,5.85
1,0,1.825,0.0,0.0,0.0,-0.0009,-0.0000,0.0262,0.2580,0.08,5.85
1,0,1.849,0.0,0.0,0.0,-0.0004,-0.0000,0.0262,0.2580,0.08,5.85
1,0,1.863,0.0,0.0,0.0,-0.0009,-0.0000,0.0262,0.2580,0.08,5.85
1,0,1.882,0.0,0.0,0.0,-0.0009,-0.0000,0.0263,0.2580,0.08,5.85
1,0,1.902,0.0,0.0,0.0,-0.0004,-0.0000,0.0263,0.2580,0.08,5.85
1,0,1.926,0.0,0.0,0.0,-0.0008,-0.0000,0.0263,0.2580,0.08,5.85
1,0,1.946,0.0,0.0,0.0,-0.0008,-0.0000,0.0263,0.2580,0.08,5.85
1,0,1.962,0.0,0.0,0.0,-0.0003,-0.0000,0.0263,0.2580,0.08,5.85
1,0,1.982,0.0,0.0,0.0,-0.0007,-0.0000,0.0264,0.2580,0.08,5.85
1,0,2.006,0.0,0.0,0.0,-0.0009,-0.0000,0.0264,0.2580,0.08,5.85
1,0,2.026,0.0,0.0,0.0,-0.0004,-0.0000,0.0264,0.2580,0.08,5.85
1,0,2.043,0.0,0.0,0.0,-0.0007,-0.0000,0.0264,0.2580,0.07,5.85
1,0,2.062,0.0,0.0,0.0,-0.0006,-0.0000,0.0264,0.2580,0.08,5.86
1,0,2.081,0.0,0.0,0.0,-0.0006,-0.0000,0.0265,0.2580,0.08,5.86
1,0,2.107,0.0,0.0,0.0,-0.0008,-0.0000,0.0265,0.2579,0.07,5.86
1,0,2.124,0.0,0.0,0.0,-0.0008,-0.0000,0.0265,0.2579,0.07,5.86
1,0,2.146,0.0,0.0,0.0,-0.0004,-0.0000,0.0265,0.2579,0.07,5.86
1,0,2.161,0.0,0.0,0.0,-0.0008,-0.0000,0.0265,0.2579,0.07,5.86
1,0,2.181,0.0,0.0,0.0,-0.0008,-0.0000,0.0265,0.2579,0.07,5.86
1,0,2.203,0.0,0.0,0.0,-0.0005,-0.0000,0.0266,0.2579,0.07,5.86
1,0,2.228,0.0,0.0,0.0,-0.0005,-0.0000,0.0266,0.2579,0.07,5.86
1,0,2.242,0.0,0.0,0.0,-0.0007,-0.0000,0.0266,0.2579,0.08,5.86
1,0,2.262,0.0,0.0,0.0,-0.0007,-0.0000,0.0266,0.2579,0.07,5.86
1,0,2.282,0.0,0.0,0.0,-0.0006,-0.0000,0.0266,0.2579,0.07,5.86
1,0,2.304,0.0,0.0,0.0,-0.0006,-0.0000,0.0266,0.2579,0.07,5.86
1,0,2.326,0.0,0.0,0.0,-0.0008,-0.0000,0.0267,0.2579,0.07,5.87
1,0,2.344,0.0,0.0,0.0,-0.0005,-0.0000,0.0267,0.2579,0.07,5.87
1,0,2.362,0.0,0.0,0.0,-0.0008,-0.0000,0.0267,0.2579,0.07,5.87
1,0,2.387,0.0,0.0,0.0,-0.0006,-0.0000,0.0267,0.2579,0.07,5.87
1,0,2.406,0.0,0.0,0.0,-0.0005,-0.0000,0.0267,0.2579,0.07,5.87
1,0,2.426,0.0,0.0,0.0,-0.0009,-0.0000,0.0267,0.2579,0.07,5.87
1,0,2.444,0.0,0.0,0.0,-0.0008,-0.0000,0.0268,0.2579,0.07,5.88
1,0,2.462,0.0,0.0,0.0,-0.0007,-0.0000,0.0268,0.2579,0.07,5.88
1,0,2.485,0.0,0.0,0.0,-0.0006,-0.0000,0.0268,0.2579,0.07,5.88
1,0,2.501,0.0,0.0,0.0,-0.0007,-0.0000,0.0268,0.2579,0.06,5.88
1,0,2.530,0.0,0.0,0.0,-0.0005,-0.0000,0.0268,0.2579,0.06,5.88
1,0,2.545,0.0,0.0,0.0,-0.0010,-0.0000,0.0268,0.2579,0.06,5.88
1,0,2.566,0.0,0.0,0.0,-0.0004,-0.0000,0.0268,0.2579,0.06,5.89
1,0,2.582,0.0,0.0,0.0,-0.0010,-0.0000,0.0269,0.2579,0.06,5.89
1,0,2.606,0.0,0.0,0.0,-0.0007,-0.0000,0.0269,0.2578,0.06,5.89
1,0,2.622,0.0,0.0,0.0,-0.0007,-0.0000,0.0269,0.2578,0.06,5.89
1,0,2.646,0.0,0.0,0.0,-0.0007,-0.0000,0.0269,0.2578,0.06,5.89
1,0,2.663,0.0,0.0,0.0,-0.0007,-0.0000,0.0269,0.2578,0.06,5.90
1,0,2.682,0.0,0.0,0.0,-0.0004,-0.0000,0.0269,0.2578,0.06,5.90
1,0,2.705,0.0,0.0,0.0,-0.0008,-0.0000,0.0269,0.2578,0.06,5.90
1,0,2.727,0.0,0.0,0.0,-0.0008,-0.0000,0.0269,0.2578,0.06,5.90
1,0,2.745,0.0,0.0,0.0,-0.0005,-0.0000,0.0270,0.2578,0.06,5.90
1,0,2.764,0.0,0.0,0.0,-0.0007,-0.0000,0.0270,0.2578,0.06,5.91
1,0,2.782,0.0,0.0,0.0,-0.0006,-0.0000,0.0270,0.2578,0.06,5.91
1,0,2.802,0.0,0.0,0.0,-0.0006,-0.0000,0.0270,0.2578,0.06,5.91
1,0,2.824,0.0,0.0,0.0,-0.0008,-0.0000,0.0270,0.2578,0.06,5.91
1,0,2.842,0.0,0.0,0.0,-0.0009,-0.0000,0.0270,0.2578,0.06,5.91
1,0,2.868,0.0,0.0,0.0,-0.0003,-0.0000,0.0270,0.2578,0.06,5.91
1,0,2.882,0.0,0.0,0.0,-0.0012,-0.0000,0.0270,0.2578,0.06,5.92
1,0,2.906,0.0,0.0,0.0,-0.0008,-0.0000,0.0271,0.2578,0.06,5.92
1,0,2.922,0.0,0.0,0.0,-0.0006,-0.0000,0.0271,0.2578,0.06,5.92
1,0,2.945,0.0,0.0,0.0,-0.0007,-0.0000,0.0271,0.2578,0.06,5.92
1,0,2.964,0.0,0.0,0.0,-0.0006,-0.0000,0.0271,0.2578,0.06,5.92
1,0,2.988,0.0,0.0,0.0,-0.0003,-0.0000,0.0271,0.2578,0.06,5.92
1,1,3.015,0.3,0.0,0.0,-0.0010,-0.0000,0.0271,0.2578,0.06,5.93
1,1,3.023,0.3,0.0,0.0,0.0000,-0.0000,0.0271,0.2578,0.06,5.93
1,1,3.045,0.3,0.0,0.0,-0.0006,-0.0005,0.0271,0.2577,0.92,7.75
1,1,3.062,0.3,0.0,0.0,-0.0001,-0.0022,0.0272,0.2576,3.34,8.55
1,1,3.082,0.3,0.0,0.0,0.0021,-0.0081,0.0278,0.2569,6.49,9.49
1,1,3.102,0.3,0.0,0.0,0.0022,-0.0065,0.0288,0.2559,7.99,9.45
1,1,3.124,0.3,0.0,0.0,0.0047,-0.0063,0.0297,0.2553,5.17,9.91
1,1,3.146,0.3,0.0,0.0,0.0085,-0.0033,0.0305,0.2547,5.20,10.08
1,1,3.164,0.3,0.0,0.0,0.0039,-0.0054,0.0314,0.2541,5.71,10.27
1,1,3.183,0.3,0.0,0.0,0.0175,-0.0069,0.0323,0.2535,6.75,10.46
1,1,3.210,0.3,0.0,0.0,0.0198,-0.0164,0.0342,0.2524,6.56,10.26
1,1,3.226,0.3,0.0,0.0,0.0076,-0.0154,0.0346,0.2523,6.30,10.26
1,1,3.247,0.3,0.0,0.0,0.0207,-0.0071,0.0359,0.2518,4.07,9.44
1,1,3.262,0.3,0.0,0.0,0.0242,-0.0034,0.0364,0.2517,2.78,9.33
1,1,3.285,0.3,0.0,0.0,0.0200,0.0045,0.0374,0.2518,3.09,7.84
1,1,3.305,0.3,0.0,0.0,0.0108,0.0077,0.0385,0.2521,5.71,8.15
1,1,3.326,0.3,0.0,0.0,0.0245,0.0094,0.0394,0.2524,6.73,8.56
1,1,3.343,0.3,0.0,0.0,0.0175,0.0139,0.0408,0.2529,6.96,8.29
1,1,3.364,0.3,0.0,0.0,0.0205,0.0272,0.0426,0.2534,6.02,9.60
1,1,3.382,0.3,0.0,0.0,0.0241,0.0297,0.0444,0.2536,5.12,9.87
1,1,3.407,0.3,0.0,0.0,0.0243,0.0238,0.0472,0.2532,5.86,10.13
1,1,3.427,0.3,0.0,0.0,0.0130,0.0113,0.0491,0.2530,4.85,10.53
1,1,3.445,0.3,0.0,0.0,0.0151,0.0043,0.0511,0.2520,2.68,10.58
1,1,3.463,0.3,0.0,0.0,0.0178,0.0046,0.0519,0.2516,3.98,10.68
1,1,3.486,0.3,0.0,0.0,0.0137,0.0091,0.0537,0.2506,5.46,10.76
1,1,3.503,0.3,0.0,0.0,0.0157,0.0103,0.0552,0.2500,5.83,10.59
1,1,3.524,0.3,0.0,0.0,0.0207,0.0125,0.0566,0.2495,5.23,10.78
1,1,3.545,0.3,0.0,0.0,0.0114,0.0064,0.0579,0.2489,3.72,9.63
1,1,3.561,0.3,0.0,0.0,0.0159,0.0037,0.0579,0.2488,2.18,8.83
1,1,3.581,0.3,0.0,0.0,0.0076,-0.0009,0.0571,0.2489,2.45,7.78
1,1,3.602,0.3,0.0,0.0,0.0063,-0.0035,0.0560,0.2491,3.46,7.36
1,1,3.626,0.3,0.0,0.0,0.0029,-0.0070,0.0541,0.2497,4.60,8.08
1,1,3.645,0.3,0.0,0.0,0.0026,-0.0078,0.0532,0.2499,4.43,7.86
1,1,3.666,0.3,0.0,0.0,0.0025,-0.0089,0.0514,0.2504,4.06,9.34
1,1,3.682,0.3,0.0,0.0,0.0028,-0.0070,0.0499,0.2505,3.09,9.27
1,1,3.702,0.3,0.0,0.0,0.0017,-0.0042,0.0487,0.2506,2.34,10.05
1,1,3.727,0.3,0.0,0.0,0.0028,-0.0033,0.0473,0.2503,2.23,10.41
1,1,3.746,0.3,0.0,0.0,0.0053,-0.0033,0.0461,0.2498,2.82,10.64
1,1,3.762,0.3,0.0,0.0,0.0031,-0.0037,0.0456,0.2495,3.32,10.57
1,1,3.782,0.3,0.0,0.0,0.0070,-0.0058,0.0450,0.2491,3.69,10.39
1,1,3.806,0.3,0.0,0.0,0.0078,-0.0044,0.0448,0.2488,3.38,10.07
1,1,3.830,0.3,0.0,0.0,0.0107,-0.0039,0.0449,0.2485,2.81,9.64
1,1,3.844,0.3,0.0,0.0,0.0077,-0.0044,0.0450,0.2485,2.39,9.64
1,1,3.862,0.3,0.0,0.0,0.0101,-0.0047,0.0455,0.2484,1.12,8.69
1,1,3.882,0.3,0.0,0.0,0.0100,-0.0044,0.0459,0.2485,2.39,8.11
1,1,3.904,0.3,0.0,0.0,0.0101,-0.0065,0.0466,0.2488,4.13,7.36
1,1,3.925,0.3,0.0,0.0,0.0138,-0.0091,0.0474,0.2493,5.53,7.33
1,1,3.946,0.3,0.0,0.0,0.0172,-0.0085,0.0487,0.2500,6.16,7.75
1,1,3.964,0.3,0.0,0.0,0.0197,-0.0064,0.0493,0.2504,5.74,8.18
1,1,3.982,0.3,0.0,0.0,0.0192,-0.0022,0.0506,0.2509,4.69,8.39
1,1,4.009,0.3,0.0,0.0,0.0080,0.0008,0.0515,0.2513,2.97,8.73
1,1,4.028,0.3,0.0,0.0,0.0112,0.0014,0.0522,0.2514,1.74,8.74
1,1,4.046,0.3,0.0,0.0,0.0111,0.0020,0.0526,0.2514,1.14,9.28
1,1,4.062,0.3,0.0,0.0,0.0028,0.0030,0.0532,0.2514,0.76,9.42
1,1,4.086,0.3,0.0,0.0,0.0029,0.0033,0.0538,0.2512,0.67,9.44
1,1,4.106,0.3,0.0,0.0,0.0023,0.0031,0.0541,0.2512,0.76,9.32
1,1,4.127,0.3,0.0,0.0,0.0020,0.0018,0.0546,0.2510,0.50,9.04
1,1,4.151,0.3,0.0,0.0,0.0013,0.0015,0.0546,0.2510,0.47,8.53
1,1,4.165,0.3,0.0,0.0,0.0007,0.0013,0.0546,0.2510,0.41,8.53
1,1,4.182,0.3,0.0,0.0,0.0005,0.0006,0.0545,0.2510,0.81,6.97
1,1,4.205,0.3,0.0,0.0,-0.0006,-0.0004,0.0542,0.2511,1.40,6.96
1,1,4.228,0.3,0.0,0.0,-0.0018,-0.0035,0.0529,0.2514,2.69,8.39
1,1,4.244,0.3,0.0,0.0,-0.0039,-0.0042,0.0521,0.2516,2.70,8.98
1,1,4.264,0.3,0.0,0.0,-0.0012,-0.0043,0.0518,0.2516,2.70,8.95
1,1,4.282,0.3,0.0,0.0,-0.0055,-0.0034,0.0506,0.2517,1.97,9.89
1,1,4.308,0.3,0.0,0.0,-0.0019,-0.0013,0.0495,0.2517,1.88,10.22
1,1,4.325,0.3,0.0,0.0,-0.0045,0.0005,0.0485,0.2514,2.14,10.30
1,1,4.344,0.3,0.0,0.0,-0.0027,-0.0008,0.0475,0.2511,2.41,10.58
1,1,4.362,0.3,0.0,0.0,-0.0017,-0.0057,0.0462,0.2504,3.47,10.59
1,1,4.388,0.3,0.0,0.0,0.0006,-0.0111,0.0453,0.2497,3.98,10.37
1,1,4.403,0.3,0.0,0.0,0.0047,-0.0100,0.0451,0.2494,3.69,10.09
1,1,4.430,0.3,0.0,0.0,0.0079,-0.0051,0.0455,0.2490,2.00,9.70
1,1,4.443,0.3,0.0,0.0,0.0066,-0.0046,0.0456,0.2490,1.70,9.69
1,1,4.461,0.3,0.0,0.0,0.0075,-0.0034,0.0459,0.2489,1.02,8.56
1,1,4.482,0.3,0.0,0.0,0.0068,-0.0024,0.0461,0.2490,1.62,7.94
1,1,4.501,0.3,0.0,0.0,0.0078,-0.0052,0.0469,0.2493,3.83,7.17
1,1,4.522,0.3,0.0,0.0,0.0120,-0.0075,0.0477,0.2498,5.31,7.17
1,1,4.543,0.3,0.0,0.0,0.0135,-0.0072,0.0487,0.2503,5.81,7.60
1,1,4.565,0.3,0.0,0.0,0.0073,-0.0046,0.0498,0.2510,5.24,7.94
1,1,4.582,0.3,0.0,0.0,0.0134,-0.0010,0.0509,0.2516,4.13,7.84
1,1,4.605,0.3,0.0,0.0,0.0093,0.0005,0.0516,0.2518,2.54,8.72
1,1,4.622,0.3,0.0,0.0,0.0038,0.0016,0.0521,0.2519,1.45,8.75
1,1,4.645,0.3,0.0,0.0,0.0009,0.0037,0.0528,0.2519,0.82,9.34
1,1,4.664,0.3,0.0,0.0,0.0013,0.0046,0.0534,0.2518,0.86,9.45
1,1,4.687,0.3,0.0,0.0,0.0008,0.0054,0.0540,0.2516,1.06,9.43
1,1,4.712,0.3,0.0,0.0,0.0016,0.0034,0.0547,0.2514,0.93,9.41
1,1,4.726,0.3,0.0,0.0,0.0025,0.0029,0.0548,0.2514,0.83,9.41
1,1,4.750,0.3,0.0,0.0,0.0017,0.0021,0.0550,0.2513,0.63,8.62
1,1,4.772,0.3,0.0,0.0,0.0012,0.0013,0.0549,0.2513,0.70,7.91
1,1,4.788,0.3,0.0,0.0,0.0008,0.0008,0.0548,0.2513,0.82,7.04
1,1,4.807,0.3,0.0,0.0,-0.0003,0.0001,0.0547,0.2514,1.17,7.03
1,1,4.826,0.3,0.0,0.0,-0.0021,-0.0021,0.0537,0.2516,2.41,8.47
1,1,4.844,0.3,0.0,0.0,-0.0023,-0.0038,0.0529,0.2517,2.73,9.01
1,1,4.866,0.3,0.0,0.0,-0.0040,-0.0031,0.0515,0.2519,2.32,9.48
1,1,4.882,0.3,0.0,0.0,-0.0039,-0.0026,0.0509,0.2519,1.50,9.93
1,1,4.906,0.3,0.0,0.0,-0.0023,0.0006,0.0498,0.2517,1.63,10.28
1,1,4.925,0.3,0.0,0.0,-0.0036,0.0012,0.0489,0.2515,1.93,10.34
1,1,4.942,0.3,0.0,0.0,-0.0029,-0.0005,0.0479,0.2511,2.37,10.62
1,1,4.965,0.3,0.0,0.0,-0.0019,-0.0084,0.0467,0.2504,3.51,10.58
1,1,4.986,0.3,0.0,0.0,-0.0000,-0.0105,0.0463,0.2501,3.83,10.29
1,1,5.003,0.3,0.0,0.0,0.0024,-0.0102,0.0460,0.2497,3.73,10.06
1,1,5.025,0.3,0.0,0.0,0.0071,-0.0058,0.0462,0.2493,2.64,9.65
1,1,5.047,0.3,0.0,0.0,0.0080,-0.0036,0.0465,0.2491,1.27,9.12
1,1,5.063,0.3,0.0,0.0,0.0049,-0.0027,0.0466,0.2491,0.84,9.09
1,1,5.082,0.3,0.0,0.0,0.0072,-0.0025,0.0470,0.2493,2.05,7.87
1,1,5.106,0.3,0.0,0.0,0.0059,-0.0035,0.0473,0.2495,2.89,7.84
1,1,5.130,0.3,0.0,0.0,0.0062,-0.0060,0.0486,0.2502,5.00,7.01
1,1,5.146,0.3,0.0,0.0,0.0101,-0.0061,0.0496,0.2508,5.32,6.79
1,1,5.166,0.3,0.0,0.0,0.0057,-0.0052,0.0499,0.2510,5.20,7.40
1,1,5.182,0.3,0.0,0.0,0.0120,-0.0011,0.0510,0.2516,4.13,7.95
1,1,5.206,0.3,0.0,0.0,0.0061,0.0007,0.0519,0.2519,2.43,8.70
1,1,5.222,0.3,0.0,0.0,0.0013,0.0019,0.0523,0.2520,1.66,8.75
1,1,5.246,0.3,0.0,0.0,-0.0001,0.0043,0.0529,0.2520,0.95,9.32
1,1,5.262,0.3,0.0,0.0,-0.0002,0.0050,0.0535,0.2519,0.90,9.44
1,1,5.282,0.3,0.0,0.0,0.0001,0.0058,0.0539,0.2518,1.07,9.43
1,1,5.309,0.3,0.0,0.0,0.0011,0.0045,0.0547,0.2516,1.04,9.42
1,1,5.324,0.3,0.0,0.0,0.0016,0.0029,0.0550,0.2515,0.80,9.43
1,1,5.343,0.3,0.0,0.0,0.0009,0.0021,0.0552,0.2514,0.60,8.64
1,1,5.361,0.3,0.0,0.0,0.0018,0.0020,0.0552,0.2514,0.61,7.95
1,1,5.382,0.3,0.0,0.0,0.0012,0.0006,0.0550,0.2514,1.36,7.08
1,1,5.402,0.3,0.0,0.0,0.0000,-0.0001,0.0546,0.2515,1.29,7.07
1,1,5.426,0.3,0.0,0.0,-0.0012,-0.0021,0.0539,0.2517,2.36,8.39
1,1,5.447,0.3,0.0,0.0,-0.0040,-0.0032,0.0530,0.2519,2.32,8.98
1,1,5.465,0.3,0.0,0.0,-0.0031,-0.0032,0.0525,0.2519,2.23,8.93
1,1,5.488,0.3,0.0,0.0,-0.0025,-0.0024,0.0515,0.2520,1.47,9.89
1,1,5.506,0.3,0.0,0.0,-0.0032,0.0002,0.0507,0.2519,1.54,9.90
1,1,5.525,0.3,0.0,0.0,-0.0024,0.0012,0.0498,0.2517,1.67,10.47
1,1,5.543,0.3,0.0,0.0,-0.0061,-0.0006,0.0488,0.2512,2.41,10.50
1,1,5.562,0.3,0.0,0.0,-0.0021,-0.0068,0.0479,0.2506,3.58,10.53
1,1,5.582,0.3,0.0,0.0,-0.0007,-0.0109,0.0471,0.2501,4.10,10.33
1,1,5.605,0.3,0.0,0.0,0.0026,-0.0094,0.0467,0.2495,3.99,10.06
1,1,5.625,0.3,0.0,0.0,0.0059,-0.0063,0.0468,0.2493,3.24,10.10
1,1,5.644,0.3,0.0,0.0,0.0041,-0.0041,0.0471,0.2491,1.99,9.67
1,1,5.662,0.3,0.0,0.0,0.0092,-0.0030,0.0474,0.2491,1.01,8.59
1,1,5.682,0.3,0.0,0.0,0.0040,-0.0025,0.0478,0.2492,2.07,7.93
1,1,5.701,0.3,0.0,0.0,0.0061,-0.0037,0.0484,0.2495,3.47,7.21
1,1,5.723,0.3,0.0,0.0,0.0093,-0.0053,0.0494,0.2501,5.23,6.98
1,1,5.743,0.3,0.0,0.0,0.0086,-0.0063,0.0503,0.2506,5.64,7.44
1,1,5.762,0.3,0.0,0.0,0.0049,-0.0042,0.0508,0.2510,5.35,7.31
1,1,5.782,0.3,0.0,0.0,0.0090,-0.0004,0.0519,0.2516,4.08,8.28
1,1,5.804,0.3,0.0,0.0,0.0045,0.0002,0.0525,0.2518,2.73,8.71
1,1,5.826,0.3,0.0,0.0,0.0006,0.0018,0.0530,0.2519,1.69,8.89
1,1,5.843,0.3,0.0,0.0,-0.0010,0.0028,0.0533,0.2520,1.30,9.11
1,1,5.862,0.3,0.0,0.0,-0.0011,0.0052,0.0540,0.2519,0.97,9.43
1,1,5.885,0.3,0.0,0.0,-0.0004,0.0063,0.0546,0.2517,1.14,9.44
1,1,5.908,0.3,0.0,0.0,0.0007,0.0058,0.0554,0.2515,1.14,9.46
1,1,5.925,0.3,0.0,0.0,0.0011,0.0037,0.0559,0.2514,0.90,9.49
1,1,5.946,0.3,0.0,0.0,0.0008,0.0027,0.0560,0.2514,0.74,9.19
1,1,5.965,0.3,0.0,0.0,0.0016,0.0023,0.0561,0.2513,0.66,7.98
1,1,5.981,0.3,0.0,0.0,0.0013,0.0011,0.0558,0.2513,0.91,7.10
1,1,6.001,0.3,0.0,0.0,0.0002,-0.0006,0.0554,0.2514,1.89,7.59
1,1,6.024,0.3,0.0,0.0,-0.0019,-0.0021,0.0546,0.2516,2.40,8.31
1,1,6.043,0.3,0.0,0.0,-0.0023,-0.0030,0.0539,0.2518,2.33,8.91
1,1,6.062,0.3,0.0,0.0,-0.0026,-0.0030,0.0532,0.2519,2.06,9.49
1,1,6.084,0.3,0.0,0.0,-0.0038,-0.0014,0.0521,0.2518,1.50,9.89
1,1,6.104,0.3,0.0,0.0,-0.0026,0.0007,0.0513,0.2517,1.46,9.91
1,1,6.127,0.3,0.0,0.0,-0.0022,0.0014,0.0505,0.2515,1.68,10.47
1,1,6.142,0.3,0.0,0.0,-0.0033,-0.0005,0.0495,0.2510,2.58,10.49
1,1,6.161,0.3,0.0,0.0,-0.0023,-0.0068,0.0485,0.2505,3.57,10.45
1,1,6.181,0.3,0.0,0.0,0.0002,-0.0102,0.0479,0.2500,4.08,10.28
1,1,6.202,0.3,0.0,0.0,0.0031,-0.0073,0.0476,0.2494,3.52,10.03
1,1,6.224,0.3,0.0,0.0,0.0079,-0.0041,0.0478,0.2492,2.49,9.62
1,1,6.243,0.3,0.0,0.0,0.0052,-0.0027,0.0480,0.2490,1.30,9.08
1,1,6.262,0.3,0.0,0.0,0.0047,-0.0018,0.0483,0.2491,1.00,8.48
1,1,6.282,0.3,0.0,0.0,0.0060,-0.0025,0.0486,0.2492,2.08,7.84
1,1,6.302,0.3,0.0,0.0,0.0076,-0.0037,0.0491,0.2495,3.43,7.15
1,1,6.327,0.3,0.0,0.0,0.0057,-0.0051,0.0504,0.2503,5.13,6.86
1,1,6.344,0.3,0.0,0.0,0.0092,-0.0049,0.0511,0.2508,5.20,7.39
1,1,6.364,0.3,0.0,0.0,0.0063,-0.0019,0.0520,0.2514,4.44,7.87
1,1,6.381,0.3,0.0,0.0,0.0046,-0.0003,0.0527,0.2518,3.37,8.28
1,1,6.404,0.3,0.0,0.0,0.0019,0.0005,0.0533,0.2520,2.32,8.75
1,1,6.426,0.3,0.0,0.0,-0.0004,0.0032,0.0539,0.2521,1.28,9.12
1,1,6.444,0.3,0.0,0.0,-0.0014,0.0036,0.0544,0.2520,0.77,9.35
1,1,6.461,0.3,0.0,0.0,-0.0007,0.0048,0.0549,0.2520,0.80,9.47
1,1,6.482,0.3,0.0,0.0,0.0001,0.0062,0.0552,0.2518,1.04,9.49
1,1,6.503,0.3,0.0,0.0,0.0010,0.0051,0.0562,0.2516,1.09,9.50
1,1,6.523,0.3,0.0,0.0,0.0010,0.0031,0.0567,0.2514,0.78,9.50
1,1,6.547,0.3,0.0,0.0,0.0013,0.0026,0.0568,0.2514,0.71,8.69
1,1,6.562,0.3,0.0,0.0,0.0015,0.0020,0.0567,0.2514,0.59,7.99
1,1,6.582,0.3,0.0,0.0,0.0007,0.0006,0.0565,0.2514,1.32,7.12
1,1,6.607,0.3,0.0,0.0,-0.0003,-0.0001,0.0562,0.2514,1.39,7.11
1,1,6.625,0.3,0.0,0.0,-0.0019,-0.0013,0.0555,0.2516,1.91,7.33
1,1,6.644,0.3,0.0,0.0,-0.0028,-0.0031,0.0544,0.2518,2.13,8.22
1,1,6.661,0.3,0.0,0.0,-0.0048,-0.0030,0.0537,0.2519,1.94,9.45
1,1,6.685,0.3,0.0,0.0,-0.0035,-0.0011,0.0526,0.2519,1.43,9.87
1,1,6.707,0.3,0.0,0.0,-0.0026,0.0011,0.0514,0.2516,1.39,10.26
1,1,6.726,0.3,0.0,0.0,-0.0032,0.0008,0.0505,0.2513,2.00,10.45
1,1,6.742,0.3,0.0,0.0,-0.0034,-0.0018,0.0495,0.2508,2.94,10.49
1,1,6.761,0.3,0.0,0.0,-0.0014,-0.0075,0.0486,0.2503,3.59,10.41
1,1,6.785,0.3,0.0,0.0,0.0000,-0.0105,0.0482,0.2499,3.95,10.52
1,1,6.807,0.3,0.0,0.0,0.0029,-0.0102,0.0478,0.2493,3.98,9.96
1,1,6.826,0.3,0.0,0.0,0.0071,-0.0047,0.0481,0.2490,2.63,9.59
1,1,6.844,0.3,0.0,0.0,0.0076,-0.0032,0.0484,0.2488,1.16,9.07
1,1,6.861,0.3,0.0,0.0,0.0058,-0.0018,0.0487,0.2488,0.76,8.47
1,1,6.886,0.3,0.0,0.0,0.0053,-0.0031,0.0492,0.2491,2.79,7.79
1,1,6.904,0.3,0.0,0.0,0.0029,-0.0042,0.0496,0.2494,3.96,7.17
1,1,6.924,0.3,0.0,0.0,0.0077,-0.0053,0.0505,0.2498,5.20,6.92
1,1,6.945,0.3,0.0,0.0,0.0064,-0.0048,0.0513,0.2504,5.57,7.40
1,1,6.965,0.3,0.0,0.0,0.0066,-0.0020,0.0524,0.2511,4.96,7.86
1,1,6.985,0.3,0.0,0.0,0.0034,-0.0003,0.0533,0.2516,3.53,8.27
1,1,7.006,0.3,0.0,0.0,0.0001,0.0002,0.0540,0.2519,1.98,8.77
1,1,7.032,0.3,0.0,0.0,-0.0014,0.0033,0.0544,0.2520,1.48,9.14
1,1,7.047,0.3,0.0,0.0,-0.0024,0.0035,0.0549,0.2519,0.85,9.33
1,1,7.061,0.3,0.0,0.0,-0.0012,0.0052,0.0554,0.2519,0.80,9.47
1,1,7.082,0.3,0.0,0.0,-0.0007,0.0062,0.0559,0.2517,0.98,9.49
1,1,7.111,0.3,0.0,0.0,0.0005,0.0042,0.0568,0.2515,0.93,9.51
1,1,7.126,0.3,0.0,0.0,0.0008,0.0029,0.0570,0.2514,0.73,9.21
1,1,7.142,0.3,0.0,0.0,0.0013,0.0021,0.0571,0.2514,0.57,8.69
1,1,7.161,0.3,0.0,0.0,0.0014,0.0019,0.0570,0.2513,0.87,8.00
1,1,7.182,0.3,0.0,0.0,0.0006,0.0006,0.0567,0.2514,1.15,7.11
1,1,7.205,0.3,0.0,0.0,-0.0005,-0.0012,0.0562,0.2515,1.99,7.40
1,1,7.224,0.3,0.0,0.0,-0.0016,-0.0015,0.0554,0.2517,1.92,8.22
1,1,7.242,0.3,0.0,0.0,-0.0025,-0.0025,0.0550,0.2517,2.18,8.95
1,1,7.265,0.3,0.0,0.0,-0.0027,-0.0032,0.0541,0.2518,2.17,9.44
1,1,7.282,0.3,0.0,0.0,-0.0032,-0.0025,0.0532,0.2518,1.53,9.42
1,1,7.307,0.3,0.0,0.0,-0.0011,0.0003,0.0525,0.2517,1.34,10.15
1,1,7.327,0.3,0.0,0.0,-0.0037,0.0012,0.0512,0.2512,2.11,10.43
1,1,7.342,0.3,0.0,0.0,-0.0040,-0.0007,0.0505,0.2509,2.79,10.48
1,1,7.365,0.3,0.0,0.0,-0.0016,-0.0088,0.0493,0.2502,3.86,10.45
1,1,7.385,0.3,0.0,0.0,0.0004,-0.0117,0.0487,0.2495,4.31,10.32
1,1,7.408,0.3,0.0,0.0,0.0038,-0.0105,0.0486,0.2492,4.04,10.45
1,1,7.425,0.3,0.0,0.0,0.0045,-0.0049,0.0488,0.2487,2.82,9.61
1,1,7.442,0.3,0.0,0.0,0.0073,-0.0043,0.0489,0.2487,1.88,9.10
1,1,7.462,0.3,0.0,0.0,0.0052,-0.0023,0.0493,0.2487,1.18,8.50
1,1,7.486,0.3,0.0,0.0,0.0052,-0.0027,0.0497,0.2488,2.21,7.86
1,1,7.507,0.3,0.0,0.0,0.0033,-0.0039,0.0500,0.2490,3.60,7.24
1,1,7.525,0.3,0.0,0.0,0.0093,-0.0053,0.0509,0.2495,5.10,7.02
1,1,7.544,0.3,0.0,0.0,0.0061,-0.0049,0.0520,0.2502,5.81,7.37
1,1,7.563,0.3,0.0,0.0,0.0059,-0.0023,0.0528,0.2508,5.41,7.89
1,1,7.582,0.3,0.0,0.0,0.0046,-0.0008,0.0533,0.2511,4.79,8.28
1,1,7.605,0.3,0.0,0.0,0.0009,0.0002,0.0541,0.2515,2.92,8.70
1,1,7.623,0.3,0.0,0.0,-0.0017,0.0016,0.0546,0.2517,1.81,9.12
1,1,7.641,0.3,0.0,0.0,-0.0022,0.0036,0.0551,0.2517,1.01,9.40
1,1,7.662,0.3,0.0,0.0,-0.0026,0.0049,0.0556,0.2516,0.81,9.51
1,1,7.683,0.3,0.0,0.0,-0.0010,0.0058,0.0563,0.2515,0.87,9.56
1,1,7.710,0.3,0.0,0.0,0.0002,0.0044,0.0571,0.2513,0.83,9.53
1,1,7.727,0.3,0.0,0.0,0.0004,0.0032,0.0573,0.2512,0.67,9.53
1,1,7.747,0.3,0.0,0.0,0.0010,0.0023,0.0575,0.2511,0.59,8.71
1,1,7.762,0.3,0.0,0.0,0.0013,0.0019,0.0574,0.2511,0.54,8.72
1,1,7.781,0.3,0.0,0.0,0.0006,0.0008,0.0573,0.2512,1.30,7.14
1,1,7.804,0.3,0.0,0.0,-0.0004,-0.0007,0.0566,0.2513,1.89,7.47
1,1,7.825,0.3,0.0,0.0,-0.0014,-0.0014,0.0560,0.2514,2.15,8.26
1,1,7.841,0.3,0.0,0.0,-0.0019,-0.0025,0.0555,0.2515,2.31,8.18
1,1,7.861,0.3,0.0,0.0,-0.0042,-0.0029,0.0545,0.2517,2.16,9.43
1,1,7.882,0.3,0.0,0.0,-0.0039,-0.0016,0.0536,0.2516,1.57,9.85
1,1,7.905,0.3,0.0,0.0,-0.0027,0.0007,0.0528,0.2515,1.29,10.19
1,1,7.925,0.3,0.0,0.0,-0.0027,0.0014,0.0517,0.2511,1.75,10.45
1,1,7.943,0.3,0.0,0.0,-0.0031,-0.0033,0.0504,0.2505,3.10,10.48
1,1,7.965,0.3,0.0,0.0,-0.0009,-0.0069,0.0498,0.2502,3.64,10.39
1,1,7.982,0.3,0.0,0.0,0.0002,-0.0119,0.0490,0.2494,4.40,10.28
1,1,8.008,0.3,0.0,0.0,0.0033,-0.0082,0.0489,0.2489,3.69,10.04
1,1,8.026,0.3,0.0,0.0,0.0069,-0.0052,0.0491,0.2487,2.88,10.08
1,1,8.044,0.3,0.0,0.0,0.0054,-0.0031,0.0493,0.2485,1.63,9.10
1,1,8.062,0.3,0.0,0.0,0.0056,-0.0020,0.0496,0.2485,0.83,8.50
1,1,8.081,0.3,0.0,0.0,0.0047,-0.0025,0.0499,0.2487,2.23,7.86
1,1,8.103,0.3,0.0,0.0,0.0061,-0.0044,0.0506,0.2490,4.33,7.22
1,1,8.126,0.3,0.0,0.0,0.0059,-0.0049,0.0520,0.2499,5.76,6.92
1,1,8.144,0.3,0.0,0.0,0.0054,-0.0047,0.0525,0.2503,5.86,7.39
1,1,8.163,0.3,0.0,0.0,0.0040,-0.0032,0.0530,0.2507,5.65,7.93
1,1,8.182,0.3,0.0,0.0,0.0040,-0.0005,0.0537,0.2511,4.69,8.31
1,1,8.203,0.3,0.0,0.0,0.0015,0.0002,0.0543,0.2515,3.30,8.71
1,1,8.225,0.3,0.0,0.0,-0.0007,0.0019,0.0547,0.2516,2.53,9.09
1,1,8.243,0.3,0.0,0.0,-0.0022,0.0035,0.0552,0.2516,1.48,9.16
1,1,8.262,0.3,0.0,0.0,-0.0022,0.0045,0.0558,0.2516,0.79,9.50
1,1,8.286,0.3,0.0,0.0,-0.0014,0.0057,0.0563,0.2515,0.84,9.52
1,1,8.308,0.3,0.0,0.0,-0.0005,0.0057,0.0568,0.2513,0.88,9.49
1,1,8.324,0.3,0.0,0.0,0.0001,0.0037,0.0572,0.2513,0.75,9.21
1,1,8.351,0.3,0.0,0.0,0.0006,0.0023,0.0573,0.2512,0.55,8.70
1,1,8.361,0.3,0.0,0.0,0.0012,0.0019,0.0573,0.2512,0.49,8.71
1,1,8.382,0.3,0.0,0.0,0.0006,0.0008,0.0571,0.2512,1.22,7.13
1,1,8.411,0.3,0.0,0.0,-0.0004,-0.0009,0.0565,0.2514,1.99,7.37
1,1,8.425,0.3,0.0,0.0,-0.0022,-0.0011,0.0560,0.2515,1.92,7.27
1,1,8.444,0.3,0.0,0.0,-0.0024,-0.0027,0.0552,0.2516,2.39,8.94
1,1,8.464,0.3,0.0,0.0,-0.0033,-0.0028,0.0544,0.2517,2.01,9.44
1,1,8.482,0.3,0.0,0.0,-0.0035,-0.0021,0.0536,0.2517,1.30,9.84
1,1,8.504,0.3,0.0,0.0,-0.0023,0.0009,0.0528,0.2515,1.33,10.16
1,1,8.527,0.3,0.0,0.0,-0.0020,0.0013,0.0517,0.2511,2.06,10.42
1,1,8.542,0.3,0.0,0.0,-0.0034,-0.0017,0.0507,0.2506,3.06,10.48
1,1,8.561,0.3,0.0,0.0,-0.0015,-0.0094,0.0495,0.2499,3.81,10.38
1,1,8.581,0.3,0.0,0.0,0.0009,-0.0105,0.0493,0.2497,4.19,10.50
1,1,8.603,0.3,0.0,0.0,0.0036,-0.0072,0.0491,0.2490,3.55,10.00
1,1,8.623,0.3,0.0,0.0,0.0070,-0.0035,0.0494,0.2487,2.14,9.58
1,1,8.642,0.3,0.0,0.0,0.0058,-0.0024,0.0496,0.2486,1.05,9.02
1,1,8.661,0.3,0.0,0.0,0.0050,-0.0016,0.0499,0.2486,1.11,8.42
1,1,8.682,0.3,0.0,0.0,0.0047,-0.0025,0.0502,0.2488,2.28,7.80
1,1,8.704,0.3,0.0,0.0,0.0046,-0.0035,0.0506,0.2490,3.18,7.77
1,1,8.722,0.3,0.0,0.0,0.0055,-0.0052,0.0518,0.2497,5.14,7.06
1,1,8.741,0.3,0.0,0.0,0.0078,-0.0038,0.0526,0.2503,5.66,7.43
1,1,8.764,0.3,0.0,0.0,0.0027,-0.0027,0.0531,0.2506,5.42,7.28
1,1,8.783,0.3,0.0,0.0,0.0059,-0.0003,0.0541,0.2513,4.32,8.31
1,1,8.804,0.3,0.0,0.0,0.0017,-0.0001,0.0546,0.2516,3.00,8.77
1,1,8.825,0.3,0.0,0.0,-0.0011,0.0011,0.0549,0.2517,2.22,8.79
1,1,8.842,0.3,0.0,0.0,-0.0035,0.0032,0.0555,0.2518,1.22,9.41
1,1,8.861,0.3,0.0,0.0,-0.0029,0.0054,0.0561,0.2517,0.83,9.55
1,1,8.882,0.3,0.0,0.0,-0.0012,0.0072,0.0567,0.2515,0.98,9.56
1,1,8.902,0.3,0.0,0.0,-0.0004,0.0055,0.0574,0.2514,0.93,9.52
1,1,8.923,0.3,0.0,0.0,0.0003,0.0025,0.0578,0.2512,0.58,9.22
1,1,8.946,0.3,0.0,0.0,0.0009,0.0024,0.0579,0.2512,0.57,8.70
1,1,8.961,0.3,0.0,0.0,0.0008,0.0018,0.0578,0.2512,0.44,8.72
1,1,8.982,0.3,0.0,0.0,0.0005,0.0009,0.0577,0.2512,1.21,7.14
1,1,9.007,0.3,0.0,0.0,-0.0002,-0.0006,0.0572,0.2513,1.95,7.53
1,2,9.026,0.6,0.0,0.0,0.0000,-0.0012,0.0565,0.2514,2.15,8.27
1,2,9.042,0.6,0.0,0.0,-0.0032,-0.0026,0.0558,0.2516,2.23,8.16
1,2,9.062,0.6,0.0,0.0,-0.0009,-0.0028,0.0554,0.2516,2.09,8.55
1,2,9.082,0.6,0.0,0.0,-0.0015,-0.0021,0.0546,0.2515,1.12,9.71
1,2,9.107,0.6,0.0,0.0,0.0011,-0.0023,0.0540,0.2512,1.65,10.29
1,2,9.123,0.6,0.0,0.0,0.0045,-0.0054,0.0531,0.2504,3.70,10.44
1,2,9.144,0.6,0.0,0.0,0.0075,-0.0098,0.0523,0.2493,5.99,10.88
1,2,9.162,0.6,0.0,0.0,0.0109,-0.0109,0.0520,0.2484,6.60,10.85
1,2,9.182,0.6,0.0,0.0,0.0176,-0.0106,0.0519,0.2482,6.90,10.93
1,2,9.203,0.6,0.0,0.0,0.0208,-0.0086,0.0519,0.2470,7.20,10.62
1,2,9.224,0.6,0.0,0.0,0.0265,-0.0092,0.0527,0.2464,4.48,10.35
1,2,9.242,0.6,0.0,0.0,0.0290,-0.0086,0.0536,0.2462,2.12,9.76
1,2,9.261,0.6,0.0,0.0,0.0157,-0.0076,0.0545,0.2462,2.45,8.92
1,2,9.282,0.6,0.0,0.0,0.0224,-0.0072,0.0552,0.2466,5.09,8.09
1,2,9.302,0.6,0.0,0.0,0.0277,-0.0077,0.0566,0.2475,8.05,7.32
1,2,9.323,0.6,0.0,0.0,0.0230,-0.0051,0.0581,0.2486,9.36,7.52
1,2,9.341,0.6,0.0,0.0,0.0326,-0.0014,0.0595,0.2498,8.87,7.89
1,2,9.361,0.6,0.0,0.0,0.0303,0.0014,0.0604,0.2507,7.65,8.48
1,2,9.382,0.6,0.0,0.0,0.0280,0.0065,0.0615,0.2515,5.36,9.03
1,2,9.405,0.6,0.0,0.0,0.0152,0.0110,0.0625,0.2519,3.09,9.56
1,2,9.424,0.6,0.0,0.0,0.0128,0.0108,0.0636,0.2520,1.60,10.00
1,2,9.441,0.6,0.0,0.0,0.0111,0.0078,0.0644,0.2518,1.46,10.29
1,2,9.461,0.6,0.0,0.0,0.0072,0.0064,0.0652,0.2515,1.30,10.49
1,2,9.482,0.6,0.0,0.0,0.0089,0.0071,0.0661,0.2510,1.94,10.49
1,2,9.505,0.6,0.0,0.0,0.0085,0.0104,0.0672,0.2505,2.72,10.44
1,2,9.524,0.6,0.0,0.0,0.0065,0.0119,0.0678,0.2503,2.74,10.54
1,2,9.541,0.6,0.0,0.0,0.0149,0.0103,0.0685,0.2501,2.59,9.70
1,2,9.561,0.6,0.0,0.0,0.0123,0.0045,0.0685,0.2499,2.32,9.00
1,2,9.581,0.6,0.0,0.0,0.0078,0.0028,0.0680,0.2498,1.88,8.12
1,2,9.605,0.6,0.0,0.0,0.0038,0.0023,0.0666,0.2498,1.88,7.10
1,2,9.623,0.6,0.0,0.0,0.0036,0.0019,0.0660,0.2499,2.07,6.95
1,2,9.644,0.6,0.0,0.0,0.0040,-0.0053,0.0646,0.2500,2.74,9.11
1,2,9.663,0.6,0.0,0.0,0.0023,-0.0074,0.0630,0.2500,2.23,9.67
1,2,9.686,0.6,0.0,0.0,0.0013,-0.0053,0.0618,0.2500,1.99,10.10
1,2,9.705,0.6,0.0,0.0,0.0009,-0.0044,0.0615,0.2499,2.04,10.12
1,2,9.727,0.6,0.0,0.0,0.0008,-0.0039,0.0595,0.2491,3.48,10.78
1,2,9.745,0.6,0.0,0.0,0.0025,-0.0053,0.0583,0.2483,4.37,10.94
1,2,9.765,0.6,0.0,0.0,0.0033,-0.0068,0.0577,0.2477,5.29,11.04
1,2,9.783,0.6,0.0,0.0,0.0134,-0.0100,0.0569,0.2469,6.10,10.61
1,2,9.803,0.6,0.0,0.0,0.0196,-0.0121,0.0563,0.2463,6.44,10.57
1,2,9.826,0.6,0.0,0.0,0.0109,-0.0094,0.0560,0.2460,5.44,10.22
1,2,9.844,0.6,0.0,0.0,0.0214,-0.0082,0.0562,0.2457,3.32,9.68
1,2,9.862,0.6,0.0,0.0,0.0149,-0.0058,0.0569,0.2456,1.24,9.10
1,2,9.882,0.6,0.0,0.0,0.0156,-0.0065,0.0581,0.2459,4.64,8.30
1,2,9.907,0.6,0.0,0.0,0.0285,-0.0097,0.0599,0.2471,8.81,7.30
1,2,9.924,0.6,0.0,0.0,0.0234,-0.0092,0.0609,0.2480,9.41,7.33
1,2,9.946,0.6,0.0,0.0,0.0243,-0.0046,0.0618,0.2489,9.29,8.02
1,2,9.963,0.6,0.0,0.0,0.0300,0.0007,0.0628,0.2501,8.04,8.44
1,2,9.981,0.6,0.0,0.0,0.0343,0.0039,0.0636,0.2508,6.38,8.95
1,2,10.001,0.6,0.0,0.0,0.0184,0.0087,0.0646,0.2514,3.95,9.45
1,2,10.024,0.6,0.0,0.0,0.0159,0.0096,0.0656,0.2516,2.02,9.91
1,2,10.042,0.6,0.0,0.0,0.0101,0.0074,0.0664,0.2515,1.45,10.25
1,2,10.066,0.6,0.0,0.0,0.0025,0.0051,0.0670,0.2513,1.07,10.45
1,2,10.082,0.6,0.0,0.0,0.0073,0.0057,0.0677,0.2509,1.53,10.40
1,2,10.102,0.6,0.0,0.0,0.0069,0.0077,0.0682,0.2506,2.09,10.21
1,2,10.122,0.6,0.0,0.0,0.0043,0.0082,0.0685,0.2504,2.02,10.28
1,2,10.145,0.6,0.0,0.0,0.0132,0.0067,0.0691,0.2502,2.07,9.54
1,2,10.162,0.6,0.0,0.0,0.0074,0.0033,0.0692,0.2500,1.54,8.82
1,2,10.182,0.6,0.0,0.0,0.0034,0.0027,0.0690,0.2500,1.58,7.84
1,2,10.209,0.6,0.0,0.0,0.0062,0.0006,0.0673,0.2500,2.51,7.06
1,2,10.223,0.6,0.0,0.0,0.0026,-0.0001,0.0661,0.2501,2.11,6.90
1,2,10.247,0.6,0.0,0.0,0.0028,-0.0034,0.0651,0.2502,2.23,8.86
1,2,10.261,0.6,0.0,0.0,0.0006,-0.0058,0.0637,0.2502,1.79,9.52
1,2,10.282,0.6,0.0,0.0,-0.0004,-0.0033,0.0622,0.2500,2.01,10.06
1,2,10.302,0.6,0.0,0.0,-0.0007,-0.0023,0.0615,0.2498,2.31,10.48
1,2,10.322,0.6,0.0,0.0,-0.0008,-0.0042,0.0599,0.2490,3.98,10.76
1,2,10.342,0.6,0.0,0.0,0.0041,-0.0067,0.0584,0.2478,5.23,10.87
1,2,10.361,0.6,0.0,0.0,0.0094,-0.0093,0.0576,0.2470,5.81,10.69
1,2,10.381,0.6,0.0,0.0,0.0200,-0.0112,0.0570,0.2461,6.57,10.78
1,2,10.406,0.6,0.0,0.0,0.0165,-0.0083,0.0569,0.2455,6.22,10.62
1,2,10.423,0.6,0.0,0.0,0.0211,-0.0072,0.0568,0.2453,4.53,10.26
1,2,10.444,0.6,0.0,0.0,0.0134,-0.0067,0.0576,0.2450,1.24,9.61
1,2,10.461,0.6,0.0,0.0,0.0184,-0.0056,0.0579,0.2451,1.61,9.09
1,2,10.482,0.6,0.0,0.0,0.0089,-0.0081,0.0587,0.2454,5.01,8.43
1,2,10.504,0.6,0.0,0.0,0.0238,-0.0110,0.0599,0.2460,8.13,7.38
1,2,10.523,0.6,0.0,0.0,0.0188,-0.0079,0.0616,0.2472,10.00,7.36
1,2,10.543,0.6,0.0,0.0,0.0278,-0.0027,0.0627,0.2482,10.18,8.06
1,2,10.561,0.6,0.0,0.0,0.0230,0.0017,0.0639,0.2495,8.82,8.44
1,2,10.582,0.6,0.0,0.0,0.0246,0.0058,0.0649,0.2504,6.49,8.96
1,2,10.602,0.6,0.0,0.0,0.0149,0.0079,0.0654,0.2508,5.16,9.45
1,2,10.624,0.6,0.0,0.0,0.0122,0.0080,0.0663,0.2512,2.66,9.91
1,2,10.644,0.6,0.0,0.0,0.0048,0.0050,0.0671,0.2512,0.94,10.30
1,2,10.667,0.6,0.0,0.0,0.0034,0.0038,0.0676,0.2510,0.95,10.49
1,2,10.682,0.6,0.0,0.0,0.0032,0.0053,0.0681,0.2506,1.81,10.58
1,2,10.713,0.6,0.0,0.0,0.0046,0.0082,0.0687,0.2503,2.24,10.46
1,2,10.726,0.6,0.0,0.0,0.0105,0.0082,0.0687,0.2503,2.24,10.46
1,2,10.744,0.6,0.0,0.0,0.0100,0.0078,0.0700,0.2498,2.52,9.51
1,2,10.761,0.6,0.0,0.0,0.0104,0.0047,0.0701,0.2496,1.96,8.83
1,2,10.782,0.6,0.0,0.0,0.0085,0.0027,0.0697,0.2496,2.18,7.91
1,2,10.805,0.6,0.0,0.0,0.0046,0.0026,0.0683,0.2496,2.21,7.22
1,2,10.823,0.6,0.0,0.0,0.0048,0.0011,0.0672,0.2497,2.26,8.24
1,2,10.846,0.6,0.0,0.0,0.0023,-0.0052,0.0661,0.2497,2.72,9.12
1,2,10.865,0.6,0.0,0.0,0.0032,-0.0075,0.0645,0.2498,2.26,9.64
1,2,10.883,0.6,0.0,0.0,0.0014,-0.0057,0.0633,0.2497,1.82,10.13
1,2,10.905,0.6,0.0,0.0,0.0016,-0.0031,0.0623,0.2494,2.40,10.47
1,2,10.928,0.6,0.0,0.0,0.0007,-0.0039,0.0607,0.2486,3.53,10.87
1,2,10.942,0.6,0.0,0.0,0.0030,-0.0038,0.0596,0.2478,5.05,10.96
1,2,10.964,0.6,0.0,0.0,0.0090,-0.0066,0.0586,0.2470,5.46,10.77
1,2,10.982,0.6,0.0,0.0,0.0190,-0.0086,0.0580,0.2460,5.96,10.74
1,2,11.005,0.6,0.0,0.0,0.0157,-0.0076,0.0578,0.2454,5.77,10.60
1,2,11.024,0.6,0.0,0.0,0.0095,-0.0077,0.0578,0.2453,5.76,10.63
1,2,11.042,0.6,0.0,0.0,0.0168,-0.0087,0.0580,0.2451,2.80,9.89
1,2,11.062,0.6,0.0,0.0,0.0193,-0.0073,0.0586,0.2451,2.00,9.08
1,2,11.086,0.6,0.0,0.0,0.0167,-0.0086,0.0599,0.2455,5.75,8.21
1,2,11.105,0.6,0.0,0.0,0.0251,-0.0112,0.0614,0.2465,8.75,7.30
1,2,11.128,0.6,0.0,0.0,0.0160,-0.0082,0.0624,0.2474,9.92,7.40
1,2,11.145,0.6,0.0,0.0,0.0234,-0.0030,0.0634,0.2484,10.00,8.00
1,2,11.164,0.6,0.0,0.0,0.0284,0.0029,0.0645,0.2496,8.47,8.40
1,2,11.185,0.6,0.0,0.0,0.0301,0.0042,0.0650,0.2501,7.35,8.96
1,2,11.205,0.6,0.0,0.0,0.0117,0.0082,0.0657,0.2507,5.44,9.45
1,2,11.227,0.6,0.0,0.0,0.0180,0.0094,0.0667,0.2511,2.95,9.90
1,2,11.244,0.6,0.0,0.0,0.0068,0.0088,0.0672,0.2511,1.95,10.18
1,2,11.264,0.6,0.0,0.0,0.0052,0.0044,0.0681,0.2508,1.33,10.34
1,2,11.282,0.6,0.0,0.0,0.0051,0.0037,0.0685,0.2506,1.59,10.58
1,2,11.303,0.6,0.0,0.0,0.0046,0.0061,0.0689,0.2503,1.89,10.43
1,2,11.325,0.6,0.0,0.0,0.0067,0.0073,0.0693,0.2501,2.08,10.11
1,2,11.344,0.6,0.0,0.0,0.0104,0.0068,0.0697,0.2499,1.91,9.52
1,2,11.361,0.6,0.0,0.0,0.0077,0.0036,0.0699,0.2498,1.58,9.44
1,2,11.382,0.6,0.0,0.0,0.0063,0.0025,0.0694,0.2497,2.04,7.74
1,2,11.405,0.6,0.0,0.0,0.0051,0.0019,0.0680,0.2497,2.16,7.11
1,2,11.426,0.6,0.0,0.0,0.0031,-0.0015,0.0666,0.2499,2.36,8.13
1,2,11.442,0.6,0.0,0.0,0.0030,-0.0040,0.0656,0.2499,2.24,9.01
1,2,11.461,0.6,0.0,0.0,0.0029,-0.0070,0.0645,0.2499,2.21,9.63
1,2,11.482,0.6,0.0,0.0,0.0013,-0.0045,0.0630,0.2498,1.93,10.11
1,2,11.506,0.6,0.0,0.0,0.0016,-0.0026,0.0620,0.2494,2.45,10.50
1,2,11.525,0.6,0.0,0.0,0.0010,-0.0032,0.0605,0.2486,3.89,10.86
1,2,11.546,0.6,0.0,0.0,0.0048,-0.0022,0.0594,0.2478,5.15,11.00
1,2,11.562,0.6,0.0,0.0,0.0152,-0.0053,0.0584,0.2467,6.06,10.81
1,2,11.582,0.6,0.0,0.0,0.0158,-0.0084,0.0580,0.2459,6.42,10.79
1,2,11.606,0.6,0.0,0.0,0.0158,-0.0075,0.0579,0.2453,5.81,10.71
1,2,11.625,0.6,0.0,0.0,0.0156,-0.0076,0.0578,0.2451,4.96,10.73
1,2,11.643,0.6,0.0,0.0,0.0090,-0.0083,0.0580,0.2450,3.32,10.32
1,2,11.665,0.6,0.0,0.0,0.0184,-0.0069,0.0585,0.2449,1.18,9.19
1,2,11.684,0.6,0.0,0.0,0.0116,-0.0071,0.0596,0.2452,4.68,8.37
1,2,11.702,0.6,0.0,0.0,0.0243,-0.0105,0.0609,0.2458,7.97,7.42
1,2,11.731,0.6,0.0,0.0,0.0141,-0.0101,0.0625,0.2470,10.17,7.26
1,2,11.749,0.6,0.0,0.0,0.0246,-0.0049,0.0635,0.2480,10.18,7.91
1,2,11.761,0.6,0.0,0.0,0.0305,0.0001,0.0643,0.2490,9.49,7.81
1,2,11.784,0.6,0.0,0.0,0.0269,0.0048,0.0651,0.2498,7.77,9.00
1,2,11.804,0.6,0.0,0.0,0.0150,0.0071,0.0658,0.2504,5.71,8.92
1,2,11.824,0.6,0.0,0.0,0.0184,0.0075,0.0668,0.2509,3.15,9.89
1,2,11.845,0.6,0.0,0.0,0.0083,0.0052,0.0679,0.2510,1.15,10.32
1,2,11.865,0.6,0.0,0.0,0.0032,0.0035,0.0684,0.2507,1.02,10.54
1,2,11.881,0.6,0.0,0.0,0.0038,0.0041,0.0687,0.2505,1.63,10.62
1,2,11.905,0.6,0.0,0.0,0.0040,0.0063,0.0692,0.2502,2.04,10.46
1,2,11.923,0.6,0.0,0.0,0.0059,0.0069,0.0694,0.2500,2.05,10.15
1,2,11.947,0.6,0.0,0.0,0.0088,0.0062,0.0700,0.2498,2.01,9.63
1,2,11.962,0.6,0.0,0.0,0.0097,0.0039,0.0700,0.2497,1.59,9.64
1,2,11.983,0.6,0.0,0.0,0.0052,0.0028,0.0698,0.2496,2.07,7.76
1,2,12.009,0.6,0.0,0.0,0.0047,0.0017,0.0680,0.2497,2.35,7.10
1,2,12.023,0.6,0.0,0.0,0.0044,0.0009,0.0672,0.2497,2.16,6.98
1,2,12.044,0.6,0.0,0.0,0.0027,-0.0058,0.0658,0.2498,2.59,9.00
1,2,12.062,0.6,0.0,0.0,0.0018,-0.0067,0.0646,0.2498,2.00,9.62
1,2,12.085,0.6,0.0,0.0,0.0007,-0.0040,0.0632,0.2497,1.84,10.12
1,2,12.105,0.6,0.0,0.0,0.0006,-0.0024,0.0626,0.2495,2.14,10.53
1,2,12.125,0.6,0.0,0.0,0.0004,-0.0018,0.0615,0.2490,3.43,10.79
1,2,12.144,0.6,0.0,0.0,0.0021,0.0004,0.0600,0.2477,5.11,10.86
1,2,12.165,0.6,0.0,0.0,0.0099,-0.0056,0.0590,0.2465,5.79,10.95
1,2,12.187,0.6,0.0,0.0,0.0154,-0.0067,0.0587,0.2458,5.99,10.70
1,2,12.203,0.6,0.0,0.0,0.0198,-0.0073,0.0586,0.2453,5.96,10.59
1,2,12.225,0.6,0.0,0.0,0.0164,-0.0078,0.0585,0.2453,4.63,10.27
1,2,12.246,0.6,0.0,0.0,0.0181,-0.0095,0.0587,0.2451,2.64,9.62
1,2,12.262,0.6,0.0,0.0,0.0140,-0.0055,0.0592,0.2450,1.08,9.00
1,2,12.281,0.6,0.0,0.0,0.0142,-0.0058,0.0602,0.2454,4.80,8.23
1,2,12.302,0.6,0.0,0.0,0.0212,-0.0089,0.0617,0.2463,8.72,7.32
1,2,12.324,0.6,0.0,0.0,0.0171,-0.0081,0.0628,0.2472,9.95,7.32
1,2,12.341,0.6,0.0,0.0,0.0297,-0.0027,0.0638,0.2482,10.02,7.95
1,2,12.361,0.6,0.0,0.0,0.0200,0.0020,0.0648,0.2494,8.67,8.40
1,2,12.381,0.6,0.0,0.0,0.0176,0.0049,0.0655,0.2502,7.07,8.98
1,2,12.404,0.6,0.0,0.0,0.0207,0.0076,0.0663,0.2508,4.45,9.45
1,2,12.424,0.6,0.0,0.0,0.0084,0.0066,0.0671,0.2511,2.31,9.94
1,2,12.444,0.6,0.0,0.0,0.0043,0.0045,0.0677,0.2511,0.86,10.32
1,2,12.467,0.6,0.0,0.0,0.0031,0.0032,0.0682,0.2508,1.09,10.56
1,2,12.485,0.6,0.0,0.0,0.0025,0.0041,0.0685,0.2506,1.66,10.59
1,2,12.502,0.6,0.0,0.0,0.0042,0.0062,0.0690,0.2503,2.05,10.45
1,2,12.528,0.6,0.0,0.0,0.0085,0.0084,0.0694,0.2501,2.30,10.15
1,2,12.544,0.6,0.0,0.0,0.0115,0.0079,0.0700,0.2499,2.28,10.23
1,2,12.563,0.6,0.0,0.0,0.0099,0.0052,0.0703,0.2497,1.98,9.64
1,2,12.584,0.6,0.0,0.0,0.0059,0.0027,0.0700,0.2496,1.70,7.86
1,2,12.608,0.6,0.0,0.0,0.0035,0.0029,0.0690,0.2496,2.18,7.35
1,2,12.629,0.6,0.0,0.0,0.0067,0.0010,0.0677,0.2497,2.57,8.21
1,2,12.642,0.6,0.0,0.0,0.0024,-0.0042,0.0664,0.2498,2.76,8.06
1,2,12.661,0.6,0.0,0.0,0.0036,-0.0071,0.0648,0.2498,2.32,9.61
1,2,12.681,0.6,0.0,0.0,0.0013,-0.0054,0.0636,0.2497,2.13,10.09
1,2,12.705,0.6,0.0,0.0,0.0027,-0.0028,0.0622,0.2493,2.50,10.59
1,2,12.730,0.6,0.0,0.0,0.0011,-0.0029,0.0610,0.2486,3.77,10.89
1,2,12.745,0.6,0.0,0.0,0.0022,-0.0023,0.0603,0.2481,4.56,10.98
1,2,12.763,0.6,0.0,0.0,0.0067,-0.0025,0.0597,0.2475,5.29,10.94
1,2,12.782,0.6,0.0,0.0,0.0128,-0.0079,0.0589,0.2464,5.54,10.99
1,2,12.804,0.6,0.0,0.0,0.0148,-0.0091,0.0587,0.2457,5.89,10.58
1,2,12.825,0.6,0.0,0.0,0.0152,-0.0084,0.0586,0.2456,5.98,10.65
1,2,12.845,0.6,0.0,0.0,0.0227,-0.0072,0.0587,0.2452,3.65,9.66
1,2,12.865,0.6,0.0,0.0,0.0078,-0.0070,0.0590,0.2451,1.45,9.10
1,2,12.885,0.6,0.0,0.0,0.0097,-0.0053,0.0597,0.2453,2.89,9.04
1,2,12.911,0.6,0.0,0.0,0.0130,-0.0092,0.0611,0.2460,7.23,7.48
1,2,12.929,0.6,0.0,0.0,0.0151,-0.0112,0.0619,0.2465,9.01,7.32
1,2,12.944,0.6,0.0,0.0,0.0188,-0.0106,0.0626,0.2471,10.16,7.44
1,2,12.967,0.6,0.0,0.0,0.0261,-0.0013,0.0639,0.2484,10.13,8.59
1,2,12.985,0.6,0.0,0.0,0.0203,0.0036,0.0648,0.2493,8.65,8.98
1,2,13.005,0.6,0.0,0.0,0.0147,0.0061,0.0653,0.2498,8.00,8.94
1,2,13.027,0.6,0.0,0.0,0.0060,0.0088,0.0661,0.2504,5.14,9.79
1,2,13.045,0.6,0.0,0.0,0.0124,0.0095,0.0666,0.2506,3.72,9.82
1,2,13.065,0.6,0.0,0.0,0.0067,0.0056,0.0677,0.2507,1.45,10.17
1,2,13.083,0.6,0.0,0.0,0.0076,0.0032,0.0683,0.2504,0.97,10.50
1,2,13.104,0.6,0.0,0.0,0.0034,0.0034,0.0685,0.2502,1.11,10.43
1,2,13.122,0.6,0.0,0.0,0.0033,0.0049,0.0688,0.2501,1.28,10.05
1,2,13.144,0.6,0.0,0.0,0.0074,0.0055,0.0691,0.2500,1.45,9.47
1,2,13.164,0.6,0.0,0.0,0.0067,0.0036,0.0693,0.2498,1.26,8.69
1,2,13.183,0.6,0.0,0.0,0.0028,0.0026,0.0690,0.2498,1.45,8.71
1,2,13.208,0.6,0.0,0.0,0.0035,0.0021,0.0680,0.2498,1.80,7.20
1,2,13.224,0.6,0.0,0.0,0.0033,0.0005,0.0669,0.2499,2.30,8.17
1,2,13.244,0.6,0.0,0.0,0.0015,-0.0043,0.0658,0.2499,2.48,8.01
1,2,13.261,0.6,0.0,0.0,0.0015,-0.0062,0.0647,0.2500,2.22,8.83
1,2,13.281,0.6,0.0,0.0,0.0004,-0.0044,0.0633,0.2499,2.00,10.03
1,2,13.305,0.6,0.0,0.0,0.0000,-0.0013,0.0618,0.2493,2.66,10.54
1,2,13.325,0.6,0.0,0.0,0.0004,-0.0008,0.0611,0.2488,3.27,10.62
1,2,13.342,0.6,0.0,0.0,0.0027,-0.0042,0.0592,0.2476,5.79,10.89
1,2,13.366,0.6,0.0,0.0,0.0074,-0.0092,0.0584,0.2462,5.92,10.91
1,2,13.383,0.6,0.0,0.0,0.0180,-0.0082,0.0582,0.2459,5.81,10.73
1,2,13.405,0.6,0.0,0.0,0.0150,-0.0072,0.0582,0.2453,5.51,10.62
1,2,13.422,0.6,0.0,0.0,0.0216,-0.0076,0.0581,0.2452,5.42,10.20
1,2,13.442,0.6,0.0,0.0,0.0159,-0.0068,0.0584,0.2450,1.97,9.58
1,2,13.461,0.6,0.0,0.0,0.0169,-0.0047,0.0591,0.2450,1.97,9.00
1,2,13.482,0.6,0.0,0.0,0.0041,-0.0060,0.0597,0.2452,3.79,8.34
1,2,13.505,0.6,0.0,0.0,0.0191,-0.0108,0.0611,0.2460,8.20,7.30
1,2,13.523,0.6,0.0,0.0,0.0229,-0.0119,0.0623,0.2469,10.04,7.41
1,2,13.551,0.6,0.0,0.0,0.0162,-0.0029,0.0637,0.2482,10.31,8.04
1,2,13.567,0.6,0.0,0.0,0.0219,0.0015,0.0645,0.2492,9.33,8.48
1,2,13.582,0.6,0.0,0.0,0.0243,0.0040,0.0650,0.2497,8.24,9.03
1,2,13.601,0.6,0.0,0.0,0.0157,0.0084,0.0659,0.2506,5.50,9.47
1,2,13.625,0.6,0.0,0.0,0.0173,0.0079,0.0669,0.2510,2.85,9.96
1,2,13.642,0.6,0.0,0.0,0.0058,0.0055,0.0676,0.2510,1.29,10.35
1,2,13.663,0.6,0.0,0.0,0.0021,0.0034,0.0681,0.2508,1.07,10.57
1,2,13.685,0.6,0.0,0.0,0.0030,0.0035,0.0687,0.2504,1.25,10.70
1,2,13.706,0.6,0.0,0.0,0.0050,0.0055,0.0689,0.2502,1.70,10.60
1,2,13.730,0.6,0.0,0.0,0.0059,0.0076,0.0695,0.2499,2.09,10.66
1,2,13.744,0.6,0.0,0.0,0.0079,0.0084,0.0698,0.2497,2.20,10.38
1,2,13.762,0.6,0.0,0.0,0.0106,0.0068,0.0703,0.2495,1.97,8.91
1,2,13.785,0.6,0.0,0.0,0.0095,0.0038,0.0698,0.2495,2.60,7.81
1,2,13.807,0.6,0.0,0.0,0.0045,0.0024,0.0683,0.2495,2.60,7.12
1,2,13.824,0.6,0.0,0.0,0.0073,0.0018,0.0676,0.2495,2.19,7.05
1,2,13.846,0.6,0.0,0.0,0.0055,-0.0058,0.0658,0.2496,2.64,9.10
1,2,13.865,0.6,0.0,0.0,0.0038,-0.0075,0.0650,0.2497,2.39,9.72
1,2,13.882,0.6,0.0,0.0,0.0023,-0.0061,0.0634,0.2495,1.89,10.14
1,2,13.904,0.6,0.0,0.0,0.0031,-0.0032,0.0625,0.2493,2.01,10.54
1,2,13.924,0.6,0.0,0.0,0.0024,-0.0011,0.0615,0.2488,3.43,10.84
1,2,13.943,0.6,0.0,0.0,0.0064,0.0009,0.0601,0.2476,5.06,11.02
1,2,13.962,0.6,0.0,0.0,0.0113,-0.0035,0.0592,0.2464,5.94,10.94
1,2,13.982,0.6,0.0,0.0,0.0184,-0.0074,0.0590,0.2459,5.96,10.84
1,2,14.006,0.6,0.0,0.0,0.0173,-0.0066,0.0588,0.2453,5.85,10.55
1,2,14.024,0.6,0.0,0.0,0.0161,-0.0062,0.0586,0.2451,4.90,10.22
1,2,14.043,0.6,0.0,0.0,0.0117,-0.0068,0.0588,0.2449,3.17,9.78
1,2,14.061,0.6,0.0,0.0,0.0146,-0.0061,0.0593,0.2449,1.25,9.11
1,2,14.084,0.6,0.0,0.0,0.0123,-0.0077,0.0600,0.2451,4.55,8.37
1,2,14.107,0.6,0.0,0.0,0.0153,-0.0115,0.0615,0.2460,8.68,7.36
1,2,14.125,0.6,0.0,0.0,0.0242,-0.0084,0.0627,0.2469,10.50,7.58
1,2,14.145,0.6,0.0,0.0,0.0192,-0.0038,0.0638,0.2479,10.32,8.02
1,2,14.162,0.6,0.0,0.0,0.0287,0.0006,0.0646,0.2489,9.58,8.54
1,2,14.182,0.6,0.0,0.0,0.0199,0.0050,0.0655,0.2500,7.35,8.97
1,2,14.202,0.6,0.0,0.0,0.0158,0.0079,0.0662,0.2506,5.33,9.48
1,2,14.227,0.6,0.0,0.0,0.0118,0.0078,0.0671,0.2510,2.75,9.96
1,2,14.242,0.6,0.0,0.0,0.0098,0.0055,0.0678,0.2510,1.25,10.30
1,2,14.266,0.6,0.0,0.0,0.0017,0.0037,0.0683,0.2508,0.98,10.54
1,2,14.282,0.6,0.0,0.0,0.0034,0.0042,0.0688,0.2505,1.62,10.62
1,2,14.306,0.6,0.0,0.0,0.0029,0.0056,0.0691,0.2503,1.76,10.47
1,2,14.329,0.6,0.0,0.0,0.0045,0.0075,0.0695,0.2500,2.05,10.54
1,2,14.346,0.6,0.0,0.0,0.0091,0.0086,0.0699,0.2499,2.15,9.60
1,2,14.362,0.6,0.0,0.0,0.0121,0.0052,0.0700,0.2498,1.81,8.77
1,2,14.381,0.6,0.0,0.0,0.0067,0.0024,0.0696,0.2497,2.02,7.78
1,2,14.405,0.6,0.0,0.0,0.0043,0.0020,0.0687,0.2497,2.30,7.22
1,2,14.424,0.6,0.0,0.0,0.0050,0.0016,0.0679,0.2497,2.25,7.04
1,2,14.445,0.6,0.0,0.0,0.0035,-0.0035,0.0664,0.2498,2.48,8.06
1,2,14.461,0.6,0.0,0.0,0.0030,-0.0064,0.0653,0.2499,2.25,9.66
1,2,14.482,0.6,0.0,0.0,0.0021,-0.0055,0.0637,0.2498,2.17,10.08
1,2,14.504,0.6,0.0,0.0,0.0010,-0.0029,0.0626,0.2495,2.33,10.53
1,2,14.525,0.6,0.0,0.0,0.0015,-0.0003,0.0611,0.2485,4.35,10.87
1,2,14.544,0.6,0.0,0.0,0.0032,0.0010,0.0603,0.2478,5.05,10.92
1,2,14.565,0.6,0.0,0.0,0.0069,-0.0017,0.0594,0.2469,5.52,11.10
1,2,14.582,0.6,0.0,0.0,0.0244,-0.0059,0.0588,0.2459,6.19,10.97
1,2,14.604,0.6,0.0,0.0,0.0149,-0.0072,0.0586,0.2452,6.02,10.64
1,2,14.632,0.6,0.0,0.0,0.0191,-0.0096,0.0584,0.2452,5.86,10.25
1,2,14.644,0.6,0.0,0.0,0.0112,-0.0099,0.0584,0.2450,3.56,10.22
1,2,14.662,0.6,0.0,0.0,0.0148,-0.0061,0.0588,0.2449,1.19,9.60
1,2,14.682,0.6,0.0,0.0,0.0151,-0.0058,0.0600,0.2451,4.34,8.34
1,2,14.703,0.6,0.0,0.0,0.0147,-0.0090,0.0612,0.2458,7.98,7.51
1,2,14.724,0.6,0.0,0.0,0.0271,-0.0104,0.0624,0.2466,10.13,7.42
1,2,14.746,0.6,0.0,0.0,0.0191,-0.0054,0.0635,0.2476,10.56,7.02
1,2,14.761,0.6,0.0,0.0,0.0221,-0.0010,0.0643,0.2487,9.88,8.54
1,2,14.782,0.6,0.0,0.0,0.0276,0.0051,0.0652,0.2498,7.79,8.95
1,2,14.803,0.6,0.0,0.0,0.0200,0.0083,0.0662,0.2506,5.03,9.43
1,2,14.825,0.6,0.0,0.0,0.0093,0.0078,0.0671,0.2509,2.58,9.94
1,2,14.843,0.6,0.0,0.0,0.0079,0.0055,0.0677,0.2510,1.17,10.31
1,2,14.865,0.6,0.0,0.0,0.0017,0.0036,0.0682,0.2508,0.94,10.52
1,2,14.896,0.6,0.0,0.0,0.0025,0.0041,0.0688,0.2504,1.32,10.63
1,2,14.911,0.6,0.0,0.0,0.0040,0.0058,0.0691,0.2502,1.71,10.63
1,2,14.925,0.6,0.0,0.0,0.0107,0.0073,0.0695,0.2500,2.12,10.54
1,2,14.947,0.6,0.0,0.0,0.0019,0.0073,0.0695,0.2500,2.12,10.54
1,2,14.967,0.6,0.0,0.0,0.0087,0.0087,0.0698,0.2498,2.49,10.26
1,2,14.984,0.6,0.0,0.0,0.0092,0.0051,0.0694,0.2496,2.70,9.01
1,2,15.006,0.6,0.0,0.0,0.0051,0.0040,0.0692,0.2496,2.73,7.78
1,2,15.026,0.6,0.0,0.0,0.0071,0.0024,0.0679,0.2496,2.55,8.43
1,3,15.048,0.0,0.0,0.5,0.0000,-0.0027,0.0667,0.2496,2.61,9.13
1,3,15.067,0.0,0.0,0.5,0.0047,-0.0059,0.0659,0.2497,2.68,9.03
1,3,15.082,0.0,0.0,0.5,0.0035,0.0628,0.0643,0.2497,4.86,8.11
1,3,15.104,0.0,0.0,0.5,-0.0006,0.1655,0.0608,0.2498,7.11,8.41
1,3,15.125,0.0,0.0,0.5,-0.0024,0.1944,0.0589,0.2498,7.06,9.07
1,3,15.146,0.0,0.0,0.5,-0.0049,0.1859,0.0554,0.2498,5.92,8.99
1,3,15.162,0.0,0.0,0.5,-0.0061,0.1606,0.0532,0.2496,5.15,9.63
1,3,15.190,0.0,0.0,0.5,-0.0022,0.1388,0.0519,0.2494,4.69,9.73
1,3,15.210,0.0,0.0,0.5,-0.0118,0.0994,0.0501,0.2488,3.92,9.70
1,3,15.226,0.0,0.0,0.5,-0.0092,0.0762,0.0493,0.2484,3.90,9.63
1,3,15.247,0.0,0.0,0.5,-0.0074,0.0720,0.0489,0.2481,3.45,8.75
1,3,15.270,0.0,0.0,0.5,-0.0060,0.0828,0.0490,0.2480,3.24,8.74
1,3,15.288,0.0,0.0,0.5,-0.0087,0.1246,0.0495,0.2482,2.99,7.95
1,3,15.304,0.0,0.0,0.5,-0.0045,0.1567,0.0498,0.2483,4.28,7.91
1,3,15.325,0.0,0.0,0.5,-0.0045,0.2198,0.0502,0.2488,7.51,9.33
1,3,15.344,0.0,0.0,0.5,-0.0075,0.3153,0.0504,0.2499,10.92,11.05
1,3,15.365,0.0,0.0,0.5,-0.0038,0.3309,0.0504,0.2501,10.78,10.98
1,3,15.382,0.0,0.0,0.5,-0.0126,0.3648,0.0507,0.2508,9.92,11.50
1,3,15.408,0.0,0.0,0.5,-0.0134,0.3872,0.0517,0.2510,9.37,11.99
1,3,15.425,0.0,0.0,0.5,-0.0106,0.4092,0.0539,0.2510,7.18,12.41
1,3,15.444,0.0,0.0,0.5,-0.0103,0.4180,0.0549,0.2509,6.13,12.45
1,3,15.462,0.0,0.0,0.5,-0.0132,0.4335,0.0562,0.2508,3.45,12.48
1,3,15.484,0.0,0.0,0.5,-0.0085,0.4428,0.0565,0.2509,2.84,12.25
1,3,15.505,0.0,0.0,0.5,-0.0196,0.4528,0.0566,0.2511,3.84,12.00
1,3,15.524,0.0,0.0,0.5,-0.0133,0.4427,0.0554,0.2510,6.14,11.41
1,3,15.544,0.0,0.0,0.5,-0.0173,0.4308,0.0541,0.2510,6.17,11.34
1,3,15.562,0.0,0.0,0.5,-0.0208,0.3734,0.0509,0.2512,4.74,9.95
1,3,15.582,0.0,0.0,0.5,-0.0127,0.2490,0.0495,0.2509,3.32,9.53
1,3,15.602,0.0,0.0,0.5,-0.0089,0.1998,0.0493,0.2510,2.61,9.45
1,3,15.625,0.0,0.0,0.5,-0.0034,0.1575,0.0479,0.2514,5.49,7.52
1,3,15.644,0.0,0.0,0.5,-0.0033,0.1414,0.0456,0.2518,5.96,9.00
1,3,15.662,0.0,0.0,0.5,-0.0014,0.1125,0.0438,0.2520,5.88,9.00
1,3,15.682,0.0,0.0,0.5,-0.0038,0.0629,0.0398,0.2518,4.79,11.20
1,3,15.704,0.0,0.0,0.5,-0.0046,0.0455,0.0380,0.2508,6.72,11.43
1,3,15.723,0.0,0.0,0.5,-0.0081,0.0454,0.0369,0.2501,5.21,11.48
1,3,15.743,0.0,0.0,0.5,-0.0101,0.0671,0.0352,0.2492,7.02,11.40
1,3,15.761,0.0,0.0,0.5,-0.0114,0.0947,0.0336,0.2483,6.70,11.13
1,3,15.785,0.0,0.0,0.5,-0.0072,0.1126,0.0332,0.2478,7.44,10.75
1,3,15.806,0.0,0.0,0.5,-0.0136,0.0944,0.0340,0.2471,5.98,10.43
1,3,15.825,0.0,0.0,0.5,-0.0052,0.0815,0.0356,0.2466,4.13,9.75
1,3,15.845,0.0,0.0,0.5,-0.0022,0.0790,0.0364,0.2464,2.93,9.71
1,3,15.865,0.0,0.0,0.5,-0.0002,0.0841,0.0370,0.2464,2.57,8.73
1,3,15.882,0.0,0.0,0.5,0.0042,0.1542,0.0380,0.2468,6.09,8.38
1,3,15.904,0.0,0.0,0.5,0.0104,0.2436,0.0393,0.2476,9.81,9.25
1,3,15.922,0.0,0.0,0.5,0.0164,0.2979,0.0408,0.2483,11.10,10.12
1,3,15.942,0.0,0.0,0.5,0.0198,0.3372,0.0428,0.2494,10.96,10.20
1,3,15.964,0.0,0.0,0.5,0.0143,0.3443,0.0448,0.2502,8.83,10.79
1,3,15.982,0.0,0.0,0.5,0.0186,0.3549,0.0469,0.2509,7.48,12.05
1,3,16.018,0.0,0.0,0.5,0.0094,0.3873,0.0500,0.2511,5.84,12.90
1,3,16.028,0.0,0.0,0.5,0.0059,0.4163,0.0518,0.2511,4.73,12.87
1,3,16.043,0.0,0.0,0.5,0.0028,0.4365,0.0528,0.2511,3.94,13.23
1,3,16.061,0.0,0.0,0.5,-0.0041,0.4434,0.0539,0.2510,3.68,13.23
1,3,16.082,0.0,0.0,0.5,-0.0038,0.4319,0.0542,0.2510,3.73,12.92
1,3,16.106,0.0,0.0,0.5,-0.0097,0.4261,0.0541,0.2510,4.60,12.86
1,3,16.122,0.0,0.0,0.5,-0.0093,0.4122,0.0538,0.2511,4.42,12.28
1,3,16.143,0.0,0.0,0.5,-0.0098,0.4048,0.0541,0.2515,3.59,12.11
1,3,16.162,0.0,0.0,0.5,-0.0075,0.3574,0.0545,0.2511,5.75,11.69
1,3,16.183,0.0,0.0,0.5,-0.0088,0.3031,0.0539,0.2509,6.69,11.29
1,3,16.203,0.0,0.0,0.5,-0.0087,0.2745,0.0527,0.2509,7.11,11.09
1,3,16.224,0.0,0.0,0.5,-0.0089,0.2416,0.0502,0.2511,6.95,7.51
1,3,16.243,0.0,0.0,0.5,-0.0065,0.2021,0.0474,0.2514,6.61,8.37
1,3,16.266,0.0,0.0,0.5,-0.0042,0.1180,0.0437,0.2517,5.18,9.69
1,3,16.288,0.0,0.0,0.5,-0.0048,0.0850,0.0420,0.2516,4.36,9.72
1,3,16.304,0.0,0.0,0.5,-0.0059,0.0504,0.0398,0.2511,5.48,10.76
1,3,16.326,0.0,0.0,0.5,-0.0078,0.0482,0.0378,0.2500,10.63,11.62
1,3,16.344,0.0,0.0,0.5,-0.0094,0.0710,0.0356,0.2478,8.94,11.52
1,3,16.365,0.0,0.0,0.5,-0.0145,0.1001,0.0343,0.2475,6.22,10.97
1,3,16.384,0.0,0.0,0.5,-0.0114,0.1370,0.0342,0.2471,8.40,10.59
1,3,16.410,0.0,0.0,0.5,-0.0085,0.1361,0.0362,0.2467,8.66,10.09
1,3,16.425,0.0,0.0,0.5,-0.0091,0.1256,0.0381,0.2460,7.42,10.11
1,3,16.443,0.0,0.0,0.5,-0.0079,0.1211,0.0391,0.2456,5.39,9.08
1,3,16.467,0.0,0.0,0.5,-0.0034,0.1691,0.0401,0.2457,5.04,8.25
1,3,16.492,0.0,0.0,0.5,-0.0008,0.2288,0.0403,0.2464,8.61,8.86
1,3,16.503,0.0,0.0,0.5,0.0063,0.2445,0.0404,0.2467,9.27,8.70
1,3,16.522,0.0,0.0,0.5,0.0086,0.3236,0.0422,0.2481,12.39,9.97
1,3,16.542,0.0,0.0,0.5,0.0151,0.3426,0.0437,0.2489,11.41,10.11
1,3,16.567,0.0,0.0,0.5,0.0112,0.3482,0.0446,0.2493,10.04,10.21
1,3,16.582,0.0,0.0,0.5,0.0134,0.3756,0.0482,0.2502,8.28,11.27
1,3,16.604,0.0,0.0,0.5,0.0094,0.4070,0.0512,0.2504,8.18,13.11
1,3,16.627,0.0,0.0,0.5,0.0040,0.4435,0.0545,0.2505,5.25,13.56
1,3,16.644,0.0,0.0,0.5,-0.0008,0.4622,0.0553,0.2506,4.77,13.44
1,3,16.661,0.0,0.0,0.5,-0.0082,0.4745,0.0547,0.2508,4.95,12.59
1,3,16.685,0.0,0.0,0.5,-0.0078,0.4688,0.0537,0.2509,5.24,11.99
1,3,16.704,0.0,0.0,0.5,-0.0128,0.4571,0.0528,0.2509,4.49,11.81
1,3,16.727,0.0,0.0,0.5,-0.0087,0.4300,0.0532,0.2510,4.25,12.03
1,3,16.744,0.0,0.0,0.5,-0.0070,0.4052,0.0539,0.2513,3.23,12.03
1,3,16.762,0.0,0.0,0.5,-0.0062,0.3511,0.0554,0.2510,4.20,12.28
1,3,16.792,0.0,0.0,0.5,-0.0082,0.3006,0.0551,0.2507,6.92,11.94
1,3,16.804,0.0,0.0,0.5,-0.0097,0.2657,0.0530,0.2508,8.07,11.22
1,3,16.827,0.0,0.0,0.5,-0.0083,0.2411,0.0500,0.2511,8.70,9.60
1,3,16.844,0.0,0.0,0.5,-0.0112,0.2102,0.0468,0.2515,6.95,8.49
1,3,16.863,0.0,0.0,0.5,-0.0029,0.1541,0.0440,0.2518,6.33,8.39
1,3,16.887,0.0,0.0,0.5,-0.0014,0.0863,0.0409,0.2518,7.00,10.68
1,3,16.907,0.0,0.0,0.5,-0.0038,0.0706,0.0377,0.2508,6.62,11.35
1,3,16.927,0.0,0.0,0.5,-0.0068,0.0700,0.0363,0.2499,8.05,11.51
1,3,16.943,0.0,0.0,0.5,-0.0134,0.0926,0.0347,0.2486,6.37,11.57
1,3,16.975,0.0,0.0,0.5,-0.0076,0.1262,0.0333,0.2471,7.88,11.27
1,3,16.990,0.0,0.0,0.5,-0.0038,0.1389,0.0335,0.2470,8.21,11.31
1,3,17.005,0.0,0.0,0.5,-0.0125,0.1374,0.0343,0.2469,7.96,10.91
1,3,17.025,0.0,0.0,0.5,-0.0058,0.1329,0.0360,0.2463,7.73,10.00
1,3,17.042,0.0,0.0,0.5,-0.0064,0.1426,0.0379,0.2458,4.25,8.03
1,3,17.062,0.0,0.0,0.5,-0.0039,0.1744,0.0386,0.2459,4.85,8.01
1,3,17.082,0.0,0.0,0.5,0.0015,0.2390,0.0394,0.2465,8.44,8.81
1,3,17.105,0.0,0.0,0.5,0.0029,0.2725,0.0400,0.2470,9.69,8.61
1,3,17.125,0.0,0.0,0.5,0.0087,0.2967,0.0409,0.2475,11.07,9.42
1,3,17.145,0.0,0.0,0.5,0.0101,0.3374,0.0434,0.2488,10.77,10.33
1,3,17.164,0.0,0.0,0.5,0.0150,0.3429,0.0439,0.2490,10.25,10.36
1,3,17.188,0.0,0.0,0.5,0.0097,0.3816,0.0479,0.2499,9.16,12.12
1,3,17.204,0.0,0.0,0.5,0.0145,0.4149,0.0510,0.2501,7.96,13.12
1,3,17.230,0.0,0.0,0.5,0.0050,0.4456,0.0537,0.2502,6.29,13.12
1,3,17.246,0.0,0.0,0.5,-0.0001,0.4727,0.0556,0.2503,4.85,13.56
1,3,17.261,0.0,0.0,0.5,-0.0053,0.4888,0.0554,0.2504,4.78,12.98
1,3,17.285,0.0,0.0,0.5,-0.0123,0.4790,0.0544,0.2506,5.62,12.27
1,3,17.307,0.0,0.0,0.5,-0.0108,0.4467,0.0528,0.2506,4.67,11.92
1,3,17.324,0.0,0.0,0.5,-0.0147,0.4296,0.0528,0.2507,3.42,12.02
1,3,17.348,0.0,0.0,0.5,-0.0054,0.4122,0.0533,0.2508,3.24,12.11
1,3,17.370,0.0,0.0,0.5,-0.0083,0.3712,0.0546,0.2513,3.21,12.32
1,3,17.382,0.0,0.0,0.5,-0.0089,0.3369,0.0551,0.2509,4.92,12.27
1,3,17.404,0.0,0.0,0.5,-0.0130,0.2745,0.0531,0.2507,8.10,10.78
1,3,17.422,0.0,0.0,0.5,-0.0159,0.2392,0.0500,0.2509,7.81,8.06
1,3,17.443,0.0,0.0,0.5,-0.0095,0.1951,0.0454,0.2514,7.07,8.25
1,3,17.462,0.0,0.0,0.5,-0.0018,0.1549,0.0426,0.2518,6.26,8.14
1,3,17.482,0.0,0.0,0.5,-0.0034,0.0939,0.0396,0.2517,4.49,10.56
1,3,17.505,0.0,0.0,0.5,-0.0061,0.0711,0.0372,0.2509,6.69,11.36
1,3,17.532,0.0,0.0,0.5,-0.0060,0.0716,0.0346,0.2497,7.01,11.69
1,3,17.544,0.0,0.0,0.5,-0.0075,0.0820,0.0337,0.2489,6.17,11.74
1,3,17.562,0.0,0.0,0.5,-0.0102,0.1018,0.0328,0.2480,6.49,11.16
1,3,17.582,0.0,0.0,0.5,-0.0022,0.1107,0.0328,0.2479,6.61,11.19
1,3,17.610,0.0,0.0,0.5,-0.0062,0.1212,0.0348,0.2476,7.38,10.13
1,3,17.626,0.0,0.0,0.5,-0.0087,0.1175,0.0359,0.2471,7.52,10.17
1,3,17.643,0.0,0.0,0.5,-0.0035,0.1132,0.0369,0.2467,6.24,9.20
1,3,17.662,0.0,0.0,0.5,-0.0071,0.1422,0.0380,0.2465,3.44,7.71
1,3,17.682,0.0,0.0,0.5,-0.0019,0.1866,0.0384,0.2468,6.03,8.81
1,3,17.706,0.0,0.0,0.5,0.0017,0.2429,0.0389,0.2474,9.41,9.55
1,3,17.724,0.0,0.0,0.5,0.0071,0.3080,0.0405,0.2484,11.15,9.83
1,3,17.743,0.0,0.0,0.5,0.0070,0.3351,0.0421,0.2492,11.18,10.00
1,3,17.766,0.0,0.0,0.5,0.0075,0.3424,0.0441,0.2499,9.10,10.07
1,3,17.782,0.0,0.0,0.5,0.0120,0.3607,0.0465,0.2506,8.56,11.87
1,3,17.803,0.0,0.0,0.5,0.0085,0.3876,0.0492,0.2506,7.50,12.88
1,3,17.830,0.0,0.0,0.5,0.0020,0.4172,0.0517,0.2507,5.40,13.27
1,3,17.844,0.0,0.0,0.5,-0.0001,0.4422,0.0532,0.2508,4.62,13.20
1,3,17.862,0.0,0.0,0.5,-0.0061,0.4594,0.0538,0.2509,3.96,12.97
1,3,17.882,0.0,0.0,0.5,-0.0057,0.4630,0.0535,0.2510,4.30,12.59
1,3,17.904,0.0,0.0,0.5,-0.0164,0.4479,0.0527,0.2509,4.34,12.16
1,3,17.923,0.0,0.0,0.5,-0.0098,0.4162,0.0530,0.2511,2.94,12.15
1,3,17.946,0.0,0.0,0.5,-0.0059,0.3987,0.0536,0.2512,2.78,12.37
1,3,17.963,0.0,0.0,0.5,-0.0070,0.3735,0.0545,0.2515,2.83,12.38
1,3,17.985,0.0,0.0,0.5,-0.0077,0.3348,0.0547,0.2512,6.20,11.50
1,3,18.007,0.0,0.0,0.5,-0.0081,0.2890,0.0532,0.2509,8.11,10.31
1,3,18.026,0.0,0.0,0.5,-0.0087,0.2591,0.0516,0.2510,6.83,8.23
1,3,18.047,0.0,0.0,0.5,-0.0109,0.2210,0.0486,0.2512,7.48,7.90
1,3,18.066,0.0,0.0,0.5,-0.0051,0.1583,0.0445,0.2516,5.60,9.69
1,3,18.088,0.0,0.0,0.5,-0.0048,0.1182,0.0426,0.2517,4.96,10.48
1,3,18.111,0.0,0.0,0.5,-0.0077,0.0758,0.0381,0.2504,7.03,11.26
1,3,18.126,0.0,0.0,0.5,-0.0125,0.0744,0.0365,0.2500,5.92,11.29
1,3,18.144,0.0,0.0,0.5,-0.0130,0.0878,0.0345,0.2489,6.67,11.35
1,3,18.161,0.0,0.0,0.5,-0.0120,0.1155,0.0334,0.2478,6.85,11.24
1,3,18.194,0.0,0.0,0.5,-0.0054,0.1256,0.0341,0.2474,7.61,10.47
1,3,18.211,0.0,0.0,0.5,0.0000,0.1256,0.0341,0.2474,7.61,10.47
1,3,18.224,0.0,0.0,0.5,0.0000,0.1256,0.0341,0.2474,7.61,10.47
1,3,18.244,0.0,0.0,0.5,-0.0177,0.1193,0.0373,0.2463,4.38,8.05
1,3,18.262,0.0,0.0,0.5,-0.0068,0.1305,0.0380,0.2462,3.00,8.02
1,3,18.285,0.0,0.0,0.5,-0.0047,0.1944,0.0388,0.2465,7.01,9.02
1,3,18.308,0.0,0.0,0.5,0.0014,0.2698,0.0398,0.2474,10.30,9.55
1,3,18.324,0.0,0.0,0.5,0.0095,0.3001,0.0405,0.2479,11.13,9.43
1,3,18.344,0.0,0.0,0.5,0.0087,0.3392,0.0424,0.2490,11.69,10.15
1,3,18.362,0.0,0.0,0.5,0.0114,0.3472,0.0438,0.2496,10.46,10.55
1,3,18.382,0.0,0.0,0.5,0.0101,0.3675,0.0469,0.2503,9.45,11.85
1,3,18.404,0.0,0.0,0.5,0.0115,0.3982,0.0498,0.2503,7.33,12.85
1,3,18.431,0.0,0.0,0.5,0.0042,0.4450,0.0535,0.2505,5.02,13.19
1,3,18.444,0.0,0.0,0.5,0.0018,0.4523,0.0539,0.2506,4.81,13.15
1,3,18.462,0.0,0.0,0.5,-0.0012,0.4631,0.0544,0.2507,4.09,12.89
1,3,18.482,0.0,0.0,0.5,-0.0069,0.4618,0.0540,0.2508,4.48,12.58
1,3,18.510,0.0,0.0,0.5,-0.0040,0.4644,0.0531,0.2509,5.39,12.03
1,3,18.525,0.0,0.0,0.5,0.0000,0.4593,0.0521,0.2511,4.68,11.67
1,3,18.545,0.0,0.0,0.5,-0.0091,0.4144,0.0528,0.2515,4.13,11.39
1,3,18.562,0.0,0.0,0.5,-0.0041,0.3740,0.0538,0.2513,3.56,11.72
1,3,18.582,0.0,0.0,0.5,-0.0055,0.2988,0.0541,0.2509,6.40,11.77
1,3,18.608,0.0,0.0,0.5,-0.0071,0.2427,0.0515,0.2510,6.90,9.91
1,3,18.625,0.0,0.0,0.5,-0.0077,0.2240,0.0487,0.2513,7.33,7.39
1,3,18.643,0.0,0.0,0.5,-0.0025,0.2033,0.0458,0.2518,6.78,8.31
1,3,18.661,0.0,0.0,0.5,0.0007,0.1563,0.0431,0.2521,5.31,9.62
1,3,18.682,0.0,0.0,0.5,0.0004,0.0884,0.0398,0.2520,6.57,10.66
1,3,18.707,0.0,0.0,0.5,-0.0032,0.0671,0.0373,0.2510,7.04,11.38
1,3,18.722,0.0,0.0,0.5,-0.0065,0.0726,0.0352,0.2501,5.98,11.47
1,3,18.745,0.0,0.0,0.5,-0.0042,0.0898,0.0338,0.2492,6.44,11.52
1,3,18.761,0.0,0.0,0.5,-0.0135,0.1140,0.0330,0.2482,7.16,10.94
1,3,18.786,0.0,0.0,0.5,-0.0072,0.1244,0.0341,0.2475,7.80,10.58
1,3,18.812,0.0,0.0,0.5,-0.0078,0.1116,0.0355,0.2468,7.17,9.81
1,3,18.825,0.0,0.0,0.5,-0.0109,0.1094,0.0360,0.2467,6.26,9.81
1,3,18.844,0.0,0.0,0.5,-0.0077,0.1086,0.0376,0.2463,2.97,8.08
1,3,18.864,0.0,0.0,0.5,-0.0021,0.1336,0.0380,0.2464,3.73,7.66
1,3,18.890,0.0,0.0,0.5,-0.0003,0.1499,0.0382,0.2465,4.66,7.57
1,3,18.906,0.0,0.0,0.5,0.0045,0.2076,0.0390,0.2470,8.15,8.53
1,3,18.924,0.0,0.0,0.5,0.0090,0.2833,0.0409,0.2480,11.83,10.17
1,3,18.943,0.0,0.0,0.5,0.0068,0.3129,0.0420,0.2485,12.48,10.48
1,3,18.961,0.0,0.0,0.5,0.0211,0.3476,0.0443,0.2494,10.72,11.04
1,3,18.985,0.0,0.0,0.5,0.0144,0.3894,0.0486,0.2503,8.63,12.24
1,3,19.003,0.0,0.0,0.5,0.0085,0.4200,0.0516,0.2503,6.61,13.03
1,3,19.023,0.0,0.0,0.5,0.0054,0.4491,0.0543,0.2505,4.91,13.31
1,3,19.043,0.0,0.0,0.5,-0.0024,0.4614,0.0549,0.2506,4.39,12.98
1,3,19.062,0.0,0.0,0.5,-0.0023,0.4621,0.0545,0.2507,4.14,12.89
1,3,19.082,0.0,0.0,0.5,-0.0106,0.4579,0.0538,0.2508,4.60,12.20
1,3,19.104,0.0,0.0,0.5,-0.0079,0.4494,0.0530,0.2509,3.99,12.02
1,3,19.123,0.0,0.0,0.5,-0.0083,0.4366,0.0531,0.2508,3.47,12.06
1,3,19.145,0.0,0.0,0.5,-0.0060,0.3999,0.0545,0.2510,3.07,12.35
1,3,19.162,0.0,0.0,0.5,-0.0093,0.3583,0.0552,0.2510,4.16,12.41
1,3,19.187,0.0,0.0,0.5,-0.0070,0.2927,0.0541,0.2506,7.31,11.81
1,3,19.209,0.0,0.0,0.5,-0.0116,0.2522,0.0520,0.2507,7.24,9.72
1,3,19.225,0.0,0.0,0.5,-0.0060,0.2280,0.0484,0.2512,8.04,9.09
1,3,19.242,0.0,0.0,0.5,-0.0006,0.2064,0.0459,0.2517,6.72,8.22
1,3,19.261,0.0,0.0,0.5,0.0024,0.1327,0.0426,0.2521,5.15,9.58
1,3,19.284,0.0,0.0,0.5,-0.0005,0.0855,0.0402,0.2519,6.87,10.65
1,3,19.304,0.0,0.0,0.5,-0.0028,0.0687,0.0368,0.2510,5.79,11.34
1,3,19.326,0.0,0.0,0.5,-0.0075,0.0770,0.0343,0.2496,7.13,11.25
1,3,19.344,0.0,0.0,0.5,-0.0064,0.0995,0.0331,0.2487,6.81,11.41
1,3,19.362,0.0,0.0,0.5,-0.0072,0.1117,0.0331,0.2485,6.89,10.86
1,3,19.382,0.0,0.0,0.5,-0.0103,0.1096,0.0345,0.2475,7.86,10.33
1,3,19.403,0.0,0.0,0.5,-0.0085,0.0857,0.0364,0.2467,5.67,9.85
1,3,19.424,0.0,0.0,0.5,-0.0086,0.0726,0.0372,0.2464,3.01,9.15
1,3,19.443,0.0,0.0,0.5,-0.0052,0.0726,0.0377,0.2464,1.60,8.33
1,3,19.461,0.0,0.0,0.5,0.0002,0.0957,0.0380,0.2466,3.11,7.32
1,3,19.482,0.0,0.0,0.5,0.0065,0.1652,0.0392,0.2471,7.40,8.21
1,3,19.503,0.0,0.0,0.5,0.0102,0.2357,0.0409,0.2480,9.22,8.98
1,3,19.526,0.0,0.0,0.5,0.0171,0.2879,0.0426,0.2489,10.25,9.89
1,3,19.542,0.0,0.0,0.5,0.0215,0.3095,0.0438,0.2496,10.25,10.47
1,3,19.561,0.0,0.0,0.5,0.0146,0.3214,0.0455,0.2504,8.71,11.04
1,3,19.582,0.0,0.0,0.5,0.0126,0.3435,0.0473,0.2508,8.19,12.06
1,3,19.606,0.0,0.0,0.5,0.0135,0.3771,0.0496,0.2510,6.87,12.78
1,3,19.625,0.0,0.0,0.5,0.0054,0.4331,0.0527,0.2510,4.60,13.26
1,3,19.643,0.0,0.0,0.5,0.0020,0.4416,0.0531,0.2511,4.44,13.22
1,3,19.662,0.0,0.0,0.5,-0.0035,0.4515,0.0535,0.2512,4.06,13.03
1,3,19.686,0.0,0.0,0.5,-0.0079,0.4318,0.0530,0.2511,4.64,12.42
1,3,19.704,0.0,0.0,0.5,-0.0070,0.4165,0.0530,0.2511,3.52,12.34
1,3,19.725,0.0,0.0,0.5,-0.0066,0.3980,0.0534,0.2512,3.74,12.48
1,3,19.741,0.0,0.0,0.5,-0.0066,0.3896,0.0539,0.2518,3.43,12.39
1,3,19.761,0.0,0.0,0.5,-0.0061,0.3577,0.0543,0.2515,5.87,11.95
1,3,19.781,0.0,0.0,0.5,-0.0099,0.3098,0.0536,0.2512,7.06,11.48
1,3,19.803,0.0,0.0,0.5,-0.0079,0.2540,0.0509,0.2512,6.74,9.50
1,3,19.825,0.0,0.0,0.5,-0.0089,0.2239,0.0484,0.2515,6.84,6.92
1,3,19.846,0.0,0.0,0.5,-0.0035,0.1566,0.0449,0.2520,6.19,8.21
1,3,19.861,0.0,0.0,0.5,-0.0016,0.1088,0.0426,0.2522,4.27,9.64
1,3,19.885,0.0,0.0,0.5,-0.0024,0.0561,0.0398,0.2519,6.16,10.73
1,3,19.904,0.0,0.0,0.5,-0.0052,0.0463,0.0383,0.2511,11.09,11.36
1,3,19.924,0.0,0.0,0.5,-0.0114,0.0577,0.0363,0.2498,5.70,11.54
1,3,19.946,0.0,0.0,0.5,-0.0101,0.0954,0.0342,0.2484,6.59,11.21
1,3,19.962,0.0,0.0,0.5,-0.0103,0.1161,0.0339,0.2479,7.42,10.88
1,3,19.982,0.0,0.0,0.5,-0.0107,0.1227,0.0349,0.2472,7.91,10.46
1,3,20.005,0.0,0.0,0.5,-0.0139,0.1168,0.0364,0.2467,7.22,9.61
1,3,20.025,0.0,0.0,0.5,-0.0133,0.1023,0.0380,0.2462,3.94,9.14
1,3,20.042,0.0,0.0,0.5,-0.0064,0.1064,0.0386,0.2461,2.41,8.01
1,3,20.061,0.0,0.0,0.5,-0.0024,0.1419,0.0392,0.2464,4.88,7.58
1,3,20.082,0.0,0.0,0.5,0.0039,0.1905,0.0402,0.2469,8.62,8.88
1,3,20.104,0.0,0.0,0.5,0.0109,0.2394,0.0417,0.2476,9.75,9.24
1,3,20.129,0.0,0.0,0.5,0.0067,0.2990,0.0439,0.2488,9.95,9.00
1,3,20.141,0.0,0.0,0.5,0.0203,0.3125,0.0446,0.2493,10.86,10.53
1,3,20.161,0.0,0.0,0.5,0.0179,0.3312,0.0463,0.2500,10.18,11.17
1,3,20.181,0.0,0.0,0.5,0.0132,0.3621,0.0486,0.2505,9.14,12.36
1,3,20.202,0.0,0.0,0.5,0.0155,0.4124,0.0522,0.2508,6.72,13.04
1,3,20.221,0.0,0.0,0.5,0.0053,0.4469,0.0546,0.2508,4.89,13.33
1,3,20.241,0.0,0.0,0.5,0.0008,0.4558,0.0550,0.2509,4.60,13.04
1,3,20.261,0.0,0.0,0.5,-0.0053,0.4567,0.0546,0.2510,4.55,12.62
1,3,20.282,0.0,0.0,0.5,-0.0062,0.4586,0.0534,0.2511,5.14,12.11
1,3,20.302,0.0,0.0,0.5,-0.0095,0.4531,0.0527,0.2512,4.40,11.83
1,3,20.322,0.0,0.0,0.5,-0.0058,0.4163,0.0534,0.2512,3.64,12.01
1,3,20.342,0.0,0.0,0.5,-0.0033,0.3860,0.0546,0.2514,3.37,12.07
1,3,20.361,0.0,0.0,0.5,-0.0046,0.3580,0.0553,0.2511,4.20,12.46
1,3,20.382,0.0,0.0,0.5,-0.0070,0.2842,0.0543,0.2508,7.45,11.60
1,3,20.403,0.0,0.0,0.5,-0.0094,0.2540,0.0516,0.2510,7.99,9.18
1,3,20.425,0.0,0.0,0.5,-0.0068,0.2350,0.0486,0.2514,7.39,6.93
1,3,20.442,0.0,0.0,0.5,-0.0006,0.1867,0.0450,0.2519,6.05,8.44
1,3,20.461,0.0,0.0,0.5,0.0012,0.1055,0.0422,0.2522,4.85,9.80
1,3,20.485,0.0,0.0,0.5,-0.0009,0.0754,0.0407,0.2520,5.51,9.85
1,3,20.504,0.0,0.0,0.5,-0.0037,0.0522,0.0377,0.2512,7.89,11.47
1,3,20.525,0.0,0.0,0.5,-0.0107,0.0532,0.0357,0.2499,7.15,11.54
1,3,20.545,0.0,0.0,0.5,-0.0061,0.0796,0.0340,0.2487,6.85,11.65
1,3,20.562,0.0,0.0,0.5,-0.0125,0.1106,0.0330,0.2479,6.63,11.05
1,3,20.582,0.0,0.0,0.5,-0.0075,0.1250,0.0337,0.2476,8.18,10.46
1,3,20.602,0.0,0.0,0.5,-0.0078,0.1171,0.0351,0.2469,8.39,9.75
1,3,20.624,0.0,0.0,0.5,-0.0117,0.1087,0.0369,0.2462,4.47,9.09
1,3,20.643,0.0,0.0,0.5,-0.0046,0.1060,0.0377,0.2462,2.01,8.00
1,3,20.662,0.0,0.0,0.5,-0.0025,0.1333,0.0380,0.2464,3.95,7.60
1,3,20.682,0.0,0.0,0.5,0.0037,0.2013,0.0389,0.2470,7.90,8.54
1,3,20.705,0.0,0.0,0.5,0.0067,0.2522,0.0402,0.2477,9.96,9.19
1,3,20.729,0.0,0.0,0.5,0.0063,0.2786,0.0411,0.2481,10.27,9.09
1,3,20.746,0.0,0.0,0.5,0.0198,0.3148,0.0431,0.2491,10.81,10.52
1,3,20.761,0.0,0.0,0.5,0.0123,0.3266,0.0441,0.2495,10.23,11.12
1,3,20.786,0.0,0.0,0.5,0.0168,0.3530,0.0463,0.2501,10.04,12.06
1,3,20.807,0.0,0.0,0.5,0.0115,0.4022,0.0502,0.2503,7.70,12.93
1,3,20.823,0.0,0.0,0.5,0.0075,0.4378,0.0528,0.2504,5.87,13.38
1,3,20.842,0.0,0.0,0.5,0.0036,0.4623,0.0546,0.2506,4.83,13.34
1,3,20.864,0.0,0.0,0.5,-0.0051,0.4642,0.0545,0.2508,4.58,12.95
1,3,20.885,0.0,0.0,0.5,-0.0125,0.4649,0.0529,0.2509,6.05,12.20
1,3,20.906,0.0,0.0,0.5,-0.0091,0.4490,0.0515,0.2509,4.85,11.63
1,3,20.924,0.0,0.0,0.5,-0.0091,0.4280,0.0516,0.2508,3.40,11.67
1,3,20.943,0.0,0.0,0.5,-0.0081,0.3963,0.0530,0.2514,3.06,12.04
1,3,20.962,0.0,0.0,0.5,-0.0048,0.3376,0.0547,0.2513,3.82,12.26
1,3,20.982,0.0,0.0,0.5,-0.0083,0.2902,0.0545,0.2509,6.93,11.92
1,3,21.007,0.0,0.0,0.5,-0.0099,0.2511,0.0517,0.2511,7.60,9.84
1,3,21.027,0.0,0.0,0.5,-0.0050,0.2357,0.0486,0.2514,7.55,6.92
1,3,21.042,0.0,0.0,0.5,-0.0089,0.2097,0.0456,0.2518,6.59,8.31
1,4,21.068,0.0,0.3,0.0,0.0000,0.1314,0.0422,0.2521,4.84,9.71
1,4,21.081,0.0,0.3,0.0,-0.0013,0.0803,0.0398,0.2519,5.14,9.77
1,4,21.103,0.0,0.3,0.0,-0.0043,-0.0057,0.0377,0.2512,6.13,10.85
1,4,21.125,0.0,0.3,0.0,-0.0063,-0.0106,0.0373,0.2504,3.73,10.41
1,4,21.145,0.0,0.3,0.0,-0.0075,-0.0118,0.0373,0.2500,3.29,10.52
1,4,21.162,0.0,0.3,0.0,-0.0156,-0.0104,0.0377,0.2492,3.49,10.19
1,4,21.184,0.0,0.3,0.0,-0.0145,-0.0181,0.0383,0.2489,3.73,9.96
1,4,21.201,0.0,0.3,0.0,-0.0132,-0.0218,0.0392,0.2485,4.23,9.68
1,4,21.224,0.0,0.3,0.0,-0.0109,-0.0214,0.0405,0.2481,3.88,9.39
1,4,21.242,0.0,0.3,0.0,-0.0064,-0.0155,0.0423,0.2477,2.36,9.08
1,4,21.262,0.0,0.3,0.0,-0.0010,-0.0106,0.0434,0.2476,1.50,8.48
1,4,21.286,0.0,0.3,0.0,0.0011,-0.0107,0.0446,0.2477,2.17,7.80
1,4,21.303,0.0,0.3,0.0,0.0029,-0.0107,0.0456,0.2478,2.71,7.11
1,4,21.323,0.0,0.3,0.0,0.0039,-0.0112,0.0464,0.2480,3.39,7.09
1,4,21.343,0.0,0.3,0.0,0.0039,-0.0115,0.0472,0.2483,4.06,6.87
1,4,21.361,0.0,0.3,0.0,0.0035,-0.0132,0.0495,0.2490,5.07,7.74
1,4,21.382,0.0,0.3,0.0,0.0000,-0.0103,0.0514,0.2496,4.43,8.17
1,4,21.405,0.0,0.3,0.0,-0.0033,-0.0039,0.0529,0.2500,3.40,8.64
1,4,21.425,0.0,0.3,0.0,-0.0050,-0.0013,0.0539,0.2502,2.47,9.03
1,4,21.446,0.0,0.3,0.0,-0.0038,-0.0013,0.0545,0.2503,1.96,9.05
1,4,21.465,0.0,0.3,0.0,-0.0091,-0.0018,0.0553,0.2503,1.56,9.43
1,4,21.486,0.0,0.3,0.0,-0.0044,-0.0018,0.0563,0.2503,1.21,9.39
1,4,21.512,0.0,0.3,0.0,-0.0039,-0.0010,0.0570,0.2502,0.58,9.21
1,4,21.525,0.0,0.3,0.0,-0.0170,-0.0009,0.0571,0.2502,0.45,9.23
1,4,21.546,0.0,0.3,0.0,-0.0048,-0.0008,0.0574,0.2502,0.24,8.23
1,4,21.564,0.0,0.3,0.0,-0.0026,-0.0007,0.0574,0.2503,0.64,7.67
1,4,21.587,0.0,0.3,0.0,-0.0048,-0.0021,0.0572,0.2505,1.67,6.97
1,4,21.610,0.0,0.3,0.0,-0.0059,-0.0038,0.0564,0.2508,2.59,7.59
1,4,21.624,0.0,0.3,0.0,-0.0030,-0.0043,0.0562,0.2508,2.74,7.51
1,4,21.643,0.0,0.3,0.0,-0.0124,-0.0055,0.0554,0.2511,3.36,9.12
1,4,21.661,0.0,0.3,0.0,-0.0115,-0.0060,0.0542,0.2513,2.81,9.57
1,4,21.681,0.0,0.3,0.0,-0.0108,-0.0055,0.0533,0.2512,1.85,10.05
1,4,21.705,0.0,0.3,0.0,-0.0183,-0.0071,0.0522,0.2510,2.11,10.34
1,4,21.726,0.0,0.3,0.0,-0.0116,-0.0113,0.0506,0.2504,2.84,10.51
1,4,21.747,0.0,0.3,0.0,-0.0071,-0.0120,0.0499,0.2500,3.55,10.39
1,4,21.762,0.0,0.3,0.0,-0.0153,-0.0110,0.0489,0.2494,4.68,10.20
1,4,21.782,0.0,0.3,0.0,-0.0056,-0.0137,0.0481,0.2488,5.08,9.90
1,4,21.804,0.0,0.3,0.0,-0.0021,-0.0171,0.0480,0.2481,4.91,9.70
1,4,21.824,0.0,0.3,0.0,0.0020,-0.0107,0.0485,0.2478,4.15,9.40
1,4,21.845,0.0,0.3,0.0,0.0039,-0.0060,0.0490,0.2474,2.29,9.06
1,4,21.862,0.0,0.3,0.0,0.0076,-0.0053,0.0494,0.2473,1.49,9.05
1,4,21.882,0.0,0.3,0.0,0.0083,-0.0053,0.0497,0.2473,1.55,7.85
1,4,21.904,0.0,0.3,0.0,0.0092,-0.0062,0.0507,0.2476,2.55,7.18
1,4,21.924,0.0,0.3,0.0,0.0055,-0.0069,0.0511,0.2477,2.86,7.32
1,4,21.946,0.0,0.3,0.0,0.0058,-0.0081,0.0525,0.2483,3.79,7.82
1,4,21.961,0.0,0.3,0.0,0.0042,-0.0077,0.0532,0.2485,3.82,8.29
1,4,21.985,0.0,0.3,0.0,0.0018,-0.0069,0.0544,0.2489,3.46,8.69
1,4,22.004,0.0,0.3,0.0,-0.0007,-0.0022,0.0554,0.2492,2.55,9.09
1,4,22.022,0.0,0.3,0.0,-0.0022,0.0008,0.0559,0.2494,1.93,9.43
1,4,22.043,0.0,0.3,0.0,-0.0043,0.0003,0.0564,0.2494,1.37,9.67
1,4,22.061,0.0,0.3,0.0,-0.0030,-0.0005,0.0570,0.2494,1.10,9.78
1,4,22.082,0.0,0.3,0.0,-0.0041,-0.0004,0.0576,0.2493,0.77,9.75
1,4,22.102,0.0,0.3,0.0,-0.0028,-0.0000,0.0579,0.2493,0.48,9.53
1,4,22.125,0.0,0.3,0.0,-0.0011,0.0002,0.0580,0.2493,0.18,9.13
1,4,22.145,0.0,0.3,0.0,-0.0008,0.0001,0.0580,0.2494,0.36,8.55
1,4,22.165,0.0,0.3,0.0,-0.0011,0.0000,0.0580,0.2494,0.50,8.55
1,4,22.184,0.0,0.3,0.0,-0.0016,-0.0007,0.0575,0.2495,1.53,7.20
1,4,22.205,0.0,0.3,0.0,-0.0062,-0.0025,0.0568,0.2497,2.46,7.59
1,4,22.225,0.0,0.3,0.0,-0.0075,-0.0049,0.0557,0.2501,3.19,8.27
1,4,22.244,0.0,0.3,0.0,-0.0081,-0.0056,0.0548,0.2503,3.72,9.01
1,4,22.262,0.0,0.3,0.0,-0.0088,-0.0063,0.0538,0.2505,3.19,9.49
1,4,22.282,0.0,0.3,0.0,-0.0098,-0.0060,0.0532,0.2506,2.57,9.91
1,4,22.305,0.0,0.3,0.0,-0.0119,-0.0041,0.0520,0.2505,2.02,10.20
1,4,22.324,0.0,0.3,0.0,-0.0083,-0.0066,0.0508,0.2501,2.41,10.44
1,4,22.343,0.0,0.3,0.0,-0.0068,-0.0086,0.0497,0.2496,3.53,10.39
1,4,22.362,0.0,0.3,0.0,-0.0059,-0.0116,0.0488,0.2490,4.64,10.29
1,4,22.382,0.0,0.3,0.0,-0.0024,-0.0145,0.0482,0.2485,4.98,10.09
1,4,22.407,0.0,0.3,0.0,0.0014,-0.0132,0.0481,0.2480,4.67,9.85
1,4,22.426,0.0,0.3,0.0,0.0059,-0.0087,0.0484,0.2476,3.93,9.55
1,4,22.445,0.0,0.3,0.0,0.0060,-0.0071,0.0485,0.2475,3.52,9.58
1,4,22.463,0.0,0.3,0.0,0.0119,-0.0057,0.0491,0.2473,1.82,8.64
1,4,22.481,0.0,0.3,0.0,0.0090,-0.0035,0.0497,0.2472,1.03,7.97
1,4,22.504,0.0,0.3,0.0,0.0089,-0.0038,0.0501,0.2473,1.74,7.28
1,4,22.523,0.0,0.3,0.0,0.0042,-0.0062,0.0506,0.2475,2.64,7.26
1,4,22.545,0.0,0.3,0.0,0.0056,-0.0076,0.0514,0.2478,3.94,8.03
1,4,22.562,0.0,0.3,0.0,0.0073,-0.0075,0.0523,0.2482,4.14,8.42
1,4,22.585,0.0,0.3,0.0,0.0027,-0.0072,0.0533,0.2485,4.00,8.85
1,4,22.603,0.0,0.3,0.0,0.0015,-0.0048,0.0542,0.2488,3.34,9.16
1,4,22.628,0.0,0.3,0.0,-0.0012,0.0016,0.0552,0.2490,2.29,9.50
1,4,22.644,0.0,0.3,0.0,-0.0026,0.0016,0.0556,0.2491,1.68,9.50
1,4,22.662,0.0,0.3,0.0,-0.0049,-0.0002,0.0562,0.2491,0.99,9.89
1,4,22.688,0.0,0.3,0.0,-0.0022,-0.0003,0.0568,0.2490,0.77,9.86
1,4,22.706,0.0,0.3,0.0,-0.0029,-0.0000,0.0571,0.2490,0.54,9.65
1,4,22.723,0.0,0.3,0.0,-0.0018,0.0004,0.0572,0.2490,0.23,9.25
1,4,22.744,0.0,0.3,0.0,-0.0009,0.0004,0.0573,0.2490,0.22,8.68
1,4,22.762,0.0,0.3,0.0,-0.0018,0.0001,0.0572,0.2491,0.72,7.90
1,4,22.782,0.0,0.3,0.0,-0.0041,-0.0013,0.0568,0.2493,1.87,7.16
1,4,22.807,0.0,0.3,0.0,-0.0047,-0.0035,0.0559,0.2496,2.77,7.51
1,4,22.826,0.0,0.3,0.0,-0.0129,-0.0049,0.0548,0.2500,3.37,8.30
1,4,22.842,0.0,0.3,0.0,-0.0080,-0.0052,0.0542,0.2501,3.37,8.17
1,4,22.861,0.0,0.3,0.0,-0.0121,-0.0055,0.0529,0.2504,3.10,9.55
1,4,22.882,0.0,0.3,0.0,-0.0082,-0.0030,0.0518,0.2505,1.69,10.00
1,4,22.903,0.0,0.3,0.0,-0.0086,-0.0025,0.0510,0.2504,1.79,10.32
1,4,22.925,0.0,0.3,0.0,-0.0091,-0.0045,0.0499,0.2500,2.25,10.47
1,4,22.943,0.0,0.3,0.0,-0.0042,-0.0076,0.0487,0.2495,3.48,10.46
1,4,22.961,0.0,0.3,0.0,-0.0028,-0.0101,0.0479,0.2489,4.44,10.32
1,4,22.982,0.0,0.3,0.0,0.0018,-0.0122,0.0473,0.2482,4.80,10.14
1,4,23.004,0.0,0.3,0.0,0.0079,-0.0097,0.0474,0.2478,4.39,9.91
1,4,23.022,0.0,0.3,0.0,0.0085,-0.0060,0.0478,0.2473,3.22,9.57
1,4,23.041,0.0,0.3,0.0,0.0142,-0.0058,0.0483,0.2471,2.08,9.13
1,4,23.061,0.0,0.3,0.0,0.0122,-0.0046,0.0488,0.2470,1.22,8.57
1,4,23.085,0.0,0.3,0.0,0.0068,-0.0036,0.0494,0.2471,1.62,7.96
1,4,23.105,0.0,0.3,0.0,0.0102,-0.0049,0.0498,0.2472,2.28,7.29
1,4,23.123,0.0,0.3,0.0,0.0070,-0.0061,0.0505,0.2475,2.78,7.25
1,4,23.142,0.0,0.3,0.0,0.0095,-0.0066,0.0515,0.2479,3.83,8.02
1,4,23.166,0.0,0.3,0.0,0.0051,-0.0061,0.0527,0.2483,3.95,8.46
1,4,23.183,0.0,0.3,0.0,0.0033,-0.0055,0.0537,0.2487,3.40,8.84
1,4,23.215,0.0,0.3,0.0,0.0015,-0.0029,0.0544,0.2489,2.75,9.25
1,4,23.228,0.0,0.3,0.0,-0.0012,0.0012,0.0550,0.2490,2.05,9.25
1,4,23.244,0.0,0.3,0.0,-0.0019,0.0015,0.0555,0.2491,1.38,9.80
1,4,23.262,0.0,0.3,0.0,-0.0029,0.0002,0.0559,0.2491,1.07,9.93
1,4,23.285,0.0,0.3,0.0,-0.0036,-0.0003,0.0564,0.2491,0.90,9.85
1,4,23.305,0.0,0.3,0.0,-0.0029,-0.0000,0.0569,0.2490,0.58,9.64
1,4,23.326,0.0,0.3,0.0,-0.0019,0.0003,0.0570,0.2490,0.21,9.66
1,4,23.344,0.0,0.3,0.0,-0.0007,0.0005,0.0570,0.2491,0.18,8.68
1,4,23.361,0.0,0.3,0.0,-0.0014,0.0001,0.0570,0.2491,0.94,7.91
1,4,23.382,0.0,0.3,0.0,-0.0024,-0.0011,0.0567,0.2493,1.78,7.19
1,4,23.403,0.0,0.3,0.0,-0.0084,-0.0032,0.0559,0.2496,2.71,7.60
1,4,23.422,0.0,0.3,0.0,-0.0079,-0.0047,0.0548,0.2499,3.41,8.33
1,4,23.443,0.0,0.3,0.0,-0.0067,-0.0050,0.0541,0.2501,3.53,9.07
1,4,23.463,0.0,0.3,0.0,-0.0124,-0.0056,0.0531,0.2503,3.28,9.56
1,4,23.482,0.0,0.3,0.0,-0.0083,-0.0041,0.0519,0.2505,1.99,9.97
1,4,23.501,0.0,0.3,0.0,-0.0110,-0.0030,0.0514,0.2504,1.62,9.99
1,4,23.523,0.0,0.3,0.0,-0.0060,-0.0033,0.0503,0.2502,2.08,10.41
1,4,23.543,0.0,0.3,0.0,-0.0055,-0.0053,0.0490,0.2496,3.45,10.45
1,4,23.566,0.0,0.3,0.0,-0.0036,-0.0095,0.0478,0.2489,4.76,10.35
1,4,23.584,0.0,0.3,0.0,0.0008,-0.0114,0.0474,0.2485,5.13,10.17
1,4,23.602,0.0,0.3,0.0,0.0079,-0.0112,0.0472,0.2478,4.72,9.94
1,4,23.625,0.0,0.3,0.0,0.0096,-0.0059,0.0478,0.2473,3.04,9.63
1,4,23.642,0.0,0.3,0.0,0.0147,-0.0052,0.0481,0.2471,2.28,9.14
1,4,23.661,0.0,0.3,0.0,0.0122,-0.0046,0.0487,0.2470,1.25,8.58
1,4,23.681,0.0,0.3,0.0,0.0076,-0.0034,0.0492,0.2470,1.60,7.95
1,4,23.705,0.0,0.3,0.0,0.0096,-0.0050,0.0498,0.2473,2.57,7.25
1,4,23.722,0.0,0.3,0.0,0.0076,-0.0056,0.0503,0.2474,2.95,7.49
1,4,23.745,0.0,0.3,0.0,0.0066,-0.0060,0.0516,0.2480,4.07,7.97
1,4,23.761,0.0,0.3,0.0,0.0078,-0.0056,0.0523,0.2483,3.96,8.43
1,4,23.785,0.0,0.3,0.0,0.0036,-0.0046,0.0535,0.2487,3.37,8.84
1,4,23.810,0.0,0.3,0.0,0.0002,-0.0031,0.0540,0.2488,2.87,8.81
1,4,23.830,0.0,0.3,0.0,-0.0014,0.0020,0.0549,0.2491,1.76,9.58
1,4,23.846,0.0,0.3,0.0,-0.0032,0.0014,0.0553,0.2491,1.30,9.79
1,4,23.862,0.0,0.3,0.0,-0.0010,0.0007,0.0554,0.2491,1.16,9.81
1,4,23.882,0.0,0.3,0.0,-0.0051,-0.0001,0.0560,0.2490,0.93,9.85
1,4,23.904,0.0,0.3,0.0,-0.0023,0.0001,0.0566,0.2490,0.64,9.85
1,4,23.924,0.0,0.3,0.0,-0.0011,0.0001,0.0566,0.2490,0.46,9.62
1,4,23.945,0.0,0.3,0.0,-0.0012,0.0005,0.0567,0.2490,0.18,9.25
1,4,23.969,0.0,0.3,0.0,-0.0020,0.0002,0.0566,0.2491,0.94,7.91
1,4,23.982,0.0,0.3,0.0,-0.0037,-0.0005,0.0564,0.2492,1.27,7.89
1,4,24.005,0.0,0.3,0.0,-0.0065,-0.0032,0.0558,0.2495,2.87,7.61
1,4,24.027,0.0,0.3,0.0,-0.0054,-0.0039,0.0549,0.2498,3.11,7.39
1,4,24.046,0.0,0.3,0.0,-0.0096,-0.0048,0.0536,0.2501,3.56,8.99
1,4,24.065,0.0,0.3,0.0,-0.0103,-0.0050,0.0523,0.2504,3.03,9.51
1,4,24.082,0.0,0.3,0.0,-0.0116,-0.0041,0.0517,0.2505,2.30,9.93
1,4,24.106,0.0,0.3,0.0,-0.0062,-0.0025,0.0506,0.2504,1.57,10.24
1,4,24.124,0.0,0.3,0.0,-0.0076,-0.0034,0.0498,0.2502,1.98,10.40
1,4,24.144,0.0,0.3,0.0,-0.0055,-0.0044,0.0489,0.2498,3.11,10.40
1,4,24.162,0.0,0.3,0.0,-0.0039,-0.0076,0.0480,0.2492,4.31,10.30
1,4,24.184,0.0,0.3,0.0,0.0012,-0.0112,0.0472,0.2485,4.99,10.12
1,4,24.209,0.0,0.3,0.0,0.0055,-0.0096,0.0471,0.2480,4.80,9.95
1,4,24.227,0.0,0.3,0.0,0.0089,-0.0059,0.0474,0.2476,4.03,9.60
1,4,24.245,0.0,0.3,0.0,0.0132,-0.0049,0.0479,0.2474,2.69,9.16
1,4,24.262,0.0,0.3,0.0,0.0147,-0.0047,0.0482,0.2472,1.57,8.62
1,4,24.285,0.0,0.3,0.0,0.0079,-0.0036,0.0486,0.2472,1.10,8.00
1,4,24.302,0.0,0.3,0.0,0.0083,-0.0038,0.0491,0.2473,2.20,7.32
1,4,24.326,0.0,0.3,0.0,0.0065,-0.0055,0.0500,0.2476,3.33,7.52
1,4,24.345,0.0,0.3,0.0,0.0067,-0.0059,0.0508,0.2480,3.88,7.97
1,4,24.363,0.0,0.3,0.0,0.0084,-0.0053,0.0517,0.2483,4.06,8.51
1,4,24.386,0.0,0.3,0.0,0.0043,-0.0043,0.0529,0.2488,3.46,8.82
1,4,24.407,0.0,0.3,0.0,0.0003,0.0004,0.0541,0.2491,2.18,9.24
1,4,24.427,0.0,0.3,0.0,-0.0013,0.0004,0.0541,0.2491,2.18,9.25
1,4,24.446,0.0,0.3,0.0,-0.0036,0.0007,0.0551,0.2492,1.06,9.82
1,4,24.462,0.0,0.3,0.0,-0.0029,-0.0001,0.0555,0.2491,0.96,9.94
1,4,24.487,0.0,0.3,0.0,-0.0021,0.0001,0.0560,0.2491,0.89,9.88
1,4,24.506,0.0,0.3,0.0,-0.0025,0.0003,0.0564,0.2491,0.65,9.63
1,4,24.524,0.0,0.3,0.0,-0.0017,0.0004,0.0566,0.2490,0.23,9.66
1,4,24.543,0.0,0.3,0.0,-0.0010,0.0007,0.0566,0.2491,0.38,8.65
1,4,24.563,0.0,0.3,0.0,-0.0017,0.0002,0.0564,0.2492,0.92,7.90
1,4,24.582,0.0,0.3,0.0,-0.0028,-0.0010,0.0561,0.2493,1.70,7.23
1,4,24.605,0.0,0.3,0.0,-0.0062,-0.0032,0.0551,0.2496,2.84,7.59
1,4,24.627,0.0,0.3,0.0,-0.0106,-0.0042,0.0542,0.2500,3.35,8.25
1,4,24.643,0.0,0.3,0.0,-0.0061,-0.0051,0.0532,0.2503,3.49,9.01
1,4,24.665,0.0,0.3,0.0,-0.0093,-0.0048,0.0522,0.2504,3.01,9.56
1,4,24.682,0.0,0.3,0.0,-0.0085,-0.0034,0.0514,0.2505,1.95,9.92
1,4,24.701,0.0,0.3,0.0,-0.0098,-0.0022,0.0506,0.2505,1.47,10.24
1,4,24.722,0.0,0.3,0.0,-0.0020,-0.0021,0.0501,0.2503,1.87,10.28
1,4,24.747,0.0,0.3,0.0,-0.0069,-0.0047,0.0485,0.2497,3.67,10.42
1,4,24.762,0.0,0.3,0.0,-0.0038,-0.0072,0.0479,0.2493,4.36,10.31
1,4,24.786,0.0,0.3,0.0,0.0012,-0.0111,0.0471,0.2487,5.21,10.11
1,4,24.809,0.0,0.3,0.0,0.0068,-0.0092,0.0469,0.2479,4.83,9.99
1,4,24.827,0.0,0.3,0.0,0.0119,-0.0059,0.0473,0.2475,3.96,9.62
1,4,24.842,0.0,0.3,0.0,0.0078,-0.0055,0.0474,0.2474,3.50,9.64
1,4,24.861,0.0,0.3,0.0,0.0160,-0.0058,0.0480,0.2472,1.75,8.63
1,4,24.882,0.0,0.3,0.0,0.0092,-0.0041,0.0485,0.2471,1.43,7.98
1,4,24.908,0.0,0.3,0.0,0.0083,-0.0039,0.0492,0.2473,2.31,7.29
1,4,24.925,0.0,0.3,0.0,0.0072,-0.0048,0.0498,0.2476,2.90,7.22
1,4,24.942,0.0,0.3,0.0,0.0090,-0.0053,0.0506,0.2479,3.85,8.10
1,4,24.962,0.0,0.3,0.0,0.0048,-0.0052,0.0509,0.2480,4.06,7.91
1,4,24.982,0.0,0.3,0.0,0.0068,-0.0050,0.0522,0.2485,3.97,8.80
1,4,25.005,0.0,0.3,0.0,0.0024,-0.0018,0.0534,0.2488,3.08,9.16
1,4,25.025,0.0,0.3,0.0,-0.0002,0.0012,0.0538,0.2490,2.50,9.51
1,4,25.042,0.0,0.3,0.0,-0.0030,0.0021,0.0546,0.2490,1.42,9.76
1,4,25.061,0.0,0.3,0.0,-0.0033,0.0004,0.0551,0.2490,1.03,9.91
1,4,25.085,0.0,0.3,0.0,-0.0028,0.0001,0.0555,0.2490,1.05,9.91
1,4,25.106,0.0,0.3,0.0,-0.0023,0.0002,0.0562,0.2490,0.71,9.60
1,4,25.130,0.0,0.3,0.0,-0.0020,0.0003,0.0564,0.2489,0.35,9.19
1,4,25.144,0.0,0.3,0.0,-0.0006,0.0006,0.0564,0.2490,0.19,9.22
1,4,25.162,0.0,0.3,0.0,-0.0017,0.0006,0.0564,0.2490,0.49,8.64
1,4,25.190,0.0,0.3,0.0,-0.0027,-0.0012,0.0560,0.2493,1.93,7.29
1,4,25.202,0.0,0.3,0.0,-0.0049,-0.0019,0.0556,0.2494,2.24,7.22
1,4,25.224,0.0,0.3,0.0,-0.0077,-0.0042,0.0546,0.2497,3.47,8.41
1,4,25.246,0.0,0.3,0.0,-0.0088,-0.0052,0.0533,0.2501,3.67,8.93
1,4,25.262,0.0,0.3,0.0,-0.0095,-0.0051,0.0526,0.2502,3.30,9.48
1,4,25.282,0.0,0.3,0.0,-0.0115,-0.0037,0.0516,0.2503,2.33,9.90
1,4,25.304,0.0,0.3,0.0,-0.0071,-0.0025,0.0505,0.2502,1.52,10.24
1,4,25.330,0.0,0.3,0.0,-0.0056,-0.0037,0.0492,0.2498,2.35,10.42
1,4,25.344,0.0,0.3,0.0,-0.0091,-0.0048,0.0485,0.2495,3.16,10.47
1,4,25.362,0.0,0.3,0.0,-0.0025,-0.0077,0.0477,0.2491,4.13,10.28
1,4,25.382,0.0,0.3,0.0,0.0009,-0.0109,0.0471,0.2485,4.95,10.13
1,4,25.403,0.0,0.3,0.0,0.0067,-0.0098,0.0471,0.2479,4.88,9.98
1,4,25.426,0.0,0.3,0.0,0.0085,-0.0059,0.0474,0.2475,3.98,9.64
1,4,25.445,0.0,0.3,0.0,0.0136,-0.0048,0.0478,0.2472,2.61,9.17
1,4,25.462,0.0,0.3,0.0,0.0152,-0.0045,0.0484,0.2471,1.36,8.60
1,4,25.486,0.0,0.3,0.0,0.0078,-0.0033,0.0488,0.2471,1.38,7.96
1,4,25.507,0.0,0.3,0.0,0.0104,-0.0036,0.0494,0.2473,2.26,7.26
1,4,25.523,0.0,0.3,0.0,0.0090,-0.0044,0.0500,0.2475,3.04,7.45
1,4,25.545,0.0,0.3,0.0,0.0099,-0.0050,0.0514,0.2481,4.01,7.83
1,4,25.564,0.0,0.3,0.0,0.0039,-0.0049,0.0517,0.2482,3.98,7.77
1,4,25.582,0.0,0.3,0.0,0.0054,-0.0041,0.0529,0.2487,3.49,8.83
1,4,25.603,0.0,0.3,0.0,0.0008,-0.0005,0.0539,0.2490,2.64,9.23
1,4,25.623,0.0,0.3,0.0,-0.0014,0.0023,0.0547,0.2491,1.70,9.58
1,4,25.645,0.0,0.3,0.0,-0.0030,0.0007,0.0553,0.2491,0.98,9.86
1,4,25.662,0.0,0.3,0.0,-0.0031,0.0001,0.0557,0.2491,0.93,9.86
1,4,25.682,0.0,0.3,0.0,-0.0025,0.0001,0.0559,0.2491,0.95,9.94
1,4,25.705,0.0,0.3,0.0,-0.0018,0.0003,0.0566,0.2490,0.53,9.62
1,4,25.727,0.0,0.3,0.0,-0.0014,0.0006,0.0567,0.2490,0.17,9.22
1,4,25.743,0.0,0.3,0.0,-0.0014,0.0006,0.0567,0.2490,0.18,9.23
1,4,25.767,0.0,0.3,0.0,-0.0014,0.0006,0.0566,0.2491,0.66,7.97
1,4,25.782,0.0,0.3,0.0,-0.0026,-0.0004,0.0564,0.2492,1.23,7.96
1,4,25.809,0.0,0.3,0.0,-0.0056,-0.0032,0.0555,0.2496,2.87,7.52
1,4,25.826,0.0,0.3,0.0,-0.0104,-0.0042,0.0546,0.2498,3.48,8.30
1,4,25.842,0.0,0.3,0.0,-0.0083,-0.0048,0.0540,0.2500,3.71,8.94
1,4,25.862,0.0,0.3,0.0,-0.0048,-0.0049,0.0533,0.2502,3.58,8.88
1,4,25.882,0.0,0.3,0.0,-0.0117,-0.0039,0.0520,0.2504,2.38,9.84
1,4,25.904,0.0,0.3,0.0,-0.0071,-0.0014,0.0510,0.2503,1.87,10.19
1,4,25.924,0.0,0.3,0.0,-0.0048,-0.0017,0.0504,0.2501,2.15,10.25
1,4,25.945,0.0,0.3,0.0,-0.0084,-0.0032,0.0494,0.2498,2.52,10.35
1,4,25.962,0.0,0.3,0.0,-0.0038,-0.0077,0.0481,0.2491,4.30,10.31
1,4,25.982,0.0,0.3,0.0,-0.0005,-0.0102,0.0477,0.2488,4.98,10.10
1,4,26.009,0.0,0.3,0.0,0.0080,-0.0108,0.0473,0.2481,5.18,9.94
1,4,26.025,0.0,0.3,0.0,0.0071,-0.0057,0.0477,0.2475,4.00,10.11
1,4,26.052,0.0,0.3,0.0,0.0106,-0.0046,0.0481,0.2472,2.87,9.18
1,4,26.062,0.0,0.3,0.0,0.0195,-0.0045,0.0485,0.2471,1.62,9.18
1,4,26.085,0.0,0.3,0.0,0.0104,-0.0031,0.0491,0.2471,1.53,7.97
1,4,26.106,0.0,0.3,0.0,0.0063,-0.0028,0.0494,0.2471,1.72,7.93
1,4,26.125,0.0,0.3,0.0,0.0058,-0.0037,0.0498,0.2473,2.52,7.23
1,4,26.143,0.0,0.3,0.0,0.0073,-0.0050,0.0508,0.2478,3.79,7.97
1,4,26.165,0.0,0.3,0.0,0.0043,-0.0051,0.0514,0.2480,4.06,7.82
1,4,26.185,0.0,0.3,0.0,0.0062,-0.0050,0.0527,0.2485,3.87,8.80
1,4,26.204,0.0,0.3,0.0,0.0026,-0.0030,0.0535,0.2488,3.15,8.73
1,4,26.226,0.0,0.3,0.0,-0.0013,0.0022,0.0546,0.2490,1.94,9.51
1,4,26.242,0.0,0.3,0.0,-0.0031,0.0019,0.0549,0.2490,1.42,9.55
1,4,26.262,0.0,0.3,0.0,-0.0045,0.0002,0.0555,0.2490,1.04,9.92
1,4,26.285,0.0,0.3,0.0,-0.0028,0.0001,0.0562,0.2489,0.92,9.85
1,4,26.304,0.0,0.3,0.0,-0.0030,0.0003,0.0566,0.2489,0.66,9.59
1,4,26.324,0.0,0.3,0.0,-0.0012,0.0005,0.0568,0.2489,0.17,9.20
1,4,26.342,0.0,0.3,0.0,-0.0007,0.0007,0.0568,0.2489,0.17,9.22
1,4,26.361,0.0,0.3,0.0,-0.0023,0.0004,0.0567,0.2490,0.93,8.01
1,4,26.382,0.0,0.3,0.0,-0.0043,-0.0010,0.0563,0.2492,1.76,7.30
1,4,26.402,0.0,0.3,0.0,-0.0057,-0.0020,0.0558,0.2494,2.43,7.54
1,4,26.425,0.0,0.3,0.0,-0.0091,-0.0031,0.0548,0.2498,3.42,8.30
1,4,26.442,0.0,0.3,0.0,-0.0079,-0.0040,0.0536,0.2502,3.39,8.92
1,4,26.463,0.0,0.3,0.0,-0.0045,-0.0046,0.0532,0.2503,3.39,8.89
1,4,26.482,0.0,0.3,0.0,-0.0124,-0.0041,0.0519,0.2504,2.35,9.85
1,4,26.505,0.0,0.3,0.0,-0.0109,-0.0013,0.0510,0.2504,1.81,10.16
1,4,26.525,0.0,0.3,0.0,-0.0064,-0.0022,0.0501,0.2501,2.11,10.26
1,4,26.542,0.0,0.3,0.0,-0.0048,-0.0037,0.0492,0.2498,2.67,10.34
1,4,26.562,0.0,0.3,0.0,-0.0027,-0.0072,0.0483,0.2493,4.15,10.24
1,4,26.582,0.0,0.3,0.0,0.0009,-0.0097,0.0478,0.2489,4.82,10.37
1,4,26.604,0.0,0.3,0.0,0.0053,-0.0093,0.0473,0.2480,5.05,9.96
1,4,26.625,0.0,0.3,0.0,0.0134,-0.0053,0.0477,0.2475,3.79,9.64
1,4,26.642,0.0,0.3,0.0,0.0057,-0.0050,0.0479,0.2474,3.32,9.66
1,4,26.661,0.0,0.3,0.0,0.0160,-0.0046,0.0487,0.2471,1.45,8.61
1,4,26.682,0.0,0.3,0.0,0.0115,-0.0030,0.0492,0.2472,1.50,7.97
1,4,26.705,0.0,0.3,0.0,0.0072,-0.0031,0.0497,0.2473,2.14,7.25
1,4,26.722,0.0,0.3,0.0,0.0100,-0.0040,0.0502,0.2476,2.78,7.37
1,4,26.742,0.0,0.3,0.0,0.0080,-0.0046,0.0509,0.2479,3.60,7.94
1,4,26.763,0.0,0.3,0.0,0.0062,-0.0043,0.0521,0.2483,3.90,8.40
1,4,26.782,0.0,0.3,0.0,0.0046,-0.0041,0.0527,0.2485,3.59,8.25
1,4,26.804,0.0,0.3,0.0,0.0018,-0.0030,0.0536,0.2488,3.06,8.76
1,4,26.825,0.0,0.3,0.0,-0.0004,0.0020,0.0545,0.2490,2.20,9.49
1,4,26.842,0.0,0.3,0.0,-0.0024,0.0022,0.0550,0.2491,1.41,9.76
1,4,26.861,0.0,0.3,0.0,-0.0032,0.0006,0.0555,0.2491,1.07,9.89
1,4,26.882,0.0,0.3,0.0,-0.0019,0.0002,0.0560,0.2490,0.96,9.82
1,4,26.905,0.0,0.3,0.0,-0.0035,0.0003,0.0564,0.2490,0.71,9.57
1,4,26.923,0.0,0.3,0.0,-0.0016,0.0005,0.0567,0.2490,0.18,9.18
1,4,26.945,0.0,0.3,0.0,-0.0014,0.0007,0.0566,0.2490,0.47,8.61
1,4,26.962,0.0,0.3,0.0,-0.0017,0.0005,0.0566,0.2491,0.63,8.01
1,4,26.985,0.0,0.3,0.0,-0.0023,-0.0000,0.0564,0.2492,1.22,7.36
1,4,27.004,0.0,0.3,0.0,-0.0023,-0.0015,0.0560,0.2494,2.27,7.65
1,4,27.024,0.0,0.3,0.0,-0.0086,-0.0039,0.0550,0.2497,3.51,8.39
1,4,27.046,0.0,0.3,0.0,-0.0094,-0.0050,0.0536,0.2501,3.68,8.91
1,4,27.063,0.0,0.3,0.0,-0.0114,-0.0049,0.0526,0.2502,3.06,9.45
1,5,27.087,0.0,0.0,0.0,0.0000,-0.0027,0.0517,0.2503,1.89,9.98
1,5,27.105,0.0,0.0,0.0,-0.0084,-0.0024,0.0507,0.2502,2.09,9.09
1,5,27.127,0.0,0.0,0.0,-0.0046,0.0012,0.0503,0.2502,1.72,9.02
1,5,27.144,0.0,0.0,0.0,-0.0004,0.0032,0.0496,0.2502,2.36,8.83
1,5,27.161,0.0,0.0,0.0,0.0011,0.0003,0.0492,0.2504,1.91,8.78
1,5,27.182,0.0,0.0,0.0,0.0022,-0.0007,0.0491,0.2505,1.77,8.51
1,5,27.205,0.0,0.0,0.0,0.0031,-0.0016,0.0483,0.2508,1.79,8.23
1,5,27.222,0.0,0.0,0.0,0.0024,-0.0019,0.0479,0.2509,1.81,8.17
1,5,27.242,0.0,0.0,0.0,0.0032,-0.0020,0.0476,0.2510,1.70,7.96
1,5,27.261,0.0,0.0,0.0,0.0025,-0.0021,0.0470,0.2513,1.50,7.82
1,5,27.284,0.0,0.0,0.0,0.0027,-0.0022,0.0467,0.2514,1.35,7.76
1,5,27.305,0.0,0.0,0.0,0.0021,-0.0021,0.0463,0.2516,1.13,7.68
1,5,27.324,0.0,0.0,0.0,0.0028,-0.0020,0.0461,0.2517,0.99,7.70
1,5,27.342,0.0,0.0,0.0,0.0023,-0.0018,0.0459,0.2518,0.86,7.70
1,5,27.362,0.0,0.0,0.0,0.0014,-0.0016,0.0458,0.2518,0.78,7.72
1,5,27.383,0.0,0.0,0.0,0.0010,-0.0012,0.0456,0.2519,0.60,7.73
1,5,27.404,0.0,0.0,0.0,0.0008,-0.0010,0.0455,0.2520,0.48,7.76
1,5,27.422,0.0,0.0,0.0,0.0006,-0.0009,0.0455,0.2520,0.46,7.76
1,5,27.448,0.0,0.0,0.0,0.0003,-0.0006,0.0453,0.2521,0.37,7.79
1,5,27.462,0.0,0.0,0.0,0.0003,-0.0005,0.0453,0.2521,0.31,7.78
1,5,27.483,0.0,0.0,0.0,0.0002,-0.0004,0.0452,0.2521,0.30,7.80
1,5,27.505,0.0,0.0,0.0,0.0001,-0.0003,0.0452,0.2521,0.26,7.81
1,5,27.525,0.0,0.0,0.0,0.0001,-0.0003,0.0451,0.2522,0.24,7.81
1,5,27.547,0.0,0.0,0.0,0.0001,-0.0003,0.0451,0.2522,0.24,7.80
1,5,27.562,0.0,0.0,0.0,0.0001,-0.0003,0.0450,0.2522,0.23,7.80
1,5,27.582,0.0,0.0,0.0,0.0001,-0.0003,0.0450,0.2522,0.22,7.79
1,5,27.605,0.0,0.0,0.0,0.0001,-0.0003,0.0449,0.2523,0.22,7.78
1,5,27.624,0.0,0.0,0.0,0.0001,-0.0003,0.0449,0.2523,0.21,7.77
1,5,27.643,0.0,0.0,0.0,0.0001,-0.0003,0.0448,0.2523,0.20,7.75
1,5,27.664,0.0,0.0,0.0,0.0000,-0.0002,0.0448,0.2523,0.20,7.75
1,5,27.682,0.0,0.0,0.0,0.0001,-0.0002,0.0448,0.2523,0.19,7.74
1,5,27.703,0.0,0.0,0.0,0.0001,-0.0002,0.0447,0.2524,0.19,7.73
1,5,27.728,0.0,0.0,0.0,0.0000,-0.0002,0.0447,0.2524,0.18,7.72
1,5,27.744,0.0,0.0,0.0,0.0001,-0.0002,0.0446,0.2524,0.18,7.71
1,5,27.761,0.0,0.0,0.0,0.0001,-0.0002,0.0446,0.2524,0.17,7.70
1,5,27.789,0.0,0.0,0.0,0.0000,-0.0002,0.0446,0.2524,0.17,7.70
1,5,27.804,0.0,0.0,0.0,0.0000,-0.0002,0.0446,0.2525,0.17,7.69
1,5,27.823,0.0,0.0,0.0,0.0001,-0.0002,0.0445,0.2525,0.16,7.68
1,5,27.845,0.0,0.0,0.0,0.0000,-0.0002,0.0445,0.2525,0.16,7.67
1,5,27.862,0.0,0.0,0.0,0.0000,-0.0002,0.0445,0.2525,0.16,7.67
1,5,27.882,0.0,0.0,0.0,0.0001,-0.0001,0.0444,0.2525,0.15,7.66
1,5,27.905,0.0,0.0,0.0,0.0000,-0.0001,0.0444,0.2525,0.15,7.65
1,5,27.923,0.0,0.0,0.0,0.0001,-0.0001,0.0444,0.2526,0.14,7.65
1,5,27.943,0.0,0.0,0.0,0.0000,-0.0001,0.0444,0.2526,0.14,7.64
1,5,27.966,0.0,0.0,0.0,0.0001,-0.0001,0.0443,0.2526,0.14,7.63
1,5,27.982,0.0,0.0,0.0,0.0000,-0.0001,0.0443,0.2526,0.13,7.63
1,5,28.010,0.0,0.0,0.0,0.0000,-0.0001,0.0443,0.2526,0.13,7.62
1,5,28.026,0.0,0.0,0.0,0.0000,-0.0001,0.0443,0.2526,0.13,7.61
1,5,28.045,0.0,0.0,0.0,0.0001,-0.0001,0.0443,0.2526,0.13,7.61
1,5,28.062,0.0,0.0,0.0,0.0001,-0.0001,0.0442,0.2527,0.12,7.60
1,5,28.088,0.0,0.0,0.0,0.0001,-0.0001,0.0442,0.2527,0.12,7.60
1,5,28.106,0.0,0.0,0.0,0.0001,-0.0001,0.0442,0.2527,0.12,7.59
1,5,28.127,0.0,0.0,0.0,0.0000,-0.0001,0.0442,0.2527,0.12,7.58
1,5,28.142,0.0,0.0,0.0,0.0001,-0.0001,0.0442,0.2527,0.11,7.58
1,5,28.162,0.0,0.0,0.0,0.0001,-0.0001,0.0441,0.2527,0.11,7.57
1,5,28.181,0.0,0.0,0.0,0.0001,-0.0001,0.0441,0.2527,0.11,7.57
1,5,28.209,0.0,0.0,0.0,0.0001,-0.0001,0.0441,0.2528,0.11,7.56
1,5,28.226,0.0,0.0,0.0,0.0001,-0.0001,0.0441,0.2528,0.11,7.56
1,5,28.244,0.0,0.0,0.0,0.0000,-0.0001,0.0441,0.2528,0.10,7.55
1,5,28.267,0.0,0.0,0.0,0.0001,-0.0001,0.0441,0.2528,0.10,7.55
1,5,28.282,0.0,0.0,0.0,0.0001,-0.0001,0.0441,0.2528,0.10,7.54
1,5,28.302,0.0,0.0,0.0,0.0001,-0.0001,0.0440,0.2528,0.10,7.54
1,5,28.325,0.0,0.0,0.0,0.0001,-0.0001,0.0440,0.2528,0.10,7.53
1,5,28.342,0.0,0.0,0.0,0.0001,-0.0001,0.0440,0.2528,0.10,7.53
1,5,28.364,0.0,0.0,0.0,0.0001,-0.0001,0.0440,0.2528,0.10,7.52
1,5,28.383,0.0,0.0,0.0,0.0001,-0.0001,0.0440,0.2529,0.09,7.52
1,5,28.404,0.0,0.0,0.0,0.0001,-0.0001,0.0440,0.2529,0.09,7.51
1,5,28.423,0.0,0.0,0.0,0.0001,-0.0001,0.0440,0.2529,0.09,7.51
1,5,28.445,0.0,0.0,0.0,0.0002,-0.0001,0.0440,0.2529,0.09,7.50
1,5,28.461,0.0,0.0,0.0,0.0001,-0.0001,0.0440,0.2529,0.09,7.50
1,5,28.482,0.0,0.0,0.0,0.0001,-0.0001,0.0439,0.2529,0.09,7.50
1,5,28.503,0.0,0.0,0.0,0.0001,-0.0001,0.0439,0.2529,0.09,7.49
1,5,28.522,0.0,0.0,0.0,0.0001,-0.0001,0.0439,0.2529,0.09,7.49
1,5,28.545,0.0,0.0,0.0,0.0001,-0.0001,0.0439,0.2529,0.09,7.48
1,5,28.562,0.0,0.0,0.0,0.0002,-0.0001,0.0439,0.2529,0.08,7.48
1,5,28.582,0.0,0.0,0.0,0.0002,-0.0001,0.0439,0.2529,0.08,7.47
1,5,28.604,0.0,0.0,0.0,0.0001,-0.0001,0.0439,0.2529,0.08,7.47
1,5,28.623,0.0,0.0,0.0,0.0001,-0.0001,0.0439,0.2530,0.08,7.47
1,5,28.642,0.0,0.0,0.0,0.0001,-0.0001,0.0439,0.2530,0.08,7.46
1,5,28.662,0.0,0.0,0.0,0.0002,-0.0001,0.0439,0.2530,0.08,7.46
1,5,28.682,0.0,0.0,0.0,0.0002,-0.0001,0.0439,0.2530,0.08,7.45
1,5,28.709,0.0,0.0,0.0,0.0002,-0.0001,0.0439,0.2530,0.08,7.45
1,5,28.730,0.0,0.0,0.0,0.0002,-0.0001,0.0439,0.2530,0.08,7.45
1,5,28.742,0.0,0.0,0.0,0.0002,-0.0001,0.0438,0.2530,0.07,7.44
1,5,28.761,0.0,0.0,0.0,0.0002,-0.0001,0.0438,0.2530,0.07,7.44
1,5,28.782,0.0,0.0,0.0,0.0002,-0.0001,0.0438,0.2530,0.07,7.44
1,5,28.804,0.0,0.0,0.0,0.0002,-0.0001,0.0438,0.2530,0.07,7.43
1,5,28.823,0.0,0.0,0.0,0.0002,-0.0001,0.0438,0.2530,0.07,7.42
1,5,28.843,0.0,0.0,0.0,0.0001,-0.0001,0.0438,0.2530,0.07,7.42
1,5,28.862,0.0,0.0,0.0,0.0003,-0.0002,0.0438,0.2530,0.07,7.42
1,5,28.882,0.0,0.0,0.0,0.0003,-0.0002,0.0438,0.2531,0.07,7.41
1,5,28.902,0.0,0.0,0.0,0.0002,-0.0002,0.0438,0.2531,0.07,7.41
1,5,28.924,0.0,0.0,0.0,0.0002,-0.0002,0.0438,0.2531,0.07,7.41
1,5,28.942,0.0,0.0,0.0,0.0002,-0.0002,0.0438,0.2531,0.07,7.40
1,5,28.965,0.0,0.0,0.0,0.0001,-0.0002,0.0438,0.2531,0.06,7.40
1,5,28.982,0.0,0.0,0.0,0.0003,-0.0002,0.0438,0.2531,0.06,7.40
1,5,29.004,0.0,0.0,0.0,0.0002,-0.0002,0.0438,0.2531,0.06,7.39
1,5,29.023,0.0,0.0,0.0,0.0002,-0.0002,0.0438,0.2531,0.06,7.39
1,5,29.044,0.0,0.0,0.0,0.0002,-0.0002,0.0438,0.2531,0.06,7.39
1,5,29.061,0.0,0.0,0.0,0.0001,-0.0002,0.0438,0.2531,0.06,7.38
1,5,29.081,0.0,0.0,0.0,0.0002,-0.0002,0.0438,0.2531,0.06,7.38
1,5,29.105,0.0,0.0,0.0,0.0003,-0.0002,0.0438,0.2531,0.06,7.38
1,5,29.123,0.0,0.0,0.0,0.0002,-0.0002,0.0438,0.2531,0.06,7.37
1,5,29.143,0.0,0.0,0.0,0.0001,-0.0002,0.0438,0.2531,0.06,7.37
1,5,29.161,0.0,0.0,0.0,0.0003,-0.0002,0.0438,0.2531,0.06,7.37
1,5,29.182,0.0,0.0,0.0,0.0003,-0.0002,0.0438,0.2532,0.06,7.36
1,5,29.211,0.0,0.0,0.0,0.0001,-0.0002,0.0438,0.2532,0.06,7.36
1,5,29.225,0.0,0.0,0.0,0.0002,-0.0002,0.0437,0.2532,0.06,7.36
1,5,29.243,0.0,0.0,0.0,0.0004,-0.0002,0.0437,0.2532,0.06,7.35
1,5,29.261,0.0,0.0,0.0,0.0002,-0.0002,0.0437,0.2532,0.05,7.35
1,5,29.282,0.0,0.0,0.0,0.0003,-0.0002,0.0437,0.2532,0.05,7.35
1,5,29.304,0.0,0.0,0.0,0.0002,-0.0002,0.0437,0.2532,0.05,7.34
1,5,29.323,0.0,0.0,0.0,0.0002,-0.0002,0.0437,0.2532,0.05,7.34
1,5,29.342,0.0,0.0,0.0,0.0002,-0.0002,0.0437,0.2532,0.05,7.34
1,5,29.361,0.0,0.0,0.0,0.0002,-0.0002,0.0437,0.2532,0.05,7.33
1,5,29.387,0.0,0.0,0.0,0.0003,-0.0002,0.0437,0.2532,0.05,7.33
1,5,29.404,0.0,0.0,0.0,0.0001,-0.0002,0.0437,0.2532,0.05,7.33
1,5,29.425,0.0,0.0,0.0,0.0003,-0.0002,0.0437,0.2532,0.05,7.32
1,5,29.442,0.0,0.0,0.0,0.0002,-0.0002,0.0437,0.2532,0.05,7.32
1,5,29.464,0.0,0.0,0.0,0.0003,-0.0002,0.0437,0.2532,0.05,7.32
1,5,29.482,0.0,0.0,0.0,0.0002,-0.0002,0.0437,0.2532,0.05,7.32
1,5,29.504,0.0,0.0,0.0,0.0003,-0.0002,0.0437,0.2532,0.05,7.31
1,5,29.526,0.0,0.0,0.0,0.0001,-0.0002,0.0437,0.2532,0.05,7.31
1,5,29.544,0.0,0.0,0.0,0.0003,-0.0002,0.0437,0.2532,0.05,7.31
1,5,29.566,0.0,0.0,0.0,0.0002,-0.0002,0.0437,0.2532,0.05,7.30
1,5,29.582,0.0,0.0,0.0,0.0002,-0.0002,0.0437,0.2532,0.05,7.30
1,5,29.607,0.0,0.0,0.0,0.0002,-0.0002,0.0437,0.2533,0.05,7.30
1,5,29.622,0.0,0.0,0.0,0.0003,-0.0002,0.0437,0.2533,0.04,7.30
1,5,29.642,0.0,0.0,0.0,0.0001,-0.0002,0.0437,0.2533,0.04,7.30
1,5,29.661,0.0,0.0,0.0,0.0003,-0.0002,0.0437,0.2533,0.04,7.29
1,5,29.682,0.0,0.0,0.0,0.0002,-0.0002,0.0437,0.2533,0.04,7.29
1,5,29.701,0.0,0.0,0.0,0.0002,-0.0002,0.0437,0.2533,0.04,7.29
1,5,29.725,0.0,0.0,0.0,0.0004,-0.0002,0.0437,0.2533,0.04,7.28
1,5,29.742,0.0,0.0,0.0,0.0002,-0.0002,0.0437,0.2533,0.04,7.28
1,5,29.761,0.0,0.0,0.0,0.0002,-0.0002,0.0437,0.2533,0.04,7.28
1,5,29.782,0.0,0.0,0.0,0.0004,-0.0002,0.0437,0.2533,0.04,7.28
1,5,29.805,0.0,0.0,0.0,0.0002,-0.0002,0.0437,0.2533,0.04,7.27
1,5,29.826,0.0,0.0,0.0,0.0002,-0.0002,0.0437,0.2533,0.04,7.27
1,5,29.842,0.0,0.0,0.0,0.0002,-0.0002,0.0437,0.2533,0.04,7.27
1,5,29.861,0.0,0.0,0.0,0.0003,-0.0002,0.0437,0.2533,0.04,7.27
1,5,29.881,0.0,0.0,0.0,0.0002,-0.0002,0.0437,0.2533,0.04,7.26
1,5,29.904,0.0,0.0,0.0,0.0003,-0.0002,0.0437,0.2533,0.04,7.26
1,5,29.925,0.0,0.0,0.0,0.0002,-0.0002,0.0437,0.2533,0.04,7.26
1,5,29.943,0.0,0.0,0.0,0.0002,-0.0002,0.0437,0.2533,0.04,7.26
1,5,29.961,0.0,0.0,0.0,0.0003,-0.0002,0.0437,0.2533,0.04,7.25
1,5,29.982,0.0,0.0,0.0,0.0003,-0.0002,0.0437,0.2533,0.04,7.25
1,5,30.003,0.0,0.0,0.0,0.0003,-0.0002,0.0437,0.2533,0.04,7.25
1,5,30.027,0.0,0.0,0.0,0.0003,-0.0002,0.0437,0.2533,0.04,7.25
1,5,30.044,0.0,0.0,0.0,0.0001,-0.0002,0.0437,0.2533,0.04,7.24
1,5,30.064,0.0,0.0,0.0,0.0003,-0.0002,0.0437,0.2533,0.04,7.24
1,5,30.082,0.0,0.0,0.0,0.0002,-0.0002,0.0437,0.2534,0.04,7.24
2,0,0.004,0.0,0.0,0.0,0.0000,0.0001,0.1133,0.2224,0.14,11.20
2,0,0.029,0.0,0.0,0.0,0.0001,0.0001,0.1133,0.2224,0.23,24.99
2,0,0.045,0.0,0.0,0.0,0.0181,-0.0726,0.1062,0.2211,87.11,24.69
2,0,0.064,0.0,0.0,0.0,0.0551,-0.1700,0.0906,0.2212,109.52,21.46
2,0,0.084,0.0,0.0,0.0,0.0898,-0.2566,0.0655,0.2222,105.25,16.93
2,0,0.104,0.0,0.0,0.0,0.1170,-0.2099,0.0495,0.2231,66.35,15.42
2,0,0.124,0.0,0.0,0.0,0.1206,-0.1280,0.0347,0.2249,39.06,14.37
2,0,0.144,0.0,0.0,0.0,0.2001,-0.0728,0.0242,0.2274,35.18,14.80
2,0,0.161,0.0,0.0,0.0,0.2478,-0.0414,0.0160,0.2295,33.65,13.98
2,0,0.181,0.0,0.0,0.0,0.2235,-0.0420,0.0120,0.2312,27.31,12.79
2,0,0.202,0.0,0.0,0.0,0.2928,-0.0333,0.0111,0.2327,24.41,12.79
2,0,0.224,0.0,0.0,0.0,0.3032,-0.0220,0.0151,0.2344,22.70,12.62
2,0,0.245,0.0,0.0,0.0,0.3292,-0.0166,0.0209,0.2361,23.02,12.12
2,0,0.264,0.0,0.0,0.0,0.1090,-0.0141,0.0238,0.2369,23.34,11.96
2,0,0.289,0.0,0.0,0.0,0.3534,-0.0039,0.0293,0.2387,23.47,10.88
2,0,0.309,0.0,0.0,0.0,0.2793,0.0041,0.0340,0.2406,23.46,10.63
2,0,0.327,0.0,0.0,0.0,0.2305,0.0078,0.0362,0.2416,23.41,9.94
2,0,0.347,0.0,0.0,0.0,0.2710,0.0161,0.0393,0.2430,23.86,8.95
2,0,0.365,0.0,0.0,0.0,0.2776,0.0289,0.0422,0.2449,24.04,8.32
2,0,0.386,0.0,0.0,0.0,0.2181,0.0340,0.0434,0.2459,24.15,8.21
2,0,0.405,0.0,0.0,0.0,0.3479,0.0389,0.0447,0.2473,23.62,7.36
2,0,0.426,0.0,0.0,0.0,0.2283,0.0388,0.0456,0.2487,22.45,6.88
2,0,0.446,0.0,0.0,0.0,0.1491,0.0374,0.0462,0.2501,21.18,6.44
2,0,0.464,0.0,0.0,0.0,0.2873,0.0358,0.0468,0.2518,19.63,6.13
2,0,0.483,0.0,0.0,0.0,0.2725,0.0345,0.0473,0.2533,17.80,5.78
2,0,0.504,0.0,0.0,0.0,0.1285,0.0333,0.0477,0.2546,16.08,5.54
2,0,0.531,0.0,0.0,0.0,0.2491,0.0324,0.0477,0.2555,14.72,5.35
2,0,0.545,0.0,0.0,0.0,0.0803,0.0307,0.0477,0.2562,13.28,5.28
2,0,0.566,0.0,0.0,0.0,0.1491,0.0282,0.0476,0.2569,11.96,5.33
2,0,0.582,0.0,0.0,0.0,0.1837,0.0258,0.0475,0.2575,10.58,5.18
2,0,0.606,0.0,0.0,0.0,0.1108,0.0222,0.0474,0.2581,8.55,5.51
2,0,0.625,0.0,0.0,0.0,0.0865,0.0190,0.0474,0.2586,6.65,5.67
2,0,0.645,0.0,0.0,0.0,0.0960,0.0175,0.0473,0.2588,5.85,5.78
2,0,0.664,0.0,0.0,0.0,0.0587,0.0137,0.0471,0.2591,4.26,5.78
2,0,0.685,0.0,0.0,0.0,0.0119,0.0112,0.0469,0.2592,3.41,5.76
2,0,0.704,0.0,0.0,0.0,0.0442,0.0067,0.0466,0.2593,2.08,5.72
2,0,0.728,0.0,0.0,0.0,0.0069,0.0004,0.0463,0.2593,0.47,5.75
2,0,0.743,0.0,0.0,0.0,-0.0019,0.0001,0.0461,0.2594,0.62,5.74
2,0,0.763,0.0,0.0,0.0,-0.0088,0.0015,0.0457,0.2594,1.01,5.66
2,0,0.786,0.0,0.0,0.0,-0.0108,0.0037,0.0449,0.2594,1.36,5.42
2,0,0.813,0.0,0.0,0.0,-0.0185,0.0038,0.0443,0.2594,1.52,5.41
2,0,0.826,0.0,0.0,0.0,-0.0147,0.0034,0.0438,0.2595,1.59,5.23
2,0,0.847,0.0,0.0,0.0,-0.0209,0.0024,0.0428,0.2595,1.71,4.97
2,0,0.865,0.0,0.0,0.0,-0.0297,0.0019,0.0422,0.2594,1.75,4.97
2,0,0.885,0.0,0.0,0.0,-0.0247,0.0016,0.0417,0.2594,1.78,4.86
2,0,0.910,0.0,0.0,0.0,-0.0338,0.0009,0.0406,0.2594,1.87,4.90
2,0,0.925,0.0,0.0,0.0,-0.0320,0.0007,0.0402,0.2594,1.92,4.92
2,0,0.946,0.0,0.0,0.0,-0.0284,0.0007,0.0396,0.2594,1.98,4.96
2,0,0.965,0.0,0.0,0.0,-0.0477,0.0007,0.0390,0.2593,2.00,5.05
2,0,0.985,0.0,0.0,0.0,-0.0306,0.0008,0.0382,0.2593,2.03,5.13
2,0,1.006,0.0,0.0,0.0,-0.0375,0.0009,0.0376,0.2593,2.03,5.19
2,0,1.027,0.0,0.0,0.0,-0.0360,0.0009,0.0371,0.2592,2.02,5.27
2,0,1.046,0.0,0.0,0.0,-0.0344,0.0008,0.0366,0.2592,1.99,5.32
2,0,1.065,0.0,0.0,0.0,-0.0324,0.0008,0.0362,0.2592,1.98,5.33
2,0,1.085,0.0,0.0,0.0,-0.0413,0.0009,0.0356,0.2591,1.95,5.44
2,0,1.114,0.0,0.0,0.0,-0.0277,0.0010,0.0350,0.2591,1.89,5.52
2,0,1.130,0.0,0.0,0.0,-0.0445,0.0011,0.0345,0.2591,1.83,5.59
2,0,1.149,0.0,0.0,0.0,-0.0419,0.0011,0.0341,0.2590,1.75,5.66
2,0,1.164,0.0,0.0,0.0,-0.0288,0.0012,0.0338,0.2590,1.68,5.70
2,0,1.186,0.0,0.0,0.0,-0.0386,0.0012,0.0335,0.2590,1.62,5.74
2,0,1.205,0.0,0.0,0.0,-0.0269,0.0013,0.0331,0.2589,1.47,5.79
2,0,1.229,0.0,0.0,0.0,-0.0221,0.0012,0.0328,0.2589,1.38,5.84
2,0,1.247,0.0,0.0,0.0,-0.0306,0.0012,0.0325,0.2588,1.24,5.89
2,0,1.265,0.0,0.0,0.0,-0.0211,0.0012,0.0324,0.2588,1.17,5.91
2,0,1.284,0.0,0.0,0.0,-0.0236,0.0012,0.0323,0.2588,1.05,5.94
2,0,1.305,0.0,0.0,0.0,-0.0162,0.0011,0.0321,0.2588,0.94,5.96
2,0,1.328,0.0,0.0,0.0,-0.0143,0.0010,0.0320,0.2587,0.83,5.98
2,0,1.350,0.0,0.0,0.0,-0.0105,0.0009,0.0319,0.2587,0.67,6.00
2,0,1.364,0.0,0.0,0.0,-0.0101,0.0008,0.0319,0.2587,0.60,6.01
2,0,1.386,0.0,0.0,0.0,-0.0084,0.0007,0.0318,0.2587,0.46,6.03
2,0,1.408,0.0,0.0,0.0,-0.0058,0.0005,0.0318,0.2586,0.36,6.03
2,0,1.427,0.0,0.0,0.0,-0.0015,0.0005,0.0318,0.2586,0.36,6.03
2,0,1.448,0.0,0.0,0.0,-0.0022,0.0002,0.0318,0.2586,0.19,6.03
2,0,1.468,0.0,0.0,0.0,-0.0005,0.0002,0.0319,0.2586,0.15,6.02
2,0,1.489,0.0,0.0,0.0,-0.0002,0.0002,0.0319,0.2586,0.14,6.01
2,0,1.506,0.0,0.0,0.0,-0.0001,0.0002,0.0320,0.2586,0.13,6.02
2,0,1.530,0.0,0.0,0.0,-0.0004,0.0002,0.0320,0.2585,0.12,6.02
2,0,1.546,0.0,0.0,0.0,-0.0005,0.0002,0.0321,0.2585,0.11,6.02
2,0,1.564,0.0,0.0,0.0,-0.0005,0.0002,0.0321,0.2585,0.11,6.02
2,0,1.585,0.0,0.0,0.0,-0.0004,0.0002,0.0321,0.2585,0.10,6.03
2,0,1.607,0.0,0.0,0.0,-0.0001,0.0002,0.0322,0.2585,0.10,6.03
2,0,1.628,0.0,0.0,0.0,-0.0006,0.0002,0.0322,0.2585,0.10,6.03
2,0,1.645,0.0,0.0,0.0,-0.0005,0.0002,0.0322,0.2585,0.10,6.03
2,0,1.663,0.0,0.0,0.0,-0.0001,0.0002,0.0322,0.2585,0.10,6.03
2,0,1.684,0.0,0.0,0.0,-0.0007,0.0002,0.0323,0.2585,0.10,6.04
2,0,1.704,0.0,0.0,0.0,-0.0005,0.0002,0.0323,0.2585,0.10,6.04
2,0,1.724,0.0,0.0,0.0,-0.0003,0.0002,0.0324,0.2585,0.09,6.04
2,0,1.749,0.0,0.0,0.0,-0.0006,0.0002,0.0324,0.2584,0.09,6.04
2,0,1.769,0.0,0.0,0.0,-0.0004,0.0002,0.0324,0.2584,0.09,6.05
2,0,1.785,0.0,0.0,0.0,-0.0006,0.0002,0.0324,0.2584,0.09,6.05
2,0,1.806,0.0,0.0,0.0,-0.0006,0.0002,0.0325,0.2584,0.09,6.05
2,0,1.830,0.0,0.0,0.0,-0.0005,0.0002,0.0325,0.2584,0.09,6.05
2,0,1.850,0.0,0.0,0.0,-0.0006,0.0002,0.0325,0.2584,0.09,6.06
2,0,1.865,0.0,0.0,0.0,-0.0005,0.0002,0.0325,0.2584,0.09,6.06
2,0,1.885,0.0,0.0,0.0,-0.0007,0.0002,0.0326,0.2584,0.09,6.06
2,0,1.911,0.0,0.0,0.0,-0.0005,0.0002,0.0326,0.2584,0.08,6.06
2,0,1.928,0.0,0.0,0.0,-0.0007,0.0002,0.0326,0.2584,0.08,6.06
2,0,1.948,0.0,0.0,0.0,-0.0004,0.0002,0.0326,0.2584,0.08,6.06
2,0,1.969,0.0,0.0,0.0,-0.0006,0.0001,0.0326,0.2584,0.08,6.07
2,0,1.985,0.0,0.0,0.0,-0.0005,0.0001,0.0327,0.2584,0.08,6.07
2,0,2.006,0.0,0.0,0.0,-0.0005,0.0001,0.0327,0.2584,0.08,6.07
2,0,2.025,0.0,0.0,0.0,-0.0005,0.0001,0.0327,0.2583,0.08,6.07
2,0,2.046,0.0,0.0,0.0,-0.0007,0.0001,0.0327,0.2583,0.08,6.07
2,0,2.064,0.0,0.0,0.0,-0.0006,0.0001,0.0327,0.2583,0.08,6.08
2,0,2.085,0.0,0.0,0.0,-0.0005,0.0001,0.0328,0.2583,0.08,6.08
2,0,2.105,0.0,0.0,0.0,-0.0007,0.0001,0.0328,0.2583,0.08,6.08
2,0,2.128,0.0,0.0,0.0,-0.0007,0.0001,0.0328,0.2583,0.07,6.08
2,0,2.148,0.0,0.0,0.0,-0.0005,0.0001,0.0328,0.2583,0.07,6.08
2,0,2.165,0.0,0.0,0.0,-0.0005,0.0001,0.0328,0.2583,0.07,6.09
2,0,2.184,0.0,0.0,0.0,-0.0005,0.0001,0.0328,0.2583,0.07,6.09
2,0,2.204,0.0,0.0,0.0,-0.0007,0.0001,0.0329,0.2583,0.07,6.09
2,0,2.228,0.0,0.0,0.0,-0.0005,0.0001,0.0329,0.2583,0.07,6.09
2,0,2.247,0.0,0.0,0.0,-0.0005,0.0001,0.0329,0.2583,0.07,6.09
2,0,2.265,0.0,0.0,0.0,-0.0006,0.0001,0.0329,0.2583,0.07,6.09
2,0,2.284,0.0,0.0,0.0,-0.0007,0.0001,0.0329,0.2583,0.07,6.10
2,0,2.305,0.0,0.0,0.0,-0.0005,0.0001,0.0329,0.2583,0.07,6.10
2,0,2.328,0.0,0.0,0.0,-0.0007,0.0001,0.0329,0.2583,0.07,6.10
2,0,2.347,0.0,0.0,0.0,-0.0005,0.0001,0.0329,0.2583,0.07,6.10
2,0,2.364,0.0,0.0,0.0,-0.0006,0.0001,0.0330,0.2583,0.07,6.10
2,0,2.384,0.0,0.0,0.0,-0.0007,0.0001,0.0330,0.2583,0.07,6.11
2,0,2.405,0.0,0.0,0.0,-0.0007,0.0001,0.0330,0.2583,0.07,6.11
2,0,2.428,0.0,0.0,0.0,-0.0005,0.0001,0.0330,0.2582,0.07,6.11
2,0,2.448,0.0,0.0,0.0,-0.0006,0.0001,0.0330,0.2582,0.06,6.11
2,0,2.464,0.0,0.0,0.0,-0.0006,0.0001,0.0330,0.2582,0.06,6.11
2,0,2.484,0.0,0.0,0.0,-0.0007,0.0001,0.0330,0.2582,0.06,6.11
2,0,2.504,0.0,0.0,0.0,-0.0006,0.0001,0.0330,0.2582,0.06,6.12
2,0,2.526,0.0,0.0,0.0,-0.0007,0.0001,0.0330,0.2582,0.06,6.12
2,0,2.545,0.0,0.0,0.0,-0.0007,0.0001,0.0331,0.2582,0.06,6.12
2,0,2.565,0.0,0.0,0.0,-0.0005,0.0001,0.0331,0.2582,0.06,6.12
2,0,2.585,0.0,0.0,0.0,-0.0007,0.0001,0.0331,0.2582,0.06,6.12
2,0,2.603,0.0,0.0,0.0,-0.0007,0.0001,0.0331,0.2582,0.06,6.12
2,0,2.624,0.0,0.0,0.0,-0.0005,0.0001,0.0331,0.2582,0.06,6.13
2,0,2.647,0.0,0.0,0.0,-0.0007,0.0001,0.0331,0.2582,0.06,6.13
2,0,2.664,0.0,0.0,0.0,-0.0007,0.0001,0.0331,0.2582,0.06,6.13
2,0,2.682,0.0,0.0,0.0,-0.0005,0.0001,0.0331,0.2582,0.06,6.13
2,0,2.705,0.0,0.0,0.0,-0.0005,0.0001,0.0331,0.2582,0.06,6.13
2,0,2.730,0.0,0.0,0.0,-0.0006,0.0001,0.0331,0.2582,0.06,6.13
2,0,2.747,0.0,0.0,0.0,-0.0004,0.0001,0.0331,0.2582,0.06,6.14
2,0,2.764,0.0,0.0,0.0,-0.0005,0.0001,0.0331,0.2582,0.06,6.14
2,0,2.784,0.0,0.0,0.0,-0.0006,0.0001,0.0331,0.2582,0.06,6.14
2,0,2.810,0.0,0.0,0.0,-0.0005,0.0001,0.0332,0.2582,0.06,6.14
2,0,2.826,0.0,0.0,0.0,-0.0010,0.0001,0.0332,0.2582,0.06,6.14
2,0,2.845,0.0,0.0,0.0,-0.0005,0.0001,0.0332,0.2582,0.06,6.14
2,0,2.865,0.0,0.0,0.0,-0.0006,0.0001,0.0332,0.2582,0.06,6.14
2,0,2.885,0.0,0.0,0.0,-0.0007,0.0001,0.0332,0.2582,0.06,6.15
2,0,2.905,0.0,0.0,0.0,-0.0007,0.0001,0.0332,0.2582,0.06,6.15
2,0,2.926,0.0,0.0,0.0,-0.0005,0.0001,0.0332,0.2582,0.06,6.15
2,0,2.946,0.0,0.0,0.0,-0.0005,0.0001,0.0332,0.2582,0.05,6.15
2,0,2.964,0.0,0.0,0.0,-0.0007,0.0001,0.0332,0.2582,0.05,6.15
2,0,2.984,0.0,0.0,0.0,-0.0005,0.0001,0.0332,0.2582,0.05,6.15
2,1,3.006,0.3,0.0,0.0,0.0000,0.0001,0.0332,0.2582,0.05,6.16
2,1,3.031,0.3,0.0,0.0,-0.0007,-0.0008,0.0332,0.2581,0.86,8.06
2,1,3.046,0.3,0.0,0.0,-0.0002,-0.0009,0.0333,0.2581,1.03,8.05
2,1,3.065,0.3,0.0,0.0,0.0008,-0.0022,0.0334,0.2580,1.42,9.51
2,1,3.085,0.3,0.0,0.0,0.0027,-0.0032,0.0339,0.2569,5.26,9.95
2,1,3.115,0.3,0.0,0.0,0.0034,-0.0036,0.0346,0.2565,5.24,10.23
2,1,3.129,0.3,0.0,0.0,0.0134,-0.0028,0.0355,0.2555,6.57,10.36
2,1,3.146,0.3,0.0,0.0,0.0123,-0.0015,0.0364,0.2548,5.99,10.37
2,1,3.163,0.3,0.0,0.0,0.0141,-0.0019,0.0376,0.2533,9.37,11.25
2,1,3.184,0.3,0.0,0.0,0.0238,-0.0080,0.0386,0.2522,9.82,11.41
2,1,3.205,0.3,0.0,0.0,0.0272,-0.0069,0.0400,0.2511,7.96,11.34
2,1,3.227,0.3,0.0,0.0,0.0152,-0.0050,0.0410,0.2505,6.21,10.93
2,1,3.245,0.3,0.0,0.0,0.0171,-0.0044,0.0416,0.2503,4.33,10.51
2,1,3.264,0.3,0.0,0.0,0.0229,-0.0016,0.0426,0.2501,2.27,9.70
2,1,3.284,0.3,0.0,0.0,0.0158,0.0036,0.0436,0.2503,3.34,8.81
2,1,3.310,0.3,0.0,0.0,0.0138,0.0051,0.0442,0.2506,5.15,7.97
2,1,3.328,0.3,0.0,0.0,0.0158,0.0077,0.0455,0.2511,7.21,7.77
2,1,3.344,0.3,0.0,0.0,0.0162,0.0134,0.0469,0.2517,7.88,8.62
2,1,3.368,0.3,0.0,0.0,0.0221,0.0260,0.0487,0.2524,6.54,9.28
2,1,3.384,0.3,0.0,0.0,0.0195,0.0277,0.0505,0.2529,4.64,9.72
2,1,3.406,0.3,0.0,0.0,0.0193,0.0273,0.0520,0.2529,4.74,10.12
2,1,3.428,0.3,0.0,0.0,0.0105,0.0166,0.0537,0.2526,6.65,10.47
2,1,3.445,0.3,0.0,0.0,0.0192,0.0017,0.0553,0.2518,1.83,10.66
2,1,3.464,0.3,0.0,0.0,0.0084,-0.0013,0.0563,0.2512,4.37,10.69
2,1,3.484,0.3,0.0,0.0,0.0146,0.0022,0.0577,0.2503,6.55,10.62
2,1,3.505,0.3,0.0,0.0,0.0156,0.0117,0.0600,0.2493,5.73,10.78
2,1,3.528,0.3,0.0,0.0,0.0163,0.0124,0.0619,0.2487,5.11,10.02
2,1,3.548,0.3,0.0,0.0,0.0069,0.0088,0.0624,0.2485,4.18,10.03
2,1,3.565,0.3,0.0,0.0,0.0193,0.0027,0.0625,0.2482,1.75,8.72
2,1,3.585,0.3,0.0,0.0,0.0087,0.0022,0.0622,0.2482,1.61,7.76
2,1,3.605,0.3,0.0,0.0,0.0000,0.0011,0.0620,0.2483,1.85,7.70
2,1,3.626,0.3,0.0,0.0,0.0095,-0.0043,0.0609,0.2485,3.61,8.81
2,1,3.644,0.3,0.0,0.0,0.0045,-0.0098,0.0593,0.2489,4.27,9.15
2,1,3.670,0.3,0.0,0.0,0.0060,-0.0106,0.0575,0.2493,3.55,9.42
2,1,3.684,0.3,0.0,0.0,0.0034,-0.0080,0.0563,0.2494,2.40,9.38
2,1,3.706,0.3,0.0,0.0,0.0031,-0.0042,0.0551,0.2493,1.47,9.99
2,1,3.730,0.3,0.0,0.0,0.0029,-0.0020,0.0541,0.2490,2.05,10.31
2,1,3.743,0.3,0.0,0.0,0.0048,-0.0022,0.0533,0.2486,3.11,10.40
2,1,3.765,0.3,0.0,0.0,0.0064,-0.0055,0.0527,0.2481,3.94,10.32
2,1,3.783,0.3,0.0,0.0,0.0044,-0.0071,0.0524,0.2478,4.33,10.48
2,1,3.804,0.3,0.0,0.0,0.0170,-0.0045,0.0522,0.2471,3.76,10.32
2,1,3.830,0.3,0.0,0.0,0.0156,-0.0055,0.0526,0.2468,2.16,9.99
2,1,3.844,0.3,0.0,0.0,0.0052,-0.0053,0.0531,0.2467,1.18,9.50
2,1,3.865,0.3,0.0,0.0,0.0162,-0.0048,0.0534,0.2467,1.06,9.45
2,1,3.884,0.3,0.0,0.0,0.0083,-0.0043,0.0539,0.2469,2.74,8.43
2,1,3.905,0.3,0.0,0.0,0.0166,-0.0061,0.0543,0.2472,3.96,8.34
2,1,3.930,0.3,0.0,0.0,0.0146,-0.0093,0.0557,0.2480,5.99,6.88
2,1,3.947,0.3,0.0,0.0,0.0292,-0.0082,0.0565,0.2487,6.47,7.34
2,1,3.964,0.3,0.0,0.0,0.0089,-0.0057,0.0571,0.2491,6.28,7.20
2,1,3.985,0.3,0.0,0.0,0.0294,-0.0019,0.0580,0.2498,5.15,8.19
2,1,4.008,0.3,0.0,0.0,0.0166,0.0026,0.0589,0.2504,3.47,8.54
2,1,4.024,0.3,0.0,0.0,0.0157,0.0035,0.0593,0.2505,2.55,8.53
2,1,4.046,0.3,0.0,0.0,0.0106,0.0031,0.0597,0.2507,1.59,9.13
2,1,4.065,0.3,0.0,0.0,0.0043,0.0020,0.0603,0.2507,0.67,9.36
2,1,4.084,0.3,0.0,0.0,0.0013,0.0016,0.0605,0.2506,0.46,9.41
2,1,4.110,0.3,0.0,0.0,0.0016,0.0012,0.0608,0.2506,0.27,9.27
2,1,4.130,0.3,0.0,0.0,0.0005,0.0009,0.0609,0.2505,0.17,8.93
2,1,4.150,0.3,0.0,0.0,0.0003,0.0009,0.0610,0.2505,0.16,8.93
2,1,4.165,0.3,0.0,0.0,0.0004,0.0012,0.0609,0.2505,0.41,7.70
2,1,4.184,0.3,0.0,0.0,0.0000,0.0002,0.0604,0.2506,1.34,6.94
2,1,4.206,0.3,0.0,0.0,-0.0008,-0.0005,0.0599,0.2507,1.70,7.82
2,1,4.227,0.3,0.0,0.0,-0.0016,-0.0021,0.0592,0.2508,2.27,8.53
2,1,4.243,0.3,0.0,0.0,-0.0020,-0.0039,0.0584,0.2510,2.46,9.10
2,1,4.265,0.3,0.0,0.0,-0.0028,-0.0041,0.0579,0.2510,2.31,9.05
2,1,4.284,0.3,0.0,0.0,-0.0042,-0.0027,0.0566,0.2510,1.25,9.92
2,1,4.308,0.3,0.0,0.0,-0.0024,0.0008,0.0557,0.2508,1.31,10.23
2,1,4.328,0.3,0.0,0.0,-0.0022,0.0001,0.0548,0.2505,2.28,10.43
2,1,4.346,0.3,0.0,0.0,-0.0023,-0.0057,0.0538,0.2499,3.54,10.38
2,1,4.365,0.3,0.0,0.0,-0.0014,-0.0100,0.0532,0.2495,4.11,10.28
2,1,4.385,0.3,0.0,0.0,0.0000,-0.0155,0.0524,0.2490,4.89,10.06
2,1,4.411,0.3,0.0,0.0,0.0032,-0.0125,0.0518,0.2483,4.72,9.85
2,1,4.428,0.3,0.0,0.0,0.0096,-0.0065,0.0520,0.2479,3.54,9.50
2,1,4.450,0.3,0.0,0.0,0.0075,-0.0048,0.0526,0.2477,1.58,9.08
2,1,4.463,0.3,0.0,0.0,0.0101,-0.0026,0.0530,0.2477,0.80,9.00
2,1,4.484,0.3,0.0,0.0,0.0066,-0.0029,0.0534,0.2479,2.21,7.97
2,1,4.507,0.3,0.0,0.0,0.0029,-0.0056,0.0540,0.2482,4.02,7.28
2,1,4.530,0.3,0.0,0.0,0.0121,-0.0077,0.0552,0.2488,5.54,6.68
2,1,4.546,0.3,0.0,0.0,0.0179,-0.0076,0.0555,0.2490,5.71,6.60
2,1,4.566,0.3,0.0,0.0,0.0115,-0.0030,0.0568,0.2500,5.38,7.63
2,1,4.584,0.3,0.0,0.0,0.0093,-0.0013,0.0573,0.2503,4.76,8.10
2,1,4.607,0.3,0.0,0.0,0.0104,0.0010,0.0581,0.2507,3.02,8.52
2,1,4.630,0.3,0.0,0.0,0.0031,0.0008,0.0585,0.2509,1.94,8.90
2,1,4.644,0.3,0.0,0.0,0.0003,0.0016,0.0589,0.2510,0.93,9.21
2,1,4.662,0.3,0.0,0.0,-0.0006,0.0017,0.0592,0.2510,0.60,9.37
2,1,4.682,0.3,0.0,0.0,-0.0004,0.0017,0.0595,0.2509,0.39,9.34
2,1,4.704,0.3,0.0,0.0,0.0004,0.0014,0.0598,0.2508,0.27,9.21
2,1,4.726,0.3,0.0,0.0,0.0007,0.0012,0.0599,0.2508,0.25,8.89
2,1,4.745,0.3,0.0,0.0,0.0005,0.0011,0.0599,0.2508,0.24,8.90
2,1,4.765,0.3,0.0,0.0,0.0004,0.0014,0.0599,0.2508,0.39,8.40
2,1,4.784,0.3,0.0,0.0,0.0002,0.0006,0.0596,0.2509,1.27,6.83
2,1,4.805,0.3,0.0,0.0,-0.0003,-0.0006,0.0590,0.2510,1.99,7.88
2,1,4.826,0.3,0.0,0.0,-0.0020,-0.0017,0.0583,0.2511,2.27,8.53
2,1,4.848,0.3,0.0,0.0,-0.0028,-0.0033,0.0575,0.2513,2.37,9.00
2,1,4.866,0.3,0.0,0.0,-0.0052,-0.0033,0.0570,0.2513,2.15,8.97
2,1,4.883,0.3,0.0,0.0,-0.0018,-0.0006,0.0558,0.2513,1.17,9.84
2,1,4.905,0.3,0.0,0.0,-0.0045,0.0009,0.0552,0.2511,1.28,10.19
2,1,4.926,0.3,0.0,0.0,-0.0029,0.0009,0.0549,0.2510,1.48,10.22
2,1,4.948,0.3,0.0,0.0,-0.0023,-0.0084,0.0531,0.2500,3.78,10.48
2,1,4.965,0.3,0.0,0.0,-0.0023,-0.0133,0.0525,0.2496,4.46,10.59
2,1,4.983,0.3,0.0,0.0,0.0000,-0.0156,0.0520,0.2492,4.77,10.38
2,1,5.009,0.3,0.0,0.0,0.0034,-0.0130,0.0515,0.2485,4.79,9.80
2,1,5.028,0.3,0.0,0.0,0.0097,-0.0051,0.0521,0.2480,2.76,9.52
2,1,5.046,0.3,0.0,0.0,0.0070,-0.0043,0.0525,0.2478,1.44,9.04
2,1,5.065,0.3,0.0,0.0,0.0085,-0.0026,0.0528,0.2478,1.17,8.45
2,1,5.084,0.3,0.0,0.0,0.0067,-0.0024,0.0532,0.2480,1.84,7.85
2,1,5.105,0.3,0.0,0.0,0.0028,-0.0043,0.0535,0.2482,2.95,7.82
2,1,5.128,0.3,0.0,0.0,0.0114,-0.0071,0.0551,0.2491,5.66,6.66
2,1,5.145,0.3,0.0,0.0,0.0119,-0.0057,0.0559,0.2497,5.79,7.15
2,1,5.164,0.3,0.0,0.0,0.0060,-0.0046,0.0562,0.2499,5.67,7.08
2,1,5.184,0.3,0.0,0.0,0.0118,-0.0009,0.0571,0.2505,4.67,8.13
2,1,5.204,0.3,0.0,0.0,0.0049,0.0007,0.0577,0.2509,3.31,8.56
2,1,5.225,0.3,0.0,0.0,0.0022,0.0004,0.0580,0.2510,2.36,8.56
2,1,5.248,0.3,0.0,0.0,-0.0008,0.0023,0.0585,0.2512,1.13,9.25
2,1,5.264,0.3,0.0,0.0,-0.0011,0.0020,0.0589,0.2511,0.68,9.28
2,1,5.285,0.3,0.0,0.0,-0.0005,0.0019,0.0592,0.2511,0.44,9.36
2,1,5.311,0.3,0.0,0.0,0.0003,0.0016,0.0595,0.2510,0.31,9.22
2,1,5.326,0.3,0.0,0.0,0.0006,0.0013,0.0596,0.2510,0.28,8.91
2,1,5.345,0.3,0.0,0.0,0.0004,0.0014,0.0597,0.2510,0.36,8.41
2,1,5.364,0.3,0.0,0.0,0.0006,0.0015,0.0597,0.2510,0.44,8.16
2,1,5.383,0.3,0.0,0.0,0.0001,0.0009,0.0594,0.2510,0.81,6.83
2,1,5.405,0.3,0.0,0.0,-0.0002,0.0003,0.0592,0.2511,1.29,6.82
2,1,5.430,0.3,0.0,0.0,-0.0019,-0.0012,0.0583,0.2513,2.00,7.65
2,1,5.446,0.3,0.0,0.0,-0.0033,-0.0030,0.0574,0.2515,2.17,8.38
2,1,5.469,0.3,0.0,0.0,-0.0008,-0.0031,0.0571,0.2515,2.09,8.96
2,1,5.485,0.3,0.0,0.0,-0.0047,-0.0022,0.0561,0.2515,1.41,9.75
2,1,5.506,0.3,0.0,0.0,-0.0046,0.0008,0.0554,0.2513,1.18,10.08
2,1,5.526,0.3,0.0,0.0,-0.0029,0.0005,0.0546,0.2510,1.76,10.34
2,1,5.546,0.3,0.0,0.0,-0.0027,-0.0047,0.0534,0.2505,3.38,10.38
2,1,5.565,0.3,0.0,0.0,-0.0025,-0.0120,0.0528,0.2498,4.33,10.29
2,1,5.584,0.3,0.0,0.0,0.0001,-0.0173,0.0517,0.2490,5.32,10.10
2,1,5.607,0.3,0.0,0.0,0.0049,-0.0113,0.0514,0.2483,4.54,9.82
2,1,5.627,0.3,0.0,0.0,0.0094,-0.0055,0.0520,0.2479,2.96,9.56
2,1,5.648,0.3,0.0,0.0,0.0053,-0.0038,0.0524,0.2478,1.52,9.06
2,1,5.665,0.3,0.0,0.0,0.0080,-0.0032,0.0526,0.2478,0.96,9.04
2,1,5.684,0.3,0.0,0.0,0.0043,-0.0034,0.0532,0.2480,2.41,7.84
2,1,5.704,0.3,0.0,0.0,0.0065,-0.0049,0.0535,0.2482,3.49,7.82
2,1,5.730,0.3,0.0,0.0,0.0105,-0.0075,0.0546,0.2488,5.55,6.80
2,1,5.744,0.3,0.0,0.0,0.0113,-0.0053,0.0559,0.2498,5.94,7.20
2,1,5.765,0.3,0.0,0.0,0.0104,-0.0035,0.0564,0.2502,5.61,7.77
2,1,5.783,0.3,0.0,0.0,0.0054,-0.0002,0.0572,0.2508,4.28,8.19
2,1,5.805,0.3,0.0,0.0,0.0042,0.0004,0.0579,0.2512,2.53,8.66
2,1,5.824,0.3,0.0,0.0,0.0011,0.0006,0.0582,0.2513,1.52,9.06
2,1,5.848,0.3,0.0,0.0,-0.0014,0.0021,0.0586,0.2514,0.93,9.36
2,1,5.865,0.3,0.0,0.0,-0.0014,0.0020,0.0589,0.2513,0.54,9.45
2,1,5.885,0.3,0.0,0.0,-0.0010,0.0021,0.0592,0.2513,0.50,9.41
2,1,5.906,0.3,0.0,0.0,0.0002,0.0018,0.0596,0.2512,0.42,9.26
2,1,5.927,0.3,0.0,0.0,0.0007,0.0016,0.0597,0.2511,0.36,9.27
2,1,5.953,0.3,0.0,0.0,0.0007,0.0015,0.0599,0.2511,0.42,8.45
2,1,5.964,0.3,0.0,0.0,0.0004,0.0016,0.0598,0.2511,0.47,8.47
2,1,5.983,0.3,0.0,0.0,0.0007,0.0006,0.0596,0.2511,1.33,6.88
2,1,6.008,0.3,0.0,0.0,0.0000,0.0001,0.0592,0.2512,1.42,6.87
2,1,6.027,0.3,0.0,0.0,-0.0012,-0.0013,0.0583,0.2514,2.17,8.45
2,1,6.048,0.3,0.0,0.0,-0.0033,-0.0032,0.0573,0.2515,2.27,8.92
2,1,6.065,0.3,0.0,0.0,-0.0034,-0.0032,0.0570,0.2515,2.08,8.90
2,1,6.084,0.3,0.0,0.0,-0.0026,-0.0017,0.0560,0.2515,1.17,9.81
2,1,6.106,0.3,0.0,0.0,-0.0035,0.0008,0.0554,0.2513,1.27,9.85
2,1,6.126,0.3,0.0,0.0,-0.0024,0.0010,0.0547,0.2510,1.65,10.22
2,1,6.145,0.3,0.0,0.0,-0.0029,-0.0068,0.0531,0.2502,3.76,10.44
2,1,6.163,0.3,0.0,0.0,-0.0014,-0.0140,0.0520,0.2494,4.81,10.36
2,1,6.182,0.3,0.0,0.0,0.0006,-0.0163,0.0514,0.2488,5.11,10.04
2,1,6.203,0.3,0.0,0.0,0.0048,-0.0101,0.0513,0.2482,4.36,9.87
2,1,6.226,0.3,0.0,0.0,0.0065,-0.0044,0.0519,0.2478,2.28,9.57
2,1,6.243,0.3,0.0,0.0,0.0084,-0.0035,0.0522,0.2478,1.08,9.00
2,1,6.263,0.3,0.0,0.0,0.0049,-0.0017,0.0525,0.2478,1.14,8.39
2,1,6.283,0.3,0.0,0.0,0.0057,-0.0033,0.0529,0.2480,2.54,7.79
2,1,6.303,0.3,0.0,0.0,0.0075,-0.0059,0.0538,0.2485,4.57,7.15
2,1,6.325,0.3,0.0,0.0,0.0072,-0.0068,0.0546,0.2490,5.54,6.80
2,1,6.347,0.3,0.0,0.0,0.0077,-0.0045,0.0557,0.2498,5.91,7.30
2,1,6.365,0.3,0.0,0.0,0.0107,-0.0023,0.0566,0.2505,5.21,7.75
2,1,6.384,0.3,0.0,0.0,0.0050,0.0002,0.0573,0.2511,3.68,8.23
2,1,6.405,0.3,0.0,0.0,0.0018,0.0001,0.0577,0.2514,2.41,8.74
2,1,6.430,0.3,0.0,0.0,-0.0010,0.0015,0.0581,0.2515,1.42,9.14
2,1,6.445,0.3,0.0,0.0,-0.0033,0.0019,0.0583,0.2515,1.07,9.16
2,1,6.463,0.3,0.0,0.0,-0.0011,0.0021,0.0586,0.2515,0.69,9.41
2,1,6.484,0.3,0.0,0.0,-0.0015,0.0027,0.0590,0.2514,0.56,9.45
2,1,6.506,0.3,0.0,0.0,-0.0004,0.0024,0.0594,0.2513,0.52,9.29
2,1,6.525,0.3,0.0,0.0,0.0004,0.0019,0.0596,0.2513,0.46,9.30
2,1,6.545,0.3,0.0,0.0,0.0008,0.0013,0.0597,0.2512,0.35,8.49
2,1,6.565,0.3,0.0,0.0,0.0009,0.0016,0.0597,0.2512,0.78,7.80
2,1,6.586,0.3,0.0,0.0,0.0005,0.0011,0.0595,0.2512,0.90,6.91
2,1,6.607,0.3,0.0,0.0,-0.0004,-0.0005,0.0587,0.2514,1.78,7.60
2,1,6.626,0.3,0.0,0.0,-0.0014,-0.0011,0.0583,0.2515,2.06,8.39
2,1,6.646,0.3,0.0,0.0,-0.0032,-0.0029,0.0571,0.2516,2.05,8.89
2,1,6.662,0.3,0.0,0.0,-0.0036,-0.0027,0.0566,0.2517,1.74,9.43
2,1,6.684,0.3,0.0,0.0,-0.0026,-0.0006,0.0557,0.2516,1.28,9.82
2,1,6.706,0.3,0.0,0.0,-0.0025,0.0010,0.0550,0.2514,1.37,9.87
2,1,6.725,0.3,0.0,0.0,-0.0036,0.0012,0.0542,0.2510,2.14,10.33
2,1,6.745,0.3,0.0,0.0,-0.0028,-0.0080,0.0526,0.2502,4.12,10.43
2,1,6.764,0.3,0.0,0.0,-0.0005,-0.0103,0.0523,0.2499,4.34,10.49
2,1,6.785,0.3,0.0,0.0,0.0003,-0.0146,0.0514,0.2492,4.98,10.11
2,1,6.807,0.3,0.0,0.0,0.0026,-0.0133,0.0513,0.2487,4.77,10.24
2,1,6.823,0.3,0.0,0.0,0.0032,-0.0089,0.0515,0.2484,3.92,9.92
2,1,6.847,0.3,0.0,0.0,0.0074,-0.0039,0.0520,0.2481,2.37,9.53
2,1,6.864,0.3,0.0,0.0,0.0059,-0.0027,0.0523,0.2480,0.94,8.46
2,1,6.885,0.3,0.0,0.0,0.0043,-0.0021,0.0525,0.2481,1.42,8.42
2,1,6.906,0.3,0.0,0.0,0.0073,-0.0053,0.0534,0.2486,4.21,7.13
2,1,6.926,0.3,0.0,0.0,0.0058,-0.0065,0.0539,0.2489,5.12,7.10
2,1,6.946,0.3,0.0,0.0,0.0088,-0.0050,0.0553,0.2499,6.08,7.34
2,1,6.965,0.3,0.0,0.0,0.0051,-0.0029,0.0560,0.2504,5.60,7.79
2,1,6.985,0.3,0.0,0.0,0.0040,-0.0002,0.0568,0.2511,4.09,8.28
2,1,7.010,0.3,0.0,0.0,0.0004,0.0001,0.0573,0.2513,2.75,8.73
2,1,7.028,0.3,0.0,0.0,-0.0018,0.0009,0.0576,0.2514,2.04,9.10
2,1,7.045,0.3,0.0,0.0,-0.0028,0.0018,0.0580,0.2515,1.06,9.41
2,1,7.065,0.3,0.0,0.0,-0.0012,0.0021,0.0583,0.2515,0.94,9.43
2,1,7.085,0.3,0.0,0.0,-0.0028,0.0041,0.0588,0.2514,0.64,9.48
2,1,7.106,0.3,0.0,0.0,-0.0009,0.0035,0.0592,0.2513,0.62,9.34
2,1,7.124,0.3,0.0,0.0,0.0001,0.0025,0.0594,0.2512,0.53,9.35
2,1,7.143,0.3,0.0,0.0,0.0006,0.0014,0.0595,0.2512,0.37,9.04
2,1,7.163,0.3,0.0,0.0,0.0009,0.0017,0.0595,0.2512,0.80,7.83
2,1,7.184,0.3,0.0,0.0,0.0003,0.0011,0.0593,0.2512,0.91,6.93
2,1,7.206,0.3,0.0,0.0,-0.0003,-0.0004,0.0587,0.2513,1.84,7.54
2,1,7.230,0.3,0.0,0.0,-0.0013,-0.0017,0.0578,0.2515,2.18,8.26
2,1,7.244,0.3,0.0,0.0,-0.0025,-0.0025,0.0573,0.2516,2.09,8.18
2,1,7.264,0.3,0.0,0.0,-0.0029,-0.0027,0.0567,0.2516,1.87,9.39
2,1,7.284,0.3,0.0,0.0,-0.0037,-0.0019,0.0559,0.2516,1.29,9.78
2,1,7.304,0.3,0.0,0.0,-0.0019,0.0010,0.0552,0.2514,1.25,10.09
2,1,7.330,0.3,0.0,0.0,-0.0037,-0.0001,0.0540,0.2509,2.59,10.34
2,1,7.347,0.3,0.0,0.0,-0.0018,-0.0054,0.0530,0.2504,3.74,10.40
2,1,7.366,0.3,0.0,0.0,-0.0021,-0.0103,0.0524,0.2500,4.42,10.50
2,1,7.385,0.3,0.0,0.0,-0.0004,-0.0146,0.0515,0.2489,4.96,10.19
2,1,7.411,0.3,0.0,0.0,0.0035,-0.0129,0.0515,0.2485,4.57,9.89
2,1,7.423,0.3,0.0,0.0,0.0051,-0.0071,0.0518,0.2481,3.32,9.98
2,1,7.448,0.3,0.0,0.0,0.0074,-0.0035,0.0523,0.2479,1.23,9.00
2,1,7.464,0.3,0.0,0.0,0.0036,-0.0028,0.0524,0.2479,0.98,8.98
2,1,7.485,0.3,0.0,0.0,0.0038,-0.0019,0.0526,0.2480,1.64,7.83
2,1,7.511,0.3,0.0,0.0,0.0050,-0.0048,0.0533,0.2484,4.11,7.14
2,1,7.527,0.3,0.0,0.0,0.0074,-0.0067,0.0541,0.2489,5.42,7.02
2,1,7.544,0.3,0.0,0.0,0.0034,-0.0051,0.0552,0.2497,6.28,7.46
2,1,7.565,0.3,0.0,0.0,0.0082,-0.0030,0.0557,0.2501,6.31,7.90
2,1,7.583,0.3,0.0,0.0,0.0032,-0.0003,0.0567,0.2508,4.85,8.28
2,1,7.609,0.3,0.0,0.0,-0.0000,0.0003,0.0573,0.2512,3.06,8.73
2,1,7.630,0.3,0.0,0.0,-0.0041,0.0013,0.0577,0.2514,1.60,9.24
2,1,7.645,0.3,0.0,0.0,-0.0039,0.0014,0.0579,0.2514,1.19,9.26
2,1,7.665,0.3,0.0,0.0,-0.0034,0.0023,0.0582,0.2514,0.74,9.49
2,1,7.684,0.3,0.0,0.0,-0.0021,0.0045,0.0589,0.2513,0.66,9.55
2,1,7.710,0.3,0.0,0.0,-0.0005,0.0037,0.0595,0.2512,0.67,9.40
2,1,7.728,0.3,0.0,0.0,0.0004,0.0022,0.0597,0.2511,0.50,9.09
2,1,7.745,0.3,0.0,0.0,0.0005,0.0015,0.0598,0.2511,0.36,8.59
2,1,7.763,0.3,0.0,0.0,0.0008,0.0015,0.0597,0.2511,0.95,7.91
2,1,7.783,0.3,0.0,0.0,0.0006,0.0003,0.0593,0.2511,1.22,6.99
2,1,7.806,0.3,0.0,0.0,-0.0008,-0.0005,0.0588,0.2512,1.68,7.39
2,1,7.834,0.3,0.0,0.0,-0.0017,-0.0023,0.0577,0.2514,2.12,8.27
2,1,7.845,0.3,0.0,0.0,-0.0032,-0.0023,0.0577,0.2514,2.12,8.27
2,1,7.865,0.3,0.0,0.0,-0.0033,-0.0025,0.0567,0.2515,1.77,9.41
2,1,7.885,0.3,0.0,0.0,-0.0017,-0.0018,0.0559,0.2515,1.23,9.77
2,1,7.905,0.3,0.0,0.0,-0.0033,0.0005,0.0554,0.2514,1.46,10.05
2,1,7.929,0.3,0.0,0.0,-0.0026,-0.0000,0.0538,0.2507,2.77,10.36
2,1,7.947,0.3,0.0,0.0,-0.0039,-0.0039,0.0531,0.2504,3.53,10.44
2,1,7.965,0.3,0.0,0.0,-0.0008,-0.0101,0.0521,0.2498,4.43,10.20
2,1,7.984,0.3,0.0,0.0,0.0008,-0.0139,0.0515,0.2490,4.89,10.19
2,1,8.008,0.3,0.0,0.0,0.0042,-0.0126,0.0514,0.2485,4.67,9.89
2,1,8.026,0.3,0.0,0.0,0.0051,-0.0102,0.0515,0.2483,4.27,9.93
2,1,8.045,0.3,0.0,0.0,0.0062,-0.0035,0.0520,0.2479,1.73,9.04
2,1,8.064,0.3,0.0,0.0,0.0062,-0.0023,0.0523,0.2479,0.94,8.44
2,1,8.085,0.3,0.0,0.0,0.0000,-0.0029,0.0527,0.2481,2.46,7.81
2,1,8.104,0.3,0.0,0.0,0.0083,-0.0062,0.0533,0.2485,4.37,7.17
2,1,8.127,0.3,0.0,0.0,0.0054,-0.0069,0.0542,0.2490,5.51,7.08
2,1,8.145,0.3,0.0,0.0,0.0061,-0.0043,0.0553,0.2498,6.22,7.43
2,1,8.164,0.3,0.0,0.0,0.0062,-0.0021,0.0560,0.2504,5.81,7.87
2,1,8.183,0.3,0.0,0.0,0.0029,0.0001,0.0568,0.2510,4.23,8.33
2,1,8.209,0.3,0.0,0.0,-0.0001,-0.0002,0.0571,0.2512,3.44,8.32
2,1,8.227,0.3,0.0,0.0,-0.0035,0.0011,0.0575,0.2514,2.10,8.87
2,1,8.245,0.3,0.0,0.0,-0.0045,0.0017,0.0578,0.2515,1.39,9.27
2,1,8.264,0.3,0.0,0.0,-0.0010,0.0026,0.0581,0.2515,0.86,9.52
2,1,8.282,0.3,0.0,0.0,-0.0042,0.0051,0.0587,0.2514,0.70,9.58
2,1,8.305,0.3,0.0,0.0,-0.0014,0.0047,0.0593,0.2512,0.74,9.42
2,1,8.325,0.3,0.0,0.0,-0.0004,0.0030,0.0596,0.2512,0.61,9.12
2,1,8.346,0.3,0.0,0.0,0.0004,0.0016,0.0597,0.2511,0.46,9.12
2,1,8.364,0.3,0.0,0.0,0.0007,0.0018,0.0597,0.2511,0.51,7.93
2,1,8.384,0.3,0.0,0.0,0.0006,0.0008,0.0594,0.2511,1.29,7.02
2,1,8.404,0.3,0.0,0.0,-0.0004,0.0003,0.0591,0.2512,1.53,7.45
2,1,8.429,0.3,0.0,0.0,-0.0017,-0.0022,0.0577,0.2514,2.23,8.18
2,1,8.446,0.3,0.0,0.0,-0.0027,-0.0026,0.0573,0.2515,1.97,8.13
2,1,8.465,0.3,0.0,0.0,-0.0023,-0.0023,0.0566,0.2516,1.74,9.39
2,1,8.485,0.3,0.0,0.0,-0.0022,-0.0009,0.0557,0.2515,1.33,9.73
2,1,8.504,0.3,0.0,0.0,-0.0021,0.0007,0.0552,0.2514,1.50,9.78
2,1,8.526,0.3,0.0,0.0,-0.0022,0.0013,0.0544,0.2511,1.91,10.31
2,1,8.546,0.3,0.0,0.0,-0.0024,-0.0021,0.0534,0.2506,3.20,10.36
2,1,8.565,0.3,0.0,0.0,-0.0015,-0.0104,0.0521,0.2497,4.49,10.35
2,1,8.585,0.3,0.0,0.0,0.0008,-0.0141,0.0514,0.2490,4.97,10.20
2,1,8.613,0.3,0.0,0.0,0.0042,-0.0101,0.0514,0.2483,4.25,9.95
2,1,8.631,0.3,0.0,0.0,0.0122,-0.0055,0.0517,0.2480,2.94,10.01
2,1,8.644,0.3,0.0,0.0,0.0057,-0.0033,0.0521,0.2478,1.62,9.05
2,1,8.664,0.3,0.0,0.0,0.0052,-0.0024,0.0523,0.2478,1.30,8.47
2,1,8.685,0.3,0.0,0.0,0.0049,-0.0033,0.0528,0.2481,2.72,7.78
2,1,8.705,0.3,0.0,0.0,0.0067,-0.0045,0.0532,0.2483,3.99,7.15
2,1,8.726,0.3,0.0,0.0,0.0062,-0.0066,0.0542,0.2490,5.86,6.97
2,1,8.745,0.3,0.0,0.0,0.0073,-0.0043,0.0552,0.2498,6.35,7.42
2,1,8.765,0.3,0.0,0.0,0.0048,-0.0022,0.0559,0.2504,5.90,7.91
2,1,8.784,0.3,0.0,0.0,0.0028,0.0001,0.0565,0.2509,4.71,8.39
2,1,8.805,0.3,0.0,0.0,0.0000,-0.0002,0.0570,0.2513,3.25,8.82
2,1,8.832,0.3,0.0,0.0,-0.0035,0.0019,0.0576,0.2515,1.57,9.29
2,1,8.846,0.3,0.0,0.0,-0.0035,0.0017,0.0579,0.2515,1.09,9.33
2,1,8.865,0.3,0.0,0.0,-0.0019,0.0031,0.0582,0.2515,0.67,9.57
2,1,8.884,0.3,0.0,0.0,-0.0032,0.0057,0.0588,0.2514,0.69,9.62
2,1,8.908,0.3,0.0,0.0,-0.0009,0.0050,0.0594,0.2512,0.77,9.46
2,1,8.926,0.3,0.0,0.0,-0.0002,0.0025,0.0597,0.2511,0.55,9.16
2,1,8.948,0.3,0.0,0.0,0.0005,0.0021,0.0598,0.2511,0.42,8.65
2,1,8.964,0.3,0.0,0.0,0.0004,0.0020,0.0598,0.2511,0.53,8.67
2,1,8.990,0.3,0.0,0.0,0.0002,0.0008,0.0594,0.2511,1.27,7.07
2,2,9.015,0.6,0.0,0.0,0.0000,-0.0005,0.0589,0.2512,1.86,7.38
2,2,9.030,0.6,0.0,0.0,-0.0027,-0.0013,0.0580,0.2514,1.91,7.85
2,2,9.046,0.6,0.0,0.0,-0.0017,-0.0013,0.0580,0.2514,1.91,7.85
2,2,9.064,0.6,0.0,0.0,-0.0002,-0.0032,0.0570,0.2514,1.60,9.16
2,2,9.084,0.6,0.0,0.0,0.0006,-0.0019,0.0566,0.2513,0.83,9.78
2,2,9.107,0.6,0.0,0.0,0.0009,-0.0016,0.0562,0.2510,1.77,10.27
2,2,9.127,0.6,0.0,0.0,0.0032,-0.0042,0.0556,0.2503,3.95,10.56
2,2,9.146,0.6,0.0,0.0,0.0050,-0.0064,0.0548,0.2492,5.93,10.78
2,2,9.164,0.6,0.0,0.0,0.0117,-0.0081,0.0546,0.2489,6.35,10.90
2,2,9.185,0.6,0.0,0.0,0.0138,-0.0125,0.0543,0.2473,7.33,10.69
2,2,9.206,0.6,0.0,0.0,0.0270,-0.0099,0.0543,0.2468,7.12,10.57
2,2,9.226,0.6,0.0,0.0,0.0238,-0.0079,0.0544,0.2463,5.79,10.16
2,2,9.245,0.6,0.0,0.0,0.0151,-0.0069,0.0551,0.2459,2.05,9.62
2,2,9.265,0.6,0.0,0.0,0.0170,-0.0055,0.0561,0.2459,1.48,8.91
2,2,9.285,0.6,0.0,0.0,0.0112,-0.0055,0.0563,0.2460,3.04,8.81
2,2,9.306,0.6,0.0,0.0,0.0230,-0.0098,0.0576,0.2467,7.35,7.25
2,2,9.326,0.6,0.0,0.0,0.0189,-0.0107,0.0593,0.2479,9.64,7.46
2,2,9.347,0.6,0.0,0.0,0.0259,-0.0030,0.0608,0.2491,9.69,8.10
2,2,9.364,0.6,0.0,0.0,0.0308,-0.0002,0.0614,0.2497,9.00,7.90
2,2,9.384,0.6,0.0,0.0,0.0207,0.0057,0.0626,0.2508,6.84,9.09
2,2,9.406,0.6,0.0,0.0,0.0120,0.0092,0.0634,0.2513,4.84,9.59
2,2,9.430,0.6,0.0,0.0,0.0158,0.0096,0.0646,0.2515,2.47,10.03
2,2,9.444,0.6,0.0,0.0,0.0046,0.0078,0.0652,0.2515,1.76,10.07
2,2,9.466,0.6,0.0,0.0,0.0070,0.0054,0.0663,0.2512,1.38,10.52
2,2,9.485,0.6,0.0,0.0,0.0049,0.0069,0.0672,0.2508,1.98,10.65
2,2,9.509,0.6,0.0,0.0,0.0069,0.0087,0.0678,0.2503,2.85,10.53
2,2,9.527,0.6,0.0,0.0,0.0096,0.0116,0.0684,0.2501,2.96,10.40
2,2,9.545,0.6,0.0,0.0,0.0159,0.0092,0.0689,0.2498,3.04,9.72
2,2,9.564,0.6,0.0,0.0,0.0112,0.0043,0.0691,0.2497,2.30,8.97
2,2,9.585,0.6,0.0,0.0,0.0048,0.0028,0.0689,0.2496,1.96,8.97
2,2,9.609,0.6,0.0,0.0,0.0057,0.0034,0.0678,0.2496,1.96,7.35
2,2,9.626,0.6,0.0,0.0,0.0048,0.0013,0.0666,0.2497,2.43,8.25
2,2,9.650,0.6,0.0,0.0,0.0043,-0.0049,0.0654,0.2498,2.91,8.98
2,2,9.663,0.6,0.0,0.0,0.0029,-0.0068,0.0646,0.2498,2.69,8.90
2,2,9.684,0.6,0.0,0.0,0.0032,-0.0062,0.0630,0.2497,2.25,10.10
2,2,9.705,0.6,0.0,0.0,0.0015,-0.0042,0.0618,0.2495,2.45,10.50
2,2,9.730,0.6,0.0,0.0,0.0026,-0.0037,0.0601,0.2486,4.12,10.87
2,2,9.745,0.6,0.0,0.0,0.0032,-0.0028,0.0593,0.2480,5.01,10.99
2,2,9.770,0.6,0.0,0.0,0.0085,-0.0071,0.0582,0.2469,5.83,11.10
2,2,9.784,0.6,0.0,0.0,0.0114,-0.0081,0.0579,0.2463,6.43,11.24
2,2,9.806,0.6,0.0,0.0,0.0184,-0.0088,0.0577,0.2458,6.55,10.60
2,2,9.830,0.6,0.0,0.0,0.0154,-0.0098,0.0574,0.2456,7.27,10.33
2,2,9.845,0.6,0.0,0.0,0.0207,-0.0112,0.0575,0.2454,4.18,9.74
2,2,9.864,0.6,0.0,0.0,0.0171,-0.0064,0.0580,0.2452,1.53,9.18
2,2,9.885,0.6,0.0,0.0,0.0205,-0.0033,0.0589,0.2454,3.12,8.49
2,2,9.910,0.6,0.0,0.0,0.0182,-0.0089,0.0612,0.2467,9.08,7.51
2,2,9.931,0.6,0.0,0.0,0.0273,-0.0102,0.0619,0.2473,9.99,7.35
2,2,9.946,0.6,0.0,0.0,0.0331,-0.0062,0.0625,0.2480,10.30,7.25
2,2,9.964,0.6,0.0,0.0,0.0257,0.0017,0.0638,0.2496,8.73,8.40
2,2,9.984,0.6,0.0,0.0,0.0303,0.0046,0.0645,0.2504,7.01,8.91
2,2,10.005,0.6,0.0,0.0,0.0277,0.0090,0.0654,0.2511,4.42,9.41
2,2,10.026,0.6,0.0,0.0,0.0147,0.0101,0.0664,0.2514,2.50,9.84
2,2,10.050,0.6,0.0,0.0,0.0081,0.0094,0.0669,0.2514,1.49,9.88
2,2,10.065,0.6,0.0,0.0,0.0049,0.0066,0.0674,0.2513,1.31,10.30
2,2,10.085,0.6,0.0,0.0,0.0054,0.0042,0.0681,0.2509,1.24,10.47
2,2,10.106,0.6,0.0,0.0,0.0041,0.0043,0.0683,0.2508,1.37,10.53
2,2,10.127,0.6,0.0,0.0,0.0055,0.0064,0.0688,0.2506,1.82,9.96
2,2,10.145,0.6,0.0,0.0,0.0065,0.0050,0.0691,0.2504,1.95,9.51
2,2,10.165,0.6,0.0,0.0,0.0052,0.0034,0.0692,0.2503,1.61,8.80
2,2,10.185,0.6,0.0,0.0,0.0079,0.0022,0.0686,0.2502,1.84,7.80
2,2,10.207,0.6,0.0,0.0,0.0048,0.0015,0.0673,0.2502,2.13,7.05
2,2,10.224,0.6,0.0,0.0,0.0029,-0.0019,0.0659,0.2503,2.29,7.98
2,2,10.246,0.6,0.0,0.0,0.0023,-0.0054,0.0648,0.2503,2.21,8.86
2,2,10.264,0.6,0.0,0.0,0.0016,-0.0060,0.0637,0.2503,2.02,9.55
2,2,10.285,0.6,0.0,0.0,0.0011,-0.0051,0.0630,0.2503,1.97,9.54
2,2,10.308,0.6,0.0,0.0,0.0007,-0.0026,0.0613,0.2497,2.59,10.48
2,2,10.329,0.6,0.0,0.0,0.0006,-0.0042,0.0602,0.2491,3.91,10.77
2,2,10.346,0.6,0.0,0.0,0.0016,-0.0045,0.0595,0.2485,5.18,10.80
2,2,10.365,0.6,0.0,0.0,0.0069,-0.0085,0.0583,0.2471,6.02,10.80
2,2,10.385,0.6,0.0,0.0,0.0116,-0.0104,0.0579,0.2465,6.22,10.69
2,2,10.405,0.6,0.0,0.0,0.0167,-0.0099,0.0577,0.2460,6.51,10.56
2,2,10.429,0.6,0.0,0.0,0.0291,-0.0089,0.0577,0.2458,6.52,10.25
2,2,10.445,0.6,0.0,0.0,0.0146,-0.0082,0.0580,0.2454,2.89,10.14
2,2,10.465,0.6,0.0,0.0,0.0077,-0.0079,0.0583,0.2453,1.27,9.49
2,2,10.486,0.6,0.0,0.0,0.0202,-0.0053,0.0590,0.2454,2.70,8.42
2,2,10.506,0.6,0.0,0.0,0.0144,-0.0101,0.0608,0.2464,8.06,7.33
2,2,10.524,0.6,0.0,0.0,0.0173,-0.0111,0.0615,0.2469,9.45,7.16
2,2,10.545,0.6,0.0,0.0,0.0299,-0.0063,0.0629,0.2482,10.11,7.97
2,2,10.564,0.6,0.0,0.0,0.0236,0.0004,0.0640,0.2495,8.79,8.45
2,2,10.585,0.6,0.0,0.0,0.0181,0.0040,0.0647,0.2503,7.21,8.98
2,2,10.606,0.6,0.0,0.0,0.0201,0.0070,0.0657,0.2510,4.59,9.46
2,2,10.630,0.6,0.0,0.0,0.0093,0.0075,0.0666,0.2513,2.37,9.95
2,2,10.645,0.6,0.0,0.0,0.0068,0.0075,0.0669,0.2513,1.94,9.96
2,2,10.664,0.6,0.0,0.0,0.0046,0.0043,0.0677,0.2510,1.29,10.45
2,2,10.683,0.6,0.0,0.0,0.0032,0.0041,0.0681,0.2508,1.58,10.55
2,2,10.710,0.6,0.0,0.0,0.0046,0.0073,0.0688,0.2504,2.03,10.49
2,2,10.730,0.6,0.0,0.0,0.0105,0.0095,0.0694,0.2501,2.64,10.24
2,2,10.748,0.6,0.0,0.0,0.0113,0.0067,0.0699,0.2499,2.20,9.66
2,2,10.771,0.6,0.0,0.0,0.0062,0.0058,0.0700,0.2498,2.08,9.68
2,2,10.785,0.6,0.0,0.0,0.0077,0.0030,0.0696,0.2497,1.81,8.85
2,2,10.806,0.6,0.0,0.0,0.0041,0.0024,0.0691,0.2497,1.84,7.79
2,2,10.826,0.6,0.0,0.0,0.0037,0.0009,0.0676,0.2497,2.42,8.35
2,2,10.844,0.6,0.0,0.0,0.0040,-0.0050,0.0664,0.2498,2.82,8.16
2,2,10.865,0.6,0.0,0.0,0.0025,-0.0073,0.0647,0.2499,2.22,9.60
2,2,10.886,0.6,0.0,0.0,0.0015,-0.0069,0.0639,0.2499,2.07,10.06
2,2,10.906,0.6,0.0,0.0,0.0014,-0.0027,0.0620,0.2494,2.55,10.48
2,2,10.926,0.6,0.0,0.0,0.0014,-0.0014,0.0609,0.2486,4.18,10.87
2,2,10.945,0.6,0.0,0.0,0.0025,-0.0007,0.0601,0.2480,4.68,10.92
2,2,10.964,0.6,0.0,0.0,0.0093,-0.0039,0.0589,0.2468,5.85,10.90
2,2,10.985,0.6,0.0,0.0,0.0151,-0.0069,0.0585,0.2461,6.09,10.77
2,2,11.004,0.6,0.0,0.0,0.0181,-0.0080,0.0583,0.2456,6.28,10.63
2,2,11.027,0.6,0.0,0.0,0.0221,-0.0073,0.0581,0.2453,5.16,10.38
2,2,11.045,0.6,0.0,0.0,0.0140,-0.0087,0.0583,0.2451,2.54,9.71
2,2,11.066,0.6,0.0,0.0,0.0106,-0.0067,0.0589,0.2450,1.26,9.07
2,2,11.085,0.6,0.0,0.0,0.0190,-0.0073,0.0599,0.2454,5.08,8.23
2,2,11.108,0.6,0.0,0.0,0.0151,-0.0104,0.0610,0.2461,8.09,7.38
2,2,11.123,0.6,0.0,0.0,0.0222,-0.0112,0.0618,0.2466,9.27,7.22
2,2,11.147,0.6,0.0,0.0,0.0274,-0.0030,0.0635,0.2482,10.19,8.05
2,2,11.164,0.6,0.0,0.0,0.0228,0.0001,0.0641,0.2489,9.59,7.72
2,2,11.185,0.6,0.0,0.0,0.0176,0.0032,0.0648,0.2498,8.10,9.01
2,2,11.214,0.6,0.0,0.0,0.0230,0.0088,0.0664,0.2509,3.93,9.39
2,2,11.226,0.6,0.0,0.0,0.0110,0.0081,0.0666,0.2509,3.22,9.39
2,2,11.250,0.6,0.0,0.0,0.0069,0.0075,0.0673,0.2511,1.83,9.97
2,2,11.264,0.6,0.0,0.0,0.0063,0.0050,0.0680,0.2510,1.25,10.42
2,2,11.284,0.6,0.0,0.0,0.0041,0.0033,0.0684,0.2507,1.07,10.51
2,2,11.304,0.6,0.0,0.0,0.0029,0.0046,0.0688,0.2504,1.28,10.43
2,2,11.327,0.6,0.0,0.0,0.0086,0.0064,0.0691,0.2502,1.86,10.06
2,2,11.345,0.6,0.0,0.0,0.0076,0.0063,0.0696,0.2500,1.81,9.54
2,2,11.364,0.6,0.0,0.0,0.0071,0.0047,0.0698,0.2499,1.66,8.72
2,2,11.385,0.6,0.0,0.0,0.0071,0.0023,0.0688,0.2498,1.82,7.76
2,2,11.407,0.6,0.0,0.0,0.0034,0.0024,0.0679,0.2498,1.72,7.13
2,2,11.427,0.6,0.0,0.0,0.0020,0.0008,0.0669,0.2499,2.00,7.00
2,2,11.445,0.6,0.0,0.0,0.0036,-0.0025,0.0659,0.2500,2.38,9.05
2,2,11.464,0.6,0.0,0.0,0.0015,-0.0064,0.0648,0.2500,2.11,9.59
2,2,11.485,0.6,0.0,0.0,0.0004,-0.0044,0.0632,0.2499,2.03,10.04
2,2,11.509,0.6,0.0,0.0,0.0006,-0.0024,0.0617,0.2494,2.64,10.56
2,2,11.526,0.6,0.0,0.0,0.0006,-0.0046,0.0602,0.2485,4.00,10.89
2,2,11.545,0.6,0.0,0.0,0.0033,-0.0053,0.0592,0.2477,5.31,10.86
2,2,11.564,0.6,0.0,0.0,0.0063,-0.0080,0.0583,0.2468,5.54,10.83
2,2,11.584,0.6,0.0,0.0,0.0161,-0.0096,0.0578,0.2459,5.83,10.75
2,2,11.610,0.6,0.0,0.0,0.0102,-0.0079,0.0577,0.2455,5.40,10.49
2,2,11.625,0.6,0.0,0.0,0.0284,-0.0070,0.0577,0.2453,4.78,10.57
2,2,11.645,0.6,0.0,0.0,0.0166,-0.0075,0.0580,0.2450,2.41,9.58
2,2,11.664,0.6,0.0,0.0,0.0086,-0.0048,0.0587,0.2450,1.81,9.00
2,2,11.684,0.6,0.0,0.0,0.0234,-0.0069,0.0600,0.2455,5.43,8.20
2,2,11.706,0.6,0.0,0.0,0.0170,-0.0108,0.0612,0.2461,8.33,7.39
2,2,11.724,0.6,0.0,0.0,0.0192,-0.0124,0.0624,0.2470,9.89,7.39
2,2,11.747,0.6,0.0,0.0,0.0192,-0.0039,0.0636,0.2483,10.01,7.98
2,2,11.764,0.6,0.0,0.0,0.0275,0.0001,0.0641,0.2490,9.46,7.76
2,2,11.784,0.6,0.0,0.0,0.0079,0.0040,0.0648,0.2498,8.02,9.02
2,2,11.809,0.6,0.0,0.0,0.0193,0.0075,0.0661,0.2508,4.67,9.45
2,2,11.823,0.6,0.0,0.0,0.0196,0.0069,0.0668,0.2511,2.82,9.92
2,2,11.843,0.6,0.0,0.0,0.0052,0.0056,0.0676,0.2510,1.46,10.26
2,2,11.861,0.6,0.0,0.0,0.0063,0.0034,0.0682,0.2507,1.15,10.52
2,2,11.881,0.6,0.0,0.0,0.0038,0.0044,0.0686,0.2505,1.47,10.66
2,2,11.903,0.6,0.0,0.0,0.0051,0.0077,0.0693,0.2502,1.98,10.54
2,2,11.923,0.6,0.0,0.0,0.0095,0.0086,0.0700,0.2499,2.35,10.23
2,2,11.942,0.6,0.0,0.0,0.0113,0.0063,0.0704,0.2497,2.15,9.63
2,2,11.963,0.6,0.0,0.0,0.0088,0.0034,0.0704,0.2496,1.76,8.82
2,2,11.982,0.6,0.0,0.0,0.0033,0.0023,0.0695,0.2496,1.53,7.77
2,2,12.005,0.6,0.0,0.0,0.0039,0.0016,0.0686,0.2496,2.07,7.24
2,2,12.027,0.6,0.0,0.0,0.0025,-0.0018,0.0670,0.2498,2.58,8.25
2,2,12.046,0.6,0.0,0.0,0.0031,-0.0041,0.0663,0.2498,2.55,9.04
2,2,12.064,0.6,0.0,0.0,0.0022,-0.0066,0.0644,0.2499,2.08,9.65
2,2,12.085,0.6,0.0,0.0,0.0013,-0.0043,0.0633,0.2497,1.89,10.13
2,2,12.105,0.6,0.0,0.0,0.0015,-0.0021,0.0620,0.2493,2.35,10.60
2,2,12.125,0.6,0.0,0.0,0.0011,-0.0019,0.0613,0.2489,3.71,10.85
2,2,12.145,0.6,0.0,0.0,0.0019,-0.0005,0.0598,0.2475,5.10,10.98
2,2,12.164,0.6,0.0,0.0,0.0109,-0.0011,0.0593,0.2470,5.59,10.91
2,2,12.182,0.6,0.0,0.0,0.0127,-0.0062,0.0588,0.2459,6.16,10.70
2,2,12.206,0.6,0.0,0.0,0.0233,-0.0073,0.0586,0.2453,6.15,10.64
2,2,12.228,0.6,0.0,0.0,0.0161,-0.0080,0.0585,0.2451,5.97,10.34
2,2,12.247,0.6,0.0,0.0,0.0120,-0.0090,0.0585,0.2450,3.44,10.33
2,2,12.264,0.6,0.0,0.0,0.0267,-0.0050,0.0592,0.2449,1.66,9.07
2,2,12.285,0.6,0.0,0.0,0.0157,-0.0039,0.0601,0.2452,3.91,8.40
2,2,12.305,0.6,0.0,0.0,0.0175,-0.0079,0.0613,0.2458,7.31,8.27
2,2,12.326,0.6,0.0,0.0,0.0319,-0.0110,0.0627,0.2469,10.14,7.33
2,2,12.345,0.6,0.0,0.0,0.0215,-0.0035,0.0639,0.2483,10.17,7.92
2,2,12.364,0.6,0.0,0.0,0.0142,0.0000,0.0645,0.2489,9.58,7.69
2,2,12.383,0.6,0.0,0.0,0.0299,0.0046,0.0654,0.2501,7.56,8.92
2,2,12.409,0.6,0.0,0.0,0.0170,0.0084,0.0663,0.2508,4.87,9.41
2,2,12.424,0.6,0.0,0.0,0.0180,0.0078,0.0670,0.2511,2.94,9.88
2,2,12.445,0.6,0.0,0.0,0.0116,0.0083,0.0674,0.2512,2.06,9.91
2,2,12.462,0.6,0.0,0.0,0.0046,0.0044,0.0683,0.2509,1.26,10.43
2,2,12.486,0.6,0.0,0.0,0.0030,0.0040,0.0688,0.2506,1.68,10.53
2,2,12.507,0.6,0.0,0.0,0.0062,0.0062,0.0691,0.2504,1.77,10.36
2,2,12.529,0.6,0.0,0.0,0.0066,0.0078,0.0695,0.2501,2.11,10.42
2,2,12.550,0.6,0.0,0.0,0.0103,0.0059,0.0700,0.2499,1.97,9.52
2,2,12.563,0.6,0.0,0.0,0.0046,0.0036,0.0700,0.2498,1.43,8.76
2,2,12.584,0.6,0.0,0.0,0.0072,0.0024,0.0697,0.2497,1.43,7.77
2,2,12.607,0.6,0.0,0.0,0.0035,0.0023,0.0691,0.2497,1.90,7.77
2,2,12.628,0.6,0.0,0.0,0.0025,0.0008,0.0676,0.2498,2.35,8.27
2,2,12.645,0.6,0.0,0.0,0.0034,-0.0046,0.0664,0.2499,2.59,8.96
2,2,12.665,0.6,0.0,0.0,0.0018,-0.0074,0.0651,0.2499,2.40,9.57
2,2,12.685,0.6,0.0,0.0,0.0010,-0.0044,0.0635,0.2498,1.94,10.04
2,2,12.711,0.6,0.0,0.0,0.0007,-0.0022,0.0625,0.2494,2.53,10.55
2,2,12.727,0.6,0.0,0.0,0.0006,-0.0015,0.0613,0.2487,3.83,10.59
2,2,12.749,0.6,0.0,0.0,0.0019,0.0009,0.0602,0.2478,5.32,10.92
2,2,12.765,0.6,0.0,0.0,0.0099,-0.0034,0.0592,0.2469,5.74,11.03
2,2,12.784,0.6,0.0,0.0,0.0138,-0.0083,0.0586,0.2462,6.38,10.78
2,2,12.808,0.6,0.0,0.0,0.0195,-0.0096,0.0585,0.2457,6.39,10.57
2,2,12.826,0.6,0.0,0.0,0.0152,-0.0079,0.0583,0.2453,6.15,10.69
2,2,12.848,0.6,0.0,0.0,0.0121,-0.0069,0.0584,0.2451,4.31,9.92
2,2,12.864,0.6,0.0,0.0,0.0185,-0.0059,0.0591,0.2449,1.20,9.13
2,2,12.884,0.6,0.0,0.0,0.0143,-0.0071,0.0598,0.2451,3.92,8.49
2,2,12.903,0.6,0.0,0.0,0.0181,-0.0097,0.0609,0.2457,7.88,7.55
2,2,12.925,0.6,0.0,0.0,0.0237,-0.0095,0.0626,0.2469,10.40,7.29
2,2,12.944,0.6,0.0,0.0,0.0197,-0.0064,0.0636,0.2479,10.50,7.94
2,2,12.966,0.6,0.0,0.0,0.0304,-0.0000,0.0644,0.2489,9.65,8.52
2,2,12.985,0.6,0.0,0.0,0.0216,0.0051,0.0656,0.2501,7.47,8.93
2,2,13.006,0.6,0.0,0.0,0.0176,0.0075,0.0661,0.2507,5.36,8.88
2,2,13.028,0.6,0.0,0.0,0.0139,0.0099,0.0668,0.2510,3.67,9.87
2,2,13.045,0.6,0.0,0.0,0.0132,0.0077,0.0678,0.2511,1.36,10.24
2,2,13.064,0.6,0.0,0.0,0.0045,0.0043,0.0684,0.2509,1.21,10.47
2,2,13.084,0.6,0.0,0.0,0.0017,0.0046,0.0688,0.2507,1.75,10.58
2,2,13.105,0.6,0.0,0.0,0.0072,0.0059,0.0692,0.2504,1.87,10.43
2,2,13.128,0.6,0.0,0.0,0.0062,0.0075,0.0696,0.2501,2.12,10.17
2,2,13.147,0.6,0.0,0.0,0.0077,0.0077,0.0701,0.2499,2.16,9.58
2,2,13.164,0.6,0.0,0.0,0.0121,0.0057,0.0702,0.2498,1.93,8.76
2,2,13.185,0.6,0.0,0.0,0.0062,0.0030,0.0696,0.2497,1.76,7.82
2,2,13.209,0.6,0.0,0.0,0.0040,0.0012,0.0683,0.2497,2.50,7.13
2,2,13.229,0.6,0.0,0.0,0.0043,-0.0011,0.0672,0.2498,2.48,8.16
2,2,13.244,0.6,0.0,0.0,0.0039,-0.0037,0.0661,0.2499,2.34,8.98
2,2,13.264,0.6,0.0,0.0,0.0027,-0.0062,0.0653,0.2499,2.29,8.92
2,2,13.284,0.6,0.0,0.0,0.0010,-0.0045,0.0635,0.2498,1.95,10.08
2,2,13.308,0.6,0.0,0.0,0.0009,-0.0019,0.0621,0.2493,2.44,10.60
2,2,13.324,0.6,0.0,0.0,0.0005,-0.0017,0.0614,0.2488,3.76,10.83
2,2,13.344,0.6,0.0,0.0,0.0036,0.0004,0.0603,0.2479,4.60,10.88
2,2,13.364,0.6,0.0,0.0,0.0094,-0.0048,0.0592,0.2468,5.63,10.84
2,2,13.386,0.6,0.0,0.0,0.0166,-0.0076,0.0588,0.2460,5.89,10.63
2,2,13.408,0.6,0.0,0.0,0.0160,-0.0072,0.0586,0.2454,5.65,10.52
2,2,13.428,0.6,0.0,0.0,0.0257,-0.0069,0.0585,0.2452,4.86,10.25
2,2,13.448,0.6,0.0,0.0,0.0100,-0.0078,0.0589,0.2449,1.65,9.54
2,2,13.464,0.6,0.0,0.0,0.0168,-0.0058,0.0592,0.2449,1.18,9.45
2,2,13.484,0.6,0.0,0.0,0.0119,-0.0068,0.0601,0.2453,4.64,8.31
2,2,13.508,0.6,0.0,0.0,0.0185,-0.0099,0.0612,0.2459,7.96,7.39
2,2,13.527,0.6,0.0,0.0,0.0163,-0.0106,0.0627,0.2471,9.93,7.38
2,2,13.545,0.6,0.0,0.0,0.0165,-0.0063,0.0633,0.2477,10.21,8.15
2,2,13.564,0.6,0.0,0.0,0.0201,0.0018,0.0643,0.2487,9.70,8.58
2,2,13.585,0.6,0.0,0.0,0.0212,0.0046,0.0652,0.2495,8.15,8.99
2,2,13.611,0.6,0.0,0.0,0.0096,0.0069,0.0659,0.2502,6.11,8.93
2,2,13.628,0.6,0.0,0.0,0.0102,0.0072,0.0668,0.2507,3.44,9.93
2,2,13.643,0.6,0.0,0.0,0.0074,0.0054,0.0676,0.2508,1.53,10.31
2,2,13.662,0.6,0.0,0.0,0.0033,0.0034,0.0681,0.2506,1.09,10.55
2,2,13.682,0.6,0.0,0.0,0.0029,0.0039,0.0686,0.2503,1.13,10.71
2,2,13.704,0.6,0.0,0.0,0.0043,0.0066,0.0691,0.2500,2.47,10.57
2,2,13.724,0.6,0.0,0.0,0.0098,0.0079,0.0697,0.2498,2.17,10.33
2,2,13.741,0.6,0.0,0.0,0.0110,0.0057,0.0701,0.2496,1.97,9.73
2,2,13.764,0.6,0.0,0.0,0.0078,0.0032,0.0698,0.2495,1.76,8.89
2,2,13.782,0.6,0.0,0.0,0.0054,0.0022,0.0691,0.2495,1.48,7.79
2,2,13.804,0.6,0.0,0.0,0.0028,0.0012,0.0679,0.2496,2.13,7.10
2,2,13.823,0.6,0.0,0.0,0.0032,-0.0014,0.0668,0.2497,2.52,8.22
2,2,13.842,0.6,0.0,0.0,0.0034,-0.0056,0.0654,0.2498,2.45,9.01
2,2,13.861,0.6,0.0,0.0,0.0028,-0.0063,0.0640,0.2498,1.97,9.64
2,2,13.884,0.6,0.0,0.0,0.0014,-0.0033,0.0627,0.2496,1.88,10.14
2,2,13.904,0.6,0.0,0.0,0.0021,-0.0021,0.0617,0.2492,2.63,10.62
2,2,13.932,0.6,0.0,0.0,0.0014,-0.0017,0.0601,0.2483,4.49,10.88
2,2,13.944,0.6,0.0,0.0,0.0057,-0.0010,0.0594,0.2477,5.03,11.03
2,2,13.964,0.6,0.0,0.0,0.0109,-0.0073,0.0585,0.2466,5.95,10.87
2,2,13.984,0.6,0.0,0.0,0.0168,-0.0086,0.0582,0.2456,6.06,10.79
2,2,14.011,0.6,0.0,0.0,0.0229,-0.0077,0.0582,0.2452,5.84,10.57
2,2,14.030,0.6,0.0,0.0,0.0108,-0.0067,0.0581,0.2451,4.98,10.25
2,2,14.045,0.6,0.0,0.0,0.0168,-0.0077,0.0584,0.2448,2.28,9.73
2,2,14.063,0.6,0.0,0.0,0.0180,-0.0054,0.0592,0.2449,2.21,9.10
2,2,14.084,0.6,0.0,0.0,0.0185,-0.0085,0.0602,0.2453,5.84,8.21
2,2,14.105,0.6,0.0,0.0,0.0226,-0.0122,0.0618,0.2462,8.90,7.32
2,2,14.124,0.6,0.0,0.0,0.0190,-0.0120,0.0628,0.2472,10.00,7.41
2,2,14.144,0.6,0.0,0.0,0.0287,-0.0024,0.0640,0.2485,9.90,7.99
2,2,14.163,0.6,0.0,0.0,0.0285,0.0030,0.0650,0.2497,8.35,8.44
2,2,14.183,0.6,0.0,0.0,0.0259,0.0058,0.0658,0.2506,6.10,8.97
2,2,14.205,0.6,0.0,0.0,0.0159,0.0070,0.0665,0.2511,4.17,9.52
2,2,14.225,0.6,0.0,0.0,0.0133,0.0077,0.0673,0.2514,2.19,9.99
2,2,14.245,0.6,0.0,0.0,0.0058,0.0053,0.0679,0.2514,1.02,10.30
2,2,14.263,0.6,0.0,0.0,0.0038,0.0034,0.0685,0.2509,1.17,10.55
2,2,14.283,0.6,0.0,0.0,0.0041,0.0045,0.0690,0.2507,1.59,10.65
2,2,14.303,0.6,0.0,0.0,0.0053,0.0074,0.0695,0.2504,2.16,10.55
2,2,14.328,0.6,0.0,0.0,0.0098,0.0068,0.0701,0.2500,2.28,10.15
2,2,14.344,0.6,0.0,0.0,0.0116,0.0053,0.0703,0.2499,2.10,10.17
2,2,14.364,0.6,0.0,0.0,0.0051,0.0032,0.0705,0.2497,1.59,8.77
2,2,14.383,0.6,0.0,0.0,0.0091,0.0026,0.0696,0.2497,2.04,7.74
2,2,14.405,0.6,0.0,0.0,0.0037,0.0019,0.0682,0.2497,2.11,7.07
2,2,14.426,0.6,0.0,0.0,0.0040,0.0010,0.0675,0.2498,2.19,8.17
2,2,14.445,0.6,0.0,0.0,0.0031,-0.0039,0.0661,0.2499,2.32,9.02
2,2,14.464,0.6,0.0,0.0,0.0029,-0.0069,0.0646,0.2499,2.17,9.67
2,2,14.483,0.6,0.0,0.0,0.0000,-0.0048,0.0635,0.2498,1.99,10.13
2,2,14.506,0.6,0.0,0.0,0.0024,-0.0026,0.0625,0.2495,2.45,10.56
2,2,14.526,0.6,0.0,0.0,0.0020,-0.0014,0.0613,0.2488,3.75,10.85
2,2,14.546,0.6,0.0,0.0,0.0044,-0.0002,0.0599,0.2476,5.62,10.87
2,2,14.564,0.6,0.0,0.0,0.0147,-0.0028,0.0591,0.2467,5.91,10.79
2,2,14.584,0.6,0.0,0.0,0.0213,-0.0075,0.0586,0.2455,6.52,10.89
2,2,14.606,0.6,0.0,0.0,0.0117,-0.0070,0.0585,0.2451,5.95,10.67
2,2,14.628,0.6,0.0,0.0,0.0220,-0.0094,0.0582,0.2450,5.52,10.43
2,2,14.645,0.6,0.0,0.0,0.0145,-0.0089,0.0585,0.2447,2.13,9.68
2,2,14.666,0.6,0.0,0.0,0.0184,-0.0051,0.0592,0.2448,2.51,9.06
2,2,14.685,0.6,0.0,0.0,0.0179,-0.0053,0.0599,0.2450,3.91,8.33
2,2,14.712,0.6,0.0,0.0,0.0140,-0.0105,0.0618,0.2461,8.81,7.39
2,2,14.725,0.6,0.0,0.0,0.0321,-0.0111,0.0626,0.2467,9.96,7.30
2,2,14.745,0.6,0.0,0.0,0.0223,-0.0045,0.0639,0.2480,10.54,8.02
2,2,14.764,0.6,0.0,0.0,0.0256,0.0009,0.0648,0.2490,9.38,8.47
2,2,14.785,0.6,0.0,0.0,0.0270,0.0053,0.0655,0.2498,7.70,8.99
2,2,14.804,0.6,0.0,0.0,0.0230,0.0077,0.0665,0.2506,4.92,9.44
2,2,14.826,0.6,0.0,0.0,0.0101,0.0084,0.0670,0.2508,3.73,9.90
2,2,14.845,0.6,0.0,0.0,0.0078,0.0095,0.0674,0.2509,2.72,9.91
2,2,14.864,0.6,0.0,0.0,0.0083,0.0071,0.0682,0.2509,1.52,10.36
2,2,14.885,0.6,0.0,0.0,0.0048,0.0034,0.0688,0.2505,1.04,10.50
2,2,14.908,0.6,0.0,0.0,0.0031,0.0045,0.0690,0.2505,1.37,10.38
2,2,14.928,0.6,0.0,0.0,0.0051,0.0060,0.0693,0.2503,1.81,10.08
2,2,14.945,0.6,0.0,0.0,0.0082,0.0068,0.0695,0.2501,2.00,9.51
2,2,14.966,0.6,0.0,0.0,0.0065,0.0037,0.0696,0.2499,1.81,8.75
2,2,14.984,0.6,0.0,0.0,0.0065,0.0024,0.0692,0.2499,1.28,7.82
2,2,15.007,0.6,0.0,0.0,0.0033,0.0012,0.0682,0.2499,2.07,7.19
2,3,15.036,0.0,0.0,0.5,0.0000,-0.0017,0.0671,0.2499,2.53,8.13
2,3,15.050,0.0,0.0,0.5,0.0043,-0.0046,0.0656,0.2500,2.45,7.75
2,3,15.064,0.0,0.0,0.5,0.0011,0.0800,0.0645,0.2501,5.24,7.98
2,3,15.085,0.0,0.0,0.5,-0.0006,0.1895,0.0620,0.2503,7.56,7.36
2,3,15.105,0.0,0.0,0.5,-0.0018,0.2605,0.0590,0.2505,7.65,8.23
2,3,15.131,0.0,0.0,0.5,-0.0024,0.2623,0.0550,0.2508,6.51,8.97
2,3,15.145,0.0,0.0,0.5,-0.0089,0.2151,0.0525,0.2507,5.49,9.48
2,3,15.164,0.0,0.0,0.5,-0.0066,0.1627,0.0505,0.2502,4.89,9.62
2,3,15.184,0.0,0.0,0.5,-0.0085,0.1250,0.0489,0.2497,4.44,9.69
2,3,15.208,0.0,0.0,0.5,-0.0064,0.0941,0.0478,0.2491,5.10,9.63
2,3,15.228,0.0,0.0,0.5,-0.0118,0.0782,0.0475,0.2487,4.88,9.25
2,3,15.245,0.0,0.0,0.5,-0.0098,0.0682,0.0478,0.2482,3.93,8.61
2,3,15.264,0.0,0.0,0.5,-0.0105,0.0840,0.0480,0.2481,3.42,7.68
2,3,15.285,0.0,0.0,0.5,-0.0072,0.1187,0.0486,0.2482,2.97,8.32
2,3,15.309,0.0,0.0,0.5,-0.0074,0.1867,0.0490,0.2487,6.42,9.66
2,3,15.329,0.0,0.0,0.5,-0.0069,0.2453,0.0492,0.2492,8.79,9.52
2,3,15.345,0.0,0.0,0.5,-0.0111,0.2832,0.0493,0.2496,9.31,10.36
2,3,15.363,0.0,0.0,0.5,-0.0062,0.3429,0.0494,0.2504,10.68,11.31
2,3,15.386,0.0,0.0,0.5,-0.0155,0.3731,0.0500,0.2508,9.84,11.61
2,3,15.406,0.0,0.0,0.5,-0.0130,0.4077,0.0519,0.2510,7.72,12.12
2,3,15.427,0.0,0.0,0.5,-0.0130,0.4251,0.0539,0.2509,5.48,12.34
2,3,15.444,0.0,0.0,0.5,-0.0198,0.4274,0.0546,0.2508,4.25,12.42
2,3,15.464,0.0,0.0,0.5,-0.0146,0.4408,0.0552,0.2508,2.81,12.41
2,3,15.485,0.0,0.0,0.5,-0.0203,0.4580,0.0555,0.2509,3.53,12.10
2,3,15.507,0.0,0.0,0.5,-0.0092,0.4608,0.0555,0.2510,4.64,11.71
2,3,15.530,0.0,0.0,0.5,-0.0178,0.4415,0.0544,0.2509,5.80,11.40
2,3,15.545,0.0,0.0,0.5,-0.0224,0.4081,0.0528,0.2508,5.30,10.99
2,3,15.570,0.0,0.0,0.5,-0.0171,0.2972,0.0514,0.2504,3.80,10.30
2,3,15.583,0.0,0.0,0.5,-0.0158,0.2065,0.0512,0.2504,2.43,10.20
2,3,15.604,0.0,0.0,0.5,-0.0074,0.1718,0.0502,0.2507,4.80,9.22
2,3,15.624,0.0,0.0,0.5,-0.0057,0.1705,0.0485,0.2511,6.55,7.33
2,3,15.642,0.0,0.0,0.5,-0.0017,0.1475,0.0449,0.2516,6.37,8.95
2,3,15.662,0.0,0.0,0.5,0.0005,0.0881,0.0413,0.2518,5.28,10.26
2,3,15.682,0.0,0.0,0.5,-0.0011,0.0497,0.0385,0.2512,6.12,11.06
2,3,15.704,0.0,0.0,0.5,-0.0059,0.0465,0.0367,0.2507,6.14,11.49
2,3,15.728,0.0,0.0,0.5,-0.0044,0.0520,0.0352,0.2498,5.61,11.39
2,3,15.743,0.0,0.0,0.5,-0.0121,0.0646,0.0342,0.2490,5.18,11.19
2,3,15.763,0.0,0.0,0.5,-0.0117,0.0900,0.0337,0.2480,5.75,11.10
2,3,15.783,0.0,0.0,0.5,-0.0094,0.0864,0.0346,0.2472,5.39,10.59
2,3,15.806,0.0,0.0,0.5,-0.0109,0.0712,0.0355,0.2469,4.15,10.28
2,3,15.824,0.0,0.0,0.5,-0.0065,0.0554,0.0365,0.2466,2.45,9.68
2,3,15.844,0.0,0.0,0.5,-0.0011,0.0619,0.0372,0.2466,2.14,8.87
2,3,15.863,0.0,0.0,0.5,0.0041,0.0999,0.0381,0.2469,3.65,7.81
2,3,15.884,0.0,0.0,0.5,0.0069,0.1461,0.0390,0.2472,5.97,7.60
2,3,15.905,0.0,0.0,0.5,0.0105,0.2162,0.0406,0.2480,8.54,8.97
2,3,15.929,0.0,0.0,0.5,0.0186,0.2783,0.0423,0.2489,10.25,9.92
2,3,15.945,0.0,0.0,0.5,0.0207,0.3069,0.0436,0.2496,10.38,10.56
2,3,15.964,0.0,0.0,0.5,0.0053,0.3149,0.0440,0.2498,10.07,10.52
2,3,15.984,0.0,0.0,0.5,0.0237,0.3337,0.0458,0.2506,8.93,11.42
2,3,16.016,0.0,0.0,0.5,0.0137,0.3942,0.0506,0.2511,7.52,12.55
2,3,16.026,0.0,0.0,0.5,0.0146,0.4180,0.0524,0.2511,6.86,12.56
2,3,16.045,0.0,0.0,0.5,0.0083,0.4395,0.0539,0.2511,5.06,13.71
2,3,16.065,0.0,0.0,0.5,0.0029,0.4505,0.0550,0.2511,4.31,13.52
2,3,16.084,0.0,0.0,0.5,-0.0023,0.4523,0.0544,0.2512,5.38,13.12
2,3,16.111,0.0,0.0,0.5,-0.0052,0.4409,0.0527,0.2513,5.51,12.42
2,3,16.128,0.0,0.0,0.5,-0.0103,0.4317,0.0523,0.2514,5.38,11.71
2,3,16.148,0.0,0.0,0.5,-0.0043,0.3971,0.0526,0.2517,3.18,11.65
2,3,16.164,0.0,0.0,0.5,-0.0021,0.3387,0.0539,0.2517,3.36,11.66
2,3,16.184,0.0,0.0,0.5,-0.0048,0.2874,0.0539,0.2514,5.95,11.56
2,3,16.205,0.0,0.0,0.5,-0.0063,0.2535,0.0522,0.2514,6.59,10.21
2,3,16.228,0.0,0.0,0.5,-0.0066,0.2273,0.0484,0.2518,7.16,7.19
2,3,16.246,0.0,0.0,0.5,-0.0060,0.1981,0.0455,0.2521,6.22,8.22
2,3,16.265,0.0,0.0,0.5,-0.0035,0.1320,0.0428,0.2522,5.16,9.64
2,3,16.285,0.0,0.0,0.5,-0.0065,0.0692,0.0394,0.2519,5.65,10.73
2,3,16.315,0.0,0.0,0.5,-0.0051,0.0515,0.0372,0.2511,6.31,11.28
2,3,16.326,0.0,0.0,0.5,-0.0111,0.0576,0.0359,0.2504,6.04,11.33
2,3,16.348,0.0,0.0,0.5,-0.0112,0.0814,0.0338,0.2488,6.42,11.39
2,3,16.363,0.0,0.0,0.5,-0.0176,0.1027,0.0328,0.2479,7.55,11.30
2,3,16.384,0.0,0.0,0.5,-0.0097,0.1242,0.0329,0.2475,8.74,10.86
2,3,16.410,0.0,0.0,0.5,-0.0116,0.1164,0.0354,0.2465,8.17,9.99
2,3,16.433,0.0,0.0,0.5,-0.0048,0.1061,0.0371,0.2459,6.44,9.18
2,3,16.445,0.0,0.0,0.5,-0.0098,0.1042,0.0379,0.2457,3.23,9.13
2,3,16.462,0.0,0.0,0.5,-0.0063,0.1117,0.0384,0.2457,2.90,8.28
2,3,16.483,0.0,0.0,0.5,0.0002,0.2038,0.0391,0.2464,8.30,9.04
2,3,16.504,0.0,0.0,0.5,0.0054,0.2812,0.0404,0.2474,11.18,9.48
2,3,16.524,0.0,0.0,0.5,0.0131,0.3239,0.0423,0.2484,11.31,9.84
2,3,16.544,0.0,0.0,0.5,0.0169,0.3332,0.0433,0.2489,10.60,10.42
2,3,16.561,0.0,0.0,0.5,0.0125,0.3467,0.0462,0.2500,9.03,11.25
2,3,16.582,0.0,0.0,0.5,0.0150,0.3859,0.0495,0.2506,7.27,12.54
2,3,16.603,0.0,0.0,0.5,0.0101,0.4190,0.0518,0.2508,5.47,13.17
2,3,16.623,0.0,0.0,0.5,0.0023,0.4494,0.0537,0.2509,4.33,13.26
2,3,16.642,0.0,0.0,0.5,-0.0037,0.4496,0.0539,0.2510,3.82,13.04
2,3,16.662,0.0,0.0,0.5,-0.0091,0.4346,0.0538,0.2509,3.76,12.58
2,3,16.684,0.0,0.0,0.5,-0.0120,0.4159,0.0541,0.2508,3.55,12.69
2,3,16.706,0.0,0.0,0.5,-0.0098,0.4119,0.0543,0.2509,4.23,12.75
2,3,16.726,0.0,0.0,0.5,-0.0106,0.4146,0.0543,0.2510,4.75,12.52
2,3,16.745,0.0,0.0,0.5,-0.0088,0.4212,0.0542,0.2513,4.81,12.14
2,3,16.764,0.0,0.0,0.5,-0.0092,0.3752,0.0539,0.2509,6.73,11.53
2,3,16.784,0.0,0.0,0.5,-0.0130,0.3109,0.0529,0.2506,7.10,10.82
2,3,16.806,0.0,0.0,0.5,-0.0098,0.2679,0.0510,0.2506,6.60,10.36
2,3,16.826,0.0,0.0,0.5,-0.0078,0.2090,0.0486,0.2511,7.75,9.13
2,3,16.846,0.0,0.0,0.5,-0.0038,0.1689,0.0459,0.2514,6.84,8.52
2,3,16.865,0.0,0.0,0.5,-0.0016,0.1073,0.0426,0.2517,5.12,9.81
2,3,16.885,0.0,0.0,0.5,-0.0029,0.0700,0.0402,0.2515,6.71,10.78
2,3,16.905,0.0,0.0,0.5,-0.0052,0.0593,0.0378,0.2506,7.26,11.52
2,3,16.927,0.0,0.0,0.5,-0.0070,0.0708,0.0352,0.2494,7.23,11.84
2,3,16.946,0.0,0.0,0.5,-0.0112,0.0874,0.0340,0.2481,7.51,11.32
2,3,16.965,0.0,0.0,0.5,-0.0087,0.1307,0.0338,0.2478,7.41,11.14
2,3,16.984,0.0,0.0,0.5,-0.0094,0.1335,0.0349,0.2471,8.99,10.31
2,3,17.013,0.0,0.0,0.5,-0.0079,0.1220,0.0370,0.2462,6.39,9.91
2,3,17.028,0.0,0.0,0.5,-0.0070,0.1127,0.0379,0.2460,4.23,9.87
2,3,17.045,0.0,0.0,0.5,-0.0061,0.1033,0.0388,0.2458,2.71,8.72
2,3,17.065,0.0,0.0,0.5,-0.0033,0.1482,0.0394,0.2461,5.06,8.19
2,3,17.084,0.0,0.0,0.5,0.0025,0.2070,0.0400,0.2466,8.49,8.78
2,3,17.106,0.0,0.0,0.5,0.0070,0.2768,0.0418,0.2475,10.83,9.50
2,3,17.128,0.0,0.0,0.5,0.0141,0.3096,0.0428,0.2480,11.18,9.28
2,3,17.146,0.0,0.0,0.5,0.0139,0.3369,0.0446,0.2491,11.27,10.31
2,3,17.165,0.0,0.0,0.5,0.0127,0.3413,0.0454,0.2495,9.57,10.33
2,3,17.185,0.0,0.0,0.5,0.0146,0.3590,0.0477,0.2502,9.59,11.98
2,3,17.205,0.0,0.0,0.5,0.0149,0.4066,0.0524,0.2503,7.89,12.97
2,3,17.228,0.0,0.0,0.5,0.0070,0.4323,0.0546,0.2504,5.33,13.46
2,3,17.246,0.0,0.0,0.5,0.0014,0.4505,0.0554,0.2506,4.65,13.18
2,3,17.265,0.0,0.0,0.5,-0.0041,0.4565,0.0553,0.2507,4.20,13.06
2,3,17.284,0.0,0.0,0.5,-0.0065,0.4596,0.0543,0.2509,4.75,12.32
2,3,17.310,0.0,0.0,0.5,-0.0068,0.4626,0.0532,0.2510,5.16,11.97
2,3,17.328,0.0,0.0,0.5,-0.0047,0.4500,0.0526,0.2511,4.34,11.73
2,3,17.345,0.0,0.0,0.5,-0.0064,0.4245,0.0530,0.2512,4.04,11.79
2,3,17.364,0.0,0.0,0.5,-0.0035,0.3629,0.0547,0.2514,2.87,12.10
2,3,17.385,0.0,0.0,0.5,-0.0053,0.3157,0.0548,0.2511,6.51,12.03
2,3,17.406,0.0,0.0,0.5,-0.0066,0.2611,0.0522,0.2511,7.54,10.62
2,3,17.426,0.0,0.0,0.5,-0.0080,0.2427,0.0501,0.2513,8.94,10.18
2,3,17.445,0.0,0.0,0.5,-0.0098,0.2083,0.0466,0.2517,7.23,8.47
2,3,17.463,0.0,0.0,0.5,-0.0040,0.1606,0.0435,0.2521,5.36,9.70
2,3,17.484,0.0,0.0,0.5,-0.0028,0.1063,0.0408,0.2521,4.41,10.64
2,3,17.507,0.0,0.0,0.5,-0.0077,0.0647,0.0366,0.2506,6.24,11.41
2,3,17.527,0.0,0.0,0.5,-0.0122,0.0790,0.0345,0.2498,6.52,11.57
2,3,17.544,0.0,0.0,0.5,-0.0093,0.0954,0.0329,0.2488,6.21,11.36
2,3,17.563,0.0,0.0,0.5,-0.0094,0.1244,0.0325,0.2484,7.57,11.13
2,3,17.584,0.0,0.0,0.5,-0.0093,0.1220,0.0334,0.2478,7.95,10.54
2,3,17.607,0.0,0.0,0.5,-0.0090,0.1089,0.0349,0.2470,7.63,10.08
2,3,17.629,0.0,0.0,0.5,-0.0049,0.0931,0.0362,0.2466,4.86,9.26
2,3,17.644,0.0,0.0,0.5,-0.0079,0.0902,0.0370,0.2464,2.47,8.30
2,3,17.664,0.0,0.0,0.5,-0.0026,0.1245,0.0376,0.2466,3.93,7.48
2,3,17.684,0.0,0.0,0.5,0.0025,0.1935,0.0386,0.2471,7.56,8.39
2,3,17.710,0.0,0.0,0.5,0.0108,0.2587,0.0403,0.2480,9.62,8.89
2,3,17.730,0.0,0.0,0.5,0.0111,0.2829,0.0412,0.2485,9.61,8.67
2,3,17.742,0.0,0.0,0.5,0.0184,0.3086,0.0427,0.2492,10.03,9.61
2,3,17.764,0.0,0.0,0.5,0.0171,0.3265,0.0446,0.2500,9.64,10.82
2,3,17.784,0.0,0.0,0.5,0.0157,0.3499,0.0466,0.2506,8.95,11.94
2,3,17.805,0.0,0.0,0.5,0.0174,0.3798,0.0492,0.2507,8.24,12.73
2,3,17.825,0.0,0.0,0.5,0.0092,0.4290,0.0530,0.2507,5.11,13.38
2,3,17.849,0.0,0.0,0.5,0.0010,0.4558,0.0542,0.2508,4.64,13.17
2,3,17.864,0.0,0.0,0.5,-0.0007,0.4626,0.0541,0.2509,4.03,12.89
2,3,17.884,0.0,0.0,0.5,-0.0028,0.4616,0.0534,0.2510,5.05,12.42
2,3,17.907,0.0,0.0,0.5,-0.0063,0.4544,0.0524,0.2510,5.09,11.88
2,3,17.926,0.0,0.0,0.5,-0.0077,0.4390,0.0521,0.2510,4.15,11.62
2,3,17.945,0.0,0.0,0.5,-0.0048,0.4004,0.0528,0.2513,3.39,11.83
2,3,17.969,0.0,0.0,0.5,-0.0021,0.3560,0.0541,0.2514,2.81,12.12
2,3,17.986,0.0,0.0,0.5,-0.0031,0.3055,0.0544,0.2510,5.62,11.89
2,3,18.010,0.0,0.0,0.5,-0.0060,0.2572,0.0533,0.2509,6.89,11.47
2,3,18.029,0.0,0.0,0.5,-0.0079,0.2223,0.0497,0.2511,8.00,8.00
2,3,18.045,0.0,0.0,0.5,-0.0062,0.2000,0.0463,0.2515,7.19,8.56
2,3,18.064,0.0,0.0,0.5,-0.0046,0.1334,0.0422,0.2518,5.13,9.74
2,3,18.085,0.0,0.0,0.5,-0.0034,0.0881,0.0396,0.2516,6.82,10.69
2,3,18.110,0.0,0.0,0.5,-0.0083,0.0716,0.0362,0.2503,6.40,11.43
2,3,18.129,0.0,0.0,0.5,-0.0109,0.0896,0.0334,0.2493,8.02,11.60
2,3,18.145,0.0,0.0,0.5,-0.0126,0.1079,0.0321,0.2481,6.83,11.28
2,3,18.164,0.0,0.0,0.5,-0.0132,0.1319,0.0320,0.2474,7.63,11.07
2,3,18.184,0.0,0.0,0.5,-0.0070,0.1367,0.0334,0.2469,8.62,10.59
2,3,18.206,0.0,0.0,0.5,-0.0079,0.1313,0.0340,0.2467,8.29,10.59
2,3,18.226,0.0,0.0,0.5,-0.0099,0.1219,0.0362,0.2460,3.52,8.98
2,3,18.245,0.0,0.0,0.5,-0.0041,0.1340,0.0370,0.2460,3.34,7.76
2,3,18.265,0.0,0.0,0.5,-0.0012,0.1558,0.0372,0.2462,4.54,8.06
2,3,18.284,0.0,0.0,0.5,0.0048,0.2150,0.0382,0.2469,7.84,8.94
2,3,18.306,0.0,0.0,0.5,0.0141,0.2731,0.0400,0.2478,10.26,9.39
2,3,18.324,0.0,0.0,0.5,0.0137,0.3066,0.0421,0.2488,10.59,9.80
2,3,18.344,0.0,0.0,0.5,0.0188,0.3204,0.0436,0.2494,9.71,10.51
2,3,18.364,0.0,0.0,0.5,0.0160,0.3372,0.0460,0.2503,8.77,11.42
2,3,18.385,0.0,0.0,0.5,0.0156,0.3575,0.0476,0.2505,8.29,12.32
2,3,18.407,0.0,0.0,0.5,0.0089,0.4174,0.0517,0.2508,6.01,13.06
2,3,18.426,0.0,0.0,0.5,0.0065,0.4522,0.0535,0.2508,4.76,13.04
2,3,18.445,0.0,0.0,0.5,0.0002,0.4577,0.0542,0.2509,4.10,13.35
2,3,18.464,0.0,0.0,0.5,-0.0070,0.4579,0.0542,0.2510,4.06,12.99
2,3,18.482,0.0,0.0,0.5,-0.0070,0.4354,0.0536,0.2508,4.07,12.52
2,3,18.504,0.0,0.0,0.5,-0.0113,0.4148,0.0534,0.2509,3.24,12.56
2,3,18.525,0.0,0.0,0.5,-0.0093,0.4004,0.0540,0.2511,3.66,12.61
2,3,18.553,0.0,0.0,0.5,-0.0051,0.3878,0.0547,0.2515,3.47,12.72
2,3,18.565,0.0,0.0,0.5,-0.0071,0.3795,0.0548,0.2515,3.72,12.72
2,3,18.584,0.0,0.0,0.5,-0.0099,0.3473,0.0547,0.2512,6.26,11.63
2,3,18.608,0.0,0.0,0.5,-0.0073,0.2987,0.0532,0.2510,7.16,11.32
2,3,18.628,0.0,0.0,0.5,-0.0119,0.2831,0.0525,0.2511,7.15,10.17
2,3,18.645,0.0,0.0,0.5,-0.0110,0.2234,0.0486,0.2513,6.60,8.50
2,3,18.665,0.0,0.0,0.5,-0.0071,0.1432,0.0445,0.2516,5.35,9.68
2,3,18.684,0.0,0.0,0.5,-0.0049,0.0887,0.0419,0.2516,3.68,10.53
2,3,18.706,0.0,0.0,0.5,-0.0094,0.0585,0.0389,0.2506,6.96,11.20
2,3,18.725,0.0,0.0,0.5,-0.0089,0.0628,0.0368,0.2498,6.07,11.61
2,3,18.746,0.0,0.0,0.5,-0.0090,0.0772,0.0356,0.2490,6.78,11.24
2,3,18.765,0.0,0.0,0.5,-0.0169,0.1113,0.0343,0.2477,7.11,11.26
2,3,18.784,0.0,0.0,0.5,-0.0082,0.1233,0.0346,0.2470,7.95,10.82
2,3,18.806,0.0,0.0,0.5,-0.0134,0.1181,0.0359,0.2465,6.71,10.05
2,3,18.830,0.0,0.0,0.5,-0.0088,0.1093,0.0378,0.2460,4.38,9.09
2,3,18.847,0.0,0.0,0.5,-0.0068,0.1092,0.0385,0.2459,2.94,9.01
2,3,18.865,0.0,0.0,0.5,-0.0042,0.1247,0.0392,0.2459,3.06,6.95
2,3,18.885,0.0,0.0,0.5,0.0003,0.1587,0.0396,0.2462,6.02,9.21
2,3,18.904,0.0,0.0,0.5,0.0053,0.2366,0.0409,0.2470,10.04,9.86
2,3,18.927,0.0,0.0,0.5,0.0149,0.3074,0.0426,0.2481,12.06,9.93
2,3,18.945,0.0,0.0,0.5,0.0127,0.3369,0.0445,0.2491,10.91,10.45
2,3,18.963,0.0,0.0,0.5,0.0122,0.3422,0.0454,0.2495,9.47,10.47
2,3,18.983,0.0,0.0,0.5,0.0134,0.3625,0.0481,0.2503,9.47,12.01
2,3,19.007,0.0,0.0,0.5,0.0132,0.3946,0.0509,0.2502,8.04,12.72
2,3,19.024,0.0,0.0,0.5,0.0079,0.4328,0.0542,0.2503,5.60,13.28
2,3,19.047,0.0,0.0,0.5,0.0040,0.4583,0.0555,0.2505,4.50,13.08
2,3,19.064,0.0,0.0,0.5,-0.0010,0.4648,0.0554,0.2506,4.14,12.84
2,3,19.085,0.0,0.0,0.5,-0.0030,0.4677,0.0549,0.2507,4.87,12.74
2,3,19.103,0.0,0.0,0.5,-0.0080,0.4672,0.0535,0.2510,5.38,11.78
2,3,19.126,0.0,0.0,0.5,-0.0055,0.4532,0.0526,0.2514,4.60,11.53
2,3,19.145,0.0,0.0,0.5,-0.0028,0.4427,0.0527,0.2514,4.74,11.59
2,3,19.162,0.0,0.0,0.5,-0.0024,0.3844,0.0538,0.2512,3.53,11.64
2,3,19.185,0.0,0.0,0.5,-0.0042,0.3139,0.0547,0.2508,5.02,11.89
2,3,19.204,0.0,0.0,0.5,-0.0061,0.2577,0.0536,0.2508,6.48,11.26
2,3,19.225,0.0,0.0,0.5,-0.0071,0.2098,0.0489,0.2513,8.38,7.64
2,3,19.245,0.0,0.0,0.5,-0.0039,0.1933,0.0454,0.2517,7.31,8.42
2,3,19.269,0.0,0.0,0.5,-0.0010,0.1643,0.0434,0.2520,6.80,8.33
2,3,19.285,0.0,0.0,0.5,-0.0005,0.1031,0.0399,0.2521,5.15,10.63
2,3,19.305,0.0,0.0,0.5,-0.0050,0.0693,0.0374,0.2511,13.29,11.36
2,3,19.326,0.0,0.0,0.5,-0.0080,0.0692,0.0349,0.2497,6.25,11.62
2,3,19.346,0.0,0.0,0.5,-0.0118,0.0934,0.0325,0.2488,5.57,11.24
2,3,19.364,0.0,0.0,0.5,-0.0130,0.1240,0.0318,0.2481,7.31,11.38
2,3,19.383,0.0,0.0,0.5,-0.0048,0.1512,0.0320,0.2476,8.71,10.75
2,3,19.406,0.0,0.0,0.5,-0.0102,0.1411,0.0336,0.2470,7.56,9.84
2,3,19.425,0.0,0.0,0.5,-0.0046,0.1315,0.0353,0.2464,6.16,9.23
2,3,19.446,0.0,0.0,0.5,-0.0028,0.1299,0.0362,0.2462,4.04,8.07
2,3,19.463,0.0,0.0,0.5,-0.0006,0.1539,0.0375,0.2463,3.97,8.10
2,3,19.484,0.0,0.0,0.5,0.0028,0.2196,0.0381,0.2468,7.66,9.07
2,3,19.505,0.0,0.0,0.5,0.0097,0.2703,0.0391,0.2474,9.26,8.63
2,3,19.525,0.0,0.0,0.5,0.0108,0.3151,0.0405,0.2482,11.56,10.07
2,3,19.545,0.0,0.0,0.5,0.0164,0.3414,0.0422,0.2490,11.34,10.28
2,3,19.567,0.0,0.0,0.5,0.0135,0.3489,0.0438,0.2496,9.38,10.34
2,3,19.585,0.0,0.0,0.5,0.0056,0.3646,0.0469,0.2504,8.32,11.05
2,3,19.606,0.0,0.0,0.5,0.0104,0.3818,0.0487,0.2505,8.11,12.89
2,3,19.625,0.0,0.0,0.5,0.0066,0.4156,0.0513,0.2506,6.20,13.37
2,3,19.645,0.0,0.0,0.5,0.0026,0.4545,0.0536,0.2507,4.89,13.39
2,3,19.662,0.0,0.0,0.5,-0.0054,0.4692,0.0539,0.2508,4.43,13.01
2,3,19.683,0.0,0.0,0.5,-0.0030,0.4688,0.0536,0.2509,4.41,12.90
2,3,19.707,0.0,0.0,0.5,-0.0138,0.4482,0.0528,0.2508,4.45,12.20
2,3,19.725,0.0,0.0,0.5,-0.0101,0.4138,0.0529,0.2509,2.98,12.25
2,3,19.745,0.0,0.0,0.5,-0.0111,0.3936,0.0533,0.2511,2.50,12.31
2,3,19.764,0.0,0.0,0.5,-0.0081,0.3722,0.0541,0.2518,3.47,12.42
2,3,19.782,0.0,0.0,0.5,-0.0109,0.3072,0.0542,0.2514,6.35,11.49
2,3,19.805,0.0,0.0,0.5,-0.0080,0.2678,0.0529,0.2512,7.09,10.65
2,3,19.829,0.0,0.0,0.5,-0.0106,0.2339,0.0495,0.2514,6.98,8.14
2,3,19.845,0.0,0.0,0.5,-0.0080,0.2115,0.0467,0.2517,6.59,8.03
2,3,19.868,0.0,0.0,0.5,-0.0037,0.1595,0.0439,0.2519,5.40,9.36
2,3,19.885,0.0,0.0,0.5,-0.0019,0.0902,0.0407,0.2520,3.26,10.37
2,3,19.908,0.0,0.0,0.5,-0.0024,0.0590,0.0386,0.2512,7.52,11.06
2,3,19.929,0.0,0.0,0.5,-0.0032,0.0552,0.0367,0.2497,5.54,11.43
2,3,19.947,0.0,0.0,0.5,-0.0127,0.0730,0.0357,0.2491,5.12,11.59
2,3,19.964,0.0,0.0,0.5,-0.0097,0.0974,0.0341,0.2481,6.54,10.91
2,3,19.986,0.0,0.0,0.5,-0.0084,0.1228,0.0338,0.2478,8.05,10.48
2,3,20.008,0.0,0.0,0.5,-0.0080,0.1291,0.0351,0.2474,8.20,10.70
2,3,20.027,0.0,0.0,0.5,-0.0077,0.1214,0.0363,0.2468,7.88,10.02
2,3,20.044,0.0,0.0,0.5,-0.0073,0.1194,0.0378,0.2464,5.22,8.52
2,3,20.065,0.0,0.0,0.5,-0.0062,0.1424,0.0387,0.2464,3.35,7.67
2,3,20.083,0.0,0.0,0.5,-0.0035,0.1885,0.0390,0.2468,6.73,8.94
2,3,20.107,0.0,0.0,0.5,0.0005,0.1885,0.0390,0.2468,6.73,8.94
2,3,20.126,0.0,0.0,0.5,0.0021,0.2627,0.0404,0.2476,11.52,10.45
2,3,20.145,0.0,0.0,0.5,0.0070,0.3239,0.0425,0.2486,11.94,10.51
2,3,20.163,0.0,0.0,0.5,0.0077,0.3480,0.0442,0.2493,11.18,10.91
2,3,20.185,0.0,0.0,0.5,0.0075,0.3890,0.0479,0.2500,8.90,12.17
2,3,20.215,0.0,0.0,0.5,0.0045,0.4283,0.0519,0.2504,6.61,13.14
2,3,20.227,0.0,0.0,0.5,0.0049,0.4283,0.0519,0.2504,6.61,13.14
2,3,20.244,0.0,0.0,0.5,-0.0016,0.4607,0.0548,0.2505,4.81,13.27
2,3,20.264,0.0,0.0,0.5,-0.0090,0.4731,0.0547,0.2507,4.23,12.59
2,3,20.285,0.0,0.0,0.5,-0.0128,0.4694,0.0540,0.2508,4.59,12.10
2,3,20.307,0.0,0.0,0.5,-0.0111,0.4676,0.0529,0.2509,4.93,11.89
2,3,20.328,0.0,0.0,0.5,-0.0090,0.4457,0.0529,0.2508,4.13,11.71
2,3,20.346,0.0,0.0,0.5,-0.0062,0.4170,0.0537,0.2511,3.77,11.77
2,3,20.364,0.0,0.0,0.5,-0.0102,0.3639,0.0547,0.2508,4.17,12.15
2,3,20.384,0.0,0.0,0.5,-0.0085,0.3019,0.0544,0.2505,6.56,11.76
2,3,20.409,0.0,0.0,0.5,-0.0110,0.2423,0.0517,0.2506,7.62,9.90
2,3,20.427,0.0,0.0,0.5,-0.0085,0.2158,0.0476,0.2511,7.70,6.91
2,3,20.445,0.0,0.0,0.5,-0.0022,0.2029,0.0457,0.2514,6.72,8.39
2,3,20.464,0.0,0.0,0.5,0.0007,0.1330,0.0424,0.2518,5.11,9.81
2,3,20.484,0.0,0.0,0.5,0.0012,0.0734,0.0393,0.2515,6.02,10.83
2,3,20.504,0.0,0.0,0.5,-0.0013,0.0624,0.0371,0.2509,5.86,11.46
2,3,20.525,0.0,0.0,0.5,-0.0054,0.0743,0.0344,0.2494,7.47,11.62
2,3,20.546,0.0,0.0,0.5,-0.0077,0.0970,0.0334,0.2483,7.33,11.44
2,3,20.571,0.0,0.0,0.5,-0.0027,0.1063,0.0335,0.2479,6.59,11.46
2,3,20.586,0.0,0.0,0.5,-0.0088,0.1143,0.0350,0.2472,7.04,10.49
2,3,20.606,0.0,0.0,0.5,-0.0103,0.1111,0.0365,0.2469,6.48,9.54
2,3,20.624,0.0,0.0,0.5,-0.0062,0.1050,0.0373,0.2465,5.52,9.57
2,3,20.647,0.0,0.0,0.5,-0.0123,0.1060,0.0381,0.2463,2.06,8.35
2,3,20.664,0.0,0.0,0.5,-0.0031,0.1287,0.0384,0.2464,2.93,8.17
2,3,20.684,0.0,0.0,0.5,0.0003,0.1650,0.0389,0.2468,5.52,7.08
2,3,20.710,0.0,0.0,0.5,0.0068,0.2521,0.0414,0.2478,10.03,9.17
2,3,20.725,0.0,0.0,0.5,0.0167,0.2995,0.0424,0.2485,10.95,9.77
2,3,20.745,0.0,0.0,0.5,0.0080,0.3139,0.0433,0.2490,10.66,9.68
2,3,20.766,0.0,0.0,0.5,0.0150,0.3263,0.0446,0.2497,10.66,10.97
2,3,20.786,0.0,0.0,0.5,0.0157,0.3544,0.0471,0.2504,9.71,11.87
2,3,20.805,0.0,0.0,0.5,0.0088,0.3782,0.0490,0.2505,8.67,11.93
2,3,20.826,0.0,0.0,0.5,0.0076,0.4143,0.0520,0.2506,7.55,13.41
2,3,20.850,0.0,0.0,0.5,0.0073,0.4531,0.0549,0.2507,5.08,13.49
2,3,20.863,0.0,0.0,0.5,-0.0007,0.4629,0.0550,0.2508,4.75,13.21
2,3,20.884,0.0,0.0,0.5,-0.0047,0.4708,0.0539,0.2510,5.37,12.51
2,3,20.907,0.0,0.0,0.5,-0.0075,0.4698,0.0526,0.2512,5.80,11.76
2,3,20.929,0.0,0.0,0.5,-0.0053,0.4591,0.0518,0.2514,4.80,11.85
2,3,20.945,0.0,0.0,0.5,-0.0101,0.4211,0.0523,0.2515,3.79,11.37
2,3,20.963,0.0,0.0,0.5,-0.0043,0.3658,0.0537,0.2515,3.21,11.80
2,3,20.984,0.0,0.0,0.5,-0.0038,0.2962,0.0540,0.2512,5.28,11.71
2,3,21.007,0.0,0.0,0.5,-0.0124,0.2341,0.0520,0.2511,6.78,10.28
2,3,21.025,0.0,0.0,0.5,-0.0072,0.2115,0.0480,0.2515,7.71,7.45
2,4,21.048,0.0,0.3,0.0,0.0000,0.2003,0.0459,0.2517,6.87,8.44
2,4,21.064,0.0,0.3,0.0,-0.0049,0.1437,0.0421,0.2522,4.76,10.69
2,4,21.083,0.0,0.3,0.0,-0.0027,-0.0215,0.0401,0.2518,8.83,10.22
2,4,21.103,0.0,0.3,0.0,-0.0037,-0.0416,0.0398,0.2516,7.80,10.20
2,4,21.126,0.0,0.3,0.0,-0.0182,-0.0202,0.0395,0.2506,3.19,10.16
2,4,21.145,0.0,0.3,0.0,-0.0157,-0.0051,0.0388,0.2501,3.29,10.16
2,4,21.166,0.0,0.3,0.0,-0.0146,-0.0110,0.0384,0.2497,3.81,10.02
2,4,21.184,0.0,0.3,0.0,-0.0277,-0.0206,0.0388,0.2489,4.56,10.15
2,4,21.208,0.0,0.3,0.0,-0.0216,-0.0222,0.0403,0.2483,4.23,9.67
2,4,21.228,0.0,0.3,0.0,-0.0080,-0.0213,0.0412,0.2481,3.87,9.73
2,4,21.245,0.0,0.3,0.0,-0.0098,-0.0171,0.0426,0.2478,3.04,9.12
2,4,21.264,0.0,0.3,0.0,-0.0024,-0.0095,0.0440,0.2476,1.48,8.58
2,4,21.284,0.0,0.3,0.0,0.0009,-0.0079,0.0448,0.2476,1.54,7.86
2,4,21.308,0.0,0.3,0.0,0.0045,-0.0105,0.0460,0.2478,3.17,7.12
2,4,21.326,0.0,0.3,0.0,0.0046,-0.0107,0.0475,0.2483,4.16,7.01
2,4,21.350,0.0,0.3,0.0,0.0033,-0.0107,0.0484,0.2485,4.45,7.60
2,4,21.364,0.0,0.3,0.0,0.0038,-0.0109,0.0497,0.2490,4.61,7.44
2,4,21.385,0.0,0.3,0.0,0.0021,-0.0086,0.0513,0.2495,4.27,8.42
2,4,21.404,0.0,0.3,0.0,-0.0015,-0.0053,0.0521,0.2497,3.81,8.82
2,4,21.428,0.0,0.3,0.0,-0.0049,0.0002,0.0538,0.2500,2.32,9.18
2,4,21.446,0.0,0.3,0.0,-0.0052,-0.0005,0.0544,0.2501,1.74,9.20
2,4,21.463,0.0,0.3,0.0,-0.0040,-0.0016,0.0553,0.2501,1.39,9.62
2,4,21.484,0.0,0.3,0.0,-0.0077,-0.0013,0.0562,0.2500,1.16,9.59
2,4,21.507,0.0,0.3,0.0,-0.0041,-0.0007,0.0568,0.2499,0.85,9.38
2,4,21.526,0.0,0.3,0.0,-0.0029,-0.0001,0.0571,0.2499,0.38,8.99
2,4,21.545,0.0,0.3,0.0,-0.0023,-0.0002,0.0572,0.2499,0.25,8.41
2,4,21.564,0.0,0.3,0.0,-0.0027,-0.0003,0.0572,0.2500,0.65,7.73
2,4,21.584,0.0,0.3,0.0,-0.0015,-0.0009,0.0570,0.2501,1.12,7.72
2,4,21.606,0.0,0.3,0.0,-0.0047,-0.0033,0.0561,0.2504,2.63,7.56
2,4,21.625,0.0,0.3,0.0,-0.0086,-0.0048,0.0553,0.2507,2.97,7.40
2,4,21.646,0.0,0.3,0.0,-0.0120,-0.0055,0.0545,0.2509,3.29,8.19
2,4,21.663,0.0,0.3,0.0,-0.0095,-0.0055,0.0532,0.2512,2.92,8.90
2,4,21.685,0.0,0.3,0.0,-0.0135,-0.0047,0.0522,0.2512,1.70,9.99
2,4,21.706,0.0,0.3,0.0,-0.0075,-0.0050,0.0517,0.2511,1.83,10.02
2,4,21.728,0.0,0.3,0.0,-0.0120,-0.0081,0.0506,0.2508,2.21,10.41
2,4,21.745,0.0,0.3,0.0,-0.0127,-0.0090,0.0491,0.2501,3.82,10.41
2,4,21.770,0.0,0.3,0.0,-0.0046,-0.0109,0.0480,0.2494,4.67,10.19
2,4,21.786,0.0,0.3,0.0,-0.0061,-0.0136,0.0473,0.2488,5.32,10.04
2,4,21.810,0.0,0.3,0.0,-0.0003,-0.0159,0.0471,0.2483,5.08,9.68
2,4,21.826,0.0,0.3,0.0,0.0024,-0.0125,0.0474,0.2480,4.54,9.82
2,4,21.843,0.0,0.3,0.0,0.0080,-0.0054,0.0483,0.2475,2.39,9.08
2,4,21.863,0.0,0.3,0.0,0.0092,-0.0049,0.0485,0.2474,1.50,8.48
2,4,21.884,0.0,0.3,0.0,0.0047,-0.0041,0.0489,0.2474,1.01,8.44
2,4,21.908,0.0,0.3,0.0,0.0105,-0.0049,0.0495,0.2475,2.25,7.15
2,4,21.929,0.0,0.3,0.0,0.0057,-0.0066,0.0502,0.2477,2.83,7.13
2,4,21.947,0.0,0.3,0.0,0.0047,-0.0077,0.0512,0.2481,3.84,7.93
2,4,21.964,0.0,0.3,0.0,0.0055,-0.0078,0.0525,0.2486,3.94,8.32
2,4,21.984,0.0,0.3,0.0,0.0030,-0.0064,0.0534,0.2489,3.50,8.75
2,4,22.007,0.0,0.3,0.0,0.0002,-0.0054,0.0537,0.2490,3.28,8.72
2,4,22.030,0.0,0.3,0.0,-0.0022,0.0016,0.0550,0.2493,1.80,9.47
2,4,22.045,0.0,0.3,0.0,-0.0051,0.0003,0.0555,0.2493,1.11,9.75
2,4,22.063,0.0,0.3,0.0,-0.0014,0.0001,0.0557,0.2493,1.03,9.76
2,4,22.084,0.0,0.3,0.0,-0.0035,-0.0003,0.0564,0.2493,0.88,9.80
2,4,22.107,0.0,0.3,0.0,-0.0023,0.0001,0.0568,0.2493,0.48,9.58
2,4,22.129,0.0,0.3,0.0,-0.0017,0.0003,0.0569,0.2493,0.19,9.20
2,4,22.148,0.0,0.3,0.0,-0.0014,0.0003,0.0569,0.2493,0.35,8.62
2,4,22.164,0.0,0.3,0.0,-0.0015,0.0001,0.0569,0.2493,0.55,8.62
2,4,22.185,0.0,0.3,0.0,-0.0019,-0.0008,0.0566,0.2495,1.63,7.22
2,4,22.207,0.0,0.3,0.0,-0.0041,-0.0023,0.0559,0.2496,2.47,7.50
2,4,22.225,0.0,0.3,0.0,-0.0063,-0.0044,0.0551,0.2499,2.98,7.41
2,4,22.246,0.0,0.3,0.0,-0.0032,-0.0052,0.0546,0.2501,3.68,9.07
2,4,22.265,0.0,0.3,0.0,-0.0124,-0.0069,0.0535,0.2503,3.68,8.87
2,4,22.286,0.0,0.3,0.0,-0.0127,-0.0049,0.0520,0.2505,2.07,9.90
2,4,22.315,0.0,0.3,0.0,-0.0045,-0.0045,0.0514,0.2504,1.77,9.92
2,4,22.323,0.0,0.3,0.0,-0.0106,-0.0048,0.0506,0.2503,1.99,10.30
2,4,22.345,0.0,0.3,0.0,-0.0108,-0.0065,0.0495,0.2498,2.89,10.37
2,4,22.366,0.0,0.3,0.0,-0.0040,-0.0076,0.0488,0.2494,3.95,10.24
2,4,22.386,0.0,0.3,0.0,-0.0028,-0.0107,0.0476,0.2486,5.09,10.28
2,4,22.405,0.0,0.3,0.0,0.0026,-0.0133,0.0474,0.2482,5.30,9.69
2,4,22.423,0.0,0.3,0.0,0.0063,-0.0081,0.0475,0.2477,4.22,9.47
2,4,22.442,0.0,0.3,0.0,0.0128,-0.0056,0.0483,0.2473,1.96,9.09
2,4,22.464,0.0,0.3,0.0,0.0099,-0.0046,0.0486,0.2472,1.33,8.49
2,4,22.485,0.0,0.3,0.0,0.0048,-0.0035,0.0490,0.2472,1.00,7.88
2,4,22.510,0.0,0.3,0.0,0.0113,-0.0041,0.0495,0.2473,1.85,7.19
2,4,22.526,0.0,0.3,0.0,0.0091,-0.0064,0.0500,0.2475,2.71,7.17
2,4,22.550,0.0,0.3,0.0,0.0064,-0.0076,0.0513,0.2480,3.77,8.00
2,4,22.564,0.0,0.3,0.0,0.0057,-0.0072,0.0519,0.2483,3.97,8.47
2,4,22.585,0.0,0.3,0.0,0.0030,-0.0060,0.0531,0.2487,3.50,8.83
2,4,22.604,0.0,0.3,0.0,0.0007,-0.0041,0.0536,0.2489,3.04,9.24
2,4,22.626,0.0,0.3,0.0,-0.0017,0.0018,0.0545,0.2491,2.01,9.55
2,4,22.645,0.0,0.3,0.0,-0.0022,0.0016,0.0550,0.2491,1.33,9.79
2,4,22.665,0.0,0.3,0.0,-0.0038,0.0002,0.0555,0.2491,0.99,9.92
2,4,22.684,0.0,0.3,0.0,-0.0032,-0.0001,0.0561,0.2490,0.92,9.87
2,4,22.709,0.0,0.3,0.0,-0.0020,0.0002,0.0565,0.2490,0.44,9.64
2,4,22.731,0.0,0.3,0.0,-0.0013,0.0005,0.0566,0.2490,0.18,9.25
2,4,22.748,0.0,0.3,0.0,-0.0014,0.0005,0.0566,0.2491,0.36,8.69
2,4,22.765,0.0,0.3,0.0,-0.0016,0.0003,0.0565,0.2491,0.65,7.93
2,4,22.783,0.0,0.3,0.0,-0.0009,-0.0002,0.0563,0.2492,1.20,7.93
2,4,22.814,0.0,0.3,0.0,-0.0072,-0.0031,0.0553,0.2495,2.74,7.57
2,4,22.829,0.0,0.3,0.0,-0.0057,-0.0043,0.0547,0.2497,3.08,7.39
2,4,22.845,0.0,0.3,0.0,-0.0109,-0.0057,0.0530,0.2502,3.73,8.87
2,4,22.864,0.0,0.3,0.0,-0.0112,-0.0060,0.0523,0.2503,3.45,9.45
2,4,22.883,0.0,0.3,0.0,-0.0097,-0.0039,0.0508,0.2504,1.80,9.91
2,4,22.905,0.0,0.3,0.0,-0.0108,-0.0036,0.0506,0.2504,1.63,9.92
2,4,22.928,0.0,0.3,0.0,-0.0061,-0.0043,0.0493,0.2501,2.04,10.37
2,4,22.945,0.0,0.3,0.0,-0.0076,-0.0054,0.0485,0.2498,2.77,10.46
2,4,22.967,0.0,0.3,0.0,-0.0019,-0.0102,0.0472,0.2489,4.68,10.36
2,4,22.984,0.0,0.3,0.0,0.0031,-0.0120,0.0468,0.2484,4.98,10.19
2,4,23.005,0.0,0.3,0.0,0.0087,-0.0104,0.0467,0.2479,4.72,9.90
2,4,23.029,0.0,0.3,0.0,0.0066,-0.0057,0.0471,0.2475,3.23,9.58
2,4,23.045,0.0,0.3,0.0,0.0177,-0.0047,0.0475,0.2472,2.13,9.08
2,4,23.063,0.0,0.3,0.0,0.0130,-0.0043,0.0481,0.2471,1.20,8.52
2,4,23.081,0.0,0.3,0.0,0.0077,-0.0037,0.0484,0.2471,1.09,7.90
2,4,23.104,0.0,0.3,0.0,0.0086,-0.0044,0.0489,0.2473,2.23,7.22
2,4,23.126,0.0,0.3,0.0,0.0062,-0.0055,0.0495,0.2475,2.97,7.57
2,4,23.145,0.0,0.3,0.0,0.0088,-0.0062,0.0506,0.2480,4.03,8.02
2,4,23.164,0.0,0.3,0.0,0.0054,-0.0059,0.0516,0.2483,4.04,8.46
2,4,23.184,0.0,0.3,0.0,0.0027,-0.0054,0.0526,0.2487,3.53,8.88
2,4,23.205,0.0,0.3,0.0,0.0006,-0.0004,0.0536,0.2490,2.65,9.27
2,4,23.225,0.0,0.3,0.0,-0.0024,0.0019,0.0541,0.2491,1.85,9.60
2,4,23.245,0.0,0.3,0.0,-0.0022,0.0015,0.0546,0.2491,1.23,9.64
2,4,23.263,0.0,0.3,0.0,-0.0028,0.0001,0.0552,0.2491,0.94,9.97
2,4,23.283,0.0,0.3,0.0,-0.0027,0.0001,0.0558,0.2490,0.87,9.90
2,4,23.305,0.0,0.3,0.0,-0.0029,0.0003,0.0562,0.2490,0.64,9.65
2,4,23.324,0.0,0.3,0.0,-0.0017,0.0004,0.0564,0.2490,0.23,9.25
2,4,23.344,0.0,0.3,0.0,-0.0013,0.0006,0.0564,0.2490,0.19,8.69
2,4,23.366,0.0,0.3,0.0,-0.0015,0.0002,0.0562,0.2491,0.93,7.93
2,4,23.384,0.0,0.3,0.0,-0.0042,-0.0014,0.0558,0.2493,1.81,7.18
2,4,23.410,0.0,0.3,0.0,-0.0049,-0.0032,0.0549,0.2496,2.69,7.49
2,4,23.425,0.0,0.3,0.0,-0.0102,-0.0038,0.0541,0.2499,3.17,8.29
2,4,23.445,0.0,0.3,0.0,-0.0117,-0.0054,0.0531,0.2502,3.65,8.97
2,4,23.464,0.0,0.3,0.0,-0.0110,-0.0048,0.0518,0.2504,2.96,9.51
2,4,23.484,0.0,0.3,0.0,-0.0058,-0.0037,0.0512,0.2504,2.25,9.93
2,4,23.505,0.0,0.3,0.0,-0.0106,-0.0025,0.0503,0.2504,1.68,10.22
2,4,23.526,0.0,0.3,0.0,-0.0084,-0.0034,0.0492,0.2501,2.07,10.38
2,4,23.545,0.0,0.3,0.0,-0.0043,-0.0055,0.0479,0.2495,3.76,10.41
2,4,23.563,0.0,0.3,0.0,-0.0015,-0.0098,0.0468,0.2488,4.69,10.36
2,4,23.585,0.0,0.3,0.0,0.0035,-0.0104,0.0464,0.2482,4.85,10.24
2,4,23.609,0.0,0.3,0.0,0.0071,-0.0066,0.0465,0.2477,4.22,9.90
2,4,23.625,0.0,0.3,0.0,0.0160,-0.0044,0.0468,0.2474,3.44,9.56
2,4,23.645,0.0,0.3,0.0,0.0138,-0.0049,0.0473,0.2471,1.87,9.09
2,4,23.664,0.0,0.3,0.0,0.0126,-0.0040,0.0478,0.2470,1.12,8.54
2,4,23.684,0.0,0.3,0.0,0.0073,-0.0029,0.0483,0.2471,1.31,7.90
2,4,23.708,0.0,0.3,0.0,0.0062,-0.0040,0.0487,0.2473,2.29,7.19
2,4,23.725,0.0,0.3,0.0,0.0096,-0.0051,0.0493,0.2475,3.11,7.52
2,4,23.744,0.0,0.3,0.0,0.0098,-0.0058,0.0505,0.2480,4.03,7.98
2,4,23.764,0.0,0.3,0.0,0.0057,-0.0054,0.0518,0.2484,3.98,8.39
2,4,23.783,0.0,0.3,0.0,0.0044,-0.0042,0.0527,0.2488,3.38,8.86
2,4,23.815,0.0,0.3,0.0,-0.0003,-0.0005,0.0536,0.2490,2.29,9.27
2,4,23.827,0.0,0.3,0.0,-0.0022,0.0016,0.0541,0.2492,1.66,9.29
2,4,23.846,0.0,0.3,0.0,-0.0022,0.0013,0.0545,0.2492,1.14,9.85
2,4,23.865,0.0,0.3,0.0,-0.0038,0.0002,0.0550,0.2492,0.99,9.95
2,4,23.885,0.0,0.3,0.0,-0.0024,-0.0000,0.0558,0.2491,0.93,9.87
2,4,23.910,0.0,0.3,0.0,-0.0025,0.0002,0.0562,0.2490,0.51,9.62
2,4,23.926,0.0,0.3,0.0,-0.0011,0.0005,0.0563,0.2490,0.15,9.24
2,4,23.945,0.0,0.3,0.0,-0.0011,0.0006,0.0563,0.2491,0.20,8.66
2,4,23.964,0.0,0.3,0.0,-0.0014,0.0005,0.0562,0.2491,0.64,7.91
2,4,23.985,0.0,0.3,0.0,-0.0023,-0.0004,0.0560,0.2493,1.38,7.24
2,4,24.006,0.0,0.3,0.0,-0.0061,-0.0022,0.0553,0.2495,2.43,7.59
2,4,24.026,0.0,0.3,0.0,-0.0040,-0.0035,0.0548,0.2497,3.08,8.42
2,4,24.047,0.0,0.3,0.0,-0.0087,-0.0057,0.0535,0.2500,3.77,8.97
2,4,24.064,0.0,0.3,0.0,-0.0121,-0.0053,0.0524,0.2503,3.23,9.49
2,4,24.085,0.0,0.3,0.0,-0.0094,-0.0035,0.0512,0.2503,1.91,9.93
2,4,24.109,0.0,0.3,0.0,-0.0069,-0.0020,0.0503,0.2502,1.82,10.24
2,4,24.126,0.0,0.3,0.0,-0.0103,-0.0034,0.0495,0.2500,1.97,10.39
2,4,24.144,0.0,0.3,0.0,-0.0054,-0.0045,0.0486,0.2496,3.06,10.38
2,4,24.164,0.0,0.3,0.0,-0.0026,-0.0089,0.0474,0.2490,4.53,10.33
2,4,24.184,0.0,0.3,0.0,0.0013,-0.0109,0.0469,0.2484,4.99,10.17
2,4,24.204,0.0,0.3,0.0,0.0117,-0.0083,0.0469,0.2478,4.60,9.97
2,4,24.225,0.0,0.3,0.0,0.0109,-0.0050,0.0473,0.2473,3.30,9.61
2,4,24.247,0.0,0.3,0.0,0.0069,-0.0045,0.0476,0.2472,2.45,9.10
2,4,24.265,0.0,0.3,0.0,0.0141,-0.0040,0.0481,0.2470,1.16,8.56
2,4,24.285,0.0,0.3,0.0,0.0107,-0.0034,0.0485,0.2470,1.39,7.94
2,4,24.304,0.0,0.3,0.0,0.0067,-0.0032,0.0489,0.2472,1.93,7.25
2,4,24.328,0.0,0.3,0.0,0.0081,-0.0052,0.0497,0.2475,3.35,7.49
2,4,24.345,0.0,0.3,0.0,0.0115,-0.0057,0.0509,0.2480,3.96,7.94
2,4,24.364,0.0,0.3,0.0,0.0039,-0.0054,0.0515,0.2482,4.06,7.83
2,4,24.385,0.0,0.3,0.0,0.0054,-0.0048,0.0524,0.2486,3.81,8.88
2,4,24.410,0.0,0.3,0.0,0.0018,-0.0005,0.0537,0.2490,2.62,9.22
2,4,24.424,0.0,0.3,0.0,-0.0013,0.0016,0.0541,0.2490,2.05,9.22
2,4,24.449,0.0,0.3,0.0,-0.0031,0.0013,0.0550,0.2491,1.19,9.83
2,4,24.464,0.0,0.3,0.0,-0.0025,0.0001,0.0555,0.2491,0.98,9.84
2,4,24.484,0.0,0.3,0.0,-0.0017,0.0000,0.0558,0.2490,0.95,9.93
2,4,24.511,0.0,0.3,0.0,-0.0029,0.0003,0.0564,0.2490,0.37,9.65
2,4,24.527,0.0,0.3,0.0,-0.0014,0.0005,0.0565,0.2490,0.16,9.67
2,4,24.545,0.0,0.3,0.0,-0.0016,0.0006,0.0565,0.2490,0.16,9.25
2,4,24.564,0.0,0.3,0.0,-0.0015,0.0004,0.0564,0.2491,0.92,7.95
2,4,24.585,0.0,0.3,0.0,-0.0030,-0.0008,0.0561,0.2492,1.76,7.29
2,4,24.604,0.0,0.3,0.0,-0.0036,-0.0020,0.0555,0.2494,2.39,7.53
2,4,24.628,0.0,0.3,0.0,-0.0110,-0.0044,0.0542,0.2498,3.50,8.27
2,4,24.643,0.0,0.3,0.0,-0.0077,-0.0046,0.0531,0.2501,3.56,8.88
2,4,24.664,0.0,0.3,0.0,-0.0103,-0.0051,0.0521,0.2503,3.26,9.46
2,4,24.685,0.0,0.3,0.0,-0.0123,-0.0033,0.0509,0.2504,1.97,9.91
2,4,24.708,0.0,0.3,0.0,-0.0055,-0.0018,0.0501,0.2503,1.75,10.22
2,4,24.726,0.0,0.3,0.0,-0.0088,-0.0031,0.0493,0.2501,2.03,10.39
2,4,24.745,0.0,0.3,0.0,-0.0044,-0.0036,0.0487,0.2498,2.51,10.42
2,4,24.761,0.0,0.3,0.0,-0.0040,-0.0074,0.0474,0.2492,4.17,10.27
2,4,24.785,0.0,0.3,0.0,0.0008,-0.0108,0.0468,0.2487,4.97,10.12
2,4,24.807,0.0,0.3,0.0,0.0075,-0.0093,0.0466,0.2480,4.77,9.88
2,4,24.826,0.0,0.3,0.0,0.0094,-0.0060,0.0469,0.2476,4.04,9.59
2,4,24.845,0.0,0.3,0.0,0.0135,-0.0045,0.0475,0.2473,2.34,9.13
2,4,24.864,0.0,0.3,0.0,0.0118,-0.0041,0.0479,0.2471,1.33,8.57
2,4,24.886,0.0,0.3,0.0,0.0077,-0.0030,0.0484,0.2471,1.35,7.93
2,4,24.908,0.0,0.3,0.0,0.0063,-0.0034,0.0489,0.2473,2.27,7.25
2,4,24.927,0.0,0.3,0.0,0.0102,-0.0043,0.0495,0.2475,3.12,7.46
2,4,24.944,0.0,0.3,0.0,0.0098,-0.0050,0.0506,0.2480,4.08,7.92
2,4,24.966,0.0,0.3,0.0,0.0047,-0.0046,0.0516,0.2484,4.06,8.39
2,4,24.984,0.0,0.3,0.0,0.0070,-0.0038,0.0528,0.2488,3.38,8.81
2,4,25.007,0.0,0.3,0.0,0.0007,-0.0016,0.0535,0.2490,2.57,9.23
2,4,25.025,0.0,0.3,0.0,-0.0013,0.0017,0.0541,0.2491,1.87,9.58
2,4,25.045,0.0,0.3,0.0,-0.0011,0.0024,0.0544,0.2492,1.52,9.80
2,4,25.064,0.0,0.3,0.0,-0.0038,0.0006,0.0552,0.2491,1.15,9.89
2,4,25.084,0.0,0.3,0.0,-0.0024,-0.0000,0.0557,0.2491,1.08,9.83
2,4,25.106,0.0,0.3,0.0,-0.0023,0.0002,0.0561,0.2490,0.56,9.58
2,4,25.127,0.0,0.3,0.0,-0.0012,0.0005,0.0563,0.2490,0.15,9.21
2,4,25.149,0.0,0.3,0.0,-0.0009,0.0007,0.0563,0.2491,0.18,8.63
2,4,25.163,0.0,0.3,0.0,-0.0017,0.0006,0.0562,0.2492,0.53,8.63
2,4,25.185,0.0,0.3,0.0,-0.0026,-0.0004,0.0560,0.2493,1.51,7.28
2,4,25.203,0.0,0.3,0.0,-0.0038,-0.0017,0.0555,0.2495,2.14,7.24
2,4,25.229,0.0,0.3,0.0,-0.0080,-0.0041,0.0545,0.2498,3.44,8.32
2,4,25.245,0.0,0.3,0.0,-0.0099,-0.0045,0.0535,0.2501,3.47,8.12
2,4,25.270,0.0,0.3,0.0,-0.0056,-0.0049,0.0525,0.2503,3.29,9.49
2,4,25.285,0.0,0.3,0.0,-0.0128,-0.0042,0.0515,0.2504,2.49,9.45
2,4,25.306,0.0,0.3,0.0,-0.0108,-0.0025,0.0507,0.2504,1.53,9.87
2,4,25.328,0.0,0.3,0.0,-0.0059,-0.0029,0.0497,0.2502,1.87,10.33
2,4,25.345,0.0,0.3,0.0,-0.0068,-0.0048,0.0484,0.2496,3.34,10.38
2,4,25.364,0.0,0.3,0.0,-0.0014,-0.0082,0.0475,0.2491,4.41,10.29
2,4,25.384,0.0,0.3,0.0,0.0013,-0.0111,0.0470,0.2486,5.00,10.49
2,4,25.405,0.0,0.3,0.0,0.0073,-0.0102,0.0468,0.2479,5.01,9.95
2,4,25.428,0.0,0.3,0.0,0.0126,-0.0051,0.0473,0.2473,3.31,9.62
2,4,25.443,0.0,0.3,0.0,0.0071,-0.0049,0.0475,0.2472,2.86,9.64
2,4,25.465,0.0,0.3,0.0,0.0140,-0.0047,0.0479,0.2470,1.68,9.14
2,4,25.484,0.0,0.3,0.0,0.0078,-0.0031,0.0486,0.2470,1.41,7.94
2,4,25.504,0.0,0.3,0.0,0.0094,-0.0029,0.0489,0.2471,1.80,7.93
2,4,25.527,0.0,0.3,0.0,0.0085,-0.0049,0.0498,0.2475,3.50,7.39
2,4,25.544,0.0,0.3,0.0,0.0064,-0.0053,0.0507,0.2479,3.91,7.14
2,4,25.564,0.0,0.3,0.0,0.0054,-0.0050,0.0516,0.2483,3.98,8.46
2,4,25.584,0.0,0.3,0.0,0.0073,-0.0041,0.0528,0.2487,3.56,8.86
2,4,25.606,0.0,0.3,0.0,0.0017,0.0002,0.0539,0.2490,2.55,9.21
2,4,25.625,0.0,0.3,0.0,-0.0008,0.0025,0.0544,0.2491,1.85,9.57
2,4,25.644,0.0,0.3,0.0,-0.0028,0.0018,0.0549,0.2491,1.27,9.83
2,4,25.663,0.0,0.3,0.0,-0.0039,0.0002,0.0556,0.2491,1.03,9.93
2,4,25.685,0.0,0.3,0.0,-0.0023,0.0001,0.0561,0.2490,0.99,9.86
2,4,25.708,0.0,0.3,0.0,-0.0025,0.0005,0.0567,0.2490,0.32,9.61
2,4,25.725,0.0,0.3,0.0,-0.0011,0.0005,0.0567,0.2490,0.17,9.20
2,4,25.745,0.0,0.3,0.0,-0.0013,0.0008,0.0567,0.2490,0.38,8.62
2,4,25.762,0.0,0.3,0.0,-0.0014,0.0003,0.0566,0.2491,0.90,7.96
2,4,25.782,0.0,0.3,0.0,-0.0033,-0.0009,0.0563,0.2493,1.69,7.27
2,4,25.806,0.0,0.3,0.0,-0.0047,-0.0025,0.0557,0.2495,2.59,7.60
2,4,25.824,0.0,0.3,0.0,-0.0064,-0.0041,0.0546,0.2498,3.42,8.27
2,4,25.844,0.0,0.3,0.0,-0.0113,-0.0053,0.0536,0.2501,3.67,8.93
2,4,25.864,0.0,0.3,0.0,-0.0119,-0.0045,0.0522,0.2503,2.81,9.46
2,4,25.884,0.0,0.3,0.0,-0.0084,-0.0025,0.0512,0.2504,1.39,9.96
2,4,25.906,0.0,0.3,0.0,-0.0071,-0.0022,0.0508,0.2503,1.35,10.26
2,4,25.925,0.0,0.3,0.0,-0.0063,-0.0023,0.0500,0.2501,1.99,10.33
2,4,25.945,0.0,0.3,0.0,-0.0055,-0.0046,0.0486,0.2495,3.51,10.38
2,4,25.964,0.0,0.3,0.0,-0.0010,-0.0092,0.0475,0.2489,4.71,10.33
2,4,25.984,0.0,0.3,0.0,0.0033,-0.0103,0.0472,0.2485,5.03,10.05
2,4,26.010,0.0,0.3,0.0,0.0080,-0.0076,0.0473,0.2477,4.60,10.00
2,4,26.028,0.0,0.3,0.0,0.0156,-0.0050,0.0476,0.2473,3.70,9.62
2,4,26.047,0.0,0.3,0.0,0.0112,-0.0044,0.0480,0.2471,2.38,9.15
2,4,26.064,0.0,0.3,0.0,0.0110,-0.0041,0.0484,0.2470,1.37,9.14
2,4,26.091,0.0,0.3,0.0,0.0070,-0.0031,0.0489,0.2470,1.38,7.94
2,4,26.105,0.0,0.3,0.0,0.0054,-0.0029,0.0492,0.2470,1.75,7.94
2,4,26.126,0.0,0.3,0.0,0.0113,-0.0039,0.0497,0.2472,2.82,7.52
2,4,26.145,0.0,0.3,0.0,0.0064,-0.0051,0.0505,0.2476,3.78,7.23
2,4,26.165,0.0,0.3,0.0,0.0056,-0.0052,0.0518,0.2481,4.30,8.38
2,4,26.184,0.0,0.3,0.0,0.0038,-0.0044,0.0531,0.2485,3.70,8.77
2,4,26.219,0.0,0.3,0.0,0.0004,-0.0018,0.0538,0.2488,2.89,9.20
2,4,26.228,0.0,0.3,0.0,-0.0012,0.0012,0.0543,0.2489,2.40,9.19
2,4,26.244,0.0,0.3,0.0,-0.0025,0.0022,0.0548,0.2490,1.70,9.56
2,4,26.264,0.0,0.3,0.0,-0.0035,0.0011,0.0552,0.2490,1.22,9.89
2,4,26.286,0.0,0.3,0.0,-0.0030,0.0000,0.0560,0.2490,1.04,9.84
2,4,26.306,0.0,0.3,0.0,-0.0043,0.0001,0.0564,0.2489,0.77,9.84
2,4,26.327,0.0,0.3,0.0,-0.0023,0.0005,0.0566,0.2489,0.18,9.21
2,4,26.345,0.0,0.3,0.0,-0.0012,0.0007,0.0566,0.2490,0.15,9.23
2,4,26.365,0.0,0.3,0.0,-0.0015,0.0004,0.0565,0.2491,0.89,7.97
2,4,26.387,0.0,0.3,0.0,-0.0035,-0.0006,0.0562,0.2492,1.46,7.29
2,4,26.407,0.0,0.3,0.0,-0.0051,-0.0018,0.0557,0.2494,2.34,7.60
2,4,26.427,0.0,0.3,0.0,-0.0067,-0.0032,0.0550,0.2496,3.14,8.37
2,4,26.445,0.0,0.3,0.0,-0.0106,-0.0043,0.0538,0.2500,3.51,8.96
2,4,26.465,0.0,0.3,0.0,-0.0091,-0.0049,0.0527,0.2502,3.22,9.48
2,4,26.484,0.0,0.3,0.0,-0.0090,-0.0036,0.0518,0.2503,2.27,9.89
2,4,26.506,0.0,0.3,0.0,-0.0107,-0.0020,0.0508,0.2502,1.49,10.21
2,4,26.527,0.0,0.3,0.0,-0.0060,-0.0029,0.0500,0.2500,1.89,10.35
2,4,26.545,0.0,0.3,0.0,-0.0073,-0.0046,0.0488,0.2495,3.20,10.39
2,4,26.565,0.0,0.3,0.0,-0.0021,-0.0083,0.0479,0.2490,4.44,10.30
2,4,26.592,0.0,0.3,0.0,0.0044,-0.0106,0.0473,0.2481,5.10,10.30
2,4,26.607,0.0,0.3,0.0,0.0084,-0.0087,0.0474,0.2476,4.75,10.01
2,4,26.635,0.0,0.3,0.0,0.0048,-0.0050,0.0478,0.2471,3.35,9.62
2,4,26.649,0.0,0.3,0.0,0.0210,-0.0048,0.0480,0.2471,2.90,9.65
2,4,26.664,0.0,0.3,0.0,0.0141,-0.0048,0.0485,0.2469,1.49,8.59
2,4,26.684,0.0,0.3,0.0,0.0091,-0.0034,0.0490,0.2469,1.46,7.96
2,4,26.706,0.0,0.3,0.0,0.0099,-0.0034,0.0496,0.2471,1.95,7.28
2,4,26.728,0.0,0.3,0.0,0.0085,-0.0040,0.0500,0.2473,2.90,7.25
2,4,26.745,0.0,0.3,0.0,0.0061,-0.0052,0.0508,0.2476,3.92,7.19
2,4,26.765,0.0,0.3,0.0,0.0077,-0.0048,0.0521,0.2481,4.37,8.37
2,4,26.785,0.0,0.3,0.0,0.0045,-0.0044,0.0531,0.2485,3.91,8.77
2,4,26.803,0.0,0.3,0.0,0.0028,-0.0031,0.0537,0.2487,3.44,9.17
2,4,26.827,0.0,0.3,0.0,-0.0004,0.0024,0.0546,0.2489,2.31,9.50
2,4,26.845,0.0,0.3,0.0,-0.0017,0.0023,0.0552,0.2489,1.45,9.76
2,4,26.864,0.0,0.3,0.0,-0.0025,0.0010,0.0555,0.2489,1.16,9.89
2,4,26.888,0.0,0.3,0.0,-0.0043,0.0000,0.0564,0.2489,0.96,9.84
2,4,26.906,0.0,0.3,0.0,-0.0039,0.0002,0.0568,0.2488,0.69,9.58
2,4,26.926,0.0,0.3,0.0,-0.0017,0.0006,0.0570,0.2488,0.19,9.18
2,4,26.948,0.0,0.3,0.0,-0.0010,0.0007,0.0570,0.2489,0.22,8.61
2,4,26.965,0.0,0.3,0.0,-0.0024,0.0006,0.0569,0.2490,0.56,8.61
2,4,26.984,0.0,0.3,0.0,-0.0009,-0.0006,0.0565,0.2491,1.68,7.35
2,4,27.009,0.0,0.3,0.0,-0.0051,-0.0024,0.0560,0.2494,2.69,7.59
2,4,27.026,0.0,0.3,0.0,-0.0093,-0.0033,0.0552,0.2496,3.30,8.29
2,4,27.046,0.0,0.3,0.0,-0.0064,-0.0040,0.0548,0.2497,3.52,8.23
2,5,27.069,0.0,0.0,0.0,0.0000,-0.0053,0.0534,0.2500,3.51,9.48
2,5,27.089,0.0,0.0,0.0,-0.0104,-0.0035,0.0522,0.2502,2.68,8.83
2,5,27.111,0.0,0.0,0.0,-0.0071,0.0020,0.0515,0.2503,1.78,8.87
2,5,27.125,0.0,0.0,0.0,-0.0023,0.0027,0.0509,0.2504,2.39,8.80
2,5,27.145,0.0,0.0,0.0,-0.0002,0.0003,0.0502,0.2505,2.40,8.53
2,5,27.164,0.0,0.0,0.0,0.0003,-0.0004,0.0501,0.2506,2.18,8.49
2,5,27.194,0.0,0.0,0.0,0.0018,-0.0020,0.0493,0.2509,1.83,8.15
2,5,27.207,0.0,0.0,0.0,0.0020,-0.0022,0.0488,0.2510,1.74,8.04
2,5,27.226,0.0,0.0,0.0,0.0020,-0.0021,0.0484,0.2511,1.67,7.97
2,5,27.244,0.0,0.0,0.0,0.0028,-0.0020,0.0480,0.2512,1.56,7.89
2,5,27.265,0.0,0.0,0.0,0.0026,-0.0021,0.0475,0.2514,1.41,7.83
2,5,27.285,0.0,0.0,0.0,0.0011,-0.0021,0.0473,0.2515,1.32,7.78
2,5,27.306,0.0,0.0,0.0,0.0032,-0.0021,0.0468,0.2517,1.10,7.71
2,5,27.325,0.0,0.0,0.0,0.0028,-0.0020,0.0465,0.2518,0.97,7.70
2,5,27.350,0.0,0.0,0.0,0.0016,-0.0019,0.0464,0.2518,0.88,7.69
2,5,27.364,0.0,0.0,0.0,0.0015,-0.0017,0.0462,0.2519,0.77,7.69
2,5,27.384,0.0,0.0,0.0,0.0018,-0.0012,0.0460,0.2520,0.58,7.72
2,5,27.404,0.0,0.0,0.0,0.0011,-0.0010,0.0459,0.2520,0.51,7.75
2,5,27.426,0.0,0.0,0.0,0.0008,-0.0008,0.0458,0.2521,0.42,7.76
2,5,27.445,0.0,0.0,0.0,0.0004,-0.0006,0.0457,0.2521,0.35,7.78
2,5,27.467,0.0,0.0,0.0,0.0002,-0.0004,0.0456,0.2522,0.28,7.79
2,5,27.485,0.0,0.0,0.0,0.0002,-0.0003,0.0455,0.2522,0.26,7.80
2,5,27.506,0.0,0.0,0.0,0.0001,-0.0003,0.0455,0.2522,0.24,7.80
2,5,27.525,0.0,0.0,0.0,0.0000,-0.0003,0.0455,0.2522,0.23,7.79
2,5,27.545,0.0,0.0,0.0,0.0001,-0.0003,0.0454,0.2522,0.22,7.79
2,5,27.563,0.0,0.0,0.0,0.0001,-0.0002,0.0453,0.2523,0.22,7.78
2,5,27.584,0.0,0.0,0.0,0.0000,-0.0002,0.0453,0.2523,0.21,7.77
2,5,27.605,0.0,0.0,0.0,0.0001,-0.0003,0.0452,0.2523,0.21,7.76
2,5,27.626,0.0,0.0,0.0,0.0001,-0.0002,0.0452,0.2523,0.20,7.75
2,5,27.649,0.0,0.0,0.0,0.0001,-0.0002,0.0452,0.2524,0.20,7.74
2,5,27.664,0.0,0.0,0.0,0.0001,-0.0002,0.0451,0.2524,0.19,7.73
2,5,27.685,0.0,0.0,0.0,0.0001,-0.0002,0.0451,0.2524,0.18,7.72
2,5,27.703,0.0,0.0,0.0,0.0000,-0.0002,0.0450,0.2524,0.18,7.71
2,5,27.726,0.0,0.0,0.0,0.0000,-0.0002,0.0450,0.2524,0.18,7.70
2,5,27.745,0.0,0.0,0.0,0.0000,-0.0002,0.0449,0.2525,0.17,7.69
2,5,27.768,0.0,0.0,0.0,0.0000,-0.0002,0.0449,0.2525,0.16,7.68
2,5,27.785,0.0,0.0,0.0,0.0000,-0.0002,0.0449,0.2525,0.16,7.68
2,5,27.809,0.0,0.0,0.0,0.0000,-0.0002,0.0448,0.2525,0.16,7.67
2,5,27.825,0.0,0.0,0.0,0.0000,-0.0001,0.0448,0.2525,0.15,7.66
2,5,27.845,0.0,0.0,0.0,0.0001,-0.0001,0.0448,0.2525,0.15,7.66
2,5,27.864,0.0,0.0,0.0,0.0000,-0.0001,0.0448,0.2526,0.15,7.65
2,5,27.885,0.0,0.0,0.0,0.0000,-0.0001,0.0447,0.2526,0.14,7.64
2,5,27.910,0.0,0.0,0.0,0.0000,-0.0001,0.0447,0.2526,0.14,7.63
2,5,27.928,0.0,0.0,0.0,0.0000,-0.0001,0.0447,0.2526,0.13,7.63
2,5,27.948,0.0,0.0,0.0,0.0001,-0.0001,0.0446,0.2526,0.13,7.62
2,5,27.965,0.0,0.0,0.0,0.0000,-0.0001,0.0446,0.2526,0.13,7.61
2,5,27.984,0.0,0.0,0.0,0.0000,-0.0001,0.0446,0.2527,0.13,7.61
2,5,28.009,0.0,0.0,0.0,0.0000,-0.0001,0.0446,0.2527,0.13,7.60
2,5,28.028,0.0,0.0,0.0,0.0000,-0.0001,0.0445,0.2527,0.12,7.60
2,5,28.045,0.0,0.0,0.0,0.0001,-0.0001,0.0445,0.2527,0.12,7.59
2,5,28.070,0.0,0.0,0.0,0.0001,-0.0001,0.0445,0.2527,0.12,7.59
2,5,28.085,0.0,0.0,0.0,0.0001,-0.0001,0.0445,0.2527,0.12,7.58
2,5,28.109,0.0,0.0,0.0,0.0001,-0.0001,0.0444,0.2527,0.11,7.57
2,5,28.129,0.0,0.0,0.0,0.0001,-0.0001,0.0444,0.2527,0.11,7.57
2,5,28.145,0.0,0.0,0.0,0.0001,-0.0001,0.0444,0.2528,0.11,7.56
2,5,28.164,0.0,0.0,0.0,0.0001,-0.0001,0.0444,0.2528,0.11,7.56
2,5,28.186,0.0,0.0,0.0,0.0000,-0.0001,0.0444,0.2528,0.11,7.55
2,5,28.212,0.0,0.0,0.0,0.0001,-0.0001,0.0444,0.2528,0.10,7.54
2,5,28.226,0.0,0.0,0.0,0.0001,-0.0001,0.0443,0.2528,0.10,7.54
2,5,28.245,0.0,0.0,0.0,0.0001,-0.0001,0.0443,0.2528,0.10,7.54
2,5,28.265,0.0,0.0,0.0,0.0001,-0.0001,0.0443,0.2528,0.10,7.53
2,5,28.285,0.0,0.0,0.0,0.0001,-0.0001,0.0443,0.2528,0.10,7.52
2,5,28.310,0.0,0.0,0.0,0.0001,-0.0001,0.0443,0.2528,0.10,7.52
2,5,28.326,0.0,0.0,0.0,0.0001,-0.0001,0.0443,0.2528,0.09,7.51
2,5,28.344,0.0,0.0,0.0,0.0002,-0.0001,0.0442,0.2529,0.09,7.51
2,5,28.363,0.0,0.0,0.0,0.0000,-0.0001,0.0442,0.2529,0.09,7.51
2,5,28.385,0.0,0.0,0.0,0.0002,-0.0001,0.0442,0.2529,0.09,7.50
2,5,28.412,0.0,0.0,0.0,0.0001,-0.0001,0.0442,0.2529,0.09,7.49
2,5,28.424,0.0,0.0,0.0,0.0001,-0.0001,0.0442,0.2529,0.09,7.49
2,5,28.448,0.0,0.0,0.0,0.0002,-0.0001,0.0442,0.2529,0.09,7.48
2,5,28.463,0.0,0.0,0.0,0.0001,-0.0001,0.0442,0.2529,0.09,7.48
2,5,28.485,0.0,0.0,0.0,0.0001,-0.0001,0.0442,0.2529,0.08,7.48
2,5,28.508,0.0,0.0,0.0,0.0002,-0.0001,0.0441,0.2529,0.08,7.47
2,5,28.526,0.0,0.0,0.0,0.0001,-0.0001,0.0441,0.2529,0.08,7.47
2,5,28.545,0.0,0.0,0.0,0.0001,-0.0001,0.0441,0.2529,0.08,7.46
2,5,28.564,0.0,0.0,0.0,0.0002,-0.0001,0.0441,0.2530,0.08,7.46
2,5,28.586,0.0,0.0,0.0,0.0002,-0.0001,0.0441,0.2530,0.08,7.45
2,5,28.604,0.0,0.0,0.0,0.0001,-0.0001,0.0441,0.2530,0.08,7.45
2,5,28.626,0.0,0.0,0.0,0.0002,-0.0001,0.0441,0.2530,0.08,7.44
2,5,28.644,0.0,0.0,0.0,0.0002,-0.0001,0.0441,0.2530,0.08,7.44
2,5,28.664,0.0,0.0,0.0,0.0001,-0.0001,0.0441,0.2530,0.07,7.44
2,5,28.685,0.0,0.0,0.0,0.0002,-0.0001,0.0441,0.2530,0.07,7.43
2,5,28.708,0.0,0.0,0.0,0.0002,-0.0001,0.0441,0.2530,0.07,7.43
2,5,28.731,0.0,0.0,0.0,0.0002,-0.0001,0.0440,0.2530,0.07,7.42
2,5,28.748,0.0,0.0,0.0,0.0001,-0.0001,0.0440,0.2530,0.07,7.42
2,5,28.764,0.0,0.0,0.0,0.0002,-0.0001,0.0440,0.2530,0.07,7.42
2,5,28.784,0.0,0.0,0.0,0.0002,-0.0001,0.0440,0.2530,0.07,7.41
2,5,28.807,0.0,0.0,0.0,0.0002,-0.0001,0.0440,0.2530,0.07,7.41
2,5,28.827,0.0,0.0,0.0,0.0002,-0.0001,0.0440,0.2531,0.07,7.41
2,5,28.851,0.0,0.0,0.0,0.0001,-0.0001,0.0440,0.2531,0.07,7.40
2,5,28.865,0.0,0.0,0.0,0.0002,-0.0001,0.0440,0.2531,0.07,7.40
2,5,28.886,0.0,0.0,0.0,0.0002,-0.0001,0.0440,0.2531,0.06,7.39
2,5,28.907,0.0,0.0,0.0,0.0003,-0.0001,0.0440,0.2531,0.06,7.39
2,5,28.929,0.0,0.0,0.0,0.0002,-0.0001,0.0440,0.2531,0.06,7.38
2,5,28.945,0.0,0.0,0.0,0.0002,-0.0001,0.0440,0.2531,0.06,7.38
2,5,28.964,0.0,0.0,0.0,0.0002,-0.0001,0.0440,0.2531,0.06,7.38
2,5,28.985,0.0,0.0,0.0,0.0003,-0.0001,0.0440,0.2531,0.06,7.37
2,5,29.007,0.0,0.0,0.0,0.0002,-0.0001,0.0440,0.2531,0.06,7.37
2,5,29.026,0.0,0.0,0.0,0.0002,-0.0002,0.0439,0.2531,0.06,7.37
2,5,29.045,0.0,0.0,0.0,0.0003,-0.0002,0.0439,0.2531,0.06,7.36
2,5,29.064,0.0,0.0,0.0,0.0002,-0.0002,0.0439,0.2531,0.06,7.36
2,5,29.085,0.0,0.0,0.0,0.0003,-0.0002,0.0439,0.2531,0.06,7.35
2,5,29.108,0.0,0.0,0.0,0.0001,-0.0002,0.0439,0.2531,0.06,7.35
2,5,29.126,0.0,0.0,0.0,0.0002,-0.0002,0.0439,0.2531,0.06,7.35
2,5,29.145,0.0,0.0,0.0,0.0003,-0.0002,0.0439,0.2532,0.06,7.35
2,5,29.165,0.0,0.0,0.0,0.0002,-0.0002,0.0439,0.2532,0.05,7.34
2,5,29.186,0.0,0.0,0.0,0.0002,-0.0002,0.0439,0.2532,0.05,7.34
2,5,29.210,0.0,0.0,0.0,0.0002,-0.0002,0.0439,0.2532,0.05,7.33
2,5,29.233,0.0,0.0,0.0,0.0001,-0.0002,0.0439,0.2532,0.05,7.33
2,5,29.245,0.0,0.0,0.0,0.0003,-0.0002,0.0439,0.2532,0.05,7.33
2,5,29.264,0.0,0.0,0.0,0.0003,-0.0002,0.0439,0.2532,0.05,7.33
2,5,29.286,0.0,0.0,0.0,0.0001,-0.0002,0.0439,0.2532,0.05,7.32
2,5,29.310,0.0,0.0,0.0,0.0003,-0.0002,0.0439,0.2532,0.05,7.32
2,5,29.325,0.0,0.0,0.0,0.0003,-0.0002,0.0439,0.2532,0.05,7.32
2,5,29.349,0.0,0.0,0.0,0.0001,-0.0002,0.0439,0.2532,0.05,7.32
2,5,29.364,0.0,0.0,0.0,0.0004,-0.0002,0.0439,0.2532,0.05,7.31
2,5,29.386,0.0,0.0,0.0,0.0002,-0.0002,0.0439,0.2532,0.05,7.31
2,5,29.407,0.0,0.0,0.0,0.0002,-0.0002,0.0439,0.2532,0.05,7.30
2,5,29.430,0.0,0.0,0.0,0.0002,-0.0002,0.0439,0.2532,0.05,7.30
2,5,29.445,0.0,0.0,0.0,0.0003,-0.0002,0.0439,0.2532,0.05,7.30
2,5,29.464,0.0,0.0,0.0,0.0001,-0.0002,0.0439,0.2532,0.05,7.30
2,5,29.485,0.0,0.0,0.0,0.0003,-0.0002,0.0439,0.2532,0.05,7.29
2,5,29.510,0.0,0.0,0.0,0.0002,-0.0002,0.0439,0.2532,0.05,7.29
2,5,29.527,0.0,0.0,0.0,0.0002,-0.0002,0.0439,0.2532,0.04,7.29
2,5,29.545,0.0,0.0,0.0,0.0003,-0.0002,0.0439,0.2533,0.04,7.28
2,5,29.564,0.0,0.0,0.0,0.0002,-0.0002,0.0439,0.2533,0.04,7.28
2,5,29.585,0.0,0.0,0.0,0.0002,-0.0002,0.0439,0.2533,0.04,7.28
2,5,29.612,0.0,0.0,0.0,0.0002,-0.0002,0.0439,0.2533,0.04,7.28
2,5,29.627,0.0,0.0,0.0,0.0003,-0.0002,0.0439,0.2533,0.04,7.27
2,5,29.644,0.0,0.0,0.0,0.0002,-0.0002,0.0439,0.2533,0.04,7.27
2,5,29.664,0.0,0.0,0.0,0.0002,-0.0002,0.0438,0.2533,0.04,7.27
2,5,29.684,0.0,0.0,0.0,0.0002,-0.0002,0.0438,0.2533,0.04,7.27
2,5,29.706,0.0,0.0,0.0,0.0003,-0.0002,0.0438,0.2533,0.04,7.26
2,5,29.723,0.0,0.0,0.0,0.0003,-0.0002,0.0438,0.2533,0.04,7.26
2,5,29.742,0.0,0.0,0.0,0.0002,-0.0002,0.0438,0.2533,0.04,7.26
2,5,29.763,0.0,0.0,0.0,0.0003,-0.0002,0.0438,0.2533,0.04,7.25
2,5,29.785,0.0,0.0,0.0,0.0003,-0.0002,0.0438,0.2533,0.04,7.25
2,5,29.808,0.0,0.0,0.0,0.0002,-0.0002,0.0438,0.2533,0.04,7.25
2,5,29.828,0.0,0.0,0.0,0.0002,-0.0002,0.0438,0.2533,0.04,7.25
2,5,29.845,0.0,0.0,0.0,0.0002,-0.0002,0.0438,0.2533,0.04,7.24
2,5,29.864,0.0,0.0,0.0,0.0003,-0.0002,0.0438,0.2533,0.04,7.24
2,5,29.883,0.0,0.0,0.0,0.0002,-0.0002,0.0438,0.2533,0.04,7.24
2,5,29.907,0.0,0.0,0.0,0.0003,-0.0002,0.0438,0.2533,0.04,7.23
2,5,29.926,0.0,0.0,0.0,0.0002,-0.0002,0.0438,0.2533,0.04,7.23
2,5,29.949,0.0,0.0,0.0,0.0002,-0.0002,0.0438,0.2533,0.04,7.23
2,5,29.964,0.0,0.0,0.0,0.0004,-0.0002,0.0438,0.2533,0.04,7.23
2,5,29.985,0.0,0.0,0.0,0.0003,-0.0002,0.0438,0.2533,0.04,7.22
2,5,30.004,0.0,0.0,0.0,0.0002,-0.0002,0.0438,0.2533,0.03,7.22
2,5,30.030,0.0,0.0,0.0,0.0003,-0.0002,0.0438,0.2533,0.03,7.22
2,5,30.048,0.0,0.0,0.0,0.0002,-0.0002,0.0438,0.2534,0.03,7.22
2,5,30.065,0.0,0.0,0.0,0.0002,-0.0002,0.0438,0.2534,0.03,7.22
3,0,0.003,0.0,0.0,0.0,0.0000,0.0001,0.1134,0.2223,0.14,11.22
3,0,0.025,0.0,0.0,0.0,0.0000,0.0001,0.1134,0.2223,0.14,11.22
3,0,0.046,0.0,0.0,0.0,0.0243,-0.0707,0.1065,0.2213,81.20,24.71
3,0,0.070,0.0,0.0,0.0,0.0406,-0.1960,0.0851,0.2216,115.20,20.56
3,0,0.087,0.0,0.0,0.0,0.1080,-0.2632,0.0665,0.2220,110.89,17.12
3,0,0.105,0.0,0.0,0.0,0.0856,-0.2227,0.0461,0.2240,59.45,14.64
3,0,0.124,0.0,0.0,0.0,0.1543,-0.1521,0.0351,0.2254,42.98,13.93
3,0,0.146,0.0,0.0,0.0,0.1686,-0.1201,0.0293,0.2263,37.31,13.82
3,0,0.167,0.0,0.0,0.0,0.1589,-0.0654,0.0198,0.2288,34.68,14.15
3,0,0.188,0.0,0.0,0.0,0.1878,-0.0371,0.0139,0.2302,32.85,14.11
3,0,0.204,0.0,0.0,0.0,0.1158,-0.0315,0.0114,0.2311,29.95,13.18
3,0,0.223,0.0,0.0,0.0,0.2876,-0.0265,0.0102,0.2328,24.71,12.64
3,0,0.245,0.0,0.0,0.0,0.3489,-0.0157,0.0148,0.2347,22.76,12.59
3,0,0.266,0.0,0.0,0.0,0.1732,-0.0130,0.0195,0.2359,23.21,12.44
3,0,0.290,0.0,0.0,0.0,0.3426,-0.0097,0.0271,0.2380,23.32,11.44
3,0,0.304,0.0,0.0,0.0,0.3306,-0.0067,0.0299,0.2389,23.56,11.27
3,0,0.324,0.0,0.0,0.0,0.1867,-0.0011,0.0338,0.2402,23.49,10.04
3,0,0.343,0.0,0.0,0.0,0.4382,0.0139,0.0379,0.2422,24.35,9.46
3,0,0.365,0.0,0.0,0.0,0.2752,0.0243,0.0404,0.2436,24.20,8.81
3,0,0.386,0.0,0.0,0.0,0.3264,0.0314,0.0427,0.2450,24.11,8.59
3,0,0.405,0.0,0.0,0.0,0.2791,0.0359,0.0454,0.2474,23.22,7.39
3,0,0.423,0.0,0.0,0.0,0.3144,0.0357,0.0466,0.2488,22.13,6.77
3,0,0.445,0.0,0.0,0.0,0.0615,0.0372,0.0474,0.2501,22.15,6.44
3,0,0.468,0.0,0.0,0.0,0.3738,0.0387,0.0475,0.2510,21.41,6.27
3,0,0.491,0.0,0.0,0.0,0.1897,0.0393,0.0476,0.2526,19.11,5.87
3,0,0.508,0.0,0.0,0.0,0.2474,0.0367,0.0478,0.2537,17.29,5.67
3,0,0.526,0.0,0.0,0.0,0.1889,0.0339,0.0480,0.2544,16.18,5.65
3,0,0.546,0.0,0.0,0.0,0.2330,0.0299,0.0484,0.2556,14.65,5.34
3,0,0.569,0.0,0.0,0.0,0.1072,0.0294,0.0483,0.2563,13.73,5.27
3,0,0.587,0.0,0.0,0.0,0.2617,0.0289,0.0480,0.2570,12.11,5.29
3,0,0.605,0.0,0.0,0.0,0.1243,0.0268,0.0479,0.2576,10.31,5.18
3,0,0.626,0.0,0.0,0.0,0.1067,0.0236,0.0479,0.2582,8.52,5.61
3,0,0.645,0.0,0.0,0.0,0.0997,0.0210,0.0477,0.2586,7.20,5.67
3,0,0.670,0.0,0.0,0.0,0.0905,0.0170,0.0475,0.2590,5.39,5.73
3,0,0.686,0.0,0.0,0.0,0.0484,0.0146,0.0474,0.2591,4.41,5.71
3,0,0.706,0.0,0.0,0.0,0.0396,0.0107,0.0472,0.2592,3.05,5.82
3,0,0.725,0.0,0.0,0.0,0.0268,0.0064,0.0470,0.2593,1.88,5.82
3,0,0.757,0.0,0.0,0.0,0.0032,0.0003,0.0467,0.2594,0.50,5.84
3,0,0.769,0.0,0.0,0.0,-0.0035,0.0003,0.0465,0.2594,0.70,5.82
3,0,0.788,0.0,0.0,0.0,-0.0069,0.0019,0.0461,0.2594,1.09,5.64
3,0,0.808,0.0,0.0,0.0,-0.0137,0.0037,0.0455,0.2594,1.34,5.61
3,0,0.827,0.0,0.0,0.0,-0.0196,0.0042,0.0448,0.2595,1.54,5.35
3,0,0.854,0.0,0.0,0.0,-0.0235,0.0034,0.0438,0.2595,1.71,5.17
3,0,0.865,0.0,0.0,0.0,0.0000,0.0029,0.0433,0.2595,1.81,5.17
3,0,0.888,0.0,0.0,0.0,-0.0403,0.0021,0.0425,0.2595,1.86,4.90
3,0,0.908,0.0,0.0,0.0,-0.0305,0.0015,0.0415,0.2594,1.96,4.80
3,0,0.927,0.0,0.0,0.0,-0.0420,0.0011,0.0410,0.2594,1.99,4.82
3,0,0.945,0.0,0.0,0.0,-0.0338,0.0006,0.0401,0.2594,2.05,4.89
3,0,0.966,0.0,0.0,0.0,-0.0498,0.0006,0.0393,0.2593,2.10,4.97
3,0,0.991,0.0,0.0,0.0,-0.0344,0.0007,0.0385,0.2593,2.12,5.05
3,0,1.006,0.0,0.0,0.0,-0.0448,0.0007,0.0381,0.2593,2.14,5.07
3,0,1.025,0.0,0.0,0.0,-0.0535,0.0008,0.0374,0.2592,2.12,5.20
3,0,1.050,0.0,0.0,0.0,-0.0377,0.0008,0.0366,0.2592,2.11,5.28
3,0,1.068,0.0,0.0,0.0,-0.0543,0.0009,0.0361,0.2592,2.10,5.35
3,0,1.088,0.0,0.0,0.0,-0.0414,0.0010,0.0355,0.2591,2.07,5.44
3,0,1.106,0.0,0.0,0.0,-0.0306,0.0010,0.0352,0.2591,2.04,5.46
3,0,1.124,0.0,0.0,0.0,-0.0503,0.0011,0.0346,0.2590,1.95,5.58
3,0,1.143,0.0,0.0,0.0,-0.0469,0.0012,0.0341,0.2590,1.86,5.65
3,0,1.165,0.0,0.0,0.0,-0.0227,0.0012,0.0338,0.2590,1.80,5.66
3,0,1.186,0.0,0.0,0.0,-0.0401,0.0012,0.0333,0.2589,1.66,5.76
3,0,1.205,0.0,0.0,0.0,-0.0361,0.0012,0.0329,0.2589,1.53,5.82
3,0,1.224,0.0,0.0,0.0,-0.0152,0.0012,0.0328,0.2589,1.50,5.83
3,0,1.245,0.0,0.0,0.0,-0.0413,0.0012,0.0325,0.2588,1.36,5.89
3,0,1.267,0.0,0.0,0.0,-0.0283,0.0012,0.0324,0.2588,1.24,5.90
3,0,1.286,0.0,0.0,0.0,-0.0134,0.0012,0.0321,0.2587,1.03,5.97
3,0,1.305,0.0,0.0,0.0,-0.0251,0.0011,0.0320,0.2587,0.95,6.00
3,0,1.325,0.0,0.0,0.0,-0.0139,0.0010,0.0319,0.2587,0.82,6.01
3,0,1.345,0.0,0.0,0.0,-0.0098,0.0009,0.0318,0.2587,0.70,6.02
3,0,1.370,0.0,0.0,0.0,-0.0075,0.0007,0.0318,0.2586,0.50,6.04
3,0,1.387,0.0,0.0,0.0,-0.0057,0.0005,0.0317,0.2586,0.36,6.05
3,0,1.404,0.0,0.0,0.0,-0.0023,0.0004,0.0317,0.2586,0.32,6.06
3,0,1.424,0.0,0.0,0.0,-0.0015,0.0003,0.0317,0.2585,0.23,6.05
3,0,1.445,0.0,0.0,0.0,-0.0006,0.0002,0.0318,0.2585,0.16,6.04
3,0,1.470,0.0,0.0,0.0,-0.0002,0.0002,0.0319,0.2585,0.15,6.03
3,0,1.486,0.0,0.0,0.0,-0.0002,0.0002,0.0319,0.2585,0.14,6.03
3,0,1.505,0.0,0.0,0.0,-0.0003,0.0002,0.0320,0.2585,0.13,6.04
3,0,1.526,0.0,0.0,0.0,-0.0001,0.0002,0.0320,0.2585,0.12,6.04
3,0,1.546,0.0,0.0,0.0,-0.0003,0.0002,0.0321,0.2585,0.11,6.04
3,0,1.566,0.0,0.0,0.0,-0.0006,0.0002,0.0321,0.2585,0.11,6.04
3,0,1.588,0.0,0.0,0.0,-0.0003,0.0002,0.0322,0.2584,0.11,6.05
3,0,1.609,0.0,0.0,0.0,-0.0003,0.0002,0.0322,0.2584,0.11,6.05
3,0,1.625,0.0,0.0,0.0,-0.0005,0.0002,0.0322,0.2584,0.10,6.05
3,0,1.644,0.0,0.0,0.0,-0.0003,0.0002,0.0323,0.2584,0.10,6.05
3,0,1.671,0.0,0.0,0.0,-0.0005,0.0002,0.0323,0.2584,0.10,6.06
3,0,1.690,0.0,0.0,0.0,-0.0004,0.0002,0.0323,0.2584,0.10,6.06
3,0,1.709,0.0,0.0,0.0,-0.0002,0.0002,0.0323,0.2584,0.10,6.06
3,0,1.724,0.0,0.0,0.0,-0.0007,0.0002,0.0324,0.2584,0.10,6.06
3,0,1.746,0.0,0.0,0.0,-0.0004,0.0002,0.0324,0.2584,0.10,6.07
3,0,1.769,0.0,0.0,0.0,-0.0003,0.0002,0.0324,0.2584,0.09,6.07
3,0,1.786,0.0,0.0,0.0,-0.0004,0.0002,0.0325,0.2584,0.09,6.07
3,0,1.804,0.0,0.0,0.0,-0.0004,0.0002,0.0325,0.2583,0.09,6.07
3,0,1.824,0.0,0.0,0.0,-0.0005,0.0002,0.0325,0.2583,0.09,6.07
3,0,1.843,0.0,0.0,0.0,-0.0008,0.0002,0.0326,0.2583,0.09,6.08
3,0,1.867,0.0,0.0,0.0,-0.0004,0.0002,0.0326,0.2583,0.09,6.08
3,0,1.889,0.0,0.0,0.0,-0.0003,0.0002,0.0326,0.2583,0.09,6.08
3,0,1.907,0.0,0.0,0.0,-0.0004,0.0002,0.0326,0.2583,0.09,6.08
3,0,1.925,0.0,0.0,0.0,-0.0005,0.0001,0.0326,0.2583,0.09,6.08
3,0,1.945,0.0,0.0,0.0,-0.0006,0.0001,0.0327,0.2583,0.08,6.09
3,0,1.965,0.0,0.0,0.0,-0.0003,0.0001,0.0327,0.2583,0.08,6.09
3,0,1.986,0.0,0.0,0.0,-0.0005,0.0001,0.0327,0.2583,0.08,6.09
3,0,2.005,0.0,0.0,0.0,-0.0006,0.0001,0.0327,0.2583,0.08,6.09
3,0,2.025,0.0,0.0,0.0,-0.0005,0.0001,0.0327,0.2583,0.08,6.09
3,0,2.045,0.0,0.0,0.0,-0.0003,0.0001,0.0328,0.2583,0.08,6.09
3,0,2.070,0.0,0.0,0.0,-0.0005,0.0001,0.0328,0.2583,0.08,6.10
3,0,2.086,0.0,0.0,0.0,-0.0002,0.0001,0.0328,0.2583,0.08,6.10
3,0,2.105,0.0,0.0,0.0,-0.0007,0.0001,0.0328,0.2583,0.08,6.10
3,0,2.124,0.0,0.0,0.0,-0.0007,0.0001,0.0328,0.2583,0.08,6.10
3,0,2.146,0.0,0.0,0.0,-0.0004,0.0001,0.0328,0.2582,0.08,6.10
3,0,2.166,0.0,0.0,0.0,-0.0007,0.0001,0.0329,0.2582,0.08,6.10
3,0,2.188,0.0,0.0,0.0,-0.0005,0.0001,0.0329,0.2582,0.07,6.11
3,0,2.207,0.0,0.0,0.0,-0.0005,0.0001,0.0329,0.2582,0.07,6.11
3,0,2.225,0.0,0.0,0.0,-0.0005,0.0001,0.0329,0.2582,0.07,6.11
3,0,2.244,0.0,0.0,0.0,-0.0007,0.0001,0.0329,0.2582,0.07,6.11
3,0,2.266,0.0,0.0,0.0,-0.0005,0.0001,0.0329,0.2582,0.07,6.11
3,0,2.289,0.0,0.0,0.0,-0.0005,0.0001,0.0330,0.2582,0.07,6.12
3,0,2.305,0.0,0.0,0.0,-0.0007,0.0001,0.0330,0.2582,0.07,6.12
3,0,2.323,0.0,0.0,0.0,-0.0004,0.0001,0.0330,0.2582,0.07,6.12
3,0,2.346,0.0,0.0,0.0,-0.0008,0.0001,0.0330,0.2582,0.07,6.12
3,0,2.368,0.0,0.0,0.0,-0.0006,0.0001,0.0330,0.2582,0.07,6.12
3,0,2.389,0.0,0.0,0.0,-0.0008,0.0001,0.0330,0.2582,0.07,6.12
3,0,2.405,0.0,0.0,0.0,-0.0005,0.0001,0.0330,0.2582,0.07,6.13
3,0,2.423,0.0,0.0,0.0,-0.0007,0.0001,0.0330,0.2582,0.07,6.13
3,0,2.446,0.0,0.0,0.0,-0.0002,0.0001,0.0331,0.2582,0.07,6.13
3,0,2.468,0.0,0.0,0.0,-0.0007,0.0001,0.0331,0.2582,0.06,6.13
3,0,2.486,0.0,0.0,0.0,-0.0007,0.0001,0.0331,0.2582,0.06,6.13
3,0,2.511,0.0,0.0,0.0,-0.0005,0.0001,0.0331,0.2582,0.06,6.14
3,0,2.525,0.0,0.0,0.0,-0.0006,0.0001,0.0331,0.2582,0.06,6.14
3,0,2.545,0.0,0.0,0.0,-0.0007,0.0001,0.0331,0.2582,0.06,6.14
3,0,2.569,0.0,0.0,0.0,-0.0004,0.0001,0.0331,0.2582,0.06,6.14
3,0,2.590,0.0,0.0,0.0,-0.0005,0.0001,0.0331,0.2581,0.06,6.14
3,0,2.605,0.0,0.0,0.0,-0.0006,0.0001,0.0331,0.2581,0.06,6.14
3,0,2.626,0.0,0.0,0.0,-0.0005,0.0001,0.0331,0.2581,0.06,6.14
3,0,2.646,0.0,0.0,0.0,-0.0005,0.0001,0.0332,0.2581,0.06,6.15
3,0,2.668,0.0,0.0,0.0,-0.0007,0.0001,0.0332,0.2581,0.06,6.15
3,0,2.686,0.0,0.0,0.0,-0.0003,0.0001,0.0332,0.2581,0.06,6.15
3,0,2.710,0.0,0.0,0.0,-0.0008,0.0001,0.0332,0.2581,0.06,6.15
3,0,2.725,0.0,0.0,0.0,-0.0005,0.0001,0.0332,0.2581,0.06,6.15
3,0,2.748,0.0,0.0,0.0,-0.0005,0.0001,0.0332,0.2581,0.06,6.15
3,0,2.770,0.0,0.0,0.0,-0.0006,0.0001,0.0332,0.2581,0.06,6.16
3,0,2.790,0.0,0.0,0.0,-0.0005,0.0001,0.0332,0.2581,0.06,6.16
3,0,2.811,0.0,0.0,0.0,-0.0004,0.0001,0.0332,0.2581,0.06,6.16
3,0,2.825,0.0,0.0,0.0,-0.0008,0.0001,0.0332,0.2581,0.06,6.16
3,0,2.852,0.0,0.0,0.0,-0.0005,0.0001,0.0332,0.2581,0.06,6.16
3,0,2.865,0.0,0.0,0.0,-0.0005,0.0001,0.0332,0.2581,0.06,6.16
3,0,2.885,0.0,0.0,0.0,-0.0008,0.0001,0.0333,0.2581,0.06,6.16
3,0,2.906,0.0,0.0,0.0,-0.0005,0.0001,0.0333,0.2581,0.06,6.17
3,0,2.924,0.0,0.0,0.0,-0.0002,0.0001,0.0333,0.2581,0.06,6.17
3,0,2.945,0.0,0.0,0.0,-0.0005,0.0001,0.0333,0.2581,0.05,6.17
3,0,2.966,0.0,0.0,0.0,-0.0007,0.0001,0.0333,0.2581,0.05,6.17
3,0,2.989,0.0,0.0,0.0,-0.0005,0.0001,0.0333,0.2581,0.05,6.17
3,1,3.015,0.3,0.0,0.0,0.0000,0.0001,0.0333,0.2581,0.05,6.17
3,1,3.027,0.3,0.0,0.0,-0.0006,0.0001,0.0333,0.2581,0.05,6.17
3,1,3.048,0.3,0.0,0.0,-0.0004,-0.0013,0.0333,0.2580,1.64,8.98
3,1,3.072,0.3,0.0,0.0,0.0007,-0.0038,0.0339,0.2574,3.63,9.56
3,1,3.085,0.3,0.0,0.0,0.0027,-0.0059,0.0343,0.2571,4.88,9.58
3,1,3.107,0.3,0.0,0.0,0.0044,-0.0057,0.0352,0.2562,5.79,10.08
3,1,3.125,0.3,0.0,0.0,0.0057,-0.0049,0.0360,0.2556,5.12,10.23
3,1,3.146,0.3,0.0,0.0,0.0106,-0.0001,0.0370,0.2544,6.88,10.48
3,1,3.166,0.3,0.0,0.0,0.0034,0.0000,0.0372,0.2541,7.68,10.59
3,1,3.186,0.3,0.0,0.0,0.0177,-0.0014,0.0380,0.2526,10.52,11.07
3,1,3.205,0.3,0.0,0.0,0.0285,-0.0115,0.0401,0.2512,9.91,11.53
3,1,3.225,0.3,0.0,0.0,0.0098,-0.0114,0.0407,0.2509,9.78,11.50
3,1,3.246,0.3,0.0,0.0,0.0281,-0.0062,0.0419,0.2502,7.01,10.71
3,1,3.273,0.3,0.0,0.0,0.0194,0.0027,0.0436,0.2500,2.35,9.70
3,1,3.290,0.3,0.0,0.0,0.0141,0.0054,0.0442,0.2503,4.27,8.76
3,1,3.305,0.3,0.0,0.0,0.0190,0.0066,0.0448,0.2506,5.54,7.85
3,1,3.324,0.3,0.0,0.0,0.0197,0.0104,0.0460,0.2511,7.41,7.68
3,1,3.346,0.3,0.0,0.0,0.0073,0.0134,0.0469,0.2515,7.74,7.51
3,1,3.366,0.3,0.0,0.0,0.0264,0.0230,0.0487,0.2523,7.03,9.20
3,1,3.386,0.3,0.0,0.0,0.0219,0.0281,0.0500,0.2528,5.47,9.74
3,1,3.405,0.3,0.0,0.0,0.0104,0.0291,0.0515,0.2528,5.34,10.11
3,1,3.425,0.3,0.0,0.0,0.0196,0.0148,0.0540,0.2527,5.64,10.47
3,1,3.446,0.3,0.0,0.0,0.0121,0.0029,0.0559,0.2516,1.88,10.68
3,1,3.464,0.3,0.0,0.0,0.0085,-0.0007,0.0571,0.2509,4.11,10.67
3,1,3.487,0.3,0.0,0.0,0.0190,0.0032,0.0585,0.2501,6.76,10.55
3,1,3.506,0.3,0.0,0.0,0.0163,0.0153,0.0616,0.2490,6.24,10.46
3,1,3.524,0.3,0.0,0.0,0.0064,0.0159,0.0622,0.2488,6.16,10.54
3,1,3.545,0.3,0.0,0.0,0.0320,0.0081,0.0635,0.2482,3.93,9.42
3,1,3.566,0.3,0.0,0.0,0.0132,0.0036,0.0632,0.2481,2.27,9.40
3,1,3.590,0.3,0.0,0.0,0.0091,0.0011,0.0624,0.2481,1.65,8.50
3,1,3.605,0.3,0.0,0.0,0.0071,0.0001,0.0611,0.2484,3.03,7.59
3,1,3.624,0.3,0.0,0.0,0.0048,-0.0042,0.0598,0.2488,4.17,8.43
3,1,3.644,0.3,0.0,0.0,0.0042,-0.0059,0.0590,0.2491,4.26,9.18
3,1,3.668,0.3,0.0,0.0,0.0043,-0.0094,0.0575,0.2494,3.50,9.55
3,1,3.685,0.3,0.0,0.0,0.0023,-0.0067,0.0560,0.2495,2.01,9.80
3,1,3.705,0.3,0.0,0.0,0.0012,-0.0046,0.0554,0.2495,1.64,10.04
3,1,3.722,0.3,0.0,0.0,0.0047,-0.0015,0.0543,0.2492,1.80,10.32
3,1,3.743,0.3,0.0,0.0,0.0048,-0.0026,0.0533,0.2486,3.38,10.50
3,1,3.762,0.3,0.0,0.0,0.0053,-0.0048,0.0526,0.2481,4.14,10.43
3,1,3.784,0.3,0.0,0.0,0.0116,-0.0057,0.0521,0.2475,4.20,10.44
3,1,3.803,0.3,0.0,0.0,0.0155,-0.0045,0.0522,0.2470,3.54,10.28
3,1,3.823,0.3,0.0,0.0,0.0076,-0.0049,0.0524,0.2468,2.92,10.27
3,1,3.845,0.3,0.0,0.0,0.0136,-0.0048,0.0530,0.2466,1.43,9.90
3,1,3.867,0.3,0.0,0.0,0.0126,-0.0042,0.0534,0.2466,1.15,9.04
3,1,3.886,0.3,0.0,0.0,0.0066,-0.0044,0.0541,0.2470,3.31,8.37
3,1,3.906,0.3,0.0,0.0,0.0155,-0.0065,0.0545,0.2472,4.46,8.22
3,1,3.925,0.3,0.0,0.0,0.0193,-0.0102,0.0554,0.2477,5.77,7.23
3,1,3.946,0.3,0.0,0.0,0.0133,-0.0086,0.0562,0.2483,6.47,7.49
3,1,3.967,0.3,0.0,0.0,0.0265,-0.0046,0.0571,0.2490,6.42,7.22
3,1,3.986,0.3,0.0,0.0,0.0189,-0.0015,0.0581,0.2497,5.21,8.15
3,1,4.005,0.3,0.0,0.0,0.0098,0.0005,0.0586,0.2500,4.38,8.09
3,1,4.025,0.3,0.0,0.0,0.0208,0.0036,0.0593,0.2504,2.66,8.85
3,1,4.046,0.3,0.0,0.0,0.0139,0.0032,0.0598,0.2506,1.52,9.12
3,1,4.064,0.3,0.0,0.0,0.0053,0.0025,0.0601,0.2506,1.04,9.16
3,1,4.087,0.3,0.0,0.0,0.0019,0.0015,0.0605,0.2505,0.41,9.42
3,1,4.105,0.3,0.0,0.0,0.0010,0.0011,0.0608,0.2505,0.24,9.27
3,1,4.125,0.3,0.0,0.0,0.0005,0.0010,0.0608,0.2505,0.18,8.91
3,1,4.143,0.3,0.0,0.0,0.0005,0.0011,0.0608,0.2504,0.30,8.40
3,1,4.166,0.3,0.0,0.0,0.0003,0.0008,0.0606,0.2505,0.82,7.69
3,1,4.185,0.3,0.0,0.0,-0.0001,0.0004,0.0604,0.2505,0.75,7.68
3,1,4.203,0.3,0.0,0.0,-0.0007,-0.0003,0.0599,0.2506,1.48,7.94
3,1,4.224,0.3,0.0,0.0,-0.0026,-0.0028,0.0589,0.2508,2.48,8.56
3,1,4.245,0.3,0.0,0.0,-0.0017,-0.0042,0.0582,0.2510,2.32,8.52
3,1,4.266,0.3,0.0,0.0,-0.0059,-0.0036,0.0572,0.2511,1.93,9.57
3,1,4.285,0.3,0.0,0.0,-0.0026,-0.0012,0.0562,0.2510,1.20,9.93
3,1,4.309,0.3,0.0,0.0,-0.0022,0.0004,0.0558,0.2509,1.18,9.96
3,1,4.325,0.3,0.0,0.0,-0.0022,0.0011,0.0548,0.2506,1.97,10.41
3,1,4.346,0.3,0.0,0.0,-0.0027,-0.0043,0.0539,0.2501,3.41,10.41
3,1,4.369,0.3,0.0,0.0,-0.0010,-0.0113,0.0530,0.2494,4.29,10.32
3,1,4.383,0.3,0.0,0.0,0.0005,-0.0144,0.0524,0.2491,4.82,10.40
3,1,4.405,0.3,0.0,0.0,0.0037,-0.0147,0.0517,0.2483,5.05,9.94
3,1,4.425,0.3,0.0,0.0,0.0092,-0.0060,0.0519,0.2479,3.27,9.49
3,1,4.446,0.3,0.0,0.0,0.0086,-0.0047,0.0525,0.2477,1.64,9.08
3,1,4.470,0.3,0.0,0.0,0.0075,-0.0026,0.0529,0.2477,1.17,8.51
3,1,4.488,0.3,0.0,0.0,0.0044,-0.0022,0.0532,0.2478,1.66,8.43
3,1,4.506,0.3,0.0,0.0,0.0062,-0.0044,0.0537,0.2481,3.27,7.28
3,1,4.525,0.3,0.0,0.0,0.0137,-0.0069,0.0545,0.2485,5.07,6.78
3,1,4.544,0.3,0.0,0.0,0.0113,-0.0065,0.0555,0.2490,5.87,7.22
3,1,4.571,0.3,0.0,0.0,0.0117,-0.0031,0.0567,0.2498,5.59,7.60
3,1,4.585,0.3,0.0,0.0,0.0101,-0.0011,0.0574,0.2503,4.66,7.49
3,1,4.608,0.3,0.0,0.0,0.0077,0.0005,0.0579,0.2507,3.44,8.49
3,1,4.624,0.3,0.0,0.0,0.0042,0.0009,0.0583,0.2509,2.09,8.53
3,1,4.646,0.3,0.0,0.0,0.0027,0.0018,0.0586,0.2510,1.41,9.18
3,1,4.670,0.3,0.0,0.0,0.0000,0.0025,0.0590,0.2510,0.87,9.19
3,1,4.685,0.3,0.0,0.0,-0.0003,0.0018,0.0594,0.2509,0.48,9.36
3,1,4.705,0.3,0.0,0.0,0.0003,0.0014,0.0597,0.2509,0.31,9.19
3,1,4.725,0.3,0.0,0.0,0.0004,0.0012,0.0598,0.2508,0.24,8.87
3,1,4.745,0.3,0.0,0.0,0.0006,0.0015,0.0598,0.2508,0.41,8.36
3,1,4.770,0.3,0.0,0.0,0.0004,0.0010,0.0597,0.2509,0.71,7.68
3,1,4.788,0.3,0.0,0.0,0.0000,0.0007,0.0595,0.2509,0.75,6.81
3,1,4.805,0.3,0.0,0.0,-0.0005,-0.0001,0.0590,0.2510,1.52,7.86
3,1,4.823,0.3,0.0,0.0,-0.0013,-0.0022,0.0581,0.2512,2.37,8.58
3,1,4.850,0.3,0.0,0.0,-0.0022,-0.0032,0.0574,0.2513,2.32,9.05
3,1,4.869,0.3,0.0,0.0,0.0000,-0.0030,0.0567,0.2514,1.76,9.50
3,1,4.890,0.3,0.0,0.0,-0.0053,-0.0007,0.0558,0.2513,1.13,9.90
3,1,4.904,0.3,0.0,0.0,-0.0031,0.0007,0.0552,0.2511,1.03,10.23
3,1,4.926,0.3,0.0,0.0,-0.0024,-0.0018,0.0542,0.2506,2.66,10.38
3,1,4.946,0.3,0.0,0.0,-0.0027,-0.0077,0.0532,0.2500,3.76,10.44
3,1,4.972,0.3,0.0,0.0,-0.0011,-0.0149,0.0520,0.2492,4.83,10.36
3,1,4.986,0.3,0.0,0.0,0.0012,-0.0172,0.0515,0.2487,5.07,10.11
3,1,5.005,0.3,0.0,0.0,0.0045,-0.0129,0.0514,0.2482,4.71,9.88
3,1,5.024,0.3,0.0,0.0,0.0091,-0.0054,0.0519,0.2478,2.86,9.60
3,1,5.045,0.3,0.0,0.0,0.0073,-0.0045,0.0523,0.2476,1.46,9.04
3,1,5.068,0.3,0.0,0.0,0.0069,-0.0022,0.0528,0.2477,1.20,8.44
3,1,5.087,0.3,0.0,0.0,0.0060,-0.0027,0.0531,0.2478,1.87,8.37
3,1,5.105,0.3,0.0,0.0,0.0079,-0.0041,0.0534,0.2480,3.00,7.26
3,1,5.124,0.3,0.0,0.0,0.0092,-0.0074,0.0548,0.2488,5.59,6.74
3,1,5.143,0.3,0.0,0.0,0.0129,-0.0058,0.0558,0.2494,5.99,7.23
3,1,5.166,0.3,0.0,0.0,0.0116,-0.0023,0.0568,0.2501,5.44,7.65
3,1,5.189,0.3,0.0,0.0,0.0072,0.0001,0.0576,0.2507,4.00,8.12
3,1,5.207,0.3,0.0,0.0,0.0036,0.0008,0.0581,0.2510,2.64,8.10
3,1,5.224,0.3,0.0,0.0,0.0014,0.0004,0.0584,0.2512,1.57,8.60
3,1,5.245,0.3,0.0,0.0,-0.0011,0.0014,0.0587,0.2512,1.07,9.27
3,1,5.263,0.3,0.0,0.0,-0.0012,0.0019,0.0591,0.2512,0.62,9.40
3,1,5.286,0.3,0.0,0.0,-0.0004,0.0018,0.0594,0.2511,0.46,9.37
3,1,5.305,0.3,0.0,0.0,0.0005,0.0016,0.0598,0.2510,0.33,9.22
3,1,5.326,0.3,0.0,0.0,0.0004,0.0014,0.0599,0.2510,0.31,8.91
3,1,5.346,0.3,0.0,0.0,0.0008,0.0011,0.0600,0.2510,0.23,8.77
3,1,5.366,0.3,0.0,0.0,0.0008,0.0021,0.0600,0.2510,0.63,7.73
3,1,5.388,0.3,0.0,0.0,0.0009,0.0013,0.0598,0.2510,0.94,6.97
3,1,5.405,0.3,0.0,0.0,0.0001,0.0000,0.0594,0.2511,1.41,6.94
3,1,5.425,0.3,0.0,0.0,-0.0016,-0.0022,0.0585,0.2512,2.41,8.51
3,1,5.444,0.3,0.0,0.0,-0.0015,-0.0031,0.0580,0.2513,2.42,9.05
3,1,5.468,0.3,0.0,0.0,-0.0038,-0.0029,0.0567,0.2514,1.68,9.49
3,1,5.487,0.3,0.0,0.0,-0.0030,-0.0004,0.0558,0.2513,1.11,9.91
3,1,5.505,0.3,0.0,0.0,-0.0008,0.0004,0.0556,0.2513,1.15,9.93
3,1,5.524,0.3,0.0,0.0,-0.0045,0.0003,0.0547,0.2509,2.15,10.37
3,1,5.546,0.3,0.0,0.0,-0.0023,-0.0055,0.0537,0.2503,3.52,10.39
3,1,5.564,0.3,0.0,0.0,-0.0017,-0.0123,0.0527,0.2497,4.48,10.31
3,1,5.587,0.3,0.0,0.0,0.0002,-0.0166,0.0519,0.2491,5.21,10.02
3,1,5.605,0.3,0.0,0.0,0.0046,-0.0141,0.0516,0.2486,5.05,9.80
3,1,5.625,0.3,0.0,0.0,0.0051,-0.0078,0.0518,0.2482,3.71,9.94
3,1,5.647,0.3,0.0,0.0,0.0071,-0.0048,0.0524,0.2479,1.83,9.06
3,1,5.671,0.3,0.0,0.0,0.0064,-0.0020,0.0528,0.2479,0.76,8.46
3,1,5.690,0.3,0.0,0.0,0.0068,-0.0028,0.0531,0.2480,2.21,7.87
3,1,5.705,0.3,0.0,0.0,0.0046,-0.0043,0.0535,0.2483,3.32,7.80
3,1,5.724,0.3,0.0,0.0,0.0107,-0.0064,0.0542,0.2487,4.97,6.91
3,1,5.744,0.3,0.0,0.0,0.0036,-0.0054,0.0557,0.2496,5.98,7.29
3,1,5.766,0.3,0.0,0.0,0.0123,-0.0026,0.0564,0.2502,5.52,7.72
3,1,5.785,0.3,0.0,0.0,0.0063,-0.0001,0.0573,0.2508,4.08,8.18
3,1,5.806,0.3,0.0,0.0,0.0019,0.0002,0.0579,0.2511,2.38,8.68
3,1,5.824,0.3,0.0,0.0,-0.0009,0.0011,0.0582,0.2513,1.54,9.08
3,1,5.844,0.3,0.0,0.0,-0.0023,0.0017,0.0586,0.2513,0.86,9.38
3,1,5.866,0.3,0.0,0.0,-0.0014,0.0018,0.0589,0.2513,0.52,9.48
3,1,5.884,0.3,0.0,0.0,-0.0005,0.0020,0.0593,0.2512,0.45,9.44
3,1,5.905,0.3,0.0,0.0,0.0005,0.0018,0.0596,0.2511,0.40,9.25
3,1,5.925,0.3,0.0,0.0,0.0006,0.0015,0.0597,0.2511,0.35,9.26
3,1,5.944,0.3,0.0,0.0,0.0006,0.0016,0.0598,0.2510,0.42,8.44
3,1,5.965,0.3,0.0,0.0,0.0010,0.0014,0.0598,0.2510,0.76,7.76
3,1,5.989,0.3,0.0,0.0,0.0004,0.0005,0.0594,0.2511,1.19,6.86
3,1,6.004,0.3,0.0,0.0,-0.0011,0.0001,0.0591,0.2512,1.29,6.85
3,1,6.023,0.3,0.0,0.0,-0.0014,-0.0020,0.0580,0.2514,2.24,8.40
3,1,6.043,0.3,0.0,0.0,-0.0033,-0.0032,0.0571,0.2515,2.11,8.95
3,1,6.066,0.3,0.0,0.0,-0.0038,-0.0026,0.0564,0.2515,1.60,9.48
3,1,6.085,0.3,0.0,0.0,-0.0021,-0.0004,0.0555,0.2514,1.11,9.86
3,1,6.105,0.3,0.0,0.0,-0.0029,0.0010,0.0551,0.2513,1.27,10.12
3,1,6.124,0.3,0.0,0.0,-0.0020,-0.0002,0.0539,0.2508,2.64,10.36
3,1,6.144,0.3,0.0,0.0,-0.0017,-0.0060,0.0530,0.2503,3.77,10.36
3,1,6.166,0.3,0.0,0.0,-0.0007,-0.0125,0.0522,0.2496,4.57,10.28
3,1,6.187,0.3,0.0,0.0,0.0015,-0.0158,0.0514,0.2489,5.10,10.15
3,1,6.207,0.3,0.0,0.0,0.0024,-0.0126,0.0513,0.2483,4.70,9.85
3,1,6.224,0.3,0.0,0.0,0.0115,-0.0053,0.0517,0.2479,2.95,9.52
3,1,6.244,0.3,0.0,0.0,0.0066,-0.0037,0.0520,0.2478,1.47,9.02
3,1,6.263,0.3,0.0,0.0,0.0049,-0.0024,0.0523,0.2478,0.87,8.42
3,1,6.285,0.3,0.0,0.0,0.0057,-0.0028,0.0528,0.2480,2.16,7.79
3,1,6.303,0.3,0.0,0.0,0.0083,-0.0060,0.0536,0.2485,4.50,7.14
3,1,6.323,0.3,0.0,0.0,0.0041,-0.0070,0.0542,0.2488,5.24,7.07
3,1,6.344,0.3,0.0,0.0,0.0117,-0.0051,0.0556,0.2498,6.07,7.25
3,1,6.368,0.3,0.0,0.0,0.0075,-0.0023,0.0564,0.2503,5.50,7.77
3,1,6.385,0.3,0.0,0.0,0.0054,-0.0000,0.0572,0.2509,4.00,8.21
3,1,6.406,0.3,0.0,0.0,0.0016,0.0001,0.0577,0.2512,2.65,8.68
3,1,6.424,0.3,0.0,0.0,-0.0024,0.0013,0.0581,0.2514,1.46,9.13
3,1,6.445,0.3,0.0,0.0,-0.0008,0.0016,0.0582,0.2514,1.28,9.14
3,1,6.469,0.3,0.0,0.0,-0.0029,0.0025,0.0588,0.2513,0.63,9.49
3,1,6.487,0.3,0.0,0.0,-0.0013,0.0029,0.0590,0.2513,0.60,9.45
3,1,6.510,0.3,0.0,0.0,-0.0005,0.0027,0.0593,0.2512,0.50,9.48
3,1,6.525,0.3,0.0,0.0,0.0004,0.0017,0.0596,0.2511,0.42,8.99
3,1,6.549,0.3,0.0,0.0,0.0007,0.0016,0.0597,0.2511,0.32,8.49
3,1,6.566,0.3,0.0,0.0,0.0008,0.0017,0.0597,0.2511,0.49,8.51
3,1,6.588,0.3,0.0,0.0,0.0005,0.0005,0.0594,0.2511,1.25,6.90
3,1,6.607,0.3,0.0,0.0,-0.0009,-0.0010,0.0586,0.2513,1.99,7.52
3,1,6.628,0.3,0.0,0.0,-0.0010,-0.0012,0.0584,0.2513,1.98,7.46
3,1,6.647,0.3,0.0,0.0,-0.0032,-0.0025,0.0577,0.2515,2.23,8.29
3,1,6.667,0.3,0.0,0.0,-0.0029,-0.0029,0.0567,0.2516,1.86,9.38
3,1,6.686,0.3,0.0,0.0,-0.0035,-0.0003,0.0555,0.2514,1.13,9.81
3,1,6.705,0.3,0.0,0.0,-0.0024,0.0008,0.0551,0.2513,1.14,10.16
3,1,6.723,0.3,0.0,0.0,-0.0034,-0.0001,0.0540,0.2508,2.50,10.36
3,1,6.748,0.3,0.0,0.0,-0.0019,-0.0035,0.0534,0.2505,3.27,10.39
3,1,6.769,0.3,0.0,0.0,-0.0015,-0.0106,0.0524,0.2499,4.36,10.50
3,1,6.785,0.3,0.0,0.0,-0.0000,-0.0154,0.0517,0.2493,5.03,10.45
3,1,6.805,0.3,0.0,0.0,0.0012,-0.0149,0.0513,0.2487,4.95,10.26
3,1,6.824,0.3,0.0,0.0,0.0042,-0.0095,0.0515,0.2483,4.06,9.47
3,1,6.847,0.3,0.0,0.0,0.0063,-0.0045,0.0519,0.2480,1.82,9.01
3,1,6.869,0.3,0.0,0.0,0.0041,-0.0033,0.0522,0.2480,1.06,8.99
3,1,6.886,0.3,0.0,0.0,0.0061,-0.0020,0.0524,0.2481,1.40,8.38
3,1,6.905,0.3,0.0,0.0,0.0072,-0.0048,0.0531,0.2484,3.86,7.16
3,1,6.924,0.3,0.0,0.0,0.0053,-0.0065,0.0540,0.2489,5.50,6.95
3,1,6.946,0.3,0.0,0.0,0.0066,-0.0054,0.0549,0.2495,6.14,7.37
3,1,6.968,0.3,0.0,0.0,0.0053,-0.0020,0.0560,0.2503,5.63,7.78
3,1,6.986,0.3,0.0,0.0,0.0031,-0.0007,0.0565,0.2506,4.98,8.28
3,1,7.005,0.3,0.0,0.0,0.0009,-0.0003,0.0571,0.2510,3.64,8.71
3,1,7.024,0.3,0.0,0.0,-0.0029,0.0014,0.0576,0.2512,2.06,9.13
3,1,7.045,0.3,0.0,0.0,-0.0025,0.0021,0.0580,0.2513,1.30,9.41
3,1,7.067,0.3,0.0,0.0,-0.0031,0.0025,0.0585,0.2512,0.64,9.56
3,1,7.089,0.3,0.0,0.0,-0.0019,0.0033,0.0589,0.2512,0.59,9.52
3,1,7.110,0.3,0.0,0.0,-0.0000,0.0024,0.0594,0.2511,0.56,9.32
3,1,7.125,0.3,0.0,0.0,0.0006,0.0018,0.0595,0.2510,0.42,9.02
3,1,7.147,0.3,0.0,0.0,0.0005,0.0016,0.0596,0.2510,0.45,8.53
3,1,7.165,0.3,0.0,0.0,0.0010,0.0016,0.0596,0.2510,0.45,8.54
3,1,7.187,0.3,0.0,0.0,0.0003,0.0003,0.0592,0.2511,1.37,6.94
3,1,7.205,0.3,0.0,0.0,-0.0009,-0.0001,0.0588,0.2511,1.50,7.57
3,1,7.225,0.3,0.0,0.0,-0.0004,-0.0010,0.0584,0.2512,1.93,7.45
3,1,7.250,0.3,0.0,0.0,-0.0041,-0.0034,0.0571,0.2514,2.34,8.86
3,1,7.267,0.3,0.0,0.0,-0.0029,-0.0032,0.0566,0.2514,1.89,9.38
3,1,7.288,0.3,0.0,0.0,-0.0015,-0.0027,0.0561,0.2514,1.60,9.38
3,1,7.302,0.3,0.0,0.0,-0.0021,-0.0001,0.0554,0.2513,1.37,9.80
3,1,7.323,0.3,0.0,0.0,-0.0026,0.0006,0.0543,0.2509,2.20,10.33
3,1,7.344,0.3,0.0,0.0,-0.0027,-0.0024,0.0537,0.2505,3.11,10.35
3,1,7.367,0.3,0.0,0.0,-0.0019,-0.0115,0.0523,0.2497,4.65,10.33
3,1,7.385,0.3,0.0,0.0,0.0004,-0.0157,0.0517,0.2491,5.10,10.14
3,1,7.404,0.3,0.0,0.0,0.0022,-0.0135,0.0515,0.2485,4.91,9.87
3,1,7.422,0.3,0.0,0.0,0.0077,-0.0057,0.0519,0.2481,3.07,9.54
3,1,7.443,0.3,0.0,0.0,0.0085,-0.0034,0.0522,0.2479,1.31,8.99
3,1,7.466,0.3,0.0,0.0,0.0043,-0.0017,0.0525,0.2480,1.12,8.39
3,1,7.485,0.3,0.0,0.0,0.0056,-0.0028,0.0528,0.2481,2.10,7.75
3,1,7.504,0.3,0.0,0.0,0.0065,-0.0054,0.0536,0.2486,4.40,7.08
3,1,7.525,0.3,0.0,0.0,0.0050,-0.0065,0.0541,0.2489,5.17,7.02
3,1,7.545,0.3,0.0,0.0,0.0085,-0.0057,0.0552,0.2497,6.11,7.43
3,1,7.568,0.3,0.0,0.0,0.0055,-0.0019,0.0562,0.2504,5.46,7.86
3,1,7.592,0.3,0.0,0.0,0.0036,0.0000,0.0570,0.2510,3.98,8.33
3,1,7.606,0.3,0.0,0.0,-0.0000,-0.0002,0.0575,0.2513,2.59,8.32
3,1,7.625,0.3,0.0,0.0,-0.0020,0.0004,0.0577,0.2514,1.98,9.21
3,1,7.645,0.3,0.0,0.0,-0.0029,0.0025,0.0582,0.2515,1.19,9.45
3,1,7.668,0.3,0.0,0.0,-0.0026,0.0031,0.0586,0.2514,0.74,9.49
3,1,7.685,0.3,0.0,0.0,-0.0015,0.0042,0.0590,0.2514,0.63,9.60
3,1,7.706,0.3,0.0,0.0,-0.0011,0.0043,0.0594,0.2513,0.65,9.35
3,1,7.725,0.3,0.0,0.0,0.0004,0.0022,0.0598,0.2512,0.51,9.06
3,1,7.749,0.3,0.0,0.0,0.0005,0.0018,0.0599,0.2511,0.47,8.56
3,1,7.766,0.3,0.0,0.0,0.0007,0.0018,0.0598,0.2511,0.51,8.57
3,1,7.790,0.3,0.0,0.0,0.0006,0.0006,0.0595,0.2512,1.24,6.98
3,1,7.805,0.3,0.0,0.0,-0.0004,0.0000,0.0590,0.2512,1.44,7.52
3,1,7.825,0.3,0.0,0.0,-0.0016,-0.0013,0.0584,0.2514,2.11,8.33
3,1,7.845,0.3,0.0,0.0,-0.0024,-0.0027,0.0576,0.2515,2.28,8.88
3,1,7.871,0.3,0.0,0.0,-0.0024,-0.0032,0.0569,0.2515,1.92,9.36
3,1,7.885,0.3,0.0,0.0,-0.0040,-0.0023,0.0560,0.2515,1.52,9.35
3,1,7.910,0.3,0.0,0.0,-0.0026,0.0001,0.0553,0.2514,1.22,10.07
3,1,7.924,0.3,0.0,0.0,-0.0013,0.0013,0.0542,0.2509,2.16,10.19
3,1,7.946,0.3,0.0,0.0,-0.0020,-0.0054,0.0529,0.2503,3.88,10.36
3,1,7.968,0.3,0.0,0.0,-0.0007,-0.0115,0.0521,0.2496,4.58,10.32
3,1,7.986,0.3,0.0,0.0,0.0009,-0.0141,0.0514,0.2490,4.99,10.13
3,1,8.005,0.3,0.0,0.0,0.0035,-0.0102,0.0512,0.2484,4.50,9.88
3,1,8.025,0.3,0.0,0.0,0.0079,-0.0050,0.0515,0.2481,2.94,9.53
3,1,8.042,0.3,0.0,0.0,0.0085,-0.0033,0.0519,0.2479,1.16,8.98
3,1,8.065,0.3,0.0,0.0,0.0043,-0.0016,0.0521,0.2479,0.74,8.38
3,1,8.084,0.3,0.0,0.0,0.0049,-0.0020,0.0524,0.2481,1.85,7.76
3,1,8.105,0.3,0.0,0.0,0.0037,-0.0050,0.0532,0.2485,4.15,7.10
3,1,8.123,0.3,0.0,0.0,0.0100,-0.0062,0.0543,0.2492,5.95,6.89
3,1,8.144,0.3,0.0,0.0,0.0062,-0.0055,0.0549,0.2496,6.19,6.82
3,1,8.171,0.3,0.0,0.0,0.0032,-0.0027,0.0559,0.2504,5.78,7.84
3,1,8.186,0.3,0.0,0.0,0.0073,-0.0009,0.0563,0.2507,5.08,7.86
3,1,8.206,0.3,0.0,0.0,0.0006,0.0003,0.0572,0.2513,2.90,8.82
3,1,8.224,0.3,0.0,0.0,-0.0028,0.0017,0.0575,0.2514,1.90,9.24
3,1,8.243,0.3,0.0,0.0,-0.0046,0.0028,0.0580,0.2515,1.01,9.53
3,1,8.267,0.3,0.0,0.0,-0.0035,0.0038,0.0585,0.2514,0.68,9.65
3,1,8.286,0.3,0.0,0.0,-0.0014,0.0050,0.0589,0.2513,0.68,9.61
3,1,8.305,0.3,0.0,0.0,-0.0014,0.0049,0.0593,0.2512,0.73,9.40
3,1,8.325,0.3,0.0,0.0,-0.0000,0.0023,0.0597,0.2511,0.55,9.10
3,1,8.344,0.3,0.0,0.0,0.0004,0.0015,0.0598,0.2511,0.36,8.60
3,1,8.366,0.3,0.0,0.0,0.0009,0.0018,0.0597,0.2511,0.50,7.91
3,1,8.385,0.3,0.0,0.0,0.0004,0.0011,0.0595,0.2511,0.82,7.01
3,1,8.404,0.3,0.0,0.0,-0.0002,0.0002,0.0591,0.2512,1.44,7.51
3,1,8.424,0.3,0.0,0.0,-0.0013,-0.0019,0.0581,0.2514,2.37,8.26
3,1,8.450,0.3,0.0,0.0,-0.0023,-0.0028,0.0574,0.2515,2.19,8.81
3,1,8.465,0.3,0.0,0.0,-0.0029,-0.0031,0.0569,0.2515,2.03,8.78
3,1,8.489,0.3,0.0,0.0,-0.0025,-0.0013,0.0559,0.2515,1.49,9.74
3,1,8.503,0.3,0.0,0.0,-0.0038,0.0005,0.0554,0.2513,1.56,9.78
3,1,8.525,0.3,0.0,0.0,-0.0021,0.0006,0.0542,0.2509,2.30,10.33
3,1,8.545,0.3,0.0,0.0,-0.0032,-0.0041,0.0532,0.2504,3.73,10.39
3,1,8.570,0.3,0.0,0.0,-0.0017,-0.0120,0.0520,0.2495,4.77,10.36
3,1,8.590,0.3,0.0,0.0,0.0003,-0.0147,0.0515,0.2489,5.04,10.18
3,1,8.604,0.3,0.0,0.0,0.0054,-0.0134,0.0514,0.2486,4.86,10.24
3,1,8.624,0.3,0.0,0.0,0.0077,-0.0052,0.0517,0.2480,2.86,9.56
3,1,8.648,0.3,0.0,0.0,0.0059,-0.0031,0.0520,0.2478,1.32,9.03
3,1,8.666,0.3,0.0,0.0,0.0030,-0.0025,0.0522,0.2478,0.88,9.00
3,1,8.688,0.3,0.0,0.0,0.0036,-0.0034,0.0527,0.2481,2.98,7.78
3,1,8.705,0.3,0.0,0.0,0.0061,-0.0041,0.0529,0.2482,3.50,7.76
3,1,8.726,0.3,0.0,0.0,0.0068,-0.0058,0.0543,0.2491,6.29,6.96
3,1,8.748,0.3,0.0,0.0,0.0048,-0.0059,0.0551,0.2497,6.51,7.41
3,1,8.767,0.3,0.0,0.0,0.0056,-0.0030,0.0558,0.2503,6.03,7.23
3,1,8.789,0.3,0.0,0.0,0.0013,-0.0004,0.0568,0.2511,3.97,8.38
3,1,8.805,0.3,0.0,0.0,-0.0017,-0.0004,0.0569,0.2512,3.46,8.38
3,1,8.824,0.3,0.0,0.0,-0.0027,0.0017,0.0576,0.2515,1.79,9.27
3,1,8.845,0.3,0.0,0.0,-0.0046,0.0018,0.0578,0.2515,1.23,9.56
3,1,8.867,0.3,0.0,0.0,-0.0027,0.0037,0.0583,0.2514,0.73,9.59
3,1,8.889,0.3,0.0,0.0,-0.0014,0.0057,0.0588,0.2514,0.74,9.63
3,1,8.905,0.3,0.0,0.0,-0.0015,0.0058,0.0593,0.2513,0.80,9.43
3,1,8.925,0.3,0.0,0.0,-0.0006,0.0036,0.0596,0.2512,0.69,9.14
3,1,8.944,0.3,0.0,0.0,0.0002,0.0018,0.0597,0.2511,0.44,8.64
3,1,8.968,0.3,0.0,0.0,0.0010,0.0019,0.0597,0.2511,0.83,7.95
3,1,8.986,0.3,0.0,0.0,0.0004,0.0011,0.0594,0.2511,0.72,7.03
3,1,9.005,0.3,0.0,0.0,-0.0003,0.0002,0.0590,0.2512,1.34,7.47
3,2,9.029,0.6,0.0,0.0,0.0000,-0.0016,0.0584,0.2513,2.38,8.36
3,2,9.044,0.6,0.0,0.0,-0.0032,-0.0028,0.0574,0.2515,2.10,8.49
3,2,9.065,0.6,0.0,0.0,-0.0020,-0.0032,0.0567,0.2515,1.62,9.09
3,2,9.086,0.6,0.0,0.0,-0.0004,-0.0020,0.0564,0.2514,1.16,9.12
3,2,9.103,0.6,0.0,0.0,0.0006,-0.0012,0.0560,0.2511,1.64,10.18
3,2,9.125,0.6,0.0,0.0,0.0019,-0.0021,0.0554,0.2503,4.30,10.50
3,2,9.145,0.6,0.0,0.0,0.0090,-0.0058,0.0546,0.2491,6.26,10.80
3,2,9.166,0.6,0.0,0.0,0.0186,-0.0089,0.0543,0.2480,7.32,10.69
3,2,9.186,0.6,0.0,0.0,0.0169,-0.0106,0.0542,0.2473,7.55,10.75
3,2,9.204,0.6,0.0,0.0,0.0232,-0.0101,0.0544,0.2466,7.83,10.53
3,2,9.225,0.6,0.0,0.0,0.0249,-0.0083,0.0545,0.2460,6.10,10.38
3,2,9.245,0.6,0.0,0.0,0.0130,-0.0092,0.0548,0.2458,4.11,9.80
3,2,9.269,0.6,0.0,0.0,0.0323,-0.0073,0.0558,0.2457,2.26,8.98
3,2,9.286,0.6,0.0,0.0,0.0180,-0.0064,0.0567,0.2460,4.38,8.10
3,2,9.304,0.6,0.0,0.0,0.0167,-0.0094,0.0577,0.2466,7.44,7.29
3,2,9.324,0.6,0.0,0.0,0.0300,-0.0100,0.0585,0.2471,9.03,7.21
3,2,9.345,0.6,0.0,0.0,0.0208,-0.0031,0.0606,0.2487,9.89,7.91
3,2,9.367,0.6,0.0,0.0,0.0242,-0.0007,0.0613,0.2493,9.46,7.90
3,2,9.387,0.6,0.0,0.0,0.0237,0.0031,0.0622,0.2502,8.07,9.10
3,2,9.404,0.6,0.0,0.0,0.0262,0.0079,0.0631,0.2509,5.96,8.98
3,2,9.425,0.6,0.0,0.0,0.0099,0.0123,0.0643,0.2513,3.57,9.93
3,2,9.447,0.6,0.0,0.0,0.0167,0.0100,0.0657,0.2512,1.90,10.30
3,2,9.470,0.6,0.0,0.0,0.0063,0.0042,0.0666,0.2509,1.33,10.61
3,2,9.485,0.6,0.0,0.0,0.0061,0.0048,0.0670,0.2507,1.48,10.67
3,2,9.504,0.6,0.0,0.0,0.0068,0.0075,0.0677,0.2502,2.42,10.47
3,2,9.524,0.6,0.0,0.0,0.0102,0.0096,0.0684,0.2500,2.97,10.29
3,2,9.545,0.6,0.0,0.0,0.0098,0.0078,0.0689,0.2497,2.54,9.76
3,2,9.570,0.6,0.0,0.0,0.0123,0.0034,0.0690,0.2495,1.76,8.94
3,2,9.585,0.6,0.0,0.0,0.0089,0.0025,0.0688,0.2495,1.44,8.05
3,2,9.605,0.6,0.0,0.0,0.0054,0.0028,0.0680,0.2495,1.77,7.20
3,2,9.625,0.6,0.0,0.0,0.0064,-0.0009,0.0665,0.2496,2.75,8.17
3,2,9.645,0.6,0.0,0.0,0.0047,-0.0058,0.0649,0.2497,2.76,8.97
3,2,9.664,0.6,0.0,0.0,0.0038,-0.0077,0.0637,0.2498,2.29,9.58
3,2,9.690,0.6,0.0,0.0,0.0035,-0.0057,0.0621,0.2496,1.97,10.04
3,2,9.705,0.6,0.0,0.0,0.0045,-0.0041,0.0614,0.2495,1.94,10.11
3,2,9.725,0.6,0.0,0.0,0.0034,-0.0042,0.0604,0.2491,2.60,10.54
3,2,9.745,0.6,0.0,0.0,0.0043,-0.0055,0.0588,0.2477,4.77,10.97
3,2,9.770,0.6,0.0,0.0,0.0118,-0.0076,0.0580,0.2466,5.80,11.01
3,2,9.785,0.6,0.0,0.0,0.0146,-0.0082,0.0578,0.2460,6.10,10.77
3,2,9.805,0.6,0.0,0.0,0.0223,-0.0081,0.0576,0.2457,6.20,10.64
3,2,9.825,0.6,0.0,0.0,0.0164,-0.0078,0.0575,0.2455,5.21,10.30
3,2,9.846,0.6,0.0,0.0,0.0072,-0.0077,0.0578,0.2452,2.33,9.75
3,2,9.868,0.6,0.0,0.0,0.0187,-0.0055,0.0584,0.2452,1.34,9.03
3,2,9.887,0.6,0.0,0.0,0.0143,-0.0048,0.0595,0.2456,4.66,8.24
3,2,9.910,0.6,0.0,0.0,0.0193,-0.0101,0.0608,0.2465,8.89,7.34
3,2,9.929,0.6,0.0,0.0,0.0255,-0.0115,0.0616,0.2471,9.88,7.16
3,2,9.945,0.6,0.0,0.0,0.0342,-0.0076,0.0626,0.2481,10.09,7.08
3,2,9.968,0.6,0.0,0.0,0.0227,-0.0004,0.0636,0.2494,9.14,8.64
3,2,9.985,0.6,0.0,0.0,0.0209,0.0038,0.0644,0.2502,7.45,8.98
3,2,10.004,0.6,0.0,0.0,0.0266,0.0071,0.0652,0.2508,5.41,9.45
3,2,10.023,0.6,0.0,0.0,0.0145,0.0094,0.0663,0.2512,3.09,9.89
3,2,10.046,0.6,0.0,0.0,0.0101,0.0069,0.0674,0.2512,1.51,10.24
3,2,10.070,0.6,0.0,0.0,0.0055,0.0043,0.0680,0.2510,1.07,10.48
3,2,10.083,0.6,0.0,0.0,0.0035,0.0034,0.0684,0.2507,1.13,10.55
3,2,10.105,0.6,0.0,0.0,0.0040,0.0038,0.0686,0.2505,1.44,10.31
3,2,10.128,0.6,0.0,0.0,0.0054,0.0062,0.0690,0.2502,1.85,9.97
3,2,10.145,0.6,0.0,0.0,0.0048,0.0066,0.0692,0.2502,2.04,9.39
3,2,10.170,0.6,0.0,0.0,0.0093,0.0059,0.0693,0.2501,2.08,9.44
3,2,10.185,0.6,0.0,0.0,0.0065,0.0031,0.0690,0.2500,1.81,8.74
3,2,10.208,0.6,0.0,0.0,0.0043,0.0009,0.0681,0.2499,2.32,7.28
3,2,10.223,0.6,0.0,0.0,0.0036,0.0005,0.0669,0.2500,2.25,8.13
3,2,10.245,0.6,0.0,0.0,0.0030,-0.0060,0.0654,0.2501,2.41,8.86
3,2,10.266,0.6,0.0,0.0,0.0011,-0.0070,0.0646,0.2500,2.28,9.57
3,2,10.286,0.6,0.0,0.0,0.0008,-0.0055,0.0634,0.2499,1.91,10.02
3,2,10.305,0.6,0.0,0.0,0.0008,-0.0028,0.0620,0.2495,2.56,10.50
3,2,10.325,0.6,0.0,0.0,0.0000,-0.0027,0.0616,0.2493,2.74,10.54
3,2,10.345,0.6,0.0,0.0,0.0016,-0.0011,0.0604,0.2484,4.37,10.85
3,2,10.366,0.6,0.0,0.0,0.0080,-0.0020,0.0591,0.2472,5.62,10.81
3,2,10.387,0.6,0.0,0.0,0.0141,-0.0083,0.0584,0.2459,6.63,10.70
3,2,10.405,0.6,0.0,0.0,0.0199,-0.0090,0.0584,0.2456,6.34,10.47
3,2,10.425,0.6,0.0,0.0,0.0242,-0.0089,0.0582,0.2454,7.09,10.36
3,2,10.448,0.6,0.0,0.0,0.0127,-0.0088,0.0583,0.2451,3.21,9.86
3,2,10.467,0.6,0.0,0.0,0.0183,-0.0071,0.0586,0.2451,1.29,9.73
3,2,10.485,0.6,0.0,0.0,0.0127,-0.0060,0.0598,0.2454,4.65,8.31
3,2,10.507,0.6,0.0,0.0,0.0225,-0.0081,0.0606,0.2458,7.33,7.48
3,2,10.524,0.6,0.0,0.0,0.0183,-0.0096,0.0626,0.2472,10.35,7.18
3,2,10.551,0.6,0.0,0.0,0.0218,-0.0038,0.0636,0.2483,10.18,7.88
3,2,10.567,0.6,0.0,0.0,0.0205,0.0008,0.0644,0.2492,9.54,7.75
3,2,10.589,0.6,0.0,0.0,0.0236,0.0060,0.0653,0.2503,6.82,8.87
3,2,10.605,0.6,0.0,0.0,0.0194,0.0070,0.0658,0.2506,5.45,9.42
3,2,10.626,0.6,0.0,0.0,0.0149,0.0096,0.0668,0.2510,3.04,9.86
3,2,10.646,0.6,0.0,0.0,0.0077,0.0081,0.0673,0.2511,1.88,10.19
3,2,10.666,0.6,0.0,0.0,0.0063,0.0045,0.0680,0.2509,1.26,10.47
3,2,10.685,0.6,0.0,0.0,0.0017,0.0034,0.0683,0.2506,1.11,10.53
3,2,10.705,0.6,0.0,0.0,0.0057,0.0049,0.0688,0.2503,1.72,10.41
3,2,10.726,0.6,0.0,0.0,0.0058,0.0062,0.0691,0.2501,2.01,10.13
3,2,10.746,0.6,0.0,0.0,0.0070,0.0066,0.0693,0.2500,2.10,9.50
3,2,10.770,0.6,0.0,0.0,0.0084,0.0040,0.0693,0.2498,2.00,8.78
3,2,10.786,0.6,0.0,0.0,0.0081,0.0030,0.0691,0.2497,1.66,8.77
3,2,10.810,0.6,0.0,0.0,0.0040,0.0006,0.0681,0.2497,2.51,7.16
3,2,10.825,0.6,0.0,0.0,0.0047,0.0011,0.0673,0.2498,2.26,6.99
3,2,10.845,0.6,0.0,0.0,0.0032,-0.0029,0.0661,0.2498,2.47,8.96
3,2,10.861,0.6,0.0,0.0,0.0027,-0.0070,0.0645,0.2499,2.23,9.55
3,2,10.889,0.6,0.0,0.0,0.0012,-0.0043,0.0630,0.2497,1.88,10.07
3,2,10.904,0.6,0.0,0.0,0.0011,-0.0024,0.0620,0.2494,1.98,10.19
3,2,10.930,0.6,0.0,0.0,0.0014,-0.0025,0.0614,0.2491,2.63,10.58
3,2,10.945,0.6,0.0,0.0,0.0050,-0.0008,0.0597,0.2476,4.62,10.94
3,2,10.969,0.6,0.0,0.0,0.0082,-0.0026,0.0589,0.2468,5.62,10.80
3,2,10.986,0.6,0.0,0.0,0.0141,-0.0057,0.0586,0.2462,6.06,10.95
3,2,11.004,0.6,0.0,0.0,0.0169,-0.0072,0.0583,0.2454,5.81,10.81
3,2,11.024,0.6,0.0,0.0,0.0214,-0.0075,0.0583,0.2452,5.87,10.29
3,2,11.048,0.6,0.0,0.0,0.0129,-0.0082,0.0585,0.2451,2.15,9.74
3,2,11.070,0.6,0.0,0.0,0.0108,-0.0050,0.0590,0.2451,1.20,9.06
3,2,11.087,0.6,0.0,0.0,0.0229,-0.0054,0.0598,0.2453,3.72,8.36
3,2,11.106,0.6,0.0,0.0,0.0042,-0.0082,0.0605,0.2457,5.98,8.25
3,2,11.124,0.6,0.0,0.0,0.0259,-0.0088,0.0617,0.2464,9.59,7.50
3,2,11.146,0.6,0.0,0.0,0.0191,-0.0071,0.0626,0.2471,10.37,8.13
3,2,11.167,0.6,0.0,0.0,0.0186,-0.0024,0.0634,0.2477,10.43,7.86
3,2,11.187,0.6,0.0,0.0,0.0236,0.0053,0.0651,0.2496,7.84,8.88
3,2,11.205,0.6,0.0,0.0,0.0129,0.0079,0.0657,0.2502,5.82,9.41
3,2,11.225,0.6,0.0,0.0,0.0136,0.0091,0.0664,0.2506,3.78,9.84
3,2,11.246,0.6,0.0,0.0,0.0054,0.0056,0.0673,0.2507,1.39,10.25
3,2,11.270,0.6,0.0,0.0,0.0027,0.0037,0.0678,0.2506,0.98,10.48
3,2,11.288,0.6,0.0,0.0,0.0025,0.0037,0.0683,0.2503,1.49,10.58
3,2,11.304,0.6,0.0,0.0,0.0032,0.0048,0.0685,0.2502,1.46,10.48
3,2,11.325,0.6,0.0,0.0,0.0066,0.0067,0.0690,0.2499,1.59,10.19
3,2,11.345,0.6,0.0,0.0,0.0063,0.0067,0.0694,0.2498,1.75,9.57
3,2,11.368,0.6,0.0,0.0,0.0060,0.0038,0.0694,0.2497,1.70,8.78
3,2,11.386,0.6,0.0,0.0,0.0045,0.0030,0.0691,0.2496,1.58,7.77
3,2,11.406,0.6,0.0,0.0,0.0043,0.0026,0.0683,0.2496,1.99,7.26
3,2,11.424,0.6,0.0,0.0,0.0029,-0.0011,0.0668,0.2497,2.63,8.23
3,2,11.444,0.6,0.0,0.0,0.0030,-0.0036,0.0660,0.2498,2.53,8.97
3,2,11.470,0.6,0.0,0.0,0.0018,-0.0064,0.0641,0.2498,2.05,9.60
3,2,11.485,0.6,0.0,0.0,0.0005,-0.0052,0.0634,0.2497,1.75,10.09
3,2,11.505,0.6,0.0,0.0,0.0009,-0.0026,0.0624,0.2495,2.20,10.48
3,2,11.525,0.6,0.0,0.0,0.0007,0.0001,0.0610,0.2486,4.03,10.85
3,2,11.546,0.6,0.0,0.0,0.0049,0.0009,0.0599,0.2477,5.12,10.96
3,2,11.564,0.6,0.0,0.0,0.0097,-0.0029,0.0591,0.2468,5.65,10.81
3,2,11.586,0.6,0.0,0.0,0.0167,-0.0079,0.0586,0.2458,5.94,10.66
3,2,11.604,0.6,0.0,0.0,0.0223,-0.0074,0.0585,0.2454,5.74,10.45
3,2,11.626,0.6,0.0,0.0,0.0067,-0.0073,0.0584,0.2452,5.43,10.53
3,2,11.646,0.6,0.0,0.0,0.0204,-0.0084,0.0584,0.2450,3.01,9.59
3,2,11.670,0.6,0.0,0.0,0.0118,-0.0046,0.0591,0.2450,1.86,9.00
3,2,11.686,0.6,0.0,0.0,0.0080,-0.0046,0.0594,0.2450,2.52,8.90
3,2,11.704,0.6,0.0,0.0,0.0186,-0.0091,0.0608,0.2457,7.56,7.51
3,2,11.725,0.6,0.0,0.0,0.0185,-0.0097,0.0625,0.2469,10.91,7.50
3,2,11.742,0.6,0.0,0.0,0.0172,-0.0079,0.0633,0.2476,10.71,8.06
3,2,11.766,0.6,0.0,0.0,0.0223,0.0021,0.0647,0.2492,9.28,8.50
3,2,11.786,0.6,0.0,0.0,0.0253,0.0041,0.0651,0.2498,8.00,8.28
3,2,11.804,0.6,0.0,0.0,0.0081,0.0064,0.0657,0.2505,6.15,8.94
3,2,11.824,0.6,0.0,0.0,0.0151,0.0089,0.0665,0.2510,3.61,9.90
3,2,11.845,0.6,0.0,0.0,0.0107,0.0070,0.0673,0.2510,2.09,10.23
3,2,11.865,0.6,0.0,0.0,0.0034,0.0041,0.0680,0.2508,1.32,10.48
3,2,11.890,0.6,0.0,0.0,0.0037,0.0043,0.0686,0.2505,1.38,10.67
3,2,11.905,0.6,0.0,0.0,0.0070,0.0060,0.0690,0.2503,2.07,10.55
3,2,11.926,0.6,0.0,0.0,0.0047,0.0084,0.0694,0.2501,2.34,10.30
3,2,11.951,0.6,0.0,0.0,0.0105,0.0072,0.0698,0.2499,2.27,9.72
3,2,11.966,0.6,0.0,0.0,0.0092,0.0040,0.0698,0.2497,1.61,8.90
3,2,11.988,0.6,0.0,0.0,0.0044,0.0027,0.0693,0.2497,1.67,8.92
3,2,12.006,0.6,0.0,0.0,0.0038,0.0024,0.0686,0.2497,1.73,7.75
3,2,12.024,0.6,0.0,0.0,0.0031,-0.0014,0.0672,0.2497,2.69,8.28
3,2,12.048,0.6,0.0,0.0,0.0032,-0.0062,0.0660,0.2498,2.78,9.04
3,2,12.072,0.6,0.0,0.0,0.0025,-0.0077,0.0648,0.2498,2.41,8.99
3,2,12.086,0.6,0.0,0.0,0.0014,-0.0070,0.0640,0.2498,2.30,9.61
3,2,12.105,0.6,0.0,0.0,0.0020,-0.0041,0.0629,0.2496,2.28,10.41
3,2,12.125,0.6,0.0,0.0,0.0024,-0.0023,0.0618,0.2490,3.25,10.75
3,2,12.146,0.6,0.0,0.0,0.0041,0.0008,0.0600,0.2475,5.56,11.02
3,2,12.167,0.6,0.0,0.0,0.0059,-0.0012,0.0595,0.2469,5.99,10.86
3,2,12.184,0.6,0.0,0.0,0.0172,-0.0063,0.0591,0.2460,6.18,10.90
3,2,12.205,0.6,0.0,0.0,0.0178,-0.0073,0.0588,0.2455,6.18,10.64
3,2,12.225,0.6,0.0,0.0,0.0192,-0.0078,0.0586,0.2453,6.04,10.32
3,2,12.253,0.6,0.0,0.0,0.0145,-0.0090,0.0585,0.2452,2.89,9.70
3,2,12.266,0.6,0.0,0.0,0.0237,-0.0050,0.0591,0.2451,1.20,9.44
3,2,12.288,0.6,0.0,0.0,0.0123,-0.0038,0.0599,0.2453,2.95,8.36
3,2,12.304,0.6,0.0,0.0,0.0273,-0.0093,0.0613,0.2460,7.71,7.45
3,2,12.325,0.6,0.0,0.0,0.0211,-0.0116,0.0624,0.2469,9.65,7.42
3,2,12.347,0.6,0.0,0.0,0.0204,-0.0052,0.0637,0.2482,10.20,7.98
3,2,12.369,0.6,0.0,0.0,0.0205,0.0007,0.0644,0.2491,9.33,8.52
3,2,12.386,0.6,0.0,0.0,0.0358,0.0036,0.0652,0.2498,8.29,8.44
3,2,12.404,0.6,0.0,0.0,0.0192,0.0074,0.0659,0.2506,5.69,9.41
3,2,12.425,0.6,0.0,0.0,0.0167,0.0096,0.0669,0.2510,3.12,9.89
3,2,12.446,0.6,0.0,0.0,0.0096,0.0092,0.0674,0.2511,2.05,10.21
3,2,12.475,0.6,0.0,0.0,0.0058,0.0045,0.0683,0.2508,1.29,10.45
3,2,12.491,0.6,0.0,0.0,0.0042,0.0037,0.0688,0.2506,1.52,10.56
3,2,12.505,0.6,0.0,0.0,0.0045,0.0036,0.0689,0.2505,1.20,10.59
3,2,12.525,0.6,0.0,0.0,0.0082,0.0056,0.0692,0.2502,1.81,10.12
3,2,12.551,0.6,0.0,0.0,0.0073,0.0070,0.0698,0.2499,1.93,9.55
3,2,12.567,0.6,0.0,0.0,0.0092,0.0055,0.0699,0.2499,1.81,9.58
3,2,12.595,0.6,0.0,0.0,0.0051,0.0026,0.0688,0.2498,2.02,7.78
3,2,12.605,0.6,0.0,0.0,0.0051,0.0025,0.0684,0.2498,1.95,7.78
3,2,12.625,0.6,0.0,0.0,0.0046,-0.0013,0.0671,0.2499,2.43,8.20
3,2,12.644,0.6,0.0,0.0,0.0000,-0.0033,0.0667,0.2499,2.58,8.11
3,2,12.666,0.6,0.0,0.0,0.0032,-0.0071,0.0647,0.2499,2.30,9.60
3,2,12.684,0.6,0.0,0.0,0.0009,-0.0055,0.0635,0.2498,1.85,10.06
3,2,12.705,0.6,0.0,0.0,0.0010,-0.0034,0.0628,0.2497,2.25,10.44
3,2,12.725,0.6,0.0,0.0,0.0012,-0.0000,0.0613,0.2488,3.96,10.79
3,2,12.745,0.6,0.0,0.0,0.0030,0.0014,0.0602,0.2478,5.25,10.87
3,2,12.766,0.6,0.0,0.0,0.0120,-0.0031,0.0593,0.2469,5.77,10.74
3,2,12.788,0.6,0.0,0.0,0.0200,-0.0075,0.0587,0.2457,6.10,10.84
3,2,12.803,0.6,0.0,0.0,0.0149,-0.0065,0.0586,0.2451,5.46,10.57
3,2,12.824,0.6,0.0,0.0,0.0091,-0.0067,0.0586,0.2451,5.47,10.60
3,2,12.845,0.6,0.0,0.0,0.0241,-0.0087,0.0585,0.2450,2.28,9.76
3,2,12.866,0.6,0.0,0.0,0.0188,-0.0056,0.0594,0.2451,2.38,9.09
3,2,12.888,0.6,0.0,0.0,0.0150,-0.0080,0.0603,0.2454,5.23,8.30
3,2,12.905,0.6,0.0,0.0,0.0225,-0.0103,0.0611,0.2459,7.17,8.04
3,2,12.925,0.6,0.0,0.0,0.0290,-0.0076,0.0629,0.2473,10.12,7.33
3,2,12.949,0.6,0.0,0.0,0.0105,-0.0043,0.0635,0.2479,10.08,8.05
3,2,12.968,0.6,0.0,0.0,0.0234,0.0008,0.0644,0.2489,9.40,8.55
3,2,12.986,0.6,0.0,0.0,0.0277,0.0035,0.0649,0.2495,8.48,8.39
3,2,13.004,0.6,0.0,0.0,0.0083,0.0065,0.0657,0.2502,6.57,8.92
3,2,13.031,0.6,0.0,0.0,0.0173,0.0103,0.0666,0.2508,3.95,9.85
3,2,13.047,0.6,0.0,0.0,0.0117,0.0104,0.0672,0.2509,2.70,9.90
3,2,13.063,0.6,0.0,0.0,0.0056,0.0055,0.0682,0.2508,1.29,10.40
3,2,13.088,0.6,0.0,0.0,0.0041,0.0041,0.0688,0.2505,1.75,10.58
3,2,13.104,0.6,0.0,0.0,0.0062,0.0053,0.0691,0.2502,1.98,10.47
3,2,13.126,0.6,0.0,0.0,0.0064,0.0049,0.0692,0.2501,1.74,10.19
3,2,13.152,0.6,0.0,0.0,0.0069,0.0057,0.0698,0.2498,1.66,9.61
3,2,13.173,0.6,0.0,0.0,0.0067,0.0045,0.0699,0.2497,1.32,8.74
3,2,13.185,0.6,0.0,0.0,0.0000,0.0038,0.0699,0.2497,1.46,8.73
3,2,13.205,0.6,0.0,0.0,0.0076,0.0038,0.0689,0.2497,2.61,7.34
3,2,13.224,0.6,0.0,0.0,0.0044,0.0021,0.0680,0.2497,2.91,8.19
3,2,13.243,0.6,0.0,0.0,0.0037,-0.0038,0.0664,0.2498,2.42,8.79
3,2,13.265,0.6,0.0,0.0,0.0024,-0.0064,0.0648,0.2498,2.17,9.56
3,2,13.284,0.6,0.0,0.0,0.0009,-0.0051,0.0637,0.2497,1.78,10.12
3,2,13.305,0.6,0.0,0.0,0.0016,-0.0027,0.0627,0.2494,2.22,10.53
3,2,13.325,0.6,0.0,0.0,0.0011,0.0007,0.0612,0.2485,4.25,10.85
3,2,13.351,0.6,0.0,0.0,0.0055,0.0006,0.0598,0.2473,5.61,10.98
3,2,13.369,0.6,0.0,0.0,0.0073,-0.0025,0.0590,0.2464,5.94,10.75
3,2,13.385,0.6,0.0,0.0,0.0220,-0.0067,0.0587,0.2457,6.36,10.85
3,2,13.404,0.6,0.0,0.0,0.0176,-0.0072,0.0586,0.2453,6.13,10.68
3,2,13.425,0.6,0.0,0.0,0.0178,-0.0074,0.0584,0.2451,4.83,10.44
3,2,13.445,0.6,0.0,0.0,0.0186,-0.0074,0.0588,0.2449,1.22,9.73
3,2,13.467,0.6,0.0,0.0,0.0171,-0.0060,0.0592,0.2449,1.29,9.08
3,2,13.486,0.6,0.0,0.0,0.0125,-0.0046,0.0601,0.2453,4.22,8.72
3,2,13.504,0.6,0.0,0.0,0.0182,-0.0075,0.0610,0.2458,7.32,7.32
3,2,13.526,0.6,0.0,0.0,0.0150,-0.0080,0.0621,0.2467,9.78,7.65
3,2,13.544,0.6,0.0,0.0,0.0208,-0.0056,0.0629,0.2473,10.22,8.15
3,2,13.567,0.6,0.0,0.0,0.0338,0.0023,0.0646,0.2489,9.29,8.43
3,2,13.586,0.6,0.0,0.0,0.0191,0.0046,0.0654,0.2497,7.66,8.96
3,2,13.605,0.6,0.0,0.0,0.0109,0.0071,0.0660,0.2504,5.75,9.47
3,2,13.624,0.6,0.0,0.0,0.0224,0.0092,0.0669,0.2508,3.20,9.91
3,2,13.649,0.6,0.0,0.0,0.0068,0.0055,0.0678,0.2508,1.24,10.31
3,2,13.671,0.6,0.0,0.0,0.0018,0.0039,0.0681,0.2507,1.17,10.38
3,2,13.687,0.6,0.0,0.0,0.0031,0.0038,0.0686,0.2504,1.53,10.65
3,2,13.704,0.6,0.0,0.0,0.0041,0.0051,0.0688,0.2503,1.59,10.49
3,2,13.729,0.6,0.0,0.0,0.0054,0.0061,0.0692,0.2500,1.80,10.17
3,2,13.746,0.6,0.0,0.0,0.0092,0.0073,0.0696,0.2499,1.91,10.22
3,2,13.765,0.6,0.0,0.0,0.0066,0.0051,0.0699,0.2497,1.85,8.81
3,2,13.790,0.6,0.0,0.0,0.0063,0.0030,0.0694,0.2496,2.12,7.81
3,2,13.805,0.6,0.0,0.0,0.0059,0.0028,0.0688,0.2496,2.08,7.81
3,2,13.824,0.6,0.0,0.0,0.0025,0.0016,0.0678,0.2497,2.20,8.26
3,2,13.847,0.6,0.0,0.0,0.0041,-0.0037,0.0667,0.2498,2.55,9.05
3,2,13.869,0.6,0.0,0.0,0.0009,-0.0076,0.0654,0.2498,2.52,9.70
3,2,13.885,0.6,0.0,0.0,0.0022,-0.0066,0.0641,0.2497,2.36,9.63
3,2,13.906,0.6,0.0,0.0,0.0021,-0.0030,0.0627,0.2493,2.46,10.51
3,2,13.928,0.6,0.0,0.0,0.0003,-0.0001,0.0616,0.2486,3.92,10.78
3,2,13.952,0.6,0.0,0.0,0.0045,0.0002,0.0602,0.2474,5.22,11.05
3,2,13.970,0.6,0.0,0.0,0.0093,-0.0016,0.0597,0.2468,5.58,11.18
3,2,13.988,0.6,0.0,0.0,0.0163,-0.0067,0.0591,0.2458,5.90,10.64
3,2,14.005,0.6,0.0,0.0,0.0204,-0.0073,0.0591,0.2455,5.91,10.85
3,2,14.024,0.6,0.0,0.0,0.0203,-0.0096,0.0589,0.2452,5.13,10.27
3,2,14.045,0.6,0.0,0.0,0.0098,-0.0092,0.0589,0.2451,3.55,9.53
3,2,14.068,0.6,0.0,0.0,0.0123,-0.0045,0.0595,0.2450,1.51,9.00
3,2,14.088,0.6,0.0,0.0,0.0163,-0.0030,0.0604,0.2453,3.48,8.35
3,2,14.106,0.6,0.0,0.0,0.0141,-0.0071,0.0615,0.2458,7.63,7.61
3,2,14.125,0.6,0.0,0.0,0.0175,-0.0093,0.0631,0.2470,10.41,7.24
3,2,14.146,0.6,0.0,0.0,0.0198,-0.0040,0.0641,0.2480,10.39,7.92
3,2,14.166,0.6,0.0,0.0,0.0183,0.0005,0.0646,0.2487,9.87,8.64
3,2,14.186,0.6,0.0,0.0,0.0154,0.0046,0.0653,0.2496,8.38,8.98
3,2,14.204,0.6,0.0,0.0,0.0192,0.0071,0.0660,0.2503,6.33,9.44
3,2,14.225,0.6,0.0,0.0,0.0083,0.0082,0.0667,0.2507,4.14,9.87
3,2,14.245,0.6,0.0,0.0,0.0087,0.0063,0.0676,0.2508,1.96,10.25
3,2,14.268,0.6,0.0,0.0,0.0028,0.0037,0.0682,0.2506,1.16,10.49
3,2,14.287,0.6,0.0,0.0,0.0027,0.0034,0.0687,0.2504,1.36,10.64
3,2,14.305,0.6,0.0,0.0,0.0042,0.0041,0.0689,0.2502,1.59,10.68
3,2,14.323,0.6,0.0,0.0,0.0079,0.0072,0.0695,0.2499,1.90,10.26
3,2,14.346,0.6,0.0,0.0,0.0023,0.0066,0.0697,0.2498,2.08,9.69
3,2,14.371,0.6,0.0,0.0,0.0088,0.0042,0.0697,0.2497,1.70,8.89
3,2,14.386,0.6,0.0,0.0,0.0043,0.0032,0.0695,0.2496,1.72,8.90
3,2,14.410,0.6,0.0,0.0,0.0073,0.0018,0.0686,0.2496,2.42,7.39
3,2,14.425,0.6,0.0,0.0,0.0046,0.0015,0.0678,0.2497,2.49,7.09
3,2,14.446,0.6,0.0,0.0,0.0037,-0.0052,0.0661,0.2498,2.81,8.95
3,2,14.467,0.6,0.0,0.0,0.0028,-0.0075,0.0653,0.2498,2.55,9.57
3,2,14.485,0.6,0.0,0.0,0.0017,-0.0059,0.0635,0.2496,2.16,9.99
3,2,14.504,0.6,0.0,0.0,0.0028,-0.0038,0.0624,0.2493,2.50,10.50
3,2,14.524,0.6,0.0,0.0,0.0008,-0.0037,0.0620,0.2491,2.58,10.55
3,2,14.550,0.6,0.0,0.0,0.0047,-0.0001,0.0602,0.2476,5.20,11.02
3,2,14.567,0.6,0.0,0.0,0.0085,-0.0017,0.0594,0.2467,5.81,10.90
3,2,14.587,0.6,0.0,0.0,0.0140,-0.0064,0.0590,0.2460,6.15,10.69
3,2,14.605,0.6,0.0,0.0,0.0179,-0.0073,0.0589,0.2457,6.11,10.80
3,2,14.624,0.6,0.0,0.0,0.0179,-0.0074,0.0587,0.2453,6.28,10.31
3,2,14.644,0.6,0.0,0.0,0.0197,-0.0091,0.0586,0.2453,4.10,10.38
3,2,14.665,0.6,0.0,0.0,0.0121,-0.0063,0.0591,0.2451,1.20,9.06
3,2,14.685,0.6,0.0,0.0,0.0174,-0.0043,0.0599,0.2453,3.23,8.33
3,2,14.708,0.6,0.0,0.0,0.0088,-0.0087,0.0613,0.2460,7.63,7.47
3,2,14.724,0.6,0.0,0.0,0.0300,-0.0103,0.0621,0.2466,9.43,7.59
3,2,14.746,0.6,0.0,0.0,0.0194,-0.0062,0.0632,0.2475,10.33,8.13
3,2,14.764,0.6,0.0,0.0,0.0208,-0.0003,0.0641,0.2485,9.91,7.78
3,2,14.789,0.6,0.0,0.0,0.0262,0.0050,0.0651,0.2497,7.94,8.97
3,2,14.804,0.6,0.0,0.0,0.0166,0.0068,0.0656,0.2501,6.58,8.90
3,2,14.824,0.6,0.0,0.0,0.0141,0.0084,0.0666,0.2507,3.81,9.86
3,2,14.845,0.6,0.0,0.0,0.0169,0.0089,0.0673,0.2509,2.16,10.20
3,2,14.873,0.6,0.0,0.0,0.0046,0.0032,0.0685,0.2505,1.00,10.54
3,2,14.886,0.6,0.0,0.0,0.0018,0.0028,0.0686,0.2504,0.95,10.57
3,2,14.904,0.6,0.0,0.0,0.0033,0.0038,0.0689,0.2503,1.27,10.46
3,2,14.925,0.6,0.0,0.0,0.0065,0.0061,0.0693,0.2500,1.44,10.12
3,2,14.945,0.6,0.0,0.0,0.0055,0.0062,0.0697,0.2499,1.61,9.52
3,2,14.970,0.6,0.0,0.0,0.0063,0.0034,0.0694,0.2498,1.90,8.76
3,2,14.988,0.6,0.0,0.0,0.0081,0.0024,0.0688,0.2497,1.36,7.74
3,2,15.005,0.6,0.0,0.0,0.0029,0.0023,0.0681,0.2498,1.61,7.72
3,2,15.025,0.6,0.0,0.0,0.0025,0.0013,0.0667,0.2498,2.53,8.26
3,3,15.048,0.0,0.0,0.5,0.0045,-0.0056,0.0654,0.2499,2.59,8.81
3,3,15.075,0.0,0.0,0.5,0.0002,-0.0066,0.0643,0.2499,2.37,8.10
3,3,15.086,0.0,0.0,0.5,-0.0031,0.0894,0.0625,0.2499,5.47,7.98
3,3,15.105,0.0,0.0,0.5,-0.0040,0.1667,0.0600,0.2499,6.89,8.47
3,3,15.123,0.0,0.0,0.5,-0.0074,0.2037,0.0563,0.2500,6.63,9.05
3,3,15.145,0.0,0.0,0.5,-0.0079,0.1794,0.0536,0.2498,6.06,9.54
3,3,15.169,0.0,0.0,0.5,-0.0118,0.1361,0.0507,0.2494,4.61,9.69
3,3,15.187,0.0,0.0,0.5,-0.0084,0.1021,0.0494,0.2490,4.03,9.78
3,3,15.205,0.0,0.0,0.5,-0.0139,0.0814,0.0486,0.2486,4.20,9.72
3,3,15.225,0.0,0.0,0.5,-0.0105,0.0712,0.0483,0.2483,4.03,9.38
3,3,15.249,0.0,0.0,0.5,-0.0093,0.0780,0.0483,0.2480,3.23,8.74
3,3,15.269,0.0,0.0,0.5,-0.0075,0.0911,0.0484,0.2480,2.29,8.72
3,3,15.284,0.0,0.0,0.5,-0.0080,0.1111,0.0486,0.2481,2.49,7.65
3,3,15.305,0.0,0.0,0.5,-0.0058,0.1635,0.0491,0.2485,5.46,9.42
3,3,15.326,0.0,0.0,0.5,-0.0052,0.2262,0.0495,0.2490,8.86,10.69
3,3,15.347,0.0,0.0,0.5,-0.0082,0.3026,0.0500,0.2498,10.44,11.07
3,3,15.365,0.0,0.0,0.5,-0.0078,0.3434,0.0503,0.2505,10.80,11.32
3,3,15.384,0.0,0.0,0.5,-0.0090,0.3625,0.0507,0.2509,9.82,11.48
3,3,15.404,0.0,0.0,0.5,-0.0129,0.3865,0.0522,0.2510,8.90,11.94
3,3,15.424,0.0,0.0,0.5,-0.0148,0.4044,0.0538,0.2510,6.56,12.36
3,3,15.445,0.0,0.0,0.5,-0.0151,0.4238,0.0553,0.2510,4.09,12.38
3,3,15.467,0.0,0.0,0.5,-0.0124,0.4389,0.0558,0.2510,2.75,12.29
3,3,15.490,0.0,0.0,0.5,-0.0114,0.4522,0.0562,0.2510,3.16,12.03
3,3,15.504,0.0,0.0,0.5,-0.0117,0.4572,0.0563,0.2511,3.84,12.04
3,3,15.524,0.0,0.0,0.5,-0.0180,0.4315,0.0550,0.2510,5.67,11.40
3,3,15.544,0.0,0.0,0.5,-0.0131,0.4184,0.0536,0.2510,6.15,10.86
3,3,15.567,0.0,0.0,0.5,-0.0250,0.3198,0.0504,0.2508,5.39,10.02
3,3,15.586,0.0,0.0,0.5,-0.0111,0.2201,0.0500,0.2507,2.82,9.71
3,3,15.606,0.0,0.0,0.5,-0.0061,0.1640,0.0499,0.2508,3.02,9.19
3,3,15.624,0.0,0.0,0.5,-0.0043,0.1637,0.0489,0.2511,5.20,7.42
3,3,15.652,0.0,0.0,0.5,-0.0023,0.1384,0.0458,0.2516,6.41,9.05
3,3,15.669,0.0,0.0,0.5,-0.0015,0.0991,0.0428,0.2519,5.85,9.05
3,3,15.686,0.0,0.0,0.5,-0.0010,0.0757,0.0410,0.2520,4.52,10.45
3,3,15.705,0.0,0.0,0.5,-0.0063,0.0501,0.0388,0.2513,10.26,11.63
3,3,15.724,0.0,0.0,0.5,-0.0103,0.0570,0.0356,0.2492,6.66,11.78
3,3,15.745,0.0,0.0,0.5,-0.0092,0.0872,0.0339,0.2481,6.40,11.10
3,3,15.766,0.0,0.0,0.5,-0.0098,0.1079,0.0333,0.2478,7.38,11.27
3,3,15.787,0.0,0.0,0.5,-0.0088,0.1333,0.0331,0.2472,8.01,10.75
3,3,15.805,0.0,0.0,0.5,-0.0115,0.1204,0.0339,0.2467,7.32,10.78
3,3,15.824,0.0,0.0,0.5,-0.0061,0.1102,0.0359,0.2460,5.53,9.64
3,3,15.846,0.0,0.0,0.5,-0.0015,0.1191,0.0375,0.2458,3.05,8.33
3,3,15.867,0.0,0.0,0.5,0.0003,0.1372,0.0379,0.2460,3.99,7.63
3,3,15.885,0.0,0.0,0.5,0.0033,0.1866,0.0384,0.2463,6.63,8.67
3,3,15.906,0.0,0.0,0.5,0.0080,0.2468,0.0393,0.2470,9.84,9.70
3,3,15.922,0.0,0.0,0.5,0.0175,0.3115,0.0412,0.2480,11.63,10.11
3,3,15.947,0.0,0.0,0.5,0.0185,0.3422,0.0434,0.2490,10.76,10.32
3,3,15.967,0.0,0.0,0.5,0.0140,0.3494,0.0449,0.2496,9.01,11.04
3,3,15.986,0.0,0.0,0.5,0.0129,0.3609,0.0463,0.2501,9.21,11.93
3,3,16.005,0.0,0.0,0.5,0.0119,0.3818,0.0487,0.2504,7.50,12.68
3,3,16.025,0.0,0.0,0.5,0.0062,0.4348,0.0525,0.2506,5.40,13.25
3,3,16.044,0.0,0.0,0.5,0.0023,0.4521,0.0539,0.2507,4.63,13.36
3,3,16.070,0.0,0.0,0.5,-0.0049,0.4586,0.0540,0.2508,4.37,13.12
3,3,16.093,0.0,0.0,0.5,-0.0025,0.4466,0.0533,0.2507,5.31,12.55
3,3,16.104,0.0,0.0,0.5,-0.0183,0.4466,0.0533,0.2508,5.16,12.50
3,3,16.123,0.0,0.0,0.5,-0.0087,0.4014,0.0535,0.2510,2.73,12.09
3,3,16.144,0.0,0.0,0.5,-0.0097,0.3882,0.0543,0.2515,2.92,12.37
3,3,16.166,0.0,0.0,0.5,-0.0064,0.3669,0.0548,0.2513,4.28,12.31
3,3,16.185,0.0,0.0,0.5,-0.0071,0.3114,0.0541,0.2509,6.90,11.55
3,3,16.203,0.0,0.0,0.5,-0.0090,0.2827,0.0528,0.2509,6.85,10.29
3,3,16.223,0.0,0.0,0.5,-0.0122,0.2376,0.0493,0.2512,7.38,7.71
3,3,16.244,0.0,0.0,0.5,-0.0060,0.1866,0.0456,0.2517,6.42,7.99
3,3,16.263,0.0,0.0,0.5,-0.0012,0.1355,0.0432,0.2519,4.87,9.43
3,3,16.285,0.0,0.0,0.5,-0.0012,0.0747,0.0403,0.2517,5.05,10.57
3,3,16.303,0.0,0.0,0.5,-0.0046,0.0581,0.0376,0.2508,5.66,11.28
3,3,16.325,0.0,0.0,0.5,-0.0067,0.0586,0.0366,0.2503,6.28,11.25
3,3,16.345,0.0,0.0,0.5,-0.0077,0.0918,0.0347,0.2485,6.67,11.40
3,3,16.365,0.0,0.0,0.5,-0.0123,0.1022,0.0350,0.2475,6.88,10.91
3,3,16.384,0.0,0.0,0.5,-0.0131,0.1085,0.0358,0.2472,6.88,10.23
3,3,16.402,0.0,0.0,0.5,-0.0138,0.0810,0.0377,0.2465,4.48,9.62
3,3,16.424,0.0,0.0,0.5,-0.0116,0.0732,0.0384,0.2463,2.27,9.08
3,3,16.445,0.0,0.0,0.5,-0.0047,0.0811,0.0387,0.2464,2.37,8.34
3,3,16.465,0.0,0.0,0.5,-0.0010,0.1167,0.0396,0.2467,4.60,7.06
3,3,16.485,0.0,0.0,0.5,0.0059,0.1638,0.0406,0.2472,6.95,8.16
3,3,16.505,0.0,0.0,0.5,0.0000,0.2184,0.0418,0.2478,9.19,9.20
3,3,16.523,0.0,0.0,0.5,0.0182,0.2803,0.0434,0.2487,10.51,10.15
3,3,16.543,0.0,0.0,0.5,0.0183,0.3137,0.0450,0.2497,10.16,10.65
3,3,16.564,0.0,0.0,0.5,0.0128,0.3292,0.0463,0.2502,9.23,11.23
3,3,16.584,0.0,0.0,0.5,0.0151,0.3625,0.0486,0.2509,8.35,12.12
3,3,16.604,0.0,0.0,0.5,0.0125,0.4090,0.0518,0.2511,6.88,12.81
3,3,16.624,0.0,0.0,0.5,0.0054,0.4308,0.0532,0.2510,5.56,13.30
3,3,16.646,0.0,0.0,0.5,0.0001,0.4558,0.0546,0.2511,4.13,13.26
3,3,16.673,0.0,0.0,0.5,-0.0027,0.4595,0.0537,0.2512,4.98,12.52
3,3,16.685,0.0,0.0,0.5,-0.0119,0.4596,0.0533,0.2512,5.31,12.50
3,3,16.704,0.0,0.0,0.5,-0.0095,0.4315,0.0529,0.2511,3.72,11.84
3,3,16.724,0.0,0.0,0.5,-0.0044,0.3996,0.0538,0.2513,3.02,12.05
3,3,16.745,0.0,0.0,0.5,-0.0057,0.3557,0.0554,0.2514,3.17,12.48
3,3,16.769,0.0,0.0,0.5,-0.0045,0.3026,0.0554,0.2510,6.71,12.22
3,3,16.789,0.0,0.0,0.5,-0.0139,0.2653,0.0531,0.2510,7.45,11.09
3,3,16.805,0.0,0.0,0.5,-0.0088,0.2534,0.0513,0.2512,8.41,10.52
3,3,16.824,0.0,0.0,0.5,-0.0075,0.2195,0.0475,0.2517,7.26,6.76
3,3,16.846,0.0,0.0,0.5,-0.0013,0.1795,0.0451,0.2521,6.52,6.64
3,3,16.869,0.0,0.0,0.5,-0.0003,0.0788,0.0416,0.2522,5.70,9.83
3,3,16.885,0.0,0.0,0.5,-0.0037,0.0543,0.0401,0.2519,5.57,9.91
3,3,16.905,0.0,0.0,0.5,-0.0048,0.0476,0.0388,0.2517,5.88,10.92
3,3,16.922,0.0,0.0,0.5,-0.0124,0.0528,0.0358,0.2490,7.64,11.61
3,3,16.945,0.0,0.0,0.5,-0.0103,0.0777,0.0343,0.2482,6.01,11.31
3,3,16.965,0.0,0.0,0.5,-0.0133,0.1139,0.0336,0.2474,7.22,11.02
3,3,16.985,0.0,0.0,0.5,-0.0079,0.1301,0.0346,0.2473,7.80,10.48
3,3,17.005,0.0,0.0,0.5,-0.0111,0.1167,0.0363,0.2466,8.75,9.76
3,3,17.025,0.0,0.0,0.5,-0.0077,0.1055,0.0383,0.2459,5.00,9.09
3,3,17.046,0.0,0.0,0.5,-0.0060,0.1110,0.0390,0.2458,2.51,7.94
3,3,17.068,0.0,0.0,0.5,-0.0037,0.1405,0.0392,0.2461,4.38,7.76
3,3,17.086,0.0,0.0,0.5,0.0012,0.1719,0.0395,0.2464,6.14,7.66
3,3,17.104,0.0,0.0,0.5,0.0080,0.2569,0.0414,0.2474,10.50,9.64
3,3,17.125,0.0,0.0,0.5,0.0120,0.2967,0.0429,0.2482,11.49,9.96
3,3,17.145,0.0,0.0,0.5,0.0184,0.3165,0.0443,0.2489,10.62,10.56
3,3,17.170,0.0,0.0,0.5,0.0111,0.3437,0.0464,0.2497,9.76,11.54
3,3,17.190,0.0,0.0,0.5,0.0185,0.3627,0.0480,0.2502,8.77,11.67
3,3,17.205,0.0,0.0,0.5,0.0101,0.4075,0.0515,0.2504,7.43,12.56
3,3,17.224,0.0,0.0,0.5,0.0061,0.4458,0.0544,0.2505,5.23,13.49
3,3,17.245,0.0,0.0,0.5,-0.0023,0.4622,0.0552,0.2507,4.87,13.36
3,3,17.269,0.0,0.0,0.5,-0.0060,0.4700,0.0540,0.2509,5.61,12.60
3,3,17.285,0.0,0.0,0.5,-0.0124,0.4607,0.0527,0.2509,5.60,11.93
3,3,17.303,0.0,0.0,0.5,-0.0060,0.4487,0.0522,0.2508,4.78,11.99
3,3,17.323,0.0,0.0,0.5,-0.0136,0.4076,0.0532,0.2511,3.59,11.99
3,3,17.347,0.0,0.0,0.5,-0.0077,0.3854,0.0543,0.2515,3.09,12.40
3,3,17.365,0.0,0.0,0.5,-0.0065,0.3386,0.0553,0.2510,5.45,12.24
3,3,17.385,0.0,0.0,0.5,-0.0103,0.3072,0.0552,0.2508,6.63,12.17
3,3,17.404,0.0,0.0,0.5,-0.0112,0.2534,0.0519,0.2508,8.01,9.87
3,3,17.422,0.0,0.0,0.5,-0.0042,0.2279,0.0487,0.2512,7.98,6.97
3,3,17.442,0.0,0.0,0.5,-0.0128,0.1875,0.0455,0.2515,6.77,8.36
3,3,17.468,0.0,0.0,0.5,-0.0032,0.0967,0.0414,0.2518,5.21,9.80
3,3,17.486,0.0,0.0,0.5,-0.0029,0.0699,0.0399,0.2516,4.81,10.87
3,3,17.505,0.0,0.0,0.5,-0.0088,0.0519,0.0370,0.2505,7.10,11.58
3,3,17.525,0.0,0.0,0.5,-0.0075,0.0672,0.0346,0.2492,7.12,11.73
3,3,17.552,0.0,0.0,0.5,-0.0089,0.0989,0.0334,0.2480,6.63,11.36
3,3,17.567,0.0,0.0,0.5,-0.0112,0.1173,0.0338,0.2474,7.20,10.97
3,3,17.585,0.0,0.0,0.5,-0.0102,0.1204,0.0351,0.2468,7.30,10.41
3,3,17.604,0.0,0.0,0.5,-0.0119,0.1126,0.0370,0.2462,5.00,9.53
3,3,17.624,0.0,0.0,0.5,-0.0056,0.1067,0.0381,0.2460,3.13,8.88
3,3,17.648,0.0,0.0,0.5,-0.0038,0.1116,0.0384,0.2460,2.29,8.09
3,3,17.670,0.0,0.0,0.5,0.0017,0.1604,0.0395,0.2465,5.57,7.40
3,3,17.690,0.0,0.0,0.5,0.0114,0.2175,0.0410,0.2472,7.88,8.22
3,3,17.705,0.0,0.0,0.5,0.0073,0.2435,0.0418,0.2476,8.18,7.86
3,3,17.723,0.0,0.0,0.5,0.0165,0.2758,0.0429,0.2483,10.54,10.17
3,3,17.743,0.0,0.0,0.5,0.0223,0.3059,0.0446,0.2492,10.40,10.77
3,3,17.766,0.0,0.0,0.5,0.0148,0.3356,0.0466,0.2500,9.68,11.54
3,3,17.784,0.0,0.0,0.5,0.0196,0.3592,0.0482,0.2504,9.15,12.45
3,3,17.804,0.0,0.0,0.5,0.0121,0.4132,0.0522,0.2506,6.47,13.01
3,3,17.823,0.0,0.0,0.5,0.0030,0.4231,0.0529,0.2506,5.90,13.01
3,3,17.845,0.0,0.0,0.5,0.0049,0.4484,0.0547,0.2508,4.49,13.35
3,3,17.870,0.0,0.0,0.5,-0.0044,0.4646,0.0541,0.2509,4.75,12.86
3,3,17.889,0.0,0.0,0.5,-0.0077,0.4669,0.0532,0.2510,5.25,12.34
3,3,17.911,0.0,0.0,0.5,-0.0091,0.4550,0.0525,0.2509,4.76,11.87
3,3,17.929,0.0,0.0,0.5,-0.0090,0.4180,0.0533,0.2511,3.11,12.03
3,3,17.946,0.0,0.0,0.5,0.0000,0.3993,0.0540,0.2514,3.06,12.26
3,3,17.967,0.0,0.0,0.5,-0.0070,0.3527,0.0548,0.2512,4.74,12.02
3,3,17.987,0.0,0.0,0.5,-0.0081,0.2964,0.0543,0.2509,6.93,11.55
3,3,18.004,0.0,0.0,0.5,-0.0104,0.2660,0.0531,0.2509,7.48,11.18
3,3,18.023,0.0,0.0,0.5,-0.0082,0.2154,0.0485,0.2512,7.71,7.50
3,3,18.046,0.0,0.0,0.5,-0.0085,0.1786,0.0455,0.2516,6.59,8.37
3,3,18.068,0.0,0.0,0.5,-0.0028,0.1149,0.0421,0.2519,4.51,9.81
3,3,18.085,0.0,0.0,0.5,-0.0046,0.0704,0.0399,0.2518,4.39,10.82
3,3,18.104,0.0,0.0,0.5,-0.0085,0.0536,0.0370,0.2507,7.20,11.52
3,3,18.124,0.0,0.0,0.5,-0.0087,0.0537,0.0364,0.2503,6.24,11.53
3,3,18.145,0.0,0.0,0.5,-0.0099,0.0738,0.0342,0.2489,6.44,11.58
3,3,18.166,0.0,0.0,0.5,-0.0123,0.1020,0.0331,0.2477,6.98,11.18
3,3,18.186,0.0,0.0,0.5,-0.0077,0.1254,0.0338,0.2472,7.82,10.70
3,3,18.204,0.0,0.0,0.5,-0.0083,0.1145,0.0353,0.2466,7.86,9.95
3,3,18.225,0.0,0.0,0.5,-0.0110,0.1098,0.0373,0.2459,4.53,9.11
3,3,18.251,0.0,0.0,0.5,-0.0038,0.1330,0.0382,0.2458,3.31,7.93
3,3,18.268,0.0,0.0,0.5,-0.0029,0.1522,0.0385,0.2460,3.81,7.84
3,3,18.290,0.0,0.0,0.5,0.0040,0.2087,0.0393,0.2466,7.92,8.74
3,3,18.305,0.0,0.0,0.5,0.0116,0.2428,0.0402,0.2470,9.97,9.62
3,3,18.325,0.0,0.0,0.5,0.0124,0.3106,0.0426,0.2483,11.32,9.95
3,3,18.347,0.0,0.0,0.5,0.0169,0.3305,0.0442,0.2490,10.34,10.54
3,3,18.366,0.0,0.0,0.5,0.0131,0.3475,0.0458,0.2497,10.02,11.25
3,3,18.385,0.0,0.0,0.5,0.0126,0.3716,0.0483,0.2502,8.30,12.35
3,3,18.404,0.0,0.0,0.5,0.0105,0.4126,0.0518,0.2505,6.39,13.18
3,3,18.425,0.0,0.0,0.5,0.0074,0.4379,0.0538,0.2506,5.29,13.45
3,3,18.451,0.0,0.0,0.5,-0.0019,0.4586,0.0547,0.2508,4.60,13.29
3,3,18.469,0.0,0.0,0.5,-0.0043,0.4689,0.0544,0.2509,4.64,12.79
3,3,18.487,0.0,0.0,0.5,-0.0100,0.4678,0.0535,0.2509,5.37,12.32
3,3,18.504,0.0,0.0,0.5,-0.0130,0.4510,0.0530,0.2508,4.60,12.01
3,3,18.525,0.0,0.0,0.5,-0.0086,0.4208,0.0535,0.2511,3.81,12.18
3,3,18.547,0.0,0.0,0.5,-0.0081,0.4011,0.0541,0.2513,2.90,12.51
3,3,18.570,0.0,0.0,0.5,-0.0072,0.3404,0.0550,0.2511,5.59,12.17
3,3,18.590,0.0,0.0,0.5,-0.0045,0.3076,0.0546,0.2510,6.77,11.59
3,3,18.604,0.0,0.0,0.5,-0.0204,0.2760,0.0529,0.2510,6.81,10.10
3,3,18.622,0.0,0.0,0.5,-0.0092,0.2471,0.0502,0.2512,7.18,7.48
3,3,18.645,0.0,0.0,0.5,-0.0071,0.1922,0.0464,0.2516,6.44,8.27
3,3,18.664,0.0,0.0,0.5,-0.0017,0.1306,0.0437,0.2518,4.95,9.65
3,3,18.683,0.0,0.0,0.5,-0.0040,0.0833,0.0411,0.2515,5.37,10.80
3,3,18.703,0.0,0.0,0.5,-0.0076,0.0627,0.0381,0.2506,5.81,11.42
3,3,18.722,0.0,0.0,0.5,-0.0099,0.0743,0.0358,0.2495,6.78,11.42
3,3,18.745,0.0,0.0,0.5,-0.0095,0.0971,0.0345,0.2482,6.38,11.35
3,3,18.765,0.0,0.0,0.5,-0.0098,0.1102,0.0347,0.2477,5.78,11.07
3,3,18.782,0.0,0.0,0.5,-0.0192,0.1083,0.0362,0.2468,6.25,10.40
3,3,18.804,0.0,0.0,0.5,-0.0109,0.0886,0.0373,0.2465,4.32,9.84
3,3,18.823,0.0,0.0,0.5,-0.0104,0.0664,0.0379,0.2463,2.40,9.20
3,3,18.848,0.0,0.0,0.5,-0.0043,0.0756,0.0384,0.2463,2.26,8.41
3,3,18.866,0.0,0.0,0.5,0.0010,0.0986,0.0390,0.2466,3.19,8.27
3,3,18.887,0.0,0.0,0.5,0.0042,0.1339,0.0398,0.2469,5.63,8.31
3,3,18.905,0.0,0.0,0.5,0.0103,0.1878,0.0410,0.2474,8.21,9.24
3,3,18.925,0.0,0.0,0.5,0.0114,0.2481,0.0422,0.2481,10.45,10.32
3,3,18.954,0.0,0.0,0.5,0.0141,0.3028,0.0440,0.2491,11.20,10.77
3,3,18.969,0.0,0.0,0.5,0.0217,0.3324,0.0454,0.2497,9.57,10.74
3,3,18.989,0.0,0.0,0.5,0.0173,0.3653,0.0477,0.2506,9.16,11.95
3,3,19.004,0.0,0.0,0.5,0.0125,0.3926,0.0502,0.2508,7.85,12.66
3,3,19.026,0.0,0.0,0.5,0.0096,0.4216,0.0533,0.2508,5.80,13.26
3,3,19.055,0.0,0.0,0.5,0.0017,0.4546,0.0547,0.2510,4.50,13.16
3,3,19.069,0.0,0.0,0.5,-0.0013,0.4665,0.0545,0.2510,4.31,13.03
3,3,19.086,0.0,0.0,0.5,-0.0077,0.4749,0.0538,0.2511,5.26,12.09
3,3,19.103,0.0,0.0,0.5,-0.0090,0.4543,0.0525,0.2513,4.63,11.67
3,3,19.123,0.0,0.0,0.5,-0.0057,0.4095,0.0531,0.2514,3.75,11.57
3,3,19.145,0.0,0.0,0.5,-0.0027,0.3630,0.0545,0.2514,2.98,12.32
3,3,19.169,0.0,0.0,0.5,-0.0063,0.2875,0.0545,0.2510,6.41,12.25
3,3,19.191,0.0,0.0,0.5,-0.0047,0.2621,0.0535,0.2510,6.77,11.02
3,3,19.205,0.0,0.0,0.5,-0.0124,0.2523,0.0520,0.2511,7.23,10.68
3,3,19.224,0.0,0.0,0.5,-0.0061,0.2171,0.0478,0.2516,7.20,6.94
3,3,19.244,0.0,0.0,0.5,-0.0023,0.1924,0.0461,0.2519,7.19,6.88
3,3,19.266,0.0,0.0,0.5,-0.0001,0.0986,0.0420,0.2521,5.88,9.83
3,3,19.285,0.0,0.0,0.5,-0.0039,0.0701,0.0403,0.2519,6.24,10.60
3,3,19.309,0.0,0.0,0.5,-0.0051,0.0609,0.0370,0.2510,7.69,11.40
3,3,19.324,0.0,0.0,0.5,-0.0099,0.0633,0.0348,0.2499,7.83,11.51
3,3,19.348,0.0,0.0,0.5,-0.0137,0.0884,0.0327,0.2486,6.19,11.64
3,3,19.376,0.0,0.0,0.5,-0.0051,0.1062,0.0326,0.2479,7.00,11.65
3,3,19.388,0.0,0.0,0.5,-0.0084,0.1112,0.0331,0.2473,7.73,11.09
3,3,19.412,0.0,0.0,0.5,-0.0112,0.1155,0.0355,0.2465,7.23,9.77
3,3,19.423,0.0,0.0,0.5,-0.0137,0.1114,0.0365,0.2462,5.73,9.81
3,3,19.450,0.0,0.0,0.5,-0.0049,0.1301,0.0375,0.2460,4.05,8.34
3,3,19.466,0.0,0.0,0.5,-0.0060,0.1613,0.0380,0.2462,4.10,7.87
3,3,19.485,0.0,0.0,0.5,0.0003,0.2046,0.0386,0.2466,7.13,8.77
3,3,19.503,0.0,0.0,0.5,0.0044,0.2522,0.0398,0.2472,10.65,9.72
3,3,19.524,0.0,0.0,0.5,0.0122,0.3083,0.0420,0.2483,11.66,9.83
3,3,19.550,0.0,0.0,0.5,0.0120,0.3288,0.0435,0.2490,10.84,10.40
3,3,19.568,0.0,0.0,0.5,0.0102,0.3314,0.0440,0.2493,10.09,10.40
3,3,19.586,0.0,0.0,0.5,0.0191,0.3733,0.0483,0.2505,8.41,12.04
3,3,19.604,0.0,0.0,0.5,0.0092,0.4089,0.0513,0.2504,8.30,13.04
3,3,19.628,0.0,0.0,0.5,0.0044,0.4179,0.0522,0.2504,7.44,13.10
3,3,19.647,0.0,0.0,0.5,-0.0012,0.4428,0.0546,0.2506,5.16,13.53
3,3,19.665,0.0,0.0,0.5,-0.0064,0.4696,0.0540,0.2508,5.01,12.82
3,3,19.687,0.0,0.0,0.5,-0.0117,0.4706,0.0529,0.2510,5.22,12.11
3,3,19.705,0.0,0.0,0.5,-0.0115,0.4551,0.0522,0.2509,4.33,11.86
3,3,19.724,0.0,0.0,0.5,-0.0124,0.4190,0.0527,0.2511,2.86,12.11
3,3,19.747,0.0,0.0,0.5,-0.0055,0.3926,0.0537,0.2514,2.98,12.26
3,3,19.769,0.0,0.0,0.5,-0.0062,0.3689,0.0544,0.2516,2.59,12.27
3,3,19.788,0.0,0.0,0.5,-0.0097,0.2956,0.0540,0.2511,7.36,11.53
3,3,19.806,0.0,0.0,0.5,-0.0100,0.2712,0.0526,0.2511,7.64,10.59
3,3,19.825,0.0,0.0,0.5,-0.0152,0.2513,0.0507,0.2512,7.12,7.83
3,3,19.845,0.0,0.0,0.5,-0.0100,0.2122,0.0465,0.2516,6.55,8.34
3,3,19.867,0.0,0.0,0.5,-0.0036,0.1529,0.0436,0.2518,5.11,9.71
3,3,19.884,0.0,0.0,0.5,-0.0042,0.0994,0.0410,0.2518,4.07,10.75
3,3,19.906,0.0,0.0,0.5,-0.0091,0.0615,0.0378,0.2507,6.75,11.39
3,3,19.926,0.0,0.0,0.5,-0.0000,0.0604,0.0371,0.2503,5.79,11.40
3,3,19.955,0.0,0.0,0.5,-0.0144,0.0997,0.0337,0.2480,6.74,11.64
3,3,19.968,0.0,0.0,0.5,-0.0152,0.0997,0.0337,0.2480,6.74,11.64
3,3,19.988,0.0,0.0,0.5,-0.0111,0.1434,0.0335,0.2474,9.72,10.72
3,3,20.009,0.0,0.0,0.5,-0.0081,0.1258,0.0348,0.2469,7.98,10.14
3,3,20.028,0.0,0.0,0.5,-0.0107,0.1187,0.0364,0.2462,7.32,9.22
3,3,20.045,0.0,0.0,0.5,-0.0051,0.1190,0.0369,0.2460,5.86,9.19
3,3,20.068,0.0,0.0,0.5,-0.0077,0.1441,0.0383,0.2459,3.34,8.02
3,3,20.088,0.0,0.0,0.5,-0.0016,0.2135,0.0390,0.2464,7.74,9.04
3,3,20.109,0.0,0.0,0.5,0.0006,0.2527,0.0395,0.2468,9.67,10.01
3,3,20.124,0.0,0.0,0.5,0.0069,0.2874,0.0404,0.2473,12.05,10.41
3,3,20.146,0.0,0.0,0.5,0.0080,0.3326,0.0421,0.2481,12.68,10.47
3,3,20.166,0.0,0.0,0.5,0.0077,0.3489,0.0432,0.2486,11.47,10.45
3,3,20.187,0.0,0.0,0.5,0.0114,0.3919,0.0474,0.2497,10.89,11.84
3,3,20.203,0.0,0.0,0.5,0.0084,0.4104,0.0496,0.2498,9.31,11.92
3,3,20.225,0.0,0.0,0.5,0.0025,0.4368,0.0529,0.2499,7.27,12.95
3,3,20.249,0.0,0.0,0.5,0.0051,0.4582,0.0551,0.2500,5.43,13.63
3,3,20.270,0.0,0.0,0.5,-0.0020,0.4736,0.0555,0.2502,5.06,13.02
3,3,20.287,0.0,0.0,0.5,-0.0100,0.4760,0.0549,0.2504,5.12,12.48
3,3,20.307,0.0,0.0,0.5,-0.0112,0.4729,0.0532,0.2507,5.72,12.05
3,3,20.325,0.0,0.0,0.5,-0.0157,0.4757,0.0518,0.2511,5.99,11.49
3,3,20.346,0.0,0.0,0.5,-0.0098,0.4487,0.0516,0.2511,4.78,11.11
3,3,20.368,0.0,0.0,0.5,-0.0070,0.3868,0.0528,0.2510,3.45,11.29
3,3,20.386,0.0,0.0,0.5,-0.0064,0.2869,0.0537,0.2506,5.01,11.88
3,3,20.406,0.0,0.0,0.5,-0.0102,0.2449,0.0523,0.2507,6.51,10.99
3,3,20.425,0.0,0.0,0.5,-0.0098,0.2254,0.0485,0.2511,8.10,7.91
3,3,20.446,0.0,0.0,0.5,-0.0037,0.2200,0.0464,0.2514,7.20,8.28
3,3,20.470,0.0,0.0,0.5,0.0006,0.1420,0.0418,0.2519,4.95,9.57
3,3,20.485,0.0,0.0,0.5,0.0010,0.1101,0.0403,0.2519,4.06,10.64
3,3,20.504,0.0,0.0,0.5,-0.0017,0.0684,0.0373,0.2509,6.87,11.42
3,3,20.525,0.0,0.0,0.5,-0.0054,0.0688,0.0354,0.2499,5.08,11.54
3,3,20.550,0.0,0.0,0.5,-0.0046,0.0863,0.0340,0.2490,5.77,11.30
3,3,20.566,0.0,0.0,0.5,-0.0086,0.1208,0.0333,0.2482,7.11,11.02
3,3,20.587,0.0,0.0,0.5,-0.0052,0.1258,0.0336,0.2477,7.75,10.53
3,3,20.605,0.0,0.0,0.5,-0.0100,0.1031,0.0350,0.2469,6.30,10.64
3,3,20.625,0.0,0.0,0.5,-0.0077,0.0831,0.0366,0.2464,3.74,9.40
3,3,20.652,0.0,0.0,0.5,-0.0016,0.0890,0.0375,0.2463,2.93,8.33
3,3,20.666,0.0,0.0,0.5,0.0017,0.1128,0.0380,0.2464,2.77,8.25
3,3,20.687,0.0,0.0,0.5,0.0047,0.1508,0.0385,0.2467,5.40,8.57
3,3,20.706,0.0,0.0,0.5,0.0137,0.2088,0.0395,0.2473,8.75,9.41
3,3,20.724,0.0,0.0,0.5,0.0177,0.2882,0.0414,0.2482,11.15,10.01
3,3,20.750,0.0,0.0,0.5,0.0157,0.3397,0.0434,0.2492,11.46,10.29
3,3,20.767,0.0,0.0,0.5,0.0157,0.3497,0.0448,0.2499,9.89,10.82
3,3,20.786,0.0,0.0,0.5,0.0194,0.3664,0.0475,0.2507,8.54,11.86
3,3,20.804,0.0,0.0,0.5,0.0124,0.3844,0.0493,0.2507,7.88,11.92
3,3,20.824,0.0,0.0,0.5,0.0096,0.4277,0.0530,0.2508,5.11,13.28
3,3,20.844,0.0,0.0,0.5,0.0033,0.4572,0.0543,0.2510,4.23,13.25
3,3,20.868,0.0,0.0,0.5,-0.0021,0.4633,0.0542,0.2510,4.13,12.70
3,3,20.884,0.0,0.0,0.5,-0.0051,0.4602,0.0537,0.2511,4.75,12.68
3,3,20.905,0.0,0.0,0.5,-0.0068,0.4326,0.0530,0.2509,4.18,12.07
3,3,20.923,0.0,0.0,0.5,-0.0067,0.3972,0.0538,0.2511,2.75,12.37
3,3,20.946,0.0,0.0,0.5,-0.0037,0.3672,0.0550,0.2515,3.09,12.53
3,3,20.966,0.0,0.0,0.5,-0.0052,0.3476,0.0554,0.2513,4.47,12.46
3,3,20.984,0.0,0.0,0.5,-0.0052,0.2972,0.0548,0.2509,7.33,11.48
3,3,21.004,0.0,0.0,0.5,-0.0090,0.2638,0.0527,0.2509,7.11,9.72
3,3,21.024,0.0,0.0,0.5,-0.0090,0.2385,0.0498,0.2512,7.42,6.97
3,3,21.044,0.0,0.0,0.5,-0.0033,0.1908,0.0459,0.2517,7.29,6.65
3,4,21.070,0.0,0.3,0.0,0.0000,0.1105,0.0426,0.2520,4.91,9.68
3,4,21.084,0.0,0.3,0.0,-0.0031,0.0668,0.0403,0.2518,4.68,10.88
3,4,21.104,0.0,0.3,0.0,-0.0032,0.0004,0.0387,0.2512,6.70,10.68
3,4,21.125,0.0,0.3,0.0,-0.0123,-0.0126,0.0381,0.2502,4.75,10.23
3,4,21.145,0.0,0.3,0.0,-0.0173,-0.0036,0.0381,0.2492,2.55,10.24
3,4,21.165,0.0,0.3,0.0,-0.0136,-0.0129,0.0388,0.2487,3.38,10.01
3,4,21.187,0.0,0.3,0.0,-0.0142,-0.0231,0.0395,0.2485,4.11,9.87
3,4,21.204,0.0,0.3,0.0,-0.0200,-0.0242,0.0404,0.2480,4.53,9.63
3,4,21.226,0.0,0.3,0.0,-0.0063,-0.0224,0.0413,0.2477,4.30,9.51
3,4,21.247,0.0,0.3,0.0,-0.0170,-0.0166,0.0433,0.2474,2.52,9.23
3,4,21.266,0.0,0.3,0.0,-0.0043,-0.0129,0.0445,0.2473,1.74,9.21
3,4,21.288,0.0,0.3,0.0,-0.0011,-0.0111,0.0455,0.2473,1.88,7.94
3,4,21.304,0.0,0.3,0.0,0.0018,-0.0121,0.0465,0.2475,2.91,7.24
3,4,21.325,0.0,0.3,0.0,0.0022,-0.0123,0.0481,0.2480,4.00,6.83
3,4,21.343,0.0,0.3,0.0,0.0023,-0.0126,0.0489,0.2483,4.60,7.41
3,4,21.366,0.0,0.3,0.0,0.0025,-0.0133,0.0503,0.2487,4.91,7.07
3,4,21.385,0.0,0.3,0.0,-0.0005,-0.0097,0.0525,0.2495,4.32,8.18
3,4,21.405,0.0,0.3,0.0,-0.0032,-0.0066,0.0533,0.2497,3.77,8.12
3,4,21.425,0.0,0.3,0.0,-0.0075,-0.0015,0.0546,0.2500,2.84,9.02
3,4,21.449,0.0,0.3,0.0,-0.0073,-0.0022,0.0558,0.2501,1.74,9.29
3,4,21.465,0.0,0.3,0.0,-0.0036,-0.0027,0.0566,0.2501,1.53,9.43
3,4,21.484,0.0,0.3,0.0,-0.0103,-0.0027,0.0570,0.2501,1.40,9.44
3,4,21.505,0.0,0.3,0.0,-0.0080,-0.0015,0.0579,0.2501,0.66,9.20
3,4,21.526,0.0,0.3,0.0,-0.0026,-0.0010,0.0581,0.2501,0.41,9.22
3,4,21.547,0.0,0.3,0.0,-0.0037,-0.0010,0.0583,0.2501,0.48,8.24
3,4,21.566,0.0,0.3,0.0,-0.0057,-0.0008,0.0583,0.2502,0.71,7.68
3,4,21.589,0.0,0.3,0.0,-0.0038,-0.0026,0.0577,0.2504,2.02,6.96
3,4,21.605,0.0,0.3,0.0,-0.0066,-0.0034,0.0572,0.2506,2.47,7.69
3,4,21.622,0.0,0.3,0.0,-0.0079,-0.0048,0.0565,0.2508,3.03,8.44
3,4,21.652,0.0,0.3,0.0,-0.0082,-0.0056,0.0559,0.2510,3.37,9.17
3,4,21.670,0.0,0.3,0.0,-0.0106,-0.0059,0.0547,0.2512,2.83,9.61
3,4,21.685,0.0,0.3,0.0,-0.0140,-0.0059,0.0541,0.2512,2.20,9.61
3,4,21.703,0.0,0.3,0.0,-0.0062,-0.0060,0.0534,0.2511,1.82,10.10
3,4,21.724,0.0,0.3,0.0,-0.0165,-0.0093,0.0519,0.2506,2.63,10.50
3,4,21.746,0.0,0.3,0.0,-0.0147,-0.0106,0.0507,0.2500,3.86,10.45
3,4,21.765,0.0,0.3,0.0,-0.0095,-0.0125,0.0496,0.2494,4.45,10.27
3,4,21.788,0.0,0.3,0.0,-0.0075,-0.0181,0.0486,0.2485,5.37,10.04
3,4,21.804,0.0,0.3,0.0,-0.0031,-0.0182,0.0487,0.2478,4.93,9.88
3,4,21.825,0.0,0.3,0.0,-0.0000,-0.0163,0.0489,0.2477,4.60,9.92
3,4,21.850,0.0,0.3,0.0,0.0055,-0.0075,0.0495,0.2473,2.63,9.13
3,4,21.865,0.0,0.3,0.0,0.0049,-0.0053,0.0499,0.2471,1.35,9.08
3,4,21.886,0.0,0.3,0.0,0.0074,-0.0044,0.0503,0.2471,1.25,7.88
3,4,21.905,0.0,0.3,0.0,0.0051,-0.0049,0.0508,0.2472,1.91,7.24
3,4,21.922,0.0,0.3,0.0,0.0051,-0.0065,0.0512,0.2474,2.65,7.23
3,4,21.947,0.0,0.3,0.0,0.0039,-0.0087,0.0523,0.2478,4.09,7.95
3,4,21.965,0.0,0.3,0.0,0.0053,-0.0091,0.0536,0.2483,4.22,8.22
3,4,21.984,0.0,0.3,0.0,0.0028,-0.0081,0.0546,0.2486,3.79,8.65
3,4,22.005,0.0,0.3,0.0,0.0000,-0.0039,0.0555,0.2489,3.20,9.07
3,4,22.024,0.0,0.3,0.0,-0.0021,0.0011,0.0564,0.2491,2.12,9.39
3,4,22.046,0.0,0.3,0.0,-0.0048,-0.0001,0.0569,0.2492,1.33,9.69
3,4,22.069,0.0,0.3,0.0,-0.0038,-0.0007,0.0575,0.2492,1.03,9.79
3,4,22.084,0.0,0.3,0.0,-0.0045,-0.0008,0.0580,0.2491,0.89,9.75
3,4,22.105,0.0,0.3,0.0,-0.0028,-0.0003,0.0583,0.2491,0.58,9.53
3,4,22.125,0.0,0.3,0.0,-0.0013,0.0001,0.0584,0.2491,0.26,9.14
3,4,22.145,0.0,0.3,0.0,-0.0016,0.0002,0.0584,0.2492,0.21,9.16
3,4,22.172,0.0,0.3,0.0,-0.0009,-0.0001,0.0582,0.2492,0.78,7.85
3,4,22.184,0.0,0.3,0.0,-0.0045,-0.0009,0.0577,0.2494,1.50,7.81
3,4,22.203,0.0,0.3,0.0,-0.0042,-0.0017,0.0569,0.2495,2.67,7.73
3,4,22.225,0.0,0.3,0.0,-0.0098,-0.0057,0.0556,0.2499,3.55,8.20
3,4,22.245,0.0,0.3,0.0,-0.0085,-0.0060,0.0547,0.2502,3.58,8.94
3,4,22.265,0.0,0.3,0.0,-0.0129,-0.0064,0.0538,0.2504,3.19,9.60
3,4,22.285,0.0,0.3,0.0,-0.0086,-0.0057,0.0527,0.2505,1.90,10.04
3,4,22.305,0.0,0.3,0.0,-0.0096,-0.0052,0.0522,0.2504,1.61,10.06
3,4,22.323,0.0,0.3,0.0,-0.0107,-0.0064,0.0510,0.2500,2.19,10.46
3,4,22.346,0.0,0.3,0.0,-0.0050,-0.0081,0.0500,0.2496,3.37,10.42
3,4,22.365,0.0,0.3,0.0,-0.0070,-0.0115,0.0488,0.2488,4.67,10.37
3,4,22.384,0.0,0.3,0.0,-0.0020,-0.0141,0.0482,0.2483,4.89,10.37
3,4,22.404,0.0,0.3,0.0,0.0030,-0.0146,0.0482,0.2478,4.87,9.89
3,4,22.425,0.0,0.3,0.0,0.0103,-0.0070,0.0487,0.2473,3.55,9.63
3,4,22.445,0.0,0.3,0.0,0.0088,-0.0053,0.0492,0.2470,2.20,9.17
3,4,22.464,0.0,0.3,0.0,0.0085,-0.0042,0.0497,0.2469,0.99,8.58
3,4,22.487,0.0,0.3,0.0,0.0087,-0.0041,0.0502,0.2470,1.63,7.94
3,4,22.504,0.0,0.3,0.0,0.0075,-0.0047,0.0504,0.2470,1.93,7.28
3,4,22.524,0.0,0.3,0.0,0.0079,-0.0064,0.0508,0.2472,2.60,7.26
3,4,22.545,0.0,0.3,0.0,0.0029,-0.0077,0.0512,0.2474,3.32,7.53
3,4,22.570,0.0,0.3,0.0,0.0070,-0.0084,0.0525,0.2478,4.43,8.39
3,4,22.585,0.0,0.3,0.0,0.0014,-0.0084,0.0528,0.2480,4.39,8.37
3,4,22.604,0.0,0.3,0.0,0.0030,-0.0075,0.0538,0.2483,4.06,8.74
3,4,22.623,0.0,0.3,0.0,-0.0004,0.0012,0.0552,0.2487,2.70,9.44
3,4,22.646,0.0,0.3,0.0,-0.0036,0.0020,0.0557,0.2488,2.07,9.71
3,4,22.670,0.0,0.3,0.0,-0.0039,-0.0004,0.0565,0.2488,1.04,9.87
3,4,22.688,0.0,0.3,0.0,-0.0034,-0.0006,0.0569,0.2488,0.87,9.85
3,4,22.710,0.0,0.3,0.0,-0.0034,-0.0002,0.0572,0.2488,0.50,9.63
3,4,22.725,0.0,0.3,0.0,-0.0019,-0.0000,0.0573,0.2488,0.37,9.65
3,4,22.746,0.0,0.3,0.0,-0.0014,0.0003,0.0573,0.2488,0.31,8.69
3,4,22.764,0.0,0.3,0.0,-0.0016,-0.0004,0.0571,0.2490,1.14,7.94
3,4,22.784,0.0,0.3,0.0,-0.0031,-0.0011,0.0568,0.2491,1.51,7.93
3,4,22.804,0.0,0.3,0.0,-0.0047,-0.0026,0.0562,0.2493,2.44,7.73
3,4,22.829,0.0,0.3,0.0,-0.0050,-0.0051,0.0552,0.2496,3.53,8.45
3,4,22.844,0.0,0.3,0.0,-0.0137,-0.0057,0.0545,0.2498,3.74,9.07
3,4,22.861,0.0,0.3,0.0,-0.0092,-0.0052,0.0532,0.2501,3.01,9.58
3,4,22.890,0.0,0.3,0.0,-0.0073,-0.0041,0.0521,0.2501,1.69,10.00
3,4,22.906,0.0,0.3,0.0,-0.0110,-0.0039,0.0516,0.2500,1.55,10.28
3,4,22.924,0.0,0.3,0.0,-0.0073,-0.0047,0.0508,0.2498,1.84,10.45
3,4,22.943,0.0,0.3,0.0,-0.0057,-0.0059,0.0500,0.2495,2.70,10.45
3,4,22.969,0.0,0.3,0.0,-0.0032,-0.0093,0.0488,0.2488,4.30,10.38
3,4,22.988,0.0,0.3,0.0,0.0002,-0.0119,0.0483,0.2483,4.80,10.23
3,4,23.009,0.0,0.3,0.0,0.0039,-0.0123,0.0481,0.2479,4.74,10.36
3,4,23.021,0.0,0.3,0.0,0.0105,-0.0078,0.0483,0.2474,3.92,10.07
3,4,23.046,0.0,0.3,0.0,0.0117,-0.0064,0.0489,0.2470,2.35,9.21
3,4,23.065,0.0,0.3,0.0,0.0103,-0.0055,0.0492,0.2470,1.66,8.65
3,4,23.085,0.0,0.3,0.0,0.0118,-0.0042,0.0498,0.2469,1.15,8.64
3,4,23.105,0.0,0.3,0.0,0.0103,-0.0048,0.0503,0.2471,2.23,7.33
3,4,23.125,0.0,0.3,0.0,0.0047,-0.0059,0.0507,0.2472,2.85,7.60
3,4,23.146,0.0,0.3,0.0,0.0108,-0.0074,0.0520,0.2478,4.07,7.94
3,4,23.169,0.0,0.3,0.0,0.0067,-0.0066,0.0530,0.2482,4.01,8.41
3,4,23.185,0.0,0.3,0.0,0.0038,-0.0052,0.0542,0.2486,3.28,8.82
3,4,23.204,0.0,0.3,0.0,0.0013,-0.0018,0.0549,0.2488,2.64,9.26
3,4,23.224,0.0,0.3,0.0,-0.0019,0.0012,0.0554,0.2489,1.89,9.59
3,4,23.246,0.0,0.3,0.0,-0.0016,0.0008,0.0560,0.2490,1.16,9.84
3,4,23.267,0.0,0.3,0.0,-0.0037,-0.0001,0.0564,0.2490,0.90,9.92
3,4,23.284,0.0,0.3,0.0,-0.0032,-0.0002,0.0568,0.2489,0.81,9.92
3,4,23.305,0.0,0.3,0.0,-0.0020,0.0002,0.0573,0.2489,0.28,9.65
3,4,23.325,0.0,0.3,0.0,-0.0015,0.0005,0.0573,0.2489,0.17,9.27
3,4,23.348,0.0,0.3,0.0,-0.0014,0.0005,0.0573,0.2490,0.21,8.70
3,4,23.367,0.0,0.3,0.0,-0.0009,0.0005,0.0573,0.2490,0.21,8.70
3,4,23.387,0.0,0.3,0.0,-0.0020,-0.0009,0.0569,0.2492,1.60,7.22
3,4,23.405,0.0,0.3,0.0,-0.0079,-0.0028,0.0561,0.2494,2.68,7.68
3,4,23.425,0.0,0.3,0.0,-0.0048,-0.0042,0.0555,0.2496,3.22,8.50
3,4,23.447,0.0,0.3,0.0,-0.0116,-0.0061,0.0542,0.2500,3.79,9.01
3,4,23.468,0.0,0.3,0.0,-0.0090,-0.0057,0.0531,0.2502,3.22,9.57
3,4,23.485,0.0,0.3,0.0,-0.0111,-0.0039,0.0520,0.2503,1.92,10.00
3,4,23.503,0.0,0.3,0.0,-0.0102,-0.0031,0.0512,0.2502,1.60,10.30
3,4,23.525,0.0,0.3,0.0,-0.0070,-0.0042,0.0498,0.2498,2.42,10.46
3,4,23.544,0.0,0.3,0.0,-0.0000,-0.0048,0.0495,0.2496,2.84,10.54
3,4,23.569,0.0,0.3,0.0,-0.0038,-0.0100,0.0481,0.2488,4.50,10.43
3,4,23.586,0.0,0.3,0.0,0.0011,-0.0117,0.0478,0.2485,4.83,10.22
3,4,23.611,0.0,0.3,0.0,0.0057,-0.0086,0.0477,0.2479,4.40,9.96
3,4,23.630,0.0,0.3,0.0,0.0097,-0.0060,0.0480,0.2475,3.72,9.65
3,4,23.645,0.0,0.3,0.0,0.0166,-0.0054,0.0483,0.2473,2.89,9.69
3,4,23.668,0.0,0.3,0.0,0.0104,-0.0054,0.0489,0.2471,1.58,8.66
3,4,23.689,0.0,0.3,0.0,0.0097,-0.0032,0.0494,0.2471,1.00,8.02
3,4,23.704,0.0,0.3,0.0,0.0087,-0.0032,0.0499,0.2473,1.74,7.97
3,4,23.724,0.0,0.3,0.0,0.0092,-0.0045,0.0502,0.2474,2.55,7.65
3,4,23.746,0.0,0.3,0.0,0.0075,-0.0063,0.0514,0.2479,3.88,7.98
3,4,23.769,0.0,0.3,0.0,0.0050,-0.0059,0.0524,0.2483,3.92,8.42
3,4,23.785,0.0,0.3,0.0,0.0040,-0.0055,0.0530,0.2485,3.63,8.36
3,4,23.805,0.0,0.3,0.0,0.0022,-0.0047,0.0536,0.2487,3.35,9.25
3,4,23.824,0.0,0.3,0.0,-0.0007,0.0018,0.0546,0.2489,2.42,9.53
3,4,23.850,0.0,0.3,0.0,-0.0020,0.0024,0.0550,0.2490,1.85,9.76
3,4,23.866,0.0,0.3,0.0,-0.0019,0.0005,0.0555,0.2490,1.22,9.78
3,4,23.888,0.0,0.3,0.0,-0.0035,-0.0003,0.0562,0.2489,0.92,9.84
3,4,23.905,0.0,0.3,0.0,-0.0038,-0.0002,0.0564,0.2489,0.75,9.84
3,4,23.925,0.0,0.3,0.0,-0.0019,0.0004,0.0567,0.2489,0.21,9.23
3,4,23.946,0.0,0.3,0.0,-0.0017,0.0005,0.0567,0.2490,0.42,8.68
3,4,23.965,0.0,0.3,0.0,-0.0010,0.0004,0.0566,0.2490,0.56,8.69
3,4,23.985,0.0,0.3,0.0,-0.0030,-0.0004,0.0564,0.2491,1.34,7.22
3,4,24.004,0.0,0.3,0.0,-0.0038,-0.0029,0.0558,0.2494,2.70,7.79
3,4,24.025,0.0,0.3,0.0,-0.0093,-0.0048,0.0547,0.2498,3.60,8.38
3,4,24.046,0.0,0.3,0.0,-0.0111,-0.0050,0.0536,0.2501,3.60,9.01
3,4,24.071,0.0,0.3,0.0,-0.0049,-0.0054,0.0526,0.2503,3.22,9.55
3,4,24.087,0.0,0.3,0.0,-0.0147,-0.0043,0.0517,0.2504,2.26,9.96
3,4,24.105,0.0,0.3,0.0,-0.0074,-0.0026,0.0509,0.2504,1.53,10.22
3,4,24.125,0.0,0.3,0.0,-0.0057,-0.0028,0.0501,0.2502,1.84,10.39
3,4,24.151,0.0,0.3,0.0,-0.0062,-0.0064,0.0486,0.2495,3.70,10.50
3,4,24.169,0.0,0.3,0.0,-0.0015,-0.0097,0.0478,0.2490,4.54,10.40
3,4,24.187,0.0,0.3,0.0,0.0010,-0.0115,0.0474,0.2486,4.83,10.53
3,4,24.205,0.0,0.3,0.0,0.0075,-0.0111,0.0473,0.2479,4.87,9.99
3,4,24.225,0.0,0.3,0.0,0.0097,-0.0068,0.0475,0.2475,4.02,9.65
3,4,24.244,0.0,0.3,0.0,0.0116,-0.0054,0.0480,0.2472,2.66,9.20
3,4,24.269,0.0,0.3,0.0,0.0106,-0.0050,0.0485,0.2471,1.40,8.63
3,4,24.285,0.0,0.3,0.0,0.0083,-0.0032,0.0489,0.2471,0.99,8.61
3,4,24.308,0.0,0.3,0.0,0.0058,-0.0029,0.0493,0.2472,1.61,7.31
3,4,24.325,0.0,0.3,0.0,0.0128,-0.0049,0.0500,0.2475,2.92,7.53
3,4,24.346,0.0,0.3,0.0,0.0071,-0.0059,0.0508,0.2478,3.91,8.03
3,4,24.364,0.0,0.3,0.0,0.0056,-0.0057,0.0517,0.2482,4.06,8.45
3,4,24.385,0.0,0.3,0.0,0.0037,-0.0048,0.0530,0.2486,3.55,8.83
3,4,24.404,0.0,0.3,0.0,0.0010,-0.0003,0.0540,0.2489,2.61,9.21
3,4,24.424,0.0,0.3,0.0,-0.0005,0.0009,0.0542,0.2490,2.35,9.21
3,4,24.445,0.0,0.3,0.0,-0.0030,0.0018,0.0549,0.2491,1.46,9.78
3,4,24.468,0.0,0.3,0.0,-0.0039,0.0001,0.0554,0.2490,1.04,9.80
3,4,24.490,0.0,0.3,0.0,-0.0037,-0.0002,0.0562,0.2490,0.87,9.86
3,4,24.505,0.0,0.3,0.0,-0.0014,0.0002,0.0566,0.2490,0.56,9.86
3,4,24.525,0.0,0.3,0.0,-0.0017,0.0005,0.0568,0.2490,0.22,9.23
3,4,24.545,0.0,0.3,0.0,-0.0008,0.0006,0.0568,0.2490,0.24,8.66
3,4,24.566,0.0,0.3,0.0,-0.0021,0.0002,0.0566,0.2491,0.97,7.90
3,4,24.585,0.0,0.3,0.0,-0.0031,-0.0008,0.0563,0.2492,1.50,7.20
3,4,24.605,0.0,0.3,0.0,-0.0020,-0.0018,0.0560,0.2494,2.01,7.16
3,4,24.624,0.0,0.3,0.0,-0.0082,-0.0044,0.0551,0.2497,3.43,8.48
3,4,24.653,0.0,0.3,0.0,-0.0110,-0.0057,0.0534,0.2501,3.57,8.98
3,4,24.664,0.0,0.3,0.0,-0.0000,-0.0048,0.0524,0.2503,2.91,9.59
3,4,24.686,0.0,0.3,0.0,-0.0124,-0.0033,0.0516,0.2503,1.88,10.04
3,4,24.705,0.0,0.3,0.0,-0.0066,-0.0024,0.0508,0.2503,1.51,10.31
3,4,24.730,0.0,0.3,0.0,-0.0065,-0.0030,0.0498,0.2500,2.07,10.41
3,4,24.751,0.0,0.3,0.0,-0.0048,-0.0047,0.0488,0.2496,3.13,10.44
3,4,24.772,0.0,0.3,0.0,-0.0019,-0.0082,0.0479,0.2491,4.31,10.35
3,4,24.788,0.0,0.3,0.0,0.0026,-0.0104,0.0475,0.2487,4.76,10.47
3,4,24.806,0.0,0.3,0.0,0.0101,-0.0105,0.0473,0.2478,4.87,10.02
3,4,24.826,0.0,0.3,0.0,0.0096,-0.0061,0.0478,0.2473,3.56,9.68
3,4,24.845,0.0,0.3,0.0,0.0073,-0.0055,0.0482,0.2471,2.19,9.18
3,4,24.874,0.0,0.3,0.0,0.0141,-0.0043,0.0488,0.2470,1.23,8.65
3,4,24.886,0.0,0.3,0.0,0.0122,-0.0037,0.0489,0.2470,1.08,8.64
3,4,24.909,0.0,0.3,0.0,0.0070,-0.0037,0.0495,0.2471,2.20,7.34
3,4,24.925,0.0,0.3,0.0,0.0070,-0.0047,0.0499,0.2473,2.93,7.58
3,4,24.948,0.0,0.3,0.0,0.0071,-0.0059,0.0507,0.2476,4.08,8.04
3,4,24.964,0.0,0.3,0.0,0.0040,-0.0057,0.0520,0.2481,4.24,8.44
3,4,24.988,0.0,0.3,0.0,0.0054,-0.0042,0.0533,0.2486,3.54,8.78
3,4,25.005,0.0,0.3,0.0,0.0007,-0.0026,0.0538,0.2487,2.94,8.75
3,4,25.025,0.0,0.3,0.0,-0.0015,0.0010,0.0544,0.2489,2.24,9.55
3,4,25.049,0.0,0.3,0.0,-0.0035,0.0015,0.0551,0.2490,1.31,9.80
3,4,25.065,0.0,0.3,0.0,-0.0037,-0.0000,0.0557,0.2490,0.96,9.94
3,4,25.085,0.0,0.3,0.0,-0.0020,-0.0000,0.0560,0.2490,0.96,9.93
3,4,25.104,0.0,0.3,0.0,-0.0032,0.0002,0.0565,0.2489,0.53,9.63
3,4,25.124,0.0,0.3,0.0,-0.0018,0.0005,0.0566,0.2489,0.18,9.25
3,4,25.143,0.0,0.3,0.0,-0.0010,0.0006,0.0566,0.2490,0.20,8.68
3,4,25.166,0.0,0.3,0.0,-0.0020,0.0002,0.0565,0.2491,0.94,7.91
3,4,25.185,0.0,0.3,0.0,-0.0044,-0.0008,0.0562,0.2492,1.50,7.24
3,4,25.205,0.0,0.3,0.0,-0.0032,-0.0021,0.0557,0.2494,2.22,7.16
3,4,25.224,0.0,0.3,0.0,-0.0097,-0.0043,0.0548,0.2497,3.44,8.41
3,4,25.245,0.0,0.3,0.0,-0.0117,-0.0053,0.0534,0.2501,3.60,9.00
3,4,25.268,0.0,0.3,0.0,-0.0054,-0.0051,0.0527,0.2502,3.25,9.56
3,4,25.285,0.0,0.3,0.0,-0.0090,-0.0042,0.0518,0.2503,2.32,9.96
3,4,25.304,0.0,0.3,0.0,-0.0100,-0.0024,0.0510,0.2503,1.58,10.24
3,4,25.324,0.0,0.3,0.0,-0.0052,-0.0029,0.0499,0.2500,1.90,10.42
3,4,25.346,0.0,0.3,0.0,-0.0055,-0.0051,0.0487,0.2495,3.46,10.46
3,4,25.366,0.0,0.3,0.0,-0.0011,-0.0095,0.0476,0.2488,4.60,10.43
3,4,25.386,0.0,0.3,0.0,0.0017,-0.0110,0.0474,0.2484,4.95,10.23
3,4,25.405,0.0,0.3,0.0,0.0072,-0.0093,0.0473,0.2481,4.81,9.84
3,4,25.425,0.0,0.3,0.0,0.0106,-0.0051,0.0476,0.2476,3.87,9.63
3,4,25.445,0.0,0.3,0.0,0.0110,-0.0047,0.0479,0.2473,2.64,9.18
3,4,25.467,0.0,0.3,0.0,0.0125,-0.0047,0.0484,0.2472,1.56,8.63
3,4,25.486,0.0,0.3,0.0,0.0113,-0.0032,0.0490,0.2471,1.02,8.01
3,4,25.505,0.0,0.3,0.0,0.0068,-0.0034,0.0496,0.2474,2.17,7.29
3,4,25.525,0.0,0.3,0.0,0.0098,-0.0047,0.0502,0.2476,3.11,7.45
3,4,25.545,0.0,0.3,0.0,0.0068,-0.0053,0.0510,0.2479,3.67,7.96
3,4,25.569,0.0,0.3,0.0,0.0078,-0.0045,0.0522,0.2484,3.76,8.40
3,4,25.586,0.0,0.3,0.0,0.0037,-0.0040,0.0531,0.2487,3.28,8.82
3,4,25.604,0.0,0.3,0.0,0.0007,-0.0004,0.0540,0.2490,2.50,9.22
3,4,25.624,0.0,0.3,0.0,-0.0011,0.0022,0.0546,0.2491,1.86,9.56
3,4,25.648,0.0,0.3,0.0,-0.0023,0.0017,0.0551,0.2491,1.29,9.80
3,4,25.669,0.0,0.3,0.0,-0.0025,0.0000,0.0559,0.2491,0.96,9.91
3,4,25.687,0.0,0.3,0.0,-0.0025,0.0000,0.0561,0.2490,0.94,9.91
3,4,25.705,0.0,0.3,0.0,-0.0033,0.0003,0.0566,0.2490,0.64,9.60
3,4,25.726,0.0,0.3,0.0,-0.0014,0.0005,0.0568,0.2490,0.22,9.18
3,4,25.747,0.0,0.3,0.0,-0.0011,0.0006,0.0568,0.2490,0.16,9.22
3,4,25.769,0.0,0.3,0.0,-0.0011,0.0003,0.0567,0.2491,0.90,7.95
3,4,25.785,0.0,0.3,0.0,-0.0020,-0.0003,0.0564,0.2493,1.93,7.86
3,4,25.804,0.0,0.3,0.0,-0.0055,-0.0025,0.0558,0.2495,2.71,7.65
3,4,25.826,0.0,0.3,0.0,-0.0075,-0.0041,0.0553,0.2497,3.53,8.52
3,4,25.847,0.0,0.3,0.0,-0.0111,-0.0052,0.0536,0.2501,3.62,8.97
3,4,25.867,0.0,0.3,0.0,-0.0081,-0.0047,0.0526,0.2503,2.99,9.53
3,4,25.884,0.0,0.3,0.0,-0.0078,-0.0037,0.0517,0.2504,2.12,9.53
3,4,25.905,0.0,0.3,0.0,-0.0080,-0.0016,0.0511,0.2504,1.34,10.26
3,4,25.924,0.0,0.3,0.0,-0.0065,-0.0024,0.0500,0.2501,2.06,10.42
3,4,25.946,0.0,0.3,0.0,-0.0053,-0.0043,0.0490,0.2497,3.22,10.38
3,4,25.966,0.0,0.3,0.0,-0.0014,-0.0091,0.0479,0.2490,4.67,10.38
3,4,25.988,0.0,0.3,0.0,0.0011,-0.0110,0.0474,0.2484,5.09,10.23
3,4,26.010,0.0,0.3,0.0,0.0071,-0.0077,0.0474,0.2478,4.59,10.05
3,4,26.023,0.0,0.3,0.0,0.0126,-0.0064,0.0475,0.2477,4.26,10.09
3,4,26.045,0.0,0.3,0.0,0.0079,-0.0049,0.0479,0.2473,3.10,9.69
3,4,26.067,0.0,0.3,0.0,0.0150,-0.0046,0.0486,0.2471,1.40,8.65
3,4,26.087,0.0,0.3,0.0,0.0079,-0.0029,0.0490,0.2471,1.02,8.01
3,4,26.109,0.0,0.3,0.0,0.0074,-0.0034,0.0495,0.2473,2.20,7.28
3,4,26.124,0.0,0.3,0.0,0.0073,-0.0044,0.0501,0.2475,2.75,7.27
3,4,26.146,0.0,0.3,0.0,0.0077,-0.0050,0.0506,0.2477,3.63,8.03
3,4,26.170,0.0,0.3,0.0,0.0062,-0.0051,0.0515,0.2481,4.03,7.85
3,4,26.185,0.0,0.3,0.0,0.0044,-0.0050,0.0528,0.2486,3.65,8.23
3,4,26.205,0.0,0.3,0.0,0.0015,-0.0012,0.0539,0.2489,2.84,9.18
3,4,26.225,0.0,0.3,0.0,-0.0018,0.0022,0.0545,0.2490,2.12,9.52
3,4,26.248,0.0,0.3,0.0,-0.0024,0.0010,0.0552,0.2491,1.21,9.81
3,4,26.268,0.0,0.3,0.0,-0.0052,-0.0000,0.0557,0.2491,0.99,9.92
3,4,26.285,0.0,0.3,0.0,-0.0025,0.0000,0.0560,0.2490,1.01,9.92
3,4,26.305,0.0,0.3,0.0,-0.0028,0.0002,0.0566,0.2490,0.76,9.84
3,4,26.324,0.0,0.3,0.0,-0.0018,0.0004,0.0568,0.2490,0.25,9.18
3,4,26.348,0.0,0.3,0.0,-0.0008,0.0007,0.0568,0.2490,0.40,8.61
3,4,26.365,0.0,0.3,0.0,-0.0024,0.0005,0.0567,0.2491,0.67,7.95
3,4,26.388,0.0,0.3,0.0,-0.0028,-0.0010,0.0563,0.2493,1.73,7.26
3,4,26.410,0.0,0.3,0.0,-0.0049,-0.0019,0.0560,0.2494,2.14,7.24
3,4,26.425,0.0,0.3,0.0,-0.0062,-0.0035,0.0550,0.2498,3.15,8.40
3,4,26.454,0.0,0.3,0.0,-0.0068,-0.0047,0.0541,0.2500,3.63,9.05
3,4,26.469,0.0,0.3,0.0,-0.0103,-0.0054,0.0534,0.2502,3.56,8.99
3,4,26.484,0.0,0.3,0.0,-0.0102,-0.0050,0.0527,0.2503,3.12,9.53
3,4,26.505,0.0,0.3,0.0,-0.0087,-0.0026,0.0514,0.2503,1.63,10.13
3,4,26.525,0.0,0.3,0.0,-0.0093,-0.0025,0.0502,0.2499,2.39,10.38
3,4,26.545,0.0,0.3,0.0,-0.0056,-0.0040,0.0495,0.2497,2.98,10.42
3,4,26.569,0.0,0.3,0.0,-0.0019,-0.0100,0.0480,0.2488,4.66,10.42
3,4,26.588,0.0,0.3,0.0,0.0031,-0.0125,0.0475,0.2481,5.26,10.32
3,4,26.604,0.0,0.3,0.0,0.0079,-0.0088,0.0476,0.2476,4.70,10.02
3,4,26.623,0.0,0.3,0.0,0.0131,-0.0053,0.0479,0.2472,3.55,9.68
3,4,26.646,0.0,0.3,0.0,0.0105,-0.0047,0.0485,0.2469,1.87,9.18
3,4,26.668,0.0,0.3,0.0,0.0118,-0.0042,0.0489,0.2469,1.18,8.61
3,4,26.687,0.0,0.3,0.0,0.0048,-0.0028,0.0493,0.2469,0.94,8.59
3,4,26.703,0.0,0.3,0.0,0.0096,-0.0033,0.0497,0.2470,2.19,7.30
3,4,26.723,0.0,0.3,0.0,0.0088,-0.0048,0.0503,0.2473,3.37,7.36
3,4,26.745,0.0,0.3,0.0,0.0069,-0.0054,0.0515,0.2478,4.10,7.86
3,4,26.768,0.0,0.3,0.0,0.0070,-0.0048,0.0528,0.2483,3.95,8.30
3,4,26.786,0.0,0.3,0.0,0.0033,-0.0043,0.0537,0.2486,3.33,8.77
3,4,26.805,0.0,0.3,0.0,0.0002,-0.0018,0.0544,0.2488,2.56,8.75
3,4,26.823,0.0,0.3,0.0,-0.0018,0.0020,0.0551,0.2490,1.82,9.57
3,4,26.844,0.0,0.3,0.0,-0.0034,0.0018,0.0554,0.2490,1.39,9.81
3,4,26.862,0.0,0.3,0.0,-0.0019,0.0003,0.0559,0.2490,1.03,9.83
3,4,26.884,0.0,0.3,0.0,-0.0036,0.0000,0.0565,0.2489,1.00,9.85
3,4,26.910,0.0,0.3,0.0,-0.0031,0.0004,0.0571,0.2489,0.42,9.60
3,4,26.926,0.0,0.3,0.0,-0.0004,0.0004,0.0572,0.2489,0.28,9.61
3,4,26.953,0.0,0.3,0.0,-0.0016,0.0007,0.0572,0.2489,0.21,8.62
3,4,26.968,0.0,0.3,0.0,-0.0014,0.0006,0.0571,0.2490,0.55,8.62
3,4,26.990,0.0,0.3,0.0,-0.0026,-0.0002,0.0569,0.2491,1.28,7.34
3,4,27.005,0.0,0.3,0.0,-0.0060,-0.0017,0.0564,0.2493,2.34,7.72
3,4,27.024,0.0,0.3,0.0,-0.0068,-0.0042,0.0554,0.2497,3.57,8.38
3,4,27.044,0.0,0.3,0.0,-0.0077,-0.0048,0.0546,0.2498,3.55,8.29
3,4,27.069,0.0,0.3,0.0,-0.0098,-0.0051,0.0532,0.2501,3.18,9.55
3,5,27.088,0.0,0.0,0.0,0.0000,-0.0028,0.0520,0.2502,1.78,10.01
3,5,27.103,0.0,0.0,0.0,-0.0108,-0.0022,0.0515,0.2501,1.53,10.02
3,5,27.122,0.0,0.0,0.0,-0.0071,0.0027,0.0505,0.2501,2.00,9.10
3,5,27.144,0.0,0.0,0.0,-0.0007,0.0014,0.0500,0.2502,2.01,8.87
3,5,27.164,0.0,0.0,0.0,0.0024,-0.0011,0.0496,0.2504,1.85,8.57
3,5,27.182,0.0,0.0,0.0,0.0025,-0.0019,0.0491,0.2506,1.88,8.34
3,5,27.202,0.0,0.0,0.0,0.0035,-0.0023,0.0486,0.2507,1.84,8.14
3,5,27.222,0.0,0.0,0.0,0.0026,-0.0025,0.0480,0.2510,1.72,7.97
3,5,27.243,0.0,0.0,0.0,0.0034,-0.0026,0.0476,0.2511,1.58,7.88
3,5,27.265,0.0,0.0,0.0,0.0030,-0.0026,0.0471,0.2513,1.40,7.80
3,5,27.285,0.0,0.0,0.0,0.0033,-0.0025,0.0467,0.2515,1.20,7.77
3,5,27.305,0.0,0.0,0.0,0.0021,-0.0024,0.0465,0.2516,1.05,7.74
3,5,27.323,0.0,0.0,0.0,0.0026,-0.0021,0.0462,0.2517,0.88,7.73
3,5,27.345,0.0,0.0,0.0,0.0016,-0.0017,0.0460,0.2518,0.73,7.76
3,5,27.368,0.0,0.0,0.0,0.0014,-0.0015,0.0460,0.2518,0.65,7.78
3,5,27.386,0.0,0.0,0.0,0.0013,-0.0011,0.0458,0.2519,0.52,7.77
3,5,27.405,0.0,0.0,0.0,0.0005,-0.0009,0.0457,0.2519,0.42,7.79
3,5,27.422,0.0,0.0,0.0,0.0003,-0.0006,0.0456,0.2520,0.35,7.84
3,5,27.450,0.0,0.0,0.0,0.0002,-0.0005,0.0455,0.2520,0.30,7.85
3,5,27.466,0.0,0.0,0.0,0.0001,-0.0004,0.0455,0.2520,0.28,7.84
3,5,27.488,0.0,0.0,0.0,0.0001,-0.0004,0.0454,0.2521,0.26,7.86
3,5,27.503,0.0,0.0,0.0,0.0001,-0.0003,0.0454,0.2521,0.25,7.85
3,5,27.525,0.0,0.0,0.0,0.0000,-0.0003,0.0453,0.2521,0.24,7.85
3,5,27.551,0.0,0.0,0.0,0.0000,-0.0003,0.0453,0.2521,0.23,7.84
3,5,27.567,0.0,0.0,0.0,0.0000,-0.0003,0.0452,0.2522,0.23,7.83
3,5,27.589,0.0,0.0,0.0,0.0000,-0.0003,0.0452,0.2522,0.22,7.82
3,5,27.605,0.0,0.0,0.0,0.0000,-0.0003,0.0452,0.2522,0.22,7.81
3,5,27.626,0.0,0.0,0.0,0.0000,-0.0003,0.0451,0.2522,0.21,7.80
3,5,27.649,0.0,0.0,0.0,0.0000,-0.0003,0.0451,0.2522,0.21,7.79
3,5,27.670,0.0,0.0,0.0,0.0000,-0.0003,0.0450,0.2523,0.20,7.78
3,5,27.686,0.0,0.0,0.0,0.0000,-0.0003,0.0450,0.2523,0.20,7.78
3,5,27.706,0.0,0.0,0.0,0.0000,-0.0003,0.0449,0.2523,0.19,7.76
3,5,27.725,0.0,0.0,0.0,0.0000,-0.0002,0.0449,0.2523,0.18,7.76
3,5,27.751,0.0,0.0,0.0,0.0000,-0.0002,0.0449,0.2524,0.18,7.74
3,5,27.766,0.0,0.0,0.0,0.0000,-0.0002,0.0448,0.2524,0.18,7.74
3,5,27.786,0.0,0.0,0.0,0.0000,-0.0002,0.0448,0.2524,0.17,7.73
3,5,27.805,0.0,0.0,0.0,0.0000,-0.0002,0.0448,0.2524,0.17,7.73
3,5,27.822,0.0,0.0,0.0,0.0000,-0.0002,0.0448,0.2524,0.17,7.72
3,5,27.847,0.0,0.0,0.0,0.0001,-0.0002,0.0447,0.2524,0.16,7.71
3,5,27.867,0.0,0.0,0.0,0.0000,-0.0002,0.0447,0.2525,0.16,7.70
3,5,27.886,0.0,0.0,0.0,0.0000,-0.0002,0.0447,0.2525,0.15,7.70
3,5,27.904,0.0,0.0,0.0,0.0000,-0.0002,0.0446,0.2525,0.15,7.69
3,5,27.923,0.0,0.0,0.0,0.0000,-0.0002,0.0446,0.2525,0.15,7.68
3,5,27.946,0.0,0.0,0.0,0.0000,-0.0002,0.0446,0.2525,0.14,7.68
3,5,27.969,0.0,0.0,0.0,0.0000,-0.0001,0.0446,0.2525,0.14,7.67
3,5,27.985,0.0,0.0,0.0,0.0000,-0.0001,0.0445,0.2526,0.13,7.67
3,5,28.006,0.0,0.0,0.0,0.0000,-0.0001,0.0445,0.2526,0.13,7.66
3,5,28.024,0.0,0.0,0.0,0.0000,-0.0001,0.0445,0.2526,0.13,7.66
3,5,28.052,0.0,0.0,0.0,0.0000,-0.0001,0.0445,0.2526,0.13,7.65
3,5,28.067,0.0,0.0,0.0,0.0001,-0.0001,0.0444,0.2526,0.12,7.64
3,5,28.085,0.0,0.0,0.0,0.0000,-0.0001,0.0444,0.2526,0.12,7.64
3,5,28.105,0.0,0.0,0.0,0.0001,-0.0001,0.0444,0.2526,0.12,7.63
3,5,28.126,0.0,0.0,0.0,0.0001,-0.0001,0.0444,0.2527,0.12,7.63
3,5,28.151,0.0,0.0,0.0,0.0001,-0.0001,0.0444,0.2527,0.11,7.62
3,5,28.168,0.0,0.0,0.0,0.0001,-0.0001,0.0443,0.2527,0.12,7.61
3,5,28.189,0.0,0.0,0.0,0.0001,-0.0001,0.0443,0.2527,0.11,7.61
3,5,28.204,0.0,0.0,0.0,0.0001,-0.0001,0.0443,0.2527,0.11,7.61
3,5,28.225,0.0,0.0,0.0,0.0001,-0.0001,0.0443,0.2527,0.11,7.60
3,5,28.247,0.0,0.0,0.0,0.0000,-0.0001,0.0443,0.2527,0.11,7.60
3,5,28.268,0.0,0.0,0.0,0.0001,-0.0001,0.0443,0.2527,0.11,7.59
3,5,28.286,0.0,0.0,0.0,0.0001,-0.0001,0.0443,0.2527,0.10,7.59
3,5,28.309,0.0,0.0,0.0,0.0001,-0.0001,0.0443,0.2528,0.10,7.58
3,5,28.324,0.0,0.0,0.0,0.0001,-0.0001,0.0442,0.2528,0.10,7.58
3,5,28.346,0.0,0.0,0.0,0.0001,-0.0001,0.0442,0.2528,0.10,7.57
3,5,28.366,0.0,0.0,0.0,0.0001,-0.0001,0.0442,0.2528,0.10,7.57
3,5,28.384,0.0,0.0,0.0,0.0001,-0.0001,0.0442,0.2528,0.10,7.56
3,5,28.402,0.0,0.0,0.0,0.0001,-0.0001,0.0442,0.2528,0.10,7.56
3,5,28.426,0.0,0.0,0.0,0.0002,-0.0001,0.0442,0.2528,0.09,7.55
3,5,28.447,0.0,0.0,0.0,0.0001,-0.0001,0.0442,0.2528,0.09,7.55
3,5,28.467,0.0,0.0,0.0,0.0002,-0.0001,0.0442,0.2528,0.09,7.54
3,5,28.487,0.0,0.0,0.0,0.0001,-0.0001,0.0441,0.2528,0.09,7.54
3,5,28.505,0.0,0.0,0.0,0.0001,-0.0001,0.0441,0.2529,0.09,7.53
3,5,28.524,0.0,0.0,0.0,0.0001,-0.0001,0.0441,0.2529,0.09,7.53
3,5,28.553,0.0,0.0,0.0,0.0001,-0.0001,0.0441,0.2529,0.09,7.52
3,5,28.568,0.0,0.0,0.0,0.0002,-0.0001,0.0441,0.2529,0.09,7.52
3,5,28.588,0.0,0.0,0.0,0.0001,-0.0001,0.0441,0.2529,0.08,7.52
3,5,28.605,0.0,0.0,0.0,0.0001,-0.0002,0.0441,0.2529,0.08,7.51
3,5,28.624,0.0,0.0,0.0,0.0002,-0.0002,0.0441,0.2529,0.08,7.51
3,5,28.652,0.0,0.0,0.0,0.0001,-0.0002,0.0441,0.2529,0.08,7.50
3,5,28.670,0.0,0.0,0.0,0.0002,-0.0002,0.0441,0.2529,0.08,7.50
3,5,28.685,0.0,0.0,0.0,0.0002,-0.0002,0.0441,0.2529,0.08,7.49
3,5,28.705,0.0,0.0,0.0,0.0001,-0.0002,0.0440,0.2529,0.08,7.49
3,5,28.724,0.0,0.0,0.0,0.0002,-0.0002,0.0440,0.2529,0.08,7.49
3,5,28.747,0.0,0.0,0.0,0.0002,-0.0002,0.0440,0.2530,0.08,7.48
3,5,28.773,0.0,0.0,0.0,0.0001,-0.0002,0.0440,0.2530,0.07,7.48
3,5,28.785,0.0,0.0,0.0,0.0001,-0.0002,0.0440,0.2530,0.07,7.48
3,5,28.804,0.0,0.0,0.0,0.0002,-0.0002,0.0440,0.2530,0.07,7.47
3,5,28.825,0.0,0.0,0.0,0.0002,-0.0002,0.0440,0.2530,0.07,7.47
3,5,28.853,0.0,0.0,0.0,0.0001,-0.0002,0.0440,0.2530,0.07,7.46
3,5,28.870,0.0,0.0,0.0,0.0001,-0.0002,0.0440,0.2530,0.07,7.46
3,5,28.885,0.0,0.0,0.0,0.0002,-0.0002,0.0440,0.2530,0.07,7.46
3,5,28.904,0.0,0.0,0.0,0.0002,-0.0002,0.0440,0.2530,0.07,7.45
3,5,28.925,0.0,0.0,0.0,0.0001,-0.0002,0.0440,0.2530,0.07,7.45
3,5,28.959,0.0,0.0,0.0,0.0002,-0.0002,0.0440,0.2530,0.07,7.45
3,5,28.972,0.0,0.0,0.0,0.0003,-0.0002,0.0440,0.2530,0.07,7.44
3,5,28.985,0.0,0.0,0.0,0.0003,-0.0002,0.0440,0.2530,0.06,7.44
3,5,29.005,0.0,0.0,0.0,0.0002,-0.0002,0.0440,0.2530,0.06,7.43
3,5,29.024,0.0,0.0,0.0,0.0002,-0.0002,0.0440,0.2531,0.06,7.43
3,5,29.047,0.0,0.0,0.0,0.0002,-0.0002,0.0439,0.2531,0.06,7.43
3,5,29.067,0.0,0.0,0.0,0.0001,-0.0002,0.0439,0.2531,0.06,7.42
3,5,29.084,0.0,0.0,0.0,0.0002,-0.0002,0.0439,0.2531,0.06,7.42
3,5,29.104,0.0,0.0,0.0,0.0003,-0.0002,0.0439,0.2531,0.06,7.42
3,5,29.123,0.0,0.0,0.0,0.0002,-0.0002,0.0439,0.2531,0.06,7.41
3,5,29.147,0.0,0.0,0.0,0.0002,-0.0002,0.0439,0.2531,0.06,7.41
3,5,29.165,0.0,0.0,0.0,0.0002,-0.0002,0.0439,0.2531,0.06,7.41
3,5,29.186,0.0,0.0,0.0,0.0002,-0.0002,0.0439,0.2531,0.06,7.41
3,5,29.208,0.0,0.0,0.0,0.0002,-0.0002,0.0439,0.2531,0.06,7.40
3,5,29.224,0.0,0.0,0.0,0.0003,-0.0002,0.0439,0.2531,0.06,7.40
3,5,29.246,0.0,0.0,0.0,0.0001,-0.0002,0.0439,0.2531,0.06,7.40
3,5,29.267,0.0,0.0,0.0,0.0002,-0.0002,0.0439,0.2531,0.06,7.39
3,5,29.285,0.0,0.0,0.0,0.0002,-0.0002,0.0439,0.2531,0.05,7.39
3,5,29.305,0.0,0.0,0.0,0.0002,-0.0002,0.0439,0.2531,0.05,7.39
3,5,29.324,0.0,0.0,0.0,0.0003,-0.0002,0.0439,0.2531,0.05,7.38
3,5,29.347,0.0,0.0,0.0,0.0003,-0.0002,0.0439,0.2532,0.05,7.38
3,5,29.366,0.0,0.0,0.0,0.0002,-0.0002,0.0439,0.2532,0.05,7.37
3,5,29.385,0.0,0.0,0.0,0.0002,-0.0002,0.0439,0.2532,0.05,7.37
3,5,29.404,0.0,0.0,0.0,0.0003,-0.0002,0.0439,0.2532,0.05,7.37
3,5,29.423,0.0,0.0,0.0,0.0003,-0.0002,0.0439,0.2532,0.05,7.37
3,5,29.447,0.0,0.0,0.0,0.0002,-0.0002,0.0439,0.2532,0.05,7.36
3,5,29.470,0.0,0.0,0.0,0.0002,-0.0002,0.0439,0.2532,0.05,7.36
3,5,29.487,0.0,0.0,0.0,0.0002,-0.0002,0.0439,0.2532,0.05,7.36
3,5,29.504,0.0,0.0,0.0,0.0003,-0.0002,0.0439,0.2532,0.05,7.35
3,5,29.526,0.0,0.0,0.0,0.0002,-0.0002,0.0439,0.2532,0.05,7.35
3,5,29.546,0.0,0.0,0.0,0.0002,-0.0002,0.0439,0.2532,0.05,7.35
3,5,29.568,0.0,0.0,0.0,0.0003,-0.0002,0.0439,0.2532,0.05,7.34
3,5,29.587,0.0,0.0,0.0,0.0003,-0.0002,0.0439,0.2532,0.05,7.34
3,5,29.605,0.0,0.0,0.0,0.0002,-0.0002,0.0439,0.2532,0.05,7.34
3,5,29.624,0.0,0.0,0.0,0.0003,-0.0002,0.0439,0.2532,0.04,7.34
3,5,29.653,0.0,0.0,0.0,0.0001,-0.0002,0.0439,0.2532,0.04,7.33
3,5,29.668,0.0,0.0,0.0,0.0006,-0.0002,0.0439,0.2532,0.04,7.33
3,5,29.685,0.0,0.0,0.0,0.0003,-0.0002,0.0439,0.2532,0.04,7.33
3,5,29.705,0.0,0.0,0.0,0.0002,-0.0002,0.0439,0.2532,0.04,7.32
3,5,29.725,0.0,0.0,0.0,0.0003,-0.0002,0.0439,0.2532,0.04,7.32
3,5,29.746,0.0,0.0,0.0,0.0003,-0.0002,0.0439,0.2532,0.04,7.32
3,5,29.774,0.0,0.0,0.0,0.0002,-0.0002,0.0439,0.2533,0.04,7.31
3,5,29.785,0.0,0.0,0.0,0.0004,-0.0002,0.0439,0.2533,0.04,7.31
3,5,29.805,0.0,0.0,0.0,0.0003,-0.0002,0.0439,0.2533,0.04,7.31
3,5,29.825,0.0,0.0,0.0,0.0002,-0.0002,0.0439,0.2533,0.04,7.31
3,5,29.851,0.0,0.0,0.0,0.0002,-0.0002,0.0439,0.2533,0.04,7.30
3,5,29.869,0.0,0.0,0.0,0.0002,-0.0002,0.0439,0.2533,0.04,7.30
3,5,29.886,0.0,0.0,0.0,0.0004,-0.0002,0.0439,0.2533,0.04,7.30
3,5,29.905,0.0,0.0,0.0,0.0003,-0.0002,0.0439,0.2533,0.04,7.30
3,5,29.930,0.0,0.0,0.0,0.0003,-0.0002,0.0439,0.2533,0.04,7.29
3,5,29.947,0.0,0.0,0.0,0.0002,-0.0002,0.0439,0.2533,0.04,7.29
3,5,29.973,0.0,0.0,0.0,0.0002,-0.0002,0.0439,0.2533,0.04,7.29
3,5,29.986,0.0,0.0,0.0,0.0002,-0.0002,0.0439,0.2533,0.04,7.29
3,5,30.006,0.0,0.0,0.0,0.0003,-0.0002,0.0439,0.2533,0.04,7.28
3,5,30.026,0.0,0.0,0.0,0.0003,-0.0002,0.0439,0.2533,0.04,7.28
3,5,30.048,0.0,0.0,0.0,0.0002,-0.0002,0.0439,0.2533,0.04,7.28
3,5,30.067,0.0,0.0,0.0,0.0002,-0.0002,0.0439,0.2533,0.04,7.28
3,5,30.084,0.0,0.0,0.0,0.0003,-0.0002,0.0439,0.2533,0.04,7.28
