rollout,segment,t,vx_cmd,vy_cmd,wz_cmd,vx_med,wz_med,tilt_rad,height,power_W,tau_max
1,0,0.004,0.0,0.0,0.0,0.0000,-0.0000,0.0788,0.2289,0.15,8.59
1,0,0.023,0.0,0.0,0.0,0.0011,0.0246,0.0781,0.2290,17.86,21.13
1,0,0.042,0.0,0.0,0.0,0.0185,0.0973,0.0727,0.2296,55.34,20.39
1,0,0.065,0.0,0.0,0.0,0.0348,0.1847,0.0606,0.2318,69.17,17.23
1,0,0.081,0.0,0.0,0.0,0.0701,0.2143,0.0514,0.2338,66.35,14.24
1,0,0.101,0.0,0.0,0.0,0.1008,0.1822,0.0427,0.2368,44.50,11.14
1,0,0.123,0.0,0.0,0.0,0.0719,0.1262,0.0391,0.2395,43.28,10.81
1,0,0.142,0.0,0.0,0.0,0.1440,0.0711,0.0369,0.2427,39.05,9.57
1,0,0.164,0.0,0.0,0.0,0.1210,0.0515,0.0353,0.2448,32.60,9.48
1,0,0.190,0.0,0.0,0.0,0.1452,0.0527,0.0329,0.2472,23.80,9.44
1,0,0.205,0.0,0.0,0.0,0.2168,0.0479,0.0309,0.2486,21.51,9.36
1,0,0.223,0.0,0.0,0.0,0.2205,0.0470,0.0286,0.2497,17.30,9.22
1,0,0.242,0.0,0.0,0.0,0.1521,0.0499,0.0261,0.2504,15.48,9.17
1,0,0.266,0.0,0.0,0.0,0.1685,0.0585,0.0229,0.2512,13.71,9.17
1,0,0.283,0.0,0.0,0.0,0.2149,0.0663,0.0193,0.2517,12.45,9.15
1,0,0.303,0.0,0.0,0.0,0.2001,0.0699,0.0165,0.2519,11.20,9.05
1,0,0.322,0.0,0.0,0.0,0.2419,0.0724,0.0132,0.2521,9.80,8.94
1,0,0.346,0.0,0.0,0.0,0.2046,0.0713,0.0111,0.2522,8.85,8.83
1,0,0.366,0.0,0.0,0.0,0.1221,0.0691,0.0091,0.2524,8.24,8.77
1,0,0.385,0.0,0.0,0.0,0.1973,0.0657,0.0069,0.2525,7.76,8.70
1,0,0.405,0.0,0.0,0.0,0.1527,0.0566,0.0041,0.2527,7.78,8.61
1,0,0.425,0.0,0.0,0.0,0.1320,0.0501,0.0021,0.2528,7.42,8.48
1,0,0.444,0.0,0.0,0.0,0.1722,0.0421,0.0012,0.2530,6.83,8.37
1,0,0.467,0.0,0.0,0.0,0.1067,0.0375,0.0029,0.2531,6.53,8.29
1,0,0.486,0.0,0.0,0.0,0.0711,0.0340,0.0040,0.2532,6.60,8.27
1,0,0.503,0.0,0.0,0.0,0.1235,0.0262,0.0061,0.2533,5.93,8.15
1,0,0.525,0.0,0.0,0.0,0.0915,0.0204,0.0074,0.2533,5.53,8.10
1,0,0.552,0.0,0.0,0.0,0.0385,0.0171,0.0082,0.2533,5.45,8.11
1,0,0.567,0.0,0.0,0.0,0.0338,0.0143,0.0088,0.2533,5.29,8.06
1,0,0.590,0.0,0.0,0.0,0.0463,0.0072,0.0102,0.2534,4.34,7.94
1,0,0.610,0.0,0.0,0.0,0.0242,0.0048,0.0106,0.2534,4.03,7.87
1,0,0.630,0.0,0.0,0.0,0.0361,0.0017,0.0111,0.2534,3.64,7.79
1,0,0.647,0.0,0.0,0.0,0.0222,-0.0001,0.0114,0.2534,3.10,7.69
1,0,0.670,0.0,0.0,0.0,0.0055,-0.0014,0.0116,0.2534,2.32,7.65
1,0,0.685,0.0,0.0,0.0,-0.0011,-0.0011,0.0116,0.2534,1.55,7.66
1,0,0.704,0.0,0.0,0.0,-0.0054,0.0006,0.0116,0.2533,0.89,7.67
1,0,0.727,0.0,0.0,0.0,-0.0075,0.0018,0.0116,0.2533,0.75,7.68
1,0,0.741,0.0,0.0,0.0,-0.0106,0.0028,0.0116,0.2533,0.70,7.66
1,0,0.765,0.0,0.0,0.0,-0.0128,0.0028,0.0116,0.2533,0.70,7.65
1,0,0.787,0.0,0.0,0.0,-0.0077,0.0027,0.0115,0.2532,0.69,7.64
1,0,0.805,0.0,0.0,0.0,-0.0070,0.0026,0.0115,0.2532,0.66,7.64
1,0,0.825,0.0,0.0,0.0,-0.0104,0.0024,0.0114,0.2532,0.59,7.62
1,0,0.841,0.0,0.0,0.0,-0.0097,0.0022,0.0114,0.2532,0.51,7.61
1,0,0.869,0.0,0.0,0.0,-0.0073,0.0019,0.0113,0.2532,0.42,7.61
1,0,0.885,0.0,0.0,0.0,-0.0060,0.0018,0.0113,0.2532,0.39,7.60
1,0,0.905,0.0,0.0,0.0,-0.0041,0.0016,0.0113,0.2531,0.34,7.60
1,0,0.925,0.0,0.0,0.0,-0.0041,0.0014,0.0112,0.2531,0.31,7.60
1,0,0.942,0.0,0.0,0.0,-0.0042,0.0012,0.0112,0.2531,0.26,7.59
1,0,0.962,0.0,0.0,0.0,-0.0022,0.0010,0.0112,0.2531,0.23,7.59
1,0,0.985,0.0,0.0,0.0,-0.0022,0.0009,0.0111,0.2531,0.21,7.58
1,0,1.007,0.0,0.0,0.0,-0.0020,0.0008,0.0111,0.2531,0.18,7.58
1,0,1.025,0.0,0.0,0.0,-0.0013,0.0008,0.0111,0.2531,0.18,7.58
1,0,1.043,0.0,0.0,0.0,-0.0021,0.0008,0.0110,0.2531,0.17,7.58
1,0,1.066,0.0,0.0,0.0,-0.0018,0.0007,0.0110,0.2531,0.16,7.57
1,0,1.085,0.0,0.0,0.0,-0.0013,0.0007,0.0110,0.2531,0.15,7.57
1,0,1.106,0.0,0.0,0.0,-0.0015,0.0007,0.0109,0.2531,0.15,7.57
1,0,1.123,0.0,0.0,0.0,-0.0020,0.0007,0.0109,0.2531,0.14,7.57
1,0,1.141,0.0,0.0,0.0,-0.0014,0.0007,0.0109,0.2531,0.14,7.56
1,0,1.164,0.0,0.0,0.0,-0.0018,0.0007,0.0108,0.2531,0.13,7.56
1,0,1.186,0.0,0.0,0.0,-0.0014,0.0007,0.0108,0.2531,0.13,7.56
1,0,1.201,0.0,0.0,0.0,-0.0013,0.0007,0.0108,0.2531,0.13,7.56
1,0,1.221,0.0,0.0,0.0,-0.0016,0.0007,0.0107,0.2531,0.12,7.55
1,0,1.241,0.0,0.0,0.0,-0.0016,0.0006,0.0107,0.2531,0.12,7.55
1,0,1.262,0.0,0.0,0.0,-0.0007,0.0006,0.0107,0.2531,0.11,7.55
1,0,1.285,0.0,0.0,0.0,-0.0019,0.0006,0.0107,0.2531,0.11,7.55
1,0,1.305,0.0,0.0,0.0,-0.0011,0.0006,0.0106,0.2531,0.11,7.55
1,0,1.325,0.0,0.0,0.0,-0.0014,0.0006,0.0106,0.2531,0.11,7.54
1,0,1.342,0.0,0.0,0.0,-0.0013,0.0006,0.0106,0.2531,0.10,7.54
1,0,1.362,0.0,0.0,0.0,-0.0013,0.0006,0.0105,0.2531,0.10,7.54
1,0,1.385,0.0,0.0,0.0,-0.0010,0.0006,0.0105,0.2531,0.10,7.54
1,0,1.405,0.0,0.0,0.0,-0.0008,0.0006,0.0105,0.2531,0.09,7.54
1,0,1.424,0.0,0.0,0.0,-0.0015,0.0006,0.0104,0.2531,0.09,7.53
1,0,1.444,0.0,0.0,0.0,-0.0011,0.0006,0.0104,0.2531,0.09,7.53
1,0,1.462,0.0,0.0,0.0,-0.0011,0.0006,0.0104,0.2531,0.09,7.53
1,0,1.485,0.0,0.0,0.0,-0.0009,0.0006,0.0104,0.2531,0.08,7.53
1,0,1.505,0.0,0.0,0.0,-0.0011,0.0006,0.0103,0.2531,0.08,7.53
1,0,1.523,0.0,0.0,0.0,-0.0011,0.0006,0.0103,0.2531,0.08,7.52
1,0,1.544,0.0,0.0,0.0,-0.0011,0.0006,0.0103,0.2532,0.08,7.52
1,0,1.562,0.0,0.0,0.0,-0.0012,0.0006,0.0102,0.2532,0.08,7.52
1,0,1.587,0.0,0.0,0.0,-0.0010,0.0006,0.0102,0.2532,0.07,7.52
1,0,1.607,0.0,0.0,0.0,-0.0006,0.0006,0.0102,0.2532,0.07,7.52
1,0,1.626,0.0,0.0,0.0,-0.0011,0.0006,0.0102,0.2532,0.07,7.52
1,0,1.641,0.0,0.0,0.0,-0.0013,0.0006,0.0101,0.2532,0.07,7.51
1,0,1.661,0.0,0.0,0.0,-0.0009,0.0006,0.0101,0.2532,0.07,7.51
1,0,1.685,0.0,0.0,0.0,-0.0010,0.0006,0.0101,0.2532,0.07,7.51
1,0,1.704,0.0,0.0,0.0,-0.0008,0.0006,0.0101,0.2532,0.06,7.51
1,0,1.724,0.0,0.0,0.0,-0.0011,0.0006,0.0100,0.2532,0.06,7.51
1,0,1.744,0.0,0.0,0.0,-0.0008,0.0006,0.0100,0.2532,0.06,7.51
1,0,1.761,0.0,0.0,0.0,-0.0009,0.0006,0.0100,0.2532,0.06,7.50
1,0,1.782,0.0,0.0,0.0,-0.0005,0.0006,0.0100,0.2532,0.06,7.50
1,0,1.804,0.0,0.0,0.0,-0.0010,0.0006,0.0100,0.2532,0.06,7.50
1,0,1.824,0.0,0.0,0.0,-0.0010,0.0006,0.0099,0.2532,0.06,7.50
1,0,1.848,0.0,0.0,0.0,-0.0006,0.0006,0.0099,0.2532,0.06,7.50
1,0,1.862,0.0,0.0,0.0,-0.0008,0.0006,0.0099,0.2532,0.06,7.50
1,0,1.886,0.0,0.0,0.0,-0.0008,0.0006,0.0099,0.2532,0.05,7.50
1,0,1.904,0.0,0.0,0.0,-0.0007,0.0006,0.0098,0.2532,0.05,7.49
1,0,1.925,0.0,0.0,0.0,-0.0009,0.0006,0.0098,0.2532,0.05,7.49
1,0,1.944,0.0,0.0,0.0,-0.0010,0.0006,0.0098,0.2532,0.05,7.49
1,0,1.961,0.0,0.0,0.0,-0.0003,0.0006,0.0098,0.2532,0.05,7.49
1,0,1.985,0.0,0.0,0.0,-0.0009,0.0005,0.0098,0.2532,0.05,7.49
1,0,2.008,0.0,0.0,0.0,-0.0008,0.0005,0.0097,0.2532,0.05,7.49
1,0,2.024,0.0,0.0,0.0,-0.0004,0.0005,0.0097,0.2532,0.05,7.49
1,0,2.044,0.0,0.0,0.0,-0.0011,0.0005,0.0097,0.2532,0.05,7.48
1,0,2.061,0.0,0.0,0.0,-0.0007,0.0005,0.0097,0.2532,0.05,7.48
1,0,2.082,0.0,0.0,0.0,-0.0004,0.0005,0.0097,0.2532,0.05,7.48
1,0,2.105,0.0,0.0,0.0,-0.0008,0.0005,0.0097,0.2532,0.05,7.48
1,0,2.126,0.0,0.0,0.0,-0.0008,0.0005,0.0096,0.2532,0.05,7.48
1,0,2.144,0.0,0.0,0.0,-0.0007,0.0005,0.0096,0.2532,0.05,7.48
1,0,2.163,0.0,0.0,0.0,-0.0005,0.0005,0.0096,0.2532,0.04,7.48
1,0,2.184,0.0,0.0,0.0,-0.0009,0.0005,0.0096,0.2532,0.04,7.48
1,0,2.202,0.0,0.0,0.0,-0.0006,0.0005,0.0096,0.2532,0.04,7.47
1,0,2.228,0.0,0.0,0.0,-0.0008,0.0005,0.0095,0.2531,0.04,7.47
1,0,2.244,0.0,0.0,0.0,-0.0006,0.0005,0.0095,0.2531,0.04,7.47
1,0,2.262,0.0,0.0,0.0,-0.0005,0.0005,0.0095,0.2531,0.04,7.47
1,0,2.284,0.0,0.0,0.0,-0.0011,0.0005,0.0095,0.2531,0.04,7.47
1,0,2.308,0.0,0.0,0.0,-0.0005,0.0005,0.0095,0.2531,0.04,7.47
1,0,2.326,0.0,0.0,0.0,-0.0008,0.0005,0.0095,0.2531,0.04,7.47
1,0,2.346,0.0,0.0,0.0,-0.0006,0.0005,0.0095,0.2531,0.04,7.47
1,0,2.362,0.0,0.0,0.0,-0.0009,0.0005,0.0094,0.2531,0.04,7.46
1,0,2.382,0.0,0.0,0.0,-0.0004,0.0005,0.0094,0.2531,0.04,7.46
1,0,2.405,0.0,0.0,0.0,-0.0007,0.0005,0.0094,0.2531,0.04,7.46
1,0,2.424,0.0,0.0,0.0,-0.0006,0.0005,0.0094,0.2531,0.04,7.46
1,0,2.446,0.0,0.0,0.0,-0.0004,0.0005,0.0094,0.2531,0.04,7.46
1,0,2.464,0.0,0.0,0.0,-0.0008,0.0005,0.0094,0.2531,0.04,7.46
1,0,2.487,0.0,0.0,0.0,-0.0006,0.0005,0.0094,0.2531,0.04,7.46
1,0,2.502,0.0,0.0,0.0,-0.0005,0.0005,0.0094,0.2531,0.04,7.46
1,0,2.525,0.0,0.0,0.0,-0.0008,0.0005,0.0093,0.2531,0.04,7.46
1,0,2.544,0.0,0.0,0.0,-0.0006,0.0005,0.0093,0.2531,0.04,7.45
1,0,2.562,0.0,0.0,0.0,-0.0004,0.0005,0.0093,0.2531,0.04,7.45
1,0,2.586,0.0,0.0,0.0,-0.0007,0.0005,0.0093,0.2531,0.04,7.45
1,0,2.605,0.0,0.0,0.0,-0.0007,0.0005,0.0093,0.2531,0.04,7.45
1,0,2.627,0.0,0.0,0.0,-0.0004,0.0005,0.0093,0.2531,0.04,7.45
1,0,2.645,0.0,0.0,0.0,-0.0006,0.0005,0.0093,0.2531,0.04,7.45
1,0,2.661,0.0,0.0,0.0,-0.0006,0.0005,0.0093,0.2531,0.04,7.45
1,0,2.681,0.0,0.0,0.0,-0.0005,0.0005,0.0092,0.2531,0.04,7.45
1,0,2.706,0.0,0.0,0.0,-0.0007,0.0005,0.0092,0.2531,0.04,7.45
1,0,2.727,0.0,0.0,0.0,-0.0006,0.0005,0.0092,0.2531,0.04,7.45
1,0,2.745,0.0,0.0,0.0,-0.0002,0.0005,0.0092,0.2531,0.04,7.44
1,0,2.764,0.0,0.0,0.0,-0.0006,0.0005,0.0092,0.2531,0.04,7.44
1,0,2.782,0.0,0.0,0.0,-0.0007,0.0005,0.0092,0.2531,0.04,7.44
1,0,2.810,0.0,0.0,0.0,-0.0003,0.0005,0.0092,0.2531,0.04,7.44
1,0,2.825,0.0,0.0,0.0,-0.0009,0.0005,0.0092,0.2531,0.04,7.44
1,0,2.844,0.0,0.0,0.0,-0.0005,0.0005,0.0092,0.2531,0.04,7.44
1,0,2.863,0.0,0.0,0.0,-0.0004,0.0005,0.0092,0.2531,0.04,7.44
1,0,2.881,0.0,0.0,0.0,-0.0009,0.0005,0.0091,0.2531,0.04,7.44
1,0,2.904,0.0,0.0,0.0,-0.0006,0.0005,0.0091,0.2531,0.04,7.44
1,0,2.924,0.0,0.0,0.0,-0.0003,0.0005,0.0091,0.2531,0.04,7.44
1,0,2.942,0.0,0.0,0.0,-0.0009,0.0005,0.0091,0.2531,0.04,7.44
1,0,2.961,0.0,0.0,0.0,-0.0006,0.0005,0.0091,0.2531,0.04,7.43
1,0,2.982,0.0,0.0,0.0,-0.0005,0.0005,0.0091,0.2531,0.04,7.43
1,1,3.009,0.3,0.0,0.0,0.0000,0.0005,0.0091,0.2531,0.04,7.43
1,1,3.022,0.3,0.0,0.0,-0.0008,0.0005,0.0091,0.2531,0.04,9.93
1,1,3.043,0.3,0.0,0.0,0.0027,0.0020,0.0092,0.2532,2.22,11.92
1,1,3.061,0.3,0.0,0.0,0.0134,0.0059,0.0105,0.2531,11.46,12.50
1,1,3.081,0.3,0.0,0.0,0.0296,0.0104,0.0126,0.2527,18.59,12.76
1,1,3.102,0.3,0.0,0.0,0.0386,0.0277,0.0170,0.2520,18.13,12.57
1,1,3.121,0.3,0.0,0.0,0.0297,0.0550,0.0209,0.2510,13.67,12.38
1,1,3.141,0.3,0.0,0.0,0.0499,0.0652,0.0232,0.2507,8.59,12.38
1,1,3.161,0.3,0.0,0.0,0.0274,0.0596,0.0263,0.2504,6.61,12.16
1,1,3.182,0.3,0.0,0.0,0.0731,0.0430,0.0295,0.2501,5.71,11.52
1,1,3.206,0.3,0.0,0.0,0.0595,0.0330,0.0312,0.2501,6.04,10.99
1,1,3.224,0.3,0.0,0.0,0.0428,0.0186,0.0350,0.2502,3.85,9.95
1,1,3.244,0.3,0.0,0.0,0.0671,0.0104,0.0365,0.2504,2.88,8.74
1,1,3.262,0.3,0.0,0.0,0.0564,0.0094,0.0374,0.2507,3.01,7.85
1,1,3.282,0.3,0.0,0.0,0.0334,0.0148,0.0376,0.2510,4.74,7.91
1,1,3.305,0.3,0.0,0.0,0.0289,0.0353,0.0367,0.2517,7.68,9.32
1,1,3.324,0.3,0.0,0.0,0.0203,0.0481,0.0355,0.2522,9.76,10.43
1,1,3.344,0.3,0.0,0.0,0.0212,0.0623,0.0345,0.2524,14.29,11.48
1,1,3.362,0.3,0.0,0.0,0.0147,0.0425,0.0344,0.2525,11.64,11.49
1,1,3.382,0.3,0.0,0.0,0.0089,0.0154,0.0338,0.2519,7.74,11.87
1,1,3.406,0.3,0.0,0.0,0.0041,0.0041,0.0330,0.2513,7.67,11.44
1,1,3.424,0.3,0.0,0.0,0.0024,-0.0006,0.0312,0.2511,4.49,11.69
1,1,3.443,0.3,0.0,0.0,0.0060,-0.0001,0.0305,0.2507,2.74,11.45
1,1,3.464,0.3,0.0,0.0,0.0092,0.0060,0.0305,0.2505,3.00,11.58
1,1,3.481,0.3,0.0,0.0,0.0235,0.0168,0.0314,0.2505,3.32,11.22
1,1,3.506,0.3,0.0,0.0,0.0199,0.0127,0.0334,0.2501,3.37,10.68
1,1,3.524,0.3,0.0,0.0,0.0218,0.0145,0.0346,0.2500,2.50,10.07
1,1,3.542,0.3,0.0,0.0,0.0245,0.0168,0.0355,0.2501,2.07,9.31
1,1,3.561,0.3,0.0,0.0,0.0218,0.0122,0.0367,0.2505,4.01,8.41
1,1,3.581,0.3,0.0,0.0,0.0244,0.0110,0.0376,0.2509,5.49,7.64
1,1,3.606,0.3,0.0,0.0,0.0287,0.0112,0.0384,0.2514,6.00,8.30
1,1,3.626,0.3,0.0,0.0,0.0362,0.0121,0.0391,0.2521,6.08,9.20
1,1,3.644,0.3,0.0,0.0,0.0360,0.0105,0.0398,0.2526,5.69,10.02
1,1,3.662,0.3,0.0,0.0,0.0454,0.0082,0.0406,0.2530,4.71,10.72
1,1,3.684,0.3,0.0,0.0,0.0386,0.0044,0.0415,0.2532,3.30,11.32
1,1,3.709,0.3,0.0,0.0,0.0385,0.0002,0.0423,0.2533,3.03,11.73
1,1,3.725,0.3,0.0,0.0,0.0558,-0.0036,0.0432,0.2532,3.62,11.90
1,1,3.743,0.3,0.0,0.0,0.0481,-0.0067,0.0447,0.2528,5.08,11.74
1,1,3.764,0.3,0.0,0.0,0.0404,-0.0073,0.0460,0.2522,5.37,11.35
1,1,3.782,0.3,0.0,0.0,0.0552,-0.0098,0.0471,0.2518,5.01,11.22
1,1,3.811,0.3,0.0,0.0,0.0441,-0.0067,0.0486,0.2511,4.03,11.16
1,1,3.825,0.3,0.0,0.0,0.0372,-0.0092,0.0494,0.2509,3.36,11.21
1,1,3.844,0.3,0.0,0.0,0.0403,-0.0124,0.0511,0.2506,2.31,10.43
1,1,3.863,0.3,0.0,0.0,0.0448,-0.0109,0.0518,0.2506,1.65,9.74
1,1,3.885,0.3,0.0,0.0,0.0235,-0.0047,0.0517,0.2509,3.36,8.71
1,1,3.906,0.3,0.0,0.0,0.0203,-0.0026,0.0510,0.2513,5.32,7.44
1,1,3.929,0.3,0.0,0.0,0.0098,0.0043,0.0489,0.2523,7.38,8.01
1,1,3.945,0.3,0.0,0.0,0.0058,0.0061,0.0478,0.2527,7.43,7.87
1,1,3.962,0.3,0.0,0.0,0.0020,0.0136,0.0456,0.2535,6.47,10.14
1,1,3.984,0.3,0.0,0.0,-0.0003,0.0190,0.0439,0.2540,5.40,10.74
1,1,4.005,0.3,0.0,0.0,-0.0003,0.0203,0.0433,0.2540,3.67,10.97
1,1,4.024,0.3,0.0,0.0,0.0006,0.0200,0.0428,0.2539,2.37,11.03
1,1,4.046,0.3,0.0,0.0,0.0006,0.0213,0.0426,0.2537,2.33,10.75
1,1,4.064,0.3,0.0,0.0,0.0034,0.0236,0.0428,0.2534,2.32,10.50
1,1,4.084,0.3,0.0,0.0,0.0084,0.0178,0.0435,0.2531,2.11,10.25
1,1,4.113,0.3,0.0,0.0,0.0056,0.0133,0.0445,0.2529,1.55,9.97
1,1,4.125,0.3,0.0,0.0,0.0105,0.0101,0.0451,0.2528,1.05,9.43
1,1,4.144,0.3,0.0,0.0,0.0110,0.0082,0.0456,0.2527,0.89,8.63
1,1,4.162,0.3,0.0,0.0,0.0050,0.0064,0.0459,0.2528,1.16,7.65
1,1,4.185,0.3,0.0,0.0,0.0038,0.0049,0.0461,0.2529,2.09,6.90
1,1,4.205,0.3,0.0,0.0,0.0042,0.0056,0.0463,0.2532,2.81,7.36
1,1,4.227,0.3,0.0,0.0,0.0038,0.0058,0.0465,0.2535,3.20,8.45
1,1,4.248,0.3,0.0,0.0,0.0080,0.0046,0.0468,0.2539,2.87,9.42
1,1,4.263,0.3,0.0,0.0,0.0087,0.0040,0.0469,0.2540,2.29,10.31
1,1,4.282,0.3,0.0,0.0,0.0068,0.0009,0.0473,0.2541,1.78,10.98
1,1,4.304,0.3,0.0,0.0,0.0082,-0.0003,0.0475,0.2540,1.70,11.49
1,1,4.326,0.3,0.0,0.0,0.0076,-0.0019,0.0476,0.2538,2.06,11.85
1,1,4.346,0.3,0.0,0.0,0.0171,-0.0054,0.0480,0.2531,2.90,11.97
1,1,4.363,0.3,0.0,0.0,0.0118,-0.0070,0.0487,0.2526,3.15,11.81
1,1,4.384,0.3,0.0,0.0,0.0292,-0.0067,0.0499,0.2520,3.44,11.49
1,1,4.406,0.3,0.0,0.0,0.0195,-0.0070,0.0507,0.2517,3.76,10.97
1,1,4.427,0.3,0.0,0.0,0.0182,-0.0093,0.0513,0.2516,3.82,10.36
1,1,4.444,0.3,0.0,0.0,0.0148,-0.0071,0.0517,0.2515,2.24,9.58
1,1,4.463,0.3,0.0,0.0,0.0176,-0.0053,0.0521,0.2514,0.86,9.02
1,1,4.485,0.3,0.0,0.0,0.0082,-0.0047,0.0521,0.2516,2.39,8.00
1,1,4.505,0.3,0.0,0.0,0.0018,-0.0035,0.0512,0.2520,4.73,7.57
1,1,4.530,0.3,0.0,0.0,-0.0020,0.0007,0.0497,0.2527,6.08,7.75
1,1,4.545,0.3,0.0,0.0,-0.0043,0.0033,0.0485,0.2533,5.97,8.91
1,1,4.561,0.3,0.0,0.0,-0.0096,0.0071,0.0474,0.2537,5.18,9.91
1,1,4.582,0.3,0.0,0.0,-0.0061,0.0061,0.0464,0.2541,3.67,10.53
1,1,4.606,0.3,0.0,0.0,-0.0077,0.0079,0.0460,0.2542,2.19,10.95
1,1,4.626,0.3,0.0,0.0,-0.0031,0.0092,0.0454,0.2541,1.18,11.34
1,1,4.644,0.3,0.0,0.0,-0.0026,0.0128,0.0453,0.2539,1.33,11.45
1,1,4.665,0.3,0.0,0.0,-0.0009,0.0171,0.0452,0.2538,1.54,11.34
1,1,4.685,0.3,0.0,0.0,0.0011,0.0252,0.0453,0.2535,1.85,11.02
1,1,4.710,0.3,0.0,0.0,0.0032,0.0222,0.0459,0.2533,1.47,10.46
1,1,4.725,0.3,0.0,0.0,0.0045,0.0176,0.0464,0.2532,1.31,9.93
1,1,4.744,0.3,0.0,0.0,0.0066,0.0150,0.0470,0.2532,1.19,9.17
1,1,4.762,0.3,0.0,0.0,0.0052,0.0116,0.0476,0.2533,1.84,8.11
1,1,4.783,0.3,0.0,0.0,0.0017,0.0105,0.0480,0.2534,2.49,6.92
1,1,4.804,0.3,0.0,0.0,0.0069,0.0102,0.0484,0.2537,3.00,6.81
1,1,4.824,0.3,0.0,0.0,0.0045,0.0089,0.0488,0.2541,3.10,7.93
1,1,4.845,0.3,0.0,0.0,0.0074,0.0073,0.0491,0.2543,2.94,9.00
1,1,4.861,0.3,0.0,0.0,0.0054,0.0050,0.0493,0.2545,2.53,9.90
1,1,4.881,0.3,0.0,0.0,0.0097,0.0026,0.0496,0.2545,1.67,10.48
1,1,4.905,0.3,0.0,0.0,0.0097,0.0023,0.0497,0.2545,1.45,10.51
1,1,4.925,0.3,0.0,0.0,0.0072,-0.0032,0.0502,0.2542,1.99,11.55
1,1,4.943,0.3,0.0,0.0,0.0148,-0.0056,0.0509,0.2535,2.32,11.75
1,1,4.964,0.3,0.0,0.0,0.0088,-0.0059,0.0511,0.2534,2.70,11.75
1,1,4.982,0.3,0.0,0.0,0.0218,-0.0071,0.0522,0.2525,2.98,11.48
1,1,5.006,0.3,0.0,0.0,0.0227,-0.0079,0.0528,0.2522,3.02,10.96
1,1,5.027,0.3,0.0,0.0,0.0155,-0.0103,0.0533,0.2520,3.07,10.28
1,1,5.044,0.3,0.0,0.0,0.0219,-0.0136,0.0533,0.2521,3.67,9.47
1,1,5.062,0.3,0.0,0.0,0.0119,-0.0118,0.0528,0.2523,2.17,8.49
1,1,5.084,0.3,0.0,0.0,0.0037,-0.0083,0.0526,0.2522,2.02,7.89
1,1,5.105,0.3,0.0,0.0,0.0073,-0.0020,0.0524,0.2524,2.32,7.79
1,1,5.126,0.3,0.0,0.0,0.0008,0.0007,0.0518,0.2528,5.15,8.09
1,1,5.143,0.3,0.0,0.0,-0.0040,0.0053,0.0508,0.2533,5.71,8.71
1,1,5.161,0.3,0.0,0.0,-0.0060,0.0084,0.0492,0.2539,4.85,9.58
1,1,5.182,0.3,0.0,0.0,-0.0098,0.0052,0.0482,0.2542,3.02,10.24
1,1,5.207,0.3,0.0,0.0,-0.0060,0.0059,0.0478,0.2542,1.77,10.81
1,1,5.224,0.3,0.0,0.0,-0.0042,0.0070,0.0474,0.2542,0.89,11.24
1,1,5.245,0.3,0.0,0.0,-0.0037,0.0118,0.0472,0.2540,1.29,11.45
1,1,5.266,0.3,0.0,0.0,-0.0015,0.0191,0.0470,0.2538,1.49,11.30
1,1,5.286,0.3,0.0,0.0,0.0007,0.0245,0.0472,0.2536,1.66,10.94
1,1,5.305,0.3,0.0,0.0,0.0017,0.0232,0.0475,0.2535,1.48,10.41
1,1,5.324,0.3,0.0,0.0,0.0032,0.0186,0.0482,0.2533,1.27,9.88
1,1,5.344,0.3,0.0,0.0,0.0044,0.0155,0.0487,0.2533,1.38,9.07
1,1,5.361,0.3,0.0,0.0,0.0033,0.0118,0.0493,0.2534,1.80,8.04
1,1,5.382,0.3,0.0,0.0,0.0021,0.0106,0.0496,0.2536,2.37,6.79
1,1,5.405,0.3,0.0,0.0,0.0023,0.0095,0.0500,0.2539,2.85,6.66
1,1,5.424,0.3,0.0,0.0,0.0024,0.0079,0.0503,0.2542,2.85,7.80
1,1,5.445,0.3,0.0,0.0,0.0028,0.0060,0.0504,0.2544,2.81,8.85
1,1,5.461,0.3,0.0,0.0,0.0040,0.0036,0.0505,0.2546,2.27,9.75
1,1,5.485,0.3,0.0,0.0,0.0059,0.0020,0.0507,0.2547,1.77,10.38
1,1,5.505,0.3,0.0,0.0,0.0033,0.0011,0.0508,0.2546,1.07,10.99
1,1,5.525,0.3,0.0,0.0,0.0060,-0.0022,0.0510,0.2544,1.77,11.51
1,1,5.544,0.3,0.0,0.0,0.0088,-0.0049,0.0514,0.2537,2.10,11.81
1,1,5.564,0.3,0.0,0.0,0.0159,-0.0064,0.0523,0.2531,2.42,11.80
1,1,5.586,0.3,0.0,0.0,0.0202,-0.0069,0.0531,0.2526,2.59,11.52
1,1,5.605,0.3,0.0,0.0,0.0144,-0.0084,0.0539,0.2522,2.85,11.06
1,1,5.625,0.3,0.0,0.0,0.0196,-0.0105,0.0542,0.2520,2.73,10.27
1,1,5.643,0.3,0.0,0.0,0.0132,-0.0136,0.0540,0.2522,3.37,9.37
1,1,5.662,0.3,0.0,0.0,0.0079,-0.0160,0.0536,0.2525,3.53,8.37
1,1,5.682,0.3,0.0,0.0,0.0096,-0.0084,0.0527,0.2526,1.96,7.44
1,1,5.705,0.3,0.0,0.0,0.0025,-0.0025,0.0522,0.2528,3.00,7.52
1,1,5.725,0.3,0.0,0.0,-0.0008,-0.0017,0.0519,0.2531,4.30,8.12
1,1,5.745,0.3,0.0,0.0,-0.0047,0.0044,0.0506,0.2536,5.16,8.50
1,1,5.761,0.3,0.0,0.0,-0.0097,0.0064,0.0495,0.2540,4.70,9.50
1,1,5.781,0.3,0.0,0.0,-0.0078,0.0061,0.0487,0.2543,3.69,10.15
1,1,5.807,0.3,0.0,0.0,-0.0067,0.0044,0.0481,0.2544,1.77,10.66
1,1,5.826,0.3,0.0,0.0,-0.0051,0.0058,0.0478,0.2544,0.91,11.09
1,1,5.847,0.3,0.0,0.0,-0.0024,0.0083,0.0477,0.2543,0.91,11.10
1,1,5.865,0.3,0.0,0.0,-0.0035,0.0115,0.0476,0.2542,1.15,11.35
1,1,5.883,0.3,0.0,0.0,-0.0020,0.0198,0.0476,0.2539,1.64,11.09
1,1,5.913,0.3,0.0,0.0,-0.0001,0.0229,0.0478,0.2538,1.78,10.50
1,1,5.929,0.3,0.0,0.0,0.0016,0.0214,0.0482,0.2537,1.37,9.84
1,1,5.944,0.3,0.0,0.0,0.0017,0.0180,0.0487,0.2536,1.25,9.83
1,1,5.962,0.3,0.0,0.0,0.0014,0.0129,0.0493,0.2536,1.81,8.04
1,1,5.985,0.3,0.0,0.0,0.0010,0.0111,0.0496,0.2538,2.58,6.84
1,1,6.007,0.3,0.0,0.0,0.0004,0.0095,0.0500,0.2541,2.95,6.59
1,1,6.025,0.3,0.0,0.0,0.0005,0.0083,0.0503,0.2544,2.95,7.70
1,1,6.045,0.3,0.0,0.0,0.0007,0.0067,0.0504,0.2546,3.02,8.88
1,1,6.063,0.3,0.0,0.0,0.0022,0.0047,0.0505,0.2548,2.45,9.64
1,1,6.083,0.3,0.0,0.0,0.0027,0.0026,0.0508,0.2548,1.59,10.33
1,1,6.106,0.3,0.0,0.0,0.0024,0.0005,0.0509,0.2548,1.41,10.94
1,1,6.127,0.3,0.0,0.0,0.0032,-0.0030,0.0510,0.2545,1.97,11.44
1,1,6.144,0.3,0.0,0.0,0.0089,-0.0046,0.0512,0.2541,2.08,11.45
1,1,6.163,0.3,0.0,0.0,0.0085,-0.0055,0.0516,0.2537,2.11,11.85
1,1,6.184,0.3,0.0,0.0,0.0123,-0.0073,0.0526,0.2530,2.42,11.65
1,1,6.203,0.3,0.0,0.0,0.0202,-0.0090,0.0533,0.2525,2.89,11.09
1,1,6.221,0.3,0.0,0.0,0.0122,-0.0105,0.0536,0.2524,2.69,10.28
1,1,6.242,0.3,0.0,0.0,0.0179,-0.0143,0.0533,0.2527,2.98,9.44
1,1,6.265,0.3,0.0,0.0,0.0091,-0.0125,0.0523,0.2530,2.38,8.49
1,1,6.285,0.3,0.0,0.0,0.0037,-0.0075,0.0518,0.2530,1.65,7.40
1,1,6.306,0.3,0.0,0.0,0.0015,-0.0060,0.0515,0.2531,2.87,7.53
1,1,6.325,0.3,0.0,0.0,-0.0025,-0.0034,0.0510,0.2535,4.29,7.25
1,1,6.344,0.3,0.0,0.0,-0.0029,0.0004,0.0504,0.2538,4.89,7.75
1,1,6.364,0.3,0.0,0.0,-0.0111,0.0053,0.0491,0.2543,4.75,9.53
1,1,6.385,0.3,0.0,0.0,-0.0068,0.0048,0.0482,0.2546,3.43,10.11
1,1,6.401,0.3,0.0,0.0,-0.0070,0.0044,0.0478,0.2547,1.62,10.56
1,1,6.425,0.3,0.0,0.0,-0.0065,0.0057,0.0476,0.2547,1.02,11.04
1,1,6.443,0.3,0.0,0.0,-0.0057,0.0124,0.0474,0.2545,1.25,11.31
1,1,6.464,0.3,0.0,0.0,-0.0011,0.0166,0.0474,0.2543,1.46,11.25
1,1,6.485,0.3,0.0,0.0,-0.0020,0.0234,0.0476,0.2541,1.80,10.96
1,1,6.506,0.3,0.0,0.0,0.0001,0.0235,0.0482,0.2539,1.62,10.42
1,1,6.530,0.3,0.0,0.0,0.0006,0.0225,0.0484,0.2538,1.52,10.43
1,1,6.546,0.3,0.0,0.0,0.0016,0.0167,0.0492,0.2537,1.51,9.01
1,1,6.562,0.3,0.0,0.0,0.0014,0.0140,0.0495,0.2537,1.69,7.98
1,1,6.584,0.3,0.0,0.0,0.0003,0.0116,0.0499,0.2539,2.41,6.71
1,1,6.608,0.3,0.0,0.0,-0.0001,0.0093,0.0504,0.2543,2.92,6.61
1,1,6.625,0.3,0.0,0.0,-0.0001,0.0077,0.0507,0.2545,2.91,7.75
1,1,6.646,0.3,0.0,0.0,-0.0000,0.0062,0.0508,0.2547,2.57,7.70
1,1,6.664,0.3,0.0,0.0,0.0009,0.0042,0.0508,0.2549,2.49,9.77
1,1,6.685,0.3,0.0,0.0,0.0024,0.0011,0.0508,0.2550,2.00,10.37
1,1,6.707,0.3,0.0,0.0,0.0029,-0.0001,0.0509,0.2549,1.16,10.92
1,1,6.724,0.3,0.0,0.0,0.0020,-0.0016,0.0510,0.2548,1.19,10.96
1,1,6.743,0.3,0.0,0.0,0.0066,-0.0053,0.0515,0.2541,2.19,11.81
1,1,6.763,0.3,0.0,0.0,0.0100,-0.0066,0.0522,0.2534,2.28,11.91
1,1,6.784,0.3,0.0,0.0,0.0114,-0.0071,0.0529,0.2530,2.50,11.62
1,1,6.805,0.3,0.0,0.0,0.0169,-0.0080,0.0535,0.2526,2.78,11.14
1,1,6.827,0.3,0.0,0.0,0.0137,-0.0104,0.0539,0.2523,2.62,10.38
1,1,6.845,0.3,0.0,0.0,0.0180,-0.0129,0.0538,0.2525,2.86,9.41
1,1,6.862,0.3,0.0,0.0,0.0088,-0.0163,0.0532,0.2529,3.64,8.37
1,1,6.883,0.3,0.0,0.0,0.0048,-0.0110,0.0519,0.2532,2.27,7.30
1,1,6.907,0.3,0.0,0.0,0.0015,-0.0059,0.0516,0.2533,2.40,7.36
1,1,6.926,0.3,0.0,0.0,-0.0008,0.0014,0.0508,0.2537,4.37,7.74
1,1,6.943,0.3,0.0,0.0,-0.0055,0.0032,0.0503,0.2540,4.79,8.31
1,1,6.971,0.3,0.0,0.0,-0.0061,0.0055,0.0494,0.2544,4.45,9.28
1,1,6.986,0.3,0.0,0.0,-0.0076,0.0042,0.0488,0.2546,3.43,9.88
1,1,7.010,0.3,0.0,0.0,-0.0084,0.0033,0.0483,0.2547,1.73,10.45
1,1,7.026,0.3,0.0,0.0,-0.0055,0.0049,0.0481,0.2547,0.89,10.93
1,1,7.043,0.3,0.0,0.0,-0.0043,0.0098,0.0480,0.2546,1.17,11.20
1,1,7.062,0.3,0.0,0.0,-0.0034,0.0182,0.0481,0.2543,1.68,11.20
1,1,7.082,0.3,0.0,0.0,-0.0009,0.0215,0.0484,0.2541,1.75,10.86
1,1,7.106,0.3,0.0,0.0,-0.0003,0.0227,0.0489,0.2539,1.64,10.40
1,1,7.129,0.3,0.0,0.0,0.0009,0.0201,0.0495,0.2538,1.31,9.79
1,1,7.145,0.3,0.0,0.0,0.0000,0.0192,0.0496,0.2538,1.33,9.78
1,1,7.162,0.3,0.0,0.0,0.0004,0.0127,0.0503,0.2538,1.87,7.89
1,1,7.185,0.3,0.0,0.0,-0.0009,0.0109,0.0506,0.2540,2.34,6.63
1,1,7.202,0.3,0.0,0.0,-0.0007,0.0091,0.0509,0.2543,2.78,6.60
1,1,7.225,0.3,0.0,0.0,-0.0014,0.0075,0.0511,0.2546,2.86,7.72
1,1,7.243,0.3,0.0,0.0,-0.0008,0.0050,0.0511,0.2548,2.42,8.82
1,1,7.262,0.3,0.0,0.0,-0.0000,0.0040,0.0511,0.2549,2.36,9.74
1,1,7.284,0.3,0.0,0.0,0.0018,0.0002,0.0511,0.2549,1.69,10.38
1,1,7.308,0.3,0.0,0.0,0.0023,-0.0010,0.0512,0.2548,1.06,11.06
1,1,7.327,0.3,0.0,0.0,0.0019,-0.0016,0.0513,0.2547,1.14,11.07
1,1,7.344,0.3,0.0,0.0,0.0046,-0.0038,0.0516,0.2544,2.30,11.83
1,1,7.361,0.3,0.0,0.0,0.0070,-0.0061,0.0524,0.2535,2.10,11.92
1,1,7.381,0.3,0.0,0.0,0.0172,-0.0070,0.0532,0.2530,2.41,11.70
1,1,7.406,0.3,0.0,0.0,0.0134,-0.0084,0.0539,0.2525,2.64,11.13
1,1,7.425,0.3,0.0,0.0,0.0158,-0.0091,0.0541,0.2523,2.60,10.32
1,1,7.445,0.3,0.0,0.0,0.0091,-0.0117,0.0541,0.2524,2.54,9.40
1,1,7.462,0.3,0.0,0.0,0.0101,-0.0149,0.0537,0.2529,3.64,8.37
1,1,7.485,0.3,0.0,0.0,0.0053,-0.0138,0.0522,0.2533,2.65,7.21
1,1,7.510,0.3,0.0,0.0,0.0003,-0.0068,0.0515,0.2534,2.58,7.44
1,1,7.527,0.3,0.0,0.0,-0.0019,-0.0019,0.0511,0.2536,3.41,7.31
1,1,7.544,0.3,0.0,0.0,-0.0066,0.0005,0.0504,0.2540,4.57,8.28
1,1,7.563,0.3,0.0,0.0,-0.0082,0.0039,0.0493,0.2544,4.40,9.23
1,1,7.582,0.3,0.0,0.0,-0.0100,0.0044,0.0485,0.2547,3.14,9.86
1,1,7.608,0.3,0.0,0.0,-0.0095,0.0036,0.0481,0.2548,1.52,10.37
1,1,7.623,0.3,0.0,0.0,-0.0066,0.0051,0.0479,0.2547,0.72,10.40
1,1,7.643,0.3,0.0,0.0,-0.0030,0.0087,0.0479,0.2547,0.90,11.16
1,1,7.662,0.3,0.0,0.0,-0.0033,0.0172,0.0480,0.2544,1.81,11.20
1,1,7.684,0.3,0.0,0.0,-0.0013,0.0206,0.0484,0.2542,1.85,10.78
1,1,7.707,0.3,0.0,0.0,-0.0002,0.0206,0.0486,0.2541,1.50,10.28
1,1,7.727,0.3,0.0,0.0,-0.0000,0.0188,0.0492,0.2540,1.25,9.71
1,1,7.742,0.3,0.0,0.0,-0.0001,0.0157,0.0496,0.2539,1.41,8.88
1,1,7.764,0.3,0.0,0.0,-0.0008,0.0119,0.0500,0.2540,1.95,7.84
1,1,7.785,0.3,0.0,0.0,-0.0010,0.0103,0.0504,0.2542,2.13,6.54
1,1,7.810,0.3,0.0,0.0,-0.0012,0.0088,0.0507,0.2544,2.56,6.64
1,1,7.825,0.3,0.0,0.0,-0.0019,0.0071,0.0509,0.2547,2.84,7.79
1,1,7.844,0.3,0.0,0.0,-0.0013,0.0053,0.0509,0.2549,2.61,8.85
1,1,7.862,0.3,0.0,0.0,-0.0006,0.0043,0.0510,0.2551,2.62,9.74
1,1,7.887,0.3,0.0,0.0,0.0017,0.0001,0.0511,0.2551,1.67,10.38
1,1,7.910,0.3,0.0,0.0,0.0018,-0.0012,0.0512,0.2549,1.01,11.06
1,1,7.928,0.3,0.0,0.0,0.0021,-0.0025,0.0513,0.2548,1.32,11.58
1,1,7.945,0.3,0.0,0.0,0.0097,-0.0048,0.0517,0.2542,2.30,11.87
1,1,7.964,0.3,0.0,0.0,0.0108,-0.0066,0.0526,0.2534,2.12,11.94
1,1,7.985,0.3,0.0,0.0,0.0103,-0.0067,0.0532,0.2531,2.42,11.60
1,1,8.005,0.3,0.0,0.0,0.0103,-0.0079,0.0538,0.2526,2.57,11.15
1,1,8.025,0.3,0.0,0.0,0.0115,-0.0098,0.0541,0.2525,2.61,10.38
1,1,8.043,0.3,0.0,0.0,0.0164,-0.0115,0.0540,0.2525,2.56,9.47
1,1,8.065,0.3,0.0,0.0,0.0030,-0.0132,0.0535,0.2527,3.10,9.53
1,1,8.082,0.3,0.0,0.0,0.0075,-0.0156,0.0522,0.2536,3.05,7.29
1,1,8.107,0.3,0.0,0.0,0.0000,-0.0102,0.0510,0.2536,3.49,7.25
1,1,8.126,0.3,0.0,0.0,-0.0007,-0.0008,0.0505,0.2538,3.43,7.92
1,1,8.142,0.3,0.0,0.0,-0.0035,0.0017,0.0501,0.2540,4.08,7.67
1,1,8.161,0.3,0.0,0.0,-0.0097,0.0050,0.0488,0.2546,4.00,9.03
1,1,8.185,0.3,0.0,0.0,-0.0082,0.0046,0.0486,0.2547,3.68,8.99
1,1,8.206,0.3,0.0,0.0,-0.0078,0.0031,0.0481,0.2549,1.89,10.34
1,1,8.226,0.3,0.0,0.0,-0.0061,0.0063,0.0479,0.2548,1.08,10.80
1,1,8.246,0.3,0.0,0.0,-0.0013,0.0076,0.0479,0.2548,1.11,10.80
1,1,8.264,0.3,0.0,0.0,-0.0045,0.0159,0.0481,0.2545,1.57,11.06
1,1,8.282,0.3,0.0,0.0,-0.0018,0.0212,0.0484,0.2543,1.87,10.77
1,1,8.302,0.3,0.0,0.0,-0.0004,0.0216,0.0487,0.2542,1.82,10.28
1,1,8.325,0.3,0.0,0.0,-0.0001,0.0182,0.0495,0.2541,1.35,9.66
1,1,8.346,0.3,0.0,0.0,-0.0005,0.0147,0.0501,0.2540,1.44,8.80
1,1,8.364,0.3,0.0,0.0,-0.0003,0.0136,0.0502,0.2540,1.52,8.79
1,1,8.382,0.3,0.0,0.0,-0.0019,0.0109,0.0507,0.2542,2.10,6.53
1,1,8.404,0.3,0.0,0.0,-0.0017,0.0087,0.0510,0.2545,2.78,6.61
1,1,8.426,0.3,0.0,0.0,-0.0020,0.0075,0.0511,0.2546,2.78,6.54
1,1,8.444,0.3,0.0,0.0,-0.0020,0.0057,0.0512,0.2549,2.75,8.81
1,1,8.461,0.3,0.0,0.0,-0.0012,0.0035,0.0512,0.2551,2.38,9.69
1,1,8.484,0.3,0.0,0.0,0.0005,0.0015,0.0512,0.2551,2.04,10.34
1,1,8.505,0.3,0.0,0.0,0.0008,-0.0009,0.0513,0.2550,1.08,11.00
1,1,8.526,0.3,0.0,0.0,0.0035,-0.0036,0.0516,0.2546,2.00,11.59
1,1,8.552,0.3,0.0,0.0,0.0071,-0.0058,0.0524,0.2539,2.11,11.92
1,1,8.563,0.3,0.0,0.0,0.0169,-0.0063,0.0529,0.2535,2.26,11.90
1,1,8.586,0.3,0.0,0.0,0.0129,-0.0064,0.0537,0.2530,2.35,11.66
1,1,8.601,0.3,0.0,0.0,0.0127,-0.0068,0.0543,0.2525,2.61,11.17
1,1,8.624,0.3,0.0,0.0,0.0130,-0.0093,0.0546,0.2523,2.49,10.41
1,1,8.643,0.3,0.0,0.0,0.0137,-0.0119,0.0545,0.2525,2.97,9.47
1,1,8.670,0.3,0.0,0.0,0.0049,-0.0136,0.0541,0.2528,3.35,9.59
1,1,8.684,0.3,0.0,0.0,0.0016,-0.0164,0.0526,0.2534,3.48,7.29
1,1,8.705,0.3,0.0,0.0,-0.0011,-0.0080,0.0512,0.2534,2.82,7.18
1,1,8.732,0.3,0.0,0.0,-0.0016,-0.0031,0.0509,0.2535,2.95,6.95
1,1,8.744,0.3,0.0,0.0,-0.0051,0.0007,0.0504,0.2538,4.34,7.65
1,1,8.764,0.3,0.0,0.0,-0.0103,0.0049,0.0494,0.2543,4.39,9.13
1,1,8.784,0.3,0.0,0.0,-0.0075,0.0039,0.0489,0.2545,3.42,9.80
1,1,8.803,0.3,0.0,0.0,-0.0069,0.0039,0.0487,0.2546,2.66,10.40
1,1,8.824,0.3,0.0,0.0,-0.0082,0.0057,0.0484,0.2546,1.34,10.84
1,1,8.845,0.3,0.0,0.0,-0.0048,0.0105,0.0484,0.2545,1.37,11.08
1,1,8.866,0.3,0.0,0.0,-0.0028,0.0179,0.0485,0.2542,1.60,11.09
1,1,8.885,0.3,0.0,0.0,-0.0025,0.0221,0.0489,0.2541,1.74,10.85
1,1,8.907,0.3,0.0,0.0,-0.0009,0.0232,0.0495,0.2539,1.72,10.39
1,1,8.925,0.3,0.0,0.0,-0.0003,0.0209,0.0498,0.2538,1.47,9.75
1,1,8.944,0.3,0.0,0.0,-0.0006,0.0162,0.0505,0.2538,1.58,8.91
1,1,8.963,0.3,0.0,0.0,-0.0019,0.0131,0.0509,0.2538,1.76,7.80
1,1,8.987,0.3,0.0,0.0,-0.0010,0.0124,0.0510,0.2539,1.93,7.77
1,1,9.007,0.3,0.0,0.0,-0.0022,0.0098,0.0514,0.2542,2.83,6.66
1,2,9.029,0.6,0.0,0.0,-0.0093,0.0079,0.0516,0.2545,3.16,7.79
1,2,9.046,0.6,0.0,0.0,-0.0021,0.0051,0.0517,0.2548,2.58,8.59
1,2,9.063,0.6,0.0,0.0,-0.0008,0.0054,0.0517,0.2549,2.17,8.57
1,2,9.081,0.6,0.0,0.0,0.0014,0.0038,0.0519,0.2550,1.65,10.25
1,2,9.105,0.6,0.0,0.0,0.0011,-0.0001,0.0523,0.2548,1.48,10.89
1,2,9.126,0.6,0.0,0.0,0.0084,-0.0051,0.0529,0.2544,2.33,11.62
1,2,9.145,0.6,0.0,0.0,0.0117,-0.0085,0.0536,0.2539,2.98,12.13
1,2,9.168,0.6,0.0,0.0,0.0046,-0.0097,0.0545,0.2533,3.33,12.32
1,2,9.182,0.6,0.0,0.0,0.0323,-0.0099,0.0550,0.2528,3.01,12.16
1,2,9.205,0.6,0.0,0.0,0.0199,-0.0118,0.0561,0.2523,3.04,11.72
1,2,9.227,0.6,0.0,0.0,0.0184,-0.0164,0.0563,0.2521,2.97,10.93
1,2,9.245,0.6,0.0,0.0,0.0279,-0.0212,0.0560,0.2521,3.03,9.97
1,2,9.263,0.6,0.0,0.0,0.0178,-0.0208,0.0549,0.2526,3.18,8.91
1,2,9.282,0.6,0.0,0.0,0.0052,-0.0121,0.0542,0.2526,2.00,7.53
1,2,9.306,0.6,0.0,0.0,0.0130,-0.0026,0.0538,0.2528,3.15,7.52
1,2,9.325,0.6,0.0,0.0,0.0047,0.0003,0.0533,0.2532,4.46,8.09
1,2,9.347,0.6,0.0,0.0,0.0008,0.0030,0.0527,0.2534,4.68,7.99
1,2,9.363,0.6,0.0,0.0,-0.0017,0.0080,0.0511,0.2540,4.06,10.05
1,2,9.382,0.6,0.0,0.0,-0.0015,0.0088,0.0504,0.2541,2.21,10.66
1,2,9.402,0.6,0.0,0.0,-0.0014,0.0040,0.0500,0.2540,1.40,11.24
1,2,9.426,0.6,0.0,0.0,-0.0033,0.0051,0.0498,0.2536,1.71,11.64
1,2,9.444,0.6,0.0,0.0,0.0008,0.0106,0.0497,0.2533,3.38,11.87
1,2,9.465,0.6,0.0,0.0,0.0069,0.0133,0.0496,0.2532,3.40,11.92
1,2,9.484,0.6,0.0,0.0,0.0094,0.0189,0.0497,0.2524,5.18,11.70
1,2,9.505,0.6,0.0,0.0,0.0206,0.0189,0.0500,0.2519,5.32,11.38
1,2,9.526,0.6,0.0,0.0,0.0180,0.0222,0.0515,0.2515,2.82,10.81
1,2,9.546,0.6,0.0,0.0,0.0190,0.0218,0.0528,0.2513,2.14,10.71
1,2,9.563,0.6,0.0,0.0,0.0254,0.0197,0.0538,0.2512,1.60,9.84
1,2,9.591,0.6,0.0,0.0,0.0101,0.0171,0.0546,0.2514,2.35,7.80
1,2,9.610,0.6,0.0,0.0,0.0149,0.0157,0.0548,0.2515,2.93,7.69
1,2,9.626,0.6,0.0,0.0,0.0102,0.0132,0.0550,0.2520,4.54,7.80
1,2,9.643,0.6,0.0,0.0,0.0128,0.0113,0.0550,0.2524,5.00,9.09
1,2,9.661,0.6,0.0,0.0,0.0216,0.0076,0.0549,0.2529,4.79,10.13
1,2,9.682,0.6,0.0,0.0,0.0133,0.0030,0.0549,0.2531,3.28,10.85
1,2,9.712,0.6,0.0,0.0,0.0109,-0.0005,0.0554,0.2531,1.93,11.69
1,2,9.724,0.6,0.0,0.0,0.0191,-0.0057,0.0559,0.2530,1.58,11.77
1,2,9.744,0.6,0.0,0.0,0.0150,-0.0060,0.0564,0.2524,3.45,12.95
1,2,9.764,0.6,0.0,0.0,0.0147,-0.0067,0.0566,0.2520,2.54,13.15
1,2,9.785,0.6,0.0,0.0,0.0197,-0.0125,0.0571,0.2514,2.84,12.93
1,2,9.805,0.6,0.0,0.0,0.0174,-0.0156,0.0573,0.2511,2.83,12.31
1,2,9.826,0.6,0.0,0.0,0.0170,-0.0191,0.0573,0.2510,2.49,12.30
1,2,9.847,0.6,0.0,0.0,0.0203,-0.0318,0.0569,0.2512,3.00,10.77
1,2,9.863,0.6,0.0,0.0,0.0220,-0.0423,0.0558,0.2518,3.85,9.65
1,2,9.885,0.6,0.0,0.0,0.0089,-0.0338,0.0548,0.2520,2.93,8.17
1,2,9.904,0.6,0.0,0.0,0.0179,-0.0116,0.0538,0.2521,3.03,7.08
1,2,9.927,0.6,0.0,0.0,0.0119,-0.0001,0.0534,0.2525,5.34,7.95
1,2,9.952,0.6,0.0,0.0,0.0074,0.0073,0.0524,0.2532,5.82,8.81
1,2,9.964,0.6,0.0,0.0,0.0062,0.0119,0.0517,0.2535,5.23,8.74
1,2,9.982,0.6,0.0,0.0,0.0069,0.0169,0.0510,0.2538,3.77,10.47
1,2,10.005,0.6,0.0,0.0,0.0026,0.0165,0.0505,0.2539,2.39,11.08
1,2,10.029,0.6,0.0,0.0,0.0042,0.0125,0.0503,0.2536,1.45,11.49
1,2,10.045,0.6,0.0,0.0,0.0028,0.0096,0.0502,0.2533,1.82,11.57
1,2,10.062,0.6,0.0,0.0,0.0069,0.0101,0.0502,0.2531,2.61,11.53
1,2,10.082,0.6,0.0,0.0,0.0082,0.0193,0.0505,0.2526,3.09,11.37
1,2,10.105,0.6,0.0,0.0,0.0137,0.0249,0.0513,0.2523,2.47,10.95
1,2,10.127,0.6,0.0,0.0,0.0112,0.0231,0.0519,0.2522,2.18,10.89
1,2,10.144,0.6,0.0,0.0,0.0095,0.0185,0.0531,0.2520,1.34,9.54
1,2,10.161,0.6,0.0,0.0,0.0187,0.0146,0.0537,0.2520,1.22,8.61
1,2,10.181,0.6,0.0,0.0,0.0080,0.0126,0.0541,0.2522,1.97,7.47
1,2,10.204,0.6,0.0,0.0,0.0042,0.0103,0.0542,0.2525,3.16,6.68
1,2,10.227,0.6,0.0,0.0,0.0040,0.0079,0.0543,0.2530,3.56,7.67
1,2,10.250,0.6,0.0,0.0,0.0026,0.0069,0.0542,0.2532,3.53,9.09
1,2,10.264,0.6,0.0,0.0,0.0065,0.0049,0.0539,0.2535,3.31,10.18
1,2,10.288,0.6,0.0,0.0,0.0054,0.0016,0.0538,0.2536,2.60,10.96
1,2,10.305,0.6,0.0,0.0,0.0033,-0.0005,0.0540,0.2536,1.62,11.63
1,2,10.325,0.6,0.0,0.0,0.0031,-0.0019,0.0542,0.2533,2.10,12.25
1,2,10.344,0.6,0.0,0.0,0.0087,-0.0033,0.0544,0.2526,2.71,12.95
1,2,10.361,0.6,0.0,0.0,0.0167,-0.0067,0.0552,0.2518,3.48,13.22
1,2,10.385,0.6,0.0,0.0,0.0118,-0.0102,0.0559,0.2512,3.34,13.38
1,2,10.406,0.6,0.0,0.0,0.0306,-0.0149,0.0566,0.2507,3.78,12.98
1,2,10.426,0.6,0.0,0.0,0.0185,-0.0210,0.0569,0.2505,4.13,12.08
1,2,10.446,0.6,0.0,0.0,0.0459,-0.0326,0.0567,0.2508,3.78,10.98
1,2,10.467,0.6,0.0,0.0,0.0233,-0.0307,0.0554,0.2515,2.88,9.85
1,2,10.485,0.6,0.0,0.0,0.0216,-0.0229,0.0548,0.2515,2.38,8.57
1,2,10.505,0.6,0.0,0.0,0.0000,-0.0088,0.0544,0.2517,3.38,7.85
1,2,10.526,0.6,0.0,0.0,0.0228,-0.0012,0.0541,0.2521,5.60,7.44
1,2,10.544,0.6,0.0,0.0,0.0162,0.0061,0.0534,0.2526,6.50,8.95
1,2,10.565,0.6,0.0,0.0,0.0033,0.0127,0.0528,0.2530,6.22,8.84
1,2,10.582,0.6,0.0,0.0,0.0149,0.0205,0.0518,0.2535,4.52,10.38
1,2,10.605,0.6,0.0,0.0,0.0088,0.0229,0.0514,0.2536,2.92,10.85
1,2,10.627,0.6,0.0,0.0,0.0072,0.0180,0.0513,0.2534,1.45,11.31
1,2,10.644,0.6,0.0,0.0,0.0109,0.0166,0.0512,0.2532,1.58,11.39
1,2,10.663,0.6,0.0,0.0,0.0112,0.0155,0.0513,0.2529,3.18,11.76
1,2,10.683,0.6,0.0,0.0,0.0041,0.0190,0.0514,0.2525,3.88,11.80
1,2,10.705,0.6,0.0,0.0,0.0192,0.0250,0.0518,0.2522,3.46,11.08
1,2,10.726,0.6,0.0,0.0,0.0139,0.0282,0.0524,0.2520,2.56,10.46
1,2,10.745,0.6,0.0,0.0,0.0187,0.0179,0.0537,0.2518,1.45,9.63
1,2,10.764,0.6,0.0,0.0,0.0127,0.0135,0.0544,0.2518,1.24,8.68
1,2,10.784,0.6,0.0,0.0,0.0089,0.0138,0.0549,0.2519,2.06,7.53
1,2,10.807,0.6,0.0,0.0,0.0066,0.0134,0.0550,0.2522,3.08,6.79
1,2,10.825,0.6,0.0,0.0,0.0085,0.0119,0.0550,0.2525,3.83,7.82
1,2,10.845,0.6,0.0,0.0,0.0056,0.0096,0.0549,0.2528,4.34,9.13
1,2,10.865,0.6,0.0,0.0,0.0066,0.0079,0.0548,0.2531,4.01,9.02
1,2,10.882,0.6,0.0,0.0,0.0072,0.0043,0.0547,0.2533,3.40,10.94
1,2,10.904,0.6,0.0,0.0,0.0082,0.0001,0.0550,0.2533,1.86,11.67
1,2,10.925,0.6,0.0,0.0,0.0050,-0.0040,0.0554,0.2530,1.40,12.47
1,2,10.944,0.6,0.0,0.0,0.0240,-0.0049,0.0559,0.2525,2.56,13.05
1,2,10.964,0.6,0.0,0.0,0.0134,-0.0060,0.0564,0.2516,2.76,13.28
1,2,10.985,0.6,0.0,0.0,0.0221,-0.0094,0.0570,0.2510,2.81,13.00
1,2,11.005,0.6,0.0,0.0,0.0243,-0.0125,0.0574,0.2508,2.84,12.42
1,2,11.025,0.6,0.0,0.0,0.0150,-0.0187,0.0576,0.2506,2.51,11.77
1,2,11.046,0.6,0.0,0.0,0.0194,-0.0314,0.0573,0.2509,3.17,10.90
1,2,11.062,0.6,0.0,0.0,0.0257,-0.0399,0.0561,0.2515,4.58,9.75
1,2,11.081,0.6,0.0,0.0,0.0179,-0.0218,0.0549,0.2516,2.84,8.26
1,2,11.106,0.6,0.0,0.0,0.0140,-0.0054,0.0543,0.2518,3.16,7.18
1,2,11.126,0.6,0.0,0.0,0.0093,0.0009,0.0539,0.2524,5.57,8.19
1,2,11.144,0.6,0.0,0.0,0.0061,0.0039,0.0534,0.2527,5.89,7.87
1,2,11.163,0.6,0.0,0.0,0.0057,0.0119,0.0521,0.2533,5.17,9.84
1,2,11.185,0.6,0.0,0.0,0.0048,0.0160,0.0514,0.2536,3.79,10.58
1,2,11.201,0.6,0.0,0.0,0.0036,0.0142,0.0508,0.2537,2.02,11.13
1,2,11.223,0.6,0.0,0.0,0.0046,0.0110,0.0507,0.2533,1.54,11.52
1,2,11.243,0.6,0.0,0.0,0.0046,0.0113,0.0506,0.2530,2.41,11.74
1,2,11.264,0.6,0.0,0.0,0.0034,0.0117,0.0506,0.2529,2.63,11.77
1,2,11.291,0.6,0.0,0.0,0.0075,0.0223,0.0509,0.2526,3.56,11.53
1,2,11.307,0.6,0.0,0.0,0.0228,0.0235,0.0510,0.2525,3.40,11.58
1,2,11.328,0.6,0.0,0.0,0.0079,0.0298,0.0519,0.2521,2.59,10.52
1,2,11.345,0.6,0.0,0.0,0.0102,0.0268,0.0528,0.2519,1.86,9.69
1,2,11.364,0.6,0.0,0.0,0.0205,0.0210,0.0535,0.2519,1.49,8.76
1,2,11.385,0.6,0.0,0.0,0.0087,0.0164,0.0540,0.2519,1.88,7.63
1,2,11.405,0.6,0.0,0.0,0.0065,0.0157,0.0541,0.2520,2.15,7.59
1,2,11.429,0.6,0.0,0.0,0.0058,0.0110,0.0545,0.2526,4.03,7.77
1,2,11.449,0.6,0.0,0.0,0.0074,0.0084,0.0546,0.2529,4.38,9.09
1,2,11.467,0.6,0.0,0.0,0.0050,0.0066,0.0545,0.2531,4.34,10.17
1,2,11.486,0.6,0.0,0.0,0.0063,0.0053,0.0545,0.2533,3.44,10.93
1,2,11.505,0.6,0.0,0.0,0.0091,0.0003,0.0548,0.2533,1.95,11.65
1,2,11.526,0.6,0.0,0.0,0.0075,-0.0037,0.0554,0.2529,2.14,12.40
1,2,11.544,0.6,0.0,0.0,0.0100,-0.0051,0.0558,0.2523,2.49,13.05
1,2,11.564,0.6,0.0,0.0,0.0184,-0.0070,0.0567,0.2514,3.14,13.40
1,2,11.587,0.6,0.0,0.0,0.0197,-0.0098,0.0574,0.2508,3.13,13.36
1,2,11.607,0.6,0.0,0.0,0.0182,-0.0156,0.0579,0.2506,3.56,12.71
1,2,11.627,0.6,0.0,0.0,0.0403,-0.0239,0.0579,0.2505,2.85,11.88
1,2,11.650,0.6,0.0,0.0,0.0218,-0.0366,0.0573,0.2510,2.81,11.04
1,2,11.664,0.6,0.0,0.0,0.0268,-0.0427,0.0565,0.2514,3.77,11.14
1,2,11.682,0.6,0.0,0.0,0.0188,-0.0203,0.0550,0.2514,2.39,8.47
1,2,11.705,0.6,0.0,0.0,0.0100,-0.0095,0.0547,0.2515,2.99,7.57
1,2,11.727,0.6,0.0,0.0,0.0142,0.0006,0.0542,0.2521,5.88,8.22
1,2,11.744,0.6,0.0,0.0,0.0095,0.0083,0.0534,0.2526,6.39,9.04
1,2,11.762,0.6,0.0,0.0,0.0059,0.0113,0.0528,0.2528,6.23,8.92
1,2,11.782,0.6,0.0,0.0,0.0105,0.0226,0.0518,0.2533,3.85,10.45
1,2,11.805,0.6,0.0,0.0,0.0097,0.0202,0.0514,0.2533,2.06,11.05
1,2,11.831,0.6,0.0,0.0,0.0088,0.0149,0.0514,0.2530,1.46,11.55
1,2,11.844,0.6,0.0,0.0,0.0053,0.0130,0.0514,0.2529,1.87,11.57
1,2,11.863,0.6,0.0,0.0,0.0079,0.0145,0.0515,0.2526,2.59,11.73
1,2,11.882,0.6,0.0,0.0,0.0113,0.0233,0.0517,0.2523,2.95,11.45
1,2,11.909,0.6,0.0,0.0,0.0137,0.0273,0.0522,0.2520,2.57,11.07
1,2,11.926,0.6,0.0,0.0,0.0117,0.0249,0.0533,0.2518,1.77,10.41
1,2,11.945,0.6,0.0,0.0,0.0117,0.0213,0.0541,0.2518,1.43,9.60
1,2,11.963,0.6,0.0,0.0,0.0130,0.0166,0.0546,0.2518,1.30,8.65
1,2,11.984,0.6,0.0,0.0,0.0057,0.0142,0.0550,0.2519,2.01,7.49
1,2,12.006,0.6,0.0,0.0,0.0050,0.0130,0.0551,0.2522,3.00,6.59
1,2,12.026,0.6,0.0,0.0,0.0052,0.0117,0.0552,0.2525,3.71,7.86
1,2,12.044,0.6,0.0,0.0,0.0041,0.0087,0.0550,0.2529,4.23,9.16
1,2,12.066,0.6,0.0,0.0,0.0052,0.0062,0.0548,0.2532,3.88,10.08
1,2,12.082,0.6,0.0,0.0,0.0057,0.0032,0.0549,0.2533,2.75,10.97
1,2,12.103,0.6,0.0,0.0,0.0073,-0.0008,0.0552,0.2532,1.44,11.79
1,2,12.126,0.6,0.0,0.0,0.0056,-0.0033,0.0555,0.2530,1.51,12.59
1,2,12.144,0.6,0.0,0.0,0.0076,-0.0049,0.0559,0.2521,2.98,13.10
1,2,12.162,0.6,0.0,0.0,0.0143,-0.0057,0.0563,0.2515,2.46,13.30
1,2,12.182,0.6,0.0,0.0,0.0172,-0.0092,0.0569,0.2510,2.89,13.05
1,2,12.205,0.6,0.0,0.0,0.0224,-0.0139,0.0574,0.2506,2.87,12.53
1,2,12.226,0.6,0.0,0.0,0.0178,-0.0171,0.0575,0.2505,2.85,12.55
1,2,12.243,0.6,0.0,0.0,0.0211,-0.0275,0.0574,0.2507,3.53,10.94
1,2,12.262,0.6,0.0,0.0,0.0207,-0.0361,0.0564,0.2513,4.23,9.77
1,2,12.281,0.6,0.0,0.0,0.0121,-0.0213,0.0551,0.2515,2.88,8.35
1,2,12.305,0.6,0.0,0.0,0.0120,-0.0047,0.0540,0.2518,4.08,7.33
1,2,12.324,0.6,0.0,0.0,0.0069,-0.0006,0.0535,0.2522,5.59,8.09
1,2,12.346,0.6,0.0,0.0,0.0050,0.0020,0.0530,0.2525,5.99,9.00
1,2,12.362,0.6,0.0,0.0,0.0052,0.0108,0.0518,0.2531,5.08,9.93
1,2,12.382,0.6,0.0,0.0,0.0043,0.0173,0.0509,0.2534,3.24,10.60
1,2,12.407,0.6,0.0,0.0,0.0048,0.0150,0.0506,0.2534,1.93,11.16
1,2,12.425,0.6,0.0,0.0,0.0049,0.0112,0.0507,0.2532,1.51,11.59
1,2,12.443,0.6,0.0,0.0,0.0037,0.0108,0.0508,0.2528,2.15,11.87
1,2,12.465,0.6,0.0,0.0,0.0033,0.0125,0.0508,0.2528,2.36,11.88
1,2,12.482,0.6,0.0,0.0,0.0111,0.0236,0.0511,0.2523,2.90,11.53
1,2,12.506,0.6,0.0,0.0,0.0127,0.0291,0.0518,0.2521,2.60,11.10
1,2,12.526,0.6,0.0,0.0,0.0164,0.0237,0.0527,0.2519,1.97,10.47
1,2,12.544,0.6,0.0,0.0,0.0110,0.0178,0.0536,0.2518,1.46,9.69
1,2,12.562,0.6,0.0,0.0,0.0117,0.0143,0.0542,0.2517,1.29,8.72
1,2,12.582,0.6,0.0,0.0,0.0031,0.0140,0.0547,0.2519,2.07,7.58
1,2,12.605,0.6,0.0,0.0,0.0103,0.0128,0.0548,0.2521,3.12,6.66
1,2,12.625,0.6,0.0,0.0,0.0045,0.0107,0.0549,0.2526,3.91,7.80
1,2,12.644,0.6,0.0,0.0,0.0053,0.0091,0.0549,0.2528,3.87,7.73
1,2,12.664,0.6,0.0,0.0,0.0042,0.0065,0.0547,0.2531,4.23,10.26
1,2,12.681,0.6,0.0,0.0,0.0069,0.0030,0.0546,0.2533,3.15,11.01
1,2,12.701,0.6,0.0,0.0,0.0056,0.0002,0.0548,0.2533,2.09,11.75
1,2,12.725,0.6,0.0,0.0,0.0088,-0.0031,0.0553,0.2529,2.12,12.49
1,2,12.747,0.6,0.0,0.0,0.0106,-0.0046,0.0559,0.2521,2.59,13.21
1,2,12.764,0.6,0.0,0.0,0.0057,-0.0053,0.0564,0.2517,2.76,13.19
1,2,12.782,0.6,0.0,0.0,0.0207,-0.0087,0.0573,0.2509,3.24,13.34
1,2,12.806,0.6,0.0,0.0,0.0274,-0.0138,0.0577,0.2505,3.61,12.97
1,2,12.831,0.6,0.0,0.0,0.0159,-0.0193,0.0579,0.2504,3.65,12.10
1,2,12.849,0.6,0.0,0.0,0.0285,-0.0251,0.0578,0.2504,3.08,12.09
1,2,12.863,0.6,0.0,0.0,0.0175,-0.0367,0.0570,0.2509,3.02,11.10
1,2,12.882,0.6,0.0,0.0,0.0259,-0.0291,0.0556,0.2516,4.13,8.44
1,2,12.905,0.6,0.0,0.0,0.0143,-0.0100,0.0541,0.2517,4.07,7.43
1,2,12.924,0.6,0.0,0.0,0.0159,0.0047,0.0536,0.2522,5.24,8.17
1,2,12.945,0.6,0.0,0.0,0.0069,0.0076,0.0533,0.2525,5.87,9.08
1,2,12.964,0.6,0.0,0.0,0.0129,0.0172,0.0525,0.2531,5.23,9.90
1,2,12.981,0.6,0.0,0.0,0.0084,0.0213,0.0520,0.2533,3.84,10.49
1,2,13.001,0.6,0.0,0.0,0.0097,0.0218,0.0517,0.2534,2.52,11.04
1,2,13.025,0.6,0.0,0.0,0.0080,0.0168,0.0516,0.2532,1.49,11.54
1,2,13.047,0.6,0.0,0.0,0.0058,0.0149,0.0516,0.2528,2.51,11.83
1,2,13.064,0.6,0.0,0.0,0.0048,0.0156,0.0516,0.2528,2.50,11.83
1,2,13.088,0.6,0.0,0.0,0.0134,0.0233,0.0518,0.2524,3.65,11.56
1,2,13.102,0.6,0.0,0.0,0.0157,0.0277,0.0522,0.2520,3.26,11.21
1,2,13.129,0.6,0.0,0.0,0.0088,0.0274,0.0530,0.2518,2.15,10.59
1,2,13.145,0.6,0.0,0.0,0.0151,0.0256,0.0539,0.2517,1.60,9.75
1,2,13.163,0.6,0.0,0.0,0.0164,0.0198,0.0547,0.2517,1.69,8.74
1,2,13.182,0.6,0.0,0.0,0.0094,0.0169,0.0551,0.2518,2.16,7.57
1,2,13.205,0.6,0.0,0.0,0.0070,0.0138,0.0553,0.2522,3.25,6.58
1,2,13.225,0.6,0.0,0.0,0.0074,0.0117,0.0555,0.2526,3.91,7.77
1,2,13.244,0.6,0.0,0.0,0.0069,0.0100,0.0553,0.2529,3.98,9.10
1,2,13.265,0.6,0.0,0.0,0.0055,0.0079,0.0552,0.2532,3.70,9.09
1,2,13.282,0.6,0.0,0.0,0.0064,0.0042,0.0551,0.2534,3.15,11.03
1,2,13.305,0.6,0.0,0.0,0.0070,-0.0001,0.0553,0.2533,1.68,11.79
1,2,13.326,0.6,0.0,0.0,0.0071,-0.0035,0.0557,0.2530,1.66,12.60
1,2,13.344,0.6,0.0,0.0,0.0109,-0.0046,0.0562,0.2523,2.87,13.13
1,2,13.364,0.6,0.0,0.0,0.0146,-0.0059,0.0568,0.2517,2.54,13.37
1,2,13.386,0.6,0.0,0.0,0.0195,-0.0088,0.0578,0.2509,3.08,13.17
1,2,13.405,0.6,0.0,0.0,0.0187,-0.0125,0.0583,0.2506,3.16,12.72
1,2,13.428,0.6,0.0,0.0,0.0180,-0.0180,0.0584,0.2504,3.10,11.95
1,2,13.450,0.6,0.0,0.0,0.0250,-0.0304,0.0581,0.2508,3.11,10.99
1,2,13.464,0.6,0.0,0.0,0.0234,-0.0391,0.0570,0.2513,3.44,9.86
1,2,13.481,0.6,0.0,0.0,0.0189,-0.0234,0.0557,0.2514,2.31,8.41
1,2,13.505,0.6,0.0,0.0,0.0113,-0.0058,0.0549,0.2517,3.94,7.32
1,2,13.524,0.6,0.0,0.0,0.0102,-0.0027,0.0545,0.2521,5.57,8.21
1,2,13.545,0.6,0.0,0.0,0.0062,0.0018,0.0539,0.2525,6.14,9.03
1,2,13.564,0.6,0.0,0.0,0.0088,0.0131,0.0526,0.2531,5.61,9.91
1,2,13.582,0.6,0.0,0.0,0.0047,0.0200,0.0517,0.2534,3.60,10.49
1,2,13.601,0.6,0.0,0.0,0.0056,0.0199,0.0515,0.2535,2.51,11.03
1,2,13.630,0.6,0.0,0.0,0.0061,0.0142,0.0514,0.2532,1.51,11.54
1,2,13.647,0.6,0.0,0.0,0.0056,0.0113,0.0515,0.2530,1.91,11.58
1,2,13.667,0.6,0.0,0.0,0.0038,0.0133,0.0516,0.2527,3.15,11.78
1,2,13.685,0.6,0.0,0.0,0.0159,0.0178,0.0517,0.2524,3.67,11.56
1,2,13.707,0.6,0.0,0.0,0.0100,0.0280,0.0521,0.2520,3.64,11.35
1,2,13.725,0.6,0.0,0.0,0.0092,0.0289,0.0526,0.2518,2.57,11.33
1,2,13.745,0.6,0.0,0.0,0.0322,0.0228,0.0537,0.2516,1.53,9.70
1,2,13.763,0.6,0.0,0.0,0.0123,0.0170,0.0546,0.2516,1.56,8.73
1,2,13.781,0.6,0.0,0.0,0.0109,0.0153,0.0549,0.2518,2.12,7.58
1,2,13.807,0.6,0.0,0.0,0.0059,0.0128,0.0551,0.2521,3.38,6.63
1,2,13.826,0.6,0.0,0.0,0.0073,0.0121,0.0552,0.2524,3.70,6.50
1,2,13.846,0.6,0.0,0.0,0.0038,0.0100,0.0552,0.2528,3.96,7.79
1,2,13.863,0.6,0.0,0.0,0.0074,0.0080,0.0550,0.2531,4.00,9.17
1,2,13.885,0.6,0.0,0.0,0.0082,0.0036,0.0548,0.2533,3.79,11.05
1,2,13.914,0.6,0.0,0.0,0.0061,-0.0004,0.0550,0.2533,2.18,11.76
1,2,13.925,0.6,0.0,0.0,0.0060,-0.0022,0.0553,0.2532,1.29,11.79
1,2,13.948,0.6,0.0,0.0,0.0118,-0.0042,0.0561,0.2524,3.76,13.08
1,2,13.964,0.6,0.0,0.0,0.0103,-0.0056,0.0566,0.2515,2.85,13.40
1,2,13.984,0.6,0.0,0.0,0.0242,-0.0098,0.0575,0.2510,3.37,13.43
1,2,14.007,0.6,0.0,0.0,0.0182,-0.0135,0.0579,0.2505,4.05,12.83
1,2,14.030,0.6,0.0,0.0,0.0203,-0.0187,0.0581,0.2503,3.45,12.04
1,2,14.044,0.6,0.0,0.0,0.0294,-0.0284,0.0580,0.2505,2.96,11.03
1,2,14.064,0.6,0.0,0.0,0.0268,-0.0397,0.0572,0.2513,4.27,9.91
1,2,14.082,0.6,0.0,0.0,0.0133,-0.0282,0.0558,0.2515,2.68,8.55
1,2,14.109,0.6,0.0,0.0,0.0125,-0.0063,0.0547,0.2517,3.88,7.61
1,2,14.129,0.6,0.0,0.0,0.0118,0.0021,0.0540,0.2523,6.12,8.27
1,2,14.147,0.6,0.0,0.0,0.0101,0.0054,0.0535,0.2527,6.34,7.97
1,2,14.163,0.6,0.0,0.0,0.0111,0.0159,0.0523,0.2533,5.59,9.86
1,2,14.182,0.6,0.0,0.0,0.0092,0.0214,0.0516,0.2536,4.07,10.42
1,2,14.206,0.6,0.0,0.0,0.0070,0.0218,0.0513,0.2537,2.53,10.93
1,2,14.225,0.6,0.0,0.0,0.0035,0.0208,0.0512,0.2536,2.03,11.36
1,2,14.244,0.6,0.0,0.0,0.0090,0.0192,0.0511,0.2533,1.75,11.64
1,2,14.264,0.6,0.0,0.0,0.0060,0.0176,0.0511,0.2532,2.73,11.65
1,2,14.283,0.6,0.0,0.0,0.0031,0.0180,0.0512,0.2528,3.61,11.37
1,2,14.310,0.6,0.0,0.0,0.0168,0.0216,0.0515,0.2524,3.72,11.19
1,2,14.326,0.6,0.0,0.0,0.0146,0.0246,0.0526,0.2521,2.32,10.49
1,2,14.345,0.6,0.0,0.0,0.0177,0.0227,0.0535,0.2520,1.61,9.68
1,2,14.364,0.6,0.0,0.0,0.0120,0.0185,0.0541,0.2519,1.35,9.65
1,2,14.382,0.6,0.0,0.0,0.0072,0.0151,0.0547,0.2520,2.06,7.53
1,2,14.405,0.6,0.0,0.0,0.0049,0.0133,0.0548,0.2523,2.99,6.85
1,2,14.427,0.6,0.0,0.0,0.0070,0.0118,0.0549,0.2526,3.74,7.80
1,2,14.444,0.6,0.0,0.0,0.0050,0.0085,0.0548,0.2530,4.21,9.14
1,2,14.465,0.6,0.0,0.0,0.0035,0.0073,0.0547,0.2532,4.22,10.22
1,2,14.482,0.6,0.0,0.0,0.0058,0.0053,0.0546,0.2534,3.30,11.01
1,2,14.506,0.6,0.0,0.0,0.0077,-0.0000,0.0548,0.2533,1.81,11.71
1,2,14.527,0.6,0.0,0.0,0.0045,-0.0033,0.0552,0.2530,1.45,12.53
1,2,14.548,0.6,0.0,0.0,0.0108,-0.0050,0.0558,0.2522,2.48,13.14
1,2,14.564,0.6,0.0,0.0,0.0179,-0.0060,0.0563,0.2515,2.92,13.40
1,2,14.582,0.6,0.0,0.0,0.0147,-0.0075,0.0568,0.2512,2.96,13.39
1,2,14.610,0.6,0.0,0.0,0.0220,-0.0141,0.0579,0.2505,3.41,12.81
1,2,14.626,0.6,0.0,0.0,0.0192,-0.0180,0.0580,0.2504,3.46,12.80
1,2,14.650,0.6,0.0,0.0,0.0207,-0.0257,0.0579,0.2504,3.16,11.09
1,2,14.665,0.6,0.0,0.0,0.0313,-0.0362,0.0571,0.2511,4.24,11.20
1,2,14.682,0.6,0.0,0.0,0.0156,-0.0280,0.0555,0.2515,2.77,8.35
1,2,14.705,0.6,0.0,0.0,0.0148,-0.0086,0.0548,0.2516,3.43,7.62
1,2,14.727,0.6,0.0,0.0,0.0112,0.0028,0.0543,0.2521,5.91,8.24
1,2,14.745,0.6,0.0,0.0,0.0149,0.0095,0.0536,0.2527,6.40,8.96
1,2,14.762,0.6,0.0,0.0,0.0117,0.0160,0.0526,0.2531,5.59,9.80
1,2,14.782,0.6,0.0,0.0,0.0075,0.0233,0.0518,0.2534,3.42,10.44
1,2,14.805,0.6,0.0,0.0,0.0091,0.0184,0.0515,0.2535,1.72,11.04
1,2,14.827,0.6,0.0,0.0,0.0051,0.0152,0.0516,0.2534,1.11,11.06
1,2,14.849,0.6,0.0,0.0,0.0055,0.0127,0.0517,0.2531,2.04,11.76
1,2,14.862,0.6,0.0,0.0,0.0077,0.0152,0.0518,0.2528,2.69,11.78
1,2,14.881,0.6,0.0,0.0,0.0104,0.0250,0.0519,0.2526,3.19,11.41
1,2,14.906,0.6,0.0,0.0,0.0102,0.0347,0.0522,0.2522,3.29,10.99
1,2,14.925,0.6,0.0,0.0,0.0149,0.0239,0.0532,0.2519,2.11,10.42
1,2,14.952,0.6,0.0,0.0,0.0124,0.0169,0.0542,0.2518,1.42,9.57
1,2,14.964,0.6,0.0,0.0,0.0067,0.0134,0.0548,0.2518,1.20,9.53
1,2,14.982,0.6,0.0,0.0,0.0113,0.0131,0.0552,0.2518,1.59,7.49
1,2,15.004,0.6,0.0,0.0,0.0049,0.0130,0.0554,0.2520,2.69,6.76
1,2,15.025,0.6,0.0,0.0,0.0044,0.0108,0.0554,0.2524,3.95,7.84
1,3,15.046,0.0,0.0,0.5,0.0000,0.0093,0.0553,0.2528,4.11,9.15
1,3,15.064,0.0,0.0,0.5,0.0045,0.0073,0.0551,0.2530,3.79,9.03
1,3,15.082,0.0,0.0,0.5,0.0055,0.1075,0.0547,0.2533,6.92,13.18
1,3,15.104,0.0,0.0,0.5,0.0085,0.1620,0.0545,0.2534,7.41,14.03
1,3,15.128,0.0,0.0,0.5,0.0075,0.1934,0.0551,0.2528,6.32,14.44
1,3,15.144,0.0,0.0,0.5,0.0156,0.2306,0.0573,0.2517,6.97,14.58
1,3,15.162,0.0,0.0,0.5,0.0308,0.2638,0.0592,0.2510,6.58,14.33
1,3,15.182,0.0,0.0,0.5,0.0393,0.2849,0.0613,0.2503,7.11,13.55
1,3,15.205,0.0,0.0,0.5,0.0486,0.3053,0.0651,0.2495,6.67,12.38
1,3,15.227,0.0,0.0,0.5,0.0411,0.3095,0.0671,0.2494,5.89,10.85
1,3,15.246,0.0,0.0,0.5,0.0623,0.3113,0.0679,0.2493,5.36,10.96
1,3,15.264,0.0,0.0,0.5,0.0339,0.3108,0.0684,0.2494,4.87,8.26
1,3,15.282,0.0,0.0,0.5,0.0397,0.3059,0.0670,0.2500,6.91,6.64
1,3,15.304,0.0,0.0,0.5,0.0117,0.3016,0.0639,0.2509,9.24,7.71
1,3,15.325,0.0,0.0,0.5,-0.0003,0.2974,0.0569,0.2527,10.50,8.49
1,3,15.345,0.0,0.0,0.5,-0.0268,0.2872,0.0515,0.2525,10.98,9.41
1,3,15.363,0.0,0.0,0.5,-0.0296,0.2898,0.0488,0.2515,5.98,10.70
1,3,15.382,0.0,0.0,0.5,-0.0509,0.3173,0.0500,0.2506,5.93,11.90
1,3,15.406,0.0,0.0,0.5,-0.0387,0.3645,0.0518,0.2500,6.53,12.03
1,3,15.427,0.0,0.0,0.5,-0.0225,0.4279,0.0541,0.2492,5.42,11.89
1,3,15.445,0.0,0.0,0.5,-0.0343,0.4954,0.0575,0.2483,5.60,12.71
1,3,15.462,0.0,0.0,0.5,-0.0098,0.4901,0.0591,0.2480,5.46,12.56
1,3,15.482,0.0,0.0,0.5,-0.0003,0.4604,0.0585,0.2483,4.72,12.17
1,3,15.506,0.0,0.0,0.5,0.0075,0.4398,0.0579,0.2490,4.51,11.91
1,3,15.525,0.0,0.0,0.5,0.0144,0.4182,0.0569,0.2500,4.10,11.68
1,3,15.546,0.0,0.0,0.5,0.0178,0.4259,0.0554,0.2510,7.38,11.01
1,3,15.564,0.0,0.0,0.5,0.0273,0.4488,0.0538,0.2525,6.35,9.86
1,3,15.582,0.0,0.0,0.5,0.0183,0.4229,0.0525,0.2532,8.36,7.90
1,3,15.606,0.0,0.0,0.5,0.0201,0.3582,0.0537,0.2534,7.92,8.79
1,3,15.627,0.0,0.0,0.5,0.0152,0.3137,0.0547,0.2536,6.63,10.90
1,3,15.644,0.0,0.0,0.5,0.0241,0.2423,0.0557,0.2540,6.83,12.71
1,3,15.664,0.0,0.0,0.5,0.0196,0.2207,0.0562,0.2541,7.76,13.90
1,3,15.682,0.0,0.0,0.5,0.0076,0.2254,0.0563,0.2537,11.46,14.47
1,3,15.708,0.0,0.0,0.5,0.0230,0.2529,0.0565,0.2524,10.65,14.61
1,3,15.725,0.0,0.0,0.5,0.0335,0.3083,0.0568,0.2513,8.86,14.51
1,3,15.746,0.0,0.0,0.5,0.0327,0.3262,0.0569,0.2506,7.26,14.26
1,3,15.764,0.0,0.0,0.5,0.0520,0.3451,0.0576,0.2496,5.07,14.04
1,3,15.784,0.0,0.0,0.5,0.0714,0.3402,0.0593,0.2491,5.98,13.30
1,3,15.802,0.0,0.0,0.5,0.0284,0.3300,0.0607,0.2490,6.40,13.32
1,3,15.828,0.0,0.0,0.5,0.0768,0.3048,0.0628,0.2488,5.99,11.37
1,3,15.845,0.0,0.0,0.5,0.0741,0.2861,0.0635,0.2486,5.35,10.31
1,3,15.864,0.0,0.0,0.5,0.0818,0.2874,0.0631,0.2488,5.80,10.38
1,3,15.881,0.0,0.0,0.5,0.0444,0.2860,0.0593,0.2504,7.89,7.34
1,3,15.905,0.0,0.0,0.5,0.0516,0.2710,0.0540,0.2513,8.63,8.40
1,3,15.923,0.0,0.0,0.5,0.0191,0.2562,0.0515,0.2511,7.38,10.08
1,3,15.941,0.0,0.0,0.5,0.0364,0.2509,0.0511,0.2511,4.50,11.88
1,3,15.961,0.0,0.0,0.5,0.0198,0.2889,0.0515,0.2507,8.77,12.64
1,3,15.982,0.0,0.0,0.5,0.0200,0.3389,0.0522,0.2502,9.28,12.12
1,3,16.003,0.0,0.0,0.5,0.0168,0.4217,0.0532,0.2496,6.72,11.86
1,3,16.022,0.0,0.0,0.5,0.0349,0.4921,0.0543,0.2493,5.23,11.47
1,3,16.043,0.0,0.0,0.5,0.0538,0.5265,0.0565,0.2492,3.58,11.21
1,3,16.062,0.0,0.0,0.5,0.0392,0.5295,0.0579,0.2492,3.29,11.24
1,3,16.086,0.0,0.0,0.5,0.0609,0.4990,0.0582,0.2494,4.32,11.13
1,3,16.104,0.0,0.0,0.5,0.0621,0.4526,0.0576,0.2498,4.02,10.93
1,3,16.124,0.0,0.0,0.5,0.0471,0.4334,0.0565,0.2507,4.87,10.45
1,3,16.146,0.0,0.0,0.5,0.0420,0.4454,0.0556,0.2517,5.06,9.66
1,3,16.164,0.0,0.0,0.5,0.0607,0.4284,0.0544,0.2526,5.36,8.34
1,3,16.186,0.0,0.0,0.5,0.0465,0.3782,0.0549,0.2527,7.49,8.15
1,3,16.210,0.0,0.0,0.5,0.0198,0.3168,0.0567,0.2531,5.66,9.22
1,3,16.225,0.0,0.0,0.5,0.0386,0.2643,0.0581,0.2537,7.60,9.15
1,3,16.244,0.0,0.0,0.5,0.0336,0.2255,0.0583,0.2542,8.86,12.98
1,3,16.262,0.0,0.0,0.5,0.0221,0.2195,0.0580,0.2540,10.77,13.86
1,3,16.284,0.0,0.0,0.5,0.0175,0.2369,0.0577,0.2531,13.76,14.12
1,3,16.308,0.0,0.0,0.5,0.0280,0.2702,0.0571,0.2520,10.60,14.47
1,3,16.325,0.0,0.0,0.5,0.0342,0.3188,0.0557,0.2509,8.86,14.52
1,3,16.359,0.0,0.0,0.5,0.0338,0.3506,0.0548,0.2496,6.00,14.17
1,3,16.364,0.0,0.0,0.5,0.1169,0.3536,0.0549,0.2494,5.62,14.17
1,3,16.382,0.0,0.0,0.5,0.0609,0.3484,0.0559,0.2488,5.57,13.00
1,3,16.406,0.0,0.0,0.5,0.0913,0.3245,0.0577,0.2491,9.03,12.25
1,3,16.423,0.0,0.0,0.5,0.0645,0.2799,0.0607,0.2493,7.40,10.85
1,3,16.444,0.0,0.0,0.5,0.0819,0.2673,0.0617,0.2490,8.62,9.99
1,3,16.463,0.0,0.0,0.5,0.0648,0.2639,0.0612,0.2492,6.40,10.07
1,3,16.482,0.0,0.0,0.5,0.0482,0.2735,0.0578,0.2505,8.97,8.00
1,3,16.509,0.0,0.0,0.5,0.0378,0.2685,0.0528,0.2510,8.13,8.51
1,3,16.524,0.0,0.0,0.5,0.0371,0.2543,0.0509,0.2509,4.60,8.45
1,3,16.544,0.0,0.0,0.5,0.0194,0.2468,0.0505,0.2510,4.31,10.00
1,3,16.561,0.0,0.0,0.5,0.0174,0.2616,0.0507,0.2511,7.52,12.65
1,3,16.584,0.0,0.0,0.5,0.0127,0.2945,0.0508,0.2505,13.08,12.59
1,3,16.605,0.0,0.0,0.5,0.0127,0.3681,0.0512,0.2492,8.53,11.86
1,3,16.624,0.0,0.0,0.5,0.0145,0.4441,0.0516,0.2490,6.79,11.75
1,3,16.650,0.0,0.0,0.5,0.0301,0.5261,0.0523,0.2492,3.83,11.37
1,3,16.667,0.0,0.0,0.5,0.0504,0.5606,0.0531,0.2496,4.02,11.45
1,3,16.685,0.0,0.0,0.5,0.0648,0.5909,0.0556,0.2498,5.67,10.10
1,3,16.706,0.0,0.0,0.5,0.0290,0.5536,0.0568,0.2500,7.21,10.06
1,3,16.727,0.0,0.0,0.5,0.0603,0.4979,0.0564,0.2504,4.70,10.19
1,3,16.745,0.0,0.0,0.5,0.0397,0.4555,0.0545,0.2514,3.45,10.06
1,3,16.763,0.0,0.0,0.5,0.0435,0.3923,0.0533,0.2518,5.84,9.11
1,3,16.784,0.0,0.0,0.5,0.0373,0.3352,0.0543,0.2520,6.50,8.38
1,3,16.805,0.0,0.0,0.5,0.0294,0.2997,0.0563,0.2525,7.47,9.47
1,3,16.825,0.0,0.0,0.5,0.0309,0.2583,0.0577,0.2534,8.24,10.65
1,3,16.843,0.0,0.0,0.5,0.0304,0.2279,0.0572,0.2540,8.09,12.74
1,3,16.862,0.0,0.0,0.5,0.0173,0.2147,0.0563,0.2539,9.64,13.98
1,3,16.885,0.0,0.0,0.5,0.0207,0.2408,0.0551,0.2527,9.98,14.35
1,3,16.910,0.0,0.0,0.5,0.0243,0.2909,0.0540,0.2519,9.72,14.68
1,3,16.926,0.0,0.0,0.5,0.0211,0.3078,0.0535,0.2513,8.64,14.69
1,3,16.943,0.0,0.0,0.5,0.0576,0.3424,0.0526,0.2502,7.03,14.25
1,3,16.962,0.0,0.0,0.5,0.0356,0.3483,0.0526,0.2495,5.28,13.85
1,3,16.987,0.0,0.0,0.5,0.0520,0.3384,0.0534,0.2491,5.90,13.07
1,3,17.007,0.0,0.0,0.5,0.0600,0.3179,0.0549,0.2492,6.56,12.17
1,3,17.025,0.0,0.0,0.5,0.1025,0.2992,0.0563,0.2494,7.23,12.23
1,3,17.042,0.0,0.0,0.5,0.0793,0.2638,0.0590,0.2490,8.30,9.98
1,3,17.062,0.0,0.0,0.5,0.0598,0.2646,0.0586,0.2496,7.31,9.12
1,3,17.085,0.0,0.0,0.5,0.0708,0.2663,0.0560,0.2503,8.18,7.83
1,3,17.101,0.0,0.0,0.5,0.0244,0.2676,0.0536,0.2508,8.55,8.13
1,3,17.125,0.0,0.0,0.5,0.0354,0.2731,0.0496,0.2508,4.74,9.06
1,3,17.143,0.0,0.0,0.5,0.0324,0.2731,0.0496,0.2509,4.19,11.60
1,3,17.162,0.0,0.0,0.5,0.0069,0.2851,0.0497,0.2509,5.20,11.47
1,3,17.182,0.0,0.0,0.5,0.0184,0.3307,0.0506,0.2501,8.93,12.30
1,3,17.204,0.0,0.0,0.5,0.0155,0.3820,0.0512,0.2495,7.30,11.77
1,3,17.225,0.0,0.0,0.5,0.0112,0.4265,0.0515,0.2494,6.84,11.65
1,3,17.244,0.0,0.0,0.5,0.0271,0.5113,0.0522,0.2491,3.91,11.72
1,3,17.261,0.0,0.0,0.5,0.0497,0.5791,0.0542,0.2496,3.98,11.17
1,3,17.285,0.0,0.0,0.5,0.0410,0.5703,0.0557,0.2496,5.90,10.34
1,3,17.304,0.0,0.0,0.5,0.0444,0.5256,0.0561,0.2498,5.51,10.68
1,3,17.328,0.0,0.0,0.5,0.0465,0.4747,0.0548,0.2505,3.37,10.68
1,3,17.344,0.0,0.0,0.5,0.0413,0.4652,0.0535,0.2513,4.61,10.19
1,3,17.362,0.0,0.0,0.5,0.0510,0.4338,0.0526,0.2519,4.63,9.10
1,3,17.387,0.0,0.0,0.5,0.0385,0.3402,0.0544,0.2522,6.46,8.21
1,3,17.407,0.0,0.0,0.5,0.0223,0.3084,0.0558,0.2525,7.17,9.24
1,3,17.427,0.0,0.0,0.5,0.0374,0.2563,0.0573,0.2534,8.12,11.00
1,3,17.444,0.0,0.0,0.5,0.0277,0.2248,0.0570,0.2540,8.21,12.95
1,3,17.461,0.0,0.0,0.5,0.0244,0.2156,0.0562,0.2540,9.95,13.96
1,3,17.486,0.0,0.0,0.5,0.0239,0.2278,0.0555,0.2532,11.54,14.28
1,3,17.506,0.0,0.0,0.5,0.0218,0.2745,0.0546,0.2520,9.83,14.55
1,3,17.531,0.0,0.0,0.5,0.0280,0.3062,0.0537,0.2511,8.25,14.46
1,3,17.543,0.0,0.0,0.5,0.0474,0.3333,0.0529,0.2502,6.94,14.33
1,3,17.562,0.0,0.0,0.5,0.0619,0.3370,0.0531,0.2495,5.30,13.76
1,3,17.585,0.0,0.0,0.5,0.0547,0.3256,0.0541,0.2491,6.06,12.96
1,3,17.605,0.0,0.0,0.5,0.0611,0.3066,0.0558,0.2492,6.65,12.15
1,3,17.625,0.0,0.0,0.5,0.0543,0.2787,0.0579,0.2493,6.71,11.11
1,3,17.642,0.0,0.0,0.5,0.0864,0.2630,0.0592,0.2491,7.12,10.25
1,3,17.664,0.0,0.0,0.5,0.0762,0.2668,0.0582,0.2497,6.69,9.13
1,3,17.682,0.0,0.0,0.5,0.0663,0.2668,0.0557,0.2503,7.16,7.71
1,3,17.706,0.0,0.0,0.5,0.0468,0.2664,0.0516,0.2509,6.65,7.95
1,3,17.726,0.0,0.0,0.5,0.0239,0.2555,0.0498,0.2509,4.88,9.63
1,3,17.744,0.0,0.0,0.5,0.0240,0.2629,0.0494,0.2511,5.85,11.42
1,3,17.761,0.0,0.0,0.5,0.0191,0.2897,0.0497,0.2510,7.19,12.27
1,3,17.784,0.0,0.0,0.5,0.0163,0.3404,0.0503,0.2504,9.10,11.78
1,3,17.805,0.0,0.0,0.5,0.0133,0.4157,0.0513,0.2496,6.63,11.88
1,3,17.828,0.0,0.0,0.5,0.0168,0.4585,0.0518,0.2494,5.35,11.82
1,3,17.844,0.0,0.0,0.5,0.0282,0.5266,0.0531,0.2497,3.85,11.59
1,3,17.862,0.0,0.0,0.5,0.0501,0.5585,0.0545,0.2496,4.08,10.87
1,3,17.881,0.0,0.0,0.5,0.0413,0.5377,0.0556,0.2495,5.45,10.80
1,3,17.911,0.0,0.0,0.5,0.0439,0.4883,0.0552,0.2502,3.11,10.93
1,3,17.924,0.0,0.0,0.5,0.0397,0.4705,0.0545,0.2505,3.17,10.88
1,3,17.943,0.0,0.0,0.5,0.0275,0.4542,0.0536,0.2508,4.99,10.30
1,3,17.963,0.0,0.0,0.5,0.0487,0.4291,0.0527,0.2520,5.25,9.01
1,3,17.984,0.0,0.0,0.5,0.0494,0.3808,0.0534,0.2522,6.43,8.45
1,3,18.007,0.0,0.0,0.5,0.0200,0.3254,0.0552,0.2526,6.46,9.56
1,3,18.027,0.0,0.0,0.5,0.0431,0.2575,0.0568,0.2534,7.49,10.87
1,3,18.044,0.0,0.0,0.5,0.0342,0.2301,0.0569,0.2537,8.15,12.81
1,3,18.062,0.0,0.0,0.5,0.0297,0.2110,0.0563,0.2537,9.32,13.96
1,3,18.086,0.0,0.0,0.5,0.0253,0.2395,0.0556,0.2522,12.92,14.30
1,3,18.106,0.0,0.0,0.5,0.0438,0.2977,0.0546,0.2517,9.55,14.66
1,3,18.126,0.0,0.0,0.5,0.0321,0.3135,0.0541,0.2511,8.43,14.68
1,3,18.143,0.0,0.0,0.5,0.0707,0.3485,0.0534,0.2500,6.56,14.26
1,3,18.161,0.0,0.0,0.5,0.0408,0.3472,0.0539,0.2493,5.63,13.75
1,3,18.183,0.0,0.0,0.5,0.0693,0.3332,0.0551,0.2490,6.21,12.92
1,3,18.207,0.0,0.0,0.5,0.0767,0.3008,0.0578,0.2491,6.61,12.07
1,3,18.225,0.0,0.0,0.5,0.1086,0.2689,0.0609,0.2488,7.64,11.13
1,3,18.245,0.0,0.0,0.5,0.0729,0.2646,0.0616,0.2487,7.65,10.23
1,3,18.263,0.0,0.0,0.5,0.0740,0.2785,0.0607,0.2492,5.94,8.88
1,3,18.286,0.0,0.0,0.5,0.0655,0.2854,0.0582,0.2501,8.59,7.43
1,3,18.305,0.0,0.0,0.5,0.0381,0.2808,0.0546,0.2511,7.97,8.16
1,3,18.325,0.0,0.0,0.5,0.0287,0.2658,0.0516,0.2510,9.08,9.47
1,3,18.344,0.0,0.0,0.5,0.0238,0.2624,0.0501,0.2510,5.26,10.85
1,3,18.363,0.0,0.0,0.5,0.0211,0.2780,0.0505,0.2509,7.38,12.31
1,3,18.382,0.0,0.0,0.5,0.0159,0.3308,0.0514,0.2503,9.46,12.42
1,3,18.405,0.0,0.0,0.5,0.0182,0.3882,0.0523,0.2496,7.35,11.58
1,3,18.429,0.0,0.0,0.5,0.0133,0.4561,0.0530,0.2491,6.35,11.93
1,3,18.445,0.0,0.0,0.5,0.0419,0.5166,0.0537,0.2491,4.30,11.84
1,3,18.463,0.0,0.0,0.5,0.0400,0.5807,0.0553,0.2496,4.87,10.86
1,3,18.481,0.0,0.0,0.5,0.0524,0.5763,0.0569,0.2497,6.00,10.08
1,3,18.505,0.0,0.0,0.5,0.0432,0.5049,0.0572,0.2501,4.86,10.47
1,3,18.529,0.0,0.0,0.5,0.0525,0.4506,0.0553,0.2508,3.41,10.54
1,3,18.546,0.0,0.0,0.5,0.0315,0.4323,0.0541,0.2512,3.61,10.45
1,3,18.563,0.0,0.0,0.5,0.0491,0.4057,0.0527,0.2520,5.23,9.23
1,3,18.582,0.0,0.0,0.5,0.0426,0.3627,0.0535,0.2522,7.19,8.29
1,3,18.611,0.0,0.0,0.5,0.0274,0.3197,0.0554,0.2528,7.35,9.23
1,3,18.626,0.0,0.0,0.5,0.0330,0.2759,0.0565,0.2534,7.93,8.80
1,3,18.644,0.0,0.0,0.5,0.0336,0.2330,0.0568,0.2540,8.62,13.01
1,3,18.664,0.0,0.0,0.5,0.0200,0.2216,0.0561,0.2537,11.12,13.99
1,3,18.685,0.0,0.0,0.5,0.0259,0.2426,0.0557,0.2530,11.22,14.30
1,3,18.705,0.0,0.0,0.5,0.0278,0.2734,0.0553,0.2523,10.13,14.33
1,3,18.726,0.0,0.0,0.5,0.0262,0.3038,0.0546,0.2513,7.71,14.52
1,3,18.744,0.0,0.0,0.5,0.0378,0.3307,0.0541,0.2504,7.04,14.42
1,3,18.763,0.0,0.0,0.5,0.0545,0.3420,0.0542,0.2496,5.46,13.84
1,3,18.785,0.0,0.0,0.5,0.0719,0.3349,0.0552,0.2491,5.58,13.21
1,3,18.805,0.0,0.0,0.5,0.0656,0.3189,0.0569,0.2491,6.82,12.43
1,3,18.824,0.0,0.0,0.5,0.0635,0.2827,0.0598,0.2493,6.88,11.27
1,3,18.844,0.0,0.0,0.5,0.1013,0.2667,0.0612,0.2490,8.60,10.47
1,3,18.868,0.0,0.0,0.5,0.0683,0.2799,0.0602,0.2497,6.56,9.18
1,3,18.882,0.0,0.0,0.5,0.0681,0.2818,0.0562,0.2505,7.72,7.83
1,3,18.911,0.0,0.0,0.5,0.0341,0.2836,0.0530,0.2508,6.72,7.87
1,3,18.926,0.0,0.0,0.5,0.0302,0.2666,0.0512,0.2509,4.47,9.62
1,3,18.944,0.0,0.0,0.5,0.0339,0.2625,0.0506,0.2511,6.28,11.44
1,3,18.961,0.0,0.0,0.5,0.0251,0.2830,0.0507,0.2511,7.35,12.24
1,3,18.982,0.0,0.0,0.5,0.0115,0.3177,0.0508,0.2506,12.34,11.98
1,3,19.006,0.0,0.0,0.5,0.0129,0.3885,0.0514,0.2496,7.36,11.85
1,3,19.025,0.0,0.0,0.5,0.0252,0.4842,0.0525,0.2492,5.41,12.04
1,3,19.045,0.0,0.0,0.5,0.0243,0.5332,0.0537,0.2495,4.18,11.57
1,3,19.063,0.0,0.0,0.5,0.0516,0.5698,0.0551,0.2497,3.73,10.89
1,3,19.082,0.0,0.0,0.5,0.0475,0.5407,0.0565,0.2496,4.82,10.74
1,3,19.104,0.0,0.0,0.5,0.0415,0.5150,0.0565,0.2500,3.24,10.82
1,3,19.129,0.0,0.0,0.5,0.0490,0.4836,0.0558,0.2506,2.98,10.59
1,3,19.142,0.0,0.0,0.5,0.0529,0.4606,0.0547,0.2512,3.25,10.49
1,3,19.164,0.0,0.0,0.5,0.0331,0.4082,0.0531,0.2521,4.92,9.08
1,3,19.182,0.0,0.0,0.5,0.0332,0.3576,0.0539,0.2522,6.16,8.16
1,3,19.206,0.0,0.0,0.5,0.0419,0.3154,0.0557,0.2527,6.81,9.27
1,3,19.227,0.0,0.0,0.5,0.0304,0.2743,0.0569,0.2533,7.62,11.06
1,3,19.244,0.0,0.0,0.5,0.0259,0.2276,0.0566,0.2538,8.25,12.97
1,3,19.263,0.0,0.0,0.5,0.0296,0.2215,0.0558,0.2537,10.14,13.99
1,3,19.286,0.0,0.0,0.5,0.0000,0.2252,0.0556,0.2534,12.01,14.39
1,3,19.309,0.0,0.0,0.5,0.0303,0.2604,0.0548,0.2517,9.33,14.56
1,3,19.323,0.0,0.0,0.5,0.0294,0.2999,0.0539,0.2510,8.88,14.65
1,3,19.345,0.0,0.0,0.5,0.0341,0.3249,0.0531,0.2501,7.67,14.29
1,3,19.363,0.0,0.0,0.5,0.0471,0.3395,0.0528,0.2493,5.34,13.87
1,3,19.382,0.0,0.0,0.5,0.0656,0.3280,0.0537,0.2490,6.06,13.15
1,3,19.405,0.0,0.0,0.5,0.0181,0.3154,0.0547,0.2491,7.50,12.18
1,3,19.424,0.0,0.0,0.5,0.1082,0.2862,0.0567,0.2494,6.77,11.48
1,3,19.444,0.0,0.0,0.5,0.0590,0.2537,0.0588,0.2490,9.57,10.51
1,3,19.464,0.0,0.0,0.5,0.0272,0.2564,0.0591,0.2492,9.38,9.30
1,3,19.482,0.0,0.0,0.5,0.0896,0.2628,0.0571,0.2500,7.33,7.82
1,3,19.510,0.0,0.0,0.5,0.0411,0.2780,0.0518,0.2506,6.49,7.81
1,3,19.524,0.0,0.0,0.5,0.0126,0.2763,0.0510,0.2506,5.63,7.80
1,3,19.544,0.0,0.0,0.5,0.0357,0.2767,0.0499,0.2508,6.07,11.05
1,3,19.561,0.0,0.0,0.5,0.0284,0.2995,0.0507,0.2509,7.47,12.29
1,3,19.581,0.0,0.0,0.5,0.0152,0.3199,0.0509,0.2506,8.73,12.19
1,3,19.606,0.0,0.0,0.5,0.0192,0.3942,0.0512,0.2495,6.69,11.61
1,3,19.625,0.0,0.0,0.5,0.0275,0.4662,0.0518,0.2491,5.29,11.63
1,3,19.642,0.0,0.0,0.5,0.0240,0.5092,0.0523,0.2490,4.01,11.64
1,3,19.661,0.0,0.0,0.5,0.0420,0.5698,0.0542,0.2497,3.08,11.04
1,3,19.681,0.0,0.0,0.5,0.0610,0.5650,0.0551,0.2497,5.83,10.50
1,3,19.703,0.0,0.0,0.5,0.0279,0.5090,0.0549,0.2502,3.89,10.53
1,3,19.725,0.0,0.0,0.5,0.0504,0.4785,0.0537,0.2508,2.93,10.44
1,3,19.743,0.0,0.0,0.5,0.0542,0.4392,0.0521,0.2515,3.88,9.93
1,3,19.763,0.0,0.0,0.5,0.0117,0.4223,0.0520,0.2515,4.03,9.73
1,3,19.785,0.0,0.0,0.5,0.0618,0.3361,0.0537,0.2519,7.01,8.35
1,3,19.806,0.0,0.0,0.5,0.0319,0.2943,0.0554,0.2526,8.21,9.10
1,3,19.825,0.0,0.0,0.5,0.0249,0.2700,0.0560,0.2531,8.33,8.80
1,3,19.844,0.0,0.0,0.5,0.0291,0.2242,0.0558,0.2539,8.36,13.02
1,3,19.862,0.0,0.0,0.5,0.0266,0.2171,0.0548,0.2536,10.60,14.11
1,3,19.881,0.0,0.0,0.5,0.0231,0.2297,0.0542,0.2531,10.82,14.54
1,3,19.905,0.0,0.0,0.5,0.0318,0.2788,0.0528,0.2515,9.08,14.64
1,3,19.924,0.0,0.0,0.5,0.0417,0.3167,0.0517,0.2507,8.13,14.60
1,3,19.945,0.0,0.0,0.5,0.0254,0.3307,0.0511,0.2503,7.77,14.60
1,3,19.961,0.0,0.0,0.5,0.0646,0.3420,0.0508,0.2493,5.13,13.84
1,3,19.981,0.0,0.0,0.5,0.0617,0.3292,0.0515,0.2490,5.71,13.11
1,3,20.005,0.0,0.0,0.5,0.0636,0.3064,0.0528,0.2490,6.17,12.20
1,3,20.026,0.0,0.0,0.5,0.0954,0.2703,0.0555,0.2494,7.04,11.40
1,3,20.045,0.0,0.0,0.5,0.0786,0.2479,0.0576,0.2491,8.71,10.27
1,3,20.064,0.0,0.0,0.5,0.0421,0.2490,0.0576,0.2493,7.63,10.47
1,3,20.082,0.0,0.0,0.5,0.0850,0.2581,0.0543,0.2503,8.71,7.76
1,3,20.106,0.0,0.0,0.5,0.0505,0.2625,0.0512,0.2508,6.66,7.91
1,3,20.127,0.0,0.0,0.5,0.0103,0.2613,0.0498,0.2508,6.55,7.76
1,3,20.146,0.0,0.0,0.5,0.0354,0.2757,0.0491,0.2510,5.71,10.91
1,3,20.161,0.0,0.0,0.5,0.0281,0.3023,0.0497,0.2509,8.25,12.07
1,3,20.181,0.0,0.0,0.5,0.0221,0.3368,0.0504,0.2505,9.21,12.06
1,3,20.205,0.0,0.0,0.5,0.0216,0.4045,0.0513,0.2498,7.10,11.48
1,3,20.222,0.0,0.0,0.5,0.0192,0.4883,0.0522,0.2494,4.68,11.58
1,3,20.247,0.0,0.0,0.5,0.0324,0.5252,0.0528,0.2494,3.51,11.18
1,3,20.262,0.0,0.0,0.5,0.0390,0.5584,0.0540,0.2500,4.57,11.17
1,3,20.285,0.0,0.0,0.5,0.0472,0.5372,0.0553,0.2502,6.36,10.19
1,3,20.304,0.0,0.0,0.5,0.0557,0.4978,0.0552,0.2502,6.52,10.80
1,3,20.326,0.0,0.0,0.5,0.0299,0.4633,0.0543,0.2504,4.19,10.76
1,3,20.345,0.0,0.0,0.5,0.0538,0.4562,0.0531,0.2513,3.96,10.14
1,3,20.362,0.0,0.0,0.5,0.0331,0.4132,0.0522,0.2518,5.96,8.98
1,3,20.382,0.0,0.0,0.5,0.0342,0.3607,0.0533,0.2520,6.82,8.34
1,3,20.411,0.0,0.0,0.5,0.0414,0.2827,0.0557,0.2531,8.08,8.96
1,3,20.425,0.0,0.0,0.5,0.0245,0.2544,0.0561,0.2535,7.70,10.99
1,3,20.444,0.0,0.0,0.5,0.0338,0.2209,0.0559,0.2540,8.76,12.98
1,3,20.461,0.0,0.0,0.5,0.0198,0.2209,0.0552,0.2538,10.31,13.94
1,3,20.486,0.0,0.0,0.5,0.0232,0.2404,0.0546,0.2530,10.86,14.33
1,3,20.506,0.0,0.0,0.5,0.0243,0.2578,0.0542,0.2523,10.78,14.53
1,3,20.526,0.0,0.0,0.5,0.0380,0.3021,0.0533,0.2510,8.03,14.60
1,3,20.545,0.0,0.0,0.5,0.0422,0.3319,0.0526,0.2501,6.74,14.15
1,3,20.565,0.0,0.0,0.5,0.0320,0.3348,0.0528,0.2495,5.32,13.83
1,3,20.581,0.0,0.0,0.5,0.1059,0.3249,0.0538,0.2491,5.59,12.87
1,3,20.605,0.0,0.0,0.5,0.0622,0.2963,0.0561,0.2492,7.31,12.28
1,3,20.625,0.0,0.0,0.5,0.0678,0.2766,0.0576,0.2494,6.64,11.28
1,3,20.643,0.0,0.0,0.5,0.0661,0.2589,0.0596,0.2491,8.19,10.26
1,3,20.663,0.0,0.0,0.5,0.0965,0.2615,0.0585,0.2495,6.79,9.13
1,3,20.682,0.0,0.0,0.5,0.0438,0.2675,0.0569,0.2501,10.27,7.50
1,3,20.705,0.0,0.0,0.5,0.0496,0.2643,0.0522,0.2512,7.66,8.03
1,3,20.724,0.0,0.0,0.5,0.0328,0.2526,0.0495,0.2510,5.37,9.58
1,3,20.749,0.0,0.0,0.5,0.0195,0.2821,0.0494,0.2510,5.40,11.56
1,3,20.762,0.0,0.0,0.5,0.0188,0.3102,0.0497,0.2511,5.65,11.41
1,3,20.784,0.0,0.0,0.5,0.0102,0.3418,0.0495,0.2507,9.45,11.65
1,3,20.809,0.0,0.0,0.5,0.0082,0.3418,0.0495,0.2507,9.45,11.65
1,3,20.824,0.0,0.0,0.5,0.0135,0.4415,0.0505,0.2496,6.14,11.87
1,3,20.844,0.0,0.0,0.5,0.0233,0.5072,0.0518,0.2493,4.16,11.31
1,3,20.864,0.0,0.0,0.5,0.0301,0.5557,0.0533,0.2497,4.08,10.93
1,3,20.882,0.0,0.0,0.5,0.0494,0.5777,0.0552,0.2501,5.86,10.34
1,3,20.905,0.0,0.0,0.5,0.0539,0.5375,0.0554,0.2501,6.34,10.50
1,3,20.925,0.0,0.0,0.5,0.0371,0.4794,0.0541,0.2509,3.24,10.31
1,3,20.946,0.0,0.0,0.5,0.0446,0.4019,0.0517,0.2517,4.09,9.97
1,3,20.966,0.0,0.0,0.5,0.0405,0.3372,0.0519,0.2518,5.91,8.63
1,3,20.982,0.0,0.0,0.5,0.0000,0.3372,0.0519,0.2518,5.91,8.63
1,3,21.010,0.0,0.0,0.5,0.0353,0.2881,0.0552,0.2530,8.88,9.02
1,3,21.026,0.0,0.0,0.5,0.0316,0.2630,0.0562,0.2537,8.86,8.78
1,3,21.044,0.0,0.0,0.5,0.0172,0.2511,0.0563,0.2539,8.05,10.86
1,4,21.074,0.0,0.3,0.0,0.0167,0.2395,0.0554,0.2532,10.75,13.97
1,4,21.081,0.0,0.3,0.0,0.0489,0.2469,0.0552,0.2530,10.67,13.91
1,4,21.101,0.0,0.3,0.0,0.0191,0.2187,0.0550,0.2527,8.65,13.45
1,4,21.128,0.0,0.3,0.0,0.0362,0.0438,0.0569,0.2513,5.11,13.09
1,4,21.144,0.0,0.3,0.0,0.0393,0.0134,0.0583,0.2510,5.53,12.95
1,4,21.166,0.0,0.3,0.0,0.0236,0.0011,0.0598,0.2506,5.19,12.96
1,4,21.182,0.0,0.3,0.0,0.0721,-0.0039,0.0623,0.2502,3.49,12.25
1,4,21.201,0.0,0.3,0.0,0.0370,-0.0034,0.0633,0.2501,2.03,11.46
1,4,21.221,0.0,0.3,0.0,0.0305,-0.0100,0.0625,0.2505,2.07,10.62
1,4,21.241,0.0,0.3,0.0,0.0405,-0.0181,0.0610,0.2511,2.71,9.65
1,4,21.261,0.0,0.3,0.0,0.0180,-0.0329,0.0578,0.2522,3.82,8.79
1,4,21.281,0.0,0.3,0.0,0.0106,-0.0475,0.0546,0.2531,5.12,7.87
1,4,21.307,0.0,0.3,0.0,0.0045,-0.0214,0.0512,0.2532,4.13,6.82
1,4,21.325,0.0,0.3,0.0,0.0025,-0.0052,0.0508,0.2533,3.79,7.05
1,4,21.344,0.0,0.3,0.0,0.0017,-0.0018,0.0508,0.2534,3.94,6.94
1,4,21.363,0.0,0.3,0.0,-0.0020,0.0078,0.0502,0.2539,3.74,7.57
1,4,21.382,0.0,0.3,0.0,-0.0057,0.0098,0.0493,0.2543,2.83,8.72
1,4,21.401,0.0,0.3,0.0,-0.0055,0.0088,0.0489,0.2544,2.28,9.55
1,4,21.425,0.0,0.3,0.0,-0.0067,0.0066,0.0477,0.2544,1.07,10.06
1,4,21.446,0.0,0.3,0.0,-0.0043,0.0037,0.0470,0.2543,0.61,10.16
1,4,21.464,0.0,0.3,0.0,-0.0019,0.0021,0.0468,0.2543,0.41,10.16
1,4,21.482,0.0,0.3,0.0,-0.0020,0.0044,0.0464,0.2542,0.29,9.86
1,4,21.505,0.0,0.3,0.0,-0.0008,0.0069,0.0462,0.2542,0.44,9.46
1,4,21.524,0.0,0.3,0.0,-0.0002,0.0082,0.0461,0.2542,0.62,8.79
1,4,21.544,0.0,0.3,0.0,-0.0008,0.0078,0.0460,0.2542,0.75,7.81
1,4,21.562,0.0,0.3,0.0,-0.0010,0.0070,0.0459,0.2544,1.70,6.65
1,4,21.583,0.0,0.3,0.0,-0.0014,0.0064,0.0460,0.2545,2.32,7.32
1,4,21.604,0.0,0.3,0.0,-0.0032,0.0056,0.0464,0.2549,3.28,7.88
1,4,21.625,0.0,0.3,0.0,-0.0037,0.0040,0.0467,0.2551,3.31,8.80
1,4,21.644,0.0,0.3,0.0,-0.0025,0.0039,0.0469,0.2553,2.86,9.71
1,4,21.664,0.0,0.3,0.0,-0.0065,0.0005,0.0471,0.2554,2.07,10.45
1,4,21.686,0.0,0.3,0.0,-0.0030,-0.0010,0.0474,0.2554,0.96,11.03
1,4,21.705,0.0,0.3,0.0,-0.0005,-0.0018,0.0475,0.2552,1.12,11.51
1,4,21.727,0.0,0.3,0.0,0.0015,-0.0050,0.0478,0.2549,2.14,11.82
1,4,21.742,0.0,0.3,0.0,0.0074,-0.0097,0.0485,0.2543,2.57,11.99
1,4,21.765,0.0,0.3,0.0,0.0056,-0.0121,0.0491,0.2540,2.84,11.89
1,4,21.784,0.0,0.3,0.0,0.0155,-0.0147,0.0508,0.2532,2.84,11.61
1,4,21.807,0.0,0.3,0.0,0.0178,-0.0155,0.0521,0.2528,2.65,11.07
1,4,21.825,0.0,0.3,0.0,0.0065,-0.0156,0.0524,0.2527,2.66,11.08
1,4,21.845,0.0,0.3,0.0,0.0139,-0.0168,0.0531,0.2527,3.48,9.45
1,4,21.864,0.0,0.3,0.0,0.0074,-0.0207,0.0529,0.2531,3.85,8.88
1,4,21.895,0.0,0.3,0.0,-0.0001,-0.0154,0.0523,0.2532,2.38,8.47
1,4,21.908,0.0,0.3,0.0,-0.0021,-0.0120,0.0521,0.2532,1.83,8.44
1,4,21.925,0.0,0.3,0.0,-0.0036,-0.0056,0.0520,0.2533,1.89,6.88
1,4,21.942,0.0,0.3,0.0,-0.0054,-0.0011,0.0515,0.2536,3.39,7.37
1,4,21.964,0.0,0.3,0.0,-0.0088,0.0022,0.0506,0.2539,3.75,8.34
1,4,21.984,0.0,0.3,0.0,-0.0132,0.0026,0.0494,0.2541,3.22,9.02
1,4,22.005,0.0,0.3,0.0,-0.0084,0.0004,0.0481,0.2543,1.84,9.52
1,4,22.026,0.0,0.3,0.0,-0.0060,0.0026,0.0473,0.2542,1.07,9.98
1,4,22.043,0.0,0.3,0.0,-0.0050,0.0042,0.0466,0.2542,0.66,10.26
1,4,22.061,0.0,0.3,0.0,-0.0041,0.0066,0.0457,0.2541,0.77,10.23
1,4,22.083,0.0,0.3,0.0,-0.0008,0.0069,0.0454,0.2540,0.73,9.92
1,4,22.106,0.0,0.3,0.0,-0.0023,0.0073,0.0452,0.2540,0.62,9.43
1,4,22.127,0.0,0.3,0.0,-0.0004,0.0066,0.0451,0.2540,0.62,8.74
1,4,22.145,0.0,0.3,0.0,-0.0009,0.0062,0.0450,0.2541,1.04,7.86
1,4,22.164,0.0,0.3,0.0,-0.0009,0.0059,0.0450,0.2542,1.51,6.75
1,4,22.185,0.0,0.3,0.0,-0.0016,0.0052,0.0451,0.2545,2.72,7.34
1,4,22.206,0.0,0.3,0.0,-0.0024,0.0046,0.0454,0.2547,3.34,7.97
1,4,22.225,0.0,0.3,0.0,-0.0037,0.0035,0.0457,0.2550,3.03,7.90
1,4,22.243,0.0,0.3,0.0,-0.0035,0.0030,0.0460,0.2552,2.74,9.89
1,4,22.261,0.0,0.3,0.0,-0.0022,0.0021,0.0460,0.2552,2.49,9.87
1,4,22.287,0.0,0.3,0.0,-0.0020,-0.0020,0.0465,0.2552,0.99,11.13
1,4,22.306,0.0,0.3,0.0,-0.0001,-0.0023,0.0467,0.2550,0.81,11.56
1,4,22.330,0.0,0.3,0.0,0.0029,-0.0059,0.0472,0.2546,1.93,11.90
1,4,22.343,0.0,0.3,0.0,0.0051,-0.0092,0.0478,0.2541,2.38,12.03
1,4,22.362,0.0,0.3,0.0,0.0120,-0.0126,0.0487,0.2535,2.67,11.95
1,4,22.382,0.0,0.3,0.0,0.0068,-0.0147,0.0501,0.2529,2.71,11.61
1,4,22.405,0.0,0.3,0.0,0.0168,-0.0159,0.0511,0.2526,2.79,11.06
1,4,22.425,0.0,0.3,0.0,0.0152,-0.0157,0.0522,0.2524,3.04,10.36
1,4,22.445,0.0,0.3,0.0,0.0066,-0.0154,0.0524,0.2524,3.11,10.40
1,4,22.462,0.0,0.3,0.0,0.0088,-0.0204,0.0526,0.2528,4.36,9.18
1,4,22.485,0.0,0.3,0.0,0.0021,-0.0139,0.0522,0.2528,2.70,8.50
1,4,22.502,0.0,0.3,0.0,-0.0006,-0.0048,0.0521,0.2528,1.75,7.77
1,4,22.527,0.0,0.3,0.0,-0.0039,-0.0015,0.0519,0.2530,2.82,6.87
1,4,22.542,0.0,0.3,0.0,-0.0092,0.0016,0.0511,0.2535,3.70,7.50
1,4,22.564,0.0,0.3,0.0,-0.0095,0.0032,0.0503,0.2538,3.64,8.56
1,4,22.587,0.0,0.3,0.0,-0.0102,0.0017,0.0488,0.2541,3.01,9.31
1,4,22.605,0.0,0.3,0.0,-0.0116,0.0016,0.0477,0.2542,2.35,9.81
1,4,22.624,0.0,0.3,0.0,-0.0063,0.0031,0.0467,0.2541,1.09,10.15
1,4,22.643,0.0,0.3,0.0,-0.0062,0.0055,0.0458,0.2540,0.48,10.35
1,4,22.662,0.0,0.3,0.0,-0.0039,0.0073,0.0452,0.2540,0.68,10.35
1,4,22.682,0.0,0.3,0.0,-0.0018,0.0084,0.0447,0.2539,0.85,10.09
1,4,22.706,0.0,0.3,0.0,-0.0008,0.0086,0.0446,0.2539,0.85,9.56
1,4,22.723,0.0,0.3,0.0,-0.0001,0.0082,0.0444,0.2539,0.75,8.83
1,4,22.745,0.0,0.3,0.0,-0.0004,0.0072,0.0443,0.2539,1.31,7.92
1,4,22.762,0.0,0.3,0.0,-0.0009,0.0064,0.0443,0.2541,1.90,6.77
1,4,22.785,0.0,0.3,0.0,-0.0015,0.0056,0.0445,0.2544,2.74,7.27
1,4,22.807,0.0,0.3,0.0,-0.0017,0.0047,0.0448,0.2546,3.32,8.10
1,4,22.826,0.0,0.3,0.0,-0.0022,0.0031,0.0452,0.2549,3.05,9.05
1,4,22.843,0.0,0.3,0.0,-0.0032,0.0026,0.0455,0.2552,2.52,9.97
1,4,22.865,0.0,0.3,0.0,-0.0014,-0.0011,0.0458,0.2552,1.89,10.67
1,4,22.891,0.0,0.3,0.0,0.0001,-0.0020,0.0463,0.2551,0.59,11.26
1,4,22.905,0.0,0.3,0.0,0.0028,-0.0024,0.0465,0.2550,0.59,11.31
1,4,22.924,0.0,0.3,0.0,0.0039,-0.0057,0.0470,0.2545,1.94,11.90
1,4,22.942,0.0,0.3,0.0,0.0076,-0.0098,0.0479,0.2538,2.33,12.08
1,4,22.962,0.0,0.3,0.0,0.0137,-0.0125,0.0487,0.2534,2.80,11.89
1,4,22.982,0.0,0.3,0.0,0.0085,-0.0140,0.0494,0.2530,2.79,11.59
1,4,23.003,0.0,0.3,0.0,0.0167,-0.0164,0.0507,0.2526,2.94,11.13
1,4,23.025,0.0,0.3,0.0,0.0108,-0.0161,0.0516,0.2524,2.92,10.39
1,4,23.044,0.0,0.3,0.0,0.0110,-0.0159,0.0523,0.2526,4.24,9.75
1,4,23.062,0.0,0.3,0.0,0.0069,-0.0141,0.0522,0.2526,2.60,9.18
1,4,23.085,0.0,0.3,0.0,0.0036,-0.0073,0.0523,0.2525,1.09,8.58
1,4,23.106,0.0,0.3,0.0,-0.0008,-0.0056,0.0522,0.2526,1.75,7.61
1,4,23.125,0.0,0.3,0.0,-0.0065,-0.0027,0.0517,0.2529,3.31,6.87
1,4,23.145,0.0,0.3,0.0,-0.0081,0.0015,0.0506,0.2534,3.88,7.68
1,4,23.166,0.0,0.3,0.0,-0.0109,0.0029,0.0498,0.2537,3.72,8.73
1,4,23.185,0.0,0.3,0.0,-0.0161,0.0016,0.0484,0.2540,3.00,9.54
1,4,23.208,0.0,0.3,0.0,-0.0108,0.0019,0.0473,0.2541,2.18,9.97
1,4,23.227,0.0,0.3,0.0,-0.0045,0.0039,0.0461,0.2541,0.89,10.30
1,4,23.244,0.0,0.3,0.0,-0.0069,0.0059,0.0454,0.2540,0.58,10.50
1,4,23.264,0.0,0.3,0.0,-0.0033,0.0079,0.0448,0.2539,0.71,10.50
1,4,23.283,0.0,0.3,0.0,-0.0025,0.0095,0.0443,0.2538,0.92,10.23
1,4,23.304,0.0,0.3,0.0,-0.0007,0.0100,0.0441,0.2538,0.87,9.67
1,4,23.325,0.0,0.3,0.0,0.0002,0.0095,0.0440,0.2538,0.84,8.95
1,4,23.345,0.0,0.3,0.0,0.0000,0.0084,0.0439,0.2538,0.94,8.03
1,4,23.362,0.0,0.3,0.0,-0.0003,0.0073,0.0438,0.2540,1.64,6.89
1,4,23.386,0.0,0.3,0.0,-0.0006,0.0077,0.0439,0.2542,2.77,7.23
1,4,23.404,0.0,0.3,0.0,-0.0007,0.0062,0.0442,0.2545,3.50,8.19
1,4,23.424,0.0,0.3,0.0,-0.0015,0.0041,0.0446,0.2547,3.54,9.14
1,4,23.443,0.0,0.3,0.0,-0.0009,0.0030,0.0450,0.2550,2.91,10.02
1,4,23.467,0.0,0.3,0.0,-0.0005,-0.0016,0.0455,0.2550,1.77,10.71
1,4,23.484,0.0,0.3,0.0,0.0012,-0.0020,0.0459,0.2550,0.84,11.27
1,4,23.505,0.0,0.3,0.0,0.0021,-0.0031,0.0463,0.2548,0.76,11.69
1,4,23.524,0.0,0.3,0.0,0.0032,-0.0061,0.0467,0.2544,1.88,11.96
1,4,23.543,0.0,0.3,0.0,0.0099,-0.0091,0.0473,0.2539,2.22,12.09
1,4,23.567,0.0,0.3,0.0,0.0094,-0.0133,0.0485,0.2533,2.69,11.99
1,4,23.583,0.0,0.3,0.0,0.0120,-0.0145,0.0492,0.2530,2.69,11.62
1,4,23.605,0.0,0.3,0.0,0.0137,-0.0161,0.0506,0.2525,2.84,11.13
1,4,23.622,0.0,0.3,0.0,0.0184,-0.0159,0.0518,0.2523,3.05,10.43
1,4,23.642,0.0,0.3,0.0,0.0134,-0.0159,0.0524,0.2525,4.26,9.73
1,4,23.661,0.0,0.3,0.0,0.0086,-0.0146,0.0523,0.2526,2.67,9.25
1,4,23.686,0.0,0.3,0.0,0.0027,-0.0073,0.0523,0.2524,1.35,8.62
1,4,23.705,0.0,0.3,0.0,0.0002,-0.0049,0.0523,0.2525,1.96,7.71
1,4,23.724,0.0,0.3,0.0,-0.0040,-0.0012,0.0518,0.2529,3.49,6.95
1,4,23.742,0.0,0.3,0.0,-0.0093,0.0023,0.0508,0.2533,3.95,7.65
1,4,23.761,0.0,0.3,0.0,-0.0098,0.0032,0.0502,0.2535,3.95,8.78
1,4,23.785,0.0,0.3,0.0,-0.0109,0.0012,0.0489,0.2538,2.97,9.48
1,4,23.804,0.0,0.3,0.0,-0.0116,0.0011,0.0479,0.2540,2.22,10.06
1,4,23.825,0.0,0.3,0.0,-0.0053,0.0043,0.0465,0.2539,1.19,10.38
1,4,23.841,0.0,0.3,0.0,-0.0062,0.0057,0.0457,0.2538,0.66,10.48
1,4,23.861,0.0,0.3,0.0,-0.0039,0.0082,0.0449,0.2538,0.66,10.45
1,4,23.884,0.0,0.3,0.0,-0.0022,0.0093,0.0446,0.2537,0.80,10.20
1,4,23.906,0.0,0.3,0.0,-0.0008,0.0097,0.0443,0.2536,0.86,9.68
1,4,23.922,0.0,0.3,0.0,0.0002,0.0094,0.0443,0.2536,0.82,8.95
1,4,23.942,0.0,0.3,0.0,0.0000,0.0088,0.0442,0.2537,0.91,8.03
1,4,23.962,0.0,0.3,0.0,-0.0004,0.0074,0.0442,0.2539,2.26,6.91
1,4,23.985,0.0,0.3,0.0,-0.0009,0.0062,0.0444,0.2542,3.14,7.16
1,4,24.003,0.0,0.3,0.0,-0.0017,0.0050,0.0448,0.2545,3.47,8.08
1,4,24.024,0.0,0.3,0.0,-0.0015,0.0034,0.0452,0.2548,3.12,9.05
1,4,24.042,0.0,0.3,0.0,-0.0020,0.0025,0.0453,0.2550,2.25,9.02
1,4,24.061,0.0,0.3,0.0,-0.0003,-0.0000,0.0456,0.2551,1.78,10.73
1,4,24.084,0.0,0.3,0.0,0.0002,-0.0019,0.0460,0.2550,0.83,11.24
1,4,24.105,0.0,0.3,0.0,0.0014,-0.0022,0.0463,0.2549,0.60,11.68
1,4,24.125,0.0,0.3,0.0,0.0062,-0.0041,0.0465,0.2547,1.03,11.71
1,4,24.141,0.0,0.3,0.0,0.0065,-0.0104,0.0477,0.2538,2.53,12.04
1,4,24.161,0.0,0.3,0.0,0.0133,-0.0132,0.0490,0.2531,2.85,11.91
1,4,24.185,0.0,0.3,0.0,0.0192,-0.0142,0.0500,0.2527,2.71,11.58
1,4,24.205,0.0,0.3,0.0,0.0135,-0.0147,0.0510,0.2524,2.69,11.06
1,4,24.225,0.0,0.3,0.0,0.0150,-0.0147,0.0519,0.2522,2.87,11.08
1,4,24.242,0.0,0.3,0.0,0.0047,-0.0141,0.0528,0.2522,3.85,9.69
1,4,24.262,0.0,0.3,0.0,0.0133,-0.0129,0.0528,0.2525,3.12,9.22
1,4,24.284,0.0,0.3,0.0,0.0026,-0.0093,0.0525,0.2525,2.04,8.56
1,4,24.305,0.0,0.3,0.0,0.0001,-0.0040,0.0524,0.2526,1.67,7.65
1,4,24.326,0.0,0.3,0.0,-0.0051,-0.0009,0.0518,0.2529,3.46,7.06
1,4,24.343,0.0,0.3,0.0,-0.0105,0.0018,0.0510,0.2533,3.91,7.58
1,4,24.363,0.0,0.3,0.0,-0.0036,0.0033,0.0501,0.2536,3.76,8.64
1,4,24.385,0.0,0.3,0.0,-0.0170,0.0027,0.0491,0.2538,3.23,9.41
1,4,24.405,0.0,0.3,0.0,-0.0092,0.0015,0.0476,0.2540,2.06,9.93
1,4,24.425,0.0,0.3,0.0,-0.0085,0.0033,0.0466,0.2540,1.09,10.26
1,4,24.443,0.0,0.3,0.0,-0.0030,0.0052,0.0459,0.2539,0.54,10.29
1,4,24.462,0.0,0.3,0.0,-0.0063,0.0073,0.0451,0.2538,0.56,10.45
1,4,24.485,0.0,0.3,0.0,-0.0023,0.0088,0.0448,0.2537,0.84,10.19
1,4,24.504,0.0,0.3,0.0,-0.0011,0.0093,0.0445,0.2537,0.84,9.65
1,4,24.526,0.0,0.3,0.0,-0.0005,0.0085,0.0443,0.2537,0.78,8.92
1,4,24.545,0.0,0.3,0.0,-0.0005,0.0074,0.0442,0.2538,1.28,8.01
1,4,24.562,0.0,0.3,0.0,-0.0009,0.0068,0.0441,0.2539,1.59,6.88
1,4,24.585,0.0,0.3,0.0,-0.0008,0.0058,0.0443,0.2542,2.74,7.21
1,4,24.605,0.0,0.3,0.0,-0.0009,0.0048,0.0446,0.2545,3.45,8.07
1,4,24.624,0.0,0.3,0.0,-0.0026,0.0033,0.0449,0.2547,3.27,9.08
1,4,24.643,0.0,0.3,0.0,-0.0014,0.0028,0.0452,0.2550,2.68,10.00
1,4,24.665,0.0,0.3,0.0,-0.0009,0.0011,0.0454,0.2551,1.93,10.71
1,4,24.686,0.0,0.3,0.0,0.0003,-0.0015,0.0458,0.2550,1.10,11.22
1,4,24.706,0.0,0.3,0.0,0.0019,-0.0024,0.0462,0.2549,0.61,11.65
1,4,24.724,0.0,0.3,0.0,0.0036,-0.0054,0.0465,0.2546,1.55,11.91
1,4,24.741,0.0,0.3,0.0,0.0069,-0.0095,0.0473,0.2539,2.41,12.03
1,4,24.761,0.0,0.3,0.0,0.0119,-0.0123,0.0483,0.2534,2.66,11.92
1,4,24.786,0.0,0.3,0.0,0.0152,-0.0147,0.0496,0.2528,2.80,11.61
1,4,24.803,0.0,0.3,0.0,0.0165,-0.0152,0.0509,0.2524,2.79,11.05
1,4,24.822,0.0,0.3,0.0,0.0146,-0.0145,0.0518,0.2522,2.77,10.33
1,4,24.843,0.0,0.3,0.0,0.0112,-0.0148,0.0524,0.2526,4.46,9.73
1,4,24.861,0.0,0.3,0.0,0.0061,-0.0114,0.0522,0.2525,2.37,9.15
1,4,24.887,0.0,0.3,0.0,0.0022,-0.0067,0.0522,0.2524,1.21,8.52
1,4,24.904,0.0,0.3,0.0,-0.0027,-0.0044,0.0522,0.2525,1.61,7.56
1,4,24.925,0.0,0.3,0.0,-0.0058,-0.0014,0.0515,0.2529,3.58,6.98
1,4,24.944,0.0,0.3,0.0,-0.0094,0.0010,0.0507,0.2532,3.97,7.63
1,4,24.963,0.0,0.3,0.0,-0.0139,0.0030,0.0495,0.2537,3.71,8.73
1,4,24.985,0.0,0.3,0.0,-0.0139,0.0019,0.0486,0.2539,3.19,9.47
1,4,25.007,0.0,0.3,0.0,-0.0087,0.0012,0.0472,0.2540,2.00,10.04
1,4,25.025,0.0,0.3,0.0,-0.0076,0.0032,0.0462,0.2540,1.11,10.37
1,4,25.041,0.0,0.3,0.0,-0.0058,0.0062,0.0452,0.2539,0.67,10.53
1,4,25.067,0.0,0.3,0.0,-0.0038,0.0075,0.0448,0.2539,0.70,10.46
1,4,25.085,0.0,0.3,0.0,-0.0025,0.0099,0.0442,0.2538,0.76,10.19
1,4,25.105,0.0,0.3,0.0,-0.0015,0.0103,0.0440,0.2537,0.81,9.69
1,4,25.128,0.0,0.3,0.0,-0.0002,0.0099,0.0439,0.2537,0.83,8.94
1,4,25.141,0.0,0.3,0.0,-0.0001,0.0086,0.0437,0.2538,0.89,8.92
1,4,25.161,0.0,0.3,0.0,-0.0007,0.0075,0.0437,0.2539,1.90,6.86
1,4,25.182,0.0,0.3,0.0,-0.0006,0.0066,0.0438,0.2541,2.87,7.18
1,4,25.205,0.0,0.3,0.0,-0.0017,0.0051,0.0443,0.2545,3.51,8.09
1,4,25.224,0.0,0.3,0.0,-0.0012,0.0029,0.0447,0.2548,3.08,9.08
1,4,25.244,0.0,0.3,0.0,-0.0028,0.0029,0.0449,0.2550,2.66,9.05
1,4,25.264,0.0,0.3,0.0,-0.0009,0.0015,0.0452,0.2551,2.05,10.00
1,4,25.285,0.0,0.3,0.0,0.0000,-0.0020,0.0455,0.2551,1.16,11.23
1,4,25.310,0.0,0.3,0.0,0.0020,-0.0032,0.0459,0.2549,0.77,11.68
1,4,25.324,0.0,0.3,0.0,0.0044,-0.0062,0.0463,0.2546,1.58,11.73
1,4,25.343,0.0,0.3,0.0,0.0103,-0.0105,0.0472,0.2539,2.62,12.05
1,4,25.363,0.0,0.3,0.0,0.0108,-0.0122,0.0478,0.2535,2.49,11.97
1,4,25.385,0.0,0.3,0.0,0.0168,-0.0138,0.0492,0.2529,2.72,11.64
1,4,25.404,0.0,0.3,0.0,0.0142,-0.0145,0.0506,0.2524,2.60,11.10
1,4,25.424,0.0,0.3,0.0,0.0110,-0.0147,0.0513,0.2523,2.74,11.11
1,4,25.444,0.0,0.3,0.0,0.0139,-0.0145,0.0522,0.2523,3.68,9.66
1,4,25.461,0.0,0.3,0.0,0.0087,-0.0151,0.0524,0.2526,3.79,9.22
1,4,25.481,0.0,0.3,0.0,0.0024,-0.0124,0.0523,0.2526,2.56,8.70
1,4,25.511,0.0,0.3,0.0,0.0001,-0.0025,0.0520,0.2527,1.98,7.74
1,4,25.523,0.0,0.3,0.0,-0.0040,-0.0008,0.0518,0.2529,2.87,6.95
1,4,25.544,0.0,0.3,0.0,-0.0052,0.0011,0.0514,0.2531,3.54,7.56
1,4,25.561,0.0,0.3,0.0,-0.0114,0.0033,0.0503,0.2535,3.68,8.55
1,4,25.588,0.0,0.3,0.0,-0.0112,0.0015,0.0486,0.2538,2.85,9.36
1,4,25.606,0.0,0.3,0.0,-0.0086,0.0011,0.0482,0.2539,2.55,9.36
1,4,25.623,0.0,0.3,0.0,-0.0075,0.0025,0.0468,0.2539,1.16,10.20
1,4,25.643,0.0,0.3,0.0,-0.0057,0.0059,0.0459,0.2538,0.63,10.43
1,4,25.661,0.0,0.3,0.0,-0.0040,0.0071,0.0455,0.2538,0.63,10.44
1,4,25.689,0.0,0.3,0.0,-0.0032,0.0088,0.0447,0.2537,0.80,10.14
1,4,25.705,0.0,0.3,0.0,-0.0013,0.0090,0.0446,0.2536,0.79,10.13
1,4,25.728,0.0,0.3,0.0,-0.0002,0.0091,0.0445,0.2536,0.75,9.60
1,4,25.742,0.0,0.3,0.0,-0.0004,0.0082,0.0443,0.2537,0.88,8.00
1,4,25.762,0.0,0.3,0.0,-0.0011,0.0069,0.0443,0.2539,2.14,6.87
1,4,25.781,0.0,0.3,0.0,-0.0010,0.0064,0.0444,0.2540,2.68,7.21
1,4,25.807,0.0,0.3,0.0,-0.0019,0.0046,0.0448,0.2545,3.48,8.02
1,4,25.823,0.0,0.3,0.0,-0.0025,0.0030,0.0451,0.2547,3.22,9.07
1,4,25.846,0.0,0.3,0.0,-0.0011,0.0028,0.0453,0.2549,2.68,10.00
1,4,25.861,0.0,0.3,0.0,-0.0027,0.0016,0.0455,0.2550,2.13,10.70
1,4,25.888,0.0,0.3,0.0,-0.0004,-0.0019,0.0459,0.2549,0.78,11.24
1,4,25.902,0.0,0.3,0.0,0.0010,-0.0032,0.0463,0.2547,0.74,11.70
1,4,25.923,0.0,0.3,0.0,0.0062,-0.0062,0.0467,0.2544,1.84,11.95
1,4,25.941,0.0,0.3,0.0,0.0068,-0.0105,0.0476,0.2536,2.30,12.02
1,4,25.961,0.0,0.3,0.0,0.0059,-0.0125,0.0486,0.2532,2.58,11.89
1,4,25.982,0.0,0.3,0.0,0.0212,-0.0139,0.0500,0.2527,2.69,11.62
1,4,26.004,0.0,0.3,0.0,0.0172,-0.0144,0.0510,0.2523,2.65,11.05
1,4,26.023,0.0,0.3,0.0,0.0142,-0.0142,0.0521,0.2522,3.01,10.36
1,4,26.043,0.0,0.3,0.0,0.0119,-0.0140,0.0526,0.2523,3.97,9.70
1,4,26.062,0.0,0.3,0.0,0.0061,-0.0129,0.0526,0.2525,2.57,9.23
1,4,26.084,0.0,0.3,0.0,0.0021,-0.0062,0.0525,0.2524,1.14,8.54
1,4,26.104,0.0,0.3,0.0,-0.0008,-0.0042,0.0525,0.2525,1.08,8.46
1,4,26.123,0.0,0.3,0.0,-0.0059,-0.0010,0.0519,0.2528,3.40,7.14
1,4,26.143,0.0,0.3,0.0,-0.0086,0.0015,0.0511,0.2532,3.95,7.61
1,4,26.161,0.0,0.3,0.0,-0.0130,0.0030,0.0502,0.2535,3.89,8.71
1,4,26.185,0.0,0.3,0.0,-0.0113,0.0008,0.0489,0.2538,2.96,9.45
1,4,26.207,0.0,0.3,0.0,-0.0092,0.0012,0.0479,0.2539,2.24,9.97
1,4,26.224,0.0,0.3,0.0,-0.0094,0.0029,0.0469,0.2539,1.28,10.33
1,4,26.243,0.0,0.3,0.0,-0.0060,0.0060,0.0458,0.2538,0.70,10.51
1,4,26.263,0.0,0.3,0.0,-0.0030,0.0079,0.0452,0.2537,0.74,10.46
1,4,26.283,0.0,0.3,0.0,-0.0034,0.0097,0.0446,0.2537,0.84,10.20
1,4,26.306,0.0,0.3,0.0,-0.0015,0.0100,0.0444,0.2536,0.84,9.68
1,4,26.327,0.0,0.3,0.0,-0.0005,0.0093,0.0442,0.2537,0.88,8.96
1,4,26.344,0.0,0.3,0.0,-0.0016,0.0083,0.0441,0.2537,1.21,8.02
1,4,26.364,0.0,0.3,0.0,-0.0008,0.0075,0.0440,0.2539,1.66,6.88
1,4,26.385,0.0,0.3,0.0,-0.0010,0.0066,0.0441,0.2541,2.62,7.20
1,4,26.405,0.0,0.3,0.0,-0.0017,0.0054,0.0445,0.2544,3.45,8.10
1,4,26.424,0.0,0.3,0.0,-0.0017,0.0042,0.0448,0.2547,3.41,9.05
1,4,26.444,0.0,0.3,0.0,-0.0013,0.0034,0.0450,0.2549,3.08,9.98
1,4,26.461,0.0,0.3,0.0,-0.0009,0.0001,0.0454,0.2550,1.87,10.71
1,4,26.485,0.0,0.3,0.0,0.0005,-0.0019,0.0458,0.2549,0.88,11.23
1,4,26.511,0.0,0.3,0.0,0.0016,-0.0038,0.0461,0.2546,0.99,11.70
1,4,26.527,0.0,0.3,0.0,0.0060,-0.0064,0.0466,0.2544,1.65,11.99
1,4,26.543,0.0,0.3,0.0,0.0070,-0.0099,0.0473,0.2539,2.85,12.03
1,4,26.564,0.0,0.3,0.0,0.0136,-0.0130,0.0486,0.2531,2.54,11.93
1,4,26.585,0.0,0.3,0.0,0.0182,-0.0128,0.0497,0.2527,2.56,11.55
1,4,26.607,0.0,0.3,0.0,0.0100,-0.0132,0.0507,0.2524,2.50,11.05
1,4,26.627,0.0,0.3,0.0,0.0210,-0.0137,0.0519,0.2521,2.66,10.37
1,4,26.644,0.0,0.3,0.0,0.0125,-0.0133,0.0526,0.2521,3.01,9.65
1,4,26.661,0.0,0.3,0.0,0.0057,-0.0141,0.0528,0.2524,3.85,9.23
1,4,26.682,0.0,0.3,0.0,0.0032,-0.0100,0.0524,0.2526,2.33,8.54
1,4,26.706,0.0,0.3,0.0,-0.0003,-0.0027,0.0522,0.2527,1.89,7.69
1,4,26.729,0.0,0.3,0.0,-0.0041,-0.0006,0.0520,0.2528,2.42,7.58
1,4,26.743,0.0,0.3,0.0,-0.0031,0.0014,0.0515,0.2531,3.60,7.48
1,4,26.762,0.0,0.3,0.0,-0.0105,0.0035,0.0508,0.2534,3.81,8.53
1,4,26.781,0.0,0.3,0.0,-0.0113,0.0031,0.0498,0.2537,3.37,9.32
1,4,26.805,0.0,0.3,0.0,-0.0096,0.0014,0.0483,0.2539,2.40,9.87
1,4,26.825,0.0,0.3,0.0,-0.0091,0.0030,0.0472,0.2539,1.24,10.18
1,4,26.846,0.0,0.3,0.0,-0.0032,0.0046,0.0467,0.2538,0.77,10.21
1,4,26.862,0.0,0.3,0.0,-0.0079,0.0072,0.0459,0.2537,0.50,10.38
1,4,26.886,0.0,0.3,0.0,-0.0031,0.0094,0.0452,0.2536,0.83,10.15
1,4,26.902,0.0,0.3,0.0,-0.0020,0.0100,0.0449,0.2536,0.88,9.60
1,4,26.925,0.0,0.3,0.0,-0.0016,0.0094,0.0448,0.2536,0.80,8.85
1,4,26.944,0.0,0.3,0.0,-0.0015,0.0078,0.0445,0.2537,1.15,7.91
1,4,26.962,0.0,0.3,0.0,-0.0006,0.0071,0.0445,0.2539,1.93,6.81
1,4,26.985,0.0,0.3,0.0,-0.0021,0.0062,0.0446,0.2541,2.87,7.20
1,4,27.006,0.0,0.3,0.0,-0.0032,0.0048,0.0448,0.2544,3.45,8.07
1,4,27.026,0.0,0.3,0.0,-0.0017,0.0044,0.0451,0.2546,3.56,9.08
1,4,27.044,0.0,0.3,0.0,-0.0030,0.0035,0.0453,0.2548,2.98,9.98
1,4,27.062,0.0,0.3,0.0,-0.0015,0.0007,0.0456,0.2550,2.13,10.70
1,5,27.091,0.0,0.0,0.0,0.0000,-0.0018,0.0460,0.2549,0.74,11.24
1,5,27.105,0.0,0.0,0.0,0.0016,-0.0018,0.0462,0.2548,0.58,11.31
1,5,27.124,0.0,0.0,0.0,0.0022,-0.0022,0.0464,0.2547,1.57,9.24
1,5,27.145,0.0,0.0,0.0,0.0009,-0.0009,0.0463,0.2547,1.30,8.90
1,5,27.162,0.0,0.0,0.0,-0.0003,0.0001,0.0461,0.2547,1.19,8.63
1,5,27.182,0.0,0.0,0.0,-0.0019,0.0003,0.0459,0.2548,1.40,8.33
1,5,27.204,0.0,0.0,0.0,-0.0028,0.0003,0.0457,0.2549,1.48,8.10
1,5,27.224,0.0,0.0,0.0,-0.0047,0.0002,0.0454,0.2551,1.48,7.93
1,5,27.245,0.0,0.0,0.0,-0.0050,0.0001,0.0450,0.2552,1.35,7.80
1,5,27.265,0.0,0.0,0.0,-0.0048,0.0001,0.0448,0.2553,1.26,7.78
1,5,27.282,0.0,0.0,0.0,-0.0049,0.0001,0.0443,0.2555,0.97,7.70
1,5,27.305,0.0,0.0,0.0,-0.0039,0.0001,0.0441,0.2555,0.80,7.71
1,5,27.328,0.0,0.0,0.0,-0.0035,0.0001,0.0439,0.2556,0.65,7.73
1,5,27.343,0.0,0.0,0.0,-0.0029,0.0001,0.0437,0.2557,0.50,7.72
1,5,27.362,0.0,0.0,0.0,-0.0018,0.0002,0.0436,0.2557,0.38,7.79
1,5,27.382,0.0,0.0,0.0,-0.0016,0.0002,0.0434,0.2557,0.29,7.82
1,5,27.406,0.0,0.0,0.0,-0.0014,0.0001,0.0434,0.2558,0.25,7.85
1,5,27.431,0.0,0.0,0.0,-0.0007,0.0001,0.0433,0.2558,0.23,7.86
1,5,27.446,0.0,0.0,0.0,-0.0014,0.0001,0.0432,0.2558,0.22,7.85
1,5,27.461,0.0,0.0,0.0,-0.0011,0.0001,0.0431,0.2558,0.22,7.84
1,5,27.481,0.0,0.0,0.0,-0.0009,0.0001,0.0431,0.2558,0.21,7.83
1,5,27.507,0.0,0.0,0.0,-0.0010,0.0001,0.0430,0.2559,0.21,7.82
1,5,27.524,0.0,0.0,0.0,-0.0009,0.0000,0.0429,0.2559,0.20,7.81
1,5,27.544,0.0,0.0,0.0,-0.0005,0.0000,0.0429,0.2559,0.20,7.80
1,5,27.563,0.0,0.0,0.0,-0.0014,0.0000,0.0428,0.2559,0.19,7.79
1,5,27.590,0.0,0.0,0.0,-0.0008,0.0000,0.0427,0.2560,0.19,7.77
1,5,27.609,0.0,0.0,0.0,-0.0010,0.0000,0.0427,0.2560,0.18,7.77
1,5,27.625,0.0,0.0,0.0,-0.0007,0.0000,0.0426,0.2560,0.18,7.75
1,5,27.645,0.0,0.0,0.0,-0.0008,-0.0000,0.0426,0.2560,0.17,7.75
1,5,27.662,0.0,0.0,0.0,-0.0003,-0.0000,0.0425,0.2560,0.17,7.74
1,5,27.682,0.0,0.0,0.0,-0.0010,-0.0000,0.0425,0.2561,0.17,7.73
1,5,27.707,0.0,0.0,0.0,-0.0006,-0.0000,0.0424,0.2561,0.16,7.72
1,5,27.726,0.0,0.0,0.0,-0.0013,-0.0000,0.0424,0.2561,0.16,7.71
1,5,27.744,0.0,0.0,0.0,-0.0008,-0.0000,0.0423,0.2561,0.16,7.70
1,5,27.762,0.0,0.0,0.0,-0.0007,-0.0000,0.0423,0.2561,0.15,7.69
1,5,27.785,0.0,0.0,0.0,-0.0008,-0.0000,0.0422,0.2561,0.15,7.68
1,5,27.805,0.0,0.0,0.0,-0.0006,-0.0000,0.0422,0.2562,0.15,7.68
1,5,27.824,0.0,0.0,0.0,-0.0006,-0.0000,0.0421,0.2562,0.14,7.67
1,5,27.850,0.0,0.0,0.0,-0.0008,-0.0000,0.0421,0.2562,0.14,7.66
1,5,27.863,0.0,0.0,0.0,-0.0009,-0.0000,0.0420,0.2562,0.13,7.65
1,5,27.886,0.0,0.0,0.0,-0.0005,-0.0000,0.0420,0.2562,0.13,7.64
1,5,27.907,0.0,0.0,0.0,-0.0003,-0.0001,0.0420,0.2562,0.13,7.64
1,5,27.925,0.0,0.0,0.0,-0.0008,-0.0001,0.0419,0.2562,0.13,7.63
1,5,27.943,0.0,0.0,0.0,-0.0006,-0.0001,0.0419,0.2563,0.13,7.62
1,5,27.962,0.0,0.0,0.0,-0.0006,-0.0001,0.0419,0.2563,0.12,7.62
1,5,27.982,0.0,0.0,0.0,-0.0006,-0.0001,0.0418,0.2563,0.12,7.61
1,5,28.007,0.0,0.0,0.0,-0.0006,-0.0001,0.0418,0.2563,0.12,7.60
1,5,28.026,0.0,0.0,0.0,-0.0008,-0.0001,0.0417,0.2563,0.11,7.60
1,5,28.045,0.0,0.0,0.0,-0.0005,-0.0001,0.0417,0.2563,0.11,7.59
1,5,28.062,0.0,0.0,0.0,-0.0005,-0.0001,0.0417,0.2563,0.11,7.58
1,5,28.081,0.0,0.0,0.0,-0.0003,-0.0001,0.0416,0.2563,0.11,7.58
1,5,28.104,0.0,0.0,0.0,-0.0006,-0.0001,0.0416,0.2564,0.11,7.57
1,5,28.125,0.0,0.0,0.0,-0.0006,-0.0001,0.0416,0.2564,0.10,7.56
1,5,28.144,0.0,0.0,0.0,-0.0002,-0.0001,0.0416,0.2564,0.10,7.56
1,5,28.163,0.0,0.0,0.0,-0.0005,-0.0001,0.0415,0.2564,0.10,7.55
1,5,28.183,0.0,0.0,0.0,-0.0007,-0.0001,0.0415,0.2564,0.10,7.55
1,5,28.202,0.0,0.0,0.0,0.0000,-0.0001,0.0415,0.2564,0.09,7.54
1,5,28.226,0.0,0.0,0.0,-0.0006,-0.0001,0.0414,0.2564,0.09,7.54
1,5,28.244,0.0,0.0,0.0,-0.0005,-0.0001,0.0414,0.2564,0.09,7.53
1,5,28.265,0.0,0.0,0.0,-0.0003,-0.0001,0.0414,0.2564,0.09,7.53
1,5,28.285,0.0,0.0,0.0,-0.0005,-0.0001,0.0414,0.2564,0.09,7.52
1,5,28.306,0.0,0.0,0.0,-0.0004,-0.0001,0.0413,0.2564,0.09,7.51
1,5,28.321,0.0,0.0,0.0,-0.0004,-0.0001,0.0413,0.2565,0.08,7.51
1,5,28.345,0.0,0.0,0.0,-0.0005,-0.0001,0.0413,0.2565,0.08,7.50
1,5,28.363,0.0,0.0,0.0,-0.0005,-0.0001,0.0413,0.2565,0.08,7.50
1,5,28.384,0.0,0.0,0.0,-0.0004,-0.0001,0.0412,0.2565,0.08,7.49
1,5,28.406,0.0,0.0,0.0,-0.0003,-0.0001,0.0412,0.2565,0.08,7.49
1,5,28.425,0.0,0.0,0.0,-0.0006,-0.0001,0.0412,0.2565,0.07,7.48
1,5,28.445,0.0,0.0,0.0,-0.0002,-0.0001,0.0412,0.2565,0.07,7.48
1,5,28.462,0.0,0.0,0.0,-0.0005,-0.0001,0.0411,0.2565,0.07,7.47
1,5,28.485,0.0,0.0,0.0,-0.0005,-0.0001,0.0411,0.2565,0.07,7.47
1,5,28.504,0.0,0.0,0.0,-0.0003,-0.0001,0.0411,0.2565,0.07,7.46
1,5,28.522,0.0,0.0,0.0,-0.0004,-0.0001,0.0411,0.2565,0.07,7.46
1,5,28.541,0.0,0.0,0.0,-0.0005,-0.0001,0.0411,0.2565,0.07,7.46
1,5,28.562,0.0,0.0,0.0,-0.0002,-0.0001,0.0410,0.2565,0.06,7.45
1,5,28.586,0.0,0.0,0.0,-0.0005,-0.0001,0.0410,0.2566,0.06,7.44
1,5,28.604,0.0,0.0,0.0,-0.0003,-0.0001,0.0410,0.2566,0.06,7.44
1,5,28.626,0.0,0.0,0.0,-0.0004,-0.0001,0.0410,0.2566,0.06,7.43
1,5,28.642,0.0,0.0,0.0,-0.0004,-0.0001,0.0410,0.2566,0.06,7.43
1,5,28.661,0.0,0.0,0.0,-0.0003,-0.0001,0.0409,0.2566,0.06,7.43
1,5,28.682,0.0,0.0,0.0,-0.0003,-0.0001,0.0409,0.2566,0.06,7.42
1,5,28.705,0.0,0.0,0.0,-0.0003,-0.0001,0.0409,0.2566,0.05,7.42
1,5,28.724,0.0,0.0,0.0,-0.0004,-0.0002,0.0409,0.2566,0.05,7.42
1,5,28.744,0.0,0.0,0.0,-0.0003,-0.0002,0.0409,0.2566,0.05,7.41
1,5,28.762,0.0,0.0,0.0,-0.0004,-0.0002,0.0409,0.2566,0.05,7.41
1,5,28.785,0.0,0.0,0.0,-0.0003,-0.0002,0.0409,0.2566,0.05,7.40
1,5,28.805,0.0,0.0,0.0,-0.0003,-0.0002,0.0408,0.2566,0.05,7.40
1,5,28.825,0.0,0.0,0.0,-0.0003,-0.0002,0.0408,0.2566,0.05,7.40
1,5,28.844,0.0,0.0,0.0,-0.0003,-0.0002,0.0408,0.2566,0.05,7.39
1,5,28.866,0.0,0.0,0.0,-0.0002,-0.0002,0.0408,0.2566,0.05,7.39
1,5,28.882,0.0,0.0,0.0,-0.0004,-0.0002,0.0408,0.2566,0.04,7.39
1,5,28.906,0.0,0.0,0.0,-0.0002,-0.0002,0.0408,0.2566,0.04,7.38
1,5,28.925,0.0,0.0,0.0,-0.0002,-0.0002,0.0408,0.2566,0.04,7.38
1,5,28.944,0.0,0.0,0.0,-0.0003,-0.0002,0.0407,0.2566,0.04,7.38
1,5,28.964,0.0,0.0,0.0,-0.0003,-0.0002,0.0407,0.2566,0.04,7.37
1,5,28.982,0.0,0.0,0.0,-0.0002,-0.0002,0.0407,0.2566,0.04,7.37
1,5,29.006,0.0,0.0,0.0,-0.0003,-0.0002,0.0407,0.2567,0.04,7.37
1,5,29.025,0.0,0.0,0.0,-0.0002,-0.0002,0.0407,0.2567,0.04,7.36
1,5,29.044,0.0,0.0,0.0,-0.0003,-0.0002,0.0407,0.2567,0.04,7.36
1,5,29.063,0.0,0.0,0.0,-0.0003,-0.0002,0.0407,0.2567,0.04,7.36
1,5,29.082,0.0,0.0,0.0,-0.0002,-0.0002,0.0407,0.2567,0.04,7.36
1,5,29.108,0.0,0.0,0.0,-0.0002,-0.0002,0.0407,0.2567,0.04,7.35
1,5,29.125,0.0,0.0,0.0,-0.0003,-0.0002,0.0407,0.2567,0.03,7.35
1,5,29.142,0.0,0.0,0.0,-0.0002,-0.0002,0.0406,0.2567,0.03,7.35
1,5,29.163,0.0,0.0,0.0,-0.0003,-0.0002,0.0406,0.2567,0.03,7.34
1,5,29.185,0.0,0.0,0.0,-0.0003,-0.0002,0.0406,0.2567,0.03,7.34
1,5,29.205,0.0,0.0,0.0,-0.0002,-0.0002,0.0406,0.2567,0.03,7.34
1,5,29.224,0.0,0.0,0.0,-0.0002,-0.0002,0.0406,0.2567,0.03,7.34
1,5,29.244,0.0,0.0,0.0,-0.0003,-0.0002,0.0406,0.2567,0.03,7.33
1,5,29.264,0.0,0.0,0.0,-0.0002,-0.0002,0.0406,0.2567,0.03,7.33
1,5,29.291,0.0,0.0,0.0,-0.0002,-0.0002,0.0406,0.2567,0.03,7.33
1,5,29.305,0.0,0.0,0.0,-0.0003,-0.0002,0.0406,0.2567,0.03,7.33
1,5,29.326,0.0,0.0,0.0,-0.0002,-0.0002,0.0406,0.2567,0.03,7.32
1,5,29.345,0.0,0.0,0.0,-0.0002,-0.0002,0.0405,0.2567,0.03,7.32
1,5,29.362,0.0,0.0,0.0,-0.0002,-0.0002,0.0405,0.2567,0.03,7.32
1,5,29.385,0.0,0.0,0.0,-0.0003,-0.0002,0.0405,0.2567,0.03,7.32
1,5,29.405,0.0,0.0,0.0,-0.0002,-0.0002,0.0405,0.2567,0.03,7.31
1,5,29.424,0.0,0.0,0.0,-0.0002,-0.0002,0.0405,0.2567,0.03,7.31
1,5,29.444,0.0,0.0,0.0,-0.0002,-0.0002,0.0405,0.2567,0.02,7.31
1,5,29.464,0.0,0.0,0.0,-0.0002,-0.0002,0.0405,0.2567,0.02,7.31
1,5,29.484,0.0,0.0,0.0,-0.0002,-0.0002,0.0405,0.2567,0.02,7.31
1,5,29.506,0.0,0.0,0.0,-0.0002,-0.0002,0.0405,0.2567,0.02,7.30
1,5,29.526,0.0,0.0,0.0,-0.0002,-0.0002,0.0405,0.2567,0.02,7.30
1,5,29.543,0.0,0.0,0.0,-0.0002,-0.0002,0.0405,0.2567,0.02,7.30
1,5,29.563,0.0,0.0,0.0,-0.0002,-0.0002,0.0405,0.2567,0.02,7.30
1,5,29.586,0.0,0.0,0.0,-0.0001,-0.0002,0.0405,0.2567,0.02,7.30
1,5,29.604,0.0,0.0,0.0,-0.0002,-0.0002,0.0405,0.2567,0.02,7.29
1,5,29.626,0.0,0.0,0.0,-0.0002,-0.0002,0.0405,0.2567,0.02,7.29
1,5,29.648,0.0,0.0,0.0,-0.0002,-0.0002,0.0405,0.2567,0.02,7.29
1,5,29.662,0.0,0.0,0.0,-0.0002,-0.0002,0.0405,0.2567,0.02,7.29
1,5,29.686,0.0,0.0,0.0,-0.0002,-0.0002,0.0404,0.2567,0.02,7.28
1,5,29.705,0.0,0.0,0.0,-0.0002,-0.0002,0.0404,0.2567,0.02,7.28
1,5,29.721,0.0,0.0,0.0,-0.0001,-0.0002,0.0404,0.2567,0.02,7.28
1,5,29.745,0.0,0.0,0.0,-0.0002,-0.0002,0.0404,0.2567,0.02,7.28
1,5,29.764,0.0,0.0,0.0,-0.0002,-0.0002,0.0404,0.2567,0.02,7.28
1,5,29.782,0.0,0.0,0.0,-0.0001,-0.0002,0.0404,0.2567,0.02,7.28
1,5,29.808,0.0,0.0,0.0,-0.0002,-0.0002,0.0404,0.2567,0.02,7.27
1,5,29.827,0.0,0.0,0.0,-0.0001,-0.0002,0.0404,0.2567,0.02,7.27
1,5,29.844,0.0,0.0,0.0,-0.0001,-0.0002,0.0404,0.2567,0.02,7.27
1,5,29.862,0.0,0.0,0.0,-0.0002,-0.0002,0.0404,0.2567,0.02,7.27
1,5,29.882,0.0,0.0,0.0,-0.0001,-0.0002,0.0404,0.2567,0.02,7.27
1,5,29.907,0.0,0.0,0.0,-0.0001,-0.0002,0.0404,0.2567,0.02,7.27
1,5,29.926,0.0,0.0,0.0,-0.0001,-0.0002,0.0404,0.2567,0.02,7.26
1,5,29.946,0.0,0.0,0.0,-0.0002,-0.0002,0.0404,0.2567,0.02,7.26
1,5,29.963,0.0,0.0,0.0,-0.0002,-0.0002,0.0404,0.2567,0.02,7.26
1,5,29.984,0.0,0.0,0.0,-0.0001,-0.0002,0.0404,0.2567,0.01,7.26
1,5,30.005,0.0,0.0,0.0,-0.0001,-0.0002,0.0404,0.2567,0.01,7.26
1,5,30.025,0.0,0.0,0.0,-0.0001,-0.0002,0.0404,0.2567,0.01,7.26
1,5,30.045,0.0,0.0,0.0,-0.0002,-0.0002,0.0404,0.2567,0.01,7.26
1,5,30.064,0.0,0.0,0.0,-0.0001,-0.0002,0.0404,0.2567,0.01,7.25
1,5,30.085,0.0,0.0,0.0,-0.0002,-0.0002,0.0404,0.2567,0.01,7.25
2,0,0.003,0.0,0.0,0.0,0.0000,-0.0003,0.1227,0.2219,0.12,11.38
2,0,0.027,0.0,0.0,0.0,-0.0002,-0.0003,0.1227,0.2219,0.20,23.33
2,0,0.048,0.0,0.0,0.0,0.0028,-0.0133,0.1175,0.2222,72.41,22.32
2,0,0.065,0.0,0.0,0.0,0.0108,-0.0326,0.1060,0.2237,120.10,20.96
2,0,0.083,0.0,0.0,0.0,0.0376,-0.0241,0.0921,0.2259,107.18,16.52
2,0,0.103,0.0,0.0,0.0,0.0438,0.0619,0.0769,0.2300,82.07,14.55
2,0,0.128,0.0,0.0,0.0,0.0680,0.1084,0.0663,0.2338,57.26,12.60
2,0,0.145,0.0,0.0,0.0,0.1236,0.1143,0.0594,0.2379,41.24,12.25
2,0,0.167,0.0,0.0,0.0,0.0943,0.1041,0.0569,0.2397,33.94,12.27
2,0,0.184,0.0,0.0,0.0,0.1807,0.0880,0.0532,0.2423,31.67,12.16
2,0,0.205,0.0,0.0,0.0,0.1461,0.0645,0.0480,0.2454,25.22,11.69
2,0,0.222,0.0,0.0,0.0,0.2068,0.0456,0.0438,0.2469,21.03,11.22
2,0,0.245,0.0,0.0,0.0,0.1667,0.0312,0.0387,0.2486,16.98,11.00
2,0,0.264,0.0,0.0,0.0,0.2593,0.0245,0.0350,0.2493,14.35,10.97
2,0,0.284,0.0,0.0,0.0,0.1854,0.0206,0.0314,0.2499,13.20,10.99
2,0,0.302,0.0,0.0,0.0,0.3547,0.0209,0.0277,0.2503,12.44,10.90
2,0,0.323,0.0,0.0,0.0,0.1973,0.0213,0.0227,0.2508,12.33,10.78
2,0,0.344,0.0,0.0,0.0,0.2869,0.0202,0.0175,0.2512,12.45,10.54
2,0,0.363,0.0,0.0,0.0,0.2266,0.0182,0.0126,0.2517,12.30,10.31
2,0,0.384,0.0,0.0,0.0,0.2761,0.0164,0.0094,0.2520,12.13,10.12
2,0,0.404,0.0,0.0,0.0,0.2546,0.0140,0.0068,0.2524,11.80,9.81
2,0,0.427,0.0,0.0,0.0,0.2626,0.0123,0.0069,0.2527,11.54,9.52
2,0,0.443,0.0,0.0,0.0,0.1752,0.0082,0.0101,0.2532,10.88,9.23
2,0,0.465,0.0,0.0,0.0,0.2298,0.0049,0.0126,0.2534,10.46,8.95
2,0,0.484,0.0,0.0,0.0,0.2029,0.0010,0.0150,0.2536,9.94,8.63
2,0,0.508,0.0,0.0,0.0,0.2026,-0.0054,0.0185,0.2539,9.10,8.42
2,0,0.528,0.0,0.0,0.0,0.1650,-0.0074,0.0203,0.2540,8.69,8.11
2,0,0.545,0.0,0.0,0.0,0.1750,-0.0084,0.0215,0.2541,8.27,8.08
2,0,0.566,0.0,0.0,0.0,0.1417,-0.0083,0.0236,0.2543,7.58,7.59
2,0,0.584,0.0,0.0,0.0,0.1476,-0.0092,0.0249,0.2543,7.05,7.41
2,0,0.612,0.0,0.0,0.0,0.0728,-0.0131,0.0262,0.2544,6.46,7.22
2,0,0.626,0.0,0.0,0.0,0.1537,-0.0137,0.0270,0.2545,5.75,7.13
2,0,0.646,0.0,0.0,0.0,0.1210,-0.0150,0.0275,0.2545,5.10,7.12
2,0,0.668,0.0,0.0,0.0,0.0519,-0.0181,0.0280,0.2545,4.48,6.89
2,0,0.684,0.0,0.0,0.0,0.0695,-0.0182,0.0282,0.2545,3.72,6.90
2,0,0.712,0.0,0.0,0.0,0.0366,-0.0161,0.0282,0.2544,3.14,6.76
2,0,0.732,0.0,0.0,0.0,0.0249,-0.0133,0.0281,0.2544,2.77,6.81
2,0,0.744,0.0,0.0,0.0,0.0097,-0.0073,0.0278,0.2544,2.21,6.84
2,0,0.764,0.0,0.0,0.0,0.0092,-0.0032,0.0274,0.2543,1.42,6.87
2,0,0.785,0.0,0.0,0.0,-0.0018,-0.0028,0.0271,0.2542,1.09,6.88
2,0,0.813,0.0,0.0,0.0,-0.0058,-0.0059,0.0263,0.2542,1.25,6.98
2,0,0.827,0.0,0.0,0.0,-0.0113,-0.0075,0.0259,0.2541,1.37,7.02
2,0,0.846,0.0,0.0,0.0,-0.0164,-0.0096,0.0250,0.2540,1.29,7.14
2,0,0.863,0.0,0.0,0.0,-0.0204,-0.0094,0.0244,0.2539,1.24,7.19
2,0,0.884,0.0,0.0,0.0,-0.0248,-0.0095,0.0238,0.2539,1.33,7.26
2,0,0.908,0.0,0.0,0.0,-0.0115,-0.0095,0.0230,0.2538,1.40,7.37
2,0,0.927,0.0,0.0,0.0,-0.0264,-0.0095,0.0224,0.2537,1.46,7.46
2,0,0.945,0.0,0.0,0.0,-0.0220,-0.0092,0.0218,0.2537,1.49,7.55
2,0,0.966,0.0,0.0,0.0,-0.0224,-0.0085,0.0210,0.2536,1.45,7.65
2,0,0.984,0.0,0.0,0.0,-0.0171,-0.0079,0.0204,0.2535,1.39,7.72
2,0,1.006,0.0,0.0,0.0,-0.0267,-0.0069,0.0198,0.2535,1.28,7.77
2,0,1.026,0.0,0.0,0.0,-0.0189,-0.0064,0.0195,0.2534,1.19,7.80
2,0,1.047,0.0,0.0,0.0,-0.0231,-0.0061,0.0192,0.2534,1.11,7.82
2,0,1.064,0.0,0.0,0.0,-0.0193,-0.0057,0.0189,0.2534,1.01,7.85
2,0,1.085,0.0,0.0,0.0,-0.0140,-0.0054,0.0187,0.2534,0.91,7.88
2,0,1.106,0.0,0.0,0.0,-0.0180,-0.0050,0.0186,0.2534,0.83,7.91
2,0,1.129,0.0,0.0,0.0,-0.0090,-0.0045,0.0184,0.2534,0.72,7.94
2,0,1.144,0.0,0.0,0.0,-0.0105,-0.0042,0.0183,0.2533,0.66,7.94
2,0,1.164,0.0,0.0,0.0,-0.0089,-0.0034,0.0181,0.2533,0.52,7.97
2,0,1.182,0.0,0.0,0.0,-0.0091,-0.0029,0.0180,0.2533,0.43,7.99
2,0,1.208,0.0,0.0,0.0,-0.0051,-0.0024,0.0180,0.2533,0.35,8.00
2,0,1.227,0.0,0.0,0.0,-0.0035,-0.0019,0.0179,0.2533,0.27,8.00
2,0,1.244,0.0,0.0,0.0,-0.0027,-0.0013,0.0179,0.2533,0.20,8.01
2,0,1.264,0.0,0.0,0.0,-0.0011,-0.0007,0.0179,0.2533,0.13,8.00
2,0,1.283,0.0,0.0,0.0,-0.0010,-0.0006,0.0180,0.2533,0.11,7.99
2,0,1.308,0.0,0.0,0.0,-0.0005,-0.0005,0.0180,0.2533,0.10,7.99
2,0,1.326,0.0,0.0,0.0,-0.0006,-0.0005,0.0180,0.2532,0.10,7.99
2,0,1.346,0.0,0.0,0.0,-0.0009,-0.0005,0.0181,0.2532,0.10,7.99
2,0,1.364,0.0,0.0,0.0,-0.0005,-0.0005,0.0181,0.2532,0.10,7.99
2,0,1.384,0.0,0.0,0.0,-0.0009,-0.0005,0.0181,0.2532,0.10,7.99
2,0,1.405,0.0,0.0,0.0,-0.0006,-0.0005,0.0181,0.2532,0.10,7.99
2,0,1.427,0.0,0.0,0.0,-0.0006,-0.0005,0.0182,0.2532,0.10,7.99
2,0,1.445,0.0,0.0,0.0,-0.0009,-0.0005,0.0182,0.2532,0.10,7.99
2,0,1.462,0.0,0.0,0.0,-0.0008,-0.0005,0.0182,0.2532,0.09,7.99
2,0,1.482,0.0,0.0,0.0,-0.0006,-0.0005,0.0182,0.2532,0.09,8.00
2,0,1.510,0.0,0.0,0.0,-0.0009,-0.0005,0.0182,0.2532,0.09,8.00
2,0,1.528,0.0,0.0,0.0,-0.0009,-0.0005,0.0182,0.2532,0.09,8.00
2,0,1.547,0.0,0.0,0.0,-0.0004,-0.0005,0.0183,0.2532,0.09,8.00
2,0,1.563,0.0,0.0,0.0,-0.0009,-0.0005,0.0183,0.2532,0.09,8.00
2,0,1.583,0.0,0.0,0.0,-0.0008,-0.0005,0.0183,0.2532,0.08,8.00
2,0,1.612,0.0,0.0,0.0,-0.0006,-0.0005,0.0183,0.2532,0.09,8.00
2,0,1.628,0.0,0.0,0.0,-0.0007,-0.0005,0.0183,0.2532,0.09,8.00
2,0,1.646,0.0,0.0,0.0,-0.0012,-0.0005,0.0183,0.2532,0.09,8.00
2,0,1.664,0.0,0.0,0.0,-0.0006,-0.0005,0.0184,0.2532,0.09,8.00
2,0,1.684,0.0,0.0,0.0,-0.0007,-0.0005,0.0184,0.2532,0.08,8.00
2,0,1.705,0.0,0.0,0.0,-0.0008,-0.0005,0.0184,0.2532,0.09,8.00
2,0,1.728,0.0,0.0,0.0,-0.0005,-0.0005,0.0184,0.2532,0.09,8.00
2,0,1.745,0.0,0.0,0.0,-0.0010,-0.0005,0.0184,0.2532,0.09,8.00
2,0,1.764,0.0,0.0,0.0,-0.0005,-0.0005,0.0184,0.2532,0.08,8.00
2,0,1.783,0.0,0.0,0.0,-0.0010,-0.0005,0.0184,0.2532,0.08,8.01
2,0,1.804,0.0,0.0,0.0,-0.0006,-0.0005,0.0185,0.2532,0.08,8.01
2,0,1.827,0.0,0.0,0.0,-0.0006,-0.0005,0.0185,0.2532,0.08,8.01
2,0,1.846,0.0,0.0,0.0,-0.0008,-0.0005,0.0185,0.2532,0.08,8.01
2,0,1.863,0.0,0.0,0.0,-0.0009,-0.0005,0.0185,0.2532,0.08,8.01
2,0,1.883,0.0,0.0,0.0,-0.0007,-0.0005,0.0185,0.2532,0.08,8.01
2,0,1.905,0.0,0.0,0.0,-0.0009,-0.0005,0.0185,0.2531,0.08,8.01
2,0,1.927,0.0,0.0,0.0,-0.0007,-0.0005,0.0185,0.2531,0.08,8.01
2,0,1.946,0.0,0.0,0.0,-0.0005,-0.0005,0.0185,0.2531,0.08,8.01
2,0,1.964,0.0,0.0,0.0,-0.0008,-0.0005,0.0186,0.2531,0.08,8.01
2,0,1.983,0.0,0.0,0.0,-0.0008,-0.0005,0.0186,0.2531,0.08,8.01
2,0,2.003,0.0,0.0,0.0,-0.0007,-0.0005,0.0186,0.2531,0.07,8.01
2,0,2.026,0.0,0.0,0.0,-0.0008,-0.0005,0.0186,0.2531,0.07,8.01
2,0,2.045,0.0,0.0,0.0,-0.0008,-0.0005,0.0186,0.2531,0.07,8.01
2,0,2.067,0.0,0.0,0.0,-0.0005,-0.0005,0.0186,0.2531,0.07,8.02
2,0,2.082,0.0,0.0,0.0,-0.0005,-0.0004,0.0186,0.2531,0.07,8.02
2,0,2.105,0.0,0.0,0.0,-0.0009,-0.0005,0.0186,0.2531,0.07,8.02
2,0,2.127,0.0,0.0,0.0,-0.0006,-0.0004,0.0186,0.2531,0.07,8.02
2,0,2.146,0.0,0.0,0.0,-0.0008,-0.0004,0.0186,0.2531,0.07,8.02
2,0,2.162,0.0,0.0,0.0,-0.0007,-0.0004,0.0187,0.2531,0.07,8.02
2,0,2.183,0.0,0.0,0.0,-0.0007,-0.0004,0.0187,0.2531,0.07,8.02
2,0,2.205,0.0,0.0,0.0,-0.0006,-0.0004,0.0187,0.2531,0.07,8.02
2,0,2.226,0.0,0.0,0.0,-0.0008,-0.0004,0.0187,0.2531,0.07,8.02
2,0,2.244,0.0,0.0,0.0,-0.0009,-0.0004,0.0187,0.2531,0.07,8.02
2,0,2.263,0.0,0.0,0.0,-0.0006,-0.0004,0.0187,0.2531,0.07,8.02
2,0,2.284,0.0,0.0,0.0,-0.0009,-0.0004,0.0187,0.2531,0.07,8.03
2,0,2.307,0.0,0.0,0.0,-0.0006,-0.0004,0.0187,0.2531,0.07,8.03
2,0,2.327,0.0,0.0,0.0,-0.0008,-0.0004,0.0187,0.2531,0.07,8.03
2,0,2.346,0.0,0.0,0.0,-0.0006,-0.0004,0.0187,0.2531,0.07,8.03
2,0,2.366,0.0,0.0,0.0,-0.0008,-0.0004,0.0187,0.2531,0.06,8.03
2,0,2.384,0.0,0.0,0.0,-0.0005,-0.0004,0.0187,0.2531,0.07,8.03
2,0,2.409,0.0,0.0,0.0,-0.0006,-0.0004,0.0187,0.2531,0.07,8.03
2,0,2.428,0.0,0.0,0.0,-0.0006,-0.0004,0.0187,0.2531,0.06,8.03
2,0,2.445,0.0,0.0,0.0,-0.0005,-0.0004,0.0187,0.2531,0.06,8.03
2,0,2.465,0.0,0.0,0.0,-0.0008,-0.0004,0.0187,0.2531,0.06,8.03
2,0,2.486,0.0,0.0,0.0,-0.0007,-0.0004,0.0187,0.2531,0.06,8.03
2,0,2.503,0.0,0.0,0.0,-0.0008,-0.0004,0.0187,0.2531,0.06,8.03
2,0,2.527,0.0,0.0,0.0,-0.0006,-0.0004,0.0188,0.2531,0.06,8.04
2,0,2.546,0.0,0.0,0.0,-0.0006,-0.0004,0.0188,0.2531,0.06,8.04
2,0,2.562,0.0,0.0,0.0,-0.0008,-0.0004,0.0188,0.2531,0.07,8.04
2,0,2.583,0.0,0.0,0.0,-0.0006,-0.0004,0.0188,0.2531,0.05,8.04
2,0,2.604,0.0,0.0,0.0,-0.0007,-0.0004,0.0188,0.2530,0.06,8.04
2,0,2.627,0.0,0.0,0.0,-0.0006,-0.0004,0.0188,0.2530,0.06,8.04
2,0,2.647,0.0,0.0,0.0,-0.0014,-0.0004,0.0188,0.2530,0.06,8.04
2,0,2.664,0.0,0.0,0.0,-0.0004,-0.0004,0.0188,0.2530,0.06,8.04
2,0,2.682,0.0,0.0,0.0,-0.0009,-0.0004,0.0188,0.2530,0.06,8.04
2,0,2.704,0.0,0.0,0.0,-0.0008,-0.0004,0.0188,0.2530,0.06,8.05
2,0,2.726,0.0,0.0,0.0,-0.0006,-0.0004,0.0188,0.2530,0.06,8.05
2,0,2.743,0.0,0.0,0.0,-0.0005,-0.0004,0.0188,0.2530,0.06,8.05
2,0,2.762,0.0,0.0,0.0,-0.0007,-0.0004,0.0188,0.2530,0.06,8.05
2,0,2.781,0.0,0.0,0.0,-0.0009,-0.0004,0.0188,0.2530,0.06,8.05
2,0,2.802,0.0,0.0,0.0,-0.0006,-0.0004,0.0188,0.2530,0.06,8.05
2,0,2.822,0.0,0.0,0.0,-0.0005,-0.0004,0.0188,0.2530,0.06,8.05
2,0,2.845,0.0,0.0,0.0,-0.0008,-0.0004,0.0188,0.2530,0.06,8.05
2,0,2.862,0.0,0.0,0.0,-0.0004,-0.0004,0.0188,0.2530,0.06,8.05
2,0,2.884,0.0,0.0,0.0,-0.0006,-0.0004,0.0188,0.2530,0.06,8.05
2,0,2.905,0.0,0.0,0.0,-0.0008,-0.0004,0.0188,0.2530,0.07,8.06
2,0,2.927,0.0,0.0,0.0,-0.0006,-0.0004,0.0188,0.2530,0.06,8.06
2,0,2.948,0.0,0.0,0.0,-0.0007,-0.0004,0.0188,0.2530,0.06,8.06
2,0,2.964,0.0,0.0,0.0,-0.0006,-0.0004,0.0188,0.2530,0.06,8.06
2,0,2.983,0.0,0.0,0.0,-0.0007,-0.0004,0.0188,0.2530,0.06,8.06
2,1,3.005,0.3,0.0,0.0,0.0000,-0.0004,0.0188,0.2530,0.06,8.06
2,1,3.026,0.3,0.0,0.0,-0.0010,-0.0004,0.0188,0.2530,0.06,10.96
2,1,3.049,0.3,0.0,0.0,0.0009,-0.0020,0.0196,0.2529,3.14,11.91
2,1,3.064,0.3,0.0,0.0,0.0028,-0.0020,0.0196,0.2529,3.14,11.91
2,1,3.083,0.3,0.0,0.0,0.0065,0.0012,0.0209,0.2526,4.94,13.16
2,1,3.103,0.3,0.0,0.0,0.0142,0.0030,0.0219,0.2522,4.65,13.67
2,1,3.122,0.3,0.0,0.0,0.0163,0.0095,0.0229,0.2516,4.17,14.20
2,1,3.146,0.3,0.0,0.0,0.0266,0.0130,0.0248,0.2510,4.60,14.46
2,1,3.163,0.3,0.0,0.0,0.0415,0.0123,0.0267,0.2504,4.80,14.41
2,1,3.184,0.3,0.0,0.0,0.0228,0.0106,0.0289,0.2498,5.20,13.90
2,1,3.202,0.3,0.0,0.0,0.0505,0.0070,0.0318,0.2492,4.90,13.55
2,1,3.227,0.3,0.0,0.0,0.0490,0.0027,0.0342,0.2488,3.41,12.54
2,1,3.246,0.3,0.0,0.0,0.0201,0.0025,0.0351,0.2487,2.50,12.55
2,1,3.264,0.3,0.0,0.0,0.0242,0.0012,0.0360,0.2487,1.93,10.38
2,1,3.283,0.3,0.0,0.0,0.0426,0.0077,0.0366,0.2491,4.19,8.77
2,1,3.301,0.3,0.0,0.0,0.0243,0.0110,0.0365,0.2494,5.20,7.86
2,1,3.329,0.3,0.0,0.0,0.0273,0.0306,0.0358,0.2505,6.46,8.72
2,1,3.345,0.3,0.0,0.0,0.0225,0.0336,0.0355,0.2508,6.28,9.93
2,1,3.363,0.3,0.0,0.0,0.0107,0.0455,0.0350,0.2511,7.41,10.80
2,1,3.382,0.3,0.0,0.0,0.0211,0.0414,0.0344,0.2513,11.25,11.55
2,1,3.402,0.3,0.0,0.0,0.0188,0.0249,0.0342,0.2512,6.86,12.08
2,1,3.427,0.3,0.0,0.0,0.0096,0.0160,0.0342,0.2510,6.49,12.34
2,1,3.446,0.3,0.0,0.0,0.0225,0.0079,0.0344,0.2506,4.61,12.43
2,1,3.464,0.3,0.0,0.0,0.0261,0.0075,0.0347,0.2499,4.05,12.03
2,1,3.482,0.3,0.0,0.0,0.0319,0.0201,0.0353,0.2497,3.61,11.50
2,1,3.505,0.3,0.0,0.0,0.0377,0.0312,0.0364,0.2494,3.40,10.78
2,1,3.527,0.3,0.0,0.0,0.0303,0.0274,0.0382,0.2493,3.12,9.83
2,1,3.547,0.3,0.0,0.0,0.0370,0.0279,0.0394,0.2494,2.54,8.73
2,1,3.564,0.3,0.0,0.0,0.0379,0.0196,0.0404,0.2497,3.63,8.61
2,1,3.584,0.3,0.0,0.0,0.0361,0.0130,0.0417,0.2502,5.87,8.35
2,1,3.605,0.3,0.0,0.0,0.0493,0.0127,0.0422,0.2506,6.56,9.03
2,1,3.627,0.3,0.0,0.0,0.0313,0.0155,0.0431,0.2514,6.89,9.73
2,1,3.648,0.3,0.0,0.0,0.0566,0.0144,0.0440,0.2521,5.96,10.43
2,1,3.664,0.3,0.0,0.0,0.0372,0.0127,0.0444,0.2523,5.19,11.14
2,1,3.686,0.3,0.0,0.0,0.0480,0.0019,0.0452,0.2527,3.72,11.72
2,1,3.705,0.3,0.0,0.0,0.0608,-0.0027,0.0458,0.2528,2.89,12.12
2,1,3.727,0.3,0.0,0.0,0.0301,-0.0076,0.0465,0.2527,3.26,12.37
2,1,3.747,0.3,0.0,0.0,0.0346,-0.0080,0.0470,0.2523,3.52,12.41
2,1,3.764,0.3,0.0,0.0,0.0503,-0.0075,0.0473,0.2520,3.77,12.35
2,1,3.784,0.3,0.0,0.0,0.0480,-0.0071,0.0478,0.2514,4.70,11.94
2,1,3.808,0.3,0.0,0.0,0.0437,-0.0099,0.0484,0.2510,5.34,11.56
2,1,3.828,0.3,0.0,0.0,0.0362,-0.0159,0.0495,0.2505,3.98,10.90
2,1,3.847,0.3,0.0,0.0,0.0642,-0.0163,0.0504,0.2503,2.75,10.88
2,1,3.865,0.3,0.0,0.0,0.0306,-0.0108,0.0511,0.2503,1.68,9.51
2,1,3.882,0.3,0.0,0.0,0.0513,-0.0069,0.0510,0.2505,3.58,8.62
2,1,3.905,0.3,0.0,0.0,0.0202,-0.0005,0.0501,0.2511,6.42,7.24
2,1,3.927,0.3,0.0,0.0,0.0075,-0.0005,0.0501,0.2511,6.42,7.24
2,1,3.945,0.3,0.0,0.0,0.0140,0.0067,0.0478,0.2523,8.05,7.56
2,1,3.963,0.3,0.0,0.0,0.0099,0.0137,0.0456,0.2532,6.76,9.69
2,1,3.985,0.3,0.0,0.0,0.0037,0.0194,0.0440,0.2538,4.70,10.37
2,1,4.003,0.3,0.0,0.0,0.0074,0.0201,0.0433,0.2540,3.40,10.78
2,1,4.028,0.3,0.0,0.0,0.0026,0.0171,0.0430,0.2539,1.98,10.90
2,1,4.045,0.3,0.0,0.0,0.0046,0.0164,0.0430,0.2538,1.90,10.92
2,1,4.064,0.3,0.0,0.0,0.0035,0.0171,0.0430,0.2535,1.86,10.74
2,1,4.083,0.3,0.0,0.0,0.0043,0.0207,0.0434,0.2533,2.09,10.35
2,1,4.103,0.3,0.0,0.0,0.0053,0.0220,0.0437,0.2532,1.91,10.37
2,1,4.130,0.3,0.0,0.0,0.0079,0.0123,0.0449,0.2530,1.22,9.15
2,1,4.146,0.3,0.0,0.0,0.0094,0.0080,0.0453,0.2529,0.72,8.41
2,1,4.165,0.3,0.0,0.0,0.0047,0.0049,0.0456,0.2529,0.83,7.52
2,1,4.184,0.3,0.0,0.0,0.0022,0.0034,0.0458,0.2531,1.81,6.50
2,1,4.202,0.3,0.0,0.0,0.0023,0.0039,0.0460,0.2533,2.63,7.64
2,1,4.222,0.3,0.0,0.0,0.0025,0.0043,0.0461,0.2534,2.74,7.52
2,1,4.245,0.3,0.0,0.0,0.0026,0.0037,0.0464,0.2538,2.75,9.75
2,1,4.264,0.3,0.0,0.0,0.0044,0.0034,0.0465,0.2539,2.45,10.64
2,1,4.283,0.3,0.0,0.0,0.0032,0.0019,0.0470,0.2540,1.55,11.32
2,1,4.304,0.3,0.0,0.0,0.0098,0.0003,0.0473,0.2539,1.43,11.84
2,1,4.327,0.3,0.0,0.0,0.0073,-0.0027,0.0474,0.2535,2.30,12.23
2,1,4.344,0.3,0.0,0.0,0.0068,-0.0036,0.0475,0.2532,2.46,12.32
2,1,4.364,0.3,0.0,0.0,0.0128,-0.0052,0.0480,0.2527,2.54,12.18
2,1,4.383,0.3,0.0,0.0,0.0167,-0.0060,0.0490,0.2520,3.29,11.94
2,1,4.406,0.3,0.0,0.0,0.0212,-0.0061,0.0497,0.2517,3.75,11.51
2,1,4.426,0.3,0.0,0.0,0.0149,-0.0065,0.0504,0.2515,4.18,11.51
2,1,4.446,0.3,0.0,0.0,0.0200,-0.0077,0.0507,0.2515,4.30,9.89
2,1,4.464,0.3,0.0,0.0,0.0158,-0.0032,0.0508,0.2513,1.51,9.03
2,1,4.484,0.3,0.0,0.0,0.0094,-0.0029,0.0509,0.2514,2.48,8.07
2,1,4.504,0.3,0.0,0.0,0.0044,-0.0026,0.0504,0.2518,4.70,7.60
2,1,4.532,0.3,0.0,0.0,-0.0010,0.0001,0.0493,0.2523,6.18,7.90
2,1,4.546,0.3,0.0,0.0,-0.0072,0.0047,0.0476,0.2530,5.94,7.84
2,1,4.564,0.3,0.0,0.0,-0.0075,0.0075,0.0464,0.2535,5.10,9.87
2,1,4.583,0.3,0.0,0.0,-0.0097,0.0085,0.0457,0.2538,4.22,10.54
2,1,4.608,0.3,0.0,0.0,-0.0044,0.0091,0.0451,0.2539,2.20,10.92
2,1,4.627,0.3,0.0,0.0,-0.0043,0.0093,0.0447,0.2539,0.97,11.25
2,1,4.645,0.3,0.0,0.0,-0.0028,0.0128,0.0446,0.2537,1.25,11.46
2,1,4.664,0.3,0.0,0.0,-0.0003,0.0179,0.0447,0.2535,1.69,11.40
2,1,4.681,0.3,0.0,0.0,0.0017,0.0224,0.0450,0.2533,1.85,11.02
2,1,4.707,0.3,0.0,0.0,0.0033,0.0232,0.0456,0.2532,1.34,10.54
2,1,4.726,0.3,0.0,0.0,0.0080,0.0200,0.0460,0.2531,1.18,9.97
2,1,4.743,0.3,0.0,0.0,0.0045,0.0167,0.0466,0.2530,1.13,9.15
2,1,4.763,0.3,0.0,0.0,0.0045,0.0126,0.0470,0.2530,1.59,8.14
2,1,4.784,0.3,0.0,0.0,0.0049,0.0094,0.0475,0.2533,2.45,6.86
2,1,4.803,0.3,0.0,0.0,0.0043,0.0091,0.0477,0.2535,2.76,7.11
2,1,4.830,0.3,0.0,0.0,0.0027,0.0084,0.0481,0.2538,2.95,8.25
2,1,4.846,0.3,0.0,0.0,0.0059,0.0070,0.0484,0.2541,2.57,8.16
2,1,4.864,0.3,0.0,0.0,0.0057,0.0060,0.0485,0.2542,2.62,10.27
2,1,4.883,0.3,0.0,0.0,0.0042,0.0039,0.0488,0.2543,2.46,10.88
2,1,4.910,0.3,0.0,0.0,0.0075,0.0015,0.0491,0.2543,1.58,11.37
2,1,4.926,0.3,0.0,0.0,0.0110,-0.0022,0.0495,0.2540,1.43,11.88
2,1,4.944,0.3,0.0,0.0,0.0058,-0.0038,0.0498,0.2537,1.88,11.90
2,1,4.965,0.3,0.0,0.0,0.0186,-0.0059,0.0508,0.2527,2.70,12.11
2,1,4.982,0.3,0.0,0.0,0.0194,-0.0059,0.0513,0.2524,2.86,11.83
2,1,5.001,0.3,0.0,0.0,0.0108,-0.0060,0.0519,0.2520,3.08,11.83
2,1,5.027,0.3,0.0,0.0,0.0210,-0.0078,0.0525,0.2518,3.30,10.64
2,1,5.046,0.3,0.0,0.0,0.0160,-0.0105,0.0524,0.2518,3.60,9.80
2,1,5.067,0.3,0.0,0.0,0.0085,-0.0088,0.0521,0.2519,2.89,9.93
2,1,5.084,0.3,0.0,0.0,0.0084,-0.0034,0.0516,0.2520,1.28,7.71
2,1,5.105,0.3,0.0,0.0,0.0042,-0.0023,0.0513,0.2522,3.13,7.65
2,1,5.128,0.3,0.0,0.0,-0.0011,-0.0010,0.0505,0.2526,5.44,8.02
2,1,5.145,0.3,0.0,0.0,-0.0067,0.0059,0.0489,0.2533,5.85,8.72
2,1,5.163,0.3,0.0,0.0,-0.0091,0.0088,0.0478,0.2537,5.12,9.73
2,1,5.183,0.3,0.0,0.0,-0.0073,0.0065,0.0471,0.2540,3.94,10.28
2,1,5.203,0.3,0.0,0.0,-0.0083,0.0052,0.0466,0.2542,1.91,10.77
2,1,5.229,0.3,0.0,0.0,-0.0038,0.0095,0.0461,0.2540,1.01,11.26
2,1,5.248,0.3,0.0,0.0,-0.0043,0.0106,0.0461,0.2540,1.10,11.26
2,1,5.264,0.3,0.0,0.0,-0.0016,0.0187,0.0462,0.2537,1.78,11.38
2,1,5.283,0.3,0.0,0.0,0.0004,0.0215,0.0465,0.2536,1.84,11.00
2,1,5.304,0.3,0.0,0.0,0.0012,0.0235,0.0471,0.2533,1.34,10.53
2,1,5.326,0.3,0.0,0.0,0.0043,0.0203,0.0477,0.2532,1.15,9.96
2,1,5.348,0.3,0.0,0.0,0.0033,0.0181,0.0479,0.2532,1.11,9.96
2,1,5.369,0.3,0.0,0.0,0.0026,0.0133,0.0485,0.2532,1.57,8.10
2,1,5.384,0.3,0.0,0.0,0.0021,0.0108,0.0487,0.2533,1.92,6.90
2,1,5.405,0.3,0.0,0.0,0.0020,0.0088,0.0490,0.2536,2.78,6.93
2,1,5.424,0.3,0.0,0.0,0.0010,0.0083,0.0492,0.2538,2.84,6.82
2,1,5.448,0.3,0.0,0.0,0.0030,0.0056,0.0494,0.2542,2.68,9.11
2,1,5.464,0.3,0.0,0.0,0.0025,0.0038,0.0495,0.2543,2.13,9.97
2,1,5.484,0.3,0.0,0.0,0.0017,0.0032,0.0497,0.2544,1.98,9.97
2,1,5.508,0.3,0.0,0.0,0.0055,0.0015,0.0498,0.2543,1.54,11.20
2,1,5.528,0.3,0.0,0.0,0.0061,-0.0027,0.0502,0.2540,1.72,11.73
2,1,5.550,0.3,0.0,0.0,0.0093,-0.0049,0.0509,0.2533,2.17,12.04
2,1,5.563,0.3,0.0,0.0,0.0106,-0.0052,0.0513,0.2529,2.15,12.07
2,1,5.581,0.3,0.0,0.0,0.0217,-0.0060,0.0523,0.2523,2.69,11.81
2,1,5.603,0.3,0.0,0.0,0.0152,-0.0069,0.0529,0.2520,2.86,11.26
2,1,5.628,0.3,0.0,0.0,0.0122,-0.0083,0.0532,0.2518,2.85,10.52
2,1,5.645,0.3,0.0,0.0,0.0171,-0.0111,0.0529,0.2520,3.33,9.65
2,1,5.665,0.3,0.0,0.0,0.0100,-0.0149,0.0524,0.2525,4.76,8.63
2,1,5.684,0.3,0.0,0.0,0.0051,-0.0043,0.0514,0.2526,2.01,7.29
2,1,5.708,0.3,0.0,0.0,0.0021,0.0001,0.0512,0.2528,3.11,7.53
2,1,5.728,0.3,0.0,0.0,-0.0023,0.0028,0.0506,0.2531,4.79,8.09
2,1,5.746,0.3,0.0,0.0,-0.0064,0.0046,0.0495,0.2536,5.31,8.48
2,1,5.763,0.3,0.0,0.0,-0.0131,0.0066,0.0480,0.2542,4.55,9.50
2,1,5.784,0.3,0.0,0.0,-0.0087,0.0052,0.0471,0.2545,3.18,10.17
2,1,5.805,0.3,0.0,0.0,-0.0081,0.0052,0.0467,0.2546,1.84,10.63
2,1,5.830,0.3,0.0,0.0,-0.0071,0.0084,0.0465,0.2545,0.97,11.05
2,1,5.846,0.3,0.0,0.0,-0.0035,0.0146,0.0464,0.2543,1.38,11.29
2,1,5.864,0.3,0.0,0.0,-0.0013,0.0200,0.0467,0.2540,1.76,11.17
2,1,5.882,0.3,0.0,0.0,-0.0004,0.0229,0.0469,0.2539,1.78,10.87
2,1,5.902,0.3,0.0,0.0,0.0012,0.0239,0.0476,0.2537,1.60,10.46
2,1,5.926,0.3,0.0,0.0,0.0025,0.0207,0.0481,0.2536,1.21,9.85
2,1,5.946,0.3,0.0,0.0,0.0016,0.0176,0.0485,0.2535,1.11,9.03
2,1,5.964,0.3,0.0,0.0,0.0022,0.0118,0.0490,0.2536,1.52,7.98
2,1,5.983,0.3,0.0,0.0,0.0006,0.0094,0.0492,0.2537,2.07,6.77
2,1,6.003,0.3,0.0,0.0,0.0000,0.0081,0.0494,0.2540,2.61,6.76
2,1,6.029,0.3,0.0,0.0,0.0001,0.0058,0.0496,0.2544,2.42,7.87
2,1,6.046,0.3,0.0,0.0,0.0005,0.0045,0.0497,0.2545,2.19,8.99
2,1,6.064,0.3,0.0,0.0,0.0008,0.0033,0.0498,0.2546,2.18,9.93
2,1,6.083,0.3,0.0,0.0,0.0021,0.0023,0.0499,0.2547,2.03,10.60
2,1,6.103,0.3,0.0,0.0,0.0036,-0.0002,0.0501,0.2546,1.34,11.12
2,1,6.128,0.3,0.0,0.0,0.0057,-0.0028,0.0503,0.2542,1.67,11.70
2,1,6.144,0.3,0.0,0.0,0.0073,-0.0043,0.0508,0.2538,2.03,11.98
2,1,6.164,0.3,0.0,0.0,0.0094,-0.0058,0.0518,0.2530,2.33,12.01
2,1,6.184,0.3,0.0,0.0,0.0150,-0.0062,0.0525,0.2525,2.49,11.78
2,1,6.207,0.3,0.0,0.0,0.0179,-0.0071,0.0531,0.2522,2.77,11.31
2,1,6.226,0.3,0.0,0.0,0.0128,-0.0076,0.0533,0.2521,2.76,10.53
2,1,6.247,0.3,0.0,0.0,0.0148,-0.0114,0.0532,0.2522,3.51,9.56
2,1,6.264,0.3,0.0,0.0,0.0097,-0.0118,0.0522,0.2528,2.88,8.60
2,1,6.281,0.3,0.0,0.0,0.0035,-0.0068,0.0515,0.2528,1.99,7.32
2,1,6.303,0.3,0.0,0.0,0.0011,-0.0024,0.0512,0.2529,2.54,7.52
2,1,6.329,0.3,0.0,0.0,-0.0029,-0.0008,0.0507,0.2532,4.29,8.02
2,1,6.346,0.3,0.0,0.0,-0.0123,0.0050,0.0489,0.2539,5.01,8.48
2,1,6.364,0.3,0.0,0.0,-0.0073,0.0069,0.0480,0.2543,4.55,9.45
2,1,6.383,0.3,0.0,0.0,-0.0126,0.0056,0.0474,0.2545,3.31,10.07
2,1,6.406,0.3,0.0,0.0,-0.0085,0.0038,0.0471,0.2545,1.93,10.57
2,1,6.428,0.3,0.0,0.0,-0.0055,0.0081,0.0468,0.2545,0.83,11.08
2,1,6.447,0.3,0.0,0.0,-0.0029,0.0131,0.0468,0.2543,1.14,11.35
2,1,6.465,0.3,0.0,0.0,-0.0019,0.0191,0.0470,0.2541,1.81,11.34
2,1,6.484,0.3,0.0,0.0,-0.0007,0.0223,0.0476,0.2539,1.75,10.93
2,1,6.504,0.3,0.0,0.0,0.0005,0.0228,0.0480,0.2537,1.49,10.44
2,1,6.527,0.3,0.0,0.0,0.0005,0.0215,0.0483,0.2537,1.32,10.45
2,1,6.547,0.3,0.0,0.0,0.0012,0.0190,0.0487,0.2536,1.15,9.03
2,1,6.565,0.3,0.0,0.0,0.0008,0.0118,0.0492,0.2537,1.63,7.96
2,1,6.584,0.3,0.0,0.0,-0.0003,0.0102,0.0494,0.2538,1.94,6.78
2,1,6.604,0.3,0.0,0.0,-0.0008,0.0086,0.0497,0.2540,2.66,6.73
2,1,6.628,0.3,0.0,0.0,-0.0007,0.0069,0.0498,0.2544,2.73,7.86
2,1,6.648,0.3,0.0,0.0,-0.0002,0.0056,0.0499,0.2545,2.36,7.76
2,1,6.664,0.3,0.0,0.0,0.0001,0.0044,0.0499,0.2546,2.42,9.89
2,1,6.682,0.3,0.0,0.0,0.0018,0.0015,0.0501,0.2547,2.19,10.54
2,1,6.702,0.3,0.0,0.0,0.0021,0.0000,0.0502,0.2546,1.41,11.09
2,1,6.728,0.3,0.0,0.0,0.0038,-0.0032,0.0506,0.2542,1.83,11.65
2,1,6.749,0.3,0.0,0.0,0.0091,-0.0050,0.0514,0.2536,2.26,12.00
2,1,6.767,0.3,0.0,0.0,0.0102,-0.0056,0.0519,0.2532,2.23,11.99
2,1,6.784,0.3,0.0,0.0,0.0187,-0.0054,0.0531,0.2525,2.39,11.77
2,1,6.806,0.3,0.0,0.0,0.0126,-0.0064,0.0536,0.2522,2.65,11.28
2,1,6.829,0.3,0.0,0.0,0.0143,-0.0071,0.0538,0.2520,2.72,10.54
2,1,6.848,0.3,0.0,0.0,0.0127,-0.0113,0.0535,0.2522,3.25,9.57
2,1,6.863,0.3,0.0,0.0,0.0076,-0.0132,0.0531,0.2526,3.78,8.45
2,1,6.881,0.3,0.0,0.0,0.0034,-0.0120,0.0520,0.2530,2.49,7.28
2,1,6.905,0.3,0.0,0.0,0.0005,-0.0022,0.0512,0.2531,2.61,7.29
2,1,6.928,0.3,0.0,0.0,-0.0038,0.0022,0.0504,0.2535,4.63,7.86
2,1,6.946,0.3,0.0,0.0,-0.0054,0.0033,0.0498,0.2538,5.01,8.33
2,1,6.963,0.3,0.0,0.0,-0.0123,0.0051,0.0485,0.2543,4.40,9.30
2,1,6.983,0.3,0.0,0.0,-0.0126,0.0040,0.0476,0.2546,2.63,10.00
2,1,7.005,0.3,0.0,0.0,-0.0082,0.0047,0.0474,0.2547,1.92,10.54
2,1,7.026,0.3,0.0,0.0,-0.0054,0.0082,0.0471,0.2546,1.18,10.95
2,1,7.043,0.3,0.0,0.0,-0.0054,0.0153,0.0471,0.2544,1.22,11.16
2,1,7.066,0.3,0.0,0.0,-0.0025,0.0218,0.0475,0.2542,1.84,11.15
2,1,7.083,0.3,0.0,0.0,-0.0013,0.0241,0.0480,0.2540,1.96,10.88
2,1,7.102,0.3,0.0,0.0,-0.0001,0.0237,0.0486,0.2538,1.80,10.39
2,1,7.129,0.3,0.0,0.0,0.0003,0.0207,0.0490,0.2537,1.27,9.75
2,1,7.148,0.3,0.0,0.0,0.0004,0.0162,0.0495,0.2536,1.12,8.94
2,1,7.164,0.3,0.0,0.0,0.0000,0.0110,0.0499,0.2537,1.54,7.88
2,1,7.184,0.3,0.0,0.0,-0.0009,0.0097,0.0500,0.2538,2.08,6.74
2,1,7.205,0.3,0.0,0.0,-0.0012,0.0087,0.0501,0.2539,2.50,6.74
2,1,7.228,0.3,0.0,0.0,-0.0013,0.0067,0.0503,0.2543,2.78,7.83
2,1,7.245,0.3,0.0,0.0,-0.0008,0.0054,0.0504,0.2545,2.63,8.93
2,1,7.265,0.3,0.0,0.0,0.0003,0.0036,0.0505,0.2547,2.31,9.82
2,1,7.283,0.3,0.0,0.0,0.0013,0.0010,0.0506,0.2547,1.91,10.50
2,1,7.305,0.3,0.0,0.0,0.0023,-0.0004,0.0507,0.2546,1.28,11.07
2,1,7.327,0.3,0.0,0.0,0.0030,-0.0027,0.0509,0.2543,1.71,11.70
2,1,7.346,0.3,0.0,0.0,0.0068,-0.0047,0.0516,0.2537,2.05,12.01
2,1,7.367,0.3,0.0,0.0,0.0126,-0.0057,0.0526,0.2530,2.16,11.99
2,1,7.385,0.3,0.0,0.0,0.0172,-0.0054,0.0536,0.2524,2.47,11.77
2,1,7.405,0.3,0.0,0.0,0.0186,-0.0063,0.0541,0.2521,2.66,11.20
2,1,7.428,0.3,0.0,0.0,0.0108,-0.0094,0.0542,0.2521,2.68,10.50
2,1,7.447,0.3,0.0,0.0,0.0129,-0.0104,0.0541,0.2521,2.48,9.49
2,1,7.466,0.3,0.0,0.0,0.0068,-0.0160,0.0531,0.2528,4.11,8.52
2,1,7.485,0.3,0.0,0.0,0.0015,-0.0129,0.0520,0.2529,2.28,8.62
2,1,7.503,0.3,0.0,0.0,-0.0011,-0.0050,0.0514,0.2529,2.39,7.26
2,1,7.532,0.3,0.0,0.0,-0.0022,0.0006,0.0508,0.2533,4.45,7.86
2,1,7.545,0.3,0.0,0.0,-0.0133,0.0033,0.0499,0.2537,5.44,7.75
2,1,7.564,0.3,0.0,0.0,-0.0113,0.0057,0.0487,0.2542,4.58,9.28
2,1,7.583,0.3,0.0,0.0,-0.0113,0.0047,0.0480,0.2545,3.38,9.99
2,1,7.605,0.3,0.0,0.0,-0.0088,0.0045,0.0476,0.2546,1.81,10.57
2,1,7.634,0.3,0.0,0.0,-0.0064,0.0076,0.0475,0.2545,1.19,11.01
2,1,7.647,0.3,0.0,0.0,-0.0117,0.0121,0.0474,0.2544,1.28,11.02
2,1,7.664,0.3,0.0,0.0,-0.0016,0.0154,0.0475,0.2543,1.53,11.22
2,1,7.684,0.3,0.0,0.0,-0.0024,0.0218,0.0480,0.2541,1.93,10.99
2,1,7.705,0.3,0.0,0.0,-0.0015,0.0224,0.0484,0.2539,1.76,10.47
2,1,7.728,0.3,0.0,0.0,-0.0003,0.0202,0.0489,0.2538,1.33,9.82
2,1,7.746,0.3,0.0,0.0,-0.0005,0.0183,0.0491,0.2538,1.26,9.81
2,1,7.764,0.3,0.0,0.0,-0.0006,0.0129,0.0496,0.2538,1.69,8.00
2,1,7.783,0.3,0.0,0.0,-0.0015,0.0106,0.0498,0.2540,2.27,6.79
2,1,7.803,0.3,0.0,0.0,-0.0015,0.0093,0.0500,0.2542,2.68,6.63
2,1,7.825,0.3,0.0,0.0,-0.0018,0.0075,0.0502,0.2545,2.76,7.75
2,1,7.845,0.3,0.0,0.0,-0.0012,0.0057,0.0503,0.2547,2.49,8.81
2,1,7.864,0.3,0.0,0.0,0.0001,0.0040,0.0504,0.2549,2.28,9.79
2,1,7.882,0.3,0.0,0.0,0.0017,0.0006,0.0506,0.2549,1.57,10.44
2,1,7.904,0.3,0.0,0.0,0.0012,0.0002,0.0506,0.2549,1.37,10.46
2,1,7.927,0.3,0.0,0.0,0.0030,-0.0016,0.0508,0.2546,1.28,11.12
2,1,7.947,0.3,0.0,0.0,0.0081,-0.0047,0.0514,0.2540,2.41,11.92
2,1,7.966,0.3,0.0,0.0,0.0116,-0.0061,0.0524,0.2533,2.15,12.00
2,1,7.983,0.3,0.0,0.0,0.0111,-0.0061,0.0530,0.2530,2.43,11.69
2,1,8.003,0.3,0.0,0.0,0.0176,-0.0064,0.0537,0.2525,2.52,11.24
2,1,8.024,0.3,0.0,0.0,0.0092,-0.0087,0.0541,0.2523,2.59,10.53
2,1,8.047,0.3,0.0,0.0,0.0115,-0.0120,0.0537,0.2526,3.07,9.59
2,1,8.064,0.3,0.0,0.0,0.0089,-0.0145,0.0529,0.2530,3.52,8.50
2,1,8.084,0.3,0.0,0.0,0.0023,-0.0176,0.0524,0.2531,4.54,8.53
2,1,8.103,0.3,0.0,0.0,0.0010,-0.0079,0.0512,0.2532,2.55,6.71
2,1,8.126,0.3,0.0,0.0,-0.0015,-0.0002,0.0506,0.2534,3.60,7.71
2,1,8.145,0.3,0.0,0.0,-0.0029,0.0021,0.0503,0.2537,4.63,8.36
2,1,8.164,0.3,0.0,0.0,-0.0092,0.0052,0.0491,0.2542,3.89,9.09
2,1,8.184,0.3,0.0,0.0,-0.0122,0.0041,0.0485,0.2544,2.99,10.05
2,1,8.203,0.3,0.0,0.0,-0.0083,0.0037,0.0482,0.2545,2.11,10.66
2,1,8.226,0.3,0.0,0.0,-0.0079,0.0094,0.0478,0.2545,1.37,11.00
2,1,8.246,0.3,0.0,0.0,-0.0051,0.0135,0.0479,0.2543,1.30,11.13
2,1,8.266,0.3,0.0,0.0,-0.0027,0.0185,0.0481,0.2542,1.34,11.17
2,1,8.282,0.3,0.0,0.0,-0.0024,0.0222,0.0485,0.2540,1.76,11.17
2,1,8.305,0.3,0.0,0.0,-0.0012,0.0222,0.0493,0.2538,1.65,10.51
2,1,8.327,0.3,0.0,0.0,-0.0003,0.0213,0.0496,0.2537,1.45,9.81
2,1,8.347,0.3,0.0,0.0,-0.0005,0.0179,0.0500,0.2537,1.26,8.96
2,1,8.364,0.3,0.0,0.0,-0.0012,0.0126,0.0504,0.2537,1.49,7.90
2,1,8.382,0.3,0.0,0.0,-0.0021,0.0103,0.0506,0.2539,2.19,6.71
2,1,8.405,0.3,0.0,0.0,-0.0023,0.0086,0.0508,0.2542,2.85,6.65
2,1,8.427,0.3,0.0,0.0,-0.0017,0.0066,0.0510,0.2545,2.76,7.78
2,1,8.451,0.3,0.0,0.0,-0.0029,0.0053,0.0510,0.2546,2.36,7.73
2,1,8.466,0.3,0.0,0.0,-0.0007,0.0039,0.0510,0.2548,2.27,9.85
2,1,8.483,0.3,0.0,0.0,0.0005,0.0016,0.0510,0.2549,2.10,9.79
2,1,8.507,0.3,0.0,0.0,0.0009,-0.0001,0.0510,0.2548,1.43,11.03
2,1,8.527,0.3,0.0,0.0,0.0021,-0.0011,0.0511,0.2547,1.34,11.58
2,1,8.545,0.3,0.0,0.0,0.0046,-0.0043,0.0516,0.2540,2.10,11.96
2,1,8.564,0.3,0.0,0.0,0.0090,-0.0063,0.0523,0.2534,2.38,12.06
2,1,8.585,0.3,0.0,0.0,0.0126,-0.0071,0.0533,0.2527,2.42,11.79
2,1,8.602,0.3,0.0,0.0,0.0178,-0.0072,0.0537,0.2525,2.56,11.27
2,1,8.627,0.3,0.0,0.0,0.0104,-0.0094,0.0541,0.2523,2.56,10.53
2,1,8.644,0.3,0.0,0.0,0.0097,-0.0108,0.0541,0.2523,2.64,9.54
2,1,8.663,0.3,0.0,0.0,0.0096,-0.0136,0.0536,0.2527,3.66,8.49
2,1,8.683,0.3,0.0,0.0,0.0029,-0.0144,0.0519,0.2534,3.08,7.34
2,1,8.707,0.3,0.0,0.0,-0.0008,-0.0046,0.0507,0.2535,3.22,7.11
2,1,8.727,0.3,0.0,0.0,-0.0045,-0.0012,0.0503,0.2538,3.99,7.80
2,1,8.751,0.3,0.0,0.0,-0.0036,0.0015,0.0496,0.2542,4.59,7.54
2,1,8.764,0.3,0.0,0.0,-0.0137,0.0044,0.0483,0.2547,4.27,9.23
2,1,8.783,0.3,0.0,0.0,-0.0114,0.0049,0.0479,0.2548,3.74,9.94
2,1,8.804,0.3,0.0,0.0,-0.0082,0.0043,0.0474,0.2550,1.89,10.42
2,1,8.827,0.3,0.0,0.0,-0.0044,0.0063,0.0473,0.2549,1.32,10.83
2,1,8.846,0.3,0.0,0.0,-0.0041,0.0126,0.0473,0.2548,1.41,11.07
2,1,8.866,0.3,0.0,0.0,-0.0037,0.0202,0.0477,0.2545,1.88,11.11
2,1,8.889,0.3,0.0,0.0,-0.0017,0.0244,0.0482,0.2543,2.10,10.82
2,1,8.904,0.3,0.0,0.0,-0.0006,0.0228,0.0490,0.2541,1.74,10.33
2,1,8.928,0.3,0.0,0.0,-0.0001,0.0197,0.0495,0.2540,1.31,9.67
2,1,8.947,0.3,0.0,0.0,-0.0001,0.0163,0.0499,0.2539,1.20,8.84
2,1,8.964,0.3,0.0,0.0,-0.0011,0.0123,0.0503,0.2539,1.38,8.80
2,1,8.984,0.3,0.0,0.0,-0.0016,0.0097,0.0506,0.2541,2.11,6.56
2,1,9.008,0.3,0.0,0.0,-0.0019,0.0078,0.0508,0.2544,2.68,6.65
2,2,9.037,0.6,0.0,0.0,0.0000,0.0063,0.0509,0.2546,2.73,7.83
2,2,9.048,0.6,0.0,0.0,-0.0019,0.0048,0.0509,0.2548,2.23,7.76
2,2,9.065,0.6,0.0,0.0,-0.0007,0.0048,0.0509,0.2550,2.01,9.56
2,2,9.083,0.6,0.0,0.0,0.0031,0.0038,0.0512,0.2550,1.60,10.32
2,2,9.106,0.6,0.0,0.0,0.0043,-0.0006,0.0518,0.2548,1.46,11.02
2,2,9.129,0.6,0.0,0.0,0.0054,-0.0054,0.0525,0.2543,2.57,11.72
2,2,9.146,0.6,0.0,0.0,0.0150,-0.0081,0.0532,0.2538,3.05,12.16
2,2,9.166,0.6,0.0,0.0,0.0110,-0.0086,0.0541,0.2532,3.15,12.32
2,2,9.185,0.6,0.0,0.0,0.0216,-0.0086,0.0550,0.2526,2.96,12.18
2,2,9.205,0.6,0.0,0.0,0.0267,-0.0093,0.0558,0.2522,3.16,11.73
2,2,9.228,0.6,0.0,0.0,0.0177,-0.0142,0.0561,0.2520,3.05,10.96
2,2,9.247,0.6,0.0,0.0,0.0180,-0.0194,0.0558,0.2521,3.18,9.99
2,2,9.268,0.6,0.0,0.0,0.0186,-0.0180,0.0543,0.2526,2.83,8.92
2,2,9.283,0.6,0.0,0.0,0.0094,-0.0125,0.0539,0.2525,2.11,7.54
2,2,9.303,0.6,0.0,0.0,0.0109,-0.0027,0.0536,0.2527,2.87,7.62
2,2,9.328,0.6,0.0,0.0,0.0029,0.0010,0.0529,0.2532,4.84,8.21
2,2,9.347,0.6,0.0,0.0,-0.0004,0.0040,0.0522,0.2534,5.03,7.95
2,2,9.364,0.6,0.0,0.0,-0.0018,0.0077,0.0512,0.2538,4.78,9.20
2,2,9.383,0.6,0.0,0.0,-0.0022,0.0114,0.0502,0.2540,2.95,10.72
2,2,9.409,0.6,0.0,0.0,-0.0024,0.0059,0.0498,0.2539,2.00,11.23
2,2,9.429,0.6,0.0,0.0,-0.0021,0.0052,0.0494,0.2535,2.15,11.62
2,2,9.445,0.6,0.0,0.0,0.0020,0.0061,0.0493,0.2533,2.99,11.78
2,2,9.463,0.6,0.0,0.0,0.0054,0.0087,0.0492,0.2529,3.77,11.85
2,2,9.487,0.6,0.0,0.0,0.0144,0.0142,0.0493,0.2525,4.23,11.91
2,2,9.505,0.6,0.0,0.0,0.0171,0.0239,0.0502,0.2519,3.47,11.38
2,2,9.529,0.6,0.0,0.0,0.0207,0.0252,0.0514,0.2516,2.58,10.76
2,2,9.545,0.6,0.0,0.0,0.0179,0.0239,0.0524,0.2515,1.74,9.91
2,2,9.563,0.6,0.0,0.0,0.0157,0.0200,0.0531,0.2515,1.77,8.96
2,2,9.582,0.6,0.0,0.0,0.0165,0.0166,0.0536,0.2516,2.10,7.81
2,2,9.603,0.6,0.0,0.0,0.0073,0.0149,0.0539,0.2519,3.24,6.85
2,2,9.628,0.6,0.0,0.0,0.0129,0.0130,0.0541,0.2523,4.32,7.73
2,2,9.647,0.6,0.0,0.0,0.0115,0.0111,0.0542,0.2528,4.52,8.99
2,2,9.670,0.6,0.0,0.0,0.0128,0.0074,0.0541,0.2532,3.89,9.97
2,2,9.684,0.6,0.0,0.0,0.0192,0.0063,0.0542,0.2533,2.80,10.88
2,2,9.704,0.6,0.0,0.0,0.0184,0.0012,0.0545,0.2534,1.80,11.59
2,2,9.727,0.6,0.0,0.0,0.0148,-0.0049,0.0551,0.2529,2.38,12.23
2,2,9.746,0.6,0.0,0.0,0.0145,-0.0065,0.0556,0.2525,2.54,12.81
2,2,9.763,0.6,0.0,0.0,0.0202,-0.0077,0.0561,0.2519,3.15,12.81
2,2,9.783,0.6,0.0,0.0,0.0193,-0.0101,0.0565,0.2515,2.64,12.86
2,2,9.805,0.6,0.0,0.0,0.0198,-0.0176,0.0570,0.2511,2.90,12.37
2,2,9.827,0.6,0.0,0.0,0.0282,-0.0276,0.0568,0.2510,2.69,11.61
2,2,9.845,0.6,0.0,0.0,0.0265,-0.0363,0.0562,0.2514,2.86,10.70
2,2,9.864,0.6,0.0,0.0,0.0146,-0.0248,0.0549,0.2518,1.93,9.50
2,2,9.884,0.6,0.0,0.0,0.0231,-0.0136,0.0545,0.2518,2.11,8.02
2,2,9.907,0.6,0.0,0.0,0.0000,-0.0079,0.0544,0.2520,3.62,7.50
2,2,9.927,0.6,0.0,0.0,0.0152,-0.0032,0.0535,0.2526,6.05,8.00
2,2,9.947,0.6,0.0,0.0,0.0094,0.0076,0.0525,0.2533,6.17,9.04
2,2,9.968,0.6,0.0,0.0,0.0052,0.0118,0.0517,0.2536,5.48,8.99
2,2,9.983,0.6,0.0,0.0,0.0066,0.0162,0.0506,0.2540,3.55,10.60
2,2,10.006,0.6,0.0,0.0,0.0044,0.0150,0.0502,0.2541,2.02,11.13
2,2,10.031,0.6,0.0,0.0,0.0027,0.0109,0.0499,0.2536,1.52,11.63
2,2,10.045,0.6,0.0,0.0,0.0027,0.0112,0.0499,0.2534,1.70,11.64
2,2,10.065,0.6,0.0,0.0,0.0051,0.0157,0.0499,0.2530,3.43,11.62
2,2,10.083,0.6,0.0,0.0,0.0085,0.0182,0.0504,0.2528,3.93,11.25
2,2,10.108,0.6,0.0,0.0,0.0117,0.0199,0.0508,0.2525,2.70,10.88
2,2,10.128,0.6,0.0,0.0,0.0179,0.0176,0.0518,0.2523,2.28,10.37
2,2,10.148,0.6,0.0,0.0,0.0122,0.0161,0.0528,0.2521,1.50,9.66
2,2,10.166,0.6,0.0,0.0,0.0130,0.0136,0.0537,0.2521,1.14,8.72
2,2,10.184,0.6,0.0,0.0,0.0099,0.0128,0.0540,0.2522,1.91,7.63
2,2,10.207,0.6,0.0,0.0,0.0050,0.0114,0.0541,0.2524,2.81,6.94
2,2,10.225,0.6,0.0,0.0,0.0059,0.0102,0.0542,0.2527,3.29,6.67
2,2,10.245,0.6,0.0,0.0,0.0034,0.0076,0.0542,0.2531,3.93,9.02
2,2,10.264,0.6,0.0,0.0,0.0060,0.0057,0.0540,0.2534,3.84,10.09
2,2,10.282,0.6,0.0,0.0,0.0059,0.0044,0.0540,0.2535,2.84,10.83
2,2,10.306,0.6,0.0,0.0,0.0071,-0.0008,0.0545,0.2534,1.08,11.61
2,2,10.328,0.6,0.0,0.0,0.0052,-0.0032,0.0547,0.2529,2.46,12.43
2,2,10.348,0.6,0.0,0.0,0.0128,-0.0053,0.0551,0.2523,2.68,12.99
2,2,10.362,0.6,0.0,0.0,0.0138,-0.0063,0.0555,0.2519,3.19,13.13
2,2,10.381,0.6,0.0,0.0,0.0238,-0.0098,0.0564,0.2511,3.15,13.05
2,2,10.403,0.6,0.0,0.0,0.0282,-0.0155,0.0570,0.2506,3.31,12.61
2,2,10.424,0.6,0.0,0.0,0.0207,-0.0223,0.0572,0.2505,3.05,11.86
2,2,10.441,0.6,0.0,0.0,0.0315,-0.0340,0.0569,0.2509,3.14,10.86
2,2,10.462,0.6,0.0,0.0,0.0252,-0.0305,0.0555,0.2514,2.57,9.75
2,2,10.481,0.6,0.0,0.0,0.0205,-0.0163,0.0549,0.2514,2.05,8.39
2,2,10.505,0.6,0.0,0.0,0.0155,-0.0052,0.0546,0.2518,4.97,7.23
2,2,10.523,0.6,0.0,0.0,0.0105,0.0012,0.0537,0.2525,6.40,7.85
2,2,10.541,0.6,0.0,0.0,0.0107,0.0082,0.0527,0.2531,6.17,9.02
2,2,10.561,0.6,0.0,0.0,0.0088,0.0140,0.0517,0.2535,4.99,9.89
2,2,10.594,0.6,0.0,0.0,0.0045,0.0163,0.0507,0.2538,2.40,10.61
2,2,10.604,0.6,0.0,0.0,0.0036,0.0126,0.0506,0.2538,1.56,11.23
2,2,10.622,0.6,0.0,0.0,0.0058,0.0113,0.0505,0.2536,1.63,11.66
2,2,10.641,0.6,0.0,0.0,0.0069,0.0139,0.0504,0.2533,2.31,11.79
2,2,10.664,0.6,0.0,0.0,0.0041,0.0176,0.0505,0.2529,2.70,11.62
2,2,10.688,0.6,0.0,0.0,0.0122,0.0228,0.0509,0.2525,3.57,11.41
2,2,10.710,0.6,0.0,0.0,0.0175,0.0234,0.0520,0.2520,2.63,11.04
2,2,10.727,0.6,0.0,0.0,0.0069,0.0232,0.0524,0.2520,2.44,11.02
2,2,10.744,0.6,0.0,0.0,0.0124,0.0220,0.0535,0.2518,1.76,9.73
2,2,10.763,0.6,0.0,0.0,0.0193,0.0190,0.0542,0.2517,1.50,8.77
2,2,10.784,0.6,0.0,0.0,0.0091,0.0159,0.0548,0.2519,2.20,7.59
2,2,10.808,0.6,0.0,0.0,0.0053,0.0133,0.0550,0.2522,3.27,6.73
2,2,10.828,0.6,0.0,0.0,0.0110,0.0110,0.0550,0.2527,4.04,7.79
2,2,10.846,0.6,0.0,0.0,0.0089,0.0096,0.0549,0.2529,4.02,7.66
2,2,10.864,0.6,0.0,0.0,0.0043,0.0080,0.0548,0.2532,4.27,10.25
2,2,10.882,0.6,0.0,0.0,0.0116,0.0041,0.0546,0.2534,3.51,11.01
2,2,10.906,0.6,0.0,0.0,0.0070,-0.0002,0.0549,0.2534,1.87,11.70
2,2,10.927,0.6,0.0,0.0,0.0069,-0.0027,0.0551,0.2531,2.06,12.46
2,2,10.945,0.6,0.0,0.0,0.0096,-0.0045,0.0556,0.2524,2.42,12.50
2,2,10.964,0.6,0.0,0.0,0.0156,-0.0068,0.0564,0.2515,3.20,13.23
2,2,10.984,0.6,0.0,0.0,0.0187,-0.0092,0.0569,0.2512,3.11,13.27
2,2,11.007,0.6,0.0,0.0,0.0202,-0.0151,0.0575,0.2508,3.60,12.65
2,2,11.025,0.6,0.0,0.0,0.0298,-0.0235,0.0575,0.2506,2.94,11.94
2,2,11.044,0.6,0.0,0.0,0.0274,-0.0341,0.0570,0.2511,2.67,11.02
2,2,11.064,0.6,0.0,0.0,0.0187,-0.0322,0.0554,0.2517,2.84,9.91
2,2,11.084,0.6,0.0,0.0,0.0214,-0.0161,0.0546,0.2517,2.31,8.47
2,2,11.104,0.6,0.0,0.0,0.0123,-0.0060,0.0544,0.2519,3.78,7.54
2,2,11.126,0.6,0.0,0.0,0.0121,0.0016,0.0539,0.2525,5.97,8.05
2,2,11.147,0.6,0.0,0.0,0.0106,0.0096,0.0527,0.2532,6.12,8.89
2,2,11.167,0.6,0.0,0.0,0.0066,0.0148,0.0520,0.2535,5.32,9.86
2,2,11.183,0.6,0.0,0.0,0.0078,0.0179,0.0511,0.2538,2.65,10.47
2,2,11.205,0.6,0.0,0.0,0.0075,0.0149,0.0510,0.2538,1.49,11.09
2,2,11.228,0.6,0.0,0.0,0.0036,0.0128,0.0510,0.2535,1.85,11.59
2,2,11.245,0.6,0.0,0.0,0.0098,0.0123,0.0510,0.2533,2.20,11.62
2,2,11.263,0.6,0.0,0.0,0.0067,0.0165,0.0510,0.2528,3.24,11.64
2,2,11.284,0.6,0.0,0.0,0.0057,0.0165,0.0510,0.2528,3.24,11.64
2,2,11.307,0.6,0.0,0.0,0.0149,0.0250,0.0516,0.2523,2.81,11.10
2,2,11.329,0.6,0.0,0.0,0.0124,0.0257,0.0529,0.2521,2.12,10.42
2,2,11.348,0.6,0.0,0.0,0.0166,0.0213,0.0540,0.2519,1.47,9.61
2,2,11.364,0.6,0.0,0.0,0.0132,0.0166,0.0546,0.2519,1.33,8.62
2,2,11.385,0.6,0.0,0.0,0.0067,0.0144,0.0550,0.2521,2.15,7.44
2,2,11.407,0.6,0.0,0.0,0.0068,0.0124,0.0552,0.2523,3.24,6.74
2,2,11.426,0.6,0.0,0.0,0.0053,0.0116,0.0552,0.2525,3.42,6.47
2,2,11.444,0.6,0.0,0.0,0.0039,0.0080,0.0550,0.2531,4.14,9.10
2,2,11.464,0.6,0.0,0.0,0.0052,0.0069,0.0549,0.2532,4.13,10.15
2,2,11.482,0.6,0.0,0.0,0.0052,0.0033,0.0548,0.2534,2.93,10.92
2,2,11.506,0.6,0.0,0.0,0.0073,-0.0011,0.0553,0.2533,1.14,11.75
2,2,11.526,0.6,0.0,0.0,0.0060,-0.0031,0.0556,0.2531,1.27,11.79
2,2,11.545,0.6,0.0,0.0,0.0070,-0.0048,0.0560,0.2524,2.82,13.05
2,2,11.564,0.6,0.0,0.0,0.0110,-0.0062,0.0564,0.2515,2.60,13.30
2,2,11.582,0.6,0.0,0.0,0.0197,-0.0088,0.0568,0.2511,2.85,13.04
2,2,11.605,0.6,0.0,0.0,0.0226,-0.0130,0.0573,0.2507,2.92,12.49
2,2,11.629,0.6,0.0,0.0,0.0162,-0.0256,0.0574,0.2507,2.75,11.84
2,2,11.645,0.6,0.0,0.0,0.0263,-0.0280,0.0568,0.2508,2.95,11.85
2,2,11.664,0.6,0.0,0.0,0.0209,-0.0374,0.0560,0.2514,4.80,9.76
2,2,11.683,0.6,0.0,0.0,0.0128,-0.0265,0.0552,0.2516,2.80,8.25
2,2,11.706,0.6,0.0,0.0,0.0135,-0.0087,0.0543,0.2516,3.38,7.17
2,2,11.727,0.6,0.0,0.0,0.0097,0.0014,0.0539,0.2521,5.29,8.10
2,2,11.746,0.6,0.0,0.0,0.0083,0.0040,0.0535,0.2524,5.94,9.00
2,2,11.764,0.6,0.0,0.0,0.0053,0.0165,0.0521,0.2531,4.50,9.88
2,2,11.782,0.6,0.0,0.0,0.0047,0.0175,0.0517,0.2532,3.60,10.65
2,2,11.802,0.6,0.0,0.0,0.0038,0.0157,0.0513,0.2533,2.33,11.25
2,2,11.827,0.6,0.0,0.0,0.0050,0.0101,0.0511,0.2531,1.73,11.65
2,2,11.845,0.6,0.0,0.0,0.0052,0.0093,0.0511,0.2528,2.01,11.82
2,2,11.864,0.6,0.0,0.0,0.0040,0.0126,0.0512,0.2526,3.54,11.79
2,2,11.884,0.6,0.0,0.0,0.0079,0.0262,0.0514,0.2522,3.37,11.64
2,2,11.905,0.6,0.0,0.0,0.0136,0.0320,0.0517,0.2520,2.83,11.23
2,2,11.923,0.6,0.0,0.0,0.0171,0.0277,0.0526,0.2518,1.94,11.18
2,2,11.944,0.6,0.0,0.0,0.0119,0.0204,0.0538,0.2516,1.57,9.71
2,2,11.964,0.6,0.0,0.0,0.0133,0.0163,0.0547,0.2516,1.58,8.73
2,2,11.983,0.6,0.0,0.0,0.0060,0.0145,0.0551,0.2518,2.21,7.58
2,2,12.005,0.6,0.0,0.0,0.0104,0.0141,0.0552,0.2520,2.98,6.71
2,2,12.029,0.6,0.0,0.0,0.0060,0.0102,0.0553,0.2526,4.10,7.76
2,2,12.047,0.6,0.0,0.0,0.0020,0.0085,0.0552,0.2529,4.15,9.18
2,2,12.064,0.6,0.0,0.0,0.0084,0.0066,0.0549,0.2532,3.78,10.26
2,2,12.083,0.6,0.0,0.0,0.0070,0.0020,0.0549,0.2533,2.84,11.07
2,2,12.104,0.6,0.0,0.0,0.0066,-0.0010,0.0553,0.2532,1.34,11.84
2,2,12.130,0.6,0.0,0.0,0.0086,-0.0037,0.0559,0.2527,2.30,12.56
2,2,12.147,0.6,0.0,0.0,0.0151,-0.0048,0.0564,0.2522,2.39,13.31
2,2,12.165,0.6,0.0,0.0,0.0059,-0.0066,0.0573,0.2514,3.66,13.51
2,2,12.184,0.6,0.0,0.0,0.0298,-0.0099,0.0580,0.2508,3.37,13.47
2,2,12.205,0.6,0.0,0.0,0.0302,-0.0162,0.0583,0.2504,3.78,12.91
2,2,12.224,0.6,0.0,0.0,0.0215,-0.0240,0.0583,0.2504,3.56,11.97
2,2,12.247,0.6,0.0,0.0,0.0279,-0.0351,0.0578,0.2508,2.14,10.99
2,2,12.264,0.6,0.0,0.0,0.0196,-0.0419,0.0567,0.2513,3.86,9.88
2,2,12.284,0.6,0.0,0.0,0.0165,-0.0238,0.0556,0.2515,2.65,8.42
2,2,12.302,0.6,0.0,0.0,0.0136,-0.0074,0.0549,0.2516,3.27,7.50
2,2,12.326,0.6,0.0,0.0,0.0168,0.0024,0.0544,0.2520,5.32,8.16
2,2,12.346,0.6,0.0,0.0,0.0071,0.0097,0.0535,0.2527,6.17,9.07
2,2,12.365,0.6,0.0,0.0,0.0098,0.0163,0.0526,0.2531,5.37,9.94
2,2,12.383,0.6,0.0,0.0,0.0084,0.0211,0.0520,0.2533,3.83,10.53
2,2,12.405,0.6,0.0,0.0,0.0065,0.0214,0.0517,0.2534,2.41,11.10
2,2,12.431,0.6,0.0,0.0,0.0069,0.0175,0.0516,0.2532,1.65,11.56
2,2,12.445,0.6,0.0,0.0,0.0086,0.0138,0.0516,0.2529,2.10,11.78
2,2,12.467,0.6,0.0,0.0,0.0082,0.0131,0.0517,0.2528,2.91,11.81
2,2,12.483,0.6,0.0,0.0,0.0088,0.0194,0.0519,0.2522,3.59,11.61
2,2,12.504,0.6,0.0,0.0,0.0173,0.0264,0.0522,0.2520,3.79,11.36
2,2,12.524,0.6,0.0,0.0,0.0138,0.0275,0.0530,0.2518,2.44,11.30
2,2,12.547,0.6,0.0,0.0,0.0129,0.0230,0.0542,0.2516,1.67,10.57
2,2,12.567,0.6,0.0,0.0,0.0139,0.0177,0.0553,0.2516,1.73,8.75
2,2,12.584,0.6,0.0,0.0,0.0032,0.0168,0.0554,0.2516,1.76,8.71
2,2,12.603,0.6,0.0,0.0,0.0094,0.0141,0.0556,0.2519,3.22,6.80
2,2,12.627,0.6,0.0,0.0,0.0056,0.0116,0.0556,0.2524,4.22,7.78
2,2,12.649,0.6,0.0,0.0,0.0032,0.0103,0.0555,0.2526,4.20,7.64
2,2,12.664,0.6,0.0,0.0,0.0047,0.0083,0.0553,0.2529,4.46,10.24
2,2,12.683,0.6,0.0,0.0,0.0083,0.0040,0.0551,0.2532,3.81,11.01
2,2,12.710,0.6,0.0,0.0,0.0066,-0.0000,0.0555,0.2531,1.89,11.69
2,2,12.727,0.6,0.0,0.0,0.0069,-0.0021,0.0558,0.2529,1.44,11.74
2,2,12.745,0.6,0.0,0.0,0.0087,-0.0051,0.0565,0.2523,2.67,13.18
2,2,12.765,0.6,0.0,0.0,0.0182,-0.0059,0.0571,0.2514,2.93,13.48
2,2,12.784,0.6,0.0,0.0,0.0175,-0.0091,0.0576,0.2509,2.89,13.38
2,2,12.807,0.6,0.0,0.0,0.0223,-0.0164,0.0580,0.2506,3.26,12.83
2,2,12.828,0.6,0.0,0.0,0.0205,-0.0231,0.0580,0.2505,2.82,11.91
2,2,12.852,0.6,0.0,0.0,0.0234,-0.0368,0.0570,0.2512,3.70,11.08
2,2,12.864,0.6,0.0,0.0,0.0201,-0.0349,0.0557,0.2514,2.58,11.16
2,2,12.883,0.6,0.0,0.0,0.0142,-0.0166,0.0550,0.2514,2.04,8.47
2,2,12.904,0.6,0.0,0.0,0.0116,-0.0087,0.0548,0.2515,3.25,7.57
2,2,12.927,0.6,0.0,0.0,0.0104,-0.0015,0.0541,0.2521,5.97,8.12
2,2,12.943,0.6,0.0,0.0,0.0085,0.0046,0.0532,0.2526,6.45,9.03
2,2,12.962,0.6,0.0,0.0,0.0074,0.0172,0.0519,0.2532,5.13,9.99
2,2,12.984,0.6,0.0,0.0,0.0052,0.0192,0.0514,0.2534,3.33,10.59
2,2,13.005,0.6,0.0,0.0,0.0064,0.0158,0.0510,0.2535,1.74,11.24
2,2,13.027,0.6,0.0,0.0,0.0034,0.0156,0.0510,0.2533,1.75,11.65
2,2,13.047,0.6,0.0,0.0,0.0037,0.0134,0.0509,0.2531,1.79,11.77
2,2,13.064,0.6,0.0,0.0,0.0082,0.0137,0.0510,0.2528,2.50,11.76
2,2,13.084,0.6,0.0,0.0,0.0072,0.0228,0.0511,0.2525,3.04,11.55
2,2,13.109,0.6,0.0,0.0,0.0109,0.0260,0.0519,0.2522,2.50,11.16
2,2,13.126,0.6,0.0,0.0,0.0196,0.0244,0.0528,0.2520,2.19,10.51
2,2,13.144,0.6,0.0,0.0,0.0098,0.0226,0.0535,0.2519,1.72,9.74
2,2,13.164,0.6,0.0,0.0,0.0132,0.0178,0.0543,0.2519,1.54,8.77
2,2,13.183,0.6,0.0,0.0,0.0082,0.0153,0.0547,0.2520,2.05,7.62
2,2,13.204,0.6,0.0,0.0,0.0052,0.0131,0.0548,0.2522,2.95,6.77
2,2,13.229,0.6,0.0,0.0,0.0039,0.0108,0.0549,0.2526,3.80,7.71
2,2,13.247,0.6,0.0,0.0,0.0053,0.0082,0.0548,0.2530,3.94,9.07
2,2,13.268,0.6,0.0,0.0,0.0030,0.0070,0.0547,0.2532,3.92,10.20
2,2,13.282,0.6,0.0,0.0,0.0075,0.0056,0.0546,0.2533,3.45,10.10
2,2,13.304,0.6,0.0,0.0,0.0053,-0.0001,0.0548,0.2533,1.76,11.66
2,2,13.332,0.6,0.0,0.0,0.0071,-0.0034,0.0555,0.2526,2.33,12.52
2,2,13.346,0.6,0.0,0.0,0.0105,-0.0042,0.0558,0.2522,2.27,12.54
2,2,13.364,0.6,0.0,0.0,0.0146,-0.0064,0.0568,0.2514,3.30,13.44
2,2,13.384,0.6,0.0,0.0,0.0220,-0.0109,0.0577,0.2506,3.32,13.40
2,2,13.410,0.6,0.0,0.0,0.0291,-0.0176,0.0582,0.2504,3.45,12.78
2,2,13.432,0.6,0.0,0.0,0.0178,-0.0208,0.0583,0.2503,3.08,11.88
2,2,13.445,0.6,0.0,0.0,0.0247,-0.0314,0.0580,0.2506,2.57,11.94
2,2,13.463,0.6,0.0,0.0,0.0319,-0.0391,0.0571,0.2511,5.48,9.77
2,2,13.484,0.6,0.0,0.0,0.0225,-0.0270,0.0550,0.2516,3.87,8.39
2,2,13.505,0.6,0.0,0.0,0.0166,-0.0049,0.0542,0.2517,4.27,7.33
2,2,13.527,0.6,0.0,0.0,0.0128,0.0047,0.0539,0.2523,5.85,8.00
2,2,13.548,0.6,0.0,0.0,0.0120,0.0070,0.0536,0.2526,6.10,8.43
2,2,13.563,0.6,0.0,0.0,0.0059,0.0160,0.0525,0.2532,5.09,9.83
2,2,13.583,0.6,0.0,0.0,0.0090,0.0210,0.0519,0.2535,3.60,10.57
2,2,13.604,0.6,0.0,0.0,0.0051,0.0154,0.0515,0.2536,1.58,11.21
2,2,13.628,0.6,0.0,0.0,0.0057,0.0116,0.0515,0.2532,1.92,11.67
2,2,13.643,0.6,0.0,0.0,0.0040,0.0109,0.0515,0.2530,2.18,11.81
2,2,13.664,0.6,0.0,0.0,0.0041,0.0185,0.0516,0.2527,2.98,11.72
2,2,13.682,0.6,0.0,0.0,0.0140,0.0213,0.0517,0.2526,3.49,11.54
2,2,13.703,0.6,0.0,0.0,0.0117,0.0299,0.0521,0.2521,3.46,11.16
2,2,13.726,0.6,0.0,0.0,0.0159,0.0250,0.0533,0.2518,2.19,10.57
2,2,13.745,0.6,0.0,0.0,0.0130,0.0204,0.0542,0.2517,1.63,9.75
2,2,13.764,0.6,0.0,0.0,0.0130,0.0171,0.0551,0.2517,1.87,8.70
2,2,13.783,0.6,0.0,0.0,0.0089,0.0157,0.0554,0.2519,2.23,7.51
2,2,13.805,0.6,0.0,0.0,0.0099,0.0137,0.0556,0.2522,3.44,6.67
2,2,13.827,0.6,0.0,0.0,0.0056,0.0121,0.0556,0.2526,4.06,7.78
2,2,13.846,0.6,0.0,0.0,0.0071,0.0093,0.0554,0.2530,4.33,9.05
2,2,13.864,0.6,0.0,0.0,0.0073,0.0076,0.0552,0.2532,3.84,10.14
2,2,13.883,0.6,0.0,0.0,0.0080,0.0044,0.0552,0.2533,2.93,10.99
2,2,13.905,0.6,0.0,0.0,0.0045,-0.0002,0.0557,0.2532,1.57,11.80
2,2,13.925,0.6,0.0,0.0,0.0095,-0.0042,0.0560,0.2530,1.45,12.65
2,2,13.947,0.6,0.0,0.0,0.0082,-0.0051,0.0566,0.2520,2.31,13.20
2,2,13.965,0.6,0.0,0.0,0.0196,-0.0062,0.0571,0.2514,2.59,13.37
2,2,13.983,0.6,0.0,0.0,0.0174,-0.0085,0.0576,0.2510,2.68,13.16
2,2,14.005,0.6,0.0,0.0,0.0176,-0.0121,0.0580,0.2507,2.86,12.59
2,2,14.029,0.6,0.0,0.0,0.0150,-0.0241,0.0579,0.2507,2.66,11.89
2,2,14.045,0.6,0.0,0.0,0.0278,-0.0262,0.0578,0.2507,2.73,11.90
2,2,14.063,0.6,0.0,0.0,0.0172,-0.0332,0.0568,0.2512,4.18,9.83
2,2,14.084,0.6,0.0,0.0,0.0116,-0.0210,0.0550,0.2516,2.80,8.32
2,2,14.104,0.6,0.0,0.0,0.0089,-0.0088,0.0542,0.2517,3.20,7.18
2,2,14.128,0.6,0.0,0.0,0.0085,0.0003,0.0537,0.2522,5.27,8.08
2,2,14.145,0.6,0.0,0.0,0.0056,0.0042,0.0530,0.2526,5.97,8.95
2,2,14.163,0.6,0.0,0.0,0.0046,0.0136,0.0522,0.2531,5.21,9.92
2,2,14.183,0.6,0.0,0.0,0.0054,0.0179,0.0512,0.2534,2.91,10.62
2,2,14.210,0.6,0.0,0.0,0.0039,0.0152,0.0510,0.2534,1.86,11.20
2,2,14.228,0.6,0.0,0.0,0.0025,0.0118,0.0510,0.2532,1.52,11.60
2,2,14.246,0.6,0.0,0.0,0.0071,0.0105,0.0511,0.2529,2.12,11.83
2,2,14.266,0.6,0.0,0.0,0.0057,0.0170,0.0513,0.2526,2.74,11.82
2,2,14.283,0.6,0.0,0.0,0.0114,0.0299,0.0516,0.2523,3.21,11.53
2,2,14.305,0.6,0.0,0.0,0.0097,0.0307,0.0522,0.2520,2.76,11.14
2,2,14.327,0.6,0.0,0.0,0.0154,0.0257,0.0530,0.2519,1.98,10.49
2,2,14.347,0.6,0.0,0.0,0.0108,0.0212,0.0539,0.2518,1.49,9.68
2,2,14.364,0.6,0.0,0.0,0.0116,0.0167,0.0547,0.2517,1.53,8.69
2,2,14.385,0.6,0.0,0.0,0.0099,0.0145,0.0550,0.2520,2.44,7.52
2,2,14.405,0.6,0.0,0.0,0.0059,0.0138,0.0551,0.2522,3.06,6.62
2,2,14.428,0.6,0.0,0.0,0.0037,0.0108,0.0552,0.2526,3.92,7.83
2,2,14.444,0.6,0.0,0.0,0.0031,0.0093,0.0551,0.2528,4.17,9.16
2,2,14.462,0.6,0.0,0.0,0.0028,0.0074,0.0549,0.2530,4.45,10.25
2,2,14.484,0.6,0.0,0.0,0.0054,0.0036,0.0549,0.2532,3.40,11.01
2,2,14.505,0.6,0.0,0.0,0.0079,-0.0011,0.0554,0.2531,1.35,11.85
2,2,14.529,0.6,0.0,0.0,0.0056,-0.0037,0.0560,0.2527,2.18,12.76
2,2,14.546,0.6,0.0,0.0,0.0140,-0.0043,0.0561,0.2523,2.09,12.75
2,2,14.563,0.6,0.0,0.0,0.0088,-0.0061,0.0568,0.2516,2.99,13.53
2,2,14.583,0.6,0.0,0.0,0.0203,-0.0091,0.0574,0.2508,2.97,13.37
2,2,14.602,0.6,0.0,0.0,0.0180,-0.0113,0.0576,0.2507,3.18,12.78
2,2,14.625,0.6,0.0,0.0,0.0327,-0.0220,0.0576,0.2505,2.74,11.98
2,2,14.647,0.6,0.0,0.0,0.0202,-0.0329,0.0570,0.2509,3.67,11.01
2,2,14.664,0.6,0.0,0.0,0.0065,-0.0354,0.0567,0.2512,3.57,11.12
2,2,14.683,0.6,0.0,0.0,0.0189,-0.0287,0.0555,0.2514,3.12,8.47
2,2,14.704,0.6,0.0,0.0,0.0105,-0.0069,0.0544,0.2516,3.10,7.46
2,2,14.729,0.6,0.0,0.0,0.0059,-0.0012,0.0540,0.2519,5.19,8.22
2,2,14.747,0.6,0.0,0.0,0.0097,0.0066,0.0529,0.2526,6.14,9.06
2,2,14.763,0.6,0.0,0.0,0.0074,0.0110,0.0523,0.2529,5.72,8.96
2,2,14.784,0.6,0.0,0.0,0.0054,0.0188,0.0513,0.2533,3.99,10.56
2,2,14.805,0.6,0.0,0.0,0.0074,0.0184,0.0509,0.2533,2.08,11.14
2,2,14.829,0.6,0.0,0.0,0.0069,0.0136,0.0510,0.2531,1.70,11.63
2,2,14.847,0.6,0.0,0.0,0.0020,0.0129,0.0511,0.2530,1.76,11.65
2,2,14.864,0.6,0.0,0.0,0.0090,0.0147,0.0514,0.2526,2.37,11.91
2,2,14.883,0.6,0.0,0.0,0.0094,0.0243,0.0517,0.2524,2.93,11.58
2,2,14.901,0.6,0.0,0.0,0.0103,0.0287,0.0519,0.2521,2.92,11.14
2,2,14.929,0.6,0.0,0.0,0.0137,0.0263,0.0530,0.2519,1.99,10.50
2,2,14.943,0.6,0.0,0.0,0.0170,0.0226,0.0540,0.2518,1.44,10.46
2,2,14.964,0.6,0.0,0.0,0.0079,0.0183,0.0545,0.2518,1.34,8.71
2,2,14.984,0.6,0.0,0.0,0.0098,0.0150,0.0549,0.2519,2.06,7.54
2,2,15.006,0.6,0.0,0.0,0.0043,0.0126,0.0551,0.2523,3.20,6.57
2,2,15.025,0.6,0.0,0.0,0.0036,0.0115,0.0551,0.2526,3.47,6.38
2,3,15.049,0.0,0.0,0.5,0.0000,0.0096,0.0550,0.2529,3.98,9.22
2,3,15.063,0.0,0.0,0.5,0.0058,0.0070,0.0547,0.2532,3.64,9.06
2,3,15.083,0.0,0.0,0.5,0.0063,0.1033,0.0543,0.2535,7.06,13.24
2,3,15.103,0.0,0.0,0.5,0.0059,0.1719,0.0542,0.2536,7.19,14.06
2,3,15.127,0.0,0.0,0.5,0.0128,0.2070,0.0556,0.2527,7.07,14.63
2,3,15.147,0.0,0.0,0.5,0.0195,0.2372,0.0576,0.2519,7.05,14.69
2,3,15.164,0.0,0.0,0.5,0.0258,0.2672,0.0597,0.2511,7.34,14.30
2,3,15.184,0.0,0.0,0.5,0.0431,0.2973,0.0626,0.2502,7.13,13.49
2,3,15.211,0.0,0.0,0.5,0.0278,0.3131,0.0649,0.2497,6.93,12.06
2,3,15.226,0.0,0.0,0.5,0.1457,0.3160,0.0671,0.2495,6.53,12.06
2,3,15.245,0.0,0.0,0.5,0.0421,0.3177,0.0688,0.2495,5.06,9.75
2,3,15.267,0.0,0.0,0.5,0.0401,0.3134,0.0685,0.2497,5.95,8.25
2,3,15.283,0.0,0.0,0.5,0.0336,0.3076,0.0667,0.2502,7.13,6.64
2,3,15.304,0.0,0.0,0.5,0.0142,0.3001,0.0619,0.2515,10.69,7.25
2,3,15.331,0.0,0.0,0.5,-0.0095,0.2854,0.0564,0.2527,10.38,8.41
2,3,15.347,0.0,0.0,0.5,-0.0341,0.2837,0.0495,0.2524,12.06,9.35
2,3,15.363,0.0,0.0,0.5,-0.0466,0.2957,0.0480,0.2515,7.38,9.58
2,3,15.385,0.0,0.0,0.5,-0.0361,0.3147,0.0489,0.2508,7.23,11.71
2,3,15.402,0.0,0.0,0.5,-0.0407,0.3736,0.0518,0.2499,6.98,12.07
2,3,15.428,0.0,0.0,0.5,-0.0246,0.4610,0.0559,0.2489,6.35,12.26
2,3,15.447,0.0,0.0,0.5,-0.0179,0.4863,0.0578,0.2486,5.02,12.22
2,3,15.467,0.0,0.0,0.5,-0.0101,0.4898,0.0599,0.2481,6.48,12.78
2,3,15.482,0.0,0.0,0.5,-0.0014,0.4530,0.0596,0.2482,4.72,12.57
2,3,15.504,0.0,0.0,0.5,0.0057,0.4227,0.0584,0.2488,5.73,12.07
2,3,15.529,0.0,0.0,0.5,0.0179,0.4166,0.0578,0.2500,4.97,11.80
2,3,15.544,0.0,0.0,0.5,0.0135,0.4203,0.0568,0.2510,6.35,11.02
2,3,15.565,0.0,0.0,0.5,0.0241,0.4374,0.0554,0.2522,7.88,9.75
2,3,15.583,0.0,0.0,0.5,0.0215,0.4305,0.0536,0.2536,6.55,8.00
2,3,15.604,0.0,0.0,0.5,0.0254,0.3660,0.0542,0.2537,8.45,8.41
2,3,15.627,0.0,0.0,0.5,0.0173,0.3012,0.0559,0.2540,6.39,10.49
2,3,15.644,0.0,0.0,0.5,0.0242,0.2238,0.0572,0.2545,6.52,12.43
2,3,15.662,0.0,0.0,0.5,0.0184,0.2074,0.0576,0.2544,9.41,13.81
2,3,15.683,0.0,0.0,0.5,0.0176,0.2252,0.0582,0.2537,8.17,14.41
2,3,15.704,0.0,0.0,0.5,0.0314,0.2815,0.0594,0.2524,7.36,14.46
2,3,15.726,0.0,0.0,0.5,0.0373,0.3257,0.0603,0.2513,6.72,14.57
2,3,15.745,0.0,0.0,0.5,0.0402,0.3387,0.0609,0.2508,6.09,14.57
2,3,15.762,0.0,0.0,0.5,0.0832,0.3450,0.0628,0.2499,5.55,13.89
2,3,15.783,0.0,0.0,0.5,0.0816,0.3268,0.0657,0.2491,6.25,13.07
2,3,15.802,0.0,0.0,0.5,0.0668,0.3169,0.0675,0.2488,5.65,12.44
2,3,15.829,0.0,0.0,0.5,0.0771,0.3148,0.0682,0.2488,4.60,11.11
2,3,15.847,0.0,0.0,0.5,0.0775,0.3175,0.0676,0.2489,4.17,9.57
2,3,15.866,0.0,0.0,0.5,0.0765,0.3204,0.0663,0.2494,5.31,7.94
2,3,15.884,0.0,0.0,0.5,0.0570,0.3068,0.0628,0.2506,6.73,7.77
2,3,15.906,0.0,0.0,0.5,0.0381,0.2743,0.0572,0.2518,13.19,9.04
2,3,15.926,0.0,0.0,0.5,0.0219,0.2572,0.0545,0.2519,10.15,9.93
2,3,15.945,0.0,0.0,0.5,0.0125,0.2591,0.0518,0.2514,6.96,10.73
2,3,15.964,0.0,0.0,0.5,0.0135,0.2952,0.0522,0.2506,8.76,12.14
2,3,15.983,0.0,0.0,0.5,0.0079,0.3382,0.0531,0.2502,8.18,12.11
2,3,16.004,0.0,0.0,0.5,0.0177,0.4495,0.0567,0.2492,7.43,12.01
2,3,16.026,0.0,0.0,0.5,0.0337,0.5022,0.0598,0.2487,6.78,11.93
2,3,16.044,0.0,0.0,0.5,0.0240,0.5108,0.0607,0.2485,5.82,11.64
2,3,16.064,0.0,0.0,0.5,0.0364,0.4821,0.0611,0.2486,4.24,11.53
2,3,16.081,0.0,0.0,0.5,0.0647,0.4518,0.0608,0.2490,3.70,11.53
2,3,16.105,0.0,0.0,0.5,0.0456,0.4214,0.0606,0.2497,4.27,11.30
2,3,16.124,0.0,0.0,0.5,0.0483,0.4115,0.0598,0.2508,5.16,10.79
2,3,16.143,0.0,0.0,0.5,0.0692,0.4320,0.0584,0.2522,5.39,9.89
2,3,16.162,0.0,0.0,0.5,0.0646,0.4513,0.0572,0.2534,6.83,8.56
2,3,16.182,0.0,0.0,0.5,0.0500,0.4238,0.0562,0.2541,5.58,7.50
2,3,16.205,0.0,0.0,0.5,0.0343,0.3132,0.0573,0.2542,6.89,8.79
2,3,16.229,0.0,0.0,0.5,0.0337,0.2344,0.0592,0.2547,5.63,10.20
2,3,16.244,0.0,0.0,0.5,0.0317,0.2043,0.0596,0.2550,6.77,12.25
2,3,16.263,0.0,0.0,0.5,0.0231,0.2011,0.0597,0.2545,8.90,13.55
2,3,16.284,0.0,0.0,0.5,0.0126,0.2132,0.0598,0.2540,9.61,14.05
2,3,16.302,0.0,0.0,0.5,0.0268,0.2565,0.0598,0.2529,10.19,14.07
2,3,16.326,0.0,0.0,0.5,0.0336,0.3045,0.0594,0.2517,7.46,14.04
2,3,16.349,0.0,0.0,0.5,0.0335,0.3302,0.0591,0.2508,6.70,13.84
2,3,16.366,0.0,0.0,0.5,0.0583,0.3387,0.0596,0.2499,5.58,13.54
2,3,16.383,0.0,0.0,0.5,0.0785,0.3213,0.0616,0.2496,7.13,12.85
2,3,16.413,0.0,0.0,0.5,0.0466,0.3029,0.0632,0.2495,6.08,11.96
2,3,16.426,0.0,0.0,0.5,0.0825,0.2864,0.0646,0.2492,7.17,11.97
2,3,16.448,0.0,0.0,0.5,0.0638,0.2806,0.0656,0.2491,5.43,10.05
2,3,16.467,0.0,0.0,0.5,0.0669,0.2833,0.0646,0.2495,5.63,8.36
2,3,16.484,0.0,0.0,0.5,0.0874,0.2941,0.0618,0.2502,7.75,8.69
2,3,16.504,0.0,0.0,0.5,0.0353,0.2817,0.0563,0.2515,11.81,8.54
2,3,16.530,0.0,0.0,0.5,0.0191,0.2618,0.0525,0.2516,9.67,9.61
2,3,16.545,0.0,0.0,0.5,0.0297,0.2569,0.0509,0.2514,4.99,11.06
2,3,16.565,0.0,0.0,0.5,0.0228,0.2889,0.0517,0.2507,10.11,12.45
2,3,16.582,0.0,0.0,0.5,0.0117,0.3249,0.0525,0.2504,8.69,12.57
2,3,16.605,0.0,0.0,0.5,0.0209,0.4133,0.0542,0.2494,7.12,11.82
2,3,16.628,0.0,0.0,0.5,0.0202,0.5050,0.0557,0.2489,5.33,12.13
2,3,16.647,0.0,0.0,0.5,0.0301,0.5493,0.0572,0.2491,4.47,12.02
2,3,16.665,0.0,0.0,0.5,0.0648,0.5733,0.0587,0.2488,4.51,10.57
2,3,16.684,0.0,0.0,0.5,0.0604,0.5137,0.0598,0.2496,3.99,10.79
2,3,16.704,0.0,0.0,0.5,0.0458,0.4671,0.0594,0.2499,4.50,10.84
2,3,16.726,0.0,0.0,0.5,0.0654,0.4404,0.0582,0.2505,4.69,10.70
2,3,16.746,0.0,0.0,0.5,0.0476,0.4385,0.0563,0.2517,6.07,9.96
2,3,16.766,0.0,0.0,0.5,0.0145,0.4434,0.0558,0.2521,5.91,9.89
2,3,16.784,0.0,0.0,0.5,0.0529,0.3878,0.0551,0.2528,7.49,7.71
2,3,16.805,0.0,0.0,0.5,0.0471,0.3275,0.0566,0.2531,6.27,9.25
2,3,16.827,0.0,0.0,0.5,0.0329,0.2886,0.0577,0.2534,6.41,10.69
2,3,16.844,0.0,0.0,0.5,0.0197,0.2223,0.0586,0.2540,7.39,12.61
2,3,16.864,0.0,0.0,0.5,0.0222,0.2076,0.0583,0.2539,9.39,13.92
2,3,16.884,0.0,0.0,0.5,0.0127,0.2340,0.0578,0.2530,11.16,14.32
2,3,16.905,0.0,0.0,0.5,0.0400,0.2567,0.0576,0.2525,11.33,14.39
2,3,16.927,0.0,0.0,0.5,0.0297,0.3162,0.0566,0.2508,8.14,14.37
2,3,16.946,0.0,0.0,0.5,0.0375,0.3430,0.0560,0.2500,6.92,14.23
2,3,16.967,0.0,0.0,0.5,0.0664,0.3525,0.0561,0.2494,5.22,13.69
2,3,16.983,0.0,0.0,0.5,0.0476,0.3409,0.0576,0.2489,6.04,13.10
2,3,17.005,0.0,0.0,0.5,0.0814,0.3113,0.0603,0.2492,6.86,12.32
2,3,17.031,0.0,0.0,0.5,0.0884,0.2738,0.0633,0.2488,8.42,11.22
2,3,17.046,0.0,0.0,0.5,0.0649,0.2632,0.0638,0.2485,7.49,10.28
2,3,17.067,0.0,0.0,0.5,0.0817,0.2772,0.0628,0.2490,8.70,8.61
2,3,17.083,0.0,0.0,0.5,0.0679,0.2824,0.0601,0.2501,11.50,8.93
2,3,17.105,0.0,0.0,0.5,0.0367,0.2737,0.0557,0.2511,12.07,8.51
2,3,17.127,0.0,0.0,0.5,0.0389,0.2676,0.0514,0.2511,8.73,9.63
2,3,17.145,0.0,0.0,0.5,0.0167,0.2620,0.0506,0.2510,4.21,10.85
2,3,17.165,0.0,0.0,0.5,0.0199,0.2842,0.0516,0.2508,7.77,12.48
2,3,17.188,0.0,0.0,0.5,0.0141,0.3232,0.0524,0.2502,10.06,12.77
2,3,17.205,0.0,0.0,0.5,0.0109,0.3838,0.0532,0.2496,8.23,11.81
2,3,17.226,0.0,0.0,0.5,0.0210,0.4759,0.0543,0.2489,6.52,11.98
2,3,17.249,0.0,0.0,0.5,0.0254,0.5634,0.0560,0.2495,4.92,11.73
2,3,17.264,0.0,0.0,0.5,0.0521,0.5834,0.0570,0.2494,4.38,10.38
2,3,17.283,0.0,0.0,0.5,0.0720,0.5488,0.0584,0.2493,6.77,10.37
2,3,17.303,0.0,0.0,0.5,0.0437,0.4820,0.0584,0.2499,3.40,10.74
2,3,17.331,0.0,0.0,0.5,0.0529,0.4423,0.0562,0.2509,4.37,10.67
2,3,17.345,0.0,0.0,0.5,0.0399,0.4288,0.0548,0.2516,4.94,10.43
2,3,17.369,0.0,0.0,0.5,0.0347,0.3974,0.0540,0.2522,5.20,8.47
2,3,17.384,0.0,0.0,0.5,0.0498,0.3603,0.0549,0.2524,6.65,8.19
2,3,17.404,0.0,0.0,0.5,0.0335,0.3182,0.0565,0.2529,7.11,9.41
2,3,17.425,0.0,0.0,0.5,0.0227,0.2529,0.0577,0.2537,7.63,11.02
2,3,17.447,0.0,0.0,0.5,0.0347,0.2208,0.0575,0.2540,8.67,13.02
2,3,17.464,0.0,0.0,0.5,0.0177,0.2181,0.0567,0.2537,10.01,13.98
2,3,17.484,0.0,0.0,0.5,0.0224,0.2341,0.0562,0.2527,9.78,14.38
2,3,17.505,0.0,0.0,0.5,0.0311,0.2754,0.0555,0.2518,8.89,14.73
2,3,17.528,0.0,0.0,0.5,0.0270,0.3116,0.0545,0.2506,8.61,14.59
2,3,17.547,0.0,0.0,0.5,0.0378,0.3316,0.0542,0.2499,5.80,14.36
2,3,17.564,0.0,0.0,0.5,0.0637,0.3338,0.0545,0.2494,5.55,13.68
2,3,17.585,0.0,0.0,0.5,0.0809,0.3183,0.0561,0.2489,6.20,13.25
2,3,17.609,0.0,0.0,0.5,0.0686,0.2958,0.0582,0.2492,7.20,12.45
2,3,17.627,0.0,0.0,0.5,0.0729,0.2690,0.0605,0.2490,6.98,11.20
2,3,17.647,0.0,0.0,0.5,0.0651,0.2688,0.0616,0.2488,7.85,10.45
2,3,17.666,0.0,0.0,0.5,0.0622,0.2768,0.0604,0.2493,6.65,9.10
2,3,17.683,0.0,0.0,0.5,0.0639,0.2829,0.0577,0.2502,8.41,7.46
2,3,17.705,0.0,0.0,0.5,0.0484,0.2801,0.0540,0.2511,7.84,8.07
2,3,17.728,0.0,0.0,0.5,0.0168,0.2697,0.0511,0.2510,7.66,9.50
2,3,17.744,0.0,0.0,0.5,0.0323,0.2556,0.0499,0.2511,3.87,9.48
2,3,17.765,0.0,0.0,0.5,0.0160,0.2834,0.0505,0.2510,7.87,12.36
2,3,17.782,0.0,0.0,0.5,0.0164,0.3052,0.0510,0.2505,12.17,12.48
2,3,17.806,0.0,0.0,0.5,0.0121,0.3987,0.0520,0.2493,8.08,11.70
2,3,17.829,0.0,0.0,0.5,0.0205,0.4741,0.0527,0.2490,6.06,12.06
2,3,17.847,0.0,0.0,0.5,0.0233,0.5394,0.0535,0.2489,4.16,11.47
2,3,17.864,0.0,0.0,0.5,0.0445,0.5784,0.0550,0.2496,3.97,10.90
2,3,17.884,0.0,0.0,0.5,0.0722,0.5586,0.0570,0.2497,6.54,10.14
2,3,17.905,0.0,0.0,0.5,0.0412,0.4863,0.0568,0.2504,4.16,10.47
2,3,17.928,0.0,0.0,0.5,0.0408,0.4469,0.0553,0.2508,3.42,10.65
2,3,17.947,0.0,0.0,0.5,0.0402,0.4235,0.0539,0.2514,4.59,10.16
2,3,17.965,0.0,0.0,0.5,0.0576,0.4034,0.0532,0.2520,5.05,8.96
2,3,17.984,0.0,0.0,0.5,0.0374,0.3661,0.0543,0.2523,6.33,8.36
2,3,18.008,0.0,0.0,0.5,0.0419,0.3103,0.0566,0.2530,7.80,9.25
2,3,18.028,0.0,0.0,0.5,0.0256,0.2523,0.0575,0.2539,7.48,11.04
2,3,18.046,0.0,0.0,0.5,0.0296,0.2118,0.0571,0.2544,7.76,13.16
2,3,18.065,0.0,0.0,0.5,0.0222,0.2044,0.0564,0.2542,10.19,14.18
2,3,18.084,0.0,0.0,0.5,0.0282,0.2452,0.0555,0.2527,9.39,14.38
2,3,18.105,0.0,0.0,0.5,0.0342,0.2842,0.0548,0.2520,9.33,14.62
2,3,18.129,0.0,0.0,0.5,0.0305,0.3196,0.0539,0.2507,7.36,14.49
2,3,18.146,0.0,0.0,0.5,0.0518,0.3435,0.0536,0.2498,5.63,14.43
2,3,18.164,0.0,0.0,0.5,0.0680,0.3412,0.0544,0.2493,5.94,13.83
2,3,18.186,0.0,0.0,0.5,0.0374,0.3269,0.0559,0.2489,6.25,13.07
2,3,18.208,0.0,0.0,0.5,0.1128,0.3023,0.0581,0.2492,7.15,12.35
2,3,18.229,0.0,0.0,0.5,0.0594,0.2674,0.0612,0.2489,7.37,11.15
2,3,18.248,0.0,0.0,0.5,0.0814,0.2666,0.0619,0.2487,6.69,10.31
2,3,18.264,0.0,0.0,0.5,0.0741,0.2747,0.0609,0.2492,5.89,8.85
2,3,18.283,0.0,0.0,0.5,0.0599,0.2831,0.0585,0.2501,9.10,7.45
2,3,18.301,0.0,0.0,0.5,0.0523,0.2756,0.0536,0.2511,7.83,8.27
2,3,18.321,0.0,0.0,0.5,0.0312,0.2576,0.0502,0.2509,5.85,9.57
2,3,18.345,0.0,0.0,0.5,0.0166,0.2612,0.0498,0.2510,5.68,11.55
2,3,18.365,0.0,0.0,0.5,0.0190,0.3013,0.0502,0.2506,10.63,12.43
2,3,18.383,0.0,0.0,0.5,0.0112,0.3744,0.0510,0.2503,8.08,11.76
2,3,18.403,0.0,0.0,0.5,0.0230,0.4332,0.0517,0.2497,6.37,11.97
2,3,18.431,0.0,0.0,0.5,0.0219,0.4954,0.0531,0.2494,4.55,11.88
2,3,18.447,0.0,0.0,0.5,0.0360,0.5226,0.0541,0.2495,3.56,11.55
2,3,18.464,0.0,0.0,0.5,0.0384,0.5380,0.0556,0.2491,4.15,11.05
2,3,18.485,0.0,0.0,0.5,0.0349,0.5116,0.0565,0.2495,5.62,11.30
2,3,18.505,0.0,0.0,0.5,0.0615,0.4975,0.0566,0.2497,3.94,10.86
2,3,18.525,0.0,0.0,0.5,0.0401,0.4527,0.0558,0.2502,4.76,10.84
2,3,18.547,0.0,0.0,0.5,0.0389,0.4329,0.0547,0.2510,4.82,10.30
2,3,18.564,0.0,0.0,0.5,0.0454,0.4195,0.0535,0.2520,5.46,9.09
2,3,18.582,0.0,0.0,0.5,0.0493,0.3785,0.0539,0.2522,7.00,8.25
2,3,18.605,0.0,0.0,0.5,0.0327,0.3314,0.0554,0.2527,7.44,9.30
2,3,18.624,0.0,0.0,0.5,0.0310,0.2652,0.0568,0.2535,7.76,10.55
2,3,18.643,0.0,0.0,0.5,0.0297,0.2333,0.0568,0.2538,8.19,12.66
2,3,18.667,0.0,0.0,0.5,0.0116,0.2207,0.0563,0.2533,14.99,13.93
2,3,18.686,0.0,0.0,0.5,0.0332,0.2397,0.0560,0.2528,10.83,13.74
2,3,18.715,0.0,0.0,0.5,0.0232,0.2804,0.0555,0.2517,8.87,14.26
2,3,18.725,0.0,0.0,0.5,0.0338,0.2923,0.0553,0.2512,9.52,14.30
2,3,18.749,0.0,0.0,0.5,0.0382,0.3266,0.0546,0.2507,7.69,14.56
2,3,18.764,0.0,0.0,0.5,0.0386,0.3419,0.0546,0.2496,5.62,13.96
2,3,18.784,0.0,0.0,0.5,0.0632,0.3419,0.0546,0.2496,5.62,13.96
2,3,18.808,0.0,0.0,0.5,0.0591,0.3194,0.0571,0.2493,6.34,12.55
2,3,18.827,0.0,0.0,0.5,0.0882,0.2830,0.0598,0.2489,7.29,11.42
2,3,18.849,0.0,0.0,0.5,0.0891,0.2748,0.0607,0.2488,7.61,10.34
2,3,18.863,0.0,0.0,0.5,0.0504,0.2765,0.0604,0.2491,6.92,10.50
2,3,18.882,0.0,0.0,0.5,0.0568,0.2808,0.0588,0.2496,8.15,7.55
2,3,18.904,0.0,0.0,0.5,0.0292,0.2782,0.0568,0.2505,7.96,7.47
2,3,18.928,0.0,0.0,0.5,0.0302,0.2661,0.0513,0.2510,8.91,9.85
2,3,18.945,0.0,0.0,0.5,0.0299,0.2608,0.0503,0.2509,4.36,11.16
2,3,18.964,0.0,0.0,0.5,0.0185,0.2824,0.0510,0.2508,7.23,12.55
2,3,18.982,0.0,0.0,0.5,0.0183,0.3058,0.0514,0.2504,9.06,12.88
2,3,19.008,0.0,0.0,0.5,0.0168,0.3953,0.0522,0.2492,7.17,12.05
2,3,19.025,0.0,0.0,0.5,0.0245,0.4660,0.0525,0.2487,6.50,11.80
2,3,19.048,0.0,0.0,0.5,0.0292,0.5536,0.0530,0.2490,4.15,11.70
2,3,19.063,0.0,0.0,0.5,0.0330,0.6157,0.0541,0.2493,3.70,10.50
2,3,19.084,0.0,0.0,0.5,0.0261,0.6016,0.0558,0.2500,5.88,9.82
2,3,19.104,0.0,0.0,0.5,0.0820,0.5751,0.0565,0.2504,7.84,9.49
2,3,19.129,0.0,0.0,0.5,0.0376,0.4560,0.0545,0.2509,4.18,10.18
2,3,19.147,0.0,0.0,0.5,0.0483,0.4410,0.0538,0.2511,3.94,10.10
2,3,19.164,0.0,0.0,0.5,0.0283,0.3370,0.0529,0.2512,6.04,8.93
2,3,19.184,0.0,0.0,0.5,0.0464,0.3139,0.0547,0.2516,7.40,8.13
2,3,19.202,0.0,0.0,0.5,0.0201,0.3123,0.0559,0.2521,8.55,9.25
2,3,19.226,0.0,0.0,0.5,0.0321,0.2832,0.0568,0.2531,9.00,10.76
2,3,19.245,0.0,0.0,0.5,0.0218,0.2434,0.0557,0.2536,9.11,12.70
2,3,19.264,0.0,0.0,0.5,0.0128,0.2400,0.0554,0.2535,8.48,12.68
2,3,19.283,0.0,0.0,0.5,0.0290,0.2553,0.0537,0.2525,10.43,14.41
2,3,19.307,0.0,0.0,0.5,0.0311,0.2795,0.0530,0.2518,9.30,14.70
2,3,19.326,0.0,0.0,0.5,0.0100,0.3075,0.0521,0.2512,9.31,14.70
2,3,19.349,0.0,0.0,0.5,0.0580,0.3496,0.0510,0.2495,6.30,14.29
2,3,19.362,0.0,0.0,0.5,0.0740,0.3534,0.0512,0.2491,5.80,14.28
2,3,19.383,0.0,0.0,0.5,0.0556,0.3397,0.0519,0.2488,5.99,13.05
2,3,19.405,0.0,0.0,0.5,0.0852,0.3061,0.0540,0.2491,6.55,12.11
2,3,19.428,0.0,0.0,0.5,0.0703,0.2642,0.0572,0.2492,7.78,11.08
2,3,19.447,0.0,0.0,0.5,0.0635,0.2549,0.0584,0.2490,8.94,11.21
2,3,19.464,0.0,0.0,0.5,0.0684,0.2561,0.0588,0.2489,7.56,9.32
2,3,19.484,0.0,0.0,0.5,0.0657,0.2716,0.0564,0.2500,7.69,7.66
2,3,19.507,0.0,0.0,0.5,0.0461,0.2746,0.0520,0.2508,7.25,7.86
2,3,19.527,0.0,0.0,0.5,0.0178,0.2680,0.0499,0.2507,5.94,9.18
2,3,19.544,0.0,0.0,0.5,0.0330,0.2694,0.0494,0.2509,5.23,10.76
2,3,19.564,0.0,0.0,0.5,0.0209,0.2935,0.0499,0.2509,7.85,12.12
2,3,19.583,0.0,0.0,0.5,0.0129,0.3237,0.0505,0.2501,8.36,12.30
2,3,19.608,0.0,0.0,0.5,0.0167,0.4222,0.0516,0.2495,7.19,11.52
2,3,19.627,0.0,0.0,0.5,0.0160,0.4732,0.0518,0.2493,5.65,11.51
2,3,19.647,0.0,0.0,0.5,0.0299,0.5444,0.0525,0.2493,3.98,11.62
2,3,19.664,0.0,0.0,0.5,0.0390,0.5728,0.0535,0.2498,3.84,10.74
2,3,19.683,0.0,0.0,0.5,0.0482,0.5514,0.0549,0.2496,6.43,10.13
2,3,19.705,0.0,0.0,0.5,0.0571,0.4964,0.0551,0.2501,4.41,10.71
2,3,19.726,0.0,0.0,0.5,0.0377,0.4577,0.0538,0.2507,3.15,10.77
2,3,19.748,0.0,0.0,0.5,0.0302,0.4487,0.0529,0.2511,3.42,10.70
2,3,19.764,0.0,0.0,0.5,0.0475,0.3960,0.0524,0.2515,5.81,8.85
2,3,19.782,0.0,0.0,0.5,0.0501,0.3493,0.0537,0.2517,5.88,8.33
2,3,19.808,0.0,0.0,0.5,0.0307,0.3120,0.0556,0.2523,8.12,9.35
2,3,19.827,0.0,0.0,0.5,0.0290,0.2618,0.0569,0.2533,8.53,10.96
2,3,19.845,0.0,0.0,0.5,0.0285,0.2267,0.0565,0.2539,8.35,12.95
2,3,19.864,0.0,0.0,0.5,0.0231,0.2138,0.0556,0.2538,10.16,14.13
2,3,19.884,0.0,0.0,0.5,0.0189,0.2274,0.0547,0.2530,11.85,14.54
2,3,19.904,0.0,0.0,0.5,0.0400,0.2633,0.0539,0.2520,10.42,14.63
2,3,19.930,0.0,0.0,0.5,0.0224,0.3073,0.0527,0.2509,8.64,14.54
2,3,19.949,0.0,0.0,0.5,0.0523,0.3378,0.0518,0.2501,7.32,14.37
2,3,19.964,0.0,0.0,0.5,0.0465,0.3515,0.0517,0.2493,5.51,13.82
2,3,19.985,0.0,0.0,0.5,0.0744,0.3391,0.0524,0.2489,5.96,13.13
2,3,20.004,0.0,0.0,0.5,0.0631,0.3243,0.0533,0.2491,7.85,12.16
2,3,20.028,0.0,0.0,0.5,0.0671,0.2697,0.0567,0.2493,7.63,11.06
2,3,20.048,0.0,0.0,0.5,0.0764,0.2498,0.0580,0.2490,8.48,10.44
2,3,20.067,0.0,0.0,0.5,0.0800,0.2513,0.0573,0.2495,7.05,9.06
2,3,20.084,0.0,0.0,0.5,0.0599,0.2553,0.0550,0.2503,7.17,7.47
2,3,20.106,0.0,0.0,0.5,0.0465,0.2591,0.0521,0.2507,6.51,8.02
2,3,20.124,0.0,0.0,0.5,0.0245,0.2580,0.0502,0.2507,4.49,9.75
2,3,20.146,0.0,0.0,0.5,0.0293,0.2676,0.0497,0.2509,6.35,11.46
2,3,20.165,0.0,0.0,0.5,0.0172,0.2951,0.0501,0.2509,7.28,12.30
2,3,20.184,0.0,0.0,0.5,0.0148,0.3309,0.0505,0.2505,9.84,11.82
2,3,20.204,0.0,0.0,0.5,0.0197,0.3930,0.0511,0.2497,7.13,11.90
2,3,20.229,0.0,0.0,0.5,0.0166,0.4572,0.0517,0.2493,5.52,11.75
2,3,20.246,0.0,0.0,0.5,0.0380,0.5324,0.0532,0.2493,3.57,11.33
2,3,20.264,0.0,0.0,0.5,0.0308,0.5642,0.0542,0.2496,3.32,10.95
2,3,20.283,0.0,0.0,0.5,0.0545,0.5634,0.0555,0.2496,5.30,10.42
2,3,20.305,0.0,0.0,0.5,0.0309,0.5251,0.0557,0.2499,4.61,10.67
2,3,20.328,0.0,0.0,0.5,0.0397,0.4795,0.0543,0.2507,3.37,10.56
2,3,20.347,0.0,0.0,0.5,0.0560,0.4558,0.0525,0.2517,4.57,10.06
2,3,20.365,0.0,0.0,0.5,0.0400,0.4157,0.0521,0.2518,4.14,10.00
2,3,20.382,0.0,0.0,0.5,0.0367,0.3534,0.0529,0.2520,6.00,8.20
2,3,20.406,0.0,0.0,0.5,0.0449,0.3001,0.0556,0.2527,7.86,9.09
2,3,20.426,0.0,0.0,0.5,0.0087,0.2741,0.0564,0.2532,8.18,11.09
2,3,20.446,0.0,0.0,0.5,0.0311,0.2420,0.0564,0.2536,9.31,12.90
2,3,20.463,0.0,0.0,0.5,0.0280,0.2312,0.0558,0.2533,10.22,13.87
2,3,20.485,0.0,0.0,0.5,0.0258,0.2418,0.0555,0.2528,12.91,14.18
2,3,20.505,0.0,0.0,0.5,0.0260,0.2835,0.0546,0.2514,9.95,14.39
2,3,20.528,0.0,0.0,0.5,0.0297,0.3179,0.0535,0.2506,8.81,14.61
2,3,20.546,0.0,0.0,0.5,0.0562,0.3509,0.0525,0.2496,6.39,14.22
2,3,20.564,0.0,0.0,0.5,0.0555,0.3563,0.0525,0.2491,5.49,13.75
2,3,20.583,0.0,0.0,0.5,0.0673,0.3345,0.0538,0.2488,6.00,13.03
2,3,20.603,0.0,0.0,0.5,0.0943,0.3253,0.0544,0.2489,6.47,13.04
2,3,20.626,0.0,0.0,0.5,0.0609,0.2711,0.0583,0.2490,6.87,11.09
2,3,20.646,0.0,0.0,0.5,0.0960,0.2542,0.0599,0.2487,7.90,10.29
2,3,20.664,0.0,0.0,0.5,0.0243,0.2573,0.0597,0.2490,6.58,10.41
2,3,20.683,0.0,0.0,0.5,0.0773,0.2665,0.0570,0.2499,9.08,7.47
2,3,20.705,0.0,0.0,0.5,0.0491,0.2656,0.0535,0.2509,7.61,8.29
2,3,20.724,0.0,0.0,0.5,0.0265,0.2578,0.0506,0.2508,9.20,9.62
2,3,20.745,0.0,0.0,0.5,0.0274,0.2714,0.0498,0.2508,5.06,11.09
2,3,20.764,0.0,0.0,0.5,0.0141,0.2935,0.0505,0.2508,7.15,12.37
2,3,20.782,0.0,0.0,0.5,0.0089,0.3166,0.0510,0.2506,8.15,12.24
2,3,20.803,0.0,0.0,0.5,0.0193,0.3744,0.0519,0.2497,7.75,11.58
2,3,20.825,0.0,0.0,0.5,0.0174,0.4569,0.0529,0.2491,6.55,12.04
2,3,20.845,0.0,0.0,0.5,0.0207,0.5008,0.0534,0.2490,5.02,11.92
2,3,20.862,0.0,0.0,0.5,0.0375,0.5684,0.0550,0.2495,4.30,10.95
2,3,20.882,0.0,0.0,0.5,0.0529,0.5639,0.0567,0.2497,5.74,10.14
2,3,20.903,0.0,0.0,0.5,0.0457,0.5030,0.0566,0.2500,4.62,10.67
2,3,20.927,0.0,0.0,0.5,0.0515,0.4524,0.0550,0.2508,3.04,10.63
2,3,20.946,0.0,0.0,0.5,0.0448,0.4463,0.0535,0.2515,4.64,10.24
2,3,20.965,0.0,0.0,0.5,0.0230,0.4176,0.0531,0.2517,4.20,9.96
2,3,20.984,0.0,0.0,0.5,0.0586,0.3551,0.0541,0.2519,5.85,8.35
2,3,21.005,0.0,0.0,0.5,0.0412,0.3032,0.0566,0.2527,8.07,9.26
2,3,21.022,0.0,0.0,0.5,0.0291,0.2787,0.0573,0.2532,8.10,10.92
2,3,21.044,0.0,0.0,0.5,0.0277,0.2290,0.0570,0.2539,8.24,12.92
2,4,21.068,0.0,0.3,0.0,0.0000,0.2189,0.0558,0.2536,10.73,14.03
2,4,21.082,0.0,0.3,0.0,0.0168,0.2235,0.0555,0.2534,10.01,13.97
2,4,21.104,0.0,0.3,0.0,0.0385,0.0931,0.0554,0.2520,6.49,13.28
2,4,21.125,0.0,0.3,0.0,0.0413,0.0342,0.0567,0.2516,5.75,12.91
2,4,21.143,0.0,0.3,0.0,0.0259,0.0092,0.0585,0.2509,4.25,12.95
2,4,21.164,0.0,0.3,0.0,0.0620,-0.0043,0.0618,0.2502,3.35,12.78
2,4,21.182,0.0,0.3,0.0,0.0422,-0.0050,0.0631,0.2499,3.20,12.15
2,4,21.202,0.0,0.3,0.0,0.0200,-0.0049,0.0635,0.2499,2.42,12.08
2,4,21.227,0.0,0.3,0.0,0.0349,-0.0127,0.0623,0.2503,1.73,10.59
2,4,21.244,0.0,0.3,0.0,0.0257,-0.0190,0.0606,0.2508,2.33,9.57
2,4,21.266,0.0,0.3,0.0,0.0153,-0.0252,0.0593,0.2512,4.63,8.56
2,4,21.284,0.0,0.3,0.0,0.0058,-0.0458,0.0557,0.2527,4.09,7.72
2,4,21.304,0.0,0.3,0.0,0.0013,-0.0337,0.0522,0.2531,5.15,6.87
2,4,21.327,0.0,0.3,0.0,-0.0005,-0.0147,0.0512,0.2531,5.13,6.88
2,4,21.345,0.0,0.3,0.0,-0.0006,0.0018,0.0508,0.2534,4.02,7.21
2,4,21.364,0.0,0.3,0.0,-0.0025,0.0071,0.0502,0.2537,3.95,7.76
2,4,21.383,0.0,0.3,0.0,-0.0055,0.0082,0.0493,0.2541,3.03,8.69
2,4,21.405,0.0,0.3,0.0,-0.0068,0.0070,0.0486,0.2543,1.83,9.58
2,4,21.425,0.0,0.3,0.0,-0.0076,0.0045,0.0478,0.2543,0.95,10.14
2,4,21.446,0.0,0.3,0.0,-0.0043,0.0023,0.0471,0.2542,0.63,10.33
2,4,21.464,0.0,0.3,0.0,-0.0024,0.0027,0.0465,0.2541,0.51,10.18
2,4,21.484,0.0,0.3,0.0,-0.0015,0.0061,0.0462,0.2541,0.35,9.88
2,4,21.501,0.0,0.3,0.0,-0.0005,0.0076,0.0461,0.2541,0.37,9.46
2,4,21.531,0.0,0.3,0.0,-0.0010,0.0104,0.0459,0.2541,0.87,8.76
2,4,21.544,0.0,0.3,0.0,-0.0008,0.0092,0.0458,0.2542,0.83,8.75
2,4,21.564,0.0,0.3,0.0,-0.0013,0.0080,0.0457,0.2543,1.43,6.68
2,4,21.584,0.0,0.3,0.0,-0.0030,0.0064,0.0460,0.2546,3.04,7.24
2,4,21.609,0.0,0.3,0.0,-0.0044,0.0046,0.0465,0.2550,3.35,7.85
2,4,21.626,0.0,0.3,0.0,-0.0024,0.0041,0.0466,0.2551,3.22,7.82
2,4,21.645,0.0,0.3,0.0,-0.0059,0.0036,0.0468,0.2554,2.92,9.73
2,4,21.664,0.0,0.3,0.0,-0.0048,0.0004,0.0470,0.2554,2.26,10.46
2,4,21.683,0.0,0.3,0.0,-0.0039,-0.0012,0.0472,0.2554,1.32,10.99
2,4,21.705,0.0,0.3,0.0,-0.0010,-0.0031,0.0475,0.2550,1.46,11.54
2,4,21.725,0.0,0.3,0.0,0.0029,-0.0069,0.0479,0.2547,2.23,11.92
2,4,21.747,0.0,0.3,0.0,0.0053,-0.0111,0.0487,0.2542,2.66,12.01
2,4,21.766,0.0,0.3,0.0,0.0156,-0.0144,0.0500,0.2535,2.81,11.89
2,4,21.784,0.0,0.3,0.0,0.0108,-0.0144,0.0514,0.2529,2.69,11.51
2,4,21.803,0.0,0.3,0.0,0.0130,-0.0145,0.0520,0.2527,2.53,11.03
2,4,21.827,0.0,0.3,0.0,0.0174,-0.0157,0.0534,0.2524,2.78,10.32
2,4,21.847,0.0,0.3,0.0,0.0096,-0.0172,0.0536,0.2525,3.45,9.53
2,4,21.864,0.0,0.3,0.0,0.0018,-0.0211,0.0534,0.2529,3.55,9.12
2,4,21.884,0.0,0.3,0.0,0.0003,-0.0152,0.0525,0.2530,2.72,8.39
2,4,21.905,0.0,0.3,0.0,-0.0038,-0.0072,0.0524,0.2530,1.87,7.66
2,4,21.928,0.0,0.3,0.0,-0.0069,-0.0026,0.0521,0.2533,3.00,6.86
2,4,21.946,0.0,0.3,0.0,-0.0096,0.0003,0.0513,0.2537,3.78,7.37
2,4,21.964,0.0,0.3,0.0,-0.0140,0.0023,0.0504,0.2540,3.73,8.45
2,4,21.984,0.0,0.3,0.0,-0.0068,0.0020,0.0492,0.2542,3.23,9.22
2,4,22.003,0.0,0.3,0.0,-0.0135,0.0014,0.0480,0.2543,2.23,9.71
2,4,22.026,0.0,0.3,0.0,-0.0067,0.0024,0.0470,0.2543,1.10,10.04
2,4,22.047,0.0,0.3,0.0,-0.0051,0.0052,0.0459,0.2542,0.47,10.26
2,4,22.065,0.0,0.3,0.0,-0.0037,0.0069,0.0454,0.2541,0.66,10.27
2,4,22.084,0.0,0.3,0.0,-0.0019,0.0080,0.0450,0.2541,0.91,10.03
2,4,22.105,0.0,0.3,0.0,-0.0007,0.0087,0.0448,0.2540,0.79,9.49
2,4,22.129,0.0,0.3,0.0,-0.0002,0.0076,0.0447,0.2541,0.76,8.75
2,4,22.147,0.0,0.3,0.0,-0.0010,0.0067,0.0446,0.2541,1.09,7.82
2,4,22.165,0.0,0.3,0.0,-0.0015,0.0062,0.0446,0.2543,1.58,6.70
2,4,22.183,0.0,0.3,0.0,-0.0014,0.0055,0.0448,0.2545,2.68,7.35
2,4,22.205,0.0,0.3,0.0,-0.0031,0.0044,0.0452,0.2548,3.33,7.98
2,4,22.228,0.0,0.3,0.0,-0.0025,0.0039,0.0455,0.2551,3.06,8.97
2,4,22.247,0.0,0.3,0.0,-0.0029,0.0024,0.0458,0.2553,2.50,9.91
2,4,22.264,0.0,0.3,0.0,-0.0032,0.0006,0.0459,0.2553,1.99,9.89
2,4,22.283,0.0,0.3,0.0,-0.0014,-0.0021,0.0463,0.2553,0.95,11.15
2,4,22.305,0.0,0.3,0.0,0.0007,-0.0027,0.0466,0.2551,0.85,11.60
2,4,22.328,0.0,0.3,0.0,0.0025,-0.0055,0.0470,0.2548,1.69,11.91
2,4,22.347,0.0,0.3,0.0,0.0070,-0.0099,0.0479,0.2540,2.68,12.00
2,4,22.364,0.0,0.3,0.0,0.0129,-0.0128,0.0488,0.2534,2.57,11.94
2,4,22.383,0.0,0.3,0.0,0.0155,-0.0142,0.0498,0.2530,2.77,11.59
2,4,22.409,0.0,0.3,0.0,0.0134,-0.0167,0.0514,0.2525,2.85,11.09
2,4,22.423,0.0,0.3,0.0,0.0210,-0.0167,0.0521,0.2523,2.90,11.11
2,4,22.446,0.0,0.3,0.0,0.0081,-0.0163,0.0529,0.2523,3.72,9.68
2,4,22.463,0.0,0.3,0.0,0.0089,-0.0169,0.0529,0.2528,3.06,9.19
2,4,22.484,0.0,0.3,0.0,0.0015,-0.0096,0.0527,0.2526,1.79,8.65
2,4,22.502,0.0,0.3,0.0,-0.0004,-0.0055,0.0527,0.2527,1.29,7.83
2,4,22.522,0.0,0.3,0.0,-0.0068,-0.0015,0.0522,0.2530,3.41,6.91
2,4,22.543,0.0,0.3,0.0,-0.0079,0.0014,0.0515,0.2534,3.90,7.55
2,4,22.564,0.0,0.3,0.0,-0.0110,0.0031,0.0503,0.2537,3.75,8.59
2,4,22.582,0.0,0.3,0.0,-0.0121,0.0026,0.0496,0.2540,3.36,9.39
2,4,22.609,0.0,0.3,0.0,-0.0108,0.0018,0.0480,0.2541,2.31,9.89
2,4,22.629,0.0,0.3,0.0,-0.0099,0.0025,0.0472,0.2541,1.58,9.91
2,4,22.646,0.0,0.3,0.0,-0.0044,0.0058,0.0457,0.2540,0.48,10.38
2,4,22.664,0.0,0.3,0.0,-0.0042,0.0074,0.0452,0.2539,0.57,10.40
2,4,22.683,0.0,0.3,0.0,-0.0014,0.0080,0.0451,0.2539,0.67,10.40
2,4,22.707,0.0,0.3,0.0,-0.0013,0.0095,0.0446,0.2538,0.99,9.67
2,4,22.727,0.0,0.3,0.0,-0.0000,0.0091,0.0445,0.2538,0.86,8.86
2,4,22.747,0.0,0.3,0.0,-0.0001,0.0074,0.0443,0.2539,1.15,7.91
2,4,22.762,0.0,0.3,0.0,-0.0007,0.0069,0.0443,0.2540,1.40,7.86
2,4,22.784,0.0,0.3,0.0,-0.0013,0.0057,0.0445,0.2544,2.99,7.24
2,4,22.803,0.0,0.3,0.0,-0.0022,0.0053,0.0446,0.2544,3.10,7.20
2,4,22.827,0.0,0.3,0.0,-0.0010,0.0040,0.0452,0.2549,3.44,9.09
2,4,22.846,0.0,0.3,0.0,-0.0025,0.0031,0.0454,0.2551,2.93,9.97
2,4,22.863,0.0,0.3,0.0,-0.0008,0.0024,0.0455,0.2551,2.67,9.94
2,4,22.885,0.0,0.3,0.0,-0.0012,-0.0025,0.0462,0.2551,0.76,11.24
2,4,22.906,0.0,0.3,0.0,0.0014,-0.0031,0.0465,0.2549,0.69,11.68
2,4,22.929,0.0,0.3,0.0,0.0040,-0.0056,0.0469,0.2546,1.85,11.92
2,4,22.945,0.0,0.3,0.0,0.0062,-0.0085,0.0475,0.2540,2.12,11.96
2,4,22.962,0.0,0.3,0.0,0.0122,-0.0127,0.0486,0.2534,2.77,11.98
2,4,22.984,0.0,0.3,0.0,0.0110,-0.0149,0.0496,0.2529,2.67,11.64
2,4,23.006,0.0,0.3,0.0,0.0147,-0.0173,0.0509,0.2525,2.88,11.20
2,4,23.026,0.0,0.3,0.0,0.0148,-0.0167,0.0521,0.2523,3.05,10.39
2,4,23.045,0.0,0.3,0.0,0.0154,-0.0152,0.0527,0.2523,3.25,9.80
2,4,23.062,0.0,0.3,0.0,0.0068,-0.0139,0.0528,0.2525,3.10,9.36
2,4,23.082,0.0,0.3,0.0,0.0040,-0.0075,0.0527,0.2525,1.33,8.57
2,4,23.108,0.0,0.3,0.0,-0.0006,-0.0040,0.0526,0.2526,1.99,7.62
2,4,23.125,0.0,0.3,0.0,-0.0044,-0.0021,0.0521,0.2529,3.21,6.88
2,4,23.147,0.0,0.3,0.0,-0.0103,0.0018,0.0511,0.2533,3.86,7.68
2,4,23.167,0.0,0.3,0.0,-0.0145,0.0033,0.0500,0.2537,3.56,8.71
2,4,23.183,0.0,0.3,0.0,-0.0134,0.0027,0.0493,0.2539,3.20,8.65
2,4,23.208,0.0,0.3,0.0,-0.0091,0.0020,0.0479,0.2541,2.33,10.04
2,4,23.227,0.0,0.3,0.0,-0.0050,0.0036,0.0467,0.2541,1.30,10.32
2,4,23.245,0.0,0.3,0.0,-0.0082,0.0052,0.0459,0.2540,0.61,10.49
2,4,23.264,0.0,0.3,0.0,-0.0040,0.0080,0.0451,0.2539,0.73,10.49
2,4,23.285,0.0,0.3,0.0,-0.0025,0.0087,0.0450,0.2539,0.78,10.49
2,4,23.304,0.0,0.3,0.0,-0.0009,0.0092,0.0446,0.2538,0.94,10.25
2,4,23.326,0.0,0.3,0.0,0.0001,0.0095,0.0444,0.2538,0.90,9.00
2,4,23.349,0.0,0.3,0.0,-0.0001,0.0081,0.0443,0.2539,1.32,8.07
2,4,23.364,0.0,0.3,0.0,-0.0003,0.0075,0.0442,0.2540,1.60,6.94
2,4,23.384,0.0,0.3,0.0,-0.0004,0.0067,0.0443,0.2542,2.71,7.28
2,4,23.408,0.0,0.3,0.0,-0.0007,0.0058,0.0446,0.2545,3.44,8.13
2,4,23.426,0.0,0.3,0.0,-0.0012,0.0041,0.0451,0.2548,3.27,9.05
2,4,23.446,0.0,0.3,0.0,-0.0010,0.0025,0.0454,0.2550,2.61,9.95
2,4,23.464,0.0,0.3,0.0,-0.0003,0.0003,0.0456,0.2551,2.13,10.68
2,4,23.484,0.0,0.3,0.0,0.0006,-0.0025,0.0462,0.2550,0.82,11.23
2,4,23.508,0.0,0.3,0.0,0.0026,-0.0034,0.0465,0.2548,0.80,11.67
2,4,23.527,0.0,0.3,0.0,0.0015,-0.0063,0.0469,0.2545,1.90,11.93
2,4,23.545,0.0,0.3,0.0,0.0067,-0.0092,0.0475,0.2540,2.34,12.07
2,4,23.563,0.0,0.3,0.0,0.0105,-0.0122,0.0484,0.2535,2.67,11.95
2,4,23.584,0.0,0.3,0.0,0.0080,-0.0135,0.0490,0.2531,2.76,11.96
2,4,23.607,0.0,0.3,0.0,0.0204,-0.0166,0.0511,0.2525,2.89,11.17
2,4,23.626,0.0,0.3,0.0,0.0129,-0.0161,0.0520,0.2523,2.85,10.37
2,4,23.647,0.0,0.3,0.0,0.0045,-0.0158,0.0523,0.2522,3.05,10.37
2,4,23.663,0.0,0.3,0.0,0.0110,-0.0162,0.0527,0.2526,3.81,9.32
2,4,23.682,0.0,0.3,0.0,0.0056,-0.0093,0.0524,0.2526,2.10,8.60
2,4,23.703,0.0,0.3,0.0,0.0004,-0.0053,0.0524,0.2526,1.16,8.52
2,4,23.727,0.0,0.3,0.0,-0.0042,-0.0019,0.0522,0.2528,2.63,7.13
2,4,23.745,0.0,0.3,0.0,-0.0074,0.0017,0.0513,0.2532,3.82,7.54
2,4,23.764,0.0,0.3,0.0,-0.0052,0.0036,0.0504,0.2535,3.76,7.46
2,4,23.783,0.0,0.3,0.0,-0.0142,0.0033,0.0495,0.2538,3.34,9.48
2,4,23.807,0.0,0.3,0.0,-0.0099,0.0018,0.0479,0.2540,2.36,10.02
2,4,23.829,0.0,0.3,0.0,-0.0049,0.0027,0.0471,0.2540,1.68,10.03
2,4,23.844,0.0,0.3,0.0,-0.0085,0.0045,0.0462,0.2539,0.85,10.34
2,4,23.864,0.0,0.3,0.0,-0.0050,0.0064,0.0455,0.2538,0.57,10.42
2,4,23.883,0.0,0.3,0.0,-0.0024,0.0086,0.0449,0.2538,0.71,10.20
2,4,23.907,0.0,0.3,0.0,-0.0014,0.0093,0.0445,0.2537,0.81,9.69
2,4,23.926,0.0,0.3,0.0,-0.0001,0.0090,0.0445,0.2537,0.80,8.95
2,4,23.948,0.0,0.3,0.0,-0.0001,0.0084,0.0444,0.2538,0.81,8.94
2,4,23.962,0.0,0.3,0.0,-0.0007,0.0074,0.0442,0.2538,1.30,8.00
2,4,23.983,0.0,0.3,0.0,-0.0007,0.0068,0.0442,0.2540,2.36,7.30
2,4,24.001,0.0,0.3,0.0,-0.0010,0.0054,0.0446,0.2544,3.44,8.14
2,4,24.027,0.0,0.3,0.0,-0.0017,0.0037,0.0451,0.2548,3.22,9.08
2,4,24.044,0.0,0.3,0.0,-0.0013,0.0024,0.0453,0.2550,2.50,9.99
2,4,24.064,0.0,0.3,0.0,-0.0004,0.0018,0.0455,0.2550,2.27,10.72
2,4,24.082,0.0,0.3,0.0,0.0004,-0.0023,0.0460,0.2550,1.00,11.21
2,4,24.103,0.0,0.3,0.0,0.0026,-0.0033,0.0464,0.2548,0.73,11.65
2,4,24.125,0.0,0.3,0.0,0.0053,-0.0060,0.0468,0.2545,1.59,11.93
2,4,24.145,0.0,0.3,0.0,0.0084,-0.0101,0.0477,0.2538,2.45,12.03
2,4,24.163,0.0,0.3,0.0,0.0095,-0.0132,0.0489,0.2532,2.67,11.97
2,4,24.184,0.0,0.3,0.0,0.0126,-0.0148,0.0503,0.2526,2.71,11.59
2,4,24.206,0.0,0.3,0.0,0.0224,-0.0150,0.0510,0.2524,2.63,11.09
2,4,24.227,0.0,0.3,0.0,0.0124,-0.0149,0.0524,0.2521,2.90,10.37
2,4,24.245,0.0,0.3,0.0,0.0046,-0.0148,0.0529,0.2522,3.62,9.74
2,4,24.263,0.0,0.3,0.0,0.0118,-0.0159,0.0530,0.2525,3.92,9.29
2,4,24.283,0.0,0.3,0.0,0.0025,-0.0085,0.0527,0.2524,1.87,8.61
2,4,24.307,0.0,0.3,0.0,-0.0004,-0.0031,0.0527,0.2525,1.57,7.75
2,4,24.326,0.0,0.3,0.0,-0.0047,-0.0002,0.0521,0.2529,3.38,6.97
2,4,24.346,0.0,0.3,0.0,-0.0112,0.0022,0.0513,0.2532,3.88,7.59
2,4,24.364,0.0,0.3,0.0,-0.0077,0.0034,0.0502,0.2536,3.58,8.64
2,4,24.382,0.0,0.3,0.0,-0.0177,0.0021,0.0492,0.2539,3.08,9.47
2,4,24.403,0.0,0.3,0.0,-0.0117,0.0017,0.0480,0.2540,2.27,9.96
2,4,24.422,0.0,0.3,0.0,-0.0069,0.0038,0.0467,0.2539,0.97,10.29
2,4,24.441,0.0,0.3,0.0,-0.0046,0.0063,0.0458,0.2538,0.53,10.50
2,4,24.461,0.0,0.3,0.0,-0.0041,0.0087,0.0450,0.2537,0.74,10.48
2,4,24.481,0.0,0.3,0.0,-0.0019,0.0096,0.0447,0.2537,0.89,10.19
2,4,24.503,0.0,0.3,0.0,-0.0004,0.0098,0.0444,0.2536,0.82,9.64
2,4,24.527,0.0,0.3,0.0,-0.0000,0.0084,0.0443,0.2537,0.83,8.91
2,4,24.542,0.0,0.3,0.0,-0.0006,0.0077,0.0441,0.2537,0.92,7.98
2,4,24.562,0.0,0.3,0.0,-0.0008,0.0069,0.0440,0.2539,1.55,6.86
2,4,24.585,0.0,0.3,0.0,-0.0010,0.0058,0.0442,0.2541,2.84,7.19
2,4,24.606,0.0,0.3,0.0,-0.0012,0.0042,0.0447,0.2545,3.45,8.06
2,4,24.626,0.0,0.3,0.0,-0.0021,0.0035,0.0450,0.2548,3.30,9.09
2,4,24.645,0.0,0.3,0.0,-0.0015,0.0027,0.0452,0.2549,2.69,10.01
2,4,24.662,0.0,0.3,0.0,-0.0009,-0.0006,0.0455,0.2550,2.24,10.71
2,4,24.681,0.0,0.3,0.0,0.0007,-0.0023,0.0460,0.2550,0.86,11.25
2,4,24.707,0.0,0.3,0.0,0.0019,-0.0032,0.0463,0.2547,0.75,11.71
2,4,24.726,0.0,0.3,0.0,0.0049,-0.0051,0.0466,0.2546,1.40,11.94
2,4,24.745,0.0,0.3,0.0,0.0079,-0.0108,0.0477,0.2537,2.41,12.04
2,4,24.763,0.0,0.3,0.0,0.0087,-0.0124,0.0483,0.2534,2.54,11.94
2,4,24.784,0.0,0.3,0.0,0.0169,-0.0146,0.0497,0.2528,2.76,11.62
2,4,24.805,0.0,0.3,0.0,0.0186,-0.0153,0.0510,0.2524,2.73,11.08
2,4,24.827,0.0,0.3,0.0,0.0093,-0.0151,0.0519,0.2522,2.96,10.32
2,4,24.846,0.0,0.3,0.0,0.0117,-0.0150,0.0523,0.2524,3.35,9.70
2,4,24.863,0.0,0.3,0.0,0.0070,-0.0126,0.0523,0.2525,2.50,9.18
2,4,24.884,0.0,0.3,0.0,0.0044,-0.0073,0.0523,0.2525,1.38,8.64
2,4,24.904,0.0,0.3,0.0,0.0000,-0.0044,0.0522,0.2526,2.03,7.61
2,4,24.926,0.0,0.3,0.0,-0.0061,-0.0020,0.0515,0.2529,3.36,7.09
2,4,24.944,0.0,0.3,0.0,-0.0089,0.0017,0.0506,0.2533,3.91,7.53
2,4,24.964,0.0,0.3,0.0,-0.0099,0.0028,0.0500,0.2535,3.87,8.70
2,4,24.982,0.0,0.3,0.0,-0.0117,0.0022,0.0488,0.2538,3.07,9.43
2,4,25.004,0.0,0.3,0.0,-0.0125,0.0009,0.0478,0.2539,2.23,9.94
2,4,25.024,0.0,0.3,0.0,-0.0054,0.0038,0.0465,0.2539,1.08,10.29
2,4,25.041,0.0,0.3,0.0,-0.0054,0.0056,0.0458,0.2538,0.62,10.46
2,4,25.061,0.0,0.3,0.0,-0.0049,0.0080,0.0450,0.2537,0.63,10.40
2,4,25.081,0.0,0.3,0.0,-0.0014,0.0084,0.0448,0.2537,0.72,10.14
2,4,25.104,0.0,0.3,0.0,-0.0012,0.0089,0.0444,0.2537,0.74,9.64
2,4,25.123,0.0,0.3,0.0,-0.0004,0.0083,0.0443,0.2537,0.76,8.91
2,4,25.141,0.0,0.3,0.0,-0.0005,0.0073,0.0442,0.2537,1.12,7.99
2,4,25.164,0.0,0.3,0.0,-0.0010,0.0062,0.0442,0.2540,2.13,6.83
2,4,25.181,0.0,0.3,0.0,-0.0015,0.0054,0.0444,0.2542,2.80,7.20
2,4,25.205,0.0,0.3,0.0,-0.0017,0.0039,0.0448,0.2546,3.26,8.03
2,4,25.226,0.0,0.3,0.0,-0.0025,0.0033,0.0451,0.2549,2.91,9.05
2,4,25.246,0.0,0.3,0.0,-0.0010,0.0027,0.0452,0.2550,2.58,10.01
2,4,25.264,0.0,0.3,0.0,-0.0009,0.0005,0.0455,0.2551,1.77,10.72
2,4,25.283,0.0,0.3,0.0,0.0002,-0.0020,0.0458,0.2551,0.94,11.22
2,4,25.303,0.0,0.3,0.0,0.0014,-0.0028,0.0461,0.2549,0.74,11.64
2,4,25.327,0.0,0.3,0.0,0.0043,-0.0058,0.0465,0.2545,1.75,11.95
2,4,25.345,0.0,0.3,0.0,0.0059,-0.0106,0.0474,0.2538,2.36,12.09
2,4,25.364,0.0,0.3,0.0,0.0107,-0.0132,0.0484,0.2533,2.78,11.91
2,4,25.387,0.0,0.3,0.0,0.0165,-0.0148,0.0495,0.2529,2.86,11.61
2,4,25.409,0.0,0.3,0.0,0.0139,-0.0155,0.0509,0.2524,2.84,11.07
2,4,25.426,0.0,0.3,0.0,0.0297,-0.0151,0.0518,0.2522,2.82,10.37
2,4,25.445,0.0,0.3,0.0,0.0104,-0.0150,0.0523,0.2524,3.49,9.68
2,4,25.464,0.0,0.3,0.0,0.0074,-0.0143,0.0523,0.2527,2.94,9.16
2,4,25.483,0.0,0.3,0.0,0.0039,-0.0078,0.0521,0.2526,1.64,8.61
2,4,25.506,0.0,0.3,0.0,0.0000,-0.0050,0.0521,0.2526,1.39,7.66
2,4,25.525,0.0,0.3,0.0,-0.0040,-0.0015,0.0517,0.2529,3.20,7.01
2,4,25.546,0.0,0.3,0.0,-0.0093,0.0022,0.0507,0.2534,3.81,7.51
2,4,25.566,0.0,0.3,0.0,-0.0113,0.0034,0.0498,0.2536,3.61,8.60
2,4,25.584,0.0,0.3,0.0,-0.0117,0.0015,0.0486,0.2539,2.72,9.36
2,4,25.604,0.0,0.3,0.0,-0.0115,0.0012,0.0478,0.2540,2.00,9.93
2,4,25.625,0.0,0.3,0.0,-0.0062,0.0029,0.0471,0.2540,1.41,10.29
2,4,25.644,0.0,0.3,0.0,-0.0044,0.0054,0.0459,0.2539,0.71,10.46
2,4,25.663,0.0,0.3,0.0,-0.0042,0.0075,0.0453,0.2538,0.68,10.40
2,4,25.691,0.0,0.3,0.0,-0.0024,0.0089,0.0446,0.2537,0.81,10.14
2,4,25.704,0.0,0.3,0.0,-0.0013,0.0090,0.0446,0.2537,0.80,10.13
2,4,25.727,0.0,0.3,0.0,-0.0001,0.0088,0.0444,0.2537,0.78,8.93
2,4,25.746,0.0,0.3,0.0,-0.0004,0.0076,0.0443,0.2538,1.31,7.99
2,4,25.764,0.0,0.3,0.0,-0.0007,0.0070,0.0442,0.2539,1.61,6.86
2,4,25.782,0.0,0.3,0.0,-0.0014,0.0061,0.0443,0.2541,2.47,7.22
2,4,25.804,0.0,0.3,0.0,-0.0014,0.0049,0.0447,0.2545,3.33,8.14
2,4,25.825,0.0,0.3,0.0,-0.0013,0.0035,0.0450,0.2548,3.18,9.06
2,4,25.844,0.0,0.3,0.0,-0.0017,0.0025,0.0453,0.2550,2.54,9.98
2,4,25.865,0.0,0.3,0.0,-0.0009,0.0004,0.0455,0.2551,2.09,10.70
2,4,25.882,0.0,0.3,0.0,0.0009,-0.0020,0.0460,0.2550,0.80,11.23
2,4,25.906,0.0,0.3,0.0,0.0023,-0.0032,0.0464,0.2548,0.77,11.68
2,4,25.927,0.0,0.3,0.0,0.0026,-0.0065,0.0468,0.2544,1.96,11.91
2,4,25.944,0.0,0.3,0.0,0.0093,-0.0096,0.0475,0.2539,2.24,12.03
2,4,25.964,0.0,0.3,0.0,0.0104,-0.0124,0.0484,0.2534,2.73,11.87
2,4,25.984,0.0,0.3,0.0,0.0172,-0.0140,0.0501,0.2527,2.62,11.59
2,4,26.007,0.0,0.3,0.0,0.0148,-0.0145,0.0511,0.2524,2.68,11.05
2,4,26.026,0.0,0.3,0.0,0.0214,-0.0144,0.0517,0.2522,2.71,10.30
2,4,26.045,0.0,0.3,0.0,0.0097,-0.0137,0.0525,0.2523,3.54,9.67
2,4,26.063,0.0,0.3,0.0,0.0075,-0.0129,0.0526,0.2526,3.18,9.20
2,4,26.081,0.0,0.3,0.0,0.0028,-0.0091,0.0523,0.2525,1.83,8.55
2,4,26.110,0.0,0.3,0.0,-0.0006,-0.0037,0.0522,0.2527,1.84,7.57
2,4,26.127,0.0,0.3,0.0,-0.0070,-0.0021,0.0518,0.2529,3.24,7.05
2,4,26.146,0.0,0.3,0.0,-0.0120,0.0014,0.0507,0.2534,3.86,6.79
2,4,26.163,0.0,0.3,0.0,-0.0079,0.0029,0.0498,0.2537,3.62,7.43
2,4,26.182,0.0,0.3,0.0,-0.0170,0.0018,0.0486,0.2540,3.09,9.47
2,4,26.204,0.0,0.3,0.0,-0.0117,0.0015,0.0475,0.2541,2.28,9.95
2,4,26.225,0.0,0.3,0.0,-0.0049,0.0033,0.0462,0.2541,0.97,10.27
2,4,26.243,0.0,0.3,0.0,-0.0075,0.0062,0.0452,0.2540,0.55,10.47
2,4,26.263,0.0,0.3,0.0,-0.0032,0.0077,0.0449,0.2540,0.65,10.47
2,4,26.282,0.0,0.3,0.0,-0.0030,0.0099,0.0442,0.2538,0.92,10.19
2,4,26.304,0.0,0.3,0.0,-0.0009,0.0101,0.0440,0.2538,0.95,9.62
2,4,26.326,0.0,0.3,0.0,-0.0001,0.0093,0.0439,0.2538,0.81,9.61
2,4,26.344,0.0,0.3,0.0,-0.0001,0.0074,0.0438,0.2539,1.29,7.92
2,4,26.363,0.0,0.3,0.0,-0.0008,0.0069,0.0438,0.2540,1.56,6.81
2,4,26.382,0.0,0.3,0.0,-0.0003,0.0063,0.0438,0.2541,2.09,6.78
2,4,26.404,0.0,0.3,0.0,-0.0020,0.0047,0.0443,0.2545,3.40,8.18
2,4,26.427,0.0,0.3,0.0,-0.0013,0.0035,0.0447,0.2548,3.19,9.08
2,4,26.447,0.0,0.3,0.0,-0.0014,0.0024,0.0450,0.2551,2.55,9.98
2,4,26.463,0.0,0.3,0.0,-0.0010,0.0011,0.0452,0.2551,1.94,9.98
2,4,26.482,0.0,0.3,0.0,0.0002,-0.0019,0.0456,0.2551,0.88,11.23
2,4,26.506,0.0,0.3,0.0,0.0005,-0.0037,0.0459,0.2548,0.96,11.64
2,4,26.525,0.0,0.3,0.0,0.0050,-0.0056,0.0462,0.2546,1.42,11.71
2,4,26.544,0.0,0.3,0.0,0.0068,-0.0113,0.0474,0.2538,2.52,12.03
2,4,26.566,0.0,0.3,0.0,0.0091,-0.0127,0.0481,0.2534,2.57,11.93
2,4,26.582,0.0,0.3,0.0,0.0212,-0.0136,0.0495,0.2529,2.72,11.94
2,4,26.608,0.0,0.3,0.0,0.0135,-0.0144,0.0509,0.2524,2.66,11.07
2,4,26.625,0.0,0.3,0.0,0.0176,-0.0144,0.0515,0.2523,2.75,11.07
2,4,26.643,0.0,0.3,0.0,0.0116,-0.0142,0.0524,0.2522,3.63,9.65
2,4,26.663,0.0,0.3,0.0,0.0087,-0.0137,0.0526,0.2527,3.17,9.19
2,4,26.683,0.0,0.3,0.0,0.0020,-0.0085,0.0523,0.2526,1.86,8.62
2,4,26.704,0.0,0.3,0.0,-0.0004,-0.0033,0.0523,0.2527,1.48,7.71
2,4,26.729,0.0,0.3,0.0,-0.0038,-0.0011,0.0520,0.2529,2.97,7.06
2,4,26.747,0.0,0.3,0.0,-0.0080,0.0021,0.0510,0.2533,3.77,7.50
2,4,26.762,0.0,0.3,0.0,-0.0113,0.0032,0.0501,0.2536,3.52,7.41
2,4,26.782,0.0,0.3,0.0,-0.0118,0.0027,0.0493,0.2539,3.19,9.43
2,4,26.806,0.0,0.3,0.0,-0.0129,0.0026,0.0474,0.2541,1.99,9.99
2,4,26.826,0.0,0.3,0.0,-0.0077,0.0039,0.0463,0.2540,1.05,10.27
2,4,26.844,0.0,0.3,0.0,-0.0038,0.0051,0.0458,0.2540,0.59,10.38
2,4,26.864,0.0,0.3,0.0,-0.0058,0.0079,0.0451,0.2539,0.60,10.41
2,4,26.882,0.0,0.3,0.0,-0.0026,0.0090,0.0448,0.2538,0.75,10.20
2,4,26.902,0.0,0.3,0.0,-0.0013,0.0096,0.0445,0.2538,0.98,9.69
2,4,26.927,0.0,0.3,0.0,-0.0007,0.0094,0.0443,0.2538,0.83,8.90
2,4,26.945,0.0,0.3,0.0,-0.0007,0.0082,0.0441,0.2538,0.88,7.98
2,4,26.962,0.0,0.3,0.0,-0.0007,0.0075,0.0441,0.2539,1.45,6.89
2,4,26.983,0.0,0.3,0.0,-0.0014,0.0062,0.0443,0.2543,2.91,7.18
2,4,27.007,0.0,0.3,0.0,-0.0020,0.0046,0.0447,0.2546,3.39,8.05
2,4,27.027,0.0,0.3,0.0,-0.0014,0.0035,0.0449,0.2548,3.06,7.92
2,4,27.044,0.0,0.3,0.0,-0.0030,0.0028,0.0451,0.2550,2.62,9.97
2,4,27.062,0.0,0.3,0.0,-0.0011,0.0005,0.0454,0.2551,2.20,10.69
2,5,27.088,0.0,0.0,0.0,0.0000,-0.0020,0.0460,0.2550,0.68,11.21
2,5,27.105,0.0,0.0,0.0,0.0030,-0.0028,0.0462,0.2549,1.06,9.40
2,5,27.125,0.0,0.0,0.0,0.0032,-0.0022,0.0464,0.2547,1.59,9.27
2,5,27.146,0.0,0.0,0.0,0.0017,-0.0009,0.0463,0.2547,1.19,8.97
2,5,27.163,0.0,0.0,0.0,0.0006,-0.0003,0.0462,0.2547,1.14,8.92
2,5,27.182,0.0,0.0,0.0,-0.0010,0.0003,0.0460,0.2548,1.35,8.42
2,5,27.205,0.0,0.0,0.0,-0.0031,0.0003,0.0459,0.2549,1.46,8.37
2,5,27.226,0.0,0.0,0.0,-0.0032,0.0001,0.0455,0.2551,1.54,7.97
2,5,27.247,0.0,0.0,0.0,-0.0045,-0.0001,0.0450,0.2553,1.41,7.77
2,5,27.264,0.0,0.0,0.0,-0.0018,-0.0003,0.0448,0.2554,1.29,7.72
2,5,27.284,0.0,0.0,0.0,-0.0056,-0.0004,0.0445,0.2555,1.10,7.68
2,5,27.306,0.0,0.0,0.0,-0.0047,-0.0003,0.0443,0.2555,0.91,7.69
2,5,27.327,0.0,0.0,0.0,-0.0032,-0.0001,0.0439,0.2556,0.63,7.70
2,5,27.345,0.0,0.0,0.0,-0.0033,0.0001,0.0438,0.2557,0.47,7.74
2,5,27.363,0.0,0.0,0.0,-0.0019,0.0002,0.0437,0.2557,0.37,7.79
2,5,27.385,0.0,0.0,0.0,-0.0017,0.0001,0.0435,0.2558,0.27,7.83
2,5,27.407,0.0,0.0,0.0,-0.0010,0.0001,0.0435,0.2558,0.24,7.86
2,5,27.424,0.0,0.0,0.0,-0.0007,0.0001,0.0434,0.2558,0.23,7.86
2,5,27.447,0.0,0.0,0.0,-0.0013,0.0001,0.0433,0.2558,0.22,7.86
2,5,27.464,0.0,0.0,0.0,-0.0008,0.0001,0.0432,0.2559,0.21,7.85
2,5,27.482,0.0,0.0,0.0,-0.0013,0.0000,0.0432,0.2559,0.21,7.84
2,5,27.504,0.0,0.0,0.0,-0.0006,0.0000,0.0431,0.2559,0.21,7.83
2,5,27.529,0.0,0.0,0.0,-0.0008,0.0000,0.0430,0.2559,0.20,7.81
2,5,27.546,0.0,0.0,0.0,-0.0013,0.0000,0.0430,0.2559,0.19,7.80
2,5,27.564,0.0,0.0,0.0,-0.0009,0.0000,0.0429,0.2560,0.19,7.79
2,5,27.582,0.0,0.0,0.0,-0.0008,-0.0000,0.0429,0.2560,0.19,7.78
2,5,27.606,0.0,0.0,0.0,-0.0010,-0.0000,0.0428,0.2560,0.18,7.77
2,5,27.626,0.0,0.0,0.0,-0.0008,-0.0000,0.0427,0.2560,0.18,7.76
2,5,27.646,0.0,0.0,0.0,-0.0007,-0.0000,0.0427,0.2560,0.17,7.75
2,5,27.663,0.0,0.0,0.0,-0.0009,-0.0000,0.0426,0.2561,0.17,7.75
2,5,27.683,0.0,0.0,0.0,-0.0007,-0.0000,0.0426,0.2561,0.16,7.74
2,5,27.705,0.0,0.0,0.0,-0.0008,-0.0000,0.0425,0.2561,0.16,7.73
2,5,27.727,0.0,0.0,0.0,-0.0005,-0.0000,0.0425,0.2561,0.16,7.72
2,5,27.744,0.0,0.0,0.0,-0.0009,-0.0000,0.0424,0.2561,0.16,7.71
2,5,27.762,0.0,0.0,0.0,-0.0006,-0.0000,0.0424,0.2561,0.15,7.70
2,5,27.784,0.0,0.0,0.0,-0.0008,-0.0000,0.0423,0.2561,0.15,7.70
2,5,27.804,0.0,0.0,0.0,-0.0004,-0.0000,0.0423,0.2562,0.15,7.69
2,5,27.826,0.0,0.0,0.0,-0.0008,-0.0001,0.0422,0.2562,0.14,7.68
2,5,27.846,0.0,0.0,0.0,-0.0006,-0.0001,0.0422,0.2562,0.14,7.67
2,5,27.865,0.0,0.0,0.0,-0.0004,-0.0001,0.0421,0.2562,0.14,7.66
2,5,27.883,0.0,0.0,0.0,-0.0009,-0.0001,0.0421,0.2562,0.13,7.66
2,5,27.904,0.0,0.0,0.0,-0.0006,-0.0001,0.0421,0.2562,0.13,7.65
2,5,27.928,0.0,0.0,0.0,-0.0005,-0.0001,0.0420,0.2562,0.13,7.64
2,5,27.944,0.0,0.0,0.0,-0.0008,-0.0001,0.0420,0.2563,0.12,7.64
2,5,27.964,0.0,0.0,0.0,-0.0006,-0.0001,0.0419,0.2563,0.12,7.63
2,5,27.984,0.0,0.0,0.0,-0.0005,-0.0001,0.0419,0.2563,0.12,7.62
2,5,28.008,0.0,0.0,0.0,-0.0006,-0.0001,0.0419,0.2563,0.12,7.61
2,5,28.026,0.0,0.0,0.0,-0.0009,-0.0001,0.0418,0.2563,0.11,7.61
2,5,28.045,0.0,0.0,0.0,-0.0003,-0.0001,0.0418,0.2563,0.11,7.60
2,5,28.064,0.0,0.0,0.0,-0.0007,-0.0001,0.0417,0.2563,0.11,7.59
2,5,28.083,0.0,0.0,0.0,-0.0007,-0.0001,0.0417,0.2563,0.11,7.59
2,5,28.108,0.0,0.0,0.0,-0.0005,-0.0001,0.0417,0.2564,0.10,7.58
2,5,28.124,0.0,0.0,0.0,-0.0008,-0.0001,0.0417,0.2564,0.10,7.58
2,5,28.144,0.0,0.0,0.0,-0.0005,-0.0001,0.0416,0.2564,0.10,7.57
2,5,28.167,0.0,0.0,0.0,-0.0005,-0.0001,0.0416,0.2564,0.10,7.56
2,5,28.182,0.0,0.0,0.0,-0.0004,-0.0001,0.0416,0.2564,0.10,7.56
2,5,28.206,0.0,0.0,0.0,-0.0006,-0.0001,0.0415,0.2564,0.09,7.55
2,5,28.225,0.0,0.0,0.0,-0.0004,-0.0001,0.0415,0.2564,0.09,7.54
2,5,28.244,0.0,0.0,0.0,-0.0005,-0.0001,0.0415,0.2564,0.09,7.54
2,5,28.264,0.0,0.0,0.0,-0.0004,-0.0001,0.0414,0.2564,0.09,7.53
2,5,28.283,0.0,0.0,0.0,-0.0005,-0.0001,0.0414,0.2564,0.09,7.53
2,5,28.305,0.0,0.0,0.0,-0.0005,-0.0001,0.0414,0.2565,0.08,7.52
2,5,28.327,0.0,0.0,0.0,-0.0004,-0.0001,0.0414,0.2565,0.08,7.52
2,5,28.346,0.0,0.0,0.0,-0.0003,-0.0001,0.0413,0.2565,0.08,7.51
2,5,28.362,0.0,0.0,0.0,-0.0005,-0.0001,0.0413,0.2565,0.08,7.51
2,5,28.384,0.0,0.0,0.0,-0.0002,-0.0001,0.0413,0.2565,0.08,7.50
2,5,28.405,0.0,0.0,0.0,-0.0006,-0.0001,0.0413,0.2565,0.08,7.50
2,5,28.427,0.0,0.0,0.0,-0.0004,-0.0001,0.0412,0.2565,0.07,7.49
2,5,28.445,0.0,0.0,0.0,-0.0002,-0.0001,0.0412,0.2565,0.07,7.49
2,5,28.463,0.0,0.0,0.0,-0.0006,-0.0001,0.0412,0.2565,0.07,7.48
2,5,28.484,0.0,0.0,0.0,-0.0004,-0.0001,0.0412,0.2565,0.07,7.48
2,5,28.502,0.0,0.0,0.0,-0.0005,-0.0001,0.0412,0.2565,0.07,7.47
2,5,28.527,0.0,0.0,0.0,-0.0004,-0.0001,0.0411,0.2565,0.07,7.47
2,5,28.546,0.0,0.0,0.0,-0.0004,-0.0002,0.0411,0.2565,0.06,7.46
2,5,28.564,0.0,0.0,0.0,-0.0002,-0.0002,0.0411,0.2566,0.06,7.46
2,5,28.581,0.0,0.0,0.0,-0.0005,-0.0002,0.0411,0.2566,0.06,7.45
2,5,28.605,0.0,0.0,0.0,-0.0004,-0.0002,0.0410,0.2566,0.06,7.45
2,5,28.627,0.0,0.0,0.0,-0.0003,-0.0002,0.0410,0.2566,0.06,7.45
2,5,28.645,0.0,0.0,0.0,-0.0004,-0.0002,0.0410,0.2566,0.06,7.44
2,5,28.665,0.0,0.0,0.0,-0.0004,-0.0002,0.0410,0.2566,0.06,7.44
2,5,28.682,0.0,0.0,0.0,-0.0001,-0.0002,0.0410,0.2566,0.06,7.44
2,5,28.704,0.0,0.0,0.0,-0.0005,-0.0002,0.0410,0.2566,0.05,7.43
2,5,28.727,0.0,0.0,0.0,-0.0003,-0.0002,0.0409,0.2566,0.05,7.42
2,5,28.743,0.0,0.0,0.0,-0.0002,-0.0002,0.0409,0.2566,0.05,7.42
2,5,28.764,0.0,0.0,0.0,-0.0004,-0.0002,0.0409,0.2566,0.05,7.42
2,5,28.782,0.0,0.0,0.0,-0.0003,-0.0002,0.0409,0.2566,0.05,7.41
2,5,28.801,0.0,0.0,0.0,-0.0003,-0.0002,0.0409,0.2566,0.05,7.41
2,5,28.826,0.0,0.0,0.0,-0.0002,-0.0002,0.0409,0.2566,0.05,7.41
2,5,28.844,0.0,0.0,0.0,-0.0003,-0.0002,0.0408,0.2566,0.05,7.40
2,5,28.867,0.0,0.0,0.0,-0.0003,-0.0002,0.0408,0.2566,0.05,7.40
2,5,28.883,0.0,0.0,0.0,-0.0002,-0.0002,0.0408,0.2566,0.04,7.40
2,5,28.904,0.0,0.0,0.0,-0.0003,-0.0002,0.0408,0.2566,0.04,7.39
2,5,28.926,0.0,0.0,0.0,-0.0002,-0.0002,0.0408,0.2566,0.04,7.39
2,5,28.945,0.0,0.0,0.0,-0.0003,-0.0002,0.0408,0.2566,0.04,7.39
2,5,28.962,0.0,0.0,0.0,-0.0003,-0.0002,0.0408,0.2567,0.04,7.38
2,5,28.982,0.0,0.0,0.0,-0.0002,-0.0002,0.0407,0.2567,0.04,7.38
2,5,29.004,0.0,0.0,0.0,-0.0003,-0.0002,0.0407,0.2567,0.04,7.38
2,5,29.027,0.0,0.0,0.0,-0.0002,-0.0002,0.0407,0.2567,0.04,7.37
2,5,29.046,0.0,0.0,0.0,-0.0002,-0.0002,0.0407,0.2567,0.04,7.37
2,5,29.064,0.0,0.0,0.0,-0.0002,-0.0002,0.0407,0.2567,0.04,7.37
2,5,29.082,0.0,0.0,0.0,-0.0003,-0.0002,0.0407,0.2567,0.04,7.36
2,5,29.102,0.0,0.0,0.0,-0.0001,-0.0002,0.0407,0.2567,0.04,7.36
2,5,29.127,0.0,0.0,0.0,-0.0003,-0.0002,0.0407,0.2567,0.03,7.36
2,5,29.146,0.0,0.0,0.0,-0.0002,-0.0002,0.0407,0.2567,0.03,7.36
2,5,29.165,0.0,0.0,0.0,-0.0003,-0.0002,0.0406,0.2567,0.03,7.35
2,5,29.181,0.0,0.0,0.0,-0.0002,-0.0002,0.0406,0.2567,0.03,7.35
2,5,29.203,0.0,0.0,0.0,-0.0002,-0.0002,0.0406,0.2567,0.03,7.35
2,5,29.225,0.0,0.0,0.0,-0.0001,-0.0002,0.0406,0.2567,0.03,7.35
2,5,29.244,0.0,0.0,0.0,-0.0003,-0.0002,0.0406,0.2567,0.03,7.34
2,5,29.264,0.0,0.0,0.0,-0.0002,-0.0002,0.0406,0.2567,0.03,7.34
2,5,29.284,0.0,0.0,0.0,-0.0002,-0.0002,0.0406,0.2567,0.03,7.34
2,5,29.305,0.0,0.0,0.0,-0.0002,-0.0002,0.0406,0.2567,0.03,7.34
2,5,29.327,0.0,0.0,0.0,-0.0002,-0.0002,0.0406,0.2567,0.03,7.33
2,5,29.345,0.0,0.0,0.0,-0.0001,-0.0002,0.0406,0.2567,0.03,7.33
2,5,29.364,0.0,0.0,0.0,-0.0003,-0.0002,0.0406,0.2567,0.03,7.33
2,5,29.382,0.0,0.0,0.0,-0.0003,-0.0002,0.0406,0.2567,0.03,7.33
2,5,29.410,0.0,0.0,0.0,-0.0002,-0.0002,0.0405,0.2567,0.03,7.32
2,5,29.424,0.0,0.0,0.0,-0.0001,-0.0002,0.0405,0.2567,0.03,7.32
2,5,29.446,0.0,0.0,0.0,-0.0002,-0.0002,0.0405,0.2567,0.03,7.32
2,5,29.464,0.0,0.0,0.0,-0.0002,-0.0002,0.0405,0.2567,0.02,7.32
2,5,29.483,0.0,0.0,0.0,-0.0002,-0.0002,0.0405,0.2567,0.02,7.31
2,5,29.504,0.0,0.0,0.0,-0.0002,-0.0002,0.0405,0.2567,0.02,7.31
2,5,29.525,0.0,0.0,0.0,-0.0002,-0.0002,0.0405,0.2567,0.02,7.31
2,5,29.545,0.0,0.0,0.0,-0.0002,-0.0002,0.0405,0.2567,0.02,7.31
2,5,29.562,0.0,0.0,0.0,-0.0002,-0.0002,0.0405,0.2567,0.02,7.31
2,5,29.584,0.0,0.0,0.0,-0.0001,-0.0002,0.0405,0.2567,0.02,7.30
2,5,29.605,0.0,0.0,0.0,-0.0001,-0.0002,0.0405,0.2567,0.02,7.30
2,5,29.626,0.0,0.0,0.0,-0.0002,-0.0002,0.0405,0.2567,0.02,7.30
2,5,29.645,0.0,0.0,0.0,-0.0001,-0.0002,0.0405,0.2567,0.02,7.30
2,5,29.664,0.0,0.0,0.0,-0.0002,-0.0002,0.0405,0.2567,0.02,7.30
2,5,29.682,0.0,0.0,0.0,-0.0002,-0.0002,0.0405,0.2567,0.02,7.29
2,5,29.708,0.0,0.0,0.0,-0.0001,-0.0002,0.0404,0.2567,0.02,7.29
2,5,29.727,0.0,0.0,0.0,-0.0002,-0.0002,0.0404,0.2567,0.02,7.29
2,5,29.744,0.0,0.0,0.0,-0.0002,-0.0002,0.0404,0.2567,0.02,7.29
2,5,29.764,0.0,0.0,0.0,-0.0002,-0.0002,0.0404,0.2567,0.02,7.29
2,5,29.783,0.0,0.0,0.0,-0.0002,-0.0002,0.0404,0.2567,0.02,7.28
2,5,29.805,0.0,0.0,0.0,-0.0002,-0.0002,0.0404,0.2567,0.02,7.28
2,5,29.828,0.0,0.0,0.0,-0.0001,-0.0002,0.0404,0.2567,0.02,7.28
2,5,29.843,0.0,0.0,0.0,-0.0001,-0.0002,0.0404,0.2567,0.02,7.28
2,5,29.864,0.0,0.0,0.0,-0.0001,-0.0002,0.0404,0.2567,0.02,7.28
2,5,29.884,0.0,0.0,0.0,-0.0002,-0.0002,0.0404,0.2567,0.02,7.28
2,5,29.905,0.0,0.0,0.0,-0.0002,-0.0002,0.0404,0.2567,0.02,7.27
2,5,29.928,0.0,0.0,0.0,-0.0001,-0.0002,0.0404,0.2567,0.02,7.27
2,5,29.945,0.0,0.0,0.0,-0.0002,-0.0002,0.0404,0.2567,0.02,7.27
2,5,29.964,0.0,0.0,0.0,-0.0001,-0.0002,0.0404,0.2567,0.01,7.27
2,5,29.982,0.0,0.0,0.0,-0.0001,-0.0002,0.0404,0.2567,0.01,7.27
2,5,30.004,0.0,0.0,0.0,-0.0002,-0.0002,0.0404,0.2567,0.01,7.27
2,5,30.028,0.0,0.0,0.0,-0.0001,-0.0002,0.0404,0.2567,0.01,7.27
2,5,30.044,0.0,0.0,0.0,-0.0001,-0.0002,0.0404,0.2567,0.01,7.26
2,5,30.063,0.0,0.0,0.0,-0.0001,-0.0002,0.0404,0.2567,0.01,7.26
2,5,30.084,0.0,0.0,0.0,-0.0001,-0.0002,0.0404,0.2567,0.01,7.26
3,0,0.003,0.0,0.0,0.0,-0.0000,-0.0003,0.1223,0.2220,0.11,11.35
3,0,0.024,0.0,0.0,0.0,0.0005,-0.0047,0.1214,0.2221,28.38,23.29
3,0,0.044,0.0,0.0,0.0,0.0066,-0.0162,0.1138,0.2228,95.37,23.56
3,0,0.066,0.0,0.0,0.0,0.0246,-0.0184,0.0964,0.2253,110.72,17.71
3,0,0.083,0.0,0.0,0.0,0.0285,0.0253,0.0807,0.2284,84.30,15.16
3,0,0.102,0.0,0.0,0.0,0.0798,0.0800,0.0691,0.2330,62.33,14.01
3,0,0.123,0.0,0.0,0.0,0.0756,0.0932,0.0629,0.2362,48.94,12.75
3,0,0.146,0.0,0.0,0.0,0.1288,0.0912,0.0581,0.2390,37.17,11.97
3,0,0.167,0.0,0.0,0.0,0.1281,0.0858,0.0527,0.2427,30.28,11.73
3,0,0.184,0.0,0.0,0.0,0.1620,0.0763,0.0501,0.2441,27.29,11.58
3,0,0.202,0.0,0.0,0.0,0.1946,0.0528,0.0433,0.2475,20.78,11.29
3,0,0.221,0.0,0.0,0.0,0.2520,0.0407,0.0403,0.2482,18.27,10.81
3,0,0.246,0.0,0.0,0.0,0.1998,0.0235,0.0341,0.2496,13.93,10.89
3,0,0.268,0.0,0.0,0.0,0.2367,0.0185,0.0308,0.2502,12.71,10.95
3,0,0.284,0.0,0.0,0.0,0.1286,0.0184,0.0274,0.2506,12.34,10.89
3,0,0.305,0.0,0.0,0.0,0.2658,0.0227,0.0223,0.2511,12.34,10.71
3,0,0.324,0.0,0.0,0.0,0.2685,0.0244,0.0183,0.2513,12.42,10.55
3,0,0.346,0.0,0.0,0.0,0.1719,0.0243,0.0146,0.2516,12.48,10.31
3,0,0.370,0.0,0.0,0.0,0.2361,0.0212,0.0103,0.2520,12.42,10.25
3,0,0.386,0.0,0.0,0.0,0.2613,0.0176,0.0079,0.2523,12.07,9.85
3,0,0.401,0.0,0.0,0.0,0.2460,0.0149,0.0071,0.2526,11.69,9.67
3,0,0.427,0.0,0.0,0.0,0.1853,0.0119,0.0080,0.2529,11.25,9.39
3,0,0.446,0.0,0.0,0.0,0.2194,0.0096,0.0099,0.2532,10.83,9.26
3,0,0.466,0.0,0.0,0.0,0.2365,0.0063,0.0124,0.2534,10.54,8.88
3,0,0.489,0.0,0.0,0.0,0.1273,0.0019,0.0156,0.2537,9.82,8.60
3,0,0.503,0.0,0.0,0.0,0.2045,-0.0001,0.0170,0.2538,9.49,8.45
3,0,0.524,0.0,0.0,0.0,0.2160,-0.0057,0.0201,0.2541,8.64,8.15
3,0,0.542,0.0,0.0,0.0,0.0947,-0.0063,0.0207,0.2541,8.42,8.13
3,0,0.567,0.0,0.0,0.0,0.2102,-0.0072,0.0233,0.2543,7.55,7.64
3,0,0.584,0.0,0.0,0.0,0.1441,-0.0078,0.0251,0.2544,6.81,7.32
3,0,0.609,0.0,0.0,0.0,0.0399,-0.0103,0.0262,0.2544,6.41,7.07
3,0,0.625,0.0,0.0,0.0,0.1589,-0.0114,0.0264,0.2544,6.28,7.10
3,0,0.645,0.0,0.0,0.0,0.0881,-0.0149,0.0273,0.2545,5.57,6.98
3,0,0.663,0.0,0.0,0.0,0.0632,-0.0166,0.0276,0.2545,4.85,6.88
3,0,0.684,0.0,0.0,0.0,0.0596,-0.0173,0.0279,0.2545,4.22,6.79
3,0,0.705,0.0,0.0,0.0,0.0718,-0.0166,0.0281,0.2545,3.44,6.75
3,0,0.725,0.0,0.0,0.0,0.0286,-0.0136,0.0280,0.2544,2.86,6.74
3,0,0.747,0.0,0.0,0.0,0.0180,-0.0053,0.0275,0.2543,2.01,6.80
3,0,0.762,0.0,0.0,0.0,0.0037,-0.0021,0.0272,0.2543,1.21,6.85
3,0,0.783,0.0,0.0,0.0,-0.0015,-0.0026,0.0269,0.2543,1.06,6.85
3,0,0.802,0.0,0.0,0.0,-0.0101,-0.0062,0.0260,0.2541,1.34,6.96
3,0,0.825,0.0,0.0,0.0,-0.0149,-0.0079,0.0253,0.2541,1.36,7.07
3,0,0.843,0.0,0.0,0.0,-0.0122,-0.0092,0.0247,0.2540,1.26,7.13
3,0,0.865,0.0,0.0,0.0,-0.0220,-0.0091,0.0239,0.2539,1.29,7.20
3,0,0.885,0.0,0.0,0.0,-0.0208,-0.0092,0.0233,0.2539,1.38,7.29
3,0,0.903,0.0,0.0,0.0,-0.0161,-0.0092,0.0227,0.2538,1.43,7.34
3,0,0.924,0.0,0.0,0.0,-0.0294,-0.0089,0.0218,0.2537,1.47,7.47
3,0,0.945,0.0,0.0,0.0,-0.0188,-0.0084,0.0210,0.2536,1.47,7.60
3,0,0.966,0.0,0.0,0.0,-0.0170,-0.0080,0.0206,0.2536,1.45,7.61
3,0,0.984,0.0,0.0,0.0,-0.0258,-0.0072,0.0201,0.2535,1.40,7.73
3,0,1.001,0.0,0.0,0.0,-0.0213,-0.0064,0.0197,0.2535,1.30,7.76
3,0,1.026,0.0,0.0,0.0,-0.0227,-0.0058,0.0192,0.2534,1.18,7.79
3,0,1.046,0.0,0.0,0.0,-0.0102,-0.0055,0.0190,0.2534,1.09,7.81
3,0,1.063,0.0,0.0,0.0,-0.0233,-0.0053,0.0187,0.2534,1.02,7.83
3,0,1.082,0.0,0.0,0.0,-0.0205,-0.0049,0.0185,0.2534,0.89,7.87
3,0,1.105,0.0,0.0,0.0,-0.0122,-0.0044,0.0183,0.2534,0.78,7.90
3,0,1.126,0.0,0.0,0.0,-0.0141,-0.0041,0.0181,0.2533,0.70,7.92
3,0,1.148,0.0,0.0,0.0,-0.0092,-0.0035,0.0180,0.2533,0.58,7.95
3,0,1.166,0.0,0.0,0.0,-0.0093,-0.0031,0.0179,0.2533,0.50,7.95
3,0,1.183,0.0,0.0,0.0,-0.0056,-0.0028,0.0179,0.2533,0.44,7.97
3,0,1.203,0.0,0.0,0.0,-0.0066,-0.0019,0.0178,0.2533,0.30,7.99
3,0,1.226,0.0,0.0,0.0,-0.0019,-0.0014,0.0178,0.2533,0.22,7.99
3,0,1.246,0.0,0.0,0.0,-0.0023,-0.0009,0.0178,0.2533,0.16,7.99
3,0,1.264,0.0,0.0,0.0,-0.0007,-0.0006,0.0178,0.2533,0.12,7.98
3,0,1.285,0.0,0.0,0.0,-0.0007,-0.0005,0.0178,0.2532,0.11,7.98
3,0,1.303,0.0,0.0,0.0,-0.0009,-0.0005,0.0179,0.2532,0.10,7.97
3,0,1.330,0.0,0.0,0.0,-0.0006,-0.0005,0.0179,0.2532,0.10,7.97
3,0,1.344,0.0,0.0,0.0,-0.0007,-0.0005,0.0179,0.2532,0.10,7.97
3,0,1.365,0.0,0.0,0.0,-0.0006,-0.0005,0.0179,0.2532,0.10,7.98
3,0,1.383,0.0,0.0,0.0,-0.0008,-0.0005,0.0180,0.2532,0.10,7.98
3,0,1.403,0.0,0.0,0.0,-0.0006,-0.0005,0.0180,0.2532,0.10,7.98
3,0,1.424,0.0,0.0,0.0,-0.0007,-0.0005,0.0180,0.2532,0.10,7.98
3,0,1.443,0.0,0.0,0.0,-0.0007,-0.0005,0.0180,0.2532,0.10,7.98
3,0,1.465,0.0,0.0,0.0,-0.0008,-0.0005,0.0180,0.2532,0.10,7.98
3,0,1.483,0.0,0.0,0.0,-0.0006,-0.0005,0.0180,0.2532,0.09,7.98
3,0,1.503,0.0,0.0,0.0,-0.0009,-0.0005,0.0181,0.2532,0.10,7.98
3,0,1.523,0.0,0.0,0.0,-0.0008,-0.0005,0.0181,0.2532,0.10,7.98
3,0,1.546,0.0,0.0,0.0,-0.0005,-0.0005,0.0181,0.2532,0.09,7.98
3,0,1.565,0.0,0.0,0.0,-0.0009,-0.0005,0.0181,0.2532,0.09,7.98
3,0,1.584,0.0,0.0,0.0,-0.0006,-0.0005,0.0181,0.2532,0.09,7.98
3,0,1.602,0.0,0.0,0.0,-0.0010,-0.0005,0.0181,0.2532,0.09,7.98
3,0,1.622,0.0,0.0,0.0,-0.0006,-0.0005,0.0182,0.2532,0.09,7.98
3,0,1.648,0.0,0.0,0.0,-0.0006,-0.0005,0.0182,0.2532,0.09,7.99
3,0,1.667,0.0,0.0,0.0,-0.0007,-0.0005,0.0182,0.2532,0.09,7.99
3,0,1.684,0.0,0.0,0.0,-0.0009,-0.0005,0.0182,0.2532,0.09,7.99
3,0,1.703,0.0,0.0,0.0,-0.0005,-0.0005,0.0182,0.2532,0.09,7.99
3,0,1.724,0.0,0.0,0.0,-0.0007,-0.0005,0.0182,0.2532,0.08,7.99
3,0,1.750,0.0,0.0,0.0,-0.0007,-0.0005,0.0182,0.2532,0.08,7.99
3,0,1.770,0.0,0.0,0.0,-0.0008,-0.0005,0.0183,0.2532,0.08,7.99
3,0,1.783,0.0,0.0,0.0,-0.0007,-0.0005,0.0183,0.2532,0.08,7.99
3,0,1.802,0.0,0.0,0.0,-0.0007,-0.0005,0.0183,0.2532,0.08,7.99
3,0,1.824,0.0,0.0,0.0,-0.0006,-0.0004,0.0183,0.2532,0.08,7.99
3,0,1.846,0.0,0.0,0.0,-0.0005,-0.0004,0.0183,0.2531,0.08,7.99
3,0,1.867,0.0,0.0,0.0,-0.0011,-0.0004,0.0183,0.2531,0.08,7.99
3,0,1.886,0.0,0.0,0.0,-0.0004,-0.0004,0.0183,0.2531,0.08,7.99
3,0,1.903,0.0,0.0,0.0,-0.0005,-0.0004,0.0183,0.2531,0.08,7.99
3,0,1.924,0.0,0.0,0.0,-0.0008,-0.0004,0.0183,0.2531,0.08,7.99
3,0,1.944,0.0,0.0,0.0,-0.0006,-0.0004,0.0183,0.2531,0.08,7.99
3,0,1.966,0.0,0.0,0.0,-0.0007,-0.0004,0.0184,0.2531,0.08,8.00
3,0,1.983,0.0,0.0,0.0,-0.0009,-0.0004,0.0184,0.2531,0.07,8.00
3,0,2.003,0.0,0.0,0.0,-0.0002,-0.0004,0.0184,0.2531,0.07,8.00
3,0,2.024,0.0,0.0,0.0,-0.0011,-0.0004,0.0184,0.2531,0.07,8.00
3,0,2.045,0.0,0.0,0.0,-0.0006,-0.0004,0.0184,0.2531,0.08,8.00
3,0,2.071,0.0,0.0,0.0,-0.0007,-0.0004,0.0184,0.2531,0.07,8.00
3,0,2.085,0.0,0.0,0.0,-0.0008,-0.0004,0.0184,0.2531,0.07,8.00
3,0,2.103,0.0,0.0,0.0,-0.0008,-0.0004,0.0184,0.2531,0.07,8.00
3,0,2.123,0.0,0.0,0.0,-0.0004,-0.0004,0.0184,0.2531,0.07,8.00
3,0,2.145,0.0,0.0,0.0,-0.0009,-0.0004,0.0184,0.2531,0.07,8.00
3,0,2.163,0.0,0.0,0.0,-0.0006,-0.0004,0.0185,0.2531,0.07,8.00
3,0,2.183,0.0,0.0,0.0,-0.0005,-0.0004,0.0185,0.2531,0.07,8.00
3,0,2.203,0.0,0.0,0.0,-0.0007,-0.0004,0.0185,0.2531,0.07,8.01
3,0,2.228,0.0,0.0,0.0,-0.0008,-0.0004,0.0185,0.2531,0.07,8.01
3,0,2.244,0.0,0.0,0.0,-0.0006,-0.0004,0.0185,0.2531,0.07,8.01
3,0,2.265,0.0,0.0,0.0,-0.0008,-0.0004,0.0185,0.2531,0.07,8.01
3,0,2.283,0.0,0.0,0.0,-0.0006,-0.0004,0.0185,0.2531,0.07,8.01
3,0,2.302,0.0,0.0,0.0,-0.0006,-0.0004,0.0185,0.2531,0.07,8.01
3,0,2.326,0.0,0.0,0.0,-0.0008,-0.0004,0.0185,0.2531,0.07,8.01
3,0,2.347,0.0,0.0,0.0,-0.0008,-0.0004,0.0185,0.2531,0.07,8.01
3,0,2.361,0.0,0.0,0.0,-0.0005,-0.0004,0.0185,0.2531,0.07,8.01
3,0,2.382,0.0,0.0,0.0,-0.0011,-0.0004,0.0185,0.2531,0.07,8.01
3,0,2.401,0.0,0.0,0.0,-0.0006,-0.0004,0.0185,0.2531,0.07,8.01
3,0,2.423,0.0,0.0,0.0,-0.0006,-0.0004,0.0185,0.2531,0.07,8.02
3,0,2.443,0.0,0.0,0.0,-0.0009,-0.0004,0.0185,0.2531,0.07,8.02
3,0,2.463,0.0,0.0,0.0,-0.0008,-0.0004,0.0185,0.2531,0.07,8.02
3,0,2.485,0.0,0.0,0.0,-0.0004,-0.0004,0.0185,0.2530,0.07,8.02
3,0,2.507,0.0,0.0,0.0,-0.0008,-0.0004,0.0186,0.2530,0.07,8.02
3,0,2.523,0.0,0.0,0.0,-0.0008,-0.0004,0.0186,0.2530,0.06,8.02
3,0,2.543,0.0,0.0,0.0,-0.0008,-0.0004,0.0186,0.2530,0.06,8.02
3,0,2.562,0.0,0.0,0.0,-0.0005,-0.0004,0.0186,0.2530,0.06,8.02
3,0,2.582,0.0,0.0,0.0,-0.0008,-0.0004,0.0186,0.2530,0.06,8.02
3,0,2.603,0.0,0.0,0.0,-0.0008,-0.0004,0.0186,0.2530,0.06,8.03
3,0,2.624,0.0,0.0,0.0,-0.0006,-0.0004,0.0186,0.2530,0.07,8.03
3,0,2.646,0.0,0.0,0.0,-0.0008,-0.0004,0.0186,0.2530,0.06,8.03
3,0,2.663,0.0,0.0,0.0,-0.0007,-0.0004,0.0186,0.2530,0.06,8.03
3,0,2.681,0.0,0.0,0.0,-0.0006,-0.0004,0.0186,0.2530,0.07,8.03
3,0,2.702,0.0,0.0,0.0,-0.0007,-0.0004,0.0186,0.2530,0.06,8.03
3,0,2.726,0.0,0.0,0.0,-0.0006,-0.0004,0.0186,0.2530,0.06,8.03
3,0,2.750,0.0,0.0,0.0,-0.0006,-0.0004,0.0186,0.2530,0.06,8.03
3,0,2.765,0.0,0.0,0.0,-0.0007,-0.0004,0.0186,0.2530,0.06,8.03
3,0,2.783,0.0,0.0,0.0,-0.0007,-0.0004,0.0186,0.2530,0.07,8.03
3,0,2.802,0.0,0.0,0.0,-0.0008,-0.0004,0.0186,0.2530,0.06,8.04
3,0,2.823,0.0,0.0,0.0,-0.0006,-0.0003,0.0186,0.2530,0.06,8.04
3,0,2.847,0.0,0.0,0.0,-0.0005,-0.0003,0.0186,0.2530,0.06,8.04
3,0,2.863,0.0,0.0,0.0,-0.0008,-0.0003,0.0186,0.2530,0.06,8.04
3,0,2.883,0.0,0.0,0.0,-0.0006,-0.0003,0.0186,0.2530,0.07,8.04
3,0,2.904,0.0,0.0,0.0,-0.0007,-0.0003,0.0186,0.2530,0.06,8.04
3,0,2.924,0.0,0.0,0.0,-0.0008,-0.0003,0.0186,0.2530,0.06,8.04
3,0,2.947,0.0,0.0,0.0,-0.0005,-0.0003,0.0186,0.2530,0.06,8.04
3,0,2.967,0.0,0.0,0.0,-0.0003,-0.0003,0.0186,0.2530,0.06,8.04
3,0,2.985,0.0,0.0,0.0,-0.0008,-0.0003,0.0186,0.2530,0.06,8.04
3,1,3.005,0.3,0.0,0.0,0.0000,-0.0003,0.0186,0.2530,0.06,8.05
3,1,3.023,0.3,0.0,0.0,-0.0001,-0.0013,0.0187,0.2530,0.89,10.95
3,1,3.051,0.3,0.0,0.0,0.0037,-0.0018,0.0196,0.2529,3.10,11.86
3,1,3.066,0.3,0.0,0.0,0.0094,0.0009,0.0210,0.2528,3.82,12.51
3,1,3.084,0.3,0.0,0.0,0.0154,0.0025,0.0222,0.2525,4.07,13.13
3,1,3.102,0.3,0.0,0.0,0.0175,0.0063,0.0232,0.2522,3.58,13.81
3,1,3.121,0.3,0.0,0.0,0.0294,0.0127,0.0251,0.2515,4.35,14.15
3,1,3.145,0.3,0.0,0.0,0.0347,0.0137,0.0276,0.2508,4.72,14.49
3,1,3.164,0.3,0.0,0.0,0.0383,0.0124,0.0297,0.2501,5.24,14.25
3,1,3.184,0.3,0.0,0.0,0.0397,0.0104,0.0316,0.2495,5.54,13.74
3,1,3.203,0.3,0.0,0.0,0.0392,0.0074,0.0340,0.2490,3.60,13.09
3,1,3.224,0.3,0.0,0.0,0.0386,0.0012,0.0359,0.2488,2.27,12.33
3,1,3.246,0.3,0.0,0.0,0.0248,-0.0005,0.0365,0.2488,1.80,11.45
3,1,3.263,0.3,0.0,0.0,0.0349,0.0012,0.0373,0.2489,2.06,10.26
3,1,3.282,0.3,0.0,0.0,0.0331,0.0046,0.0374,0.2491,3.04,8.74
3,1,3.303,0.3,0.0,0.0,0.0195,0.0146,0.0372,0.2495,5.30,7.95
3,1,3.323,0.3,0.0,0.0,0.0208,0.0232,0.0366,0.2502,6.48,8.87
3,1,3.344,0.3,0.0,0.0,0.0165,0.0302,0.0360,0.2507,6.34,10.01
3,1,3.366,0.3,0.0,0.0,0.0101,0.0461,0.0352,0.2510,9.04,10.83
3,1,3.387,0.3,0.0,0.0,0.0100,0.0366,0.0345,0.2512,8.95,11.70
3,1,3.402,0.3,0.0,0.0,0.0172,0.0162,0.0342,0.2510,6.76,12.03
3,1,3.424,0.3,0.0,0.0,0.0177,0.0076,0.0342,0.2506,5.23,12.38
3,1,3.447,0.3,0.0,0.0,0.0164,0.0091,0.0345,0.2502,3.95,12.34
3,1,3.468,0.3,0.0,0.0,0.0242,0.0157,0.0351,0.2499,3.33,11.84
3,1,3.486,0.3,0.0,0.0,0.0354,0.0234,0.0359,0.2495,3.42,11.37
3,1,3.503,0.3,0.0,0.0,0.0305,0.0311,0.0370,0.2494,3.05,10.70
3,1,3.524,0.3,0.0,0.0,0.0514,0.0269,0.0391,0.2493,2.45,9.64
3,1,3.545,0.3,0.0,0.0,0.0389,0.0228,0.0401,0.2494,2.67,8.67
3,1,3.566,0.3,0.0,0.0,0.0326,0.0163,0.0413,0.2499,4.58,7.74
3,1,3.584,0.3,0.0,0.0,0.0402,0.0141,0.0421,0.2503,5.70,8.02
3,1,3.603,0.3,0.0,0.0,0.0430,0.0141,0.0427,0.2509,6.53,8.90
3,1,3.624,0.3,0.0,0.0,0.0362,0.0144,0.0431,0.2513,6.76,9.80
3,1,3.646,0.3,0.0,0.0,0.0382,0.0143,0.0441,0.2521,5.79,10.40
3,1,3.665,0.3,0.0,0.0,0.0511,0.0116,0.0447,0.2525,4.62,11.11
3,1,3.685,0.3,0.0,0.0,0.0444,0.0038,0.0453,0.2528,3.73,11.71
3,1,3.703,0.3,0.0,0.0,0.0344,-0.0035,0.0461,0.2529,2.95,12.15
3,1,3.724,0.3,0.0,0.0,0.0503,-0.0055,0.0466,0.2527,3.22,12.38
3,1,3.744,0.3,0.0,0.0,0.0356,-0.0065,0.0471,0.2523,3.41,12.44
3,1,3.763,0.3,0.0,0.0,0.0496,-0.0065,0.0474,0.2519,3.69,12.32
3,1,3.785,0.3,0.0,0.0,0.0311,-0.0066,0.0480,0.2513,5.28,12.01
3,1,3.803,0.3,0.0,0.0,0.0485,-0.0073,0.0489,0.2506,5.63,11.70
3,1,3.824,0.3,0.0,0.0,0.0580,-0.0134,0.0502,0.2501,3.53,11.11
3,1,3.845,0.3,0.0,0.0,0.0552,-0.0146,0.0508,0.2500,2.60,10.28
3,1,3.864,0.3,0.0,0.0,0.0333,-0.0108,0.0515,0.2500,1.61,9.47
3,1,3.883,0.3,0.0,0.0,0.0288,-0.0041,0.0513,0.2504,4.34,8.43
3,1,3.904,0.3,0.0,0.0,0.0176,-0.0020,0.0509,0.2507,5.93,7.43
3,1,3.924,0.3,0.0,0.0,0.0250,0.0060,0.0488,0.2518,8.30,7.74
3,1,3.946,0.3,0.0,0.0,0.0083,0.0088,0.0471,0.2526,7.75,8.79
3,1,3.969,0.3,0.0,0.0,0.0032,0.0106,0.0461,0.2530,6.96,8.73
3,1,3.985,0.3,0.0,0.0,0.0064,0.0157,0.0447,0.2536,5.39,9.73
3,1,4.003,0.3,0.0,0.0,0.0044,0.0213,0.0436,0.2539,3.80,10.95
3,1,4.022,0.3,0.0,0.0,0.0056,0.0199,0.0433,0.2538,2.96,11.08
3,1,4.046,0.3,0.0,0.0,0.0035,0.0181,0.0433,0.2536,2.28,10.85
3,1,4.066,0.3,0.0,0.0,0.0043,0.0162,0.0435,0.2533,2.29,10.43
3,1,4.086,0.3,0.0,0.0,0.0032,0.0164,0.0438,0.2531,1.84,10.12
3,1,4.103,0.3,0.0,0.0,0.0099,0.0194,0.0447,0.2529,2.11,9.97
3,1,4.122,0.3,0.0,0.0,0.0117,0.0163,0.0454,0.2528,1.62,9.43
3,1,4.146,0.3,0.0,0.0,0.0076,0.0118,0.0459,0.2527,1.03,8.57
3,1,4.164,0.3,0.0,0.0,0.0051,0.0076,0.0463,0.2527,0.99,7.59
3,1,4.183,0.3,0.0,0.0,0.0059,0.0050,0.0465,0.2529,1.92,6.60
3,1,4.203,0.3,0.0,0.0,0.0042,0.0053,0.0467,0.2531,2.80,7.69
3,1,4.224,0.3,0.0,0.0,0.0034,0.0055,0.0469,0.2534,3.15,8.75
3,1,4.247,0.3,0.0,0.0,0.0056,0.0054,0.0471,0.2536,2.94,9.81
3,1,4.267,0.3,0.0,0.0,0.0042,0.0047,0.0473,0.2538,2.45,10.67
3,1,4.286,0.3,0.0,0.0,0.0094,0.0024,0.0477,0.2539,1.85,11.35
3,1,4.304,0.3,0.0,0.0,0.0094,0.0014,0.0481,0.2538,1.29,11.87
3,1,4.325,0.3,0.0,0.0,0.0072,-0.0013,0.0482,0.2536,2.13,12.25
3,1,4.346,0.3,0.0,0.0,0.0073,-0.0033,0.0483,0.2533,2.52,12.40
3,1,4.366,0.3,0.0,0.0,0.0141,-0.0053,0.0489,0.2525,2.62,12.32
3,1,4.383,0.3,0.0,0.0,0.0150,-0.0059,0.0496,0.2521,3.15,12.03
3,1,4.403,0.3,0.0,0.0,0.0195,-0.0064,0.0503,0.2517,3.63,11.59
3,1,4.424,0.3,0.0,0.0,0.0203,-0.0079,0.0508,0.2515,4.10,10.98
3,1,4.451,0.3,0.0,0.0,0.0151,-0.0059,0.0511,0.2514,3.05,10.15
3,1,4.465,0.3,0.0,0.0,0.0198,-0.0040,0.0512,0.2513,1.71,10.17
3,1,4.485,0.3,0.0,0.0,0.0100,-0.0030,0.0514,0.2513,0.83,8.17
3,1,4.502,0.3,0.0,0.0,0.0061,-0.0028,0.0511,0.2516,4.29,7.70
3,1,4.524,0.3,0.0,0.0,0.0009,-0.0028,0.0511,0.2516,4.29,7.70
3,1,4.544,0.3,0.0,0.0,-0.0024,0.0068,0.0487,0.2527,6.40,8.72
3,1,4.563,0.3,0.0,0.0,-0.0059,0.0103,0.0474,0.2532,5.58,9.74
3,1,4.582,0.3,0.0,0.0,-0.0052,0.0102,0.0463,0.2536,3.79,10.38
3,1,4.602,0.3,0.0,0.0,-0.0048,0.0073,0.0458,0.2537,1.80,10.88
3,1,4.625,0.3,0.0,0.0,-0.0030,0.0079,0.0456,0.2537,0.95,11.30
3,1,4.644,0.3,0.0,0.0,-0.0012,0.0130,0.0454,0.2535,1.49,11.48
3,1,4.663,0.3,0.0,0.0,0.0004,0.0164,0.0455,0.2533,1.54,11.35
3,1,4.682,0.3,0.0,0.0,0.0030,0.0210,0.0459,0.2531,1.28,11.02
3,1,4.702,0.3,0.0,0.0,0.0034,0.0205,0.0463,0.2530,1.20,10.62
3,1,4.723,0.3,0.0,0.0,0.0054,0.0185,0.0467,0.2529,1.10,10.00
3,1,4.743,0.3,0.0,0.0,0.0043,0.0158,0.0471,0.2529,1.21,9.17
3,1,4.762,0.3,0.0,0.0,0.0051,0.0118,0.0475,0.2530,1.55,8.11
3,1,4.782,0.3,0.0,0.0,0.0032,0.0094,0.0478,0.2533,2.44,6.89
3,1,4.802,0.3,0.0,0.0,0.0043,0.0091,0.0481,0.2535,2.91,7.10
3,1,4.823,0.3,0.0,0.0,0.0051,0.0082,0.0485,0.2538,2.97,8.24
3,1,4.843,0.3,0.0,0.0,0.0040,0.0066,0.0487,0.2541,2.69,9.29
3,1,4.863,0.3,0.0,0.0,0.0043,0.0056,0.0489,0.2542,2.44,10.22
3,1,4.882,0.3,0.0,0.0,0.0080,0.0028,0.0493,0.2543,1.63,10.88
3,1,4.902,0.3,0.0,0.0,0.0092,0.0010,0.0496,0.2542,1.27,11.45
3,1,4.923,0.3,0.0,0.0,0.0046,-0.0030,0.0499,0.2538,2.13,11.92
3,1,4.944,0.3,0.0,0.0,0.0149,-0.0049,0.0506,0.2531,2.30,12.13
3,1,4.962,0.3,0.0,0.0,0.0172,-0.0053,0.0510,0.2528,2.52,12.07
3,1,4.982,0.3,0.0,0.0,0.0102,-0.0060,0.0523,0.2520,2.92,11.79
3,1,5.002,0.3,0.0,0.0,0.0297,-0.0065,0.0527,0.2519,3.09,11.33
3,1,5.023,0.3,0.0,0.0,0.0150,-0.0087,0.0531,0.2517,3.19,10.65
3,1,5.045,0.3,0.0,0.0,0.0154,-0.0110,0.0529,0.2518,3.70,9.77
3,1,5.069,0.3,0.0,0.0,0.0098,-0.0060,0.0522,0.2519,1.54,8.75
3,1,5.085,0.3,0.0,0.0,0.0045,-0.0019,0.0522,0.2520,1.58,7.73
3,1,5.102,0.3,0.0,0.0,0.0040,-0.0013,0.0521,0.2520,2.01,7.69
3,1,5.124,0.3,0.0,0.0,-0.0021,0.0016,0.0511,0.2527,5.67,8.21
3,1,5.145,0.3,0.0,0.0,-0.0060,0.0062,0.0498,0.2532,5.91,8.73
3,1,5.166,0.3,0.0,0.0,-0.0099,0.0085,0.0482,0.2537,5.41,9.67
3,1,5.185,0.3,0.0,0.0,-0.0081,0.0053,0.0473,0.2541,3.24,10.25
3,1,5.203,0.3,0.0,0.0,-0.0074,0.0033,0.0469,0.2542,1.74,10.84
3,1,5.224,0.3,0.0,0.0,-0.0042,0.0075,0.0466,0.2541,1.10,11.33
3,1,5.248,0.3,0.0,0.0,-0.0029,0.0131,0.0464,0.2539,1.54,11.45
3,1,5.267,0.3,0.0,0.0,-0.0003,0.0194,0.0465,0.2537,1.74,11.27
3,1,5.284,0.3,0.0,0.0,0.0006,0.0221,0.0470,0.2535,1.49,10.91
3,1,5.303,0.3,0.0,0.0,0.0026,0.0214,0.0475,0.2533,1.37,10.52
3,1,5.324,0.3,0.0,0.0,0.0044,0.0186,0.0480,0.2532,1.23,9.95
3,1,5.348,0.3,0.0,0.0,0.0022,0.0149,0.0485,0.2532,1.30,9.15
3,1,5.365,0.3,0.0,0.0,0.0037,0.0133,0.0487,0.2532,1.30,9.11
3,1,5.385,0.3,0.0,0.0,0.0018,0.0095,0.0491,0.2535,2.32,6.90
3,1,5.403,0.3,0.0,0.0,0.0016,0.0088,0.0494,0.2538,2.83,6.85
3,1,5.424,0.3,0.0,0.0,0.0020,0.0082,0.0496,0.2540,2.93,8.02
3,1,5.446,0.3,0.0,0.0,0.0013,0.0060,0.0497,0.2542,2.53,9.11
3,1,5.464,0.3,0.0,0.0,0.0027,0.0045,0.0498,0.2544,2.47,10.05
3,1,5.484,0.3,0.0,0.0,0.0055,0.0018,0.0501,0.2545,1.80,10.66
3,1,5.502,0.3,0.0,0.0,0.0053,0.0002,0.0503,0.2544,1.20,11.26
3,1,5.523,0.3,0.0,0.0,0.0052,-0.0022,0.0505,0.2541,1.64,11.79
3,1,5.546,0.3,0.0,0.0,0.0094,-0.0049,0.0514,0.2533,2.28,12.08
3,1,5.568,0.3,0.0,0.0,0.0124,-0.0054,0.0518,0.2530,2.13,12.08
3,1,5.584,0.3,0.0,0.0,0.0237,-0.0057,0.0529,0.2524,2.53,11.82
3,1,5.603,0.3,0.0,0.0,0.0127,-0.0072,0.0536,0.2520,2.87,11.30
3,1,5.623,0.3,0.0,0.0,0.0151,-0.0092,0.0538,0.2519,2.95,10.50
3,1,5.644,0.3,0.0,0.0,0.0179,-0.0100,0.0536,0.2520,2.92,9.65
3,1,5.664,0.3,0.0,0.0,0.0069,-0.0105,0.0524,0.2525,2.48,8.74
3,1,5.685,0.3,0.0,0.0,0.0033,-0.0075,0.0519,0.2525,1.90,7.49
3,1,5.703,0.3,0.0,0.0,0.0044,-0.0022,0.0515,0.2527,3.08,7.53
3,1,5.723,0.3,0.0,0.0,-0.0021,0.0006,0.0509,0.2530,5.00,8.04
3,1,5.744,0.3,0.0,0.0,-0.0080,0.0032,0.0502,0.2533,5.46,7.80
3,1,5.767,0.3,0.0,0.0,-0.0086,0.0075,0.0480,0.2542,4.46,9.48
3,1,5.786,0.3,0.0,0.0,-0.0113,0.0041,0.0473,0.2544,2.74,10.14
3,1,5.803,0.3,0.0,0.0,-0.0059,0.0036,0.0472,0.2545,2.29,10.16
3,1,5.824,0.3,0.0,0.0,-0.0065,0.0075,0.0467,0.2544,0.95,11.15
3,1,5.845,0.3,0.0,0.0,-0.0028,0.0129,0.0467,0.2543,1.44,11.38
3,1,5.866,0.3,0.0,0.0,-0.0016,0.0183,0.0469,0.2541,1.86,11.22
3,1,5.883,0.3,0.0,0.0,0.0001,0.0233,0.0473,0.2538,1.73,10.90
3,1,5.903,0.3,0.0,0.0,0.0011,0.0208,0.0480,0.2536,1.44,10.40
3,1,5.924,0.3,0.0,0.0,0.0021,0.0195,0.0481,0.2536,1.33,9.84
3,1,5.947,0.3,0.0,0.0,0.0029,0.0163,0.0487,0.2535,1.11,9.05
3,1,5.966,0.3,0.0,0.0,0.0016,0.0108,0.0493,0.2536,1.55,7.99
3,1,5.986,0.3,0.0,0.0,0.0005,0.0090,0.0495,0.2538,2.29,6.83
3,1,6.003,0.3,0.0,0.0,0.0001,0.0081,0.0497,0.2540,2.68,6.72
3,1,6.024,0.3,0.0,0.0,-0.0001,0.0072,0.0499,0.2542,2.77,7.91
3,1,6.045,0.3,0.0,0.0,0.0002,0.0062,0.0500,0.2544,2.78,9.04
3,1,6.069,0.3,0.0,0.0,0.0015,0.0044,0.0501,0.2546,2.51,9.87
3,1,6.083,0.3,0.0,0.0,0.0026,0.0030,0.0502,0.2547,2.14,9.82
3,1,6.108,0.3,0.0,0.0,0.0031,0.0001,0.0504,0.2546,1.35,11.08
3,1,6.124,0.3,0.0,0.0,0.0024,-0.0020,0.0506,0.2544,1.37,11.61
3,1,6.146,0.3,0.0,0.0,0.0067,-0.0045,0.0510,0.2539,2.36,11.99
3,1,6.164,0.3,0.0,0.0,0.0133,-0.0058,0.0520,0.2531,2.19,12.08
3,1,6.182,0.3,0.0,0.0,0.0188,-0.0060,0.0528,0.2526,2.60,11.78
3,1,6.203,0.3,0.0,0.0,0.0179,-0.0073,0.0538,0.2521,2.84,11.29
3,1,6.224,0.3,0.0,0.0,0.0138,-0.0093,0.0539,0.2520,2.72,10.51
3,1,6.244,0.3,0.0,0.0,0.0130,-0.0102,0.0538,0.2521,2.79,9.57
3,1,6.264,0.3,0.0,0.0,0.0075,-0.0138,0.0530,0.2526,3.59,8.59
3,1,6.286,0.3,0.0,0.0,0.0036,-0.0058,0.0519,0.2527,1.79,7.38
3,1,6.302,0.3,0.0,0.0,0.0018,-0.0022,0.0516,0.2529,1.94,7.32
3,1,6.324,0.3,0.0,0.0,-0.0040,0.0003,0.0508,0.2533,4.65,7.99
3,1,6.345,0.3,0.0,0.0,-0.0071,0.0036,0.0502,0.2536,5.09,8.51
3,1,6.366,0.3,0.0,0.0,-0.0076,0.0057,0.0486,0.2542,4.28,9.36
3,1,6.385,0.3,0.0,0.0,-0.0124,0.0048,0.0482,0.2543,3.52,9.30
3,1,6.403,0.3,0.0,0.0,-0.0088,0.0051,0.0476,0.2545,2.04,10.59
3,1,6.424,0.3,0.0,0.0,-0.0072,0.0075,0.0472,0.2544,0.93,11.00
3,1,6.447,0.3,0.0,0.0,-0.0039,0.0116,0.0472,0.2543,0.93,11.24
3,1,6.465,0.3,0.0,0.0,-0.0016,0.0190,0.0475,0.2541,1.60,11.29
3,1,6.485,0.3,0.0,0.0,-0.0008,0.0225,0.0480,0.2538,1.90,10.97
3,1,6.503,0.3,0.0,0.0,0.0005,0.0224,0.0484,0.2537,1.77,10.44
3,1,6.523,0.3,0.0,0.0,0.0008,0.0189,0.0490,0.2536,1.14,9.80
3,1,6.546,0.3,0.0,0.0,0.0011,0.0137,0.0494,0.2536,1.25,8.98
3,1,6.566,0.3,0.0,0.0,0.0002,0.0119,0.0496,0.2536,1.28,8.94
3,1,6.584,0.3,0.0,0.0,-0.0008,0.0095,0.0499,0.2538,1.87,6.74
3,1,6.602,0.3,0.0,0.0,-0.0011,0.0090,0.0501,0.2541,2.50,6.75
3,1,6.622,0.3,0.0,0.0,-0.0006,0.0077,0.0503,0.2542,2.80,7.95
3,1,6.644,0.3,0.0,0.0,-0.0005,0.0058,0.0504,0.2545,2.78,8.99
3,1,6.665,0.3,0.0,0.0,0.0011,0.0032,0.0505,0.2547,2.32,9.87
3,1,6.682,0.3,0.0,0.0,0.0007,0.0024,0.0506,0.2547,2.10,9.81
3,1,6.702,0.3,0.0,0.0,0.0031,-0.0008,0.0508,0.2546,1.22,11.09
3,1,6.723,0.3,0.0,0.0,0.0044,-0.0019,0.0509,0.2544,1.34,11.70
3,1,6.741,0.3,0.0,0.0,0.0062,-0.0046,0.0514,0.2538,2.21,12.03
3,1,6.766,0.3,0.0,0.0,0.0123,-0.0058,0.0527,0.2529,2.37,12.05
3,1,6.781,0.3,0.0,0.0,0.0145,-0.0056,0.0532,0.2525,2.36,12.05
3,1,6.803,0.3,0.0,0.0,0.0121,-0.0059,0.0539,0.2522,2.48,11.25
3,1,6.823,0.3,0.0,0.0,0.0210,-0.0085,0.0543,0.2520,2.65,10.53
3,1,6.844,0.3,0.0,0.0,0.0140,-0.0102,0.0542,0.2521,2.78,9.55
3,1,6.865,0.3,0.0,0.0,0.0065,-0.0128,0.0536,0.2525,3.91,8.48
3,1,6.883,0.3,0.0,0.0,0.0029,-0.0111,0.0521,0.2529,2.14,7.28
3,1,6.902,0.3,0.0,0.0,0.0003,-0.0031,0.0515,0.2530,2.42,7.36
3,1,6.923,0.3,0.0,0.0,-0.0016,0.0013,0.0507,0.2535,4.74,8.04
3,1,6.944,0.3,0.0,0.0,-0.0116,0.0029,0.0500,0.2538,5.15,8.31
3,1,6.964,0.3,0.0,0.0,-0.0093,0.0061,0.0487,0.2543,4.54,9.32
3,1,6.983,0.3,0.0,0.0,-0.0059,0.0053,0.0482,0.2544,3.83,9.23
3,1,7.003,0.3,0.0,0.0,-0.0114,0.0035,0.0477,0.2546,2.20,10.47
3,1,7.021,0.3,0.0,0.0,-0.0080,0.0069,0.0474,0.2546,1.05,10.94
3,1,7.045,0.3,0.0,0.0,-0.0049,0.0133,0.0474,0.2544,1.32,11.18
3,1,7.065,0.3,0.0,0.0,-0.0019,0.0189,0.0477,0.2542,1.64,11.19
3,1,7.085,0.3,0.0,0.0,-0.0011,0.0221,0.0482,0.2540,1.87,10.89
3,1,7.103,0.3,0.0,0.0,0.0000,0.0214,0.0487,0.2538,1.60,10.40
3,1,7.123,0.3,0.0,0.0,0.0005,0.0193,0.0491,0.2537,1.19,9.75
3,1,7.148,0.3,0.0,0.0,0.0006,0.0147,0.0496,0.2537,1.19,8.93
3,1,7.167,0.3,0.0,0.0,-0.0001,0.0103,0.0499,0.2538,1.64,7.90
3,1,7.183,0.3,0.0,0.0,-0.0008,0.0094,0.0500,0.2539,1.88,6.70
3,1,7.202,0.3,0.0,0.0,-0.0020,0.0077,0.0502,0.2542,2.62,6.72
3,1,7.223,0.3,0.0,0.0,-0.0013,0.0066,0.0503,0.2544,2.80,7.86
3,1,7.244,0.3,0.0,0.0,-0.0012,0.0048,0.0504,0.2546,2.43,8.94
3,1,7.265,0.3,0.0,0.0,0.0002,0.0033,0.0504,0.2548,2.12,9.85
3,1,7.283,0.3,0.0,0.0,0.0009,0.0010,0.0505,0.2548,2.01,10.56
3,1,7.302,0.3,0.0,0.0,0.0022,-0.0007,0.0506,0.2547,1.20,11.16
3,1,7.321,0.3,0.0,0.0,0.0050,-0.0030,0.0509,0.2544,1.81,11.74
3,1,7.345,0.3,0.0,0.0,0.0073,-0.0053,0.0516,0.2536,2.05,12.03
3,1,7.364,0.3,0.0,0.0,0.0130,-0.0055,0.0521,0.2532,2.09,12.05
3,1,7.385,0.3,0.0,0.0,0.0134,-0.0058,0.0534,0.2526,2.39,11.76
3,1,7.407,0.3,0.0,0.0,0.0153,-0.0060,0.0536,0.2523,2.61,11.75
3,1,7.424,0.3,0.0,0.0,0.0161,-0.0069,0.0541,0.2521,2.70,11.21
3,1,7.446,0.3,0.0,0.0,0.0112,-0.0097,0.0542,0.2521,3.44,9.55
3,1,7.466,0.3,0.0,0.0,0.0069,-0.0128,0.0536,0.2528,3.02,8.49
3,1,7.484,0.3,0.0,0.0,0.0029,-0.0123,0.0524,0.2531,2.65,8.67
3,1,7.502,0.3,0.0,0.0,0.0001,-0.0072,0.0516,0.2531,2.68,7.51
3,1,7.524,0.3,0.0,0.0,-0.0037,-0.0026,0.0511,0.2533,3.81,8.19
3,1,7.549,0.3,0.0,0.0,-0.0059,0.0013,0.0503,0.2537,4.97,8.35
3,1,7.563,0.3,0.0,0.0,-0.0093,0.0047,0.0494,0.2541,4.92,8.16
3,1,7.584,0.3,0.0,0.0,-0.0103,0.0053,0.0486,0.2544,4.22,9.91
3,1,7.603,0.3,0.0,0.0,-0.0074,0.0038,0.0480,0.2546,1.95,10.42
3,1,7.626,0.3,0.0,0.0,-0.0059,0.0047,0.0478,0.2546,1.24,10.42
3,1,7.645,0.3,0.0,0.0,-0.0056,0.0084,0.0477,0.2545,0.95,10.89
3,1,7.666,0.3,0.0,0.0,-0.0031,0.0178,0.0479,0.2542,1.66,11.17
3,1,7.684,0.3,0.0,0.0,-0.0012,0.0220,0.0483,0.2540,1.90,10.87
3,1,7.702,0.3,0.0,0.0,-0.0009,0.0215,0.0490,0.2538,1.57,10.34
3,1,7.722,0.3,0.0,0.0,-0.0001,0.0192,0.0494,0.2537,1.17,9.69
3,1,7.750,0.3,0.0,0.0,-0.0001,0.0143,0.0498,0.2537,1.22,8.87
3,1,7.767,0.3,0.0,0.0,-0.0011,0.0113,0.0501,0.2538,1.41,7.83
3,1,7.785,0.3,0.0,0.0,-0.0021,0.0089,0.0503,0.2540,2.14,6.60
3,1,7.802,0.3,0.0,0.0,-0.0025,0.0075,0.0505,0.2542,2.65,6.72
3,1,7.824,0.3,0.0,0.0,-0.0018,0.0062,0.0506,0.2545,2.75,7.83
3,1,7.845,0.3,0.0,0.0,-0.0017,0.0049,0.0506,0.2547,2.54,8.96
3,1,7.870,0.3,0.0,0.0,-0.0002,0.0029,0.0507,0.2548,2.25,9.88
3,1,7.885,0.3,0.0,0.0,0.0007,0.0013,0.0507,0.2549,2.02,10.55
3,1,7.902,0.3,0.0,0.0,0.0015,-0.0011,0.0508,0.2547,1.29,11.14
3,1,7.922,0.3,0.0,0.0,0.0024,-0.0027,0.0510,0.2544,1.68,11.69
3,1,7.946,0.3,0.0,0.0,0.0071,-0.0050,0.0514,0.2539,2.18,12.01
3,1,7.965,0.3,0.0,0.0,0.0120,-0.0062,0.0522,0.2533,2.26,12.04
3,1,7.987,0.3,0.0,0.0,0.0078,-0.0061,0.0531,0.2528,2.36,11.77
3,1,8.003,0.3,0.0,0.0,0.0260,-0.0061,0.0540,0.2522,2.65,11.29
3,1,8.023,0.3,0.0,0.0,0.0168,-0.0081,0.0543,0.2521,2.61,10.54
3,1,8.045,0.3,0.0,0.0,0.0096,-0.0100,0.0542,0.2522,2.60,9.55
3,1,8.065,0.3,0.0,0.0,0.0081,-0.0153,0.0534,0.2529,4.92,8.48
3,1,8.084,0.3,0.0,0.0,0.0023,-0.0129,0.0526,0.2531,2.97,7.25
3,1,8.102,0.3,0.0,0.0,-0.0002,-0.0073,0.0517,0.2531,2.43,7.41
3,1,8.124,0.3,0.0,0.0,-0.0042,-0.0004,0.0507,0.2536,4.72,7.84
3,1,8.147,0.3,0.0,0.0,-0.0089,0.0016,0.0501,0.2539,5.05,8.26
3,1,8.164,0.3,0.0,0.0,-0.0086,0.0044,0.0491,0.2543,4.71,8.11
3,1,8.185,0.3,0.0,0.0,-0.0093,0.0047,0.0483,0.2546,4.00,9.94
3,1,8.203,0.3,0.0,0.0,-0.0106,0.0045,0.0478,0.2547,2.26,10.41
3,1,8.222,0.3,0.0,0.0,-0.0068,0.0065,0.0476,0.2547,1.15,10.80
3,1,8.244,0.3,0.0,0.0,-0.0056,0.0107,0.0475,0.2546,1.04,11.08
3,1,8.263,0.3,0.0,0.0,-0.0027,0.0178,0.0478,0.2543,1.66,11.15
3,1,8.281,0.3,0.0,0.0,-0.0015,0.0215,0.0483,0.2542,1.99,10.86
3,1,8.302,0.3,0.0,0.0,-0.0010,0.0207,0.0490,0.2540,1.64,10.35
3,1,8.321,0.3,0.0,0.0,-0.0002,0.0179,0.0495,0.2538,1.18,9.70
3,1,8.347,0.3,0.0,0.0,-0.0001,0.0154,0.0499,0.2538,1.13,8.88
3,1,8.366,0.3,0.0,0.0,-0.0009,0.0113,0.0503,0.2539,1.37,7.81
3,1,8.383,0.3,0.0,0.0,-0.0015,0.0093,0.0505,0.2540,1.89,6.61
3,1,8.402,0.3,0.0,0.0,-0.0018,0.0079,0.0506,0.2542,2.54,6.77
3,1,8.424,0.3,0.0,0.0,-0.0023,0.0075,0.0509,0.2546,3.12,7.78
3,1,8.445,0.3,0.0,0.0,-0.0013,0.0052,0.0510,0.2548,2.57,8.90
3,1,8.465,0.3,0.0,0.0,-0.0005,0.0035,0.0510,0.2549,2.18,9.84
3,1,8.482,0.3,0.0,0.0,0.0006,0.0013,0.0510,0.2550,1.93,10.55
3,1,8.502,0.3,0.0,0.0,0.0013,-0.0008,0.0510,0.2549,1.18,11.15
3,1,8.522,0.3,0.0,0.0,0.0024,-0.0024,0.0511,0.2546,1.41,11.74
3,1,8.546,0.3,0.0,0.0,0.0086,-0.0056,0.0520,0.2537,2.13,12.03
3,1,8.563,0.3,0.0,0.0,0.0152,-0.0062,0.0531,0.2530,2.41,12.05
3,1,8.583,0.3,0.0,0.0,0.0130,-0.0058,0.0537,0.2527,2.33,11.73
3,1,8.602,0.3,0.0,0.0,0.0190,-0.0069,0.0546,0.2522,2.70,11.23
3,1,8.624,0.3,0.0,0.0,0.0158,-0.0090,0.0548,0.2521,2.43,10.46
3,1,8.644,0.3,0.0,0.0,0.0097,-0.0095,0.0548,0.2521,2.48,10.48
3,1,8.665,0.3,0.0,0.0,0.0068,-0.0123,0.0542,0.2526,3.62,8.49
3,1,8.684,0.3,0.0,0.0,0.0007,-0.0125,0.0521,0.2532,2.97,7.33
3,1,8.707,0.3,0.0,0.0,-0.0011,-0.0102,0.0516,0.2531,2.95,7.35
3,1,8.724,0.3,0.0,0.0,-0.0044,-0.0022,0.0512,0.2534,3.70,7.90
3,1,8.751,0.3,0.0,0.0,-0.0047,0.0040,0.0503,0.2539,4.89,8.33
3,1,8.765,0.3,0.0,0.0,-0.0115,0.0048,0.0497,0.2541,4.75,8.13
3,1,8.785,0.3,0.0,0.0,-0.0067,0.0041,0.0488,0.2545,3.47,9.81
3,1,8.802,0.3,0.0,0.0,-0.0150,0.0031,0.0484,0.2546,1.90,10.45
3,1,8.822,0.3,0.0,0.0,-0.0059,0.0045,0.0483,0.2546,1.32,10.93
3,1,8.844,0.3,0.0,0.0,-0.0063,0.0118,0.0482,0.2545,1.62,11.16
3,1,8.866,0.3,0.0,0.0,-0.0034,0.0186,0.0484,0.2542,1.64,11.05
3,1,8.886,0.3,0.0,0.0,-0.0010,0.0210,0.0487,0.2541,1.61,11.07
3,1,8.903,0.3,0.0,0.0,-0.0014,0.0225,0.0493,0.2539,1.61,10.41
3,1,8.924,0.3,0.0,0.0,-0.0002,0.0203,0.0499,0.2538,1.35,9.77
3,1,8.942,0.3,0.0,0.0,-0.0001,0.0186,0.0502,0.2538,1.33,8.92
3,1,8.966,0.3,0.0,0.0,-0.0009,0.0116,0.0507,0.2539,1.89,7.81
3,1,8.982,0.3,0.0,0.0,-0.0021,0.0102,0.0509,0.2541,2.11,6.54
3,2,9.010,0.6,0.0,0.0,0.0000,0.0092,0.0510,0.2542,2.55,6.77
3,2,9.023,0.6,0.0,0.0,-0.0047,0.0071,0.0512,0.2545,2.68,6.62
3,2,9.044,0.6,0.0,0.0,-0.0017,0.0069,0.0513,0.2548,2.35,8.49
3,2,9.064,0.6,0.0,0.0,-0.0002,0.0069,0.0514,0.2549,1.83,9.50
3,2,9.083,0.6,0.0,0.0,0.0032,0.0034,0.0518,0.2549,1.49,10.37
3,2,9.102,0.6,0.0,0.0,0.0068,-0.0005,0.0524,0.2547,1.59,11.12
3,2,9.124,0.6,0.0,0.0,0.0022,-0.0043,0.0529,0.2544,2.34,11.71
3,2,9.145,0.6,0.0,0.0,0.0156,-0.0074,0.0536,0.2538,3.12,12.14
3,2,9.165,0.6,0.0,0.0,0.0122,-0.0080,0.0544,0.2531,2.81,12.35
3,2,9.182,0.6,0.0,0.0,0.0140,-0.0080,0.0547,0.2529,2.86,12.35
3,2,9.202,0.6,0.0,0.0,0.0251,-0.0106,0.0560,0.2522,3.07,11.86
3,2,9.223,0.6,0.0,0.0,0.0245,-0.0147,0.0561,0.2520,3.01,11.01
3,2,9.245,0.6,0.0,0.0,0.0109,-0.0165,0.0561,0.2520,3.00,11.04
3,2,9.265,0.6,0.0,0.0,0.0158,-0.0277,0.0548,0.2528,4.57,8.93
3,2,9.283,0.6,0.0,0.0,0.0127,-0.0116,0.0533,0.2528,2.88,7.52
3,2,9.304,0.6,0.0,0.0,0.0054,-0.0049,0.0531,0.2528,2.21,7.42
3,2,9.322,0.6,0.0,0.0,0.0101,0.0022,0.0529,0.2531,3.48,8.40
3,2,9.345,0.6,0.0,0.0,0.0013,0.0072,0.0521,0.2535,4.76,9.13
3,2,9.364,0.6,0.0,0.0,-0.0007,0.0087,0.0513,0.2539,4.27,10.01
3,2,9.383,0.6,0.0,0.0,-0.0015,0.0101,0.0506,0.2541,2.91,10.63
3,2,9.402,0.6,0.0,0.0,-0.0032,0.0047,0.0501,0.2540,1.63,11.17
3,2,9.424,0.6,0.0,0.0,-0.0016,0.0049,0.0498,0.2535,2.46,11.57
3,2,9.444,0.6,0.0,0.0,0.0020,0.0058,0.0497,0.2534,2.85,11.74
3,2,9.466,0.6,0.0,0.0,0.0064,0.0092,0.0496,0.2527,4.51,11.76
3,2,9.487,0.6,0.0,0.0,0.0152,0.0093,0.0498,0.2521,5.55,11.71
3,2,9.502,0.6,0.0,0.0,0.0304,0.0169,0.0503,0.2517,5.15,11.80
3,2,9.523,0.6,0.0,0.0,0.0204,0.0238,0.0514,0.2513,3.26,11.03
3,2,9.545,0.6,0.0,0.0,0.0202,0.0245,0.0526,0.2512,2.03,10.06
3,2,9.564,0.6,0.0,0.0,0.0203,0.0210,0.0535,0.2511,1.74,9.01
3,2,9.583,0.6,0.0,0.0,0.0125,0.0174,0.0542,0.2514,2.56,7.77
3,2,9.603,0.6,0.0,0.0,0.0134,0.0150,0.0546,0.2518,4.16,6.73
3,2,9.623,0.6,0.0,0.0,0.0168,0.0136,0.0547,0.2522,4.80,7.73
3,2,9.648,0.6,0.0,0.0,0.0164,0.0113,0.0547,0.2528,4.84,8.97
3,2,9.664,0.6,0.0,0.0,0.0100,0.0094,0.0546,0.2531,4.32,10.05
3,2,9.684,0.6,0.0,0.0,0.0133,0.0071,0.0547,0.2533,3.90,10.92
3,2,9.702,0.6,0.0,0.0,0.0157,0.0009,0.0550,0.2533,2.32,11.59
3,2,9.724,0.6,0.0,0.0,0.0146,-0.0014,0.0551,0.2532,1.81,11.62
3,2,9.745,0.6,0.0,0.0,0.0131,-0.0067,0.0559,0.2525,3.05,12.81
3,2,9.766,0.6,0.0,0.0,0.0197,-0.0092,0.0565,0.2517,3.00,13.06
3,2,9.784,0.6,0.0,0.0,0.0231,-0.0129,0.0570,0.2513,2.80,12.83
3,2,9.802,0.6,0.0,0.0,0.0226,-0.0181,0.0575,0.2509,2.77,12.38
3,2,9.824,0.6,0.0,0.0,0.0316,-0.0281,0.0573,0.2509,2.75,11.72
3,2,9.844,0.6,0.0,0.0,0.0301,-0.0343,0.0570,0.2511,3.55,10.71
3,2,9.864,0.6,0.0,0.0,0.0177,-0.0359,0.0554,0.2517,3.15,9.60
3,2,9.883,0.6,0.0,0.0,0.0191,-0.0161,0.0544,0.2517,2.24,8.09
3,2,9.903,0.6,0.0,0.0,0.0145,-0.0074,0.0543,0.2520,3.86,7.25
3,2,9.924,0.6,0.0,0.0,0.0119,-0.0014,0.0537,0.2526,5.99,7.92
3,2,9.953,0.6,0.0,0.0,0.0082,0.0073,0.0528,0.2531,6.14,9.00
3,2,9.968,0.6,0.0,0.0,0.0089,0.0163,0.0511,0.2537,4.28,9.87
3,2,9.983,0.6,0.0,0.0,0.0055,0.0161,0.0507,0.2539,3.24,10.59
3,2,10.001,0.6,0.0,0.0,0.0037,0.0139,0.0504,0.2540,1.89,11.24
3,2,10.023,0.6,0.0,0.0,0.0037,0.0113,0.0502,0.2538,1.22,11.68
3,2,10.045,0.6,0.0,0.0,0.0028,0.0129,0.0501,0.2534,1.85,11.79
3,2,10.067,0.6,0.0,0.0,0.0040,0.0189,0.0501,0.2531,2.47,11.55
3,2,10.086,0.6,0.0,0.0,0.0116,0.0227,0.0503,0.2528,3.29,11.29
3,2,10.102,0.6,0.0,0.0,0.0172,0.0240,0.0509,0.2523,2.80,10.89
3,2,10.122,0.6,0.0,0.0,0.0132,0.0241,0.0519,0.2521,2.33,10.36
3,2,10.142,0.6,0.0,0.0,0.0158,0.0212,0.0531,0.2520,1.51,9.60
3,2,10.165,0.6,0.0,0.0,0.0098,0.0158,0.0539,0.2520,1.59,8.64
3,2,10.183,0.6,0.0,0.0,0.0089,0.0139,0.0541,0.2521,1.60,8.58
3,2,10.203,0.6,0.0,0.0,0.0069,0.0119,0.0544,0.2523,2.77,6.79
3,2,10.224,0.6,0.0,0.0,0.0049,0.0105,0.0545,0.2526,3.64,7.83
3,2,10.242,0.6,0.0,0.0,0.0047,0.0081,0.0545,0.2529,3.82,7.72
3,2,10.265,0.6,0.0,0.0,0.0036,0.0058,0.0542,0.2534,3.82,10.16
3,2,10.283,0.6,0.0,0.0,0.0071,0.0043,0.0542,0.2535,3.13,10.94
3,2,10.303,0.6,0.0,0.0,0.0044,-0.0009,0.0545,0.2534,1.28,11.68
3,2,10.324,0.6,0.0,0.0,0.0087,-0.0022,0.0548,0.2532,1.58,12.52
3,2,10.350,0.6,0.0,0.0,0.0084,-0.0048,0.0551,0.2524,2.89,13.11
3,2,10.367,0.6,0.0,0.0,0.0136,-0.0067,0.0557,0.2516,2.90,13.31
3,2,10.386,0.6,0.0,0.0,0.0265,-0.0092,0.0564,0.2510,3.24,13.11
3,2,10.403,0.6,0.0,0.0,0.0189,-0.0151,0.0570,0.2505,3.17,12.80
3,2,10.425,0.6,0.0,0.0,0.0236,-0.0202,0.0572,0.2505,3.20,11.99
3,2,10.447,0.6,0.0,0.0,0.0295,-0.0318,0.0570,0.2508,3.50,11.02
3,2,10.465,0.6,0.0,0.0,0.0188,-0.0392,0.0559,0.2513,4.05,9.94
3,2,10.485,0.6,0.0,0.0,0.0177,-0.0202,0.0545,0.2514,2.43,8.34
3,2,10.503,0.6,0.0,0.0,0.0164,-0.0066,0.0541,0.2517,3.52,7.20
3,2,10.524,0.6,0.0,0.0,0.0156,-0.0019,0.0538,0.2521,5.77,8.19
3,2,10.547,0.6,0.0,0.0,0.0093,0.0064,0.0530,0.2526,6.24,8.91
3,2,10.566,0.6,0.0,0.0,0.0070,0.0169,0.0517,0.2532,5.00,9.84
3,2,10.583,0.6,0.0,0.0,0.0081,0.0197,0.0511,0.2534,3.52,10.54
3,2,10.603,0.6,0.0,0.0,0.0061,0.0171,0.0507,0.2534,2.07,11.10
3,2,10.624,0.6,0.0,0.0,0.0067,0.0127,0.0507,0.2532,1.50,11.50
3,2,10.646,0.6,0.0,0.0,0.0043,0.0112,0.0508,0.2529,1.89,11.72
3,2,10.666,0.6,0.0,0.0,0.0070,0.0149,0.0509,0.2527,2.63,11.68
3,2,10.683,0.6,0.0,0.0,0.0094,0.0252,0.0511,0.2523,3.17,11.49
3,2,10.705,0.6,0.0,0.0,0.0127,0.0263,0.0516,0.2521,2.61,11.04
3,2,10.726,0.6,0.0,0.0,0.0149,0.0254,0.0526,0.2519,2.12,10.40
3,2,10.747,0.6,0.0,0.0,0.0110,0.0219,0.0537,0.2518,1.54,9.61
3,2,10.764,0.6,0.0,0.0,0.0197,0.0171,0.0543,0.2518,1.37,8.66
3,2,10.781,0.6,0.0,0.0,0.0103,0.0148,0.0547,0.2519,1.83,7.51
3,2,10.803,0.6,0.0,0.0,0.0057,0.0128,0.0549,0.2522,3.12,6.64
3,2,10.823,0.6,0.0,0.0,0.0048,0.0106,0.0550,0.2526,3.95,7.81
3,2,10.843,0.6,0.0,0.0,0.0051,0.0093,0.0549,0.2528,4.18,9.16
3,2,10.868,0.6,0.0,0.0,0.0054,0.0062,0.0546,0.2533,3.72,10.18
3,2,10.886,0.6,0.0,0.0,0.0063,0.0052,0.0545,0.2534,3.17,10.15
3,2,10.903,0.6,0.0,0.0,0.0065,0.0002,0.0549,0.2533,1.49,11.68
3,2,10.924,0.6,0.0,0.0,0.0089,-0.0032,0.0555,0.2528,2.54,12.37
3,2,10.943,0.6,0.0,0.0,0.0084,-0.0039,0.0558,0.2524,2.66,13.06
3,2,10.966,0.6,0.0,0.0,0.0155,-0.0067,0.0564,0.2515,3.23,13.27
3,2,10.983,0.6,0.0,0.0,0.0189,-0.0087,0.0569,0.2509,3.01,13.17
3,2,11.007,0.6,0.0,0.0,0.0170,-0.0133,0.0575,0.2507,2.96,12.62
3,2,11.026,0.6,0.0,0.0,0.0240,-0.0186,0.0577,0.2506,2.97,12.62
3,2,11.047,0.6,0.0,0.0,0.0236,-0.0280,0.0575,0.2506,2.63,11.86
3,2,11.064,0.6,0.0,0.0,0.0199,-0.0357,0.0568,0.2510,4.31,9.75
3,2,11.083,0.6,0.0,0.0,0.0163,-0.0216,0.0551,0.2516,2.54,8.32
3,2,11.103,0.6,0.0,0.0,0.0167,-0.0043,0.0544,0.2518,3.83,7.18
3,2,11.123,0.6,0.0,0.0,0.0101,0.0006,0.0542,0.2521,5.23,8.19
3,2,11.147,0.6,0.0,0.0,0.0092,0.0084,0.0532,0.2527,5.90,8.85
3,2,11.168,0.6,0.0,0.0,0.0070,0.0145,0.0524,0.2531,5.09,8.76
3,2,11.185,0.6,0.0,0.0,0.0052,0.0183,0.0514,0.2535,3.35,10.56
3,2,11.202,0.6,0.0,0.0,0.0045,0.0137,0.0510,0.2536,1.66,11.16
3,2,11.226,0.6,0.0,0.0,0.0055,0.0121,0.0510,0.2534,1.66,11.55
3,2,11.246,0.6,0.0,0.0,0.0037,0.0104,0.0510,0.2531,2.24,11.76
3,2,11.263,0.6,0.0,0.0,0.0051,0.0112,0.0510,0.2529,3.79,11.71
3,2,11.281,0.6,0.0,0.0,0.0088,0.0174,0.0511,0.2525,3.50,11.42
3,2,11.303,0.6,0.0,0.0,0.0148,0.0238,0.0515,0.2521,3.49,11.26
3,2,11.324,0.6,0.0,0.0,0.0157,0.0229,0.0524,0.2519,2.35,10.63
3,2,11.348,0.6,0.0,0.0,0.0097,0.0195,0.0534,0.2517,1.70,9.75
3,2,11.364,0.6,0.0,0.0,0.0175,0.0163,0.0542,0.2517,1.35,9.71
3,2,11.383,0.6,0.0,0.0,0.0130,0.0150,0.0548,0.2517,1.70,7.65
3,2,11.405,0.6,0.0,0.0,0.0076,0.0131,0.0550,0.2521,3.30,6.79
3,2,11.424,0.6,0.0,0.0,0.0071,0.0121,0.0550,0.2523,3.73,6.71
3,2,11.450,0.6,0.0,0.0,0.0050,0.0078,0.0548,0.2530,4.21,9.05
3,2,11.463,0.6,0.0,0.0,0.0037,0.0072,0.0548,0.2531,3.91,8.96
3,2,11.485,0.6,0.0,0.0,0.0053,0.0064,0.0547,0.2532,3.50,10.10
3,2,11.503,0.6,0.0,0.0,0.0077,-0.0007,0.0550,0.2532,1.78,11.71
3,2,11.527,0.6,0.0,0.0,0.0045,-0.0030,0.0553,0.2530,1.60,12.42
3,2,11.546,0.6,0.0,0.0,0.0146,-0.0045,0.0558,0.2525,2.76,13.04
3,2,11.565,0.6,0.0,0.0,0.0169,-0.0063,0.0564,0.2515,3.23,13.35
3,2,11.583,0.6,0.0,0.0,0.0218,-0.0077,0.0568,0.2512,3.12,13.34
3,2,11.602,0.6,0.0,0.0,0.0140,-0.0109,0.0576,0.2507,3.48,12.82
3,2,11.623,0.6,0.0,0.0,0.0290,-0.0205,0.0579,0.2505,3.06,12.14
3,2,11.642,0.6,0.0,0.0,0.0212,-0.0291,0.0575,0.2506,2.88,11.12
3,2,11.664,0.6,0.0,0.0,0.0234,-0.0313,0.0556,0.2516,2.75,10.03
3,2,11.684,0.6,0.0,0.0,0.0149,-0.0196,0.0545,0.2516,2.45,8.28
3,2,11.709,0.6,0.0,0.0,0.0072,-0.0106,0.0543,0.2517,2.58,8.15
3,2,11.725,0.6,0.0,0.0,0.0149,-0.0037,0.0542,0.2519,3.54,7.30
3,2,11.747,0.6,0.0,0.0,0.0081,0.0078,0.0537,0.2524,5.98,8.98
3,2,11.763,0.6,0.0,0.0,0.0091,0.0137,0.0531,0.2527,5.94,9.85
3,2,11.786,0.6,0.0,0.0,0.0089,0.0217,0.0521,0.2532,4.30,10.42
3,2,11.804,0.6,0.0,0.0,0.0063,0.0223,0.0517,0.2533,2.65,10.43
3,2,11.824,0.6,0.0,0.0,0.0023,0.0202,0.0516,0.2533,2.16,10.98
3,2,11.845,0.6,0.0,0.0,0.0070,0.0175,0.0514,0.2530,2.00,11.75
3,2,11.863,0.6,0.0,0.0,0.0052,0.0166,0.0514,0.2527,2.29,11.64
3,2,11.883,0.6,0.0,0.0,0.0059,0.0203,0.0514,0.2527,3.16,11.39
3,2,11.903,0.6,0.0,0.0,0.0135,0.0269,0.0517,0.2521,3.86,11.01
3,2,11.924,0.6,0.0,0.0,0.0182,0.0243,0.0521,0.2519,3.25,10.71
3,2,11.944,0.6,0.0,0.0,0.0186,0.0208,0.0534,0.2517,1.93,10.60
3,2,11.967,0.6,0.0,0.0,0.0085,0.0151,0.0545,0.2517,1.63,8.80
3,2,11.982,0.6,0.0,0.0,0.0120,0.0140,0.0547,0.2518,1.91,7.63
3,2,12.009,0.6,0.0,0.0,0.0053,0.0130,0.0549,0.2521,3.36,6.74
3,2,12.024,0.6,0.0,0.0,0.0085,0.0116,0.0550,0.2524,4.09,7.77
3,2,12.045,0.6,0.0,0.0,0.0048,0.0094,0.0549,0.2528,4.37,9.10
3,2,12.065,0.6,0.0,0.0,0.0076,0.0074,0.0548,0.2530,4.29,10.24
3,2,12.083,0.6,0.0,0.0,0.0046,0.0041,0.0548,0.2532,3.17,10.98
3,2,12.102,0.6,0.0,0.0,0.0107,0.0002,0.0551,0.2532,1.46,11.68
3,2,12.127,0.6,0.0,0.0,0.0076,-0.0037,0.0557,0.2526,2.34,12.54
3,2,12.145,0.6,0.0,0.0,0.0137,-0.0046,0.0562,0.2522,2.31,13.16
3,2,12.163,0.6,0.0,0.0,0.0166,-0.0059,0.0568,0.2515,3.02,13.35
3,2,12.183,0.6,0.0,0.0,0.0137,-0.0108,0.0578,0.2507,3.04,13.27
3,2,12.202,0.6,0.0,0.0,0.0247,-0.0156,0.0581,0.2505,3.21,12.58
3,2,12.226,0.6,0.0,0.0,0.0233,-0.0225,0.0581,0.2504,2.60,11.80
3,2,12.246,0.6,0.0,0.0,0.0227,-0.0334,0.0577,0.2509,2.96,10.90
3,2,12.264,0.6,0.0,0.0,0.0210,-0.0380,0.0570,0.2512,3.57,11.00
3,2,12.283,0.6,0.0,0.0,0.0154,-0.0186,0.0556,0.2513,2.20,8.33
3,2,12.303,0.6,0.0,0.0,0.0119,-0.0060,0.0551,0.2516,3.99,7.37
3,2,12.326,0.6,0.0,0.0,0.0117,-0.0008,0.0543,0.2522,6.02,8.10
3,2,12.344,0.6,0.0,0.0,0.0066,0.0049,0.0534,0.2527,6.31,9.00
3,2,12.365,0.6,0.0,0.0,0.0060,0.0132,0.0524,0.2532,5.50,9.96
3,2,12.383,0.6,0.0,0.0,0.0065,0.0189,0.0514,0.2535,3.51,10.60
3,2,12.402,0.6,0.0,0.0,0.0053,0.0174,0.0511,0.2535,2.14,11.12
3,2,12.425,0.6,0.0,0.0,0.0065,0.0129,0.0511,0.2532,1.70,11.61
3,2,12.446,0.6,0.0,0.0,0.0067,0.0102,0.0511,0.2529,2.19,11.83
3,2,12.465,0.6,0.0,0.0,0.0077,0.0130,0.0512,0.2527,2.77,11.82
3,2,12.484,0.6,0.0,0.0,0.0063,0.0258,0.0514,0.2523,3.21,11.58
3,2,12.502,0.6,0.0,0.0,0.0159,0.0315,0.0518,0.2521,3.14,11.16
3,2,12.523,0.6,0.0,0.0,0.0133,0.0262,0.0527,0.2519,2.28,10.47
3,2,12.546,0.6,0.0,0.0,0.0153,0.0173,0.0541,0.2517,1.34,9.64
3,2,12.563,0.6,0.0,0.0,0.0131,0.0138,0.0547,0.2517,1.25,9.60
3,2,12.589,0.6,0.0,0.0,0.0073,0.0135,0.0550,0.2518,1.63,8.64
3,2,12.603,0.6,0.0,0.0,0.0068,0.0134,0.0551,0.2520,2.43,7.50
3,2,12.627,0.6,0.0,0.0,0.0046,0.0099,0.0551,0.2525,4.07,7.80
3,2,12.644,0.6,0.0,0.0,0.0055,0.0088,0.0550,0.2528,4.08,9.13
3,2,12.667,0.6,0.0,0.0,0.0064,0.0056,0.0548,0.2532,3.72,10.19
3,2,12.685,0.6,0.0,0.0,0.0060,0.0047,0.0548,0.2532,3.20,11.05
3,2,12.703,0.6,0.0,0.0,0.0024,-0.0009,0.0551,0.2532,1.38,11.77
3,2,12.724,0.6,0.0,0.0,0.0118,-0.0032,0.0555,0.2528,2.12,12.47
3,2,12.746,0.6,0.0,0.0,0.0072,-0.0049,0.0561,0.2519,2.71,13.14
3,2,12.765,0.6,0.0,0.0,0.0214,-0.0064,0.0567,0.2514,2.92,13.43
3,2,12.783,0.6,0.0,0.0,0.0149,-0.0088,0.0574,0.2508,3.08,13.26
3,2,12.802,0.6,0.0,0.0,0.0288,-0.0147,0.0580,0.2504,3.34,12.80
3,2,12.824,0.6,0.0,0.0,0.0207,-0.0215,0.0581,0.2503,2.98,12.03
3,2,12.845,0.6,0.0,0.0,0.0211,-0.0305,0.0578,0.2506,3.19,11.04
3,2,12.865,0.6,0.0,0.0,0.0173,-0.0337,0.0563,0.2513,3.34,9.95
3,2,12.884,0.6,0.0,0.0,0.0185,-0.0137,0.0550,0.2514,2.23,8.54
3,2,12.903,0.6,0.0,0.0,0.0132,-0.0076,0.0547,0.2517,4.16,7.41
3,2,12.926,0.6,0.0,0.0,0.0114,0.0003,0.0538,0.2523,5.81,8.05
3,2,12.947,0.6,0.0,0.0,0.0060,0.0076,0.0528,0.2528,6.13,9.12
3,2,12.964,0.6,0.0,0.0,0.0081,0.0158,0.0515,0.2533,4.77,9.97
3,2,12.982,0.6,0.0,0.0,0.0060,0.0182,0.0512,0.2534,3.77,10.55
3,2,13.002,0.6,0.0,0.0,0.0085,0.0172,0.0508,0.2535,2.09,11.13
3,2,13.024,0.6,0.0,0.0,0.0051,0.0133,0.0508,0.2533,1.54,11.63
3,2,13.047,0.6,0.0,0.0,0.0055,0.0124,0.0510,0.2530,2.03,11.86
3,2,13.065,0.6,0.0,0.0,0.0090,0.0158,0.0511,0.2527,2.65,11.90
3,2,13.084,0.6,0.0,0.0,0.0134,0.0256,0.0515,0.2523,3.04,11.50
3,2,13.102,0.6,0.0,0.0,0.0092,0.0286,0.0518,0.2521,2.85,11.09
3,2,13.124,0.6,0.0,0.0,0.0189,0.0257,0.0530,0.2519,2.03,10.47
3,2,13.147,0.6,0.0,0.0,0.0149,0.0214,0.0541,0.2517,1.40,9.62
3,2,13.170,0.6,0.0,0.0,0.0081,0.0184,0.0545,0.2517,1.35,9.60
3,2,13.183,0.6,0.0,0.0,0.0072,0.0149,0.0550,0.2518,1.64,8.60
3,2,13.202,0.6,0.0,0.0,0.0068,0.0126,0.0552,0.2521,3.22,6.64
3,2,13.223,0.6,0.0,0.0,0.0046,0.0103,0.0553,0.2526,4.11,7.86
3,2,13.246,0.6,0.0,0.0,0.0059,0.0088,0.0551,0.2529,4.24,9.15
3,2,13.264,0.6,0.0,0.0,0.0062,0.0068,0.0549,0.2531,3.85,10.24
3,2,13.285,0.6,0.0,0.0,0.0035,0.0057,0.0548,0.2532,3.45,10.19
3,2,13.303,0.6,0.0,0.0,0.0099,-0.0007,0.0551,0.2532,1.41,11.76
3,2,13.324,0.6,0.0,0.0,0.0090,-0.0025,0.0554,0.2530,1.45,12.45
3,2,13.344,0.6,0.0,0.0,0.0084,-0.0039,0.0558,0.2524,2.52,13.11
3,2,13.364,0.6,0.0,0.0,0.0140,-0.0061,0.0565,0.2514,2.93,13.42
3,2,13.382,0.6,0.0,0.0,0.0316,-0.0083,0.0570,0.2509,2.90,13.22
3,2,13.402,0.6,0.0,0.0,0.0117,-0.0158,0.0577,0.2505,2.90,12.63
3,2,13.422,0.6,0.0,0.0,0.0337,-0.0223,0.0578,0.2504,2.63,11.90
3,2,13.447,0.6,0.0,0.0,0.0240,-0.0322,0.0573,0.2507,3.26,10.96
3,2,13.465,0.6,0.0,0.0,0.0144,-0.0387,0.0563,0.2513,3.79,9.84
3,2,13.484,0.6,0.0,0.0,0.0142,-0.0241,0.0552,0.2514,2.81,8.27
3,2,13.502,0.6,0.0,0.0,0.0136,-0.0058,0.0546,0.2517,4.16,7.10
3,2,13.527,0.6,0.0,0.0,0.0098,-0.0020,0.0543,0.2519,5.60,8.34
3,2,13.548,0.6,0.0,0.0,0.0064,0.0081,0.0532,0.2526,6.13,9.00
3,2,13.565,0.6,0.0,0.0,0.0075,0.0160,0.0522,0.2530,5.23,9.96
3,2,13.583,0.6,0.0,0.0,0.0039,0.0198,0.0513,0.2533,3.26,10.70
3,2,13.603,0.6,0.0,0.0,0.0067,0.0146,0.0510,0.2533,1.76,11.28
3,2,13.624,0.6,0.0,0.0,0.0058,0.0117,0.0510,0.2532,1.45,11.66
3,2,13.647,0.6,0.0,0.0,0.0034,0.0110,0.0511,0.2528,2.05,11.91
3,2,13.666,0.6,0.0,0.0,0.0085,0.0180,0.0513,0.2526,2.95,11.93
3,2,13.685,0.6,0.0,0.0,0.0138,0.0266,0.0515,0.2522,3.41,11.60
3,2,13.703,0.6,0.0,0.0,0.0088,0.0313,0.0521,0.2518,3.21,11.29
3,2,13.725,0.6,0.0,0.0,0.0194,0.0226,0.0533,0.2516,1.79,10.54
3,2,13.749,0.6,0.0,0.0,0.0100,0.0186,0.0539,0.2515,1.52,9.71
3,2,13.764,0.6,0.0,0.0,0.0108,0.0166,0.0544,0.2515,1.36,9.69
3,2,13.783,0.6,0.0,0.0,0.0106,0.0154,0.0551,0.2517,2.36,7.64
3,2,13.802,0.6,0.0,0.0,0.0097,0.0141,0.0553,0.2520,3.41,6.68
3,2,13.824,0.6,0.0,0.0,0.0055,0.0117,0.0554,0.2524,4.25,7.82
3,2,13.849,0.6,0.0,0.0,0.0068,0.0079,0.0551,0.2530,4.35,9.09
3,2,13.869,0.6,0.0,0.0,0.0058,0.0070,0.0550,0.2531,3.55,9.02
3,2,13.883,0.6,0.0,0.0,0.0088,0.0054,0.0550,0.2533,3.10,11.05
3,2,13.903,0.6,0.0,0.0,0.0087,-0.0017,0.0554,0.2531,1.49,11.84
3,2,13.923,0.6,0.0,0.0,0.0079,-0.0045,0.0559,0.2526,2.74,12.67
3,2,13.947,0.6,0.0,0.0,0.0173,-0.0052,0.0565,0.2519,2.63,13.27
3,2,13.965,0.6,0.0,0.0,0.0167,-0.0070,0.0574,0.2511,3.04,13.55
3,2,13.985,0.6,0.0,0.0,0.0174,-0.0093,0.0578,0.2508,2.91,13.35
3,2,14.003,0.6,0.0,0.0,0.0252,-0.0143,0.0583,0.2505,3.41,12.73
3,2,14.024,0.6,0.0,0.0,0.0205,-0.0222,0.0584,0.2504,2.71,11.87
3,2,14.044,0.6,0.0,0.0,0.0214,-0.0303,0.0582,0.2506,2.36,10.97
3,2,14.065,0.6,0.0,0.0,0.0234,-0.0344,0.0563,0.2514,3.23,9.97
3,2,14.083,0.6,0.0,0.0,0.0153,-0.0144,0.0550,0.2515,2.28,8.30
3,2,14.103,0.6,0.0,0.0,0.0088,-0.0113,0.0549,0.2516,2.47,8.23
3,2,14.124,0.6,0.0,0.0,0.0129,0.0010,0.0542,0.2522,5.83,8.11
3,2,14.147,0.6,0.0,0.0,0.0095,0.0081,0.0533,0.2527,6.17,8.93
3,2,14.169,0.6,0.0,0.0,0.0068,0.0186,0.0518,0.2533,4.26,9.82
3,2,14.183,0.6,0.0,0.0,0.0031,0.0190,0.0513,0.2535,3.29,10.57
3,2,14.203,0.6,0.0,0.0,0.0057,0.0167,0.0511,0.2535,2.01,11.22
3,2,14.224,0.6,0.0,0.0,0.0052,0.0139,0.0511,0.2534,1.50,11.64
3,2,14.247,0.6,0.0,0.0,0.0046,0.0130,0.0512,0.2529,2.27,11.83
3,2,14.265,0.6,0.0,0.0,0.0086,0.0141,0.0512,0.2527,2.54,11.67
3,2,14.285,0.6,0.0,0.0,0.0094,0.0233,0.0514,0.2523,2.98,11.51
3,2,14.302,0.6,0.0,0.0,0.0101,0.0272,0.0517,0.2521,2.74,11.17
3,2,14.324,0.6,0.0,0.0,0.0162,0.0247,0.0529,0.2519,2.04,10.52
3,2,14.345,0.6,0.0,0.0,0.0054,0.0216,0.0538,0.2518,1.49,9.69
3,2,14.366,0.6,0.0,0.0,0.0141,0.0165,0.0546,0.2518,1.49,8.72
3,2,14.383,0.6,0.0,0.0,0.0101,0.0148,0.0549,0.2519,2.01,7.54
3,2,14.407,0.6,0.0,0.0,0.0056,0.0130,0.0551,0.2521,2.96,6.69
3,2,14.426,0.6,0.0,0.0,0.0034,0.0118,0.0551,0.2524,3.68,7.81
3,2,14.445,0.6,0.0,0.0,0.0045,0.0089,0.0550,0.2529,3.93,9.14
3,2,14.464,0.6,0.0,0.0,0.0056,0.0068,0.0549,0.2531,4.20,10.30
3,2,14.486,0.6,0.0,0.0,0.0055,0.0033,0.0548,0.2533,3.22,11.01
3,2,14.503,0.6,0.0,0.0,0.0075,-0.0003,0.0551,0.2533,1.68,11.07
3,2,14.524,0.6,0.0,0.0,0.0040,-0.0006,0.0554,0.2532,1.25,11.81
3,2,14.547,0.6,0.0,0.0,0.0051,-0.0038,0.0559,0.2521,2.62,12.91
3,2,14.564,0.6,0.0,0.0,0.0199,-0.0049,0.0562,0.2517,2.43,12.92
3,2,14.586,0.6,0.0,0.0,0.0168,-0.0085,0.0571,0.2511,2.94,13.29
3,2,14.603,0.6,0.0,0.0,0.0203,-0.0107,0.0577,0.2506,3.59,13.25
3,2,14.624,0.6,0.0,0.0,0.0282,-0.0154,0.0581,0.2503,3.32,12.12
3,2,14.645,0.6,0.0,0.0,0.0119,-0.0258,0.0579,0.2505,3.72,11.18
3,2,14.665,0.6,0.0,0.0,0.0211,-0.0398,0.0565,0.2514,4.64,9.99
3,2,14.683,0.6,0.0,0.0,0.0185,-0.0151,0.0548,0.2515,2.61,8.51
3,2,14.704,0.6,0.0,0.0,0.0156,-0.0030,0.0542,0.2519,4.48,7.37
3,2,14.724,0.6,0.0,0.0,0.0130,0.0014,0.0538,0.2523,5.85,8.15
3,2,14.746,0.6,0.0,0.0,0.0075,0.0084,0.0530,0.2528,6.16,8.86
3,2,14.766,0.6,0.0,0.0,0.0059,0.0177,0.0518,0.2534,4.79,9.77
3,2,14.785,0.6,0.0,0.0,0.0092,0.0201,0.0513,0.2536,3.23,10.46
3,2,14.801,0.6,0.0,0.0,0.0063,0.0179,0.0510,0.2537,1.84,10.48
3,2,14.824,0.6,0.0,0.0,0.0076,0.0149,0.0512,0.2534,2.06,11.60
3,2,14.847,0.6,0.0,0.0,0.0076,0.0143,0.0513,0.2531,2.42,11.78
3,2,14.864,0.6,0.0,0.0,0.0055,0.0165,0.0514,0.2528,2.92,11.67
3,2,14.885,0.6,0.0,0.0,0.0094,0.0241,0.0516,0.2524,3.47,11.47
3,2,14.903,0.6,0.0,0.0,0.0176,0.0300,0.0518,0.2521,3.10,11.53
3,2,14.924,0.6,0.0,0.0,0.0115,0.0261,0.0526,0.2519,2.29,10.50
3,2,14.947,0.6,0.0,0.0,0.0204,0.0199,0.0539,0.2518,1.55,9.64
3,2,14.967,0.6,0.0,0.0,0.0081,0.0157,0.0547,0.2517,1.34,8.67
3,2,14.986,0.6,0.0,0.0,0.0129,0.0152,0.0550,0.2518,1.58,8.63
3,2,15.002,0.6,0.0,0.0,0.0052,0.0138,0.0553,0.2520,2.89,6.79
3,3,15.029,0.0,0.0,0.5,0.0000,0.0114,0.0553,0.2524,4.11,7.90
3,3,15.048,0.0,0.0,0.5,0.0064,0.0931,0.0550,0.2530,6.82,10.00
3,3,15.064,0.0,0.0,0.5,0.0069,0.1894,0.0548,0.2535,8.41,12.13
3,3,15.083,0.0,0.0,0.5,0.0081,0.2324,0.0544,0.2539,7.69,13.40
3,3,15.103,0.0,0.0,0.5,0.0061,0.2356,0.0546,0.2537,8.78,14.25
3,3,15.123,0.0,0.0,0.5,0.0201,0.2517,0.0571,0.2522,7.79,14.38
3,3,15.145,0.0,0.0,0.5,0.0337,0.2901,0.0601,0.2514,7.94,14.35
3,3,15.165,0.0,0.0,0.5,0.0341,0.3036,0.0618,0.2507,7.41,13.71
3,3,15.183,0.0,0.0,0.5,0.0541,0.3171,0.0653,0.2501,7.46,13.09
3,3,15.202,0.0,0.0,0.5,0.0628,0.3221,0.0686,0.2496,6.79,11.71
3,3,15.223,0.0,0.0,0.5,0.0465,0.3222,0.0705,0.2495,5.29,10.33
3,3,15.247,0.0,0.0,0.5,0.0395,0.3217,0.0714,0.2496,4.51,9.28
3,3,15.267,0.0,0.0,0.5,0.0467,0.3151,0.0698,0.2499,6.72,7.92
3,3,15.286,0.0,0.0,0.5,0.0230,0.3127,0.0669,0.2510,7.84,6.49
3,3,15.306,0.0,0.0,0.5,0.0108,0.2915,0.0607,0.2520,10.93,7.82
3,3,15.324,0.0,0.0,0.5,-0.0186,0.2824,0.0570,0.2526,10.50,7.46
3,3,15.346,0.0,0.0,0.5,-0.0143,0.2742,0.0533,0.2530,10.36,9.52
3,3,15.365,0.0,0.0,0.5,-0.0390,0.2926,0.0490,0.2515,10.10,11.29
3,3,15.386,0.0,0.0,0.5,-0.0371,0.3563,0.0502,0.2504,8.05,12.24
3,3,15.403,0.0,0.0,0.5,-0.0193,0.3913,0.0517,0.2497,7.10,12.31
3,3,15.423,0.0,0.0,0.5,-0.0312,0.4403,0.0545,0.2488,5.78,12.65
3,3,15.448,0.0,0.0,0.5,-0.0108,0.4905,0.0578,0.2481,6.62,12.73
3,3,15.468,0.0,0.0,0.5,-0.0043,0.4847,0.0601,0.2478,5.93,12.81
3,3,15.486,0.0,0.0,0.5,0.0075,0.4542,0.0593,0.2481,4.98,12.30
3,3,15.503,0.0,0.0,0.5,0.0153,0.4225,0.0585,0.2490,4.90,11.89
3,3,15.524,0.0,0.0,0.5,0.0226,0.4221,0.0582,0.2497,6.32,11.79
3,3,15.551,0.0,0.0,0.5,0.0223,0.4470,0.0566,0.2517,6.05,11.02
3,3,15.565,0.0,0.0,0.5,0.0382,0.4531,0.0557,0.2524,7.24,10.87
3,3,15.586,0.0,0.0,0.5,0.0180,0.4185,0.0546,0.2533,6.03,7.63
3,3,15.603,0.0,0.0,0.5,0.0361,0.3459,0.0556,0.2535,7.23,8.38
3,3,15.624,0.0,0.0,0.5,0.0308,0.2922,0.0571,0.2539,6.35,10.21
3,3,15.645,0.0,0.0,0.5,0.0153,0.2603,0.0578,0.2541,6.64,12.30
3,3,15.665,0.0,0.0,0.5,0.0208,0.2300,0.0584,0.2543,7.19,13.74
3,3,15.684,0.0,0.0,0.5,0.0282,0.2426,0.0587,0.2531,11.35,14.33
3,3,15.703,0.0,0.0,0.5,0.0103,0.2660,0.0590,0.2526,9.97,14.46
3,3,15.724,0.0,0.0,0.5,0.0356,0.3056,0.0596,0.2515,7.86,14.38
3,3,15.744,0.0,0.0,0.5,0.0426,0.3296,0.0598,0.2508,6.98,14.25
3,3,15.769,0.0,0.0,0.5,0.0549,0.3474,0.0616,0.2495,5.59,13.99
3,3,15.783,0.0,0.0,0.5,0.1018,0.3448,0.0629,0.2492,5.79,13.23
3,3,15.802,0.0,0.0,0.5,0.0696,0.3155,0.0659,0.2488,5.85,12.43
3,3,15.824,0.0,0.0,0.5,0.0654,0.3089,0.0668,0.2486,5.72,11.49
3,3,15.851,0.0,0.0,0.5,0.0732,0.3095,0.0663,0.2488,5.36,10.33
3,3,15.865,0.0,0.0,0.5,0.0728,0.3130,0.0645,0.2493,6.07,10.39
3,3,15.887,0.0,0.0,0.5,0.0448,0.3131,0.0620,0.2501,14.47,7.28
3,3,15.904,0.0,0.0,0.5,0.0460,0.2798,0.0565,0.2519,9.25,8.42
3,3,15.924,0.0,0.0,0.5,0.0322,0.2513,0.0521,0.2515,8.29,10.08
3,3,15.944,0.0,0.0,0.5,0.0249,0.2504,0.0517,0.2513,4.46,11.67
3,3,15.966,0.0,0.0,0.5,0.0164,0.2872,0.0527,0.2510,9.38,12.66
3,3,15.983,0.0,0.0,0.5,0.0144,0.3461,0.0536,0.2503,8.37,12.49
3,3,16.004,0.0,0.0,0.5,0.0164,0.4045,0.0549,0.2498,8.13,12.19
3,3,16.024,0.0,0.0,0.5,0.0254,0.4779,0.0569,0.2491,5.87,12.24
3,3,16.048,0.0,0.0,0.5,0.0393,0.5183,0.0592,0.2489,3.63,11.59
3,3,16.067,0.0,0.0,0.5,0.0408,0.5262,0.0603,0.2488,4.67,11.61
3,3,16.083,0.0,0.0,0.5,0.0576,0.4824,0.0612,0.2491,3.96,11.07
3,3,16.103,0.0,0.0,0.5,0.0597,0.4468,0.0606,0.2499,3.95,11.06
3,3,16.128,0.0,0.0,0.5,0.0484,0.4431,0.0598,0.2508,4.08,10.57
3,3,16.145,0.0,0.0,0.5,0.0693,0.4342,0.0587,0.2515,5.26,9.74
3,3,16.167,0.0,0.0,0.5,0.0415,0.4506,0.0572,0.2531,6.37,8.46
3,3,16.185,0.0,0.0,0.5,0.0433,0.4057,0.0565,0.2534,6.63,7.68
3,3,16.201,0.0,0.0,0.5,0.0451,0.3502,0.0571,0.2535,7.08,8.99
3,3,16.226,0.0,0.0,0.5,0.0442,0.2738,0.0589,0.2541,6.40,10.34
3,3,16.243,0.0,0.0,0.5,0.0224,0.2250,0.0593,0.2545,7.50,12.35
3,3,16.263,0.0,0.0,0.5,0.0220,0.2114,0.0591,0.2543,9.11,13.62
3,3,16.282,0.0,0.0,0.5,0.0287,0.2336,0.0589,0.2535,10.39,14.03
3,3,16.303,0.0,0.0,0.5,0.0326,0.2654,0.0588,0.2526,9.44,14.10
3,3,16.325,0.0,0.0,0.5,0.0286,0.3145,0.0582,0.2511,7.61,14.19
3,3,16.345,0.0,0.0,0.5,0.0439,0.3302,0.0580,0.2505,6.97,14.21
3,3,16.365,0.0,0.0,0.5,0.0691,0.3379,0.0589,0.2496,5.45,13.61
3,3,16.383,0.0,0.0,0.5,0.0737,0.3307,0.0599,0.2493,5.45,12.86
3,3,16.403,0.0,0.0,0.5,0.0510,0.2913,0.0636,0.2492,6.13,12.14
3,3,16.425,0.0,0.0,0.5,0.0911,0.2798,0.0653,0.2488,7.19,10.99
3,3,16.445,0.0,0.0,0.5,0.0867,0.2802,0.0651,0.2488,5.67,9.97
3,3,16.462,0.0,0.0,0.5,0.0247,0.2878,0.0641,0.2492,6.16,8.29
3,3,16.482,0.0,0.0,0.5,0.0856,0.2899,0.0604,0.2504,8.27,7.62
3,3,16.504,0.0,0.0,0.5,0.0319,0.2686,0.0537,0.2513,8.48,8.48
3,3,16.523,0.0,0.0,0.5,0.0233,0.2467,0.0517,0.2512,5.09,10.13
3,3,16.543,0.0,0.0,0.5,0.0224,0.2522,0.0513,0.2512,6.24,11.62
3,3,16.562,0.0,0.0,0.5,0.0155,0.3009,0.0514,0.2508,9.24,12.48
3,3,16.582,0.0,0.0,0.5,0.0047,0.3636,0.0516,0.2502,8.77,11.79
3,3,16.603,0.0,0.0,0.5,0.0178,0.4282,0.0522,0.2495,6.76,12.07
3,3,16.623,0.0,0.0,0.5,0.0278,0.4891,0.0532,0.2492,5.27,11.81
3,3,16.644,0.0,0.0,0.5,0.0314,0.5510,0.0555,0.2494,3.32,11.21
3,3,16.662,0.0,0.0,0.5,0.0522,0.5410,0.0571,0.2495,3.31,10.84
3,3,16.682,0.0,0.0,0.5,0.0590,0.5155,0.0577,0.2495,4.99,10.88
3,3,16.702,0.0,0.0,0.5,0.0429,0.4732,0.0575,0.2498,4.51,10.96
3,3,16.723,0.0,0.0,0.5,0.0588,0.4453,0.0565,0.2505,3.82,10.65
3,3,16.746,0.0,0.0,0.5,0.0362,0.4391,0.0542,0.2519,6.01,10.03
3,3,16.765,0.0,0.0,0.5,0.0479,0.3950,0.0537,0.2522,6.42,8.62
3,3,16.782,0.0,0.0,0.5,0.0324,0.3360,0.0555,0.2525,6.48,8.16
3,3,16.804,0.0,0.0,0.5,0.0422,0.2949,0.0574,0.2531,7.72,9.22
3,3,16.826,0.0,0.0,0.5,0.0305,0.2557,0.0582,0.2538,8.20,11.17
3,3,16.846,0.0,0.0,0.5,0.0176,0.2126,0.0573,0.2544,8.66,13.11
3,3,16.865,0.0,0.0,0.5,0.0212,0.2137,0.0561,0.2540,9.21,14.00
3,3,16.886,0.0,0.0,0.5,0.0213,0.2343,0.0554,0.2533,10.52,14.26
3,3,16.902,0.0,0.0,0.5,0.0292,0.2695,0.0546,0.2523,8.15,14.58
3,3,16.927,0.0,0.0,0.5,0.0270,0.2934,0.0538,0.2514,7.79,14.57
3,3,16.944,0.0,0.0,0.5,0.0241,0.3136,0.0534,0.2504,5.59,14.36
3,3,16.965,0.0,0.0,0.5,0.0531,0.3148,0.0539,0.2497,5.68,13.95
3,3,16.983,0.0,0.0,0.5,0.0802,0.3086,0.0550,0.2492,5.67,13.21
3,3,17.006,0.0,0.0,0.5,0.0578,0.2935,0.0568,0.2493,8.25,12.50
3,3,17.025,0.0,0.0,0.5,0.0706,0.2601,0.0598,0.2493,7.80,11.24
3,3,17.046,0.0,0.0,0.5,0.0889,0.2529,0.0609,0.2490,8.54,10.57
3,3,17.066,0.0,0.0,0.5,0.0575,0.2585,0.0602,0.2492,5.65,10.65
3,3,17.083,0.0,0.0,0.5,0.0542,0.2713,0.0570,0.2503,8.23,7.49
3,3,17.103,0.0,0.0,0.5,0.0525,0.2664,0.0522,0.2512,7.43,7.98
3,3,17.124,0.0,0.0,0.5,0.0242,0.2614,0.0500,0.2511,6.27,9.62
3,3,17.146,0.0,0.0,0.5,0.0277,0.2642,0.0496,0.2511,4.80,11.17
3,3,17.164,0.0,0.0,0.5,0.0166,0.2989,0.0502,0.2510,8.03,12.19
3,3,17.183,0.0,0.0,0.5,0.0155,0.3495,0.0512,0.2500,8.24,11.98
3,3,17.203,0.0,0.0,0.5,0.0229,0.4150,0.0522,0.2497,6.84,11.52
3,3,17.224,0.0,0.0,0.5,0.0206,0.4832,0.0531,0.2495,4.89,11.76
3,3,17.244,0.0,0.0,0.5,0.0263,0.5130,0.0538,0.2495,4.17,11.38
3,3,17.263,0.0,0.0,0.5,0.0456,0.5302,0.0557,0.2497,4.25,10.90
3,3,17.283,0.0,0.0,0.5,0.0559,0.5103,0.0562,0.2496,3.87,11.08
3,3,17.303,0.0,0.0,0.5,0.0426,0.4881,0.0561,0.2502,3.45,10.98
3,3,17.325,0.0,0.0,0.5,0.0563,0.4616,0.0550,0.2508,3.93,10.62
3,3,17.344,0.0,0.0,0.5,0.0483,0.4487,0.0536,0.2518,5.19,9.78
3,3,17.362,0.0,0.0,0.5,0.0362,0.4231,0.0530,0.2524,4.87,8.59
3,3,17.382,0.0,0.0,0.5,0.0355,0.3537,0.0542,0.2527,7.02,8.20
3,3,17.404,0.0,0.0,0.5,0.0417,0.2846,0.0563,0.2534,7.00,8.92
3,3,17.428,0.0,0.0,0.5,0.0262,0.2411,0.0568,0.2540,7.45,11.23
3,3,17.444,0.0,0.0,0.5,0.0261,0.2006,0.0563,0.2545,6.44,11.17
3,3,17.463,0.0,0.0,0.5,0.0238,0.1942,0.0558,0.2545,9.53,14.02
3,3,17.484,0.0,0.0,0.5,0.0179,0.2177,0.0550,0.2529,9.61,14.36
3,3,17.503,0.0,0.0,0.5,0.0356,0.2771,0.0540,0.2521,8.82,14.76
3,3,17.534,0.0,0.0,0.5,0.0179,0.3061,0.0532,0.2512,7.46,14.31
3,3,17.546,0.0,0.0,0.5,0.0619,0.3294,0.0527,0.2504,6.64,14.31
3,3,17.563,0.0,0.0,0.5,0.0541,0.3317,0.0527,0.2499,4.93,13.71
3,3,17.585,0.0,0.0,0.5,0.0700,0.3080,0.0543,0.2495,5.98,13.08
3,3,17.603,0.0,0.0,0.5,0.0800,0.2775,0.0571,0.2494,7.84,12.11
3,3,17.626,0.0,0.0,0.5,0.0923,0.2616,0.0586,0.2492,6.78,11.13
3,3,17.645,0.0,0.0,0.5,0.0598,0.2567,0.0598,0.2490,6.78,10.39
3,3,17.665,0.0,0.0,0.5,0.0656,0.2635,0.0590,0.2494,6.90,10.41
3,3,17.683,0.0,0.0,0.5,0.0435,0.2676,0.0558,0.2505,7.87,7.41
3,3,17.702,0.0,0.0,0.5,0.0484,0.2634,0.0525,0.2510,7.33,8.17
3,3,17.724,0.0,0.0,0.5,0.0344,0.2485,0.0500,0.2510,4.37,9.82
3,3,17.748,0.0,0.0,0.5,0.0298,0.2626,0.0498,0.2512,6.03,11.70
3,3,17.767,0.0,0.0,0.5,0.0096,0.2743,0.0499,0.2511,6.08,11.51
3,3,17.783,0.0,0.0,0.5,0.0159,0.3402,0.0503,0.2504,9.62,11.88
3,3,17.803,0.0,0.0,0.5,0.0158,0.3941,0.0509,0.2497,7.12,11.96
3,3,17.822,0.0,0.0,0.5,0.0187,0.4772,0.0518,0.2495,4.80,12.10
3,3,17.845,0.0,0.0,0.5,0.0397,0.5495,0.0537,0.2496,3.79,11.25
3,3,17.865,0.0,0.0,0.5,0.0447,0.5664,0.0556,0.2497,4.62,10.74
3,3,17.886,0.0,0.0,0.5,0.0507,0.5428,0.0567,0.2496,6.01,10.91
3,3,17.902,0.0,0.0,0.5,0.0379,0.4836,0.0561,0.2500,3.59,10.97
3,3,17.925,0.0,0.0,0.5,0.0527,0.4581,0.0549,0.2507,3.74,10.78
3,3,17.944,0.0,0.0,0.5,0.0312,0.4564,0.0545,0.2509,3.36,10.72
3,3,17.962,0.0,0.0,0.5,0.0411,0.4442,0.0530,0.2521,4.97,9.17
3,3,17.983,0.0,0.0,0.5,0.0392,0.3509,0.0540,0.2524,6.78,8.39
3,3,18.003,0.0,0.0,0.5,0.0229,0.3314,0.0546,0.2525,6.69,8.31
3,3,18.026,0.0,0.0,0.5,0.0467,0.2381,0.0573,0.2536,7.58,11.11
3,3,18.048,0.0,0.0,0.5,0.0300,0.2022,0.0571,0.2541,7.85,13.10
3,3,18.064,0.0,0.0,0.5,0.0243,0.2017,0.0563,0.2538,10.60,14.15
3,3,18.083,0.0,0.0,0.5,0.0226,0.2426,0.0556,0.2527,10.17,14.47
3,3,18.102,0.0,0.0,0.5,0.0341,0.2820,0.0550,0.2518,9.57,14.65
3,3,18.123,0.0,0.0,0.5,0.0293,0.2927,0.0547,0.2515,9.05,14.67
3,3,18.146,0.0,0.0,0.5,0.0367,0.3373,0.0539,0.2499,6.30,14.40
3,3,18.166,0.0,0.0,0.5,0.0748,0.3466,0.0543,0.2493,5.67,13.74
3,3,18.183,0.0,0.0,0.5,-0.0000,0.3366,0.0554,0.2490,6.54,13.14
3,3,18.203,0.0,0.0,0.5,0.0950,0.3013,0.0580,0.2494,6.46,12.48
3,3,18.224,0.0,0.0,0.5,0.0675,0.2792,0.0597,0.2493,6.91,11.09
3,3,18.247,0.0,0.0,0.5,0.0929,0.2692,0.0610,0.2490,7.01,10.44
3,3,18.266,0.0,0.0,0.5,0.0532,0.2711,0.0596,0.2495,5.59,9.08
3,3,18.283,0.0,0.0,0.5,0.0607,0.2768,0.0561,0.2506,9.29,7.14
3,3,18.302,0.0,0.0,0.5,0.0397,0.2726,0.0549,0.2510,8.15,7.40
3,3,18.324,0.0,0.0,0.5,0.0332,0.2572,0.0502,0.2511,6.58,9.44
3,3,18.343,0.0,0.0,0.5,0.0244,0.2618,0.0497,0.2510,4.62,11.17
3,3,18.366,0.0,0.0,0.5,0.0181,0.2948,0.0506,0.2508,7.98,12.39
3,3,18.384,0.0,0.0,0.5,0.0183,0.3592,0.0517,0.2503,9.01,12.23
3,3,18.403,0.0,0.0,0.5,0.0198,0.4165,0.0527,0.2495,6.63,11.77
3,3,18.424,0.0,0.0,0.5,0.0209,0.4335,0.0530,0.2493,6.13,11.73
3,3,18.446,0.0,0.0,0.5,0.0265,0.5393,0.0551,0.2494,3.78,11.90
3,3,18.465,0.0,0.0,0.5,0.0451,0.5618,0.0561,0.2492,4.10,11.92
3,3,18.486,0.0,0.0,0.5,0.0596,0.5350,0.0576,0.2495,3.22,10.82
3,3,18.503,0.0,0.0,0.5,0.0572,0.4955,0.0576,0.2498,4.20,10.82
3,3,18.529,0.0,0.0,0.5,0.0615,0.4550,0.0562,0.2505,4.59,10.68
3,3,18.551,0.0,0.0,0.5,0.0429,0.4531,0.0540,0.2522,5.84,9.86
3,3,18.562,0.0,0.0,0.5,0.0380,0.4217,0.0536,0.2524,5.60,9.76
3,3,18.583,0.0,0.0,0.5,0.0404,0.3651,0.0539,0.2524,7.40,8.13
3,3,18.603,0.0,0.0,0.5,0.0416,0.2948,0.0556,0.2531,7.99,9.01
3,3,18.624,0.0,0.0,0.5,0.0297,0.2521,0.0565,0.2537,7.78,11.02
3,3,18.646,0.0,0.0,0.5,0.0189,0.2154,0.0566,0.2542,7.53,12.87
3,3,18.668,0.0,0.0,0.5,0.0224,0.2191,0.0558,0.2534,10.34,14.00
3,3,18.683,0.0,0.0,0.5,0.0177,0.2401,0.0555,0.2531,10.06,14.38
3,3,18.702,0.0,0.0,0.5,0.0297,0.2653,0.0551,0.2523,10.73,14.36
3,3,18.724,0.0,0.0,0.5,0.0312,0.2993,0.0545,0.2510,7.94,14.63
3,3,18.749,0.0,0.0,0.5,0.0494,0.3325,0.0539,0.2502,6.72,14.39
3,3,18.765,0.0,0.0,0.5,0.0433,0.3419,0.0541,0.2495,5.41,13.70
3,3,18.783,0.0,0.0,0.5,0.0600,0.3278,0.0555,0.2491,6.01,13.14
3,3,18.803,0.0,0.0,0.5,0.0965,0.3040,0.0574,0.2491,6.33,12.28
3,3,18.825,0.0,0.0,0.5,0.0866,0.2724,0.0598,0.2492,6.76,11.20
3,3,18.845,0.0,0.0,0.5,0.0643,0.2618,0.0614,0.2489,8.64,10.32
3,3,18.866,0.0,0.0,0.5,0.0750,0.2743,0.0604,0.2494,6.47,8.94
3,3,18.884,0.0,0.0,0.5,0.0431,0.2833,0.0578,0.2501,7.16,7.46
3,3,18.903,0.0,0.0,0.5,0.0426,0.2818,0.0532,0.2509,7.65,8.01
3,3,18.925,0.0,0.0,0.5,0.0372,0.2681,0.0511,0.2510,5.16,9.52
3,3,18.946,0.0,0.0,0.5,0.0312,0.2548,0.0505,0.2511,5.27,11.56
3,3,18.965,0.0,0.0,0.5,0.0147,0.2741,0.0507,0.2510,7.56,12.52
3,3,18.984,0.0,0.0,0.5,0.0167,0.3260,0.0511,0.2503,9.76,12.13
3,3,19.003,0.0,0.0,0.5,0.0137,0.3847,0.0516,0.2496,7.53,11.96
3,3,19.024,0.0,0.0,0.5,0.0217,0.4677,0.0525,0.2492,4.81,11.82
3,3,19.048,0.0,0.0,0.5,0.0393,0.5473,0.0542,0.2494,3.22,11.37
3,3,19.067,0.0,0.0,0.5,0.0330,0.5742,0.0554,0.2494,2.80,11.44
3,3,19.086,0.0,0.0,0.5,0.0610,0.5688,0.0572,0.2497,9.36,10.55
3,3,19.103,0.0,0.0,0.5,0.0585,0.5260,0.0574,0.2501,5.51,10.17
3,3,19.128,0.0,0.0,0.5,0.0432,0.4786,0.0568,0.2503,6.81,10.37
3,3,19.144,0.0,0.0,0.5,0.0660,0.4362,0.0555,0.2511,5.02,10.26
3,3,19.166,0.0,0.0,0.5,0.0396,0.3656,0.0542,0.2515,5.87,9.25
3,3,19.185,0.0,0.0,0.5,0.0335,0.3408,0.0550,0.2517,6.04,8.55
3,3,19.203,0.0,0.0,0.5,0.0288,0.3064,0.0569,0.2525,8.87,9.41
3,3,19.227,0.0,0.0,0.5,0.0359,0.2733,0.0574,0.2533,8.73,10.73
3,3,19.251,0.0,0.0,0.5,0.0179,0.2489,0.0571,0.2537,8.01,10.73
3,3,19.266,0.0,0.0,0.5,0.0094,0.2213,0.0560,0.2538,10.16,13.97
3,3,19.285,0.0,0.0,0.5,0.0309,0.2345,0.0549,0.2531,11.29,14.44
3,3,19.304,0.0,0.0,0.5,0.0244,0.2660,0.0545,0.2522,10.80,14.51
3,3,19.324,0.0,0.0,0.5,0.0374,0.3137,0.0533,0.2504,8.22,14.55
3,3,19.346,0.0,0.0,0.5,0.0378,0.3450,0.0529,0.2496,6.50,14.29
3,3,19.365,0.0,0.0,0.5,0.0694,0.3503,0.0532,0.2490,5.37,13.63
3,3,19.385,0.0,0.0,0.5,0.0812,0.3339,0.0548,0.2487,6.00,13.13
3,3,19.402,0.0,0.0,0.5,0.0585,0.3057,0.0569,0.2489,7.05,12.20
3,3,19.425,0.0,0.0,0.5,0.0958,0.2756,0.0595,0.2490,6.76,11.17
3,3,19.443,0.0,0.0,0.5,0.0000,0.2726,0.0606,0.2489,8.51,10.29
3,3,19.465,0.0,0.0,0.5,0.0887,0.2810,0.0600,0.2494,6.30,9.16
3,3,19.483,0.0,0.0,0.5,0.0699,0.2892,0.0574,0.2501,8.72,7.49
3,3,19.503,0.0,0.0,0.5,0.0132,0.2892,0.0562,0.2506,8.11,7.66
3,3,19.528,0.0,0.0,0.5,0.0441,0.2780,0.0503,0.2510,5.34,9.17
3,3,19.547,0.0,0.0,0.5,0.0261,0.2687,0.0498,0.2510,3.14,9.25
3,3,19.564,0.0,0.0,0.5,0.0083,0.2807,0.0503,0.2510,7.28,12.54
3,3,19.587,0.0,0.0,0.5,0.0199,0.3141,0.0509,0.2503,9.62,12.59
3,3,19.608,0.0,0.0,0.5,0.0127,0.3929,0.0518,0.2494,7.08,12.44
3,3,19.624,0.0,0.0,0.5,0.0233,0.4409,0.0523,0.2491,7.58,11.74
3,3,19.646,0.0,0.0,0.5,0.0306,0.5660,0.0533,0.2490,4.95,12.01
3,3,19.665,0.0,0.0,0.5,0.0582,0.5844,0.0554,0.2498,5.00,10.48
3,3,19.684,0.0,0.0,0.5,0.0198,0.5515,0.0569,0.2498,6.82,9.72
3,3,19.703,0.0,0.0,0.5,0.0740,0.5125,0.0571,0.2497,8.30,10.33
3,3,19.726,0.0,0.0,0.5,0.0427,0.4543,0.0557,0.2504,3.31,10.80
3,3,19.749,0.0,0.0,0.5,0.0301,0.4248,0.0531,0.2515,4.74,10.17
3,3,19.766,0.0,0.0,0.5,0.0386,0.3810,0.0532,0.2516,6.71,8.64
3,3,19.782,0.0,0.0,0.5,0.0597,0.3409,0.0549,0.2519,6.17,8.23
3,3,19.804,0.0,0.0,0.5,0.0343,0.3198,0.0562,0.2523,8.34,8.20
3,3,19.824,0.0,0.0,0.5,0.0309,0.2727,0.0573,0.2533,8.74,11.08
3,3,19.847,0.0,0.0,0.5,0.0151,0.2286,0.0561,0.2539,9.39,13.09
3,3,19.865,0.0,0.0,0.5,0.0272,0.2326,0.0551,0.2533,12.36,14.09
3,3,19.883,0.0,0.0,0.5,0.0275,0.2603,0.0542,0.2525,10.41,14.44
3,3,19.902,0.0,0.0,0.5,0.0400,0.2915,0.0534,0.2519,9.38,14.47
3,3,19.924,0.0,0.0,0.5,0.0178,0.3182,0.0525,0.2506,6.83,14.50
3,3,19.947,0.0,0.0,0.5,0.0406,0.3322,0.0525,0.2499,5.77,14.26
3,3,19.963,0.0,0.0,0.5,0.0659,0.3305,0.0530,0.2495,5.57,13.73
3,3,19.986,0.0,0.0,0.5,0.0660,0.3132,0.0547,0.2492,5.88,13.14
3,3,20.003,0.0,0.0,0.5,0.0972,0.2888,0.0568,0.2492,6.32,12.07
3,3,20.028,0.0,0.0,0.5,0.0952,0.2649,0.0598,0.2489,7.33,11.39
3,3,20.047,0.0,0.0,0.5,0.0655,0.2628,0.0606,0.2488,6.40,10.52
3,3,20.064,0.0,0.0,0.5,0.0521,0.2763,0.0593,0.2494,6.42,9.07
3,3,20.082,0.0,0.0,0.5,0.0783,0.2794,0.0568,0.2503,7.98,7.36
3,3,20.104,0.0,0.0,0.5,0.0409,0.2703,0.0524,0.2511,7.65,7.83
3,3,20.130,0.0,0.0,0.5,0.0326,0.2573,0.0498,0.2510,4.84,9.47
3,3,20.151,0.0,0.0,0.5,0.0078,0.2534,0.0496,0.2511,3.51,9.45
3,3,20.167,0.0,0.0,0.5,0.0311,0.2840,0.0502,0.2511,6.89,12.25
3,3,20.181,0.0,0.0,0.5,0.0095,0.3087,0.0505,0.2509,10.21,12.14
3,3,20.202,0.0,0.0,0.5,0.0079,0.3517,0.0512,0.2500,8.01,11.88
3,3,20.228,0.0,0.0,0.5,0.0178,0.4517,0.0530,0.2493,6.19,12.08
3,3,20.244,0.0,0.0,0.5,0.0472,0.5481,0.0550,0.2491,3.80,11.43
3,3,20.266,0.0,0.0,0.5,0.0278,0.5824,0.0563,0.2493,3.85,10.77
3,3,20.283,0.0,0.0,0.5,0.0650,0.5745,0.0579,0.2496,5.29,10.32
3,3,20.302,0.0,0.0,0.5,0.0459,0.5062,0.0580,0.2499,5.03,10.83
3,3,20.323,0.0,0.0,0.5,0.0408,0.4497,0.0567,0.2504,3.84,10.88
3,3,20.345,0.0,0.0,0.5,0.0430,0.4311,0.0548,0.2517,3.48,10.36
3,3,20.363,0.0,0.0,0.5,0.0596,0.4061,0.0536,0.2523,5.67,9.21
3,3,20.384,0.0,0.0,0.5,0.0336,0.3769,0.0540,0.2523,6.99,8.47
3,3,20.403,0.0,0.0,0.5,0.0448,0.3167,0.0564,0.2529,7.51,9.47
3,3,20.424,0.0,0.0,0.5,0.0349,0.2598,0.0579,0.2537,7.67,10.83
3,3,20.451,0.0,0.0,0.5,0.0246,0.2140,0.0573,0.2542,9.52,12.95
3,3,20.467,0.0,0.0,0.5,0.0182,0.2134,0.0566,0.2539,8.63,13.98
3,3,20.482,0.0,0.0,0.5,0.0280,0.2251,0.0563,0.2537,11.43,14.35
3,3,20.502,0.0,0.0,0.5,0.0250,0.2545,0.0558,0.2524,8.97,14.45
3,3,20.524,0.0,0.0,0.5,0.0324,0.3131,0.0545,0.2508,8.22,14.67
3,3,20.546,0.0,0.0,0.5,0.0416,0.3404,0.0540,0.2500,6.75,14.26
3,3,20.566,0.0,0.0,0.5,0.0377,0.3491,0.0541,0.2496,6.00,14.26
3,3,20.583,0.0,0.0,0.5,0.0828,0.3425,0.0552,0.2490,5.60,13.10
3,3,20.603,0.0,0.0,0.5,0.0678,0.3108,0.0577,0.2493,6.86,12.32
3,3,20.621,0.0,0.0,0.5,0.0905,0.2763,0.0601,0.2491,7.44,11.00
3,3,20.645,0.0,0.0,0.5,0.0777,0.2642,0.0614,0.2488,8.46,10.33
3,3,20.663,0.0,0.0,0.5,0.0654,0.2714,0.0604,0.2492,5.74,8.90
3,3,20.686,0.0,0.0,0.5,0.0631,0.2805,0.0581,0.2500,7.90,7.24
3,3,20.703,0.0,0.0,0.5,0.0340,0.2664,0.0526,0.2510,7.39,8.10
3,3,20.728,0.0,0.0,0.5,0.0300,0.2567,0.0508,0.2510,4.43,9.87
3,3,20.745,0.0,0.0,0.5,0.0078,0.2528,0.0505,0.2511,4.41,9.80
3,3,20.766,0.0,0.0,0.5,0.0289,0.2787,0.0508,0.2510,9.22,12.55
3,3,20.783,0.0,0.0,0.5,0.0161,0.3392,0.0513,0.2504,8.76,12.04
3,3,20.802,0.0,0.0,0.5,0.0085,0.3813,0.0516,0.2501,9.51,12.11
3,3,20.828,0.0,0.0,0.5,0.0234,0.4806,0.0523,0.2488,6.25,12.27
3,3,20.845,0.0,0.0,0.5,0.0499,0.5484,0.0537,0.2490,4.67,11.26
3,3,20.865,0.0,0.0,0.5,0.0355,0.5866,0.0558,0.2493,3.39,10.49
3,3,20.883,0.0,0.0,0.5,0.0758,0.5490,0.0577,0.2496,5.38,10.59
3,3,20.903,0.0,0.0,0.5,0.0490,0.4825,0.0570,0.2501,3.50,10.96
3,3,20.923,0.0,0.0,0.5,0.0414,0.4488,0.0558,0.2507,4.00,10.68
3,3,20.947,0.0,0.0,0.5,0.0411,0.4404,0.0542,0.2518,4.74,10.00
3,3,20.964,0.0,0.0,0.5,0.0685,0.3817,0.0539,0.2521,6.20,8.77
3,3,20.983,0.0,0.0,0.5,0.0199,0.3436,0.0553,0.2524,6.32,8.40
3,3,21.003,0.0,0.0,0.5,0.0510,0.3213,0.0564,0.2528,7.38,9.47
3,3,21.025,0.0,0.0,0.5,0.0286,0.2504,0.0575,0.2538,8.02,11.03
3,4,21.048,0.0,0.3,0.0,0.0000,0.2260,0.0571,0.2541,8.33,12.98
3,4,21.065,0.0,0.3,0.0,0.0228,0.2150,0.0563,0.2538,9.07,12.87
3,4,21.083,0.0,0.3,0.0,0.0342,0.0995,0.0562,0.2533,7.31,12.74
3,4,21.104,0.0,0.3,0.0,0.0268,0.0180,0.0574,0.2524,5.20,12.81
3,4,21.124,0.0,0.3,0.0,0.0256,0.0037,0.0583,0.2521,4.36,12.71
3,4,21.147,0.0,0.3,0.0,0.0308,0.0020,0.0598,0.2514,2.40,12.59
3,4,21.163,0.0,0.3,0.0,0.0216,-0.0013,0.0608,0.2511,1.76,12.34
3,4,21.183,0.0,0.3,0.0,0.0282,-0.0053,0.0620,0.2508,1.63,11.97
3,4,21.203,0.0,0.3,0.0,0.0168,-0.0085,0.0623,0.2507,1.52,11.40
3,4,21.225,0.0,0.3,0.0,0.0093,-0.0113,0.0622,0.2507,1.74,10.64
3,4,21.244,0.0,0.3,0.0,0.0056,-0.0182,0.0611,0.2512,2.86,9.73
3,4,21.264,0.0,0.3,0.0,0.0037,-0.0247,0.0596,0.2519,4.05,8.74
3,4,21.283,0.0,0.3,0.0,-0.0036,-0.0382,0.0570,0.2528,4.90,7.84
3,4,21.302,0.0,0.3,0.0,-0.0156,-0.0284,0.0528,0.2531,5.11,7.06
3,4,21.325,0.0,0.3,0.0,-0.0148,-0.0195,0.0523,0.2531,4.78,6.68
3,4,21.350,0.0,0.3,0.0,-0.0093,-0.0038,0.0515,0.2535,4.16,7.00
3,4,21.367,0.0,0.3,0.0,-0.0143,0.0015,0.0503,0.2539,3.87,7.86
3,4,21.387,0.0,0.3,0.0,-0.0126,0.0024,0.0497,0.2541,3.34,8.75
3,4,21.403,0.0,0.3,0.0,-0.0160,0.0017,0.0490,0.2543,2.26,9.63
3,4,21.429,0.0,0.3,0.0,-0.0091,0.0036,0.0476,0.2544,1.04,10.24
3,4,21.446,0.0,0.3,0.0,-0.0109,0.0030,0.0474,0.2543,0.91,10.22
3,4,21.465,0.0,0.3,0.0,-0.0021,0.0020,0.0469,0.2543,0.49,10.22
3,4,21.483,0.0,0.3,0.0,-0.0012,0.0035,0.0467,0.2542,0.28,10.02
3,4,21.503,0.0,0.3,0.0,-0.0002,0.0060,0.0466,0.2542,0.36,9.64
3,4,21.524,0.0,0.3,0.0,0.0000,0.0074,0.0465,0.2542,0.75,8.92
3,4,21.545,0.0,0.3,0.0,-0.0008,0.0076,0.0464,0.2543,0.86,8.90
3,4,21.564,0.0,0.3,0.0,-0.0012,0.0069,0.0464,0.2545,1.95,6.91
3,4,21.586,0.0,0.3,0.0,-0.0026,0.0058,0.0467,0.2548,3.15,7.58
3,4,21.603,0.0,0.3,0.0,-0.0048,0.0043,0.0472,0.2552,3.41,8.10
3,4,21.628,0.0,0.3,0.0,-0.0057,0.0035,0.0475,0.2554,3.16,8.93
3,4,21.644,0.0,0.3,0.0,-0.0050,0.0018,0.0477,0.2556,2.72,9.87
3,4,21.666,0.0,0.3,0.0,-0.0054,-0.0012,0.0479,0.2556,1.72,10.62
3,4,21.683,0.0,0.3,0.0,-0.0056,-0.0008,0.0482,0.2556,0.88,11.21
3,4,21.703,0.0,0.3,0.0,-0.0007,-0.0016,0.0485,0.2553,1.30,11.62
3,4,21.725,0.0,0.3,0.0,0.0017,-0.0048,0.0489,0.2546,2.63,11.95
3,4,21.748,0.0,0.3,0.0,0.0071,-0.0109,0.0498,0.2539,3.10,12.28
3,4,21.764,0.0,0.3,0.0,0.0043,-0.0135,0.0504,0.2535,3.27,12.23
3,4,21.787,0.0,0.3,0.0,0.0156,-0.0184,0.0522,0.2528,2.97,11.97
3,4,21.803,0.0,0.3,0.0,0.0215,-0.0194,0.0529,0.2526,2.81,11.33
3,4,21.824,0.0,0.3,0.0,0.0089,-0.0197,0.0540,0.2523,3.00,10.56
3,4,21.846,0.0,0.3,0.0,0.0161,-0.0205,0.0544,0.2524,3.62,9.72
3,4,21.866,0.0,0.3,0.0,0.0041,-0.0278,0.0541,0.2528,4.52,9.15
3,4,21.887,0.0,0.3,0.0,-0.0002,-0.0181,0.0536,0.2528,2.53,8.62
3,4,21.903,0.0,0.3,0.0,-0.0019,-0.0144,0.0534,0.2528,1.96,7.89
3,4,21.926,0.0,0.3,0.0,-0.0058,-0.0066,0.0532,0.2530,2.61,6.98
3,4,21.944,0.0,0.3,0.0,-0.0061,-0.0039,0.0529,0.2532,3.34,6.83
3,4,21.966,0.0,0.3,0.0,-0.0110,0.0020,0.0514,0.2537,4.06,8.56
3,4,21.983,0.0,0.3,0.0,-0.0087,0.0032,0.0502,0.2540,3.43,8.47
3,4,22.003,0.0,0.3,0.0,-0.0096,0.0012,0.0488,0.2541,2.06,9.81
3,4,22.028,0.0,0.3,0.0,-0.0064,0.0021,0.0479,0.2541,1.18,10.24
3,4,22.045,0.0,0.3,0.0,-0.0039,0.0032,0.0471,0.2541,0.72,10.25
3,4,22.066,0.0,0.3,0.0,-0.0025,0.0062,0.0462,0.2540,0.75,10.46
3,4,22.083,0.0,0.3,0.0,-0.0013,0.0076,0.0458,0.2539,0.78,10.21
3,4,22.103,0.0,0.3,0.0,0.0003,0.0084,0.0456,0.2539,0.74,9.72
3,4,22.124,0.0,0.3,0.0,0.0006,0.0085,0.0455,0.2539,0.81,8.98
3,4,22.146,0.0,0.3,0.0,0.0002,0.0076,0.0454,0.2540,1.23,8.02
3,4,22.165,0.0,0.3,0.0,-0.0005,0.0067,0.0454,0.2542,2.27,6.84
3,4,22.183,0.0,0.3,0.0,-0.0008,0.0059,0.0457,0.2545,2.98,7.46
3,4,22.203,0.0,0.3,0.0,-0.0020,0.0048,0.0460,0.2547,3.45,8.11
3,4,22.229,0.0,0.3,0.0,-0.0022,0.0034,0.0463,0.2550,3.29,9.12
3,4,22.245,0.0,0.3,0.0,-0.0040,0.0027,0.0467,0.2552,2.54,10.03
3,4,22.266,0.0,0.3,0.0,-0.0026,0.0009,0.0468,0.2553,2.24,10.77
3,4,22.283,0.0,0.3,0.0,-0.0009,-0.0023,0.0474,0.2552,0.77,11.31
3,4,22.303,0.0,0.3,0.0,0.0006,-0.0025,0.0476,0.2549,1.01,11.68
3,4,22.326,0.0,0.3,0.0,0.0038,-0.0064,0.0481,0.2545,2.18,12.21
3,4,22.348,0.0,0.3,0.0,0.0078,-0.0096,0.0487,0.2539,2.78,12.26
3,4,22.366,0.0,0.3,0.0,0.0126,-0.0145,0.0499,0.2533,3.00,12.19
3,4,22.383,0.0,0.3,0.0,0.0131,-0.0168,0.0510,0.2527,2.96,11.89
3,4,22.402,0.0,0.3,0.0,0.0192,-0.0184,0.0520,0.2524,2.87,11.34
3,4,22.425,0.0,0.3,0.0,0.0160,-0.0186,0.0529,0.2522,2.87,10.58
3,4,22.444,0.0,0.3,0.0,0.0074,-0.0182,0.0536,0.2521,3.26,9.78
3,4,22.465,0.0,0.3,0.0,0.0066,-0.0219,0.0536,0.2524,4.15,9.37
3,4,22.483,0.0,0.3,0.0,0.0034,-0.0135,0.0533,0.2523,2.22,8.67
3,4,22.503,0.0,0.3,0.0,0.0008,-0.0081,0.0533,0.2523,1.57,7.98
3,4,22.522,0.0,0.3,0.0,-0.0027,-0.0026,0.0532,0.2526,3.44,6.88
3,4,22.547,0.0,0.3,0.0,-0.0076,0.0018,0.0522,0.2531,4.32,7.70
3,4,22.562,0.0,0.3,0.0,-0.0124,0.0033,0.0511,0.2535,4.16,8.73
3,4,22.583,0.0,0.3,0.0,-0.0070,0.0035,0.0499,0.2538,3.67,9.49
3,4,22.602,0.0,0.3,0.0,-0.0122,0.0022,0.0487,0.2539,2.74,10.00
3,4,22.630,0.0,0.3,0.0,-0.0057,0.0032,0.0469,0.2539,1.09,10.36
3,4,22.650,0.0,0.3,0.0,-0.0038,0.0039,0.0464,0.2539,0.71,10.38
3,4,22.664,0.0,0.3,0.0,-0.0014,0.0062,0.0457,0.2538,0.60,10.55
3,4,22.683,0.0,0.3,0.0,-0.0017,0.0080,0.0452,0.2537,0.89,10.33
3,4,22.703,0.0,0.3,0.0,0.0007,0.0086,0.0450,0.2537,0.92,9.80
3,4,22.724,0.0,0.3,0.0,0.0012,0.0083,0.0448,0.2537,0.84,9.05
3,4,22.745,0.0,0.3,0.0,0.0009,0.0079,0.0447,0.2538,0.92,8.13
3,4,22.766,0.0,0.3,0.0,0.0003,0.0073,0.0447,0.2539,1.64,7.01
3,4,22.783,0.0,0.3,0.0,0.0004,0.0066,0.0449,0.2542,2.96,7.38
3,4,22.803,0.0,0.3,0.0,-0.0003,0.0056,0.0453,0.2545,3.58,8.14
3,4,22.827,0.0,0.3,0.0,-0.0008,0.0038,0.0458,0.2548,3.31,9.12
3,4,22.844,0.0,0.3,0.0,-0.0011,0.0024,0.0461,0.2550,2.52,10.05
3,4,22.865,0.0,0.3,0.0,-0.0006,-0.0005,0.0464,0.2551,1.87,10.78
3,4,22.883,0.0,0.3,0.0,0.0006,-0.0025,0.0468,0.2550,0.92,11.30
3,4,22.903,0.0,0.3,0.0,0.0016,-0.0033,0.0472,0.2548,0.82,11.77
3,4,22.929,0.0,0.3,0.0,0.0051,-0.0066,0.0478,0.2542,1.94,12.04
3,4,22.948,0.0,0.3,0.0,0.0051,-0.0083,0.0482,0.2539,2.33,12.18
3,4,22.964,0.0,0.3,0.0,0.0092,-0.0129,0.0493,0.2532,3.10,12.09
3,4,22.984,0.0,0.3,0.0,0.0145,-0.0167,0.0503,0.2527,3.07,11.88
3,4,23.003,0.0,0.3,0.0,0.0169,-0.0186,0.0514,0.2524,2.98,11.34
3,4,23.026,0.0,0.3,0.0,0.0184,-0.0176,0.0528,0.2521,3.35,10.61
3,4,23.045,0.0,0.3,0.0,0.0132,-0.0169,0.0533,0.2521,3.36,9.86
3,4,23.065,0.0,0.3,0.0,0.0047,-0.0196,0.0534,0.2523,4.29,9.88
3,4,23.083,0.0,0.3,0.0,0.0048,-0.0127,0.0533,0.2522,2.24,8.77
3,4,23.103,0.0,0.3,0.0,0.0029,-0.0045,0.0534,0.2523,1.37,7.95
3,4,23.123,0.0,0.3,0.0,-0.0021,-0.0001,0.0530,0.2526,3.53,6.85
3,4,23.146,0.0,0.3,0.0,-0.0073,0.0028,0.0521,0.2529,4.14,7.71
3,4,23.166,0.0,0.3,0.0,-0.0101,0.0044,0.0508,0.2534,3.88,8.79
3,4,23.185,0.0,0.3,0.0,-0.0074,0.0038,0.0500,0.2536,3.49,8.72
3,4,23.203,0.0,0.3,0.0,-0.0128,0.0016,0.0485,0.2538,2.47,10.10
3,4,23.226,0.0,0.3,0.0,-0.0077,0.0025,0.0470,0.2538,1.47,10.43
3,4,23.249,0.0,0.3,0.0,-0.0039,0.0059,0.0458,0.2537,0.66,10.59
3,4,23.266,0.0,0.3,0.0,-0.0032,0.0071,0.0455,0.2536,0.66,10.57
3,4,23.283,0.0,0.3,0.0,-0.0014,0.0088,0.0450,0.2536,0.74,10.31
3,4,23.303,0.0,0.3,0.0,0.0006,0.0091,0.0447,0.2535,0.81,9.84
3,4,23.324,0.0,0.3,0.0,0.0013,0.0092,0.0446,0.2536,0.86,9.12
3,4,23.347,0.0,0.3,0.0,0.0009,0.0080,0.0444,0.2537,1.23,8.17
3,4,23.364,0.0,0.3,0.0,0.0009,0.0073,0.0445,0.2539,2.27,7.00
3,4,23.386,0.0,0.3,0.0,0.0004,0.0062,0.0448,0.2542,3.09,7.27
3,4,23.404,0.0,0.3,0.0,-0.0007,0.0048,0.0452,0.2545,3.26,8.07
3,4,23.424,0.0,0.3,0.0,-0.0006,0.0042,0.0454,0.2547,3.45,9.21
3,4,23.445,0.0,0.3,0.0,-0.0007,0.0028,0.0457,0.2549,2.84,10.06
3,4,23.465,0.0,0.3,0.0,0.0000,-0.0002,0.0461,0.2550,1.86,10.77
3,4,23.484,0.0,0.3,0.0,0.0018,-0.0019,0.0465,0.2550,0.95,11.29
3,4,23.502,0.0,0.3,0.0,0.0017,-0.0035,0.0469,0.2547,0.80,11.72
3,4,23.524,0.0,0.3,0.0,0.0052,-0.0062,0.0473,0.2544,1.77,12.03
3,4,23.547,0.0,0.3,0.0,0.0049,-0.0096,0.0479,0.2538,2.48,12.14
3,4,23.564,0.0,0.3,0.0,0.0132,-0.0126,0.0488,0.2533,2.66,12.16
3,4,23.583,0.0,0.3,0.0,0.0140,-0.0164,0.0501,0.2528,3.04,11.73
3,4,23.602,0.0,0.3,0.0,0.0143,-0.0177,0.0508,0.2525,3.06,11.25
3,4,23.624,0.0,0.3,0.0,0.0128,-0.0180,0.0517,0.2523,3.33,10.57
3,4,23.645,0.0,0.3,0.0,0.0163,-0.0179,0.0525,0.2524,4.05,9.79
3,4,23.666,0.0,0.3,0.0,0.0066,-0.0130,0.0525,0.2524,2.46,9.36
3,4,23.683,0.0,0.3,0.0,0.0056,-0.0077,0.0526,0.2523,1.15,8.67
3,4,23.703,0.0,0.3,0.0,0.0005,-0.0039,0.0526,0.2525,1.92,7.73
3,4,23.725,0.0,0.3,0.0,-0.0035,-0.0003,0.0520,0.2528,3.62,6.79
3,4,23.746,0.0,0.3,0.0,-0.0081,0.0012,0.0514,0.2531,3.92,7.76
3,4,23.763,0.0,0.3,0.0,-0.0086,0.0035,0.0503,0.2535,3.68,8.83
3,4,23.786,0.0,0.3,0.0,-0.0149,0.0032,0.0488,0.2538,3.17,9.62
3,4,23.803,0.0,0.3,0.0,-0.0068,0.0020,0.0472,0.2539,1.86,10.04
3,4,23.829,0.0,0.3,0.0,-0.0049,0.0032,0.0463,0.2539,0.93,10.36
3,4,23.846,0.0,0.3,0.0,-0.0038,0.0055,0.0457,0.2538,0.74,10.60
3,4,23.864,0.0,0.3,0.0,-0.0032,0.0067,0.0452,0.2537,0.75,10.60
3,4,23.883,0.0,0.3,0.0,-0.0013,0.0087,0.0445,0.2536,0.81,10.33
3,4,23.903,0.0,0.3,0.0,-0.0003,0.0087,0.0445,0.2536,0.81,10.33
3,4,23.925,0.0,0.3,0.0,0.0010,0.0091,0.0443,0.2536,0.72,9.13
3,4,23.946,0.0,0.3,0.0,0.0007,0.0080,0.0441,0.2537,1.19,8.19
3,4,23.964,0.0,0.3,0.0,0.0007,0.0076,0.0441,0.2539,1.96,7.08
3,4,23.983,0.0,0.3,0.0,0.0004,0.0067,0.0443,0.2542,2.89,7.26
3,4,24.002,0.0,0.3,0.0,0.0000,0.0056,0.0447,0.2544,3.39,8.10
3,4,24.027,0.0,0.3,0.0,-0.0002,0.0046,0.0449,0.2546,3.57,9.19
3,4,24.045,0.0,0.3,0.0,0.0001,0.0029,0.0453,0.2549,2.89,10.04
3,4,24.065,0.0,0.3,0.0,0.0009,0.0003,0.0456,0.2549,2.17,10.74
3,4,24.085,0.0,0.3,0.0,0.0011,-0.0027,0.0462,0.2549,0.91,11.26
3,4,24.103,0.0,0.3,0.0,0.0034,-0.0032,0.0465,0.2547,0.70,11.72
3,4,24.124,0.0,0.3,0.0,0.0047,-0.0057,0.0469,0.2545,1.45,11.97
3,4,24.147,0.0,0.3,0.0,0.0079,-0.0099,0.0478,0.2537,2.52,12.08
3,4,24.165,0.0,0.3,0.0,0.0105,-0.0123,0.0486,0.2532,2.60,12.05
3,4,24.183,0.0,0.3,0.0,0.0152,-0.0156,0.0499,0.2527,2.81,11.68
3,4,24.204,0.0,0.3,0.0,0.0136,-0.0174,0.0509,0.2524,3.01,11.19
3,4,24.226,0.0,0.3,0.0,0.0173,-0.0169,0.0518,0.2522,3.00,10.41
3,4,24.246,0.0,0.3,0.0,0.0091,-0.0150,0.0526,0.2522,3.34,9.85
3,4,24.266,0.0,0.3,0.0,0.0070,-0.0134,0.0527,0.2524,3.12,9.87
3,4,24.285,0.0,0.3,0.0,0.0051,-0.0077,0.0528,0.2522,1.37,8.70
3,4,24.302,0.0,0.3,0.0,0.0016,-0.0044,0.0529,0.2523,0.99,8.67
3,4,24.329,0.0,0.3,0.0,-0.0024,0.0002,0.0524,0.2526,3.51,6.99
3,4,24.344,0.0,0.3,0.0,-0.0051,0.0028,0.0516,0.2530,4.16,7.66
3,4,24.366,0.0,0.3,0.0,-0.0076,0.0040,0.0509,0.2532,4.11,8.80
3,4,24.385,0.0,0.3,0.0,-0.0125,0.0039,0.0494,0.2536,3.48,9.63
3,4,24.403,0.0,0.3,0.0,-0.0112,0.0018,0.0482,0.2537,2.60,10.16
3,4,24.423,0.0,0.3,0.0,-0.0078,0.0041,0.0467,0.2537,1.22,10.45
3,4,24.446,0.0,0.3,0.0,-0.0057,0.0063,0.0457,0.2536,0.64,10.58
3,4,24.467,0.0,0.3,0.0,-0.0026,0.0087,0.0450,0.2535,0.67,10.55
3,4,24.487,0.0,0.3,0.0,-0.0018,0.0097,0.0448,0.2535,0.70,10.55
3,4,24.503,0.0,0.3,0.0,-0.0000,0.0100,0.0445,0.2534,0.84,9.81
3,4,24.527,0.0,0.3,0.0,0.0007,0.0093,0.0443,0.2535,0.90,9.06
3,4,24.544,0.0,0.3,0.0,0.0003,0.0083,0.0442,0.2536,1.25,8.13
3,4,24.565,0.0,0.3,0.0,0.0002,0.0077,0.0442,0.2537,2.03,6.98
3,4,24.584,0.0,0.3,0.0,-0.0001,0.0065,0.0444,0.2540,3.00,7.20
3,4,24.603,0.0,0.3,0.0,-0.0002,0.0056,0.0447,0.2542,3.29,8.14
3,4,24.627,0.0,0.3,0.0,-0.0012,0.0037,0.0451,0.2546,3.46,9.14
3,4,24.646,0.0,0.3,0.0,-0.0008,0.0026,0.0454,0.2548,2.71,10.05
3,4,24.666,0.0,0.3,0.0,-0.0001,0.0023,0.0455,0.2549,2.49,10.03
3,4,24.683,0.0,0.3,0.0,0.0005,-0.0018,0.0461,0.2549,1.14,10.76
3,4,24.703,0.0,0.3,0.0,0.0025,-0.0029,0.0464,0.2548,0.76,11.67
3,4,24.723,0.0,0.3,0.0,0.0023,-0.0045,0.0466,0.2546,1.17,11.94
3,4,24.744,0.0,0.3,0.0,0.0086,-0.0101,0.0476,0.2537,2.32,12.10
3,4,24.763,0.0,0.3,0.0,0.0114,-0.0135,0.0488,0.2531,2.77,12.00
3,4,24.783,0.0,0.3,0.0,0.0139,-0.0153,0.0499,0.2527,2.78,11.67
3,4,24.803,0.0,0.3,0.0,0.0187,-0.0166,0.0509,0.2524,2.88,11.20
3,4,24.827,0.0,0.3,0.0,0.0160,-0.0165,0.0518,0.2522,2.88,10.41
3,4,24.844,0.0,0.3,0.0,0.0090,-0.0159,0.0526,0.2522,3.86,9.78
3,4,24.864,0.0,0.3,0.0,0.0059,-0.0132,0.0526,0.2524,2.78,9.29
3,4,24.883,0.0,0.3,0.0,0.0047,-0.0070,0.0526,0.2523,1.20,8.58
3,4,24.903,0.0,0.3,0.0,-0.0001,-0.0042,0.0525,0.2524,1.87,7.68
3,4,24.926,0.0,0.3,0.0,-0.0049,-0.0011,0.0519,0.2528,3.56,6.95
3,4,24.947,0.0,0.3,0.0,-0.0103,0.0016,0.0511,0.2531,3.98,7.66
3,4,24.965,0.0,0.3,0.0,-0.0068,0.0035,0.0501,0.2535,3.86,8.79
3,4,24.983,0.0,0.3,0.0,-0.0148,0.0025,0.0488,0.2538,3.02,9.54
3,4,25.003,0.0,0.3,0.0,-0.0102,0.0015,0.0477,0.2539,2.15,10.04
3,4,25.024,0.0,0.3,0.0,-0.0060,0.0040,0.0464,0.2538,1.01,10.39
3,4,25.047,0.0,0.3,0.0,-0.0053,0.0057,0.0457,0.2538,0.60,10.57
3,4,25.064,0.0,0.3,0.0,-0.0031,0.0084,0.0449,0.2537,0.72,10.55
3,4,25.086,0.0,0.3,0.0,-0.0018,0.0089,0.0446,0.2536,0.85,10.26
3,4,25.102,0.0,0.3,0.0,0.0000,0.0093,0.0443,0.2536,0.77,9.73
3,4,25.127,0.0,0.3,0.0,0.0007,0.0088,0.0442,0.2536,0.78,9.01
3,4,25.145,0.0,0.3,0.0,0.0002,0.0080,0.0441,0.2536,0.89,8.10
3,4,25.164,0.0,0.3,0.0,-0.0001,0.0072,0.0440,0.2538,1.57,6.99
3,4,25.182,0.0,0.3,0.0,-0.0002,0.0065,0.0441,0.2540,2.57,7.23
3,4,25.203,0.0,0.3,0.0,-0.0006,0.0052,0.0445,0.2543,3.63,8.09
3,4,25.224,0.0,0.3,0.0,-0.0011,0.0034,0.0450,0.2547,3.27,9.07
3,4,25.246,0.0,0.3,0.0,-0.0007,0.0023,0.0452,0.2549,2.59,10.02
3,4,25.266,0.0,0.3,0.0,0.0000,0.0010,0.0455,0.2550,1.82,10.75
3,4,25.284,0.0,0.3,0.0,0.0014,-0.0015,0.0459,0.2550,1.07,11.25
3,4,25.302,0.0,0.3,0.0,0.0027,-0.0031,0.0463,0.2548,0.74,11.67
3,4,25.324,0.0,0.3,0.0,0.0052,-0.0074,0.0469,0.2542,1.91,11.95
3,4,25.343,0.0,0.3,0.0,0.0075,-0.0104,0.0476,0.2537,2.26,12.11
3,4,25.364,0.0,0.3,0.0,0.0116,-0.0131,0.0485,0.2533,2.74,11.91
3,4,25.384,0.0,0.3,0.0,0.0129,-0.0154,0.0499,0.2527,2.82,11.63
3,4,25.403,0.0,0.3,0.0,0.0197,-0.0159,0.0509,0.2524,2.85,11.11
3,4,25.431,0.0,0.3,0.0,0.0117,-0.0155,0.0518,0.2522,2.85,10.40
3,4,25.448,0.0,0.3,0.0,0.0063,-0.0152,0.0523,0.2522,3.24,10.41
3,4,25.461,0.0,0.3,0.0,0.0113,-0.0160,0.0527,0.2524,4.29,9.32
3,4,25.481,0.0,0.3,0.0,0.0067,-0.0078,0.0524,0.2524,1.72,8.60
3,4,25.502,0.0,0.3,0.0,0.0008,-0.0035,0.0523,0.2526,1.98,7.67
3,4,25.523,0.0,0.3,0.0,-0.0046,-0.0012,0.0519,0.2528,3.25,6.96
3,4,25.542,0.0,0.3,0.0,-0.0089,0.0022,0.0508,0.2533,3.84,7.56
3,4,25.561,0.0,0.3,0.0,-0.0136,0.0034,0.0496,0.2537,3.38,8.63
3,4,25.581,0.0,0.3,0.0,-0.0100,0.0014,0.0484,0.2539,2.56,9.45
3,4,25.601,0.0,0.3,0.0,-0.0101,0.0015,0.0474,0.2540,1.72,10.01
3,4,25.623,0.0,0.3,0.0,-0.0062,0.0043,0.0460,0.2539,0.67,10.36
3,4,25.642,0.0,0.3,0.0,-0.0046,0.0064,0.0454,0.2538,0.64,10.52
3,4,25.661,0.0,0.3,0.0,-0.0018,0.0076,0.0450,0.2538,0.69,10.46
3,4,25.681,0.0,0.3,0.0,-0.0024,0.0090,0.0444,0.2537,0.77,10.19
3,4,25.703,0.0,0.3,0.0,0.0001,0.0092,0.0443,0.2536,0.73,9.69
3,4,25.725,0.0,0.3,0.0,0.0003,0.0086,0.0442,0.2536,0.71,8.98
3,4,25.744,0.0,0.3,0.0,0.0002,0.0078,0.0440,0.2537,0.86,8.06
3,4,25.763,0.0,0.3,0.0,-0.0003,0.0069,0.0440,0.2538,1.53,6.96
3,4,25.783,0.0,0.3,0.0,-0.0005,0.0060,0.0441,0.2541,2.83,7.20
3,4,25.804,0.0,0.3,0.0,-0.0014,0.0045,0.0446,0.2545,3.48,8.05
3,4,25.825,0.0,0.3,0.0,-0.0015,0.0031,0.0450,0.2548,3.10,9.05
3,4,25.845,0.0,0.3,0.0,-0.0007,0.0026,0.0451,0.2549,2.78,9.98
3,4,25.866,0.0,0.3,0.0,-0.0007,0.0002,0.0454,0.2550,2.05,10.73
3,4,25.884,0.0,0.3,0.0,0.0006,-0.0024,0.0460,0.2550,1.01,11.25
3,4,25.908,0.0,0.3,0.0,0.0035,-0.0034,0.0463,0.2548,0.81,11.64
3,4,25.926,0.0,0.3,0.0,0.0073,-0.0070,0.0469,0.2544,1.78,11.92
3,4,25.946,0.0,0.3,0.0,0.0070,-0.0110,0.0479,0.2538,2.64,12.04
3,4,25.967,0.0,0.3,0.0,0.0111,-0.0117,0.0482,0.2536,2.64,12.04
3,4,25.983,0.0,0.3,0.0,0.0128,-0.0142,0.0498,0.2528,2.72,11.65
3,4,26.003,0.0,0.3,0.0,0.0183,-0.0155,0.0508,0.2525,2.76,11.12
3,4,26.024,0.0,0.3,0.0,0.0136,-0.0151,0.0520,0.2523,3.01,10.34
3,4,26.045,0.0,0.3,0.0,0.0122,-0.0151,0.0526,0.2525,3.97,9.77
3,4,26.067,0.0,0.3,0.0,0.0053,-0.0124,0.0525,0.2525,2.49,9.26
3,4,26.081,0.0,0.3,0.0,0.0016,-0.0124,0.0525,0.2525,2.49,9.26
3,4,26.103,0.0,0.3,0.0,0.0017,-0.0049,0.0525,0.2525,1.43,7.83
3,4,26.127,0.0,0.3,0.0,-0.0032,-0.0008,0.0521,0.2528,3.26,7.00
3,4,26.146,0.0,0.3,0.0,-0.0051,0.0012,0.0517,0.2530,3.72,6.79
3,4,26.166,0.0,0.3,0.0,-0.0110,0.0040,0.0505,0.2535,3.98,8.68
3,4,26.183,0.0,0.3,0.0,-0.0140,0.0025,0.0490,0.2538,3.19,9.54
3,4,26.202,0.0,0.3,0.0,-0.0103,0.0015,0.0482,0.2539,2.67,10.05
3,4,26.227,0.0,0.3,0.0,-0.0093,0.0045,0.0464,0.2539,1.06,10.37
3,4,26.245,0.0,0.3,0.0,-0.0076,0.0054,0.0459,0.2538,0.66,10.39
3,4,26.268,0.0,0.3,0.0,-0.0026,0.0087,0.0450,0.2537,0.66,10.47
3,4,26.281,0.0,0.3,0.0,-0.0049,0.0098,0.0447,0.2536,0.73,10.47
3,4,26.302,0.0,0.3,0.0,-0.0010,0.0102,0.0444,0.2536,0.85,9.73
3,4,26.323,0.0,0.3,0.0,-0.0004,0.0097,0.0443,0.2536,0.85,8.98
3,4,26.345,0.0,0.3,0.0,-0.0004,0.0082,0.0441,0.2537,1.19,8.02
3,4,26.366,0.0,0.3,0.0,-0.0009,0.0074,0.0440,0.2539,1.95,6.89
3,4,26.386,0.0,0.3,0.0,-0.0003,0.0067,0.0441,0.2540,2.37,6.84
3,4,26.403,0.0,0.3,0.0,-0.0020,0.0052,0.0445,0.2544,3.38,8.12
3,4,26.424,0.0,0.3,0.0,-0.0022,0.0039,0.0448,0.2546,3.53,9.11
3,4,26.446,0.0,0.3,0.0,-0.0007,0.0032,0.0451,0.2548,3.12,10.00
3,4,26.464,0.0,0.3,0.0,-0.0008,0.0023,0.0453,0.2550,2.53,10.70
3,4,26.483,0.0,0.3,0.0,0.0002,-0.0018,0.0458,0.2550,1.17,11.22
3,4,26.503,0.0,0.3,0.0,0.0014,-0.0027,0.0461,0.2548,0.78,11.59
3,4,26.524,0.0,0.3,0.0,0.0054,-0.0065,0.0466,0.2544,1.86,11.96
3,4,26.544,0.0,0.3,0.0,0.0097,-0.0108,0.0476,0.2538,2.47,12.06
3,4,26.565,0.0,0.3,0.0,0.0100,-0.0128,0.0486,0.2533,2.64,11.92
3,4,26.583,0.0,0.3,0.0,0.0135,-0.0141,0.0500,0.2527,2.67,11.59
3,4,26.604,0.0,0.3,0.0,0.0195,-0.0149,0.0510,0.2524,2.70,11.10
3,4,26.627,0.0,0.3,0.0,0.0097,-0.0151,0.0519,0.2522,2.93,10.38
3,4,26.645,0.0,0.3,0.0,0.0140,-0.0147,0.0523,0.2522,3.10,10.41
3,4,26.665,0.0,0.3,0.0,0.0084,-0.0136,0.0527,0.2526,3.07,9.30
3,4,26.683,0.0,0.3,0.0,0.0031,-0.0087,0.0525,0.2525,1.79,8.61
3,4,26.704,0.0,0.3,0.0,-0.0002,-0.0034,0.0524,0.2526,1.88,7.78
3,4,26.727,0.0,0.3,0.0,-0.0043,-0.0014,0.0521,0.2528,3.12,6.97
3,4,26.750,0.0,0.3,0.0,-0.0070,0.0017,0.0511,0.2533,3.81,7.59
3,4,26.764,0.0,0.3,0.0,-0.0170,0.0033,0.0499,0.2537,3.53,8.67
3,4,26.782,0.0,0.3,0.0,-0.0133,0.0024,0.0490,0.2539,3.09,9.51
3,4,26.808,0.0,0.3,0.0,-0.0072,0.0018,0.0479,0.2541,2.42,10.00
3,4,26.824,0.0,0.3,0.0,-0.0134,0.0031,0.0467,0.2540,1.36,10.31
3,4,26.844,0.0,0.3,0.0,-0.0050,0.0054,0.0458,0.2540,0.73,10.46
3,4,26.866,0.0,0.3,0.0,-0.0050,0.0078,0.0450,0.2539,0.68,10.44
3,4,26.884,0.0,0.3,0.0,-0.0027,0.0095,0.0445,0.2538,0.82,10.22
3,4,26.903,0.0,0.3,0.0,-0.0010,0.0100,0.0443,0.2537,0.88,9.72
3,4,26.925,0.0,0.3,0.0,-0.0001,0.0098,0.0442,0.2537,0.83,8.97
3,4,26.946,0.0,0.3,0.0,-0.0002,0.0080,0.0441,0.2538,1.34,8.03
3,4,26.963,0.0,0.3,0.0,-0.0007,0.0071,0.0440,0.2540,1.90,6.86
3,4,26.983,0.0,0.3,0.0,-0.0011,0.0061,0.0442,0.2542,2.75,7.19
3,4,27.004,0.0,0.3,0.0,-0.0012,0.0051,0.0445,0.2545,3.47,8.04
3,4,27.028,0.0,0.3,0.0,-0.0013,0.0032,0.0450,0.2549,2.89,9.06
3,5,27.056,0.0,0.0,0.0,0.0000,0.0025,0.0451,0.2550,2.52,9.97
3,5,27.069,0.0,0.0,0.0,-0.0008,0.0007,0.0454,0.2551,1.66,9.95
3,5,27.083,0.0,0.0,0.0,0.0002,-0.0000,0.0456,0.2551,0.42,8.95
3,5,27.102,0.0,0.0,0.0,0.0000,0.0003,0.0457,0.2551,0.97,8.87
3,5,27.127,0.0,0.0,0.0,-0.0008,0.0005,0.0456,0.2552,1.19,8.61
3,5,27.145,0.0,0.0,0.0,-0.0018,0.0005,0.0454,0.2553,1.29,8.38
3,5,27.166,0.0,0.0,0.0,-0.0021,0.0002,0.0452,0.2554,1.31,8.16
3,5,27.182,0.0,0.0,0.0,-0.0038,-0.0001,0.0449,0.2555,1.21,7.95
3,5,27.203,0.0,0.0,0.0,-0.0039,-0.0004,0.0447,0.2556,1.10,7.84
3,5,27.224,0.0,0.0,0.0,-0.0041,-0.0005,0.0445,0.2557,1.02,7.81
3,5,27.246,0.0,0.0,0.0,-0.0024,-0.0004,0.0441,0.2558,0.74,7.72
3,5,27.264,0.0,0.0,0.0,-0.0034,-0.0002,0.0439,0.2558,0.56,7.73
3,5,27.283,0.0,0.0,0.0,-0.0008,-0.0000,0.0438,0.2559,0.45,7.77
3,5,27.304,0.0,0.0,0.0,-0.0026,0.0001,0.0436,0.2559,0.35,7.79
3,5,27.329,0.0,0.0,0.0,-0.0011,0.0001,0.0435,0.2559,0.24,7.83
3,5,27.346,0.0,0.0,0.0,-0.0012,0.0001,0.0435,0.2560,0.22,7.86
3,5,27.365,0.0,0.0,0.0,-0.0011,0.0001,0.0434,0.2560,0.21,7.87
3,5,27.383,0.0,0.0,0.0,-0.0008,0.0001,0.0434,0.2560,0.20,7.87
3,5,27.403,0.0,0.0,0.0,-0.0007,0.0001,0.0433,0.2560,0.20,7.86
3,5,27.424,0.0,0.0,0.0,-0.0010,0.0001,0.0432,0.2560,0.19,7.85
3,5,27.451,0.0,0.0,0.0,-0.0006,0.0000,0.0432,0.2561,0.18,7.84
3,5,27.463,0.0,0.0,0.0,-0.0011,0.0000,0.0431,0.2561,0.17,7.83
3,5,27.483,0.0,0.0,0.0,-0.0011,0.0000,0.0430,0.2561,0.17,7.81
3,5,27.503,0.0,0.0,0.0,-0.0006,0.0000,0.0430,0.2561,0.16,7.80
3,5,27.525,0.0,0.0,0.0,-0.0009,0.0000,0.0429,0.2561,0.16,7.79
3,5,27.546,0.0,0.0,0.0,-0.0007,0.0000,0.0429,0.2561,0.15,7.78
3,5,27.564,0.0,0.0,0.0,-0.0007,-0.0000,0.0428,0.2562,0.15,7.78
3,5,27.582,0.0,0.0,0.0,-0.0008,-0.0000,0.0427,0.2562,0.15,7.76
3,5,27.603,0.0,0.0,0.0,-0.0009,-0.0000,0.0427,0.2562,0.14,7.75
3,5,27.624,0.0,0.0,0.0,-0.0004,-0.0000,0.0426,0.2562,0.14,7.75
3,5,27.645,0.0,0.0,0.0,-0.0011,-0.0000,0.0426,0.2562,0.14,7.74
3,5,27.664,0.0,0.0,0.0,-0.0007,-0.0000,0.0425,0.2562,0.14,7.73
3,5,27.685,0.0,0.0,0.0,-0.0005,-0.0000,0.0425,0.2563,0.13,7.72
3,5,27.703,0.0,0.0,0.0,-0.0005,-0.0000,0.0425,0.2563,0.13,7.71
3,5,27.725,0.0,0.0,0.0,-0.0008,-0.0000,0.0424,0.2563,0.13,7.71
3,5,27.744,0.0,0.0,0.0,-0.0005,-0.0000,0.0424,0.2563,0.13,7.70
3,5,27.765,0.0,0.0,0.0,-0.0007,-0.0000,0.0423,0.2563,0.12,7.69
3,5,27.783,0.0,0.0,0.0,-0.0004,-0.0000,0.0423,0.2563,0.12,7.68
3,5,27.807,0.0,0.0,0.0,-0.0005,-0.0000,0.0422,0.2563,0.12,7.67
3,5,27.827,0.0,0.0,0.0,-0.0007,-0.0001,0.0422,0.2564,0.11,7.67
3,5,27.848,0.0,0.0,0.0,-0.0005,-0.0001,0.0422,0.2564,0.11,7.66
3,5,27.866,0.0,0.0,0.0,-0.0006,-0.0001,0.0421,0.2564,0.11,7.65
3,5,27.883,0.0,0.0,0.0,-0.0006,-0.0001,0.0421,0.2564,0.11,7.64
3,5,27.903,0.0,0.0,0.0,-0.0006,-0.0001,0.0420,0.2564,0.10,7.64
3,5,27.926,0.0,0.0,0.0,-0.0004,-0.0001,0.0420,0.2564,0.10,7.63
3,5,27.946,0.0,0.0,0.0,-0.0006,-0.0001,0.0420,0.2564,0.10,7.62
3,5,27.963,0.0,0.0,0.0,-0.0004,-0.0001,0.0419,0.2564,0.10,7.62
3,5,27.983,0.0,0.0,0.0,-0.0006,-0.0001,0.0419,0.2564,0.10,7.61
3,5,28.003,0.0,0.0,0.0,-0.0005,-0.0001,0.0419,0.2564,0.09,7.60
3,5,28.027,0.0,0.0,0.0,-0.0005,-0.0001,0.0418,0.2565,0.09,7.60
3,5,28.046,0.0,0.0,0.0,-0.0004,-0.0001,0.0418,0.2565,0.09,7.59
3,5,28.066,0.0,0.0,0.0,-0.0005,-0.0001,0.0418,0.2565,0.09,7.59
3,5,28.082,0.0,0.0,0.0,-0.0005,-0.0001,0.0418,0.2565,0.09,7.58
3,5,28.104,0.0,0.0,0.0,-0.0004,-0.0001,0.0417,0.2565,0.08,7.57
3,5,28.129,0.0,0.0,0.0,-0.0005,-0.0001,0.0417,0.2565,0.08,7.57
3,5,28.145,0.0,0.0,0.0,-0.0003,-0.0001,0.0417,0.2565,0.08,7.56
3,5,28.164,0.0,0.0,0.0,-0.0003,-0.0001,0.0416,0.2565,0.08,7.56
3,5,28.183,0.0,0.0,0.0,-0.0005,-0.0001,0.0416,0.2565,0.08,7.55
3,5,28.203,0.0,0.0,0.0,-0.0005,-0.0001,0.0416,0.2565,0.08,7.55
3,5,28.224,0.0,0.0,0.0,-0.0003,-0.0001,0.0415,0.2565,0.07,7.54
3,5,28.244,0.0,0.0,0.0,-0.0004,-0.0001,0.0415,0.2565,0.07,7.53
3,5,28.264,0.0,0.0,0.0,-0.0005,-0.0001,0.0415,0.2566,0.07,7.53
3,5,28.282,0.0,0.0,0.0,-0.0003,-0.0001,0.0415,0.2566,0.07,7.52
3,5,28.303,0.0,0.0,0.0,-0.0004,-0.0001,0.0415,0.2566,0.07,7.52
3,5,28.323,0.0,0.0,0.0,-0.0003,-0.0001,0.0414,0.2566,0.07,7.51
3,5,28.345,0.0,0.0,0.0,-0.0004,-0.0001,0.0414,0.2566,0.06,7.51
3,5,28.363,0.0,0.0,0.0,-0.0004,-0.0001,0.0414,0.2566,0.06,7.50
3,5,28.384,0.0,0.0,0.0,-0.0004,-0.0001,0.0414,0.2566,0.06,7.50
3,5,28.404,0.0,0.0,0.0,-0.0003,-0.0001,0.0413,0.2566,0.06,7.49
3,5,28.427,0.0,0.0,0.0,-0.0004,-0.0001,0.0413,0.2566,0.06,7.49
3,5,28.448,0.0,0.0,0.0,-0.0003,-0.0001,0.0413,0.2566,0.06,7.48
3,5,28.463,0.0,0.0,0.0,-0.0003,-0.0001,0.0413,0.2566,0.06,7.48
3,5,28.482,0.0,0.0,0.0,-0.0004,-0.0001,0.0413,0.2566,0.06,7.48
3,5,28.505,0.0,0.0,0.0,-0.0002,-0.0001,0.0413,0.2566,0.06,7.47
3,5,28.527,0.0,0.0,0.0,-0.0003,-0.0001,0.0412,0.2566,0.05,7.47
3,5,28.545,0.0,0.0,0.0,-0.0003,-0.0001,0.0412,0.2566,0.05,7.46
3,5,28.566,0.0,0.0,0.0,-0.0003,-0.0001,0.0412,0.2566,0.05,7.46
3,5,28.583,0.0,0.0,0.0,-0.0004,-0.0001,0.0412,0.2566,0.05,7.46
3,5,28.603,0.0,0.0,0.0,-0.0004,-0.0002,0.0412,0.2567,0.05,7.45
3,5,28.624,0.0,0.0,0.0,-0.0003,-0.0002,0.0411,0.2567,0.05,7.45
3,5,28.644,0.0,0.0,0.0,-0.0002,-0.0002,0.0411,0.2567,0.05,7.44
3,5,28.663,0.0,0.0,0.0,-0.0004,-0.0002,0.0411,0.2567,0.05,7.44
3,5,28.683,0.0,0.0,0.0,-0.0003,-0.0002,0.0411,0.2567,0.05,7.44
3,5,28.703,0.0,0.0,0.0,-0.0002,-0.0002,0.0411,0.2567,0.05,7.43
3,5,28.729,0.0,0.0,0.0,-0.0002,-0.0002,0.0411,0.2567,0.04,7.43
3,5,28.747,0.0,0.0,0.0,-0.0004,-0.0002,0.0410,0.2567,0.04,7.43
3,5,28.765,0.0,0.0,0.0,-0.0002,-0.0002,0.0410,0.2567,0.04,7.42
3,5,28.783,0.0,0.0,0.0,-0.0003,-0.0002,0.0410,0.2567,0.04,7.42
3,5,28.804,0.0,0.0,0.0,-0.0003,-0.0002,0.0410,0.2567,0.04,7.42
3,5,28.824,0.0,0.0,0.0,-0.0003,-0.0002,0.0410,0.2567,0.04,7.41
3,5,28.847,0.0,0.0,0.0,-0.0003,-0.0002,0.0410,0.2567,0.04,7.41
3,5,28.864,0.0,0.0,0.0,-0.0002,-0.0002,0.0410,0.2567,0.04,7.41
3,5,28.883,0.0,0.0,0.0,-0.0002,-0.0002,0.0410,0.2567,0.04,7.40
3,5,28.903,0.0,0.0,0.0,-0.0002,-0.0002,0.0409,0.2567,0.04,7.40
3,5,28.924,0.0,0.0,0.0,-0.0003,-0.0002,0.0409,0.2567,0.04,7.39
3,5,28.945,0.0,0.0,0.0,-0.0003,-0.0002,0.0409,0.2567,0.04,7.39
3,5,28.964,0.0,0.0,0.0,-0.0003,-0.0002,0.0409,0.2567,0.04,7.39
3,5,28.982,0.0,0.0,0.0,-0.0002,-0.0002,0.0409,0.2567,0.03,7.39
3,5,29.004,0.0,0.0,0.0,-0.0003,-0.0002,0.0409,0.2567,0.03,7.38
3,5,29.024,0.0,0.0,0.0,-0.0002,-0.0002,0.0409,0.2567,0.03,7.38
3,5,29.044,0.0,0.0,0.0,-0.0002,-0.0002,0.0409,0.2567,0.03,7.38
3,5,29.063,0.0,0.0,0.0,-0.0002,-0.0002,0.0408,0.2567,0.03,7.37
3,5,29.083,0.0,0.0,0.0,-0.0002,-0.0002,0.0408,0.2567,0.03,7.37
3,5,29.103,0.0,0.0,0.0,-0.0002,-0.0002,0.0408,0.2567,0.03,7.37
3,5,29.125,0.0,0.0,0.0,-0.0002,-0.0002,0.0408,0.2567,0.03,7.37
3,5,29.142,0.0,0.0,0.0,-0.0002,-0.0002,0.0408,0.2567,0.03,7.36
3,5,29.166,0.0,0.0,0.0,-0.0002,-0.0002,0.0408,0.2567,0.03,7.36
3,5,29.184,0.0,0.0,0.0,-0.0003,-0.0002,0.0408,0.2567,0.03,7.36
3,5,29.203,0.0,0.0,0.0,-0.0002,-0.0002,0.0408,0.2567,0.03,7.35
3,5,29.228,0.0,0.0,0.0,-0.0002,-0.0002,0.0408,0.2567,0.03,7.35
3,5,29.253,0.0,0.0,0.0,-0.0002,-0.0002,0.0408,0.2567,0.03,7.35
3,5,29.263,0.0,0.0,0.0,-0.0002,-0.0002,0.0408,0.2567,0.03,7.35
3,5,29.282,0.0,0.0,0.0,-0.0002,-0.0002,0.0408,0.2567,0.03,7.34
3,5,29.303,0.0,0.0,0.0,-0.0002,-0.0002,0.0407,0.2567,0.02,7.34
3,5,29.324,0.0,0.0,0.0,-0.0002,-0.0002,0.0407,0.2568,0.02,7.34
3,5,29.343,0.0,0.0,0.0,-0.0001,-0.0002,0.0407,0.2568,0.02,7.34
3,5,29.362,0.0,0.0,0.0,-0.0002,-0.0002,0.0407,0.2568,0.02,7.34
3,5,29.382,0.0,0.0,0.0,-0.0002,-0.0002,0.0407,0.2568,0.02,7.33
3,5,29.403,0.0,0.0,0.0,-0.0002,-0.0002,0.0407,0.2568,0.02,7.33
3,5,29.424,0.0,0.0,0.0,-0.0002,-0.0002,0.0407,0.2568,0.02,7.33
3,5,29.444,0.0,0.0,0.0,-0.0002,-0.0002,0.0407,0.2568,0.02,7.33
3,5,29.466,0.0,0.0,0.0,-0.0002,-0.0002,0.0407,0.2568,0.02,7.32
3,5,29.484,0.0,0.0,0.0,-0.0001,-0.0002,0.0407,0.2568,0.02,7.32
3,5,29.503,0.0,0.0,0.0,-0.0002,-0.0002,0.0407,0.2568,0.02,7.32
3,5,29.523,0.0,0.0,0.0,-0.0002,-0.0002,0.0407,0.2568,0.02,7.32
3,5,29.548,0.0,0.0,0.0,-0.0001,-0.0002,0.0407,0.2568,0.02,7.32
3,5,29.565,0.0,0.0,0.0,-0.0002,-0.0002,0.0407,0.2568,0.02,7.31
3,5,29.583,0.0,0.0,0.0,-0.0001,-0.0002,0.0406,0.2568,0.02,7.31
3,5,29.603,0.0,0.0,0.0,-0.0002,-0.0002,0.0406,0.2568,0.02,7.31
3,5,29.624,0.0,0.0,0.0,-0.0002,-0.0002,0.0406,0.2568,0.02,7.31
3,5,29.646,0.0,0.0,0.0,-0.0001,-0.0002,0.0406,0.2568,0.02,7.31
3,5,29.665,0.0,0.0,0.0,-0.0001,-0.0002,0.0406,0.2568,0.02,7.30
3,5,29.682,0.0,0.0,0.0,-0.0001,-0.0002,0.0406,0.2568,0.02,7.30
3,5,29.710,0.0,0.0,0.0,-0.0002,-0.0002,0.0406,0.2568,0.02,7.30
3,5,29.724,0.0,0.0,0.0,-0.0001,-0.0002,0.0406,0.2568,0.02,7.30
3,5,29.746,0.0,0.0,0.0,-0.0001,-0.0002,0.0406,0.2568,0.02,7.30
3,5,29.768,0.0,0.0,0.0,-0.0001,-0.0002,0.0406,0.2568,0.02,7.29
3,5,29.783,0.0,0.0,0.0,-0.0002,-0.0002,0.0406,0.2568,0.02,7.29
3,5,29.803,0.0,0.0,0.0,-0.0002,-0.0002,0.0406,0.2568,0.02,7.29
3,5,29.821,0.0,0.0,0.0,-0.0002,-0.0002,0.0406,0.2568,0.02,7.29
3,5,29.850,0.0,0.0,0.0,-0.0001,-0.0002,0.0406,0.2568,0.02,7.29
3,5,29.865,0.0,0.0,0.0,-0.0001,-0.0002,0.0406,0.2568,0.02,7.29
3,5,29.884,0.0,0.0,0.0,-0.0000,-0.0002,0.0406,0.2568,0.01,7.28
3,5,29.903,0.0,0.0,0.0,-0.0002,-0.0002,0.0406,0.2568,0.01,7.28
3,5,29.923,0.0,0.0,0.0,-0.0001,-0.0002,0.0406,0.2568,0.01,7.28
3,5,29.944,0.0,0.0,0.0,-0.0001,-0.0002,0.0406,0.2568,0.01,7.28
3,5,29.964,0.0,0.0,0.0,-0.0001,-0.0002,0.0406,0.2568,0.01,7.28
3,5,29.983,0.0,0.0,0.0,-0.0001,-0.0002,0.0405,0.2568,0.01,7.28
3,5,30.008,0.0,0.0,0.0,-0.0001,-0.0002,0.0405,0.2568,0.01,7.28
3,5,30.026,0.0,0.0,0.0,-0.0001,-0.0002,0.0405,0.2568,0.01,7.27
3,5,30.045,0.0,0.0,0.0,-0.0001,-0.0002,0.0405,0.2568,0.01,7.27
