rollout,segment,t,vx_cmd,vy_cmd,wz_cmd,vx_med,wz_med,tilt_rad,height,power_W,tau_max
1,0,0.004,0.0,0.0,0.0,0.0000,-0.0000,0.0772,0.2292,0.12,8.50
1,0,0.029,0.0,0.0,0.0,0.0017,-0.0000,0.0772,0.2292,0.12,8.50
1,0,0.047,0.0,0.0,0.0,0.0104,-0.1134,0.0738,0.2296,78.40,20.87
1,0,0.072,0.0,0.0,0.0,0.0000,-0.1134,0.0738,0.2296,79.12,19.85
1,0,0.092,0.0,0.0,0.0,0.0724,-0.2986,0.0623,0.2338,113.63,15.10
1,0,0.109,0.0,0.0,0.0,0.0724,-0.3069,0.0586,0.2374,93.87,15.09
1,0,0.136,0.0,0.0,0.0,0.0600,-0.2783,0.0554,0.2394,96.85,14.64
1,0,0.146,0.0,0.0,0.0,0.1743,-0.2529,0.0535,0.2422,86.51,13.62
1,0,0.165,0.0,0.0,0.0,0.1623,-0.1789,0.0502,0.2453,64.37,10.62
1,0,0.186,0.0,0.0,0.0,0.0584,-0.1155,0.0474,0.2465,70.61,10.66
1,0,0.206,0.0,0.0,0.0,0.1907,-0.0873,0.0420,0.2501,48.62,9.35
1,0,0.222,0.0,0.0,0.0,0.1414,-0.0474,0.0343,0.2524,44.51,7.77
1,0,0.242,0.0,0.0,0.0,0.0952,-0.0431,0.0269,0.2554,69.83,10.48
1,0,0.266,0.0,0.0,0.0,0.2465,-0.0083,0.0233,0.2586,19.86,8.47
1,0,0.284,0.0,0.0,0.0,0.1269,0.0544,0.0255,0.2600,16.68,6.46
1,0,0.302,0.0,0.0,0.0,0.1162,0.1195,0.0284,0.2614,11.05,7.94
1,0,0.328,0.0,0.0,0.0,0.1772,0.1468,0.0227,0.2626,11.93,9.17
1,0,0.346,0.0,0.0,0.0,0.1394,0.1160,0.0152,0.2630,10.08,6.21
1,0,0.364,0.0,0.0,0.0,0.0873,0.0818,0.0123,0.2634,6.86,6.29
1,0,0.383,0.0,0.0,0.0,0.1800,0.0435,0.0125,0.2638,10.94,8.06
1,0,0.402,0.0,0.0,0.0,0.0993,0.0351,0.0162,0.2640,5.63,6.28
1,0,0.421,0.0,0.0,0.0,0.1012,0.0411,0.0165,0.2641,3.41,6.77
1,0,0.446,0.0,0.0,0.0,0.1076,0.0506,0.0138,0.2640,5.76,6.61
1,0,0.464,0.0,0.0,0.0,0.0679,0.0435,0.0114,0.2640,3.86,7.56
1,0,0.483,0.0,0.0,0.0,0.0357,0.0297,0.0111,0.2641,2.13,7.71
1,0,0.503,0.0,0.0,0.0,0.0407,0.0185,0.0116,0.2641,1.48,7.25
1,0,0.526,0.0,0.0,0.0,0.0267,0.0072,0.0122,0.2641,0.68,6.93
1,0,0.545,0.0,0.0,0.0,0.0062,0.0031,0.0123,0.2641,0.31,6.95
1,0,0.564,0.0,0.0,0.0,0.0000,0.0014,0.0124,0.2641,0.11,6.77
1,0,0.584,0.0,0.0,0.0,-0.0069,0.0028,0.0123,0.2641,0.20,6.73
1,0,0.602,0.0,0.0,0.0,-0.0067,0.0043,0.0123,0.2641,0.30,6.71
1,0,0.623,0.0,0.0,0.0,-0.0073,0.0049,0.0122,0.2641,0.34,6.70
1,0,0.647,0.0,0.0,0.0,-0.0155,0.0058,0.0121,0.2641,0.42,6.68
1,0,0.665,0.0,0.0,0.0,-0.0119,0.0065,0.0120,0.2641,0.50,6.66
1,0,0.682,0.0,0.0,0.0,-0.0142,0.0067,0.0119,0.2641,0.52,6.64
1,0,0.702,0.0,0.0,0.0,-0.0191,0.0068,0.0118,0.2641,0.54,6.61
1,0,0.723,0.0,0.0,0.0,-0.0149,0.0068,0.0117,0.2641,0.55,6.58
1,0,0.743,0.0,0.0,0.0,-0.0149,0.0068,0.0116,0.2640,0.56,6.55
1,0,0.764,0.0,0.0,0.0,-0.0166,0.0066,0.0115,0.2640,0.56,6.53
1,0,0.782,0.0,0.0,0.0,-0.0168,0.0065,0.0115,0.2640,0.56,6.53
1,0,0.804,0.0,0.0,0.0,-0.0199,0.0062,0.0114,0.2640,0.55,6.50
1,0,0.822,0.0,0.0,0.0,-0.0157,0.0059,0.0113,0.2640,0.53,6.52
1,0,0.845,0.0,0.0,0.0,-0.0163,0.0055,0.0113,0.2640,0.49,6.53
1,0,0.868,0.0,0.0,0.0,-0.0100,0.0050,0.0112,0.2639,0.45,6.54
1,0,0.882,0.0,0.0,0.0,-0.0121,0.0047,0.0112,0.2639,0.43,6.54
1,0,0.902,0.0,0.0,0.0,-0.0131,0.0043,0.0112,0.2639,0.40,6.54
1,0,0.922,0.0,0.0,0.0,-0.0061,0.0040,0.0111,0.2639,0.37,6.55
1,0,0.944,0.0,0.0,0.0,-0.0070,0.0034,0.0111,0.2638,0.33,6.55
1,0,0.966,0.0,0.0,0.0,-0.0081,0.0029,0.0111,0.2638,0.29,6.55
1,0,0.985,0.0,0.0,0.0,-0.0073,0.0026,0.0111,0.2638,0.27,6.56
1,0,1.004,0.0,0.0,0.0,-0.0031,0.0017,0.0112,0.2638,0.20,6.55
1,0,1.027,0.0,0.0,0.0,-0.0026,0.0014,0.0112,0.2638,0.18,6.55
1,0,1.044,0.0,0.0,0.0,-0.0007,0.0012,0.0112,0.2637,0.16,6.54
1,0,1.065,0.0,0.0,0.0,-0.0020,0.0010,0.0111,0.2637,0.14,6.54
1,0,1.082,0.0,0.0,0.0,-0.0015,0.0009,0.0111,0.2637,0.12,6.53
1,0,1.102,0.0,0.0,0.0,-0.0004,0.0009,0.0111,0.2637,0.12,6.53
1,0,1.123,0.0,0.0,0.0,-0.0014,0.0008,0.0111,0.2637,0.11,6.53
1,0,1.144,0.0,0.0,0.0,-0.0012,0.0008,0.0111,0.2637,0.10,6.54
1,0,1.165,0.0,0.0,0.0,-0.0010,0.0008,0.0111,0.2637,0.10,6.54
1,0,1.182,0.0,0.0,0.0,-0.0008,0.0008,0.0111,0.2637,0.10,6.54
1,0,1.202,0.0,0.0,0.0,-0.0011,0.0008,0.0111,0.2637,0.10,6.54
1,0,1.222,0.0,0.0,0.0,-0.0009,0.0008,0.0111,0.2637,0.09,6.54
1,0,1.250,0.0,0.0,0.0,-0.0009,0.0007,0.0111,0.2636,0.09,6.54
1,0,1.267,0.0,0.0,0.0,-0.0011,0.0007,0.0111,0.2636,0.09,6.54
1,0,1.283,0.0,0.0,0.0,-0.0012,0.0007,0.0111,0.2636,0.09,6.54
1,0,1.301,0.0,0.0,0.0,-0.0010,0.0007,0.0111,0.2636,0.09,6.54
1,0,1.325,0.0,0.0,0.0,-0.0012,0.0007,0.0110,0.2636,0.09,6.55
1,0,1.344,0.0,0.0,0.0,-0.0009,0.0007,0.0110,0.2636,0.09,6.55
1,0,1.363,0.0,0.0,0.0,-0.0009,0.0007,0.0110,0.2636,0.09,6.55
1,0,1.381,0.0,0.0,0.0,-0.0013,0.0007,0.0110,0.2636,0.09,6.55
1,0,1.401,0.0,0.0,0.0,-0.0009,0.0007,0.0110,0.2636,0.09,6.55
1,0,1.422,0.0,0.0,0.0,-0.0011,0.0007,0.0110,0.2636,0.08,6.55
1,0,1.442,0.0,0.0,0.0,-0.0008,0.0007,0.0110,0.2635,0.08,6.55
1,0,1.461,0.0,0.0,0.0,-0.0011,0.0006,0.0110,0.2635,0.09,6.55
1,0,1.481,0.0,0.0,0.0,-0.0008,0.0006,0.0110,0.2635,0.09,6.55
1,0,1.501,0.0,0.0,0.0,-0.0011,0.0006,0.0110,0.2635,0.08,6.55
1,0,1.522,0.0,0.0,0.0,-0.0007,0.0006,0.0110,0.2635,0.08,6.56
1,0,1.545,0.0,0.0,0.0,-0.0010,0.0006,0.0110,0.2635,0.08,6.56
1,0,1.566,0.0,0.0,0.0,-0.0005,0.0006,0.0110,0.2635,0.08,6.56
1,0,1.582,0.0,0.0,0.0,-0.0008,0.0006,0.0110,0.2635,0.08,6.56
1,0,1.602,0.0,0.0,0.0,-0.0011,0.0006,0.0109,0.2635,0.08,6.56
1,0,1.625,0.0,0.0,0.0,-0.0007,0.0006,0.0109,0.2635,0.08,6.56
1,0,1.644,0.0,0.0,0.0,-0.0010,0.0006,0.0109,0.2635,0.08,6.56
1,0,1.669,0.0,0.0,0.0,-0.0006,0.0006,0.0109,0.2635,0.08,6.56
1,0,1.687,0.0,0.0,0.0,-0.0007,0.0006,0.0109,0.2634,0.08,6.56
1,0,1.702,0.0,0.0,0.0,-0.0011,0.0006,0.0109,0.2634,0.08,6.56
1,0,1.722,0.0,0.0,0.0,-0.0010,0.0006,0.0109,0.2634,0.08,6.56
1,0,1.745,0.0,0.0,0.0,-0.0007,0.0006,0.0109,0.2634,0.08,6.57
1,0,1.765,0.0,0.0,0.0,-0.0004,0.0006,0.0109,0.2634,0.08,6.57
1,0,1.785,0.0,0.0,0.0,-0.0007,0.0006,0.0109,0.2634,0.08,6.57
1,0,1.802,0.0,0.0,0.0,-0.0009,0.0006,0.0109,0.2634,0.08,6.57
1,0,1.824,0.0,0.0,0.0,-0.0002,0.0006,0.0109,0.2634,0.08,6.57
1,0,1.846,0.0,0.0,0.0,-0.0011,0.0006,0.0109,0.2634,0.07,6.57
1,0,1.865,0.0,0.0,0.0,-0.0007,0.0006,0.0109,0.2634,0.08,6.57
1,0,1.888,0.0,0.0,0.0,-0.0003,0.0006,0.0109,0.2634,0.07,6.57
1,0,1.902,0.0,0.0,0.0,-0.0010,0.0005,0.0109,0.2634,0.07,6.57
1,0,1.923,0.0,0.0,0.0,-0.0009,0.0005,0.0108,0.2634,0.07,6.57
1,0,1.947,0.0,0.0,0.0,-0.0006,0.0005,0.0108,0.2634,0.07,6.57
1,0,1.965,0.0,0.0,0.0,-0.0007,0.0005,0.0108,0.2634,0.07,6.57
1,0,1.992,0.0,0.0,0.0,-0.0007,0.0005,0.0108,0.2633,0.07,6.58
1,0,2.007,0.0,0.0,0.0,-0.0005,0.0005,0.0108,0.2633,0.07,6.58
1,0,2.025,0.0,0.0,0.0,-0.0012,0.0005,0.0108,0.2633,0.07,6.58
1,0,2.045,0.0,0.0,0.0,-0.0007,0.0005,0.0108,0.2633,0.07,6.58
1,0,2.068,0.0,0.0,0.0,-0.0006,0.0005,0.0108,0.2633,0.07,6.58
1,0,2.086,0.0,0.0,0.0,-0.0008,0.0005,0.0108,0.2633,0.07,6.58
1,0,2.102,0.0,0.0,0.0,-0.0011,0.0005,0.0108,0.2633,0.07,6.58
1,0,2.127,0.0,0.0,0.0,-0.0008,0.0005,0.0108,0.2633,0.07,6.58
1,0,2.146,0.0,0.0,0.0,-0.0007,0.0005,0.0108,0.2633,0.07,6.58
1,0,2.166,0.0,0.0,0.0,-0.0008,0.0005,0.0108,0.2633,0.07,6.58
1,0,2.182,0.0,0.0,0.0,-0.0004,0.0005,0.0108,0.2633,0.07,6.58
1,0,2.205,0.0,0.0,0.0,-0.0009,0.0005,0.0108,0.2633,0.07,6.58
1,0,2.225,0.0,0.0,0.0,-0.0006,0.0005,0.0107,0.2633,0.07,6.59
1,0,2.248,0.0,0.0,0.0,-0.0008,0.0005,0.0107,0.2633,0.07,6.59
1,0,2.263,0.0,0.0,0.0,-0.0008,0.0005,0.0107,0.2632,0.07,6.59
1,0,2.285,0.0,0.0,0.0,-0.0007,0.0005,0.0107,0.2632,0.07,6.59
1,0,2.302,0.0,0.0,0.0,-0.0010,0.0005,0.0107,0.2632,0.07,6.59
1,0,2.325,0.0,0.0,0.0,-0.0006,0.0005,0.0107,0.2632,0.07,6.59
1,0,2.347,0.0,0.0,0.0,-0.0006,0.0005,0.0107,0.2632,0.07,6.59
1,0,2.367,0.0,0.0,0.0,-0.0006,0.0005,0.0107,0.2632,0.07,6.59
1,0,2.387,0.0,0.0,0.0,-0.0008,0.0005,0.0107,0.2632,0.07,6.59
1,0,2.401,0.0,0.0,0.0,-0.0010,0.0005,0.0107,0.2632,0.07,6.59
1,0,2.423,0.0,0.0,0.0,-0.0008,0.0005,0.0107,0.2632,0.06,6.60
1,0,2.446,0.0,0.0,0.0,-0.0006,0.0005,0.0107,0.2632,0.07,6.60
1,0,2.461,0.0,0.0,0.0,-0.0007,0.0005,0.0107,0.2632,0.07,6.60
1,0,2.481,0.0,0.0,0.0,-0.0009,0.0005,0.0107,0.2632,0.06,6.60
1,0,2.505,0.0,0.0,0.0,-0.0008,0.0005,0.0107,0.2632,0.06,6.60
1,0,2.522,0.0,0.0,0.0,-0.0007,0.0005,0.0107,0.2632,0.07,6.60
1,0,2.545,0.0,0.0,0.0,-0.0008,0.0005,0.0106,0.2632,0.07,6.60
1,0,2.562,0.0,0.0,0.0,-0.0007,0.0005,0.0106,0.2631,0.06,6.60
1,0,2.582,0.0,0.0,0.0,-0.0009,0.0005,0.0106,0.2631,0.07,6.60
1,0,2.601,0.0,0.0,0.0,-0.0009,0.0005,0.0106,0.2631,0.07,6.60
1,0,2.625,0.0,0.0,0.0,-0.0006,0.0005,0.0106,0.2631,0.06,6.61
1,0,2.645,0.0,0.0,0.0,-0.0008,0.0005,0.0106,0.2631,0.06,6.61
1,0,2.664,0.0,0.0,0.0,-0.0006,0.0005,0.0106,0.2631,0.06,6.61
1,0,2.684,0.0,0.0,0.0,-0.0004,0.0005,0.0106,0.2631,0.06,6.61
1,0,2.702,0.0,0.0,0.0,-0.0006,0.0005,0.0106,0.2631,0.07,6.61
1,0,2.723,0.0,0.0,0.0,-0.0008,0.0005,0.0106,0.2631,0.06,6.61
1,0,2.748,0.0,0.0,0.0,-0.0004,0.0005,0.0106,0.2631,0.06,6.61
1,0,2.763,0.0,0.0,0.0,-0.0009,0.0005,0.0106,0.2631,0.06,6.61
1,0,2.782,0.0,0.0,0.0,-0.0008,0.0005,0.0106,0.2631,0.07,6.61
1,0,2.805,0.0,0.0,0.0,-0.0007,0.0005,0.0106,0.2631,0.06,6.61
1,0,2.824,0.0,0.0,0.0,-0.0007,0.0005,0.0106,0.2631,0.06,6.61
1,0,2.850,0.0,0.0,0.0,-0.0005,0.0005,0.0106,0.2631,0.06,6.61
1,0,2.867,0.0,0.0,0.0,-0.0008,0.0005,0.0106,0.2630,0.06,6.61
1,0,2.883,0.0,0.0,0.0,-0.0008,0.0005,0.0106,0.2630,0.06,6.61
1,0,2.906,0.0,0.0,0.0,-0.0005,0.0005,0.0105,0.2630,0.06,6.61
1,0,2.927,0.0,0.0,0.0,-0.0009,0.0005,0.0105,0.2630,0.06,6.62
1,0,2.948,0.0,0.0,0.0,-0.0006,0.0005,0.0105,0.2630,0.06,6.62
1,0,2.966,0.0,0.0,0.0,-0.0008,0.0005,0.0105,0.2630,0.06,6.62
1,0,2.984,0.0,0.0,0.0,-0.0006,0.0005,0.0105,0.2630,0.06,6.62
1,1,3.005,0.3,0.0,0.0,0.0000,0.0005,0.0105,0.2630,0.06,6.62
1,1,3.023,0.3,0.0,0.0,-0.0008,0.0005,0.0105,0.2630,0.08,12.52
1,1,3.044,0.3,0.0,0.0,0.0027,-0.0149,0.0100,0.2630,8.42,14.39
1,1,3.062,0.3,0.0,0.0,0.0053,-0.0025,0.0092,0.2613,11.51,15.25
1,1,3.082,0.3,0.0,0.0,0.0098,0.0155,0.0094,0.2583,12.04,15.57
1,1,3.102,0.3,0.0,0.0,0.0134,0.0167,0.0099,0.2561,9.85,15.60
1,1,3.125,0.3,0.0,0.0,0.0187,0.0199,0.0112,0.2542,9.70,15.30
1,1,3.150,0.3,0.0,0.0,0.0336,0.0217,0.0124,0.2535,9.80,14.89
1,1,3.166,0.3,0.0,0.0,0.0240,0.0233,0.0133,0.2534,9.90,14.69
1,1,3.185,0.3,0.0,0.0,0.0303,0.0287,0.0155,0.2541,11.48,13.96
1,1,3.205,0.3,0.0,0.0,0.0443,0.0336,0.0174,0.2556,10.23,13.25
1,1,3.222,0.3,0.0,0.0,0.0645,0.0434,0.0197,0.2574,13.67,12.54
1,1,3.244,0.3,0.0,0.0,0.0518,0.0483,0.0234,0.2613,11.96,11.49
1,1,3.266,0.3,0.0,0.0,0.0521,0.0449,0.0270,0.2646,10.19,10.31
1,1,3.286,0.3,0.0,0.0,0.0588,0.0430,0.0308,0.2680,11.17,9.00
1,1,3.301,0.3,0.0,0.0,0.0758,0.0512,0.0314,0.2703,3.65,10.21
1,1,3.328,0.3,0.0,0.0,0.0545,0.0453,0.0264,0.2712,6.76,13.11
1,1,3.343,0.3,0.0,0.0,0.1106,0.0393,0.0222,0.2707,12.54,14.40
1,1,3.363,0.3,0.0,0.0,0.0598,0.0326,0.0194,0.2693,25.53,15.27
1,1,3.382,0.3,0.0,0.0,0.0931,-0.0015,0.0161,0.2650,12.83,16.34
1,1,3.402,0.3,0.0,0.0,0.0796,-0.0147,0.0126,0.2619,14.85,16.63
1,1,3.423,0.3,0.0,0.0,0.0775,-0.0197,0.0116,0.2581,8.69,15.80
1,1,3.444,0.3,0.0,0.0,0.0974,-0.0142,0.0134,0.2564,5.55,14.94
1,1,3.464,0.3,0.0,0.0,0.0803,-0.0191,0.0149,0.2556,4.41,14.86
1,1,3.482,0.3,0.0,0.0,0.0903,-0.0181,0.0154,0.2556,4.41,15.03
1,1,3.503,0.3,0.0,0.0,0.0773,-0.0139,0.0164,0.2562,5.65,15.13
1,1,3.522,0.3,0.0,0.0,0.1255,-0.0151,0.0186,0.2579,7.12,14.98
1,1,3.545,0.3,0.0,0.0,0.1018,-0.0173,0.0208,0.2600,11.24,14.06
1,1,3.565,0.3,0.0,0.0,0.1491,-0.0108,0.0231,0.2631,11.48,14.06
1,1,3.586,0.3,0.0,0.0,0.0819,0.0110,0.0263,0.2668,23.78,9.54
1,1,3.602,0.3,0.0,0.0,0.1689,-0.0092,0.0262,0.2687,10.44,7.30
1,1,3.633,0.3,0.0,0.0,0.0728,-0.0243,0.0181,0.2699,6.93,14.38
1,1,3.645,0.3,0.0,0.0,0.1859,-0.0348,0.0127,0.2692,13.52,14.30
1,1,3.665,0.3,0.0,0.0,0.0983,-0.0412,0.0080,0.2671,24.04,15.08
1,1,3.682,0.3,0.0,0.0,0.1272,-0.0407,0.0091,0.2648,8.33,15.80
1,1,3.713,0.3,0.0,0.0,0.0563,-0.0321,0.0118,0.2620,11.17,17.16
1,1,3.722,0.3,0.0,0.0,0.1085,-0.0317,0.0118,0.2612,8.83,16.98
1,1,3.747,0.3,0.0,0.0,0.1173,-0.0251,0.0093,0.2586,12.47,17.08
1,1,3.764,0.3,0.0,0.0,0.0900,-0.0171,0.0075,0.2582,12.32,16.93
1,1,3.783,0.3,0.0,0.0,0.2060,0.0014,0.0052,0.2581,10.65,14.06
1,1,3.805,0.3,0.0,0.0,0.1573,0.0220,0.0046,0.2592,9.86,13.07
1,1,3.822,0.3,0.0,0.0,0.1384,0.0274,0.0044,0.2601,10.61,12.45
1,1,3.848,0.3,0.0,0.0,0.2080,0.0206,0.0035,0.2643,9.30,11.50
1,1,3.865,0.3,0.0,0.0,0.1954,0.0131,0.0031,0.2658,8.39,11.53
1,1,3.885,0.3,0.0,0.0,0.1292,0.0000,0.0026,0.2681,6.56,10.45
1,1,3.902,0.3,0.0,0.0,0.1580,-0.0355,0.0020,0.2720,16.53,6.47
1,1,3.922,0.3,0.0,0.0,0.1711,-0.0487,0.0037,0.2735,5.36,7.42
1,1,3.944,0.3,0.0,0.0,0.1490,-0.0062,0.0082,0.2720,26.85,12.71
1,1,3.965,0.3,0.0,0.0,0.2435,0.0359,0.0128,0.2683,26.98,15.41
1,1,3.982,0.3,0.0,0.0,0.1546,0.0454,0.0135,0.2652,15.61,14.40
1,1,4.002,0.3,0.0,0.0,0.1505,0.0389,0.0130,0.2621,10.33,13.89
1,1,4.022,0.3,0.0,0.0,0.1937,0.0235,0.0123,0.2583,6.16,13.53
1,1,4.048,0.3,0.0,0.0,0.1395,0.0100,0.0115,0.2566,5.53,13.07
1,1,4.067,0.3,0.0,0.0,0.1008,-0.0041,0.0104,0.2557,6.30,12.95
1,1,4.083,0.3,0.0,0.0,0.2359,-0.0142,0.0093,0.2552,6.45,12.72
1,1,4.102,0.3,0.0,0.0,0.2106,-0.0195,0.0092,0.2559,9.73,12.49
1,1,4.128,0.3,0.0,0.0,0.1603,-0.0269,0.0107,0.2585,10.80,12.18
1,1,4.144,0.3,0.0,0.0,0.1542,-0.0292,0.0120,0.2606,8.87,11.46
1,1,4.166,0.3,0.0,0.0,0.2160,-0.0345,0.0128,0.2628,15.31,10.53
1,1,4.187,0.3,0.0,0.0,0.0910,-0.0191,0.0124,0.2666,15.05,8.99
1,1,4.201,0.3,0.0,0.0,0.2499,0.0202,0.0118,0.2709,17.80,5.65
1,1,4.222,0.3,0.0,0.0,0.2140,0.0380,0.0120,0.2723,11.84,9.43
1,1,4.243,0.3,0.0,0.0,0.1423,-0.0259,0.0137,0.2705,29.22,13.83
1,1,4.267,0.3,0.0,0.0,0.1665,-0.0516,0.0148,0.2660,12.77,14.26
1,1,4.282,0.3,0.0,0.0,0.0808,-0.0552,0.0147,0.2637,14.03,14.67
1,1,4.303,0.3,0.0,0.0,0.0639,-0.0528,0.0146,0.2626,5.42,14.59
1,1,4.327,0.3,0.0,0.0,0.2195,-0.0255,0.0137,0.2589,8.66,14.69
1,1,4.345,0.3,0.0,0.0,0.1842,-0.0133,0.0130,0.2574,9.18,14.05
1,1,4.365,0.3,0.0,0.0,0.1300,0.0007,0.0121,0.2569,8.40,13.35
1,1,4.383,0.3,0.0,0.0,0.1486,0.0086,0.0112,0.2571,8.47,13.11
1,1,4.401,0.3,0.0,0.0,0.1590,0.0178,0.0102,0.2576,8.50,12.66
1,1,4.423,0.3,0.0,0.0,0.1365,0.0231,0.0094,0.2598,11.77,11.83
1,1,4.450,0.3,0.0,0.0,0.2006,0.0217,0.0078,0.2639,7.01,11.60
1,1,4.463,0.3,0.0,0.0,0.2035,0.0177,0.0072,0.2659,7.83,11.53
1,1,4.487,0.3,0.0,0.0,0.1739,-0.0114,0.0062,0.2692,23.67,8.90
1,1,4.502,0.3,0.0,0.0,0.1424,-0.0461,0.0059,0.2738,12.12,9.17
1,1,4.522,0.3,0.0,0.0,0.1679,-0.0326,0.0072,0.2734,10.41,9.07
1,1,4.545,0.3,0.0,0.0,0.1377,-0.0043,0.0087,0.2723,28.95,12.45
1,1,4.563,0.3,0.0,0.0,0.1403,0.0264,0.0104,0.2691,20.33,14.31
1,1,4.583,0.3,0.0,0.0,0.1839,0.0397,0.0108,0.2653,18.93,14.05
1,1,4.601,0.3,0.0,0.0,0.1697,0.0322,0.0103,0.2612,9.17,13.80
1,1,4.622,0.3,0.0,0.0,0.1405,0.0219,0.0101,0.2590,6.64,13.23
1,1,4.661,0.3,0.0,0.0,0.0754,0.0041,0.0095,0.2572,5.09,13.03
1,1,4.664,0.3,0.0,0.0,0.1079,0.0041,0.0095,0.2572,5.09,13.03
1,1,4.685,0.3,0.0,0.0,0.2502,-0.0144,0.0087,0.2560,4.50,12.86
1,1,4.702,0.3,0.0,0.0,0.1569,-0.0172,0.0087,0.2563,5.84,12.90
1,1,4.722,0.3,0.0,0.0,0.1308,-0.0215,0.0097,0.2577,10.35,12.79
1,1,4.749,0.3,0.0,0.0,0.1086,-0.0252,0.0120,0.2608,10.56,12.18
1,1,4.765,0.3,0.0,0.0,0.1702,-0.0272,0.0131,0.2628,8.51,12.14
1,1,4.787,0.3,0.0,0.0,0.1317,-0.0189,0.0138,0.2659,22.10,9.59
1,1,4.803,0.3,0.0,0.0,0.1282,0.0045,0.0135,0.2694,8.59,9.62
1,1,4.823,0.3,0.0,0.0,0.1560,0.0432,0.0125,0.2733,8.01,6.33
1,1,4.846,0.3,0.0,0.0,0.1421,0.0253,0.0123,0.2729,12.49,9.47
1,1,4.868,0.3,0.0,0.0,0.1401,-0.0500,0.0125,0.2679,22.67,15.54
1,1,4.882,0.3,0.0,0.0,0.1644,-0.0688,0.0133,0.2650,17.69,15.56
1,1,4.904,0.3,0.0,0.0,0.0710,-0.0702,0.0137,0.2630,8.40,15.51
1,1,4.922,0.3,0.0,0.0,0.1463,-0.0419,0.0134,0.2598,7.19,15.23
1,1,4.945,0.3,0.0,0.0,0.1174,-0.0232,0.0129,0.2585,8.44,14.51
1,1,4.964,0.3,0.0,0.0,0.1280,-0.0120,0.0125,0.2580,9.37,14.41
1,1,4.981,0.3,0.0,0.0,0.1484,0.0026,0.0117,0.2579,9.27,13.10
1,1,5.001,0.3,0.0,0.0,0.1493,0.0139,0.0109,0.2589,9.42,12.37
1,1,5.021,0.3,0.0,0.0,0.1389,0.0216,0.0100,0.2606,10.74,11.67
1,1,5.043,0.3,0.0,0.0,0.1961,0.0226,0.0089,0.2629,9.46,11.41
1,1,5.066,0.3,0.0,0.0,0.1495,0.0110,0.0070,0.2672,11.71,10.51
1,1,5.084,0.3,0.0,0.0,0.1002,0.0049,0.0066,0.2683,6.41,10.56
1,1,5.102,0.3,0.0,0.0,0.2418,-0.0325,0.0056,0.2723,6.64,9.10
1,1,5.122,0.3,0.0,0.0,0.1622,-0.0452,0.0062,0.2739,8.07,7.81
1,1,5.142,0.3,0.0,0.0,0.1904,-0.0179,0.0080,0.2731,21.61,12.39
1,1,5.166,0.3,0.0,0.0,0.1278,0.0367,0.0123,0.2681,18.74,14.82
1,1,5.182,0.3,0.0,0.0,0.1662,0.0513,0.0126,0.2655,17.03,13.77
1,1,5.205,0.3,0.0,0.0,0.0824,0.0450,0.0123,0.2634,10.21,13.84
1,1,5.222,0.3,0.0,0.0,0.2325,0.0271,0.0116,0.2596,8.41,13.66
1,1,5.246,0.3,0.0,0.0,0.1037,0.0058,0.0108,0.2573,4.85,12.97
1,1,5.264,0.3,0.0,0.0,0.1717,-0.0061,0.0101,0.2562,4.91,12.92
1,1,5.285,0.3,0.0,0.0,0.1276,-0.0109,0.0095,0.2558,5.04,12.79
1,1,5.302,0.3,0.0,0.0,0.1935,-0.0162,0.0094,0.2563,6.60,12.73
1,1,5.327,0.3,0.0,0.0,0.1412,-0.0236,0.0107,0.2581,9.64,12.64
1,1,5.343,0.3,0.0,0.0,0.1840,-0.0276,0.0127,0.2602,8.36,11.94
1,1,5.362,0.3,0.0,0.0,0.1542,-0.0244,0.0145,0.2640,12.12,10.80
1,1,5.382,0.3,0.0,0.0,0.2128,-0.0010,0.0142,0.2681,14.49,9.75
1,1,5.401,0.3,0.0,0.0,0.1537,0.0340,0.0132,0.2727,8.22,6.64
1,1,5.422,0.3,0.0,0.0,0.1849,-0.0162,0.0132,0.2719,10.97,11.25
1,1,5.445,0.3,0.0,0.0,0.1145,-0.0379,0.0135,0.2707,26.80,13.77
1,1,5.464,0.3,0.0,0.0,0.1891,-0.0479,0.0137,0.2663,13.13,14.63
1,1,5.483,0.3,0.0,0.0,0.1490,-0.0505,0.0133,0.2635,4.49,15.10
1,1,5.502,0.3,0.0,0.0,0.1197,-0.0340,0.0127,0.2612,6.44,14.94
1,1,5.523,0.3,0.0,0.0,0.1819,-0.0177,0.0115,0.2588,7.60,14.59
1,1,5.545,0.3,0.0,0.0,0.1260,-0.0019,0.0101,0.2576,7.46,13.66
1,1,5.561,0.3,0.0,0.0,0.1621,0.0049,0.0095,0.2574,7.10,13.11
1,1,5.585,0.3,0.0,0.0,0.1277,0.0164,0.0083,0.2580,7.13,12.41
1,1,5.602,0.3,0.0,0.0,0.2129,0.0175,0.0079,0.2586,7.05,11.86
1,1,5.622,0.3,0.0,0.0,0.0939,0.0203,0.0075,0.2595,10.41,11.83
1,1,5.644,0.3,0.0,0.0,0.1349,0.0229,0.0063,0.2634,5.27,11.40
1,1,5.663,0.3,0.0,0.0,0.2365,0.0171,0.0053,0.2659,11.24,10.77
1,1,5.684,0.3,0.0,0.0,0.1573,-0.0240,0.0037,0.2719,14.53,9.16
1,1,5.702,0.3,0.0,0.0,0.2138,-0.0556,0.0038,0.2746,5.93,7.65
1,1,5.724,0.3,0.0,0.0,0.1488,-0.0066,0.0069,0.2738,10.78,10.04
1,1,5.748,0.3,0.0,0.0,0.1675,0.0047,0.0079,0.2735,10.56,10.22
1,1,5.765,0.3,0.0,0.0,0.1457,0.0312,0.0109,0.2691,29.16,12.61
1,1,5.782,0.3,0.0,0.0,0.1643,0.0422,0.0103,0.2665,22.07,13.76
1,1,5.804,0.3,0.0,0.0,0.1355,0.0197,0.0099,0.2605,10.88,13.44
1,1,5.824,0.3,0.0,0.0,0.1614,0.0077,0.0100,0.2587,7.01,13.00
1,1,5.846,0.3,0.0,0.0,0.0999,-0.0052,0.0096,0.2569,6.15,12.60
1,1,5.865,0.3,0.0,0.0,0.1544,-0.0127,0.0092,0.2562,4.29,12.62
1,1,5.884,0.3,0.0,0.0,0.1647,-0.0143,0.0090,0.2562,4.82,12.59
1,1,5.901,0.3,0.0,0.0,0.1331,-0.0190,0.0096,0.2571,5.68,12.63
1,1,5.921,0.3,0.0,0.0,0.1805,-0.0235,0.0109,0.2586,8.47,12.48
1,1,5.945,0.3,0.0,0.0,0.1672,-0.0280,0.0133,0.2626,6.41,11.85
1,1,5.962,0.3,0.0,0.0,0.1977,-0.0246,0.0140,0.2651,7.55,10.72
1,1,5.982,0.3,0.0,0.0,0.1412,-0.0061,0.0141,0.2685,35.44,8.98
1,1,6.001,0.3,0.0,0.0,0.2108,0.0379,0.0139,0.2734,9.11,6.93
1,1,6.025,0.3,0.0,0.0,0.1273,-0.0133,0.0140,0.2728,8.73,11.31
1,1,6.043,0.3,0.0,0.0,0.1109,-0.0426,0.0141,0.2719,8.70,11.37
1,1,6.065,0.3,0.0,0.0,0.1122,-0.0589,0.0141,0.2682,12.02,14.51
1,1,6.081,0.3,0.0,0.0,0.1674,-0.0399,0.0135,0.2647,8.30,14.49
1,1,6.102,0.3,0.0,0.0,0.1464,-0.0349,0.0129,0.2621,5.37,15.08
1,1,6.122,0.3,0.0,0.0,0.1131,-0.0108,0.0119,0.2595,8.69,14.58
1,1,6.143,0.3,0.0,0.0,0.1761,0.0005,0.0109,0.2584,7.09,13.73
1,1,6.164,0.3,0.0,0.0,0.0950,0.0083,0.0104,0.2580,6.93,13.74
1,1,6.182,0.3,0.0,0.0,0.1881,0.0141,0.0093,0.2580,5.81,12.65
1,1,6.201,0.3,0.0,0.0,0.1896,0.0160,0.0084,0.2593,7.06,12.02
1,1,6.223,0.3,0.0,0.0,0.0639,0.0178,0.0076,0.2611,8.10,11.92
1,1,6.245,0.3,0.0,0.0,0.1773,0.0199,0.0067,0.2635,7.06,11.61
1,1,6.265,0.3,0.0,0.0,0.1529,0.0075,0.0048,0.2677,10.78,10.72
1,1,6.288,0.3,0.0,0.0,0.1984,-0.0301,0.0036,0.2724,12.81,9.10
1,1,6.302,0.3,0.0,0.0,0.1433,-0.0613,0.0037,0.2748,6.41,7.47
1,1,6.321,0.3,0.0,0.0,0.2116,-0.0215,0.0055,0.2740,12.37,9.89
1,1,6.343,0.3,0.0,0.0,0.1329,0.0130,0.0077,0.2726,25.90,12.83
1,1,6.365,0.3,0.0,0.0,0.0853,0.0335,0.0093,0.2696,16.61,13.83
1,1,6.382,0.3,0.0,0.0,0.2049,0.0369,0.0096,0.2658,12.91,13.89
1,1,6.403,0.3,0.0,0.0,0.1125,0.0273,0.0095,0.2627,11.69,13.53
1,1,6.421,0.3,0.0,0.0,0.1347,0.0086,0.0090,0.2592,5.72,13.18
1,1,6.446,0.3,0.0,0.0,0.1059,-0.0021,0.0084,0.2577,4.32,12.94
1,1,6.463,0.3,0.0,0.0,0.1230,-0.0052,0.0080,0.2571,4.52,13.06
1,1,6.483,0.3,0.0,0.0,0.1251,-0.0076,0.0075,0.2568,4.16,13.14
1,1,6.502,0.3,0.0,0.0,0.1369,-0.0142,0.0076,0.2572,6.29,13.04
1,1,6.528,0.3,0.0,0.0,0.1247,-0.0159,0.0080,0.2576,5.25,13.00
1,1,6.548,0.3,0.0,0.0,0.1140,-0.0223,0.0101,0.2602,9.74,12.70
1,1,6.565,0.3,0.0,0.0,0.1730,-0.0248,0.0115,0.2624,18.38,10.95
1,1,6.584,0.3,0.0,0.0,0.0538,-0.0176,0.0120,0.2654,19.77,10.91
1,1,6.602,0.3,0.0,0.0,0.1481,0.0147,0.0118,0.2708,13.59,6.88
1,1,6.622,0.3,0.0,0.0,0.1527,0.0387,0.0111,0.2733,9.94,5.71
1,1,6.647,0.3,0.0,0.0,0.1207,-0.0105,0.0113,0.2719,28.58,13.36
1,1,6.667,0.3,0.0,0.0,0.1064,-0.0435,0.0126,0.2684,38.36,15.54
1,1,6.682,0.3,0.0,0.0,0.1609,-0.0520,0.0128,0.2653,23.46,16.01
1,1,6.702,0.3,0.0,0.0,0.1202,-0.0523,0.0128,0.2620,9.27,15.35
1,1,6.723,0.3,0.0,0.0,0.1199,-0.0499,0.0127,0.2611,6.49,15.31
1,1,6.744,0.3,0.0,0.0,0.1210,-0.0257,0.0122,0.2585,7.65,14.90
1,1,6.766,0.3,0.0,0.0,0.1341,-0.0045,0.0117,0.2576,8.49,14.00
1,1,6.785,0.3,0.0,0.0,0.1882,0.0075,0.0109,0.2577,8.78,13.21
1,1,6.802,0.3,0.0,0.0,0.1499,0.0136,0.0102,0.2584,9.00,12.95
1,1,6.822,0.3,0.0,0.0,0.1973,0.0234,0.0094,0.2601,12.69,11.76
1,1,6.845,0.3,0.0,0.0,0.1001,0.0209,0.0088,0.2628,10.29,11.53
1,1,6.864,0.3,0.0,0.0,0.1913,0.0188,0.0079,0.2647,7.60,11.50
1,1,6.882,0.3,0.0,0.0,0.1296,-0.0005,0.0065,0.2691,12.51,9.10
1,1,6.904,0.3,0.0,0.0,0.1867,-0.0421,0.0060,0.2737,6.12,6.39
1,1,6.921,0.3,0.0,0.0,0.2199,-0.0299,0.0068,0.2734,7.83,8.61
1,1,6.950,0.3,0.0,0.0,0.1407,0.0192,0.0106,0.2721,20.56,12.49
1,1,6.963,0.3,0.0,0.0,0.0886,0.0356,0.0125,0.2702,17.70,12.52
1,1,6.982,0.3,0.0,0.0,0.1938,0.0422,0.0143,0.2657,15.75,14.61
1,1,7.002,0.3,0.0,0.0,0.1370,0.0318,0.0139,0.2624,9.66,13.54
1,1,7.022,0.3,0.0,0.0,0.1313,0.0264,0.0134,0.2605,9.10,13.27
1,1,7.046,0.3,0.0,0.0,0.1214,0.0090,0.0117,0.2578,6.17,12.96
1,1,7.064,0.3,0.0,0.0,0.1705,-0.0044,0.0104,0.2567,5.02,12.83
1,1,7.083,0.3,0.0,0.0,0.1684,-0.0107,0.0091,0.2563,5.17,12.90
1,1,7.104,0.3,0.0,0.0,0.1366,-0.0145,0.0087,0.2567,5.09,12.82
1,1,7.125,0.3,0.0,0.0,0.2000,-0.0211,0.0092,0.2578,8.36,12.74
1,1,7.142,0.3,0.0,0.0,0.1408,-0.0254,0.0110,0.2603,16.32,12.23
1,1,7.164,0.3,0.0,0.0,0.1813,-0.0192,0.0125,0.2646,10.39,11.17
1,1,7.182,0.3,0.0,0.0,0.1583,-0.0024,0.0122,0.2688,9.09,9.49
1,1,7.201,0.3,0.0,0.0,0.2033,0.0530,0.0113,0.2729,9.45,6.49
1,1,7.222,0.3,0.0,0.0,0.1326,0.0276,0.0116,0.2729,14.12,10.64
1,1,7.247,0.3,0.0,0.0,0.1704,-0.0298,0.0132,0.2713,29.02,13.72
1,1,7.263,0.3,0.0,0.0,0.0874,-0.0476,0.0142,0.2690,21.49,13.58
1,1,7.282,0.3,0.0,0.0,0.1167,-0.0501,0.0155,0.2647,8.36,14.92
1,1,7.302,0.3,0.0,0.0,0.1596,-0.0436,0.0155,0.2623,8.40,14.81
1,1,7.323,0.3,0.0,0.0,0.1362,-0.0237,0.0153,0.2595,7.91,14.46
1,1,7.345,0.3,0.0,0.0,0.0831,-0.0137,0.0148,0.2584,8.01,14.02
1,1,7.365,0.3,0.0,0.0,0.1270,-0.0013,0.0139,0.2577,8.46,13.40
1,1,7.382,0.3,0.0,0.0,0.1500,0.0056,0.0131,0.2579,9.19,12.88
1,1,7.402,0.3,0.0,0.0,0.1487,0.0111,0.0119,0.2593,7.86,12.11
1,1,7.422,0.3,0.0,0.0,0.1927,0.0181,0.0113,0.2609,10.97,11.56
1,1,7.444,0.3,0.0,0.0,0.0891,0.0180,0.0104,0.2636,7.71,11.39
1,1,7.466,0.3,0.0,0.0,0.1795,0.0133,0.0093,0.2664,8.62,11.39
1,1,7.486,0.3,0.0,0.0,0.1603,-0.0224,0.0082,0.2715,10.65,9.01
1,1,7.502,0.3,0.0,0.0,0.2192,-0.0526,0.0081,0.2741,7.82,6.40
1,1,7.525,0.3,0.0,0.0,0.1123,-0.0436,0.0092,0.2743,7.71,8.04
1,1,7.548,0.3,0.0,0.0,0.1747,0.0012,0.0117,0.2732,20.11,12.85
1,1,7.563,0.3,0.0,0.0,0.0988,0.0342,0.0141,0.2705,16.67,13.08
1,1,7.582,0.3,0.0,0.0,0.1403,0.0425,0.0149,0.2675,30.68,14.59
1,1,7.601,0.3,0.0,0.0,0.1829,0.0340,0.0143,0.2632,14.35,13.81
1,1,7.622,0.3,0.0,0.0,0.0800,0.0251,0.0135,0.2605,10.82,13.49
1,1,7.646,0.3,0.0,0.0,0.1654,0.0131,0.0123,0.2580,8.89,13.12
1,1,7.662,0.3,0.0,0.0,0.1087,-0.0038,0.0107,0.2565,5.06,12.94
1,1,7.682,0.3,0.0,0.0,0.1613,-0.0101,0.0100,0.2561,5.57,12.98
1,1,7.701,0.3,0.0,0.0,0.1790,-0.0165,0.0098,0.2569,6.11,12.87
1,1,7.726,0.3,0.0,0.0,0.1117,-0.0225,0.0111,0.2586,8.44,12.66
1,1,7.748,0.3,0.0,0.0,0.1203,-0.0257,0.0123,0.2600,8.58,12.56
1,1,7.764,0.3,0.0,0.0,0.1696,-0.0272,0.0140,0.2623,6.47,12.01
1,1,7.782,0.3,0.0,0.0,0.1574,-0.0178,0.0148,0.2658,22.86,9.33
1,1,7.804,0.3,0.0,0.0,0.1895,0.0189,0.0135,0.2731,23.97,6.79
1,1,7.826,0.3,0.0,0.0,0.1539,0.0347,0.0112,0.2730,17.22,11.03
1,1,7.845,0.3,0.0,0.0,0.1142,-0.0286,0.0116,0.2719,18.36,14.44
1,1,7.864,0.3,0.0,0.0,0.1171,-0.0516,0.0129,0.2677,11.98,14.05
1,1,7.885,0.3,0.0,0.0,0.1623,-0.0316,0.0133,0.2644,7.16,14.08
1,1,7.904,0.3,0.0,0.0,0.1109,-0.0374,0.0122,0.2623,16.20,14.00
1,1,7.927,0.3,0.0,0.0,0.0756,-0.0277,0.0109,0.2593,12.24,14.57
1,1,7.944,0.3,0.0,0.0,0.1068,-0.0133,0.0099,0.2586,8.76,13.86
1,1,7.968,0.3,0.0,0.0,0.1656,0.0092,0.0088,0.2575,7.67,13.18
1,1,7.988,0.3,0.0,0.0,0.1265,0.0160,0.0082,0.2578,8.65,12.43
1,1,8.002,0.3,0.0,0.0,0.1411,0.0162,0.0072,0.2593,6.84,11.76
1,1,8.022,0.3,0.0,0.0,0.1787,0.0215,0.0063,0.2604,11.96,11.70
1,1,8.049,0.3,0.0,0.0,0.1098,0.0200,0.0053,0.2634,6.58,11.56
1,1,8.065,0.3,0.0,0.0,0.2172,0.0082,0.0033,0.2671,7.83,10.75
1,1,8.082,0.3,0.0,0.0,0.1404,-0.0181,0.0028,0.2707,32.07,8.90
1,1,8.103,0.3,0.0,0.0,0.2008,-0.0380,0.0036,0.2745,9.82,7.52
1,1,8.122,0.3,0.0,0.0,0.1948,-0.0196,0.0056,0.2737,12.76,10.24
1,1,8.145,0.3,0.0,0.0,0.1233,0.0195,0.0089,0.2721,21.29,12.82
1,1,8.166,0.3,0.0,0.0,0.1308,0.0328,0.0102,0.2694,15.52,13.56
1,1,8.184,0.3,0.0,0.0,0.1492,0.0324,0.0096,0.2656,11.58,13.97
1,1,8.202,0.3,0.0,0.0,0.1160,0.0250,0.0088,0.2627,10.03,13.73
1,1,8.225,0.3,0.0,0.0,0.1380,0.0119,0.0087,0.2598,6.31,13.30
1,1,8.248,0.3,0.0,0.0,0.0884,-0.0027,0.0081,0.2576,4.04,12.96
1,1,8.269,0.3,0.0,0.0,0.1066,-0.0070,0.0079,0.2568,3.77,12.93
1,1,8.295,0.3,0.0,0.0,0.1182,-0.0096,0.0077,0.2564,3.81,12.94
1,1,8.303,0.3,0.0,0.0,0.0484,-0.0126,0.0077,0.2564,4.67,12.95
1,1,8.325,0.3,0.0,0.0,0.1660,-0.0159,0.0085,0.2573,8.57,13.13
1,1,8.345,0.3,0.0,0.0,0.1174,-0.0195,0.0099,0.2592,26.06,12.69
1,1,8.363,0.3,0.0,0.0,0.1286,-0.0116,0.0121,0.2638,5.99,11.14
1,1,8.386,0.3,0.0,0.0,0.1535,0.0078,0.0128,0.2686,11.63,9.08
1,1,8.402,0.3,0.0,0.0,0.1702,0.0419,0.0130,0.2721,8.53,6.71
1,1,8.427,0.3,0.0,0.0,0.1664,0.0083,0.0130,0.2717,7.90,11.29
1,1,8.447,0.3,0.0,0.0,0.1092,-0.0546,0.0130,0.2703,13.46,14.73
1,1,8.464,0.3,0.0,0.0,0.1047,-0.0664,0.0132,0.2686,29.79,14.63
1,1,8.482,0.3,0.0,0.0,0.1125,-0.0542,0.0135,0.2647,11.74,15.29
1,1,8.505,0.3,0.0,0.0,0.1113,-0.0356,0.0130,0.2616,8.47,15.49
1,1,8.523,0.3,0.0,0.0,0.0000,-0.0356,0.0130,0.2616,8.47,15.49
1,1,8.546,0.3,0.0,0.0,0.1431,-0.0135,0.0119,0.2583,8.38,15.06
1,1,8.566,0.3,0.0,0.0,0.1193,0.0031,0.0108,0.2574,8.38,14.02
1,1,8.582,0.3,0.0,0.0,0.1843,0.0101,0.0103,0.2575,8.61,13.48
1,1,8.602,0.3,0.0,0.0,0.1445,0.0160,0.0094,0.2586,7.17,12.67
1,1,8.623,0.3,0.0,0.0,0.1389,0.0221,0.0085,0.2601,11.31,11.95
1,1,8.645,0.3,0.0,0.0,0.1247,0.0212,0.0076,0.2622,14.70,11.65
1,1,8.665,0.3,0.0,0.0,0.1333,0.0053,0.0058,0.2663,10.10,10.84
1,1,8.682,0.3,0.0,0.0,0.2149,-0.0104,0.0044,0.2695,9.76,8.93
1,1,8.705,0.3,0.0,0.0,0.0000,-0.0411,0.0036,0.2730,17.05,6.52
1,1,8.725,0.3,0.0,0.0,0.2358,-0.0360,0.0051,0.2732,5.87,9.50
1,1,8.749,0.3,0.0,0.0,0.1885,0.0189,0.0100,0.2716,19.73,12.55
1,1,8.765,0.3,0.0,0.0,0.1095,0.0388,0.0118,0.2690,15.83,13.93
1,1,8.783,0.3,0.0,0.0,0.1276,0.0432,0.0119,0.2662,16.86,13.80
1,1,8.802,0.3,0.0,0.0,0.1333,0.0320,0.0115,0.2626,7.99,13.75
1,1,8.826,0.3,0.0,0.0,0.1168,0.0166,0.0112,0.2598,6.83,13.43
1,1,8.844,0.3,0.0,0.0,0.1216,0.0038,0.0105,0.2580,5.03,12.99
1,1,8.865,0.3,0.0,0.0,0.1251,-0.0045,0.0097,0.2567,5.26,12.96
1,1,8.889,0.3,0.0,0.0,0.1743,-0.0095,0.0091,0.2565,5.16,12.99
1,1,8.903,0.3,0.0,0.0,0.1315,-0.0140,0.0088,0.2569,4.72,12.90
1,1,8.925,0.3,0.0,0.0,0.1752,-0.0189,0.0093,0.2574,9.86,12.82
1,1,8.950,0.3,0.0,0.0,0.0881,-0.0232,0.0117,0.2615,11.73,12.27
1,1,8.965,0.3,0.0,0.0,0.1915,-0.0196,0.0128,0.2635,14.00,12.19
1,1,8.982,0.3,0.0,0.0,0.1653,-0.0123,0.0136,0.2673,17.31,10.00
1,1,9.004,0.3,0.0,0.0,0.1352,-0.0003,0.0135,0.2689,10.39,9.93
1,2,9.028,0.6,0.0,0.0,0.0000,0.0328,0.0118,0.2728,6.56,9.49
1,2,9.045,0.6,0.0,0.0,0.1816,-0.0157,0.0113,0.2720,11.44,11.70
1,2,9.067,0.6,0.0,0.0,0.1206,-0.0558,0.0118,0.2681,60.85,16.12
1,2,9.084,0.6,0.0,0.0,0.1742,-0.0351,0.0106,0.2617,17.12,16.81
1,2,9.101,0.6,0.0,0.0,0.1799,-0.0468,0.0092,0.2589,20.73,17.07
1,2,9.122,0.6,0.0,0.0,0.1430,-0.0273,0.0077,0.2547,15.28,17.56
1,2,9.144,0.6,0.0,0.0,0.2238,-0.0100,0.0060,0.2531,13.63,16.39
1,2,9.163,0.6,0.0,0.0,0.1827,0.0159,0.0051,0.2520,12.63,15.13
1,2,9.184,0.6,0.0,0.0,0.1266,0.0262,0.0057,0.2519,12.43,14.97
1,2,9.201,0.6,0.0,0.0,0.4110,0.0375,0.0083,0.2527,12.73,13.07
1,2,9.224,0.6,0.0,0.0,0.2687,0.0459,0.0121,0.2555,14.98,12.32
1,2,9.244,0.6,0.0,0.0,0.2335,0.0473,0.0152,0.2583,15.70,12.57
1,2,9.264,0.6,0.0,0.0,0.3081,0.0442,0.0186,0.2617,15.09,12.18
1,2,9.282,0.6,0.0,0.0,0.2856,0.0001,0.0252,0.2690,22.79,10.91
1,2,9.305,0.6,0.0,0.0,0.3440,-0.0304,0.0285,0.2747,10.66,8.89
1,2,9.325,0.6,0.0,0.0,0.2711,-0.0086,0.0252,0.2760,11.63,12.91
1,2,9.346,0.6,0.0,0.0,0.3792,0.0320,0.0065,0.2759,34.62,14.38
1,2,9.366,0.6,0.0,0.0,0.2595,0.0323,0.0028,0.2710,42.48,14.54
1,2,9.382,0.6,0.0,0.0,0.3757,0.0151,0.0057,0.2684,36.81,16.24
1,2,9.402,0.6,0.0,0.0,0.3821,0.0273,0.0044,0.2630,27.15,17.34
1,2,9.423,0.6,0.0,0.0,0.2704,0.0369,0.0016,0.2590,23.74,17.09
1,2,9.445,0.6,0.0,0.0,0.3682,0.0274,0.0081,0.2555,10.21,14.39
1,2,9.462,0.6,0.0,0.0,0.2913,0.0144,0.0078,0.2544,9.54,13.87
1,2,9.486,0.6,0.0,0.0,0.3959,0.0051,0.0071,0.2542,11.34,14.02
1,2,9.501,0.6,0.0,0.0,0.4161,-0.0049,0.0072,0.2547,11.56,14.06
1,2,9.527,0.6,0.0,0.0,0.2882,-0.0203,0.0108,0.2574,17.90,13.28
1,2,9.542,0.6,0.0,0.0,0.4385,-0.0222,0.0126,0.2592,21.22,13.23
1,2,9.562,0.6,0.0,0.0,0.3388,-0.0187,0.0132,0.2633,26.78,12.35
1,2,9.581,0.6,0.0,0.0,0.4613,-0.0052,0.0124,0.2678,38.71,10.60
1,2,9.602,0.6,0.0,0.0,0.3421,0.0543,0.0099,0.2756,29.34,8.54
1,2,9.622,0.6,0.0,0.0,0.3696,0.0606,0.0080,0.2782,15.79,5.94
1,2,9.645,0.6,0.0,0.0,0.4862,-0.0101,0.0091,0.2769,68.61,14.07
1,2,9.663,0.6,0.0,0.0,0.3367,-0.0275,0.0100,0.2752,61.58,14.38
1,2,9.681,0.6,0.0,0.0,0.4822,-0.0353,0.0120,0.2656,33.66,15.75
1,2,9.701,0.6,0.0,0.0,0.3150,-0.0531,0.0106,0.2615,28.43,16.10
1,2,9.725,0.6,0.0,0.0,0.2204,-0.0449,0.0092,0.2581,18.85,15.58
1,2,9.744,0.6,0.0,0.0,0.3976,-0.0383,0.0077,0.2562,16.38,14.33
1,2,9.766,0.6,0.0,0.0,0.3724,-0.0087,0.0053,0.2542,17.42,12.96
1,2,9.786,0.6,0.0,0.0,0.4637,0.0079,0.0045,0.2545,17.30,11.97
1,2,9.802,0.6,0.0,0.0,0.3927,0.0187,0.0043,0.2553,18.50,11.52
1,2,9.823,0.6,0.0,0.0,0.4933,0.0348,0.0042,0.2574,26.34,11.82
1,2,9.845,0.6,0.0,0.0,0.3371,0.0326,0.0040,0.2614,25.27,12.25
1,2,9.862,0.6,0.0,0.0,0.5338,0.0219,0.0045,0.2665,30.99,10.82
1,2,9.881,0.6,0.0,0.0,0.4279,0.0030,0.0063,0.2733,38.92,8.74
1,2,9.901,0.6,0.0,0.0,0.5492,-0.0436,0.0087,0.2794,21.82,6.61
1,2,9.925,0.6,0.0,0.0,0.3730,-0.0466,0.0122,0.2806,26.50,10.79
1,2,9.945,0.6,0.0,0.0,0.3554,0.0212,0.0155,0.2795,47.45,14.33
1,2,9.965,0.6,0.0,0.0,0.2658,0.0424,0.0174,0.2764,237.69,16.92
1,2,9.982,0.6,0.0,0.0,0.4884,0.0232,0.0182,0.2680,118.57,15.28
1,2,10.001,0.6,0.0,0.0,0.3684,0.0312,0.0155,0.2638,64.07,13.50
1,2,10.022,0.6,0.0,0.0,0.3056,0.0282,0.0132,0.2585,43.56,13.06
1,2,10.045,0.6,0.0,0.0,0.5047,0.0152,0.0112,0.2565,17.53,12.39
1,2,10.065,0.6,0.0,0.0,0.2792,0.0036,0.0097,0.2547,18.17,12.20
1,2,10.083,0.6,0.0,0.0,0.4071,-0.0072,0.0087,0.2542,14.41,11.72
1,2,10.102,0.6,0.0,0.0,0.3755,-0.0147,0.0080,0.2548,12.52,11.62
1,2,10.126,0.6,0.0,0.0,0.3191,-0.0285,0.0091,0.2563,22.66,11.80
1,2,10.145,0.6,0.0,0.0,0.3497,-0.0285,0.0091,0.2563,22.66,11.80
1,2,10.165,0.6,0.0,0.0,0.3359,-0.0252,0.0129,0.2643,23.47,10.95
1,2,10.182,0.6,0.0,0.0,0.5669,-0.0210,0.0131,0.2660,29.58,10.48
1,2,10.208,0.6,0.0,0.0,0.3833,0.0459,0.0110,0.2768,59.23,6.81
1,2,10.228,0.6,0.0,0.0,0.3836,0.0861,0.0089,0.2809,21.20,8.87
1,2,10.244,0.6,0.0,0.0,0.5732,0.0165,0.0100,0.2800,31.88,11.19
1,2,10.264,0.6,0.0,0.0,0.3459,-0.0632,0.0155,0.2740,173.14,16.03
1,2,10.282,0.6,0.0,0.0,0.2889,-0.0511,0.0179,0.2662,102.33,14.32
1,2,10.302,0.6,0.0,0.0,0.5296,-0.0610,0.0170,0.2637,40.60,14.49
1,2,10.326,0.6,0.0,0.0,0.4194,-0.0557,0.0128,0.2567,20.45,14.58
1,2,10.345,0.6,0.0,0.0,0.3743,-0.0357,0.0102,0.2550,19.73,13.65
1,2,10.364,0.6,0.0,0.0,0.4651,-0.0199,0.0091,0.2540,19.61,13.20
1,2,10.383,0.6,0.0,0.0,0.3760,0.0117,0.0075,0.2543,19.63,10.98
1,2,10.402,0.6,0.0,0.0,0.5390,0.0146,0.0074,0.2555,21.28,11.94
1,2,10.425,0.6,0.0,0.0,0.3794,0.0240,0.0073,0.2578,24.77,11.94
1,2,10.451,0.6,0.0,0.0,0.3802,0.0214,0.0075,0.2653,24.28,11.52
1,2,10.466,0.6,0.0,0.0,0.5675,0.0131,0.0079,0.2682,43.53,10.96
1,2,10.485,0.6,0.0,0.0,0.3547,0.0067,0.0101,0.2730,43.06,8.46
1,2,10.505,0.6,0.0,0.0,0.4053,-0.0284,0.0126,0.2785,20.04,6.00
1,2,10.523,0.6,0.0,0.0,0.5764,-0.0617,0.0132,0.2810,22.05,10.69
1,2,10.545,0.6,0.0,0.0,0.5356,-0.0313,0.0126,0.2790,100.91,13.09
1,2,10.565,0.6,0.0,0.0,0.2769,0.0129,0.0121,0.2737,65.15,13.27
1,2,10.582,0.6,0.0,0.0,0.3713,0.0610,0.0111,0.2706,92.52,15.01
1,2,10.602,0.6,0.0,0.0,0.4371,0.0694,0.0108,0.2642,35.67,13.90
1,2,10.630,0.6,0.0,0.0,0.2488,0.0612,0.0106,0.2623,51.33,13.77
1,2,10.644,0.6,0.0,0.0,0.4883,0.0372,0.0079,0.2575,32.58,12.71
1,2,10.663,0.6,0.0,0.0,0.3298,0.0207,0.0046,0.2537,28.36,12.68
1,2,10.684,0.6,0.0,0.0,0.4136,0.0087,0.0041,0.2539,12.79,12.55
1,2,10.702,0.6,0.0,0.0,0.3673,-0.0061,0.0064,0.2542,14.29,12.29
1,2,10.724,0.6,0.0,0.0,0.3312,-0.0203,0.0100,0.2566,18.94,12.28
1,2,10.745,0.6,0.0,0.0,0.4886,-0.0329,0.0130,0.2593,27.82,12.79
1,2,10.764,0.6,0.0,0.0,0.3267,-0.0376,0.0143,0.2627,27.18,11.70
1,2,10.782,0.6,0.0,0.0,0.3893,-0.0173,0.0142,0.2689,44.36,9.81
1,2,10.803,0.6,0.0,0.0,0.5160,0.0277,0.0132,0.2751,29.21,7.99
1,2,10.826,0.6,0.0,0.0,0.4248,0.0345,0.0104,0.2798,17.72,8.59
1,2,10.847,0.6,0.0,0.0,0.4083,-0.0339,0.0114,0.2782,79.83,14.01
1,2,10.865,0.6,0.0,0.0,0.3991,-0.0636,0.0143,0.2722,75.32,14.19
1,2,10.882,0.6,0.0,0.0,0.4846,-0.0386,0.0154,0.2679,35.37,15.11
1,2,10.902,0.6,0.0,0.0,0.4607,-0.0596,0.0135,0.2621,26.83,15.83
1,2,10.923,0.6,0.0,0.0,0.3402,-0.0494,0.0114,0.2587,18.84,15.20
1,2,10.945,0.6,0.0,0.0,0.4600,-0.0326,0.0086,0.2558,17.83,13.87
1,2,10.962,0.6,0.0,0.0,0.3608,-0.0038,0.0068,0.2542,16.45,12.49
1,2,10.981,0.6,0.0,0.0,0.5042,0.0106,0.0063,0.2543,16.76,11.62
1,2,11.002,0.6,0.0,0.0,0.4895,0.0208,0.0060,0.2557,20.29,11.84
1,2,11.022,0.6,0.0,0.0,0.5152,0.0292,0.0059,0.2586,25.43,12.04
1,2,11.045,0.6,0.0,0.0,0.3102,0.0263,0.0061,0.2634,29.01,11.87
1,2,11.065,0.6,0.0,0.0,0.5136,0.0155,0.0070,0.2677,31.30,10.86
1,2,11.082,0.6,0.0,0.0,0.2659,0.0153,0.0088,0.2726,35.56,10.38
1,2,11.102,0.6,0.0,0.0,0.6118,-0.0342,0.0123,0.2785,28.10,6.07
1,2,11.124,0.6,0.0,0.0,0.4805,-0.0631,0.0129,0.2805,25.67,10.59
1,2,11.148,0.6,0.0,0.0,0.2439,-0.0573,0.0114,0.2791,48.38,13.25
1,2,11.164,0.6,0.0,0.0,0.5174,0.0110,0.0116,0.2741,97.83,15.11
1,2,11.182,0.6,0.0,0.0,0.3762,0.0332,0.0117,0.2682,67.89,15.00
1,2,11.201,0.6,0.0,0.0,0.3706,0.0732,0.0123,0.2628,25.76,14.03
1,2,11.225,0.6,0.0,0.0,0.4130,0.0489,0.0115,0.2582,34.08,13.18
1,2,11.250,0.6,0.0,0.0,0.3197,0.0241,0.0062,0.2536,19.75,12.57
1,2,11.268,0.6,0.0,0.0,0.3490,0.0193,0.0055,0.2532,16.97,12.49
1,2,11.284,0.6,0.0,0.0,0.3529,0.0030,0.0046,0.2530,14.26,12.37
1,2,11.302,0.6,0.0,0.0,0.3640,-0.0034,0.0057,0.2537,15.81,12.20
1,2,11.330,0.6,0.0,0.0,0.3084,-0.0188,0.0094,0.2557,23.90,12.76
1,2,11.351,0.6,0.0,0.0,0.3409,-0.0296,0.0130,0.2587,25.56,12.04
1,2,11.366,0.6,0.0,0.0,0.4830,-0.0406,0.0156,0.2626,49.35,11.91
1,2,11.385,0.6,0.0,0.0,0.2808,-0.0345,0.0154,0.2666,30.57,9.64
1,2,11.405,0.6,0.0,0.0,0.3036,0.0244,0.0145,0.2735,49.98,7.84
1,2,11.425,0.6,0.0,0.0,0.4349,0.0666,0.0131,0.2795,26.49,7.70
1,2,11.445,0.6,0.0,0.0,0.3797,0.0300,0.0116,0.2794,34.77,11.89
1,2,11.466,0.6,0.0,0.0,0.3348,-0.0396,0.0130,0.2748,87.30,15.45
1,2,11.482,0.6,0.0,0.0,0.4158,-0.0356,0.0149,0.2691,67.15,15.45
1,2,11.502,0.6,0.0,0.0,0.4645,-0.0531,0.0150,0.2663,57.48,15.70
1,2,11.526,0.6,0.0,0.0,0.2754,-0.0565,0.0142,0.2609,33.04,15.71
1,2,11.544,0.6,0.0,0.0,0.4208,-0.0407,0.0120,0.2573,16.42,14.45
1,2,11.562,0.6,0.0,0.0,0.5109,-0.0211,0.0096,0.2549,20.61,13.28
1,2,11.581,0.6,0.0,0.0,0.5032,0.0108,0.0072,0.2555,19.29,11.79
1,2,11.602,0.6,0.0,0.0,0.3783,0.0230,0.0065,0.2567,19.41,11.77
1,2,11.625,0.6,0.0,0.0,0.5084,0.0317,0.0063,0.2587,24.51,11.97
1,2,11.646,0.6,0.0,0.0,0.3947,0.0293,0.0062,0.2637,22.03,11.53
1,2,11.664,0.6,0.0,0.0,0.5079,0.0180,0.0069,0.2685,39.92,10.49
1,2,11.682,0.6,0.0,0.0,0.4298,0.0024,0.0085,0.2741,25.13,8.59
1,2,11.702,0.6,0.0,0.0,0.6037,-0.0378,0.0107,0.2789,17.49,6.73
1,2,11.726,0.6,0.0,0.0,0.5439,-0.0444,0.0119,0.2804,21.57,10.68
1,2,11.744,0.6,0.0,0.0,0.3441,0.0279,0.0129,0.2790,35.13,12.94
1,2,11.767,0.6,0.0,0.0,0.5193,0.0652,0.0150,0.2716,83.51,14.07
1,2,11.782,0.6,0.0,0.0,0.4867,0.0434,0.0148,0.2682,37.28,14.37
1,2,11.805,0.6,0.0,0.0,0.3129,0.0505,0.0131,0.2618,51.98,13.17
1,2,11.825,0.6,0.0,0.0,0.4593,0.0330,0.0115,0.2588,19.93,13.02
1,2,11.844,0.6,0.0,0.0,0.4878,0.0180,0.0100,0.2568,22.24,12.27
1,2,11.873,0.6,0.0,0.0,0.1908,-0.0045,0.0089,0.2540,13.65,11.64
1,2,11.882,0.6,0.0,0.0,0.4617,-0.0090,0.0084,0.2540,15.24,11.35
1,2,11.902,0.6,0.0,0.0,0.4995,-0.0167,0.0081,0.2543,21.66,12.53
1,2,11.926,0.6,0.0,0.0,0.3075,-0.0257,0.0088,0.2568,19.33,12.63
1,2,11.944,0.6,0.0,0.0,0.2607,-0.0291,0.0094,0.2585,20.46,12.40
1,2,11.966,0.6,0.0,0.0,0.3818,-0.0319,0.0102,0.2640,27.46,11.25
1,2,11.982,0.6,0.0,0.0,0.5025,-0.0167,0.0094,0.2676,29.24,10.02
1,2,12.007,0.6,0.0,0.0,0.3928,0.0326,0.0065,0.2761,31.88,7.07
1,2,12.029,0.6,0.0,0.0,0.4272,0.0866,0.0075,0.2804,20.38,5.20
1,2,12.046,0.6,0.0,0.0,0.5228,0.0484,0.0102,0.2796,34.64,12.68
1,2,12.071,0.6,0.0,0.0,0.2993,-0.0341,0.0166,0.2687,266.25,16.17
1,2,12.084,0.6,0.0,0.0,0.6579,-0.0065,0.0164,0.2666,74.61,15.81
1,2,12.102,0.6,0.0,0.0,0.3661,-0.0490,0.0137,0.2672,111.44,14.71
1,2,12.124,0.6,0.0,0.0,0.3202,-0.0499,0.0112,0.2596,78.99,14.82
1,2,12.147,0.6,0.0,0.0,0.2897,-0.0226,0.0093,0.2593,33.95,14.43
1,2,12.166,0.6,0.0,0.0,0.3866,-0.0266,0.0076,0.2555,35.77,13.49
1,2,12.192,0.6,0.0,0.0,0.4855,0.0195,0.0063,0.2564,25.97,10.71
1,2,12.205,0.6,0.0,0.0,0.2427,0.0186,0.0063,0.2564,17.56,10.67
1,2,12.223,0.6,0.0,0.0,0.3828,0.0388,0.0059,0.2568,27.71,12.26
1,2,12.246,0.6,0.0,0.0,0.2391,0.0449,0.0056,0.2593,30.73,12.50
1,2,12.264,0.6,0.0,0.0,0.4751,0.0294,0.0053,0.2650,29.96,11.17
1,2,12.282,0.6,0.0,0.0,0.3773,0.0225,0.0052,0.2682,62.08,9.23
1,2,12.303,0.6,0.0,0.0,0.4157,0.0036,0.0053,0.2732,40.51,9.02
1,2,12.327,0.6,0.0,0.0,0.4263,-0.0664,0.0075,0.2799,18.69,8.30
1,2,12.345,0.6,0.0,0.0,0.5288,-0.0202,0.0099,0.2793,38.63,12.67
1,2,12.365,0.6,0.0,0.0,0.3650,0.0406,0.0142,0.2742,90.18,15.27
1,2,12.384,0.6,0.0,0.0,0.3663,0.0544,0.0141,0.2690,37.09,14.90
1,2,12.402,0.6,0.0,0.0,0.4875,0.0568,0.0119,0.2649,35.50,14.35
1,2,12.422,0.6,0.0,0.0,0.3333,0.0571,0.0106,0.2615,27.97,14.30
1,2,12.444,0.6,0.0,0.0,0.4111,0.0339,0.0081,0.2565,15.95,12.70
1,2,12.462,0.6,0.0,0.0,0.3674,0.0130,0.0062,0.2537,15.92,12.30
1,2,12.481,0.6,0.0,0.0,0.3460,0.0044,0.0056,0.2536,12.86,12.02
1,2,12.502,0.6,0.0,0.0,0.4670,-0.0039,0.0052,0.2548,16.13,12.22
1,2,12.525,0.6,0.0,0.0,0.4535,-0.0256,0.0083,0.2574,18.93,12.27
1,2,12.545,0.6,0.0,0.0,0.3025,-0.0338,0.0102,0.2588,22.70,11.84
1,2,12.567,0.6,0.0,0.0,0.4988,-0.0460,0.0130,0.2631,37.64,11.42
1,2,12.584,0.6,0.0,0.0,0.4871,-0.0161,0.0114,0.2691,45.05,9.66
1,2,12.607,0.6,0.0,0.0,0.1312,0.0075,0.0093,0.2729,47.04,5.89
1,2,12.630,0.6,0.0,0.0,0.4339,0.0805,0.0053,0.2794,17.44,5.04
1,2,12.647,0.6,0.0,0.0,0.4837,0.0759,0.0060,0.2786,30.12,10.76
1,2,12.667,0.6,0.0,0.0,0.3624,-0.0002,0.0093,0.2755,119.42,15.69
1,2,12.682,0.6,0.0,0.0,0.3847,-0.0374,0.0120,0.2682,69.29,15.35
1,2,12.702,0.6,0.0,0.0,0.3765,-0.0472,0.0117,0.2625,35.62,15.35
1,2,12.726,0.6,0.0,0.0,0.3135,-0.0677,0.0099,0.2580,30.75,15.19
1,2,12.744,0.6,0.0,0.0,0.3339,-0.0528,0.0087,0.2562,20.52,14.69
1,2,12.765,0.6,0.0,0.0,0.3751,-0.0364,0.0073,0.2553,17.92,13.73
1,2,12.785,0.6,0.0,0.0,0.4802,0.0034,0.0057,0.2537,18.62,12.46
1,2,12.805,0.6,0.0,0.0,0.3488,0.0205,0.0051,0.2552,22.50,11.93
1,2,12.823,0.6,0.0,0.0,0.4963,0.0235,0.0046,0.2572,17.10,12.28
1,2,12.847,0.6,0.0,0.0,0.3347,0.0356,0.0042,0.2594,31.64,11.82
1,2,12.865,0.6,0.0,0.0,0.4634,0.0303,0.0042,0.2637,28.47,11.41
1,2,12.883,0.6,0.0,0.0,0.5130,0.0148,0.0048,0.2694,37.40,9.40
1,2,12.902,0.6,0.0,0.0,0.4323,-0.0111,0.0052,0.2752,19.15,7.40
1,2,12.924,0.6,0.0,0.0,0.1680,-0.0514,0.0056,0.2793,17.32,4.13
1,2,12.944,0.6,0.0,0.0,0.5612,-0.0470,0.0073,0.2785,45.06,11.49
1,2,12.963,0.6,0.0,0.0,0.3670,0.0177,0.0098,0.2748,85.05,15.29
1,2,12.983,0.6,0.0,0.0,0.4648,0.0575,0.0110,0.2676,41.93,15.50
1,2,13.002,0.6,0.0,0.0,0.3788,0.0650,0.0091,0.2620,25.02,14.61
1,2,13.023,0.6,0.0,0.0,0.3299,0.0522,0.0078,0.2578,21.27,13.76
1,2,13.045,0.6,0.0,0.0,0.0000,0.0452,0.0075,0.2568,19.52,13.40
1,2,13.065,0.6,0.0,0.0,0.4424,0.0237,0.0065,0.2545,15.60,12.92
1,2,13.082,0.6,0.0,0.0,0.4657,0.0082,0.0063,0.2533,14.35,12.39
1,2,13.102,0.6,0.0,0.0,0.1231,-0.0000,0.0064,0.2534,14.34,12.16
1,2,13.122,0.6,0.0,0.0,0.5788,-0.0153,0.0076,0.2549,19.35,12.34
1,2,13.146,0.6,0.0,0.0,0.5037,-0.0380,0.0114,0.2593,19.55,12.18
1,2,13.166,0.6,0.0,0.0,0.2509,-0.0391,0.0132,0.2625,31.54,12.27
1,2,13.182,0.6,0.0,0.0,0.6854,-0.0298,0.0129,0.2666,40.30,10.47
1,2,13.201,0.6,0.0,0.0,0.4025,0.0102,0.0112,0.2725,46.86,6.35
1,2,13.223,0.6,0.0,0.0,0.2643,0.0872,0.0094,0.2784,38.83,6.38
1,2,13.244,0.6,0.0,0.0,0.4551,0.0397,0.0105,0.2772,68.90,12.41
1,2,13.263,0.6,0.0,0.0,0.3823,-0.0321,0.0124,0.2722,62.73,14.97
1,2,13.284,0.6,0.0,0.0,0.4266,-0.0533,0.0130,0.2670,38.56,15.84
1,2,13.306,0.6,0.0,0.0,0.2443,-0.0723,0.0123,0.2626,16.63,15.55
1,2,13.331,0.6,0.0,0.0,0.4543,-0.0715,0.0109,0.2588,14.87,15.23
1,2,13.347,0.6,0.0,0.0,0.3805,-0.0509,0.0088,0.2552,18.40,14.79
1,2,13.363,0.6,0.0,0.0,0.4551,-0.0345,0.0077,0.2537,19.43,14.10
1,2,13.382,0.6,0.0,0.0,0.5033,-0.0030,0.0058,0.2528,17.74,11.95
1,2,13.404,0.6,0.0,0.0,0.1265,0.0131,0.0056,0.2537,20.94,11.47
1,2,13.423,0.6,0.0,0.0,0.5399,0.0258,0.0058,0.2549,26.81,12.46
1,2,13.445,0.6,0.0,0.0,0.4664,0.0341,0.0056,0.2601,25.10,11.62
1,2,13.465,0.6,0.0,0.0,0.1808,0.0311,0.0055,0.2630,30.77,11.30
1,2,13.483,0.6,0.0,0.0,0.4245,0.0198,0.0058,0.2675,56.96,9.14
1,2,13.506,0.6,0.0,0.0,0.4320,-0.0512,0.0081,0.2781,16.10,7.17
1,2,13.522,0.6,0.0,0.0,0.3974,-0.0640,0.0094,0.2795,15.84,6.22
1,2,13.550,0.6,0.0,0.0,0.3986,0.0048,0.0132,0.2760,96.04,13.67
1,2,13.565,0.6,0.0,0.0,0.6172,0.0372,0.0141,0.2730,64.89,13.83
1,2,13.585,0.6,0.0,0.0,0.3175,0.0686,0.0139,0.2699,81.42,14.97
1,2,13.602,0.6,0.0,0.0,0.3974,0.0808,0.0129,0.2638,49.90,14.28
1,2,13.623,0.6,0.0,0.0,0.4931,0.0581,0.0118,0.2600,17.38,13.28
1,2,13.645,0.6,0.0,0.0,0.2413,0.0437,0.0104,0.2566,19.71,12.70
1,2,13.666,0.6,0.0,0.0,0.3225,0.0311,0.0093,0.2548,20.50,12.61
1,2,13.683,0.6,0.0,0.0,0.4103,0.0049,0.0080,0.2537,14.21,12.43
1,2,13.702,0.6,0.0,0.0,0.4574,-0.0090,0.0081,0.2534,15.67,12.14
1,2,13.723,0.6,0.0,0.0,0.3040,-0.0295,0.0101,0.2559,32.31,12.86
1,2,13.747,0.6,0.0,0.0,0.3845,-0.0320,0.0120,0.2585,22.01,12.68
1,2,13.768,0.6,0.0,0.0,0.2957,-0.0376,0.0126,0.2613,33.31,11.66
1,2,13.785,0.6,0.0,0.0,0.4064,-0.0325,0.0122,0.2661,41.02,10.87
1,2,13.802,0.6,0.0,0.0,0.4471,-0.0085,0.0110,0.2707,56.03,7.36
1,2,13.822,0.6,0.0,0.0,0.3851,0.0486,0.0092,0.2778,21.09,5.27
1,2,13.847,0.6,0.0,0.0,0.4029,0.0311,0.0097,0.2770,43.40,12.19
1,2,13.866,0.6,0.0,0.0,0.4234,-0.0197,0.0107,0.2742,76.86,15.01
1,2,13.884,0.6,0.0,0.0,0.3136,-0.0573,0.0114,0.2689,49.65,16.52
1,2,13.902,0.6,0.0,0.0,0.4333,-0.0726,0.0111,0.2641,26.80,16.49
1,2,13.926,0.6,0.0,0.0,0.3294,-0.0703,0.0094,0.2588,11.95,15.82
1,2,13.946,0.6,0.0,0.0,0.3239,-0.0618,0.0084,0.2568,15.16,15.48
1,2,13.966,0.6,0.0,0.0,0.3115,-0.0310,0.0065,0.2544,16.62,13.97
1,2,13.984,0.6,0.0,0.0,0.4100,-0.0075,0.0055,0.2542,16.94,12.50
1,2,14.002,0.6,0.0,0.0,0.3980,0.0123,0.0049,0.2547,21.03,12.21
1,2,14.022,0.6,0.0,0.0,0.5367,0.0226,0.0042,0.2569,21.47,12.25
1,2,14.046,0.6,0.0,0.0,0.3560,0.0314,0.0035,0.2605,29.56,11.80
1,2,14.067,0.6,0.0,0.0,0.3077,0.0324,0.0033,0.2643,30.66,11.01
1,2,14.085,0.6,0.0,0.0,0.4916,0.0208,0.0035,0.2694,41.24,9.04
1,2,14.102,0.6,0.0,0.0,0.5660,-0.0075,0.0044,0.2754,17.29,6.95
1,2,14.122,0.6,0.0,0.0,0.4241,-0.0610,0.0063,0.2799,15.63,5.61
1,2,14.146,0.6,0.0,0.0,0.4417,0.0084,0.0097,0.2761,60.06,13.68
1,2,14.164,0.6,0.0,0.0,0.5340,0.0453,0.0109,0.2732,68.26,15.44
1,2,14.187,0.6,0.0,0.0,0.2072,0.0730,0.0113,0.2685,41.57,15.11
1,2,14.206,0.6,0.0,0.0,0.6390,0.0643,0.0107,0.2625,20.93,14.09
1,2,14.223,0.6,0.0,0.0,0.4745,0.0510,0.0098,0.2588,15.63,13.04
1,2,14.251,0.6,0.0,0.0,0.2254,0.0316,0.0084,0.2560,14.46,12.61
1,2,14.264,0.6,0.0,0.0,0.0000,0.0170,0.0076,0.2549,15.34,12.38
1,2,14.285,0.6,0.0,0.0,0.4569,-0.0038,0.0067,0.2541,14.58,11.96
1,2,14.303,0.6,0.0,0.0,0.4782,-0.0065,0.0068,0.2544,16.13,11.80
1,2,14.324,0.6,0.0,0.0,0.2376,-0.0124,0.0072,0.2546,22.72,12.72
1,2,14.344,0.6,0.0,0.0,0.3508,-0.0322,0.0094,0.2588,21.35,11.90
1,2,14.364,0.6,0.0,0.0,0.4980,-0.0332,0.0113,0.2616,31.88,12.31
1,2,14.386,0.6,0.0,0.0,0.3880,-0.0251,0.0111,0.2661,45.54,10.02
1,2,14.402,0.6,0.0,0.0,0.3574,0.0257,0.0074,0.2735,34.07,6.41
1,2,14.425,0.6,0.0,0.0,0.4397,0.0882,0.0050,0.2784,27.85,4.73
1,2,14.448,0.6,0.0,0.0,0.3622,0.0430,0.0073,0.2761,71.85,12.54
1,2,14.467,0.6,0.0,0.0,0.3992,0.0050,0.0086,0.2734,44.43,14.62
1,2,14.482,0.6,0.0,0.0,0.3504,-0.0368,0.0090,0.2693,67.46,16.09
1,2,14.504,0.6,0.0,0.0,0.1403,-0.0534,0.0089,0.2674,44.12,16.14
1,2,14.525,0.6,0.0,0.0,0.4414,-0.0774,0.0057,0.2598,20.54,16.22
1,2,14.548,0.6,0.0,0.0,0.3778,-0.0816,0.0033,0.2562,17.83,14.28
1,2,14.564,0.6,0.0,0.0,0.4548,-0.0343,0.0028,0.2541,16.02,13.06
1,2,14.584,0.6,0.0,0.0,0.3607,-0.0105,0.0034,0.2540,17.26,12.82
1,2,14.602,0.6,0.0,0.0,0.5022,0.0277,0.0049,0.2547,19.65,12.00
1,2,14.622,0.6,0.0,0.0,0.3702,0.0359,0.0054,0.2560,21.16,12.51
1,2,14.645,0.6,0.0,0.0,0.5074,0.0422,0.0064,0.2601,21.46,11.91
1,2,14.665,0.6,0.0,0.0,0.3933,0.0432,0.0074,0.2645,32.35,11.24
1,2,14.684,0.6,0.0,0.0,0.2494,0.0345,0.0079,0.2676,26.46,10.94
1,2,14.702,0.6,0.0,0.0,0.6410,-0.0021,0.0082,0.2755,19.99,7.57
1,2,14.724,0.6,0.0,0.0,0.3743,-0.0401,0.0075,0.2797,16.19,3.68
1,2,14.745,0.6,0.0,0.0,0.3875,-0.0214,0.0066,0.2791,26.07,9.06
1,2,14.765,0.6,0.0,0.0,0.3253,0.0267,0.0077,0.2765,56.38,13.15
1,2,14.783,0.6,0.0,0.0,0.3303,0.0533,0.0090,0.2735,70.55,15.30
1,2,14.804,0.6,0.0,0.0,0.3639,0.0614,0.0094,0.2659,35.00,14.82
1,2,14.822,0.6,0.0,0.0,0.3392,0.0501,0.0079,0.2615,16.29,13.81
1,2,14.846,0.6,0.0,0.0,0.4750,0.0442,0.0068,0.2591,19.18,13.78
1,2,14.865,0.6,0.0,0.0,0.3002,0.0280,0.0046,0.2555,15.91,12.87
1,2,14.882,0.6,0.0,0.0,0.2863,0.0135,0.0034,0.2542,14.25,12.69
1,2,14.902,0.6,0.0,0.0,0.3459,-0.0001,0.0032,0.2541,18.92,12.48
1,2,14.927,0.6,0.0,0.0,0.3229,-0.0064,0.0042,0.2562,17.24,12.51
1,2,14.950,0.6,0.0,0.0,0.3100,-0.0120,0.0058,0.2578,18.12,12.30
1,2,14.964,0.6,0.0,0.0,0.4340,-0.0307,0.0092,0.2616,28.35,11.34
1,2,14.982,0.6,0.0,0.0,0.5474,-0.0359,0.0108,0.2660,45.76,10.31
1,2,15.002,0.6,0.0,0.0,0.3981,0.0327,0.0103,0.2749,35.73,7.31
1,2,15.024,0.6,0.0,0.0,0.4685,0.0741,0.0089,0.2792,17.10,3.23
1,3,15.049,0.0,0.0,0.5,0.0000,-0.0120,0.0084,0.2783,36.18,13.17
1,3,15.064,0.0,0.0,0.5,0.4029,-0.0753,0.0116,0.2737,49.26,13.90
1,3,15.082,0.0,0.0,0.5,0.4819,-0.0388,0.0150,0.2699,23.29,13.64
1,3,15.101,0.0,0.0,0.5,0.3244,0.1331,0.0155,0.2667,16.06,11.71
1,3,15.123,0.0,0.0,0.5,0.4885,0.2603,0.0169,0.2642,14.21,11.19
1,3,15.144,0.0,0.0,0.5,0.2434,0.3231,0.0203,0.2627,14.88,11.27
1,3,15.168,0.0,0.0,0.5,0.1894,0.3421,0.0224,0.2626,11.75,11.15
1,3,15.182,0.0,0.0,0.5,0.3489,0.3493,0.0261,0.2629,11.01,10.93
1,3,15.202,0.0,0.0,0.5,0.2537,0.3574,0.0316,0.2645,13.10,10.26
1,3,15.222,0.0,0.0,0.5,0.2077,0.3544,0.0356,0.2669,19.33,9.24
1,3,15.246,0.0,0.0,0.5,0.2525,0.3363,0.0399,0.2707,18.49,8.04
1,3,15.266,0.0,0.0,0.5,0.2746,0.2962,0.0475,0.2746,10.85,8.51
1,3,15.283,0.0,0.0,0.5,0.1028,0.2916,0.0500,0.2750,22.04,10.23
1,3,15.303,0.0,0.0,0.5,0.1887,0.2844,0.0486,0.2762,18.32,13.05
1,3,15.330,0.0,0.0,0.5,0.1042,0.2617,0.0405,0.2768,16.18,12.78
1,3,15.349,0.0,0.0,0.5,0.0850,0.2602,0.0299,0.2730,30.66,12.43
1,3,15.366,0.0,0.0,0.5,0.1213,0.2600,0.0272,0.2717,20.31,11.98
1,3,15.384,0.0,0.0,0.5,0.0971,0.2722,0.0267,0.2670,18.83,13.42
1,3,15.403,0.0,0.0,0.5,0.0702,0.2380,0.0250,0.2641,11.44,13.19
1,3,15.424,0.0,0.0,0.5,0.0370,0.2241,0.0236,0.2631,11.71,12.62
1,3,15.451,0.0,0.0,0.5,0.0520,0.1872,0.0213,0.2616,8.24,12.56
1,3,15.466,0.0,0.0,0.5,0.0237,0.1696,0.0195,0.2619,7.60,12.17
1,3,15.485,0.0,0.0,0.5,0.0522,0.1597,0.0186,0.2621,9.22,11.94
1,3,15.502,0.0,0.0,0.5,0.0370,0.1514,0.0177,0.2635,8.68,11.69
1,3,15.526,0.0,0.0,0.5,0.0275,0.1507,0.0168,0.2655,16.99,10.91
1,3,15.546,0.0,0.0,0.5,0.0355,0.1559,0.0164,0.2677,9.88,10.58
1,3,15.561,0.0,0.0,0.5,0.0321,0.1886,0.0159,0.2725,10.25,9.41
1,3,15.582,0.0,0.0,0.5,0.0319,0.2606,0.0165,0.2767,12.48,6.49
1,3,15.606,0.0,0.0,0.5,0.0082,0.3665,0.0157,0.2797,9.29,6.60
1,3,15.626,0.0,0.0,0.5,-0.0111,0.3724,0.0144,0.2794,8.25,9.53
1,3,15.646,0.0,0.0,0.5,-0.0237,0.2776,0.0130,0.2769,23.89,12.61
1,3,15.665,0.0,0.0,0.5,-0.0467,0.1662,0.0115,0.2734,16.23,13.98
1,3,15.682,0.0,0.0,0.5,-0.0320,0.1219,0.0095,0.2689,7.49,13.02
1,3,15.702,0.0,0.0,0.5,-0.0339,0.1230,0.0084,0.2662,4.53,12.24
1,3,15.731,0.0,0.0,0.5,-0.0182,0.1402,0.0074,0.2640,2.83,12.14
1,3,15.750,0.0,0.0,0.5,-0.0312,0.1535,0.0063,0.2628,3.12,12.21
1,3,15.764,0.0,0.0,0.5,-0.0152,0.1594,0.0058,0.2626,3.09,12.06
1,3,15.782,0.0,0.0,0.5,-0.0296,0.1643,0.0051,0.2629,4.08,11.84
1,3,15.802,0.0,0.0,0.5,-0.0220,0.1654,0.0042,0.2641,3.85,11.74
1,3,15.826,0.0,0.0,0.5,-0.0179,0.1691,0.0032,0.2655,5.39,11.52
1,3,15.849,0.0,0.0,0.5,-0.0184,0.1649,0.0024,0.2674,5.22,10.97
1,3,15.867,0.0,0.0,0.5,-0.0215,0.1610,0.0022,0.2692,6.05,11.07
1,3,15.884,0.0,0.0,0.5,-0.0160,0.1451,0.0026,0.2729,12.75,7.93
1,3,15.906,0.0,0.0,0.5,-0.0277,0.1390,0.0031,0.2763,12.21,5.18
1,3,15.924,0.0,0.0,0.5,-0.0170,0.1377,0.0024,0.2770,6.83,6.93
1,3,15.946,0.0,0.0,0.5,-0.0170,0.1759,0.0047,0.2758,20.49,13.61
1,3,15.964,0.0,0.0,0.5,-0.0143,0.2007,0.0058,0.2720,17.54,14.88
1,3,15.982,0.0,0.0,0.5,-0.0139,0.1792,0.0050,0.2686,8.18,14.29
1,3,16.001,0.0,0.0,0.5,-0.0201,0.1596,0.0041,0.2655,4.44,12.94
1,3,16.022,0.0,0.0,0.5,-0.0210,0.1373,0.0044,0.2631,5.69,12.52
1,3,16.044,0.0,0.0,0.5,-0.0181,0.1174,0.0056,0.2615,6.92,11.74
1,3,16.070,0.0,0.0,0.5,-0.0132,0.0963,0.0051,0.2615,5.34,11.29
1,3,16.082,0.0,0.0,0.5,-0.0200,0.0946,0.0049,0.2616,5.16,11.23
1,3,16.102,0.0,0.0,0.5,-0.0092,0.0859,0.0047,0.2629,7.95,11.49
1,3,16.121,0.0,0.0,0.5,-0.0059,0.0918,0.0047,0.2650,6.74,11.64
1,3,16.144,0.0,0.0,0.5,0.0002,0.1237,0.0040,0.2692,5.88,10.73
1,3,16.164,0.0,0.0,0.5,0.0021,0.1730,0.0035,0.2725,7.57,9.84
1,3,16.187,0.0,0.0,0.5,0.0034,0.2381,0.0033,0.2760,10.32,7.36
1,3,16.203,0.0,0.0,0.5,0.0019,0.3340,0.0030,0.2792,9.26,5.32
1,3,16.228,0.0,0.0,0.5,-0.0029,0.3135,0.0008,0.2774,23.51,11.02
1,3,16.245,0.0,0.0,0.5,-0.0050,0.2465,0.0020,0.2757,24.29,12.95
1,3,16.264,0.0,0.0,0.5,-0.0053,0.1803,0.0027,0.2733,30.34,12.67
1,3,16.282,0.0,0.0,0.5,-0.0045,0.1330,0.0047,0.2680,13.21,12.97
1,3,16.301,0.0,0.0,0.5,-0.0064,0.1169,0.0060,0.2655,6.09,13.30
1,3,16.325,0.0,0.0,0.5,-0.0021,0.1207,0.0069,0.2633,4.05,13.47
1,3,16.344,0.0,0.0,0.5,0.0020,0.1419,0.0072,0.2620,3.48,13.12
1,3,16.365,0.0,0.0,0.5,0.0046,0.1522,0.0073,0.2616,3.53,13.04
1,3,16.384,0.0,0.0,0.5,0.0092,0.1648,0.0075,0.2617,3.72,12.35
1,3,16.402,0.0,0.0,0.5,0.0108,0.1780,0.0087,0.2626,4.22,11.36
1,3,16.421,0.0,0.0,0.5,0.0110,0.1900,0.0101,0.2641,5.76,11.29
1,3,16.445,0.0,0.0,0.5,0.0147,0.1902,0.0116,0.2672,6.54,11.16
1,3,16.465,0.0,0.0,0.5,0.0205,0.1772,0.0121,0.2701,7.35,10.21
1,3,16.485,0.0,0.0,0.5,0.0083,0.1643,0.0126,0.2722,3.48,10.28
1,3,16.502,0.0,0.0,0.5,0.0178,0.1297,0.0137,0.2758,10.33,5.64
1,3,16.523,0.0,0.0,0.5,0.0025,0.1447,0.0122,0.2762,4.78,11.54
1,3,16.551,0.0,0.0,0.5,-0.0081,0.1778,0.0101,0.2747,18.74,13.28
1,3,16.566,0.0,0.0,0.5,-0.0392,0.1990,0.0101,0.2711,14.05,13.40
1,3,16.582,0.0,0.0,0.5,-0.0188,0.1918,0.0114,0.2672,13.64,13.87
1,3,16.602,0.0,0.0,0.5,-0.0197,0.1642,0.0117,0.2640,10.56,13.09
1,3,16.623,0.0,0.0,0.5,-0.0191,0.1324,0.0104,0.2626,6.97,12.20
1,3,16.646,0.0,0.0,0.5,-0.0194,0.1143,0.0085,0.2614,7.28,11.78
1,3,16.668,0.0,0.0,0.5,-0.0098,0.0958,0.0066,0.2611,5.97,11.58
1,3,16.682,0.0,0.0,0.5,-0.0280,0.0810,0.0048,0.2614,5.48,11.37
1,3,16.702,0.0,0.0,0.5,-0.0132,0.0751,0.0046,0.2624,6.51,11.49
1,3,16.722,0.0,0.0,0.5,-0.0019,0.0814,0.0050,0.2642,6.49,11.43
1,3,16.744,0.0,0.0,0.5,0.0025,0.1122,0.0044,0.2685,4.63,10.40
1,3,16.767,0.0,0.0,0.5,0.0082,0.1848,0.0034,0.2728,16.46,10.11
1,3,16.786,0.0,0.0,0.5,0.0054,0.2245,0.0033,0.2757,12.44,10.17
1,3,16.802,0.0,0.0,0.5,0.0071,0.3382,0.0041,0.2786,5.51,7.56
1,3,16.825,0.0,0.0,0.5,-0.0017,0.3001,0.0053,0.2777,13.67,10.43
1,3,16.850,0.0,0.0,0.5,-0.0031,0.2428,0.0054,0.2763,13.17,11.01
1,3,16.863,0.0,0.0,0.5,-0.0116,0.1538,0.0062,0.2736,17.12,12.95
1,3,16.885,0.0,0.0,0.5,-0.0044,0.1030,0.0076,0.2697,6.87,13.17
1,3,16.902,0.0,0.0,0.5,-0.0021,0.0865,0.0092,0.2658,3.55,13.03
1,3,16.922,0.0,0.0,0.5,0.0003,0.0984,0.0098,0.2637,2.55,13.50
1,3,16.946,0.0,0.0,0.5,0.0058,0.1214,0.0100,0.2625,3.32,13.15
1,3,16.967,0.0,0.0,0.5,0.0071,0.1438,0.0100,0.2622,3.70,13.05
1,3,16.982,0.0,0.0,0.5,0.0095,0.1640,0.0103,0.2621,3.67,11.86
1,3,17.006,0.0,0.0,0.5,0.0166,0.1807,0.0118,0.2637,4.07,11.54
1,3,17.022,0.0,0.0,0.5,0.0127,0.1830,0.0129,0.2645,4.08,11.57
1,3,17.045,0.0,0.0,0.5,0.0191,0.1920,0.0146,0.2667,12.22,11.23
1,3,17.066,0.0,0.0,0.5,0.0117,0.1798,0.0149,0.2698,5.07,10.32
1,3,17.083,0.0,0.0,0.5,0.0142,0.1684,0.0154,0.2716,9.62,10.42
1,3,17.102,0.0,0.0,0.5,0.0227,0.1462,0.0163,0.2750,14.06,4.75
1,3,17.123,0.0,0.0,0.5,0.0042,0.1483,0.0142,0.2764,3.99,10.49
1,3,17.141,0.0,0.0,0.5,-0.0061,0.1706,0.0125,0.2753,20.80,13.50
1,3,17.165,0.0,0.0,0.5,-0.0178,0.2043,0.0130,0.2696,26.26,14.54
1,3,17.182,0.0,0.0,0.5,-0.0158,0.1929,0.0140,0.2669,8.81,14.05
1,3,17.204,0.0,0.0,0.5,-0.0166,0.1757,0.0145,0.2641,7.25,13.29
1,3,17.222,0.0,0.0,0.5,-0.0235,0.1305,0.0124,0.2621,8.02,12.28
1,3,17.242,0.0,0.0,0.5,-0.0172,0.1112,0.0100,0.2612,7.78,11.63
1,3,17.265,0.0,0.0,0.5,-0.0155,0.0917,0.0082,0.2611,6.18,11.47
1,3,17.283,0.0,0.0,0.5,-0.0165,0.0803,0.0073,0.2615,6.16,11.35
1,3,17.302,0.0,0.0,0.5,-0.0076,0.0793,0.0072,0.2628,4.74,11.16
1,3,17.322,0.0,0.0,0.5,-0.0026,0.0833,0.0069,0.2647,11.87,11.01
1,3,17.346,0.0,0.0,0.5,0.0018,0.1219,0.0061,0.2695,3.61,10.62
1,3,17.365,0.0,0.0,0.5,0.0067,0.1498,0.0057,0.2720,9.23,9.81
1,3,17.387,0.0,0.0,0.5,0.0072,0.2188,0.0051,0.2761,11.29,9.97
1,3,17.402,0.0,0.0,0.5,0.0032,0.3158,0.0048,0.2794,7.49,5.66
1,3,17.428,0.0,0.0,0.5,-0.0012,0.3158,0.0059,0.2787,11.64,10.03
1,3,17.441,0.0,0.0,0.5,-0.0050,0.2595,0.0069,0.2774,16.34,10.50
1,3,17.465,0.0,0.0,0.5,-0.0080,0.1431,0.0086,0.2724,15.19,12.94
1,3,17.484,0.0,0.0,0.5,-0.0057,0.0848,0.0100,0.2682,6.84,12.88
1,3,17.508,0.0,0.0,0.5,-0.0036,0.0746,0.0102,0.2647,3.10,13.53
1,3,17.526,0.0,0.0,0.5,0.0014,0.1026,0.0102,0.2631,2.82,13.08
1,3,17.546,0.0,0.0,0.5,0.0066,0.1282,0.0102,0.2624,3.07,12.73
1,3,17.565,0.0,0.0,0.5,0.0082,0.1584,0.0106,0.2620,3.28,12.18
1,3,17.582,0.0,0.0,0.5,0.0066,0.1641,0.0108,0.2622,3.17,12.18
1,3,17.603,0.0,0.0,0.5,0.0144,0.1815,0.0123,0.2628,4.32,11.59
1,3,17.627,0.0,0.0,0.5,0.0152,0.1896,0.0130,0.2639,3.01,11.60
1,3,17.645,0.0,0.0,0.5,0.0135,0.1872,0.0143,0.2671,5.94,10.99
1,3,17.665,0.0,0.0,0.5,0.0268,0.1779,0.0148,0.2697,10.79,9.88
1,3,17.685,0.0,0.0,0.5,0.0108,0.1682,0.0154,0.2721,7.20,10.02
1,3,17.704,0.0,0.0,0.5,0.0137,0.1416,0.0167,0.2752,16.42,4.81
1,3,17.723,0.0,0.0,0.5,0.0029,0.1338,0.0157,0.2768,2.87,10.61
1,3,17.746,0.0,0.0,0.5,-0.0061,0.1634,0.0130,0.2756,19.50,13.21
1,3,17.765,0.0,0.0,0.5,-0.0225,0.1911,0.0125,0.2714,22.10,13.49
1,3,17.784,0.0,0.0,0.5,-0.0168,0.1970,0.0142,0.2677,13.01,14.42
1,3,17.802,0.0,0.0,0.5,-0.0210,0.2007,0.0154,0.2638,19.31,13.57
1,3,17.828,0.0,0.0,0.5,-0.0213,0.1450,0.0139,0.2617,7.86,12.49
1,3,17.846,0.0,0.0,0.5,-0.0266,0.1344,0.0122,0.2611,9.15,12.26
1,3,17.865,0.0,0.0,0.5,-0.0220,0.1116,0.0093,0.2604,6.69,11.43
1,3,17.884,0.0,0.0,0.5,-0.0111,0.0933,0.0073,0.2609,5.74,11.19
1,3,17.902,0.0,0.0,0.5,-0.0205,0.0804,0.0064,0.2618,8.05,11.45
1,3,17.928,0.0,0.0,0.5,-0.0069,0.0790,0.0067,0.2640,7.87,11.36
1,3,17.944,0.0,0.0,0.5,-0.0034,0.0987,0.0071,0.2671,10.65,10.75
1,3,17.968,0.0,0.0,0.5,0.0031,0.1681,0.0064,0.2728,2.82,9.92
1,3,17.984,0.0,0.0,0.5,0.0014,0.2277,0.0057,0.2755,14.79,10.02
1,3,18.004,0.0,0.0,0.5,-0.0004,0.3241,0.0047,0.2788,11.29,5.06
1,3,18.023,0.0,0.0,0.5,-0.0070,0.3333,0.0048,0.2782,13.42,10.19
1,3,18.051,0.0,0.0,0.5,-0.0112,0.2403,0.0053,0.2762,25.98,12.87
1,3,18.065,0.0,0.0,0.5,-0.0142,0.1487,0.0068,0.2721,20.24,12.77
1,3,18.082,0.0,0.0,0.5,-0.0082,0.1025,0.0083,0.2693,13.22,13.20
1,3,18.105,0.0,0.0,0.5,-0.0098,0.0899,0.0088,0.2660,4.20,13.81
1,3,18.123,0.0,0.0,0.5,-0.0020,0.1048,0.0087,0.2637,4.69,13.45
1,3,18.147,0.0,0.0,0.5,0.0010,0.1349,0.0087,0.2620,3.48,13.02
1,3,18.167,0.0,0.0,0.5,0.0052,0.1558,0.0090,0.2618,3.48,12.36
1,3,18.192,0.0,0.0,0.5,0.0070,0.1704,0.0103,0.2628,4.63,11.99
1,3,18.202,0.0,0.0,0.5,0.0126,0.1731,0.0108,0.2630,3.97,12.00
1,3,18.224,0.0,0.0,0.5,0.0105,0.1863,0.0126,0.2634,5.79,11.76
1,3,18.249,0.0,0.0,0.5,0.0063,0.1894,0.0126,0.2676,10.77,11.38
1,3,18.265,0.0,0.0,0.5,0.0252,0.1748,0.0126,0.2694,5.62,10.37
1,3,18.282,0.0,0.0,0.5,0.0177,0.1490,0.0134,0.2735,7.81,7.94
1,3,18.302,0.0,0.0,0.5,0.0144,0.1409,0.0139,0.2746,9.81,8.01
1,3,18.328,0.0,0.0,0.5,0.0039,0.1400,0.0140,0.2756,6.30,11.18
1,3,18.351,0.0,0.0,0.5,-0.0077,0.1878,0.0139,0.2726,14.87,13.70
1,3,18.366,0.0,0.0,0.5,-0.0164,0.1915,0.0142,0.2713,9.83,14.14
1,3,18.385,0.0,0.0,0.5,-0.0142,0.1723,0.0139,0.2678,10.82,13.76
1,3,18.402,0.0,0.0,0.5,-0.0167,0.1521,0.0128,0.2654,11.09,12.92
1,3,18.422,0.0,0.0,0.5,-0.0120,0.1375,0.0120,0.2635,8.97,12.72
1,3,18.445,0.0,0.0,0.5,-0.0144,0.1089,0.0106,0.2618,7.30,11.96
1,3,18.467,0.0,0.0,0.5,-0.0203,0.0955,0.0091,0.2609,7.20,11.73
1,3,18.488,0.0,0.0,0.5,-0.0078,0.0934,0.0086,0.2610,6.82,11.45
1,3,18.502,0.0,0.0,0.5,-0.0167,0.0860,0.0068,0.2625,5.27,11.10
1,3,18.525,0.0,0.0,0.5,-0.0075,0.0929,0.0060,0.2641,8.96,11.43
1,3,18.548,0.0,0.0,0.5,-0.0018,0.1064,0.0061,0.2671,4.92,11.32
1,3,18.567,0.0,0.0,0.5,0.0033,0.1690,0.0061,0.2718,17.59,9.69
1,3,18.582,0.0,0.0,0.5,0.0042,0.2232,0.0057,0.2750,19.27,9.73
1,3,18.604,0.0,0.0,0.5,-0.0002,0.3404,0.0044,0.2785,9.87,6.04
1,3,18.624,0.0,0.0,0.5,-0.0094,0.3288,0.0038,0.2772,16.09,10.35
1,3,18.645,0.0,0.0,0.5,-0.0089,0.2372,0.0044,0.2749,23.08,13.38
1,3,18.666,0.0,0.0,0.5,-0.0070,0.1690,0.0056,0.2727,21.54,13.27
1,3,18.684,0.0,0.0,0.5,-0.0065,0.1131,0.0073,0.2688,9.28,14.08
1,3,18.705,0.0,0.0,0.5,-0.0043,0.0940,0.0079,0.2657,4.67,13.96
1,3,18.725,0.0,0.0,0.5,-0.0006,0.0967,0.0080,0.2634,2.74,13.68
1,3,18.749,0.0,0.0,0.5,0.0014,0.1178,0.0083,0.2618,2.80,13.22
1,3,18.767,0.0,0.0,0.5,0.0053,0.1317,0.0086,0.2615,3.37,12.91
1,3,18.782,0.0,0.0,0.5,0.0072,0.1531,0.0093,0.2616,3.85,12.47
1,3,18.803,0.0,0.0,0.5,0.0090,0.1589,0.0097,0.2617,4.13,12.44
1,3,18.822,0.0,0.0,0.5,0.0119,0.1796,0.0114,0.2642,4.71,11.68
1,3,18.848,0.0,0.0,0.5,0.0151,0.1847,0.0122,0.2673,3.63,11.30
1,3,18.865,0.0,0.0,0.5,0.0135,0.1788,0.0127,0.2690,5.81,10.20
1,3,18.885,0.0,0.0,0.5,0.0144,0.1521,0.0139,0.2728,10.22,8.21
1,3,18.902,0.0,0.0,0.5,0.0099,0.1363,0.0145,0.2746,5.13,8.47
1,3,18.923,0.0,0.0,0.5,-0.0003,0.1287,0.0142,0.2753,5.33,8.15
1,3,18.944,0.0,0.0,0.5,-0.0073,0.1686,0.0122,0.2735,22.66,13.20
1,3,18.963,0.0,0.0,0.5,-0.0186,0.1702,0.0124,0.2695,6.93,14.13
1,3,18.984,0.0,0.0,0.5,-0.0086,0.1626,0.0127,0.2673,6.04,13.86
1,3,19.002,0.0,0.0,0.5,-0.0160,0.1517,0.0130,0.2638,6.82,13.11
1,3,19.023,0.0,0.0,0.5,-0.0220,0.1339,0.0121,0.2619,7.58,12.14
1,3,19.046,0.0,0.0,0.5,-0.0087,0.1170,0.0102,0.2610,7.62,11.90
1,3,19.067,0.0,0.0,0.5,-0.0191,0.0973,0.0076,0.2607,6.40,11.17
1,3,19.082,0.0,0.0,0.5,-0.0134,0.0868,0.0064,0.2612,5.48,11.34
1,3,19.102,0.0,0.0,0.5,-0.0082,0.0807,0.0060,0.2623,8.63,11.50
1,3,19.122,0.0,0.0,0.5,-0.0031,0.0881,0.0062,0.2656,9.96,11.40
1,3,19.146,0.0,0.0,0.5,0.0009,0.1247,0.0058,0.2686,11.53,11.14
1,3,19.165,0.0,0.0,0.5,0.0074,0.1533,0.0051,0.2723,6.00,9.49
1,3,19.182,0.0,0.0,0.5,0.0041,0.2235,0.0050,0.2760,9.68,7.88
1,3,19.202,0.0,0.0,0.5,0.0033,0.3109,0.0051,0.2790,7.40,5.41
1,3,19.225,0.0,0.0,0.5,-0.0032,0.3287,0.0044,0.2781,15.89,10.53
1,3,19.251,0.0,0.0,0.5,-0.0057,0.2055,0.0041,0.2750,27.20,12.95
1,3,19.266,0.0,0.0,0.5,-0.0054,0.1477,0.0051,0.2723,19.09,12.90
1,3,19.284,0.0,0.0,0.5,-0.0055,0.0987,0.0069,0.2685,6.68,12.98
1,3,19.303,0.0,0.0,0.5,-0.0028,0.0840,0.0083,0.2659,4.80,13.37
1,3,19.323,0.0,0.0,0.5,-0.0003,0.0888,0.0088,0.2636,3.42,13.64
1,3,19.346,0.0,0.0,0.5,0.0037,0.1197,0.0091,0.2623,2.95,13.31
1,3,19.364,0.0,0.0,0.5,0.0079,0.1364,0.0093,0.2621,3.22,12.69
1,3,19.382,0.0,0.0,0.5,0.0116,0.1617,0.0103,0.2624,3.81,12.03
1,3,19.402,0.0,0.0,0.5,0.0089,0.1770,0.0117,0.2633,4.21,11.70
1,3,19.423,0.0,0.0,0.5,0.0168,0.1816,0.0122,0.2638,3.43,11.71
1,3,19.448,0.0,0.0,0.5,0.0121,0.1878,0.0137,0.2672,6.99,11.14
1,3,19.467,0.0,0.0,0.5,0.0289,0.1731,0.0146,0.2705,7.21,10.10
1,3,19.485,0.0,0.0,0.5,0.0000,0.1680,0.0150,0.2712,12.29,10.13
1,3,19.505,0.0,0.0,0.5,0.0202,0.1408,0.0159,0.2757,10.09,4.68
1,3,19.525,0.0,0.0,0.5,-0.0020,0.1449,0.0139,0.2762,3.02,11.27
1,3,19.549,0.0,0.0,0.5,-0.0114,0.1765,0.0119,0.2726,32.86,13.05
1,3,19.564,0.0,0.0,0.5,-0.0213,0.1804,0.0127,0.2702,6.63,14.11
1,3,19.584,0.0,0.0,0.5,-0.0151,0.1792,0.0139,0.2665,6.36,13.67
1,3,19.605,0.0,0.0,0.5,-0.0137,0.1677,0.0140,0.2647,7.10,13.67
1,3,19.622,0.0,0.0,0.5,-0.0247,0.1400,0.0128,0.2627,6.67,12.25
1,3,19.645,0.0,0.0,0.5,-0.0151,0.1108,0.0102,0.2615,6.28,11.60
1,3,19.671,0.0,0.0,0.5,-0.0184,0.0913,0.0075,0.2614,5.45,11.38
1,3,19.686,0.0,0.0,0.5,-0.0129,0.0846,0.0065,0.2617,5.21,11.30
1,3,19.702,0.0,0.0,0.5,-0.0101,0.0714,0.0049,0.2627,4.08,11.18
1,3,19.723,0.0,0.0,0.5,-0.0033,0.0715,0.0050,0.2638,9.39,11.43
1,3,19.746,0.0,0.0,0.5,0.0018,0.1023,0.0050,0.2678,7.03,10.57
1,3,19.764,0.0,0.0,0.5,0.0070,0.1487,0.0043,0.2712,7.97,10.60
1,3,19.782,0.0,0.0,0.5,0.0081,0.2554,0.0035,0.2761,25.24,7.64
1,3,19.802,0.0,0.0,0.5,0.0067,0.3579,0.0037,0.2797,9.98,5.64
1,3,19.825,0.0,0.0,0.5,-0.0023,0.3214,0.0056,0.2781,20.65,9.94
1,3,19.845,0.0,0.0,0.5,-0.0100,0.2086,0.0067,0.2755,34.39,12.87
1,3,19.865,0.0,0.0,0.5,-0.0097,0.1253,0.0081,0.2713,14.26,13.08
1,3,19.883,0.0,0.0,0.5,-0.0066,0.0905,0.0096,0.2679,8.70,12.97
1,3,19.903,0.0,0.0,0.5,-0.0045,0.0880,0.0098,0.2659,7.94,13.45
1,3,19.925,0.0,0.0,0.5,-0.0011,0.1210,0.0099,0.2630,3.49,12.98
1,3,19.950,0.0,0.0,0.5,0.0021,0.1428,0.0101,0.2622,3.70,12.57
1,3,19.967,0.0,0.0,0.5,0.0072,0.1628,0.0104,0.2618,4.10,12.11
1,3,19.982,0.0,0.0,0.5,0.0083,0.1771,0.0110,0.2621,4.05,11.58
1,3,20.006,0.0,0.0,0.5,0.0097,0.1875,0.0120,0.2631,5.37,11.29
1,3,20.023,0.0,0.0,0.5,0.0000,0.1921,0.0126,0.2645,9.32,11.09
1,3,20.048,0.0,0.0,0.5,0.0131,0.1919,0.0132,0.2664,4.99,10.73
1,3,20.065,0.0,0.0,0.5,0.0150,0.1742,0.0143,0.2701,8.34,9.77
1,3,20.089,0.0,0.0,0.5,0.0142,0.1613,0.0155,0.2737,29.19,7.75
1,3,20.104,0.0,0.0,0.5,0.0117,0.1426,0.0161,0.2766,28.00,8.21
1,3,20.125,0.0,0.0,0.5,0.0052,0.1329,0.0160,0.2767,7.18,11.28
1,3,20.144,0.0,0.0,0.5,-0.0060,0.1611,0.0157,0.2753,27.11,13.70
1,3,20.164,0.0,0.0,0.5,-0.0133,0.1725,0.0158,0.2709,16.42,13.67
1,3,20.184,0.0,0.0,0.5,-0.0250,0.1607,0.0160,0.2665,8.81,13.70
1,3,20.202,0.0,0.0,0.5,-0.0190,0.1547,0.0154,0.2639,7.06,12.25
1,3,20.224,0.0,0.0,0.5,-0.0187,0.1301,0.0135,0.2625,7.05,11.61
1,3,20.252,0.0,0.0,0.5,-0.0212,0.1086,0.0107,0.2616,6.16,11.18
1,3,20.265,0.0,0.0,0.5,-0.0176,0.0992,0.0095,0.2616,5.10,11.10
1,3,20.282,0.0,0.0,0.5,-0.0115,0.0885,0.0080,0.2619,5.25,11.03
1,3,20.302,0.0,0.0,0.5,-0.0108,0.0802,0.0075,0.2633,6.28,11.30
1,3,20.332,0.0,0.0,0.5,-0.0074,0.0934,0.0071,0.2667,3.81,11.29
1,3,20.348,0.0,0.0,0.5,-0.0009,0.1115,0.0066,0.2686,8.59,11.26
1,3,20.365,0.0,0.0,0.5,0.0010,0.1439,0.0057,0.2711,23.00,9.44
1,3,20.384,0.0,0.0,0.5,0.0017,0.2384,0.0053,0.2762,11.34,7.25
1,3,20.402,0.0,0.0,0.5,-0.0019,0.3537,0.0054,0.2797,7.46,6.08
1,3,20.426,0.0,0.0,0.5,-0.0100,0.3469,0.0054,0.2789,13.87,10.31
1,3,20.445,0.0,0.0,0.5,-0.0076,0.2435,0.0050,0.2770,17.42,10.95
1,3,20.464,0.0,0.0,0.5,-0.0133,0.1770,0.0054,0.2743,28.92,12.83
1,3,20.482,0.0,0.0,0.5,-0.0136,0.1317,0.0077,0.2689,10.98,12.69
1,3,20.504,0.0,0.0,0.5,-0.0055,0.1205,0.0087,0.2675,7.64,12.88
1,3,20.522,0.0,0.0,0.5,-0.0118,0.1127,0.0097,0.2650,4.82,13.48
1,3,20.551,0.0,0.0,0.5,-0.0026,0.1507,0.0099,0.2630,3.84,13.08
1,3,20.564,0.0,0.0,0.5,0.0027,0.1656,0.0098,0.2625,3.93,12.57
1,3,20.585,0.0,0.0,0.5,0.0060,0.1762,0.0101,0.2627,4.11,11.72
1,3,20.602,0.0,0.0,0.5,0.0083,0.1786,0.0108,0.2634,3.23,11.75
1,3,20.628,0.0,0.0,0.5,0.0047,0.1834,0.0122,0.2646,8.90,11.27
1,3,20.647,0.0,0.0,0.5,0.0117,0.1785,0.0135,0.2679,5.65,11.06
1,3,20.665,0.0,0.0,0.5,0.0145,0.1741,0.0139,0.2699,6.77,11.08
1,3,20.688,0.0,0.0,0.5,0.0136,0.1533,0.0147,0.2738,9.96,8.01
1,3,20.707,0.0,0.0,0.5,0.0134,0.1247,0.0151,0.2765,7.12,8.04
1,3,20.724,0.0,0.0,0.5,-0.0039,0.1295,0.0136,0.2764,2.48,11.76
1,3,20.746,0.0,0.0,0.5,-0.0108,0.1564,0.0127,0.2748,27.02,12.89
1,3,20.765,0.0,0.0,0.5,-0.0231,0.1629,0.0136,0.2702,12.10,12.91
1,3,20.782,0.0,0.0,0.5,-0.0172,0.1687,0.0142,0.2680,14.46,13.06
1,3,20.807,0.0,0.0,0.5,-0.0177,0.1498,0.0140,0.2648,11.06,12.46
1,3,20.823,0.0,0.0,0.5,-0.0186,0.1254,0.0126,0.2632,6.63,12.21
1,3,20.845,0.0,0.0,0.5,-0.0209,0.1150,0.0104,0.2618,8.86,11.34
1,3,20.868,0.0,0.0,0.5,-0.0161,0.1009,0.0085,0.2615,5.35,11.09
1,3,20.883,0.0,0.0,0.5,-0.0139,0.0931,0.0066,0.2621,4.40,11.04
1,3,20.902,0.0,0.0,0.5,-0.0095,0.0843,0.0061,0.2632,7.40,11.45
1,3,20.922,0.0,0.0,0.5,-0.0042,0.0839,0.0062,0.2640,4.95,11.41
1,3,20.946,0.0,0.0,0.5,0.0009,0.1158,0.0060,0.2689,10.48,10.47
1,3,20.964,0.0,0.0,0.5,0.0042,0.1445,0.0054,0.2715,11.60,10.52
1,3,20.984,0.0,0.0,0.5,0.0024,0.1876,0.0047,0.2737,10.60,9.60
1,3,21.006,0.0,0.0,0.5,0.0054,0.3365,0.0034,0.2797,27.60,4.71
1,3,21.023,0.0,0.0,0.5,-0.0032,0.4225,0.0035,0.2794,11.60,5.35
1,3,21.042,0.0,0.0,0.5,-0.0123,0.3474,0.0041,0.2773,34.10,12.98
1,4,21.068,0.0,0.3,0.0,0.0000,0.1771,0.0059,0.2714,22.36,13.01
1,4,21.085,0.0,0.3,0.0,-0.0154,0.1093,0.0080,0.2680,9.75,12.68
1,4,21.107,0.0,0.3,0.0,-0.0073,0.0086,0.0095,0.2640,12.57,13.50
1,4,21.126,0.0,0.3,0.0,-0.0017,-0.0046,0.0100,0.2612,11.15,13.22
1,4,21.147,0.0,0.3,0.0,0.0037,-0.0049,0.0111,0.2607,5.29,12.67
1,4,21.164,0.0,0.3,0.0,0.0096,-0.0018,0.0118,0.2603,4.44,12.62
1,4,21.187,0.0,0.3,0.0,0.0157,0.0052,0.0137,0.2614,4.91,12.22
1,4,21.202,0.0,0.3,0.0,0.0254,0.0079,0.0143,0.2622,5.81,11.91
1,4,21.223,0.0,0.3,0.0,0.0209,0.0096,0.0154,0.2642,4.73,11.87
1,4,21.246,0.0,0.3,0.0,0.0185,0.0074,0.0177,0.2685,11.33,10.96
1,4,21.265,0.0,0.3,0.0,0.0402,-0.0003,0.0204,0.2727,23.09,11.08
1,4,21.282,0.0,0.3,0.0,0.0096,-0.0097,0.0228,0.2741,12.58,10.85
1,4,21.302,0.0,0.3,0.0,0.0358,-0.0322,0.0231,0.2772,18.59,11.29
1,4,21.323,0.0,0.3,0.0,0.0094,-0.0552,0.0179,0.2772,12.93,12.47
1,4,21.346,0.0,0.3,0.0,0.0002,-0.0351,0.0168,0.2752,15.03,12.86
1,4,21.365,0.0,0.3,0.0,-0.0094,-0.0164,0.0157,0.2722,17.09,13.43
1,4,21.382,0.0,0.3,0.0,-0.0210,-0.0043,0.0161,0.2684,16.53,13.69
1,4,21.402,0.0,0.3,0.0,-0.0208,-0.0125,0.0165,0.2646,14.51,12.56
1,4,21.422,0.0,0.3,0.0,-0.0294,-0.0273,0.0115,0.2631,11.22,11.09
1,4,21.449,0.0,0.3,0.0,-0.0442,-0.0282,0.0063,0.2621,9.92,11.01
1,4,21.465,0.0,0.3,0.0,-0.0360,-0.0191,0.0033,0.2615,7.03,10.95
1,4,21.482,0.0,0.3,0.0,-0.0381,-0.0127,0.0025,0.2613,9.40,12.42
1,4,21.502,0.0,0.3,0.0,-0.0225,-0.0116,0.0057,0.2620,9.68,12.28
1,4,21.530,0.0,0.3,0.0,-0.0261,-0.0130,0.0088,0.2637,15.96,12.02
1,4,21.545,0.0,0.3,0.0,-0.0271,-0.0061,0.0102,0.2667,15.03,11.59
1,4,21.564,0.0,0.3,0.0,-0.0296,-0.0032,0.0132,0.2713,22.58,10.77
1,4,21.582,0.0,0.3,0.0,-0.0454,0.0187,0.0198,0.2763,12.64,10.80
1,4,21.602,0.0,0.3,0.0,-0.0277,0.0308,0.0237,0.2774,21.53,10.77
1,4,21.624,0.0,0.3,0.0,-0.0407,0.0284,0.0199,0.2800,28.36,13.03
1,4,21.648,0.0,0.3,0.0,-0.0440,0.0378,0.0227,0.2763,29.51,13.65
1,4,21.666,0.0,0.3,0.0,-0.0419,-0.0062,0.0239,0.2749,21.71,11.26
1,4,21.682,0.0,0.3,0.0,-0.0342,-0.0277,0.0155,0.2691,48.92,12.24
1,4,21.702,0.0,0.3,0.0,-0.0448,-0.0172,0.0142,0.2660,21.39,14.83
1,4,21.721,0.0,0.3,0.0,-0.0281,-0.0266,0.0133,0.2638,17.04,14.29
1,4,21.747,0.0,0.3,0.0,-0.0104,-0.0288,0.0158,0.2618,28.71,13.66
1,4,21.765,0.0,0.3,0.0,-0.0058,-0.0205,0.0223,0.2618,13.13,12.08
1,4,21.785,0.0,0.3,0.0,-0.0012,-0.0010,0.0228,0.2620,10.54,11.81
1,4,21.803,0.0,0.3,0.0,-0.0057,0.0104,0.0190,0.2634,12.32,10.75
1,4,21.823,0.0,0.3,0.0,-0.0092,0.0093,0.0139,0.2655,19.45,13.87
1,4,21.842,0.0,0.3,0.0,-0.0065,0.0041,0.0152,0.2680,21.49,13.06
1,4,21.865,0.0,0.3,0.0,0.0003,-0.0210,0.0207,0.2745,22.45,10.30
1,4,21.885,0.0,0.3,0.0,0.0003,-0.0365,0.0204,0.2792,7.67,9.50
1,4,21.904,0.0,0.3,0.0,-0.0015,-0.0588,0.0195,0.2818,12.14,9.66
1,4,21.924,0.0,0.3,0.0,-0.0022,-0.0528,0.0177,0.2830,12.63,6.09
1,4,21.950,0.0,0.3,0.0,-0.0002,0.0348,0.0208,0.2800,22.67,12.30
1,4,21.966,0.0,0.3,0.0,-0.0012,0.0756,0.0236,0.2780,21.88,12.44
1,4,21.982,0.0,0.3,0.0,-0.0083,0.0949,0.0242,0.2733,37.77,13.49
1,4,22.002,0.0,0.3,0.0,-0.0077,0.0529,0.0125,0.2664,28.01,13.44
1,4,22.021,0.0,0.3,0.0,-0.0058,0.0177,0.0059,0.2646,13.51,12.00
1,4,22.048,0.0,0.3,0.0,-0.0110,0.0038,0.0065,0.2628,13.38,10.79
1,4,22.066,0.0,0.3,0.0,-0.0162,-0.0176,0.0143,0.2624,8.46,11.84
1,4,22.086,0.0,0.3,0.0,-0.0098,-0.0180,0.0185,0.2623,7.97,13.50
1,4,22.102,0.0,0.3,0.0,-0.0112,-0.0149,0.0142,0.2635,9.73,14.16
1,4,22.125,0.0,0.3,0.0,0.0028,-0.0143,0.0080,0.2648,13.26,13.33
1,4,22.148,0.0,0.3,0.0,0.0032,-0.0040,0.0066,0.2676,16.60,13.45
1,4,22.167,0.0,0.3,0.0,0.0149,0.0040,0.0065,0.2702,30.51,9.92
1,4,22.184,0.0,0.3,0.0,0.0055,0.0141,0.0041,0.2755,12.54,7.16
1,4,22.202,0.0,0.3,0.0,0.0009,0.0693,0.0051,0.2810,18.08,6.57
1,4,22.228,0.0,0.3,0.0,-0.0072,0.0551,0.0081,0.2804,15.50,11.64
1,4,22.246,0.0,0.3,0.0,-0.0096,0.0005,0.0178,0.2781,19.97,13.15
1,4,22.264,0.0,0.3,0.0,-0.0087,-0.0411,0.0215,0.2760,43.40,13.22
1,4,22.282,0.0,0.3,0.0,-0.0171,-0.0471,0.0184,0.2690,48.00,12.12
1,4,22.302,0.0,0.3,0.0,-0.0254,-0.0138,0.0121,0.2648,24.32,13.06
1,4,22.321,0.0,0.3,0.0,-0.0166,-0.0335,0.0118,0.2633,21.56,13.32
1,4,22.346,0.0,0.3,0.0,-0.0089,-0.0193,0.0140,0.2609,12.61,12.64
1,4,22.364,0.0,0.3,0.0,-0.0017,-0.0066,0.0175,0.2609,9.74,11.74
1,4,22.381,0.0,0.3,0.0,0.0005,0.0005,0.0181,0.2609,9.99,11.68
1,4,22.402,0.0,0.3,0.0,0.0024,0.0165,0.0171,0.2629,12.71,11.15
1,4,22.424,0.0,0.3,0.0,0.0016,0.0176,0.0154,0.2652,13.13,11.58
1,4,22.445,0.0,0.3,0.0,0.0010,0.0181,0.0156,0.2684,15.71,11.15
1,4,22.467,0.0,0.3,0.0,0.0026,0.0020,0.0155,0.2744,11.50,9.77
1,4,22.482,0.0,0.3,0.0,0.0040,-0.0162,0.0141,0.2776,9.35,8.22
1,4,22.502,0.0,0.3,0.0,0.0050,-0.0734,0.0112,0.2820,12.07,6.32
1,4,22.528,0.0,0.3,0.0,0.0085,-0.0358,0.0124,0.2817,13.24,10.74
1,4,22.549,0.0,0.3,0.0,0.0063,0.0391,0.0171,0.2795,39.77,13.36
1,4,22.567,0.0,0.3,0.0,0.0006,0.0573,0.0182,0.2780,30.54,13.39
1,4,22.584,0.0,0.3,0.0,-0.0029,0.0651,0.0174,0.2727,32.76,14.27
1,4,22.602,0.0,0.3,0.0,-0.0075,0.0444,0.0105,0.2680,21.91,14.01
1,4,22.622,0.0,0.3,0.0,-0.0075,0.0243,0.0020,0.2641,13.37,12.00
1,4,22.644,0.0,0.3,0.0,-0.0112,0.0017,0.0044,0.2627,10.40,10.60
1,4,22.665,0.0,0.3,0.0,-0.0228,-0.0066,0.0078,0.2625,8.53,10.65
1,4,22.684,0.0,0.3,0.0,-0.0109,-0.0101,0.0122,0.2623,8.41,13.12
1,4,22.703,0.0,0.3,0.0,-0.0147,-0.0141,0.0095,0.2629,10.89,13.55
1,4,22.724,0.0,0.3,0.0,-0.0061,-0.0142,0.0034,0.2650,12.01,12.84
1,4,22.746,0.0,0.3,0.0,-0.0012,-0.0062,0.0022,0.2676,15.01,12.88
1,4,22.765,0.0,0.3,0.0,0.0001,-0.0000,0.0023,0.2702,29.44,9.98
1,4,22.783,0.0,0.3,0.0,-0.0035,0.0104,0.0048,0.2756,7.60,7.95
1,4,22.802,0.0,0.3,0.0,-0.0107,0.0526,0.0102,0.2809,14.72,7.52
1,4,22.821,0.0,0.3,0.0,-0.0232,0.0509,0.0107,0.2812,14.80,11.95
1,4,22.845,0.0,0.3,0.0,-0.0157,-0.0117,0.0161,0.2776,26.86,13.47
1,4,22.865,0.0,0.3,0.0,-0.0278,-0.0515,0.0154,0.2732,18.83,12.61
1,4,22.884,0.0,0.3,0.0,-0.0143,-0.0470,0.0118,0.2690,14.59,12.97
1,4,22.902,0.0,0.3,0.0,-0.0190,-0.0271,0.0105,0.2654,16.91,13.91
1,4,22.924,0.0,0.3,0.0,-0.0153,-0.0239,0.0137,0.2633,15.51,13.62
1,4,22.946,0.0,0.3,0.0,-0.0026,-0.0154,0.0168,0.2623,12.48,13.15
1,4,22.964,0.0,0.3,0.0,0.0007,0.0086,0.0170,0.2615,8.48,11.84
1,4,22.985,0.0,0.3,0.0,0.0038,0.0172,0.0158,0.2619,10.55,12.18
1,4,23.007,0.0,0.3,0.0,0.0038,0.0112,0.0159,0.2632,8.95,12.03
1,4,23.026,0.0,0.3,0.0,0.0051,0.0086,0.0183,0.2656,13.27,11.17
1,4,23.047,0.0,0.3,0.0,0.0032,0.0113,0.0194,0.2687,14.58,10.69
1,4,23.064,0.0,0.3,0.0,0.0045,0.0092,0.0186,0.2728,14.64,10.68
1,4,23.086,0.0,0.3,0.0,0.0038,-0.0309,0.0159,0.2796,13.82,8.45
1,4,23.102,0.0,0.3,0.0,0.0044,-0.0620,0.0144,0.2829,4.85,7.30
1,4,23.125,0.0,0.3,0.0,0.0047,-0.0559,0.0144,0.2826,10.79,5.92
1,4,23.151,0.0,0.3,0.0,0.0046,0.0200,0.0187,0.2795,28.83,13.06
1,4,23.167,0.0,0.3,0.0,-0.0022,0.0627,0.0207,0.2754,25.42,13.01
1,4,23.184,0.0,0.3,0.0,-0.0072,0.0677,0.0165,0.2717,44.97,13.60
1,4,23.202,0.0,0.3,0.0,-0.0083,0.0492,0.0080,0.2665,28.84,12.73
1,4,23.225,0.0,0.3,0.0,-0.0142,0.0185,0.0050,0.2645,11.59,11.40
1,4,23.247,0.0,0.3,0.0,-0.0069,-0.0007,0.0094,0.2630,8.72,11.02
1,4,23.267,0.0,0.3,0.0,-0.0201,-0.0125,0.0154,0.2623,7.59,12.53
1,4,23.283,0.0,0.3,0.0,-0.0203,-0.0122,0.0156,0.2623,9.28,13.65
1,4,23.304,0.0,0.3,0.0,-0.0075,-0.0125,0.0131,0.2625,12.41,14.05
1,4,23.326,0.0,0.3,0.0,-0.0050,-0.0147,0.0073,0.2639,13.31,13.94
1,4,23.344,0.0,0.3,0.0,-0.0007,-0.0031,0.0027,0.2664,15.80,11.61
1,4,23.370,0.0,0.3,0.0,-0.0017,0.0041,0.0041,0.2732,61.63,10.69
1,4,23.384,0.0,0.3,0.0,-0.0066,0.0216,0.0062,0.2780,105.37,11.83
1,4,23.402,0.0,0.3,0.0,-0.0138,0.0384,0.0097,0.2796,27.07,9.18
1,4,23.423,0.0,0.3,0.0,-0.0054,0.0344,0.0100,0.2804,16.98,9.53
1,4,23.447,0.0,0.3,0.0,-0.0071,0.0167,0.0144,0.2789,34.59,13.63
1,4,23.467,0.0,0.3,0.0,0.0010,-0.0393,0.0178,0.2750,41.59,14.16
1,4,23.485,0.0,0.3,0.0,0.0009,-0.0522,0.0159,0.2720,32.39,13.89
1,4,23.502,0.0,0.3,0.0,-0.0005,-0.0344,0.0082,0.2670,18.03,13.88
1,4,23.528,0.0,0.3,0.0,0.0026,-0.0235,0.0101,0.2634,13.70,14.68
1,4,23.549,0.0,0.3,0.0,0.0132,-0.0106,0.0160,0.2620,12.81,13.15
1,4,23.565,0.0,0.3,0.0,0.0121,0.0033,0.0196,0.2615,8.73,11.78
1,4,23.586,0.0,0.3,0.0,0.0203,0.0212,0.0187,0.2617,10.14,11.43
1,4,23.606,0.0,0.3,0.0,0.0068,0.0231,0.0177,0.2620,10.74,11.44
1,4,23.635,0.0,0.3,0.0,0.0198,0.0193,0.0137,0.2654,13.78,11.59
1,4,23.649,0.0,0.3,0.0,0.0243,0.0025,0.0146,0.2695,15.41,11.22
1,4,23.666,0.0,0.3,0.0,0.0246,0.0042,0.0140,0.2724,53.68,9.78
1,4,23.687,0.0,0.3,0.0,0.0220,-0.0327,0.0086,0.2810,36.48,6.91
1,4,23.702,0.0,0.3,0.0,0.0238,-0.0796,0.0070,0.2821,12.37,7.20
1,4,23.722,0.0,0.3,0.0,0.0156,-0.0561,0.0083,0.2816,7.27,11.41
1,4,23.744,0.0,0.3,0.0,0.0089,0.0151,0.0156,0.2789,24.33,12.62
1,4,23.765,0.0,0.3,0.0,-0.0020,0.0394,0.0166,0.2748,19.02,12.72
1,4,23.785,0.0,0.3,0.0,-0.0065,0.0251,0.0083,0.2692,15.47,12.69
1,4,23.804,0.0,0.3,0.0,-0.0079,0.0140,0.0014,0.2657,14.30,12.50
1,4,23.826,0.0,0.3,0.0,-0.0165,-0.0012,0.0020,0.2635,11.44,11.22
1,4,23.848,0.0,0.3,0.0,-0.0147,-0.0195,0.0024,0.2626,9.14,10.85
1,4,23.868,0.0,0.3,0.0,-0.0201,-0.0206,0.0100,0.2622,8.51,12.01
1,4,23.887,0.0,0.3,0.0,-0.0310,-0.0193,0.0107,0.2622,7.06,11.92
1,4,23.906,0.0,0.3,0.0,-0.0108,-0.0076,0.0098,0.2627,8.62,12.95
1,4,23.923,0.0,0.3,0.0,-0.0156,-0.0102,0.0056,0.2639,9.43,13.42
1,4,23.948,0.0,0.3,0.0,-0.0054,-0.0048,0.0027,0.2686,11.20,11.41
1,4,23.966,0.0,0.3,0.0,-0.0069,0.0052,0.0034,0.2717,13.54,10.78
1,4,23.987,0.0,0.3,0.0,-0.0079,0.0223,0.0067,0.2758,20.72,9.28
1,4,24.002,0.0,0.3,0.0,-0.0155,0.0480,0.0111,0.2804,13.95,7.23
1,4,24.026,0.0,0.3,0.0,-0.0205,0.0511,0.0119,0.2819,11.47,7.78
1,4,24.046,0.0,0.3,0.0,-0.0199,0.0257,0.0146,0.2792,19.85,14.45
1,4,24.071,0.0,0.3,0.0,-0.0281,-0.0556,0.0189,0.2745,44.97,13.42
1,4,24.085,0.0,0.3,0.0,-0.0149,-0.0709,0.0138,0.2693,29.62,13.35
1,4,24.103,0.0,0.3,0.0,-0.0233,-0.0616,0.0084,0.2672,18.61,11.86
1,4,24.129,0.0,0.3,0.0,-0.0112,-0.0324,0.0103,0.2629,18.32,14.74
1,4,24.148,0.0,0.3,0.0,-0.0021,-0.0209,0.0166,0.2624,14.55,12.81
1,4,24.165,0.0,0.3,0.0,0.0031,-0.0013,0.0199,0.2618,8.63,11.66
1,4,24.187,0.0,0.3,0.0,0.0082,0.0180,0.0198,0.2624,9.74,11.69
1,4,24.221,0.0,0.3,0.0,0.0063,0.0242,0.0172,0.2636,10.94,11.85
1,4,24.232,0.0,0.3,0.0,0.0047,0.0150,0.0156,0.2656,11.83,11.56
1,4,24.246,0.0,0.3,0.0,0.0076,0.0097,0.0149,0.2666,13.85,11.69
1,4,24.269,0.0,0.3,0.0,0.0045,0.0099,0.0151,0.2691,51.61,9.87
1,4,24.286,0.0,0.3,0.0,0.0245,0.0003,0.0156,0.2740,46.78,9.77
1,4,24.302,0.0,0.3,0.0,0.0120,-0.0561,0.0147,0.2808,27.24,5.29
1,4,24.326,0.0,0.3,0.0,0.0209,-0.1165,0.0115,0.2824,5.76,7.40
1,4,24.344,0.0,0.3,0.0,0.0180,-0.0674,0.0132,0.2807,30.04,13.27
1,4,24.364,0.0,0.3,0.0,0.0057,0.0230,0.0204,0.2765,28.11,14.30
1,4,24.382,0.0,0.3,0.0,-0.0016,0.0565,0.0198,0.2706,21.63,14.06
1,4,24.408,0.0,0.3,0.0,-0.0051,0.0420,0.0131,0.2650,25.42,13.35
1,4,24.423,0.0,0.3,0.0,-0.0067,0.0177,0.0094,0.2627,11.48,13.10
1,4,24.447,0.0,0.3,0.0,-0.0069,0.0034,0.0095,0.2614,10.60,11.36
1,4,24.464,0.0,0.3,0.0,-0.0114,-0.0076,0.0117,0.2610,8.73,11.30
1,4,24.486,0.0,0.3,0.0,-0.0106,-0.0142,0.0172,0.2614,9.99,12.83
1,4,24.507,0.0,0.3,0.0,-0.0062,-0.0144,0.0165,0.2621,9.97,13.48
1,4,24.523,0.0,0.3,0.0,-0.0001,-0.0198,0.0140,0.2638,13.56,13.24
1,4,24.549,0.0,0.3,0.0,0.0044,-0.0145,0.0118,0.2666,16.88,12.31
1,4,24.570,0.0,0.3,0.0,0.0092,0.0026,0.0102,0.2716,10.33,10.26
1,4,24.587,0.0,0.3,0.0,0.0062,0.0160,0.0076,0.2750,25.01,8.70
1,4,24.602,0.0,0.3,0.0,0.0057,0.0342,0.0056,0.2783,27.03,6.30
1,4,24.628,0.0,0.3,0.0,-0.0016,0.0554,0.0079,0.2812,18.34,5.67
1,4,24.645,0.0,0.3,0.0,-0.0109,0.0462,0.0132,0.2795,11.48,9.22
1,4,24.663,0.0,0.3,0.0,-0.0106,-0.0321,0.0210,0.2739,47.68,13.88
1,4,24.682,0.0,0.3,0.0,-0.0148,-0.0487,0.0178,0.2682,26.65,12.44
1,4,24.704,0.0,0.3,0.0,-0.0159,-0.0329,0.0154,0.2638,13.33,12.51
1,4,24.723,0.0,0.3,0.0,-0.0181,-0.0281,0.0174,0.2613,10.95,12.04
1,4,24.746,0.0,0.3,0.0,-0.0103,-0.0104,0.0180,0.2599,9.83,11.88
1,4,24.764,0.0,0.3,0.0,-0.0032,-0.0020,0.0167,0.2600,10.76,12.18
1,4,24.782,0.0,0.3,0.0,-0.0025,0.0096,0.0152,0.2609,8.85,12.06
1,4,24.802,0.0,0.3,0.0,0.0011,0.0161,0.0164,0.2623,13.35,11.71
1,4,24.822,0.0,0.3,0.0,0.0020,0.0163,0.0177,0.2651,9.66,11.24
1,4,24.846,0.0,0.3,0.0,0.0036,0.0173,0.0168,0.2692,15.32,10.97
1,4,24.864,0.0,0.3,0.0,0.0012,0.0095,0.0150,0.2728,14.07,9.86
1,4,24.887,0.0,0.3,0.0,0.0037,-0.0327,0.0125,0.2796,20.23,9.18
1,4,24.906,0.0,0.3,0.0,0.0116,-0.0748,0.0117,0.2822,8.05,6.89
1,4,24.924,0.0,0.3,0.0,0.0116,-0.0520,0.0127,0.2818,12.32,10.73
1,4,24.945,0.0,0.3,0.0,0.0036,0.0186,0.0163,0.2794,46.92,13.17
1,4,24.964,0.0,0.3,0.0,-0.0023,0.0398,0.0149,0.2741,35.37,13.16
1,4,24.984,0.0,0.3,0.0,-0.0077,0.0395,0.0079,0.2702,23.43,12.37
1,4,25.002,0.0,0.3,0.0,-0.0133,0.0202,0.0025,0.2661,18.67,11.83
1,4,25.021,0.0,0.3,0.0,-0.0223,-0.0028,0.0047,0.2645,10.19,10.51
1,4,25.043,0.0,0.3,0.0,-0.0309,-0.0149,0.0108,0.2629,7.76,11.48
1,4,25.064,0.0,0.3,0.0,-0.0139,-0.0159,0.0122,0.2626,7.78,12.58
1,4,25.083,0.0,0.3,0.0,-0.0212,-0.0112,0.0110,0.2626,7.97,13.21
1,4,25.102,0.0,0.3,0.0,-0.0153,-0.0101,0.0070,0.2636,9.51,12.99
1,4,25.121,0.0,0.3,0.0,-0.0106,-0.0110,0.0059,0.2653,13.14,12.40
1,4,25.146,0.0,0.3,0.0,-0.0133,-0.0025,0.0057,0.2692,17.09,11.73
1,4,25.162,0.0,0.3,0.0,-0.0057,0.0114,0.0077,0.2742,15.39,9.93
1,4,25.185,0.0,0.3,0.0,-0.0055,0.0206,0.0104,0.2769,19.88,9.90
1,4,25.202,0.0,0.3,0.0,-0.0266,0.0332,0.0131,0.2818,12.53,9.34
1,4,25.222,0.0,0.3,0.0,-0.0218,0.0348,0.0133,0.2825,12.54,12.05
1,4,25.241,0.0,0.3,0.0,-0.0243,0.0146,0.0201,0.2799,15.51,13.28
1,4,25.265,0.0,0.3,0.0,-0.0195,-0.0305,0.0186,0.2740,23.20,11.74
1,4,25.286,0.0,0.3,0.0,-0.0287,-0.0264,0.0124,0.2695,22.95,12.95
1,4,25.303,0.0,0.3,0.0,-0.0155,-0.0269,0.0109,0.2669,16.71,12.48
1,4,25.328,0.0,0.3,0.0,-0.0250,-0.0246,0.0116,0.2638,18.91,13.85
1,4,25.344,0.0,0.3,0.0,-0.0008,-0.0188,0.0176,0.2631,17.47,11.95
1,4,25.364,0.0,0.3,0.0,0.0056,0.0070,0.0205,0.2628,8.94,11.17
1,4,25.383,0.0,0.3,0.0,0.0033,0.0168,0.0196,0.2631,9.61,11.31
1,4,25.402,0.0,0.3,0.0,0.0045,0.0166,0.0165,0.2643,9.51,12.09
1,4,25.421,0.0,0.3,0.0,0.0018,0.0071,0.0158,0.2670,16.95,11.89
1,4,25.442,0.0,0.3,0.0,0.0030,0.0011,0.0176,0.2707,17.16,10.57
1,4,25.462,0.0,0.3,0.0,0.0033,-0.0066,0.0173,0.2753,17.05,10.46
1,4,25.483,0.0,0.3,0.0,0.0002,-0.0243,0.0151,0.2800,8.92,7.87
1,4,25.507,0.0,0.3,0.0,0.0016,-0.0717,0.0135,0.2844,7.62,6.54
1,4,25.523,0.0,0.3,0.0,0.0025,-0.0295,0.0170,0.2834,12.30,10.52
1,4,25.542,0.0,0.3,0.0,0.0000,0.0197,0.0205,0.2822,13.12,10.83
1,4,25.567,0.0,0.3,0.0,-0.0051,0.0671,0.0217,0.2765,28.51,13.09
1,4,25.582,0.0,0.3,0.0,-0.0070,0.0391,0.0125,0.2713,27.05,13.19
1,4,25.606,0.0,0.3,0.0,-0.0027,0.0161,0.0048,0.2659,13.86,11.76
1,4,25.624,0.0,0.3,0.0,-0.0206,-0.0020,0.0077,0.2647,13.01,10.12
1,4,25.644,0.0,0.3,0.0,-0.0177,-0.0233,0.0167,0.2635,9.45,11.44
1,4,25.667,0.0,0.3,0.0,-0.0084,-0.0230,0.0185,0.2632,8.46,11.49
1,4,25.682,0.0,0.3,0.0,-0.0149,-0.0189,0.0183,0.2629,7.18,13.01
1,4,25.702,0.0,0.3,0.0,-0.0122,-0.0148,0.0114,0.2633,11.08,13.83
1,4,25.726,0.0,0.3,0.0,-0.0016,-0.0015,0.0056,0.2654,12.46,11.87
1,4,25.748,0.0,0.3,0.0,-0.0009,0.0047,0.0064,0.2675,12.14,11.79
1,4,25.764,0.0,0.3,0.0,-0.0011,0.0054,0.0083,0.2713,24.98,10.82
1,4,25.782,0.0,0.3,0.0,-0.0007,0.0232,0.0056,0.2779,11.66,9.27
1,4,25.803,0.0,0.3,0.0,-0.0012,0.0648,0.0094,0.2816,33.38,7.79
1,4,25.823,0.0,0.3,0.0,-0.0106,0.0536,0.0080,0.2821,19.47,11.01
1,4,25.844,0.0,0.3,0.0,-0.0298,-0.0094,0.0195,0.2782,19.92,12.63
1,4,25.862,0.0,0.3,0.0,-0.0205,-0.0294,0.0209,0.2753,62.00,12.12
1,4,25.881,0.0,0.3,0.0,-0.0261,-0.0160,0.0138,0.2686,17.59,12.61
1,4,25.902,0.0,0.3,0.0,-0.0308,-0.0219,0.0113,0.2653,15.46,12.88
1,4,25.922,0.0,0.3,0.0,-0.0102,-0.0174,0.0122,0.2633,14.82,12.80
1,4,25.947,0.0,0.3,0.0,-0.0115,-0.0118,0.0143,0.2622,10.68,12.09
1,4,25.963,0.0,0.3,0.0,-0.0051,-0.0033,0.0141,0.2619,9.22,12.08
1,4,25.987,0.0,0.3,0.0,-0.0024,0.0139,0.0141,0.2625,10.65,12.13
1,4,26.002,0.0,0.3,0.0,-0.0007,0.0130,0.0150,0.2639,10.31,11.72
1,4,26.034,0.0,0.3,0.0,0.0005,0.0230,0.0173,0.2677,11.08,11.19
1,4,26.044,0.0,0.3,0.0,0.0008,0.0194,0.0175,0.2690,26.45,11.14
1,4,26.066,0.0,0.3,0.0,-0.0002,0.0107,0.0170,0.2727,47.45,10.14
1,4,26.082,0.0,0.3,0.0,-0.0004,-0.0126,0.0156,0.2789,25.30,7.67
1,4,26.107,0.0,0.3,0.0,0.0025,-0.0825,0.0143,0.2822,29.48,6.90
1,4,26.129,0.0,0.3,0.0,0.0117,-0.0669,0.0129,0.2829,14.65,8.65
1,4,26.148,0.0,0.3,0.0,0.0109,-0.0053,0.0144,0.2815,37.69,13.84
1,4,26.165,0.0,0.3,0.0,0.0148,0.0657,0.0172,0.2768,37.12,14.30
1,4,26.185,0.0,0.3,0.0,0.0007,0.0650,0.0151,0.2708,24.11,14.20
1,4,26.202,0.0,0.3,0.0,-0.0081,0.0469,0.0087,0.2669,12.28,12.44
1,4,26.226,0.0,0.3,0.0,-0.0045,0.0195,0.0053,0.2640,14.59,11.54
1,4,26.245,0.0,0.3,0.0,-0.0232,0.0004,0.0095,0.2630,9.38,11.06
1,4,26.267,0.0,0.3,0.0,-0.0138,-0.0113,0.0148,0.2622,7.82,12.42
1,4,26.285,0.0,0.3,0.0,0.0000,-0.0127,0.0157,0.2621,8.10,12.42
1,4,26.305,0.0,0.3,0.0,-0.0151,-0.0140,0.0115,0.2628,11.06,14.07
1,4,26.328,0.0,0.3,0.0,-0.0008,-0.0164,0.0043,0.2642,13.38,13.03
1,4,26.346,0.0,0.3,0.0,0.0012,-0.0015,0.0011,0.2666,14.95,13.03
1,4,26.365,0.0,0.3,0.0,0.0038,0.0047,0.0013,0.2682,21.62,11.52
1,4,26.383,0.0,0.3,0.0,-0.0029,0.0151,0.0049,0.2754,25.76,7.83
1,4,26.402,0.0,0.3,0.0,-0.0131,0.0490,0.0096,0.2794,19.78,4.69
1,4,26.424,0.0,0.3,0.0,-0.0142,0.0562,0.0130,0.2811,7.72,11.79
1,4,26.445,0.0,0.3,0.0,-0.0203,0.0367,0.0165,0.2789,34.21,14.22
1,4,26.468,0.0,0.3,0.0,-0.0070,-0.0242,0.0190,0.2737,38.79,14.56
1,4,26.486,0.0,0.3,0.0,-0.0277,-0.0373,0.0125,0.2679,21.75,12.68
1,4,26.502,0.0,0.3,0.0,-0.0214,-0.0327,0.0077,0.2643,12.38,14.06
1,4,26.521,0.0,0.3,0.0,-0.0170,-0.0274,0.0085,0.2622,14.00,14.97
1,4,26.545,0.0,0.3,0.0,-0.0081,-0.0201,0.0158,0.2612,13.41,13.05
1,4,26.564,0.0,0.3,0.0,0.0030,-0.0010,0.0189,0.2609,9.19,12.99
1,4,26.585,0.0,0.3,0.0,0.0062,0.0204,0.0211,0.2612,9.24,11.76
1,4,26.602,0.0,0.3,0.0,0.0041,0.0238,0.0197,0.2626,9.64,11.74
1,4,26.625,0.0,0.3,0.0,0.0030,0.0203,0.0187,0.2645,13.94,11.95
1,4,26.646,0.0,0.3,0.0,0.0038,0.0161,0.0192,0.2666,21.64,11.30
1,4,26.667,0.0,0.3,0.0,0.0041,-0.0009,0.0211,0.2736,10.55,9.76
1,4,26.682,0.0,0.3,0.0,0.0061,-0.0216,0.0205,0.2768,9.21,8.95
1,4,26.702,0.0,0.3,0.0,0.0028,-0.0564,0.0176,0.2813,14.39,5.07
1,4,26.722,0.0,0.3,0.0,0.0060,-0.0627,0.0147,0.2824,11.09,5.44
1,4,26.746,0.0,0.3,0.0,0.0126,0.0096,0.0164,0.2802,35.08,13.22
1,4,26.765,0.0,0.3,0.0,0.0042,0.0777,0.0201,0.2763,27.16,13.79
1,4,26.783,0.0,0.3,0.0,-0.0016,0.0834,0.0192,0.2726,38.51,14.23
1,4,26.802,0.0,0.3,0.0,-0.0096,0.0599,0.0104,0.2676,17.11,13.56
1,4,26.828,0.0,0.3,0.0,-0.0073,0.0171,0.0074,0.2635,13.04,12.20
1,4,26.844,0.0,0.3,0.0,-0.0165,-0.0027,0.0097,0.2620,10.07,11.21
1,4,26.871,0.0,0.3,0.0,-0.0194,-0.0137,0.0130,0.2617,8.61,12.14
1,4,26.886,0.0,0.3,0.0,-0.0181,-0.0121,0.0123,0.2616,7.46,12.11
1,4,26.905,0.0,0.3,0.0,-0.0112,-0.0109,0.0111,0.2619,11.83,12.93
1,4,26.932,0.0,0.3,0.0,-0.0060,-0.0140,0.0094,0.2644,10.62,12.92
1,4,26.949,0.0,0.3,0.0,-0.0017,-0.0141,0.0084,0.2663,12.83,12.89
1,4,26.967,0.0,0.3,0.0,0.0003,-0.0010,0.0048,0.2708,27.19,10.70
1,4,26.982,0.0,0.3,0.0,0.0015,0.0218,0.0026,0.2756,30.13,10.78
1,4,27.002,0.0,0.3,0.0,-0.0044,0.0580,0.0057,0.2799,28.88,9.16
1,4,27.023,0.0,0.3,0.0,-0.0217,0.0436,0.0094,0.2811,21.10,5.39
1,4,27.048,0.0,0.3,0.0,-0.0309,-0.0231,0.0191,0.2775,29.76,15.53
1,4,27.065,0.0,0.3,0.0,-0.0345,-0.0853,0.0211,0.2733,24.59,13.86
1,5,27.086,0.0,0.0,0.0,0.0000,-0.0761,0.0201,0.2702,36.50,13.65
1,5,27.106,0.0,0.0,0.0,-0.0343,-0.0494,0.0164,0.2658,29.97,12.44
1,5,27.122,0.0,0.0,0.0,-0.0213,-0.0035,0.0152,0.2681,10.53,8.22
1,5,27.144,0.0,0.0,0.0,-0.0165,-0.0289,0.0171,0.2711,14.68,7.94
1,5,27.170,0.0,0.0,0.0,-0.0083,-0.0625,0.0195,0.2735,19.47,9.36
1,5,27.185,0.0,0.0,0.0,-0.0120,-0.0704,0.0193,0.2738,18.99,9.50
1,5,27.202,0.0,0.0,0.0,-0.0123,-0.0703,0.0197,0.2718,26.30,9.41
1,5,27.225,0.0,0.0,0.0,-0.0169,-0.0167,0.0222,0.2700,18.81,9.16
1,5,27.250,0.0,0.0,0.0,-0.0231,0.0179,0.0263,0.2686,9.60,9.58
1,5,27.262,0.0,0.0,0.0,-0.0287,0.0206,0.0276,0.2680,5.75,9.82
1,5,27.285,0.0,0.0,0.0,-0.0303,0.0106,0.0267,0.2676,2.22,8.90
1,5,27.302,0.0,0.0,0.0,-0.0182,0.0059,0.0262,0.2675,1.25,8.87
1,5,27.325,0.0,0.0,0.0,-0.0104,0.0033,0.0256,0.2674,1.22,6.82
1,5,27.346,0.0,0.0,0.0,-0.0073,0.0029,0.0254,0.2673,1.52,6.91
1,5,27.366,0.0,0.0,0.0,-0.0025,0.0022,0.0254,0.2671,1.63,6.54
1,5,27.382,0.0,0.0,0.0,-0.0002,0.0014,0.0256,0.2669,1.62,6.41
1,5,27.402,0.0,0.0,0.0,0.0018,0.0012,0.0254,0.2667,1.47,6.46
1,5,27.425,0.0,0.0,0.0,0.0020,0.0015,0.0247,0.2665,1.38,6.42
1,5,27.445,0.0,0.0,0.0,0.0037,0.0018,0.0243,0.2664,1.28,6.31
1,5,27.464,0.0,0.0,0.0,0.0026,0.0012,0.0241,0.2662,1.17,6.32
1,5,27.482,0.0,0.0,0.0,0.0028,0.0009,0.0241,0.2661,0.95,6.32
1,5,27.502,0.0,0.0,0.0,0.0034,0.0008,0.0239,0.2660,0.86,6.41
1,5,27.526,0.0,0.0,0.0,0.0018,0.0009,0.0237,0.2659,0.76,6.45
1,5,27.548,0.0,0.0,0.0,0.0010,0.0008,0.0235,0.2658,0.70,6.46
1,5,27.561,0.0,0.0,0.0,0.0038,0.0007,0.0234,0.2657,0.63,6.47
1,5,27.581,0.0,0.0,0.0,0.0015,0.0006,0.0232,0.2656,0.54,6.48
1,5,27.602,0.0,0.0,0.0,0.0013,0.0006,0.0231,0.2656,0.48,6.50
1,5,27.626,0.0,0.0,0.0,0.0013,0.0006,0.0230,0.2655,0.44,6.53
1,5,27.644,0.0,0.0,0.0,0.0008,0.0006,0.0229,0.2655,0.37,6.55
1,5,27.665,0.0,0.0,0.0,0.0007,0.0006,0.0228,0.2654,0.34,6.57
1,5,27.682,0.0,0.0,0.0,0.0009,0.0006,0.0227,0.2654,0.32,6.58
1,5,27.702,0.0,0.0,0.0,0.0007,0.0006,0.0226,0.2654,0.32,6.60
1,5,27.726,0.0,0.0,0.0,0.0005,0.0006,0.0225,0.2653,0.31,6.61
1,5,27.745,0.0,0.0,0.0,0.0005,0.0006,0.0225,0.2653,0.30,6.61
1,5,27.765,0.0,0.0,0.0,0.0005,0.0006,0.0224,0.2653,0.30,6.62
1,5,27.782,0.0,0.0,0.0,0.0007,0.0006,0.0223,0.2652,0.28,6.61
1,5,27.805,0.0,0.0,0.0,0.0005,0.0006,0.0222,0.2652,0.27,6.61
1,5,27.827,0.0,0.0,0.0,0.0004,0.0006,0.0221,0.2651,0.26,6.61
1,5,27.845,0.0,0.0,0.0,0.0004,0.0006,0.0220,0.2651,0.25,6.61
1,5,27.864,0.0,0.0,0.0,0.0005,0.0006,0.0220,0.2651,0.24,6.61
1,5,27.884,0.0,0.0,0.0,0.0002,0.0006,0.0219,0.2651,0.24,6.61
1,5,27.902,0.0,0.0,0.0,0.0003,0.0006,0.0218,0.2650,0.24,6.62
1,5,27.926,0.0,0.0,0.0,0.0004,0.0006,0.0218,0.2650,0.23,6.62
1,5,27.946,0.0,0.0,0.0,0.0003,0.0006,0.0217,0.2650,0.22,6.62
1,5,27.966,0.0,0.0,0.0,0.0005,0.0006,0.0216,0.2649,0.22,6.62
1,5,27.985,0.0,0.0,0.0,0.0004,0.0006,0.0216,0.2649,0.22,6.62
1,5,28.002,0.0,0.0,0.0,0.0004,0.0006,0.0215,0.2649,0.21,6.62
1,5,28.025,0.0,0.0,0.0,0.0002,0.0006,0.0214,0.2649,0.21,6.62
1,5,28.045,0.0,0.0,0.0,0.0003,0.0006,0.0214,0.2648,0.21,6.62
1,5,28.065,0.0,0.0,0.0,0.0004,0.0006,0.0213,0.2648,0.20,6.62
1,5,28.085,0.0,0.0,0.0,0.0002,0.0006,0.0213,0.2648,0.20,6.62
1,5,28.102,0.0,0.0,0.0,0.0004,0.0006,0.0212,0.2648,0.19,6.62
1,5,28.124,0.0,0.0,0.0,0.0002,0.0005,0.0211,0.2647,0.19,6.62
1,5,28.147,0.0,0.0,0.0,0.0001,0.0005,0.0211,0.2647,0.19,6.62
1,5,28.166,0.0,0.0,0.0,0.0003,0.0005,0.0210,0.2647,0.19,6.62
1,5,28.181,0.0,0.0,0.0,0.0003,0.0005,0.0210,0.2647,0.18,6.62
1,5,28.202,0.0,0.0,0.0,0.0002,0.0005,0.0209,0.2646,0.18,6.62
1,5,28.227,0.0,0.0,0.0,0.0003,0.0005,0.0209,0.2646,0.17,6.62
1,5,28.245,0.0,0.0,0.0,0.0003,0.0005,0.0208,0.2646,0.17,6.62
1,5,28.272,0.0,0.0,0.0,0.0001,0.0005,0.0207,0.2646,0.17,6.62
1,5,28.285,0.0,0.0,0.0,0.0001,0.0005,0.0207,0.2646,0.17,6.62
1,5,28.302,0.0,0.0,0.0,0.0003,0.0005,0.0207,0.2645,0.17,6.61
1,5,28.329,0.0,0.0,0.0,0.0002,0.0005,0.0206,0.2645,0.16,6.61
1,5,28.347,0.0,0.0,0.0,0.0002,0.0005,0.0205,0.2645,0.16,6.61
1,5,28.363,0.0,0.0,0.0,0.0002,0.0005,0.0205,0.2645,0.16,6.61
1,5,28.382,0.0,0.0,0.0,0.0002,0.0005,0.0204,0.2645,0.16,6.61
1,5,28.401,0.0,0.0,0.0,0.0002,0.0005,0.0204,0.2644,0.16,6.61
1,5,28.428,0.0,0.0,0.0,0.0001,0.0005,0.0203,0.2644,0.15,6.61
1,5,28.452,0.0,0.0,0.0,0.0001,0.0005,0.0203,0.2644,0.15,6.61
1,5,28.466,0.0,0.0,0.0,0.0003,0.0005,0.0202,0.2644,0.15,6.61
1,5,28.482,0.0,0.0,0.0,0.0001,0.0006,0.0202,0.2644,0.15,6.60
1,5,28.501,0.0,0.0,0.0,0.0002,0.0005,0.0201,0.2644,0.14,6.60
1,5,28.523,0.0,0.0,0.0,0.0002,0.0005,0.0201,0.2643,0.14,6.60
1,5,28.546,0.0,0.0,0.0,0.0001,0.0005,0.0200,0.2643,0.14,6.60
1,5,28.569,0.0,0.0,0.0,0.0001,0.0005,0.0199,0.2643,0.14,6.60
1,5,28.581,0.0,0.0,0.0,0.0002,0.0005,0.0199,0.2643,0.14,6.60
1,5,28.602,0.0,0.0,0.0,0.0001,0.0005,0.0199,0.2643,0.14,6.60
1,5,28.622,0.0,0.0,0.0,0.0001,0.0005,0.0198,0.2643,0.13,6.60
1,5,28.646,0.0,0.0,0.0,0.0001,0.0005,0.0198,0.2642,0.13,6.60
1,5,28.666,0.0,0.0,0.0,0.0001,0.0005,0.0197,0.2642,0.13,6.60
1,5,28.686,0.0,0.0,0.0,0.0001,0.0005,0.0197,0.2642,0.13,6.59
1,5,28.702,0.0,0.0,0.0,0.0001,0.0005,0.0196,0.2642,0.13,6.59
1,5,28.729,0.0,0.0,0.0,0.0001,0.0005,0.0196,0.2642,0.13,6.59
1,5,28.748,0.0,0.0,0.0,0.0001,0.0005,0.0195,0.2641,0.12,6.59
1,5,28.766,0.0,0.0,0.0,0.0001,0.0005,0.0195,0.2641,0.12,6.59
1,5,28.782,0.0,0.0,0.0,0.0001,0.0005,0.0194,0.2641,0.12,6.59
1,5,28.805,0.0,0.0,0.0,0.0001,0.0006,0.0194,0.2641,0.12,6.59
1,5,28.826,0.0,0.0,0.0,0.0001,0.0006,0.0193,0.2641,0.12,6.59
1,5,28.848,0.0,0.0,0.0,0.0001,0.0006,0.0193,0.2641,0.11,6.59
1,5,28.867,0.0,0.0,0.0,0.0001,0.0006,0.0192,0.2641,0.11,6.59
1,5,28.885,0.0,0.0,0.0,0.0001,0.0006,0.0192,0.2641,0.11,6.59
1,5,28.902,0.0,0.0,0.0,0.0001,0.0006,0.0191,0.2640,0.11,6.58
1,5,28.929,0.0,0.0,0.0,0.0000,0.0005,0.0191,0.2640,0.11,6.58
1,5,28.946,0.0,0.0,0.0,0.0000,0.0005,0.0190,0.2640,0.11,6.58
1,5,28.970,0.0,0.0,0.0,0.0000,0.0005,0.0190,0.2640,0.11,6.58
1,5,28.984,0.0,0.0,0.0,0.0000,0.0006,0.0189,0.2640,0.10,6.58
1,5,29.002,0.0,0.0,0.0,0.0000,0.0006,0.0189,0.2640,0.10,6.58
1,5,29.032,0.0,0.0,0.0,0.0000,0.0006,0.0188,0.2640,0.10,6.58
1,5,29.044,0.0,0.0,0.0,0.0000,0.0006,0.0188,0.2639,0.10,6.58
1,5,29.064,0.0,0.0,0.0,0.0000,0.0006,0.0188,0.2639,0.10,6.57
1,5,29.082,0.0,0.0,0.0,0.0000,0.0006,0.0187,0.2639,0.10,6.57
1,5,29.102,0.0,0.0,0.0,0.0000,0.0006,0.0187,0.2639,0.10,6.57
1,5,29.127,0.0,0.0,0.0,0.0000,0.0006,0.0186,0.2639,0.10,6.57
1,5,29.145,0.0,0.0,0.0,0.0000,0.0006,0.0186,0.2639,0.09,6.57
1,5,29.166,0.0,0.0,0.0,0.0000,0.0006,0.0186,0.2639,0.09,6.57
1,5,29.184,0.0,0.0,0.0,0.0000,0.0006,0.0185,0.2639,0.09,6.57
1,5,29.203,0.0,0.0,0.0,0.0000,0.0006,0.0185,0.2639,0.09,6.57
1,5,29.227,0.0,0.0,0.0,-0.0000,0.0006,0.0184,0.2638,0.09,6.57
1,5,29.245,0.0,0.0,0.0,0.0000,0.0005,0.0184,0.2638,0.09,6.57
1,5,29.264,0.0,0.0,0.0,-0.0000,0.0005,0.0183,0.2638,0.09,6.57
1,5,29.283,0.0,0.0,0.0,-0.0000,0.0005,0.0183,0.2638,0.09,6.56
1,5,29.302,0.0,0.0,0.0,-0.0000,0.0005,0.0183,0.2638,0.09,6.56
1,5,29.324,0.0,0.0,0.0,-0.0000,0.0005,0.0182,0.2638,0.09,6.56
1,5,29.347,0.0,0.0,0.0,-0.0000,0.0005,0.0182,0.2638,0.08,6.56
1,5,29.367,0.0,0.0,0.0,-0.0000,0.0005,0.0181,0.2638,0.08,6.56
1,5,29.382,0.0,0.0,0.0,-0.0000,0.0005,0.0181,0.2638,0.08,6.56
1,5,29.402,0.0,0.0,0.0,-0.0000,0.0005,0.0181,0.2638,0.08,6.56
1,5,29.425,0.0,0.0,0.0,-0.0000,0.0005,0.0180,0.2637,0.08,6.56
1,5,29.451,0.0,0.0,0.0,-0.0000,0.0005,0.0180,0.2637,0.08,6.56
1,5,29.467,0.0,0.0,0.0,-0.0000,0.0005,0.0179,0.2637,0.08,6.56
1,5,29.482,0.0,0.0,0.0,-0.0000,0.0005,0.0179,0.2637,0.08,6.55
1,5,29.502,0.0,0.0,0.0,-0.0000,0.0005,0.0179,0.2637,0.08,6.55
1,5,29.527,0.0,0.0,0.0,-0.0000,0.0005,0.0178,0.2637,0.08,6.55
1,5,29.548,0.0,0.0,0.0,-0.0000,0.0005,0.0178,0.2637,0.07,6.55
1,5,29.565,0.0,0.0,0.0,-0.0000,0.0005,0.0177,0.2637,0.07,6.55
1,5,29.585,0.0,0.0,0.0,-0.0000,0.0005,0.0177,0.2637,0.07,6.55
1,5,29.602,0.0,0.0,0.0,-0.0000,0.0005,0.0177,0.2637,0.07,6.55
1,5,29.625,0.0,0.0,0.0,-0.0000,0.0005,0.0176,0.2637,0.07,6.54
1,5,29.647,0.0,0.0,0.0,-0.0000,0.0005,0.0176,0.2636,0.07,6.54
1,5,29.668,0.0,0.0,0.0,-0.0001,0.0005,0.0175,0.2636,0.07,6.54
1,5,29.685,0.0,0.0,0.0,-0.0000,0.0005,0.0175,0.2636,0.07,6.54
1,5,29.702,0.0,0.0,0.0,-0.0001,0.0005,0.0175,0.2636,0.07,6.54
1,5,29.726,0.0,0.0,0.0,-0.0000,0.0005,0.0174,0.2636,0.06,6.54
1,5,29.749,0.0,0.0,0.0,-0.0001,0.0005,0.0174,0.2636,0.06,6.54
1,5,29.763,0.0,0.0,0.0,-0.0000,0.0005,0.0173,0.2636,0.06,6.54
1,5,29.782,0.0,0.0,0.0,-0.0001,0.0005,0.0173,0.2636,0.06,6.54
1,5,29.801,0.0,0.0,0.0,-0.0001,0.0005,0.0173,0.2636,0.06,6.53
1,5,29.824,0.0,0.0,0.0,-0.0001,0.0005,0.0172,0.2636,0.06,6.53
1,5,29.849,0.0,0.0,0.0,-0.0001,0.0005,0.0172,0.2636,0.06,6.53
1,5,29.872,0.0,0.0,0.0,-0.0000,0.0005,0.0171,0.2636,0.06,6.53
1,5,29.883,0.0,0.0,0.0,-0.0001,0.0005,0.0171,0.2636,0.06,6.53
1,5,29.902,0.0,0.0,0.0,-0.0001,0.0005,0.0171,0.2635,0.06,6.53
1,5,29.924,0.0,0.0,0.0,-0.0001,0.0005,0.0170,0.2635,0.06,6.53
1,5,29.944,0.0,0.0,0.0,-0.0001,0.0005,0.0170,0.2635,0.06,6.52
1,5,29.967,0.0,0.0,0.0,-0.0001,0.0005,0.0170,0.2635,0.06,6.52
1,5,29.982,0.0,0.0,0.0,-0.0001,0.0005,0.0169,0.2635,0.06,6.52
1,5,30.002,0.0,0.0,0.0,-0.0001,0.0005,0.0169,0.2635,0.06,6.52
1,5,30.025,0.0,0.0,0.0,-0.0001,0.0005,0.0169,0.2635,0.06,6.52
1,5,30.047,0.0,0.0,0.0,-0.0001,0.0005,0.0168,0.2635,0.06,6.52
1,5,30.069,0.0,0.0,0.0,-0.0000,0.0005,0.0168,0.2635,0.05,6.52
1,5,30.082,0.0,0.0,0.0,-0.0001,0.0005,0.0168,0.2635,0.05,6.52
2,0,0.003,0.0,0.0,0.0,0.0000,0.0002,0.1101,0.2217,0.20,11.42
2,0,0.024,0.0,0.0,0.0,-0.0000,0.0002,0.1101,0.2218,0.44,26.15
2,0,0.046,0.0,0.0,0.0,0.0283,-0.0704,0.1008,0.2243,118.17,24.80
2,0,0.068,0.0,0.0,0.0,0.0494,-0.0939,0.0893,0.2274,99.44,21.88
2,0,0.085,0.0,0.0,0.0,0.0955,-0.0910,0.0872,0.2291,85.66,21.05
2,0,0.102,0.0,0.0,0.0,0.1750,-0.0905,0.0841,0.2346,56.73,13.90
2,0,0.124,0.0,0.0,0.0,0.1703,-0.1455,0.0819,0.2394,62.13,17.29
2,0,0.145,0.0,0.0,0.0,0.1745,-0.1500,0.0794,0.2414,62.35,16.57
2,0,0.170,0.0,0.0,0.0,0.2390,-0.1025,0.0740,0.2480,44.99,18.10
2,0,0.185,0.0,0.0,0.0,0.2282,-0.0148,0.0682,0.2507,51.72,21.02
2,0,0.204,0.0,0.0,0.0,0.0921,0.0040,0.0667,0.2516,52.92,19.86
2,0,0.223,0.0,0.0,0.0,0.4266,-0.0710,0.0602,0.2549,39.76,14.83
2,0,0.246,0.0,0.0,0.0,0.2768,-0.0917,0.0478,0.2563,56.46,15.34
2,0,0.268,0.0,0.0,0.0,0.3726,-0.0030,0.0467,0.2594,27.98,7.40
2,0,0.283,0.0,0.0,0.0,0.2599,0.0760,0.0418,0.2608,22.72,7.47
2,0,0.304,0.0,0.0,0.0,0.2767,0.1009,0.0298,0.2619,43.52,12.86
2,0,0.324,0.0,0.0,0.0,0.0970,0.1070,0.0268,0.2624,40.14,12.12
2,0,0.346,0.0,0.0,0.0,0.3655,-0.0111,0.0179,0.2653,18.90,6.88
2,0,0.370,0.0,0.0,0.0,0.3543,-0.0221,0.0222,0.2657,19.42,8.48
2,0,0.383,0.0,0.0,0.0,0.1461,0.0176,0.0279,0.2659,14.86,8.35
2,0,0.404,0.0,0.0,0.0,0.3087,0.0681,0.0110,0.2663,27.23,12.46
2,0,0.423,0.0,0.0,0.0,0.2607,0.0690,0.0183,0.2675,18.56,6.36
2,0,0.444,0.0,0.0,0.0,0.1176,0.0577,0.0198,0.2679,7.81,5.96
2,0,0.465,0.0,0.0,0.0,0.1713,0.0478,0.0069,0.2684,17.90,11.03
2,0,0.486,0.0,0.0,0.0,0.1771,0.0689,0.0207,0.2689,17.68,10.10
2,0,0.506,0.0,0.0,0.0,0.1100,0.0803,0.0123,0.2691,24.07,12.42
2,0,0.521,0.0,0.0,0.0,0.1421,0.0834,0.0226,0.2702,26.41,6.55
2,0,0.544,0.0,0.0,0.0,0.0996,0.0670,0.0273,0.2707,6.45,9.14
2,0,0.566,0.0,0.0,0.0,0.0736,0.0509,0.0114,0.2708,17.71,12.64
2,0,0.584,0.0,0.0,0.0,0.0195,0.0304,0.0147,0.2711,19.44,5.66
2,0,0.603,0.0,0.0,0.0,0.0291,0.0356,0.0154,0.2717,10.59,10.35
2,0,0.625,0.0,0.0,0.0,0.0075,0.0416,0.0144,0.2713,20.26,9.49
2,0,0.644,0.0,0.0,0.0,-0.0054,0.0408,0.0255,0.2715,5.53,8.89
2,0,0.668,0.0,0.0,0.0,-0.0160,0.0254,0.0183,0.2717,13.87,11.48
2,0,0.690,0.0,0.0,0.0,-0.0218,0.0118,0.0073,0.2715,10.72,7.57
2,0,0.704,0.0,0.0,0.0,-0.0660,0.0105,0.0050,0.2715,3.35,5.76
2,0,0.724,0.0,0.0,0.0,-0.0715,0.0091,0.0102,0.2713,6.84,6.26
2,0,0.745,0.0,0.0,0.0,-0.0381,0.0156,0.0133,0.2712,4.58,6.39
2,0,0.771,0.0,0.0,0.0,-0.0750,0.0266,0.0078,0.2708,4.09,7.05
2,0,0.789,0.0,0.0,0.0,-0.0644,0.0306,0.0013,0.2706,5.67,5.23
2,0,0.805,0.0,0.0,0.0,-0.0931,0.0283,0.0017,0.2702,4.32,6.22
2,0,0.829,0.0,0.0,0.0,-0.1223,0.0301,0.0029,0.2698,4.75,6.10
2,0,0.850,0.0,0.0,0.0,-0.0727,0.0307,0.0064,0.2695,4.50,6.16
2,0,0.864,0.0,0.0,0.0,-0.0892,0.0306,0.0075,0.2692,4.11,6.66
2,0,0.886,0.0,0.0,0.0,-0.1109,0.0293,0.0045,0.2687,4.34,7.74
2,0,0.906,0.0,0.0,0.0,-0.0770,0.0270,0.0054,0.2682,4.24,6.22
2,0,0.925,0.0,0.0,0.0,-0.0272,0.0268,0.0058,0.2681,4.33,6.38
2,0,0.945,0.0,0.0,0.0,-0.1248,0.0261,0.0071,0.2676,4.76,6.12
2,0,0.964,0.0,0.0,0.0,-0.0744,0.0222,0.0078,0.2671,4.50,6.58
2,0,0.985,0.0,0.0,0.0,-0.0483,0.0153,0.0081,0.2669,4.35,6.61
2,0,1.004,0.0,0.0,0.0,-0.0440,0.0087,0.0089,0.2663,3.91,7.05
2,0,1.025,0.0,0.0,0.0,-0.0770,0.0084,0.0094,0.2659,3.45,7.16
2,0,1.050,0.0,0.0,0.0,-0.0330,0.0082,0.0100,0.2655,3.01,7.24
2,0,1.065,0.0,0.0,0.0,-0.0253,0.0076,0.0102,0.2653,2.71,7.27
2,0,1.084,0.0,0.0,0.0,-0.0183,0.0065,0.0104,0.2650,2.22,7.22
2,0,1.108,0.0,0.0,0.0,-0.0114,0.0054,0.0105,0.2648,1.73,7.23
2,0,1.129,0.0,0.0,0.0,-0.0037,0.0026,0.0103,0.2646,0.97,7.18
2,0,1.154,0.0,0.0,0.0,0.0016,0.0010,0.0100,0.2645,0.71,7.18
2,0,1.168,0.0,0.0,0.0,0.0031,0.0009,0.0099,0.2645,0.68,7.19
2,0,1.189,0.0,0.0,0.0,0.0033,0.0009,0.0097,0.2644,0.58,7.31
2,0,1.204,0.0,0.0,0.0,0.0013,0.0009,0.0096,0.2643,0.55,7.31
2,0,1.227,0.0,0.0,0.0,0.0028,0.0009,0.0095,0.2643,0.49,7.36
2,0,1.244,0.0,0.0,0.0,0.0023,0.0008,0.0094,0.2642,0.44,7.38
2,0,1.265,0.0,0.0,0.0,0.0021,0.0007,0.0093,0.2642,0.40,7.38
2,0,1.285,0.0,0.0,0.0,0.0027,0.0006,0.0092,0.2641,0.36,7.38
2,0,1.303,0.0,0.0,0.0,0.0018,0.0006,0.0091,0.2641,0.34,7.38
2,0,1.325,0.0,0.0,0.0,0.0016,0.0006,0.0091,0.2641,0.31,7.38
2,0,1.345,0.0,0.0,0.0,0.0015,0.0006,0.0090,0.2640,0.30,7.37
2,0,1.373,0.0,0.0,0.0,0.0015,0.0006,0.0090,0.2640,0.29,7.36
2,0,1.384,0.0,0.0,0.0,0.0017,0.0006,0.0090,0.2640,0.28,7.36
2,0,1.403,0.0,0.0,0.0,0.0009,0.0006,0.0090,0.2639,0.27,7.35
2,0,1.424,0.0,0.0,0.0,0.0020,0.0006,0.0089,0.2639,0.26,7.33
2,0,1.445,0.0,0.0,0.0,0.0012,0.0006,0.0089,0.2639,0.25,7.32
2,0,1.465,0.0,0.0,0.0,0.0009,0.0006,0.0089,0.2639,0.25,7.32
2,0,1.488,0.0,0.0,0.0,0.0014,0.0006,0.0088,0.2638,0.24,7.30
2,0,1.503,0.0,0.0,0.0,0.0013,0.0006,0.0088,0.2638,0.24,7.28
2,0,1.526,0.0,0.0,0.0,0.0008,0.0006,0.0088,0.2638,0.24,7.29
2,0,1.548,0.0,0.0,0.0,0.0016,0.0006,0.0088,0.2637,0.23,7.27
2,0,1.565,0.0,0.0,0.0,0.0011,0.0006,0.0087,0.2637,0.23,7.26
2,0,1.590,0.0,0.0,0.0,0.0005,0.0006,0.0087,0.2637,0.22,7.26
2,0,1.603,0.0,0.0,0.0,0.0019,0.0006,0.0087,0.2637,0.22,7.25
2,0,1.623,0.0,0.0,0.0,0.0011,0.0006,0.0087,0.2637,0.22,7.23
2,0,1.649,0.0,0.0,0.0,0.0010,0.0006,0.0087,0.2636,0.21,7.22
2,0,1.668,0.0,0.0,0.0,0.0009,0.0006,0.0087,0.2636,0.21,7.22
2,0,1.684,0.0,0.0,0.0,0.0010,0.0006,0.0086,0.2636,0.20,7.22
2,0,1.703,0.0,0.0,0.0,0.0010,0.0006,0.0086,0.2636,0.20,7.20
2,0,1.729,0.0,0.0,0.0,0.0010,0.0006,0.0086,0.2635,0.20,7.19
2,0,1.748,0.0,0.0,0.0,0.0013,0.0006,0.0086,0.2635,0.19,7.18
2,0,1.766,0.0,0.0,0.0,0.0009,0.0006,0.0086,0.2635,0.19,7.18
2,0,1.787,0.0,0.0,0.0,0.0008,0.0006,0.0085,0.2635,0.19,7.17
2,0,1.802,0.0,0.0,0.0,0.0008,0.0006,0.0085,0.2635,0.18,7.17
2,0,1.824,0.0,0.0,0.0,0.0010,0.0006,0.0085,0.2634,0.18,7.16
2,0,1.846,0.0,0.0,0.0,0.0008,0.0006,0.0085,0.2634,0.18,7.15
2,0,1.871,0.0,0.0,0.0,0.0008,0.0006,0.0085,0.2634,0.17,7.14
2,0,1.883,0.0,0.0,0.0,0.0004,0.0006,0.0085,0.2634,0.17,7.15
2,0,1.909,0.0,0.0,0.0,0.0009,0.0006,0.0085,0.2634,0.17,7.13
2,0,1.926,0.0,0.0,0.0,0.0010,0.0006,0.0085,0.2633,0.16,7.13
2,0,1.946,0.0,0.0,0.0,0.0007,0.0006,0.0084,0.2633,0.16,7.12
2,0,1.970,0.0,0.0,0.0,0.0008,0.0006,0.0084,0.2633,0.16,7.11
2,0,1.985,0.0,0.0,0.0,0.0004,0.0006,0.0084,0.2633,0.16,7.11
2,0,2.002,0.0,0.0,0.0,0.0011,0.0006,0.0084,0.2633,0.15,7.10
2,0,2.027,0.0,0.0,0.0,0.0005,0.0006,0.0084,0.2633,0.15,7.10
2,0,2.045,0.0,0.0,0.0,0.0007,0.0006,0.0084,0.2632,0.15,7.09
2,0,2.068,0.0,0.0,0.0,0.0009,0.0006,0.0084,0.2632,0.15,7.09
2,0,2.082,0.0,0.0,0.0,0.0005,0.0006,0.0084,0.2632,0.15,7.09
2,0,2.105,0.0,0.0,0.0,0.0007,0.0006,0.0083,0.2632,0.15,7.08
2,0,2.125,0.0,0.0,0.0,0.0008,0.0006,0.0083,0.2632,0.14,7.08
2,0,2.143,0.0,0.0,0.0,0.0007,0.0006,0.0083,0.2632,0.14,7.07
2,0,2.167,0.0,0.0,0.0,0.0008,0.0006,0.0083,0.2631,0.14,7.07
2,0,2.183,0.0,0.0,0.0,0.0005,0.0006,0.0083,0.2631,0.14,7.06
2,0,2.204,0.0,0.0,0.0,0.0007,0.0006,0.0083,0.2631,0.14,7.06
2,0,2.223,0.0,0.0,0.0,0.0009,0.0006,0.0083,0.2631,0.13,7.06
2,0,2.245,0.0,0.0,0.0,0.0006,0.0006,0.0083,0.2631,0.13,7.05
2,0,2.267,0.0,0.0,0.0,0.0006,0.0006,0.0083,0.2631,0.13,7.05
2,0,2.285,0.0,0.0,0.0,0.0005,0.0006,0.0082,0.2631,0.13,7.04
2,0,2.303,0.0,0.0,0.0,0.0006,0.0006,0.0082,0.2630,0.13,7.04
2,0,2.323,0.0,0.0,0.0,0.0006,0.0006,0.0082,0.2630,0.13,7.04
2,0,2.344,0.0,0.0,0.0,0.0007,0.0006,0.0082,0.2630,0.12,7.03
2,0,2.365,0.0,0.0,0.0,0.0005,0.0006,0.0082,0.2630,0.12,7.03
2,0,2.388,0.0,0.0,0.0,0.0004,0.0006,0.0082,0.2630,0.12,7.03
2,0,2.404,0.0,0.0,0.0,0.0007,0.0006,0.0082,0.2630,0.12,7.02
2,0,2.426,0.0,0.0,0.0,0.0006,0.0006,0.0082,0.2630,0.12,7.02
2,0,2.449,0.0,0.0,0.0,0.0007,0.0006,0.0082,0.2629,0.11,7.02
2,0,2.465,0.0,0.0,0.0,0.0005,0.0006,0.0082,0.2629,0.11,7.02
2,0,2.484,0.0,0.0,0.0,0.0007,0.0006,0.0081,0.2629,0.11,7.02
2,0,2.505,0.0,0.0,0.0,0.0005,0.0006,0.0081,0.2629,0.11,7.01
2,0,2.524,0.0,0.0,0.0,0.0006,0.0006,0.0081,0.2629,0.11,7.01
2,0,2.544,0.0,0.0,0.0,0.0005,0.0006,0.0081,0.2629,0.11,7.01
2,0,2.565,0.0,0.0,0.0,0.0004,0.0006,0.0081,0.2629,0.11,7.00
2,0,2.582,0.0,0.0,0.0,0.0005,0.0006,0.0081,0.2629,0.10,7.00
2,0,2.602,0.0,0.0,0.0,0.0006,0.0006,0.0081,0.2628,0.10,7.00
2,0,2.623,0.0,0.0,0.0,0.0004,0.0006,0.0081,0.2628,0.10,7.00
2,0,2.644,0.0,0.0,0.0,0.0006,0.0006,0.0081,0.2628,0.10,7.00
2,0,2.664,0.0,0.0,0.0,0.0004,0.0006,0.0081,0.2628,0.10,6.99
2,0,2.698,0.0,0.0,0.0,0.0004,0.0006,0.0081,0.2628,0.10,6.99
2,0,2.709,0.0,0.0,0.0,0.0004,0.0006,0.0080,0.2628,0.09,6.99
2,0,2.725,0.0,0.0,0.0,0.0004,0.0006,0.0080,0.2628,0.09,6.99
2,0,2.750,0.0,0.0,0.0,0.0005,0.0006,0.0080,0.2628,0.09,6.99
2,0,2.765,0.0,0.0,0.0,0.0004,0.0006,0.0080,0.2628,0.09,6.99
2,0,2.783,0.0,0.0,0.0,0.0005,0.0006,0.0080,0.2627,0.09,6.98
2,0,2.803,0.0,0.0,0.0,0.0004,0.0006,0.0080,0.2627,0.09,6.98
2,0,2.823,0.0,0.0,0.0,0.0005,0.0006,0.0080,0.2627,0.09,6.98
2,0,2.848,0.0,0.0,0.0,0.0004,0.0006,0.0080,0.2627,0.09,6.98
2,0,2.866,0.0,0.0,0.0,0.0003,0.0006,0.0080,0.2627,0.08,6.98
2,0,2.885,0.0,0.0,0.0,0.0005,0.0006,0.0080,0.2627,0.08,6.97
2,0,2.904,0.0,0.0,0.0,0.0003,0.0006,0.0080,0.2627,0.08,6.97
2,0,2.924,0.0,0.0,0.0,0.0005,0.0006,0.0080,0.2627,0.08,6.97
2,0,2.945,0.0,0.0,0.0,0.0003,0.0006,0.0079,0.2627,0.08,6.97
2,0,2.963,0.0,0.0,0.0,0.0003,0.0006,0.0079,0.2627,0.08,6.97
2,0,2.985,0.0,0.0,0.0,0.0002,0.0006,0.0079,0.2627,0.08,6.97
2,1,3.009,0.3,0.0,0.0,0.0000,0.0006,0.0079,0.2627,0.08,6.97
2,1,3.026,0.3,0.0,0.0,0.0005,0.0006,0.0079,0.2626,0.08,6.97
2,1,3.043,0.3,0.0,0.0,0.0041,-0.0054,0.0076,0.2624,9.66,15.23
2,1,3.065,0.3,0.0,0.0,0.0095,-0.0008,0.0075,0.2600,7.65,15.94
2,1,3.089,0.3,0.0,0.0,0.0116,0.0025,0.0094,0.2565,8.47,16.21
2,1,3.104,0.3,0.0,0.0,0.0080,0.0027,0.0099,0.2559,8.62,16.16
2,1,3.125,0.3,0.0,0.0,0.0350,0.0078,0.0125,0.2535,8.27,15.89
2,1,3.149,0.3,0.0,0.0,0.0244,0.0141,0.0147,0.2528,8.51,15.23
2,1,3.168,0.3,0.0,0.0,0.0681,0.0166,0.0153,0.2528,8.54,15.23
2,1,3.186,0.3,0.0,0.0,0.0339,0.0261,0.0185,0.2536,8.33,14.34
2,1,3.206,0.3,0.0,0.0,0.0373,0.0294,0.0209,0.2549,12.22,13.41
2,1,3.226,0.3,0.0,0.0,0.0197,0.0293,0.0225,0.2567,8.83,12.39
2,1,3.249,0.3,0.0,0.0,0.0624,0.0250,0.0256,0.2594,10.84,11.46
2,1,3.265,0.3,0.0,0.0,0.0572,0.0203,0.0292,0.2629,11.66,11.69
2,1,3.289,0.3,0.0,0.0,0.0594,0.0240,0.0341,0.2668,8.37,9.57
2,1,3.304,0.3,0.0,0.0,0.0638,0.0329,0.0331,0.2683,10.74,9.75
2,1,3.323,0.3,0.0,0.0,0.0949,0.0207,0.0236,0.2702,11.96,13.26
2,1,3.343,0.3,0.0,0.0,0.0536,0.0151,0.0181,0.2698,14.60,13.87
2,1,3.364,0.3,0.0,0.0,0.1345,0.0183,0.0127,0.2673,15.96,14.65
2,1,3.383,0.3,0.0,0.0,0.0834,0.0079,0.0110,0.2643,15.38,15.99
2,1,3.404,0.3,0.0,0.0,0.0517,0.0083,0.0100,0.2625,12.65,16.02
2,1,3.425,0.3,0.0,0.0,0.1389,0.0085,0.0098,0.2578,5.52,15.76
2,1,3.444,0.3,0.0,0.0,0.0812,0.0035,0.0112,0.2560,3.69,15.03
2,1,3.466,0.3,0.0,0.0,0.0808,-0.0069,0.0127,0.2549,3.49,14.75
2,1,3.486,0.3,0.0,0.0,0.1413,-0.0108,0.0137,0.2548,4.43,14.53
2,1,3.504,0.3,0.0,0.0,0.0896,-0.0127,0.0153,0.2556,5.28,14.35
2,1,3.523,0.3,0.0,0.0,0.0630,-0.0177,0.0172,0.2570,8.12,14.11
2,1,3.545,0.3,0.0,0.0,0.1667,-0.0187,0.0194,0.2594,8.81,13.30
2,1,3.564,0.3,0.0,0.0,0.1391,-0.0121,0.0217,0.2625,8.02,11.59
2,1,3.585,0.3,0.0,0.0,0.1037,0.0025,0.0241,0.2659,3.21,11.69
2,1,3.604,0.3,0.0,0.0,0.1500,-0.0247,0.0219,0.2691,6.76,10.84
2,1,3.625,0.3,0.0,0.0,0.1502,-0.0337,0.0139,0.2695,13.91,13.42
2,1,3.647,0.3,0.0,0.0,0.1020,-0.0374,0.0113,0.2686,20.47,14.57
2,1,3.667,0.3,0.0,0.0,0.1262,-0.0386,0.0123,0.2660,7.36,15.72
2,1,3.685,0.3,0.0,0.0,0.0960,-0.0360,0.0132,0.2629,8.25,15.70
2,1,3.703,0.3,0.0,0.0,0.0658,-0.0324,0.0130,0.2618,8.67,16.67
2,1,3.723,0.3,0.0,0.0,0.1701,-0.0236,0.0117,0.2598,8.43,16.29
2,1,3.745,0.3,0.0,0.0,0.0857,-0.0077,0.0098,0.2585,9.23,15.16
2,1,3.767,0.3,0.0,0.0,0.0905,0.0100,0.0079,0.2581,8.86,15.04
2,1,3.782,0.3,0.0,0.0,0.1749,0.0175,0.0059,0.2582,7.63,13.18
2,1,3.802,0.3,0.0,0.0,0.1387,0.0206,0.0042,0.2589,8.22,12.52
2,1,3.824,0.3,0.0,0.0,0.2122,0.0207,0.0022,0.2611,8.44,11.74
2,1,3.848,0.3,0.0,0.0,0.1378,0.0168,0.0010,0.2632,7.39,11.75
2,1,3.871,0.3,0.0,0.0,0.1330,0.0061,0.0015,0.2669,9.80,10.67
2,1,3.888,0.3,0.0,0.0,0.1550,-0.0094,0.0027,0.2693,10.84,10.76
2,1,3.905,0.3,0.0,0.0,0.1532,-0.0323,0.0038,0.2712,9.00,9.18
2,1,3.923,0.3,0.0,0.0,0.1747,-0.0261,0.0021,0.2738,4.73,9.33
2,1,3.947,0.3,0.0,0.0,0.0788,-0.0134,0.0033,0.2733,14.36,12.88
2,1,3.969,0.3,0.0,0.0,0.1453,0.0251,0.0073,0.2717,28.17,12.86
2,1,3.984,0.3,0.0,0.0,0.1377,0.0392,0.0118,0.2678,26.33,15.33
2,1,4.003,0.3,0.0,0.0,0.2148,0.0373,0.0121,0.2635,17.82,14.60
2,1,4.024,0.3,0.0,0.0,0.0943,0.0306,0.0105,0.2601,7.52,14.17
2,1,4.045,0.3,0.0,0.0,0.1980,0.0261,0.0098,0.2586,7.40,14.08
2,1,4.070,0.3,0.0,0.0,0.1523,0.0087,0.0092,0.2559,7.66,13.44
2,1,4.085,0.3,0.0,0.0,0.2101,-0.0027,0.0086,0.2557,6.21,13.08
2,1,4.102,0.3,0.0,0.0,0.0946,-0.0114,0.0081,0.2562,6.85,12.86
2,1,4.125,0.3,0.0,0.0,0.2371,-0.0235,0.0081,0.2575,7.68,12.71
2,1,4.146,0.3,0.0,0.0,0.1071,-0.0296,0.0095,0.2598,15.47,12.33
2,1,4.165,0.3,0.0,0.0,0.1974,-0.0272,0.0119,0.2636,12.13,10.71
2,1,4.185,0.3,0.0,0.0,0.1986,-0.0088,0.0130,0.2678,20.27,10.01
2,1,4.204,0.3,0.0,0.0,0.1729,0.0144,0.0122,0.2714,17.65,6.59
2,1,4.224,0.3,0.0,0.0,0.1728,0.0670,0.0110,0.2729,15.10,9.73
2,1,4.248,0.3,0.0,0.0,0.1414,-0.0425,0.0117,0.2704,30.13,13.48
2,1,4.265,0.3,0.0,0.0,0.1080,-0.0567,0.0122,0.2682,17.80,13.32
2,1,4.289,0.3,0.0,0.0,0.1236,-0.0523,0.0131,0.2650,10.53,14.32
2,1,4.305,0.3,0.0,0.0,0.1029,-0.0473,0.0130,0.2623,5.19,14.67
2,1,4.323,0.3,0.0,0.0,0.1004,-0.0391,0.0128,0.2606,8.40,14.54
2,1,4.344,0.3,0.0,0.0,0.1556,-0.0100,0.0122,0.2584,9.96,13.94
2,1,4.365,0.3,0.0,0.0,0.1743,-0.0003,0.0120,0.2579,9.56,13.31
2,1,4.395,0.3,0.0,0.0,0.1172,0.0162,0.0107,0.2580,8.56,12.50
2,1,4.407,0.3,0.0,0.0,0.1351,0.0178,0.0104,0.2581,8.42,12.40
2,1,4.426,0.3,0.0,0.0,0.1833,0.0243,0.0093,0.2595,11.65,11.68
2,1,4.445,0.3,0.0,0.0,0.1544,0.0289,0.0085,0.2624,8.88,11.31
2,1,4.465,0.3,0.0,0.0,0.0914,0.0199,0.0078,0.2650,20.45,10.72
2,1,4.485,0.3,0.0,0.0,0.1364,0.0059,0.0067,0.2683,22.73,10.69
2,1,4.506,0.3,0.0,0.0,0.1875,-0.0397,0.0064,0.2742,11.11,6.93
2,1,4.525,0.3,0.0,0.0,0.2065,-0.0262,0.0086,0.2742,8.86,8.35
2,1,4.550,0.3,0.0,0.0,0.1175,0.0191,0.0124,0.2724,24.83,13.18
2,1,4.565,0.3,0.0,0.0,0.2408,0.0322,0.0135,0.2705,16.41,13.13
2,1,4.585,0.3,0.0,0.0,0.1121,0.0426,0.0127,0.2653,21.64,14.05
2,1,4.604,0.3,0.0,0.0,0.1816,0.0313,0.0113,0.2616,10.38,14.00
2,1,4.624,0.3,0.0,0.0,0.1227,0.0206,0.0112,0.2584,7.66,13.50
2,1,4.644,0.3,0.0,0.0,0.1445,0.0092,0.0110,0.2572,7.16,12.91
2,1,4.669,0.3,0.0,0.0,0.0950,-0.0086,0.0102,0.2561,4.70,12.76
2,1,4.687,0.3,0.0,0.0,0.1238,-0.0147,0.0099,0.2558,4.74,12.77
2,1,4.703,0.3,0.0,0.0,0.1743,-0.0158,0.0099,0.2561,5.44,12.73
2,1,4.731,0.3,0.0,0.0,0.1401,-0.0191,0.0107,0.2577,10.54,12.77
2,1,4.746,0.3,0.0,0.0,0.0587,-0.0226,0.0125,0.2602,9.76,12.39
2,1,4.767,0.3,0.0,0.0,0.0982,-0.0220,0.0136,0.2623,29.97,10.96
2,1,4.786,0.3,0.0,0.0,0.2048,-0.0079,0.0144,0.2672,9.25,8.81
2,1,4.804,0.3,0.0,0.0,0.1147,0.0387,0.0142,0.2711,35.64,7.61
2,1,4.825,0.3,0.0,0.0,0.0472,0.0232,0.0132,0.2724,8.69,7.73
2,1,4.845,0.3,0.0,0.0,0.1792,-0.0182,0.0099,0.2711,29.83,14.01
2,1,4.863,0.3,0.0,0.0,0.1606,-0.0455,0.0102,0.2687,31.35,14.97
2,1,4.886,0.3,0.0,0.0,0.0658,-0.0587,0.0118,0.2651,17.18,14.95
2,1,4.906,0.3,0.0,0.0,0.1466,-0.0588,0.0127,0.2622,11.33,15.71
2,1,4.923,0.3,0.0,0.0,0.1520,-0.0444,0.0117,0.2594,9.45,15.88
2,1,4.943,0.3,0.0,0.0,0.0771,-0.0301,0.0109,0.2585,8.31,15.17
2,1,4.965,0.3,0.0,0.0,0.1608,-0.0078,0.0093,0.2576,9.04,14.13
2,1,4.989,0.3,0.0,0.0,0.1228,0.0158,0.0080,0.2580,8.62,13.06
2,1,5.002,0.3,0.0,0.0,0.1489,0.0184,0.0078,0.2582,8.70,13.01
2,1,5.023,0.3,0.0,0.0,0.1962,0.0268,0.0068,0.2599,14.46,11.69
2,1,5.044,0.3,0.0,0.0,0.0998,0.0274,0.0058,0.2620,7.29,11.32
2,1,5.066,0.3,0.0,0.0,0.1333,0.0201,0.0048,0.2647,13.06,10.62
2,1,5.082,0.3,0.0,0.0,0.1533,0.0017,0.0033,0.2687,13.57,9.03
2,1,5.104,0.3,0.0,0.0,0.1456,-0.0374,0.0029,0.2728,5.81,6.92
2,1,5.123,0.3,0.0,0.0,0.1717,-0.0420,0.0044,0.2736,4.14,9.09
2,1,5.145,0.3,0.0,0.0,0.1461,0.0108,0.0090,0.2725,20.75,12.71
2,1,5.169,0.3,0.0,0.0,0.1466,0.0340,0.0134,0.2677,19.64,14.91
2,1,5.190,0.3,0.0,0.0,0.1406,0.0362,0.0132,0.2657,14.88,14.64
2,1,5.204,0.3,0.0,0.0,0.1638,0.0331,0.0120,0.2627,9.96,14.18
2,1,5.224,0.3,0.0,0.0,0.1382,0.0220,0.0113,0.2594,8.60,13.48
2,1,5.246,0.3,0.0,0.0,0.1236,0.0090,0.0109,0.2580,6.28,12.84
2,1,5.268,0.3,0.0,0.0,0.1361,-0.0045,0.0098,0.2569,5.22,12.76
2,1,5.288,0.3,0.0,0.0,0.0855,-0.0128,0.0089,0.2567,5.70,12.83
2,1,5.304,0.3,0.0,0.0,0.1907,-0.0136,0.0085,0.2568,6.17,12.85
2,1,5.324,0.3,0.0,0.0,0.1322,-0.0173,0.0092,0.2580,8.97,12.84
2,1,5.354,0.3,0.0,0.0,0.1350,-0.0248,0.0122,0.2613,10.68,12.24
2,1,5.368,0.3,0.0,0.0,0.2200,-0.0267,0.0134,0.2632,9.13,12.13
2,1,5.383,0.3,0.0,0.0,0.1364,-0.0241,0.0142,0.2650,9.31,10.66
2,1,5.403,0.3,0.0,0.0,0.1705,0.0300,0.0132,0.2714,37.34,6.81
2,1,5.423,0.3,0.0,0.0,0.1569,0.0188,0.0094,0.2728,11.95,10.30
2,1,5.444,0.3,0.0,0.0,0.1769,-0.0379,0.0093,0.2702,43.41,13.83
2,1,5.468,0.3,0.0,0.0,0.1764,-0.0644,0.0104,0.2672,18.75,14.58
2,1,5.486,0.3,0.0,0.0,0.0969,-0.0742,0.0105,0.2636,9.29,15.22
2,1,5.504,0.3,0.0,0.0,0.1558,-0.0541,0.0100,0.2613,5.64,15.14
2,1,5.523,0.3,0.0,0.0,0.1483,-0.0257,0.0093,0.2588,8.20,14.79
2,1,5.546,0.3,0.0,0.0,0.1355,-0.0070,0.0085,0.2577,8.58,13.89
2,1,5.568,0.3,0.0,0.0,0.1244,0.0028,0.0081,0.2574,9.57,13.71
2,1,5.589,0.3,0.0,0.0,0.1099,0.0199,0.0071,0.2575,8.56,12.26
2,1,5.603,0.3,0.0,0.0,0.1870,0.0227,0.0068,0.2581,8.22,12.21
2,1,5.624,0.3,0.0,0.0,0.1834,0.0276,0.0063,0.2597,15.21,11.83
2,1,5.643,0.3,0.0,0.0,0.1474,0.0228,0.0051,0.2636,10.16,11.50
2,1,5.668,0.3,0.0,0.0,0.2100,0.0171,0.0043,0.2671,7.69,10.43
2,1,5.687,0.3,0.0,0.0,0.1098,-0.0103,0.0041,0.2705,8.63,9.74
2,1,5.702,0.3,0.0,0.0,0.1289,-0.0328,0.0042,0.2728,22.88,7.09
2,1,5.724,0.3,0.0,0.0,0.2299,-0.0223,0.0049,0.2740,6.73,9.23
2,1,5.744,0.3,0.0,0.0,0.0996,0.0034,0.0066,0.2729,26.72,12.38
2,1,5.766,0.3,0.0,0.0,0.1282,0.0338,0.0096,0.2684,21.24,14.49
2,1,5.787,0.3,0.0,0.0,0.1792,0.0444,0.0095,0.2653,14.48,14.19
2,1,5.805,0.3,0.0,0.0,0.0938,0.0426,0.0091,0.2643,14.20,14.19
2,1,5.824,0.3,0.0,0.0,0.1056,0.0284,0.0081,0.2596,13.41,14.08
2,1,5.845,0.3,0.0,0.0,0.1353,0.0120,0.0088,0.2572,5.92,13.41
2,1,5.864,0.3,0.0,0.0,0.1157,-0.0018,0.0086,0.2560,8.95,13.41
2,1,5.883,0.3,0.0,0.0,0.1548,-0.0115,0.0082,0.2555,4.88,13.10
2,1,5.903,0.3,0.0,0.0,0.1746,-0.0127,0.0082,0.2560,5.80,13.06
2,1,5.924,0.3,0.0,0.0,0.0874,-0.0178,0.0094,0.2573,7.43,13.06
2,1,5.945,0.3,0.0,0.0,0.1850,-0.0231,0.0118,0.2596,11.69,12.58
2,1,5.966,0.3,0.0,0.0,0.1509,-0.0214,0.0153,0.2635,8.71,11.02
2,1,5.986,0.3,0.0,0.0,0.0528,-0.0146,0.0160,0.2656,15.98,11.05
2,1,6.006,0.3,0.0,0.0,0.1734,0.0155,0.0159,0.2706,25.99,9.71
2,1,6.025,0.3,0.0,0.0,0.1279,0.0171,0.0140,0.2721,4.32,10.64
2,1,6.049,0.3,0.0,0.0,0.1328,-0.0218,0.0132,0.2716,13.30,14.15
2,1,6.065,0.3,0.0,0.0,0.0798,-0.0464,0.0130,0.2698,31.31,14.98
2,1,6.088,0.3,0.0,0.0,0.1205,-0.0418,0.0134,0.2642,17.70,15.20
2,1,6.104,0.3,0.0,0.0,0.1188,-0.0357,0.0133,0.2627,6.26,15.16
2,1,6.126,0.3,0.0,0.0,0.1476,-0.0344,0.0128,0.2598,7.98,15.51
2,1,6.145,0.3,0.0,0.0,0.1520,-0.0132,0.0116,0.2582,8.92,14.81
2,1,6.169,0.3,0.0,0.0,0.0974,-0.0035,0.0109,0.2579,8.13,13.94
2,1,6.187,0.3,0.0,0.0,0.1922,0.0074,0.0099,0.2579,8.17,13.81
2,1,6.203,0.3,0.0,0.0,0.1341,0.0158,0.0090,0.2583,8.57,12.43
2,1,6.224,0.3,0.0,0.0,0.2063,0.0199,0.0079,0.2607,8.24,11.67
2,1,6.248,0.3,0.0,0.0,0.1014,0.0208,0.0072,0.2625,14.73,11.47
2,1,6.265,0.3,0.0,0.0,0.1261,0.0132,0.0059,0.2658,12.50,11.35
2,1,6.287,0.3,0.0,0.0,0.1743,-0.0059,0.0043,0.2689,16.51,8.85
2,1,6.308,0.3,0.0,0.0,0.1738,-0.0377,0.0033,0.2718,8.38,9.05
2,1,6.323,0.3,0.0,0.0,0.0702,-0.0581,0.0037,0.2743,7.32,7.23
2,1,6.345,0.3,0.0,0.0,0.1763,-0.0034,0.0086,0.2725,30.36,12.79
2,1,6.363,0.3,0.0,0.0,0.1587,0.0263,0.0115,0.2704,25.84,12.83
2,1,6.391,0.3,0.0,0.0,0.1878,0.0477,0.0146,0.2645,14.22,15.41
2,1,6.405,0.3,0.0,0.0,0.1306,0.0406,0.0130,0.2617,10.76,13.83
2,1,6.424,0.3,0.0,0.0,0.1683,0.0307,0.0108,0.2593,9.79,13.84
2,1,6.444,0.3,0.0,0.0,0.1769,0.0150,0.0090,0.2565,7.09,13.48
2,1,6.464,0.3,0.0,0.0,0.1393,0.0064,0.0087,0.2559,6.52,13.15
2,1,6.484,0.3,0.0,0.0,0.1283,-0.0050,0.0084,0.2556,6.52,12.86
2,1,6.506,0.3,0.0,0.0,0.1627,-0.0146,0.0081,0.2563,7.32,12.56
2,1,6.523,0.3,0.0,0.0,0.1405,-0.0262,0.0084,0.2581,9.99,12.42
2,1,6.546,0.3,0.0,0.0,0.2128,-0.0309,0.0099,0.2609,8.78,12.00
2,1,6.565,0.3,0.0,0.0,0.1004,-0.0285,0.0108,0.2634,16.96,10.64
2,1,6.584,0.3,0.0,0.0,0.1513,-0.0125,0.0110,0.2674,8.86,9.58
2,1,6.603,0.3,0.0,0.0,0.1777,0.0303,0.0105,0.2717,44.42,6.05
2,1,6.624,0.3,0.0,0.0,0.0949,0.0466,0.0102,0.2738,20.54,6.35
2,1,6.646,0.3,0.0,0.0,0.2399,0.0076,0.0108,0.2725,26.77,13.23
2,1,6.666,0.3,0.0,0.0,0.1380,-0.0466,0.0117,0.2688,51.14,13.40
2,1,6.691,0.3,0.0,0.0,0.1449,-0.0557,0.0125,0.2636,8.73,14.79
2,1,6.709,0.3,0.0,0.0,0.1169,-0.0615,0.0123,0.2610,8.75,14.41
2,1,6.723,0.3,0.0,0.0,0.1577,-0.0441,0.0117,0.2590,9.08,14.66
2,1,6.753,0.3,0.0,0.0,0.1048,-0.0172,0.0110,0.2580,8.72,14.00
2,1,6.766,0.3,0.0,0.0,0.1470,-0.0112,0.0109,0.2577,9.33,13.88
2,1,6.783,0.3,0.0,0.0,0.1294,0.0116,0.0100,0.2574,8.99,13.30
2,1,6.808,0.3,0.0,0.0,0.1214,0.0149,0.0098,0.2577,9.15,12.45
2,1,6.826,0.3,0.0,0.0,0.1570,0.0220,0.0093,0.2600,10.64,11.72
2,1,6.846,0.3,0.0,0.0,0.1233,0.0216,0.0089,0.2625,8.82,11.41
2,1,6.866,0.3,0.0,0.0,0.1550,0.0191,0.0073,0.2665,7.81,10.29
2,1,6.884,0.3,0.0,0.0,0.1719,-0.0037,0.0062,0.2696,14.54,9.05
2,1,6.903,0.3,0.0,0.0,0.1792,-0.0486,0.0055,0.2738,8.84,6.80
2,1,6.926,0.3,0.0,0.0,0.1018,-0.0491,0.0059,0.2744,8.03,7.13
2,1,6.952,0.3,0.0,0.0,0.2022,-0.0068,0.0087,0.2732,19.10,12.25
2,1,6.970,0.3,0.0,0.0,0.1316,0.0395,0.0123,0.2690,16.39,14.61
2,1,6.987,0.3,0.0,0.0,0.1337,0.0444,0.0132,0.2672,14.96,14.38
2,1,7.003,0.3,0.0,0.0,0.1571,0.0441,0.0130,0.2640,11.22,13.97
2,1,7.026,0.3,0.0,0.0,0.1718,0.0261,0.0112,0.2591,8.98,13.58
2,1,7.043,0.3,0.0,0.0,0.0830,0.0178,0.0106,0.2578,7.98,13.47
2,1,7.064,0.3,0.0,0.0,0.1524,-0.0026,0.0097,0.2560,5.03,13.00
2,1,7.083,0.3,0.0,0.0,0.1516,-0.0101,0.0095,0.2558,5.11,12.86
2,1,7.104,0.3,0.0,0.0,0.1166,-0.0151,0.0096,0.2563,5.83,12.81
2,1,7.123,0.3,0.0,0.0,0.1594,-0.0226,0.0111,0.2584,7.35,12.72
2,1,7.146,0.3,0.0,0.0,0.1333,-0.0263,0.0130,0.2607,10.57,12.23
2,1,7.169,0.3,0.0,0.0,0.0848,-0.0265,0.0148,0.2638,10.47,10.86
2,1,7.187,0.3,0.0,0.0,0.1790,-0.0131,0.0155,0.2676,12.24,10.82
2,1,7.203,0.3,0.0,0.0,0.2112,0.0319,0.0153,0.2722,21.00,6.91
2,1,7.225,0.3,0.0,0.0,0.1418,0.0183,0.0146,0.2726,4.74,10.45
2,1,7.244,0.3,0.0,0.0,0.1662,-0.0434,0.0139,0.2710,24.96,14.40
2,1,7.265,0.3,0.0,0.0,0.1066,-0.0666,0.0137,0.2674,10.63,14.99
2,1,7.289,0.3,0.0,0.0,0.0968,-0.0540,0.0137,0.2649,8.73,15.06
2,1,7.306,0.3,0.0,0.0,0.1309,-0.0452,0.0130,0.2613,8.77,15.41
2,1,7.323,0.3,0.0,0.0,0.2013,-0.0250,0.0123,0.2596,8.09,15.47
2,1,7.345,0.3,0.0,0.0,0.1317,-0.0067,0.0108,0.2580,9.10,14.63
2,1,7.366,0.3,0.0,0.0,0.1220,0.0017,0.0100,0.2578,8.18,13.87
2,1,7.386,0.3,0.0,0.0,0.1500,0.0092,0.0090,0.2582,7.49,12.92
2,1,7.402,0.3,0.0,0.0,0.1972,0.0171,0.0080,0.2590,7.56,12.18
2,1,7.423,0.3,0.0,0.0,0.1493,0.0228,0.0071,0.2607,12.95,11.75
2,1,7.447,0.3,0.0,0.0,0.1038,0.0237,0.0065,0.2627,6.21,11.25
2,1,7.470,0.3,0.0,0.0,0.1653,0.0085,0.0041,0.2670,12.82,10.74
2,1,7.485,0.3,0.0,0.0,0.2108,0.0022,0.0036,0.2683,23.23,8.98
2,1,7.506,0.3,0.0,0.0,0.1699,-0.0384,0.0025,0.2748,14.56,6.85
2,1,7.523,0.3,0.0,0.0,0.2046,-0.0227,0.0053,0.2742,15.19,9.92
2,1,7.548,0.3,0.0,0.0,0.1531,-0.0078,0.0064,0.2738,16.29,10.10
2,1,7.565,0.3,0.0,0.0,0.1356,0.0410,0.0109,0.2696,20.51,13.06
2,1,7.584,0.3,0.0,0.0,0.1272,0.0538,0.0114,0.2673,22.07,13.77
2,1,7.608,0.3,0.0,0.0,0.1717,0.0339,0.0107,0.2620,14.47,13.48
2,1,7.623,0.3,0.0,0.0,0.1172,0.0171,0.0105,0.2597,8.62,13.39
2,1,7.649,0.3,0.0,0.0,0.1362,0.0016,0.0098,0.2573,7.17,12.73
2,1,7.666,0.3,0.0,0.0,0.1095,-0.0047,0.0092,0.2568,5.56,12.75
2,1,7.688,0.3,0.0,0.0,0.1181,-0.0111,0.0085,0.2569,5.17,12.70
2,1,7.718,0.3,0.0,0.0,0.1075,-0.0163,0.0081,0.2572,7.21,12.56
2,1,7.726,0.3,0.0,0.0,0.0000,-0.0163,0.0081,0.2572,7.21,12.56
2,1,7.745,0.3,0.0,0.0,0.2531,-0.0234,0.0091,0.2594,13.46,12.31
2,1,7.765,0.3,0.0,0.0,0.1385,-0.0258,0.0108,0.2628,11.04,10.95
2,1,7.785,0.3,0.0,0.0,0.2223,-0.0050,0.0118,0.2684,18.24,9.65
2,1,7.802,0.3,0.0,0.0,0.1342,0.0229,0.0113,0.2718,10.11,9.71
2,1,7.824,0.3,0.0,0.0,0.1568,0.0285,0.0105,0.2731,6.47,9.33
2,1,7.846,0.3,0.0,0.0,0.0462,-0.0237,0.0103,0.2717,27.20,13.47
2,1,7.868,0.3,0.0,0.0,0.1910,-0.0483,0.0108,0.2666,16.43,14.54
2,1,7.884,0.3,0.0,0.0,0.1499,-0.0488,0.0106,0.2657,7.08,14.32
2,1,7.906,0.3,0.0,0.0,0.0943,-0.0603,0.0102,0.2631,6.56,14.23
2,1,7.925,0.3,0.0,0.0,0.1666,-0.0296,0.0094,0.2602,7.62,14.51
2,1,7.945,0.3,0.0,0.0,0.1252,-0.0073,0.0084,0.2582,9.50,14.08
2,1,7.965,0.3,0.0,0.0,0.1292,0.0087,0.0075,0.2579,7.86,13.21
2,1,7.986,0.3,0.0,0.0,0.1647,0.0141,0.0068,0.2582,8.00,13.07
2,1,8.003,0.3,0.0,0.0,0.1253,0.0185,0.0063,0.2586,7.18,11.90
2,1,8.023,0.3,0.0,0.0,0.0979,0.0227,0.0059,0.2597,6.58,11.77
2,1,8.046,0.3,0.0,0.0,0.1959,0.0248,0.0052,0.2618,11.98,11.57
2,1,8.066,0.3,0.0,0.0,0.1205,0.0188,0.0039,0.2661,8.59,10.65
2,1,8.088,0.3,0.0,0.0,0.1553,0.0052,0.0035,0.2684,2.50,10.73
2,1,8.104,0.3,0.0,0.0,0.1554,-0.0276,0.0043,0.2734,4.10,9.36
2,1,8.125,0.3,0.0,0.0,0.1650,-0.0239,0.0052,0.2743,4.34,9.03
2,1,8.146,0.3,0.0,0.0,0.1518,0.0145,0.0082,0.2732,18.97,12.60
2,1,8.169,0.3,0.0,0.0,0.1194,0.0374,0.0119,0.2706,30.00,15.15
2,1,8.188,0.3,0.0,0.0,0.1016,0.0313,0.0131,0.2671,18.42,15.18
2,1,8.204,0.3,0.0,0.0,0.1330,0.0274,0.0124,0.2649,11.69,14.28
2,1,8.223,0.3,0.0,0.0,0.1322,0.0230,0.0103,0.2616,9.31,14.03
2,1,8.245,0.3,0.0,0.0,0.1747,0.0171,0.0086,0.2588,8.15,13.86
2,1,8.271,0.3,0.0,0.0,0.1064,0.0058,0.0074,0.2567,5.67,13.41
2,1,8.286,0.3,0.0,0.0,0.1191,-0.0037,0.0068,0.2561,5.29,13.32
2,1,8.305,0.3,0.0,0.0,0.1553,-0.0133,0.0065,0.2564,7.29,13.03
2,1,8.323,0.3,0.0,0.0,0.1782,-0.0167,0.0069,0.2574,7.68,12.99
2,1,8.346,0.3,0.0,0.0,0.1336,-0.0242,0.0102,0.2610,11.17,12.54
2,1,8.369,0.3,0.0,0.0,0.2141,-0.0172,0.0127,0.2658,8.28,10.75
2,1,8.385,0.3,0.0,0.0,0.1280,-0.0122,0.0129,0.2672,15.55,10.91
2,1,8.403,0.3,0.0,0.0,0.1775,0.0208,0.0127,0.2705,13.63,9.83
2,1,8.425,0.3,0.0,0.0,0.1605,0.0210,0.0115,0.2723,4.71,10.13
2,1,8.445,0.3,0.0,0.0,0.1348,-0.0288,0.0111,0.2714,16.28,14.26
2,1,8.465,0.3,0.0,0.0,0.1150,-0.0544,0.0112,0.2681,17.77,14.83
2,1,8.484,0.3,0.0,0.0,0.1053,-0.0426,0.0113,0.2648,7.17,14.92
2,1,8.505,0.3,0.0,0.0,0.1269,-0.0403,0.0109,0.2625,8.05,15.06
2,1,8.524,0.3,0.0,0.0,0.1601,-0.0269,0.0103,0.2602,7.60,15.10
2,1,8.547,0.3,0.0,0.0,0.1284,-0.0067,0.0092,0.2583,8.22,14.29
2,1,8.573,0.3,0.0,0.0,0.1167,0.0074,0.0078,0.2576,7.99,13.37
2,1,8.584,0.3,0.0,0.0,0.1899,0.0125,0.0072,0.2576,7.73,13.34
2,1,8.605,0.3,0.0,0.0,0.1855,0.0211,0.0061,0.2583,10.57,12.08
2,1,8.626,0.3,0.0,0.0,0.1594,0.0192,0.0052,0.2609,7.42,11.62
2,1,8.646,0.3,0.0,0.0,0.1408,0.0214,0.0046,0.2625,17.65,11.59
2,1,8.664,0.3,0.0,0.0,0.1439,0.0174,0.0036,0.2664,4.83,10.40
2,1,8.685,0.3,0.0,0.0,0.1688,-0.0220,0.0035,0.2708,15.13,9.45
2,1,8.702,0.3,0.0,0.0,0.0643,-0.0350,0.0039,0.2723,5.07,9.56
2,1,8.725,0.3,0.0,0.0,0.2658,-0.0200,0.0050,0.2737,11.22,10.00
2,1,8.744,0.3,0.0,0.0,0.1610,0.0089,0.0073,0.2729,14.52,9.98
2,1,8.763,0.3,0.0,0.0,0.0997,0.0343,0.0113,0.2710,20.11,13.07
2,1,8.784,0.3,0.0,0.0,0.1659,0.0382,0.0133,0.2662,30.77,14.91
2,1,8.803,0.3,0.0,0.0,0.1327,0.0270,0.0120,0.2630,9.84,14.02
2,1,8.823,0.3,0.0,0.0,0.0834,0.0251,0.0107,0.2613,14.87,13.99
2,1,8.848,0.3,0.0,0.0,0.1698,0.0202,0.0095,0.2581,7.74,13.96
2,1,8.865,0.3,0.0,0.0,0.1212,0.0040,0.0084,0.2561,6.88,13.45
2,1,8.890,0.3,0.0,0.0,0.0676,-0.0013,0.0078,0.2559,6.34,13.04
2,1,8.905,0.3,0.0,0.0,0.1996,-0.0101,0.0068,0.2559,6.79,12.93
2,1,8.925,0.3,0.0,0.0,0.1831,-0.0184,0.0070,0.2576,10.20,12.90
2,1,8.946,0.3,0.0,0.0,0.1322,-0.0220,0.0084,0.2599,8.46,12.60
2,1,8.963,0.3,0.0,0.0,0.1399,-0.0269,0.0105,0.2628,16.36,11.08
2,1,8.985,0.3,0.0,0.0,0.1659,-0.0211,0.0115,0.2657,13.01,11.06
2,1,9.003,0.3,0.0,0.0,0.1348,0.0465,0.0108,0.2726,16.95,7.71
2,2,9.027,0.6,0.0,0.0,0.0000,0.0380,0.0091,0.2726,9.56,3.20
2,2,9.044,0.6,0.0,0.0,0.2223,-0.0033,0.0078,0.2705,25.72,11.59
2,2,9.068,0.6,0.0,0.0,0.0977,-0.0580,0.0080,0.2679,51.51,17.14
2,2,9.083,0.6,0.0,0.0,0.1813,-0.0670,0.0085,0.2644,41.15,16.98
2,2,9.103,0.6,0.0,0.0,0.1648,-0.0486,0.0073,0.2570,12.99,17.45
2,2,9.126,0.6,0.0,0.0,0.1465,-0.0410,0.0044,0.2527,16.66,17.69
2,2,9.148,0.6,0.0,0.0,0.1524,-0.0144,0.0026,0.2513,15.56,17.03
2,2,9.164,0.6,0.0,0.0,0.2518,0.0065,0.0029,0.2503,14.79,15.69
2,2,9.184,0.6,0.0,0.0,0.2432,0.0314,0.0060,0.2505,15.29,14.41
2,2,9.204,0.6,0.0,0.0,0.2880,0.0387,0.0099,0.2521,14.90,13.27
2,2,9.223,0.6,0.0,0.0,0.2190,0.0425,0.0130,0.2541,17.99,12.47
2,2,9.246,0.6,0.0,0.0,0.2307,0.0462,0.0174,0.2588,15.07,12.05
2,2,9.268,0.6,0.0,0.0,0.2246,0.0252,0.0223,0.2653,27.58,11.90
2,2,9.283,0.6,0.0,0.0,0.3796,-0.0034,0.0264,0.2689,22.34,11.25
2,2,9.305,0.6,0.0,0.0,0.3531,0.0056,0.0281,0.2732,20.88,7.90
2,2,9.324,0.6,0.0,0.0,0.1183,0.0205,0.0218,0.2755,12.73,13.44
2,2,9.346,0.6,0.0,0.0,0.3836,0.0196,0.0117,0.2750,33.50,15.65
2,2,9.366,0.6,0.0,0.0,0.2978,0.0269,0.0049,0.2722,41.76,15.24
2,2,9.385,0.6,0.0,0.0,0.3629,0.0192,0.0026,0.2675,38.45,15.49
2,2,9.403,0.6,0.0,0.0,0.3843,0.0198,0.0040,0.2624,26.05,16.56
2,2,9.424,0.6,0.0,0.0,0.3702,0.0328,0.0061,0.2587,16.85,16.07
2,2,9.445,0.6,0.0,0.0,0.1819,0.0281,0.0080,0.2562,11.52,15.54
2,2,9.464,0.6,0.0,0.0,0.2640,0.0178,0.0096,0.2548,10.12,14.94
2,2,9.483,0.6,0.0,0.0,0.2936,0.0117,0.0104,0.2540,10.05,14.40
2,2,9.504,0.6,0.0,0.0,0.3941,0.0008,0.0115,0.2543,14.18,14.16
2,2,9.524,0.6,0.0,0.0,0.3248,-0.0106,0.0136,0.2558,11.80,13.74
2,2,9.546,0.6,0.0,0.0,0.4101,-0.0299,0.0164,0.2589,18.91,13.14
2,2,9.564,0.6,0.0,0.0,0.2142,-0.0290,0.0177,0.2614,23.09,12.10
2,2,9.585,0.6,0.0,0.0,0.4219,-0.0093,0.0189,0.2669,34.44,11.11
2,2,9.602,0.6,0.0,0.0,0.3487,0.0235,0.0186,0.2721,27.68,7.47
2,2,9.624,0.6,0.0,0.0,0.3557,0.0456,0.0160,0.2767,30.94,4.90
2,2,9.649,0.6,0.0,0.0,0.4907,-0.0028,0.0110,0.2767,20.31,10.97
2,2,9.665,0.6,0.0,0.0,0.2666,-0.0657,0.0118,0.2727,40.26,13.68
2,2,9.686,0.6,0.0,0.0,0.4021,-0.0722,0.0145,0.2679,44.20,15.46
2,2,9.702,0.6,0.0,0.0,0.2599,-0.0612,0.0150,0.2632,24.61,16.20
2,2,9.724,0.6,0.0,0.0,0.4897,-0.0547,0.0135,0.2586,17.02,16.00
2,2,9.744,0.6,0.0,0.0,0.3228,-0.0432,0.0123,0.2558,19.01,15.35
2,2,9.765,0.6,0.0,0.0,0.3412,-0.0215,0.0103,0.2543,17.69,13.99
2,2,9.784,0.6,0.0,0.0,0.3047,-0.0084,0.0088,0.2540,18.63,13.80
2,2,9.805,0.6,0.0,0.0,0.3310,0.0079,0.0077,0.2542,19.11,12.36
2,2,9.823,0.6,0.0,0.0,0.4603,0.0262,0.0079,0.2564,19.64,11.64
2,2,9.848,0.6,0.0,0.0,0.3749,0.0347,0.0082,0.2591,27.41,11.53
2,2,9.864,0.6,0.0,0.0,0.3567,0.0286,0.0082,0.2619,20.70,11.20
2,2,9.883,0.6,0.0,0.0,0.3620,0.0072,0.0092,0.2691,30.17,8.58
2,2,9.902,0.6,0.0,0.0,0.5155,-0.0199,0.0112,0.2749,20.30,7.06
2,2,9.923,0.6,0.0,0.0,0.4883,-0.0679,0.0140,0.2792,16.34,8.31
2,2,9.946,0.6,0.0,0.0,0.3882,-0.0407,0.0149,0.2777,58.71,12.80
2,2,9.963,0.6,0.0,0.0,0.3734,0.0185,0.0159,0.2734,62.95,15.02
2,2,9.982,0.6,0.0,0.0,0.3546,0.0378,0.0162,0.2697,110.16,15.14
2,2,10.004,0.6,0.0,0.0,0.4867,0.0593,0.0165,0.2615,30.98,14.44
2,2,10.024,0.6,0.0,0.0,0.3431,0.0666,0.0148,0.2572,33.24,13.10
2,2,10.053,0.6,0.0,0.0,0.2652,0.0342,0.0120,0.2547,17.75,12.64
2,2,10.065,0.6,0.0,0.0,0.6516,0.0275,0.0113,0.2542,19.70,12.53
2,2,10.084,0.6,0.0,0.0,0.3032,-0.0014,0.0093,0.2523,15.41,12.20
2,2,10.104,0.6,0.0,0.0,0.3703,-0.0115,0.0097,0.2536,15.20,12.34
2,2,10.123,0.6,0.0,0.0,0.5011,-0.0233,0.0114,0.2556,22.18,12.51
2,2,10.145,0.6,0.0,0.0,0.3523,-0.0366,0.0139,0.2580,22.52,12.09
2,2,10.165,0.6,0.0,0.0,0.2373,-0.0388,0.0151,0.2604,60.51,12.37
2,2,10.183,0.6,0.0,0.0,0.4968,-0.0247,0.0144,0.2665,29.34,10.59
2,2,10.205,0.6,0.0,0.0,0.4137,0.0236,0.0110,0.2736,59.20,7.06
2,2,10.223,0.6,0.0,0.0,0.3379,0.0695,0.0077,0.2793,17.63,4.22
2,2,10.248,0.6,0.0,0.0,0.5279,0.0341,0.0084,0.2789,39.64,13.09
2,2,10.264,0.6,0.0,0.0,0.3527,-0.0444,0.0131,0.2735,45.02,14.59
2,2,10.284,0.6,0.0,0.0,0.1963,-0.0510,0.0138,0.2706,85.16,15.09
2,2,10.302,0.6,0.0,0.0,0.3980,-0.0547,0.0131,0.2645,41.12,15.77
2,2,10.324,0.6,0.0,0.0,0.4756,-0.0486,0.0111,0.2606,13.87,14.87
2,2,10.344,0.6,0.0,0.0,0.2197,-0.0414,0.0085,0.2575,16.71,14.59
2,2,10.367,0.6,0.0,0.0,0.4632,-0.0135,0.0059,0.2552,18.79,13.25
2,2,10.383,0.6,0.0,0.0,0.3087,0.0037,0.0047,0.2545,17.70,12.09
2,2,10.402,0.6,0.0,0.0,0.2382,0.0171,0.0044,0.2545,16.99,11.95
2,2,10.426,0.6,0.0,0.0,0.5096,0.0320,0.0039,0.2575,19.07,11.85
2,2,10.449,0.6,0.0,0.0,0.3805,0.0356,0.0036,0.2600,23.51,11.84
2,2,10.466,0.6,0.0,0.0,0.2781,0.0355,0.0040,0.2640,38.86,10.99
2,2,10.482,0.6,0.0,0.0,0.5154,0.0106,0.0049,0.2707,24.66,9.23
2,2,10.502,0.6,0.0,0.0,0.5601,-0.0264,0.0055,0.2762,21.92,8.17
2,2,10.522,0.6,0.0,0.0,0.4005,-0.0390,0.0058,0.2799,14.91,4.03
2,2,10.549,0.6,0.0,0.0,0.5223,0.0111,0.0094,0.2783,54.20,12.67
2,2,10.567,0.6,0.0,0.0,0.5058,0.0536,0.0123,0.2748,56.53,14.94
2,2,10.583,0.6,0.0,0.0,0.2303,0.0755,0.0128,0.2704,51.83,14.50
2,2,10.603,0.6,0.0,0.0,0.3590,0.0587,0.0113,0.2653,24.02,14.19
2,2,10.622,0.6,0.0,0.0,0.4895,0.0441,0.0096,0.2612,17.28,13.32
2,2,10.646,0.6,0.0,0.0,0.3578,0.0228,0.0073,0.2559,14.62,12.54
2,2,10.665,0.6,0.0,0.0,0.4501,0.0134,0.0067,0.2548,14.17,12.54
2,2,10.688,0.6,0.0,0.0,0.3519,-0.0048,0.0065,0.2537,12.81,11.77
2,2,10.705,0.6,0.0,0.0,0.2721,-0.0048,0.0065,0.2537,13.76,11.67
2,2,10.740,0.6,0.0,0.0,0.1506,-0.0191,0.0071,0.2549,22.65,12.36
2,2,10.745,0.6,0.0,0.0,0.1506,-0.0191,0.0071,0.2549,22.65,12.36
2,2,10.769,0.6,0.0,0.0,0.4506,-0.0331,0.0094,0.2598,45.32,12.90
2,2,10.782,0.6,0.0,0.0,0.4866,-0.0224,0.0105,0.2653,32.29,11.25
2,2,10.802,0.6,0.0,0.0,0.4039,0.0250,0.0084,0.2728,39.38,7.37
2,2,10.825,0.6,0.0,0.0,0.5245,0.0782,0.0061,0.2787,15.16,6.26
2,2,10.845,0.6,0.0,0.0,0.4843,0.0531,0.0073,0.2768,85.18,14.38
2,2,10.864,0.6,0.0,0.0,0.3482,-0.0193,0.0088,0.2718,47.65,15.33
2,2,10.882,0.6,0.0,0.0,0.4466,-0.0543,0.0087,0.2666,40.53,15.79
2,2,10.904,0.6,0.0,0.0,0.3252,-0.0626,0.0079,0.2605,17.09,14.88
2,2,10.923,0.6,0.0,0.0,0.3185,-0.0647,0.0065,0.2567,16.22,14.48
2,2,10.945,0.6,0.0,0.0,0.4611,-0.0291,0.0049,0.2536,15.88,13.76
2,2,10.964,0.6,0.0,0.0,0.4852,-0.0104,0.0049,0.2525,16.33,12.68
2,2,10.986,0.6,0.0,0.0,0.3210,0.0096,0.0060,0.2520,16.56,12.14
2,2,11.003,0.6,0.0,0.0,0.2841,0.0248,0.0067,0.2531,18.60,12.38
2,2,11.024,0.6,0.0,0.0,0.3786,0.0373,0.0068,0.2569,23.16,12.15
2,2,11.043,0.6,0.0,0.0,0.3360,0.0373,0.0067,0.2592,22.08,12.24
2,2,11.069,0.6,0.0,0.0,0.4897,0.0396,0.0070,0.2646,35.20,10.88
2,2,11.085,0.6,0.0,0.0,0.3318,0.0157,0.0078,0.2713,27.06,9.21
2,2,11.105,0.6,0.0,0.0,0.3706,0.0020,0.0080,0.2743,46.02,7.49
2,2,11.126,0.6,0.0,0.0,0.5709,-0.0327,0.0073,0.2799,17.92,4.45
2,2,11.145,0.6,0.0,0.0,0.3963,-0.0006,0.0079,0.2791,40.72,12.01
2,2,11.174,0.6,0.0,0.0,0.2694,0.0253,0.0093,0.2768,88.77,12.27
2,2,11.185,0.6,0.0,0.0,0.3165,0.0501,0.0110,0.2709,37.95,15.05
2,2,11.203,0.6,0.0,0.0,0.4916,0.0581,0.0092,0.2649,30.57,14.75
2,2,11.224,0.6,0.0,0.0,0.4845,0.0519,0.0063,0.2590,27.60,13.91
2,2,11.245,0.6,0.0,0.0,0.2184,0.0397,0.0057,0.2571,20.16,13.27
2,2,11.265,0.6,0.0,0.0,0.3399,0.0247,0.0048,0.2554,13.88,12.70
2,2,11.284,0.6,0.0,0.0,0.3979,0.0060,0.0038,0.2542,14.45,12.47
2,2,11.304,0.6,0.0,0.0,0.5330,-0.0060,0.0044,0.2546,16.77,12.33
2,2,11.323,0.6,0.0,0.0,0.3729,-0.0180,0.0079,0.2565,16.93,12.28
2,2,11.345,0.6,0.0,0.0,0.3704,-0.0335,0.0117,0.2585,25.60,12.21
2,2,11.365,0.6,0.0,0.0,0.3467,-0.0412,0.0140,0.2645,27.64,12.58
2,2,11.385,0.6,0.0,0.0,0.4941,-0.0300,0.0135,0.2678,35.15,10.92
2,2,11.404,0.6,0.0,0.0,0.3366,0.0195,0.0125,0.2746,33.99,8.04
2,2,11.423,0.6,0.0,0.0,0.3823,0.0389,0.0120,0.2762,37.23,7.88
2,2,11.445,0.6,0.0,0.0,0.3914,0.0413,0.0101,0.2800,24.72,5.33
2,2,11.465,0.6,0.0,0.0,0.3679,-0.0243,0.0123,0.2761,91.02,16.01
2,2,11.486,0.6,0.0,0.0,0.2927,-0.0524,0.0144,0.2701,87.22,16.14
2,2,11.505,0.6,0.0,0.0,0.3928,-0.0626,0.0145,0.2639,45.58,16.02
2,2,11.523,0.6,0.0,0.0,0.4487,-0.0719,0.0134,0.2604,17.67,15.61
2,2,11.551,0.6,0.0,0.0,0.3409,-0.0633,0.0114,0.2570,18.28,15.09
2,2,11.565,0.6,0.0,0.0,0.3208,-0.0460,0.0099,0.2558,20.42,14.56
2,2,11.586,0.6,0.0,0.0,0.4413,-0.0131,0.0072,0.2544,19.18,12.59
2,2,11.603,0.6,0.0,0.0,0.1663,0.0064,0.0064,0.2545,19.85,12.27
2,2,11.625,0.6,0.0,0.0,0.5382,0.0328,0.0060,0.2574,21.44,11.66
2,2,11.646,0.6,0.0,0.0,0.5237,0.0371,0.0060,0.2592,24.39,11.23
2,2,11.663,0.6,0.0,0.0,0.2587,0.0362,0.0060,0.2623,24.98,11.20
2,2,11.685,0.6,0.0,0.0,0.5065,0.0235,0.0063,0.2676,25.76,10.00
2,2,11.705,0.6,0.0,0.0,0.4493,-0.0238,0.0084,0.2755,26.40,7.16
2,2,11.726,0.6,0.0,0.0,0.3722,-0.0850,0.0103,0.2800,17.47,4.96
2,2,11.746,0.6,0.0,0.0,0.2814,-0.0892,0.0113,0.2794,25.50,8.04
2,2,11.766,0.6,0.0,0.0,0.5063,-0.0204,0.0119,0.2756,88.65,15.18
2,2,11.786,0.6,0.0,0.0,0.3567,0.0509,0.0128,0.2699,60.19,16.30
2,2,11.805,0.6,0.0,0.0,0.2571,0.0730,0.0128,0.2643,30.25,14.96
2,2,11.823,0.6,0.0,0.0,0.3539,0.0749,0.0127,0.2615,25.29,13.93
2,2,11.847,0.6,0.0,0.0,0.4781,0.0618,0.0104,0.2562,22.54,12.79
2,2,11.865,0.6,0.0,0.0,0.3421,0.0431,0.0081,0.2544,15.48,12.67
2,2,11.883,0.6,0.0,0.0,0.3321,0.0151,0.0069,0.2532,16.51,12.46
2,2,11.902,0.6,0.0,0.0,0.4580,0.0052,0.0071,0.2534,16.51,12.01
2,2,11.923,0.6,0.0,0.0,0.0000,-0.0094,0.0079,0.2552,30.28,12.77
2,2,11.949,0.6,0.0,0.0,0.4931,-0.0218,0.0098,0.2587,24.92,11.90
2,2,11.967,0.6,0.0,0.0,0.4926,-0.0264,0.0118,0.2613,29.82,12.13
2,2,11.984,0.6,0.0,0.0,0.3192,-0.0301,0.0123,0.2639,31.36,11.60
2,2,12.003,0.6,0.0,0.0,0.3924,-0.0091,0.0109,0.2696,58.28,6.97
2,2,12.026,0.6,0.0,0.0,0.5491,0.0955,0.0055,0.2791,18.04,3.90
2,2,12.048,0.6,0.0,0.0,0.2607,0.0937,0.0052,0.2790,18.97,6.38
2,2,12.064,0.6,0.0,0.0,0.4906,-0.0472,0.0103,0.2729,59.05,15.80
2,2,12.083,0.6,0.0,0.0,0.3345,-0.0744,0.0123,0.2686,68.21,14.97
2,2,12.105,0.6,0.0,0.0,0.3787,-0.0920,0.0122,0.2643,49.42,14.81
2,2,12.125,0.6,0.0,0.0,0.3071,-0.0711,0.0099,0.2592,19.07,14.96
2,2,12.151,0.6,0.0,0.0,0.4594,-0.0407,0.0065,0.2543,18.30,14.18
2,2,12.169,0.6,0.0,0.0,0.3565,-0.0407,0.0061,0.2541,18.30,14.18
2,2,12.186,0.6,0.0,0.0,0.3611,0.0054,0.0053,0.2534,21.00,12.47
2,2,12.203,0.6,0.0,0.0,0.4941,0.0300,0.0058,0.2535,27.75,12.43
2,2,12.223,0.6,0.0,0.0,0.1228,0.0365,0.0058,0.2547,20.61,11.98
2,2,12.246,0.6,0.0,0.0,0.6659,0.0402,0.0056,0.2588,25.17,12.26
2,2,12.265,0.6,0.0,0.0,0.3570,0.0426,0.0057,0.2639,37.65,10.92
2,2,12.288,0.6,0.0,0.0,0.5196,0.0013,0.0059,0.2727,26.54,9.35
2,2,12.304,0.6,0.0,0.0,0.3560,-0.0132,0.0061,0.2763,23.52,7.22
2,2,12.325,0.6,0.0,0.0,0.4786,-0.0498,0.0071,0.2795,19.37,7.81
2,2,12.345,0.6,0.0,0.0,0.3878,-0.0225,0.0078,0.2783,69.21,11.39
2,2,12.367,0.6,0.0,0.0,0.2831,0.0212,0.0083,0.2734,71.72,15.80
2,2,12.390,0.6,0.0,0.0,0.4931,0.0674,0.0057,0.2654,30.98,16.00
2,2,12.408,0.6,0.0,0.0,0.3577,0.0702,0.0050,0.2624,22.22,14.64
2,2,12.426,0.6,0.0,0.0,0.4982,0.0591,0.0050,0.2584,18.21,13.72
2,2,12.448,0.6,0.0,0.0,0.2276,0.0507,0.0046,0.2566,16.82,13.53
2,2,12.464,0.6,0.0,0.0,0.2449,0.0253,0.0027,0.2540,14.29,13.00
2,2,12.487,0.6,0.0,0.0,0.5074,0.0104,0.0025,0.2543,16.20,12.87
2,2,12.504,0.6,0.0,0.0,0.3357,0.0017,0.0033,0.2542,13.16,12.43
2,2,12.524,0.6,0.0,0.0,0.2658,-0.0091,0.0045,0.2549,16.62,12.15
2,2,12.549,0.6,0.0,0.0,0.5985,-0.0325,0.0091,0.2581,21.14,12.29
2,2,12.565,0.6,0.0,0.0,0.3509,-0.0423,0.0134,0.2618,24.47,11.53
2,2,12.589,0.6,0.0,0.0,0.2107,-0.0431,0.0146,0.2634,35.21,11.81
2,2,12.603,0.6,0.0,0.0,0.5052,-0.0233,0.0133,0.2698,44.12,10.13
2,2,12.625,0.6,0.0,0.0,0.5371,0.0826,0.0089,0.2777,30.85,3.64
2,2,12.648,0.6,0.0,0.0,0.3895,0.0488,0.0072,0.2780,26.75,10.47
2,2,12.665,0.6,0.0,0.0,0.3588,-0.0065,0.0081,0.2759,73.91,12.16
2,2,12.686,0.6,0.0,0.0,0.2813,-0.0523,0.0123,0.2684,47.77,15.50
2,2,12.703,0.6,0.0,0.0,0.3938,-0.0662,0.0130,0.2638,24.88,16.02
2,2,12.723,0.6,0.0,0.0,0.3908,-0.0745,0.0115,0.2586,17.58,15.65
2,2,12.746,0.6,0.0,0.0,0.4785,-0.0639,0.0100,0.2565,21.49,15.09
2,2,12.764,0.6,0.0,0.0,0.3437,-0.0312,0.0072,0.2543,23.29,14.34
2,2,12.786,0.6,0.0,0.0,0.3526,-0.0041,0.0056,0.2538,17.90,12.11
2,2,12.805,0.6,0.0,0.0,0.4163,0.0181,0.0046,0.2548,17.94,11.76
2,2,12.824,0.6,0.0,0.0,0.5186,0.0329,0.0040,0.2565,27.29,11.91
2,2,12.846,0.6,0.0,0.0,0.3554,0.0358,0.0035,0.2601,25.96,11.59
2,2,12.865,0.6,0.0,0.0,0.3877,0.0316,0.0036,0.2639,30.86,11.05
2,2,12.889,0.6,0.0,0.0,0.4084,0.0129,0.0046,0.2710,23.63,9.51
2,2,12.903,0.6,0.0,0.0,0.7704,-0.0160,0.0052,0.2758,20.66,9.37
2,2,12.923,0.6,0.0,0.0,0.4242,-0.0516,0.0064,0.2800,19.38,4.19
2,2,12.950,0.6,0.0,0.0,0.3100,-0.0350,0.0088,0.2786,51.29,12.69
2,2,12.965,0.6,0.0,0.0,0.5260,0.0161,0.0106,0.2760,92.33,13.11
2,2,12.984,0.6,0.0,0.0,0.4020,0.0639,0.0133,0.2687,42.91,15.90
2,2,13.003,0.6,0.0,0.0,0.2877,0.0760,0.0128,0.2643,40.81,14.48
2,2,13.023,0.6,0.0,0.0,0.3485,0.0535,0.0112,0.2576,30.55,13.46
2,2,13.047,0.6,0.0,0.0,0.4663,0.0459,0.0101,0.2558,16.92,12.86
2,2,13.070,0.6,0.0,0.0,0.2255,0.0240,0.0080,0.2530,18.49,12.53
2,2,13.089,0.6,0.0,0.0,0.3058,0.0044,0.0072,0.2519,14.55,12.10
2,2,13.105,0.6,0.0,0.0,0.3645,-0.0038,0.0070,0.2525,17.72,11.96
2,2,13.125,0.6,0.0,0.0,0.4756,-0.0115,0.0073,0.2537,22.73,12.45
2,2,13.155,0.6,0.0,0.0,0.2874,-0.0268,0.0114,0.2612,34.99,11.89
2,2,13.165,0.6,0.0,0.0,0.5658,-0.0268,0.0114,0.2612,35.20,11.69
2,2,13.186,0.6,0.0,0.0,0.4990,-0.0302,0.0132,0.2668,53.84,9.84
2,2,13.204,0.6,0.0,0.0,0.0000,0.0167,0.0117,0.2735,34.24,7.80
2,2,13.223,0.6,0.0,0.0,0.5593,0.0747,0.0098,0.2788,28.23,4.02
2,2,13.245,0.6,0.0,0.0,0.5232,0.0300,0.0093,0.2789,42.65,10.30
2,2,13.268,0.6,0.0,0.0,0.3907,-0.0434,0.0114,0.2751,49.13,12.27
2,2,13.284,0.6,0.0,0.0,0.3703,-0.0631,0.0129,0.2696,58.01,15.26
2,2,13.303,0.6,0.0,0.0,0.4174,-0.0762,0.0124,0.2641,32.80,15.88
2,2,13.326,0.6,0.0,0.0,0.3782,-0.0741,0.0105,0.2596,13.83,15.86
2,2,13.347,0.6,0.0,0.0,0.3232,-0.0560,0.0083,0.2566,17.16,14.54
2,2,13.365,0.6,0.0,0.0,0.4492,-0.0317,0.0065,0.2549,20.71,14.02
2,2,13.386,0.6,0.0,0.0,0.2892,0.0049,0.0048,0.2540,17.68,11.92
2,2,13.403,0.6,0.0,0.0,0.5068,0.0190,0.0046,0.2547,20.97,11.63
2,2,13.424,0.6,0.0,0.0,0.5336,0.0386,0.0042,0.2569,22.33,11.92
2,2,13.446,0.6,0.0,0.0,0.2362,0.0421,0.0040,0.2593,41.88,12.22
2,2,13.466,0.6,0.0,0.0,0.3253,0.0330,0.0040,0.2642,25.69,11.37
2,2,13.483,0.6,0.0,0.0,0.4099,0.0231,0.0042,0.2692,44.23,9.50
2,2,13.505,0.6,0.0,0.0,0.4508,-0.0131,0.0044,0.2758,22.25,7.07
2,2,13.526,0.6,0.0,0.0,0.4113,-0.0651,0.0061,0.2801,16.79,3.57
2,2,13.547,0.6,0.0,0.0,0.4148,-0.0486,0.0084,0.2793,47.19,11.80
2,2,13.570,0.6,0.0,0.0,0.3457,0.0302,0.0123,0.2722,54.34,15.74
2,2,13.589,0.6,0.0,0.0,0.4320,0.0441,0.0117,0.2671,35.46,15.60
2,2,13.603,0.6,0.0,0.0,0.3501,0.0773,0.0101,0.2650,64.59,14.49
2,2,13.626,0.6,0.0,0.0,0.2362,0.0703,0.0089,0.2609,47.61,13.93
2,2,13.651,0.6,0.0,0.0,0.4551,0.0391,0.0073,0.2569,17.13,12.89
2,2,13.665,0.6,0.0,0.0,0.4714,0.0278,0.0059,0.2555,19.12,12.65
2,2,13.686,0.6,0.0,0.0,0.3737,0.0054,0.0045,0.2537,21.22,12.11
2,2,13.709,0.6,0.0,0.0,0.3726,-0.0079,0.0060,0.2553,15.13,11.89
2,2,13.725,0.6,0.0,0.0,0.4684,-0.0206,0.0088,0.2559,16.55,11.53
2,2,13.744,0.6,0.0,0.0,0.1298,-0.0383,0.0125,0.2579,51.01,13.14
2,2,13.771,0.6,0.0,0.0,0.5225,-0.0416,0.0144,0.2647,77.17,11.50
2,2,13.785,0.6,0.0,0.0,0.4227,-0.0175,0.0137,0.2671,21.45,10.87
2,2,13.811,0.6,0.0,0.0,0.3195,-0.0162,0.0125,0.2690,67.25,12.02
2,2,13.824,0.6,0.0,0.0,0.5208,0.0646,0.0082,0.2783,54.91,5.94
2,2,13.845,0.6,0.0,0.0,0.3962,0.0882,0.0066,0.2789,27.17,9.14
2,2,13.865,0.6,0.0,0.0,0.3969,-0.0154,0.0084,0.2734,66.16,15.09
2,2,13.885,0.6,0.0,0.0,0.4204,-0.0455,0.0088,0.2697,71.80,16.01
2,2,13.903,0.6,0.0,0.0,0.3715,-0.0701,0.0082,0.2628,24.71,16.11
2,2,13.922,0.6,0.0,0.0,0.1140,-0.0751,0.0077,0.2616,25.43,15.91
2,2,13.951,0.6,0.0,0.0,0.5423,-0.0709,0.0048,0.2562,28.32,15.19
2,2,13.963,0.6,0.0,0.0,0.4926,-0.0370,0.0025,0.2544,23.18,14.36
2,2,13.987,0.6,0.0,0.0,0.3888,0.0007,0.0038,0.2532,17.88,12.21
2,2,14.002,0.6,0.0,0.0,0.3487,0.0274,0.0049,0.2547,19.24,11.87
2,2,14.023,0.6,0.0,0.0,0.4881,0.0356,0.0055,0.2560,20.27,12.60
2,2,14.044,0.6,0.0,0.0,0.1263,0.0473,0.0060,0.2586,27.26,12.19
2,2,14.064,0.6,0.0,0.0,0.4940,0.0442,0.0066,0.2630,35.22,11.23
2,2,14.086,0.6,0.0,0.0,0.4171,0.0182,0.0076,0.2701,33.01,9.88
2,2,14.105,0.6,0.0,0.0,0.1569,0.0098,0.0077,0.2721,22.70,9.72
2,2,14.125,0.6,0.0,0.0,0.5904,-0.0364,0.0066,0.2791,17.14,4.03
2,2,14.145,0.6,0.0,0.0,0.3976,-0.0420,0.0055,0.2788,28.51,9.32
2,2,14.167,0.6,0.0,0.0,0.4758,0.0411,0.0114,0.2757,76.73,15.83
2,2,14.187,0.6,0.0,0.0,0.4025,0.0597,0.0139,0.2724,99.64,15.97
2,2,14.202,0.6,0.0,0.0,0.3262,0.0531,0.0143,0.2639,73.97,14.95
2,2,14.222,0.6,0.0,0.0,0.4982,0.0517,0.0102,0.2597,45.04,13.97
2,2,14.244,0.6,0.0,0.0,0.4246,0.0401,0.0079,0.2553,30.83,13.39
2,2,14.276,0.6,0.0,0.0,0.2594,0.0149,0.0063,0.2532,15.89,12.47
2,2,14.295,0.6,0.0,0.0,0.2188,-0.0038,0.0059,0.2523,15.86,12.24
2,2,14.310,0.6,0.0,0.0,0.1214,-0.0038,0.0059,0.2523,15.85,12.12
2,2,14.331,0.6,0.0,0.0,0.3582,-0.0126,0.0061,0.2521,16.10,11.85
2,2,14.351,0.6,0.0,0.0,0.2344,-0.0238,0.0066,0.2533,23.48,12.07
2,2,14.368,0.6,0.0,0.0,0.2964,-0.0347,0.0075,0.2553,20.87,11.69
2,2,14.395,0.6,0.0,0.0,0.1210,-0.0383,0.0081,0.2562,21.78,11.44
2,2,14.407,0.6,0.0,0.0,0.0000,-0.0383,0.0081,0.2562,21.78,11.44
2,2,14.426,0.6,0.0,0.0,0.5430,-0.0383,0.0081,0.2562,21.78,11.44
2,2,14.470,0.6,0.0,0.0,0.2961,-0.0178,0.0147,0.2674,31.12,9.47
2,2,14.490,0.6,0.0,0.0,0.1274,0.0617,0.0144,0.2733,78.53,7.06
2,2,14.503,0.6,0.0,0.0,0.1274,0.1552,0.0138,0.2781,91.77,7.06
2,2,14.510,0.6,0.0,0.0,0.1566,0.1552,0.0138,0.2781,91.77,7.06
2,2,14.532,0.6,0.0,0.0,0.4171,0.1931,0.0111,0.2760,115.69,8.46
2,2,14.546,0.6,0.0,0.0,0.1606,0.2581,0.0115,0.2693,262.00,26.86
2,2,14.574,0.6,0.0,0.0,0.3509,0.0340,0.0107,0.2624,105.97,19.40
2,2,14.587,0.6,0.0,0.0,1.2146,-0.2129,0.0134,0.2521,43.69,21.53
2,2,14.603,0.6,0.0,0.0,0.6389,-0.2236,0.0208,0.2508,32.02,14.45
2,2,14.622,0.6,0.0,0.0,0.3863,-0.0983,0.0253,0.2530,26.54,15.25
2,2,14.644,0.6,0.0,0.0,0.1264,-0.0692,0.0259,0.2541,30.04,14.80
2,2,14.664,0.6,0.0,0.0,0.6448,-0.0108,0.0257,0.2602,37.32,11.06
2,2,14.682,0.6,0.0,0.0,0.5465,-0.0197,0.0251,0.2663,35.28,8.98
2,2,14.703,0.6,0.0,0.0,0.2525,-0.0353,0.0251,0.2684,25.87,8.19
2,2,14.724,0.6,0.0,0.0,0.6365,-0.0869,0.0232,0.2722,19.03,10.25
2,2,14.745,0.6,0.0,0.0,0.3846,-0.0642,0.0227,0.2720,44.66,11.89
2,2,14.776,0.6,0.0,0.0,0.2907,-0.0131,0.0230,0.2693,76.21,15.70
2,2,14.791,0.6,0.0,0.0,0.4027,0.0621,0.0236,0.2632,49.28,15.18
2,2,14.803,0.6,0.0,0.0,0.4769,0.0999,0.0244,0.2617,27.16,15.14
2,2,14.824,0.6,0.0,0.0,0.3949,0.1019,0.0232,0.2585,30.64,11.78
2,2,14.848,0.6,0.0,0.0,0.3558,0.0509,0.0192,0.2555,27.43,11.52
2,2,14.864,0.6,0.0,0.0,0.4619,0.0086,0.0153,0.2545,31.11,11.04
2,2,14.884,0.6,0.0,0.0,0.3311,-0.0079,0.0153,0.2522,20.87,11.59
2,2,14.905,0.6,0.0,0.0,0.2822,-0.0216,0.0155,0.2527,43.35,11.49
2,2,14.929,0.6,0.0,0.0,0.3789,-0.0284,0.0150,0.2568,35.33,11.70
2,2,14.947,0.6,0.0,0.0,0.5282,-0.0216,0.0176,0.2595,37.30,13.68
2,2,14.965,0.6,0.0,0.0,0.4146,-0.0222,0.0173,0.2626,64.57,13.45
2,2,14.982,0.6,0.0,0.0,0.5443,0.0092,0.0121,0.2692,46.11,10.29
2,2,15.002,0.6,0.0,0.0,0.3554,0.0236,0.0109,0.2725,62.93,8.39
2,2,15.024,0.6,0.0,0.0,0.5250,0.0985,0.0138,0.2781,35.81,6.59
2,3,15.046,0.0,0.0,0.5,0.0000,0.0904,0.0181,0.2752,40.04,14.87
2,3,15.062,0.0,0.0,0.5,0.6059,0.0965,0.0210,0.2732,63.98,15.24
2,3,15.083,0.0,0.0,0.5,0.4681,0.1844,0.0201,0.2686,33.27,13.16
2,3,15.105,0.0,0.0,0.5,0.4684,0.2418,0.0211,0.2656,15.26,12.03
2,3,15.124,0.0,0.0,0.5,0.2872,0.2885,0.0236,0.2625,17.89,11.48
2,3,15.147,0.0,0.0,0.5,0.2128,0.3062,0.0249,0.2622,14.44,11.48
2,3,15.162,0.0,0.0,0.5,0.3980,0.3241,0.0268,0.2620,14.07,11.53
2,3,15.182,0.0,0.0,0.5,0.3747,0.3407,0.0288,0.2618,13.65,11.27
2,3,15.201,0.0,0.0,0.5,0.2486,0.3502,0.0304,0.2624,13.67,11.07
2,3,15.224,0.0,0.0,0.5,0.2145,0.3595,0.0350,0.2652,18.87,9.89
2,3,15.246,0.0,0.0,0.5,0.3000,0.3531,0.0400,0.2695,18.44,8.40
2,3,15.265,0.0,0.0,0.5,0.2041,0.3286,0.0447,0.2730,13.46,6.36
2,3,15.287,0.0,0.0,0.5,0.1909,0.3141,0.0459,0.2756,11.77,11.82
2,3,15.303,0.0,0.0,0.5,0.2072,0.3154,0.0425,0.2766,14.06,11.96
2,3,15.324,0.0,0.0,0.5,0.0901,0.3066,0.0404,0.2769,14.87,11.64
2,3,15.345,0.0,0.0,0.5,0.1043,0.2736,0.0333,0.2732,21.82,12.72
2,3,15.363,0.0,0.0,0.5,0.1089,0.2722,0.0331,0.2714,17.32,12.76
2,3,15.387,0.0,0.0,0.5,0.0736,0.2744,0.0333,0.2672,21.64,13.66
2,3,15.406,0.0,0.0,0.5,0.0632,0.2464,0.0298,0.2640,17.57,12.65
2,3,15.424,0.0,0.0,0.5,0.0461,0.2048,0.0235,0.2622,10.89,11.70
2,3,15.446,0.0,0.0,0.5,0.0496,0.1964,0.0225,0.2618,9.85,11.70
2,3,15.465,0.0,0.0,0.5,0.0389,0.1742,0.0204,0.2620,6.37,12.15
2,3,15.485,0.0,0.0,0.5,0.0270,0.1517,0.0215,0.2630,6.30,12.36
2,3,15.506,0.0,0.0,0.5,0.0387,0.1435,0.0216,0.2639,6.98,11.83
2,3,15.523,0.0,0.0,0.5,0.0252,0.1518,0.0170,0.2672,9.27,11.12
2,3,15.544,0.0,0.0,0.5,0.0245,0.1752,0.0133,0.2706,10.80,10.23
2,3,15.565,0.0,0.0,0.5,0.0106,0.2122,0.0117,0.2745,15.31,8.26
2,3,15.590,0.0,0.0,0.5,0.0215,0.3016,0.0128,0.2797,12.14,5.68
2,3,15.607,0.0,0.0,0.5,0.0081,0.3479,0.0141,0.2809,10.68,4.32
2,3,15.628,0.0,0.0,0.5,0.0040,0.3753,0.0146,0.2813,13.60,6.76
2,3,15.644,0.0,0.0,0.5,-0.0170,0.3553,0.0143,0.2797,21.68,9.71
2,3,15.669,0.0,0.0,0.5,-0.0247,0.2139,0.0122,0.2751,35.66,14.14
2,3,15.684,0.0,0.0,0.5,-0.0162,0.1410,0.0112,0.2719,22.08,13.64
2,3,15.709,0.0,0.0,0.5,-0.0166,0.1131,0.0097,0.2696,11.26,13.59
2,3,15.736,0.0,0.0,0.5,-0.0437,0.1093,0.0070,0.2659,5.83,12.98
2,3,15.748,0.0,0.0,0.5,-0.0110,0.1228,0.0060,0.2636,5.88,12.28
2,3,15.783,0.0,0.0,0.5,-0.0254,0.1631,0.0051,0.2634,4.06,11.26
2,3,15.792,0.0,0.0,0.5,-0.0254,0.1631,0.0051,0.2634,4.06,11.26
2,3,15.814,0.0,0.0,0.5,-0.0278,0.1925,0.0054,0.2631,3.71,11.35
2,3,15.827,0.0,0.0,0.5,0.0000,0.2005,0.0057,0.2631,3.77,11.35
2,3,15.848,0.0,0.0,0.5,-0.0311,0.2042,0.0045,0.2662,8.62,11.80
2,3,15.874,0.0,0.0,0.5,-0.0161,0.1877,0.0039,0.2705,11.27,11.81
2,3,15.888,0.0,0.0,0.5,-0.0165,0.1625,0.0058,0.2729,5.81,10.44
2,3,15.904,0.0,0.0,0.5,-0.0168,0.1495,0.0059,0.2748,21.69,9.63
2,3,15.924,0.0,0.0,0.5,-0.0354,0.1524,0.0003,0.2775,3.84,6.97
2,3,15.945,0.0,0.0,0.5,0.0000,0.1546,0.0022,0.2772,9.57,9.24
2,3,15.968,0.0,0.0,0.5,-0.0446,0.2086,0.0067,0.2728,21.40,14.01
2,3,15.984,0.0,0.0,0.5,-0.0226,0.1918,0.0026,0.2686,6.82,13.25
2,3,16.003,0.0,0.0,0.5,-0.0189,0.1876,0.0012,0.2671,11.72,12.80
2,3,16.024,0.0,0.0,0.5,-0.0434,0.1619,0.0008,0.2632,11.08,12.45
2,3,16.048,0.0,0.0,0.5,-0.0256,0.1458,0.0029,0.2623,7.17,12.20
2,3,16.065,0.0,0.0,0.5,-0.0103,0.1230,0.0058,0.2614,7.05,11.46
2,3,16.087,0.0,0.0,0.5,-0.0282,0.1030,0.0060,0.2621,5.90,10.93
2,3,16.104,0.0,0.0,0.5,-0.0125,0.0985,0.0052,0.2633,4.14,11.08
2,3,16.124,0.0,0.0,0.5,-0.0087,0.0981,0.0051,0.2637,6.70,11.09
2,3,16.146,0.0,0.0,0.5,-0.0121,0.1117,0.0051,0.2683,6.54,11.11
2,3,16.171,0.0,0.0,0.5,-0.0016,0.1816,0.0053,0.2723,14.67,9.75
2,3,16.185,0.0,0.0,0.5,0.0008,0.2290,0.0053,0.2749,7.17,9.90
2,3,16.208,0.0,0.0,0.5,-0.0038,0.3706,0.0030,0.2793,9.84,6.87
2,3,16.227,0.0,0.0,0.5,-0.0140,0.3583,0.0008,0.2783,15.72,11.30
2,3,16.248,0.0,0.0,0.5,-0.0083,0.3183,0.0017,0.2777,18.05,11.30
2,3,16.270,0.0,0.0,0.5,-0.0218,0.1749,0.0019,0.2716,42.58,12.46
2,3,16.288,0.0,0.0,0.5,-0.0192,0.1352,0.0021,0.2684,6.95,12.05
2,3,16.321,0.0,0.0,0.5,-0.0099,0.1128,0.0048,0.2640,10.38,13.95
2,3,16.325,0.0,0.0,0.5,-0.0099,0.1196,0.0047,0.2635,5.92,13.83
2,3,16.344,0.0,0.0,0.5,-0.0106,0.1319,0.0044,0.2627,3.44,13.23
2,3,16.370,0.0,0.0,0.5,-0.0024,0.1513,0.0043,0.2623,3.15,12.65
2,3,16.387,0.0,0.0,0.5,0.0007,0.1513,0.0043,0.2623,3.15,12.65
2,3,16.403,0.0,0.0,0.5,0.0034,0.1686,0.0055,0.2630,3.51,11.99
2,3,16.430,0.0,0.0,0.5,0.0034,0.1822,0.0076,0.2648,5.65,11.55
2,3,16.448,0.0,0.0,0.5,0.0044,0.1840,0.0081,0.2663,2.75,11.56
2,3,16.464,0.0,0.0,0.5,0.0074,0.1800,0.0082,0.2678,6.26,11.41
2,3,16.484,0.0,0.0,0.5,0.0077,0.1578,0.0079,0.2730,7.80,8.07
2,3,16.506,0.0,0.0,0.5,0.0092,0.1232,0.0087,0.2767,11.06,5.64
2,3,16.524,0.0,0.0,0.5,-0.0005,0.1214,0.0099,0.2764,7.40,10.11
2,3,16.549,0.0,0.0,0.5,-0.0088,0.1647,0.0117,0.2750,12.67,13.95
2,3,16.569,0.0,0.0,0.5,-0.0150,0.1795,0.0135,0.2693,8.36,13.93
2,3,16.587,0.0,0.0,0.5,-0.0242,0.1676,0.0128,0.2677,7.71,13.10
2,3,16.603,0.0,0.0,0.5,-0.0153,0.1472,0.0111,0.2650,6.50,12.27
2,3,16.625,0.0,0.0,0.5,-0.0265,0.1097,0.0098,0.2626,7.22,11.96
2,3,16.648,0.0,0.0,0.5,-0.0157,0.0994,0.0099,0.2614,7.89,11.75
2,3,16.673,0.0,0.0,0.5,-0.0108,0.0866,0.0093,0.2613,6.01,11.53
2,3,16.686,0.0,0.0,0.5,-0.0181,0.0859,0.0083,0.2615,5.07,11.27
2,3,16.703,0.0,0.0,0.5,-0.0165,0.0830,0.0071,0.2620,7.13,11.22
2,3,16.723,0.0,0.0,0.5,-0.0068,0.0792,0.0069,0.2644,10.37,11.12
2,3,16.744,0.0,0.0,0.5,-0.0018,0.1088,0.0065,0.2677,20.27,10.92
2,3,16.766,0.0,0.0,0.5,0.0019,0.1387,0.0064,0.2710,7.56,9.26
2,3,16.786,0.0,0.0,0.5,0.0024,0.2603,0.0053,0.2761,10.88,8.55
2,3,16.803,0.0,0.0,0.5,0.0003,0.3482,0.0038,0.2793,10.22,5.42
2,3,16.824,0.0,0.0,0.5,-0.0050,0.3598,0.0019,0.2785,18.00,10.71
2,3,16.850,0.0,0.0,0.5,-0.0044,0.2473,0.0029,0.2761,29.35,12.70
2,3,16.863,0.0,0.0,0.5,-0.0100,0.1731,0.0035,0.2735,23.54,12.78
2,3,16.883,0.0,0.0,0.5,-0.0107,0.1153,0.0048,0.2694,10.25,13.09
2,3,16.905,0.0,0.0,0.5,-0.0092,0.0886,0.0070,0.2656,5.28,13.06
2,3,16.931,0.0,0.0,0.5,-0.0084,0.0922,0.0075,0.2640,3.26,13.01
2,3,16.949,0.0,0.0,0.5,-0.0035,0.0956,0.0077,0.2633,3.88,13.58
2,3,16.969,0.0,0.0,0.5,-0.0001,0.1486,0.0071,0.2616,3.97,13.40
2,3,16.983,0.0,0.0,0.5,0.0048,0.1772,0.0066,0.2616,4.64,13.16
2,3,17.007,0.0,0.0,0.5,0.0126,0.1958,0.0068,0.2631,4.96,11.33
2,3,17.025,0.0,0.0,0.5,0.0063,0.2038,0.0078,0.2645,4.53,11.07
2,3,17.046,0.0,0.0,0.5,0.0169,0.2046,0.0088,0.2664,8.74,10.97
2,3,17.069,0.0,0.0,0.5,0.0126,0.1836,0.0092,0.2699,6.98,10.25
2,3,17.090,0.0,0.0,0.5,0.0052,0.1623,0.0095,0.2730,13.65,7.93
2,3,17.107,0.0,0.0,0.5,0.0095,0.1464,0.0102,0.2756,11.36,7.98
2,3,17.136,0.0,0.0,0.5,0.0019,0.1305,0.0107,0.2768,7.13,5.37
2,3,17.150,0.0,0.0,0.5,-0.0226,0.1671,0.0122,0.2752,6.88,11.03
2,3,17.169,0.0,0.0,0.5,-0.0029,0.1701,0.0127,0.2750,5.74,11.00
2,3,17.188,0.0,0.0,0.5,-0.0214,0.1535,0.0118,0.2690,32.01,13.68
2,3,17.212,0.0,0.0,0.5,-0.0254,0.1285,0.0096,0.2673,12.18,13.17
2,3,17.229,0.0,0.0,0.5,-0.0181,0.1334,0.0074,0.2640,12.49,12.82
2,3,17.249,0.0,0.0,0.5,-0.0156,0.1203,0.0071,0.2620,21.11,12.29
2,3,17.270,0.0,0.0,0.5,-0.0382,0.1193,0.0078,0.2623,13.00,11.54
2,3,17.292,0.0,0.0,0.5,-0.0107,0.1205,0.0081,0.2610,12.30,11.36
2,3,17.311,0.0,0.0,0.5,-0.0166,0.1040,0.0090,0.2615,10.12,10.92
2,3,17.334,0.0,0.0,0.5,-0.0115,0.1119,0.0087,0.2641,4.83,10.57
2,3,17.361,0.0,0.0,0.5,-0.0034,0.1218,0.0081,0.2654,6.21,10.63
2,3,17.366,0.0,0.0,0.5,-0.0034,0.1218,0.0081,0.2654,6.21,10.63
2,3,17.391,0.0,0.0,0.5,-0.0036,0.1447,0.0074,0.2695,5.82,10.95
2,3,17.406,0.0,0.0,0.5,0.0006,0.3352,0.0067,0.2764,14.17,6.40
2,3,17.424,0.0,0.0,0.5,-0.0009,0.4246,0.0060,0.2789,13.80,5.52
2,3,17.449,0.0,0.0,0.5,-0.0063,0.3557,0.0038,0.2764,32.85,13.04
2,3,17.479,0.0,0.0,0.5,-0.0033,0.2031,0.0054,0.2722,26.64,13.22
2,3,17.501,0.0,0.0,0.5,-0.0021,0.0999,0.0074,0.2689,20.78,13.73
2,3,17.502,0.0,0.0,0.5,-0.0021,0.0734,0.0081,0.2678,12.24,12.53
2,3,17.529,0.0,0.0,0.5,-0.0059,0.0578,0.0112,0.2632,2.68,13.91
2,3,17.543,0.0,0.0,0.5,-0.0028,0.0678,0.0115,0.2622,3.42,13.70
2,3,17.565,0.0,0.0,0.5,0.0006,0.1114,0.0116,0.2613,4.08,13.69
2,3,17.583,0.0,0.0,0.5,0.0049,0.1471,0.0115,0.2616,4.60,12.91
2,3,17.603,0.0,0.0,0.5,0.0078,0.1679,0.0118,0.2622,5.13,12.82
2,3,17.626,0.0,0.0,0.5,0.0147,0.1908,0.0126,0.2645,5.74,11.52
2,3,17.649,0.0,0.0,0.5,0.0104,0.1951,0.0136,0.2666,6.82,11.14
2,3,17.664,0.0,0.0,0.5,0.0137,0.1921,0.0141,0.2685,8.78,11.19
2,3,17.683,0.0,0.0,0.5,0.0135,0.1739,0.0146,0.2712,18.06,8.53
2,3,17.701,0.0,0.0,0.5,0.0139,0.1594,0.0151,0.2740,7.04,8.70
2,3,17.724,0.0,0.0,0.5,0.0041,0.1393,0.0143,0.2755,5.20,10.34
2,3,17.748,0.0,0.0,0.5,-0.0076,0.1712,0.0147,0.2725,31.67,13.80
2,3,17.767,0.0,0.0,0.5,-0.0191,0.1785,0.0152,0.2708,13.27,13.68
2,3,17.784,0.0,0.0,0.5,-0.0103,0.1659,0.0158,0.2679,4.32,14.16
2,3,17.805,0.0,0.0,0.5,-0.0163,0.1608,0.0146,0.2638,15.22,12.93
2,3,17.824,0.0,0.0,0.5,-0.0264,0.1238,0.0123,0.2617,9.03,12.01
2,3,17.845,0.0,0.0,0.5,-0.0163,0.1207,0.0115,0.2609,8.04,11.54
2,3,17.865,0.0,0.0,0.5,-0.0128,0.0958,0.0101,0.2607,6.62,11.31
2,3,17.889,0.0,0.0,0.5,-0.0095,0.0799,0.0084,0.2618,5.45,11.07
2,3,17.902,0.0,0.0,0.5,-0.0106,0.0774,0.0081,0.2623,5.45,11.04
2,3,17.932,0.0,0.0,0.5,-0.0041,0.0882,0.0074,0.2668,4.98,11.14
2,3,17.947,0.0,0.0,0.5,0.0003,0.1010,0.0074,0.2678,14.51,11.08
2,3,17.974,0.0,0.0,0.5,0.0028,0.1297,0.0067,0.2694,16.24,11.46
2,3,17.994,0.0,0.0,0.5,0.0039,0.1813,0.0062,0.2744,13.77,10.01
2,3,18.012,0.0,0.0,0.5,0.0026,0.3658,0.0052,0.2793,8.12,5.83
2,3,18.027,0.0,0.0,0.5,-0.0067,0.3784,0.0044,0.2785,11.25,7.23
2,3,18.056,0.0,0.0,0.5,-0.0020,0.3784,0.0044,0.2784,12.70,7.23
2,3,18.083,0.0,0.0,0.5,-0.0079,0.2430,0.0041,0.2737,27.74,12.49
2,3,18.089,0.0,0.0,0.5,-0.0079,0.2068,0.0044,0.2719,25.77,12.73
2,3,18.108,0.0,0.0,0.5,-0.0079,0.1781,0.0049,0.2703,26.08,12.65
2,3,18.126,0.0,0.0,0.5,-0.0079,0.1201,0.0078,0.2669,7.80,12.11
2,3,18.155,0.0,0.0,0.5,-0.0090,0.0932,0.0091,0.2638,14.51,13.00
2,3,18.177,0.0,0.0,0.5,-0.0026,0.1108,0.0104,0.2627,3.71,12.79
2,3,18.199,0.0,0.0,0.5,-0.0079,0.1194,0.0112,0.2626,3.73,12.97
2,3,18.204,0.0,0.0,0.5,-0.0002,0.1287,0.0112,0.2626,3.25,12.91
2,3,18.239,0.0,0.0,0.5,0.0034,0.1726,0.0110,0.2637,7.21,12.05
2,3,18.250,0.0,0.0,0.5,0.0000,0.1726,0.0110,0.2637,7.21,12.05
2,3,18.264,0.0,0.0,0.5,0.0218,0.1892,0.0108,0.2667,10.03,9.31
2,3,18.284,0.0,0.0,0.5,0.0083,0.1789,0.0113,0.2711,46.48,7.43
2,3,18.304,0.0,0.0,0.5,0.0079,0.1300,0.0123,0.2770,10.47,5.78
2,3,18.339,0.0,0.0,0.5,-0.0008,0.1202,0.0126,0.2766,8.72,9.78
2,3,18.347,0.0,0.0,0.5,0.0000,0.1202,0.0126,0.2766,8.72,9.78
2,3,18.371,0.0,0.0,0.5,-0.0035,0.1387,0.0128,0.2758,12.86,11.14
2,3,18.386,0.0,0.0,0.5,-0.0036,0.1434,0.0130,0.2754,11.35,11.26
2,3,18.405,0.0,0.0,0.5,-0.0336,0.1547,0.0133,0.2741,42.39,15.11
2,3,18.422,0.0,0.0,0.5,-0.0220,0.1236,0.0099,0.2664,15.67,13.86
2,3,18.445,0.0,0.0,0.5,-0.0316,0.1072,0.0072,0.2625,19.59,12.20
2,3,18.464,0.0,0.0,0.5,-0.0300,0.0884,0.0060,0.2622,7.46,11.65
2,3,18.488,0.0,0.0,0.5,-0.0170,0.0882,0.0056,0.2618,7.57,11.45
2,3,18.509,0.0,0.0,0.5,-0.0135,0.0793,0.0047,0.2629,8.33,10.86
2,3,18.526,0.0,0.0,0.5,-0.0148,0.0829,0.0041,0.2643,7.77,10.77
2,3,18.549,0.0,0.0,0.5,-0.0100,0.0982,0.0037,0.2663,6.67,10.83
2,3,18.568,0.0,0.0,0.5,-0.0148,0.1423,0.0043,0.2704,44.21,9.04
2,3,18.591,0.0,0.0,0.5,-0.0066,0.2749,0.0060,0.2786,24.39,7.67
2,3,18.605,0.0,0.0,0.5,-0.0072,0.3555,0.0049,0.2791,17.15,8.06
2,3,18.625,0.0,0.0,0.5,-0.0051,0.3291,0.0030,0.2791,6.99,8.40
2,3,18.645,0.0,0.0,0.5,-0.0144,0.2434,0.0047,0.2753,25.57,12.47
2,3,18.664,0.0,0.0,0.5,-0.0103,0.1733,0.0058,0.2714,13.27,12.16
2,3,18.690,0.0,0.0,0.5,-0.0067,0.1288,0.0065,0.2684,12.66,11.81
2,3,18.704,0.0,0.0,0.5,-0.0159,0.1140,0.0075,0.2667,9.62,12.64
2,3,18.729,0.0,0.0,0.5,-0.0074,0.1245,0.0067,0.2631,5.31,14.31
2,3,18.750,0.0,0.0,0.5,0.0003,0.1478,0.0055,0.2623,6.34,13.06
2,3,18.765,0.0,0.0,0.5,0.0046,0.1588,0.0055,0.2620,4.86,13.00
2,3,18.784,0.0,0.0,0.5,0.0059,0.1780,0.0055,0.2623,4.08,10.98
2,3,18.803,0.0,0.0,0.5,0.0119,0.1852,0.0056,0.2630,3.36,11.14
2,3,18.826,0.0,0.0,0.5,0.0022,0.1901,0.0062,0.2648,6.46,11.28
2,3,18.849,0.0,0.0,0.5,0.0085,0.1803,0.0061,0.2683,2.35,11.03
2,3,18.867,0.0,0.0,0.5,0.0159,0.1684,0.0060,0.2700,6.71,9.82
2,3,18.884,0.0,0.0,0.5,0.0033,0.1609,0.0060,0.2709,10.34,9.85
2,3,18.902,0.0,0.0,0.5,0.0094,0.1425,0.0064,0.2751,14.20,4.84
2,3,18.927,0.0,0.0,0.5,0.0005,0.1508,0.0088,0.2769,6.34,8.56
2,3,18.949,0.0,0.0,0.5,-0.0042,0.1908,0.0111,0.2752,25.49,14.58
2,3,18.965,0.0,0.0,0.5,-0.0141,0.2117,0.0120,0.2730,36.74,14.78
2,3,18.984,0.0,0.0,0.5,-0.0064,0.2044,0.0114,0.2685,12.95,14.72
2,3,19.003,0.0,0.0,0.5,-0.0191,0.1732,0.0097,0.2657,8.20,13.40
2,3,19.026,0.0,0.0,0.5,-0.0211,0.1360,0.0085,0.2623,7.52,12.66
2,3,19.044,0.0,0.0,0.5,-0.0257,0.1092,0.0088,0.2612,7.96,12.22
2,3,19.066,0.0,0.0,0.5,-0.0206,0.0955,0.0089,0.2607,7.34,11.53
2,3,19.086,0.0,0.0,0.5,-0.0144,0.0890,0.0082,0.2611,6.68,11.45
2,3,19.103,0.0,0.0,0.5,-0.0201,0.0868,0.0072,0.2621,6.07,10.96
2,3,19.124,0.0,0.0,0.5,-0.0142,0.0887,0.0061,0.2643,9.23,11.06
2,3,19.145,0.0,0.0,0.5,-0.0035,0.1117,0.0060,0.2676,22.01,10.85
2,3,19.168,0.0,0.0,0.5,-0.0021,0.1629,0.0065,0.2720,5.21,9.96
2,3,19.183,0.0,0.0,0.5,-0.0010,0.2381,0.0061,0.2756,2.86,10.10
2,3,19.202,0.0,0.0,0.5,-0.0045,0.3171,0.0051,0.2787,9.21,5.68
2,3,19.226,0.0,0.0,0.5,-0.0107,0.3002,0.0022,0.2779,14.21,10.90
2,3,19.243,0.0,0.0,0.5,-0.0122,0.2122,0.0020,0.2760,16.59,12.63
2,3,19.268,0.0,0.0,0.5,-0.0150,0.1442,0.0040,0.2703,22.05,12.99
2,3,19.282,0.0,0.0,0.5,-0.0094,0.1384,0.0049,0.2677,18.47,12.91
2,3,19.303,0.0,0.0,0.5,-0.0092,0.1137,0.0057,0.2661,14.81,13.58
2,3,19.324,0.0,0.0,0.5,-0.0050,0.1210,0.0061,0.2632,10.12,13.70
2,3,19.351,0.0,0.0,0.5,0.0002,0.1445,0.0065,0.2629,3.66,12.96
2,3,19.366,0.0,0.0,0.5,0.0052,0.1602,0.0068,0.2622,5.66,12.89
2,3,19.385,0.0,0.0,0.5,0.0056,0.1767,0.0068,0.2623,4.55,12.08
2,3,19.403,0.0,0.0,0.5,0.0089,0.1797,0.0081,0.2640,3.36,11.52
2,3,19.424,0.0,0.0,0.5,0.0133,0.1869,0.0094,0.2651,6.11,11.34
2,3,19.450,0.0,0.0,0.5,0.0104,0.1890,0.0097,0.2658,2.78,11.36
2,3,19.468,0.0,0.0,0.5,0.0122,0.1737,0.0101,0.2703,7.70,10.31
2,3,19.485,0.0,0.0,0.5,0.0108,0.1526,0.0103,0.2734,11.82,10.46
2,3,19.505,0.0,0.0,0.5,0.0126,0.1449,0.0106,0.2742,8.53,7.98
2,3,19.524,0.0,0.0,0.5,-0.0061,0.1251,0.0100,0.2771,6.20,8.75
2,3,19.551,0.0,0.0,0.5,-0.0154,0.1895,0.0091,0.2747,26.76,13.23
2,3,19.565,0.0,0.0,0.5,-0.0217,0.2088,0.0103,0.2720,17.30,13.22
2,3,19.584,0.0,0.0,0.5,-0.0202,0.1910,0.0124,0.2675,4.25,13.62
2,3,19.605,0.0,0.0,0.5,-0.0249,0.1557,0.0117,0.2638,11.94,12.33
2,3,19.624,0.0,0.0,0.5,-0.0133,0.1342,0.0107,0.2628,7.10,11.89
2,3,19.645,0.0,0.0,0.5,-0.0256,0.1157,0.0097,0.2620,6.46,11.57
2,3,19.664,0.0,0.0,0.5,-0.0137,0.0923,0.0080,0.2617,5.45,11.30
2,3,19.686,0.0,0.0,0.5,-0.0198,0.0811,0.0069,0.2622,6.38,11.19
2,3,19.706,0.0,0.0,0.5,-0.0061,0.0776,0.0062,0.2638,5.48,11.33
2,3,19.725,0.0,0.0,0.5,-0.0074,0.0777,0.0058,0.2650,8.31,11.23
2,3,19.745,0.0,0.0,0.5,-0.0005,0.0923,0.0057,0.2673,31.54,10.69
2,3,19.765,0.0,0.0,0.5,0.0028,0.1207,0.0059,0.2711,12.53,8.65
2,3,19.783,0.0,0.0,0.5,0.0043,0.2608,0.0056,0.2759,15.78,8.88
2,3,19.803,0.0,0.0,0.5,0.0010,0.2976,0.0054,0.2770,20.62,8.88
2,3,19.824,0.0,0.0,0.5,-0.0000,0.3893,0.0031,0.2785,19.43,9.99
2,3,19.848,0.0,0.0,0.5,-0.0085,0.2929,0.0055,0.2753,36.81,13.13
2,3,19.866,0.0,0.0,0.5,-0.0096,0.1742,0.0056,0.2711,20.36,12.78
2,3,19.885,0.0,0.0,0.5,-0.0127,0.0972,0.0069,0.2670,12.22,12.50
2,3,19.903,0.0,0.0,0.5,-0.0128,0.0865,0.0083,0.2650,8.02,12.33
2,3,19.925,0.0,0.0,0.5,-0.0056,0.0890,0.0090,0.2636,2.80,13.84
2,3,19.947,0.0,0.0,0.5,-0.0040,0.1139,0.0078,0.2619,5.79,14.04
2,3,19.964,0.0,0.0,0.5,0.0034,0.1336,0.0071,0.2616,5.20,13.95
2,3,19.988,0.0,0.0,0.5,0.0048,0.1690,0.0072,0.2623,4.41,11.78
2,3,20.004,0.0,0.0,0.5,0.0059,0.1810,0.0079,0.2628,4.44,11.80
2,3,20.024,0.0,0.0,0.5,0.0060,0.1974,0.0093,0.2636,6.81,11.71
2,3,20.045,0.0,0.0,0.5,0.0075,0.2022,0.0096,0.2651,4.36,11.68
2,3,20.064,0.0,0.0,0.5,0.0131,0.1902,0.0091,0.2687,6.85,11.46
2,3,20.085,0.0,0.0,0.5,0.0119,0.1597,0.0092,0.2725,12.86,7.70
2,3,20.106,0.0,0.0,0.5,0.0043,0.1297,0.0101,0.2758,22.58,5.49
2,3,20.126,0.0,0.0,0.5,0.0046,0.1387,0.0106,0.2761,6.07,9.89
2,3,20.146,0.0,0.0,0.5,-0.0089,0.1720,0.0114,0.2748,16.35,13.74
2,3,20.165,0.0,0.0,0.5,-0.0175,0.1887,0.0128,0.2695,13.10,14.38
2,3,20.182,0.0,0.0,0.5,-0.0136,0.1639,0.0117,0.2662,6.36,13.83
2,3,20.204,0.0,0.0,0.5,-0.0273,0.1355,0.0093,0.2625,10.38,12.21
2,3,20.224,0.0,0.0,0.5,-0.0133,0.1119,0.0087,0.2614,7.30,11.98
2,3,20.245,0.0,0.0,0.5,-0.0251,0.0995,0.0088,0.2616,7.69,11.57
2,3,20.264,0.0,0.0,0.5,-0.0190,0.0929,0.0086,0.2612,9.23,11.57
2,3,20.288,0.0,0.0,0.5,-0.0041,0.0834,0.0081,0.2605,9.06,11.53
2,3,20.303,0.0,0.0,0.5,-0.0201,0.0721,0.0074,0.2623,11.25,10.96
2,3,20.329,0.0,0.0,0.5,-0.0077,0.0883,0.0068,0.2640,7.97,11.74
2,3,20.343,0.0,0.0,0.5,-0.0086,0.0923,0.0066,0.2659,11.10,11.62
2,3,20.363,0.0,0.0,0.5,-0.0029,0.1773,0.0071,0.2726,10.06,9.41
2,3,20.382,0.0,0.0,0.5,-0.0006,0.2750,0.0068,0.2768,10.61,8.06
2,3,20.403,0.0,0.0,0.5,-0.0021,0.3614,0.0043,0.2791,4.81,6.15
2,3,20.430,0.0,0.0,0.5,-0.0142,0.2710,0.0027,0.2777,15.51,11.07
2,3,20.449,0.0,0.0,0.5,-0.0142,0.1337,0.0042,0.2745,19.20,12.51
2,3,20.464,0.0,0.0,0.5,-0.0233,0.1157,0.0048,0.2734,26.46,13.03
2,3,20.485,0.0,0.0,0.5,-0.0114,0.1085,0.0065,0.2676,11.81,13.74
2,3,20.503,0.0,0.0,0.5,-0.0096,0.1149,0.0062,0.2658,7.60,13.66
2,3,20.524,0.0,0.0,0.5,-0.0023,0.1196,0.0061,0.2641,3.85,13.63
2,3,20.544,0.0,0.0,0.5,-0.0043,0.1407,0.0063,0.2629,3.05,12.88
2,3,20.566,0.0,0.0,0.5,0.0016,0.1573,0.0069,0.2624,3.72,12.80
2,3,20.590,0.0,0.0,0.5,0.0043,0.1830,0.0085,0.2631,5.21,12.08
2,3,20.602,0.0,0.0,0.5,0.0079,0.1837,0.0088,0.2638,6.52,12.05
2,3,20.624,0.0,0.0,0.5,0.0112,0.1911,0.0101,0.2650,7.81,11.39
2,3,20.648,0.0,0.0,0.5,0.0091,0.1867,0.0106,0.2676,5.08,10.97
2,3,20.665,0.0,0.0,0.5,0.0085,0.1718,0.0108,0.2701,7.80,10.11
2,3,20.685,0.0,0.0,0.5,0.0180,0.1458,0.0118,0.2743,18.66,7.95
2,3,20.704,0.0,0.0,0.5,0.0055,0.1271,0.0125,0.2764,9.58,5.25
2,3,20.724,0.0,0.0,0.5,-0.0038,0.1286,0.0121,0.2760,5.79,11.50
2,3,20.745,0.0,0.0,0.5,-0.0061,0.1494,0.0117,0.2754,11.61,13.31
2,3,20.770,0.0,0.0,0.5,-0.0133,0.1597,0.0115,0.2733,26.91,13.97
2,3,20.783,0.0,0.0,0.5,-0.0075,0.1420,0.0114,0.2681,38.22,13.73
2,3,20.803,0.0,0.0,0.5,-0.0158,0.1379,0.0108,0.2653,17.69,13.03
2,3,20.824,0.0,0.0,0.5,-0.0156,0.1412,0.0107,0.2641,7.82,12.96
2,3,20.845,0.0,0.0,0.5,-0.0158,0.1210,0.0096,0.2619,7.24,11.51
2,3,20.863,0.0,0.0,0.5,-0.0123,0.1151,0.0077,0.2616,6.77,11.01
2,3,20.885,0.0,0.0,0.5,-0.0159,0.1010,0.0055,0.2620,7.15,11.14
2,3,20.903,0.0,0.0,0.5,-0.0112,0.0934,0.0047,0.2634,5.29,11.37
2,3,20.926,0.0,0.0,0.5,-0.0019,0.0970,0.0036,0.2660,8.60,11.34
2,3,20.945,0.0,0.0,0.5,0.0013,0.0970,0.0036,0.2660,8.60,11.34
2,3,20.964,0.0,0.0,0.5,0.0049,0.1339,0.0035,0.2715,20.86,10.68
2,3,20.984,0.0,0.0,0.5,0.0052,0.2171,0.0042,0.2750,4.36,9.14
2,3,21.003,0.0,0.0,0.5,0.0038,0.2805,0.0045,0.2773,17.56,8.71
2,3,21.024,0.0,0.0,0.5,-0.0061,0.3962,0.0027,0.2790,19.95,9.08
2,3,21.045,0.0,0.0,0.5,-0.0129,0.3095,0.0003,0.2765,31.60,13.27
2,4,21.068,0.0,0.3,0.0,0.0000,0.1699,0.0007,0.2730,24.67,13.40
2,4,21.089,0.0,0.3,0.0,-0.0125,0.1305,0.0013,0.2697,16.36,12.88
2,4,21.106,0.0,0.3,0.0,-0.0099,0.0280,0.0051,0.2653,16.91,13.72
2,4,21.128,0.0,0.3,0.0,-0.0017,-0.0013,0.0057,0.2632,12.63,12.83
2,4,21.147,0.0,0.3,0.0,0.0019,-0.0082,0.0087,0.2613,5.50,12.26
2,4,21.168,0.0,0.3,0.0,0.0082,-0.0031,0.0105,0.2608,4.91,12.33
2,4,21.188,0.0,0.3,0.0,0.0113,0.0027,0.0118,0.2614,6.98,12.20
2,4,21.203,0.0,0.3,0.0,0.0213,0.0052,0.0133,0.2635,3.61,11.80
2,4,21.229,0.0,0.3,0.0,0.0171,0.0089,0.0147,0.2660,8.88,11.45
2,4,21.245,0.0,0.3,0.0,0.0379,0.0089,0.0151,0.2671,9.21,11.45
2,4,21.263,0.0,0.3,0.0,0.0308,-0.0038,0.0193,0.2731,10.84,10.25
2,4,21.282,0.0,0.3,0.0,0.0244,-0.0108,0.0226,0.2764,4.43,9.36
2,4,21.303,0.0,0.3,0.0,0.0111,-0.0235,0.0219,0.2774,2.69,9.78
2,4,21.324,0.0,0.3,0.0,0.0126,-0.0557,0.0156,0.2780,14.69,11.81
2,4,21.344,0.0,0.3,0.0,-0.0053,-0.0480,0.0141,0.2763,20.50,12.86
2,4,21.371,0.0,0.3,0.0,-0.0191,-0.0284,0.0123,0.2733,15.99,12.80
2,4,21.384,0.0,0.3,0.0,-0.0200,0.0022,0.0131,0.2686,18.83,12.95
2,4,21.402,0.0,0.3,0.0,-0.0298,0.0015,0.0202,0.2652,15.10,12.75
2,4,21.424,0.0,0.3,0.0,-0.0221,-0.0113,0.0182,0.2638,14.82,12.00
2,4,21.448,0.0,0.3,0.0,-0.0488,-0.0379,0.0083,0.2624,14.54,10.26
2,4,21.465,0.0,0.3,0.0,-0.0667,-0.0217,0.0032,0.2620,8.52,12.18
2,4,21.488,0.0,0.3,0.0,-0.0140,-0.0103,0.0041,0.2620,8.41,11.86
2,4,21.503,0.0,0.3,0.0,-0.0630,-0.0039,0.0082,0.2624,11.42,12.97
2,4,21.524,0.0,0.3,0.0,-0.0336,-0.0077,0.0173,0.2638,11.25,12.65
2,4,21.544,0.0,0.3,0.0,-0.0304,-0.0093,0.0184,0.2686,20.87,11.44
2,4,21.565,0.0,0.3,0.0,-0.0428,-0.0072,0.0181,0.2722,21.68,10.77
2,4,21.582,0.0,0.3,0.0,-0.0456,0.0063,0.0227,0.2768,22.49,10.53
2,4,21.602,0.0,0.3,0.0,-0.0294,0.0239,0.0258,0.2788,12.32,8.28
2,4,21.624,0.0,0.3,0.0,-0.0572,0.0633,0.0174,0.2809,27.02,12.78
2,4,21.645,0.0,0.3,0.0,-0.0271,0.0766,0.0131,0.2784,25.63,13.49
2,4,21.664,0.0,0.3,0.0,-0.0143,0.0184,0.0106,0.2750,21.21,13.44
2,4,21.682,0.0,0.3,0.0,-0.0175,-0.0319,0.0081,0.2716,39.14,12.87
2,4,21.705,0.0,0.3,0.0,-0.0142,-0.0264,0.0086,0.2683,38.26,15.14
2,4,21.723,0.0,0.3,0.0,-0.0076,-0.0171,0.0069,0.2651,13.61,15.88
2,4,21.745,0.0,0.3,0.0,0.0030,-0.0205,0.0115,0.2626,15.43,13.63
2,4,21.769,0.0,0.3,0.0,0.0127,0.0006,0.0146,0.2624,9.95,12.01
2,4,21.790,0.0,0.3,0.0,0.0095,0.0143,0.0104,0.2628,10.69,12.66
2,4,21.803,0.0,0.3,0.0,0.0239,0.0161,0.0096,0.2628,9.64,12.66
2,4,21.824,0.0,0.3,0.0,0.0161,0.0128,0.0076,0.2640,13.00,12.86
2,4,21.844,0.0,0.3,0.0,0.0199,0.0055,0.0088,0.2687,18.61,11.97
2,4,21.866,0.0,0.3,0.0,0.0342,-0.0051,0.0115,0.2736,10.88,10.97
2,4,21.883,0.0,0.3,0.0,0.0223,-0.0183,0.0089,0.2793,8.45,8.73
2,4,21.904,0.0,0.3,0.0,0.0248,-0.0500,0.0057,0.2817,11.89,5.23
2,4,21.924,0.0,0.3,0.0,0.0254,-0.0514,0.0083,0.2820,7.10,10.89
2,4,21.948,0.0,0.3,0.0,0.0092,-0.0061,0.0150,0.2800,26.24,12.39
2,4,21.968,0.0,0.3,0.0,0.0032,0.0370,0.0191,0.2765,18.83,12.46
2,4,21.984,0.0,0.3,0.0,-0.0031,0.0493,0.0135,0.2715,21.58,13.09
2,4,22.003,0.0,0.3,0.0,-0.0081,0.0391,0.0038,0.2668,20.74,13.01
2,4,22.023,0.0,0.3,0.0,-0.0078,0.0118,0.0016,0.2644,12.08,11.49
2,4,22.045,0.0,0.3,0.0,-0.0185,-0.0155,0.0086,0.2630,8.46,10.47
2,4,22.065,0.0,0.3,0.0,-0.0177,-0.0241,0.0142,0.2626,7.10,12.05
2,4,22.083,0.0,0.3,0.0,-0.0157,-0.0218,0.0162,0.2625,6.78,11.98
2,4,22.103,0.0,0.3,0.0,-0.0105,-0.0206,0.0125,0.2634,11.28,13.66
2,4,22.124,0.0,0.3,0.0,-0.0054,-0.0184,0.0083,0.2645,14.68,13.02
2,4,22.147,0.0,0.3,0.0,0.0012,-0.0026,0.0046,0.2676,14.48,11.60
2,4,22.163,0.0,0.3,0.0,0.0018,0.0010,0.0041,0.2699,23.09,11.49
2,4,22.183,0.0,0.3,0.0,-0.0033,0.0097,0.0043,0.2749,19.54,8.01
2,4,22.203,0.0,0.3,0.0,-0.0103,0.0597,0.0083,0.2815,13.11,5.82
2,4,22.224,0.0,0.3,0.0,-0.0155,0.0584,0.0117,0.2805,17.85,11.64
2,4,22.245,0.0,0.3,0.0,-0.0094,0.0043,0.0184,0.2773,34.95,13.76
2,4,22.266,0.0,0.3,0.0,-0.0153,-0.0367,0.0193,0.2740,37.42,14.14
2,4,22.283,0.0,0.3,0.0,-0.0221,-0.0333,0.0116,0.2679,14.22,12.57
2,4,22.305,0.0,0.3,0.0,-0.0288,-0.0341,0.0064,0.2635,18.72,14.29
2,4,22.325,0.0,0.3,0.0,-0.0155,-0.0206,0.0101,0.2618,15.56,13.65
2,4,22.350,0.0,0.3,0.0,-0.0054,-0.0157,0.0128,0.2616,13.87,12.28
2,4,22.366,0.0,0.3,0.0,-0.0032,0.0050,0.0120,0.2610,8.15,11.92
2,4,22.386,0.0,0.3,0.0,-0.0011,0.0171,0.0115,0.2613,9.51,12.31
2,4,22.406,0.0,0.3,0.0,0.0001,0.0172,0.0142,0.2638,8.93,12.16
2,4,22.424,0.0,0.3,0.0,0.0009,0.0049,0.0182,0.2658,9.55,11.09
2,4,22.446,0.0,0.3,0.0,0.0006,0.0158,0.0199,0.2687,20.96,11.07
2,4,22.463,0.0,0.3,0.0,-0.0019,0.0087,0.0191,0.2718,12.67,10.83
2,4,22.486,0.0,0.3,0.0,-0.0055,-0.0134,0.0175,0.2779,10.93,8.76
2,4,22.503,0.0,0.3,0.0,-0.0010,-0.0472,0.0158,0.2829,6.16,7.30
2,4,22.523,0.0,0.3,0.0,0.0009,-0.0490,0.0155,0.2831,5.93,7.23
2,4,22.549,0.0,0.3,0.0,0.0103,0.0415,0.0167,0.2791,46.16,12.25
2,4,22.564,0.0,0.3,0.0,0.0045,0.0660,0.0170,0.2761,39.48,12.75
2,4,22.588,0.0,0.3,0.0,-0.0006,0.0660,0.0136,0.2737,34.29,14.08
2,4,22.604,0.0,0.3,0.0,-0.0109,0.0635,0.0057,0.2680,73.08,13.48
2,4,22.625,0.0,0.3,0.0,-0.0159,0.0193,0.0037,0.2624,39.22,12.71
2,4,22.643,0.0,0.3,0.0,-0.0118,-0.0036,0.0046,0.2638,16.59,10.81
2,4,22.663,0.0,0.3,0.0,-0.0321,-0.0108,0.0077,0.2606,33.57,11.68
2,4,22.685,0.0,0.3,0.0,-0.0158,-0.0147,0.0118,0.2620,8.13,12.92
2,4,22.703,0.0,0.3,0.0,-0.0218,-0.0082,0.0103,0.2627,13.37,12.72
2,4,22.726,0.0,0.3,0.0,-0.0170,-0.0100,0.0057,0.2651,14.55,13.40
2,4,22.745,0.0,0.3,0.0,-0.0073,-0.0031,0.0068,0.2669,11.82,11.97
2,4,22.770,0.0,0.3,0.0,-0.0091,0.0034,0.0085,0.2709,19.71,11.88
2,4,22.783,0.0,0.3,0.0,-0.0087,0.0150,0.0103,0.2738,15.08,10.41
2,4,22.802,0.0,0.3,0.0,-0.0207,0.0287,0.0169,0.2798,13.87,9.07
2,4,22.823,0.0,0.3,0.0,-0.0245,0.0468,0.0173,0.2814,11.05,12.24
2,4,22.846,0.0,0.3,0.0,-0.0269,0.0533,0.0175,0.2791,22.67,14.73
2,4,22.865,0.0,0.3,0.0,-0.0143,-0.0359,0.0180,0.2741,30.50,12.89
2,4,22.889,0.0,0.3,0.0,-0.0114,-0.0614,0.0113,0.2698,22.75,12.11
2,4,22.903,0.0,0.3,0.0,-0.0355,-0.0267,0.0084,0.2650,14.82,14.82
2,4,22.924,0.0,0.3,0.0,-0.0131,-0.0249,0.0079,0.2631,18.16,15.29
2,4,22.949,0.0,0.3,0.0,-0.0009,-0.0289,0.0121,0.2622,18.91,13.36
2,4,22.968,0.0,0.3,0.0,0.0063,-0.0122,0.0158,0.2619,12.06,11.72
2,4,22.983,0.0,0.3,0.0,0.0124,0.0080,0.0156,0.2621,10.53,11.67
2,4,23.003,0.0,0.3,0.0,0.0078,0.0201,0.0124,0.2642,12.95,12.32
2,4,23.024,0.0,0.3,0.0,0.0045,0.0148,0.0124,0.2658,13.43,12.27
2,4,23.043,0.0,0.3,0.0,0.0098,0.0090,0.0135,0.2679,11.43,12.09
2,4,23.069,0.0,0.3,0.0,0.0086,-0.0070,0.0163,0.2745,19.11,9.67
2,4,23.088,0.0,0.3,0.0,0.0116,-0.0337,0.0144,0.2794,14.56,8.17
2,4,23.103,0.0,0.3,0.0,0.0160,-0.0604,0.0124,0.2825,23.00,8.60
2,4,23.124,0.0,0.3,0.0,0.0133,-0.0412,0.0116,0.2827,9.72,10.14
2,4,23.146,0.0,0.3,0.0,0.0046,0.0415,0.0181,0.2803,31.17,12.30
2,4,23.165,0.0,0.3,0.0,0.0022,0.0763,0.0211,0.2747,46.55,13.03
2,4,23.184,0.0,0.3,0.0,-0.0040,0.0450,0.0164,0.2705,22.24,13.02
2,4,23.203,0.0,0.3,0.0,-0.0037,0.0349,0.0097,0.2682,22.84,12.83
2,4,23.224,0.0,0.3,0.0,-0.0089,0.0116,0.0020,0.2639,17.33,11.48
2,4,23.245,0.0,0.3,0.0,-0.0164,-0.0140,0.0068,0.2633,11.34,9.85
2,4,23.265,0.0,0.3,0.0,-0.0123,-0.0231,0.0145,0.2629,9.78,9.77
2,4,23.282,0.0,0.3,0.0,-0.0182,-0.0230,0.0208,0.2626,9.69,13.51
2,4,23.303,0.0,0.3,0.0,-0.0112,-0.0201,0.0193,0.2633,21.64,14.62
2,4,23.327,0.0,0.3,0.0,-0.0044,-0.0212,0.0100,0.2650,24.46,14.11
2,4,23.342,0.0,0.3,0.0,0.0049,0.0011,0.0037,0.2679,18.99,12.56
2,4,23.364,0.0,0.3,0.0,-0.0020,0.0094,0.0055,0.2737,27.50,10.90
2,4,23.384,0.0,0.3,0.0,-0.0152,0.0429,0.0101,0.2785,36.44,8.64
2,4,23.404,0.0,0.3,0.0,-0.0217,0.0475,0.0131,0.2823,15.84,5.85
2,4,23.430,0.0,0.3,0.0,-0.0123,0.0231,0.0165,0.2812,14.32,12.61
2,4,23.451,0.0,0.3,0.0,-0.0212,-0.0166,0.0195,0.2795,18.31,12.52
2,4,23.464,0.0,0.3,0.0,-0.0074,-0.0473,0.0213,0.2778,29.59,12.76
2,4,23.483,0.0,0.3,0.0,-0.0146,-0.0546,0.0190,0.2732,16.46,12.29
2,4,23.503,0.0,0.3,0.0,-0.0240,-0.0208,0.0129,0.2662,12.15,13.47
2,4,23.526,0.0,0.3,0.0,-0.0099,-0.0169,0.0135,0.2646,14.03,14.41
2,4,23.545,0.0,0.3,0.0,-0.0071,-0.0116,0.0165,0.2636,13.67,13.64
2,4,23.570,0.0,0.3,0.0,0.0022,0.0060,0.0256,0.2627,10.37,11.98
2,4,23.585,0.0,0.3,0.0,0.0088,0.0190,0.0266,0.2630,9.75,12.09
2,4,23.604,0.0,0.3,0.0,0.0075,0.0290,0.0263,0.2637,11.08,11.44
2,4,23.625,0.0,0.3,0.0,0.0047,0.0233,0.0225,0.2667,12.84,11.69
2,4,23.652,0.0,0.3,0.0,0.0045,0.0155,0.0230,0.2709,11.14,11.32
2,4,23.670,0.0,0.3,0.0,0.0068,-0.0020,0.0238,0.2737,24.48,11.17
2,4,23.683,0.0,0.3,0.0,0.0112,-0.0166,0.0242,0.2773,47.90,7.52
2,4,23.708,0.0,0.3,0.0,0.0033,-0.0299,0.0238,0.2794,19.77,7.55
2,4,23.729,0.0,0.3,0.0,0.0185,-0.0991,0.0204,0.2837,7.33,4.03
2,4,23.745,0.0,0.3,0.0,0.0180,-0.0449,0.0197,0.2814,31.13,11.58
2,4,23.766,0.0,0.3,0.0,0.0053,0.0524,0.0224,0.2778,35.82,13.88
2,4,23.784,0.0,0.3,0.0,0.0041,0.0831,0.0243,0.2745,33.96,15.45
2,4,23.803,0.0,0.3,0.0,-0.0019,0.0703,0.0225,0.2681,16.34,14.07
2,4,23.824,0.0,0.3,0.0,-0.0046,0.0388,0.0153,0.2644,11.66,13.01
2,4,23.848,0.0,0.3,0.0,-0.0052,0.0180,0.0110,0.2622,11.98,11.80
2,4,23.865,0.0,0.3,0.0,-0.0102,-0.0075,0.0160,0.2613,9.40,11.20
2,4,23.885,0.0,0.3,0.0,-0.0097,-0.0149,0.0226,0.2614,7.09,12.72
2,4,23.903,0.0,0.3,0.0,-0.0078,-0.0183,0.0242,0.2619,10.65,12.73
2,4,23.924,0.0,0.3,0.0,0.0011,-0.0224,0.0145,0.2644,15.37,14.27
2,4,23.950,0.0,0.3,0.0,0.0146,-0.0213,0.0095,0.2661,14.94,12.19
2,4,23.978,0.0,0.3,0.0,0.0120,0.0171,0.0080,0.2731,26.17,11.93
2,4,23.981,0.0,0.3,0.0,0.0128,0.0217,0.0087,0.2748,30.10,11.56
2,4,24.003,0.0,0.3,0.0,-0.0014,0.0522,0.0082,0.2810,19.24,5.85
2,4,24.025,0.0,0.3,0.0,-0.0029,0.0522,0.0082,0.2810,19.24,5.85
2,4,24.045,0.0,0.3,0.0,-0.0007,0.0243,0.0139,0.2795,25.32,14.15
2,4,24.063,0.0,0.3,0.0,-0.0035,-0.0574,0.0267,0.2745,30.97,13.74
2,4,24.084,0.0,0.3,0.0,-0.0047,-0.0635,0.0269,0.2698,36.98,13.10
2,4,24.103,0.0,0.3,0.0,-0.0102,-0.0336,0.0161,0.2647,23.53,12.71
2,4,24.125,0.0,0.3,0.0,-0.0164,-0.0216,0.0157,0.2617,16.87,14.38
2,4,24.145,0.0,0.3,0.0,-0.0035,-0.0216,0.0157,0.2617,16.87,14.38
2,4,24.171,0.0,0.3,0.0,0.0034,-0.0093,0.0279,0.2613,11.42,11.98
2,4,24.184,0.0,0.3,0.0,0.0089,0.0101,0.0305,0.2615,9.41,12.00
2,4,24.202,0.0,0.3,0.0,0.0054,0.0341,0.0305,0.2631,18.26,10.97
2,4,24.224,0.0,0.3,0.0,0.0091,0.0304,0.0254,0.2656,17.16,11.49
2,4,24.249,0.0,0.3,0.0,0.0015,0.0122,0.0254,0.2706,15.18,11.58
2,4,24.269,0.0,0.3,0.0,0.0037,-0.0115,0.0278,0.2748,15.47,9.86
2,4,24.287,0.0,0.3,0.0,0.0081,-0.0247,0.0277,0.2775,13.23,9.96
2,4,24.304,0.0,0.3,0.0,0.0115,-0.0511,0.0240,0.2822,7.43,5.45
2,4,24.322,0.0,0.3,0.0,0.0020,-0.0595,0.0229,0.2823,10.11,5.53
2,4,24.346,0.0,0.3,0.0,0.0019,0.0099,0.0238,0.2806,24.16,11.93
2,4,24.367,0.0,0.3,0.0,-0.0036,0.0693,0.0289,0.2728,34.05,12.92
2,4,24.384,0.0,0.3,0.0,-0.0076,0.0613,0.0277,0.2716,23.80,12.86
2,4,24.403,0.0,0.3,0.0,-0.0149,0.0362,0.0163,0.2673,18.71,12.83
2,4,24.431,0.0,0.3,0.0,-0.0160,0.0017,0.0074,0.2627,9.85,11.64
2,4,24.446,0.0,0.3,0.0,-0.0156,-0.0093,0.0107,0.2622,11.30,11.38
2,4,24.466,0.0,0.3,0.0,-0.0197,-0.0176,0.0182,0.2616,7.23,12.48
2,4,24.483,0.0,0.3,0.0,-0.0226,-0.0166,0.0192,0.2619,8.88,13.86
2,4,24.503,0.0,0.3,0.0,-0.0066,-0.0127,0.0146,0.2626,13.96,13.61
2,4,24.524,0.0,0.3,0.0,-0.0035,-0.0082,0.0055,0.2654,10.93,12.95
2,4,24.550,0.0,0.3,0.0,0.0023,0.0009,0.0060,0.2684,16.86,11.32
2,4,24.569,0.0,0.3,0.0,0.0009,0.0048,0.0065,0.2710,11.81,11.37
2,4,24.585,0.0,0.3,0.0,-0.0006,0.0170,0.0048,0.2765,15.43,8.14
2,4,24.604,0.0,0.3,0.0,-0.0039,0.0415,0.0067,0.2794,25.27,6.09
2,4,24.623,0.0,0.3,0.0,-0.0082,0.0658,0.0077,0.2820,6.86,10.14
2,4,24.648,0.0,0.3,0.0,-0.0168,0.0391,0.0156,0.2791,37.41,13.17
2,4,24.665,0.0,0.3,0.0,-0.0087,-0.0245,0.0227,0.2753,23.81,12.98
2,4,24.686,0.0,0.3,0.0,-0.0104,-0.0717,0.0162,0.2701,22.83,11.56
2,4,24.703,0.0,0.3,0.0,-0.0215,-0.0387,0.0063,0.2660,17.36,13.51
2,4,24.725,0.0,0.3,0.0,-0.0155,-0.0323,0.0070,0.2624,25.14,15.04
2,4,24.752,0.0,0.3,0.0,-0.0021,-0.0306,0.0129,0.2622,23.64,12.98
2,4,24.767,0.0,0.3,0.0,0.0055,-0.0270,0.0175,0.2622,16.55,12.66
2,4,24.783,0.0,0.3,0.0,0.0136,0.0029,0.0187,0.2617,13.44,12.00
2,4,24.804,0.0,0.3,0.0,0.0134,0.0303,0.0110,0.2635,13.13,11.41
2,4,24.824,0.0,0.3,0.0,0.0093,0.0188,0.0085,0.2665,13.06,12.55
2,4,24.849,0.0,0.3,0.0,0.0077,0.0004,0.0129,0.2715,23.54,11.08
2,4,24.865,0.0,0.3,0.0,0.0200,-0.0069,0.0128,0.2746,11.00,10.02
2,4,24.884,0.0,0.3,0.0,0.0178,-0.0296,0.0085,0.2795,6.65,8.86
2,4,24.905,0.0,0.3,0.0,0.0089,-0.0688,0.0037,0.2828,10.68,6.42
2,4,24.925,0.0,0.3,0.0,0.0078,-0.0283,0.0088,0.2818,12.63,10.86
2,4,24.948,0.0,0.3,0.0,0.0032,0.0185,0.0148,0.2787,10.76,12.38
2,4,24.963,0.0,0.3,0.0,-0.0036,0.0314,0.0155,0.2761,17.52,12.38
2,4,24.985,0.0,0.3,0.0,-0.0136,0.0260,0.0070,0.2700,16.47,12.66
2,4,25.003,0.0,0.3,0.0,-0.0089,0.0139,0.0015,0.2665,12.79,12.32
2,4,25.024,0.0,0.3,0.0,-0.0199,0.0050,0.0018,0.2651,13.78,11.09
2,4,25.046,0.0,0.3,0.0,-0.0238,-0.0232,0.0102,0.2631,7.25,10.48
2,4,25.068,0.0,0.3,0.0,-0.0238,-0.0245,0.0120,0.2629,6.63,10.48
2,4,25.087,0.0,0.3,0.0,-0.0295,-0.0109,0.0133,0.2629,6.69,13.25
2,4,25.104,0.0,0.3,0.0,-0.0133,-0.0113,0.0084,0.2637,11.19,13.35
2,4,25.124,0.0,0.3,0.0,-0.0082,-0.0095,0.0047,0.2658,12.32,12.28
2,4,25.145,0.0,0.3,0.0,-0.0102,-0.0034,0.0046,0.2677,14.84,11.41
2,4,25.168,0.0,0.3,0.0,-0.0091,0.0059,0.0056,0.2732,23.08,9.86
2,4,25.186,0.0,0.3,0.0,-0.0056,0.0085,0.0056,0.2750,15.65,9.73
2,4,25.206,0.0,0.3,0.0,-0.0154,0.0568,0.0106,0.2810,17.35,6.45
2,4,25.224,0.0,0.3,0.0,-0.0352,0.0653,0.0107,0.2819,13.73,12.02
2,4,25.246,0.0,0.3,0.0,-0.0195,0.0269,0.0156,0.2789,23.84,13.16
2,4,25.264,0.0,0.3,0.0,-0.0223,-0.0387,0.0163,0.2735,40.60,13.37
2,4,25.286,0.0,0.3,0.0,-0.0161,-0.0436,0.0078,0.2688,28.92,12.04
2,4,25.306,0.0,0.3,0.0,-0.0126,-0.0298,0.0059,0.2664,15.04,11.88
2,4,25.325,0.0,0.3,0.0,-0.0316,-0.0295,0.0043,0.2626,23.12,14.84
2,4,25.345,0.0,0.3,0.0,-0.0040,-0.0297,0.0079,0.2620,20.37,14.59
2,4,25.365,0.0,0.3,0.0,0.0034,-0.0112,0.0135,0.2616,11.83,12.52
2,4,25.385,0.0,0.3,0.0,0.0122,0.0157,0.0130,0.2623,13.67,10.94
2,4,25.403,0.0,0.3,0.0,0.0057,0.0162,0.0102,0.2633,11.39,12.33
2,4,25.423,0.0,0.3,0.0,0.0055,0.0135,0.0092,0.2649,13.40,12.56
2,4,25.446,0.0,0.3,0.0,0.0066,0.0067,0.0118,0.2683,17.66,11.04
2,4,25.465,0.0,0.3,0.0,0.0142,-0.0030,0.0138,0.2746,17.25,10.91
2,4,25.484,0.0,0.3,0.0,0.0143,-0.0228,0.0108,0.2789,10.67,9.01
2,4,25.505,0.0,0.3,0.0,0.0064,-0.0389,0.0067,0.2833,12.92,6.52
2,4,25.531,0.0,0.3,0.0,0.0009,-0.0324,0.0120,0.2823,15.78,10.22
2,4,25.549,0.0,0.3,0.0,-0.0027,0.0012,0.0163,0.2805,15.36,10.54
2,4,25.566,0.0,0.3,0.0,-0.0023,0.0376,0.0210,0.2780,16.18,12.05
2,4,25.586,0.0,0.3,0.0,-0.0125,0.0475,0.0164,0.2728,20.85,12.83
2,4,25.605,0.0,0.3,0.0,-0.0107,0.0264,0.0076,0.2687,12.80,12.74
2,4,25.625,0.0,0.3,0.0,-0.0100,0.0228,0.0056,0.2678,16.85,12.65
2,4,25.647,0.0,0.3,0.0,-0.0156,-0.0115,0.0091,0.2639,12.02,10.46
2,4,25.667,0.0,0.3,0.0,-0.0298,-0.0194,0.0197,0.2634,6.52,11.51
2,4,25.702,0.0,0.3,0.0,-0.0174,-0.0079,0.0116,0.2641,17.23,13.27
2,4,25.707,0.0,0.3,0.0,-0.0206,-0.0054,0.0084,0.2642,15.59,13.09
2,4,25.726,0.0,0.3,0.0,-0.0031,-0.0021,0.0021,0.2643,13.90,13.21
2,4,25.748,0.0,0.3,0.0,-0.0038,0.0002,0.0044,0.2663,31.70,12.25
2,4,25.764,0.0,0.3,0.0,-0.0177,0.0132,0.0056,0.2726,20.16,11.95
2,4,25.783,0.0,0.3,0.0,-0.0243,0.0266,0.0133,0.2768,32.92,7.98
2,4,25.803,0.0,0.3,0.0,-0.0323,0.0731,0.0152,0.2819,18.18,8.43
2,4,25.826,0.0,0.3,0.0,-0.0073,0.0326,0.0061,0.2803,21.58,12.23
2,4,25.849,0.0,0.3,0.0,-0.0103,-0.0320,0.0074,0.2781,28.04,13.03
2,4,25.866,0.0,0.3,0.0,-0.0088,-0.0320,0.0074,0.2781,28.04,13.03
2,4,25.884,0.0,0.3,0.0,-0.0101,-0.0487,0.0151,0.2704,34.19,14.22
2,4,25.904,0.0,0.3,0.0,-0.0067,-0.0246,0.0133,0.2660,10.20,12.84
2,4,25.924,0.0,0.3,0.0,-0.0050,-0.0155,0.0125,0.2639,10.37,13.62
2,4,25.945,0.0,0.3,0.0,-0.0007,-0.0099,0.0135,0.2625,8.72,13.87
2,4,25.969,0.0,0.3,0.0,0.0062,0.0067,0.0199,0.2613,7.64,12.48
2,4,25.984,0.0,0.3,0.0,0.0034,0.0067,0.0199,0.2613,7.64,12.48
2,4,26.004,0.0,0.3,0.0,0.0090,0.0122,0.0207,0.2618,10.28,11.63
2,4,26.025,0.0,0.3,0.0,0.0162,0.0160,0.0179,0.2646,9.17,10.98
2,4,26.046,0.0,0.3,0.0,0.0099,0.0160,0.0149,0.2685,19.12,11.28
2,4,26.064,0.0,0.3,0.0,0.0165,0.0044,0.0143,0.2738,7.22,10.49
2,4,26.085,0.0,0.3,0.0,0.0186,-0.0306,0.0122,0.2785,12.98,9.08
2,4,26.103,0.0,0.3,0.0,0.0072,-0.0574,0.0099,0.2810,9.89,9.31
2,4,26.124,0.0,0.3,0.0,0.0218,-0.0647,0.0115,0.2814,9.52,11.21
2,4,26.145,0.0,0.3,0.0,0.0157,-0.0232,0.0150,0.2803,25.38,12.91
2,4,26.169,0.0,0.3,0.0,0.0024,0.0276,0.0184,0.2760,29.14,12.91
2,4,26.184,0.0,0.3,0.0,-0.0021,0.0298,0.0144,0.2724,17.59,13.24
2,4,26.204,0.0,0.3,0.0,-0.0118,0.0321,0.0008,0.2676,15.72,13.04
2,4,26.222,0.0,0.3,0.0,-0.0103,0.0183,0.0045,0.2650,22.24,12.78
2,4,26.246,0.0,0.3,0.0,-0.0241,-0.0292,0.0022,0.2631,10.18,10.03
2,4,26.266,0.0,0.3,0.0,-0.0221,-0.0366,0.0097,0.2626,9.55,11.40
2,4,26.286,0.0,0.3,0.0,-0.0152,-0.0265,0.0138,0.2626,8.87,13.48
2,4,26.303,0.0,0.3,0.0,-0.0372,-0.0141,0.0087,0.2636,16.69,14.06
2,4,26.327,0.0,0.3,0.0,-0.0093,-0.0089,0.0028,0.2647,12.14,12.92
2,4,26.350,0.0,0.3,0.0,-0.0021,-0.0016,0.0068,0.2659,12.82,12.95
2,4,26.366,0.0,0.3,0.0,-0.0140,0.0025,0.0089,0.2678,29.07,12.63
2,4,26.385,0.0,0.3,0.0,-0.0193,0.0222,0.0089,0.2753,37.67,11.12
2,4,26.403,0.0,0.3,0.0,-0.0533,0.0414,0.0184,0.2789,22.06,7.93
2,4,26.425,0.0,0.3,0.0,-0.0213,0.0320,0.0214,0.2802,28.68,12.89
2,4,26.445,0.0,0.3,0.0,-0.0219,0.0113,0.0222,0.2785,21.84,14.59
2,4,26.464,0.0,0.3,0.0,-0.0228,-0.0421,0.0182,0.2709,53.22,14.53
2,4,26.486,0.0,0.3,0.0,-0.0118,-0.0401,0.0142,0.2679,31.00,13.75
2,4,26.503,0.0,0.3,0.0,-0.0334,-0.0419,0.0108,0.2653,17.45,14.21
2,4,26.524,0.0,0.3,0.0,-0.0297,-0.0385,0.0128,0.2629,15.75,14.85
2,4,26.544,0.0,0.3,0.0,-0.0119,-0.0270,0.0173,0.2619,13.83,14.22
2,4,26.566,0.0,0.3,0.0,-0.0062,-0.0117,0.0209,0.2613,12.11,12.26
2,4,26.582,0.0,0.3,0.0,-0.0059,0.0078,0.0182,0.2616,12.95,12.39
2,4,26.605,0.0,0.3,0.0,-0.0075,0.0142,0.0165,0.2632,12.79,12.81
2,4,26.624,0.0,0.3,0.0,-0.0021,0.0128,0.0181,0.2643,10.82,12.58
2,4,26.646,0.0,0.3,0.0,-0.0007,0.0101,0.0219,0.2678,14.01,10.66
2,4,26.664,0.0,0.3,0.0,0.0006,0.0074,0.0232,0.2733,13.31,10.88
2,4,26.689,0.0,0.3,0.0,-0.0022,-0.0219,0.0211,0.2780,19.38,8.43
2,4,26.703,0.0,0.3,0.0,-0.0005,-0.0304,0.0189,0.2821,25.10,8.89
2,4,26.730,0.0,0.3,0.0,0.0042,-0.0095,0.0174,0.2821,11.42,9.40
2,4,26.748,0.0,0.3,0.0,0.0064,0.0120,0.0182,0.2817,13.01,10.30
2,4,26.764,0.0,0.3,0.0,0.0020,0.0751,0.0249,0.2768,20.89,12.36
2,4,26.785,0.0,0.3,0.0,-0.0035,0.0474,0.0207,0.2712,21.49,12.71
2,4,26.803,0.0,0.3,0.0,-0.0019,0.0392,0.0180,0.2697,15.10,12.61
2,4,26.824,0.0,0.3,0.0,-0.0094,0.0043,0.0085,0.2642,11.37,11.43
2,4,26.853,0.0,0.3,0.0,-0.0117,-0.0164,0.0151,0.2631,7.72,10.44
2,4,26.867,0.0,0.3,0.0,-0.0232,-0.0162,0.0184,0.2627,5.89,11.75
2,4,26.883,0.0,0.3,0.0,-0.0136,-0.0159,0.0199,0.2629,7.93,13.11
2,4,26.903,0.0,0.3,0.0,-0.0137,-0.0115,0.0177,0.2638,7.40,13.81
2,4,26.924,0.0,0.3,0.0,-0.0047,-0.0100,0.0145,0.2646,9.14,13.69
2,4,26.947,0.0,0.3,0.0,-0.0014,-0.0074,0.0091,0.2675,12.66,11.35
2,4,26.965,0.0,0.3,0.0,0.0003,-0.0018,0.0080,0.2699,10.46,11.43
2,4,26.987,0.0,0.3,0.0,-0.0006,0.0102,0.0068,0.2743,11.08,10.36
2,4,27.002,0.0,0.3,0.0,-0.0079,0.0418,0.0077,0.2790,15.24,6.71
2,4,27.024,0.0,0.3,0.0,-0.0212,0.0695,0.0133,0.2818,14.48,10.16
2,4,27.042,0.0,0.3,0.0,-0.0178,0.0669,0.0196,0.2790,13.43,11.56
2,5,27.074,0.0,0.0,0.0,-0.0402,-0.0543,0.0298,0.2736,24.73,14.37
2,5,27.092,0.0,0.0,0.0,-0.0133,-0.0880,0.0241,0.2690,31.42,13.97
2,5,27.110,0.0,0.0,0.0,-0.0185,-0.0922,0.0204,0.2673,98.32,10.89
2,5,27.125,0.0,0.0,0.0,-0.0201,-0.0611,0.0199,0.2756,69.07,10.45
2,5,27.145,0.0,0.0,0.0,-0.0124,-0.1209,0.0253,0.2732,61.86,9.21
2,5,27.165,0.0,0.0,0.0,-0.0074,-0.1303,0.0280,0.2747,43.10,9.29
2,5,27.183,0.0,0.0,0.0,-0.0215,-0.1264,0.0203,0.2737,31.04,9.26
2,5,27.203,0.0,0.0,0.0,-0.0374,-0.0344,0.0113,0.2703,20.08,8.08
2,5,27.223,0.0,0.0,0.0,-0.0281,0.0364,0.0212,0.2694,11.00,7.37
2,5,27.244,0.0,0.0,0.0,-0.0277,0.0400,0.0352,0.2689,8.06,9.01
2,5,27.265,0.0,0.0,0.0,-0.0299,0.0264,0.0356,0.2686,5.20,12.11
2,5,27.283,0.0,0.0,0.0,-0.0347,0.0129,0.0206,0.2683,10.88,11.16
2,5,27.303,0.0,0.0,0.0,-0.0242,0.0131,0.0124,0.2682,6.01,7.35
2,5,27.328,0.0,0.0,0.0,-0.0169,0.0044,0.0189,0.2682,8.51,8.65
2,5,27.343,0.0,0.0,0.0,-0.0139,0.0044,0.0329,0.2680,11.14,8.45
2,5,27.368,0.0,0.0,0.0,-0.0071,0.0185,0.0331,0.2673,11.29,11.48
2,5,27.383,0.0,0.0,0.0,-0.0100,0.0267,0.0195,0.2671,20.88,10.96
2,5,27.403,0.0,0.0,0.0,-0.0043,0.0348,0.0088,0.2669,18.75,9.10
2,5,27.424,0.0,0.0,0.0,0.0018,0.0127,0.0237,0.2667,12.35,10.84
2,5,27.445,0.0,0.0,0.0,0.0058,0.0149,0.0375,0.2665,24.35,6.64
2,5,27.474,0.0,0.0,0.0,0.0036,0.0159,0.0376,0.2662,13.86,12.87
2,5,27.486,0.0,0.0,0.0,0.0027,0.0269,0.0190,0.2660,22.22,11.87
2,5,27.505,0.0,0.0,0.0,0.0040,0.0432,0.0048,0.2659,42.34,13.32
2,5,27.524,0.0,0.0,0.0,0.0061,0.0361,0.0223,0.2660,4.34,8.85
2,5,27.551,0.0,0.0,0.0,0.0128,0.0068,0.0177,0.2655,62.46,12.27
2,5,27.567,0.0,0.0,0.0,0.0132,0.0048,0.0551,0.2666,7.81,11.47
2,5,27.585,0.0,0.0,0.0,0.0168,-0.0029,0.0518,0.2664,22.17,10.33
2,5,27.603,0.0,0.0,0.0,0.0165,0.0561,0.0055,0.2639,110.49,19.60
2,5,27.625,0.0,0.0,0.0,0.0222,0.1432,0.0601,0.2677,172.96,15.51
2,5,27.646,0.0,0.0,0.0,0.0203,0.0599,0.0445,0.2726,268.09,15.51
2,5,27.663,0.0,0.0,0.0,0.0211,-0.0042,0.0199,0.2698,94.57,10.73
2,5,27.685,0.0,0.0,0.0,0.0259,-0.0863,0.0342,0.2772,123.71,8.74
2,5,27.705,0.0,0.0,0.0,0.0240,0.0287,0.0103,0.2751,85.89,17.30
2,5,27.724,0.0,0.0,0.0,0.0217,0.0812,0.0175,0.2770,94.67,9.18
2,5,27.744,0.0,0.0,0.0,0.0173,0.0158,0.0170,0.2776,31.74,11.69
2,5,27.762,0.0,0.0,0.0,0.0006,0.0285,0.0327,0.2762,28.44,14.66
2,5,27.786,0.0,0.0,0.0,-0.0209,0.0188,0.0349,0.2743,33.76,22.30
2,5,27.803,0.0,0.0,0.0,-0.0364,0.0472,0.0263,0.2729,78.88,8.55
2,5,27.825,0.0,0.0,0.0,-0.0770,0.0662,0.0473,0.2743,21.85,7.75
2,5,27.848,0.0,0.0,0.0,-0.0482,-0.0014,0.0240,0.2732,49.64,13.31
2,5,27.862,0.0,0.0,0.0,-0.0373,-0.0029,0.0061,0.2727,60.46,12.50
2,5,27.886,0.0,0.0,0.0,-0.0384,-0.0351,0.0286,0.2761,84.43,9.28
2,5,27.905,0.0,0.0,0.0,-0.0630,0.0004,0.0028,0.2741,46.36,17.99
2,5,27.925,0.0,0.0,0.0,-0.0750,0.1337,0.0478,0.2736,75.31,11.56
2,5,27.946,0.0,0.0,0.0,-0.0631,0.0903,0.0338,0.2781,69.09,7.94
2,5,27.966,0.0,0.0,0.0,-0.0473,0.0433,0.0090,0.2757,128.91,14.70
2,5,27.983,0.0,0.0,0.0,-0.0396,-0.0124,0.0151,0.2777,50.02,8.09
2,5,28.005,0.0,0.0,0.0,-0.0654,-0.0272,0.0074,0.2764,28.62,17.87
2,5,28.024,0.0,0.0,0.0,-0.0572,-0.0059,0.0353,0.2749,29.67,10.83
2,5,28.045,0.0,0.0,0.0,-0.0560,-0.0077,0.0297,0.2759,20.00,12.66
2,5,28.064,0.0,0.0,0.0,-0.0488,0.0194,0.0038,0.2753,41.13,6.85
2,5,28.086,0.0,0.0,0.0,-0.0516,0.0152,0.0049,0.2746,8.04,12.22
2,5,28.106,0.0,0.0,0.0,-0.0664,0.0095,0.0119,0.2745,28.89,12.22
2,5,28.124,0.0,0.0,0.0,-0.0571,0.0121,0.0427,0.2738,17.50,13.41
2,5,28.150,0.0,0.0,0.0,-0.0407,0.0122,0.0416,0.2738,8.31,13.20
2,5,28.167,0.0,0.0,0.0,-0.0436,-0.0040,0.0009,0.2722,56.71,13.05
2,5,28.184,0.0,0.0,0.0,-0.0410,-0.0110,0.0239,0.2725,47.26,10.48
2,5,28.203,0.0,0.0,0.0,-0.0355,-0.0150,0.0329,0.2743,76.78,18.09
2,5,28.224,0.0,0.0,0.0,-0.0606,0.0640,0.0286,0.2688,141.30,20.67
2,5,28.245,0.0,0.0,0.0,-0.0554,0.1611,0.0681,0.2708,74.03,16.96
2,5,28.264,0.0,0.0,0.0,-0.0761,0.1071,0.0529,0.2773,77.25,11.52
2,5,28.285,0.0,0.0,0.0,-0.0476,0.0269,0.0057,0.2734,60.57,20.56
2,5,28.304,0.0,0.0,0.0,-0.0297,-0.0519,0.0013,0.2796,52.94,4.85
2,5,28.325,0.0,0.0,0.0,-0.0184,-0.0279,0.0117,0.2792,17.53,3.29
2,5,28.345,0.0,0.0,0.0,-0.0534,0.0186,0.0161,0.2770,47.93,9.02
2,5,28.366,0.0,0.0,0.0,-0.0524,0.0208,0.0173,0.2746,20.58,10.56
2,5,28.386,0.0,0.0,0.0,-0.0205,0.0193,0.0168,0.2741,14.84,10.12
2,5,28.403,0.0,0.0,0.0,-0.1021,0.0158,0.0136,0.2732,8.52,6.96
2,5,28.427,0.0,0.0,0.0,-0.0827,0.0018,0.0116,0.2724,5.15,5.70
2,5,28.442,0.0,0.0,0.0,-0.0543,-0.0012,0.0112,0.2721,4.61,5.61
2,5,28.465,0.0,0.0,0.0,-0.1114,-0.0019,0.0115,0.2715,4.76,5.72
2,5,28.483,0.0,0.0,0.0,-0.1133,-0.0012,0.0106,0.2709,4.88,6.21
2,5,28.503,0.0,0.0,0.0,-0.0825,-0.0009,0.0094,0.2704,5.04,6.10
2,5,28.525,0.0,0.0,0.0,-0.1138,0.0003,0.0075,0.2697,5.48,5.96
2,5,28.545,0.0,0.0,0.0,-0.0714,0.0019,0.0061,0.2692,5.59,6.20
2,5,28.571,0.0,0.0,0.0,-0.0428,0.0020,0.0055,0.2688,5.63,6.32
2,5,28.585,0.0,0.0,0.0,-0.0745,0.0012,0.0055,0.2681,5.63,6.36
2,5,28.604,0.0,0.0,0.0,-0.0492,0.0020,0.0053,0.2676,5.27,6.26
2,5,28.623,0.0,0.0,0.0,-0.0702,0.0006,0.0046,0.2671,4.79,6.54
2,5,28.645,0.0,0.0,0.0,-0.0524,0.0006,0.0038,0.2666,4.38,6.41
2,5,28.663,0.0,0.0,0.0,-0.0256,0.0014,0.0029,0.2661,3.75,6.30
2,5,28.685,0.0,0.0,0.0,-0.0202,0.0019,0.0026,0.2658,3.40,6.40
2,5,28.705,0.0,0.0,0.0,-0.0172,0.0024,0.0022,0.2654,2.73,6.41
2,5,28.724,0.0,0.0,0.0,-0.0061,0.0017,0.0018,0.2651,1.87,6.32
2,5,28.744,0.0,0.0,0.0,-0.0015,0.0016,0.0016,0.2650,1.54,6.19
2,5,28.769,0.0,0.0,0.0,0.0027,0.0006,0.0010,0.2648,1.16,6.24
2,5,28.783,0.0,0.0,0.0,0.0082,0.0006,0.0008,0.2647,1.11,6.24
2,5,28.803,0.0,0.0,0.0,0.0032,0.0008,0.0005,0.2646,0.98,6.45
2,5,28.824,0.0,0.0,0.0,0.0070,0.0007,0.0000,0.2645,0.85,6.49
2,5,28.845,0.0,0.0,0.0,0.0060,0.0006,0.0000,0.2644,0.79,6.50
2,5,28.868,0.0,0.0,0.0,0.0022,0.0005,0.0005,0.2643,0.72,6.50
2,5,28.883,0.0,0.0,0.0,0.0063,0.0004,0.0007,0.2643,0.63,6.50
2,5,28.904,0.0,0.0,0.0,0.0038,0.0003,0.0009,0.2642,0.56,6.49
2,5,28.923,0.0,0.0,0.0,0.0029,0.0002,0.0010,0.2641,0.50,6.48
2,5,28.945,0.0,0.0,0.0,0.0031,0.0001,0.0012,0.2641,0.43,6.47
2,5,28.970,0.0,0.0,0.0,0.0021,0.0001,0.0014,0.2640,0.35,6.46
2,5,28.985,0.0,0.0,0.0,0.0007,0.0001,0.0014,0.2640,0.33,6.47
2,5,29.003,0.0,0.0,0.0,0.0020,0.0000,0.0015,0.2640,0.31,6.45
2,5,29.028,0.0,0.0,0.0,0.0016,0.0000,0.0016,0.2639,0.30,6.44
2,5,29.052,0.0,0.0,0.0,0.0012,0.0000,0.0017,0.2639,0.29,6.43
2,5,29.070,0.0,0.0,0.0,0.0015,0.0000,0.0017,0.2639,0.29,6.43
2,5,29.084,0.0,0.0,0.0,0.0021,0.0000,0.0018,0.2639,0.27,6.43
2,5,29.103,0.0,0.0,0.0,0.0014,0.0000,0.0019,0.2638,0.26,6.41
2,5,29.127,0.0,0.0,0.0,0.0010,0.0000,0.0019,0.2638,0.26,6.41
2,5,29.147,0.0,0.0,0.0,0.0017,0.0000,0.0020,0.2638,0.26,6.41
2,5,29.168,0.0,0.0,0.0,0.0018,0.0000,0.0020,0.2638,0.25,6.39
2,5,29.191,0.0,0.0,0.0,0.0013,0.0000,0.0021,0.2637,0.24,6.38
2,5,29.207,0.0,0.0,0.0,0.0011,0.0000,0.0022,0.2637,0.24,6.38
2,5,29.225,0.0,0.0,0.0,0.0016,0.0000,0.0022,0.2637,0.23,6.38
2,5,29.251,0.0,0.0,0.0,0.0009,0.0000,0.0023,0.2637,0.23,6.37
2,5,29.264,0.0,0.0,0.0,0.0013,0.0000,0.0023,0.2636,0.23,6.37
2,5,29.283,0.0,0.0,0.0,0.0012,0.0000,0.0024,0.2636,0.22,6.36
2,5,29.311,0.0,0.0,0.0,0.0011,0.0000,0.0024,0.2636,0.21,6.36
2,5,29.324,0.0,0.0,0.0,0.0013,0.0000,0.0025,0.2636,0.21,6.35
2,5,29.348,0.0,0.0,0.0,0.0010,0.0000,0.0026,0.2635,0.20,6.34
2,5,29.370,0.0,0.0,0.0,0.0012,0.0000,0.0026,0.2635,0.20,6.33
2,5,29.385,0.0,0.0,0.0,0.0011,0.0000,0.0027,0.2635,0.20,6.34
2,5,29.403,0.0,0.0,0.0,0.0008,0.0000,0.0027,0.2635,0.19,6.33
2,5,29.429,0.0,0.0,0.0,0.0009,0.0000,0.0028,0.2635,0.19,6.32
2,5,29.445,0.0,0.0,0.0,0.0009,0.0000,0.0028,0.2634,0.18,6.32
2,5,29.470,0.0,0.0,0.0,0.0012,0.0000,0.0029,0.2634,0.18,6.31
2,5,29.485,0.0,0.0,0.0,0.0008,0.0000,0.0029,0.2634,0.18,6.30
2,5,29.503,0.0,0.0,0.0,0.0008,0.0000,0.0029,0.2634,0.17,6.30
2,5,29.526,0.0,0.0,0.0,0.0008,0.0000,0.0030,0.2634,0.17,6.30
2,5,29.548,0.0,0.0,0.0,0.0009,0.0000,0.0030,0.2634,0.17,6.30
2,5,29.565,0.0,0.0,0.0,0.0009,0.0000,0.0031,0.2633,0.16,6.30
2,5,29.583,0.0,0.0,0.0,0.0007,0.0000,0.0031,0.2633,0.16,6.29
2,5,29.605,0.0,0.0,0.0,0.0008,0.0001,0.0032,0.2633,0.16,6.28
2,5,29.624,0.0,0.0,0.0,0.0008,0.0001,0.0032,0.2633,0.16,6.28
2,5,29.650,0.0,0.0,0.0,0.0008,0.0001,0.0032,0.2633,0.15,6.28
2,5,29.668,0.0,0.0,0.0,0.0000,0.0001,0.0033,0.2633,0.15,6.27
2,5,29.684,0.0,0.0,0.0,0.0009,0.0001,0.0033,0.2633,0.15,6.28
2,5,29.704,0.0,0.0,0.0,0.0011,0.0001,0.0033,0.2632,0.15,6.27
2,5,29.730,0.0,0.0,0.0,0.0005,0.0001,0.0034,0.2632,0.14,6.26
2,5,29.745,0.0,0.0,0.0,0.0009,0.0001,0.0034,0.2632,0.14,6.27
2,5,29.764,0.0,0.0,0.0,0.0008,0.0001,0.0034,0.2632,0.14,6.26
2,5,29.788,0.0,0.0,0.0,0.0006,0.0001,0.0035,0.2632,0.14,6.26
2,5,29.802,0.0,0.0,0.0,0.0010,0.0001,0.0035,0.2632,0.13,6.26
2,5,29.827,0.0,0.0,0.0,0.0009,0.0001,0.0036,0.2631,0.13,6.25
2,5,29.847,0.0,0.0,0.0,0.0006,0.0001,0.0036,0.2631,0.13,6.25
2,5,29.865,0.0,0.0,0.0,0.0007,0.0001,0.0036,0.2631,0.13,6.24
2,5,29.885,0.0,0.0,0.0,0.0007,0.0001,0.0036,0.2631,0.13,6.24
2,5,29.903,0.0,0.0,0.0,0.0006,0.0001,0.0037,0.2631,0.13,6.24
2,5,29.927,0.0,0.0,0.0,0.0006,0.0001,0.0037,0.2631,0.12,6.24
2,5,29.950,0.0,0.0,0.0,0.0006,0.0001,0.0037,0.2631,0.12,6.24
2,5,29.965,0.0,0.0,0.0,0.0008,0.0001,0.0038,0.2631,0.12,6.24
2,5,29.984,0.0,0.0,0.0,0.0005,0.0001,0.0038,0.2631,0.12,6.25
2,5,30.006,0.0,0.0,0.0,0.0009,0.0001,0.0038,0.2630,0.12,6.25
2,5,30.033,0.0,0.0,0.0,0.0003,0.0001,0.0038,0.2630,0.11,6.25
2,5,30.050,0.0,0.0,0.0,0.0007,0.0001,0.0039,0.2630,0.11,6.26
2,5,30.069,0.0,0.0,0.0,0.0005,0.0001,0.0039,0.2630,0.11,6.26
3,0,0.001,0.0,0.0,0.0,0.0000,0.0002,0.1105,0.2220,0.21,11.29
3,0,0.029,0.0,0.0,0.0,0.0041,-0.0230,0.1084,0.2224,61.09,24.96
3,0,0.043,0.0,0.0,0.0,0.0160,-0.0436,0.1043,0.2233,90.96,23.05
3,0,0.061,0.0,0.0,0.0,0.0255,-0.0621,0.0988,0.2257,103.08,23.14
3,0,0.085,0.0,0.0,0.0,0.1077,-0.0548,0.0908,0.2285,75.54,21.53
3,0,0.107,0.0,0.0,0.0,0.1216,-0.0446,0.0896,0.2321,56.23,15.31
3,0,0.125,0.0,0.0,0.0,0.1096,-0.0709,0.0891,0.2340,55.96,15.03
3,0,0.143,0.0,0.0,0.0,0.1620,-0.1360,0.0841,0.2392,76.04,20.14
3,0,0.161,0.0,0.0,0.0,0.2157,-0.1439,0.0777,0.2433,77.22,14.73
3,0,0.182,0.0,0.0,0.0,0.2218,-0.0628,0.0705,0.2475,44.42,21.04
3,0,0.204,0.0,0.0,0.0,0.3133,0.0039,0.0611,0.2512,71.12,18.02
3,0,0.225,0.0,0.0,0.0,0.3553,-0.0842,0.0626,0.2544,22.98,9.78
3,0,0.247,0.0,0.0,0.0,0.1465,-0.1630,0.0550,0.2567,66.38,8.41
3,0,0.261,0.0,0.0,0.0,0.5314,-0.1407,0.0387,0.2588,51.81,11.89
3,0,0.282,0.0,0.0,0.0,0.3558,-0.0532,0.0359,0.2620,38.86,12.94
3,0,0.302,0.0,0.0,0.0,0.1718,0.0047,0.0257,0.2628,39.21,12.10
3,0,0.328,0.0,0.0,0.0,0.3295,-0.0007,0.0296,0.2639,26.10,8.44
3,0,0.344,0.0,0.0,0.0,0.3284,-0.0615,0.0270,0.2665,17.37,5.98
3,0,0.364,0.0,0.0,0.0,0.1243,-0.0745,0.0163,0.2663,24.40,14.69
3,0,0.382,0.0,0.0,0.0,0.2298,-0.0719,0.0130,0.2661,28.61,10.48
3,0,0.404,0.0,0.0,0.0,0.2280,-0.0238,0.0179,0.2672,26.98,12.56
3,0,0.428,0.0,0.0,0.0,0.1138,0.0309,0.0081,0.2673,32.60,12.15
3,0,0.444,0.0,0.0,0.0,0.1939,0.0656,0.0372,0.2680,27.23,9.35
3,0,0.461,0.0,0.0,0.0,0.2193,0.0396,0.0423,0.2701,42.09,12.01
3,0,0.487,0.0,0.0,0.0,0.1453,0.0097,0.0099,0.2688,42.15,12.20
3,0,0.508,0.0,0.0,0.0,0.1255,0.0028,0.0167,0.2711,22.95,5.90
3,0,0.525,0.0,0.0,0.0,0.0928,0.0048,0.0124,0.2715,15.86,7.76
3,0,0.543,0.0,0.0,0.0,0.0898,0.0345,0.0067,0.2709,26.29,16.81
3,0,0.564,0.0,0.0,0.0,0.0851,0.0871,0.0245,0.2723,48.07,9.68
3,0,0.583,0.0,0.0,0.0,0.0825,0.0434,0.0097,0.2728,16.15,7.27
3,0,0.604,0.0,0.0,0.0,0.0504,0.0282,0.0106,0.2726,14.13,7.60
3,0,0.626,0.0,0.0,0.0,0.0173,0.0229,0.0096,0.2723,11.09,12.81
3,0,0.645,0.0,0.0,0.0,0.0140,0.0234,0.0163,0.2723,25.72,6.95
3,0,0.661,0.0,0.0,0.0,-0.0061,0.0212,0.0242,0.2724,2.60,10.73
3,0,0.686,0.0,0.0,0.0,-0.0175,0.0182,0.0221,0.2725,8.58,10.44
3,0,0.709,0.0,0.0,0.0,-0.0263,-0.0026,0.0145,0.2725,17.32,6.55
3,0,0.727,0.0,0.0,0.0,-0.0613,0.0013,0.0171,0.2726,3.04,8.50
3,0,0.748,0.0,0.0,0.0,-0.0448,-0.0008,0.0152,0.2725,5.73,8.50
3,0,0.766,0.0,0.0,0.0,-0.0858,0.0122,0.0088,0.2723,9.98,6.50
3,0,0.782,0.0,0.0,0.0,-0.0740,0.0139,0.0117,0.2722,5.15,8.21
3,0,0.808,0.0,0.0,0.0,-0.0288,0.0232,0.0079,0.2720,6.37,7.70
3,0,0.826,0.0,0.0,0.0,-0.0780,0.0288,0.0139,0.2717,9.00,7.92
3,0,0.843,0.0,0.0,0.0,-0.1332,0.0119,0.0173,0.2713,4.78,8.60
3,0,0.862,0.0,0.0,0.0,-0.0247,0.0054,0.0137,0.2711,5.86,8.21
3,0,0.886,0.0,0.0,0.0,-0.1131,0.0087,0.0044,0.2704,5.08,5.88
3,0,0.905,0.0,0.0,0.0,-0.0872,0.0140,0.0029,0.2701,3.89,8.63
3,0,0.925,0.0,0.0,0.0,-0.0764,0.0250,0.0060,0.2698,7.10,8.19
3,0,0.943,0.0,0.0,0.0,-0.0795,0.0215,0.0148,0.2692,5.40,7.61
3,0,0.964,0.0,0.0,0.0,-0.0665,0.0043,0.0071,0.2686,4.71,8.17
3,0,0.986,0.0,0.0,0.0,-0.0208,0.0016,0.0045,0.2684,5.34,8.09
3,0,1.006,0.0,0.0,0.0,-0.0764,0.0073,0.0031,0.2678,4.34,9.56
3,0,1.025,0.0,0.0,0.0,-0.0607,0.0215,0.0134,0.2674,10.75,7.93
3,0,1.044,0.0,0.0,0.0,-0.0165,0.0220,0.0166,0.2672,8.25,7.86
3,0,1.062,0.0,0.0,0.0,-0.0466,0.0070,0.0162,0.2669,3.88,10.63
3,0,1.088,0.0,0.0,0.0,-0.0362,0.0067,0.0071,0.2663,7.55,8.50
3,0,1.102,0.0,0.0,0.0,-0.0261,0.0060,0.0092,0.2661,3.98,10.01
3,0,1.124,0.0,0.0,0.0,-0.0240,0.0023,0.0031,0.2659,10.55,10.38
3,0,1.147,0.0,0.0,0.0,-0.0207,-0.0010,0.0152,0.2656,4.73,7.02
3,0,1.164,0.0,0.0,0.0,-0.0122,0.0032,0.0087,0.2653,4.12,10.64
3,0,1.183,0.0,0.0,0.0,-0.0149,0.0153,0.0095,0.2649,20.02,8.39
3,0,1.204,0.0,0.0,0.0,-0.0060,0.0046,0.0174,0.2647,3.43,8.26
3,0,1.228,0.0,0.0,0.0,-0.0013,-0.0052,0.0026,0.2646,19.69,11.22
3,0,1.243,0.0,0.0,0.0,0.0001,-0.0010,0.0167,0.2646,15.73,10.75
3,0,1.263,0.0,0.0,0.0,0.0012,0.0259,0.0088,0.2646,23.53,13.80
3,0,1.285,0.0,0.0,0.0,0.0050,0.0348,0.0203,0.2648,31.26,8.55
3,0,1.307,0.0,0.0,0.0,0.0070,0.0348,0.0203,0.2648,31.26,8.55
3,0,1.326,0.0,0.0,0.0,0.0110,0.0061,0.0189,0.2651,21.66,16.42
3,0,1.342,0.0,0.0,0.0,0.0161,-0.0071,0.0140,0.2645,47.59,14.34
3,0,1.371,0.0,0.0,0.0,0.0283,-0.0074,0.0308,0.2657,55.49,13.33
3,0,1.385,0.0,0.0,0.0,0.0271,0.0124,0.0111,0.2651,63.32,17.93
3,0,1.407,0.0,0.0,0.0,0.0238,0.0973,0.0658,0.2659,63.01,11.93
3,0,1.425,0.0,0.0,0.0,0.0263,0.0243,0.0484,0.2693,83.87,11.18
3,0,1.447,0.0,0.0,0.0,0.0409,-0.0193,0.0148,0.2678,74.16,10.27
3,0,1.463,0.0,0.0,0.0,0.0263,-0.0143,0.0356,0.2722,118.53,12.20
3,0,1.486,0.0,0.0,0.0,0.0223,0.0167,0.0218,0.2721,103.93,18.29
3,0,1.506,0.0,0.0,0.0,-0.0048,0.1003,0.0144,0.2690,124.49,11.98
3,0,1.526,0.0,0.0,0.0,-0.0216,0.1524,0.0237,0.2732,39.83,8.35
3,0,1.544,0.0,0.0,0.0,-0.0277,0.0521,0.0023,0.2766,30.11,7.90
3,0,1.561,0.0,0.0,0.0,-0.0119,-0.0025,0.0178,0.2752,12.14,8.86
3,0,1.582,0.0,0.0,0.0,-0.0191,-0.0263,0.0176,0.2741,18.29,16.76
3,0,1.604,0.0,0.0,0.0,0.0000,-0.0170,0.0102,0.2735,17.51,8.83
3,0,1.625,0.0,0.0,0.0,-0.0472,-0.0070,0.0089,0.2731,7.68,8.63
3,0,1.641,0.0,0.0,0.0,-0.0472,0.0170,0.0123,0.2724,5.47,8.46
3,0,1.663,0.0,0.0,0.0,-0.0553,0.0150,0.0184,0.2721,5.33,6.66
3,0,1.686,0.0,0.0,0.0,-0.0603,-0.0084,0.0081,0.2713,6.53,7.62
3,0,1.705,0.0,0.0,0.0,-0.0713,-0.0139,0.0050,0.2710,7.45,7.55
3,0,1.731,0.0,0.0,0.0,-0.0594,0.0136,0.0040,0.2703,6.01,8.21
3,0,1.744,0.0,0.0,0.0,-0.0315,0.0179,0.0063,0.2702,6.80,8.01
3,0,1.761,0.0,0.0,0.0,-0.0944,0.0174,0.0151,0.2697,5.16,7.94
3,0,1.782,0.0,0.0,0.0,-0.0364,-0.0003,0.0122,0.2695,3.70,7.94
3,0,1.804,0.0,0.0,0.0,-0.0663,-0.0104,0.0030,0.2688,7.45,6.23
3,0,1.824,0.0,0.0,0.0,-0.0432,-0.0036,0.0052,0.2684,3.93,6.77
3,0,1.845,0.0,0.0,0.0,-0.0452,0.0035,0.0048,0.2682,3.82,8.36
3,0,1.861,0.0,0.0,0.0,-0.0379,0.0183,0.0062,0.2676,4.73,8.39
3,0,1.882,0.0,0.0,0.0,-0.0454,0.0098,0.0094,0.2673,3.28,7.95
3,0,1.905,0.0,0.0,0.0,-0.0259,-0.0076,0.0030,0.2669,3.85,7.64
3,0,1.928,0.0,0.0,0.0,-0.0328,-0.0101,0.0021,0.2665,3.29,6.63
3,0,1.944,0.0,0.0,0.0,-0.0373,0.0013,0.0015,0.2662,2.12,7.90
3,0,1.964,0.0,0.0,0.0,-0.0129,0.0052,0.0019,0.2661,3.20,7.73
3,0,1.982,0.0,0.0,0.0,-0.0100,0.0052,0.0056,0.2658,2.02,6.82
3,0,2.006,0.0,0.0,0.0,-0.0080,-0.0001,0.0056,0.2657,1.39,7.25
3,0,2.026,0.0,0.0,0.0,-0.0026,-0.0012,0.0047,0.2655,1.20,6.78
3,0,2.044,0.0,0.0,0.0,-0.0004,-0.0011,0.0046,0.2654,0.85,6.80
3,0,2.061,0.0,0.0,0.0,0.0011,-0.0000,0.0045,0.2654,0.57,6.07
3,0,2.082,0.0,0.0,0.0,0.0017,0.0000,0.0045,0.2653,0.56,6.08
3,0,2.104,0.0,0.0,0.0,0.0014,0.0001,0.0046,0.2652,0.47,6.10
3,0,2.124,0.0,0.0,0.0,0.0018,0.0000,0.0047,0.2652,0.43,6.10
3,0,2.142,0.0,0.0,0.0,0.0006,0.0000,0.0047,0.2652,0.38,6.11
3,0,2.161,0.0,0.0,0.0,0.0016,-0.0000,0.0048,0.2651,0.33,6.12
3,0,2.181,0.0,0.0,0.0,0.0007,-0.0000,0.0048,0.2651,0.31,6.12
3,0,2.206,0.0,0.0,0.0,0.0013,-0.0000,0.0048,0.2651,0.30,6.12
3,0,2.224,0.0,0.0,0.0,0.0007,-0.0000,0.0049,0.2650,0.29,6.13
3,0,2.242,0.0,0.0,0.0,0.0011,-0.0000,0.0049,0.2650,0.28,6.13
3,0,2.261,0.0,0.0,0.0,0.0009,-0.0000,0.0049,0.2650,0.28,6.14
3,0,2.281,0.0,0.0,0.0,0.0009,-0.0000,0.0050,0.2649,0.27,6.15
3,0,2.306,0.0,0.0,0.0,0.0009,-0.0000,0.0050,0.2649,0.26,6.15
3,0,2.325,0.0,0.0,0.0,0.0009,-0.0000,0.0051,0.2649,0.26,6.16
3,0,2.345,0.0,0.0,0.0,0.0011,-0.0000,0.0051,0.2649,0.25,6.16
3,0,2.361,0.0,0.0,0.0,0.0008,-0.0000,0.0051,0.2648,0.25,6.17
3,0,2.387,0.0,0.0,0.0,0.0007,-0.0000,0.0051,0.2648,0.24,6.17
3,0,2.404,0.0,0.0,0.0,0.0006,-0.0000,0.0052,0.2648,0.24,6.18
3,0,2.426,0.0,0.0,0.0,0.0008,-0.0000,0.0052,0.2647,0.23,6.18
3,0,2.443,0.0,0.0,0.0,0.0005,-0.0000,0.0052,0.2647,0.23,6.18
3,0,2.465,0.0,0.0,0.0,0.0010,-0.0000,0.0052,0.2647,0.22,6.19
3,0,2.481,0.0,0.0,0.0,0.0006,-0.0000,0.0053,0.2647,0.22,6.19
3,0,2.503,0.0,0.0,0.0,0.0006,0.0000,0.0053,0.2647,0.22,6.19
3,0,2.524,0.0,0.0,0.0,0.0005,0.0000,0.0053,0.2646,0.21,6.20
3,0,2.542,0.0,0.0,0.0,0.0006,0.0000,0.0053,0.2646,0.21,6.20
3,0,2.565,0.0,0.0,0.0,0.0006,0.0000,0.0054,0.2646,0.21,6.21
3,0,2.582,0.0,0.0,0.0,0.0006,0.0000,0.0054,0.2646,0.20,6.21
3,0,2.607,0.0,0.0,0.0,0.0006,0.0000,0.0054,0.2645,0.20,6.21
3,0,2.622,0.0,0.0,0.0,0.0007,0.0000,0.0054,0.2645,0.20,6.22
3,0,2.643,0.0,0.0,0.0,0.0006,0.0000,0.0054,0.2645,0.19,6.22
3,0,2.661,0.0,0.0,0.0,0.0006,0.0000,0.0055,0.2645,0.19,6.23
3,0,2.682,0.0,0.0,0.0,0.0003,0.0000,0.0055,0.2645,0.19,6.23
3,0,2.704,0.0,0.0,0.0,0.0004,0.0000,0.0055,0.2645,0.19,6.23
3,0,2.727,0.0,0.0,0.0,0.0006,0.0000,0.0055,0.2644,0.18,6.24
3,0,2.748,0.0,0.0,0.0,0.0005,0.0000,0.0055,0.2644,0.18,6.24
3,0,2.763,0.0,0.0,0.0,0.0005,0.0000,0.0056,0.2644,0.18,6.25
3,0,2.785,0.0,0.0,0.0,0.0005,0.0000,0.0056,0.2644,0.18,6.25
3,0,2.807,0.0,0.0,0.0,0.0003,0.0000,0.0056,0.2643,0.17,6.25
3,0,2.829,0.0,0.0,0.0,0.0005,0.0000,0.0056,0.2643,0.17,6.26
3,0,2.845,0.0,0.0,0.0,0.0007,0.0000,0.0056,0.2643,0.17,6.26
3,0,2.866,0.0,0.0,0.0,0.0005,0.0000,0.0057,0.2643,0.17,6.26
3,0,2.884,0.0,0.0,0.0,0.0005,0.0000,0.0057,0.2643,0.16,6.27
3,0,2.904,0.0,0.0,0.0,0.0004,0.0000,0.0057,0.2642,0.16,6.27
3,0,2.925,0.0,0.0,0.0,0.0004,0.0000,0.0057,0.2642,0.16,6.27
3,0,2.946,0.0,0.0,0.0,0.0004,0.0000,0.0057,0.2642,0.16,6.27
3,0,2.962,0.0,0.0,0.0,0.0003,0.0000,0.0057,0.2642,0.16,6.28
3,0,2.984,0.0,0.0,0.0,0.0003,0.0000,0.0057,0.2642,0.16,6.28
3,1,3.007,0.3,0.0,0.0,0.0000,0.0000,0.0057,0.2642,0.15,6.28
3,1,3.025,0.3,0.0,0.0,0.0004,0.0000,0.0058,0.2642,0.15,6.28
3,1,3.046,0.3,0.0,0.0,0.0007,-0.0064,0.0059,0.2641,7.27,15.32
3,1,3.061,0.3,0.0,0.0,0.0073,-0.0079,0.0058,0.2624,8.60,16.10
3,1,3.082,0.3,0.0,0.0,0.0085,-0.0080,0.0055,0.2598,8.81,16.51
3,1,3.102,0.3,0.0,0.0,0.0135,-0.0085,0.0057,0.2580,6.74,16.52
3,1,3.126,0.3,0.0,0.0,0.0287,-0.0058,0.0074,0.2556,6.44,16.51
3,1,3.143,0.3,0.0,0.0,0.0326,-0.0024,0.0101,0.2542,7.22,15.96
3,1,3.164,0.3,0.0,0.0,0.0525,0.0077,0.0133,0.2542,7.26,15.16
3,1,3.186,0.3,0.0,0.0,0.0496,0.0118,0.0170,0.2551,6.93,14.37
3,1,3.210,0.3,0.0,0.0,0.0445,0.0139,0.0201,0.2562,8.13,13.52
3,1,3.227,0.3,0.0,0.0,0.0818,0.0146,0.0223,0.2578,14.53,12.39
3,1,3.246,0.3,0.0,0.0,0.0557,-0.0004,0.0272,0.2616,8.79,11.66
3,1,3.261,0.3,0.0,0.0,0.0904,0.0088,0.0299,0.2632,11.52,11.44
3,1,3.285,0.3,0.0,0.0,0.0426,0.0154,0.0318,0.2647,4.96,11.47
3,1,3.305,0.3,0.0,0.0,0.1112,0.0245,0.0290,0.2675,10.53,11.89
3,1,3.324,0.3,0.0,0.0,0.0800,-0.0047,0.0170,0.2701,13.31,11.90
3,1,3.344,0.3,0.0,0.0,0.0548,-0.0142,0.0142,0.2701,11.15,11.79
3,1,3.362,0.3,0.0,0.0,0.0892,0.0051,0.0106,0.2688,23.49,12.73
3,1,3.382,0.3,0.0,0.0,0.1041,0.0124,0.0137,0.2659,18.09,15.18
3,1,3.401,0.3,0.0,0.0,0.0907,0.0184,0.0135,0.2629,14.88,16.11
3,1,3.424,0.3,0.0,0.0,0.1180,0.0215,0.0058,0.2589,10.29,15.74
3,1,3.449,0.3,0.0,0.0,0.1221,0.0144,0.0061,0.2566,6.71,14.50
3,1,3.462,0.3,0.0,0.0,0.0463,0.0048,0.0077,0.2561,5.61,14.54
3,1,3.482,0.3,0.0,0.0,0.1349,-0.0087,0.0089,0.2557,5.14,13.57
3,1,3.505,0.3,0.0,0.0,0.0860,-0.0140,0.0095,0.2567,5.62,14.07
3,1,3.526,0.3,0.0,0.0,0.1556,-0.0115,0.0102,0.2578,4.26,13.99
3,1,3.544,0.3,0.0,0.0,0.0622,-0.0105,0.0109,0.2587,6.69,14.10
3,1,3.562,0.3,0.0,0.0,0.1173,-0.0109,0.0125,0.2614,14.14,12.27
3,1,3.585,0.3,0.0,0.0,0.1583,0.0210,0.0143,0.2676,9.86,9.67
3,1,3.612,0.3,0.0,0.0,0.1020,0.0254,0.0133,0.2714,5.28,8.07
3,1,3.625,0.3,0.0,0.0,0.1775,0.0167,0.0123,0.2713,5.70,8.19
3,1,3.646,0.3,0.0,0.0,0.1242,-0.0308,0.0086,0.2706,11.03,12.29
3,1,3.665,0.3,0.0,0.0,0.1325,-0.0521,0.0084,0.2673,31.10,15.36
3,1,3.686,0.3,0.0,0.0,0.1044,-0.0355,0.0089,0.2634,7.80,15.46
3,1,3.706,0.3,0.0,0.0,0.1547,-0.0357,0.0085,0.2615,9.79,15.91
3,1,3.726,0.3,0.0,0.0,0.1077,-0.0305,0.0083,0.2605,9.70,15.89
3,1,3.746,0.3,0.0,0.0,0.1350,-0.0089,0.0067,0.2586,11.74,14.98
3,1,3.762,0.3,0.0,0.0,0.1596,0.0080,0.0050,0.2574,9.54,14.56
3,1,3.784,0.3,0.0,0.0,0.0000,0.0171,0.0039,0.2579,9.46,12.55
3,1,3.805,0.3,0.0,0.0,0.1943,0.0208,0.0034,0.2590,7.27,11.88
3,1,3.825,0.3,0.0,0.0,0.1667,0.0237,0.0028,0.2609,10.63,11.62
3,1,3.847,0.3,0.0,0.0,0.2221,0.0213,0.0019,0.2653,8.41,11.34
3,1,3.862,0.3,0.0,0.0,0.0819,0.0091,0.0015,0.2675,6.92,10.72
3,1,3.882,0.3,0.0,0.0,0.1825,-0.0151,0.0020,0.2708,17.58,8.70
3,1,3.906,0.3,0.0,0.0,0.1321,-0.0480,0.0030,0.2749,8.55,7.05
3,1,3.927,0.3,0.0,0.0,0.1318,-0.0193,0.0039,0.2743,12.86,9.64
3,1,3.946,0.3,0.0,0.0,0.2460,0.0171,0.0069,0.2732,18.11,12.97
3,1,3.962,0.3,0.0,0.0,0.1273,0.0248,0.0087,0.2722,23.09,12.97
3,1,3.984,0.3,0.0,0.0,0.1597,0.0262,0.0100,0.2655,28.46,14.31
3,1,4.006,0.3,0.0,0.0,0.1299,0.0212,0.0091,0.2633,20.18,13.99
3,1,4.026,0.3,0.0,0.0,0.1252,0.0188,0.0086,0.2599,8.86,13.47
3,1,4.047,0.3,0.0,0.0,0.1043,0.0074,0.0080,0.2579,6.10,13.03
3,1,4.062,0.3,0.0,0.0,0.1946,-0.0048,0.0073,0.2570,6.37,12.95
3,1,4.082,0.3,0.0,0.0,0.0428,-0.0099,0.0069,0.2563,5.50,12.73
3,1,4.109,0.3,0.0,0.0,0.1656,-0.0168,0.0070,0.2579,6.87,12.78
3,1,4.126,0.3,0.0,0.0,0.1322,-0.0185,0.0074,0.2585,5.90,12.83
3,1,4.144,0.3,0.0,0.0,0.1226,-0.0237,0.0082,0.2596,7.96,12.75
3,1,4.162,0.3,0.0,0.0,0.1918,-0.0278,0.0114,0.2636,11.47,11.15
3,1,4.182,0.3,0.0,0.0,0.1531,-0.0081,0.0128,0.2678,18.13,9.73
3,1,4.205,0.3,0.0,0.0,0.1225,0.0363,0.0122,0.2727,8.64,7.61
3,1,4.227,0.3,0.0,0.0,0.1545,0.0419,0.0116,0.2735,4.81,7.66
3,1,4.246,0.3,0.0,0.0,0.1262,-0.0111,0.0112,0.2727,10.92,10.90
3,1,4.264,0.3,0.0,0.0,0.1120,-0.0566,0.0120,0.2694,18.07,14.54
3,1,4.285,0.3,0.0,0.0,0.1742,-0.0509,0.0127,0.2661,9.52,14.71
3,1,4.304,0.3,0.0,0.0,0.1022,-0.0445,0.0127,0.2633,6.05,14.98
3,1,4.325,0.3,0.0,0.0,0.1177,-0.0284,0.0120,0.2602,6.43,14.97
3,1,4.345,0.3,0.0,0.0,0.1082,-0.0153,0.0112,0.2588,7.44,14.39
3,1,4.364,0.3,0.0,0.0,0.2012,0.0015,0.0099,0.2581,7.56,13.64
3,1,4.387,0.3,0.0,0.0,0.1401,0.0097,0.0089,0.2581,6.97,12.79
3,1,4.405,0.3,0.0,0.0,0.0914,0.0142,0.0083,0.2584,7.61,12.72
3,1,4.425,0.3,0.0,0.0,0.1982,0.0193,0.0073,0.2605,7.16,12.00
3,1,4.444,0.3,0.0,0.0,0.1774,0.0215,0.0065,0.2626,9.27,11.53
3,1,4.468,0.3,0.0,0.0,0.1642,0.0169,0.0049,0.2664,9.03,10.59
3,1,4.487,0.3,0.0,0.0,0.1421,-0.0066,0.0038,0.2699,10.72,9.14
3,1,4.507,0.3,0.0,0.0,0.1514,-0.0517,0.0035,0.2737,11.16,6.90
3,1,4.527,0.3,0.0,0.0,0.0797,-0.0419,0.0043,0.2740,7.44,6.19
3,1,4.544,0.3,0.0,0.0,0.2719,0.0005,0.0066,0.2725,27.38,12.77
3,1,4.563,0.3,0.0,0.0,0.1464,0.0248,0.0082,0.2704,30.21,14.43
3,1,4.586,0.3,0.0,0.0,0.1051,0.0383,0.0097,0.2655,14.17,14.56
3,1,4.607,0.3,0.0,0.0,0.1616,0.0343,0.0094,0.2617,14.20,14.09
3,1,4.629,0.3,0.0,0.0,0.1688,0.0264,0.0087,0.2588,10.45,13.65
3,1,4.644,0.3,0.0,0.0,0.1182,0.0096,0.0079,0.2571,5.32,13.35
3,1,4.663,0.3,0.0,0.0,0.1276,-0.0037,0.0073,0.2562,4.69,13.27
3,1,4.682,0.3,0.0,0.0,0.1352,-0.0072,0.0071,0.2559,5.09,13.25
3,1,4.705,0.3,0.0,0.0,0.1336,-0.0103,0.0072,0.2562,5.52,13.16
3,1,4.732,0.3,0.0,0.0,0.1401,-0.0213,0.0092,0.2584,8.10,13.05
3,1,4.744,0.3,0.0,0.0,0.1201,-0.0252,0.0106,0.2598,7.81,12.91
3,1,4.765,0.3,0.0,0.0,0.1052,-0.0266,0.0120,0.2612,10.37,12.27
3,1,4.781,0.3,0.0,0.0,0.2204,-0.0135,0.0132,0.2668,8.46,9.19
3,1,4.807,0.3,0.0,0.0,0.1431,0.0390,0.0127,0.2712,26.13,7.25
3,1,4.825,0.3,0.0,0.0,0.1891,0.0377,0.0110,0.2729,10.94,7.61
3,1,4.844,0.3,0.0,0.0,0.1422,-0.0388,0.0106,0.2715,18.63,13.72
3,1,4.861,0.3,0.0,0.0,0.1773,-0.0711,0.0129,0.2686,20.18,14.80
3,1,4.885,0.3,0.0,0.0,0.1056,-0.0648,0.0139,0.2663,10.67,14.44
3,1,4.906,0.3,0.0,0.0,0.1221,-0.0472,0.0134,0.2622,7.81,15.05
3,1,4.926,0.3,0.0,0.0,0.1238,-0.0276,0.0118,0.2593,8.33,14.96
3,1,4.946,0.3,0.0,0.0,0.1242,-0.0158,0.0111,0.2584,8.46,14.40
3,1,4.962,0.3,0.0,0.0,0.1826,-0.0016,0.0102,0.2577,9.01,13.43
3,1,4.982,0.3,0.0,0.0,0.1703,0.0125,0.0091,0.2578,8.49,12.46
3,1,5.006,0.3,0.0,0.0,0.1337,0.0221,0.0082,0.2593,8.01,11.75
3,1,5.026,0.3,0.0,0.0,0.2085,0.0260,0.0076,0.2612,8.03,11.65
3,1,5.044,0.3,0.0,0.0,0.1819,0.0251,0.0068,0.2632,7.71,11.40
3,1,5.064,0.3,0.0,0.0,0.1304,0.0116,0.0053,0.2675,9.83,10.55
3,1,5.082,0.3,0.0,0.0,0.2438,-0.0033,0.0049,0.2698,13.19,9.19
3,1,5.107,0.3,0.0,0.0,0.1401,-0.0473,0.0046,0.2738,8.35,6.94
3,1,5.124,0.3,0.0,0.0,0.1661,-0.0351,0.0057,0.2738,7.47,7.26
3,1,5.143,0.3,0.0,0.0,0.1781,0.0084,0.0082,0.2729,16.63,12.60
3,1,5.161,0.3,0.0,0.0,0.1485,0.0359,0.0108,0.2703,19.30,12.71
3,1,5.182,0.3,0.0,0.0,0.1227,0.0378,0.0121,0.2654,8.88,14.06
3,1,5.203,0.3,0.0,0.0,0.1585,0.0242,0.0113,0.2624,11.03,13.64
3,1,5.227,0.3,0.0,0.0,0.0882,0.0186,0.0104,0.2588,10.93,13.27
3,1,5.245,0.3,0.0,0.0,0.1580,0.0039,0.0096,0.2573,5.72,12.91
3,1,5.262,0.3,0.0,0.0,0.1289,-0.0072,0.0090,0.2565,4.07,12.87
3,1,5.289,0.3,0.0,0.0,0.1227,-0.0115,0.0087,0.2565,4.60,12.83
3,1,5.304,0.3,0.0,0.0,0.1517,-0.0107,0.0087,0.2568,4.96,12.81
3,1,5.325,0.3,0.0,0.0,0.1437,-0.0170,0.0097,0.2581,8.84,12.78
3,1,5.345,0.3,0.0,0.0,0.1776,-0.0231,0.0123,0.2615,6.78,12.21
3,1,5.364,0.3,0.0,0.0,0.1403,-0.0194,0.0131,0.2637,21.37,10.92
3,1,5.382,0.3,0.0,0.0,0.1482,-0.0022,0.0134,0.2680,19.66,10.83
3,1,5.404,0.3,0.0,0.0,0.1339,0.0328,0.0132,0.2722,24.97,6.42
3,1,5.426,0.3,0.0,0.0,0.0655,0.0091,0.0127,0.2729,5.35,7.59
3,1,5.444,0.3,0.0,0.0,0.1813,-0.0382,0.0125,0.2709,28.41,14.56
3,1,5.461,0.3,0.0,0.0,0.1331,-0.0517,0.0129,0.2674,12.73,15.30
3,1,5.481,0.3,0.0,0.0,0.1180,-0.0503,0.0130,0.2663,11.95,15.24
3,1,5.505,0.3,0.0,0.0,0.1428,-0.0398,0.0125,0.2619,6.12,15.58
3,1,5.522,0.3,0.0,0.0,0.1186,-0.0243,0.0112,0.2591,6.75,15.16
3,1,5.546,0.3,0.0,0.0,0.1420,-0.0066,0.0100,0.2577,7.56,14.47
3,1,5.564,0.3,0.0,0.0,0.1745,0.0040,0.0091,0.2572,7.80,13.73
3,1,5.582,0.3,0.0,0.0,0.1946,0.0107,0.0084,0.2572,7.12,12.89
3,1,5.607,0.3,0.0,0.0,0.0942,0.0163,0.0077,0.2581,11.15,12.34
3,1,5.626,0.3,0.0,0.0,0.1352,0.0163,0.0069,0.2607,6.39,11.66
3,1,5.644,0.3,0.0,0.0,0.2048,0.0190,0.0060,0.2627,13.15,11.49
3,1,5.662,0.3,0.0,0.0,0.1652,0.0184,0.0055,0.2639,5.66,11.46
3,1,5.684,0.3,0.0,0.0,0.1511,-0.0198,0.0034,0.2700,11.19,9.29
3,1,5.706,0.3,0.0,0.0,0.2094,-0.0425,0.0033,0.2735,11.72,9.66
3,1,5.724,0.3,0.0,0.0,0.1407,-0.0307,0.0051,0.2735,6.54,7.66
3,1,5.743,0.3,0.0,0.0,0.2048,0.0130,0.0090,0.2724,14.95,12.66
3,1,5.762,0.3,0.0,0.0,0.1503,0.0364,0.0119,0.2699,21.62,14.10
3,1,5.784,0.3,0.0,0.0,0.1170,0.0382,0.0121,0.2676,11.25,13.90
3,1,5.809,0.3,0.0,0.0,0.1335,0.0223,0.0109,0.2617,11.24,13.70
3,1,5.824,0.3,0.0,0.0,0.2042,0.0210,0.0107,0.2608,9.55,13.68
3,1,5.845,0.3,0.0,0.0,0.1292,0.0009,0.0094,0.2575,4.90,12.86
3,1,5.865,0.3,0.0,0.0,0.1697,-0.0110,0.0085,0.2564,5.01,12.63
3,1,5.882,0.3,0.0,0.0,0.1361,-0.0140,0.0083,0.2562,4.78,12.59
3,1,5.904,0.3,0.0,0.0,0.1325,-0.0165,0.0083,0.2564,5.55,12.54
3,1,5.925,0.3,0.0,0.0,0.1826,-0.0226,0.0097,0.2589,7.11,12.52
3,1,5.945,0.3,0.0,0.0,0.1600,-0.0292,0.0122,0.2616,10.39,12.06
3,1,5.964,0.3,0.0,0.0,0.1178,-0.0261,0.0133,0.2639,23.29,10.76
3,1,5.985,0.3,0.0,0.0,0.1405,-0.0147,0.0135,0.2672,27.85,10.67
3,1,6.003,0.3,0.0,0.0,0.1868,0.0320,0.0126,0.2717,26.59,7.37
3,1,6.024,0.3,0.0,0.0,0.1484,0.0474,0.0118,0.2733,8.52,7.45
3,1,6.042,0.3,0.0,0.0,0.1641,-0.0227,0.0116,0.2718,19.01,13.57
3,1,6.061,0.3,0.0,0.0,0.1147,-0.0600,0.0124,0.2687,18.45,14.77
3,1,6.082,0.3,0.0,0.0,0.1067,-0.0535,0.0128,0.2664,12.15,14.56
3,1,6.104,0.3,0.0,0.0,0.0926,-0.0435,0.0125,0.2621,6.12,15.13
3,1,6.127,0.3,0.0,0.0,0.1650,-0.0263,0.0113,0.2593,7.07,14.72
3,1,6.145,0.3,0.0,0.0,0.1673,-0.0127,0.0105,0.2581,7.28,14.21
3,1,6.164,0.3,0.0,0.0,0.1198,0.0037,0.0092,0.2573,8.04,14.00
3,1,6.182,0.3,0.0,0.0,0.1332,0.0107,0.0081,0.2572,6.93,12.79
3,1,6.203,0.3,0.0,0.0,0.1414,0.0166,0.0074,0.2583,10.96,12.09
3,1,6.225,0.3,0.0,0.0,0.1768,0.0171,0.0065,0.2613,5.99,11.83
3,1,6.244,0.3,0.0,0.0,0.1868,0.0191,0.0054,0.2640,9.09,11.56
3,1,6.263,0.3,0.0,0.0,0.1135,0.0120,0.0046,0.2662,21.98,10.55
3,1,6.281,0.3,0.0,0.0,0.2254,-0.0299,0.0032,0.2713,10.34,9.63
3,1,6.306,0.3,0.0,0.0,0.1821,-0.0323,0.0035,0.2736,7.44,7.12
3,1,6.331,0.3,0.0,0.0,0.1155,-0.0307,0.0039,0.2736,6.46,7.28
3,1,6.347,0.3,0.0,0.0,0.2012,0.0164,0.0086,0.2726,10.97,12.60
3,1,6.362,0.3,0.0,0.0,0.1292,0.0374,0.0105,0.2700,19.92,13.57
3,1,6.385,0.3,0.0,0.0,0.1242,0.0343,0.0111,0.2665,17.47,13.79
3,1,6.403,0.3,0.0,0.0,0.1586,0.0231,0.0108,0.2630,12.94,13.89
3,1,6.425,0.3,0.0,0.0,0.1027,0.0187,0.0104,0.2598,7.26,13.22
3,1,6.444,0.3,0.0,0.0,0.1698,0.0008,0.0096,0.2574,5.29,12.94
3,1,6.463,0.3,0.0,0.0,0.1254,-0.0111,0.0091,0.2563,4.11,12.84
3,1,6.483,0.3,0.0,0.0,0.1243,-0.0123,0.0091,0.2562,3.98,12.84
3,1,6.506,0.3,0.0,0.0,0.1911,-0.0171,0.0099,0.2576,5.67,12.79
3,1,6.525,0.3,0.0,0.0,0.1355,-0.0200,0.0107,0.2588,7.91,12.66
3,1,6.543,0.3,0.0,0.0,0.1356,-0.0239,0.0121,0.2610,6.88,12.20
3,1,6.562,0.3,0.0,0.0,0.2053,-0.0271,0.0140,0.2645,10.00,10.78
3,1,6.582,0.3,0.0,0.0,0.1896,-0.0043,0.0145,0.2683,16.38,9.61
3,1,6.604,0.3,0.0,0.0,0.1314,0.0379,0.0142,0.2726,9.45,7.17
3,1,6.626,0.3,0.0,0.0,0.1892,-0.0097,0.0135,0.2726,7.88,11.33
3,1,6.643,0.3,0.0,0.0,0.1665,-0.0638,0.0134,0.2713,21.85,13.62
3,1,6.662,0.3,0.0,0.0,0.0736,-0.0672,0.0135,0.2702,16.93,13.59
3,1,6.687,0.3,0.0,0.0,0.1355,-0.0389,0.0135,0.2649,7.46,14.58
3,1,6.705,0.3,0.0,0.0,0.1541,-0.0302,0.0128,0.2624,6.23,14.95
3,1,6.724,0.3,0.0,0.0,0.1144,-0.0170,0.0115,0.2598,7.51,14.86
3,1,6.743,0.3,0.0,0.0,0.1634,-0.0023,0.0100,0.2583,7.46,14.00
3,1,6.761,0.3,0.0,0.0,0.1713,0.0067,0.0089,0.2580,6.68,13.22
3,1,6.784,0.3,0.0,0.0,0.1387,0.0138,0.0078,0.2582,6.32,12.57
3,1,6.805,0.3,0.0,0.0,0.1704,0.0152,0.0070,0.2591,5.97,11.93
3,1,6.825,0.3,0.0,0.0,0.1233,0.0186,0.0060,0.2611,7.22,11.83
3,1,6.846,0.3,0.0,0.0,0.1614,0.0194,0.0053,0.2626,6.44,11.76
3,1,6.862,0.3,0.0,0.0,0.1998,0.0107,0.0039,0.2667,10.56,10.74
3,1,6.888,0.3,0.0,0.0,0.1509,-0.0134,0.0031,0.2705,8.21,9.69
3,1,6.906,0.3,0.0,0.0,0.1229,-0.0275,0.0030,0.2733,3.76,9.84
3,1,6.925,0.3,0.0,0.0,0.1628,-0.0233,0.0044,0.2742,4.49,8.37
3,1,6.947,0.3,0.0,0.0,0.1439,0.0155,0.0084,0.2728,21.43,12.26
3,1,6.966,0.3,0.0,0.0,0.1911,0.0302,0.0105,0.2697,26.22,13.94
3,1,6.982,0.3,0.0,0.0,0.1297,0.0283,0.0106,0.2662,10.94,14.07
3,1,7.004,0.3,0.0,0.0,0.1406,0.0275,0.0096,0.2634,14.82,13.89
3,1,7.026,0.3,0.0,0.0,0.1290,0.0201,0.0090,0.2602,7.88,13.61
3,1,7.044,0.3,0.0,0.0,0.1252,0.0067,0.0082,0.2583,5.56,13.49
3,1,7.062,0.3,0.0,0.0,0.1738,-0.0050,0.0074,0.2566,4.41,13.10
3,1,7.086,0.3,0.0,0.0,0.0813,-0.0082,0.0072,0.2563,5.21,13.12
3,1,7.105,0.3,0.0,0.0,0.1162,-0.0112,0.0073,0.2571,4.31,13.20
3,1,7.125,0.3,0.0,0.0,0.2065,-0.0158,0.0080,0.2577,8.11,13.16
3,1,7.147,0.3,0.0,0.0,0.0854,-0.0205,0.0094,0.2592,6.84,13.05
3,1,7.164,0.3,0.0,0.0,0.1948,-0.0216,0.0124,0.2629,11.81,10.92
3,1,7.182,0.3,0.0,0.0,0.1459,-0.0153,0.0131,0.2654,5.68,10.99
3,1,7.207,0.3,0.0,0.0,0.1375,0.0346,0.0137,0.2707,37.58,7.20
3,1,7.227,0.3,0.0,0.0,0.1485,0.0663,0.0122,0.2736,10.73,7.45
3,1,7.244,0.3,0.0,0.0,0.1199,0.0079,0.0112,0.2720,34.65,14.46
3,1,7.262,0.3,0.0,0.0,0.1571,-0.0472,0.0113,0.2685,30.76,15.83
3,1,7.285,0.3,0.0,0.0,0.1527,-0.0559,0.0123,0.2635,12.31,15.16
3,1,7.306,0.3,0.0,0.0,0.1022,-0.0453,0.0127,0.2607,7.09,14.91
3,1,7.325,0.3,0.0,0.0,0.1286,-0.0374,0.0127,0.2589,7.23,14.89
3,1,7.347,0.3,0.0,0.0,0.1308,-0.0182,0.0124,0.2578,9.72,14.75
3,1,7.363,0.3,0.0,0.0,0.1894,-0.0001,0.0114,0.2575,9.69,13.52
3,1,7.385,0.3,0.0,0.0,0.1362,0.0087,0.0108,0.2574,9.19,12.77
3,1,7.409,0.3,0.0,0.0,0.1088,0.0197,0.0096,0.2586,9.11,11.80
3,1,7.424,0.3,0.0,0.0,0.1991,0.0234,0.0090,0.2601,9.42,11.64
3,1,7.447,0.3,0.0,0.0,0.1600,0.0272,0.0085,0.2623,9.97,11.32
3,1,7.464,0.3,0.0,0.0,0.2162,0.0174,0.0075,0.2656,21.11,10.38
3,1,7.485,0.3,0.0,0.0,0.1615,-0.0082,0.0064,0.2699,18.20,10.52
3,1,7.505,0.3,0.0,0.0,0.1493,-0.0495,0.0059,0.2738,16.65,6.78
3,1,7.524,0.3,0.0,0.0,0.1496,-0.0359,0.0070,0.2742,7.50,5.30
3,1,7.546,0.3,0.0,0.0,0.1796,-0.0020,0.0096,0.2728,25.25,12.97
3,1,7.561,0.3,0.0,0.0,0.1869,0.0348,0.0128,0.2700,26.98,15.10
3,1,7.585,0.3,0.0,0.0,0.1283,0.0468,0.0131,0.2656,18.22,14.60
3,1,7.607,0.3,0.0,0.0,0.1268,0.0413,0.0125,0.2632,10.88,14.11
3,1,7.623,0.3,0.0,0.0,0.1658,0.0328,0.0109,0.2596,10.38,13.79
3,1,7.642,0.3,0.0,0.0,0.0807,0.0268,0.0105,0.2580,8.46,13.72
3,1,7.662,0.3,0.0,0.0,0.1339,0.0097,0.0098,0.2565,5.74,13.04
3,1,7.683,0.3,0.0,0.0,0.1291,-0.0076,0.0090,0.2562,5.51,12.97
3,1,7.702,0.3,0.0,0.0,0.1340,-0.0126,0.0087,0.2567,6.12,12.88
3,1,7.730,0.3,0.0,0.0,0.1680,-0.0190,0.0095,0.2586,7.79,12.80
3,1,7.744,0.3,0.0,0.0,0.1128,-0.0222,0.0111,0.2606,8.39,12.66
3,1,7.765,0.3,0.0,0.0,0.1694,-0.0262,0.0128,0.2625,16.81,12.23
3,1,7.782,0.3,0.0,0.0,0.1273,-0.0143,0.0135,0.2675,13.24,8.86
3,1,7.806,0.3,0.0,0.0,0.1415,0.0383,0.0132,0.2715,29.06,7.43
3,1,7.826,0.3,0.0,0.0,0.2020,0.0096,0.0107,0.2728,6.42,8.90
3,1,7.847,0.3,0.0,0.0,0.1438,-0.0425,0.0111,0.2717,19.11,13.56
3,1,7.861,0.3,0.0,0.0,0.1475,-0.0700,0.0131,0.2687,20.53,13.68
3,1,7.887,0.3,0.0,0.0,0.1143,-0.0623,0.0147,0.2647,8.80,14.47
3,1,7.906,0.3,0.0,0.0,0.0897,-0.0498,0.0142,0.2623,8.32,15.04
3,1,7.924,0.3,0.0,0.0,0.1868,-0.0362,0.0128,0.2599,8.40,15.10
3,1,7.946,0.3,0.0,0.0,0.0538,-0.0107,0.0112,0.2581,8.51,14.48
3,1,7.963,0.3,0.0,0.0,0.2021,-0.0016,0.0105,0.2578,8.65,13.67
3,1,7.982,0.3,0.0,0.0,0.1354,0.0064,0.0098,0.2577,8.34,12.86
3,1,8.004,0.3,0.0,0.0,0.1296,0.0174,0.0089,0.2588,8.78,11.99
3,1,8.026,0.3,0.0,0.0,0.1266,0.0208,0.0080,0.2608,9.04,11.67
3,1,8.044,0.3,0.0,0.0,0.1679,0.0233,0.0069,0.2632,9.24,11.31
3,1,8.064,0.3,0.0,0.0,0.1438,0.0073,0.0054,0.2673,7.36,10.47
3,1,8.083,0.3,0.0,0.0,0.1753,-0.0206,0.0043,0.2710,3.35,10.00
3,1,8.109,0.3,0.0,0.0,0.1617,-0.0242,0.0042,0.2740,4.49,7.36
3,1,8.133,0.3,0.0,0.0,0.1454,0.0007,0.0071,0.2736,8.36,9.75
3,1,8.147,0.3,0.0,0.0,0.1006,0.0103,0.0080,0.2733,8.58,9.77
3,1,8.165,0.3,0.0,0.0,0.1846,0.0271,0.0106,0.2703,23.93,13.50
3,1,8.184,0.3,0.0,0.0,0.1191,0.0215,0.0104,0.2656,9.39,13.71
3,1,8.210,0.3,0.0,0.0,0.1492,0.0197,0.0096,0.2627,10.99,13.52
3,1,8.225,0.3,0.0,0.0,0.0986,0.0143,0.0097,0.2599,8.53,13.47
3,1,8.243,0.3,0.0,0.0,0.1403,0.0089,0.0103,0.2587,7.10,12.76
3,1,8.262,0.3,0.0,0.0,0.1661,-0.0076,0.0105,0.2572,4.44,12.51
3,1,8.282,0.3,0.0,0.0,0.1229,-0.0124,0.0103,0.2572,4.30,12.51
3,1,8.305,0.3,0.0,0.0,0.1672,-0.0120,0.0108,0.2577,4.78,12.59
3,1,8.325,0.3,0.0,0.0,0.1695,-0.0124,0.0119,0.2592,4.71,12.46
3,1,8.351,0.3,0.0,0.0,0.0741,-0.0225,0.0140,0.2619,11.30,12.21
3,1,8.363,0.3,0.0,0.0,0.2481,-0.0240,0.0155,0.2641,12.24,12.09
3,1,8.382,0.3,0.0,0.0,0.1441,-0.0133,0.0170,0.2670,20.79,10.19
3,1,8.404,0.3,0.0,0.0,0.1173,0.0375,0.0169,0.2723,13.11,7.19
3,1,8.429,0.3,0.0,0.0,0.1856,0.0378,0.0140,0.2733,14.63,11.24
3,1,8.443,0.3,0.0,0.0,0.0990,-0.0307,0.0125,0.2719,15.76,12.08
3,1,8.463,0.3,0.0,0.0,0.1212,-0.0625,0.0122,0.2699,32.02,14.79
3,1,8.482,0.3,0.0,0.0,0.1274,-0.0564,0.0131,0.2656,15.77,14.99
3,1,8.509,0.3,0.0,0.0,0.1037,-0.0353,0.0134,0.2629,11.88,14.98
3,1,8.525,0.3,0.0,0.0,0.0850,-0.0318,0.0127,0.2602,11.92,15.32
3,1,8.546,0.3,0.0,0.0,0.1011,-0.0129,0.0118,0.2589,8.13,14.62
3,1,8.562,0.3,0.0,0.0,0.1405,-0.0034,0.0108,0.2582,7.89,13.97
3,1,8.582,0.3,0.0,0.0,0.1224,0.0080,0.0097,0.2582,8.08,13.09
3,1,8.605,0.3,0.0,0.0,0.1654,0.0151,0.0087,0.2598,6.92,12.41
3,1,8.626,0.3,0.0,0.0,0.1143,0.0153,0.0081,0.2607,7.63,11.85
3,1,8.649,0.3,0.0,0.0,0.0823,0.0192,0.0071,0.2627,9.98,11.27
3,1,8.669,0.3,0.0,0.0,0.2402,0.0112,0.0047,0.2666,5.02,10.53
3,1,8.689,0.3,0.0,0.0,0.1349,-0.0122,0.0028,0.2696,4.58,10.70
3,1,8.707,0.3,0.0,0.0,0.2354,-0.0506,0.0019,0.2729,12.37,9.37
3,1,8.725,0.3,0.0,0.0,0.1594,-0.0469,0.0027,0.2740,7.77,8.31
3,1,8.742,0.3,0.0,0.0,0.1447,-0.0084,0.0052,0.2730,18.80,12.94
3,1,8.764,0.3,0.0,0.0,0.1467,0.0348,0.0096,0.2691,25.09,14.67
3,1,8.784,0.3,0.0,0.0,0.1637,0.0434,0.0110,0.2658,15.86,14.20
3,1,8.806,0.3,0.0,0.0,0.1299,0.0354,0.0110,0.2627,10.03,13.84
3,1,8.824,0.3,0.0,0.0,0.1106,0.0204,0.0103,0.2591,6.05,13.57
3,1,8.846,0.3,0.0,0.0,0.1193,0.0147,0.0101,0.2585,5.27,13.49
3,1,8.862,0.3,0.0,0.0,0.1416,-0.0041,0.0091,0.2565,4.24,13.25
3,1,8.885,0.3,0.0,0.0,0.1755,-0.0088,0.0088,0.2562,5.00,13.14
3,1,8.904,0.3,0.0,0.0,0.1276,-0.0130,0.0087,0.2566,5.17,13.08
3,1,8.927,0.3,0.0,0.0,0.1406,-0.0213,0.0103,0.2585,7.05,12.84
3,1,8.946,0.3,0.0,0.0,0.1535,-0.0257,0.0123,0.2604,7.82,12.21
3,1,8.964,0.3,0.0,0.0,0.1649,-0.0281,0.0141,0.2631,15.34,10.81
3,1,8.983,0.3,0.0,0.0,0.1678,-0.0111,0.0145,0.2670,11.22,10.72
3,1,9.007,0.3,0.0,0.0,0.1886,0.0192,0.0140,0.2703,20.77,10.17
3,2,9.028,0.6,0.0,0.0,0.0000,0.0294,0.0127,0.2726,7.41,3.95
3,2,9.047,0.6,0.0,0.0,0.2912,-0.0189,0.0117,0.2706,29.13,15.86
3,2,9.061,0.6,0.0,0.0,0.1553,-0.0615,0.0123,0.2672,33.58,16.85
3,2,9.085,0.6,0.0,0.0,0.0827,-0.0573,0.0123,0.2640,43.45,17.46
3,2,9.105,0.6,0.0,0.0,0.1238,-0.0422,0.0111,0.2591,23.88,17.84
3,2,9.123,0.6,0.0,0.0,0.1397,-0.0366,0.0091,0.2561,15.27,17.87
3,2,9.145,0.6,0.0,0.0,0.2589,-0.0207,0.0069,0.2531,16.13,17.59
3,2,9.161,0.6,0.0,0.0,0.1838,-0.0005,0.0046,0.2518,16.96,17.07
3,2,9.182,0.6,0.0,0.0,0.1971,0.0229,0.0022,0.2509,14.39,15.19
3,2,9.205,0.6,0.0,0.0,0.1938,0.0296,0.0037,0.2520,14.98,14.08
3,2,9.224,0.6,0.0,0.0,0.3117,0.0345,0.0064,0.2537,16.02,13.21
3,2,9.241,0.6,0.0,0.0,0.2308,0.0341,0.0107,0.2575,21.88,12.27
3,2,9.262,0.6,0.0,0.0,0.3183,0.0240,0.0143,0.2618,22.78,12.01
3,2,9.282,0.6,0.0,0.0,0.2698,-0.0093,0.0194,0.2679,24.99,10.96
3,2,9.306,0.6,0.0,0.0,0.2461,-0.0137,0.0227,0.2725,14.14,8.40
3,2,9.324,0.6,0.0,0.0,0.2490,-0.0193,0.0202,0.2749,15.08,12.74
3,2,9.343,0.6,0.0,0.0,0.2405,-0.0025,0.0114,0.2756,20.81,15.59
3,2,9.362,0.6,0.0,0.0,0.4290,0.0204,0.0037,0.2726,66.17,15.13
3,2,9.382,0.6,0.0,0.0,0.2753,0.0115,0.0003,0.2664,31.58,16.26
3,2,9.405,0.6,0.0,0.0,0.2807,0.0204,0.0010,0.2627,28.82,16.57
3,2,9.426,0.6,0.0,0.0,0.2445,0.0310,0.0027,0.2585,25.55,16.37
3,2,9.446,0.6,0.0,0.0,0.3396,0.0299,0.0062,0.2559,14.93,15.30
3,2,9.464,0.6,0.0,0.0,0.3852,0.0240,0.0077,0.2547,14.57,15.28
3,2,9.482,0.6,0.0,0.0,0.2087,0.0087,0.0090,0.2534,11.02,14.21
3,2,9.510,0.6,0.0,0.0,0.2969,-0.0050,0.0104,0.2550,13.90,13.74
3,2,9.525,0.6,0.0,0.0,0.5403,-0.0092,0.0113,0.2560,12.49,13.47
3,2,9.547,0.6,0.0,0.0,0.2759,-0.0176,0.0119,0.2564,18.36,13.38
3,2,9.562,0.6,0.0,0.0,0.3139,-0.0280,0.0138,0.2599,27.00,12.94
3,2,9.582,0.6,0.0,0.0,0.3356,-0.0124,0.0149,0.2651,34.97,11.07
3,2,9.602,0.6,0.0,0.0,0.3566,0.0260,0.0145,0.2713,24.78,8.73
3,2,9.625,0.6,0.0,0.0,0.3876,0.0829,0.0128,0.2768,28.06,4.02
3,2,9.643,0.6,0.0,0.0,0.3735,0.0549,0.0097,0.2773,29.05,12.21
3,2,9.664,0.6,0.0,0.0,0.2110,-0.0067,0.0097,0.2756,73.96,14.91
3,2,9.688,0.6,0.0,0.0,0.6662,-0.0405,0.0127,0.2657,42.79,15.59
3,2,9.710,0.6,0.0,0.0,0.3301,-0.0658,0.0132,0.2618,26.38,15.69
3,2,9.726,0.6,0.0,0.0,0.1146,-0.0702,0.0129,0.2601,19.47,15.62
3,2,9.744,0.6,0.0,0.0,0.5214,-0.0502,0.0106,0.2566,17.82,15.31
3,2,9.762,0.6,0.0,0.0,0.3945,-0.0405,0.0091,0.2556,17.56,14.11
3,2,9.782,0.6,0.0,0.0,0.2220,-0.0127,0.0076,0.2547,17.49,12.60
3,2,9.805,0.6,0.0,0.0,0.4989,0.0122,0.0073,0.2554,18.30,11.63
3,2,9.826,0.6,0.0,0.0,0.3206,0.0238,0.0076,0.2574,19.60,11.17
3,2,9.847,0.6,0.0,0.0,0.2990,0.0284,0.0074,0.2585,22.71,11.46
3,2,9.863,0.6,0.0,0.0,0.3657,0.0316,0.0071,0.2629,45.48,10.42
3,2,9.882,0.6,0.0,0.0,0.5417,0.0043,0.0072,0.2694,18.08,9.23
3,2,9.904,0.6,0.0,0.0,0.3539,-0.0333,0.0096,0.2767,20.65,7.47
3,2,9.925,0.6,0.0,0.0,0.4083,-0.0775,0.0121,0.2801,14.18,5.45
3,2,9.945,0.6,0.0,0.0,0.4113,-0.0936,0.0132,0.2793,31.16,10.53
3,2,9.962,0.6,0.0,0.0,0.4382,0.0061,0.0156,0.2748,58.39,14.09
3,2,9.985,0.6,0.0,0.0,0.4356,0.0569,0.0165,0.2674,35.78,15.38
3,2,10.010,0.6,0.0,0.0,0.4577,0.0681,0.0151,0.2618,32.58,14.29
3,2,10.028,0.6,0.0,0.0,0.2612,0.0670,0.0132,0.2574,31.32,13.18
3,2,10.042,0.6,0.0,0.0,0.3466,0.0456,0.0113,0.2547,14.60,12.68
3,2,10.062,0.6,0.0,0.0,0.4700,0.0222,0.0100,0.2535,14.60,12.28
3,2,10.083,0.6,0.0,0.0,0.3288,-0.0031,0.0094,0.2532,14.96,11.63
3,2,10.109,0.6,0.0,0.0,0.4455,-0.0220,0.0097,0.2546,16.18,11.93
3,2,10.124,0.6,0.0,0.0,0.3767,-0.0339,0.0109,0.2558,19.50,12.65
3,2,10.144,0.6,0.0,0.0,0.4718,-0.0484,0.0124,0.2579,28.51,12.07
3,2,10.162,0.6,0.0,0.0,0.4120,-0.0502,0.0134,0.2616,33.71,11.34
3,2,10.185,0.6,0.0,0.0,0.3409,-0.0292,0.0122,0.2673,60.17,9.77
3,2,10.202,0.6,0.0,0.0,0.4414,-0.0026,0.0104,0.2722,64.33,9.30
3,2,10.225,0.6,0.0,0.0,0.3291,0.0732,0.0070,0.2785,37.28,4.10
3,2,10.244,0.6,0.0,0.0,0.3722,0.0363,0.0079,0.2787,33.09,12.92
3,2,10.264,0.6,0.0,0.0,0.2756,-0.0096,0.0099,0.2763,58.75,14.07
3,2,10.281,0.6,0.0,0.0,0.6165,-0.0329,0.0116,0.2691,39.91,15.27
3,2,10.306,0.6,0.0,0.0,0.4301,-0.0583,0.0086,0.2616,16.74,15.79
3,2,10.326,0.6,0.0,0.0,0.3364,-0.0655,0.0068,0.2588,21.34,15.53
3,2,10.343,0.6,0.0,0.0,0.4667,-0.0531,0.0032,0.2551,15.67,14.50
3,2,10.364,0.6,0.0,0.0,0.4789,-0.0057,0.0026,0.2534,17.10,12.69
3,2,10.384,0.6,0.0,0.0,0.3480,0.0024,0.0030,0.2534,17.71,12.64
3,2,10.406,0.6,0.0,0.0,0.3480,0.0333,0.0052,0.2552,17.59,11.69
3,2,10.426,0.6,0.0,0.0,0.4712,0.0346,0.0059,0.2567,19.18,12.39
3,2,10.446,0.6,0.0,0.0,0.2969,0.0384,0.0061,0.2573,24.76,12.29
3,2,10.462,0.6,0.0,0.0,0.5310,0.0411,0.0070,0.2639,27.70,11.05
3,2,10.482,0.6,0.0,0.0,0.3804,0.0126,0.0081,0.2704,44.76,10.16
3,2,10.505,0.6,0.0,0.0,0.4983,-0.0299,0.0078,0.2787,20.37,7.85
3,2,10.523,0.6,0.0,0.0,0.3587,-0.0248,0.0073,0.2798,13.70,8.45
3,2,10.543,0.6,0.0,0.0,0.4173,0.0189,0.0083,0.2788,56.38,12.17
3,2,10.562,0.6,0.0,0.0,0.2556,0.0334,0.0094,0.2760,44.99,12.67
3,2,10.584,0.6,0.0,0.0,0.5918,0.0444,0.0094,0.2709,69.83,14.96
3,2,10.606,0.6,0.0,0.0,0.3202,0.0335,0.0063,0.2641,17.85,14.33
3,2,10.624,0.6,0.0,0.0,0.2485,0.0359,0.0051,0.2619,29.07,14.27
3,2,10.642,0.6,0.0,0.0,0.5234,0.0201,0.0045,0.2575,17.83,12.70
3,2,10.662,0.6,0.0,0.0,0.4538,0.0067,0.0038,0.2566,12.81,12.34
3,2,10.685,0.6,0.0,0.0,0.2305,-0.0060,0.0037,0.2556,13.76,12.02
3,2,10.706,0.6,0.0,0.0,0.6353,-0.0097,0.0042,0.2561,10.94,11.68
3,2,10.723,0.6,0.0,0.0,0.4870,-0.0269,0.0066,0.2570,16.97,12.28
3,2,10.745,0.6,0.0,0.0,0.3147,-0.0435,0.0099,0.2592,21.08,11.81
3,2,10.762,0.6,0.0,0.0,0.4185,-0.0503,0.0127,0.2615,20.55,12.18
3,2,10.784,0.6,0.0,0.0,0.5183,-0.0304,0.0130,0.2679,45.90,10.36
3,2,10.806,0.6,0.0,0.0,0.3826,0.0541,0.0083,0.2762,36.40,7.27
3,2,10.831,0.6,0.0,0.0,0.4217,0.0703,0.0047,0.2797,20.53,8.80
3,2,10.843,0.6,0.0,0.0,0.5668,0.0359,0.0057,0.2791,22.73,11.33
3,2,10.866,0.6,0.0,0.0,0.2404,-0.0357,0.0116,0.2759,139.90,14.83
3,2,10.882,0.6,0.0,0.0,0.4436,-0.0394,0.0127,0.2718,61.63,14.80
3,2,10.907,0.6,0.0,0.0,0.3061,-0.0136,0.0133,0.2665,23.87,15.00
3,2,10.928,0.6,0.0,0.0,0.3572,-0.0624,0.0095,0.2586,35.16,15.28
3,2,10.943,0.6,0.0,0.0,0.4608,-0.0552,0.0074,0.2568,17.90,14.99
3,2,10.965,0.6,0.0,0.0,0.5304,-0.0217,0.0033,0.2544,16.78,13.06
3,2,10.990,0.6,0.0,0.0,0.3251,-0.0130,0.0032,0.2544,19.09,12.91
3,2,11.005,0.6,0.0,0.0,0.3895,0.0162,0.0033,0.2546,18.34,11.37
3,2,11.025,0.6,0.0,0.0,0.5709,0.0301,0.0036,0.2557,18.81,11.09
3,2,11.045,0.6,0.0,0.0,0.3679,0.0373,0.0044,0.2594,26.32,11.90
3,2,11.063,0.6,0.0,0.0,0.4130,0.0279,0.0056,0.2647,29.57,11.31
3,2,11.082,0.6,0.0,0.0,0.5468,0.0123,0.0060,0.2698,27.40,11.05
3,2,11.106,0.6,0.0,0.0,0.3064,-0.0286,0.0055,0.2773,25.79,7.57
3,2,11.125,0.6,0.0,0.0,0.5580,-0.0673,0.0053,0.2806,19.64,8.17
3,2,11.145,0.6,0.0,0.0,0.6187,0.0189,0.0086,0.2784,66.62,12.96
3,2,11.162,0.6,0.0,0.0,0.3873,0.0369,0.0097,0.2769,60.69,13.12
3,2,11.186,0.6,0.0,0.0,0.3233,0.0670,0.0120,0.2699,39.30,15.14
3,2,11.212,0.6,0.0,0.0,0.3804,0.0626,0.0092,0.2627,29.64,14.20
3,2,11.227,0.6,0.0,0.0,0.2619,0.0501,0.0076,0.2585,27.14,13.12
3,2,11.242,0.6,0.0,0.0,0.4132,0.0368,0.0066,0.2569,14.54,12.56
3,2,11.263,0.6,0.0,0.0,0.3459,0.0081,0.0041,0.2544,15.92,12.04
3,2,11.284,0.6,0.0,0.0,0.3428,-0.0036,0.0039,0.2545,14.25,11.76
3,2,11.310,0.6,0.0,0.0,0.3209,-0.0084,0.0042,0.2551,16.42,11.97
3,2,11.324,0.6,0.0,0.0,0.4007,-0.0148,0.0052,0.2561,18.02,11.42
3,2,11.345,0.6,0.0,0.0,0.1215,-0.0241,0.0067,0.2570,21.47,12.40
3,2,11.367,0.6,0.0,0.0,0.4344,-0.0387,0.0103,0.2622,23.25,11.16
3,2,11.382,0.6,0.0,0.0,0.4253,-0.0325,0.0112,0.2650,21.69,10.97
3,2,11.405,0.6,0.0,0.0,0.1556,-0.0195,0.0112,0.2680,49.58,10.84
3,2,11.425,0.6,0.0,0.0,0.3005,0.0141,0.0101,0.2728,78.23,5.72
3,2,11.443,0.6,0.0,0.0,0.3590,0.0741,0.0080,0.2800,53.35,6.95
3,2,11.464,0.6,0.0,0.0,0.4298,0.0657,0.0076,0.2755,118.42,14.85
3,2,11.482,0.6,0.0,0.0,0.3228,0.0048,0.0086,0.2706,72.57,17.69
3,2,11.509,0.6,0.0,0.0,0.3250,-0.0832,0.0100,0.2638,41.88,16.96
3,2,11.528,0.6,0.0,0.0,0.3806,-0.1235,0.0098,0.2582,26.96,16.32
3,2,11.543,0.6,0.0,0.0,0.4584,-0.1033,0.0090,0.2556,15.91,15.67
3,2,11.562,0.6,0.0,0.0,0.3606,-0.0581,0.0069,0.2538,15.76,13.97
3,2,11.591,0.6,0.0,0.0,0.3355,-0.0088,0.0055,0.2531,18.49,12.33
3,2,11.608,0.6,0.0,0.0,0.0000,0.0162,0.0050,0.2539,19.94,11.91
3,2,11.624,0.6,0.0,0.0,0.6119,0.0279,0.0048,0.2549,24.94,12.40
3,2,11.644,0.6,0.0,0.0,0.2916,0.0361,0.0044,0.2581,23.08,11.94
3,2,11.665,0.6,0.0,0.0,0.2156,0.0349,0.0043,0.2593,26.97,11.50
3,2,11.682,0.6,0.0,0.0,0.5020,0.0197,0.0046,0.2671,25.43,8.90
3,2,11.706,0.6,0.0,0.0,0.5015,-0.0180,0.0054,0.2731,28.62,7.70
3,2,11.726,0.6,0.0,0.0,0.4234,-0.0556,0.0060,0.2771,22.40,7.82
3,2,11.747,0.6,0.0,0.0,0.2755,-0.0717,0.0087,0.2781,25.10,9.92
3,2,11.764,0.6,0.0,0.0,0.5262,0.0285,0.0139,0.2751,71.76,15.63
3,2,11.782,0.6,0.0,0.0,0.4788,0.0565,0.0160,0.2719,47.85,15.51
3,2,11.808,0.6,0.0,0.0,0.3232,0.0595,0.0153,0.2624,27.61,14.23
3,2,11.825,0.6,0.0,0.0,0.4722,0.0576,0.0144,0.2609,19.69,14.21
3,2,11.844,0.6,0.0,0.0,0.4410,0.0326,0.0099,0.2554,15.55,12.97
3,2,11.865,0.6,0.0,0.0,0.3905,0.0105,0.0082,0.2529,18.87,12.06
3,2,11.883,0.6,0.0,0.0,0.4712,-0.0071,0.0078,0.2524,15.15,11.57
3,2,11.903,0.6,0.0,0.0,0.2302,-0.0169,0.0076,0.2535,21.05,12.56
3,2,11.926,0.6,0.0,0.0,0.3966,-0.0242,0.0075,0.2554,19.30,12.63
3,2,11.944,0.6,0.0,0.0,0.4467,-0.0419,0.0085,0.2582,25.21,11.84
3,2,11.964,0.6,0.0,0.0,0.3859,-0.0453,0.0098,0.2619,56.66,11.65
3,2,11.988,0.6,0.0,0.0,0.5394,-0.0136,0.0085,0.2690,42.41,10.11
3,2,12.006,0.6,0.0,0.0,0.3704,0.0185,0.0056,0.2744,36.95,5.96
3,2,12.027,0.6,0.0,0.0,0.4148,0.0853,0.0042,0.2789,20.09,5.71
3,2,12.045,0.6,0.0,0.0,0.3662,0.0610,0.0065,0.2786,41.98,13.49
3,2,12.061,0.6,0.0,0.0,0.3913,0.0083,0.0088,0.2738,149.55,14.70
3,2,12.085,0.6,0.0,0.0,0.3260,-0.0047,0.0093,0.2709,68.30,14.70
3,2,12.111,0.6,0.0,0.0,0.3198,-0.0282,0.0078,0.2648,40.99,15.88
3,2,12.127,0.6,0.0,0.0,0.4300,-0.0902,0.0047,0.2588,34.93,15.59
3,2,12.144,0.6,0.0,0.0,0.0000,-0.0862,0.0039,0.2567,33.56,15.30
3,2,12.161,0.6,0.0,0.0,0.4945,-0.0526,0.0028,0.2560,17.32,13.80
3,2,12.182,0.6,0.0,0.0,0.3654,-0.0177,0.0036,0.2555,15.44,12.81
3,2,12.201,0.6,0.0,0.0,0.2413,0.0141,0.0046,0.2556,16.83,11.82
3,2,12.223,0.6,0.0,0.0,0.6151,0.0326,0.0060,0.2578,24.00,12.15
3,2,12.246,0.6,0.0,0.0,0.4104,0.0355,0.0077,0.2611,25.22,12.21
3,2,12.267,0.6,0.0,0.0,0.1476,0.0331,0.0091,0.2651,31.42,11.31
3,2,12.288,0.6,0.0,0.0,0.4130,0.0101,0.0103,0.2703,33.79,10.12
3,2,12.305,0.6,0.0,0.0,0.3066,-0.0095,0.0109,0.2742,26.94,8.02
3,2,12.327,0.6,0.0,0.0,0.6187,-0.0462,0.0091,0.2800,13.62,3.75
3,2,12.345,0.6,0.0,0.0,0.4256,-0.0364,0.0058,0.2793,37.38,12.74
3,2,12.362,0.6,0.0,0.0,0.4951,0.0357,0.0090,0.2764,75.93,15.53
3,2,12.382,0.6,0.0,0.0,0.3536,0.0594,0.0125,0.2731,53.21,15.65
3,2,12.409,0.6,0.0,0.0,0.3825,0.0471,0.0133,0.2633,16.87,14.63
3,2,12.424,0.6,0.0,0.0,0.4842,0.0432,0.0111,0.2604,23.93,14.48
3,2,12.446,0.6,0.0,0.0,0.2354,0.0370,0.0086,0.2581,19.25,13.92
3,2,12.461,0.6,0.0,0.0,0.4683,0.0255,0.0060,0.2555,16.13,13.23
3,2,12.482,0.6,0.0,0.0,0.3670,0.0051,0.0050,0.2543,15.15,12.47
3,2,12.502,0.6,0.0,0.0,0.2463,-0.0021,0.0050,0.2545,15.83,12.01
3,2,12.527,0.6,0.0,0.0,0.4579,-0.0220,0.0048,0.2575,21.35,11.71
3,2,12.543,0.6,0.0,0.0,0.3311,-0.0291,0.0053,0.2588,24.78,11.35
3,2,12.564,0.6,0.0,0.0,0.3881,-0.0432,0.0067,0.2607,47.22,11.46
3,2,12.582,0.6,0.0,0.0,0.5648,-0.0366,0.0072,0.2669,38.57,9.91
3,2,12.605,0.6,0.0,0.0,0.3622,0.0281,0.0050,0.2744,44.71,7.61
3,2,12.629,0.6,0.0,0.0,0.2409,0.0642,0.0044,0.2784,28.27,7.49
3,2,12.643,0.6,0.0,0.0,0.4509,0.0777,0.0073,0.2799,36.57,10.92
3,2,12.662,0.6,0.0,0.0,0.5846,0.0109,0.0104,0.2760,77.31,16.28
3,2,12.682,0.6,0.0,0.0,0.3592,-0.0313,0.0110,0.2689,44.60,15.03
3,2,12.708,0.6,0.0,0.0,0.4245,-0.0543,0.0098,0.2637,34.73,15.69
3,2,12.725,0.6,0.0,0.0,0.5539,-0.0629,0.0079,0.2581,17.14,14.23
3,2,12.746,0.6,0.0,0.0,0.2340,-0.0518,0.0067,0.2553,21.44,14.03
3,2,12.767,0.6,0.0,0.0,0.4449,-0.0237,0.0065,0.2533,18.62,12.47
3,2,12.782,0.6,0.0,0.0,0.4071,0.0036,0.0069,0.2536,16.64,11.45
3,2,12.808,0.6,0.0,0.0,0.4832,0.0240,0.0075,0.2541,23.50,12.23
3,2,12.830,0.6,0.0,0.0,0.2110,0.0305,0.0077,0.2550,19.52,11.83
3,2,12.847,0.6,0.0,0.0,0.4605,0.0374,0.0080,0.2597,24.87,11.39
3,2,12.861,0.6,0.0,0.0,0.5340,0.0404,0.0083,0.2618,47.06,11.18
3,2,12.881,0.6,0.0,0.0,0.3711,0.0319,0.0091,0.2661,29.22,10.84
3,2,12.905,0.6,0.0,0.0,0.3441,-0.0335,0.0104,0.2760,25.08,8.11
3,2,12.925,0.6,0.0,0.0,0.5353,-0.0734,0.0099,0.2796,13.77,8.13
3,2,12.947,0.6,0.0,0.0,0.3483,-0.0381,0.0088,0.2795,27.03,8.78
3,2,12.962,0.6,0.0,0.0,0.4775,0.0378,0.0102,0.2764,83.92,15.40
3,2,12.982,0.6,0.0,0.0,0.3401,0.0762,0.0115,0.2693,38.48,15.21
3,2,13.001,0.6,0.0,0.0,0.3765,0.0739,0.0107,0.2661,31.77,15.21
3,2,13.023,0.6,0.0,0.0,0.3933,0.0609,0.0077,0.2613,20.98,14.40
3,2,13.042,0.6,0.0,0.0,0.3506,0.0448,0.0057,0.2570,18.60,13.25
3,2,13.063,0.6,0.0,0.0,0.2467,0.0263,0.0046,0.2550,13.53,12.82
3,2,13.082,0.6,0.0,0.0,0.6024,0.0013,0.0041,0.2539,13.11,12.37
3,2,13.105,0.6,0.0,0.0,0.3199,-0.0108,0.0043,0.2544,14.64,12.14
3,2,13.126,0.6,0.0,0.0,0.3442,-0.0181,0.0046,0.2555,18.09,11.65
3,2,13.144,0.6,0.0,0.0,0.3013,-0.0311,0.0063,0.2577,18.46,12.17
3,2,13.162,0.6,0.0,0.0,0.5977,-0.0436,0.0083,0.2613,29.92,11.41
3,2,13.182,0.6,0.0,0.0,0.2420,-0.0333,0.0089,0.2657,43.94,10.35
3,2,13.204,0.6,0.0,0.0,0.5001,0.0286,0.0064,0.2746,33.01,6.44
3,2,13.224,0.6,0.0,0.0,0.5067,0.0787,0.0048,0.2784,36.23,6.50
3,2,13.245,0.6,0.0,0.0,0.2431,0.0314,0.0070,0.2786,31.78,12.98
3,2,13.262,0.6,0.0,0.0,0.6031,-0.0555,0.0128,0.2727,96.99,15.71
3,2,13.285,0.6,0.0,0.0,0.3277,-0.0390,0.0134,0.2684,33.80,14.18
3,2,13.307,0.6,0.0,0.0,0.2987,-0.0629,0.0117,0.2642,23.49,15.40
3,2,13.324,0.6,0.0,0.0,0.3386,-0.0523,0.0095,0.2595,21.04,15.08
3,2,13.342,0.6,0.0,0.0,0.2421,-0.0490,0.0080,0.2577,18.57,14.39
3,2,13.364,0.6,0.0,0.0,0.4589,-0.0272,0.0066,0.2559,18.16,13.44
3,2,13.382,0.6,0.0,0.0,0.3798,-0.0064,0.0058,0.2552,21.73,12.88
3,2,13.405,0.6,0.0,0.0,0.3350,0.0219,0.0052,0.2550,19.86,11.77
3,2,13.425,0.6,0.0,0.0,0.5653,0.0315,0.0050,0.2568,19.28,12.34
3,2,13.446,0.6,0.0,0.0,0.3189,0.0400,0.0051,0.2596,29.14,12.23
3,2,13.462,0.6,0.0,0.0,0.4967,0.0344,0.0051,0.2638,28.36,11.26
3,2,13.487,0.6,0.0,0.0,0.3015,0.0092,0.0047,0.2707,34.57,9.43
3,2,13.505,0.6,0.0,0.0,0.5001,-0.0112,0.0045,0.2748,22.31,9.37
3,2,13.526,0.6,0.0,0.0,0.3441,-0.0483,0.0050,0.2804,14.38,3.50
3,2,13.543,0.6,0.0,0.0,0.5539,-0.0326,0.0085,0.2795,44.10,11.62
3,2,13.561,0.6,0.0,0.0,0.4590,0.0374,0.0137,0.2764,82.48,16.00
3,2,13.581,0.6,0.0,0.0,0.5194,0.0594,0.0165,0.2692,38.31,15.65
3,2,13.606,0.6,0.0,0.0,0.3286,0.0545,0.0135,0.2635,33.49,14.35
3,2,13.625,0.6,0.0,0.0,0.3369,0.0515,0.0114,0.2604,22.68,13.69
3,2,13.643,0.6,0.0,0.0,0.2217,0.0341,0.0093,0.2570,16.12,13.11
3,2,13.664,0.6,0.0,0.0,0.5148,0.0177,0.0079,0.2550,14.56,12.51
3,2,13.682,0.6,0.0,0.0,0.3319,-0.0018,0.0070,0.2538,14.26,11.93
3,2,13.709,0.6,0.0,0.0,0.3321,-0.0113,0.0066,0.2543,16.04,12.04
3,2,13.726,0.6,0.0,0.0,0.5355,-0.0205,0.0067,0.2559,19.88,11.45
3,2,13.743,0.6,0.0,0.0,0.2927,-0.0350,0.0075,0.2573,29.97,12.08
3,2,13.761,0.6,0.0,0.0,0.5073,-0.0434,0.0098,0.2615,24.24,11.43
3,2,13.786,0.6,0.0,0.0,0.3369,-0.0317,0.0112,0.2658,44.17,10.96
3,2,13.804,0.6,0.0,0.0,0.2767,0.0111,0.0096,0.2723,77.51,7.29
3,2,13.823,0.6,0.0,0.0,0.5372,0.0665,0.0062,0.2790,26.61,4.33
3,2,13.844,0.6,0.0,0.0,0.3853,-0.0133,0.0076,0.2763,85.82,13.38
3,2,13.870,0.6,0.0,0.0,0.2741,-0.0507,0.0098,0.2725,61.45,15.02
3,2,13.881,0.6,0.0,0.0,0.5408,-0.0446,0.0106,0.2678,47.27,14.75
3,2,13.906,0.6,0.0,0.0,0.4188,-0.0663,0.0096,0.2649,49.67,15.55
3,2,13.925,0.6,0.0,0.0,0.3270,-0.0492,0.0081,0.2586,26.39,15.06
3,2,13.943,0.6,0.0,0.0,0.4527,-0.0402,0.0065,0.2569,19.88,13.76
3,2,13.961,0.6,0.0,0.0,0.3951,-0.0155,0.0051,0.2545,20.16,12.97
3,2,13.985,0.6,0.0,0.0,0.3329,0.0120,0.0042,0.2544,16.91,11.73
3,2,14.004,0.6,0.0,0.0,0.3624,0.0248,0.0040,0.2550,18.01,12.18
3,2,14.024,0.6,0.0,0.0,0.4600,0.0358,0.0037,0.2570,22.18,12.31
3,2,14.043,0.6,0.0,0.0,0.5149,0.0366,0.0037,0.2633,27.88,11.74
3,2,14.061,0.6,0.0,0.0,0.3801,0.0280,0.0039,0.2672,36.86,11.35
3,2,14.087,0.6,0.0,0.0,0.4770,0.0137,0.0037,0.2727,32.55,9.44
3,2,14.106,0.6,0.0,0.0,0.3362,0.0038,0.0036,0.2748,31.78,9.36
3,2,14.123,0.6,0.0,0.0,0.4754,-0.0353,0.0057,0.2800,24.07,8.87
3,2,14.143,0.6,0.0,0.0,0.5270,0.0110,0.0091,0.2794,39.77,12.96
3,2,14.161,0.6,0.0,0.0,0.3890,0.0384,0.0120,0.2757,76.98,14.49
3,2,14.181,0.6,0.0,0.0,0.4609,0.0440,0.0119,0.2691,42.55,14.75
3,2,14.206,0.6,0.0,0.0,0.3111,0.0428,0.0095,0.2630,21.16,14.00
3,2,14.223,0.6,0.0,0.0,0.3249,0.0418,0.0085,0.2603,18.88,13.96
3,2,14.245,0.6,0.0,0.0,0.2447,0.0309,0.0075,0.2571,18.42,12.69
3,2,14.264,0.6,0.0,0.0,0.3458,0.0118,0.0063,0.2551,14.29,12.28
3,2,14.281,0.6,0.0,0.0,0.4850,0.0054,0.0058,0.2546,13.59,12.23
3,2,14.303,0.6,0.0,0.0,0.3111,-0.0064,0.0062,0.2552,13.37,11.96
3,2,14.324,0.6,0.0,0.0,0.3412,-0.0169,0.0083,0.2565,17.83,12.33
3,2,14.341,0.6,0.0,0.0,0.4116,-0.0320,0.0110,0.2601,21.63,11.94
3,2,14.361,0.6,0.0,0.0,0.4726,-0.0267,0.0132,0.2638,26.70,11.98
3,2,14.385,0.6,0.0,0.0,0.3838,-0.0238,0.0138,0.2678,42.00,10.10
3,2,14.406,0.6,0.0,0.0,0.3010,0.0114,0.0130,0.2734,26.23,9.70
3,2,14.426,0.6,0.0,0.0,0.3996,0.0586,0.0101,0.2801,18.14,4.61
3,2,14.442,0.6,0.0,0.0,0.5297,0.0213,0.0079,0.2799,36.50,11.22
3,2,14.462,0.6,0.0,0.0,0.4023,-0.0427,0.0109,0.2728,100.67,16.00
3,2,14.487,0.6,0.0,0.0,0.4635,-0.0337,0.0116,0.2663,27.24,14.92
3,2,14.506,0.6,0.0,0.0,0.3333,-0.0576,0.0106,0.2645,47.36,14.91
3,2,14.526,0.6,0.0,0.0,0.2781,-0.0624,0.0082,0.2584,22.16,15.72
3,2,14.544,0.6,0.0,0.0,0.4088,-0.0502,0.0067,0.2570,17.80,14.61
3,2,14.562,0.6,0.0,0.0,0.3990,-0.0252,0.0041,0.2549,19.26,13.08
3,2,14.585,0.6,0.0,0.0,0.3754,0.0001,0.0031,0.2544,18.73,11.51
3,2,14.607,0.6,0.0,0.0,0.3796,0.0180,0.0029,0.2556,18.73,11.77
3,2,14.624,0.6,0.0,0.0,0.4428,0.0263,0.0027,0.2573,20.07,12.20
3,2,14.644,0.6,0.0,0.0,0.3928,0.0342,0.0026,0.2614,27.82,11.64
3,2,14.664,0.6,0.0,0.0,0.2594,0.0310,0.0030,0.2643,34.12,11.55
3,2,14.687,0.6,0.0,0.0,0.6208,0.0046,0.0034,0.2741,32.20,9.23
3,2,14.705,0.6,0.0,0.0,0.5570,-0.0460,0.0039,0.2792,22.41,6.95
3,2,14.723,0.6,0.0,0.0,0.4016,-0.0523,0.0056,0.2805,18.99,7.67
3,2,14.741,0.6,0.0,0.0,0.5740,-0.0024,0.0088,0.2793,47.06,13.27
3,2,14.764,0.6,0.0,0.0,0.2328,0.0471,0.0123,0.2736,58.35,15.01
3,2,14.785,0.6,0.0,0.0,0.4973,0.0530,0.0123,0.2702,38.79,15.00
3,2,14.805,0.6,0.0,0.0,0.3281,0.0531,0.0099,0.2641,21.41,14.17
3,2,14.825,0.6,0.0,0.0,0.4424,0.0428,0.0079,0.2588,21.15,13.15
3,2,14.843,0.6,0.0,0.0,0.3221,0.0264,0.0065,0.2562,14.80,12.37
3,2,14.861,0.6,0.0,0.0,0.3968,0.0098,0.0049,0.2546,16.06,11.98
3,2,14.886,0.6,0.0,0.0,0.3207,0.0018,0.0043,0.2540,14.89,11.70
3,2,14.905,0.6,0.0,0.0,0.3684,-0.0049,0.0046,0.2549,13.48,11.84
3,2,14.926,0.6,0.0,0.0,0.4711,-0.0183,0.0069,0.2561,21.11,12.21
3,2,14.944,0.6,0.0,0.0,0.2235,-0.0370,0.0118,0.2597,28.14,12.43
3,2,14.962,0.6,0.0,0.0,0.6040,-0.0391,0.0131,0.2621,32.51,12.14
3,2,14.982,0.6,0.0,0.0,0.3899,-0.0297,0.0120,0.2669,51.19,10.51
3,2,15.001,0.6,0.0,0.0,0.3881,0.0119,0.0085,0.2735,36.88,6.95
3,2,15.025,0.6,0.0,0.0,0.6082,0.0747,0.0044,0.2801,17.08,4.64
3,3,15.044,0.0,0.0,0.5,1.9099,0.0110,0.0092,0.2791,41.13,14.34
3,3,15.062,0.0,0.0,0.5,0.2897,-0.0349,0.0135,0.2768,66.93,14.91
3,3,15.086,0.0,0.0,0.5,0.4768,0.1327,0.0172,0.2696,32.63,13.71
3,3,15.105,0.0,0.0,0.5,0.2898,0.1984,0.0169,0.2680,20.85,11.87
3,3,15.124,0.0,0.0,0.5,0.2204,0.2341,0.0169,0.2663,14.51,11.59
3,3,15.144,0.0,0.0,0.5,0.4165,0.2833,0.0179,0.2643,15.09,11.47
3,3,15.161,0.0,0.0,0.5,0.3192,0.3306,0.0212,0.2635,14.55,10.77
3,3,15.187,0.0,0.0,0.5,0.2492,0.3488,0.0239,0.2637,12.27,10.76
3,3,15.206,0.0,0.0,0.5,0.2079,0.3590,0.0263,0.2649,11.25,10.66
3,3,15.226,0.0,0.0,0.5,0.3545,0.3608,0.0300,0.2671,15.29,10.16
3,3,15.243,0.0,0.0,0.5,0.1854,0.3548,0.0334,0.2696,13.86,8.72
3,3,15.262,0.0,0.0,0.5,0.2931,0.3435,0.0374,0.2742,8.90,6.58
3,3,15.285,0.0,0.0,0.5,0.1900,0.2789,0.0435,0.2774,24.85,8.98
3,3,15.309,0.0,0.0,0.5,0.1428,0.2721,0.0443,0.2786,29.50,13.06
3,3,15.327,0.0,0.0,0.5,0.1246,0.2675,0.0393,0.2785,22.10,13.46
3,3,15.343,0.0,0.0,0.5,0.1403,0.2563,0.0342,0.2753,40.52,13.53
3,3,15.364,0.0,0.0,0.5,0.1130,0.2352,0.0317,0.2701,12.91,13.45
3,3,15.384,0.0,0.0,0.5,0.0645,0.2458,0.0301,0.2675,15.17,12.70
3,3,15.406,0.0,0.0,0.5,0.0725,0.2446,0.0274,0.2650,13.54,11.86
3,3,15.424,0.0,0.0,0.5,0.0525,0.2165,0.0227,0.2633,9.01,11.27
3,3,15.445,0.0,0.0,0.5,0.0292,0.2014,0.0209,0.2628,7.68,11.19
3,3,15.462,0.0,0.0,0.5,0.0320,0.1681,0.0183,0.2628,5.75,11.40
3,3,15.485,0.0,0.0,0.5,0.0245,0.1449,0.0172,0.2635,5.67,11.53
3,3,15.509,0.0,0.0,0.5,0.0238,0.1324,0.0164,0.2650,5.75,11.32
3,3,15.525,0.0,0.0,0.5,0.0232,0.1320,0.0152,0.2672,6.18,10.93
3,3,15.543,0.0,0.0,0.5,0.0213,0.1435,0.0137,0.2699,11.99,10.32
3,3,15.563,0.0,0.0,0.5,0.0238,0.1669,0.0127,0.2740,15.22,8.87
3,3,15.583,0.0,0.0,0.5,0.0146,0.2805,0.0128,0.2798,8.03,7.05
3,3,15.606,0.0,0.0,0.5,0.0050,0.3698,0.0131,0.2818,8.12,6.58
3,3,15.624,0.0,0.0,0.5,-0.0119,0.3714,0.0123,0.2818,11.37,9.65
3,3,15.645,0.0,0.0,0.5,-0.0439,0.2635,0.0116,0.2778,33.47,12.86
3,3,15.663,0.0,0.0,0.5,-0.0387,0.1967,0.0106,0.2749,15.02,13.87
3,3,15.685,0.0,0.0,0.5,-0.0299,0.1344,0.0078,0.2703,10.28,12.36
3,3,15.707,0.0,0.0,0.5,-0.0412,0.1391,0.0067,0.2666,6.62,11.40
3,3,15.725,0.0,0.0,0.5,-0.0213,0.1530,0.0060,0.2650,4.27,11.35
3,3,15.744,0.0,0.0,0.5,-0.0493,0.1676,0.0054,0.2638,4.60,11.93
3,3,15.762,0.0,0.0,0.5,-0.0296,0.1719,0.0051,0.2634,2.87,12.16
3,3,15.787,0.0,0.0,0.5,-0.0240,0.1723,0.0042,0.2636,2.72,11.96
3,3,15.806,0.0,0.0,0.5,-0.0218,0.1722,0.0037,0.2642,2.50,11.94
3,3,15.825,0.0,0.0,0.5,-0.0247,0.1710,0.0030,0.2658,4.82,11.04
3,3,15.845,0.0,0.0,0.5,-0.0253,0.1683,0.0020,0.2686,6.14,10.69
3,3,15.867,0.0,0.0,0.5,-0.0305,0.1569,0.0023,0.2719,6.49,10.06
3,3,15.882,0.0,0.0,0.5,-0.0235,0.1397,0.0034,0.2740,16.77,10.28
3,3,15.904,0.0,0.0,0.5,-0.0231,0.1377,0.0038,0.2770,18.47,6.12
3,3,15.925,0.0,0.0,0.5,-0.0216,0.1501,0.0023,0.2771,3.10,10.61
3,3,15.942,0.0,0.0,0.5,-0.0207,0.1917,0.0056,0.2757,10.91,11.07
3,3,15.962,0.0,0.0,0.5,-0.0166,0.2053,0.0083,0.2718,20.04,14.36
3,3,15.987,0.0,0.0,0.5,-0.0101,0.1955,0.0080,0.2702,18.96,14.14
3,3,16.009,0.0,0.0,0.5,-0.0159,0.1584,0.0067,0.2659,9.44,13.23
3,3,16.074,0.0,0.0,0.5,-0.0022,0.1451,0.0075,0.2629,8.42,12.94
3,3,16.080,0.0,0.0,0.5,-0.0022,0.1451,0.0075,0.2629,8.42,12.94
3,3,16.083,0.0,0.0,0.5,-0.0022,0.1359,0.0085,0.2618,9.42,12.16
3,3,16.094,0.0,0.0,0.5,-0.0120,0.1359,0.0085,0.2618,9.42,12.16
3,3,16.118,0.0,0.0,0.5,-0.0379,0.1154,0.0120,0.2633,9.25,11.39
3,3,16.126,0.0,0.0,0.5,-0.0300,0.0736,0.0124,0.2613,27.96,11.07
3,3,16.144,0.0,0.0,0.5,-0.0087,0.0952,0.0110,0.2662,13.50,10.52
3,3,16.164,0.0,0.0,0.5,-0.0034,0.1383,0.0096,0.2691,12.83,10.52
3,3,16.182,0.0,0.0,0.5,-0.0045,0.2266,0.0086,0.2745,16.25,8.97
3,3,16.205,0.0,0.0,0.5,-0.0040,0.3569,0.0075,0.2792,13.32,5.12
3,3,16.229,0.0,0.0,0.5,-0.0016,0.3830,0.0033,0.2794,10.76,7.60
3,3,16.243,0.0,0.0,0.5,-0.0021,0.3032,0.0017,0.2776,20.75,11.10
3,3,16.262,0.0,0.0,0.5,-0.0073,0.1921,0.0047,0.2739,33.02,13.90
3,3,16.286,0.0,0.0,0.5,-0.0070,0.1430,0.0052,0.2706,22.70,13.66
3,3,16.309,0.0,0.0,0.5,-0.0067,0.1106,0.0061,0.2670,14.10,12.73
3,3,16.330,0.0,0.0,0.5,-0.0060,0.0887,0.0062,0.2640,3.00,14.33
3,3,16.347,0.0,0.0,0.5,-0.0025,0.1162,0.0059,0.2625,4.60,13.86
3,3,16.365,0.0,0.0,0.5,0.0016,0.1370,0.0056,0.2623,4.08,13.20
3,3,16.387,0.0,0.0,0.5,0.0102,0.1723,0.0057,0.2625,4.32,12.32
3,3,16.407,0.0,0.0,0.5,0.0079,0.1790,0.0058,0.2628,4.92,12.29
3,3,16.426,0.0,0.0,0.5,0.0062,0.1852,0.0060,0.2631,5.08,11.46
3,3,16.445,0.0,0.0,0.5,0.0096,0.1886,0.0068,0.2667,3.62,10.70
3,3,16.466,0.0,0.0,0.5,0.0118,0.1798,0.0079,0.2700,13.96,10.20
3,3,16.485,0.0,0.0,0.5,0.0068,0.1798,0.0079,0.2700,13.96,10.20
3,3,16.505,0.0,0.0,0.5,0.0104,0.1484,0.0082,0.2763,18.67,8.43
3,3,16.525,0.0,0.0,0.5,0.0095,0.1328,0.0088,0.2770,7.18,8.71
3,3,16.545,0.0,0.0,0.5,0.0020,0.1577,0.0096,0.2760,16.38,11.17
3,3,16.564,0.0,0.0,0.5,-0.0029,0.1983,0.0119,0.2727,22.83,14.20
3,3,16.582,0.0,0.0,0.5,-0.0098,0.2005,0.0121,0.2685,7.44,14.77
3,3,16.602,0.0,0.0,0.5,-0.0070,0.1786,0.0107,0.2655,5.63,13.21
3,3,16.624,0.0,0.0,0.5,-0.0140,0.1462,0.0091,0.2632,7.19,12.45
3,3,16.647,0.0,0.0,0.5,-0.0127,0.1176,0.0078,0.2615,6.93,11.86
3,3,16.662,0.0,0.0,0.5,-0.0044,0.1072,0.0072,0.2613,6.92,11.69
3,3,16.685,0.0,0.0,0.5,-0.0110,0.0972,0.0054,0.2612,6.08,11.08
3,3,16.705,0.0,0.0,0.5,-0.0051,0.0931,0.0036,0.2627,5.88,10.93
3,3,16.726,0.0,0.0,0.5,-0.0021,0.0917,0.0027,0.2636,5.36,11.02
3,3,16.746,0.0,0.0,0.5,0.0033,0.1055,0.0024,0.2672,8.19,10.83
3,3,16.762,0.0,0.0,0.5,0.0076,0.1473,0.0032,0.2708,12.44,9.33
3,3,16.783,0.0,0.0,0.5,0.0095,0.2273,0.0036,0.2754,9.38,7.90
3,3,16.809,0.0,0.0,0.5,0.0054,0.3842,0.0041,0.2790,6.65,6.26
3,3,16.827,0.0,0.0,0.5,-0.0076,0.3497,0.0046,0.2780,12.77,9.55
3,3,16.845,0.0,0.0,0.5,-0.0093,0.2728,0.0047,0.2770,14.36,9.89
3,3,16.864,0.0,0.0,0.5,-0.0210,0.1485,0.0058,0.2719,32.91,12.92
3,3,16.882,0.0,0.0,0.5,-0.0154,0.1150,0.0068,0.2684,5.87,12.73
3,3,16.912,0.0,0.0,0.5,-0.0084,0.1004,0.0070,0.2658,4.40,13.39
3,3,16.923,0.0,0.0,0.5,-0.0202,0.1129,0.0069,0.2634,3.73,13.27
3,3,16.947,0.0,0.0,0.5,-0.0048,0.1320,0.0068,0.2623,3.54,12.64
3,3,16.965,0.0,0.0,0.5,-0.0015,0.1474,0.0070,0.2620,3.56,12.22
3,3,16.986,0.0,0.0,0.5,0.0002,0.1627,0.0074,0.2622,3.86,11.88
3,3,17.004,0.0,0.0,0.5,0.0017,0.1764,0.0082,0.2632,3.46,11.67
3,3,17.025,0.0,0.0,0.5,0.0021,0.1827,0.0085,0.2639,6.38,11.41
3,3,17.043,0.0,0.0,0.5,0.0063,0.1791,0.0085,0.2681,6.86,10.90
3,3,17.064,0.0,0.0,0.5,0.0064,0.1575,0.0087,0.2713,9.57,9.91
3,3,17.084,0.0,0.0,0.5,0.0060,0.1459,0.0091,0.2734,9.94,10.15
3,3,17.105,0.0,0.0,0.5,0.0034,0.1207,0.0105,0.2765,10.17,7.98
3,3,17.124,0.0,0.0,0.5,-0.0095,0.1177,0.0102,0.2765,3.13,11.27
3,3,17.144,0.0,0.0,0.5,-0.0097,0.1462,0.0097,0.2756,11.19,13.01
3,3,17.162,0.0,0.0,0.5,-0.0162,0.1592,0.0099,0.2717,6.87,13.75
3,3,17.188,0.0,0.0,0.5,-0.0211,0.1388,0.0103,0.2681,4.95,13.88
3,3,17.206,0.0,0.0,0.5,-0.0261,0.1529,0.0105,0.2642,15.10,12.63
3,3,17.223,0.0,0.0,0.5,-0.0087,0.1529,0.0105,0.2642,15.10,12.63
3,3,17.241,0.0,0.0,0.5,-0.0264,0.1297,0.0091,0.2621,7.66,11.27
3,3,17.261,0.0,0.0,0.5,-0.0150,0.1085,0.0071,0.2616,5.91,11.01
3,3,17.287,0.0,0.0,0.5,-0.0112,0.1017,0.0058,0.2623,5.05,11.22
3,3,17.308,0.0,0.0,0.5,-0.0061,0.0931,0.0045,0.2639,5.68,11.30
3,3,17.324,0.0,0.0,0.5,-0.0052,0.0930,0.0040,0.2660,6.66,11.46
3,3,17.342,0.0,0.0,0.5,-0.0010,0.0972,0.0039,0.2670,2.99,11.43
3,3,17.365,0.0,0.0,0.5,0.0043,0.1518,0.0038,0.2721,12.79,9.53
3,3,17.396,0.0,0.0,0.5,0.0034,0.3161,0.0032,0.2786,11.93,8.81
3,3,17.407,0.0,0.0,0.5,0.0026,0.3292,0.0027,0.2797,8.37,9.14
3,3,17.429,0.0,0.0,0.5,-0.0013,0.3132,0.0036,0.2791,10.80,10.11
3,3,17.447,0.0,0.0,0.5,-0.0071,0.2193,0.0051,0.2774,20.06,11.89
3,3,17.469,0.0,0.0,0.5,-0.0093,0.1896,0.0053,0.2763,26.03,11.95
3,3,17.483,0.0,0.0,0.5,-0.0134,0.1379,0.0058,0.2697,38.13,12.30
3,3,17.509,0.0,0.0,0.5,-0.0111,0.1170,0.0064,0.2663,9.28,12.82
3,3,17.525,0.0,0.0,0.5,-0.0085,0.1169,0.0065,0.2636,4.92,12.76
3,3,17.545,0.0,0.0,0.5,-0.0032,0.1342,0.0061,0.2626,3.19,12.68
3,3,17.564,0.0,0.0,0.5,0.0005,0.1434,0.0060,0.2624,2.99,12.62
3,3,17.581,0.0,0.0,0.5,0.0030,0.1507,0.0061,0.2624,2.78,12.07
3,3,17.608,0.0,0.0,0.5,0.0036,0.1692,0.0074,0.2640,3.03,11.33
3,3,17.625,0.0,0.0,0.5,0.0054,0.1758,0.0088,0.2651,4.14,11.36
3,3,17.645,0.0,0.0,0.5,0.0045,0.1797,0.0094,0.2663,3.45,11.36
3,3,17.662,0.0,0.0,0.5,0.0105,0.1722,0.0093,0.2700,5.67,11.15
3,3,17.685,0.0,0.0,0.5,0.0085,0.1581,0.0093,0.2735,19.58,7.59
3,3,17.710,0.0,0.0,0.5,0.0061,0.1269,0.0102,0.2775,22.31,8.31
3,3,17.724,0.0,0.0,0.5,-0.0004,0.1160,0.0107,0.2773,12.31,8.80
3,3,17.743,0.0,0.0,0.5,-0.0096,0.1456,0.0108,0.2757,31.43,13.74
3,3,17.761,0.0,0.0,0.5,-0.0094,0.1600,0.0111,0.2727,12.55,14.42
3,3,17.782,0.0,0.0,0.5,-0.0220,0.1451,0.0113,0.2678,7.85,13.83
3,3,17.805,0.0,0.0,0.5,-0.0242,0.1400,0.0112,0.2649,6.98,12.61
3,3,17.822,0.0,0.0,0.5,-0.0199,0.1280,0.0105,0.2630,7.03,12.19
3,3,17.849,0.0,0.0,0.5,-0.0203,0.1106,0.0087,0.2617,6.81,10.98
3,3,17.866,0.0,0.0,0.5,-0.0187,0.0949,0.0068,0.2616,5.23,10.86
3,3,17.882,0.0,0.0,0.5,-0.0136,0.0872,0.0061,0.2619,4.71,10.80
3,3,17.911,0.0,0.0,0.5,-0.0095,0.0777,0.0054,0.2635,6.84,11.28
3,3,17.925,0.0,0.0,0.5,-0.0018,0.0881,0.0054,0.2661,4.12,11.38
3,3,17.944,0.0,0.0,0.5,-0.0017,0.0940,0.0053,0.2667,7.30,11.40
3,3,17.962,0.0,0.0,0.5,0.0030,0.1398,0.0044,0.2720,4.07,9.07
3,3,17.985,0.0,0.0,0.5,0.0047,0.2374,0.0037,0.2759,11.40,8.47
3,3,18.005,0.0,0.0,0.5,0.0012,0.3609,0.0041,0.2802,6.99,5.23
3,3,18.023,0.0,0.0,0.5,-0.0048,0.3662,0.0041,0.2792,17.55,10.71
3,3,18.043,0.0,0.0,0.5,-0.0125,0.2512,0.0042,0.2764,36.30,12.92
3,3,18.064,0.0,0.0,0.5,-0.0055,0.1824,0.0051,0.2731,26.73,12.83
3,3,18.092,0.0,0.0,0.5,-0.0056,0.0929,0.0079,0.2681,9.05,12.68
3,3,18.104,0.0,0.0,0.5,-0.0057,0.0780,0.0087,0.2661,4.42,13.26
3,3,18.124,0.0,0.0,0.5,-0.0021,0.0955,0.0092,0.2641,2.07,13.40
3,3,18.147,0.0,0.0,0.5,0.0013,0.1285,0.0094,0.2627,3.09,13.05
3,3,18.164,0.0,0.0,0.5,0.0068,0.1431,0.0094,0.2625,3.33,12.31
3,3,18.184,0.0,0.0,0.5,0.0079,0.1548,0.0101,0.2627,3.57,11.68
3,3,18.204,0.0,0.0,0.5,0.0102,0.1718,0.0115,0.2636,3.37,11.37
3,3,18.229,0.0,0.0,0.5,0.0175,0.1867,0.0133,0.2647,4.80,11.40
3,3,18.245,0.0,0.0,0.5,0.0000,0.1923,0.0141,0.2660,3.00,11.41
3,3,18.263,0.0,0.0,0.5,0.0226,0.1820,0.0145,0.2691,17.44,10.09
3,3,18.288,0.0,0.0,0.5,0.0158,0.1453,0.0162,0.2746,7.90,7.77
3,3,18.302,0.0,0.0,0.5,0.0160,0.1337,0.0165,0.2753,12.07,7.85
3,3,18.327,0.0,0.0,0.5,-0.0039,0.1412,0.0141,0.2764,4.28,11.37
3,3,18.342,0.0,0.0,0.5,-0.0119,0.1695,0.0119,0.2750,7.56,11.43
3,3,18.365,0.0,0.0,0.5,-0.0108,0.1731,0.0121,0.2697,9.32,13.90
3,3,18.386,0.0,0.0,0.5,-0.0209,0.1679,0.0126,0.2671,11.80,14.08
3,3,18.408,0.0,0.0,0.5,-0.0160,0.1521,0.0129,0.2641,8.19,12.93
3,3,18.426,0.0,0.0,0.5,-0.0165,0.1416,0.0124,0.2626,9.59,12.24
3,3,18.443,0.0,0.0,0.5,-0.0126,0.1205,0.0105,0.2618,6.47,11.52
3,3,18.462,0.0,0.0,0.5,-0.0184,0.1086,0.0083,0.2616,5.92,11.18
3,3,18.486,0.0,0.0,0.5,-0.0121,0.0939,0.0065,0.2618,5.98,11.20
3,3,18.506,0.0,0.0,0.5,-0.0081,0.0880,0.0060,0.2625,5.37,11.15
3,3,18.524,0.0,0.0,0.5,-0.0056,0.0832,0.0059,0.2641,4.86,11.33
3,3,18.544,0.0,0.0,0.5,-0.0001,0.0996,0.0057,0.2673,10.18,10.51
3,3,18.563,0.0,0.0,0.5,0.0067,0.1520,0.0052,0.2714,25.26,9.59
3,3,18.583,0.0,0.0,0.5,0.0055,0.2733,0.0040,0.2770,6.32,8.43
3,3,18.606,0.0,0.0,0.5,0.0026,0.3153,0.0038,0.2791,7.33,4.60
3,3,18.624,0.0,0.0,0.5,-0.0026,0.3300,0.0045,0.2784,15.91,10.33
3,3,18.644,0.0,0.0,0.5,-0.0068,0.2040,0.0054,0.2739,52.32,12.60
3,3,18.664,0.0,0.0,0.5,-0.0110,0.1549,0.0061,0.2710,23.22,12.78
3,3,18.683,0.0,0.0,0.5,-0.0039,0.1035,0.0070,0.2687,16.65,13.36
3,3,18.710,0.0,0.0,0.5,-0.0048,0.0848,0.0073,0.2640,8.83,13.12
3,3,18.724,0.0,0.0,0.5,0.0004,0.0976,0.0073,0.2632,2.73,13.39
3,3,18.746,0.0,0.0,0.5,0.0024,0.1290,0.0077,0.2617,3.26,12.82
3,3,18.764,0.0,0.0,0.5,0.0061,0.1488,0.0081,0.2617,3.32,12.33
3,3,18.786,0.0,0.0,0.5,0.0085,0.1594,0.0086,0.2619,3.65,12.00
3,3,18.806,0.0,0.0,0.5,0.0082,0.1638,0.0089,0.2621,3.74,11.99
3,3,18.822,0.0,0.0,0.5,0.0100,0.1791,0.0103,0.2646,3.35,11.49
3,3,18.843,0.0,0.0,0.5,0.0127,0.1849,0.0109,0.2672,8.09,11.07
3,3,18.868,0.0,0.0,0.5,0.0138,0.1731,0.0113,0.2700,5.62,9.89
3,3,18.883,0.0,0.0,0.5,0.0180,0.1556,0.0123,0.2729,7.79,10.13
3,3,18.911,0.0,0.0,0.5,0.0089,0.1335,0.0136,0.2756,5.97,8.18
3,3,18.925,0.0,0.0,0.5,0.0017,0.1309,0.0134,0.2761,6.52,9.08
3,3,18.943,0.0,0.0,0.5,-0.0057,0.1516,0.0124,0.2754,11.89,13.05
3,3,18.962,0.0,0.0,0.5,-0.0172,0.1583,0.0122,0.2718,12.12,13.10
3,3,18.984,0.0,0.0,0.5,-0.0145,0.1423,0.0127,0.2669,5.59,13.77
3,3,19.005,0.0,0.0,0.5,-0.0146,0.1409,0.0127,0.2642,7.11,12.68
3,3,19.023,0.0,0.0,0.5,-0.0209,0.1316,0.0118,0.2623,7.63,12.29
3,3,19.044,0.0,0.0,0.5,-0.0230,0.1153,0.0094,0.2613,6.25,11.07
3,3,19.062,0.0,0.0,0.5,-0.0146,0.1046,0.0077,0.2613,5.35,11.02
3,3,19.085,0.0,0.0,0.5,-0.0110,0.0891,0.0060,0.2620,4.81,11.20
3,3,19.108,0.0,0.0,0.5,-0.0059,0.0799,0.0054,0.2630,5.52,11.43
3,3,19.123,0.0,0.0,0.5,-0.0048,0.0795,0.0053,0.2643,4.21,11.39
3,3,19.143,0.0,0.0,0.5,0.0011,0.1057,0.0050,0.2681,22.60,10.62
3,3,19.162,0.0,0.0,0.5,0.0044,0.1544,0.0047,0.2728,3.69,9.98
3,3,19.183,0.0,0.0,0.5,0.0053,0.2460,0.0040,0.2767,11.20,8.34
3,3,19.210,0.0,0.0,0.5,0.0001,0.3497,0.0038,0.2798,6.14,5.91
3,3,19.223,0.0,0.0,0.5,-0.0062,0.3059,0.0041,0.2789,13.15,10.88
3,3,19.245,0.0,0.0,0.5,-0.0119,0.1849,0.0049,0.2755,21.50,12.68
3,3,19.262,0.0,0.0,0.5,-0.0105,0.1428,0.0060,0.2727,11.78,12.79
3,3,19.285,0.0,0.0,0.5,-0.0120,0.1027,0.0078,0.2686,8.74,12.77
3,3,19.305,0.0,0.0,0.5,-0.0040,0.0976,0.0081,0.2650,2.91,13.12
3,3,19.327,0.0,0.0,0.5,-0.0013,0.1091,0.0082,0.2640,2.84,13.05
3,3,19.344,0.0,0.0,0.5,0.0037,0.1253,0.0084,0.2629,3.02,12.61
3,3,19.362,0.0,0.0,0.5,0.0055,0.1459,0.0090,0.2624,2.92,12.56
3,3,19.382,0.0,0.0,0.5,0.0085,0.1692,0.0102,0.2627,3.40,11.81
3,3,19.404,0.0,0.0,0.5,0.0086,0.1801,0.0115,0.2638,3.51,11.57
3,3,19.426,0.0,0.0,0.5,0.0164,0.1850,0.0127,0.2659,4.11,11.28
3,3,19.449,0.0,0.0,0.5,0.0086,0.1851,0.0132,0.2672,7.58,10.77
3,3,19.464,0.0,0.0,0.5,0.0183,0.1764,0.0138,0.2701,8.33,9.77
3,3,19.485,0.0,0.0,0.5,0.0190,0.1514,0.0156,0.2746,12.86,7.83
3,3,19.505,0.0,0.0,0.5,0.0099,0.1308,0.0166,0.2772,11.07,5.51
3,3,19.523,0.0,0.0,0.5,0.0003,0.1499,0.0156,0.2769,8.49,10.50
3,3,19.546,0.0,0.0,0.5,-0.0100,0.1862,0.0138,0.2741,28.28,14.16
3,3,19.566,0.0,0.0,0.5,-0.0148,0.1977,0.0140,0.2703,10.04,14.57
3,3,19.589,0.0,0.0,0.5,-0.0177,0.1940,0.0140,0.2693,8.76,14.43
3,3,19.604,0.0,0.0,0.5,-0.0157,0.1698,0.0137,0.2648,9.66,13.70
3,3,19.623,0.0,0.0,0.5,-0.0158,0.1382,0.0117,0.2624,7.39,12.46
3,3,19.646,0.0,0.0,0.5,-0.0247,0.1324,0.0111,0.2619,7.33,12.36
3,3,19.662,0.0,0.0,0.5,-0.0221,0.1034,0.0077,0.2610,6.20,11.36
3,3,19.692,0.0,0.0,0.5,-0.0131,0.0891,0.0054,0.2614,6.52,11.28
3,3,19.703,0.0,0.0,0.5,-0.0047,0.0859,0.0051,0.2618,5.57,11.23
3,3,19.724,0.0,0.0,0.5,-0.0079,0.0906,0.0044,0.2646,5.86,11.29
3,3,19.745,0.0,0.0,0.5,0.0005,0.1155,0.0043,0.2682,14.29,10.65
3,3,19.767,0.0,0.0,0.5,0.0037,0.1422,0.0044,0.2710,4.49,10.64
3,3,19.783,0.0,0.0,0.5,0.0093,0.2013,0.0043,0.2737,4.37,9.50
3,3,19.805,0.0,0.0,0.5,0.0048,0.3129,0.0041,0.2776,9.00,8.44
3,3,19.834,0.0,0.0,0.5,-0.0044,0.3464,0.0044,0.2777,13.45,8.62
3,3,19.843,0.0,0.0,0.5,-0.0044,0.3109,0.0044,0.2771,15.85,10.42
3,3,19.862,0.0,0.0,0.5,-0.0164,0.1568,0.0044,0.2735,37.60,13.21
3,3,19.881,0.0,0.0,0.5,-0.0095,0.1058,0.0051,0.2699,23.09,12.98
3,3,19.909,0.0,0.0,0.5,-0.0119,0.0980,0.0057,0.2661,10.61,13.03
3,3,19.926,0.0,0.0,0.5,-0.0121,0.0895,0.0057,0.2641,2.30,12.99
3,3,19.946,0.0,0.0,0.5,-0.0020,0.1032,0.0058,0.2625,9.21,13.28
3,3,19.963,0.0,0.0,0.5,-0.0053,0.1396,0.0064,0.2623,3.87,12.70
3,3,19.983,0.0,0.0,0.5,0.0007,0.1621,0.0070,0.2622,3.54,12.66
3,3,20.001,0.0,0.0,0.5,0.0036,0.1818,0.0076,0.2626,4.42,12.32
3,3,20.024,0.0,0.0,0.5,0.0043,0.1931,0.0081,0.2639,6.06,11.25
3,3,20.044,0.0,0.0,0.5,0.0063,0.1944,0.0086,0.2660,5.94,10.73
3,3,20.064,0.0,0.0,0.5,0.0072,0.1795,0.0091,0.2693,5.56,10.83
3,3,20.087,0.0,0.0,0.5,0.0083,0.1594,0.0098,0.2725,6.75,9.95
3,3,20.106,0.0,0.0,0.5,0.0066,0.1312,0.0102,0.2758,8.04,8.31
3,3,20.124,0.0,0.0,0.5,-0.0024,0.1448,0.0094,0.2760,6.35,11.11
3,3,20.144,0.0,0.0,0.5,-0.0136,0.1807,0.0090,0.2748,13.87,13.62
3,3,20.162,0.0,0.0,0.5,-0.0174,0.1941,0.0093,0.2714,12.61,13.42
3,3,20.192,0.0,0.0,0.5,-0.0134,0.1857,0.0100,0.2687,11.23,13.86
3,3,20.204,0.0,0.0,0.5,-0.0108,0.1730,0.0101,0.2651,10.38,13.48
3,3,20.223,0.0,0.0,0.5,-0.0214,0.1524,0.0098,0.2632,13.22,12.73
3,3,20.244,0.0,0.0,0.5,-0.0167,0.1184,0.0077,0.2614,7.13,11.45
3,3,20.262,0.0,0.0,0.5,-0.0181,0.1013,0.0057,0.2608,6.24,11.19
3,3,20.283,0.0,0.0,0.5,-0.0115,0.0906,0.0034,0.2615,6.77,11.33
3,3,20.304,0.0,0.0,0.5,-0.0070,0.0845,0.0028,0.2629,5.94,11.28
3,3,20.322,0.0,0.0,0.5,-0.0013,0.0867,0.0019,0.2651,11.30,11.53
3,3,20.342,0.0,0.0,0.5,0.0040,0.0981,0.0018,0.2673,6.85,10.85
3,3,20.363,0.0,0.0,0.5,0.0075,0.1503,0.0020,0.2713,17.14,9.47
3,3,20.385,0.0,0.0,0.5,0.0116,0.2611,0.0027,0.2775,10.05,8.16
3,3,20.409,0.0,0.0,0.5,0.0023,0.3098,0.0040,0.2787,5.82,6.11
3,3,20.425,0.0,0.0,0.5,-0.0042,0.2602,0.0045,0.2782,5.67,6.76
3,3,20.445,0.0,0.0,0.5,-0.0088,0.1820,0.0046,0.2765,15.83,12.44
3,3,20.462,0.0,0.0,0.5,-0.0089,0.1243,0.0052,0.2727,6.78,12.72
3,3,20.490,0.0,0.0,0.5,-0.0075,0.1144,0.0060,0.2693,5.64,12.87
3,3,20.504,0.0,0.0,0.5,-0.0049,0.1128,0.0064,0.2655,2.78,12.71
3,3,20.525,0.0,0.0,0.5,-0.0024,0.1221,0.0067,0.2637,2.28,12.88
3,3,20.544,0.0,0.0,0.5,0.0015,0.1360,0.0070,0.2626,2.75,12.84
3,3,20.562,0.0,0.0,0.5,0.0047,0.1532,0.0074,0.2622,2.97,12.26
3,3,20.586,0.0,0.0,0.5,0.0068,0.1694,0.0080,0.2624,3.08,11.74
3,3,20.610,0.0,0.0,0.5,0.0096,0.1831,0.0093,0.2637,3.06,11.49
3,3,20.626,0.0,0.0,0.5,0.0144,0.1865,0.0100,0.2647,3.07,11.49
3,3,20.647,0.0,0.0,0.5,0.0107,0.1878,0.0107,0.2669,7.75,10.92
3,3,20.664,0.0,0.0,0.5,0.0134,0.1788,0.0108,0.2701,8.90,9.74
3,3,20.687,0.0,0.0,0.5,0.0137,0.1549,0.0115,0.2735,9.60,7.51
3,3,20.708,0.0,0.0,0.5,0.0067,0.1431,0.0128,0.2758,10.32,7.82
3,3,20.724,0.0,0.0,0.5,0.0023,0.1304,0.0128,0.2773,6.70,5.73
3,3,20.743,0.0,0.0,0.5,-0.0069,0.1740,0.0120,0.2757,19.03,13.67
3,3,20.762,0.0,0.0,0.5,-0.0128,0.1968,0.0123,0.2720,12.38,14.68
3,3,20.787,0.0,0.0,0.5,-0.0090,0.1776,0.0126,0.2680,6.35,14.54
3,3,20.805,0.0,0.0,0.5,-0.0234,0.1576,0.0125,0.2649,5.61,13.46
3,3,20.824,0.0,0.0,0.5,-0.0176,0.1415,0.0116,0.2629,7.05,12.99
3,3,20.845,0.0,0.0,0.5,-0.0293,0.1182,0.0093,0.2613,7.65,11.65
3,3,20.862,0.0,0.0,0.5,-0.0175,0.1032,0.0073,0.2613,6.82,11.33
3,3,20.885,0.0,0.0,0.5,-0.0134,0.0851,0.0052,0.2616,7.03,11.11
3,3,20.905,0.0,0.0,0.5,-0.0083,0.0802,0.0050,0.2629,10.78,11.34
3,3,20.923,0.0,0.0,0.5,-0.0055,0.0896,0.0047,0.2652,5.01,11.18
3,3,20.944,0.0,0.0,0.5,-0.0002,0.1159,0.0038,0.2690,9.35,10.26
3,3,20.962,0.0,0.0,0.5,0.0029,0.1695,0.0038,0.2729,9.75,9.89
3,3,20.983,0.0,0.0,0.5,0.0031,0.2545,0.0037,0.2771,9.51,8.15
3,3,21.004,0.0,0.0,0.5,-0.0008,0.3392,0.0036,0.2796,7.52,6.04
3,3,21.025,0.0,0.0,0.5,-0.0082,0.3167,0.0038,0.2786,15.91,9.36
3,3,21.044,0.0,0.0,0.5,-0.0098,0.2643,0.0038,0.2770,18.32,11.17
3,4,21.069,0.0,0.3,0.0,0.0000,0.1269,0.0059,0.2708,20.97,12.82
3,4,21.087,0.0,0.3,0.0,-0.0037,0.1156,0.0069,0.2695,21.08,12.74
3,4,21.107,0.0,0.3,0.0,-0.0119,0.0263,0.0073,0.2666,17.47,14.12
3,4,21.127,0.0,0.3,0.0,-0.0001,-0.0034,0.0080,0.2622,9.29,12.99
3,4,21.143,0.0,0.3,0.0,0.0063,-0.0029,0.0089,0.2616,3.99,12.88
3,4,21.162,0.0,0.3,0.0,0.0100,-0.0023,0.0099,0.2610,4.25,12.71
3,4,21.185,0.0,0.3,0.0,0.0145,0.0043,0.0112,0.2615,4.93,12.36
3,4,21.205,0.0,0.3,0.0,0.0153,0.0063,0.0122,0.2629,6.44,12.03
3,4,21.226,0.0,0.3,0.0,0.0231,0.0067,0.0137,0.2653,5.71,11.59
3,4,21.246,0.0,0.3,0.0,0.0375,0.0084,0.0161,0.2692,14.73,10.99
3,4,21.264,0.0,0.3,0.0,0.0264,0.0013,0.0180,0.2725,30.77,10.55
3,4,21.285,0.0,0.3,0.0,0.0271,-0.0179,0.0215,0.2773,5.74,10.06
3,4,21.307,0.0,0.3,0.0,0.0207,-0.0215,0.0204,0.2784,5.50,11.21
3,4,21.324,0.0,0.3,0.0,0.0089,-0.0439,0.0182,0.2787,16.57,12.46
3,4,21.345,0.0,0.3,0.0,-0.0035,-0.0509,0.0142,0.2755,11.65,13.08
3,4,21.364,0.0,0.3,0.0,-0.0144,-0.0189,0.0122,0.2719,23.42,12.58
3,4,21.387,0.0,0.3,0.0,-0.0184,-0.0106,0.0125,0.2697,21.90,12.59
3,4,21.407,0.0,0.3,0.0,-0.0347,-0.0153,0.0119,0.2661,11.34,12.13
3,4,21.425,0.0,0.3,0.0,-0.0278,-0.0207,0.0088,0.2641,12.64,11.34
3,4,21.444,0.0,0.3,0.0,-0.0261,-0.0248,0.0064,0.2631,9.16,11.13
3,4,21.464,0.0,0.3,0.0,-0.0474,-0.0238,0.0039,0.2623,7.92,11.05
3,4,21.483,0.0,0.3,0.0,-0.0563,-0.0170,0.0044,0.2622,8.32,11.87
3,4,21.502,0.0,0.3,0.0,-0.0262,-0.0148,0.0075,0.2628,8.22,11.81
3,4,21.525,0.0,0.3,0.0,-0.0615,-0.0140,0.0123,0.2646,12.52,11.47
3,4,21.543,0.0,0.3,0.0,-0.0342,-0.0071,0.0163,0.2689,20.84,11.13
3,4,21.564,0.0,0.3,0.0,-0.0220,-0.0029,0.0187,0.2720,20.81,11.27
3,4,21.583,0.0,0.3,0.0,-0.0579,0.0098,0.0263,0.2780,9.09,10.78
3,4,21.606,0.0,0.3,0.0,-0.0578,0.0141,0.0277,0.2798,9.68,10.47
3,4,21.633,0.0,0.3,0.0,-0.0235,0.0141,0.0208,0.2812,18.60,11.42
3,4,21.646,0.0,0.3,0.0,-0.0459,0.0425,0.0205,0.2788,10.54,12.30
3,4,21.662,0.0,0.3,0.0,-0.0697,0.0306,0.0222,0.2768,25.38,13.26
3,4,21.684,0.0,0.3,0.0,-0.0306,-0.0122,0.0170,0.2705,27.56,11.69
3,4,21.704,0.0,0.3,0.0,-0.0175,-0.0074,0.0152,0.2676,34.84,13.81
3,4,21.725,0.0,0.3,0.0,-0.0316,-0.0075,0.0148,0.2655,19.89,13.14
3,4,21.744,0.0,0.3,0.0,-0.0323,-0.0092,0.0201,0.2628,14.49,12.78
3,4,21.762,0.0,0.3,0.0,-0.0228,0.0029,0.0222,0.2629,10.32,11.98
3,4,21.784,0.0,0.3,0.0,-0.0154,0.0130,0.0214,0.2634,9.95,12.33
3,4,21.806,0.0,0.3,0.0,-0.0089,0.0090,0.0210,0.2651,11.32,12.62
3,4,21.827,0.0,0.3,0.0,-0.0058,0.0069,0.0219,0.2664,15.75,12.07
3,4,21.844,0.0,0.3,0.0,-0.0109,0.0052,0.0234,0.2700,27.55,10.85
3,4,21.864,0.0,0.3,0.0,-0.0123,-0.0094,0.0239,0.2742,13.86,10.42
3,4,21.882,0.0,0.3,0.0,-0.0112,-0.0237,0.0237,0.2805,13.09,8.00
3,4,21.904,0.0,0.3,0.0,-0.0089,-0.0551,0.0227,0.2840,10.57,6.90
3,4,21.925,0.0,0.3,0.0,0.0015,-0.0307,0.0198,0.2842,13.80,8.37
3,4,21.947,0.0,0.3,0.0,0.0053,0.0429,0.0213,0.2817,51.69,12.59
3,4,21.965,0.0,0.3,0.0,0.0005,0.0670,0.0231,0.2757,27.71,13.01
3,4,21.988,0.0,0.3,0.0,-0.0030,0.0673,0.0183,0.2720,56.92,12.87
3,4,22.007,0.0,0.3,0.0,-0.0048,0.0383,0.0108,0.2669,17.49,12.79
3,4,22.026,0.0,0.3,0.0,-0.0138,0.0173,0.0076,0.2653,11.40,11.07
3,4,22.043,0.0,0.3,0.0,-0.0118,-0.0061,0.0102,0.2633,11.51,10.51
3,4,22.064,0.0,0.3,0.0,-0.0118,-0.0151,0.0142,0.2628,7.89,12.00
3,4,22.085,0.0,0.3,0.0,-0.0207,-0.0129,0.0170,0.2631,9.21,13.67
3,4,22.104,0.0,0.3,0.0,-0.0066,-0.0094,0.0113,0.2638,9.79,14.18
3,4,22.123,0.0,0.3,0.0,0.0000,-0.0100,0.0062,0.2655,12.70,13.08
3,4,22.141,0.0,0.3,0.0,0.0057,0.0007,0.0059,0.2686,13.48,10.94
3,4,22.165,0.0,0.3,0.0,0.0028,0.0111,0.0075,0.2750,14.44,9.59
3,4,22.185,0.0,0.3,0.0,-0.0007,0.0303,0.0066,0.2783,12.41,8.50
3,4,22.208,0.0,0.3,0.0,-0.0032,0.0571,0.0067,0.2822,11.71,6.03
3,4,22.224,0.0,0.3,0.0,-0.0123,0.0415,0.0095,0.2822,7.57,8.49
3,4,22.244,0.0,0.3,0.0,-0.0043,0.0252,0.0115,0.2817,17.69,11.61
3,4,22.262,0.0,0.3,0.0,-0.0208,-0.0250,0.0181,0.2761,36.29,12.94
3,4,22.285,0.0,0.3,0.0,-0.0203,-0.0264,0.0150,0.2712,14.73,12.34
3,4,22.302,0.0,0.3,0.0,-0.0151,-0.0204,0.0127,0.2683,25.09,12.21
3,4,22.325,0.0,0.3,0.0,-0.0083,-0.0182,0.0129,0.2635,14.95,13.54
3,4,22.345,0.0,0.3,0.0,-0.0007,-0.0152,0.0171,0.2624,12.28,13.16
3,4,22.367,0.0,0.3,0.0,0.0015,-0.0076,0.0193,0.2620,9.67,12.35
3,4,22.383,0.0,0.3,0.0,0.0120,0.0161,0.0185,0.2624,8.00,11.46
3,4,22.405,0.0,0.3,0.0,0.0069,0.0232,0.0139,0.2637,8.72,12.10
3,4,22.427,0.0,0.3,0.0,0.0069,0.0161,0.0126,0.2656,13.08,12.16
3,4,22.442,0.0,0.3,0.0,0.0100,0.0069,0.0147,0.2690,16.17,10.85
3,4,22.461,0.0,0.3,0.0,0.0120,-0.0021,0.0159,0.2733,18.54,9.82
3,4,22.485,0.0,0.3,0.0,0.0114,-0.0128,0.0144,0.2766,7.85,9.86
3,4,22.506,0.0,0.3,0.0,0.0109,-0.0634,0.0074,0.2834,6.63,6.44
3,4,22.525,0.0,0.3,0.0,0.0102,-0.0456,0.0071,0.2828,11.37,10.44
3,4,22.544,0.0,0.3,0.0,0.0053,-0.0025,0.0099,0.2815,13.83,11.19
3,4,22.564,0.0,0.3,0.0,0.0014,0.0545,0.0171,0.2772,15.02,13.10
3,4,22.583,0.0,0.3,0.0,-0.0081,0.0488,0.0155,0.2727,20.30,12.54
3,4,22.604,0.0,0.3,0.0,-0.0058,0.0364,0.0106,0.2698,15.68,12.45
3,4,22.625,0.0,0.3,0.0,-0.0084,0.0299,0.0053,0.2685,11.57,12.47
3,4,22.642,0.0,0.3,0.0,-0.0158,-0.0034,0.0075,0.2646,9.77,10.90
3,4,22.662,0.0,0.3,0.0,-0.0255,-0.0133,0.0153,0.2640,8.77,10.83
3,4,22.685,0.0,0.3,0.0,-0.0286,-0.0099,0.0167,0.2639,7.20,12.88
3,4,22.709,0.0,0.3,0.0,-0.0119,-0.0024,0.0114,0.2642,8.46,12.56
3,4,22.727,0.0,0.3,0.0,-0.0154,-0.0015,0.0065,0.2649,10.63,12.90
3,4,22.742,0.0,0.3,0.0,-0.0089,-0.0023,0.0050,0.2660,10.37,11.63
3,4,22.761,0.0,0.3,0.0,-0.0174,0.0019,0.0062,0.2713,12.58,10.58
3,4,22.784,0.0,0.3,0.0,-0.0167,0.0306,0.0080,0.2771,21.56,8.47
3,4,22.809,0.0,0.3,0.0,-0.0143,0.0399,0.0103,0.2800,13.53,6.72
3,4,22.829,0.0,0.3,0.0,-0.0159,0.0569,0.0130,0.2815,7.21,11.49
3,4,22.841,0.0,0.3,0.0,-0.0268,0.0581,0.0171,0.2802,17.67,12.12
3,4,22.863,0.0,0.3,0.0,-0.0149,0.0557,0.0205,0.2791,33.81,14.02
3,4,22.885,0.0,0.3,0.0,-0.0347,-0.0304,0.0242,0.2706,44.35,13.84
3,4,22.904,0.0,0.3,0.0,-0.0405,-0.0310,0.0138,0.2660,18.61,12.12
3,4,22.925,0.0,0.3,0.0,-0.0225,-0.0536,0.0090,0.2633,21.43,15.04
3,4,22.944,0.0,0.3,0.0,-0.0312,-0.0318,0.0155,0.2617,27.50,14.65
3,4,22.962,0.0,0.3,0.0,-0.0156,-0.0290,0.0229,0.2625,27.66,13.72
3,4,22.989,0.0,0.3,0.0,-0.0027,0.0023,0.0282,0.2627,19.52,11.81
3,4,23.006,0.0,0.3,0.0,-0.0117,0.0196,0.0206,0.2645,18.05,11.47
3,4,23.023,0.0,0.3,0.0,-0.0167,0.0175,0.0169,0.2661,19.68,13.63
3,4,23.041,0.0,0.3,0.0,-0.0083,0.0010,0.0213,0.2695,15.65,12.22
3,4,23.061,0.0,0.3,0.0,-0.0029,-0.0155,0.0261,0.2759,14.94,10.24
3,4,23.084,0.0,0.3,0.0,-0.0056,-0.0473,0.0241,0.2804,13.00,10.52
3,4,23.106,0.0,0.3,0.0,-0.0101,-0.0162,0.0212,0.2833,6.52,5.20
3,4,23.121,0.0,0.3,0.0,-0.0079,0.0213,0.0233,0.2829,6.27,9.63
3,4,23.143,0.0,0.3,0.0,-0.0139,0.0508,0.0278,0.2772,14.48,11.07
3,4,23.162,0.0,0.3,0.0,-0.0145,0.0359,0.0252,0.2749,20.05,12.53
3,4,23.187,0.0,0.3,0.0,-0.0103,0.0155,0.0140,0.2686,16.42,11.55
3,4,23.204,0.0,0.3,0.0,-0.0161,0.0045,0.0121,0.2669,10.08,10.84
3,4,23.226,0.0,0.3,0.0,-0.0147,-0.0136,0.0135,0.2644,8.69,10.65
3,4,23.244,0.0,0.3,0.0,-0.0180,-0.0203,0.0186,0.2633,6.73,11.78
3,4,23.262,0.0,0.3,0.0,-0.0240,-0.0158,0.0194,0.2630,7.18,12.98
3,4,23.282,0.0,0.3,0.0,-0.0104,-0.0119,0.0181,0.2629,6.06,12.88
3,4,23.306,0.0,0.3,0.0,-0.0049,-0.0072,0.0114,0.2642,7.62,13.32
3,4,23.323,0.0,0.3,0.0,-0.0014,-0.0044,0.0083,0.2661,8.95,12.64
3,4,23.341,0.0,0.3,0.0,0.0018,-0.0056,0.0079,0.2671,22.00,11.33
3,4,23.361,0.0,0.3,0.0,0.0019,0.0052,0.0058,0.2740,18.69,9.95
3,4,23.383,0.0,0.3,0.0,-0.0023,0.0331,0.0060,0.2779,25.17,9.90
3,4,23.404,0.0,0.3,0.0,-0.0075,0.0474,0.0083,0.2828,6.69,8.10
3,4,23.423,0.0,0.3,0.0,-0.0220,0.0442,0.0126,0.2824,11.46,12.62
3,4,23.441,0.0,0.3,0.0,-0.0260,-0.0294,0.0192,0.2788,33.22,13.85
3,4,23.461,0.0,0.3,0.0,-0.0199,-0.0423,0.0192,0.2770,18.42,13.66
3,4,23.483,0.0,0.3,0.0,-0.0224,-0.0310,0.0143,0.2691,23.03,13.14
3,4,23.505,0.0,0.3,0.0,-0.0141,-0.0282,0.0114,0.2641,15.19,12.85
3,4,23.526,0.0,0.3,0.0,-0.0102,-0.0158,0.0114,0.2627,11.63,13.12
3,4,23.543,0.0,0.3,0.0,0.0019,-0.0069,0.0139,0.2620,10.82,12.49
3,4,23.563,0.0,0.3,0.0,0.0097,0.0111,0.0164,0.2618,6.99,11.76
3,4,23.589,0.0,0.3,0.0,0.0063,0.0195,0.0161,0.2626,11.28,11.83
3,4,23.605,0.0,0.3,0.0,0.0087,0.0142,0.0136,0.2643,9.02,11.93
3,4,23.625,0.0,0.3,0.0,0.0090,0.0112,0.0128,0.2661,12.94,11.85
3,4,23.647,0.0,0.3,0.0,0.0152,0.0045,0.0141,0.2724,10.11,10.81
3,4,23.662,0.0,0.3,0.0,0.0126,-0.0103,0.0137,0.2757,13.67,10.01
3,4,23.685,0.0,0.3,0.0,0.0124,-0.0284,0.0114,0.2800,16.85,7.76
3,4,23.709,0.0,0.3,0.0,0.0168,-0.0762,0.0086,0.2839,8.29,6.82
3,4,23.726,0.0,0.3,0.0,0.0179,-0.0526,0.0098,0.2832,16.05,9.82
3,4,23.744,0.0,0.3,0.0,0.0073,0.0481,0.0180,0.2801,33.02,13.06
3,4,23.769,0.0,0.3,0.0,-0.0006,0.0506,0.0165,0.2738,24.48,12.82
3,4,23.787,0.0,0.3,0.0,-0.0059,0.0259,0.0075,0.2702,15.00,12.17
3,4,23.815,0.0,0.3,0.0,-0.0061,0.0197,0.0030,0.2681,15.70,11.99
3,4,23.825,0.0,0.3,0.0,-0.0404,-0.0027,0.0021,0.2652,13.63,11.33
3,4,23.845,0.0,0.3,0.0,-0.0202,-0.0240,0.0095,0.2637,9.22,10.44
3,4,23.865,0.0,0.3,0.0,-0.0231,-0.0248,0.0129,0.2632,6.79,10.49
3,4,23.888,0.0,0.3,0.0,-0.0205,-0.0193,0.0156,0.2629,8.51,12.15
3,4,23.905,0.0,0.3,0.0,-0.0131,-0.0101,0.0107,0.2636,8.72,13.50
3,4,23.928,0.0,0.3,0.0,-0.0097,-0.0074,0.0037,0.2656,11.05,12.49
3,4,23.944,0.0,0.3,0.0,-0.0046,-0.0015,0.0027,0.2673,13.32,12.56
3,4,23.962,0.0,0.3,0.0,-0.0079,0.0023,0.0031,0.2703,38.54,10.42
3,4,23.983,0.0,0.3,0.0,-0.0118,0.0305,0.0067,0.2778,16.70,7.83
3,4,24.004,0.0,0.3,0.0,-0.0162,0.0604,0.0102,0.2806,21.39,6.40
3,4,24.023,0.0,0.3,0.0,-0.0218,0.0562,0.0123,0.2818,12.29,11.18
3,4,24.045,0.0,0.3,0.0,-0.0290,0.0163,0.0177,0.2787,24.39,13.29
3,4,24.062,0.0,0.3,0.0,-0.0213,-0.0363,0.0175,0.2733,28.87,12.69
3,4,24.083,0.0,0.3,0.0,-0.0225,-0.0461,0.0113,0.2689,21.69,12.84
3,4,24.106,0.0,0.3,0.0,-0.0280,-0.0331,0.0092,0.2666,13.77,12.83
3,4,24.125,0.0,0.3,0.0,-0.0094,-0.0246,0.0139,0.2632,15.29,14.32
3,4,24.144,0.0,0.3,0.0,-0.0015,-0.0158,0.0199,0.2624,13.45,13.04
3,4,24.162,0.0,0.3,0.0,0.0074,0.0042,0.0243,0.2620,7.03,11.57
3,4,24.183,0.0,0.3,0.0,0.0074,0.0116,0.0253,0.2621,8.31,11.55
3,4,24.204,0.0,0.3,0.0,0.0077,0.0176,0.0211,0.2641,11.84,11.20
3,4,24.226,0.0,0.3,0.0,0.0061,0.0164,0.0178,0.2651,10.05,10.88
3,4,24.244,0.0,0.3,0.0,0.0000,0.0133,0.0150,0.2674,11.18,11.87
3,4,24.265,0.0,0.3,0.0,0.0100,-0.0088,0.0171,0.2735,24.69,10.46
3,4,24.284,0.0,0.3,0.0,0.0191,-0.0381,0.0179,0.2788,12.63,8.34
3,4,24.306,0.0,0.3,0.0,0.0162,-0.0773,0.0133,0.2830,8.53,5.54
3,4,24.323,0.0,0.3,0.0,0.0102,-0.0492,0.0128,0.2825,10.83,7.75
3,4,24.344,0.0,0.3,0.0,0.0023,0.0243,0.0166,0.2808,26.63,12.41
3,4,24.364,0.0,0.3,0.0,-0.0002,0.0563,0.0202,0.2782,18.83,12.44
3,4,24.383,0.0,0.3,0.0,-0.0074,0.0533,0.0201,0.2721,16.34,12.64
3,4,24.406,0.0,0.3,0.0,-0.0111,0.0294,0.0090,0.2671,12.39,12.68
3,4,24.424,0.0,0.3,0.0,-0.0073,0.0188,0.0049,0.2649,16.44,11.87
3,4,24.442,0.0,0.3,0.0,-0.0185,-0.0054,0.0067,0.2636,9.42,10.48
3,4,24.462,0.0,0.3,0.0,-0.0225,-0.0221,0.0158,0.2632,8.92,11.51
3,4,24.482,0.0,0.3,0.0,-0.0141,-0.0210,0.0190,0.2629,8.01,13.30
3,4,24.505,0.0,0.3,0.0,-0.0190,-0.0174,0.0135,0.2643,15.32,13.87
3,4,24.523,0.0,0.3,0.0,-0.0040,-0.0146,0.0077,0.2651,15.61,12.72
3,4,24.542,0.0,0.3,0.0,-0.0005,-0.0063,0.0050,0.2665,12.63,12.75
3,4,24.562,0.0,0.3,0.0,-0.0051,0.0020,0.0081,0.2723,20.99,10.60
3,4,24.585,0.0,0.3,0.0,-0.0171,0.0220,0.0110,0.2772,28.14,8.50
3,4,24.608,0.0,0.3,0.0,-0.0105,0.0472,0.0115,0.2811,11.62,5.19
3,4,24.623,0.0,0.3,0.0,-0.0208,0.0681,0.0109,0.2820,6.89,12.34
3,4,24.641,0.0,0.3,0.0,-0.0150,-0.0006,0.0145,0.2776,17.31,13.83
3,4,24.665,0.0,0.3,0.0,-0.0074,-0.0366,0.0162,0.2715,26.72,13.62
3,4,24.681,0.0,0.3,0.0,-0.0066,-0.0399,0.0153,0.2703,16.76,12.85
3,4,24.703,0.0,0.3,0.0,-0.0065,-0.0258,0.0152,0.2644,12.10,13.80
3,4,24.721,0.0,0.3,0.0,0.0007,-0.0157,0.0179,0.2625,8.59,13.26
3,4,24.745,0.0,0.3,0.0,0.0071,-0.0057,0.0196,0.2613,8.00,12.65
3,4,24.761,0.0,0.3,0.0,0.0090,0.0109,0.0186,0.2607,8.00,12.27
3,4,24.785,0.0,0.3,0.0,0.0109,0.0170,0.0182,0.2613,9.84,12.08
3,4,24.806,0.0,0.3,0.0,0.0149,0.0146,0.0186,0.2631,9.67,11.68
3,4,24.826,0.0,0.3,0.0,0.0123,0.0126,0.0192,0.2653,10.39,11.40
3,4,24.844,0.0,0.3,0.0,0.0105,0.0169,0.0185,0.2674,23.25,10.55
3,4,24.867,0.0,0.3,0.0,0.0102,0.0070,0.0160,0.2749,22.65,9.74
3,4,24.886,0.0,0.3,0.0,0.0126,-0.0416,0.0121,0.2798,25.06,9.40
3,4,24.905,0.0,0.3,0.0,0.0195,-0.0573,0.0107,0.2823,10.28,6.68
3,4,24.928,0.0,0.3,0.0,0.0090,-0.0435,0.0147,0.2812,18.91,10.50
3,4,24.945,0.0,0.3,0.0,0.0052,0.0128,0.0195,0.2787,28.58,12.81
3,4,24.962,0.0,0.3,0.0,-0.0006,0.0415,0.0189,0.2760,25.26,12.86
3,4,24.986,0.0,0.3,0.0,-0.0016,0.0527,0.0155,0.2730,30.93,13.29
3,4,25.008,0.0,0.3,0.0,-0.0068,0.0381,0.0043,0.2678,24.99,13.12
3,4,25.025,0.0,0.3,0.0,-0.0117,0.0121,0.0015,0.2639,15.69,11.33
3,4,25.047,0.0,0.3,0.0,-0.0104,-0.0101,0.0025,0.2631,10.96,10.95
3,4,25.066,0.0,0.3,0.0,-0.0330,-0.0232,0.0098,0.2626,7.86,11.72
3,4,25.083,0.0,0.3,0.0,-0.0221,-0.0203,0.0125,0.2625,6.82,11.69
3,4,25.111,0.0,0.3,0.0,-0.0134,-0.0154,0.0114,0.2633,11.55,13.86
3,4,25.128,0.0,0.3,0.0,-0.0083,-0.0151,0.0049,0.2649,15.20,13.52
3,4,25.147,0.0,0.3,0.0,-0.0013,-0.0084,0.0027,0.2669,14.86,12.17
3,4,25.163,0.0,0.3,0.0,-0.0015,0.0038,0.0037,0.2709,22.46,11.15
3,4,25.186,0.0,0.3,0.0,-0.0072,0.0201,0.0060,0.2757,17.91,9.19
3,4,25.209,0.0,0.3,0.0,-0.0222,0.0554,0.0128,0.2816,10.35,7.80
3,4,25.226,0.0,0.3,0.0,-0.0131,0.0592,0.0132,0.2818,6.54,9.05
3,4,25.241,0.0,0.3,0.0,-0.0345,0.0461,0.0147,0.2803,34.13,14.06
3,4,25.266,0.0,0.3,0.0,-0.0144,-0.0242,0.0143,0.2716,19.28,13.69
3,4,25.282,0.0,0.3,0.0,-0.0180,-0.0338,0.0101,0.2690,15.47,12.51
3,4,25.304,0.0,0.3,0.0,-0.0211,-0.0319,0.0074,0.2644,18.64,14.47
3,4,25.324,0.0,0.3,0.0,-0.0236,-0.0242,0.0096,0.2632,14.57,14.16
3,4,25.346,0.0,0.3,0.0,-0.0035,-0.0220,0.0142,0.2623,14.56,13.27
3,4,25.362,0.0,0.3,0.0,0.0030,0.0041,0.0151,0.2612,9.59,12.33
3,4,25.387,0.0,0.3,0.0,0.0031,0.0189,0.0135,0.2616,9.48,12.45
3,4,25.408,0.0,0.3,0.0,0.0066,0.0153,0.0131,0.2627,8.82,12.23
3,4,25.425,0.0,0.3,0.0,0.0049,0.0124,0.0147,0.2644,16.01,11.66
3,4,25.445,0.0,0.3,0.0,0.0072,0.0053,0.0176,0.2700,14.46,10.65
3,4,25.462,0.0,0.3,0.0,0.0028,0.0070,0.0174,0.2712,11.28,10.63
3,4,25.487,0.0,0.3,0.0,0.0081,-0.0152,0.0152,0.2778,13.33,7.70
3,4,25.504,0.0,0.3,0.0,0.0095,-0.0684,0.0132,0.2823,8.67,6.67
3,4,25.524,0.0,0.3,0.0,0.0094,-0.0790,0.0128,0.2823,9.61,9.28
3,4,25.542,0.0,0.3,0.0,0.0090,0.0248,0.0185,0.2798,23.63,13.36
3,4,25.562,0.0,0.3,0.0,0.0019,0.0695,0.0217,0.2757,31.89,13.67
3,4,25.583,0.0,0.3,0.0,-0.0015,0.0483,0.0169,0.2708,16.60,13.81
3,4,25.604,0.0,0.3,0.0,-0.0059,0.0270,0.0070,0.2660,14.34,12.76
3,4,25.627,0.0,0.3,0.0,-0.0049,0.0073,0.0057,0.2634,12.54,11.52
3,4,25.646,0.0,0.3,0.0,-0.0152,-0.0061,0.0076,0.2627,10.64,11.16
3,4,25.662,0.0,0.3,0.0,-0.0144,-0.0182,0.0134,0.2617,7.33,11.99
3,4,25.687,0.0,0.3,0.0,-0.0200,-0.0164,0.0154,0.2619,8.49,13.07
3,4,25.702,0.0,0.3,0.0,-0.0101,-0.0147,0.0127,0.2626,11.21,12.94
3,4,25.728,0.0,0.3,0.0,-0.0010,-0.0125,0.0055,0.2653,10.76,12.83
3,4,25.742,0.0,0.3,0.0,0.0016,-0.0006,0.0037,0.2676,12.88,11.37
3,4,25.767,0.0,0.3,0.0,0.0026,0.0008,0.0023,0.2735,28.78,9.81
3,4,25.785,0.0,0.3,0.0,-0.0033,0.0148,0.0041,0.2772,45.02,9.20
3,4,25.806,0.0,0.3,0.0,-0.0065,0.0456,0.0094,0.2808,17.08,7.46
3,4,25.824,0.0,0.3,0.0,-0.0165,0.0379,0.0088,0.2816,6.03,8.67
3,4,25.846,0.0,0.3,0.0,-0.0150,-0.0214,0.0177,0.2772,22.13,13.77
3,4,25.862,0.0,0.3,0.0,-0.0225,-0.0674,0.0187,0.2734,21.67,13.66
3,4,25.885,0.0,0.3,0.0,-0.0117,-0.0629,0.0152,0.2690,55.05,12.40
3,4,25.905,0.0,0.3,0.0,-0.0098,-0.0321,0.0132,0.2651,41.20,13.38
3,4,25.924,0.0,0.3,0.0,-0.0121,-0.0129,0.0163,0.2633,11.16,13.46
3,4,25.941,0.0,0.3,0.0,-0.0012,-0.0151,0.0183,0.2619,16.87,13.25
3,4,25.962,0.0,0.3,0.0,0.0020,0.0019,0.0182,0.2610,9.92,12.08
3,4,25.983,0.0,0.3,0.0,0.0020,0.0053,0.0165,0.2617,8.88,12.27
3,4,26.002,0.0,0.3,0.0,0.0044,0.0085,0.0165,0.2622,9.42,12.02
3,4,26.024,0.0,0.3,0.0,0.0056,0.0145,0.0183,0.2650,10.86,11.28
3,4,26.043,0.0,0.3,0.0,0.0040,0.0129,0.0195,0.2680,11.44,11.20
3,4,26.066,0.0,0.3,0.0,0.0014,0.0110,0.0191,0.2729,40.71,10.06
3,4,26.086,0.0,0.3,0.0,0.0061,-0.0028,0.0178,0.2772,22.85,7.48
3,4,26.110,0.0,0.3,0.0,0.0058,-0.0606,0.0142,0.2820,8.13,7.34
3,4,26.123,0.0,0.3,0.0,0.0046,-0.0636,0.0140,0.2818,8.73,7.04
3,4,26.142,0.0,0.3,0.0,0.0103,0.0021,0.0162,0.2806,26.68,12.39
3,4,26.164,0.0,0.3,0.0,0.0016,0.0575,0.0203,0.2755,21.09,13.46
3,4,26.182,0.0,0.3,0.0,-0.0038,0.0482,0.0158,0.2716,23.34,12.88
3,4,26.206,0.0,0.3,0.0,-0.0091,0.0221,0.0058,0.2661,16.40,12.49
3,4,26.227,0.0,0.3,0.0,-0.0144,-0.0026,0.0054,0.2634,9.00,11.02
3,4,26.246,0.0,0.3,0.0,-0.0186,-0.0184,0.0109,0.2624,9.52,11.23
3,4,26.264,0.0,0.3,0.0,-0.0241,-0.0206,0.0155,0.2619,7.35,12.81
3,4,26.283,0.0,0.3,0.0,-0.0240,-0.0127,0.0151,0.2620,8.11,13.80
3,4,26.307,0.0,0.3,0.0,-0.0082,-0.0089,0.0086,0.2630,9.89,13.63
3,4,26.325,0.0,0.3,0.0,-0.0054,-0.0075,0.0049,0.2644,10.61,12.39
3,4,26.345,0.0,0.3,0.0,-0.0032,-0.0014,0.0046,0.2682,19.63,10.63
3,4,26.365,0.0,0.3,0.0,-0.0050,0.0037,0.0054,0.2712,17.65,9.72
3,4,26.385,0.0,0.3,0.0,0.0000,0.0253,0.0079,0.2762,31.70,7.98
3,4,26.409,0.0,0.3,0.0,-0.0095,0.0547,0.0122,0.2811,14.87,7.84
3,4,26.426,0.0,0.3,0.0,-0.0183,0.0619,0.0124,0.2815,8.19,7.95
3,4,26.449,0.0,0.3,0.0,-0.0214,0.0147,0.0181,0.2787,28.67,12.97
3,4,26.463,0.0,0.3,0.0,-0.0238,-0.0285,0.0257,0.2753,25.28,13.68
3,4,26.489,0.0,0.3,0.0,-0.0160,-0.0523,0.0233,0.2709,26.07,11.27
3,4,26.506,0.0,0.3,0.0,-0.0384,-0.0305,0.0152,0.2658,38.97,12.83
3,4,26.526,0.0,0.3,0.0,-0.0051,-0.0203,0.0161,0.2627,14.26,14.24
3,4,26.545,0.0,0.3,0.0,-0.0049,-0.0157,0.0277,0.2604,14.64,12.41
3,4,26.568,0.0,0.3,0.0,-0.0026,-0.0021,0.0299,0.2608,13.78,11.52
3,4,26.586,0.0,0.3,0.0,-0.0003,0.0137,0.0268,0.2621,9.92,10.42
3,4,26.604,0.0,0.3,0.0,-0.0038,0.0217,0.0206,0.2630,12.30,10.38
3,4,26.624,0.0,0.3,0.0,-0.0057,0.0136,0.0156,0.2659,20.10,13.06
3,4,26.645,0.0,0.3,0.0,-0.0007,-0.0087,0.0210,0.2705,24.18,11.16
3,4,26.663,0.0,0.3,0.0,0.0031,-0.0093,0.0230,0.2752,11.83,10.92
3,4,26.683,0.0,0.3,0.0,0.0006,-0.0290,0.0211,0.2792,13.78,9.80
3,4,26.707,0.0,0.3,0.0,-0.0029,-0.0411,0.0164,0.2836,7.71,6.16
3,4,26.724,0.0,0.3,0.0,-0.0013,-0.0192,0.0163,0.2832,9.82,8.63
3,4,26.742,0.0,0.3,0.0,-0.0008,0.0530,0.0217,0.2802,30.08,12.30
3,4,26.763,0.0,0.3,0.0,-0.0096,0.0669,0.0230,0.2742,21.89,12.49
3,4,26.786,0.0,0.3,0.0,-0.0086,0.0374,0.0128,0.2689,16.29,12.52
3,4,26.804,0.0,0.3,0.0,-0.0116,0.0282,0.0089,0.2665,11.05,11.99
3,4,26.827,0.0,0.3,0.0,-0.0166,-0.0007,0.0096,0.2637,9.25,10.64
3,4,26.846,0.0,0.3,0.0,-0.0203,-0.0153,0.0154,0.2627,7.04,11.43
3,4,26.865,0.0,0.3,0.0,-0.0172,-0.0154,0.0165,0.2625,6.65,11.43
3,4,26.883,0.0,0.3,0.0,-0.0148,-0.0107,0.0142,0.2627,7.09,13.66
3,4,26.904,0.0,0.3,0.0,-0.0077,-0.0081,0.0088,0.2632,10.98,13.56
3,4,26.928,0.0,0.3,0.0,-0.0048,0.0002,0.0065,0.2677,22.08,12.01
3,4,26.944,0.0,0.3,0.0,-0.0029,0.0103,0.0082,0.2698,22.74,10.70
3,4,26.966,0.0,0.3,0.0,-0.0083,0.0085,0.0105,0.2743,20.77,8.85
3,4,26.986,0.0,0.3,0.0,-0.0076,0.0282,0.0102,0.2775,27.12,9.25
3,4,27.006,0.0,0.3,0.0,-0.0105,0.0703,0.0107,0.2821,9.63,7.03
3,4,27.025,0.0,0.3,0.0,-0.0073,0.0309,0.0079,0.2815,10.26,12.11
3,4,27.043,0.0,0.3,0.0,-0.0172,-0.0053,0.0125,0.2786,23.18,12.44
3,4,27.066,0.0,0.3,0.0,-0.0139,-0.0349,0.0148,0.2740,39.07,12.88
3,5,27.093,0.0,0.0,0.0,0.0000,-0.0253,0.0093,0.2682,19.73,12.68
3,5,27.111,0.0,0.0,0.0,-0.0089,-0.0253,0.0093,0.2682,19.74,12.68
3,5,27.126,0.0,0.0,0.0,0.0012,0.0081,0.0073,0.2669,43.10,9.07
3,5,27.144,0.0,0.0,0.0,0.0115,-0.0149,0.0100,0.2718,30.13,7.84
3,5,27.167,0.0,0.0,0.0,0.0356,-0.0507,0.0156,0.2727,29.78,10.60
3,5,27.185,0.0,0.0,0.0,0.0239,-0.0891,0.0145,0.2742,26.52,11.93
3,5,27.209,0.0,0.0,0.0,0.0023,-0.0938,0.0131,0.2728,25.19,11.99
3,5,27.225,0.0,0.0,0.0,-0.0046,-0.0456,0.0125,0.2706,24.84,7.93
3,5,27.244,0.0,0.0,0.0,-0.0070,0.0134,0.0149,0.2688,10.19,7.84
3,5,27.263,0.0,0.0,0.0,-0.0129,0.0214,0.0168,0.2682,6.50,8.32
3,5,27.285,0.0,0.0,0.0,-0.0230,0.0088,0.0186,0.2677,2.42,8.17
3,5,27.305,0.0,0.0,0.0,-0.0246,0.0038,0.0193,0.2676,1.25,7.48
3,5,27.326,0.0,0.0,0.0,-0.0094,0.0031,0.0194,0.2675,0.93,7.43
3,5,27.342,0.0,0.0,0.0,-0.0271,0.0033,0.0191,0.2674,0.86,6.53
3,5,27.363,0.0,0.0,0.0,-0.0112,0.0039,0.0187,0.2672,1.05,6.30
3,5,27.385,0.0,0.0,0.0,-0.0078,0.0038,0.0186,0.2671,1.09,6.16
3,5,27.404,0.0,0.0,0.0,-0.0071,0.0033,0.0187,0.2670,1.03,6.19
3,5,27.421,0.0,0.0,0.0,-0.0048,0.0025,0.0188,0.2669,0.88,6.16
3,5,27.442,0.0,0.0,0.0,-0.0016,0.0014,0.0187,0.2668,0.76,6.20
3,5,27.462,0.0,0.0,0.0,-0.0027,0.0008,0.0185,0.2667,0.63,6.18
3,5,27.488,0.0,0.0,0.0,-0.0014,0.0006,0.0184,0.2666,0.50,6.15
3,5,27.507,0.0,0.0,0.0,-0.0005,0.0004,0.0184,0.2666,0.40,6.15
3,5,27.524,0.0,0.0,0.0,-0.0002,0.0004,0.0184,0.2665,0.36,6.16
3,5,27.543,0.0,0.0,0.0,0.0000,0.0003,0.0184,0.2665,0.32,6.17
3,5,27.565,0.0,0.0,0.0,0.0001,0.0002,0.0184,0.2665,0.31,6.19
3,5,27.586,0.0,0.0,0.0,0.0001,0.0002,0.0184,0.2664,0.29,6.21
3,5,27.607,0.0,0.0,0.0,0.0001,0.0002,0.0185,0.2664,0.28,6.23
3,5,27.627,0.0,0.0,0.0,0.0000,0.0002,0.0185,0.2664,0.28,6.23
3,5,27.643,0.0,0.0,0.0,-0.0000,0.0003,0.0185,0.2663,0.27,6.24
3,5,27.663,0.0,0.0,0.0,-0.0001,0.0003,0.0185,0.2663,0.27,6.24
3,5,27.685,0.0,0.0,0.0,-0.0001,0.0003,0.0185,0.2663,0.27,6.24
3,5,27.705,0.0,0.0,0.0,-0.0001,0.0003,0.0185,0.2662,0.26,6.25
3,5,27.726,0.0,0.0,0.0,-0.0001,0.0003,0.0185,0.2662,0.25,6.25
3,5,27.747,0.0,0.0,0.0,-0.0001,0.0004,0.0185,0.2662,0.25,6.25
3,5,27.763,0.0,0.0,0.0,-0.0002,0.0004,0.0185,0.2661,0.25,6.26
3,5,27.791,0.0,0.0,0.0,-0.0001,0.0004,0.0185,0.2661,0.24,6.26
3,5,27.806,0.0,0.0,0.0,-0.0001,0.0004,0.0185,0.2661,0.24,6.27
3,5,27.823,0.0,0.0,0.0,-0.0002,0.0004,0.0185,0.2661,0.24,6.27
3,5,27.842,0.0,0.0,0.0,-0.0002,0.0004,0.0184,0.2660,0.23,6.28
3,5,27.864,0.0,0.0,0.0,-0.0001,0.0004,0.0184,0.2660,0.23,6.28
3,5,27.885,0.0,0.0,0.0,-0.0002,0.0004,0.0184,0.2660,0.23,6.29
3,5,27.904,0.0,0.0,0.0,-0.0002,0.0004,0.0184,0.2659,0.22,6.29
3,5,27.924,0.0,0.0,0.0,-0.0000,0.0004,0.0184,0.2659,0.22,6.29
3,5,27.944,0.0,0.0,0.0,-0.0003,0.0004,0.0184,0.2659,0.22,6.30
3,5,27.962,0.0,0.0,0.0,-0.0002,0.0004,0.0184,0.2659,0.21,6.30
3,5,27.987,0.0,0.0,0.0,-0.0001,0.0004,0.0184,0.2658,0.21,6.31
3,5,28.009,0.0,0.0,0.0,-0.0002,0.0004,0.0183,0.2658,0.20,6.31
3,5,28.023,0.0,0.0,0.0,-0.0001,0.0004,0.0183,0.2658,0.20,6.32
3,5,28.042,0.0,0.0,0.0,-0.0002,0.0004,0.0183,0.2658,0.20,6.32
3,5,28.062,0.0,0.0,0.0,-0.0002,0.0004,0.0183,0.2657,0.20,6.32
3,5,28.085,0.0,0.0,0.0,-0.0002,0.0004,0.0183,0.2657,0.19,6.32
3,5,28.106,0.0,0.0,0.0,-0.0002,0.0004,0.0183,0.2657,0.19,6.33
3,5,28.124,0.0,0.0,0.0,-0.0002,0.0004,0.0183,0.2657,0.19,6.33
3,5,28.143,0.0,0.0,0.0,-0.0002,0.0004,0.0183,0.2656,0.19,6.33
3,5,28.164,0.0,0.0,0.0,-0.0001,0.0004,0.0182,0.2656,0.18,6.33
3,5,28.183,0.0,0.0,0.0,-0.0002,0.0004,0.0182,0.2656,0.18,6.34
3,5,28.204,0.0,0.0,0.0,-0.0001,0.0004,0.0182,0.2656,0.18,6.34
3,5,28.226,0.0,0.0,0.0,-0.0002,0.0004,0.0182,0.2656,0.18,6.34
3,5,28.243,0.0,0.0,0.0,-0.0002,0.0004,0.0182,0.2655,0.17,6.34
3,5,28.266,0.0,0.0,0.0,-0.0002,0.0004,0.0181,0.2655,0.17,6.34
3,5,28.287,0.0,0.0,0.0,-0.0001,0.0004,0.0181,0.2655,0.17,6.35
3,5,28.304,0.0,0.0,0.0,-0.0004,0.0004,0.0181,0.2655,0.17,6.35
3,5,28.323,0.0,0.0,0.0,-0.0002,0.0004,0.0181,0.2654,0.16,6.35
3,5,28.344,0.0,0.0,0.0,-0.0001,0.0004,0.0181,0.2654,0.16,6.35
3,5,28.362,0.0,0.0,0.0,-0.0004,0.0004,0.0180,0.2654,0.16,6.36
3,5,28.389,0.0,0.0,0.0,-0.0002,0.0004,0.0180,0.2654,0.16,6.36
3,5,28.404,0.0,0.0,0.0,-0.0002,0.0004,0.0180,0.2654,0.16,6.36
3,5,28.423,0.0,0.0,0.0,-0.0003,0.0004,0.0180,0.2654,0.15,6.36
3,5,28.443,0.0,0.0,0.0,-0.0002,0.0004,0.0180,0.2653,0.15,6.36
3,5,28.461,0.0,0.0,0.0,-0.0002,0.0004,0.0179,0.2653,0.15,6.36
3,5,28.485,0.0,0.0,0.0,-0.0003,0.0004,0.0179,0.2653,0.15,6.37
3,5,28.506,0.0,0.0,0.0,-0.0002,0.0004,0.0179,0.2653,0.15,6.37
3,5,28.525,0.0,0.0,0.0,-0.0003,0.0004,0.0179,0.2653,0.15,6.37
3,5,28.542,0.0,0.0,0.0,-0.0003,0.0004,0.0178,0.2652,0.14,6.37
3,5,28.561,0.0,0.0,0.0,-0.0002,0.0004,0.0178,0.2652,0.14,6.37
3,5,28.587,0.0,0.0,0.0,-0.0003,0.0004,0.0178,0.2652,0.14,6.37
3,5,28.604,0.0,0.0,0.0,-0.0002,0.0004,0.0178,0.2652,0.13,6.37
3,5,28.627,0.0,0.0,0.0,-0.0002,0.0004,0.0177,0.2652,0.14,6.37
3,5,28.641,0.0,0.0,0.0,-0.0003,0.0004,0.0177,0.2652,0.14,6.38
3,5,28.662,0.0,0.0,0.0,-0.0002,0.0004,0.0177,0.2651,0.13,6.38
3,5,28.681,0.0,0.0,0.0,-0.0002,0.0005,0.0177,0.2651,0.13,6.38
3,5,28.704,0.0,0.0,0.0,-0.0004,0.0005,0.0176,0.2651,0.13,6.38
3,5,28.724,0.0,0.0,0.0,-0.0003,0.0005,0.0176,0.2651,0.13,6.38
3,5,28.743,0.0,0.0,0.0,-0.0002,0.0005,0.0176,0.2651,0.13,6.38
3,5,28.762,0.0,0.0,0.0,-0.0005,0.0005,0.0176,0.2651,0.13,6.38
3,5,28.784,0.0,0.0,0.0,-0.0002,0.0005,0.0175,0.2650,0.13,6.38
3,5,28.803,0.0,0.0,0.0,-0.0002,0.0005,0.0175,0.2650,0.13,6.39
3,5,28.824,0.0,0.0,0.0,-0.0004,0.0005,0.0175,0.2650,0.12,6.39
3,5,28.844,0.0,0.0,0.0,-0.0003,0.0005,0.0174,0.2650,0.12,6.39
3,5,28.866,0.0,0.0,0.0,-0.0001,0.0005,0.0174,0.2650,0.12,6.39
3,5,28.887,0.0,0.0,0.0,-0.0003,0.0005,0.0174,0.2650,0.12,6.39
3,5,28.905,0.0,0.0,0.0,-0.0004,0.0005,0.0174,0.2650,0.12,6.39
3,5,28.924,0.0,0.0,0.0,-0.0002,0.0005,0.0174,0.2649,0.12,6.39
3,5,28.941,0.0,0.0,0.0,-0.0003,0.0005,0.0173,0.2649,0.11,6.39
3,5,28.963,0.0,0.0,0.0,-0.0004,0.0005,0.0173,0.2649,0.11,6.39
3,5,28.983,0.0,0.0,0.0,-0.0004,0.0005,0.0173,0.2649,0.11,6.39
3,5,29.003,0.0,0.0,0.0,-0.0003,0.0005,0.0172,0.2649,0.11,6.39
3,5,29.021,0.0,0.0,0.0,-0.0004,0.0005,0.0172,0.2649,0.11,6.39
3,5,29.041,0.0,0.0,0.0,-0.0003,0.0005,0.0172,0.2649,0.11,6.39
3,5,29.062,0.0,0.0,0.0,-0.0003,0.0005,0.0172,0.2648,0.11,6.39
3,5,29.085,0.0,0.0,0.0,-0.0002,0.0005,0.0171,0.2648,0.11,6.39
3,5,29.103,0.0,0.0,0.0,-0.0004,0.0005,0.0171,0.2648,0.11,6.39
3,5,29.126,0.0,0.0,0.0,-0.0003,0.0005,0.0171,0.2648,0.10,6.39
3,5,29.142,0.0,0.0,0.0,-0.0004,0.0005,0.0170,0.2648,0.10,6.39
3,5,29.166,0.0,0.0,0.0,-0.0002,0.0005,0.0170,0.2648,0.10,6.39
3,5,29.186,0.0,0.0,0.0,-0.0004,0.0005,0.0170,0.2648,0.10,6.39
3,5,29.206,0.0,0.0,0.0,-0.0003,0.0005,0.0170,0.2647,0.10,6.39
3,5,29.227,0.0,0.0,0.0,-0.0003,0.0005,0.0169,0.2647,0.10,6.39
3,5,29.245,0.0,0.0,0.0,-0.0005,0.0005,0.0169,0.2647,0.10,6.40
3,5,29.262,0.0,0.0,0.0,-0.0002,0.0005,0.0169,0.2647,0.10,6.39
3,5,29.281,0.0,0.0,0.0,-0.0004,0.0005,0.0169,0.2647,0.10,6.39
3,5,29.306,0.0,0.0,0.0,-0.0003,0.0005,0.0168,0.2647,0.10,6.39
3,5,29.324,0.0,0.0,0.0,-0.0003,0.0005,0.0168,0.2647,0.09,6.39
3,5,29.341,0.0,0.0,0.0,-0.0002,0.0005,0.0168,0.2647,0.09,6.39
3,5,29.362,0.0,0.0,0.0,-0.0004,0.0005,0.0167,0.2647,0.09,6.39
3,5,29.385,0.0,0.0,0.0,-0.0004,0.0005,0.0167,0.2646,0.09,6.39
3,5,29.403,0.0,0.0,0.0,-0.0002,0.0005,0.0167,0.2646,0.09,6.39
3,5,29.423,0.0,0.0,0.0,-0.0004,0.0005,0.0167,0.2646,0.09,6.39
3,5,29.441,0.0,0.0,0.0,-0.0004,0.0005,0.0166,0.2646,0.09,6.39
3,5,29.461,0.0,0.0,0.0,-0.0003,0.0005,0.0166,0.2646,0.09,6.39
3,5,29.483,0.0,0.0,0.0,-0.0004,0.0005,0.0166,0.2646,0.09,6.39
3,5,29.505,0.0,0.0,0.0,-0.0004,0.0005,0.0165,0.2646,0.09,6.39
3,5,29.524,0.0,0.0,0.0,-0.0003,0.0005,0.0165,0.2646,0.09,6.39
3,5,29.541,0.0,0.0,0.0,-0.0003,0.0005,0.0165,0.2646,0.08,6.39
3,5,29.562,0.0,0.0,0.0,-0.0003,0.0005,0.0165,0.2645,0.09,6.39
3,5,29.581,0.0,0.0,0.0,-0.0003,0.0005,0.0164,0.2645,0.08,6.39
3,5,29.605,0.0,0.0,0.0,-0.0004,0.0005,0.0164,0.2645,0.08,6.39
3,5,29.627,0.0,0.0,0.0,-0.0004,0.0005,0.0164,0.2645,0.08,6.39
3,5,29.642,0.0,0.0,0.0,-0.0001,0.0005,0.0163,0.2645,0.08,6.39
3,5,29.662,0.0,0.0,0.0,-0.0003,0.0005,0.0163,0.2645,0.08,6.39
3,5,29.683,0.0,0.0,0.0,-0.0004,0.0005,0.0163,0.2645,0.08,6.39
3,5,29.705,0.0,0.0,0.0,-0.0004,0.0005,0.0163,0.2645,0.08,6.39
3,5,29.726,0.0,0.0,0.0,-0.0003,0.0005,0.0162,0.2645,0.08,6.39
3,5,29.741,0.0,0.0,0.0,-0.0004,0.0005,0.0162,0.2645,0.08,6.39
3,5,29.761,0.0,0.0,0.0,-0.0003,0.0005,0.0162,0.2644,0.08,6.39
3,5,29.791,0.0,0.0,0.0,-0.0004,0.0005,0.0161,0.2644,0.08,6.39
3,5,29.809,0.0,0.0,0.0,-0.0002,0.0005,0.0161,0.2644,0.07,6.39
3,5,29.828,0.0,0.0,0.0,-0.0003,0.0005,0.0161,0.2644,0.07,6.39
3,5,29.845,0.0,0.0,0.0,-0.0004,0.0005,0.0161,0.2644,0.07,6.39
3,5,29.864,0.0,0.0,0.0,-0.0003,0.0005,0.0160,0.2644,0.07,6.39
3,5,29.892,0.0,0.0,0.0,-0.0002,0.0005,0.0160,0.2644,0.07,6.39
3,5,29.904,0.0,0.0,0.0,-0.0004,0.0005,0.0160,0.2644,0.07,6.39
3,5,29.926,0.0,0.0,0.0,-0.0002,0.0005,0.0160,0.2644,0.07,6.39
3,5,29.942,0.0,0.0,0.0,-0.0005,0.0005,0.0159,0.2644,0.07,6.39
3,5,29.964,0.0,0.0,0.0,-0.0003,0.0005,0.0159,0.2644,0.07,6.38
3,5,29.986,0.0,0.0,0.0,-0.0004,0.0005,0.0159,0.2643,0.07,6.39
3,5,30.005,0.0,0.0,0.0,-0.0003,0.0005,0.0158,0.2643,0.07,6.38
3,5,30.023,0.0,0.0,0.0,-0.0004,0.0005,0.0158,0.2643,0.07,6.38
3,5,30.046,0.0,0.0,0.0,-0.0003,0.0005,0.0158,0.2643,0.07,6.38
3,5,30.067,0.0,0.0,0.0,-0.0004,0.0005,0.0158,0.2643,0.07,6.38
3,5,30.086,0.0,0.0,0.0,-0.0003,0.0005,0.0158,0.2643,0.07,6.38
