rollout,segment,t,vx_cmd,vy_cmd,wz_cmd,vx_med,vy_med,wz_med,tilt_rad,height,power_W,tau_max
1,0,0.008,0.0,0.0,0.0,-0.0104,-0.0000,-0.0000,0.1905,0.2240,0.56,10.43
1,0,0.022,0.0,0.0,0.0,-0.0020,-0.0000,-0.0000,0.1905,0.2240,0.56,10.43
1,0,0.042,0.0,0.0,0.0,0.0094,0.0126,-0.0349,0.1816,0.2239,158.95,27.66
1,0,0.063,0.0,0.0,0.0,0.0418,0.0259,0.0117,0.1645,0.2262,161.88,23.29
1,0,0.086,0.0,0.0,0.0,0.0621,0.0024,0.1021,0.1530,0.2301,112.62,21.44
1,0,0.106,0.0,0.0,0.0,0.0843,-0.0174,0.1508,0.1444,0.2339,94.43,18.96
1,0,0.123,0.0,0.0,0.0,0.1844,-0.0337,0.1288,0.1357,0.2396,81.57,16.94
1,0,0.142,0.0,0.0,0.0,0.1804,-0.0169,0.0662,0.1293,0.2439,78.21,17.17
1,0,0.166,0.0,0.0,0.0,0.2529,-0.0129,0.0495,0.1195,0.2492,69.21,14.27
1,0,0.185,0.0,0.0,0.0,0.2479,-0.0216,0.0506,0.1105,0.2529,64.55,13.06
1,0,0.206,0.0,0.0,0.0,0.3348,-0.0346,0.0381,0.0970,0.2582,67.61,10.20
1,0,0.226,0.0,0.0,0.0,0.4863,-0.0331,-0.0166,0.0829,0.2623,57.78,13.46
1,0,0.242,0.0,0.0,0.0,0.3773,-0.0029,-0.0009,0.0707,0.2643,46.60,10.22
1,0,0.267,0.0,0.0,0.0,0.3711,0.0020,0.0973,0.0555,0.2666,48.74,7.29
1,0,0.282,0.0,0.0,0.0,0.4298,-0.0293,0.0868,0.0455,0.2674,33.32,11.61
1,0,0.305,0.0,0.0,0.0,0.3963,-0.0673,-0.0027,0.0370,0.2674,26.86,10.00
1,0,0.326,0.0,0.0,0.0,0.4147,-0.0726,-0.0676,0.0320,0.2681,23.18,8.61
1,0,0.345,0.0,0.0,0.0,0.2787,-0.0353,-0.0315,0.0277,0.2686,22.99,6.62
1,0,0.367,0.0,0.0,0.0,0.2297,-0.0337,0.0738,0.0291,0.2696,17.48,6.67
1,0,0.388,0.0,0.0,0.0,0.2378,-0.0585,0.1111,0.0270,0.2694,23.29,13.54
1,0,0.402,0.0,0.0,0.0,0.1740,-0.0887,0.1370,0.0194,0.2686,28.72,11.82
1,0,0.423,0.0,0.0,0.0,0.2818,-0.1899,0.0772,0.0122,0.2708,10.45,7.31
1,0,0.447,0.0,0.0,0.0,0.1383,-0.0814,0.0193,0.0060,0.2704,17.17,6.94
1,0,0.466,0.0,0.0,0.0,0.1993,-0.1131,0.0221,0.0027,0.2703,16.07,7.05
1,0,0.485,0.0,0.0,0.0,0.1170,-0.0783,0.0451,0.0043,0.2702,9.75,6.94
1,0,0.508,0.0,0.0,0.0,0.1084,-0.1005,0.0701,0.0029,0.2703,10.12,7.68
1,0,0.527,0.0,0.0,0.0,0.0900,-0.1429,0.0719,0.0031,0.2702,9.07,7.61
1,0,0.542,0.0,0.0,0.0,0.0422,-0.1224,0.0352,0.0113,0.2703,4.92,7.44
1,0,0.562,0.0,0.0,0.0,0.0074,-0.0666,0.0378,0.0115,0.2703,6.15,9.65
1,0,0.584,0.0,0.0,0.0,-0.0309,-0.0599,0.0343,0.0080,0.2701,13.01,8.52
1,0,0.603,0.0,0.0,0.0,-0.0404,-0.0259,0.0392,0.0081,0.2700,10.64,7.27
1,0,0.625,0.0,0.0,0.0,-0.0329,-0.0142,0.0526,0.0093,0.2701,5.21,7.34
1,0,0.642,0.0,0.0,0.0,-0.0893,-0.0155,0.0626,0.0110,0.2694,6.13,8.22
1,0,0.666,0.0,0.0,0.0,-0.0623,0.0096,0.0581,0.0101,0.2693,4.13,8.15
1,0,0.686,0.0,0.0,0.0,-0.0754,0.0299,0.0592,0.0083,0.2690,4.72,7.48
1,0,0.705,0.0,0.0,0.0,-0.1001,0.0534,0.0613,0.0064,0.2687,4.72,6.80
1,0,0.723,0.0,0.0,0.0,-0.0927,0.0497,0.0671,0.0054,0.2683,5.20,7.27
1,0,0.743,0.0,0.0,0.0,-0.0617,0.0307,0.0667,0.0049,0.2681,5.11,7.22
1,0,0.767,0.0,0.0,0.0,-0.1358,0.0726,0.0511,0.0029,0.2677,4.50,7.15
1,0,0.784,0.0,0.0,0.0,-0.0815,0.0481,0.0441,0.0030,0.2675,4.55,7.26
1,0,0.812,0.0,0.0,0.0,-0.0673,0.0385,0.0462,0.0044,0.2672,4.67,8.12
1,0,0.823,0.0,0.0,0.0,-0.0477,0.0245,0.0528,0.0052,0.2668,4.77,9.37
1,0,0.843,0.0,0.0,0.0,-0.0854,0.0394,0.0513,0.0051,0.2666,4.41,9.17
1,0,0.868,0.0,0.0,0.0,-0.0581,0.0265,0.0408,0.0062,0.2663,3.98,9.16
1,0,0.884,0.0,0.0,0.0,-0.0973,0.0461,0.0306,0.0082,0.2659,3.63,9.52
1,0,0.903,0.0,0.0,0.0,-0.0448,0.0211,0.0291,0.0094,0.2657,3.30,9.87
1,0,0.923,0.0,0.0,0.0,-0.0482,0.0212,0.0301,0.0103,0.2654,2.90,10.08
1,0,0.943,0.0,0.0,0.0,-0.0449,0.0174,0.0247,0.0112,0.2651,2.36,10.10
1,0,0.965,0.0,0.0,0.0,-0.0259,0.0089,0.0161,0.0118,0.2649,1.77,10.01
1,0,0.985,0.0,0.0,0.0,-0.0140,0.0046,0.0121,0.0120,0.2648,1.47,10.02
1,0,1.002,0.0,0.0,0.0,-0.0072,0.0024,0.0094,0.0121,0.2647,1.19,9.65
1,0,1.022,0.0,0.0,0.0,-0.0063,0.0030,0.0047,0.0123,0.2646,0.63,9.47
1,0,1.043,0.0,0.0,0.0,0.0002,0.0007,0.0019,0.0123,0.2646,0.39,9.24
1,0,1.064,0.0,0.0,0.0,0.0005,0.0001,0.0015,0.0123,0.2645,0.35,9.09
1,0,1.084,0.0,0.0,0.0,0.0022,0.0001,0.0015,0.0122,0.2645,0.33,8.98
1,0,1.102,0.0,0.0,0.0,0.0014,0.0001,0.0014,0.0122,0.2645,0.30,8.90
1,0,1.123,0.0,0.0,0.0,0.0014,0.0001,0.0014,0.0122,0.2644,0.29,8.85
1,0,1.143,0.0,0.0,0.0,0.0017,0.0002,0.0013,0.0122,0.2644,0.27,8.82
1,0,1.166,0.0,0.0,0.0,0.0017,0.0003,0.0013,0.0122,0.2644,0.25,8.80
1,0,1.184,0.0,0.0,0.0,0.0012,0.0003,0.0013,0.0123,0.2644,0.24,8.78
1,0,1.203,0.0,0.0,0.0,0.0011,0.0003,0.0012,0.0123,0.2643,0.23,8.77
1,0,1.222,0.0,0.0,0.0,0.0012,0.0004,0.0012,0.0123,0.2643,0.21,8.76
1,0,1.246,0.0,0.0,0.0,0.0010,0.0003,0.0011,0.0123,0.2643,0.20,8.75
1,0,1.272,0.0,0.0,0.0,0.0010,0.0003,0.0011,0.0124,0.2643,0.19,8.75
1,0,1.285,0.0,0.0,0.0,0.0011,0.0004,0.0011,0.0124,0.2642,0.19,8.74
1,0,1.306,0.0,0.0,0.0,0.0009,0.0003,0.0011,0.0124,0.2642,0.18,8.74
1,0,1.322,0.0,0.0,0.0,0.0010,0.0003,0.0011,0.0125,0.2642,0.18,8.74
1,0,1.342,0.0,0.0,0.0,0.0009,0.0003,0.0010,0.0125,0.2642,0.17,8.73
1,0,1.367,0.0,0.0,0.0,0.0008,0.0003,0.0010,0.0125,0.2642,0.17,8.73
1,0,1.386,0.0,0.0,0.0,0.0007,0.0002,0.0010,0.0126,0.2641,0.17,8.73
1,0,1.403,0.0,0.0,0.0,0.0010,0.0003,0.0010,0.0126,0.2641,0.16,8.73
1,0,1.428,0.0,0.0,0.0,0.0008,0.0003,0.0010,0.0126,0.2641,0.16,8.73
1,0,1.442,0.0,0.0,0.0,0.0011,0.0004,0.0010,0.0127,0.2641,0.16,8.72
1,0,1.466,0.0,0.0,0.0,0.0009,0.0003,0.0010,0.0127,0.2641,0.15,8.72
1,0,1.488,0.0,0.0,0.0,0.0005,0.0002,0.0010,0.0127,0.2641,0.15,8.72
1,0,1.504,0.0,0.0,0.0,0.0007,0.0002,0.0010,0.0127,0.2640,0.15,8.72
1,0,1.522,0.0,0.0,0.0,0.0009,0.0003,0.0010,0.0128,0.2640,0.15,8.72
1,0,1.542,0.0,0.0,0.0,0.0007,0.0002,0.0010,0.0128,0.2640,0.15,8.72
1,0,1.563,0.0,0.0,0.0,0.0006,0.0002,0.0010,0.0128,0.2640,0.14,8.72
1,0,1.588,0.0,0.0,0.0,0.0009,0.0003,0.0009,0.0129,0.2640,0.14,8.72
1,0,1.605,0.0,0.0,0.0,0.0008,0.0002,0.0009,0.0129,0.2640,0.14,8.72
1,0,1.622,0.0,0.0,0.0,0.0007,0.0002,0.0009,0.0129,0.2639,0.14,8.72
1,0,1.642,0.0,0.0,0.0,0.0010,0.0003,0.0009,0.0130,0.2639,0.13,8.72
1,0,1.663,0.0,0.0,0.0,0.0006,0.0002,0.0009,0.0130,0.2639,0.13,8.72
1,0,1.685,0.0,0.0,0.0,0.0008,0.0002,0.0009,0.0130,0.2639,0.13,8.72
1,0,1.704,0.0,0.0,0.0,0.0006,0.0002,0.0009,0.0130,0.2639,0.13,8.72
1,0,1.724,0.0,0.0,0.0,0.0007,0.0002,0.0009,0.0131,0.2639,0.12,8.72
1,0,1.742,0.0,0.0,0.0,0.0006,0.0002,0.0009,0.0131,0.2639,0.12,8.72
1,0,1.764,0.0,0.0,0.0,0.0006,0.0002,0.0009,0.0131,0.2638,0.12,8.72
1,0,1.788,0.0,0.0,0.0,0.0005,0.0001,0.0009,0.0131,0.2638,0.12,8.71
1,0,1.803,0.0,0.0,0.0,0.0007,0.0002,0.0009,0.0132,0.2638,0.12,8.71
1,0,1.823,0.0,0.0,0.0,0.0005,0.0001,0.0009,0.0132,0.2638,0.11,8.71
1,0,1.842,0.0,0.0,0.0,0.0002,0.0000,0.0009,0.0132,0.2638,0.11,8.72
1,0,1.864,0.0,0.0,0.0,0.0007,0.0002,0.0009,0.0132,0.2638,0.11,8.71
1,0,1.886,0.0,0.0,0.0,0.0006,0.0002,0.0009,0.0132,0.2638,0.11,8.71
1,0,1.906,0.0,0.0,0.0,0.0004,0.0001,0.0009,0.0133,0.2638,0.11,8.71
1,0,1.923,0.0,0.0,0.0,0.0008,0.0002,0.0009,0.0133,0.2637,0.11,8.71
1,0,1.941,0.0,0.0,0.0,0.0005,0.0001,0.0009,0.0133,0.2637,0.10,8.71
1,0,1.963,0.0,0.0,0.0,0.0006,0.0001,0.0009,0.0133,0.2637,0.10,8.71
1,0,1.988,0.0,0.0,0.0,0.0004,0.0001,0.0009,0.0134,0.2637,0.10,8.71
1,0,2.003,0.0,0.0,0.0,0.0007,0.0002,0.0009,0.0134,0.2637,0.10,8.71
1,0,2.024,0.0,0.0,0.0,0.0005,0.0001,0.0009,0.0134,0.2637,0.10,8.71
1,0,2.042,0.0,0.0,0.0,0.0005,0.0001,0.0009,0.0134,0.2637,0.10,8.71
1,0,2.063,0.0,0.0,0.0,0.0006,0.0001,0.0009,0.0134,0.2637,0.10,8.71
1,0,2.085,0.0,0.0,0.0,0.0004,0.0001,0.0009,0.0135,0.2637,0.09,8.71
1,0,2.105,0.0,0.0,0.0,0.0006,0.0001,0.0009,0.0135,0.2636,0.09,8.71
1,0,2.122,0.0,0.0,0.0,0.0004,0.0001,0.0009,0.0135,0.2636,0.09,8.71
1,0,2.142,0.0,0.0,0.0,0.0003,0.0001,0.0009,0.0135,0.2636,0.09,8.71
1,0,2.164,0.0,0.0,0.0,0.0007,0.0001,0.0009,0.0135,0.2636,0.09,8.71
1,0,2.185,0.0,0.0,0.0,0.0004,0.0001,0.0009,0.0135,0.2636,0.09,8.71
1,0,2.204,0.0,0.0,0.0,0.0006,0.0001,0.0009,0.0136,0.2636,0.09,8.71
1,0,2.222,0.0,0.0,0.0,0.0004,0.0001,0.0009,0.0136,0.2636,0.08,8.71
1,0,2.241,0.0,0.0,0.0,0.0004,0.0001,0.0009,0.0136,0.2636,0.08,8.71
1,0,2.263,0.0,0.0,0.0,0.0003,0.0001,0.0009,0.0136,0.2636,0.08,8.71
1,0,2.285,0.0,0.0,0.0,0.0006,0.0001,0.0009,0.0136,0.2636,0.08,8.71
1,0,2.308,0.0,0.0,0.0,0.0004,0.0001,0.0009,0.0137,0.2636,0.08,8.71
1,0,2.325,0.0,0.0,0.0,0.0005,0.0001,0.0009,0.0137,0.2635,0.08,8.71
1,0,2.342,0.0,0.0,0.0,0.0003,0.0001,0.0009,0.0137,0.2635,0.08,8.71
1,0,2.362,0.0,0.0,0.0,0.0005,0.0001,0.0009,0.0137,0.2635,0.08,8.71
1,0,2.384,0.0,0.0,0.0,0.0000,0.0000,0.0009,0.0137,0.2635,0.08,8.71
1,0,2.406,0.0,0.0,0.0,0.0004,0.0001,0.0009,0.0137,0.2635,0.07,8.71
1,0,2.423,0.0,0.0,0.0,0.0004,0.0001,0.0009,0.0137,0.2635,0.07,8.71
1,0,2.442,0.0,0.0,0.0,0.0004,0.0001,0.0009,0.0138,0.2635,0.07,8.71
1,0,2.462,0.0,0.0,0.0,0.0003,0.0000,0.0009,0.0138,0.2635,0.07,8.71
1,0,2.484,0.0,0.0,0.0,0.0004,0.0001,0.0009,0.0138,0.2635,0.07,8.71
1,0,2.505,0.0,0.0,0.0,0.0003,0.0000,0.0009,0.0138,0.2635,0.07,8.71
1,0,2.523,0.0,0.0,0.0,0.0004,0.0001,0.0009,0.0138,0.2635,0.07,8.71
1,0,2.541,0.0,0.0,0.0,0.0003,0.0000,0.0009,0.0138,0.2635,0.07,8.70
1,0,2.562,0.0,0.0,0.0,0.0004,0.0001,0.0009,0.0138,0.2635,0.07,8.70
1,0,2.588,0.0,0.0,0.0,0.0004,0.0000,0.0009,0.0139,0.2635,0.06,8.70
1,0,2.608,0.0,0.0,0.0,0.0003,0.0000,0.0009,0.0139,0.2634,0.06,8.70
1,0,2.626,0.0,0.0,0.0,0.0003,0.0000,0.0009,0.0139,0.2634,0.06,8.70
1,0,2.641,0.0,0.0,0.0,0.0004,0.0000,0.0009,0.0139,0.2634,0.06,8.70
1,0,2.661,0.0,0.0,0.0,0.0003,0.0000,0.0009,0.0139,0.2634,0.06,8.70
1,0,2.688,0.0,0.0,0.0,0.0003,0.0000,0.0009,0.0139,0.2634,0.06,8.70
1,0,2.707,0.0,0.0,0.0,0.0003,0.0000,0.0009,0.0139,0.2634,0.06,8.70
1,0,2.725,0.0,0.0,0.0,0.0003,0.0000,0.0009,0.0139,0.2634,0.06,8.70
1,0,2.742,0.0,0.0,0.0,0.0002,0.0000,0.0009,0.0139,0.2634,0.06,8.70
1,0,2.761,0.0,0.0,0.0,0.0004,0.0000,0.0009,0.0140,0.2634,0.06,8.70
1,0,2.783,0.0,0.0,0.0,0.0002,0.0000,0.0009,0.0140,0.2634,0.06,8.70
1,0,2.806,0.0,0.0,0.0,0.0003,0.0000,0.0009,0.0140,0.2634,0.06,8.70
1,0,2.825,0.0,0.0,0.0,0.0003,0.0000,0.0009,0.0140,0.2634,0.05,8.70
1,0,2.846,0.0,0.0,0.0,0.0001,0.0000,0.0009,0.0140,0.2634,0.05,8.70
1,0,2.861,0.0,0.0,0.0,0.0003,0.0000,0.0009,0.0140,0.2634,0.05,8.70
1,0,2.887,0.0,0.0,0.0,0.0004,0.0000,0.0009,0.0140,0.2634,0.05,8.70
1,0,2.904,0.0,0.0,0.0,0.0002,0.0000,0.0009,0.0140,0.2634,0.05,8.70
1,0,2.923,0.0,0.0,0.0,0.0002,0.0000,0.0009,0.0140,0.2634,0.05,8.70
1,0,2.942,0.0,0.0,0.0,0.0003,0.0000,0.0009,0.0141,0.2633,0.05,8.70
1,0,2.969,0.0,0.0,0.0,0.0002,0.0000,0.0009,0.0141,0.2633,0.05,8.70
1,0,2.984,0.0,0.0,0.0,0.0004,0.0000,0.0009,0.0141,0.2633,0.05,8.69
1,1,3.006,0.3,0.0,0.0,0.0002,0.0000,0.0009,0.0141,0.2633,0.05,8.69
1,1,3.024,0.3,0.0,0.0,0.0003,0.0000,0.0009,0.0141,0.2633,0.05,8.69
1,1,3.042,0.3,0.0,0.0,0.0095,-0.0039,-0.0036,0.0127,0.2624,22.26,13.23
1,1,3.062,0.3,0.0,0.0,0.0129,-0.0000,0.0021,0.0125,0.2572,13.39,15.29
1,1,3.085,0.3,0.0,0.0,0.0148,0.0117,0.0063,0.0137,0.2541,3.41,14.53
1,1,3.106,0.3,0.0,0.0,0.0128,0.0130,0.0031,0.0145,0.2518,6.12,14.33
1,1,3.126,0.3,0.0,0.0,0.0162,0.0200,0.0018,0.0154,0.2488,2.72,14.16
1,1,3.145,0.3,0.0,0.0,0.0000,0.0000,0.0016,0.0156,0.2483,3.37,13.67
1,1,3.162,0.3,0.0,0.0,0.0252,0.0343,0.0043,0.0170,0.2469,2.69,13.72
1,1,3.184,0.3,0.0,0.0,0.0258,0.0352,0.0084,0.0185,0.2468,2.27,13.60
1,1,3.204,0.3,0.0,0.0,0.0217,0.0294,0.0096,0.0191,0.2469,2.16,13.58
1,1,3.225,0.3,0.0,0.0,0.0300,0.0404,0.0109,0.0231,0.2495,7.57,13.45
1,1,3.241,0.3,0.0,0.0,0.0527,0.0713,0.0055,0.0271,0.2533,11.23,13.05
1,1,3.267,0.3,0.0,0.0,0.0324,0.0440,-0.0014,0.0305,0.2574,10.68,11.88
1,1,3.284,0.3,0.0,0.0,0.0349,0.0486,-0.0048,0.0354,0.2618,6.79,11.96
1,1,3.307,0.3,0.0,0.0,0.0460,0.0435,0.0272,0.0346,0.2637,17.02,12.15
1,1,3.324,0.3,0.0,0.0,0.0803,0.0038,0.0250,0.0277,0.2652,8.06,11.84
1,1,3.342,0.3,0.0,0.0,0.0828,-0.0239,0.0351,0.0193,0.2630,26.18,15.32
1,1,3.363,0.3,0.0,0.0,0.0694,-0.0143,0.0222,0.0184,0.2594,19.93,15.84
1,1,3.387,0.3,0.0,0.0,0.0486,-0.0095,0.0152,0.0179,0.2570,13.57,16.49
1,1,3.404,0.3,0.0,0.0,0.0700,-0.0189,0.0136,0.0134,0.2540,9.53,16.56
1,1,3.426,0.3,0.0,0.0,0.0961,-0.0309,0.0238,0.0094,0.2509,8.18,15.81
1,1,3.444,0.3,0.0,0.0,0.0624,-0.0209,0.0234,0.0067,0.2493,8.16,15.17
1,1,3.462,0.3,0.0,0.0,0.1568,-0.0533,0.0281,0.0045,0.2486,8.46,14.83
1,1,3.485,0.3,0.0,0.0,0.0807,-0.0290,0.0313,0.0028,0.2493,9.49,14.58
1,1,3.505,0.3,0.0,0.0,0.1580,-0.0606,0.0297,0.0012,0.2503,9.83,14.22
1,1,3.524,0.3,0.0,0.0,0.1333,-0.0526,0.0268,0.0005,0.2514,13.37,14.17
1,1,3.542,0.3,0.0,0.0,0.0952,-0.0372,0.0299,0.0024,0.2554,11.08,12.98
1,1,3.566,0.3,0.0,0.0,0.1789,-0.0690,0.0393,0.0044,0.2602,9.91,12.70
1,1,3.586,0.3,0.0,0.0,0.1211,-0.0481,0.0520,0.0056,0.2629,17.19,12.66
1,1,3.603,0.3,0.0,0.0,0.0958,-0.0397,0.0645,0.0080,0.2661,17.55,12.16
1,1,3.624,0.3,0.0,0.0,0.1646,-0.0563,0.0091,0.0085,0.2682,12.88,6.90
1,1,3.648,0.3,0.0,0.0,0.1696,-0.0448,-0.0389,0.0100,0.2671,21.44,17.35
1,1,3.666,0.3,0.0,0.0,0.1330,-0.0210,-0.0675,0.0123,0.2636,27.94,16.97
1,1,3.685,0.3,0.0,0.0,0.1801,-0.0250,-0.0641,0.0169,0.2591,23.19,16.66
1,1,3.706,0.3,0.0,0.0,0.1652,-0.0261,-0.0381,0.0217,0.2544,14.46,15.81
1,1,3.723,0.3,0.0,0.0,0.2226,-0.0328,-0.0426,0.0224,0.2514,8.36,15.69
1,1,3.745,0.3,0.0,0.0,0.1679,-0.0216,-0.0431,0.0221,0.2489,7.79,15.35
1,1,3.763,0.3,0.0,0.0,0.2367,-0.0249,-0.0297,0.0205,0.2470,10.57,14.80
1,1,3.785,0.3,0.0,0.0,0.1888,-0.0180,-0.0171,0.0193,0.2468,9.02,14.09
1,1,3.804,0.3,0.0,0.0,0.1246,-0.0128,-0.0108,0.0192,0.2471,9.66,13.84
1,1,3.823,0.3,0.0,0.0,0.2894,-0.0306,-0.0037,0.0198,0.2490,15.26,13.42
1,1,3.842,0.3,0.0,0.0,0.1804,-0.0192,0.0002,0.0233,0.2551,12.20,12.70
1,1,3.863,0.3,0.0,0.0,0.3341,-0.0358,-0.0038,0.0267,0.2602,13.11,11.77
1,1,3.884,0.3,0.0,0.0,0.1880,-0.0225,-0.0192,0.0307,0.2644,16.59,9.49
1,1,3.906,0.3,0.0,0.0,0.1799,-0.0169,-0.0247,0.0330,0.2671,10.72,10.85
1,1,3.923,0.3,0.0,0.0,0.2690,0.0011,-0.0132,0.0310,0.2693,11.09,11.41
1,1,3.942,0.3,0.0,0.0,0.2207,0.0152,0.0146,0.0272,0.2671,27.56,11.98
1,1,3.962,0.3,0.0,0.0,0.1713,0.0073,0.0272,0.0257,0.2629,8.94,13.86
1,1,3.984,0.3,0.0,0.0,0.2117,0.0025,0.0272,0.0250,0.2588,7.39,12.76
1,1,4.004,0.3,0.0,0.0,0.2198,0.0023,0.0242,0.0244,0.2560,4.70,12.66
1,1,4.024,0.3,0.0,0.0,0.1403,0.0025,0.0123,0.0230,0.2530,3.71,12.58
1,1,4.042,0.3,0.0,0.0,0.1911,0.0048,0.0063,0.0214,0.2513,3.88,12.42
1,1,4.062,0.3,0.0,0.0,0.2221,0.0069,0.0066,0.0203,0.2506,4.17,12.54
1,1,4.087,0.3,0.0,0.0,0.1551,0.0059,0.0104,0.0194,0.2506,4.50,12.48
1,1,4.108,0.3,0.0,0.0,0.1705,0.0081,0.0135,0.0183,0.2520,7.92,12.47
1,1,4.122,0.3,0.0,0.0,0.2314,0.0143,0.0177,0.0175,0.2539,7.60,12.18
1,1,4.142,0.3,0.0,0.0,0.1905,0.0136,0.0199,0.0171,0.2568,16.68,11.58
1,1,4.163,0.3,0.0,0.0,0.2471,0.0175,0.0311,0.0178,0.2624,8.11,10.89
1,1,4.183,0.3,0.0,0.0,0.1924,0.0132,0.0436,0.0194,0.2657,14.03,9.86
1,1,4.208,0.3,0.0,0.0,0.1424,0.0048,0.0577,0.0210,0.2678,20.18,8.12
1,1,4.223,0.3,0.0,0.0,0.3086,-0.0094,0.0358,0.0215,0.2690,9.87,8.98
1,1,4.242,0.3,0.0,0.0,0.2005,-0.0078,-0.0286,0.0227,0.2650,57.93,15.36
1,1,4.262,0.3,0.0,0.0,0.1860,0.0025,-0.0221,0.0237,0.2600,27.32,14.30
1,1,4.288,0.3,0.0,0.0,0.1517,-0.0018,-0.0262,0.0250,0.2584,11.72,13.06
1,1,4.306,0.3,0.0,0.0,0.2308,-0.0005,-0.0314,0.0257,0.2555,11.12,13.14
1,1,4.324,0.3,0.0,0.0,0.1906,0.0013,-0.0216,0.0250,0.2521,5.28,13.08
1,1,4.342,0.3,0.0,0.0,0.1713,0.0025,-0.0139,0.0237,0.2497,4.72,13.00
1,1,4.361,0.3,0.0,0.0,0.1878,0.0026,-0.0053,0.0225,0.2488,3.67,12.75
1,1,4.389,0.3,0.0,0.0,0.1114,0.0011,-0.0011,0.0219,0.2486,3.54,13.03
1,1,4.405,0.3,0.0,0.0,0.2644,0.0021,0.0024,0.0211,0.2492,7.36,12.98
1,1,4.424,0.3,0.0,0.0,0.2460,0.0020,0.0024,0.0205,0.2519,11.98,12.89
1,1,4.442,0.3,0.0,0.0,0.1601,0.0011,-0.0003,0.0208,0.2549,12.08,12.45
1,1,4.461,0.3,0.0,0.0,0.2362,-0.0014,-0.0051,0.0223,0.2605,9.89,10.90
1,1,4.484,0.3,0.0,0.0,0.2606,-0.0085,-0.0203,0.0250,0.2666,8.41,9.77
1,1,4.504,0.3,0.0,0.0,0.1771,-0.0036,-0.0516,0.0260,0.2698,7.79,7.81
1,1,4.522,0.3,0.0,0.0,0.1912,0.0109,-0.0176,0.0254,0.2701,9.45,9.09
1,1,4.542,0.3,0.0,0.0,0.1982,0.0146,0.0406,0.0254,0.2676,19.45,11.58
1,1,4.562,0.3,0.0,0.0,0.1342,0.0063,0.0303,0.0255,0.2639,10.87,12.74
1,1,4.586,0.3,0.0,0.0,0.1334,0.0059,0.0236,0.0245,0.2600,6.92,12.46
1,1,4.605,0.3,0.0,0.0,0.1751,0.0086,0.0176,0.0235,0.2575,12.65,12.40
1,1,4.624,0.3,0.0,0.0,0.1569,0.0064,0.0169,0.0209,0.2550,7.83,12.41
1,1,4.642,0.3,0.0,0.0,0.1416,0.0036,0.0135,0.0188,0.2526,3.77,12.46
1,1,4.661,0.3,0.0,0.0,0.1452,0.0019,0.0117,0.0175,0.2520,2.86,12.25
1,1,4.684,0.3,0.0,0.0,0.1344,0.0017,0.0125,0.0166,0.2523,4.01,12.52
1,1,4.707,0.3,0.0,0.0,0.1842,0.0030,0.0163,0.0156,0.2532,5.88,12.38
1,1,4.724,0.3,0.0,0.0,0.1495,0.0032,0.0183,0.0148,0.2551,5.39,12.33
1,1,4.746,0.3,0.0,0.0,0.1871,0.0046,0.0229,0.0141,0.2585,9.06,11.58
1,1,4.762,0.3,0.0,0.0,0.1169,0.0029,0.0280,0.0141,0.2616,7.56,11.28
1,1,4.786,0.3,0.0,0.0,0.2354,0.0046,0.0414,0.0147,0.2652,17.70,10.38
1,1,4.806,0.3,0.0,0.0,0.1577,-0.0028,0.0637,0.0155,0.2681,8.75,10.35
1,1,4.824,0.3,0.0,0.0,0.1830,-0.0117,0.0388,0.0176,0.2692,7.98,10.12
1,1,4.842,0.3,0.0,0.0,0.1915,-0.0143,-0.0424,0.0211,0.2680,22.70,15.27
1,1,4.862,0.3,0.0,0.0,0.1480,-0.0065,-0.0156,0.0243,0.2589,32.66,16.12
1,1,4.885,0.3,0.0,0.0,0.1956,-0.0104,0.0057,0.0256,0.2571,8.49,12.70
1,1,4.910,0.3,0.0,0.0,0.1177,-0.0068,-0.0195,0.0251,0.2553,11.42,13.58
1,1,4.923,0.3,0.0,0.0,0.2961,-0.0173,-0.0367,0.0244,0.2517,12.61,13.62
1,1,4.942,0.3,0.0,0.0,0.1726,-0.0048,-0.0290,0.0230,0.2505,5.80,13.50
1,1,4.962,0.3,0.0,0.0,0.1593,-0.0025,-0.0177,0.0216,0.2493,4.99,13.00
1,1,4.985,0.3,0.0,0.0,0.2090,-0.0056,-0.0008,0.0208,0.2492,4.62,12.99
1,1,5.004,0.3,0.0,0.0,0.1605,-0.0042,0.0045,0.0205,0.2498,5.29,13.07
1,1,5.025,0.3,0.0,0.0,0.1563,-0.0043,0.0063,0.0208,0.2515,11.03,12.96
1,1,5.042,0.3,0.0,0.0,0.2575,-0.0055,-0.0026,0.0218,0.2558,8.43,12.46
1,1,5.061,0.3,0.0,0.0,0.2092,-0.0066,-0.0083,0.0235,0.2596,23.21,11.30
1,1,5.081,0.3,0.0,0.0,0.1799,-0.0101,-0.0159,0.0261,0.2650,8.02,9.13
1,1,5.105,0.3,0.0,0.0,0.2410,-0.0098,-0.0522,0.0283,0.2693,11.50,7.98
1,1,5.126,0.3,0.0,0.0,0.1214,0.0039,-0.0024,0.0267,0.2703,7.37,11.65
1,1,5.145,0.3,0.0,0.0,0.0843,0.0057,0.0164,0.0263,0.2699,7.70,11.61
1,1,5.162,0.3,0.0,0.0,0.2249,0.0142,0.0389,0.0260,0.2655,17.53,13.69
1,1,5.184,0.3,0.0,0.0,0.1764,0.0065,0.0284,0.0258,0.2603,6.40,13.28
1,1,5.205,0.3,0.0,0.0,0.1221,0.0054,0.0254,0.0247,0.2576,7.64,12.69
1,1,5.226,0.3,0.0,0.0,0.1428,0.0067,0.0221,0.0236,0.2558,7.67,12.58
1,1,5.243,0.3,0.0,0.0,0.1594,0.0059,0.0103,0.0209,0.2525,3.79,12.24
1,1,5.262,0.3,0.0,0.0,0.1514,0.0045,0.0069,0.0195,0.2517,3.83,12.32
1,1,5.287,0.3,0.0,0.0,0.1840,0.0049,0.0086,0.0179,0.2517,4.86,12.42
1,1,5.307,0.3,0.0,0.0,0.0844,0.0023,0.0130,0.0167,0.2525,5.49,12.36
1,1,5.325,0.3,0.0,0.0,0.1381,0.0043,0.0163,0.0156,0.2541,9.58,12.09
1,1,5.343,0.3,0.0,0.0,0.1843,0.0066,0.0267,0.0143,0.2584,11.29,11.51
1,1,5.362,0.3,0.0,0.0,0.2165,0.0072,0.0312,0.0140,0.2617,10.50,11.36
1,1,5.387,0.3,0.0,0.0,0.1593,0.0031,0.0423,0.0146,0.2656,11.84,10.35
1,1,5.405,0.3,0.0,0.0,0.1649,-0.0020,0.0616,0.0155,0.2681,13.42,10.32
1,1,5.424,0.3,0.0,0.0,0.1452,-0.0067,0.0206,0.0178,0.2690,9.31,10.46
1,1,5.447,0.3,0.0,0.0,0.1440,-0.0063,-0.0276,0.0200,0.2677,49.59,15.11
1,1,5.463,0.3,0.0,0.0,0.2022,-0.0041,-0.0258,0.0233,0.2600,15.51,16.31
1,1,5.484,0.3,0.0,0.0,0.1703,-0.0029,-0.0098,0.0246,0.2563,11.78,13.44
1,1,5.511,0.3,0.0,0.0,0.1125,-0.0013,-0.0170,0.0241,0.2547,8.67,13.35
1,1,5.523,0.3,0.0,0.0,0.2664,-0.0030,-0.0345,0.0232,0.2520,8.13,13.49
1,1,5.542,0.3,0.0,0.0,0.1404,-0.0002,-0.0157,0.0219,0.2498,4.40,13.28
1,1,5.561,0.3,0.0,0.0,0.2171,0.0023,-0.0101,0.0212,0.2492,3.56,13.18
1,1,5.586,0.3,0.0,0.0,0.2044,0.0019,0.0021,0.0200,0.2497,6.90,12.95
1,1,5.605,0.3,0.0,0.0,0.1812,0.0013,0.0050,0.0196,0.2499,3.46,13.53
1,1,5.624,0.3,0.0,0.0,0.2107,0.0014,0.0092,0.0196,0.2516,10.51,12.99
1,1,5.642,0.3,0.0,0.0,0.1721,0.0019,0.0025,0.0201,0.2550,16.17,12.76
1,1,5.661,0.3,0.0,0.0,0.1813,0.0011,-0.0114,0.0218,0.2597,11.06,11.65
1,1,5.688,0.3,0.0,0.0,0.2316,-0.0046,-0.0162,0.0240,0.2647,16.52,9.66
1,1,5.706,0.3,0.0,0.0,0.1559,-0.0024,-0.0348,0.0260,0.2690,6.01,7.90
1,1,5.724,0.3,0.0,0.0,0.2047,0.0087,-0.0221,0.0255,0.2700,6.36,9.12
1,1,5.743,0.3,0.0,0.0,0.1221,0.0105,0.0295,0.0234,0.2672,22.14,11.74
1,1,5.763,0.3,0.0,0.0,0.2020,0.0115,0.0335,0.0229,0.2629,15.56,13.15
1,1,5.785,0.3,0.0,0.0,0.1804,0.0064,0.0362,0.0220,0.2593,10.53,12.64
1,1,5.808,0.3,0.0,0.0,0.1061,0.0031,0.0300,0.0209,0.2563,5.22,12.72
1,1,5.837,0.3,0.0,0.0,0.1476,0.0030,0.0174,0.0192,0.2529,3.47,12.50
1,1,5.847,0.3,0.0,0.0,0.2132,0.0029,0.0117,0.0187,0.2519,2.40,12.47
1,1,5.862,0.3,0.0,0.0,0.1285,0.0012,0.0080,0.0183,0.2512,2.48,12.45
1,1,5.886,0.3,0.0,0.0,0.1510,0.0014,0.0092,0.0175,0.2510,4.85,12.94
1,1,5.907,0.3,0.0,0.0,0.1510,0.0023,0.0184,0.0167,0.2517,6.58,12.78
1,1,5.927,0.3,0.0,0.0,0.1325,0.0033,0.0273,0.0155,0.2535,7.84,12.57
1,1,5.943,0.3,0.0,0.0,0.2279,0.0068,0.0329,0.0139,0.2566,15.33,11.74
1,1,5.962,0.3,0.0,0.0,0.1753,0.0041,0.0333,0.0137,0.2607,5.95,11.50
1,1,5.986,0.3,0.0,0.0,0.1584,0.0018,0.0447,0.0145,0.2644,12.38,10.62
1,1,6.005,0.3,0.0,0.0,0.1494,-0.0012,0.0542,0.0157,0.2669,15.20,10.54
1,1,6.023,0.3,0.0,0.0,0.1874,-0.0101,0.0434,0.0181,0.2691,14.38,9.92
1,1,6.045,0.3,0.0,0.0,0.1525,-0.0079,-0.0304,0.0195,0.2682,21.20,15.24
1,1,6.062,0.3,0.0,0.0,0.2814,-0.0058,-0.0402,0.0228,0.2607,50.80,16.52
1,1,6.083,0.3,0.0,0.0,0.1481,-0.0047,-0.0126,0.0253,0.2567,7.50,14.00
1,1,6.107,0.3,0.0,0.0,0.1387,-0.0047,-0.0214,0.0253,0.2553,11.38,13.50
1,1,6.128,0.3,0.0,0.0,0.1295,-0.0059,-0.0380,0.0254,0.2521,9.42,13.31
1,1,6.143,0.3,0.0,0.0,0.1926,-0.0061,-0.0247,0.0248,0.2500,6.33,13.36
1,1,6.162,0.3,0.0,0.0,0.2159,-0.0019,-0.0155,0.0228,0.2491,6.07,13.24
1,1,6.186,0.3,0.0,0.0,0.1386,-0.0013,-0.0052,0.0214,0.2492,5.92,13.17
1,1,6.204,0.3,0.0,0.0,0.1849,-0.0022,0.0006,0.0207,0.2495,6.44,13.09
1,1,6.225,0.3,0.0,0.0,0.2132,-0.0028,0.0080,0.0198,0.2522,11.83,12.82
1,1,6.244,0.3,0.0,0.0,0.1579,-0.0024,0.0025,0.0205,0.2553,12.70,12.49
1,1,6.262,0.3,0.0,0.0,0.2286,-0.0039,-0.0068,0.0228,0.2609,19.74,11.43
1,1,6.286,0.3,0.0,0.0,0.2180,-0.0063,-0.0201,0.0253,0.2655,13.04,9.17
1,1,6.307,0.3,0.0,0.0,0.1925,-0.0046,-0.0433,0.0275,0.2690,10.15,6.46
1,1,6.324,0.3,0.0,0.0,0.1536,0.0077,-0.0334,0.0268,0.2708,8.56,11.06
1,1,6.343,0.3,0.0,0.0,0.1857,0.0170,0.0251,0.0243,0.2688,26.64,11.80
1,1,6.362,0.3,0.0,0.0,0.1356,0.0099,0.0286,0.0239,0.2620,41.63,14.00
1,1,6.386,0.3,0.0,0.0,0.1611,0.0049,0.0255,0.0241,0.2595,9.47,13.33
1,1,6.410,0.3,0.0,0.0,0.1439,0.0064,0.0344,0.0233,0.2570,8.57,12.64
1,1,6.425,0.3,0.0,0.0,0.1337,0.0065,0.0204,0.0220,0.2542,5.39,12.47
1,1,6.443,0.3,0.0,0.0,0.1260,0.0057,0.0110,0.0204,0.2521,3.53,12.40
1,1,6.462,0.3,0.0,0.0,0.1984,0.0080,0.0112,0.0194,0.2513,3.81,12.50
1,1,6.487,0.3,0.0,0.0,0.1933,0.0077,0.0127,0.0181,0.2517,4.81,12.48
1,1,6.506,0.3,0.0,0.0,0.1342,0.0059,0.0152,0.0170,0.2523,5.15,12.36
1,1,6.531,0.3,0.0,0.0,0.1724,0.0087,0.0154,0.0160,0.2539,9.67,12.06
1,1,6.545,0.3,0.0,0.0,0.1745,0.0092,0.0238,0.0151,0.2572,8.82,11.93
1,1,6.561,0.3,0.0,0.0,0.1874,0.0096,0.0261,0.0149,0.2593,20.06,11.38
1,1,6.582,0.3,0.0,0.0,0.1811,0.0072,0.0420,0.0158,0.2643,6.84,10.38
1,1,6.607,0.3,0.0,0.0,0.2174,-0.0042,0.0866,0.0180,0.2684,13.45,7.48
1,1,6.625,0.3,0.0,0.0,0.2406,-0.0192,-0.0146,0.0207,0.2687,7.73,11.39
1,1,6.645,0.3,0.0,0.0,0.1139,-0.0071,-0.0565,0.0221,0.2683,7.48,11.50
1,1,6.662,0.3,0.0,0.0,0.2508,-0.0072,-0.0525,0.0257,0.2616,16.44,15.47
1,1,6.686,0.3,0.0,0.0,0.1170,-0.0042,-0.0177,0.0271,0.2570,7.55,13.28
1,1,6.701,0.3,0.0,0.0,0.2477,-0.0102,-0.0210,0.0263,0.2547,9.47,13.08
1,1,6.725,0.3,0.0,0.0,0.1963,-0.0069,-0.0217,0.0251,0.2516,5.30,12.99
1,1,6.748,0.3,0.0,0.0,0.1375,-0.0029,-0.0108,0.0240,0.2496,4.02,12.82
1,1,6.771,0.3,0.0,0.0,0.1784,-0.0035,-0.0052,0.0232,0.2489,3.62,12.83
1,1,6.785,0.3,0.0,0.0,0.1162,-0.0026,0.0005,0.0226,0.2487,3.03,12.83
1,1,6.810,0.3,0.0,0.0,0.2555,-0.0064,0.0042,0.0223,0.2494,5.62,12.88
1,1,6.824,0.3,0.0,0.0,0.0000,0.0000,0.0040,0.0222,0.2507,5.24,12.74
1,1,6.843,0.3,0.0,0.0,0.2276,-0.0065,-0.0016,0.0229,0.2550,17.82,12.51
1,1,6.861,0.3,0.0,0.0,0.2555,-0.0103,-0.0176,0.0252,0.2615,8.57,11.16
1,1,6.881,0.3,0.0,0.0,0.1311,-0.0077,-0.0233,0.0268,0.2642,14.62,9.55
1,1,6.905,0.3,0.0,0.0,0.3112,-0.0147,-0.0417,0.0289,0.2688,5.50,8.23
1,1,6.923,0.3,0.0,0.0,0.1463,0.0092,-0.0106,0.0260,0.2701,5.33,10.93
1,1,6.942,0.3,0.0,0.0,0.2023,0.0234,0.0372,0.0250,0.2690,12.44,12.05
1,1,6.962,0.3,0.0,0.0,0.1351,0.0115,0.0318,0.0258,0.2633,37.54,13.37
1,1,6.984,0.3,0.0,0.0,0.1557,0.0129,0.0245,0.0261,0.2596,12.01,13.54
1,1,7.005,0.3,0.0,0.0,0.0707,0.0067,0.0295,0.0252,0.2577,6.80,13.30
1,1,7.024,0.3,0.0,0.0,0.1742,0.0161,0.0252,0.0225,0.2543,5.73,12.77
1,1,7.042,0.3,0.0,0.0,0.1619,0.0116,0.0227,0.0210,0.2525,4.21,12.59
1,1,7.062,0.3,0.0,0.0,0.1397,0.0073,0.0213,0.0198,0.2515,3.70,12.44
1,1,7.083,0.3,0.0,0.0,0.1777,0.0080,0.0201,0.0185,0.2515,4.73,12.58
1,1,7.107,0.3,0.0,0.0,0.1796,0.0082,0.0216,0.0169,0.2527,6.41,12.41
1,1,7.126,0.3,0.0,0.0,0.0901,0.0046,0.0239,0.0161,0.2539,6.99,12.29
1,1,7.142,0.3,0.0,0.0,0.1810,0.0089,0.0238,0.0150,0.2570,21.58,11.84
1,1,7.161,0.3,0.0,0.0,0.2136,0.0085,0.0311,0.0150,0.2610,5.94,11.40
1,1,7.182,0.3,0.0,0.0,0.1651,0.0046,0.0457,0.0159,0.2647,15.25,10.46
1,1,7.205,0.3,0.0,0.0,0.1706,-0.0021,0.0689,0.0167,0.2687,12.51,7.50
1,1,7.225,0.3,0.0,0.0,0.1787,-0.0138,0.0044,0.0182,0.2690,9.71,10.61
1,1,7.242,0.3,0.0,0.0,0.1874,-0.0166,-0.0678,0.0208,0.2681,16.29,14.86
1,1,7.262,0.3,0.0,0.0,0.1845,-0.0121,-0.0309,0.0247,0.2588,143.12,15.60
1,1,7.283,0.3,0.0,0.0,0.1842,-0.0170,0.0076,0.0268,0.2570,17.48,13.15
1,1,7.310,0.3,0.0,0.0,0.0672,-0.0056,-0.0104,0.0264,0.2560,12.66,13.46
1,1,7.325,0.3,0.0,0.0,0.2068,-0.0212,-0.0303,0.0268,0.2523,20.23,13.49
1,1,7.342,0.3,0.0,0.0,0.2031,-0.0142,-0.0122,0.0259,0.2501,7.64,13.29
1,1,7.362,0.3,0.0,0.0,0.1886,-0.0062,-0.0064,0.0232,0.2493,5.54,12.92
1,1,7.383,0.3,0.0,0.0,0.1608,-0.0067,0.0008,0.0217,0.2493,5.35,12.87
1,1,7.408,0.3,0.0,0.0,0.2178,-0.0117,0.0080,0.0212,0.2513,5.67,12.60
1,1,7.428,0.3,0.0,0.0,0.1411,-0.0084,0.0073,0.0217,0.2525,8.23,13.09
1,1,7.443,0.3,0.0,0.0,0.2292,-0.0122,0.0064,0.0233,0.2563,18.10,12.52
1,1,7.462,0.3,0.0,0.0,0.2329,-0.0121,-0.0146,0.0254,0.2613,15.56,11.26
1,1,7.489,0.3,0.0,0.0,0.2328,-0.0179,-0.0304,0.0292,0.2675,9.08,9.15
1,1,7.504,0.3,0.0,0.0,0.1801,-0.0097,-0.0493,0.0300,0.2699,11.21,9.21
1,1,7.526,0.3,0.0,0.0,0.1676,0.0101,-0.0199,0.0276,0.2709,9.39,11.16
1,1,7.543,0.3,0.0,0.0,0.1156,0.0145,0.0247,0.0253,0.2696,16.48,11.93
1,1,7.563,0.3,0.0,0.0,0.1630,0.0135,0.0277,0.0248,0.2634,30.40,13.77
1,1,7.583,0.3,0.0,0.0,0.2203,0.0111,0.0205,0.0251,0.2594,10.74,13.24
1,1,7.606,0.3,0.0,0.0,0.0970,0.0053,0.0262,0.0243,0.2566,7.79,12.51
1,1,7.625,0.3,0.0,0.0,0.1150,0.0065,0.0196,0.0235,0.2545,8.11,12.58
1,1,7.642,0.3,0.0,0.0,0.1772,0.0095,0.0142,0.0216,0.2525,4.78,12.54
1,1,7.662,0.3,0.0,0.0,0.1450,0.0063,0.0150,0.0199,0.2515,3.63,12.50
1,1,7.686,0.3,0.0,0.0,0.1266,0.0048,0.0142,0.0191,0.2515,5.00,12.57
1,1,7.705,0.3,0.0,0.0,0.1988,0.0076,0.0155,0.0178,0.2523,5.46,12.33
1,1,7.727,0.3,0.0,0.0,0.1187,0.0047,0.0185,0.0159,0.2551,5.40,11.98
1,1,7.748,0.3,0.0,0.0,0.2218,0.0087,0.0255,0.0149,0.2600,15.81,11.65
1,1,7.762,0.3,0.0,0.0,0.1682,0.0060,0.0321,0.0148,0.2618,4.56,11.54
1,1,7.791,0.3,0.0,0.0,0.1561,0.0039,0.0366,0.0159,0.2660,14.36,10.37
1,1,7.806,0.3,0.0,0.0,0.1357,0.0001,0.0602,0.0169,0.2685,9.71,10.35
1,1,7.824,0.3,0.0,0.0,0.3114,-0.0132,0.0193,0.0193,0.2689,12.20,10.80
1,1,7.842,0.3,0.0,0.0,0.1334,-0.0044,-0.0330,0.0216,0.2669,48.78,15.32
1,1,7.862,0.3,0.0,0.0,0.1432,-0.0027,-0.0295,0.0240,0.2616,19.69,15.17
1,1,7.883,0.3,0.0,0.0,0.1677,-0.0056,-0.0160,0.0255,0.2581,8.85,14.64
1,1,7.906,0.3,0.0,0.0,0.1459,-0.0055,-0.0260,0.0255,0.2540,7.97,13.70
1,1,7.925,0.3,0.0,0.0,0.1999,-0.0060,-0.0215,0.0249,0.2516,5.91,13.43
1,1,7.941,0.3,0.0,0.0,0.2137,-0.0035,-0.0166,0.0235,0.2494,5.25,13.35
1,1,7.962,0.3,0.0,0.0,0.1992,-0.0026,-0.0064,0.0222,0.2484,4.68,13.17
1,1,7.982,0.3,0.0,0.0,0.1633,-0.0012,-0.0016,0.0212,0.2484,5.02,13.34
1,1,8.002,0.3,0.0,0.0,0.2030,-0.0013,0.0038,0.0204,0.2501,6.74,13.09
1,1,8.023,0.3,0.0,0.0,0.1717,-0.0011,0.0044,0.0206,0.2531,10.15,13.00
1,1,8.042,0.3,0.0,0.0,0.2372,-0.0025,0.0006,0.0216,0.2562,14.47,12.43
1,1,8.062,0.3,0.0,0.0,0.2674,-0.0066,-0.0052,0.0239,0.2620,10.04,11.24
1,1,8.084,0.3,0.0,0.0,0.1598,-0.0077,-0.0169,0.0263,0.2660,16.83,9.63
1,1,8.106,0.3,0.0,0.0,0.1773,-0.0050,-0.0398,0.0277,0.2690,10.90,6.53
1,1,8.125,0.3,0.0,0.0,0.2115,0.0118,-0.0147,0.0256,0.2703,4.93,11.11
1,1,8.142,0.3,0.0,0.0,0.1504,0.0185,0.0331,0.0246,0.2691,14.03,12.06
1,1,8.162,0.3,0.0,0.0,0.1289,0.0132,0.0339,0.0250,0.2652,23.45,13.76
1,1,8.183,0.3,0.0,0.0,0.1657,0.0123,0.0207,0.0256,0.2599,6.78,13.30
1,1,8.209,0.3,0.0,0.0,0.1441,0.0102,0.0224,0.0250,0.2572,8.42,12.97
1,1,8.228,0.3,0.0,0.0,0.1725,0.0130,0.0223,0.0223,0.2534,5.59,12.54
1,1,8.246,0.3,0.0,0.0,0.1452,0.0098,0.0194,0.0207,0.2520,4.29,12.39
1,1,8.262,0.3,0.0,0.0,0.1148,0.0061,0.0170,0.0194,0.2514,4.04,12.30
1,1,8.283,0.3,0.0,0.0,0.1452,0.0069,0.0163,0.0186,0.2516,6.45,12.47
1,1,8.306,0.3,0.0,0.0,0.1331,0.0063,0.0171,0.0175,0.2529,6.17,12.28
1,1,8.326,0.3,0.0,0.0,0.2173,0.0112,0.0188,0.0161,0.2553,8.80,11.95
1,1,8.345,0.3,0.0,0.0,0.2067,0.0099,0.0221,0.0153,0.2594,7.30,11.56
1,1,8.368,0.3,0.0,0.0,0.1481,0.0059,0.0348,0.0157,0.2633,9.55,11.43
1,1,8.386,0.3,0.0,0.0,0.2087,0.0066,0.0403,0.0164,0.2655,11.88,10.21
1,1,8.404,0.3,0.0,0.0,0.1891,0.0007,0.0681,0.0175,0.2685,21.73,6.75
1,1,8.425,0.3,0.0,0.0,0.1817,-0.0034,0.0011,0.0196,0.2685,9.72,11.16
1,1,8.442,0.3,0.0,0.0,0.2118,-0.0070,-0.0645,0.0219,0.2675,17.12,14.77
1,1,8.463,0.3,0.0,0.0,0.1412,-0.0024,-0.0436,0.0247,0.2627,78.33,15.76
1,1,8.484,0.3,0.0,0.0,0.1648,-0.0040,-0.0021,0.0267,0.2560,8.39,13.81
1,1,8.507,0.3,0.0,0.0,0.1816,-0.0077,-0.0290,0.0262,0.2536,18.60,13.50
1,1,8.525,0.3,0.0,0.0,0.1663,-0.0081,-0.0331,0.0261,0.2511,10.44,13.60
1,1,8.543,0.3,0.0,0.0,0.1224,-0.0040,-0.0158,0.0248,0.2488,6.39,12.99
1,1,8.562,0.3,0.0,0.0,0.2257,-0.0023,-0.0105,0.0230,0.2482,5.44,12.99
1,1,8.587,0.3,0.0,0.0,0.1508,-0.0022,-0.0026,0.0215,0.2482,4.98,12.84
1,1,8.605,0.3,0.0,0.0,0.1745,-0.0043,0.0054,0.0205,0.2495,7.56,12.98
1,1,8.624,0.3,0.0,0.0,0.2337,-0.0059,0.0067,0.0206,0.2518,12.33,13.10
1,1,8.643,0.3,0.0,0.0,0.1464,-0.0031,-0.0000,0.0213,0.2554,14.42,12.71
1,1,8.662,0.3,0.0,0.0,0.1719,-0.0043,-0.0096,0.0229,0.2597,15.57,11.38
1,1,8.683,0.3,0.0,0.0,0.1799,-0.0072,-0.0198,0.0260,0.2664,8.09,9.48
1,1,8.706,0.3,0.0,0.0,0.2153,-0.0080,-0.0502,0.0274,0.2692,5.48,6.73
1,1,8.726,0.3,0.0,0.0,0.1438,0.0099,0.0139,0.0259,0.2696,6.09,11.34
1,1,8.745,0.3,0.0,0.0,0.2136,0.0116,0.0456,0.0257,0.2689,13.01,11.88
1,1,8.767,0.3,0.0,0.0,0.0753,0.0049,0.0392,0.0262,0.2650,52.05,13.37
1,1,8.784,0.3,0.0,0.0,0.1749,0.0091,0.0166,0.0267,0.2598,25.71,13.69
1,1,8.806,0.3,0.0,0.0,0.1170,0.0078,0.0231,0.0259,0.2582,16.27,12.94
1,1,8.830,0.3,0.0,0.0,0.1777,0.0113,0.0190,0.0226,0.2535,5.88,12.72
1,1,8.845,0.3,0.0,0.0,0.1071,0.0053,0.0125,0.0209,0.2521,3.96,12.37
1,1,8.862,0.3,0.0,0.0,0.1880,0.0066,0.0090,0.0196,0.2511,4.31,12.36
1,1,8.886,0.3,0.0,0.0,0.1271,0.0035,0.0116,0.0184,0.2512,5.80,12.53
1,1,8.908,0.3,0.0,0.0,0.1391,0.0041,0.0175,0.0171,0.2522,5.57,12.37
1,1,8.923,0.3,0.0,0.0,0.1866,0.0061,0.0200,0.0158,0.2538,9.85,11.98
1,1,8.945,0.3,0.0,0.0,0.1548,0.0049,0.0258,0.0144,0.2577,9.27,11.75
1,1,8.964,0.3,0.0,0.0,0.1533,0.0039,0.0326,0.0141,0.2619,10.09,11.57
1,1,8.992,0.3,0.0,0.0,0.1482,0.0018,0.0416,0.0149,0.2653,10.12,10.37
1,1,9.005,0.3,0.0,0.0,0.2742,-0.0044,0.0656,0.0161,0.2681,14.74,6.87
1,2,9.030,0.6,0.0,0.0,0.2035,-0.0132,0.0121,0.0178,0.2684,7.73,11.78
1,2,9.042,0.6,0.0,0.0,0.1670,-0.0093,-0.0531,0.0199,0.2675,6.32,12.21
1,2,9.062,0.6,0.0,0.0,0.2006,-0.0034,-0.0514,0.0235,0.2610,25.14,18.51
1,2,9.085,0.6,0.0,0.0,0.1498,0.0035,-0.0020,0.0241,0.2557,14.48,16.57
1,2,9.108,0.6,0.0,0.0,0.2486,0.0123,-0.0304,0.0218,0.2537,22.71,16.38
1,2,9.126,0.6,0.0,0.0,0.2582,0.0233,-0.0396,0.0185,0.2491,19.93,15.93
1,2,9.142,0.6,0.0,0.0,0.1683,0.0223,-0.0181,0.0160,0.2479,12.25,15.68
1,2,9.162,0.6,0.0,0.0,0.2391,0.0359,-0.0035,0.0138,0.2467,9.91,15.16
1,2,9.185,0.6,0.0,0.0,0.3096,0.0507,0.0081,0.0125,0.2468,10.97,14.68
1,2,9.208,0.6,0.0,0.0,0.2342,0.0400,0.0144,0.0125,0.2476,12.78,14.46
1,2,9.226,0.6,0.0,0.0,0.1824,0.0318,0.0211,0.0132,0.2494,15.83,14.14
1,2,9.243,0.6,0.0,0.0,0.3357,0.0598,0.0213,0.0146,0.2524,25.37,13.33
1,2,9.263,0.6,0.0,0.0,0.2926,0.0515,0.0099,0.0173,0.2587,24.43,11.88
1,2,9.290,0.6,0.0,0.0,0.2568,0.0394,-0.0019,0.0184,0.2623,27.22,11.23
1,2,9.308,0.6,0.0,0.0,0.4210,0.0494,-0.0457,0.0183,0.2715,17.21,8.16
1,2,9.325,0.6,0.0,0.0,0.2618,0.0287,-0.0565,0.0180,0.2733,14.32,5.82
1,2,9.343,0.6,0.0,0.0,0.4051,0.0485,0.0268,0.0193,0.2729,29.50,13.36
1,2,9.363,0.6,0.0,0.0,0.2775,0.0308,0.0513,0.0222,0.2642,156.03,17.04
1,2,9.392,0.6,0.0,0.0,0.3352,0.0234,0.0524,0.0220,0.2619,26.65,16.06
1,2,9.410,0.6,0.0,0.0,0.1098,0.0040,0.0934,0.0201,0.2600,18.11,16.08
1,2,9.426,0.6,0.0,0.0,0.4854,0.0076,0.0845,0.0153,0.2560,16.19,15.71
1,2,9.442,0.6,0.0,0.0,0.3397,-0.0024,0.0658,0.0125,0.2538,14.25,14.48
1,2,9.462,0.6,0.0,0.0,0.3508,-0.0057,0.0527,0.0111,0.2527,13.36,14.21
1,2,9.487,0.6,0.0,0.0,0.3248,-0.0101,0.0501,0.0102,0.2529,16.10,13.79
1,2,9.507,0.6,0.0,0.0,0.3348,-0.0143,0.0463,0.0099,0.2534,18.15,13.42
1,2,9.525,0.6,0.0,0.0,0.4905,-0.0230,0.0374,0.0098,0.2555,22.86,12.59
1,2,9.543,0.6,0.0,0.0,0.3833,-0.0184,0.0351,0.0103,0.2603,26.31,12.02
1,2,9.562,0.6,0.0,0.0,0.4075,-0.0187,0.0315,0.0115,0.2642,25.19,10.99
1,2,9.587,0.6,0.0,0.0,0.5503,-0.0229,0.0334,0.0137,0.2688,28.27,9.57
1,2,9.605,0.6,0.0,0.0,0.3787,-0.0137,0.0530,0.0172,0.2735,20.88,6.48
1,2,9.625,0.6,0.0,0.0,0.5829,-0.0341,0.0834,0.0205,0.2758,39.73,10.31
1,2,9.646,0.6,0.0,0.0,0.4113,-0.0333,-0.0491,0.0239,0.2748,42.91,15.81
1,2,9.663,0.6,0.0,0.0,0.3492,-0.0244,-0.1067,0.0272,0.2697,90.38,19.00
1,2,9.687,0.6,0.0,0.0,0.3818,-0.0211,-0.0579,0.0303,0.2622,38.95,15.62
1,2,9.706,0.6,0.0,0.0,0.4157,-0.0230,-0.0443,0.0304,0.2602,28.14,15.64
1,2,9.728,0.6,0.0,0.0,0.3912,-0.0221,-0.0533,0.0288,0.2556,21.94,13.32
1,2,9.742,0.6,0.0,0.0,0.3837,-0.0184,-0.0454,0.0271,0.2533,13.26,13.13
1,2,9.763,0.6,0.0,0.0,0.5310,-0.0217,-0.0358,0.0260,0.2517,13.21,12.82
1,2,9.787,0.6,0.0,0.0,0.5780,-0.0213,-0.0187,0.0258,0.2513,17.54,12.37
1,2,9.811,0.6,0.0,0.0,0.3592,-0.0142,-0.0056,0.0271,0.2524,22.21,11.84
1,2,9.825,0.6,0.0,0.0,0.2511,-0.0118,-0.0022,0.0277,0.2531,24.15,11.55
1,2,9.843,0.6,0.0,0.0,0.6022,-0.0364,-0.0006,0.0303,0.2558,25.90,11.46
1,2,9.862,0.6,0.0,0.0,0.4899,-0.0388,-0.0129,0.0371,0.2649,31.91,8.96
1,2,9.881,0.6,0.0,0.0,0.4315,-0.0408,-0.0345,0.0410,0.2689,26.54,7.69
1,2,9.908,0.6,0.0,0.0,0.5988,-0.0484,-0.0794,0.0453,0.2743,31.63,14.31
1,2,9.925,0.6,0.0,0.0,0.5708,0.0031,-0.0745,0.0390,0.2759,43.38,14.94
1,2,9.944,0.6,0.0,0.0,0.4407,0.0250,-0.0349,0.0338,0.2738,28.06,14.60
1,2,9.962,0.6,0.0,0.0,0.3034,0.0046,0.0676,0.0253,0.2672,45.49,16.43
1,2,9.991,0.6,0.0,0.0,0.4636,-0.0072,0.0623,0.0244,0.2626,20.86,13.56
1,2,10.006,0.6,0.0,0.0,0.3856,-0.0065,0.0526,0.0236,0.2607,18.46,11.85
1,2,10.025,0.6,0.0,0.0,0.3948,-0.0015,0.0234,0.0210,0.2576,20.66,11.87
1,2,10.043,0.6,0.0,0.0,0.4277,0.0005,-0.0003,0.0165,0.2551,14.79,11.93
1,2,10.066,0.6,0.0,0.0,0.2497,-0.0021,0.0017,0.0158,0.2546,12.74,11.77
1,2,10.088,0.6,0.0,0.0,0.4868,-0.0091,0.0231,0.0149,0.2533,16.63,11.81
1,2,10.108,0.6,0.0,0.0,0.3463,0.0001,0.0364,0.0152,0.2543,20.06,12.41
1,2,10.126,0.6,0.0,0.0,0.5598,-0.0099,0.0325,0.0152,0.2565,26.55,12.73
1,2,10.143,0.6,0.0,0.0,0.3600,0.0041,0.0268,0.0146,0.2595,28.72,11.89
1,2,10.161,0.6,0.0,0.0,0.3922,0.0085,0.0199,0.0147,0.2652,29.81,9.83
1,2,10.186,0.6,0.0,0.0,0.5829,0.0130,0.0333,0.0171,0.2698,34.83,8.92
1,2,10.211,0.6,0.0,0.0,0.4294,0.0084,0.0569,0.0228,0.2748,30.55,5.90
1,2,10.227,0.6,0.0,0.0,0.6938,-0.0115,0.0367,0.0258,0.2763,44.06,13.43
1,2,10.248,0.6,0.0,0.0,0.0000,0.0000,0.0367,0.0258,0.2763,44.06,13.43
1,2,10.262,0.6,0.0,0.0,0.6312,-0.0170,-0.0338,0.0279,0.2689,43.15,19.83
1,2,10.286,0.6,0.0,0.0,0.4085,-0.0017,-0.0069,0.0287,0.2631,46.24,15.06
1,2,10.306,0.6,0.0,0.0,0.5425,-0.0013,-0.0100,0.0276,0.2620,30.82,12.67
1,2,10.324,0.6,0.0,0.0,0.3864,-0.0001,-0.0233,0.0249,0.2571,23.50,12.26
1,2,10.342,0.6,0.0,0.0,0.4740,0.0044,-0.0100,0.0221,0.2544,13.69,11.80
1,2,10.363,0.6,0.0,0.0,0.2749,0.0034,-0.0044,0.0212,0.2533,11.52,11.88
1,2,10.386,0.6,0.0,0.0,0.5016,0.0073,0.0119,0.0206,0.2527,14.10,11.67
1,2,10.410,0.6,0.0,0.0,0.4292,0.0053,0.0168,0.0221,0.2527,14.25,11.71
1,2,10.426,0.6,0.0,0.0,0.3123,0.0024,0.0174,0.0225,0.2533,18.12,11.48
1,2,10.442,0.6,0.0,0.0,0.7532,-0.0012,0.0043,0.0251,0.2577,32.54,11.17
1,2,10.462,0.6,0.0,0.0,0.4616,-0.0072,-0.0224,0.0285,0.2649,22.28,10.42
1,2,10.482,0.6,0.0,0.0,0.4402,-0.0156,-0.0376,0.0306,0.2683,31.24,9.26
1,2,10.505,0.6,0.0,0.0,0.7099,-0.0322,-0.0868,0.0343,0.2742,25.05,12.16
1,2,10.523,0.6,0.0,0.0,0.3230,-0.0011,-0.1056,0.0320,0.2758,27.84,14.83
1,2,10.546,0.6,0.0,0.0,0.5638,0.0347,-0.0467,0.0266,0.2740,60.50,12.34
1,2,10.562,0.6,0.0,0.0,0.4870,0.0144,0.0416,0.0214,0.2666,29.79,17.35
1,2,10.585,0.6,0.0,0.0,0.3305,-0.0035,0.0641,0.0204,0.2615,23.45,13.92
1,2,10.606,0.6,0.0,0.0,0.5373,-0.0039,0.0345,0.0197,0.2581,20.96,12.52
1,2,10.626,0.6,0.0,0.0,0.2882,-0.0001,0.0221,0.0176,0.2566,17.96,12.27
1,2,10.643,0.6,0.0,0.0,0.4509,0.0011,0.0127,0.0157,0.2538,17.06,12.49
1,2,10.662,0.6,0.0,0.0,0.4982,-0.0051,0.0271,0.0145,0.2530,15.01,11.96
1,2,10.687,0.6,0.0,0.0,0.4121,-0.0055,0.0380,0.0142,0.2532,15.44,12.66
1,2,10.711,0.6,0.0,0.0,0.4349,-0.0000,0.0176,0.0139,0.2542,22.58,12.29
1,2,10.725,0.6,0.0,0.0,0.4453,0.0048,0.0095,0.0139,0.2555,27.38,12.01
1,2,10.744,0.6,0.0,0.0,0.4852,0.0089,0.0030,0.0143,0.2589,33.28,11.45
1,2,10.762,0.6,0.0,0.0,0.4259,0.0114,0.0017,0.0157,0.2621,44.21,10.35
1,2,10.787,0.6,0.0,0.0,0.4479,0.0142,0.0135,0.0188,0.2680,53.11,8.26
1,2,10.807,0.6,0.0,0.0,0.4448,0.0034,0.0545,0.0228,0.2732,25.89,5.88
1,2,10.823,0.6,0.0,0.0,0.5803,-0.0206,0.0547,0.0253,0.2754,43.89,12.69
1,2,10.846,0.6,0.0,0.0,0.4221,-0.0234,0.0236,0.0267,0.2744,80.19,16.11
1,2,10.862,0.6,0.0,0.0,0.3914,-0.0101,-0.0301,0.0297,0.2659,47.23,18.61
1,2,10.885,0.6,0.0,0.0,0.5647,-0.0023,-0.0452,0.0301,0.2630,21.30,14.08
1,2,10.906,0.6,0.0,0.0,0.2372,-0.0007,-0.0397,0.0293,0.2593,29.09,12.24
1,2,10.927,0.6,0.0,0.0,0.4444,-0.0031,-0.0391,0.0269,0.2564,14.59,11.97
1,2,10.946,0.6,0.0,0.0,0.5362,0.0007,-0.0221,0.0248,0.2541,10.92,12.17
1,2,10.963,0.6,0.0,0.0,0.5823,0.0040,0.0023,0.0233,0.2522,11.30,11.83
1,2,10.984,0.6,0.0,0.0,0.3770,0.0032,0.0106,0.0234,0.2516,11.91,11.66
1,2,11.012,0.6,0.0,0.0,0.2986,0.0018,0.0114,0.0242,0.2520,16.96,11.80
1,2,11.024,0.6,0.0,0.0,0.9371,-0.0013,0.0109,0.0257,0.2538,27.02,12.16
1,2,11.043,0.6,0.0,0.0,0.4709,-0.0064,-0.0014,0.0276,0.2576,33.29,11.43
1,2,11.066,0.6,0.0,0.0,0.4308,-0.0139,-0.0184,0.0310,0.2647,26.27,10.61
1,2,11.086,0.6,0.0,0.0,0.4495,-0.0251,-0.0315,0.0334,0.2682,34.63,8.88
1,2,11.105,0.6,0.0,0.0,0.6197,-0.0334,-0.0725,0.0369,0.2732,28.33,10.93
1,2,11.123,0.6,0.0,0.0,0.3589,0.0060,-0.0771,0.0312,0.2752,31.15,14.48
1,2,11.145,0.6,0.0,0.0,0.5107,0.0312,-0.0274,0.0242,0.2715,48.14,13.80
1,2,11.161,0.6,0.0,0.0,0.3718,0.0096,0.0489,0.0185,0.2679,48.50,15.05
1,2,11.187,0.6,0.0,0.0,0.4179,-0.0054,0.1162,0.0173,0.2638,24.89,14.77
1,2,11.210,0.6,0.0,0.0,0.3661,-0.0031,0.0417,0.0174,0.2589,20.42,12.09
1,2,11.225,0.6,0.0,0.0,0.5129,0.0082,0.0244,0.0153,0.2582,27.26,12.07
1,2,11.243,0.6,0.0,0.0,0.2684,0.0021,-0.0001,0.0126,0.2546,15.81,13.14
1,2,11.263,0.6,0.0,0.0,0.5538,-0.0095,0.0139,0.0128,0.2541,16.23,12.40
1,2,11.286,0.6,0.0,0.0,0.4062,-0.0070,0.0282,0.0129,0.2537,15.07,13.00
1,2,11.309,0.6,0.0,0.0,0.4437,-0.0024,0.0194,0.0125,0.2539,19.59,12.53
1,2,11.325,0.6,0.0,0.0,0.3806,0.0023,0.0133,0.0121,0.2549,22.62,12.01
1,2,11.343,0.6,0.0,0.0,0.3239,0.0030,0.0139,0.0124,0.2597,29.95,10.74
1,2,11.362,0.6,0.0,0.0,0.5860,0.0065,0.0138,0.0142,0.2639,36.01,10.72
1,2,11.386,0.6,0.0,0.0,0.4407,0.0083,0.0194,0.0173,0.2691,31.49,9.32
1,2,11.408,0.6,0.0,0.0,0.5117,0.0109,0.0684,0.0234,0.2752,31.66,5.70
1,2,11.427,0.6,0.0,0.0,0.3154,-0.0020,0.0763,0.0239,0.2758,31.53,9.05
1,2,11.444,0.6,0.0,0.0,0.6463,-0.0242,-0.0020,0.0255,0.2742,77.93,17.23
1,2,11.463,0.6,0.0,0.0,0.3872,-0.0096,-0.0719,0.0271,0.2688,62.83,19.00
1,2,11.482,0.6,0.0,0.0,0.3675,0.0007,-0.0599,0.0280,0.2632,61.46,15.00
1,2,11.509,0.6,0.0,0.0,0.4415,0.0024,-0.0313,0.0274,0.2606,19.07,12.48
1,2,11.527,0.6,0.0,0.0,0.4958,0.0029,-0.0266,0.0243,0.2553,14.01,12.23
1,2,11.545,0.6,0.0,0.0,0.3674,0.0030,-0.0218,0.0238,0.2545,12.52,12.12
1,2,11.563,0.6,0.0,0.0,0.5979,0.0067,0.0036,0.0225,0.2519,11.27,12.02
1,2,11.583,0.6,0.0,0.0,0.3935,0.0044,0.0114,0.0227,0.2514,13.97,11.55
1,2,11.606,0.6,0.0,0.0,0.5424,0.0034,0.0111,0.0235,0.2518,19.52,11.91
1,2,11.625,0.6,0.0,0.0,0.4590,-0.0030,0.0117,0.0248,0.2534,23.72,11.72
1,2,11.643,0.6,0.0,0.0,0.5164,-0.0107,0.0032,0.0272,0.2577,35.50,11.19
1,2,11.671,0.6,0.0,0.0,0.3691,-0.0142,-0.0030,0.0288,0.2609,27.05,10.98
1,2,11.691,0.6,0.0,0.0,0.5080,-0.0317,-0.0277,0.0336,0.2690,25.61,8.33
1,2,11.705,0.6,0.0,0.0,0.5377,-0.0324,-0.0569,0.0357,0.2712,23.04,8.03
1,2,11.733,0.6,0.0,0.0,0.2621,-0.0079,-0.0975,0.0336,0.2748,33.02,14.64
1,2,11.747,0.6,0.0,0.0,0.3704,0.0164,-0.0795,0.0285,0.2748,22.89,14.14
1,2,11.768,0.6,0.0,0.0,0.4258,0.0329,0.0073,0.0188,0.2698,86.09,16.70
1,2,11.789,0.6,0.0,0.0,0.4571,0.0068,0.0655,0.0146,0.2641,49.09,18.76
1,2,11.806,0.6,0.0,0.0,0.3816,-0.0157,0.1055,0.0117,0.2610,27.93,16.95
1,2,11.825,0.6,0.0,0.0,0.4241,-0.0241,0.0997,0.0131,0.2566,18.39,12.61
1,2,11.843,0.6,0.0,0.0,0.3504,-0.0174,0.0820,0.0135,0.2559,15.64,12.61
1,2,11.862,0.6,0.0,0.0,0.4509,-0.0152,0.0360,0.0124,0.2535,13.58,12.82
1,2,11.888,0.6,0.0,0.0,0.4012,-0.0081,0.0295,0.0106,0.2534,15.90,12.13
1,2,11.905,0.6,0.0,0.0,0.3932,-0.0117,0.0309,0.0101,0.2539,17.90,12.26
1,2,11.925,0.6,0.0,0.0,0.5305,-0.0234,0.0418,0.0105,0.2564,25.11,11.49
1,2,11.942,0.6,0.0,0.0,0.3614,-0.0166,0.0450,0.0124,0.2593,25.23,12.70
1,2,11.962,0.6,0.0,0.0,0.1386,-0.0051,0.0381,0.0130,0.2602,30.30,12.64
1,2,11.987,0.6,0.0,0.0,0.5756,-0.0077,0.0416,0.0138,0.2691,42.24,9.73
1,2,12.008,0.6,0.0,0.0,0.5914,0.0046,0.0859,0.0143,0.2736,29.27,6.09
1,2,12.025,0.6,0.0,0.0,0.4739,-0.0122,0.0377,0.0173,0.2741,29.74,11.99
1,2,12.042,0.6,0.0,0.0,0.5396,-0.0283,-0.0229,0.0226,0.2726,92.88,15.22
1,2,12.062,0.6,0.0,0.0,0.4138,-0.0198,-0.0128,0.0285,0.2646,63.99,16.47
1,2,12.085,0.6,0.0,0.0,0.4841,-0.0240,0.0117,0.0304,0.2614,47.41,14.27
1,2,12.106,0.6,0.0,0.0,0.4161,-0.0209,-0.0126,0.0295,0.2592,33.51,13.34
1,2,12.123,0.6,0.0,0.0,0.4131,-0.0179,-0.0301,0.0278,0.2549,22.36,13.18
1,2,12.145,0.6,0.0,0.0,0.5473,-0.0191,-0.0215,0.0256,0.2521,12.80,12.67
1,2,12.162,0.6,0.0,0.0,0.5160,-0.0139,-0.0180,0.0245,0.2496,15.09,12.09
1,2,12.187,0.6,0.0,0.0,0.4407,-0.0102,-0.0037,0.0244,0.2493,15.18,11.71
1,2,12.205,0.6,0.0,0.0,0.3575,-0.0080,0.0002,0.0246,0.2499,17.23,11.45
1,2,12.225,0.6,0.0,0.0,0.5128,-0.0157,0.0059,0.0271,0.2531,29.23,11.89
1,2,12.243,0.6,0.0,0.0,0.5811,-0.0290,0.0021,0.0297,0.2565,31.30,11.90
1,2,12.263,0.6,0.0,0.0,0.4544,-0.0325,-0.0032,0.0333,0.2615,64.67,10.18
1,2,12.284,0.6,0.0,0.0,0.6246,-0.0594,-0.0566,0.0395,0.2695,29.32,8.10
1,2,12.313,0.6,0.0,0.0,0.4470,-0.0271,-0.0826,0.0417,0.2721,34.57,14.87
1,2,12.324,0.6,0.0,0.0,0.3567,0.0082,-0.1009,0.0371,0.2751,23.16,14.39
1,2,12.342,0.6,0.0,0.0,0.4688,0.0298,-0.0371,0.0280,0.2723,64.43,14.37
1,2,12.362,0.6,0.0,0.0,0.4160,0.0163,0.0221,0.0235,0.2679,41.57,17.77
1,2,12.384,0.6,0.0,0.0,0.4881,-0.0095,0.0616,0.0222,0.2632,21.96,13.96
1,2,12.405,0.6,0.0,0.0,0.3301,-0.0059,0.0464,0.0215,0.2591,16.00,11.86
1,2,12.430,0.6,0.0,0.0,0.4173,-0.0025,0.0368,0.0208,0.2583,16.60,11.88
1,2,12.443,0.6,0.0,0.0,0.4355,0.0031,0.0028,0.0160,0.2549,18.20,11.60
1,2,12.462,0.6,0.0,0.0,0.3937,0.0023,0.0038,0.0141,0.2534,14.22,12.24
1,2,12.482,0.6,0.0,0.0,0.3432,-0.0052,0.0159,0.0136,0.2534,17.28,11.85
1,2,12.504,0.6,0.0,0.0,0.4466,-0.0090,0.0379,0.0138,0.2548,20.19,12.60
1,2,12.525,0.6,0.0,0.0,0.6219,-0.0046,0.0296,0.0138,0.2573,27.02,12.38
1,2,12.545,0.6,0.0,0.0,0.2394,0.0015,0.0190,0.0138,0.2592,27.15,11.91
1,2,12.562,0.6,0.0,0.0,0.5808,0.0102,0.0064,0.0145,0.2634,36.92,9.96
1,2,12.584,0.6,0.0,0.0,0.4920,0.0110,0.0235,0.0179,0.2706,32.35,8.05
1,2,12.604,0.6,0.0,0.0,0.5721,0.0075,0.0537,0.0209,0.2735,32.67,8.15
1,2,12.625,0.6,0.0,0.0,0.4622,-0.0094,0.0734,0.0253,0.2760,62.20,13.13
1,2,12.643,0.6,0.0,0.0,0.5402,-0.0241,-0.0161,0.0265,0.2735,126.58,16.70
1,2,12.665,0.6,0.0,0.0,0.3624,-0.0091,-0.0571,0.0273,0.2673,50.13,17.85
1,2,12.686,0.6,0.0,0.0,0.4366,-0.0017,-0.0493,0.0279,0.2631,30.93,14.12
1,2,12.705,0.6,0.0,0.0,0.3220,-0.0004,-0.0404,0.0277,0.2607,20.69,12.74
1,2,12.725,0.6,0.0,0.0,0.5665,0.0014,-0.0331,0.0262,0.2568,12.57,12.47
1,2,12.746,0.6,0.0,0.0,0.3315,0.0022,-0.0144,0.0251,0.2542,8.45,12.34
1,2,12.763,0.6,0.0,0.0,0.3372,0.0026,0.0035,0.0244,0.2522,10.17,12.25
1,2,12.788,0.6,0.0,0.0,0.5155,0.0044,0.0098,0.0241,0.2517,13.28,11.91
1,2,12.803,0.6,0.0,0.0,0.6223,0.0020,0.0058,0.0244,0.2520,15.14,11.78
1,2,12.826,0.6,0.0,0.0,0.3349,-0.0015,0.0072,0.0259,0.2539,28.37,11.90
1,2,12.842,0.6,0.0,0.0,0.8293,-0.0131,-0.0071,0.0280,0.2576,28.04,11.70
1,2,12.866,0.6,0.0,0.0,0.4532,-0.0180,-0.0095,0.0317,0.2647,44.38,10.24
1,2,12.885,0.6,0.0,0.0,0.4030,-0.0253,-0.0324,0.0342,0.2684,50.55,9.88
1,2,12.903,0.6,0.0,0.0,0.6149,-0.0420,-0.0625,0.0379,0.2707,46.35,10.90
1,2,12.922,0.6,0.0,0.0,0.4527,-0.0018,-0.1040,0.0346,0.2750,37.81,15.40
1,2,12.942,0.6,0.0,0.0,0.3408,0.0248,-0.0608,0.0266,0.2723,64.56,12.89
1,2,12.963,0.6,0.0,0.0,0.5636,0.0264,0.0340,0.0190,0.2664,48.34,18.08
1,2,12.985,0.6,0.0,0.0,0.4586,-0.0137,0.0992,0.0165,0.2629,27.91,15.14
1,2,13.013,0.6,0.0,0.0,0.3282,-0.0113,0.0642,0.0176,0.2579,16.39,11.99
1,2,13.024,0.6,0.0,0.0,0.4492,-0.0073,0.0504,0.0171,0.2573,16.92,11.99
1,2,13.042,0.6,0.0,0.0,0.4595,-0.0041,0.0075,0.0135,0.2541,12.46,12.48
1,2,13.062,0.6,0.0,0.0,0.3600,-0.0073,0.0036,0.0130,0.2532,14.79,12.60
1,2,13.090,0.6,0.0,0.0,0.4706,-0.0135,0.0260,0.0127,0.2532,15.22,12.51
1,2,13.104,0.6,0.0,0.0,0.4284,-0.0117,0.0380,0.0126,0.2537,19.62,12.71
1,2,13.128,0.6,0.0,0.0,0.4046,-0.0084,0.0369,0.0125,0.2544,29.30,12.64
1,2,13.142,0.6,0.0,0.0,0.5106,-0.0031,0.0175,0.0124,0.2587,45.19,11.94
1,2,13.165,0.6,0.0,0.0,0.5901,0.0020,0.0098,0.0136,0.2647,33.92,10.69
1,2,13.186,0.6,0.0,0.0,0.4213,0.0051,0.0098,0.0161,0.2690,28.53,8.67
1,2,13.207,0.6,0.0,0.0,0.5932,0.0085,0.0424,0.0210,0.2735,31.57,6.49
1,2,13.224,0.6,0.0,0.0,0.4641,-0.0101,0.0526,0.0231,0.2753,41.91,12.60
1,2,13.242,0.6,0.0,0.0,0.1638,-0.0088,0.0435,0.0235,0.2746,37.25,12.87
1,2,13.263,0.6,0.0,0.0,0.4356,-0.0184,-0.0264,0.0250,0.2676,65.02,20.24
1,2,13.285,0.6,0.0,0.0,0.4606,-0.0001,-0.0461,0.0250,0.2611,33.93,15.30
1,2,13.307,0.6,0.0,0.0,0.3412,0.0027,-0.0458,0.0245,0.2604,26.37,15.26
1,2,13.324,0.6,0.0,0.0,0.5766,0.0059,-0.0577,0.0226,0.2568,21.94,12.73
1,2,13.342,0.6,0.0,0.0,0.4019,0.0041,-0.0372,0.0215,0.2541,13.44,12.42
1,2,13.361,0.6,0.0,0.0,0.2793,0.0051,-0.0056,0.0206,0.2524,10.67,12.41
1,2,13.388,0.6,0.0,0.0,0.4964,0.0109,0.0040,0.0209,0.2517,13.18,11.75
1,2,13.405,0.6,0.0,0.0,0.4916,0.0080,0.0123,0.0216,0.2517,16.39,11.60
1,2,13.424,0.6,0.0,0.0,0.2801,0.0029,0.0133,0.0220,0.2520,19.54,11.51
1,2,13.442,0.6,0.0,0.0,0.5510,0.0026,0.0084,0.0234,0.2559,28.37,11.23
1,2,13.465,0.6,0.0,0.0,0.5937,-0.0064,-0.0084,0.0259,0.2630,27.19,10.41
1,2,13.482,0.6,0.0,0.0,0.2712,-0.0079,-0.0300,0.0289,0.2680,31.89,9.55
1,2,13.505,0.6,0.0,0.0,0.6515,-0.0281,-0.0625,0.0328,0.2741,29.73,7.37
1,2,13.522,0.6,0.0,0.0,0.5135,0.0012,-0.0721,0.0308,0.2756,36.05,14.24
1,2,13.542,0.6,0.0,0.0,0.2633,0.0144,-0.0321,0.0281,0.2740,58.29,13.89
1,2,13.566,0.6,0.0,0.0,0.5812,0.0256,0.0335,0.0246,0.2679,58.28,16.75
1,2,13.585,0.6,0.0,0.0,0.4491,-0.0002,0.0487,0.0234,0.2637,27.90,15.93
1,2,13.622,0.6,0.0,0.0,0.3396,-0.0026,0.0483,0.0222,0.2589,17.74,12.37
1,2,13.628,0.6,0.0,0.0,0.2172,-0.0006,0.0353,0.0206,0.2569,19.96,12.39
1,2,13.642,0.6,0.0,0.0,0.5510,0.0041,0.0134,0.0176,0.2548,15.56,11.62
1,2,13.662,0.6,0.0,0.0,0.4427,0.0046,0.0117,0.0150,0.2536,15.49,11.72
1,2,13.686,0.6,0.0,0.0,0.4926,0.0028,0.0212,0.0136,0.2532,18.72,11.82
1,2,13.705,0.6,0.0,0.0,0.5235,0.0019,0.0244,0.0138,0.2543,21.79,12.07
1,2,13.725,0.6,0.0,0.0,0.4272,0.0053,0.0248,0.0140,0.2557,24.74,11.70
1,2,13.742,0.6,0.0,0.0,0.5154,0.0119,0.0185,0.0152,0.2603,31.92,11.23
1,2,13.763,0.6,0.0,0.0,0.4211,0.0136,0.0148,0.0178,0.2664,36.89,10.61
1,2,13.783,0.6,0.0,0.0,0.6357,0.0276,0.0194,0.0214,0.2708,31.94,9.17
1,2,13.806,0.6,0.0,0.0,0.4949,0.0181,0.0596,0.0259,0.2748,28.95,11.69
1,2,13.822,0.6,0.0,0.0,0.5912,-0.0070,0.0358,0.0257,0.2758,44.04,13.39
1,2,13.842,0.6,0.0,0.0,0.4109,-0.0198,-0.0035,0.0261,0.2724,216.01,16.34
1,2,13.862,0.6,0.0,0.0,0.3940,-0.0061,-0.0173,0.0272,0.2651,133.94,17.19
1,2,13.885,0.6,0.0,0.0,0.3657,-0.0011,-0.0151,0.0278,0.2642,36.28,12.60
1,2,13.907,0.6,0.0,0.0,0.3388,-0.0016,-0.0320,0.0272,0.2594,23.16,12.64
1,2,13.922,0.6,0.0,0.0,0.4880,0.0009,-0.0243,0.0259,0.2566,13.19,12.18
1,2,13.942,0.6,0.0,0.0,0.4066,0.0044,-0.0086,0.0241,0.2536,11.74,12.00
1,2,13.963,0.6,0.0,0.0,0.2511,0.0139,-0.0002,0.0235,0.2525,9.98,11.91
1,2,13.989,0.6,0.0,0.0,0.5144,-0.0043,0.0036,0.0229,0.2518,13.58,12.06
1,2,14.005,0.6,0.0,0.0,0.3820,0.0023,0.0059,0.0230,0.2519,14.82,12.08
1,2,14.028,0.6,0.0,0.0,0.3573,0.0010,0.0082,0.0236,0.2532,26.44,11.84
1,2,14.043,0.6,0.0,0.0,0.4712,-0.0010,-0.0005,0.0246,0.2564,26.39,11.39
1,2,14.068,0.6,0.0,0.0,0.5351,-0.0124,-0.0089,0.0273,0.2619,46.04,10.72
1,2,14.085,0.6,0.0,0.0,0.2082,-0.0093,-0.0180,0.0292,0.2663,32.21,10.47
1,2,14.105,0.6,0.0,0.0,0.5182,-0.0283,-0.0327,0.0315,0.2700,26.76,8.95
1,2,14.122,0.6,0.0,0.0,0.5100,-0.0104,-0.0923,0.0320,0.2754,20.78,13.14
1,2,14.142,0.6,0.0,0.0,0.3731,0.0125,-0.0157,0.0258,0.2724,129.59,14.03
1,2,14.170,0.6,0.0,0.0,0.4725,0.0158,0.0565,0.0203,0.2673,37.09,16.31
1,2,14.187,0.6,0.0,0.0,0.3040,-0.0065,0.0922,0.0186,0.2652,31.71,15.76
1,2,14.205,0.6,0.0,0.0,0.3552,-0.0107,0.0958,0.0180,0.2616,14.67,12.93
1,2,14.222,0.6,0.0,0.0,0.5409,-0.0101,0.0394,0.0166,0.2576,15.35,12.15
1,2,14.242,0.6,0.0,0.0,0.3531,-0.0019,0.0158,0.0124,0.2553,13.88,12.29
1,2,14.266,0.6,0.0,0.0,0.5265,-0.0081,0.0195,0.0107,0.2540,13.03,12.44
1,2,14.287,0.6,0.0,0.0,0.3574,-0.0113,0.0253,0.0108,0.2533,15.30,12.41
1,2,14.304,0.6,0.0,0.0,0.5778,-0.0191,0.0243,0.0111,0.2537,18.15,12.81
1,2,14.323,0.6,0.0,0.0,0.4086,-0.0107,0.0247,0.0114,0.2573,21.48,12.75
1,2,14.342,0.6,0.0,0.0,0.5174,-0.0062,0.0155,0.0114,0.2601,29.17,12.00
1,2,14.368,0.6,0.0,0.0,0.4188,-0.0013,0.0098,0.0124,0.2640,37.56,10.64
1,2,14.389,0.6,0.0,0.0,0.4125,0.0020,0.0170,0.0160,0.2705,27.01,9.06
1,2,14.404,0.6,0.0,0.0,0.6242,0.0004,0.0474,0.0198,0.2737,27.39,9.03
1,2,14.423,0.6,0.0,0.0,0.5082,-0.0111,0.0831,0.0228,0.2753,73.61,12.59
1,2,14.442,0.6,0.0,0.0,0.4922,-0.0296,0.0167,0.0252,0.2726,108.61,17.01
1,2,14.473,0.6,0.0,0.0,0.4406,-0.0133,-0.0719,0.0272,0.2639,36.71,18.51
1,2,14.485,0.6,0.0,0.0,0.2550,0.0013,-0.0786,0.0272,0.2628,31.93,18.16
1,2,14.506,0.6,0.0,0.0,0.5480,0.0061,-0.0738,0.0269,0.2586,18.94,12.96
1,2,14.523,0.6,0.0,0.0,0.5346,0.0035,-0.0529,0.0267,0.2557,10.21,12.47
1,2,14.543,0.6,0.0,0.0,0.3296,0.0020,-0.0295,0.0263,0.2533,10.10,12.48
1,2,14.563,0.6,0.0,0.0,0.6277,0.0038,-0.0029,0.0260,0.2508,13.47,12.04
1,2,14.585,0.6,0.0,0.0,0.3633,0.0007,0.0039,0.0262,0.2502,14.22,11.89
1,2,14.610,0.6,0.0,0.0,0.4625,-0.0017,0.0074,0.0268,0.2510,21.30,11.75
1,2,14.625,0.6,0.0,0.0,0.5860,-0.0094,0.0079,0.0275,0.2523,26.07,11.73
1,2,14.643,0.6,0.0,0.0,0.3518,-0.0096,0.0037,0.0291,0.2554,35.21,11.28
1,2,14.661,0.6,0.0,0.0,0.4187,-0.0179,-0.0060,0.0317,0.2608,48.36,10.36
1,2,14.687,0.6,0.0,0.0,0.5136,-0.0348,-0.0421,0.0371,0.2690,37.37,8.33
1,2,14.704,0.6,0.0,0.0,0.6234,-0.0373,-0.0762,0.0401,0.2724,27.14,11.81
1,2,14.724,0.6,0.0,0.0,0.1447,-0.0020,-0.0916,0.0389,0.2743,26.95,13.09
1,2,14.742,0.6,0.0,0.0,0.6205,0.0307,-0.0667,0.0291,0.2732,88.22,12.85
1,2,14.764,0.6,0.0,0.0,0.3862,0.0199,0.0124,0.0206,0.2666,51.32,17.92
1,2,14.788,0.6,0.0,0.0,0.4791,-0.0124,0.0900,0.0187,0.2624,25.07,14.53
1,2,14.807,0.6,0.0,0.0,0.3669,-0.0148,0.0534,0.0190,0.2581,20.73,12.11
1,2,14.822,0.6,0.0,0.0,0.5910,-0.0123,0.0292,0.0174,0.2569,16.58,11.49
1,2,14.842,0.6,0.0,0.0,0.2440,-0.0021,0.0102,0.0141,0.2552,18.46,12.30
1,2,14.866,0.6,0.0,0.0,0.3679,-0.0063,0.0107,0.0125,0.2539,16.52,12.26
1,2,14.885,0.6,0.0,0.0,0.4586,-0.0160,0.0167,0.0123,0.2537,15.59,12.20
1,2,14.906,0.6,0.0,0.0,0.3669,-0.0147,0.0297,0.0126,0.2545,25.73,12.65
1,2,14.923,0.6,0.0,0.0,0.5148,-0.0164,0.0319,0.0124,0.2573,22.88,12.55
1,2,14.957,0.6,0.0,0.0,0.3219,-0.0047,0.0121,0.0122,0.2616,27.33,11.33
1,2,14.973,0.6,0.0,0.0,0.6773,-0.0034,0.0065,0.0134,0.2657,31.91,10.33
1,2,14.989,0.6,0.0,0.0,0.3869,-0.0000,0.0043,0.0141,0.2669,32.85,10.14
1,2,15.005,0.6,0.0,0.0,0.4293,0.0012,0.0098,0.0171,0.2717,41.12,4.65
1,2,15.023,0.6,0.0,0.0,0.6143,-0.0052,0.0634,0.0210,0.2761,33.96,6.67
1,3,15.052,0.0,0.0,0.5,0.4401,-0.0073,-0.0183,0.0255,0.2740,121.14,15.77
1,3,15.067,0.0,0.0,0.5,0.6175,-0.0061,-0.0995,0.0292,0.2677,49.14,14.82
1,3,15.086,0.0,0.0,0.5,0.2768,-0.0045,0.0185,0.0305,0.2650,76.57,13.63
1,3,15.104,0.0,0.0,0.5,0.4699,-0.0251,0.0841,0.0316,0.2621,51.40,12.68
1,3,15.123,0.0,0.0,0.5,0.3311,-0.0304,0.2061,0.0356,0.2591,20.37,11.11
1,3,15.143,0.0,0.0,0.5,0.3910,-0.0444,0.2855,0.0392,0.2566,17.10,10.84
1,3,15.163,0.0,0.0,0.5,0.4537,-0.0709,0.3339,0.0420,0.2557,12.79,11.16
1,3,15.184,0.0,0.0,0.5,0.2858,-0.0579,0.3674,0.0445,0.2552,12.16,11.14
1,3,15.210,0.0,0.0,0.5,0.3547,-0.0959,0.3999,0.0481,0.2562,13.38,10.53
1,3,15.225,0.0,0.0,0.5,0.4246,-0.1404,0.4078,0.0515,0.2575,13.48,10.51
1,3,15.242,0.0,0.0,0.5,0.2973,-0.1117,0.4103,0.0560,0.2590,30.29,8.18
1,3,15.266,0.0,0.0,0.5,0.2777,-0.1155,0.3793,0.0635,0.2644,18.04,6.03
1,3,15.288,0.0,0.0,0.5,0.3327,-0.1351,0.3717,0.0647,0.2662,33.13,13.60
1,3,15.310,0.0,0.0,0.5,0.1921,-0.0697,0.3824,0.0637,0.2671,24.33,13.35
1,3,15.324,0.0,0.0,0.5,0.1060,-0.0373,0.3815,0.0604,0.2686,21.84,12.50
1,3,15.342,0.0,0.0,0.5,0.2333,-0.0666,0.3198,0.0415,0.2687,28.12,11.31
1,3,15.361,0.0,0.0,0.5,0.1240,-0.0336,0.2958,0.0305,0.2648,48.30,12.96
1,3,15.385,0.0,0.0,0.5,0.1807,-0.0669,0.3036,0.0282,0.2613,24.03,12.50
1,3,15.406,0.0,0.0,0.5,0.1914,-0.0698,0.3044,0.0324,0.2587,11.00,14.01
1,3,15.432,0.0,0.0,0.5,0.0765,-0.0176,0.2557,0.0357,0.2556,11.45,15.27
1,3,15.448,0.0,0.0,0.5,0.1266,-0.0053,0.2346,0.0346,0.2539,13.15,15.12
1,3,15.462,0.0,0.0,0.5,0.0978,0.0149,0.2312,0.0322,0.2527,14.60,13.79
1,3,15.483,0.0,0.0,0.5,0.0591,0.0166,0.2664,0.0298,0.2534,13.14,12.25
1,3,15.505,0.0,0.0,0.5,0.0569,0.0226,0.3417,0.0269,0.2557,12.31,11.64
1,3,15.525,0.0,0.0,0.5,0.0623,0.0489,0.3719,0.0247,0.2579,13.80,11.67
1,3,15.547,0.0,0.0,0.5,0.0407,0.0622,0.3717,0.0230,0.2599,11.52,11.42
1,3,15.563,0.0,0.0,0.5,0.0282,0.0636,0.3997,0.0207,0.2666,12.19,9.27
1,3,15.585,0.0,0.0,0.5,0.0318,0.0816,0.4432,0.0213,0.2704,13.23,6.77
1,3,15.606,0.0,0.0,0.5,0.0382,0.0840,0.5029,0.0226,0.2747,7.60,4.14
1,3,15.625,0.0,0.0,0.5,0.0142,0.0358,0.4681,0.0232,0.2748,15.88,11.82
1,3,15.642,0.0,0.0,0.5,-0.0029,0.0455,0.3151,0.0222,0.2722,34.78,12.67
1,3,15.662,0.0,0.0,0.5,-0.0096,0.0279,0.1992,0.0211,0.2675,17.63,12.06
1,3,15.688,0.0,0.0,0.5,-0.0250,0.0366,0.1778,0.0198,0.2626,21.10,11.14
1,3,15.706,0.0,0.0,0.5,-0.0517,0.0462,0.1881,0.0173,0.2591,11.08,10.50
1,3,15.728,0.0,0.0,0.5,-0.0347,0.0194,0.1938,0.0153,0.2559,7.91,11.07
1,3,15.747,0.0,0.0,0.5,-0.0317,0.0134,0.1893,0.0145,0.2547,5.02,11.35
1,3,15.765,0.0,0.0,0.5,-0.0346,0.0152,0.1865,0.0129,0.2535,5.38,11.48
1,3,15.783,0.0,0.0,0.5,-0.0333,0.0156,0.1889,0.0106,0.2532,5.08,11.49
1,3,15.805,0.0,0.0,0.5,-0.0466,0.0229,0.1944,0.0080,0.2537,7.50,11.43
1,3,15.822,0.0,0.0,0.5,-0.0240,0.0117,0.1982,0.0049,0.2557,10.18,11.37
1,3,15.843,0.0,0.0,0.5,-0.0224,0.0107,0.1973,0.0039,0.2572,11.39,11.31
1,3,15.863,0.0,0.0,0.5,-0.0508,0.0285,0.1947,0.0056,0.2618,10.46,10.87
1,3,15.887,0.0,0.0,0.5,-0.0274,0.0187,0.2043,0.0084,0.2645,21.06,9.35
1,3,15.907,0.0,0.0,0.5,-0.0373,0.0141,0.2302,0.0094,0.2666,17.28,9.90
1,3,15.923,0.0,0.0,0.5,-0.0223,-0.0110,0.2938,0.0051,0.2654,14.96,9.71
1,3,15.942,0.0,0.0,0.5,-0.0302,-0.0293,0.3263,0.0053,0.2630,25.01,14.24
1,3,15.965,0.0,0.0,0.5,-0.0199,-0.0170,0.2701,0.0076,0.2592,24.77,15.46
1,3,15.983,0.0,0.0,0.5,-0.0222,-0.0084,0.2058,0.0099,0.2544,18.73,15.05
1,3,16.004,0.0,0.0,0.5,-0.0188,-0.0136,0.2142,0.0099,0.2523,9.00,14.08
1,3,16.023,0.0,0.0,0.5,-0.0126,-0.0128,0.2463,0.0107,0.2504,9.41,13.32
1,3,16.042,0.0,0.0,0.5,-0.0169,-0.0059,0.2472,0.0091,0.2496,8.70,12.86
1,3,16.063,0.0,0.0,0.5,-0.0140,0.0003,0.2514,0.0064,0.2497,9.05,12.02
1,3,16.085,0.0,0.0,0.5,-0.0110,-0.0028,0.2520,0.0057,0.2500,9.30,11.95
1,3,16.107,0.0,0.0,0.5,-0.0140,-0.0105,0.3085,0.0050,0.2547,9.48,11.43
1,3,16.126,0.0,0.0,0.5,-0.0104,-0.0133,0.3260,0.0057,0.2562,9.02,11.97
1,3,16.143,0.0,0.0,0.5,-0.0032,-0.0030,0.3406,0.0056,0.2580,7.66,11.86
1,3,16.168,0.0,0.0,0.5,-0.0165,-0.0012,0.4167,0.0012,0.2655,13.30,10.59
1,3,16.184,0.0,0.0,0.5,-0.0115,0.0003,0.4583,0.0031,0.2675,10.66,9.37
1,3,16.206,0.0,0.0,0.5,-0.0117,-0.0098,0.4676,0.0030,0.2713,13.93,6.57
1,3,16.225,0.0,0.0,0.5,0.0031,-0.0055,0.3666,0.0043,0.2712,18.11,11.67
1,3,16.242,0.0,0.0,0.5,0.0035,0.0112,0.1727,0.0120,0.2676,29.38,13.18
1,3,16.266,0.0,0.0,0.5,-0.0001,0.0059,0.1102,0.0152,0.2637,21.58,12.90
1,3,16.286,0.0,0.0,0.5,-0.0022,-0.0089,0.1079,0.0170,0.2599,8.89,12.89
1,3,16.306,0.0,0.0,0.5,-0.0030,-0.0166,0.1368,0.0188,0.2570,13.41,12.91
1,3,16.327,0.0,0.0,0.5,-0.0006,-0.0248,0.1698,0.0214,0.2527,5.82,13.53
1,3,16.342,0.0,0.0,0.5,0.0051,-0.0173,0.1780,0.0217,0.2517,5.39,13.52
1,3,16.366,0.0,0.0,0.5,0.0175,-0.0314,0.1920,0.0221,0.2504,3.99,13.48
1,3,16.385,0.0,0.0,0.5,0.0216,-0.0273,0.2166,0.0217,0.2500,5.00,13.45
1,3,16.404,0.0,0.0,0.5,0.0271,-0.0296,0.2393,0.0214,0.2511,4.65,13.18
1,3,16.423,0.0,0.0,0.5,0.0385,-0.0386,0.2457,0.0215,0.2528,7.48,13.13
1,3,16.442,0.0,0.0,0.5,0.0511,-0.0493,0.2481,0.0226,0.2566,5.66,12.53
1,3,16.463,0.0,0.0,0.5,0.0407,-0.0390,0.2527,0.0250,0.2604,8.79,12.05
1,3,16.492,0.0,0.0,0.5,0.0402,-0.0348,0.2405,0.0265,0.2624,8.81,9.99
1,3,16.504,0.0,0.0,0.5,0.0390,-0.0213,0.2544,0.0249,0.2640,11.08,10.35
1,3,16.522,0.0,0.0,0.5,0.0091,-0.0029,0.3024,0.0204,0.2653,11.26,10.59
1,3,16.542,0.0,0.0,0.5,0.0020,-0.0109,0.3232,0.0161,0.2632,25.06,12.64
1,3,16.563,0.0,0.0,0.5,0.0055,-0.0264,0.2769,0.0165,0.2573,6.85,13.96
1,3,16.587,0.0,0.0,0.5,0.0093,-0.0193,0.2328,0.0186,0.2550,9.73,14.58
1,3,16.606,0.0,0.0,0.5,0.0056,-0.0060,0.1910,0.0195,0.2519,8.28,14.73
1,3,16.622,0.0,0.0,0.5,0.0016,0.0019,0.1867,0.0189,0.2502,8.90,14.63
1,3,16.642,0.0,0.0,0.5,-0.0005,0.0046,0.2037,0.0177,0.2492,9.73,13.67
1,3,16.662,0.0,0.0,0.5,0.0000,0.0040,0.2343,0.0162,0.2493,8.88,13.16
1,3,16.685,0.0,0.0,0.5,0.0017,0.0066,0.2658,0.0146,0.2499,9.31,12.81
1,3,16.701,0.0,0.0,0.5,0.0041,0.0124,0.3069,0.0115,0.2529,10.99,12.26
1,3,16.722,0.0,0.0,0.5,0.0020,0.0074,0.3222,0.0101,0.2545,12.74,11.50
1,3,16.742,0.0,0.0,0.5,0.0091,0.0208,0.3560,0.0079,0.2609,14.81,10.58
1,3,16.767,0.0,0.0,0.5,0.0066,0.0091,0.3860,0.0074,0.2638,11.82,10.42
1,3,16.788,0.0,0.0,0.5,0.0108,0.0132,0.4222,0.0072,0.2687,10.06,9.44
1,3,16.804,0.0,0.0,0.5,0.0096,0.0240,0.4265,0.0086,0.2714,5.16,6.69
1,3,16.826,0.0,0.0,0.5,0.0068,0.0365,0.3172,0.0121,0.2706,15.62,11.04
1,3,16.843,0.0,0.0,0.5,0.0000,0.0000,0.2709,0.0128,0.2697,13.79,11.12
1,3,16.863,0.0,0.0,0.5,0.0005,0.0183,0.1618,0.0145,0.2641,15.14,12.07
1,3,16.889,0.0,0.0,0.5,-0.0078,0.0050,0.1655,0.0174,0.2592,13.77,12.44
1,3,16.907,0.0,0.0,0.5,-0.0089,0.0056,0.1712,0.0187,0.2567,9.04,12.69
1,3,16.925,0.0,0.0,0.5,-0.0058,-0.0012,0.1647,0.0206,0.2531,6.38,12.82
1,3,16.942,0.0,0.0,0.5,-0.0010,-0.0051,0.1626,0.0212,0.2512,6.50,12.76
1,3,16.963,0.0,0.0,0.5,0.0045,-0.0075,0.1865,0.0209,0.2502,4.94,12.89
1,3,16.985,0.0,0.0,0.5,0.0129,-0.0124,0.2113,0.0199,0.2503,6.55,13.13
1,3,17.005,0.0,0.0,0.5,0.0219,-0.0188,0.2309,0.0185,0.2511,7.11,13.08
1,3,17.025,0.0,0.0,0.5,0.0180,-0.0149,0.2313,0.0182,0.2516,5.31,13.09
1,3,17.042,0.0,0.0,0.5,0.0273,-0.0231,0.2270,0.0177,0.2555,7.64,12.20
1,3,17.063,0.0,0.0,0.5,0.0302,-0.0256,0.2285,0.0183,0.2586,11.77,11.79
1,3,17.087,0.0,0.0,0.5,0.0363,-0.0280,0.2217,0.0200,0.2627,12.46,10.33
1,3,17.103,0.0,0.0,0.5,0.0206,-0.0121,0.2254,0.0197,0.2647,10.39,9.31
1,3,17.125,0.0,0.0,0.5,0.0114,-0.0073,0.2837,0.0178,0.2646,2.86,11.36
1,3,17.145,0.0,0.0,0.5,-0.0013,-0.0132,0.3357,0.0166,0.2636,10.11,12.90
1,3,17.163,0.0,0.0,0.5,-0.0047,-0.0222,0.2901,0.0176,0.2589,12.01,14.23
1,3,17.194,0.0,0.0,0.5,-0.0017,-0.0033,0.2198,0.0182,0.2556,9.13,14.79
1,3,17.210,0.0,0.0,0.5,-0.0087,0.0020,0.1754,0.0178,0.2530,9.66,14.37
1,3,17.223,0.0,0.0,0.5,-0.0043,0.0012,0.1706,0.0174,0.2516,9.79,14.14
1,3,17.242,0.0,0.0,0.5,-0.0086,0.0010,0.1969,0.0163,0.2501,8.99,13.68
1,3,17.262,0.0,0.0,0.5,-0.0066,0.0007,0.2423,0.0146,0.2499,9.57,13.56
1,3,17.285,0.0,0.0,0.5,-0.0072,0.0056,0.2639,0.0133,0.2502,9.24,12.82
1,3,17.310,0.0,0.0,0.5,-0.0033,0.0055,0.2923,0.0102,0.2522,11.64,12.12
1,3,17.327,0.0,0.0,0.5,-0.0042,0.0133,0.3209,0.0080,0.2548,13.47,11.33
1,3,17.342,0.0,0.0,0.5,-0.0009,0.0049,0.3625,0.0059,0.2592,11.00,10.49
1,3,17.363,0.0,0.0,0.5,0.0009,0.0050,0.3929,0.0051,0.2630,9.14,10.10
1,3,17.387,0.0,0.0,0.5,0.0017,0.0035,0.4294,0.0043,0.2676,8.99,9.05
1,3,17.405,0.0,0.0,0.5,0.0028,0.0152,0.4379,0.0042,0.2705,12.19,5.91
1,3,17.423,0.0,0.0,0.5,0.0046,0.0314,0.3190,0.0101,0.2705,9.69,10.83
1,3,17.443,0.0,0.0,0.5,0.0024,0.0248,0.1807,0.0147,0.2651,39.29,12.56
1,3,17.462,0.0,0.0,0.5,-0.0028,0.0037,0.1536,0.0177,0.2625,21.41,12.38
1,3,17.487,0.0,0.0,0.5,-0.0050,0.0011,0.1384,0.0202,0.2592,9.66,13.64
1,3,17.509,0.0,0.0,0.5,-0.0036,0.0012,0.1474,0.0212,0.2554,10.31,13.17
1,3,17.523,0.0,0.0,0.5,0.0014,-0.0054,0.1493,0.0215,0.2528,6.31,13.21
1,3,17.542,0.0,0.0,0.5,0.0052,-0.0091,0.1562,0.0218,0.2508,6.60,12.77
1,3,17.562,0.0,0.0,0.5,0.0158,-0.0239,0.1772,0.0221,0.2494,4.62,13.04
1,3,17.587,0.0,0.0,0.5,0.0179,-0.0209,0.2062,0.0214,0.2497,4.05,13.07
1,3,17.606,0.0,0.0,0.5,0.0136,-0.0143,0.2158,0.0211,0.2502,4.87,13.07
1,3,17.623,0.0,0.0,0.5,0.0241,-0.0243,0.2281,0.0209,0.2511,9.34,12.63
1,3,17.642,0.0,0.0,0.5,0.0382,-0.0374,0.2363,0.0213,0.2550,4.32,12.12
1,3,17.662,0.0,0.0,0.5,0.0318,-0.0310,0.2406,0.0223,0.2580,14.11,11.77
1,3,17.686,0.0,0.0,0.5,0.0449,-0.0408,0.2342,0.0242,0.2629,7.19,10.17
1,3,17.704,0.0,0.0,0.5,0.0320,-0.0218,0.2376,0.0232,0.2638,11.24,10.49
1,3,17.723,0.0,0.0,0.5,0.0106,-0.0019,0.2754,0.0202,0.2648,11.22,10.79
1,3,17.743,0.0,0.0,0.5,-0.0004,-0.0079,0.3362,0.0171,0.2636,19.56,12.66
1,3,17.762,0.0,0.0,0.5,-0.0012,-0.0239,0.3029,0.0167,0.2589,10.76,13.87
1,3,17.789,0.0,0.0,0.5,0.0022,-0.0094,0.2440,0.0182,0.2560,9.56,14.66
1,3,17.805,0.0,0.0,0.5,0.0026,-0.0087,0.1864,0.0190,0.2524,8.86,14.52
1,3,17.824,0.0,0.0,0.5,-0.0014,0.0015,0.1755,0.0185,0.2507,8.74,14.17
1,3,17.842,0.0,0.0,0.5,-0.0019,0.0020,0.1955,0.0175,0.2495,9.14,13.71
1,3,17.866,0.0,0.0,0.5,-0.0019,0.0034,0.2432,0.0155,0.2496,9.32,13.27
1,3,17.886,0.0,0.0,0.5,-0.0002,0.0041,0.2765,0.0137,0.2500,9.18,12.61
1,3,17.909,0.0,0.0,0.5,0.0011,0.0065,0.2931,0.0118,0.2515,12.93,12.29
1,3,17.925,0.0,0.0,0.5,0.0030,0.0135,0.3159,0.0095,0.2543,14.89,11.93
1,3,17.943,0.0,0.0,0.5,0.0022,0.0117,0.3486,0.0071,0.2583,17.75,10.92
1,3,17.962,0.0,0.0,0.5,0.0057,0.0090,0.3673,0.0067,0.2613,7.57,10.16
1,3,17.989,0.0,0.0,0.5,0.0115,0.0033,0.4490,0.0070,0.2681,4.42,8.94
1,3,18.013,0.0,0.0,0.5,0.0144,0.0121,0.4131,0.0094,0.2710,5.46,6.98
1,3,18.026,0.0,0.0,0.5,0.0126,0.0409,0.4131,0.0094,0.2710,5.46,6.98
1,3,18.043,0.0,0.0,0.5,0.0048,0.0294,0.2882,0.0137,0.2693,17.95,11.16
1,3,18.062,0.0,0.0,0.5,0.0005,0.0213,0.1495,0.0167,0.2628,20.41,11.94
1,3,18.086,0.0,0.0,0.5,-0.0057,0.0017,0.1505,0.0194,0.2583,12.46,12.47
1,3,18.103,0.0,0.0,0.5,-0.0096,0.0049,0.1577,0.0201,0.2567,12.01,12.34
1,3,18.125,0.0,0.0,0.5,-0.0042,0.0002,0.1616,0.0212,0.2538,6.65,13.35
1,3,18.143,0.0,0.0,0.5,0.0017,-0.0033,0.1598,0.0216,0.2511,6.39,13.04
1,3,18.162,0.0,0.0,0.5,0.0100,-0.0119,0.1795,0.0216,0.2500,4.63,12.91
1,3,18.186,0.0,0.0,0.5,0.0179,-0.0175,0.2145,0.0205,0.2498,5.28,13.02
1,3,18.208,0.0,0.0,0.5,0.0182,-0.0165,0.2228,0.0198,0.2514,4.18,12.94
1,3,18.225,0.0,0.0,0.5,0.0407,-0.0356,0.2234,0.0197,0.2525,5.01,12.75
1,3,18.242,0.0,0.0,0.5,0.0236,-0.0207,0.2268,0.0201,0.2554,6.03,12.13
1,3,18.262,0.0,0.0,0.5,0.0302,-0.0266,0.2409,0.0210,0.2584,20.85,11.43
1,3,18.288,0.0,0.0,0.5,0.0415,-0.0350,0.2337,0.0225,0.2622,6.91,10.05
1,3,18.304,0.0,0.0,0.5,0.0209,-0.0142,0.2276,0.0231,0.2637,11.85,10.22
1,3,18.323,0.0,0.0,0.5,0.0104,-0.0069,0.2792,0.0197,0.2650,4.67,11.54
1,3,18.342,0.0,0.0,0.5,-0.0066,-0.0156,0.3280,0.0153,0.2628,22.40,13.00
1,3,18.362,0.0,0.0,0.5,-0.0055,-0.0214,0.2965,0.0155,0.2590,9.24,14.20
1,3,18.388,0.0,0.0,0.5,-0.0034,-0.0099,0.2390,0.0166,0.2557,6.29,14.75
1,3,18.405,0.0,0.0,0.5,-0.0081,-0.0079,0.2005,0.0168,0.2533,8.55,14.38
1,3,18.424,0.0,0.0,0.5,-0.0062,-0.0015,0.1849,0.0166,0.2507,8.33,14.15
1,3,18.444,0.0,0.0,0.5,-0.0082,0.0000,0.2004,0.0160,0.2496,9.97,14.03
1,3,18.461,0.0,0.0,0.5,-0.0069,0.0007,0.2385,0.0143,0.2494,9.65,13.35
1,3,18.487,0.0,0.0,0.5,-0.0095,0.0044,0.2658,0.0125,0.2500,11.04,12.95
1,3,18.506,0.0,0.0,0.5,-0.0044,0.0053,0.2972,0.0101,0.2517,11.21,12.01
1,3,18.523,0.0,0.0,0.5,-0.0051,0.0085,0.3133,0.0080,0.2533,9.18,11.92
1,3,18.542,0.0,0.0,0.5,-0.0018,0.0076,0.3583,0.0062,0.2595,12.94,10.57
1,3,18.562,0.0,0.0,0.5,0.0008,0.0034,0.3912,0.0056,0.2635,5.21,10.08
1,3,18.589,0.0,0.0,0.5,0.0016,0.0023,0.4347,0.0049,0.2683,4.54,9.45
1,3,18.606,0.0,0.0,0.5,0.0017,0.0045,0.4357,0.0049,0.2704,10.44,9.58
1,3,18.625,0.0,0.0,0.5,0.0018,0.0257,0.3975,0.0066,0.2710,6.77,6.44
1,3,18.642,0.0,0.0,0.5,-0.0017,0.0316,0.2335,0.0115,0.2679,34.64,12.37
1,3,18.662,0.0,0.0,0.5,-0.0036,0.0103,0.1687,0.0139,0.2631,18.49,12.46
1,3,18.687,0.0,0.0,0.5,-0.0063,0.0062,0.1693,0.0161,0.2596,10.77,12.97
1,3,18.707,0.0,0.0,0.5,-0.0078,0.0018,0.1698,0.0184,0.2557,11.75,12.67
1,3,18.724,0.0,0.0,0.5,-0.0053,-0.0062,0.1708,0.0202,0.2529,6.41,13.01
1,3,18.745,0.0,0.0,0.5,-0.0015,-0.0093,0.1728,0.0213,0.2511,4.71,13.08
1,3,18.764,0.0,0.0,0.5,0.0064,-0.0129,0.1872,0.0216,0.2498,4.21,13.36
1,3,18.786,0.0,0.0,0.5,0.0099,-0.0100,0.2103,0.0209,0.2496,5.61,13.37
1,3,18.808,0.0,0.0,0.5,0.0224,-0.0186,0.2350,0.0195,0.2509,4.60,13.13
1,3,18.824,0.0,0.0,0.5,0.0330,-0.0287,0.2365,0.0193,0.2519,5.25,12.55
1,3,18.842,0.0,0.0,0.5,0.0294,-0.0274,0.2379,0.0195,0.2539,10.13,12.26
1,3,18.862,0.0,0.0,0.5,0.0418,-0.0393,0.2429,0.0207,0.2586,8.52,11.86
1,3,18.889,0.0,0.0,0.5,0.0315,-0.0248,0.2288,0.0226,0.2621,13.81,10.54
1,3,18.907,0.0,0.0,0.5,0.0260,-0.0153,0.2323,0.0227,0.2633,11.65,10.67
1,3,18.924,0.0,0.0,0.5,0.0150,-0.0031,0.2805,0.0193,0.2646,7.77,11.08
1,3,18.942,0.0,0.0,0.5,-0.0005,-0.0112,0.3185,0.0167,0.2632,24.09,12.56
1,3,18.962,0.0,0.0,0.5,-0.0003,-0.0159,0.2894,0.0166,0.2592,9.34,13.80
1,3,18.987,0.0,0.0,0.5,0.0043,-0.0135,0.2165,0.0187,0.2554,11.93,14.71
1,3,19.006,0.0,0.0,0.5,0.0017,-0.0021,0.1800,0.0192,0.2522,8.66,14.29
1,3,19.028,0.0,0.0,0.5,-0.0003,0.0016,0.1808,0.0186,0.2506,10.22,14.04
1,3,19.042,0.0,0.0,0.5,-0.0039,0.0080,0.2023,0.0173,0.2494,10.08,13.65
1,3,19.061,0.0,0.0,0.5,-0.0020,0.0055,0.2310,0.0156,0.2495,8.97,13.12
1,3,19.082,0.0,0.0,0.5,-0.0005,0.0061,0.2628,0.0137,0.2500,8.91,12.65
1,3,19.106,0.0,0.0,0.5,0.0017,0.0117,0.2972,0.0112,0.2527,10.44,12.16
1,3,19.123,0.0,0.0,0.5,0.0028,0.0133,0.3335,0.0087,0.2559,14.18,11.21
1,3,19.142,0.0,0.0,0.5,0.0029,0.0074,0.3411,0.0079,0.2582,14.72,10.85
1,3,19.162,0.0,0.0,0.5,0.0080,0.0147,0.3764,0.0070,0.2637,5.64,10.19
1,3,19.187,0.0,0.0,0.5,0.0083,0.0117,0.4381,0.0066,0.2686,4.79,9.13
1,3,19.206,0.0,0.0,0.5,0.0041,0.0060,0.4471,0.0067,0.2706,7.00,9.23
1,3,19.227,0.0,0.0,0.5,0.0108,0.0405,0.2925,0.0113,0.2704,12.64,10.96
1,3,19.242,0.0,0.0,0.5,0.0009,0.0199,0.1832,0.0133,0.2688,23.74,11.75
1,3,19.262,0.0,0.0,0.5,-0.0021,0.0152,0.1376,0.0150,0.2641,15.38,11.92
1,3,19.287,0.0,0.0,0.5,-0.0081,0.0039,0.1590,0.0171,0.2590,13.42,12.42
1,3,19.308,0.0,0.0,0.5,-0.0094,0.0019,0.1749,0.0193,0.2556,7.76,12.83
1,3,19.323,0.0,0.0,0.5,-0.0069,-0.0034,0.1728,0.0204,0.2541,6.28,12.82
1,3,19.342,0.0,0.0,0.5,-0.0032,-0.0087,0.1688,0.0216,0.2518,7.00,13.15
1,3,19.361,0.0,0.0,0.5,0.0050,-0.0084,0.1952,0.0214,0.2504,5.36,13.24
1,3,19.381,0.0,0.0,0.5,0.0109,-0.0112,0.2160,0.0204,0.2501,6.28,13.17
1,3,19.405,0.0,0.0,0.5,0.0262,-0.0252,0.2211,0.0197,0.2510,6.20,12.89
1,3,19.425,0.0,0.0,0.5,0.0230,-0.0216,0.2238,0.0192,0.2530,7.99,12.77
1,3,19.443,0.0,0.0,0.5,0.0179,-0.0165,0.2244,0.0194,0.2554,5.62,12.35
1,3,19.462,0.0,0.0,0.5,0.0367,-0.0325,0.2368,0.0202,0.2594,10.48,11.65
1,3,19.486,0.0,0.0,0.5,0.0396,-0.0321,0.2272,0.0218,0.2625,11.24,9.94
1,3,19.505,0.0,0.0,0.5,0.0235,-0.0182,0.2294,0.0211,0.2647,14.19,9.46
1,3,19.523,0.0,0.0,0.5,0.0091,-0.0040,0.2777,0.0175,0.2652,4.19,10.92
1,3,19.542,0.0,0.0,0.5,-0.0052,-0.0088,0.3231,0.0147,0.2621,33.31,12.94
1,3,19.562,0.0,0.0,0.5,-0.0060,-0.0263,0.3044,0.0163,0.2589,8.86,14.67
1,3,19.591,0.0,0.0,0.5,-0.0028,-0.0073,0.2285,0.0179,0.2543,6.91,14.57
1,3,19.604,0.0,0.0,0.5,-0.0058,0.0006,0.2015,0.0177,0.2524,8.40,14.41
1,3,19.627,0.0,0.0,0.5,-0.0053,0.0030,0.2016,0.0167,0.2504,8.68,13.80
1,3,19.643,0.0,0.0,0.5,-0.0060,0.0029,0.2103,0.0158,0.2494,9.73,13.48
1,3,19.663,0.0,0.0,0.5,-0.0044,0.0054,0.2432,0.0140,0.2497,9.52,13.07
1,3,19.688,0.0,0.0,0.5,-0.0038,0.0080,0.2588,0.0127,0.2503,11.24,12.55
1,3,19.705,0.0,0.0,0.5,-0.0021,0.0097,0.2838,0.0110,0.2521,10.51,12.01
1,3,19.725,0.0,0.0,0.5,0.0011,0.0078,0.3118,0.0096,0.2545,13.87,11.71
1,3,19.752,0.0,0.0,0.5,0.0035,0.0121,0.3703,0.0075,0.2613,23.09,11.01
1,3,19.764,0.0,0.0,0.5,0.0016,0.0055,0.4208,0.0064,0.2633,7.97,10.13
1,3,19.789,0.0,0.0,0.5,0.0049,0.0082,0.4307,0.0058,0.2669,16.11,8.62
1,3,19.805,0.0,0.0,0.5,0.0151,0.0111,0.4626,0.0060,0.2711,5.03,5.83
1,3,19.825,0.0,0.0,0.5,0.0052,0.0232,0.3217,0.0098,0.2704,15.87,10.54
1,3,19.843,0.0,0.0,0.5,0.0054,0.0306,0.1504,0.0147,0.2684,20.71,12.47
1,3,19.862,0.0,0.0,0.5,-0.0023,0.0177,0.1051,0.0180,0.2611,64.76,12.33
1,3,19.886,0.0,0.0,0.5,-0.0055,-0.0057,0.1346,0.0200,0.2586,14.85,12.25
1,3,19.908,0.0,0.0,0.5,-0.0085,-0.0089,0.1506,0.0224,0.2562,11.61,13.34
1,3,19.925,0.0,0.0,0.5,-0.0042,-0.0087,0.1639,0.0244,0.2532,7.79,13.67
1,3,19.942,0.0,0.0,0.5,0.0029,-0.0074,0.1753,0.0244,0.2508,7.90,13.52
1,3,19.962,0.0,0.0,0.5,0.0146,-0.0178,0.1937,0.0241,0.2499,4.49,13.20
1,3,19.991,0.0,0.0,0.5,0.0225,-0.0235,0.2177,0.0232,0.2496,5.14,13.11
1,3,20.004,0.0,0.0,0.5,0.0272,-0.0261,0.2257,0.0229,0.2501,5.05,13.13
1,3,20.027,0.0,0.0,0.5,0.0212,-0.0198,0.2391,0.0225,0.2526,10.53,12.72
1,3,20.043,0.0,0.0,0.5,0.0441,-0.0404,0.2400,0.0228,0.2547,4.98,12.23
1,3,20.062,0.0,0.0,0.5,0.0443,-0.0411,0.2479,0.0244,0.2590,6.33,11.84
1,3,20.081,0.0,0.0,0.5,0.0385,-0.0330,0.2283,0.0261,0.2625,7.52,10.47
1,3,20.105,0.0,0.0,0.5,0.0361,-0.0262,0.2415,0.0244,0.2642,11.98,9.81
1,3,20.124,0.0,0.0,0.5,0.0075,-0.0058,0.2891,0.0205,0.2651,6.99,10.57
1,3,20.142,0.0,0.0,0.5,-0.0058,-0.0069,0.3425,0.0175,0.2621,30.82,12.74
1,3,20.161,0.0,0.0,0.5,-0.0031,-0.0337,0.3086,0.0196,0.2581,12.01,14.56
1,3,20.186,0.0,0.0,0.5,-0.0020,-0.0061,0.2421,0.0198,0.2552,14.18,14.53
1,3,20.205,0.0,0.0,0.5,-0.0042,0.0029,0.1992,0.0182,0.2518,10.50,13.79
1,3,20.227,0.0,0.0,0.5,-0.0076,0.0066,0.1860,0.0172,0.2507,9.33,13.25
1,3,20.242,0.0,0.0,0.5,-0.0045,0.0019,0.2037,0.0166,0.2497,8.92,13.30
1,3,20.262,0.0,0.0,0.5,-0.0032,0.0016,0.2407,0.0156,0.2498,8.21,13.45
1,3,20.287,0.0,0.0,0.5,-0.0022,0.0071,0.2678,0.0140,0.2505,10.13,13.06
1,3,20.309,0.0,0.0,0.5,-0.0020,0.0152,0.3008,0.0110,0.2523,9.62,12.45
1,3,20.325,0.0,0.0,0.5,-0.0005,0.0100,0.3269,0.0088,0.2546,10.80,12.24
1,3,20.342,0.0,0.0,0.5,0.0002,0.0209,0.3654,0.0068,0.2591,12.58,10.89
1,3,20.362,0.0,0.0,0.5,0.0040,0.0082,0.4007,0.0060,0.2645,5.91,10.09
1,3,20.389,0.0,0.0,0.5,0.0080,0.0100,0.4225,0.0061,0.2671,9.91,9.24
1,3,20.407,0.0,0.0,0.5,0.0062,0.0147,0.4375,0.0072,0.2710,9.20,6.58
1,3,20.425,0.0,0.0,0.5,0.0049,0.0367,0.2754,0.0121,0.2704,12.19,10.61
1,3,20.444,0.0,0.0,0.5,-0.0022,0.0266,0.1640,0.0135,0.2664,22.92,11.63
1,3,20.462,0.0,0.0,0.5,-0.0059,0.0031,0.1442,0.0156,0.2621,19.19,12.13
1,3,20.485,0.0,0.0,0.5,-0.0088,0.0034,0.1424,0.0187,0.2572,19.56,13.10
1,3,20.508,0.0,0.0,0.5,-0.0090,0.0024,0.1579,0.0196,0.2555,11.16,13.03
1,3,20.524,0.0,0.0,0.5,-0.0059,-0.0029,0.1621,0.0207,0.2530,8.63,12.96
1,3,20.543,0.0,0.0,0.5,0.0024,-0.0094,0.1694,0.0211,0.2507,4.42,12.98
1,3,20.563,0.0,0.0,0.5,0.0058,-0.0091,0.1871,0.0207,0.2498,5.00,13.19
1,3,20.587,0.0,0.0,0.5,0.0178,-0.0205,0.2081,0.0196,0.2499,5.05,13.10
1,3,20.612,0.0,0.0,0.5,0.0136,-0.0138,0.2154,0.0189,0.2505,5.43,13.01
1,3,20.627,0.0,0.0,0.5,0.0290,-0.0275,0.2209,0.0186,0.2528,5.88,13.02
1,3,20.643,0.0,0.0,0.5,0.0163,-0.0153,0.2285,0.0187,0.2548,15.16,12.42
1,3,20.662,0.0,0.0,0.5,0.0348,-0.0323,0.2364,0.0195,0.2586,7.75,11.29
1,3,20.684,0.0,0.0,0.5,0.0267,-0.0239,0.2435,0.0210,0.2620,18.00,10.34
1,3,20.707,0.0,0.0,0.5,0.0317,-0.0225,0.2302,0.0211,0.2646,14.53,8.93
1,3,20.726,0.0,0.0,0.5,0.0036,-0.0002,0.2561,0.0190,0.2652,10.81,8.93
1,3,20.745,0.0,0.0,0.5,-0.0033,-0.0019,0.3277,0.0154,0.2640,14.35,12.84
1,3,20.762,0.0,0.0,0.5,-0.0059,-0.0143,0.3290,0.0151,0.2607,12.42,13.96
1,3,20.781,0.0,0.0,0.5,-0.0035,-0.0101,0.2425,0.0173,0.2560,9.29,14.85
1,3,20.805,0.0,0.0,0.5,-0.0047,0.0001,0.2057,0.0177,0.2542,10.48,14.75
1,3,20.825,0.0,0.0,0.5,-0.0066,0.0057,0.1826,0.0171,0.2508,9.47,14.00
1,3,20.848,0.0,0.0,0.5,-0.0050,0.0054,0.2068,0.0155,0.2496,10.13,13.48
1,3,20.862,0.0,0.0,0.5,-0.0110,0.0136,0.2360,0.0140,0.2496,9.78,12.97
1,3,20.887,0.0,0.0,0.5,-0.0033,0.0081,0.2673,0.0122,0.2504,11.16,12.58
1,3,20.906,0.0,0.0,0.5,-0.0019,0.0119,0.3079,0.0093,0.2530,12.74,11.89
1,3,20.924,0.0,0.0,0.5,0.0000,0.0130,0.3323,0.0075,0.2556,10.46,11.00
1,3,20.943,0.0,0.0,0.5,0.0021,0.0135,0.3440,0.0065,0.2586,14.21,10.46
1,3,20.962,0.0,0.0,0.5,0.0054,0.0102,0.3830,0.0059,0.2643,7.75,10.12
1,3,20.984,0.0,0.0,0.5,0.0080,0.0124,0.4122,0.0057,0.2670,3.37,9.08
1,3,21.007,0.0,0.0,0.5,0.0074,0.0154,0.4517,0.0067,0.2715,12.93,6.05
1,3,21.027,0.0,0.0,0.5,0.0081,0.0367,0.3427,0.0104,0.2709,12.43,10.57
1,3,21.043,0.0,0.0,0.5,0.0061,0.0365,0.1971,0.0146,0.2685,17.56,11.19
1,4,21.069,0.0,0.3,0.0,-0.0008,0.0146,0.1054,0.0181,0.2620,26.25,12.20
1,4,21.086,0.0,0.3,0.0,-0.0082,0.0026,0.1175,0.0195,0.2589,10.94,11.64
1,4,21.106,0.0,0.3,0.0,-0.0080,-0.0027,0.0308,0.0211,0.2559,15.73,13.29
1,4,21.125,0.0,0.3,0.0,-0.0049,-0.0030,0.0006,0.0223,0.2517,5.01,12.83
1,4,21.144,0.0,0.3,0.0,0.0017,-0.0028,-0.0004,0.0229,0.2502,4.27,12.74
1,4,21.162,0.0,0.3,0.0,0.0072,-0.0027,-0.0008,0.0232,0.2489,3.56,12.98
1,4,21.188,0.0,0.3,0.0,0.0138,-0.0040,-0.0012,0.0236,0.2488,1.41,13.11
1,4,21.208,0.0,0.3,0.0,0.0185,-0.0047,-0.0017,0.0244,0.2500,3.96,13.58
1,4,21.223,0.0,0.3,0.0,0.0269,-0.0056,-0.0004,0.0249,0.2512,4.80,13.69
1,4,21.242,0.0,0.3,0.0,0.0361,-0.0054,-0.0022,0.0270,0.2551,12.33,13.72
1,4,21.262,0.0,0.3,0.0,0.0487,-0.0051,-0.0155,0.0323,0.2616,32.01,13.07
1,4,21.286,0.0,0.3,0.0,0.0325,0.0086,-0.0130,0.0352,0.2633,17.98,11.37
1,4,21.306,0.0,0.3,0.0,0.0195,0.0224,-0.0039,0.0345,0.2659,4.33,10.68
1,4,21.325,0.0,0.3,0.0,0.0136,0.0557,-0.0186,0.0294,0.2682,13.25,10.42
1,4,21.342,0.0,0.3,0.0,-0.0065,0.0927,0.0042,0.0219,0.2669,18.03,10.64
1,4,21.363,0.0,0.3,0.0,-0.0119,0.0576,0.0243,0.0238,0.2627,10.35,11.90
1,4,21.387,0.0,0.3,0.0,-0.0072,0.0281,0.0199,0.0279,0.2605,14.79,12.97
1,4,21.405,0.0,0.3,0.0,-0.0142,0.0464,0.0023,0.0306,0.2573,9.78,12.91
1,4,21.426,0.0,0.3,0.0,-0.0354,0.0761,-0.0109,0.0272,0.2554,10.35,11.86
1,4,21.442,0.0,0.3,0.0,-0.0535,0.0839,-0.0092,0.0241,0.2541,8.15,11.50
1,4,21.463,0.0,0.3,0.0,-0.0408,0.0508,0.0113,0.0235,0.2534,5.05,11.66
1,4,21.485,0.0,0.3,0.0,-0.0572,0.0589,0.0190,0.0253,0.2536,5.75,12.52
1,4,21.505,0.0,0.3,0.0,-0.0536,0.0548,0.0183,0.0261,0.2542,6.93,12.91
1,4,21.523,0.0,0.3,0.0,-0.0686,0.0719,0.0108,0.0238,0.2563,13.72,12.40
1,4,21.542,0.0,0.3,0.0,-0.0615,0.0618,0.0186,0.0208,0.2592,15.91,10.96
1,4,21.561,0.0,0.3,0.0,-0.0889,0.0781,0.0417,0.0205,0.2640,10.02,9.16
1,4,21.590,0.0,0.3,0.0,-0.0605,0.0598,0.0493,0.0209,0.2660,9.95,8.44
1,4,21.604,0.0,0.3,0.0,-0.0401,0.0565,0.0239,0.0188,0.2672,7.83,8.74
1,4,21.628,0.0,0.3,0.0,-0.0631,0.1307,0.0278,0.0088,0.2668,33.82,13.29
1,4,21.643,0.0,0.3,0.0,-0.0598,0.1280,0.0319,0.0108,0.2629,20.20,12.58
1,4,21.662,0.0,0.3,0.0,-0.0566,0.1053,0.0063,0.0146,0.2604,30.63,12.60
1,4,21.685,0.0,0.3,0.0,-0.0621,0.1045,0.0095,0.0192,0.2563,23.93,14.89
1,4,21.705,0.0,0.3,0.0,-0.0742,0.1780,0.0012,0.0168,0.2552,16.25,13.92
1,4,21.726,0.0,0.3,0.0,-0.0106,0.0312,-0.0160,0.0148,0.2539,14.56,13.76
1,4,21.743,0.0,0.3,0.0,-0.0451,0.1528,-0.0089,0.0138,0.2504,9.12,11.92
1,4,21.762,0.0,0.3,0.0,-0.0277,0.1110,0.0032,0.0139,0.2495,6.38,12.76
1,4,21.784,0.0,0.3,0.0,-0.0190,0.1101,0.0044,0.0105,0.2497,7.46,13.25
1,4,21.804,0.0,0.3,0.0,-0.0070,0.0717,-0.0000,0.0075,0.2506,7.59,12.92
1,4,21.824,0.0,0.3,0.0,-0.0029,0.0780,-0.0001,0.0063,0.2526,17.29,12.60
1,4,21.843,0.0,0.3,0.0,0.0065,0.0479,-0.0117,0.0073,0.2563,10.94,13.24
1,4,21.863,0.0,0.3,0.0,0.0025,0.0872,-0.0254,0.0088,0.2603,16.63,12.84
1,4,21.885,0.0,0.3,0.0,0.0181,0.1113,-0.0367,0.0123,0.2658,14.02,10.84
1,4,21.905,0.0,0.3,0.0,0.0101,0.0687,-0.0477,0.0149,0.2694,6.75,7.59
1,4,21.925,0.0,0.3,0.0,0.0006,0.1446,-0.0285,0.0137,0.2707,2.54,9.89
1,4,21.942,0.0,0.3,0.0,-0.0112,0.0891,0.0268,0.0130,0.2692,25.00,11.22
1,4,21.962,0.0,0.3,0.0,-0.0128,0.0810,0.0470,0.0121,0.2663,42.69,12.26
1,4,21.985,0.0,0.3,0.0,-0.0100,0.0681,0.0298,0.0133,0.2607,19.02,13.41
1,4,22.006,0.0,0.3,0.0,-0.0166,0.1011,0.0246,0.0158,0.2587,15.98,12.51
1,4,22.026,0.0,0.3,0.0,-0.0190,0.0818,0.0113,0.0167,0.2564,12.31,12.06
1,4,22.043,0.0,0.3,0.0,-0.0370,0.1228,0.0003,0.0157,0.2549,9.57,11.48
1,4,22.063,0.0,0.3,0.0,-0.0290,0.0738,0.0095,0.0160,0.2541,6.74,11.40
1,4,22.085,0.0,0.3,0.0,-0.0506,0.1158,0.0197,0.0178,0.2544,6.49,11.94
1,4,22.105,0.0,0.3,0.0,-0.0389,0.0861,0.0197,0.0182,0.2551,8.71,12.35
1,4,22.124,0.0,0.3,0.0,-0.0362,0.0782,0.0175,0.0165,0.2570,12.63,12.03
1,4,22.143,0.0,0.3,0.0,-0.0550,0.1125,0.0225,0.0142,0.2593,14.72,10.65
1,4,22.162,0.0,0.3,0.0,-0.0702,0.1345,0.0382,0.0122,0.2642,10.86,9.67
1,4,22.187,0.0,0.3,0.0,-0.0405,0.0779,0.0423,0.0124,0.2672,9.95,8.71
1,4,22.206,0.0,0.3,0.0,-0.0454,0.1086,0.0095,0.0104,0.2686,7.59,9.85
1,4,22.224,0.0,0.3,0.0,-0.0478,0.1278,-0.0014,0.0123,0.2681,7.55,9.81
1,4,22.243,0.0,0.3,0.0,-0.0909,0.2080,-0.0175,0.0162,0.2646,30.37,12.51
1,4,22.263,0.0,0.3,0.0,-0.0647,0.1071,0.0009,0.0130,0.2598,22.02,12.58
1,4,22.287,0.0,0.3,0.0,-0.0628,0.1066,0.0195,0.0137,0.2570,18.30,13.77
1,4,22.312,0.0,0.3,0.0,-0.0391,0.0843,-0.0076,0.0124,0.2546,13.50,14.38
1,4,22.323,0.0,0.3,0.0,-0.0517,0.1404,-0.0232,0.0114,0.2537,13.16,12.76
1,4,22.342,0.0,0.3,0.0,-0.0343,0.1071,-0.0275,0.0108,0.2518,14.81,11.80
1,4,22.361,0.0,0.3,0.0,-0.0244,0.0835,-0.0076,0.0104,0.2501,8.79,11.98
1,4,22.390,0.0,0.3,0.0,-0.0297,0.1189,0.0078,0.0084,0.2498,6.12,12.98
1,4,22.406,0.0,0.3,0.0,-0.0177,0.1128,0.0050,0.0070,0.2505,6.67,12.66
1,4,22.427,0.0,0.3,0.0,-0.0030,0.0313,0.0044,0.0072,0.2514,11.20,12.83
1,4,22.443,0.0,0.3,0.0,-0.0047,0.0957,-0.0036,0.0072,0.2550,11.01,11.98
1,4,22.462,0.0,0.3,0.0,-0.0001,0.0833,-0.0194,0.0065,0.2606,17.35,11.82
1,4,22.482,0.0,0.3,0.0,0.0029,0.0749,-0.0333,0.0073,0.2633,13.54,11.39
1,4,22.508,0.0,0.3,0.0,0.0063,0.1027,-0.0468,0.0113,0.2688,9.23,7.82
1,4,22.524,0.0,0.3,0.0,-0.0031,0.1171,-0.0180,0.0132,0.2698,3.97,9.63
1,4,22.543,0.0,0.3,0.0,-0.0082,0.0777,0.0163,0.0146,0.2694,4.84,9.59
1,4,22.562,0.0,0.3,0.0,-0.0229,0.1416,0.0523,0.0126,0.2636,30.02,12.47
1,4,22.585,0.0,0.3,0.0,-0.0073,0.0515,0.0358,0.0126,0.2610,27.56,13.45
1,4,22.605,0.0,0.3,0.0,-0.0098,0.0762,0.0211,0.0177,0.2574,14.31,12.77
1,4,22.623,0.0,0.3,0.0,-0.0238,0.1136,-0.0027,0.0163,0.2555,12.79,11.55
1,4,22.642,0.0,0.3,0.0,-0.0272,0.0899,0.0058,0.0148,0.2546,8.67,11.12
1,4,22.664,0.0,0.3,0.0,-0.0351,0.0905,0.0139,0.0162,0.2539,5.55,11.50
1,4,22.684,0.0,0.3,0.0,-0.0341,0.0800,0.0163,0.0170,0.2539,5.49,11.43
1,4,22.706,0.0,0.3,0.0,-0.0444,0.0979,0.0121,0.0166,0.2548,8.96,12.14
1,4,22.732,0.0,0.3,0.0,-0.0424,0.0856,0.0200,0.0147,0.2583,13.03,11.14
1,4,22.742,0.0,0.3,0.0,-0.0661,0.1257,0.0271,0.0144,0.2595,9.88,10.68
1,4,22.761,0.0,0.3,0.0,-0.0514,0.0992,0.0340,0.0147,0.2640,15.20,10.00
1,4,22.783,0.0,0.3,0.0,-0.0420,0.0833,0.0354,0.0134,0.2668,8.19,9.20
1,4,22.807,0.0,0.3,0.0,-0.0479,0.1186,0.0042,0.0094,0.2679,14.87,10.54
1,4,22.822,0.0,0.3,0.0,-0.0655,0.1848,-0.0034,0.0133,0.2671,17.74,12.05
1,4,22.842,0.0,0.3,0.0,-0.0171,0.0433,-0.0206,0.0153,0.2642,52.38,12.73
1,4,22.861,0.0,0.3,0.0,-0.1102,0.2039,-0.0015,0.0129,0.2585,35.18,12.96
1,4,22.886,0.0,0.3,0.0,-0.0682,0.1188,0.0118,0.0145,0.2557,16.17,13.68
1,4,22.904,0.0,0.3,0.0,-0.0601,0.1331,-0.0050,0.0136,0.2544,17.95,13.43
1,4,22.923,0.0,0.3,0.0,-0.0509,0.1252,-0.0259,0.0143,0.2511,11.87,11.87
1,4,22.942,0.0,0.3,0.0,-0.0405,0.1112,-0.0065,0.0150,0.2490,7.58,12.32
1,4,22.963,0.0,0.3,0.0,-0.0079,0.0249,-0.0022,0.0145,0.2487,7.06,12.28
1,4,22.986,0.0,0.3,0.0,-0.0411,0.1622,0.0025,0.0100,0.2484,6.82,12.86
1,4,23.007,0.0,0.3,0.0,-0.0106,0.0684,0.0045,0.0079,0.2495,5.42,12.83
1,4,23.026,0.0,0.3,0.0,-0.0047,0.0443,0.0040,0.0071,0.2505,5.92,12.73
1,4,23.043,0.0,0.3,0.0,-0.0044,0.0957,-0.0047,0.0067,0.2542,11.63,12.06
1,4,23.061,0.0,0.3,0.0,0.0007,0.0729,-0.0203,0.0074,0.2584,16.11,12.40
1,4,23.092,0.0,0.3,0.0,0.0052,0.0739,-0.0376,0.0094,0.2631,11.78,11.37
1,4,23.107,0.0,0.3,0.0,0.0103,0.1179,-0.0432,0.0124,0.2671,18.77,11.20
1,4,23.128,0.0,0.3,0.0,-0.0001,0.0847,-0.0279,0.0148,0.2698,6.54,10.19
1,4,23.144,0.0,0.3,0.0,-0.0088,0.0770,-0.0004,0.0147,0.2695,7.19,11.09
1,4,23.163,0.0,0.3,0.0,-0.0206,0.1118,0.0430,0.0135,0.2646,25.28,12.79
1,4,23.187,0.0,0.3,0.0,-0.0163,0.0850,0.0361,0.0146,0.2613,15.96,13.25
1,4,23.209,0.0,0.3,0.0,-0.0087,0.0471,0.0320,0.0187,0.2588,12.57,12.82
1,4,23.225,0.0,0.3,0.0,-0.0326,0.1361,0.0086,0.0195,0.2567,12.55,12.31
1,4,23.242,0.0,0.3,0.0,-0.0265,0.0845,-0.0042,0.0156,0.2554,9.60,11.44
1,4,23.263,0.0,0.3,0.0,-0.0546,0.1276,0.0059,0.0141,0.2549,7.98,11.28
1,4,23.284,0.0,0.3,0.0,-0.0252,0.0474,0.0223,0.0152,0.2550,7.15,11.19
1,4,23.305,0.0,0.3,0.0,-0.0481,0.0840,0.0350,0.0185,0.2556,6.47,12.25
1,4,23.326,0.0,0.3,0.0,-0.0458,0.0836,0.0206,0.0197,0.2569,12.99,13.21
1,4,23.346,0.0,0.3,0.0,-0.0675,0.1220,0.0104,0.0132,0.2600,17.70,11.90
1,4,23.368,0.0,0.3,0.0,-0.0698,0.1143,0.0156,0.0073,0.2626,19.20,11.51
1,4,23.387,0.0,0.3,0.0,-0.0853,0.1284,0.0302,0.0046,0.2657,13.81,10.77
1,4,23.406,0.0,0.3,0.0,-0.0369,0.0656,0.0513,0.0060,0.2677,8.65,9.78
1,4,23.425,0.0,0.3,0.0,-0.0465,0.1082,0.0483,0.0092,0.2687,8.82,8.84
1,4,23.453,0.0,0.3,0.0,-0.0314,0.0730,-0.0125,0.0170,0.2643,33.80,11.52
1,4,23.470,0.0,0.3,0.0,-0.0748,0.1502,-0.0356,0.0181,0.2619,19.69,12.84
1,4,23.486,0.0,0.3,0.0,-0.0803,0.1490,-0.0409,0.0162,0.2590,11.34,12.37
1,4,23.513,0.0,0.3,0.0,-0.0570,0.0971,-0.0040,0.0120,0.2533,12.59,12.32
1,4,23.525,0.0,0.3,0.0,-0.0244,0.0447,0.0093,0.0124,0.2517,14.56,13.29
1,4,23.543,0.0,0.3,0.0,-0.0538,0.1173,0.0082,0.0115,0.2506,8.67,13.39
1,4,23.562,0.0,0.3,0.0,-0.0252,0.0807,-0.0005,0.0089,0.2502,8.98,12.77
1,4,23.589,0.0,0.3,0.0,-0.0249,0.1122,0.0008,0.0070,0.2497,7.67,12.29
1,4,23.606,0.0,0.3,0.0,-0.0146,0.0941,0.0088,0.0062,0.2504,6.72,12.22
1,4,23.631,0.0,0.3,0.0,-0.0058,0.0767,0.0086,0.0057,0.2513,7.74,12.49
1,4,23.644,0.0,0.3,0.0,-0.0006,0.0571,-0.0074,0.0057,0.2560,16.21,12.59
1,4,23.662,0.0,0.3,0.0,0.0018,0.0719,-0.0119,0.0062,0.2587,44.85,12.15
1,4,23.682,0.0,0.3,0.0,0.0047,0.0426,-0.0343,0.0081,0.2659,25.19,10.97
1,4,23.707,0.0,0.3,0.0,0.0131,0.1150,-0.0499,0.0106,0.2681,21.02,8.04
1,4,23.725,0.0,0.3,0.0,0.0001,0.0957,-0.0224,0.0117,0.2701,3.22,9.81
1,4,23.744,0.0,0.3,0.0,-0.0076,0.0671,-0.0050,0.0123,0.2698,5.76,9.70
1,4,23.762,0.0,0.3,0.0,-0.0215,0.1175,0.0459,0.0104,0.2645,16.64,13.37
1,4,23.787,0.0,0.3,0.0,-0.0108,0.0639,0.0399,0.0121,0.2600,16.90,13.24
1,4,23.807,0.0,0.3,0.0,-0.0123,0.0677,0.0297,0.0146,0.2583,13.22,12.86
1,4,23.825,0.0,0.3,0.0,-0.0284,0.1080,0.0078,0.0175,0.2556,10.18,12.29
1,4,23.844,0.0,0.3,0.0,-0.0234,0.0703,-0.0033,0.0162,0.2544,9.23,12.04
1,4,23.865,0.0,0.3,0.0,-0.0305,0.0768,-0.0058,0.0146,0.2539,8.13,11.86
1,4,23.888,0.0,0.3,0.0,-0.0501,0.1002,0.0169,0.0136,0.2536,6.25,11.37
1,4,23.905,0.0,0.3,0.0,-0.0375,0.0656,0.0331,0.0165,0.2546,6.17,11.99
1,4,23.926,0.0,0.3,0.0,-0.0290,0.0512,0.0267,0.0178,0.2561,10.14,12.83
1,4,23.943,0.0,0.3,0.0,-0.0583,0.1066,0.0250,0.0159,0.2583,12.62,12.45
1,4,23.962,0.0,0.3,0.0,-0.0660,0.1121,0.0232,0.0110,0.2629,15.62,9.70
1,4,23.986,0.0,0.3,0.0,-0.0329,0.0528,0.0248,0.0094,0.2654,9.68,7.68
1,4,24.005,0.0,0.3,0.0,-0.0519,0.1064,0.0119,0.0074,0.2679,10.76,9.60
1,4,24.026,0.0,0.3,0.0,-0.0584,0.1499,0.0003,0.0116,0.2672,24.14,11.45
1,4,24.044,0.0,0.3,0.0,-0.0501,0.1067,-0.0296,0.0136,0.2644,24.38,12.77
1,4,24.061,0.0,0.3,0.0,-0.0817,0.1266,-0.0404,0.0148,0.2593,18.45,12.85
1,4,24.092,0.0,0.3,0.0,-0.0490,0.0779,-0.0118,0.0201,0.2561,17.76,14.55
1,4,24.108,0.0,0.3,0.0,-0.0519,0.1172,-0.0061,0.0166,0.2541,14.38,13.75
1,4,24.126,0.0,0.3,0.0,-0.0460,0.1284,-0.0213,0.0148,0.2520,18.75,12.15
1,4,24.142,0.0,0.3,0.0,-0.0192,0.0586,-0.0079,0.0155,0.2492,10.44,11.84
1,4,24.162,0.0,0.3,0.0,-0.0203,0.0703,0.0067,0.0147,0.2482,5.26,12.63
1,4,24.184,0.0,0.3,0.0,-0.0175,0.0880,0.0052,0.0124,0.2481,4.74,13.27
1,4,24.208,0.0,0.3,0.0,-0.0041,0.0355,0.0009,0.0085,0.2495,8.67,12.57
1,4,24.224,0.0,0.3,0.0,-0.0042,0.0830,0.0010,0.0081,0.2502,9.82,12.57
1,4,24.242,0.0,0.3,0.0,0.0023,0.0858,-0.0090,0.0080,0.2542,15.66,12.84
1,4,24.262,0.0,0.3,0.0,0.0059,0.0652,-0.0184,0.0096,0.2589,33.82,12.32
1,4,24.287,0.0,0.3,0.0,0.0131,0.0764,-0.0369,0.0132,0.2657,17.93,11.19
1,4,24.304,0.0,0.3,0.0,0.0124,0.0911,-0.0461,0.0160,0.2687,13.32,7.69
1,4,24.325,0.0,0.3,0.0,0.0014,0.0684,-0.0355,0.0152,0.2701,11.28,8.01
1,4,24.342,0.0,0.3,0.0,-0.0161,0.1252,-0.0094,0.0124,0.2692,26.02,10.29
1,4,24.362,0.0,0.3,0.0,-0.0197,0.0862,0.0318,0.0102,0.2652,21.65,13.97
1,4,24.382,0.0,0.3,0.0,-0.0156,0.0753,0.0434,0.0165,0.2611,18.00,12.99
1,4,24.408,0.0,0.3,0.0,-0.0148,0.0671,0.0165,0.0215,0.2576,13.29,12.77
1,4,24.424,0.0,0.3,0.0,-0.0440,0.1352,-0.0065,0.0186,0.2560,12.36,11.56
1,4,24.442,0.0,0.3,0.0,-0.0129,0.0308,-0.0048,0.0171,0.2551,9.83,11.48
1,4,24.462,0.0,0.3,0.0,-0.0671,0.1322,0.0160,0.0192,0.2537,6.28,11.57
1,4,24.487,0.0,0.3,0.0,-0.0410,0.0728,0.0220,0.0219,0.2536,6.45,12.62
1,4,24.506,0.0,0.3,0.0,-0.0543,0.0975,0.0120,0.0208,0.2544,10.12,12.71
1,4,24.524,0.0,0.3,0.0,-0.0579,0.1011,0.0104,0.0175,0.2558,11.54,11.83
1,4,24.542,0.0,0.3,0.0,-0.0429,0.0697,0.0247,0.0138,0.2591,15.11,10.53
1,4,24.562,0.0,0.3,0.0,-0.0492,0.0745,0.0388,0.0142,0.2627,13.01,9.57
1,4,24.586,0.0,0.3,0.0,-0.0625,0.0943,0.0458,0.0159,0.2665,15.16,8.37
1,4,24.605,0.0,0.3,0.0,-0.0653,0.1322,0.0195,0.0116,0.2686,7.83,10.28
1,4,24.628,0.0,0.3,0.0,-0.0672,0.1729,-0.0148,0.0124,0.2661,22.94,12.32
1,4,24.643,0.0,0.3,0.0,-0.0613,0.1313,-0.0215,0.0133,0.2641,23.47,12.32
1,4,24.663,0.0,0.3,0.0,-0.0859,0.1411,-0.0043,0.0153,0.2588,20.45,12.32
1,4,24.690,0.0,0.3,0.0,-0.0561,0.0937,0.0185,0.0194,0.2555,11.72,13.51
1,4,24.705,0.0,0.3,0.0,-0.0539,0.1137,-0.0072,0.0189,0.2544,14.56,13.50
1,4,24.723,0.0,0.3,0.0,-0.0472,0.1221,-0.0245,0.0184,0.2520,13.49,12.81
1,4,24.746,0.0,0.3,0.0,-0.0284,0.0904,-0.0177,0.0181,0.2507,17.70,12.18
1,4,24.767,0.0,0.3,0.0,-0.0192,0.0726,0.0043,0.0163,0.2488,5.12,12.80
1,4,24.787,0.0,0.3,0.0,-0.0201,0.1104,0.0082,0.0139,0.2489,4.46,12.68
1,4,24.806,0.0,0.3,0.0,-0.0089,0.1026,0.0055,0.0091,0.2498,9.05,12.59
1,4,24.822,0.0,0.3,0.0,-0.0026,0.0749,0.0010,0.0081,0.2519,9.03,13.08
1,4,24.842,0.0,0.3,0.0,0.0014,0.0631,-0.0088,0.0084,0.2551,19.28,12.72
1,4,24.863,0.0,0.3,0.0,0.0059,0.0670,-0.0283,0.0101,0.2598,15.86,12.76
1,4,24.887,0.0,0.3,0.0,0.0129,0.0880,-0.0405,0.0138,0.2651,17.90,10.73
1,4,24.906,0.0,0.3,0.0,0.0133,0.0817,-0.0506,0.0165,0.2682,10.63,7.13
1,4,24.925,0.0,0.3,0.0,0.0039,0.1081,-0.0486,0.0155,0.2701,14.04,10.03
1,4,24.942,0.0,0.3,0.0,-0.0142,0.1046,-0.0147,0.0126,0.2696,10.84,10.05
1,4,24.963,0.0,0.3,0.0,-0.0267,0.1225,0.0582,0.0103,0.2643,18.55,13.77
1,4,24.984,0.0,0.3,0.0,-0.0077,0.0384,0.0611,0.0110,0.2629,16.71,11.93
1,4,25.006,0.0,0.3,0.0,-0.0159,0.0782,0.0408,0.0175,0.2591,15.22,13.72
1,4,25.022,0.0,0.3,0.0,-0.0251,0.0919,0.0180,0.0187,0.2569,11.68,12.69
1,4,25.042,0.0,0.3,0.0,-0.0366,0.1020,-0.0017,0.0159,0.2549,10.97,11.68
1,4,25.067,0.0,0.3,0.0,-0.0373,0.0806,0.0078,0.0152,0.2540,6.99,11.22
1,4,25.088,0.0,0.3,0.0,-0.0411,0.0775,0.0208,0.0166,0.2537,6.23,11.36
1,4,25.106,0.0,0.3,0.0,-0.0509,0.0947,0.0199,0.0186,0.2542,9.91,12.70
1,4,25.123,0.0,0.3,0.0,-0.0400,0.0748,0.0198,0.0165,0.2562,12.42,12.57
1,4,25.142,0.0,0.3,0.0,-0.0672,0.1209,0.0219,0.0133,0.2586,18.52,10.79
1,4,25.167,0.0,0.3,0.0,-0.0406,0.0672,0.0388,0.0112,0.2621,14.87,10.09
1,4,25.185,0.0,0.3,0.0,-0.0582,0.0928,0.0602,0.0124,0.2657,10.93,7.47
1,4,25.205,0.0,0.3,0.0,-0.0608,0.1199,0.0319,0.0123,0.2680,5.92,10.23
1,4,25.225,0.0,0.3,0.0,-0.0310,0.0873,0.0226,0.0116,0.2681,5.37,10.17
1,4,25.242,0.0,0.3,0.0,-0.0651,0.1851,0.0255,0.0168,0.2642,28.00,12.91
1,4,25.263,0.0,0.3,0.0,-0.0657,0.1368,-0.0006,0.0171,0.2591,21.56,12.82
1,4,25.281,0.0,0.3,0.0,-0.0423,0.0641,0.0049,0.0205,0.2547,18.12,12.99
1,4,25.306,0.0,0.3,0.0,-0.0717,0.1252,-0.0049,0.0216,0.2528,12.84,13.30
1,4,25.322,0.0,0.3,0.0,-0.0531,0.1205,-0.0204,0.0208,0.2508,12.79,13.08
1,4,25.342,0.0,0.3,0.0,-0.0244,0.0673,-0.0197,0.0203,0.2503,11.47,12.94
1,4,25.366,0.0,0.3,0.0,-0.0402,0.1426,-0.0004,0.0174,0.2483,7.22,12.18
1,4,25.386,0.0,0.3,0.0,-0.0141,0.0662,0.0096,0.0144,0.2481,3.66,12.14
1,4,25.406,0.0,0.3,0.0,-0.0097,0.0611,0.0090,0.0123,0.2485,5.91,12.69
1,4,25.423,0.0,0.3,0.0,-0.0084,0.0934,0.0020,0.0098,0.2514,12.76,12.60
1,4,25.442,0.0,0.3,0.0,-0.0010,0.0657,-0.0194,0.0108,0.2566,10.58,12.97
1,4,25.461,0.0,0.3,0.0,0.0023,0.0588,-0.0296,0.0119,0.2591,13.29,12.35
1,4,25.488,0.0,0.3,0.0,0.0145,0.1268,-0.0369,0.0163,0.2664,19.55,10.38
1,4,25.507,0.0,0.3,0.0,0.0077,0.0865,-0.0430,0.0176,0.2690,13.54,7.36
1,4,25.524,0.0,0.3,0.0,-0.0005,0.0438,-0.0379,0.0171,0.2697,7.34,7.34
1,4,25.542,0.0,0.3,0.0,-0.0161,0.1200,-0.0144,0.0136,0.2696,22.95,10.09
1,4,25.562,0.0,0.3,0.0,-0.0192,0.0808,0.0188,0.0109,0.2654,20.33,13.19
1,4,25.586,0.0,0.3,0.0,-0.0145,0.0659,0.0378,0.0143,0.2622,17.30,12.95
1,4,25.605,0.0,0.3,0.0,-0.0163,0.0748,0.0362,0.0201,0.2595,15.59,13.02
1,4,25.624,0.0,0.3,0.0,-0.0326,0.1119,0.0000,0.0182,0.2569,12.29,12.36
1,4,25.642,0.0,0.3,0.0,-0.0325,0.0811,-0.0098,0.0145,0.2560,10.27,10.91
1,4,25.663,0.0,0.3,0.0,-0.0635,0.1165,0.0168,0.0141,0.2544,8.53,11.65
1,4,25.689,0.0,0.3,0.0,-0.0389,0.0625,0.0367,0.0192,0.2548,6.82,11.89
1,4,25.710,0.0,0.3,0.0,-0.0403,0.0654,0.0367,0.0205,0.2549,6.66,11.77
1,4,25.723,0.0,0.3,0.0,-0.1159,0.1891,0.0177,0.0207,0.2555,9.50,12.72
1,4,25.742,0.0,0.3,0.0,-0.0514,0.0866,0.0111,0.0153,0.2591,32.09,12.82
1,4,25.766,0.0,0.3,0.0,-0.0892,0.1414,0.0291,0.0088,0.2624,20.20,10.38
1,4,25.785,0.0,0.3,0.0,-0.0472,0.0676,0.0375,0.0069,0.2647,16.76,10.38
1,4,25.805,0.0,0.3,0.0,-0.0606,0.1017,0.0350,0.0096,0.2684,8.40,8.89
1,4,25.823,0.0,0.3,0.0,-0.0616,0.1386,0.0164,0.0112,0.2681,16.39,12.35
1,4,25.845,0.0,0.3,0.0,-0.0457,0.0979,-0.0143,0.0143,0.2627,37.91,13.16
1,4,25.863,0.0,0.3,0.0,-0.0617,0.1139,-0.0329,0.0149,0.2596,17.78,11.97
1,4,25.886,0.0,0.3,0.0,-0.0513,0.0847,-0.0308,0.0162,0.2563,11.98,12.66
1,4,25.907,0.0,0.3,0.0,-0.0453,0.0903,-0.0096,0.0153,0.2530,8.83,13.55
1,4,25.924,0.0,0.3,0.0,-0.0238,0.0606,-0.0113,0.0140,0.2518,11.37,12.56
1,4,25.942,0.0,0.3,0.0,-0.0358,0.1053,-0.0055,0.0145,0.2490,9.44,12.31
1,4,25.963,0.0,0.3,0.0,-0.0145,0.0593,0.0064,0.0145,0.2484,5.17,12.80
1,4,25.984,0.0,0.3,0.0,-0.0112,0.0779,-0.0013,0.0122,0.2489,6.33,13.31
1,4,26.005,0.0,0.3,0.0,-0.0022,0.0549,-0.0002,0.0111,0.2499,8.01,12.80
1,4,26.023,0.0,0.3,0.0,0.0047,0.0590,-0.0017,0.0107,0.2525,10.19,13.16
1,4,26.042,0.0,0.3,0.0,0.0103,0.0476,-0.0124,0.0125,0.2571,16.45,12.73
1,4,26.062,0.0,0.3,0.0,0.0184,0.0552,-0.0254,0.0151,0.2607,16.35,12.96
1,4,26.088,0.0,0.3,0.0,0.0160,0.0362,-0.0234,0.0187,0.2655,17.87,10.99
1,4,26.105,0.0,0.3,0.0,0.0307,0.0819,-0.0443,0.0211,0.2678,14.48,7.96
1,4,26.123,0.0,0.3,0.0,0.0149,0.0814,-0.0085,0.0194,0.2695,3.61,11.54
1,4,26.143,0.0,0.3,0.0,-0.0059,0.0865,-0.0077,0.0154,0.2674,17.55,10.99
1,4,26.161,0.0,0.3,0.0,-0.0218,0.1101,0.0303,0.0131,0.2631,17.11,12.28
1,4,26.191,0.0,0.3,0.0,-0.0090,0.0366,0.0409,0.0180,0.2604,15.81,12.38
1,4,26.207,0.0,0.3,0.0,-0.0294,0.1078,0.0163,0.0202,0.2571,12.00,12.58
1,4,26.223,0.0,0.3,0.0,-0.0254,0.0720,-0.0014,0.0173,0.2560,9.95,12.17
1,4,26.242,0.0,0.3,0.0,-0.0561,0.1095,0.0022,0.0149,0.2548,9.98,11.20
1,4,26.262,0.0,0.3,0.0,-0.0615,0.0855,0.0205,0.0169,0.2536,5.91,11.77
1,4,26.284,0.0,0.3,0.0,-0.0418,0.0528,0.0258,0.0186,0.2534,6.08,12.72
1,4,26.306,0.0,0.3,0.0,-0.0684,0.0877,0.0188,0.0190,0.2539,7.77,13.02
1,4,26.326,0.0,0.3,0.0,-0.0633,0.0788,0.0083,0.0151,0.2555,11.67,11.88
1,4,26.342,0.0,0.3,0.0,-0.0755,0.0853,0.0227,0.0119,0.2586,15.64,10.64
1,4,26.361,0.0,0.3,0.0,-0.0428,0.0446,0.0406,0.0135,0.2622,13.90,9.59
1,4,26.387,0.0,0.3,0.0,-0.0838,0.0973,0.0422,0.0168,0.2660,8.60,8.87
1,4,26.406,0.0,0.3,0.0,-0.0440,0.0854,0.0112,0.0087,0.2675,12.93,11.54
1,4,26.425,0.0,0.3,0.0,-0.0644,0.1646,0.0131,0.0070,0.2672,8.91,11.19
1,4,26.442,0.0,0.3,0.0,-0.0720,0.1536,0.0149,0.0120,0.2629,23.02,13.22
1,4,26.462,0.0,0.3,0.0,-0.0671,0.1047,0.0070,0.0125,0.2593,20.97,13.13
1,4,26.485,0.0,0.3,0.0,-0.0771,0.1339,0.0103,0.0169,0.2553,15.02,15.04
1,4,26.503,0.0,0.3,0.0,-0.0606,0.1478,-0.0224,0.0129,0.2540,17.30,14.49
1,4,26.522,0.0,0.3,0.0,-0.0321,0.1129,-0.0334,0.0111,0.2526,19.24,12.28
1,4,26.542,0.0,0.3,0.0,-0.0144,0.0631,-0.0161,0.0112,0.2503,10.56,11.63
1,4,26.563,0.0,0.3,0.0,-0.0227,0.1112,0.0070,0.0095,0.2492,5.04,12.54
1,4,26.587,0.0,0.3,0.0,-0.0156,0.1079,0.0071,0.0076,0.2491,5.19,12.75
1,4,26.605,0.0,0.3,0.0,-0.0070,0.0859,0.0062,0.0058,0.2499,7.46,12.02
1,4,26.625,0.0,0.3,0.0,-0.0031,0.0666,0.0026,0.0050,0.2525,13.20,12.13
1,4,26.642,0.0,0.3,0.0,-0.0011,0.1105,-0.0119,0.0053,0.2556,11.01,12.92
1,4,26.666,0.0,0.3,0.0,0.0003,0.0290,-0.0214,0.0067,0.2595,20.84,12.54
1,4,26.689,0.0,0.3,0.0,0.0072,0.1012,-0.0389,0.0100,0.2655,13.02,10.56
1,4,26.706,0.0,0.3,0.0,0.0091,0.0787,-0.0469,0.0120,0.2677,16.39,7.35
1,4,26.724,0.0,0.3,0.0,-0.0018,0.1145,-0.0287,0.0121,0.2702,4.62,9.39
1,4,26.743,0.0,0.3,0.0,-0.0210,0.1075,0.0131,0.0113,0.2687,16.47,10.48
1,4,26.762,0.0,0.3,0.0,-0.0317,0.1141,0.0560,0.0096,0.2649,26.21,13.30
1,4,26.786,0.0,0.3,0.0,-0.0117,0.0413,0.0555,0.0095,0.2613,23.08,13.07
1,4,26.803,0.0,0.3,0.0,-0.0254,0.0904,0.0394,0.0109,0.2584,18.00,13.24
1,4,26.823,0.0,0.3,0.0,-0.0260,0.0775,0.0138,0.0136,0.2555,10.50,12.28
1,4,26.842,0.0,0.3,0.0,-0.0418,0.1015,0.0107,0.0140,0.2540,8.15,11.88
1,4,26.862,0.0,0.3,0.0,-0.0520,0.1045,0.0156,0.0151,0.2532,6.84,11.91
1,4,26.886,0.0,0.3,0.0,-0.0192,0.0355,0.0171,0.0156,0.2530,6.22,12.15
1,4,26.906,0.0,0.3,0.0,-0.0759,0.1327,0.0142,0.0159,0.2540,7.89,12.12
1,4,26.923,0.0,0.3,0.0,-0.0462,0.0777,0.0169,0.0152,0.2556,9.11,11.79
1,4,26.942,0.0,0.3,0.0,-0.0464,0.0755,0.0220,0.0141,0.2578,18.22,10.86
1,4,26.962,0.0,0.3,0.0,-0.0639,0.1003,0.0381,0.0133,0.2627,10.85,9.77
1,4,26.985,0.0,0.3,0.0,-0.0536,0.0867,0.0338,0.0125,0.2655,11.85,8.75
1,4,27.004,0.0,0.3,0.0,-0.0394,0.0816,0.0023,0.0091,0.2671,7.92,8.79
1,4,27.023,0.0,0.3,0.0,-0.0703,0.1786,0.0031,0.0111,0.2668,31.22,12.27
1,4,27.042,0.0,0.3,0.0,-0.0736,0.1568,-0.0003,0.0130,0.2619,17.92,12.30
1,4,27.063,0.0,0.3,0.0,-0.0367,0.0612,0.0044,0.0161,0.2580,22.06,13.27
1,5,27.093,0.0,0.0,0.0,-0.0467,0.0861,-0.0088,0.0174,0.2548,13.23,13.53
1,5,27.105,0.0,0.0,0.0,-0.0891,0.2039,-0.0137,0.0175,0.2541,12.70,13.45
1,5,27.127,0.0,0.0,0.0,-0.0288,0.0908,-0.0389,0.0181,0.2575,13.77,9.49
1,5,27.142,0.0,0.0,0.0,-0.0303,0.1305,-0.0568,0.0148,0.2612,7.58,10.95
1,5,27.162,0.0,0.0,0.0,-0.0202,0.0929,-0.0378,0.0115,0.2631,5.69,9.26
1,5,27.186,0.0,0.0,0.0,-0.0276,0.1034,-0.0356,0.0098,0.2645,7.20,9.63
1,5,27.209,0.0,0.0,0.0,-0.0254,0.0690,-0.0255,0.0102,0.2648,7.30,9.74
1,5,27.225,0.0,0.0,0.0,-0.0318,0.0626,-0.0111,0.0099,0.2641,8.45,9.85
1,5,27.243,0.0,0.0,0.0,-0.0217,0.0297,0.0086,0.0095,0.2637,7.36,8.84
1,5,27.262,0.0,0.0,0.0,-0.0367,0.0353,0.0057,0.0111,0.2634,3.81,8.74
1,5,27.289,0.0,0.0,0.0,-0.0240,0.0180,0.0006,0.0134,0.2632,2.87,8.22
1,5,27.311,0.0,0.0,0.0,-0.0329,0.0154,0.0022,0.0146,0.2632,1.71,7.98
1,5,27.324,0.0,0.0,0.0,-0.0232,0.0056,0.0022,0.0148,0.2632,1.02,7.94
1,5,27.342,0.0,0.0,0.0,-0.0197,0.0017,0.0018,0.0148,0.2632,0.34,7.77
1,5,27.363,0.0,0.0,0.0,-0.0157,-0.0010,0.0012,0.0148,0.2632,0.34,8.18
1,5,27.384,0.0,0.0,0.0,-0.0111,-0.0012,0.0007,0.0150,0.2632,0.46,8.50
1,5,27.404,0.0,0.0,0.0,-0.0050,-0.0001,0.0003,0.0154,0.2632,0.49,8.65
1,5,27.425,0.0,0.0,0.0,-0.0021,0.0004,0.0003,0.0157,0.2632,0.22,8.64
1,5,27.443,0.0,0.0,0.0,-0.0008,0.0002,0.0002,0.0159,0.2632,0.16,8.70
1,5,27.462,0.0,0.0,0.0,-0.0007,0.0005,0.0002,0.0161,0.2632,0.18,8.75
1,5,27.490,0.0,0.0,0.0,-0.0004,0.0005,0.0002,0.0163,0.2632,0.17,8.77
1,5,27.505,0.0,0.0,0.0,-0.0006,0.0006,0.0002,0.0165,0.2632,0.15,8.77
1,5,27.526,0.0,0.0,0.0,-0.0004,0.0004,0.0002,0.0166,0.2632,0.12,8.78
1,5,27.543,0.0,0.0,0.0,-0.0006,0.0006,0.0002,0.0168,0.2632,0.11,8.79
1,5,27.562,0.0,0.0,0.0,-0.0004,0.0004,0.0002,0.0169,0.2632,0.11,8.80
1,5,27.591,0.0,0.0,0.0,-0.0002,0.0003,0.0001,0.0170,0.2632,0.10,8.80
1,5,27.604,0.0,0.0,0.0,-0.0003,0.0003,0.0001,0.0171,0.2632,0.10,8.80
1,5,27.623,0.0,0.0,0.0,-0.0004,0.0005,0.0001,0.0171,0.2632,0.10,8.80
1,5,27.642,0.0,0.0,0.0,-0.0003,0.0003,0.0001,0.0173,0.2631,0.09,8.80
1,5,27.662,0.0,0.0,0.0,-0.0004,0.0004,0.0001,0.0174,0.2631,0.09,8.79
1,5,27.686,0.0,0.0,0.0,-0.0002,0.0003,0.0001,0.0175,0.2631,0.09,8.79
1,5,27.707,0.0,0.0,0.0,-0.0002,0.0002,0.0001,0.0176,0.2631,0.08,8.79
1,5,27.725,0.0,0.0,0.0,-0.0004,0.0004,0.0001,0.0177,0.2631,0.08,8.78
1,5,27.746,0.0,0.0,0.0,-0.0002,0.0003,0.0001,0.0178,0.2631,0.08,8.77
1,5,27.762,0.0,0.0,0.0,-0.0003,0.0003,0.0001,0.0178,0.2631,0.08,8.77
1,5,27.786,0.0,0.0,0.0,-0.0003,0.0003,0.0001,0.0180,0.2631,0.08,8.76
1,5,27.806,0.0,0.0,0.0,-0.0002,0.0002,0.0001,0.0181,0.2631,0.08,8.75
1,5,27.825,0.0,0.0,0.0,-0.0003,0.0002,0.0001,0.0181,0.2631,0.08,8.75
1,5,27.842,0.0,0.0,0.0,-0.0002,0.0002,0.0001,0.0182,0.2631,0.08,8.74
1,5,27.862,0.0,0.0,0.0,-0.0003,0.0003,0.0001,0.0183,0.2631,0.08,8.74
1,5,27.883,0.0,0.0,0.0,-0.0003,0.0002,0.0001,0.0184,0.2631,0.08,8.73
1,5,27.905,0.0,0.0,0.0,-0.0002,0.0001,0.0001,0.0185,0.2631,0.08,8.73
1,5,27.923,0.0,0.0,0.0,-0.0002,0.0002,0.0001,0.0186,0.2631,0.08,8.72
1,5,27.943,0.0,0.0,0.0,-0.0002,0.0001,0.0001,0.0186,0.2630,0.08,8.72
1,5,27.962,0.0,0.0,0.0,-0.0003,0.0002,0.0001,0.0187,0.2630,0.08,8.71
1,5,27.986,0.0,0.0,0.0,-0.0002,0.0001,0.0001,0.0188,0.2630,0.08,8.71
1,5,28.004,0.0,0.0,0.0,-0.0001,0.0001,0.0001,0.0188,0.2630,0.08,8.70
1,5,28.023,0.0,0.0,0.0,-0.0003,0.0001,0.0001,0.0189,0.2630,0.08,8.70
1,5,28.042,0.0,0.0,0.0,-0.0003,0.0001,0.0002,0.0190,0.2630,0.08,8.70
1,5,28.063,0.0,0.0,0.0,-0.0002,0.0001,0.0002,0.0191,0.2630,0.08,8.69
1,5,28.084,0.0,0.0,0.0,-0.0002,0.0001,0.0002,0.0191,0.2630,0.08,8.69
1,5,28.105,0.0,0.0,0.0,-0.0003,0.0001,0.0002,0.0192,0.2630,0.07,8.68
1,5,28.128,0.0,0.0,0.0,-0.0002,0.0001,0.0002,0.0193,0.2630,0.07,8.68
1,5,28.146,0.0,0.0,0.0,-0.0003,0.0001,0.0002,0.0193,0.2630,0.07,8.68
1,5,28.166,0.0,0.0,0.0,-0.0002,0.0000,0.0002,0.0194,0.2630,0.07,8.67
1,5,28.186,0.0,0.0,0.0,-0.0002,0.0000,0.0002,0.0194,0.2630,0.07,8.67
1,5,28.206,0.0,0.0,0.0,-0.0002,0.0000,0.0002,0.0195,0.2630,0.07,8.67
1,5,28.223,0.0,0.0,0.0,-0.0002,0.0000,0.0002,0.0196,0.2630,0.07,8.66
1,5,28.242,0.0,0.0,0.0,-0.0001,0.0000,0.0002,0.0196,0.2629,0.07,8.66
1,5,28.263,0.0,0.0,0.0,-0.0004,0.0000,0.0002,0.0197,0.2629,0.07,8.66
1,5,28.289,0.0,0.0,0.0,-0.0002,-0.0000,0.0002,0.0197,0.2629,0.07,8.66
1,5,28.310,0.0,0.0,0.0,-0.0003,-0.0000,0.0002,0.0197,0.2629,0.07,8.66
1,5,28.327,0.0,0.0,0.0,-0.0002,-0.0000,0.0002,0.0198,0.2629,0.07,8.65
1,5,28.342,0.0,0.0,0.0,-0.0003,-0.0000,0.0002,0.0199,0.2629,0.07,8.65
1,5,28.363,0.0,0.0,0.0,-0.0002,-0.0000,0.0002,0.0199,0.2629,0.07,8.64
1,5,28.385,0.0,0.0,0.0,-0.0002,-0.0000,0.0002,0.0200,0.2629,0.07,8.64
1,5,28.405,0.0,0.0,0.0,-0.0003,-0.0001,0.0002,0.0200,0.2629,0.07,8.64
1,5,28.422,0.0,0.0,0.0,-0.0001,-0.0000,0.0002,0.0200,0.2629,0.07,8.64
1,5,28.442,0.0,0.0,0.0,-0.0004,-0.0001,0.0002,0.0201,0.2629,0.07,8.64
1,5,28.463,0.0,0.0,0.0,-0.0002,-0.0001,0.0002,0.0201,0.2629,0.07,8.63
1,5,28.483,0.0,0.0,0.0,-0.0003,-0.0001,0.0002,0.0202,0.2629,0.07,8.63
1,5,28.508,0.0,0.0,0.0,-0.0002,-0.0001,0.0002,0.0202,0.2629,0.07,8.63
1,5,28.523,0.0,0.0,0.0,-0.0002,-0.0001,0.0002,0.0203,0.2629,0.07,8.63
1,5,28.543,0.0,0.0,0.0,-0.0002,-0.0001,0.0002,0.0203,0.2628,0.07,8.63
1,5,28.565,0.0,0.0,0.0,-0.0003,-0.0001,0.0002,0.0203,0.2628,0.07,8.62
1,5,28.588,0.0,0.0,0.0,-0.0003,-0.0001,0.0002,0.0204,0.2628,0.07,8.62
1,5,28.605,0.0,0.0,0.0,-0.0002,-0.0001,0.0002,0.0204,0.2628,0.07,8.62
1,5,28.623,0.0,0.0,0.0,-0.0003,-0.0001,0.0002,0.0204,0.2628,0.07,8.62
1,5,28.642,0.0,0.0,0.0,-0.0002,-0.0001,0.0002,0.0205,0.2628,0.07,8.62
1,5,28.662,0.0,0.0,0.0,-0.0002,-0.0001,0.0002,0.0205,0.2628,0.07,8.61
1,5,28.685,0.0,0.0,0.0,-0.0003,-0.0002,0.0002,0.0205,0.2628,0.06,8.61
1,5,28.702,0.0,0.0,0.0,-0.0003,-0.0002,0.0002,0.0206,0.2628,0.06,8.61
1,5,28.721,0.0,0.0,0.0,-0.0002,-0.0001,0.0002,0.0206,0.2628,0.06,8.61
1,5,28.742,0.0,0.0,0.0,-0.0003,-0.0002,0.0002,0.0207,0.2628,0.06,8.61
1,5,28.767,0.0,0.0,0.0,-0.0003,-0.0002,0.0002,0.0207,0.2628,0.06,8.61
1,5,28.786,0.0,0.0,0.0,-0.0002,-0.0001,0.0002,0.0207,0.2628,0.06,8.61
1,5,28.805,0.0,0.0,0.0,-0.0002,-0.0002,0.0002,0.0207,0.2628,0.06,8.60
1,5,28.824,0.0,0.0,0.0,-0.0003,-0.0002,0.0002,0.0208,0.2628,0.06,8.60
1,5,28.843,0.0,0.0,0.0,-0.0002,-0.0001,0.0002,0.0208,0.2627,0.06,8.60
1,5,28.863,0.0,0.0,0.0,-0.0003,-0.0002,0.0002,0.0208,0.2627,0.06,8.60
1,5,28.885,0.0,0.0,0.0,-0.0002,-0.0002,0.0002,0.0208,0.2627,0.06,8.60
1,5,28.905,0.0,0.0,0.0,-0.0003,-0.0002,0.0002,0.0209,0.2627,0.06,8.60
1,5,28.923,0.0,0.0,0.0,-0.0002,-0.0002,0.0002,0.0209,0.2627,0.06,8.60
1,5,28.942,0.0,0.0,0.0,-0.0002,-0.0002,0.0002,0.0209,0.2627,0.06,8.60
1,5,28.962,0.0,0.0,0.0,-0.0003,-0.0002,0.0002,0.0209,0.2627,0.06,8.60
1,5,28.984,0.0,0.0,0.0,-0.0002,-0.0001,0.0002,0.0210,0.2627,0.06,8.60
1,5,29.005,0.0,0.0,0.0,-0.0002,-0.0002,0.0002,0.0210,0.2627,0.06,8.60
1,5,29.024,0.0,0.0,0.0,-0.0003,-0.0002,0.0002,0.0210,0.2627,0.06,8.60
1,5,29.042,0.0,0.0,0.0,-0.0002,-0.0002,0.0002,0.0210,0.2627,0.06,8.60
1,5,29.061,0.0,0.0,0.0,-0.0003,-0.0003,0.0002,0.0211,0.2627,0.06,8.59
1,5,29.089,0.0,0.0,0.0,-0.0003,-0.0003,0.0002,0.0211,0.2627,0.06,8.59
1,5,29.104,0.0,0.0,0.0,-0.0002,-0.0002,0.0002,0.0211,0.2627,0.06,8.60
1,5,29.125,0.0,0.0,0.0,-0.0002,-0.0001,0.0002,0.0211,0.2627,0.06,8.59
1,5,29.143,0.0,0.0,0.0,-0.0003,-0.0003,0.0002,0.0211,0.2627,0.06,8.59
1,5,29.166,0.0,0.0,0.0,-0.0002,-0.0002,0.0002,0.0211,0.2626,0.06,8.59
1,5,29.182,0.0,0.0,0.0,-0.0002,-0.0002,0.0002,0.0211,0.2626,0.06,8.59
1,5,29.205,0.0,0.0,0.0,-0.0003,-0.0003,0.0002,0.0212,0.2626,0.06,8.59
1,5,29.222,0.0,0.0,0.0,-0.0003,-0.0003,0.0002,0.0212,0.2626,0.05,8.59
1,5,29.242,0.0,0.0,0.0,-0.0001,-0.0001,0.0002,0.0212,0.2626,0.05,8.59
1,5,29.263,0.0,0.0,0.0,-0.0004,-0.0004,0.0002,0.0212,0.2626,0.05,8.59
1,5,29.286,0.0,0.0,0.0,-0.0002,-0.0002,0.0002,0.0212,0.2626,0.05,8.59
1,5,29.307,0.0,0.0,0.0,-0.0001,-0.0001,0.0002,0.0212,0.2626,0.05,8.59
1,5,29.323,0.0,0.0,0.0,-0.0003,-0.0003,0.0002,0.0213,0.2626,0.05,8.59
1,5,29.342,0.0,0.0,0.0,-0.0003,-0.0003,0.0002,0.0213,0.2626,0.05,8.59
1,5,29.362,0.0,0.0,0.0,-0.0002,-0.0002,0.0002,0.0213,0.2626,0.05,8.59
1,5,29.385,0.0,0.0,0.0,-0.0002,-0.0002,0.0002,0.0213,0.2626,0.05,8.59
1,5,29.405,0.0,0.0,0.0,-0.0002,-0.0002,0.0002,0.0213,0.2626,0.05,8.59
1,5,29.425,0.0,0.0,0.0,-0.0003,-0.0003,0.0002,0.0213,0.2626,0.05,8.59
1,5,29.446,0.0,0.0,0.0,-0.0002,-0.0002,0.0002,0.0213,0.2626,0.05,8.59
1,5,29.462,0.0,0.0,0.0,-0.0003,-0.0003,0.0002,0.0213,0.2626,0.05,8.59
1,5,29.492,0.0,0.0,0.0,-0.0001,-0.0001,0.0002,0.0213,0.2626,0.05,8.59
1,5,29.508,0.0,0.0,0.0,-0.0005,-0.0005,0.0002,0.0214,0.2626,0.05,8.59
1,5,29.526,0.0,0.0,0.0,-0.0002,-0.0002,0.0002,0.0214,0.2626,0.05,8.59
1,5,29.547,0.0,0.0,0.0,-0.0003,-0.0003,0.0002,0.0214,0.2626,0.05,8.59
1,5,29.571,0.0,0.0,0.0,-0.0002,-0.0002,0.0002,0.0214,0.2625,0.05,8.59
1,5,29.587,0.0,0.0,0.0,-0.0002,-0.0002,0.0002,0.0214,0.2625,0.05,8.59
1,5,29.605,0.0,0.0,0.0,-0.0002,-0.0002,0.0002,0.0214,0.2625,0.05,8.59
1,5,29.625,0.0,0.0,0.0,-0.0003,-0.0003,0.0002,0.0214,0.2625,0.05,8.59
1,5,29.645,0.0,0.0,0.0,-0.0002,-0.0002,0.0002,0.0214,0.2625,0.05,8.59
1,5,29.683,0.0,0.0,0.0,-0.0002,-0.0002,0.0002,0.0214,0.2625,0.05,8.59
1,5,29.692,0.0,0.0,0.0,-0.0002,-0.0002,0.0002,0.0214,0.2625,0.05,8.59
1,5,29.721,0.0,0.0,0.0,-0.0003,-0.0003,0.0002,0.0214,0.2625,0.05,8.59
1,5,29.738,0.0,0.0,0.0,-0.0001,-0.0001,0.0002,0.0214,0.2625,0.05,8.60
1,5,29.745,0.0,0.0,0.0,0.0000,0.0000,0.0002,0.0214,0.2625,0.05,8.60
1,5,29.782,0.0,0.0,0.0,-0.0003,-0.0003,0.0002,0.0214,0.2625,0.05,8.59
1,5,29.786,0.0,0.0,0.0,-0.0003,-0.0003,0.0002,0.0214,0.2625,0.05,8.59
1,5,29.806,0.0,0.0,0.0,-0.0001,-0.0002,0.0002,0.0214,0.2625,0.05,8.60
1,5,29.827,0.0,0.0,0.0,-0.0002,-0.0002,0.0002,0.0215,0.2625,0.05,8.60
1,5,29.853,0.0,0.0,0.0,-0.0002,-0.0002,0.0002,0.0215,0.2625,0.05,8.60
1,5,29.874,0.0,0.0,0.0,-0.0002,-0.0002,0.0002,0.0215,0.2625,0.04,8.60
1,5,29.892,0.0,0.0,0.0,-0.0003,-0.0003,0.0002,0.0215,0.2625,0.04,8.60
1,5,29.905,0.0,0.0,0.0,-0.0002,-0.0002,0.0002,0.0215,0.2625,0.04,8.60
1,5,29.927,0.0,0.0,0.0,-0.0003,-0.0003,0.0002,0.0215,0.2625,0.04,8.60
1,5,29.947,0.0,0.0,0.0,-0.0001,-0.0001,0.0002,0.0215,0.2625,0.04,8.60
1,5,29.967,0.0,0.0,0.0,-0.0003,-0.0004,0.0002,0.0215,0.2625,0.04,8.60
1,5,29.987,0.0,0.0,0.0,-0.0003,-0.0003,0.0002,0.0215,0.2625,0.04,8.60
1,5,30.006,0.0,0.0,0.0,-0.0001,-0.0001,0.0002,0.0215,0.2625,0.04,8.60
1,5,30.027,0.0,0.0,0.0,-0.0002,-0.0002,0.0002,0.0215,0.2625,0.04,8.60
1,5,30.043,0.0,0.0,0.0,-0.0003,-0.0003,0.0002,0.0215,0.2624,0.04,8.60
1,5,30.068,0.0,0.0,0.0,-0.0002,-0.0002,0.0002,0.0215,0.2624,0.04,8.60
1,5,30.088,0.0,0.0,0.0,-0.0002,-0.0002,0.0002,0.0215,0.2624,0.04,8.60
2,0,0.006,0.0,0.0,0.0,-0.0000,-0.0001,0.0001,0.1149,0.2220,0.15,11.29
2,0,0.024,0.0,0.0,0.0,-0.0000,-0.0001,-0.0084,0.1140,0.2220,38.55,26.42
2,0,0.045,0.0,0.0,0.0,0.0231,0.0095,-0.0185,0.1038,0.2232,121.45,24.29
2,0,0.062,0.0,0.0,0.0,0.1096,0.0257,0.0169,0.0936,0.2251,108.03,21.73
2,0,0.084,0.0,0.0,0.0,0.0640,0.0062,0.0614,0.0872,0.2277,95.04,20.92
2,0,0.104,0.0,0.0,0.0,0.2362,0.0002,0.1290,0.0740,0.2331,69.34,19.38
2,0,0.128,0.0,0.0,0.0,0.1828,-0.0118,0.1368,0.0643,0.2378,57.76,16.69
2,0,0.146,0.0,0.0,0.0,0.1575,-0.0115,0.0943,0.0568,0.2412,58.39,14.84
2,0,0.163,0.0,0.0,0.0,0.4010,-0.0228,0.0570,0.0520,0.2439,51.91,13.11
2,0,0.183,0.0,0.0,0.0,0.2830,-0.0108,0.0320,0.0456,0.2472,47.19,12.35
2,0,0.204,0.0,0.0,0.0,0.3058,-0.0067,0.0082,0.0403,0.2504,42.92,11.66
2,0,0.229,0.0,0.0,0.0,0.4371,-0.0005,-0.0231,0.0315,0.2559,30.97,11.09
2,0,0.244,0.0,0.0,0.0,0.4717,0.0036,-0.0315,0.0286,0.2572,28.27,11.03
2,0,0.265,0.0,0.0,0.0,0.1138,0.0000,-0.0289,0.0256,0.2580,23.61,10.79
2,0,0.283,0.0,0.0,0.0,0.6184,-0.0166,-0.0219,0.0187,0.2600,19.12,9.23
2,0,0.305,0.0,0.0,0.0,0.3752,-0.0203,-0.0300,0.0127,0.2609,16.21,6.72
2,0,0.335,0.0,0.0,0.0,0.3674,-0.0136,-0.0427,0.0095,0.2617,15.75,6.14
2,0,0.347,0.0,0.0,0.0,0.3674,-0.0136,-0.0531,0.0075,0.2625,14.44,5.99
2,0,0.362,0.0,0.0,0.0,0.2850,-0.0005,-0.0458,0.0076,0.2632,13.36,5.62
2,0,0.382,0.0,0.0,0.0,0.3865,0.0020,-0.0255,0.0095,0.2642,10.93,6.71
2,0,0.402,0.0,0.0,0.0,0.2155,-0.0026,-0.0222,0.0113,0.2647,9.88,7.56
2,0,0.424,0.0,0.0,0.0,0.1979,-0.0088,-0.0222,0.0124,0.2650,9.21,7.59
2,0,0.444,0.0,0.0,0.0,0.1478,-0.0130,-0.0270,0.0135,0.2652,7.94,7.62
2,0,0.463,0.0,0.0,0.0,0.1680,-0.0216,-0.0262,0.0152,0.2652,6.08,7.82
2,0,0.483,0.0,0.0,0.0,0.1050,-0.0220,-0.0150,0.0162,0.2652,4.55,8.43
2,0,0.502,0.0,0.0,0.0,0.0448,-0.0225,-0.0135,0.0167,0.2651,3.10,8.96
2,0,0.523,0.0,0.0,0.0,0.0100,-0.0358,-0.0127,0.0164,0.2649,3.41,8.79
2,0,0.543,0.0,0.0,0.0,-0.0344,-0.0403,-0.0152,0.0156,0.2648,4.12,8.31
2,0,0.566,0.0,0.0,0.0,-0.0285,-0.0193,-0.0191,0.0153,0.2648,4.50,7.80
2,0,0.583,0.0,0.0,0.0,-0.0666,-0.0333,-0.0239,0.0148,0.2648,4.80,7.51
2,0,0.607,0.0,0.0,0.0,-0.1086,-0.0380,-0.0202,0.0142,0.2649,5.17,7.21
2,0,0.626,0.0,0.0,0.0,-0.0538,-0.0147,-0.0159,0.0138,0.2649,5.20,6.84
2,0,0.644,0.0,0.0,0.0,-0.1191,-0.0253,-0.0112,0.0130,0.2650,5.11,6.84
2,0,0.663,0.0,0.0,0.0,-0.1517,-0.0208,-0.0082,0.0118,0.2650,4.92,7.28
2,0,0.683,0.0,0.0,0.0,-0.1202,-0.0077,-0.0076,0.0112,0.2650,4.90,7.30
2,0,0.704,0.0,0.0,0.0,-0.1429,-0.0004,-0.0037,0.0099,0.2650,4.76,7.72
2,0,0.726,0.0,0.0,0.0,-0.1116,0.0051,-0.0015,0.0088,0.2649,4.76,7.94
2,0,0.742,0.0,0.0,0.0,-0.0774,0.0063,-0.0015,0.0085,0.2649,4.80,7.97
2,0,0.761,0.0,0.0,0.0,-0.1389,0.0165,-0.0019,0.0074,0.2647,4.83,8.02
2,0,0.782,0.0,0.0,0.0,-0.1448,0.0234,-0.0019,0.0070,0.2645,4.89,8.05
2,0,0.801,0.0,0.0,0.0,-0.0985,0.0188,-0.0012,0.0069,0.2642,4.93,7.93
2,0,0.827,0.0,0.0,0.0,-0.0928,0.0196,0.0011,0.0073,0.2639,4.98,7.79
2,0,0.842,0.0,0.0,0.0,-0.1027,0.0230,0.0027,0.0079,0.2636,4.87,7.67
2,0,0.865,0.0,0.0,0.0,-0.0531,0.0122,0.0041,0.0082,0.2634,4.78,7.73
2,0,0.883,0.0,0.0,0.0,-0.0838,0.0198,0.0061,0.0090,0.2629,4.46,7.71
2,0,0.905,0.0,0.0,0.0,-0.0639,0.0159,0.0068,0.0096,0.2625,3.91,8.00
2,0,0.925,0.0,0.0,0.0,-0.0281,0.0075,0.0058,0.0102,0.2621,3.27,8.19
2,0,0.944,0.0,0.0,0.0,-0.0433,0.0133,0.0054,0.0105,0.2619,2.97,8.24
2,0,0.965,0.0,0.0,0.0,-0.0141,0.0059,0.0053,0.0109,0.2617,2.37,8.32
2,0,0.986,0.0,0.0,0.0,-0.0055,0.0044,0.0041,0.0111,0.2615,1.71,8.34
2,0,1.004,0.0,0.0,0.0,0.0021,0.0017,0.0014,0.0114,0.2612,1.00,8.17
2,0,1.030,0.0,0.0,0.0,0.0059,0.0008,0.0012,0.0116,0.2611,0.95,8.01
2,0,1.046,0.0,0.0,0.0,0.0000,0.0000,0.0012,0.0116,0.2611,0.94,8.01
2,0,1.063,0.0,0.0,0.0,0.0117,0.0008,0.0010,0.0118,0.2609,0.88,7.82
2,0,1.083,0.0,0.0,0.0,0.0052,0.0004,0.0008,0.0119,0.2608,0.81,7.77
2,0,1.103,0.0,0.0,0.0,0.0072,0.0006,0.0006,0.0121,0.2607,0.75,7.74
2,0,1.124,0.0,0.0,0.0,0.0046,0.0004,0.0006,0.0122,0.2607,0.70,7.72
2,0,1.143,0.0,0.0,0.0,0.0041,0.0004,0.0005,0.0123,0.2606,0.63,7.70
2,0,1.171,0.0,0.0,0.0,0.0033,0.0004,0.0005,0.0124,0.2605,0.59,7.70
2,0,1.183,0.0,0.0,0.0,0.0022,0.0003,0.0005,0.0124,0.2605,0.54,7.69
2,0,1.204,0.0,0.0,0.0,0.0038,0.0005,0.0005,0.0125,0.2604,0.47,7.67
2,0,1.229,0.0,0.0,0.0,0.0021,0.0003,0.0004,0.0126,0.2604,0.44,7.66
2,0,1.243,0.0,0.0,0.0,0.0029,0.0004,0.0004,0.0127,0.2603,0.40,7.66
2,0,1.262,0.0,0.0,0.0,0.0024,0.0004,0.0004,0.0128,0.2603,0.37,7.65
2,0,1.281,0.0,0.0,0.0,0.0020,0.0003,0.0004,0.0128,0.2603,0.34,7.64
2,0,1.304,0.0,0.0,0.0,0.0022,0.0004,0.0004,0.0129,0.2602,0.32,7.64
2,0,1.329,0.0,0.0,0.0,0.0018,0.0003,0.0004,0.0130,0.2602,0.30,7.63
2,0,1.345,0.0,0.0,0.0,0.0012,0.0002,0.0004,0.0130,0.2602,0.30,7.63
2,0,1.364,0.0,0.0,0.0,0.0017,0.0003,0.0004,0.0130,0.2601,0.29,7.62
2,0,1.386,0.0,0.0,0.0,0.0020,0.0004,0.0004,0.0131,0.2601,0.28,7.61
2,0,1.404,0.0,0.0,0.0,0.0013,0.0002,0.0004,0.0132,0.2601,0.27,7.61
2,0,1.425,0.0,0.0,0.0,0.0018,0.0003,0.0004,0.0132,0.2600,0.27,7.60
2,0,1.443,0.0,0.0,0.0,0.0019,0.0003,0.0004,0.0133,0.2600,0.26,7.60
2,0,1.462,0.0,0.0,0.0,0.0016,0.0003,0.0004,0.0133,0.2600,0.26,7.60
2,0,1.485,0.0,0.0,0.0,0.0017,0.0003,0.0004,0.0134,0.2600,0.25,7.58
2,0,1.506,0.0,0.0,0.0,0.0011,0.0002,0.0004,0.0134,0.2599,0.24,7.58
2,0,1.524,0.0,0.0,0.0,0.0018,0.0004,0.0004,0.0135,0.2599,0.23,7.57
2,0,1.542,0.0,0.0,0.0,0.0013,0.0003,0.0004,0.0135,0.2599,0.23,7.56
2,0,1.563,0.0,0.0,0.0,0.0016,0.0003,0.0004,0.0136,0.2599,0.22,7.56
2,0,1.585,0.0,0.0,0.0,0.0009,0.0002,0.0004,0.0136,0.2598,0.22,7.55
2,0,1.603,0.0,0.0,0.0,0.0016,0.0003,0.0004,0.0137,0.2598,0.21,7.55
2,0,1.626,0.0,0.0,0.0,0.0010,0.0002,0.0004,0.0137,0.2598,0.20,7.54
2,0,1.644,0.0,0.0,0.0,0.0016,0.0003,0.0004,0.0137,0.2598,0.20,7.54
2,0,1.662,0.0,0.0,0.0,0.0014,0.0003,0.0004,0.0138,0.2598,0.19,7.53
2,0,1.685,0.0,0.0,0.0,0.0012,0.0003,0.0004,0.0138,0.2597,0.19,7.53
2,0,1.705,0.0,0.0,0.0,0.0010,0.0002,0.0004,0.0139,0.2597,0.18,7.53
2,0,1.724,0.0,0.0,0.0,0.0014,0.0003,0.0004,0.0139,0.2597,0.18,7.52
2,0,1.742,0.0,0.0,0.0,0.0013,0.0002,0.0004,0.0140,0.2597,0.17,7.51
2,0,1.763,0.0,0.0,0.0,0.0009,0.0003,0.0004,0.0140,0.2597,0.17,7.50
2,0,1.783,0.0,0.0,0.0,0.0013,0.0003,0.0004,0.0140,0.2596,0.17,7.50
2,0,1.803,0.0,0.0,0.0,0.0010,0.0003,0.0004,0.0141,0.2596,0.16,7.50
2,0,1.824,0.0,0.0,0.0,0.0010,0.0002,0.0004,0.0141,0.2596,0.16,7.49
2,0,1.845,0.0,0.0,0.0,0.0011,0.0003,0.0004,0.0142,0.2596,0.16,7.49
2,0,1.863,0.0,0.0,0.0,0.0010,0.0003,0.0004,0.0142,0.2596,0.15,7.48
2,0,1.883,0.0,0.0,0.0,0.0010,0.0003,0.0004,0.0142,0.2596,0.15,7.48
2,0,1.904,0.0,0.0,0.0,0.0009,0.0003,0.0004,0.0143,0.2596,0.15,7.47
2,0,1.926,0.0,0.0,0.0,0.0011,0.0003,0.0004,0.0143,0.2595,0.15,7.46
2,0,1.946,0.0,0.0,0.0,0.0007,0.0002,0.0004,0.0143,0.2595,0.14,7.46
2,0,1.963,0.0,0.0,0.0,0.0011,0.0003,0.0004,0.0144,0.2595,0.14,7.47
2,0,1.984,0.0,0.0,0.0,0.0011,0.0003,0.0004,0.0144,0.2595,0.14,7.47
2,0,2.004,0.0,0.0,0.0,0.0007,0.0002,0.0004,0.0144,0.2595,0.14,7.47
2,0,2.023,0.0,0.0,0.0,0.0010,0.0003,0.0004,0.0145,0.2595,0.14,7.48
2,0,2.046,0.0,0.0,0.0,0.0004,0.0001,0.0004,0.0145,0.2595,0.13,7.48
2,0,2.062,0.0,0.0,0.0,0.0013,0.0004,0.0004,0.0145,0.2594,0.13,7.48
2,0,2.083,0.0,0.0,0.0,0.0007,0.0002,0.0004,0.0146,0.2594,0.13,7.49
2,0,2.103,0.0,0.0,0.0,0.0008,0.0002,0.0004,0.0146,0.2594,0.13,7.49
2,0,2.128,0.0,0.0,0.0,0.0010,0.0003,0.0004,0.0146,0.2594,0.12,7.50
2,0,2.143,0.0,0.0,0.0,0.0009,0.0002,0.0004,0.0146,0.2594,0.12,7.50
2,0,2.162,0.0,0.0,0.0,0.0005,0.0002,0.0004,0.0147,0.2594,0.12,7.50
2,0,2.183,0.0,0.0,0.0,0.0012,0.0003,0.0004,0.0147,0.2594,0.12,7.51
2,0,2.205,0.0,0.0,0.0,0.0010,0.0003,0.0003,0.0147,0.2594,0.12,7.51
2,0,2.227,0.0,0.0,0.0,0.0004,0.0001,0.0003,0.0148,0.2594,0.12,7.51
2,0,2.245,0.0,0.0,0.0,0.0010,0.0003,0.0003,0.0148,0.2593,0.11,7.51
2,0,2.262,0.0,0.0,0.0,0.0008,0.0002,0.0003,0.0148,0.2593,0.11,7.52
2,0,2.282,0.0,0.0,0.0,0.0009,0.0003,0.0003,0.0148,0.2593,0.11,7.52
2,0,2.309,0.0,0.0,0.0,0.0007,0.0002,0.0003,0.0149,0.2593,0.11,7.52
2,0,2.324,0.0,0.0,0.0,0.0009,0.0003,0.0003,0.0149,0.2593,0.11,7.53
2,0,2.347,0.0,0.0,0.0,0.0004,0.0001,0.0003,0.0149,0.2593,0.11,7.53
2,0,2.363,0.0,0.0,0.0,0.0007,0.0002,0.0003,0.0149,0.2593,0.10,7.53
2,0,2.383,0.0,0.0,0.0,0.0009,0.0003,0.0003,0.0150,0.2593,0.10,7.54
2,0,2.403,0.0,0.0,0.0,0.0007,0.0002,0.0003,0.0150,0.2593,0.10,7.54
2,0,2.422,0.0,0.0,0.0,0.0008,0.0003,0.0003,0.0150,0.2593,0.10,7.54
2,0,2.443,0.0,0.0,0.0,0.0008,0.0002,0.0003,0.0150,0.2593,0.10,7.55
2,0,2.463,0.0,0.0,0.0,0.0005,0.0002,0.0003,0.0151,0.2592,0.10,7.55
2,0,2.483,0.0,0.0,0.0,0.0008,0.0003,0.0003,0.0151,0.2592,0.09,7.55
2,0,2.504,0.0,0.0,0.0,0.0009,0.0003,0.0003,0.0151,0.2592,0.09,7.56
2,0,2.525,0.0,0.0,0.0,0.0004,0.0001,0.0003,0.0152,0.2592,0.09,7.56
2,0,2.545,0.0,0.0,0.0,0.0009,0.0003,0.0003,0.0152,0.2592,0.09,7.56
2,0,2.561,0.0,0.0,0.0,0.0006,0.0002,0.0003,0.0152,0.2592,0.09,7.57
2,0,2.582,0.0,0.0,0.0,0.0004,0.0001,0.0003,0.0152,0.2592,0.09,7.57
2,0,2.605,0.0,0.0,0.0,0.0008,0.0002,0.0003,0.0152,0.2592,0.09,7.57
2,0,2.624,0.0,0.0,0.0,0.0008,0.0003,0.0003,0.0153,0.2592,0.08,7.57
2,0,2.643,0.0,0.0,0.0,0.0007,0.0003,0.0003,0.0153,0.2592,0.08,7.58
2,0,2.662,0.0,0.0,0.0,0.0008,0.0003,0.0003,0.0153,0.2592,0.08,7.58
2,0,2.682,0.0,0.0,0.0,0.0006,0.0002,0.0003,0.0153,0.2592,0.08,7.58
2,0,2.702,0.0,0.0,0.0,0.0004,0.0001,0.0003,0.0153,0.2592,0.08,7.58
2,0,2.723,0.0,0.0,0.0,0.0009,0.0003,0.0003,0.0154,0.2591,0.08,7.59
2,0,2.743,0.0,0.0,0.0,0.0007,0.0002,0.0003,0.0154,0.2591,0.08,7.59
2,0,2.763,0.0,0.0,0.0,0.0004,0.0001,0.0003,0.0154,0.2591,0.07,7.59
2,0,2.784,0.0,0.0,0.0,0.0009,0.0003,0.0003,0.0154,0.2591,0.07,7.60
2,0,2.804,0.0,0.0,0.0,0.0006,0.0002,0.0003,0.0155,0.2591,0.07,7.60
2,0,2.824,0.0,0.0,0.0,0.0007,0.0002,0.0003,0.0155,0.2591,0.07,7.60
2,0,2.845,0.0,0.0,0.0,0.0005,0.0002,0.0003,0.0155,0.2591,0.07,7.61
2,0,2.863,0.0,0.0,0.0,0.0007,0.0002,0.0003,0.0155,0.2591,0.07,7.61
2,0,2.884,0.0,0.0,0.0,0.0002,0.0001,0.0003,0.0155,0.2591,0.07,7.61
2,0,2.906,0.0,0.0,0.0,0.0007,0.0002,0.0003,0.0156,0.2591,0.07,7.62
2,0,2.926,0.0,0.0,0.0,0.0006,0.0002,0.0003,0.0156,0.2591,0.07,7.62
2,0,2.944,0.0,0.0,0.0,0.0006,0.0002,0.0003,0.0156,0.2591,0.06,7.62
2,0,2.964,0.0,0.0,0.0,0.0005,0.0002,0.0003,0.0156,0.2591,0.06,7.62
2,0,2.982,0.0,0.0,0.0,0.0006,0.0002,0.0003,0.0156,0.2591,0.06,7.63
2,1,3.008,0.3,0.0,0.0,0.0003,0.0001,0.0003,0.0156,0.2591,0.06,7.63
2,1,3.024,0.3,0.0,0.0,0.0005,0.0002,0.0003,0.0157,0.2591,0.06,13.54
2,1,3.044,0.3,0.0,0.0,0.0084,-0.0023,-0.0039,0.0136,0.2581,15.61,15.03
2,1,3.066,0.3,0.0,0.0,0.0090,0.0007,-0.0027,0.0123,0.2560,9.51,15.06
2,1,3.086,0.3,0.0,0.0,0.0121,0.0112,0.0112,0.0121,0.2491,6.08,17.26
2,1,3.104,0.3,0.0,0.0,0.0184,0.0202,0.0130,0.0124,0.2473,4.93,15.55
2,1,3.125,0.3,0.0,0.0,0.0125,0.0130,0.0102,0.0126,0.2451,4.61,15.08
2,1,3.146,0.3,0.0,0.0,0.0283,0.0264,0.0091,0.0114,0.2428,5.67,14.93
2,1,3.163,0.3,0.0,0.0,0.0405,0.0359,0.0108,0.0110,0.2423,5.77,15.21
2,1,3.184,0.3,0.0,0.0,0.0351,0.0327,0.0117,0.0112,0.2421,5.25,15.16
2,1,3.205,0.3,0.0,0.0,0.0538,0.0521,0.0149,0.0144,0.2435,7.37,14.92
2,1,3.228,0.3,0.0,0.0,0.0442,0.0434,0.0148,0.0181,0.2464,11.62,14.50
2,1,3.244,0.3,0.0,0.0,0.0521,0.0519,0.0147,0.0201,0.2487,11.23,14.35
2,1,3.263,0.3,0.0,0.0,0.0743,0.0766,0.0065,0.0246,0.2536,24.42,12.71
2,1,3.283,0.3,0.0,0.0,0.0553,0.0562,0.0065,0.0280,0.2586,5.31,11.16
2,1,3.304,0.3,0.0,0.0,0.0650,0.0506,0.0465,0.0268,0.2618,17.45,10.78
2,1,3.328,0.3,0.0,0.0,0.0824,0.0126,0.0589,0.0170,0.2627,16.58,13.02
2,1,3.343,0.3,0.0,0.0,0.1131,-0.0056,0.0471,0.0162,0.2620,13.37,13.07
2,1,3.364,0.3,0.0,0.0,0.0248,-0.0017,0.0347,0.0159,0.2613,22.57,14.72
2,1,3.383,0.3,0.0,0.0,0.0748,-0.0072,0.0087,0.0145,0.2546,44.50,17.19
2,1,3.404,0.3,0.0,0.0,0.0949,-0.0169,-0.0164,0.0119,0.2520,11.53,16.17
2,1,3.424,0.3,0.0,0.0,0.0683,-0.0171,0.0121,0.0086,0.2501,14.22,15.49
2,1,3.446,0.3,0.0,0.0,0.0846,-0.0223,0.0168,0.0059,0.2476,11.83,14.85
2,1,3.463,0.3,0.0,0.0,0.1536,-0.0434,0.0246,0.0044,0.2473,10.56,14.51
2,1,3.483,0.3,0.0,0.0,0.0653,-0.0199,0.0304,0.0029,0.2475,10.71,14.45
2,1,3.506,0.3,0.0,0.0,0.1708,-0.0559,0.0277,0.0011,0.2498,11.25,13.85
2,1,3.524,0.3,0.0,0.0,0.1041,-0.0349,0.0321,0.0020,0.2519,11.89,13.58
2,1,3.545,0.3,0.0,0.0,0.1109,-0.0371,0.0270,0.0035,0.2545,17.33,12.77
2,1,3.563,0.3,0.0,0.0,0.1388,-0.0451,0.0322,0.0044,0.2586,13.46,12.36
2,1,3.583,0.3,0.0,0.0,0.1932,-0.0650,0.0518,0.0062,0.2640,14.33,12.01
2,1,3.605,0.3,0.0,0.0,0.1642,-0.0561,0.0310,0.0087,0.2684,10.69,8.75
2,1,3.627,0.3,0.0,0.0,0.1416,-0.0397,-0.0181,0.0100,0.2683,7.61,13.08
2,1,3.648,0.3,0.0,0.0,0.2009,-0.0330,-0.0647,0.0131,0.2666,32.80,16.18
2,1,3.663,0.3,0.0,0.0,0.1606,-0.0200,-0.0485,0.0163,0.2626,16.48,16.14
2,1,3.687,0.3,0.0,0.0,0.1894,-0.0260,-0.0222,0.0200,0.2570,13.71,15.52
2,1,3.704,0.3,0.0,0.0,0.1660,-0.0217,-0.0103,0.0210,0.2549,11.95,15.53
2,1,3.726,0.3,0.0,0.0,0.1900,-0.0213,-0.0195,0.0216,0.2518,7.98,14.80
2,1,3.745,0.3,0.0,0.0,0.1272,-0.0112,-0.0245,0.0215,0.2501,7.64,14.79
2,1,3.763,0.3,0.0,0.0,0.2594,-0.0165,-0.0214,0.0207,0.2485,7.74,14.07
2,1,3.783,0.3,0.0,0.0,0.2406,-0.0121,-0.0109,0.0196,0.2482,7.28,13.66
2,1,3.805,0.3,0.0,0.0,0.0933,-0.0049,-0.0046,0.0194,0.2486,8.37,13.43
2,1,3.822,0.3,0.0,0.0,0.2745,-0.0162,0.0004,0.0198,0.2506,12.88,13.07
2,1,3.843,0.3,0.0,0.0,0.2304,-0.0163,0.0007,0.0220,0.2551,16.79,12.60
2,1,3.864,0.3,0.0,0.0,0.2266,-0.0173,-0.0045,0.0247,0.2596,16.21,11.56
2,1,3.884,0.3,0.0,0.0,0.2764,-0.0225,-0.0254,0.0292,0.2653,16.60,9.29
2,1,3.903,0.3,0.0,0.0,0.2034,-0.0098,-0.0331,0.0313,0.2682,8.63,10.36
2,1,3.930,0.3,0.0,0.0,0.1936,0.0161,-0.0069,0.0271,0.2689,8.43,11.48
2,1,3.943,0.3,0.0,0.0,0.1169,0.0153,0.0136,0.0253,0.2682,11.08,11.51
2,1,3.963,0.3,0.0,0.0,0.1631,0.0191,0.0713,0.0236,0.2658,61.52,14.68
2,1,3.985,0.3,0.0,0.0,0.0920,0.0060,0.0581,0.0232,0.2600,37.35,13.73
2,1,4.005,0.3,0.0,0.0,0.1913,0.0089,0.0461,0.0232,0.2580,14.18,13.10
2,1,4.023,0.3,0.0,0.0,0.2358,0.0137,0.0372,0.0229,0.2547,7.80,12.96
2,1,4.042,0.3,0.0,0.0,0.0530,0.0031,0.0291,0.0226,0.2531,5.81,13.11
2,1,4.064,0.3,0.0,0.0,0.2589,0.0162,0.0253,0.0214,0.2513,3.74,13.02
2,1,4.085,0.3,0.0,0.0,0.1921,0.0133,0.0231,0.0205,0.2509,5.09,12.78
2,1,4.106,0.3,0.0,0.0,0.1098,0.0079,0.0246,0.0199,0.2512,5.45,12.65
2,1,4.123,0.3,0.0,0.0,0.2139,0.0165,0.0262,0.0189,0.2532,9.88,12.15
2,1,4.144,0.3,0.0,0.0,0.1894,0.0165,0.0278,0.0185,0.2559,11.30,11.54
2,1,4.161,0.3,0.0,0.0,0.0784,0.0069,0.0278,0.0185,0.2581,5.78,11.51
2,1,4.185,0.3,0.0,0.0,0.2659,0.0211,0.0510,0.0202,0.2655,15.20,10.39
2,1,4.208,0.3,0.0,0.0,0.2318,0.0031,0.0816,0.0216,0.2676,13.65,7.88
2,1,4.223,0.3,0.0,0.0,0.1708,-0.0107,0.0208,0.0223,0.2682,11.70,9.64
2,1,4.242,0.3,0.0,0.0,0.2166,-0.0131,-0.0513,0.0239,0.2667,54.62,15.37
2,1,4.264,0.3,0.0,0.0,0.1754,-0.0023,-0.0433,0.0254,0.2615,27.57,14.60
2,1,4.282,0.3,0.0,0.0,0.1481,-0.0034,-0.0172,0.0267,0.2586,13.80,14.39
2,1,4.308,0.3,0.0,0.0,0.1723,-0.0063,-0.0179,0.0265,0.2537,9.78,12.75
2,1,4.323,0.3,0.0,0.0,0.2095,-0.0101,-0.0217,0.0260,0.2524,7.94,12.77
2,1,4.343,0.3,0.0,0.0,0.1448,-0.0055,-0.0188,0.0250,0.2505,5.57,12.59
2,1,4.363,0.3,0.0,0.0,0.2314,-0.0071,-0.0073,0.0236,0.2490,4.91,12.60
2,1,4.385,0.3,0.0,0.0,0.1710,-0.0044,0.0012,0.0224,0.2488,4.77,12.68
2,1,4.409,0.3,0.0,0.0,0.0923,-0.0028,0.0065,0.0215,0.2495,8.27,12.53
2,1,4.424,0.3,0.0,0.0,0.2375,-0.0089,0.0068,0.0212,0.2515,10.23,12.54
2,1,4.443,0.3,0.0,0.0,0.2102,-0.0097,0.0029,0.0218,0.2549,18.79,12.16
2,1,4.467,0.3,0.0,0.0,0.1992,-0.0110,-0.0127,0.0240,0.2606,12.93,11.18
2,1,4.486,0.3,0.0,0.0,0.0709,-0.0050,-0.0129,0.0257,0.2636,22.18,9.16
2,1,4.505,0.3,0.0,0.0,0.2658,-0.0206,-0.0438,0.0289,0.2695,6.41,5.96
2,1,4.524,0.3,0.0,0.0,0.1656,0.0004,-0.0554,0.0286,0.2708,17.41,10.96
2,1,4.546,0.3,0.0,0.0,0.1859,0.0131,0.0245,0.0253,0.2674,30.77,12.32
2,1,4.564,0.3,0.0,0.0,0.1405,0.0072,0.0461,0.0240,0.2646,26.39,14.41
2,1,4.586,0.3,0.0,0.0,0.1638,0.0005,0.0517,0.0234,0.2603,14.84,13.73
2,1,4.610,0.3,0.0,0.0,0.1186,0.0004,0.0375,0.0229,0.2559,6.34,12.99
2,1,4.623,0.3,0.0,0.0,0.1805,0.0029,0.0249,0.0223,0.2542,3.64,12.98
2,1,4.643,0.3,0.0,0.0,0.1009,0.0020,0.0221,0.0211,0.2525,3.80,12.79
2,1,4.663,0.3,0.0,0.0,0.1439,0.0031,0.0194,0.0194,0.2510,4.49,12.71
2,1,4.685,0.3,0.0,0.0,0.1786,0.0029,0.0186,0.0182,0.2508,5.19,12.68
2,1,4.711,0.3,0.0,0.0,0.1380,0.0018,0.0190,0.0162,0.2524,9.78,12.50
2,1,4.722,0.3,0.0,0.0,0.1621,0.0028,0.0200,0.0158,0.2533,10.28,12.33
2,1,4.742,0.3,0.0,0.0,0.1520,0.0028,0.0280,0.0140,0.2564,19.35,11.75
2,1,4.763,0.3,0.0,0.0,0.1574,0.0022,0.0309,0.0132,0.2602,5.55,11.51
2,1,4.786,0.3,0.0,0.0,0.2020,-0.0009,0.0343,0.0137,0.2644,12.03,10.64
2,1,4.808,0.3,0.0,0.0,0.1707,-0.0067,0.0408,0.0167,0.2685,8.92,7.03
2,1,4.824,0.3,0.0,0.0,0.1538,-0.0091,0.0239,0.0175,0.2684,8.41,7.03
2,1,4.845,0.3,0.0,0.0,0.2063,-0.0115,-0.0261,0.0206,0.2666,54.56,15.47
2,1,4.864,0.3,0.0,0.0,0.1621,-0.0057,-0.0276,0.0229,0.2612,27.60,15.11
2,1,4.883,0.3,0.0,0.0,0.1555,-0.0061,-0.0152,0.0240,0.2595,12.98,14.98
2,1,4.905,0.3,0.0,0.0,0.1383,-0.0041,-0.0206,0.0244,0.2550,12.80,14.22
2,1,4.924,0.3,0.0,0.0,0.1537,-0.0039,-0.0188,0.0238,0.2518,6.61,13.53
2,1,4.943,0.3,0.0,0.0,0.1033,-0.0009,-0.0184,0.0231,0.2505,6.02,13.54
2,1,4.966,0.3,0.0,0.0,0.2527,0.0050,-0.0108,0.0218,0.2487,4.71,13.35
2,1,4.986,0.3,0.0,0.0,0.1444,-0.0032,-0.0043,0.0208,0.2485,4.05,13.45
2,1,5.005,0.3,0.0,0.0,0.0557,0.0006,-0.0013,0.0202,0.2488,4.97,13.37
2,1,5.025,0.3,0.0,0.0,0.2202,0.0024,0.0022,0.0196,0.2503,14.21,13.18
2,1,5.043,0.3,0.0,0.0,0.1850,0.0023,-0.0027,0.0196,0.2541,7.44,12.53
2,1,5.063,0.3,0.0,0.0,0.2404,0.0030,-0.0149,0.0208,0.2590,16.81,11.83
2,1,5.084,0.3,0.0,0.0,0.1787,-0.0000,-0.0161,0.0226,0.2635,10.72,11.63
2,1,5.103,0.3,0.0,0.0,0.2325,-0.0016,-0.0368,0.0252,0.2681,8.81,6.83
2,1,5.127,0.3,0.0,0.0,0.0642,0.0044,-0.0476,0.0242,0.2696,4.25,7.81
2,1,5.143,0.3,0.0,0.0,0.2029,0.0230,0.0055,0.0219,0.2689,20.68,11.51
2,1,5.162,0.3,0.0,0.0,0.1360,0.0156,0.0445,0.0211,0.2636,24.71,14.90
2,1,5.186,0.3,0.0,0.0,0.1239,0.0059,0.0426,0.0215,0.2610,15.63,14.44
2,1,5.206,0.3,0.0,0.0,0.1850,0.0073,0.0373,0.0225,0.2564,7.31,13.45
2,1,5.226,0.3,0.0,0.0,0.1712,0.0117,0.0224,0.0213,0.2531,4.46,12.74
2,1,5.243,0.3,0.0,0.0,0.1471,0.0105,0.0214,0.0210,0.2526,4.43,12.69
2,1,5.263,0.3,0.0,0.0,0.1176,0.0074,0.0197,0.0197,0.2510,4.92,12.61
2,1,5.288,0.3,0.0,0.0,0.1894,0.0108,0.0228,0.0183,0.2512,5.63,12.48
2,1,5.306,0.3,0.0,0.0,0.1572,0.0088,0.0207,0.0174,0.2521,7.74,12.43
2,1,5.328,0.3,0.0,0.0,0.1664,0.0108,0.0188,0.0163,0.2544,9.47,12.02
2,1,5.346,0.3,0.0,0.0,0.2173,0.0148,0.0194,0.0159,0.2571,6.35,11.99
2,1,5.371,0.3,0.0,0.0,0.1501,0.0096,0.0224,0.0160,0.2594,25.42,11.44
2,1,5.384,0.3,0.0,0.0,0.1618,0.0085,0.0405,0.0171,0.2642,24.64,11.03
2,1,5.404,0.3,0.0,0.0,0.2804,0.0039,0.0637,0.0189,0.2672,20.21,7.91
2,1,5.424,0.3,0.0,0.0,0.1698,-0.0184,0.0331,0.0191,0.2687,7.73,10.17
2,1,5.444,0.3,0.0,0.0,0.1979,-0.0158,-0.0286,0.0209,0.2660,47.32,16.64
2,1,5.462,0.3,0.0,0.0,0.1660,-0.0155,-0.0516,0.0234,0.2612,10.57,17.22
2,1,5.483,0.3,0.0,0.0,0.0564,-0.0017,-0.0466,0.0252,0.2586,12.13,14.25
2,1,5.505,0.3,0.0,0.0,0.1591,-0.0055,-0.0335,0.0270,0.2542,9.58,13.69
2,1,5.527,0.3,0.0,0.0,0.1659,-0.0074,-0.0328,0.0268,0.2520,8.64,13.47
2,1,5.550,0.3,0.0,0.0,0.1933,-0.0077,-0.0320,0.0255,0.2493,6.41,13.50
2,1,5.562,0.3,0.0,0.0,0.0922,-0.0032,-0.0243,0.0248,0.2484,5.92,13.46
2,1,5.584,0.3,0.0,0.0,0.1749,-0.0051,-0.0098,0.0231,0.2479,6.82,13.36
2,1,5.604,0.3,0.0,0.0,0.1174,-0.0031,-0.0029,0.0221,0.2491,9.35,13.34
2,1,5.625,0.3,0.0,0.0,0.3130,-0.0078,0.0007,0.0217,0.2510,10.52,13.09
2,1,5.643,0.3,0.0,0.0,0.1928,-0.0062,0.0036,0.0222,0.2539,17.30,12.35
2,1,5.663,0.3,0.0,0.0,0.1126,-0.0045,0.0004,0.0230,0.2567,11.65,12.10
2,1,5.684,0.3,0.0,0.0,0.2665,-0.0127,-0.0177,0.0267,0.2646,15.57,9.25
2,1,5.704,0.3,0.0,0.0,0.2623,-0.0143,-0.0486,0.0292,0.2685,7.34,6.40
2,1,5.725,0.3,0.0,0.0,0.1080,0.0004,-0.0295,0.0291,0.2701,11.04,11.76
2,1,5.748,0.3,0.0,0.0,0.2260,0.0186,0.0242,0.0257,0.2664,22.46,12.10
2,1,5.766,0.3,0.0,0.0,0.0832,0.0077,0.0437,0.0244,0.2629,14.04,14.39
2,1,5.785,0.3,0.0,0.0,0.1235,0.0090,0.0495,0.0237,0.2598,27.19,13.46
2,1,5.806,0.3,0.0,0.0,0.1871,0.0053,0.0390,0.0233,0.2557,13.36,13.05
2,1,5.828,0.3,0.0,0.0,0.1386,0.0058,0.0252,0.0222,0.2534,6.73,12.79
2,1,5.844,0.3,0.0,0.0,0.1252,0.0060,0.0219,0.0218,0.2526,7.05,12.79
2,1,5.869,0.3,0.0,0.0,0.0992,0.0050,0.0161,0.0211,0.2511,7.21,12.71
2,1,5.887,0.3,0.0,0.0,0.1791,0.0093,0.0170,0.0194,0.2505,4.96,12.57
2,1,5.904,0.3,0.0,0.0,0.1703,0.0094,0.0237,0.0183,0.2507,8.33,12.56
2,1,5.925,0.3,0.0,0.0,0.1158,0.0065,0.0220,0.0167,0.2544,10.43,11.95
2,1,5.943,0.3,0.0,0.0,0.1895,0.0113,0.0285,0.0159,0.2566,18.72,11.79
2,1,5.964,0.3,0.0,0.0,0.1601,0.0093,0.0295,0.0154,0.2579,10.10,11.74
2,1,5.986,0.3,0.0,0.0,0.1566,0.0061,0.0311,0.0157,0.2633,8.10,10.72
2,1,6.008,0.3,0.0,0.0,0.2697,-0.0063,0.0815,0.0185,0.2682,14.59,7.77
2,1,6.028,0.3,0.0,0.0,0.0542,-0.0040,0.0292,0.0200,0.2684,9.97,7.77
2,1,6.045,0.3,0.0,0.0,0.2757,-0.0207,-0.0484,0.0227,0.2666,49.00,15.76
2,1,6.062,0.3,0.0,0.0,0.1466,-0.0039,-0.0595,0.0242,0.2630,24.46,17.08
2,1,6.081,0.3,0.0,0.0,0.1560,-0.0035,-0.0368,0.0264,0.2580,18.83,16.65
2,1,6.105,0.3,0.0,0.0,0.2323,-0.0066,-0.0247,0.0272,0.2539,9.54,13.24
2,1,6.124,0.3,0.0,0.0,0.1791,-0.0068,-0.0298,0.0262,0.2516,7.90,13.04
2,1,6.144,0.3,0.0,0.0,0.1056,-0.0035,-0.0228,0.0251,0.2499,5.72,13.07
2,1,6.163,0.3,0.0,0.0,0.2854,-0.0081,-0.0080,0.0237,0.2486,5.65,12.93
2,1,6.184,0.3,0.0,0.0,0.1527,-0.0036,0.0028,0.0224,0.2484,5.89,12.86
2,1,6.203,0.3,0.0,0.0,0.1661,-0.0046,0.0068,0.0219,0.2491,7.09,12.69
2,1,6.225,0.3,0.0,0.0,0.2300,-0.0091,0.0113,0.0224,0.2521,9.45,12.36
2,1,6.243,0.3,0.0,0.0,0.2723,-0.0143,0.0032,0.0236,0.2549,15.21,12.39
2,1,6.262,0.3,0.0,0.0,0.1115,-0.0060,-0.0029,0.0255,0.2590,17.82,10.79
2,1,6.285,0.3,0.0,0.0,0.3905,-0.0296,-0.0183,0.0293,0.2655,17.40,8.94
2,1,6.305,0.3,0.0,0.0,0.1703,-0.0115,-0.0448,0.0312,0.2686,7.38,8.55
2,1,6.325,0.3,0.0,0.0,0.1777,0.0063,-0.0196,0.0285,0.2703,8.36,11.55
2,1,6.343,0.3,0.0,0.0,0.1488,0.0196,0.0220,0.0251,0.2688,16.93,12.44
2,1,6.362,0.3,0.0,0.0,0.1804,0.0137,0.0381,0.0235,0.2650,27.96,14.28
2,1,6.386,0.3,0.0,0.0,0.1301,0.0028,0.0273,0.0236,0.2600,8.21,13.25
2,1,6.404,0.3,0.0,0.0,0.1708,0.0043,0.0281,0.0234,0.2575,10.10,12.77
2,1,6.426,0.3,0.0,0.0,0.1455,0.0058,0.0122,0.0217,0.2533,4.23,12.76
2,1,6.446,0.3,0.0,0.0,0.2067,0.0094,0.0125,0.0208,0.2523,4.13,12.60
2,1,6.462,0.3,0.0,0.0,0.1340,0.0050,0.0132,0.0196,0.2512,4.27,12.58
2,1,6.485,0.3,0.0,0.0,0.1390,0.0048,0.0141,0.0181,0.2511,5.06,12.57
2,1,6.504,0.3,0.0,0.0,0.1101,0.0034,0.0142,0.0173,0.2520,8.93,12.48
2,1,6.526,0.3,0.0,0.0,0.1279,0.0048,0.0212,0.0156,0.2550,7.11,12.03
2,1,6.543,0.3,0.0,0.0,0.2149,0.0081,0.0195,0.0149,0.2566,10.05,11.83
2,1,6.562,0.3,0.0,0.0,0.1831,0.0055,0.0195,0.0144,0.2588,5.22,11.75
2,1,6.585,0.3,0.0,0.0,0.1287,0.0019,0.0344,0.0147,0.2640,13.68,10.73
2,1,6.605,0.3,0.0,0.0,0.1671,-0.0016,0.0840,0.0166,0.2684,11.15,10.70
2,1,6.628,0.3,0.0,0.0,0.2155,-0.0116,-0.0068,0.0198,0.2683,8.32,10.99
2,1,6.643,0.3,0.0,0.0,0.1662,-0.0075,-0.0680,0.0226,0.2678,13.97,14.94
2,1,6.663,0.3,0.0,0.0,0.1930,-0.0056,-0.0556,0.0254,0.2635,25.28,15.89
2,1,6.687,0.3,0.0,0.0,0.1294,-0.0052,-0.0173,0.0277,0.2576,15.83,14.11
2,1,6.704,0.3,0.0,0.0,0.1995,-0.0084,-0.0122,0.0274,0.2555,12.18,13.49
2,1,6.724,0.3,0.0,0.0,0.1331,-0.0056,-0.0292,0.0262,0.2516,8.16,13.42
2,1,6.745,0.3,0.0,0.0,0.1389,-0.0049,-0.0191,0.0251,0.2500,5.71,13.20
2,1,6.766,0.3,0.0,0.0,0.1801,-0.0034,-0.0153,0.0242,0.2495,5.85,13.23
2,1,6.785,0.3,0.0,0.0,0.2170,-0.0027,-0.0069,0.0227,0.2489,4.12,13.20
2,1,6.811,0.3,0.0,0.0,0.1662,-0.0020,0.0012,0.0217,0.2498,8.01,13.13
2,1,6.824,0.3,0.0,0.0,0.2661,-0.0055,0.0020,0.0217,0.2518,8.16,13.11
2,1,6.843,0.3,0.0,0.0,0.1839,-0.0045,0.0003,0.0226,0.2544,16.92,12.69
2,1,6.863,0.3,0.0,0.0,0.0715,-0.0019,-0.0015,0.0235,0.2572,9.73,12.41
2,1,6.885,0.3,0.0,0.0,0.2606,-0.0088,-0.0186,0.0263,0.2633,16.77,9.33
2,1,6.905,0.3,0.0,0.0,0.2591,-0.0099,-0.0495,0.0288,0.2682,6.48,7.80
2,1,6.924,0.3,0.0,0.0,0.1371,0.0064,-0.0285,0.0272,0.2700,5.03,9.11
2,1,6.946,0.3,0.0,0.0,0.1933,0.0199,0.0299,0.0241,0.2669,51.17,12.05
2,1,6.963,0.3,0.0,0.0,0.1682,0.0100,0.0393,0.0236,0.2641,16.00,13.74
2,1,6.984,0.3,0.0,0.0,0.1082,0.0029,0.0349,0.0232,0.2588,12.18,12.93
2,1,7.005,0.3,0.0,0.0,0.2247,0.0083,0.0283,0.0227,0.2563,11.05,12.85
2,1,7.025,0.3,0.0,0.0,0.1638,0.0079,0.0158,0.0210,0.2540,7.22,12.42
2,1,7.044,0.3,0.0,0.0,0.0961,0.0040,0.0144,0.0203,0.2527,3.89,12.38
2,1,7.062,0.3,0.0,0.0,0.1999,0.0069,0.0092,0.0192,0.2511,3.95,12.64
2,1,7.084,0.3,0.0,0.0,0.1377,0.0045,0.0159,0.0183,0.2511,4.43,12.72
2,1,7.105,0.3,0.0,0.0,0.1346,0.0048,0.0165,0.0174,0.2517,5.36,12.54
2,1,7.124,0.3,0.0,0.0,0.1617,0.0070,0.0214,0.0160,0.2538,12.61,12.16
2,1,7.143,0.3,0.0,0.0,0.2064,0.0096,0.0239,0.0152,0.2572,7.40,11.77
2,1,7.162,0.3,0.0,0.0,0.1536,0.0064,0.0232,0.0151,0.2603,9.39,11.48
2,1,7.184,0.3,0.0,0.0,0.2377,0.0075,0.0365,0.0163,0.2657,6.88,10.32
2,1,7.204,0.3,0.0,0.0,0.1749,-0.0038,0.0571,0.0182,0.2683,9.03,7.88
2,1,7.224,0.3,0.0,0.0,0.1571,-0.0109,0.0127,0.0193,0.2684,8.73,11.28
2,1,7.245,0.3,0.0,0.0,0.1657,-0.0070,-0.0365,0.0212,0.2660,44.04,15.66
2,1,7.262,0.3,0.0,0.0,0.1293,-0.0018,-0.0256,0.0230,0.2609,13.04,15.49
2,1,7.284,0.3,0.0,0.0,0.2155,-0.0039,-0.0088,0.0242,0.2571,9.05,13.75
2,1,7.304,0.3,0.0,0.0,0.1514,-0.0014,-0.0114,0.0240,0.2547,6.59,13.47
2,1,7.326,0.3,0.0,0.0,0.1399,-0.0003,-0.0223,0.0229,0.2509,4.63,13.40
2,1,7.345,0.3,0.0,0.0,0.2195,0.0016,-0.0151,0.0224,0.2497,4.54,13.28
2,1,7.363,0.3,0.0,0.0,0.2161,0.0025,-0.0037,0.0213,0.2485,3.55,13.11
2,1,7.384,0.3,0.0,0.0,0.1698,0.0018,0.0011,0.0206,0.2483,3.02,13.23
2,1,7.403,0.3,0.0,0.0,0.2192,0.0019,0.0033,0.0201,0.2490,5.00,13.08
2,1,7.428,0.3,0.0,0.0,0.1210,0.0010,0.0026,0.0200,0.2512,15.03,13.10
2,1,7.443,0.3,0.0,0.0,0.2518,0.0018,-0.0051,0.0207,0.2546,9.88,12.45
2,1,7.464,0.3,0.0,0.0,0.1970,-0.0000,-0.0069,0.0220,0.2581,20.51,11.33
2,1,7.482,0.3,0.0,0.0,0.1578,-0.0034,-0.0139,0.0240,0.2635,26.75,9.28
2,1,7.504,0.3,0.0,0.0,0.2291,-0.0050,-0.0582,0.0261,0.2691,8.70,6.97
2,1,7.527,0.3,0.0,0.0,0.1606,0.0083,-0.0220,0.0253,0.2700,5.86,11.54
2,1,7.543,0.3,0.0,0.0,0.1591,0.0172,0.0390,0.0249,0.2691,15.17,11.92
2,1,7.561,0.3,0.0,0.0,0.1455,0.0127,0.0359,0.0253,0.2650,17.31,13.39
2,1,7.590,0.3,0.0,0.0,0.1361,0.0097,0.0247,0.0253,0.2603,6.00,13.31
2,1,7.605,0.3,0.0,0.0,0.1226,0.0101,0.0285,0.0246,0.2588,13.43,13.13
2,1,7.625,0.3,0.0,0.0,0.1297,0.0089,0.0245,0.0228,0.2555,10.27,12.57
2,1,7.645,0.3,0.0,0.0,0.1858,0.0115,0.0171,0.0202,0.2526,4.67,12.14
2,1,7.663,0.3,0.0,0.0,0.1480,0.0076,0.0157,0.0188,0.2520,3.77,12.13
2,1,7.687,0.3,0.0,0.0,0.1317,0.0063,0.0131,0.0174,0.2521,4.73,12.22
2,1,7.705,0.3,0.0,0.0,0.2237,0.0100,0.0126,0.0167,0.2529,5.13,12.16
2,1,7.723,0.3,0.0,0.0,0.1326,0.0061,0.0143,0.0159,0.2548,17.57,12.03
2,1,7.743,0.3,0.0,0.0,0.2171,0.0105,0.0274,0.0151,0.2588,7.27,11.55
2,1,7.762,0.3,0.0,0.0,0.1519,0.0069,0.0350,0.0151,0.2627,10.67,11.50
2,1,7.783,0.3,0.0,0.0,0.2479,0.0082,0.0518,0.0159,0.2662,10.44,10.45
2,1,7.804,0.3,0.0,0.0,0.2395,-0.0086,0.0750,0.0170,0.2690,12.70,8.00
2,1,7.832,0.3,0.0,0.0,0.1069,-0.0119,0.0123,0.0179,0.2693,6.98,11.07
2,1,7.843,0.3,0.0,0.0,0.2284,-0.0198,-0.0550,0.0195,0.2679,7.84,12.41
2,1,7.863,0.3,0.0,0.0,0.1703,-0.0062,-0.0701,0.0218,0.2647,48.31,15.45
2,1,7.884,0.3,0.0,0.0,0.1580,-0.0053,-0.0228,0.0245,0.2578,17.08,13.93
2,1,7.904,0.3,0.0,0.0,0.1293,-0.0064,-0.0193,0.0252,0.2558,8.01,13.21
2,1,7.923,0.3,0.0,0.0,0.1694,-0.0074,-0.0259,0.0249,0.2530,7.13,13.51
2,1,7.942,0.3,0.0,0.0,0.1984,-0.0069,-0.0188,0.0243,0.2509,6.09,13.12
2,1,7.963,0.3,0.0,0.0,0.2026,-0.0049,-0.0127,0.0230,0.2498,4.83,13.23
2,1,7.982,0.3,0.0,0.0,0.1426,-0.0030,-0.0032,0.0217,0.2493,4.13,13.28
2,1,8.005,0.3,0.0,0.0,0.2144,-0.0046,0.0022,0.0210,0.2498,5.40,13.22
2,1,8.024,0.3,0.0,0.0,0.1073,-0.0025,0.0021,0.0208,0.2512,23.68,13.25
2,1,8.044,0.3,0.0,0.0,0.2332,-0.0052,-0.0119,0.0216,0.2563,11.37,12.80
2,1,8.063,0.3,0.0,0.0,0.1973,-0.0060,-0.0106,0.0233,0.2598,16.24,11.56
2,1,8.086,0.3,0.0,0.0,0.1880,-0.0093,-0.0112,0.0256,0.2647,30.79,9.37
2,1,8.105,0.3,0.0,0.0,0.1448,-0.0051,-0.0516,0.0280,0.2700,9.97,7.40
2,1,8.124,0.3,0.0,0.0,0.1806,0.0059,-0.0220,0.0272,0.2707,10.81,11.76
2,1,8.144,0.3,0.0,0.0,0.1853,0.0164,0.0222,0.0262,0.2691,34.89,11.92
2,1,8.163,0.3,0.0,0.0,0.1346,0.0090,0.0327,0.0256,0.2630,14.50,13.40
2,1,8.185,0.3,0.0,0.0,0.1767,0.0095,0.0345,0.0249,0.2604,10.62,12.92
2,1,8.204,0.3,0.0,0.0,0.1274,0.0072,0.0293,0.0237,0.2574,13.89,12.55
2,1,8.224,0.3,0.0,0.0,0.1406,0.0080,0.0139,0.0218,0.2538,9.11,12.49
2,1,8.245,0.3,0.0,0.0,0.1601,0.0075,0.0124,0.0202,0.2519,3.15,12.33
2,1,8.265,0.3,0.0,0.0,0.1651,0.0063,0.0119,0.0195,0.2513,4.62,12.63
2,1,8.285,0.3,0.0,0.0,0.1871,0.0072,0.0186,0.0180,0.2514,4.17,12.53
2,1,8.305,0.3,0.0,0.0,0.1225,0.0048,0.0175,0.0166,0.2526,10.19,12.40
2,1,8.325,0.3,0.0,0.0,0.1459,0.0063,0.0220,0.0158,0.2540,7.37,12.05
2,1,8.342,0.3,0.0,0.0,0.2056,0.0096,0.0214,0.0149,0.2576,11.01,11.50
2,1,8.364,0.3,0.0,0.0,0.1771,0.0077,0.0283,0.0152,0.2619,7.48,11.34
2,1,8.385,0.3,0.0,0.0,0.1710,0.0060,0.0354,0.0162,0.2656,7.47,11.26
2,1,8.404,0.3,0.0,0.0,0.2354,0.0016,0.0681,0.0176,0.2685,13.20,6.82
2,1,8.423,0.3,0.0,0.0,0.1714,-0.0099,0.0356,0.0187,0.2693,12.86,10.52
2,1,8.443,0.3,0.0,0.0,0.2220,-0.0117,-0.0209,0.0206,0.2651,33.20,15.90
2,1,8.461,0.3,0.0,0.0,0.1257,-0.0022,-0.0189,0.0233,0.2599,11.38,14.27
2,1,8.486,0.3,0.0,0.0,0.1644,-0.0027,-0.0262,0.0243,0.2577,9.54,13.44
2,1,8.504,0.3,0.0,0.0,0.1476,-0.0041,-0.0348,0.0249,0.2555,9.21,13.26
2,1,8.524,0.3,0.0,0.0,0.1512,-0.0026,-0.0216,0.0251,0.2518,4.78,13.41
2,1,8.544,0.3,0.0,0.0,0.1741,0.0002,-0.0177,0.0243,0.2500,5.28,13.17
2,1,8.564,0.3,0.0,0.0,0.2247,-0.0002,-0.0093,0.0228,0.2488,4.45,13.00
2,1,8.586,0.3,0.0,0.0,0.1496,0.0002,-0.0001,0.0212,0.2485,4.20,13.20
2,1,8.605,0.3,0.0,0.0,0.2264,-0.0003,0.0051,0.0203,0.2492,5.86,13.14
2,1,8.624,0.3,0.0,0.0,0.1166,0.0000,0.0061,0.0199,0.2502,9.45,13.10
2,1,8.643,0.3,0.0,0.0,0.1581,-0.0000,0.0031,0.0199,0.2533,17.42,12.52
2,1,8.663,0.3,0.0,0.0,0.2651,-0.0022,-0.0131,0.0215,0.2589,11.85,11.27
2,1,8.681,0.3,0.0,0.0,0.0000,0.0000,-0.0145,0.0236,0.2636,40.73,9.13
2,1,8.705,0.3,0.0,0.0,0.3043,-0.0071,-0.0503,0.0253,0.2688,14.92,6.68
2,1,8.725,0.3,0.0,0.0,0.1513,0.0045,-0.0347,0.0254,0.2699,10.72,10.99
2,1,8.744,0.3,0.0,0.0,0.1920,0.0154,0.0253,0.0251,0.2683,32.48,12.15
2,1,8.762,0.3,0.0,0.0,0.1229,0.0088,0.0380,0.0256,0.2641,10.77,13.86
2,1,8.781,0.3,0.0,0.0,0.1465,0.0083,0.0313,0.0258,0.2597,14.17,13.48
2,1,8.801,0.3,0.0,0.0,0.1548,0.0086,0.0278,0.0249,0.2564,5.88,12.99
2,1,8.823,0.3,0.0,0.0,0.1749,0.0109,0.0212,0.0228,0.2534,4.96,12.60
2,1,8.845,0.3,0.0,0.0,0.1393,0.0066,0.0153,0.0210,0.2514,3.30,12.46
2,1,8.863,0.3,0.0,0.0,0.1845,0.0071,0.0135,0.0198,0.2507,3.83,12.57
2,1,8.883,0.3,0.0,0.0,0.1472,0.0054,0.0152,0.0184,0.2508,5.06,12.63
2,1,8.906,0.3,0.0,0.0,0.1416,0.0052,0.0177,0.0174,0.2516,6.08,12.53
2,1,8.926,0.3,0.0,0.0,0.2044,0.0091,0.0179,0.0167,0.2529,17.31,12.26
2,1,8.943,0.3,0.0,0.0,0.1585,0.0078,0.0257,0.0158,0.2568,21.08,12.06
2,1,8.964,0.3,0.0,0.0,0.1724,0.0079,0.0265,0.0153,0.2613,13.74,11.46
2,1,8.983,0.3,0.0,0.0,0.2358,0.0080,0.0349,0.0163,0.2652,8.67,10.40
2,1,9.004,0.3,0.0,0.0,0.1766,0.0002,0.0620,0.0179,0.2678,15.24,7.00
2,2,9.029,0.6,0.0,0.0,0.1485,-0.0100,0.0090,0.0195,0.2685,9.81,10.92
2,2,9.043,0.6,0.0,0.0,0.2572,-0.0144,-0.0339,0.0204,0.2675,10.55,12.36
2,2,9.063,0.6,0.0,0.0,0.1800,0.0020,-0.0856,0.0226,0.2641,81.68,18.91
2,2,9.085,0.6,0.0,0.0,0.1413,0.0086,-0.0383,0.0233,0.2556,31.92,17.18
2,2,9.105,0.6,0.0,0.0,0.1191,0.0082,-0.0242,0.0225,0.2542,19.22,15.86
2,2,9.123,0.6,0.0,0.0,0.2653,0.0260,-0.0435,0.0204,0.2510,16.20,15.97
2,2,9.142,0.6,0.0,0.0,0.2384,0.0309,-0.0279,0.0166,0.2480,11.21,15.66
2,2,9.162,0.6,0.0,0.0,0.2708,0.0430,-0.0076,0.0133,0.2470,10.31,15.39
2,2,9.182,0.6,0.0,0.0,0.2167,0.0388,0.0041,0.0118,0.2466,9.82,15.05
2,2,9.206,0.6,0.0,0.0,0.3337,0.0628,0.0165,0.0116,0.2479,14.67,14.45
2,2,9.223,0.6,0.0,0.0,0.1430,0.0279,0.0167,0.0121,0.2498,21.68,14.43
2,2,9.242,0.6,0.0,0.0,0.2552,0.0511,0.0083,0.0138,0.2534,18.97,13.66
2,2,9.265,0.6,0.0,0.0,0.3839,0.0730,0.0075,0.0166,0.2589,34.96,11.98
2,2,9.282,0.6,0.0,0.0,0.1294,0.0227,-0.0102,0.0179,0.2647,19.45,10.92
2,2,9.304,0.6,0.0,0.0,0.3463,0.0529,-0.0341,0.0179,0.2695,22.87,8.05
2,2,9.329,0.6,0.0,0.0,0.3070,0.0400,-0.0418,0.0179,0.2737,13.62,5.99
2,2,9.344,0.6,0.0,0.0,0.3734,0.0433,-0.0261,0.0183,0.2736,14.70,8.77
2,2,9.363,0.6,0.0,0.0,0.2506,0.0248,0.0605,0.0202,0.2695,47.40,14.48
2,2,9.382,0.6,0.0,0.0,0.2608,0.0184,0.0719,0.0198,0.2621,25.50,17.60
2,2,9.404,0.6,0.0,0.0,0.3785,0.0164,0.0721,0.0179,0.2586,14.70,15.83
2,2,9.429,0.6,0.0,0.0,0.3030,0.0080,0.0641,0.0155,0.2547,11.68,15.35
2,2,9.444,0.6,0.0,0.0,0.3441,0.0031,0.0592,0.0138,0.2521,13.98,15.02
2,2,9.465,0.6,0.0,0.0,0.1035,-0.0002,0.0548,0.0131,0.2514,18.59,15.07
2,2,9.483,0.6,0.0,0.0,0.4846,-0.0129,0.0607,0.0120,0.2521,18.40,14.48
2,2,9.504,0.6,0.0,0.0,0.3922,-0.0183,0.0674,0.0113,0.2525,18.84,13.60
2,2,9.524,0.6,0.0,0.0,0.2590,-0.0131,0.0540,0.0110,0.2544,23.96,12.64
2,2,9.544,0.6,0.0,0.0,0.4878,-0.0215,0.0495,0.0110,0.2589,22.35,11.84
2,2,9.561,0.6,0.0,0.0,0.5207,-0.0182,0.0448,0.0115,0.2624,26.40,11.45
2,2,9.584,0.6,0.0,0.0,0.2744,-0.0094,0.0399,0.0124,0.2651,23.74,10.91
2,2,9.603,0.6,0.0,0.0,0.6477,-0.0260,0.0678,0.0182,0.2730,20.50,6.34
2,2,9.622,0.6,0.0,0.0,0.4515,-0.0312,0.0560,0.0224,0.2747,36.69,11.66
2,2,9.643,0.6,0.0,0.0,0.4036,-0.0335,-0.0251,0.0265,0.2736,53.19,16.12
2,2,9.663,0.6,0.0,0.0,0.5909,-0.0425,-0.0631,0.0312,0.2643,118.37,18.25
2,2,9.688,0.6,0.0,0.0,0.3683,-0.0241,-0.0307,0.0330,0.2600,41.23,18.02
2,2,9.703,0.6,0.0,0.0,0.4425,-0.0270,-0.0334,0.0324,0.2587,40.64,14.25
2,2,9.725,0.6,0.0,0.0,0.4072,-0.0217,-0.0539,0.0285,0.2529,24.36,13.63
2,2,9.741,0.6,0.0,0.0,0.7694,-0.0363,-0.0412,0.0269,0.2511,12.81,12.95
2,2,9.764,0.6,0.0,0.0,0.3563,-0.0137,-0.0302,0.0264,0.2500,16.43,12.78
2,2,9.787,0.6,0.0,0.0,0.4716,-0.0177,-0.0063,0.0277,0.2499,17.93,11.54
2,2,9.806,0.6,0.0,0.0,0.4528,-0.0194,0.0021,0.0296,0.2510,26.78,11.48
2,2,9.833,0.6,0.0,0.0,0.3038,-0.0162,0.0032,0.0312,0.2529,29.83,11.05
2,2,9.844,0.6,0.0,0.0,0.7308,-0.0517,0.0006,0.0348,0.2557,27.57,11.29
2,2,9.863,0.6,0.0,0.0,0.5282,-0.0514,-0.0025,0.0395,0.2605,57.25,9.02
2,2,9.885,0.6,0.0,0.0,0.4426,-0.0523,-0.0337,0.0458,0.2677,29.79,6.40
2,2,9.908,0.6,0.0,0.0,0.5164,-0.0322,-0.0755,0.0506,0.2716,48.68,9.38
2,2,9.924,0.6,0.0,0.0,0.2550,-0.0345,-0.0885,0.0494,0.2746,58.30,18.02
2,2,9.942,0.6,0.0,0.0,0.5856,0.0311,-0.0456,0.0376,0.2711,59.42,14.46
2,2,9.964,0.6,0.0,0.0,0.3775,0.0073,0.0249,0.0303,0.2667,51.54,16.79
2,2,9.986,0.6,0.0,0.0,0.4678,-0.0110,0.0971,0.0269,0.2621,25.21,14.41
2,2,10.005,0.6,0.0,0.0,0.3677,-0.0116,0.0899,0.0270,0.2585,23.10,13.84
2,2,10.023,0.6,0.0,0.0,0.5243,-0.0102,0.0279,0.0258,0.2550,16.15,12.20
2,2,10.044,0.6,0.0,0.0,0.5437,0.0024,-0.0022,0.0197,0.2524,17.15,11.74
2,2,10.063,0.6,0.0,0.0,0.3776,0.0036,-0.0039,0.0174,0.2512,20.32,11.85
2,2,10.085,0.6,0.0,0.0,0.4586,0.0007,0.0042,0.0167,0.2515,20.18,12.16
2,2,10.103,0.6,0.0,0.0,0.5240,0.0004,0.0189,0.0171,0.2527,21.45,12.22
2,2,10.124,0.6,0.0,0.0,0.3670,0.0046,0.0143,0.0174,0.2550,35.53,12.45
2,2,10.144,0.6,0.0,0.0,0.6206,0.0208,0.0030,0.0179,0.2610,31.71,11.30
2,2,10.162,0.6,0.0,0.0,0.3493,0.0172,-0.0017,0.0186,0.2636,36.49,10.02
2,2,10.185,0.6,0.0,0.0,0.6188,0.0311,0.0083,0.0212,0.2683,35.67,9.67
2,2,10.209,0.6,0.0,0.0,0.4939,0.0058,0.0617,0.0278,0.2746,31.15,11.85
2,2,10.223,0.6,0.0,0.0,0.5731,-0.0276,0.0336,0.0280,0.2750,25.55,11.67
2,2,10.246,0.6,0.0,0.0,0.2875,-0.0174,-0.0447,0.0295,0.2691,201.42,18.37
2,2,10.262,0.6,0.0,0.0,0.6842,-0.0107,-0.0347,0.0306,0.2624,84.52,18.15
2,2,10.285,0.6,0.0,0.0,0.4193,0.0015,-0.0422,0.0303,0.2592,30.48,11.88
2,2,10.304,0.6,0.0,0.0,0.5143,0.0010,-0.0287,0.0281,0.2566,19.15,11.32
2,2,10.324,0.6,0.0,0.0,0.3630,0.0016,-0.0303,0.0245,0.2548,14.46,11.57
2,2,10.342,0.6,0.0,0.0,0.5798,0.0069,-0.0097,0.0229,0.2527,11.12,11.62
2,2,10.364,0.6,0.0,0.0,0.4348,0.0068,0.0107,0.0220,0.2514,9.75,11.43
2,2,10.385,0.6,0.0,0.0,0.5155,0.0062,0.0154,0.0225,0.2508,11.29,11.47
2,2,10.405,0.6,0.0,0.0,0.3768,0.0021,0.0167,0.0236,0.2511,17.54,12.07
2,2,10.424,0.6,0.0,0.0,0.4177,-0.0016,0.0102,0.0251,0.2531,23.48,12.04
2,2,10.443,0.6,0.0,0.0,0.3946,-0.0070,-0.0051,0.0276,0.2578,36.85,11.83
2,2,10.461,0.6,0.0,0.0,0.6125,-0.0231,-0.0169,0.0301,0.2625,32.79,10.67
2,2,10.483,0.6,0.0,0.0,0.3014,-0.0184,-0.0227,0.0324,0.2658,60.60,8.94
2,2,10.505,0.6,0.0,0.0,0.5638,-0.0430,-0.0902,0.0375,0.2744,26.52,6.30
2,2,10.525,0.6,0.0,0.0,0.5610,-0.0139,-0.0822,0.0345,0.2760,44.34,15.63
2,2,10.545,0.6,0.0,0.0,0.2289,0.0093,-0.0635,0.0308,0.2745,44.62,15.42
2,2,10.562,0.6,0.0,0.0,0.5474,0.0255,0.0068,0.0249,0.2686,61.21,17.71
2,2,10.585,0.6,0.0,0.0,0.3705,-0.0023,0.0341,0.0225,0.2636,23.70,14.89
2,2,10.605,0.6,0.0,0.0,0.3736,-0.0080,0.0429,0.0219,0.2601,19.17,14.67
2,2,10.624,0.6,0.0,0.0,0.4548,-0.0110,0.0205,0.0202,0.2575,11.94,11.52
2,2,10.643,0.6,0.0,0.0,0.4009,-0.0035,0.0039,0.0168,0.2556,13.73,11.72
2,2,10.663,0.6,0.0,0.0,0.1318,-0.0009,0.0012,0.0143,0.2546,15.36,11.61
2,2,10.685,0.6,0.0,0.0,0.5624,-0.0059,0.0086,0.0112,0.2533,16.74,12.40
2,2,10.705,0.6,0.0,0.0,0.4720,-0.0195,0.0323,0.0112,0.2552,18.37,11.77
2,2,10.729,0.6,0.0,0.0,0.3493,-0.0153,0.0465,0.0119,0.2565,24.11,11.53
2,2,10.743,0.6,0.0,0.0,0.2136,-0.0064,0.0340,0.0127,0.2583,24.71,12.89
2,2,10.761,0.6,0.0,0.0,0.5854,-0.0086,0.0169,0.0120,0.2634,35.11,11.07
2,2,10.785,0.6,0.0,0.0,0.2642,-0.0007,0.0208,0.0117,0.2668,40.72,10.73
2,2,10.806,0.6,0.0,0.0,0.5459,-0.0039,0.0396,0.0126,0.2705,29.00,8.70
2,2,10.824,0.6,0.0,0.0,0.5407,-0.0176,0.0709,0.0179,0.2759,31.25,6.09
2,2,10.848,0.6,0.0,0.0,0.4196,-0.0210,-0.0501,0.0268,0.2742,106.46,16.42
2,2,10.861,0.6,0.0,0.0,0.2351,-0.0082,-0.0889,0.0300,0.2703,70.56,17.23
2,2,10.885,0.6,0.0,0.0,0.5521,-0.0178,-0.0420,0.0332,0.2651,49.46,15.08
2,2,10.906,0.6,0.0,0.0,0.3790,-0.0167,-0.0241,0.0331,0.2614,39.00,14.12
2,2,10.923,0.6,0.0,0.0,0.6228,-0.0220,-0.0337,0.0306,0.2574,25.25,14.00
2,2,10.943,0.6,0.0,0.0,0.3317,-0.0092,-0.0323,0.0281,0.2547,12.28,13.02
2,2,10.965,0.6,0.0,0.0,0.4372,-0.0099,-0.0252,0.0272,0.2533,15.02,12.85
2,2,10.985,0.6,0.0,0.0,0.6041,-0.0101,-0.0093,0.0264,0.2513,14.15,12.46
2,2,11.004,0.6,0.0,0.0,0.4558,-0.0071,-0.0055,0.0268,0.2514,16.97,12.01
2,2,11.025,0.6,0.0,0.0,0.5806,-0.0101,0.0010,0.0289,0.2539,30.51,11.71
2,2,11.041,0.6,0.0,0.0,0.4509,-0.0123,-0.0069,0.0312,0.2574,25.40,12.02
2,2,11.062,0.6,0.0,0.0,0.4375,-0.0218,-0.0134,0.0358,0.2642,34.07,10.56
2,2,11.085,0.6,0.0,0.0,0.4686,-0.0380,-0.0326,0.0386,0.2680,50.90,10.31
2,2,11.105,0.6,0.0,0.0,0.4246,-0.0358,-0.0727,0.0431,0.2726,33.46,12.65
2,2,11.126,0.6,0.0,0.0,0.5471,-0.0147,-0.0803,0.0370,0.2753,34.34,14.99
2,2,11.145,0.6,0.0,0.0,0.3722,0.0180,-0.0239,0.0305,0.2723,69.69,12.94
2,2,11.165,0.6,0.0,0.0,0.4243,0.0196,0.0154,0.0259,0.2676,49.23,16.98
2,2,11.187,0.6,0.0,0.0,0.3606,-0.0037,0.0557,0.0235,0.2624,26.85,14.99
2,2,11.210,0.6,0.0,0.0,0.4553,-0.0091,0.0488,0.0226,0.2590,18.28,12.11
2,2,11.223,0.6,0.0,0.0,0.3817,-0.0063,0.0321,0.0213,0.2574,17.22,12.19
2,2,11.243,0.6,0.0,0.0,0.5249,-0.0043,0.0088,0.0175,0.2547,14.28,11.54
2,2,11.265,0.6,0.0,0.0,0.2748,-0.0017,0.0056,0.0150,0.2535,14.75,11.64
2,2,11.284,0.6,0.0,0.0,0.4974,-0.0033,0.0129,0.0137,0.2531,18.22,11.79
2,2,11.304,0.6,0.0,0.0,0.4033,-0.0063,0.0246,0.0135,0.2545,20.42,12.08
2,2,11.328,0.6,0.0,0.0,0.3212,-0.0040,0.0313,0.0136,0.2559,19.29,11.89
2,2,11.345,0.6,0.0,0.0,0.4292,-0.0011,0.0273,0.0139,0.2586,35.66,11.94
2,2,11.362,0.6,0.0,0.0,0.3591,0.0040,0.0146,0.0144,0.2645,30.07,10.60
2,2,11.383,0.6,0.0,0.0,0.6164,0.0118,0.0155,0.0159,0.2687,33.88,8.71
2,2,11.405,0.6,0.0,0.0,0.4681,0.0101,0.0291,0.0191,0.2733,33.50,4.70
2,2,11.428,0.6,0.0,0.0,0.4435,-0.0027,0.0270,0.0247,0.2757,38.10,13.29
2,2,11.443,0.6,0.0,0.0,0.3044,-0.0095,-0.0086,0.0254,0.2751,34.67,13.55
2,2,11.463,0.6,0.0,0.0,0.4551,-0.0104,-0.0731,0.0275,0.2718,179.92,18.81
2,2,11.486,0.6,0.0,0.0,0.4502,0.0008,-0.0497,0.0285,0.2626,72.45,16.08
2,2,11.505,0.6,0.0,0.0,0.3301,0.0009,-0.0301,0.0280,0.2615,37.99,15.95
2,2,11.528,0.6,0.0,0.0,0.4797,0.0031,-0.0297,0.0249,0.2567,23.94,12.46
2,2,11.546,0.6,0.0,0.0,0.5468,0.0052,-0.0119,0.0210,0.2533,12.70,11.85
2,2,11.563,0.6,0.0,0.0,0.4804,0.0077,-0.0076,0.0204,0.2526,13.82,11.78
2,2,11.584,0.6,0.0,0.0,0.3415,0.0061,0.0128,0.0195,0.2518,11.36,11.72
2,2,11.604,0.6,0.0,0.0,0.4033,0.0069,0.0162,0.0202,0.2520,13.57,11.76
2,2,11.624,0.6,0.0,0.0,0.3183,0.0037,0.0200,0.0215,0.2534,19.90,11.34
2,2,11.644,0.6,0.0,0.0,0.7403,-0.0012,0.0105,0.0241,0.2570,37.59,11.93
2,2,11.663,0.6,0.0,0.0,0.3292,-0.0060,-0.0085,0.0270,0.2632,30.97,11.24
2,2,11.682,0.6,0.0,0.0,0.6367,-0.0263,-0.0158,0.0299,0.2682,36.75,9.05
2,2,11.704,0.6,0.0,0.0,0.4234,-0.0220,-0.0515,0.0324,0.2725,30.68,7.25
2,2,11.724,0.6,0.0,0.0,0.5527,0.0018,-0.0993,0.0291,0.2763,28.56,13.67
2,2,11.746,0.6,0.0,0.0,0.2849,0.0209,-0.0312,0.0246,0.2746,59.16,12.83
2,2,11.763,0.6,0.0,0.0,0.5924,0.0253,0.0352,0.0213,0.2674,57.27,17.71
2,2,11.784,0.6,0.0,0.0,0.2808,-0.0013,0.0401,0.0206,0.2645,43.68,14.48
2,2,11.811,0.6,0.0,0.0,0.3444,0.0003,0.0624,0.0198,0.2614,18.29,12.37
2,2,11.826,0.6,0.0,0.0,0.5294,0.0046,0.0523,0.0185,0.2593,14.07,12.35
2,2,11.843,0.6,0.0,0.0,0.4207,0.0073,0.0318,0.0158,0.2567,15.38,12.43
2,2,11.862,0.6,0.0,0.0,0.4259,0.0037,0.0204,0.0141,0.2547,13.02,13.10
2,2,11.885,0.6,0.0,0.0,0.4182,-0.0070,0.0349,0.0135,0.2541,19.18,12.43
2,2,11.904,0.6,0.0,0.0,0.4841,-0.0142,0.0504,0.0136,0.2551,16.62,12.87
2,2,11.925,0.6,0.0,0.0,0.3113,-0.0045,0.0395,0.0139,0.2564,25.65,13.07
2,2,11.946,0.6,0.0,0.0,0.5211,0.0038,0.0297,0.0135,0.2607,24.46,11.54
2,2,11.964,0.6,0.0,0.0,0.6263,0.0131,0.0252,0.0137,0.2639,35.50,10.22
2,2,11.982,0.6,0.0,0.0,0.3232,0.0064,0.0273,0.0157,0.2683,37.14,8.89
2,2,12.005,0.6,0.0,0.0,0.7531,0.0033,0.0610,0.0215,0.2740,25.22,5.52
2,2,12.026,0.6,0.0,0.0,0.4530,-0.0177,0.0297,0.0253,0.2750,36.43,13.20
2,2,12.044,0.6,0.0,0.0,0.3266,-0.0167,-0.0376,0.0264,0.2740,55.56,16.58
2,2,12.062,0.6,0.0,0.0,0.4874,-0.0156,-0.0833,0.0288,0.2655,96.59,18.26
2,2,12.084,0.6,0.0,0.0,0.5422,-0.0083,-0.0437,0.0296,0.2609,37.68,13.82
2,2,12.106,0.6,0.0,0.0,0.4136,-0.0053,-0.0499,0.0276,0.2577,32.49,12.56
2,2,12.127,0.6,0.0,0.0,0.5183,-0.0063,-0.0346,0.0259,0.2540,17.40,12.53
2,2,12.143,0.6,0.0,0.0,0.5676,-0.0033,-0.0122,0.0245,0.2523,12.04,11.87
2,2,12.163,0.6,0.0,0.0,0.3012,-0.0013,-0.0022,0.0241,0.2512,13.51,11.74
2,2,12.186,0.6,0.0,0.0,0.5036,-0.0038,0.0105,0.0250,0.2501,14.83,11.35
2,2,12.205,0.6,0.0,0.0,0.7063,-0.0100,0.0098,0.0263,0.2509,22.24,11.81
2,2,12.224,0.6,0.0,0.0,0.4163,-0.0099,0.0037,0.0287,0.2538,27.58,12.23
2,2,12.244,0.6,0.0,0.0,0.6019,-0.0294,-0.0012,0.0313,0.2569,36.24,11.40
2,2,12.262,0.6,0.0,0.0,0.3921,-0.0291,-0.0116,0.0362,0.2636,41.61,9.56
2,2,12.285,0.6,0.0,0.0,0.4634,-0.0427,-0.0485,0.0410,0.2693,39.37,7.51
2,2,12.304,0.6,0.0,0.0,0.6520,-0.0515,-0.0871,0.0432,0.2725,30.71,13.56
2,2,12.324,0.6,0.0,0.0,0.4386,0.0002,-0.1091,0.0361,0.2755,54.01,14.74
2,2,12.345,0.6,0.0,0.0,0.4790,0.0285,-0.0386,0.0275,0.2720,66.36,12.82
2,2,12.363,0.6,0.0,0.0,0.3733,0.0155,0.0361,0.0201,0.2679,61.93,15.59
2,2,12.384,0.6,0.0,0.0,0.3903,-0.0045,0.1111,0.0170,0.2657,64.50,15.75
2,2,12.403,0.6,0.0,0.0,0.3887,-0.0115,0.0854,0.0178,0.2592,38.28,12.69
2,2,12.423,0.6,0.0,0.0,0.4155,-0.0103,0.0375,0.0175,0.2575,17.38,11.82
2,2,12.443,0.6,0.0,0.0,0.4856,-0.0075,0.0165,0.0144,0.2549,14.66,12.44
2,2,12.462,0.6,0.0,0.0,0.4436,-0.0083,0.0107,0.0128,0.2535,15.20,12.20
2,2,12.486,0.6,0.0,0.0,0.4138,-0.0139,0.0283,0.0127,0.2535,16.00,11.96
2,2,12.512,0.6,0.0,0.0,0.3049,-0.0114,0.0381,0.0135,0.2550,22.58,12.63
2,2,12.523,0.6,0.0,0.0,0.5206,-0.0146,0.0363,0.0136,0.2558,22.30,12.16
2,2,12.543,0.6,0.0,0.0,0.4246,-0.0068,0.0203,0.0134,0.2593,37.60,12.05
2,2,12.563,0.6,0.0,0.0,0.4743,0.0011,0.0127,0.0133,0.2634,29.08,10.37
2,2,12.586,0.6,0.0,0.0,0.5162,0.0045,0.0103,0.0154,0.2690,29.35,10.05
2,2,12.604,0.6,0.0,0.0,0.6160,0.0029,0.0400,0.0194,0.2731,32.29,4.79
2,2,12.624,0.6,0.0,0.0,0.4050,-0.0098,0.0698,0.0232,0.2757,53.95,11.96
2,2,12.643,0.6,0.0,0.0,0.4452,-0.0244,0.0336,0.0254,0.2740,104.09,15.74
2,2,12.664,0.6,0.0,0.0,0.5378,-0.0197,-0.0637,0.0274,0.2658,56.98,19.51
2,2,12.686,0.6,0.0,0.0,0.3984,0.0017,-0.0880,0.0271,0.2628,25.20,15.44
2,2,12.704,0.6,0.0,0.0,0.5667,0.0037,-0.0645,0.0258,0.2577,23.00,13.05
2,2,12.722,0.6,0.0,0.0,0.4477,0.0028,-0.0461,0.0237,0.2550,13.66,12.39
2,2,12.744,0.6,0.0,0.0,0.2923,0.0027,-0.0369,0.0230,0.2536,9.73,12.56
2,2,12.764,0.6,0.0,0.0,0.5988,0.0091,-0.0006,0.0223,0.2512,11.74,12.09
2,2,12.782,0.6,0.0,0.0,0.5792,0.0090,0.0088,0.0229,0.2507,12.93,11.73
2,2,12.804,0.6,0.0,0.0,0.2756,0.0036,0.0157,0.0240,0.2511,17.44,12.28
2,2,12.823,0.6,0.0,0.0,0.4836,0.0007,0.0154,0.0257,0.2527,24.21,12.42
2,2,12.843,0.6,0.0,0.0,0.4458,-0.0061,0.0030,0.0274,0.2564,39.48,11.63
2,2,12.863,0.6,0.0,0.0,0.1826,-0.0043,-0.0022,0.0281,0.2583,38.87,11.25
2,2,12.887,0.6,0.0,0.0,0.7035,-0.0171,-0.0394,0.0349,0.2697,34.94,8.88
2,2,12.908,0.6,0.0,0.0,0.5192,-0.0463,-0.0705,0.0376,0.2731,34.94,7.23
2,2,12.924,0.6,0.0,0.0,0.5221,0.0020,-0.1052,0.0338,0.2754,31.44,15.48
2,2,12.944,0.6,0.0,0.0,0.3556,0.0216,-0.0415,0.0257,0.2736,18.56,14.77
2,2,12.963,0.6,0.0,0.0,0.4955,0.0297,0.0601,0.0191,0.2686,61.32,18.07
2,2,12.984,0.6,0.0,0.0,0.4060,-0.0006,0.0580,0.0188,0.2633,58.13,15.44
2,2,13.004,0.6,0.0,0.0,0.3780,-0.0030,0.0618,0.0198,0.2619,33.57,12.54
2,2,13.022,0.6,0.0,0.0,0.4707,0.0019,0.0302,0.0189,0.2562,33.60,12.18
2,2,13.045,0.6,0.0,0.0,0.3447,0.0044,0.0126,0.0163,0.2548,12.73,12.05
2,2,13.061,0.6,0.0,0.0,0.5250,0.0055,0.0237,0.0145,0.2534,12.99,11.88
2,2,13.086,0.6,0.0,0.0,0.3827,0.0022,0.0201,0.0132,0.2530,16.95,11.87
2,2,13.102,0.6,0.0,0.0,0.5676,0.0034,0.0293,0.0129,0.2540,20.24,12.53
2,2,13.124,0.6,0.0,0.0,0.4648,0.0072,0.0188,0.0131,0.2565,29.64,12.08
2,2,13.143,0.6,0.0,0.0,0.5399,0.0143,0.0151,0.0139,0.2605,30.31,11.43
2,2,13.163,0.6,0.0,0.0,0.3817,0.0129,0.0124,0.0156,0.2644,36.48,10.18
2,2,13.184,0.6,0.0,0.0,0.6229,0.0246,0.0243,0.0201,0.2707,32.09,8.14
2,2,13.209,0.6,0.0,0.0,0.4624,0.0158,0.0552,0.0246,0.2742,27.30,6.94
2,2,13.222,0.6,0.0,0.0,0.4318,-0.0004,0.0678,0.0261,0.2754,38.97,10.27
2,2,13.243,0.6,0.0,0.0,0.5608,-0.0259,0.0230,0.0256,0.2728,163.05,17.59
2,2,13.264,0.6,0.0,0.0,0.3321,-0.0090,-0.0294,0.0256,0.2666,82.51,18.26
2,2,13.284,0.6,0.0,0.0,0.4457,0.0012,-0.0411,0.0254,0.2649,25.85,13.75
2,2,13.305,0.6,0.0,0.0,0.5178,0.0041,-0.0474,0.0251,0.2599,28.51,11.96
2,2,13.328,0.6,0.0,0.0,0.3984,0.0032,-0.0320,0.0242,0.2571,12.77,11.60
2,2,13.344,0.6,0.0,0.0,0.3796,0.0045,-0.0162,0.0231,0.2546,9.86,11.74
2,2,13.362,0.6,0.0,0.0,0.4084,0.0051,0.0011,0.0223,0.2527,9.96,11.64
2,2,13.384,0.6,0.0,0.0,0.4597,0.0046,0.0133,0.0221,0.2513,11.91,11.65
2,2,13.405,0.6,0.0,0.0,0.3751,0.0033,0.0112,0.0222,0.2525,17.83,11.66
2,2,13.426,0.6,0.0,0.0,0.4573,0.0025,-0.0001,0.0232,0.2546,21.24,12.26
2,2,13.445,0.6,0.0,0.0,0.4953,-0.0079,0.0096,0.0244,0.2559,37.85,11.91
2,2,13.463,0.6,0.0,0.0,0.5386,-0.0191,0.0070,0.0270,0.2625,33.65,10.06
2,2,13.490,0.6,0.0,0.0,0.5007,-0.0281,-0.0238,0.0312,0.2695,41.58,8.44
2,2,13.506,0.6,0.0,0.0,0.1638,-0.0089,-0.0529,0.0332,0.2723,32.34,8.14
2,2,13.525,0.6,0.0,0.0,0.4402,-0.0102,-0.0794,0.0336,0.2740,23.30,10.50
2,2,13.543,0.6,0.0,0.0,0.5884,0.0302,-0.0415,0.0255,0.2736,57.92,13.39
2,2,13.564,0.6,0.0,0.0,0.3855,0.0169,-0.0045,0.0220,0.2695,53.48,17.30
2,2,13.586,0.6,0.0,0.0,0.4359,-0.0082,0.0509,0.0175,0.2637,24.60,16.97
2,2,13.604,0.6,0.0,0.0,0.4925,-0.0240,0.0742,0.0181,0.2589,20.08,13.03
2,2,13.628,0.6,0.0,0.0,0.2834,-0.0123,0.0271,0.0170,0.2558,12.45,12.20
2,2,13.643,0.6,0.0,0.0,0.7957,-0.0125,0.0135,0.0145,0.2544,17.85,11.60
2,2,13.663,0.6,0.0,0.0,0.4440,-0.0041,0.0099,0.0118,0.2528,16.42,12.61
2,2,13.683,0.6,0.0,0.0,0.4458,-0.0170,0.0151,0.0117,0.2528,16.46,11.91
2,2,13.705,0.6,0.0,0.0,0.5048,-0.0257,0.0335,0.0123,0.2544,19.86,12.45
2,2,13.726,0.6,0.0,0.0,0.2903,-0.0121,0.0407,0.0133,0.2564,22.37,13.64
2,2,13.746,0.6,0.0,0.0,1.1914,-0.0311,0.0264,0.0135,0.2580,25.64,13.16
2,2,13.762,0.6,0.0,0.0,0.4367,-0.0006,0.0137,0.0127,0.2632,30.03,10.54
2,2,13.783,0.6,0.0,0.0,0.4453,0.0071,0.0211,0.0130,0.2674,39.06,8.89
2,2,13.804,0.6,0.0,0.0,0.4522,0.0030,0.0414,0.0162,0.2724,34.39,7.73
2,2,13.826,0.6,0.0,0.0,0.6114,-0.0222,0.0715,0.0230,0.2754,32.10,8.84
2,2,13.846,0.6,0.0,0.0,0.3907,-0.0270,-0.0177,0.0282,0.2749,32.08,13.52
2,2,13.865,0.6,0.0,0.0,0.4356,-0.0204,-0.1011,0.0320,0.2712,79.34,17.30
2,2,13.887,0.6,0.0,0.0,0.5336,-0.0150,-0.0929,0.0345,0.2634,66.17,15.73
2,2,13.904,0.6,0.0,0.0,0.3984,-0.0115,-0.0571,0.0331,0.2603,30.42,12.74
2,2,13.925,0.6,0.0,0.0,0.5415,-0.0188,-0.0438,0.0290,0.2567,20.67,12.27
2,2,13.944,0.6,0.0,0.0,0.3241,-0.0095,-0.0314,0.0262,0.2544,13.53,12.11
2,2,13.962,0.6,0.0,0.0,0.6288,-0.0137,-0.0023,0.0247,0.2523,13.39,11.84
2,2,13.986,0.6,0.0,0.0,0.4974,-0.0081,0.0107,0.0251,0.2518,15.45,11.80
2,2,14.004,0.6,0.0,0.0,0.4939,-0.0086,0.0105,0.0261,0.2528,21.79,10.86
2,2,14.024,0.6,0.0,0.0,0.4472,-0.0127,0.0110,0.0291,0.2545,34.53,11.92
2,2,14.045,0.6,0.0,0.0,0.5590,-0.0266,-0.0003,0.0315,0.2587,30.65,11.38
2,2,14.065,0.6,0.0,0.0,0.4961,-0.0363,-0.0110,0.0347,0.2633,34.49,10.24
2,2,14.086,0.6,0.0,0.0,0.4233,-0.0397,-0.0435,0.0404,0.2699,32.31,8.07
2,2,14.109,0.6,0.0,0.0,0.4002,-0.0277,-0.0715,0.0421,0.2735,29.26,13.88
2,2,14.126,0.6,0.0,0.0,0.7026,0.0237,-0.0950,0.0372,0.2760,31.93,15.34
2,2,14.144,0.6,0.0,0.0,0.4033,0.0338,-0.0163,0.0308,0.2733,58.67,12.88
2,2,14.164,0.6,0.0,0.0,0.3880,0.0130,0.0496,0.0256,0.2665,94.66,17.56
2,2,14.184,0.6,0.0,0.0,0.5294,-0.0025,0.0688,0.0252,0.2613,44.50,14.63
2,2,14.208,0.6,0.0,0.0,0.3471,-0.0003,0.0767,0.0248,0.2585,20.92,12.02
2,2,14.228,0.6,0.0,0.0,0.3752,0.0014,0.0378,0.0228,0.2554,16.58,11.65
2,2,14.244,0.6,0.0,0.0,0.4202,0.0082,0.0117,0.0196,0.2540,16.12,11.99
2,2,14.264,0.6,0.0,0.0,0.5266,0.0076,0.0175,0.0170,0.2527,15.31,12.24
2,2,14.285,0.6,0.0,0.0,0.5092,0.0018,0.0214,0.0160,0.2523,17.36,11.72
2,2,14.305,0.6,0.0,0.0,0.3855,-0.0008,0.0405,0.0162,0.2534,18.04,12.02
2,2,14.327,0.6,0.0,0.0,0.5035,0.0031,0.0381,0.0167,0.2565,25.91,12.23
2,2,14.346,0.6,0.0,0.0,0.3501,0.0075,0.0279,0.0171,0.2594,29.21,11.56
2,2,14.363,0.6,0.0,0.0,0.6337,0.0233,0.0062,0.0178,0.2619,54.98,10.02
2,2,14.382,0.6,0.0,0.0,0.3645,0.0162,0.0147,0.0214,0.2693,24.97,7.36
2,2,14.405,0.6,0.0,0.0,0.5969,0.0201,0.0515,0.0262,0.2723,33.99,8.03
2,2,14.430,0.6,0.0,0.0,0.4588,-0.0042,0.0447,0.0287,0.2748,46.01,14.24
2,2,14.445,0.6,0.0,0.0,0.3286,-0.0157,0.0266,0.0287,0.2737,51.55,14.08
2,2,14.462,0.6,0.0,0.0,0.5071,-0.0209,-0.0475,0.0293,0.2661,45.42,19.65
2,2,14.483,0.6,0.0,0.0,0.5263,-0.0048,-0.0611,0.0295,0.2605,71.01,14.41
2,2,14.506,0.6,0.0,0.0,0.3682,0.0000,-0.0463,0.0282,0.2595,29.58,14.13
2,2,14.524,0.6,0.0,0.0,0.4454,-0.0014,-0.0609,0.0264,0.2564,35.90,11.84
2,2,14.543,0.6,0.0,0.0,0.5327,-0.0010,-0.0212,0.0248,0.2533,13.02,11.73
2,2,14.563,0.6,0.0,0.0,0.4296,0.0031,-0.0025,0.0240,0.2519,11.34,11.73
2,2,14.584,0.6,0.0,0.0,0.5535,0.0036,0.0131,0.0241,0.2510,13.61,11.30
2,2,14.605,0.6,0.0,0.0,0.3509,0.0003,0.0160,0.0248,0.2514,16.29,11.95
2,2,14.625,0.6,0.0,0.0,0.4143,-0.0029,0.0176,0.0260,0.2531,23.40,11.53
2,2,14.645,0.6,0.0,0.0,0.4705,-0.0103,0.0081,0.0276,0.2556,38.60,11.70
2,2,14.662,0.6,0.0,0.0,0.3781,-0.0154,0.0026,0.0299,0.2613,40.30,10.41
2,2,14.683,0.6,0.0,0.0,0.4996,-0.0296,-0.0280,0.0331,0.2674,46.68,10.00
2,2,14.704,0.6,0.0,0.0,0.6053,-0.0433,-0.0672,0.0381,0.2720,27.39,9.49
2,2,14.725,0.6,0.0,0.0,0.3549,-0.0087,-0.0938,0.0366,0.2748,41.66,15.73
2,2,14.745,0.6,0.0,0.0,0.3933,0.0192,-0.0663,0.0292,0.2740,56.25,13.54
2,2,14.763,0.6,0.0,0.0,0.5293,0.0213,0.0147,0.0214,0.2680,59.07,18.14
2,2,14.782,0.6,0.0,0.0,0.3394,-0.0099,0.0756,0.0195,0.2627,21.28,15.17
2,2,14.802,0.6,0.0,0.0,0.3736,-0.0142,0.0808,0.0202,0.2605,19.19,14.78
2,2,14.825,0.6,0.0,0.0,0.6347,-0.0201,0.0336,0.0193,0.2562,14.03,11.88
2,2,14.845,0.6,0.0,0.0,0.3728,-0.0027,0.0078,0.0157,0.2545,15.99,11.94
2,2,14.865,0.6,0.0,0.0,0.2435,-0.0031,0.0088,0.0128,0.2530,16.50,12.26
2,2,14.881,0.6,0.0,0.0,0.5726,-0.0167,0.0174,0.0127,0.2530,16.91,11.91
2,2,14.904,0.6,0.0,0.0,0.5348,-0.0239,0.0428,0.0142,0.2542,18.21,12.53
2,2,14.924,0.6,0.0,0.0,0.3819,-0.0134,0.0422,0.0153,0.2558,27.11,13.66
2,2,14.943,0.6,0.0,0.0,0.5057,-0.0031,0.0259,0.0141,0.2602,29.78,12.49
2,2,14.961,0.6,0.0,0.0,0.4083,0.0077,0.0195,0.0123,0.2635,36.27,9.95
2,2,14.991,0.6,0.0,0.0,0.4798,0.0061,0.0356,0.0154,0.2712,29.77,8.09
2,2,15.004,0.6,0.0,0.0,0.7273,-0.0061,0.0598,0.0194,0.2739,24.25,4.82
2,2,15.024,0.6,0.0,0.0,0.4288,-0.0165,0.0654,0.0278,0.2756,67.48,12.97
2,3,15.048,0.0,0.0,0.5,0.3989,-0.0212,0.0147,0.0291,0.2748,44.75,13.95
2,3,15.062,0.0,0.0,0.5,0.5267,-0.0182,-0.0777,0.0321,0.2683,51.82,16.71
2,3,15.082,0.0,0.0,0.5,0.4897,-0.0193,0.0743,0.0327,0.2637,31.80,12.90
2,3,15.102,0.0,0.0,0.5,0.2829,-0.0201,0.1416,0.0334,0.2625,28.60,13.03
2,3,15.125,0.0,0.0,0.5,0.4613,-0.0505,0.2270,0.0367,0.2590,20.65,10.64
2,3,15.144,0.0,0.0,0.5,0.3054,-0.0442,0.2944,0.0407,0.2571,18.02,9.72
2,3,15.166,0.0,0.0,0.5,0.2102,-0.0325,0.3351,0.0425,0.2568,15.83,9.69
2,3,15.187,0.0,0.0,0.5,0.5553,-0.1074,0.4038,0.0463,0.2566,11.49,10.43
2,3,15.205,0.0,0.0,0.5,0.4628,-0.1158,0.4236,0.0495,0.2569,11.84,10.43
2,3,15.227,0.0,0.0,0.5,0.2440,-0.0746,0.4240,0.0549,0.2592,19.76,9.13
2,3,15.245,0.0,0.0,0.5,0.4359,-0.1573,0.4143,0.0584,0.2613,20.59,7.38
2,3,15.262,0.0,0.0,0.5,0.3504,-0.1426,0.3755,0.0672,0.2653,19.14,6.80
2,3,15.286,0.0,0.0,0.5,0.3132,-0.1243,0.3777,0.0693,0.2680,28.19,13.94
2,3,15.304,0.0,0.0,0.5,0.2648,-0.0931,0.3675,0.0634,0.2697,23.27,13.20
2,3,15.328,0.0,0.0,0.5,0.2240,-0.0639,0.3211,0.0467,0.2707,38.95,10.83
2,3,15.342,0.0,0.0,0.5,0.1927,-0.0511,0.3319,0.0424,0.2704,25.75,10.62
2,3,15.362,0.0,0.0,0.5,0.1231,-0.0387,0.3121,0.0300,0.2655,50.09,14.52
2,3,15.384,0.0,0.0,0.5,0.2001,-0.0718,0.3154,0.0316,0.2617,19.18,13.07
2,3,15.401,0.0,0.0,0.5,0.1007,-0.0327,0.3080,0.0344,0.2599,11.34,12.99
2,3,15.423,0.0,0.0,0.5,0.2011,-0.0388,0.2596,0.0376,0.2555,12.94,15.05
2,3,15.443,0.0,0.0,0.5,0.1079,0.0053,0.2330,0.0357,0.2535,16.32,13.79
2,3,15.463,0.0,0.0,0.5,0.0553,0.0095,0.2391,0.0341,0.2531,14.04,13.33
2,3,15.482,0.0,0.0,0.5,0.1010,0.0286,0.2844,0.0312,0.2535,11.95,11.77
2,3,15.504,0.0,0.0,0.5,0.0664,0.0303,0.3389,0.0290,0.2558,13.96,11.90
2,3,15.524,0.0,0.0,0.5,0.0552,0.0459,0.3611,0.0267,0.2582,12.61,11.52
2,3,15.543,0.0,0.0,0.5,0.0608,0.0905,0.3627,0.0248,0.2615,20.59,11.72
2,3,15.563,0.0,0.0,0.5,0.0309,0.0647,0.3975,0.0246,0.2670,11.58,8.68
2,3,15.583,0.0,0.0,0.5,0.0494,0.1067,0.4171,0.0253,0.2696,9.22,8.97
2,3,15.604,0.0,0.0,0.5,0.0432,0.0997,0.4618,0.0274,0.2741,9.24,7.77
2,3,15.623,0.0,0.0,0.5,0.0118,0.0492,0.4204,0.0246,0.2754,11.79,10.97
2,3,15.643,0.0,0.0,0.5,-0.0046,0.0303,0.3495,0.0215,0.2740,16.05,10.83
2,3,15.662,0.0,0.0,0.5,-0.0282,0.0674,0.1814,0.0174,0.2680,15.09,12.39
2,3,15.682,0.0,0.0,0.5,-0.0251,0.0445,0.1405,0.0158,0.2638,8.91,10.79
2,3,15.706,0.0,0.0,0.5,-0.0417,0.0470,0.1650,0.0140,0.2607,9.48,10.24
2,3,15.722,0.0,0.0,0.5,-0.0380,0.0268,0.1970,0.0110,0.2569,10.31,10.40
2,3,15.742,0.0,0.0,0.5,-0.0555,0.0337,0.2110,0.0087,0.2548,6.37,10.94
2,3,15.763,0.0,0.0,0.5,-0.0314,0.0190,0.2086,0.0076,0.2542,5.65,10.94
2,3,15.786,0.0,0.0,0.5,-0.0628,0.0398,0.2038,0.0048,0.2537,6.61,11.39
2,3,15.804,0.0,0.0,0.5,-0.0776,0.0519,0.2053,0.0050,0.2542,7.76,11.23
2,3,15.829,0.0,0.0,0.5,-0.0470,0.0312,0.2059,0.0075,0.2561,12.89,10.74
2,3,15.847,0.0,0.0,0.5,-0.0437,0.0284,0.2050,0.0096,0.2585,15.60,11.27
2,3,15.862,0.0,0.0,0.5,-0.0871,0.0621,0.2020,0.0128,0.2602,14.02,11.41
2,3,15.883,0.0,0.0,0.5,-0.0192,0.0155,0.2039,0.0156,0.2620,20.57,10.79
2,3,15.905,0.0,0.0,0.5,-0.0640,0.0469,0.2403,0.0182,0.2655,8.43,9.35
2,3,15.924,0.0,0.0,0.5,-0.0336,0.0004,0.2932,0.0116,0.2660,10.39,10.78
2,3,15.948,0.0,0.0,0.5,-0.0274,-0.0242,0.3264,0.0024,0.2642,39.20,13.89
2,3,15.963,0.0,0.0,0.5,-0.0274,-0.0242,0.2971,0.0037,0.2599,33.85,14.41
2,3,15.984,0.0,0.0,0.5,-0.0155,-0.0067,0.2363,0.0088,0.2556,17.25,16.44
2,3,16.005,0.0,0.0,0.5,-0.0199,-0.0052,0.2293,0.0085,0.2524,10.17,14.68
2,3,16.027,0.0,0.0,0.5,-0.0115,-0.0066,0.2467,0.0079,0.2507,10.86,13.64
2,3,16.043,0.0,0.0,0.5,-0.0161,-0.0057,0.2561,0.0080,0.2498,9.22,13.29
2,3,16.063,0.0,0.0,0.5,-0.0130,0.0008,0.2536,0.0062,0.2493,9.74,12.50
2,3,16.084,0.0,0.0,0.5,-0.0176,0.0071,0.2658,0.0032,0.2504,9.48,11.76
2,3,16.110,0.0,0.0,0.5,-0.0136,-0.0008,0.2973,0.0016,0.2538,9.41,11.69
2,3,16.130,0.0,0.0,0.5,-0.0057,-0.0054,0.3174,0.0011,0.2556,12.10,11.45
2,3,16.141,0.0,0.0,0.5,-0.0141,-0.0247,0.3439,0.0015,0.2578,17.22,11.34
2,3,16.161,0.0,0.0,0.5,-0.0048,-0.0080,0.3769,0.0017,0.2622,11.07,11.19
2,3,16.184,0.0,0.0,0.5,-0.0103,-0.0038,0.4523,0.0014,0.2679,5.71,8.79
2,3,16.204,0.0,0.0,0.5,-0.0043,-0.0020,0.4409,0.0021,0.2702,18.26,4.89
2,3,16.224,0.0,0.0,0.5,-0.0008,0.0161,0.3538,0.0052,0.2714,8.23,10.91
2,3,16.242,0.0,0.0,0.5,0.0025,0.0375,0.1847,0.0129,0.2678,34.54,13.08
2,3,16.263,0.0,0.0,0.5,-0.0023,0.0074,0.1263,0.0158,0.2632,27.02,12.64
2,3,16.284,0.0,0.0,0.5,-0.0096,-0.0048,0.1381,0.0180,0.2592,16.00,13.46
2,3,16.305,0.0,0.0,0.5,-0.0073,-0.0038,0.1496,0.0195,0.2560,8.98,13.40
2,3,16.326,0.0,0.0,0.5,-0.0036,-0.0060,0.1519,0.0205,0.2532,7.77,13.19
2,3,16.343,0.0,0.0,0.5,0.0005,-0.0141,0.1543,0.0212,0.2510,5.21,13.15
2,3,16.363,0.0,0.0,0.5,0.0052,-0.0134,0.1731,0.0211,0.2495,3.69,13.14
2,3,16.383,0.0,0.0,0.5,0.0153,-0.0231,0.2036,0.0205,0.2492,4.38,13.17
2,3,16.405,0.0,0.0,0.5,0.0232,-0.0267,0.2260,0.0199,0.2501,5.38,12.92
2,3,16.428,0.0,0.0,0.5,0.0222,-0.0227,0.2349,0.0199,0.2516,5.52,12.75
2,3,16.443,0.0,0.0,0.5,0.0312,-0.0301,0.2386,0.0202,0.2540,6.39,12.75
2,3,16.462,0.0,0.0,0.5,0.0306,-0.0287,0.2443,0.0212,0.2577,14.82,11.68
2,3,16.482,0.0,0.0,0.5,0.0348,-0.0318,0.2491,0.0222,0.2604,17.14,11.75
2,3,16.504,0.0,0.0,0.5,0.0452,-0.0378,0.2360,0.0233,0.2633,15.83,10.18
2,3,16.526,0.0,0.0,0.5,0.0145,-0.0087,0.2716,0.0205,0.2649,6.31,11.08
2,3,16.546,0.0,0.0,0.5,-0.0011,-0.0045,0.3304,0.0162,0.2630,26.53,12.32
2,3,16.563,0.0,0.0,0.5,-0.0097,-0.0327,0.3326,0.0157,0.2604,13.00,13.88
2,3,16.584,0.0,0.0,0.5,-0.0014,-0.0259,0.2628,0.0186,0.2562,10.09,14.86
2,3,16.605,0.0,0.0,0.5,-0.0013,-0.0081,0.1999,0.0204,0.2527,10.27,14.95
2,3,16.626,0.0,0.0,0.5,-0.0063,0.0025,0.1859,0.0197,0.2502,9.83,14.25
2,3,16.643,0.0,0.0,0.5,-0.0104,0.0052,0.2080,0.0182,0.2494,10.06,13.67
2,3,16.661,0.0,0.0,0.5,-0.0040,0.0014,0.2285,0.0170,0.2493,10.04,13.43
2,3,16.684,0.0,0.0,0.5,-0.0069,0.0052,0.2686,0.0143,0.2500,12.13,12.66
2,3,16.704,0.0,0.0,0.5,-0.0027,0.0099,0.3106,0.0112,0.2521,9.80,11.88
2,3,16.724,0.0,0.0,0.5,0.0000,0.0126,0.3312,0.0084,0.2557,17.56,11.47
2,3,16.746,0.0,0.0,0.5,0.0013,0.0102,0.3648,0.0065,0.2601,10.69,10.74
2,3,16.762,0.0,0.0,0.5,0.0038,0.0091,0.3817,0.0059,0.2634,9.02,9.95
2,3,16.784,0.0,0.0,0.5,0.0062,0.0047,0.4213,0.0059,0.2672,17.91,9.09
2,3,16.805,0.0,0.0,0.5,0.0070,0.0078,0.4690,0.0064,0.2714,7.82,6.45
2,3,16.824,0.0,0.0,0.5,0.0055,0.0245,0.3563,0.0094,0.2710,9.54,11.28
2,3,16.851,0.0,0.0,0.5,0.0005,0.0231,0.1572,0.0131,0.2644,49.66,11.81
2,3,16.863,0.0,0.0,0.5,-0.0042,0.0035,0.1407,0.0147,0.2626,16.72,12.04
2,3,16.884,0.0,0.0,0.5,-0.0058,0.0013,0.1509,0.0180,0.2590,10.60,13.32
2,3,16.905,0.0,0.0,0.5,-0.0065,0.0045,0.1612,0.0189,0.2561,10.10,12.84
2,3,16.924,0.0,0.0,0.5,-0.0002,-0.0014,0.1605,0.0197,0.2538,8.02,12.70
2,3,16.941,0.0,0.0,0.5,0.0039,-0.0074,0.1584,0.0202,0.2516,6.42,12.67
2,3,16.964,0.0,0.0,0.5,0.0052,-0.0084,0.1761,0.0206,0.2505,4.39,12.89
2,3,16.985,0.0,0.0,0.5,0.0163,-0.0189,0.1910,0.0204,0.2503,4.95,13.14
2,3,17.010,0.0,0.0,0.5,0.0259,-0.0240,0.2282,0.0195,0.2518,7.13,13.15
2,3,17.025,0.0,0.0,0.5,0.0319,-0.0275,0.2311,0.0194,0.2531,9.66,12.76
2,3,17.046,0.0,0.0,0.5,0.0282,-0.0252,0.2290,0.0198,0.2555,5.44,12.60
2,3,17.063,0.0,0.0,0.5,0.0328,-0.0289,0.2327,0.0206,0.2579,13.01,11.53
2,3,17.084,0.0,0.0,0.5,0.0352,-0.0296,0.2447,0.0215,0.2604,9.97,11.60
2,3,17.105,0.0,0.0,0.5,0.0391,-0.0264,0.2406,0.0224,0.2640,14.36,8.88
2,3,17.128,0.0,0.0,0.5,0.0111,-0.0029,0.2895,0.0183,0.2652,4.56,11.17
2,3,17.144,0.0,0.0,0.5,-0.0009,-0.0032,0.3255,0.0164,0.2645,8.69,10.98
2,3,17.166,0.0,0.0,0.5,-0.0049,-0.0260,0.3255,0.0165,0.2593,11.99,13.96
2,3,17.182,0.0,0.0,0.5,0.0001,-0.0161,0.2589,0.0191,0.2567,12.87,15.01
2,3,17.206,0.0,0.0,0.5,-0.0005,-0.0028,0.2199,0.0200,0.2544,13.17,14.63
2,3,17.228,0.0,0.0,0.5,-0.0040,0.0036,0.1801,0.0202,0.2515,10.50,14.48
2,3,17.243,0.0,0.0,0.5,-0.0079,0.0086,0.1917,0.0192,0.2502,10.16,13.71
2,3,17.264,0.0,0.0,0.5,-0.0017,0.0018,0.2114,0.0182,0.2496,9.79,13.65
2,3,17.283,0.0,0.0,0.5,-0.0073,0.0128,0.2596,0.0155,0.2501,10.01,12.89
2,3,17.305,0.0,0.0,0.5,-0.0023,0.0120,0.3088,0.0120,0.2522,13.91,12.05
2,3,17.325,0.0,0.0,0.5,-0.0007,0.0142,0.3359,0.0095,0.2549,11.18,10.93
2,3,17.346,0.0,0.0,0.5,0.0011,0.0158,0.3506,0.0077,0.2581,8.14,10.86
2,3,17.364,0.0,0.0,0.5,0.0066,0.0115,0.3791,0.0073,0.2627,9.09,9.79
2,3,17.387,0.0,0.0,0.5,0.0046,0.0044,0.4299,0.0074,0.2677,9.06,9.54
2,3,17.403,0.0,0.0,0.5,0.0122,0.0133,0.4693,0.0072,0.2702,12.05,6.47
2,3,17.425,0.0,0.0,0.5,0.0061,0.0273,0.3908,0.0105,0.2712,11.27,10.77
2,3,17.443,0.0,0.0,0.5,0.0041,0.0275,0.2826,0.0142,0.2693,29.27,11.87
2,3,17.462,0.0,0.0,0.5,0.0012,0.0282,0.1407,0.0176,0.2630,25.45,13.14
2,3,17.481,0.0,0.0,0.5,-0.0045,-0.0011,0.1278,0.0212,0.2586,19.08,12.60
2,3,17.504,0.0,0.0,0.5,-0.0073,0.0005,0.1335,0.0226,0.2568,11.99,13.37
2,3,17.526,0.0,0.0,0.5,-0.0061,0.0004,0.1457,0.0236,0.2523,6.06,13.40
2,3,17.542,0.0,0.0,0.5,0.0019,-0.0058,0.1567,0.0236,0.2506,6.37,13.01
2,3,17.567,0.0,0.0,0.5,0.0045,-0.0066,0.1680,0.0235,0.2498,4.65,13.08
2,3,17.585,0.0,0.0,0.5,0.0222,-0.0255,0.2028,0.0226,0.2493,4.75,13.17
2,3,17.605,0.0,0.0,0.5,0.0172,-0.0170,0.2286,0.0217,0.2494,6.77,12.94
2,3,17.624,0.0,0.0,0.5,0.0199,-0.0188,0.2372,0.0212,0.2512,5.56,12.50
2,3,17.643,0.0,0.0,0.5,0.0304,-0.0285,0.2393,0.0215,0.2548,6.84,12.24
2,3,17.662,0.0,0.0,0.5,0.0403,-0.0380,0.2340,0.0223,0.2578,7.82,11.83
2,3,17.683,0.0,0.0,0.5,0.0236,-0.0215,0.2435,0.0238,0.2609,15.49,9.91
2,3,17.703,0.0,0.0,0.5,0.0318,-0.0255,0.2545,0.0235,0.2638,13.60,9.13
2,3,17.724,0.0,0.0,0.5,0.0141,-0.0079,0.2945,0.0200,0.2647,6.69,11.00
2,3,17.745,0.0,0.0,0.5,-0.0032,-0.0063,0.3397,0.0170,0.2638,12.15,12.30
2,3,17.763,0.0,0.0,0.5,-0.0085,-0.0226,0.3289,0.0169,0.2602,14.18,14.03
2,3,17.784,0.0,0.0,0.5,-0.0063,-0.0139,0.2318,0.0186,0.2557,9.23,14.90
2,3,17.807,0.0,0.0,0.5,-0.0047,-0.0002,0.1914,0.0184,0.2533,12.25,14.56
2,3,17.826,0.0,0.0,0.5,-0.0120,0.0038,0.1716,0.0177,0.2510,10.25,14.10
2,3,17.843,0.0,0.0,0.5,-0.0080,0.0012,0.1990,0.0167,0.2498,9.45,13.87
2,3,17.861,0.0,0.0,0.5,-0.0130,0.0004,0.2339,0.0158,0.2495,10.28,13.50
2,3,17.884,0.0,0.0,0.5,-0.0099,0.0071,0.2677,0.0133,0.2503,11.37,13.15
2,3,17.909,0.0,0.0,0.5,-0.0066,0.0105,0.3049,0.0092,0.2524,12.67,11.99
2,3,17.923,0.0,0.0,0.5,-0.0060,0.0095,0.3181,0.0076,0.2542,12.04,11.74
2,3,17.942,0.0,0.0,0.5,-0.0053,0.0087,0.3525,0.0057,0.2584,16.77,10.63
2,3,17.963,0.0,0.0,0.5,0.0008,0.0017,0.4001,0.0057,0.2648,16.98,10.03
2,3,17.981,0.0,0.0,0.5,0.0021,0.0020,0.4449,0.0056,0.2673,11.00,9.56
2,3,18.004,0.0,0.0,0.5,0.0018,0.0123,0.4158,0.0052,0.2715,14.61,6.60
2,3,18.026,0.0,0.0,0.5,0.0001,0.0328,0.3446,0.0090,0.2708,17.83,11.02
2,3,18.043,0.0,0.0,0.5,-0.0017,0.0305,0.2471,0.0117,0.2690,28.05,12.57
2,3,18.063,0.0,0.0,0.5,-0.0063,0.0238,0.1571,0.0130,0.2649,27.77,12.25
2,3,18.085,0.0,0.0,0.5,-0.0129,0.0106,0.1536,0.0168,0.2595,17.38,13.17
2,3,18.106,0.0,0.0,0.5,-0.0133,0.0097,0.1628,0.0179,0.2575,7.85,13.09
2,3,18.123,0.0,0.0,0.5,-0.0094,0.0048,0.1714,0.0190,0.2541,7.20,12.99
2,3,18.142,0.0,0.0,0.5,-0.0055,-0.0006,0.1695,0.0199,0.2514,5.80,12.94
2,3,18.162,0.0,0.0,0.5,0.0002,-0.0032,0.1713,0.0204,0.2507,3.86,12.96
2,3,18.185,0.0,0.0,0.5,0.0078,-0.0080,0.2060,0.0193,0.2500,5.24,13.34
2,3,18.209,0.0,0.0,0.5,0.0154,-0.0102,0.2357,0.0180,0.2508,6.00,13.16
2,3,18.225,0.0,0.0,0.5,0.0214,-0.0136,0.2429,0.0173,0.2535,5.00,12.61
2,3,18.243,0.0,0.0,0.5,0.0344,-0.0263,0.2373,0.0174,0.2552,6.08,12.29
2,3,18.262,0.0,0.0,0.5,0.0365,-0.0282,0.2371,0.0180,0.2586,11.96,11.52
2,3,18.283,0.0,0.0,0.5,0.0093,-0.0064,0.2444,0.0187,0.2609,9.01,11.49
2,3,18.306,0.0,0.0,0.5,0.0331,-0.0244,0.2372,0.0197,0.2647,9.69,5.68
2,3,18.324,0.0,0.0,0.5,0.0086,-0.0074,0.2638,0.0171,0.2652,5.81,11.49
2,3,18.344,0.0,0.0,0.5,-0.0022,-0.0049,0.2997,0.0153,0.2645,8.40,11.34
2,3,18.362,0.0,0.0,0.5,-0.0087,-0.0199,0.3097,0.0148,0.2606,11.59,14.23
2,3,18.385,0.0,0.0,0.5,-0.0067,-0.0184,0.2351,0.0174,0.2562,9.79,14.96
2,3,18.404,0.0,0.0,0.5,-0.0034,-0.0033,0.1898,0.0185,0.2528,9.46,14.71
2,3,18.425,0.0,0.0,0.5,-0.0121,0.0027,0.1858,0.0173,0.2505,9.44,13.95
2,3,18.443,0.0,0.0,0.5,-0.0104,0.0053,0.2060,0.0156,0.2497,10.12,13.38
2,3,18.465,0.0,0.0,0.5,-0.0111,0.0052,0.2236,0.0144,0.2496,10.12,13.13
2,3,18.485,0.0,0.0,0.5,-0.0126,0.0071,0.2599,0.0120,0.2501,9.96,12.49
2,3,18.505,0.0,0.0,0.5,-0.0082,0.0082,0.3006,0.0093,0.2524,10.20,12.01
2,3,18.525,0.0,0.0,0.5,-0.0045,0.0073,0.3281,0.0073,0.2548,14.41,11.49
2,3,18.544,0.0,0.0,0.5,-0.0050,0.0110,0.3640,0.0047,0.2596,7.83,10.50
2,3,18.563,0.0,0.0,0.5,-0.0022,0.0055,0.3999,0.0033,0.2640,14.25,9.93
2,3,18.585,0.0,0.0,0.5,0.0000,0.0032,0.4362,0.0030,0.2679,8.07,8.69
2,3,18.603,0.0,0.0,0.5,0.0011,0.0049,0.4558,0.0031,0.2712,8.44,6.04
2,3,18.624,0.0,0.0,0.5,-0.0003,0.0187,0.3326,0.0062,0.2710,16.45,11.79
2,3,18.643,0.0,0.0,0.5,-0.0014,0.0169,0.2268,0.0089,0.2692,23.82,12.41
2,3,18.664,0.0,0.0,0.5,-0.0066,0.0155,0.1564,0.0129,0.2630,22.62,12.41
2,3,18.684,0.0,0.0,0.5,-0.0110,-0.0049,0.1653,0.0176,0.2588,15.23,12.66
2,3,18.704,0.0,0.0,0.5,-0.0053,-0.0016,0.1707,0.0193,0.2570,9.51,12.62
2,3,18.723,0.0,0.0,0.5,-0.0066,-0.0101,0.1727,0.0220,0.2529,6.81,13.49
2,3,18.743,0.0,0.0,0.5,0.0042,-0.0101,0.1722,0.0225,0.2511,6.79,13.25
2,3,18.763,0.0,0.0,0.5,0.0063,-0.0089,0.1775,0.0226,0.2504,5.09,13.29
2,3,18.782,0.0,0.0,0.5,0.0176,-0.0208,0.2048,0.0219,0.2496,5.63,13.31
2,3,18.805,0.0,0.0,0.5,0.0192,-0.0199,0.2240,0.0211,0.2508,4.51,13.16
2,3,18.824,0.0,0.0,0.5,0.0181,-0.0174,0.2271,0.0209,0.2519,6.73,13.18
2,3,18.844,0.0,0.0,0.5,0.0370,-0.0341,0.2341,0.0213,0.2546,12.10,12.50
2,3,18.862,0.0,0.0,0.5,0.0486,-0.0430,0.2390,0.0223,0.2586,10.36,11.99
2,3,18.883,0.0,0.0,0.5,0.0337,-0.0286,0.2389,0.0241,0.2612,17.22,10.31
2,3,18.904,0.0,0.0,0.5,0.0399,-0.0289,0.2415,0.0248,0.2641,12.72,9.71
2,3,18.925,0.0,0.0,0.5,0.0211,-0.0094,0.3199,0.0195,0.2641,4.03,11.45
2,3,18.942,0.0,0.0,0.5,0.0022,-0.0080,0.3346,0.0188,0.2637,4.81,11.49
2,3,18.961,0.0,0.0,0.5,-0.0020,-0.0164,0.3270,0.0186,0.2615,26.50,14.01
2,3,18.983,0.0,0.0,0.5,-0.0037,-0.0121,0.2201,0.0193,0.2557,13.99,14.69
2,3,19.008,0.0,0.0,0.5,-0.0038,-0.0014,0.1822,0.0190,0.2541,11.88,14.41
2,3,19.025,0.0,0.0,0.5,-0.0054,0.0003,0.1675,0.0187,0.2527,12.65,14.40
2,3,19.043,0.0,0.0,0.5,-0.0097,-0.0014,0.1894,0.0180,0.2504,10.89,14.28
2,3,19.067,0.0,0.0,0.5,-0.0077,0.0003,0.2356,0.0167,0.2499,10.31,13.69
2,3,19.091,0.0,0.0,0.5,-0.0058,0.0055,0.2621,0.0141,0.2508,10.92,13.22
2,3,19.104,0.0,0.0,0.5,-0.0105,0.0147,0.2876,0.0119,0.2517,10.77,12.25
2,3,19.123,0.0,0.0,0.5,-0.0073,0.0092,0.3134,0.0091,0.2539,15.70,11.12
2,3,19.145,0.0,0.0,0.5,-0.0030,0.0022,0.3500,0.0076,0.2575,11.62,10.59
2,3,19.162,0.0,0.0,0.5,0.0011,-0.0019,0.3924,0.0078,0.2625,10.72,10.42
2,3,19.185,0.0,0.0,0.5,0.0012,0.0014,0.4393,0.0074,0.2674,6.39,9.86
2,3,19.205,0.0,0.0,0.5,-0.0006,0.0094,0.4343,0.0060,0.2701,13.08,5.79
2,3,19.226,0.0,0.0,0.5,-0.0020,0.0223,0.3173,0.0088,0.2703,16.82,10.91
2,3,19.245,0.0,0.0,0.5,-0.0051,0.0408,0.1965,0.0133,0.2676,38.35,13.07
2,3,19.263,0.0,0.0,0.5,0.0000,-0.0000,0.1691,0.0153,0.2648,52.24,12.50
2,3,19.284,0.0,0.0,0.5,-0.0134,0.0181,0.1647,0.0168,0.2604,39.28,13.27
2,3,19.310,0.0,0.0,0.5,-0.0134,0.0032,0.1708,0.0201,0.2554,12.69,12.79
2,3,19.324,0.0,0.0,0.5,-0.0156,-0.0038,0.1709,0.0210,0.2534,9.19,12.80
2,3,19.343,0.0,0.0,0.5,-0.0061,-0.0058,0.1689,0.0227,0.2510,5.27,13.30
2,3,19.364,0.0,0.0,0.5,-0.0020,-0.0124,0.1752,0.0229,0.2497,5.07,13.58
2,3,19.384,0.0,0.0,0.5,0.0062,-0.0100,0.1958,0.0223,0.2495,6.03,13.34
2,3,19.404,0.0,0.0,0.5,0.0148,-0.0151,0.2194,0.0216,0.2503,4.43,13.30
2,3,19.426,0.0,0.0,0.5,0.0198,-0.0173,0.2345,0.0209,0.2522,6.34,12.78
2,3,19.443,0.0,0.0,0.5,0.0346,-0.0300,0.2365,0.0208,0.2548,7.22,12.51
2,3,19.465,0.0,0.0,0.5,0.0375,-0.0328,0.2398,0.0220,0.2597,6.80,11.81
2,3,19.485,0.0,0.0,0.5,0.0415,-0.0339,0.2293,0.0231,0.2621,10.70,10.13
2,3,19.506,0.0,0.0,0.5,0.0147,-0.0092,0.2594,0.0217,0.2643,16.18,9.53
2,3,19.525,0.0,0.0,0.5,0.0023,-0.0015,0.2991,0.0182,0.2644,4.70,11.00
2,3,19.543,0.0,0.0,0.5,-0.0062,-0.0046,0.3310,0.0163,0.2635,16.37,12.36
2,3,19.563,0.0,0.0,0.5,-0.0102,-0.0134,0.2829,0.0159,0.2580,15.95,14.01
2,3,19.585,0.0,0.0,0.5,-0.0043,-0.0066,0.2180,0.0174,0.2551,6.71,14.94
2,3,19.609,0.0,0.0,0.5,-0.0035,-0.0013,0.2070,0.0185,0.2524,9.58,14.22
2,3,19.625,0.0,0.0,0.5,-0.0047,0.0021,0.2024,0.0182,0.2507,10.40,14.73
2,3,19.644,0.0,0.0,0.5,-0.0089,0.0088,0.2117,0.0164,0.2493,9.78,13.91
2,3,19.663,0.0,0.0,0.5,-0.0091,0.0102,0.2345,0.0146,0.2490,10.47,13.04
2,3,19.684,0.0,0.0,0.5,-0.0023,0.0031,0.2593,0.0127,0.2495,9.93,12.81
2,3,19.704,0.0,0.0,0.5,-0.0042,0.0094,0.2991,0.0104,0.2521,12.40,12.21
2,3,19.725,0.0,0.0,0.5,-0.0011,0.0121,0.3289,0.0085,0.2545,11.61,11.49
2,3,19.748,0.0,0.0,0.5,0.0007,0.0090,0.3537,0.0067,0.2589,15.15,10.94
2,3,19.762,0.0,0.0,0.5,0.0026,0.0103,0.3736,0.0060,0.2617,21.31,10.83
2,3,19.781,0.0,0.0,0.5,0.0059,0.0088,0.4260,0.0050,0.2660,17.83,8.66
2,3,19.805,0.0,0.0,0.5,0.0048,0.0055,0.4470,0.0050,0.2702,7.79,5.64
2,3,19.824,0.0,0.0,0.5,0.0080,0.0317,0.3544,0.0090,0.2704,14.39,10.96
2,3,19.844,0.0,0.0,0.5,0.0016,0.0256,0.1931,0.0137,0.2680,22.13,12.62
2,3,19.862,0.0,0.0,0.5,-0.0032,0.0157,0.1057,0.0163,0.2629,18.44,12.18
2,3,19.884,0.0,0.0,0.5,-0.0061,-0.0003,0.1281,0.0191,0.2582,15.18,12.63
2,3,19.905,0.0,0.0,0.5,-0.0113,-0.0028,0.1543,0.0208,0.2554,9.24,13.06
2,3,19.924,0.0,0.0,0.5,-0.0041,-0.0028,0.1604,0.0220,0.2530,6.43,13.17
2,3,19.943,0.0,0.0,0.5,-0.0028,-0.0095,0.1630,0.0223,0.2511,5.57,13.25
2,3,19.963,0.0,0.0,0.5,0.0049,-0.0097,0.1760,0.0221,0.2500,4.75,13.13
2,3,19.985,0.0,0.0,0.5,0.0157,-0.0196,0.2076,0.0213,0.2495,5.10,13.13
2,3,20.004,0.0,0.0,0.5,0.0171,-0.0181,0.2268,0.0204,0.2505,5.94,13.10
2,3,20.023,0.0,0.0,0.5,0.0189,-0.0181,0.2310,0.0202,0.2516,7.38,12.80
2,3,20.043,0.0,0.0,0.5,0.0396,-0.0363,0.2335,0.0203,0.2550,7.24,12.29
2,3,20.063,0.0,0.0,0.5,0.0299,-0.0276,0.2338,0.0212,0.2579,8.82,11.75
2,3,20.082,0.0,0.0,0.5,0.0328,-0.0301,0.2433,0.0227,0.2611,11.47,9.98
2,3,20.105,0.0,0.0,0.5,0.0356,-0.0275,0.2529,0.0221,0.2641,13.73,9.38
2,3,20.126,0.0,0.0,0.5,0.0099,-0.0019,0.2919,0.0185,0.2648,5.29,10.94
2,3,20.144,0.0,0.0,0.5,-0.0039,-0.0039,0.3255,0.0165,0.2642,8.08,10.79
2,3,20.161,0.0,0.0,0.5,-0.0063,-0.0171,0.3232,0.0162,0.2602,7.53,13.81
2,3,20.182,0.0,0.0,0.5,-0.0017,-0.0147,0.2518,0.0198,0.2562,12.32,14.99
2,3,20.204,0.0,0.0,0.5,-0.0014,-0.0058,0.2128,0.0207,0.2535,10.16,14.61
2,3,20.226,0.0,0.0,0.5,-0.0057,0.0050,0.1909,0.0194,0.2508,9.42,14.24
2,3,20.243,0.0,0.0,0.5,-0.0094,0.0111,0.1993,0.0175,0.2496,10.59,13.35
2,3,20.262,0.0,0.0,0.5,-0.0050,0.0056,0.2151,0.0162,0.2494,9.79,13.10
2,3,20.283,0.0,0.0,0.5,-0.0057,0.0078,0.2670,0.0135,0.2504,9.10,12.64
2,3,20.304,0.0,0.0,0.5,-0.0017,0.0079,0.2967,0.0121,0.2519,11.84,12.34
2,3,20.326,0.0,0.0,0.5,0.0004,0.0130,0.3271,0.0090,0.2556,14.16,11.83
2,3,20.344,0.0,0.0,0.5,0.0005,0.0213,0.3441,0.0073,0.2579,14.73,11.51
2,3,20.362,0.0,0.0,0.5,0.0024,0.0107,0.3859,0.0053,0.2632,14.36,10.53
2,3,20.384,0.0,0.0,0.5,0.0025,0.0019,0.3968,0.0053,0.2647,6.47,10.45
2,3,20.404,0.0,0.0,0.5,0.0114,0.0044,0.4466,0.0063,0.2708,11.29,6.32
2,3,20.426,0.0,0.0,0.5,0.0128,0.0330,0.3958,0.0090,0.2713,5.24,10.92
2,3,20.445,0.0,0.0,0.5,0.0050,0.0297,0.2062,0.0150,0.2678,27.78,12.31
2,3,20.463,0.0,0.0,0.5,0.0026,0.0219,0.1222,0.0165,0.2639,18.26,12.08
2,3,20.489,0.0,0.0,0.5,-0.0043,-0.0011,0.1115,0.0206,0.2580,16.29,12.77
2,3,20.505,0.0,0.0,0.5,-0.0067,-0.0026,0.1299,0.0222,0.2562,7.66,12.72
2,3,20.523,0.0,0.0,0.5,-0.0042,-0.0037,0.1565,0.0233,0.2535,6.54,13.64
2,3,20.542,0.0,0.0,0.5,0.0054,-0.0066,0.1683,0.0232,0.2516,6.83,13.37
2,3,20.564,0.0,0.0,0.5,0.0149,-0.0143,0.1919,0.0228,0.2504,4.19,13.20
2,3,20.582,0.0,0.0,0.5,0.0156,-0.0135,0.2230,0.0214,0.2500,5.53,13.18
2,3,20.605,0.0,0.0,0.5,0.0281,-0.0233,0.2395,0.0204,0.2507,5.53,12.98
2,3,20.626,0.0,0.0,0.5,0.0196,-0.0157,0.2416,0.0201,0.2532,4.58,12.60
2,3,20.644,0.0,0.0,0.5,0.0426,-0.0353,0.2270,0.0204,0.2556,5.74,12.78
2,3,20.662,0.0,0.0,0.5,0.0370,-0.0313,0.2387,0.0220,0.2593,8.75,11.28
2,3,20.682,0.0,0.0,0.5,0.0393,-0.0317,0.2410,0.0234,0.2623,10.74,10.28
2,3,20.704,0.0,0.0,0.5,0.0326,-0.0219,0.2394,0.0235,0.2639,14.44,9.37
2,3,20.726,0.0,0.0,0.5,0.0119,-0.0040,0.2801,0.0198,0.2655,5.02,11.31
2,3,20.741,0.0,0.0,0.5,-0.0025,-0.0036,0.3234,0.0142,0.2631,29.86,13.20
2,3,20.761,0.0,0.0,0.5,-0.0067,-0.0171,0.3026,0.0136,0.2593,9.07,14.02
2,3,20.781,0.0,0.0,0.5,-0.0012,-0.0105,0.2511,0.0154,0.2563,6.18,14.55
2,3,20.804,0.0,0.0,0.5,-0.0022,-0.0061,0.1879,0.0170,0.2524,9.43,14.54
2,3,20.826,0.0,0.0,0.5,-0.0063,0.0038,0.1727,0.0169,0.2505,9.02,14.34
2,3,20.845,0.0,0.0,0.5,-0.0045,0.0031,0.1993,0.0159,0.2493,9.75,13.93
2,3,20.864,0.0,0.0,0.5,-0.0096,0.0052,0.2215,0.0151,0.2491,10.04,13.52
2,3,20.886,0.0,0.0,0.5,-0.0060,0.0042,0.2610,0.0136,0.2495,9.38,13.09
2,3,20.904,0.0,0.0,0.5,-0.0048,0.0076,0.3105,0.0108,0.2515,11.12,12.64
2,3,20.923,0.0,0.0,0.5,-0.0050,0.0144,0.3440,0.0069,0.2549,14.51,11.32
2,3,20.942,0.0,0.0,0.5,-0.0036,0.0176,0.3683,0.0045,0.2584,9.15,11.02
2,3,20.962,0.0,0.0,0.5,-0.0002,0.0030,0.3764,0.0038,0.2606,9.19,10.94
2,3,20.984,0.0,0.0,0.5,0.0059,0.0046,0.4313,0.0046,0.2681,12.80,8.50
2,3,21.004,0.0,0.0,0.5,0.0064,0.0044,0.4755,0.0062,0.2707,8.52,7.01
2,3,21.024,0.0,0.0,0.5,0.0096,0.0302,0.3588,0.0093,0.2708,6.66,11.85
2,3,21.044,0.0,0.0,0.5,0.0016,0.0328,0.1876,0.0146,0.2672,20.42,12.28
2,4,21.065,0.0,0.3,0.0,-0.0038,0.0119,0.1300,0.0155,0.2635,17.94,11.81
2,4,21.087,0.0,0.3,0.0,-0.0043,0.0004,0.1290,0.0168,0.2613,21.79,11.85
2,4,21.109,0.0,0.3,0.0,-0.0151,0.0033,0.0083,0.0202,0.2537,6.38,14.03
2,4,21.129,0.0,0.3,0.0,-0.0031,0.0026,-0.0014,0.0202,0.2524,5.46,13.94
2,4,21.154,0.0,0.3,0.0,0.0025,-0.0019,0.0001,0.0223,0.2490,3.84,12.28
2,4,21.169,0.0,0.3,0.0,0.0111,-0.0087,0.0002,0.0237,0.2482,4.80,12.34
2,4,21.184,0.0,0.3,0.0,0.0114,-0.0049,0.0004,0.0248,0.2477,2.67,12.43
2,4,21.204,0.0,0.3,0.0,0.0200,-0.0046,-0.0011,0.0255,0.2490,10.32,13.86
2,4,21.222,0.0,0.3,0.0,0.0273,-0.0025,-0.0044,0.0264,0.2522,4.67,14.49
2,4,21.241,0.0,0.3,0.0,0.0400,-0.0004,-0.0058,0.0278,0.2551,8.42,13.76
2,4,21.264,0.0,0.3,0.0,0.0208,-0.0002,-0.0096,0.0296,0.2574,21.50,12.97
2,4,21.283,0.0,0.3,0.0,0.0627,0.0098,-0.0108,0.0344,0.2633,7.90,10.68
2,4,21.305,0.0,0.3,0.0,0.0227,0.0315,-0.0113,0.0326,0.2661,10.01,10.13
2,4,21.326,0.0,0.3,0.0,0.0066,0.0557,-0.0447,0.0276,0.2684,13.53,10.73
2,4,21.343,0.0,0.3,0.0,-0.0141,0.1072,-0.0437,0.0208,0.2670,21.16,10.52
2,4,21.362,0.0,0.3,0.0,-0.0186,0.0788,0.0186,0.0175,0.2636,24.32,13.85
2,4,21.384,0.0,0.3,0.0,-0.0103,0.0418,0.0444,0.0273,0.2592,17.70,13.12
2,4,21.406,0.0,0.3,0.0,-0.0123,0.0469,0.0212,0.0327,0.2564,10.30,14.03
2,4,21.424,0.0,0.3,0.0,-0.0258,0.0664,-0.0026,0.0319,0.2548,11.94,13.37
2,4,21.444,0.0,0.3,0.0,-0.0285,0.0558,-0.0110,0.0294,0.2537,10.88,13.07
2,4,21.464,0.0,0.3,0.0,-0.0443,0.0685,-0.0006,0.0237,0.2522,6.29,11.80
2,4,21.492,0.0,0.3,0.0,-0.0409,0.0498,0.0163,0.0241,0.2522,6.76,12.03
2,4,21.504,0.0,0.3,0.0,-0.0658,0.0740,0.0169,0.0249,0.2527,6.83,11.99
2,4,21.523,0.0,0.3,0.0,-0.0449,0.0503,0.0172,0.0259,0.2540,10.11,12.99
2,4,21.544,0.0,0.3,0.0,-0.0682,0.0784,0.0206,0.0238,0.2576,15.79,12.22
2,4,21.571,0.0,0.3,0.0,-0.0624,0.0662,0.0248,0.0204,0.2626,11.59,9.85
2,4,21.586,0.0,0.3,0.0,-0.0961,0.1061,0.0258,0.0185,0.2652,13.22,9.89
2,4,21.606,0.0,0.3,0.0,-0.0434,0.0564,0.0062,0.0150,0.2660,20.65,12.05
2,4,21.622,0.0,0.3,0.0,-0.0548,0.1086,0.0066,0.0109,0.2671,59.10,13.90
2,4,21.642,0.0,0.3,0.0,-0.0654,0.1489,0.0509,0.0132,0.2626,29.89,12.13
2,4,21.661,0.0,0.3,0.0,-0.0461,0.0881,-0.0067,0.0203,0.2598,33.06,13.43
2,4,21.683,0.0,0.3,0.0,-0.0309,0.0528,-0.0297,0.0245,0.2565,19.31,14.76
2,4,21.702,0.0,0.3,0.0,-0.0502,0.1081,-0.0357,0.0218,0.2548,13.34,14.17
2,4,21.722,0.0,0.3,0.0,-0.0347,0.0973,-0.0296,0.0183,0.2525,10.65,13.11
2,4,21.747,0.0,0.3,0.0,-0.0213,0.0721,-0.0095,0.0186,0.2498,8.33,12.72
2,4,21.770,0.0,0.3,0.0,-0.0114,0.0575,0.0037,0.0186,0.2486,7.97,13.35
2,4,21.785,0.0,0.3,0.0,-0.0087,0.0895,0.0019,0.0166,0.2488,6.27,12.99
2,4,21.804,0.0,0.3,0.0,-0.0003,0.0529,-0.0009,0.0151,0.2492,15.93,12.99
2,4,21.824,0.0,0.3,0.0,0.0065,0.0460,-0.0038,0.0157,0.2517,7.01,13.33
2,4,21.846,0.0,0.3,0.0,0.0129,0.0511,-0.0081,0.0165,0.2543,18.27,13.34
2,4,21.867,0.0,0.3,0.0,0.0197,0.0484,-0.0135,0.0176,0.2572,12.63,13.09
2,4,21.884,0.0,0.3,0.0,0.0202,0.0399,-0.0281,0.0216,0.2627,18.00,11.12
2,4,21.905,0.0,0.3,0.0,0.0309,0.0768,-0.0390,0.0240,0.2665,8.72,8.20
2,4,21.924,0.0,0.3,0.0,0.0113,0.0758,-0.0384,0.0215,0.2688,9.46,10.13
2,4,21.943,0.0,0.3,0.0,-0.0039,0.1022,-0.0138,0.0158,0.2685,21.55,9.93
2,4,21.964,0.0,0.3,0.0,-0.0125,0.1010,0.0264,0.0141,0.2650,22.33,12.77
2,4,21.984,0.0,0.3,0.0,-0.0043,0.0443,0.0436,0.0164,0.2629,21.16,12.61
2,4,22.008,0.0,0.3,0.0,-0.0103,0.0828,0.0293,0.0247,0.2578,12.92,13.55
2,4,22.023,0.0,0.3,0.0,-0.0191,0.0846,0.0070,0.0242,0.2561,10.32,13.17
2,4,22.044,0.0,0.3,0.0,-0.0144,0.0474,0.0002,0.0226,0.2551,10.61,12.51
2,4,22.066,0.0,0.3,0.0,-0.0417,0.1033,0.0035,0.0212,0.2537,7.37,11.99
2,4,22.083,0.0,0.3,0.0,-0.0453,0.0902,0.0184,0.0237,0.2531,5.95,12.63
2,4,22.109,0.0,0.3,0.0,-0.0381,0.0729,0.0185,0.0249,0.2544,9.66,13.21
2,4,22.126,0.0,0.3,0.0,-0.0516,0.0978,0.0169,0.0230,0.2552,11.28,12.78
2,4,22.143,0.0,0.3,0.0,-0.0431,0.0775,0.0130,0.0178,0.2578,28.81,10.90
2,4,22.163,0.0,0.3,0.0,-0.0302,0.0506,0.0168,0.0170,0.2592,13.40,10.68
2,4,22.185,0.0,0.3,0.0,-0.0813,0.1247,0.0433,0.0184,0.2653,13.60,7.53
2,4,22.206,0.0,0.3,0.0,-0.0360,0.0684,0.0175,0.0168,0.2677,7.24,10.60
2,4,22.223,0.0,0.3,0.0,-0.0299,0.0793,0.0145,0.0151,0.2676,8.01,10.60
2,4,22.244,0.0,0.3,0.0,-0.0623,0.1718,0.0230,0.0151,0.2633,24.76,12.84
2,4,22.262,0.0,0.3,0.0,-0.0731,0.1558,-0.0017,0.0171,0.2599,21.75,12.13
2,4,22.283,0.0,0.3,0.0,-0.0502,0.0894,-0.0123,0.0226,0.2568,26.41,13.61
2,4,22.305,0.0,0.3,0.0,-0.0567,0.1217,-0.0081,0.0246,0.2540,11.94,15.06
2,4,22.326,0.0,0.3,0.0,-0.0300,0.1063,-0.0237,0.0207,0.2534,13.55,13.56
2,4,22.344,0.0,0.3,0.0,-0.0138,0.0810,-0.0249,0.0198,0.2521,12.79,13.57
2,4,22.363,0.0,0.3,0.0,-0.0116,0.1144,-0.0049,0.0193,0.2502,8.29,11.99
2,4,22.384,0.0,0.3,0.0,-0.0037,0.0764,0.0085,0.0180,0.2494,6.94,12.83
2,4,22.405,0.0,0.3,0.0,0.0013,0.0650,0.0025,0.0159,0.2505,8.14,13.01
2,4,22.426,0.0,0.3,0.0,0.0098,0.0827,-0.0023,0.0146,0.2530,12.54,12.99
2,4,22.443,0.0,0.3,0.0,0.0071,0.0350,-0.0038,0.0149,0.2549,15.07,12.37
2,4,22.462,0.0,0.3,0.0,0.0112,0.0430,-0.0110,0.0161,0.2575,12.53,12.19
2,4,22.485,0.0,0.3,0.0,0.0199,0.0611,-0.0221,0.0188,0.2615,23.36,11.15
2,4,22.504,0.0,0.3,0.0,0.0273,0.0763,-0.0477,0.0231,0.2670,10.13,7.69
2,4,22.523,0.0,0.3,0.0,0.0138,0.0926,-0.0400,0.0214,0.2696,10.84,10.93
2,4,22.543,0.0,0.3,0.0,-0.0072,0.1208,-0.0030,0.0176,0.2688,16.11,10.68
2,4,22.563,0.0,0.3,0.0,-0.0154,0.1053,0.0487,0.0152,0.2648,22.90,12.78
2,4,22.585,0.0,0.3,0.0,-0.0114,0.0700,0.0613,0.0190,0.2615,32.84,12.82
2,4,22.606,0.0,0.3,0.0,-0.0171,0.0970,0.0178,0.0235,0.2561,10.10,13.32
2,4,22.622,0.0,0.3,0.0,-0.0191,0.0790,0.0079,0.0226,0.2550,13.38,12.37
2,4,22.644,0.0,0.3,0.0,-0.0342,0.0927,0.0031,0.0212,0.2533,8.93,11.79
2,4,22.663,0.0,0.3,0.0,-0.0453,0.0987,0.0102,0.0215,0.2524,6.09,12.04
2,4,22.686,0.0,0.3,0.0,-0.0548,0.1064,0.0166,0.0225,0.2522,6.30,12.49
2,4,22.704,0.0,0.3,0.0,-0.0390,0.0726,0.0144,0.0228,0.2527,7.69,12.32
2,4,22.724,0.0,0.3,0.0,-0.0407,0.0750,0.0143,0.0214,0.2547,14.19,12.24
2,4,22.742,0.0,0.3,0.0,-0.0582,0.1051,0.0245,0.0194,0.2572,12.66,10.72
2,4,22.764,0.0,0.3,0.0,-0.0666,0.1144,0.0300,0.0181,0.2624,14.46,9.47
2,4,22.785,0.0,0.3,0.0,-0.0492,0.0840,0.0310,0.0174,0.2659,12.50,8.87
2,4,22.805,0.0,0.3,0.0,-0.0621,0.1420,-0.0146,0.0141,0.2674,6.03,10.51
2,4,22.822,0.0,0.3,0.0,-0.0397,0.1080,0.0051,0.0152,0.2652,27.28,12.14
2,4,22.843,0.0,0.3,0.0,-0.0790,0.1884,-0.0074,0.0170,0.2624,17.72,12.42
2,4,22.866,0.0,0.3,0.0,-0.0736,0.1349,-0.0137,0.0185,0.2587,18.80,12.80
2,4,22.885,0.0,0.3,0.0,-0.0546,0.1026,-0.0022,0.0208,0.2555,15.65,14.16
2,4,22.908,0.0,0.3,0.0,-0.0432,0.1069,-0.0138,0.0181,0.2534,15.27,13.42
2,4,22.922,0.0,0.3,0.0,-0.0416,0.1329,-0.0183,0.0163,0.2514,13.39,12.31
2,4,22.944,0.0,0.3,0.0,-0.0316,0.1193,-0.0077,0.0160,0.2487,10.18,11.78
2,4,22.962,0.0,0.3,0.0,-0.0151,0.0640,0.0085,0.0143,0.2474,4.58,12.62
2,4,22.986,0.0,0.3,0.0,-0.0203,0.1120,0.0079,0.0111,0.2476,4.92,12.58
2,4,23.007,0.0,0.3,0.0,-0.0085,0.0748,0.0048,0.0088,0.2484,4.87,12.47
2,4,23.025,0.0,0.3,0.0,-0.0040,0.0637,0.0024,0.0075,0.2508,11.09,12.28
2,4,23.045,0.0,0.3,0.0,-0.0010,0.0823,-0.0089,0.0081,0.2543,13.05,12.42
2,4,23.071,0.0,0.3,0.0,0.0035,0.0635,-0.0339,0.0107,0.2605,12.45,12.50
2,4,23.086,0.0,0.3,0.0,0.0117,0.0987,-0.0454,0.0137,0.2641,18.34,12.11
2,4,23.105,0.0,0.3,0.0,0.0093,0.0766,-0.0423,0.0166,0.2667,20.69,7.10
2,4,23.123,0.0,0.3,0.0,-0.0004,0.0844,-0.0443,0.0161,0.2693,13.08,9.50
2,4,23.143,0.0,0.3,0.0,-0.0124,0.0926,0.0024,0.0129,0.2684,18.13,10.68
2,4,23.164,0.0,0.3,0.0,-0.0270,0.1125,0.0479,0.0114,0.2652,20.87,12.70
2,4,23.183,0.0,0.3,0.0,-0.0192,0.0676,0.0574,0.0132,0.2618,29.86,12.87
2,4,23.206,0.0,0.3,0.0,-0.0155,0.0537,0.0208,0.0187,0.2569,12.06,13.31
2,4,23.226,0.0,0.3,0.0,-0.0418,0.1162,0.0126,0.0186,0.2553,10.94,12.54
2,4,23.244,0.0,0.3,0.0,-0.0301,0.0650,0.0080,0.0177,0.2543,10.53,11.93
2,4,23.264,0.0,0.3,0.0,-0.0621,0.1092,0.0084,0.0168,0.2535,7.52,11.73
2,4,23.284,0.0,0.3,0.0,-0.0471,0.0702,0.0209,0.0177,0.2530,5.82,11.93
2,4,23.307,0.0,0.3,0.0,-0.0291,0.0416,0.0215,0.0186,0.2537,10.44,12.52
2,4,23.327,0.0,0.3,0.0,-0.0496,0.0704,0.0218,0.0186,0.2550,9.66,12.28
2,4,23.346,0.0,0.3,0.0,-0.0719,0.1006,0.0261,0.0157,0.2582,18.66,11.61
2,4,23.364,0.0,0.3,0.0,-0.0702,0.0935,0.0254,0.0148,0.2594,12.12,11.35
2,4,23.384,0.0,0.3,0.0,-0.0776,0.1048,0.0346,0.0120,0.2653,11.78,7.39
2,4,23.403,0.0,0.3,0.0,-0.0565,0.1085,0.0214,0.0074,0.2675,8.76,10.47
2,4,23.422,0.0,0.3,0.0,-0.0711,0.1684,0.0123,0.0093,0.2669,18.10,11.89
2,4,23.442,0.0,0.3,0.0,-0.0887,0.1659,-0.0204,0.0121,0.2632,26.10,12.95
2,4,23.464,0.0,0.3,0.0,-0.0870,0.1171,-0.0145,0.0152,0.2580,20.04,13.17
2,4,23.484,0.0,0.3,0.0,-0.0605,0.0966,-0.0046,0.0179,0.2546,17.59,14.59
2,4,23.504,0.0,0.3,0.0,-0.0637,0.1409,-0.0223,0.0137,0.2524,14.61,13.24
2,4,23.521,0.0,0.3,0.0,-0.0342,0.0901,-0.0223,0.0118,0.2502,13.54,12.21
2,4,23.541,0.0,0.3,0.0,-0.0375,0.1082,-0.0060,0.0108,0.2486,5.96,12.03
2,4,23.563,0.0,0.3,0.0,-0.0323,0.1094,0.0052,0.0078,0.2475,4.33,12.75
2,4,23.583,0.0,0.3,0.0,-0.0182,0.0780,0.0056,0.0049,0.2477,5.29,12.54
2,4,23.606,0.0,0.3,0.0,-0.0126,0.0719,0.0047,0.0038,0.2488,9.28,12.31
2,4,23.626,0.0,0.3,0.0,-0.0074,0.0531,-0.0003,0.0033,0.2512,13.33,12.10
2,4,23.644,0.0,0.3,0.0,-0.0082,0.0737,-0.0115,0.0030,0.2536,9.53,12.32
2,4,23.665,0.0,0.3,0.0,-0.0040,0.0747,-0.0245,0.0047,0.2590,23.84,12.93
2,4,23.684,0.0,0.3,0.0,-0.0004,0.0646,-0.0385,0.0068,0.2635,15.14,11.00
2,4,23.705,0.0,0.3,0.0,0.0026,0.0836,-0.0423,0.0088,0.2663,18.19,10.99
2,4,23.726,0.0,0.3,0.0,-0.0022,0.1035,-0.0357,0.0116,0.2696,3.63,9.39
2,4,23.743,0.0,0.3,0.0,-0.0204,0.1108,0.0025,0.0119,0.2685,22.30,10.76
2,4,23.764,0.0,0.3,0.0,-0.0172,0.0703,0.0284,0.0109,0.2660,20.00,11.13
2,4,23.784,0.0,0.3,0.0,-0.0240,0.1091,0.0465,0.0128,0.2605,15.42,13.27
2,4,23.805,0.0,0.3,0.0,-0.0154,0.0648,0.0221,0.0194,0.2571,12.74,12.98
2,4,23.829,0.0,0.3,0.0,-0.0195,0.0651,0.0171,0.0201,0.2566,12.89,12.84
2,4,23.843,0.0,0.3,0.0,-0.0321,0.0890,0.0011,0.0189,0.2550,11.39,12.28
2,4,23.866,0.0,0.3,0.0,-0.0447,0.1019,-0.0116,0.0141,0.2537,9.05,11.12
2,4,23.885,0.0,0.3,0.0,-0.0430,0.0771,0.0042,0.0133,0.2537,6.97,11.10
2,4,23.903,0.0,0.3,0.0,-0.0366,0.0580,0.0309,0.0163,0.2548,7.16,11.42
2,4,23.926,0.0,0.3,0.0,-0.0405,0.0656,0.0291,0.0186,0.2571,10.59,12.88
2,4,23.946,0.0,0.3,0.0,-0.0370,0.0653,0.0274,0.0179,0.2578,12.35,12.38
2,4,23.963,0.0,0.3,0.0,-0.0746,0.1274,0.0123,0.0115,0.2610,23.66,10.27
2,4,23.985,0.0,0.3,0.0,-0.0585,0.0905,0.0174,0.0052,0.2658,15.08,8.74
2,4,24.004,0.0,0.3,0.0,-0.0563,0.0911,0.0308,0.0049,0.2673,7.54,8.30
2,4,24.024,0.0,0.3,0.0,-0.0661,0.1499,0.0108,0.0078,0.2677,12.46,12.49
2,4,24.043,0.0,0.3,0.0,-0.0416,0.0902,-0.0271,0.0142,0.2636,22.76,12.84
2,4,24.063,0.0,0.3,0.0,-0.0823,0.1378,-0.0386,0.0141,0.2610,19.61,12.97
2,4,24.085,0.0,0.3,0.0,-0.0460,0.0658,-0.0145,0.0166,0.2561,18.05,13.25
2,4,24.105,0.0,0.3,0.0,-0.0574,0.0982,-0.0053,0.0175,0.2536,13.36,13.92
2,4,24.133,0.0,0.3,0.0,-0.0308,0.0723,-0.0122,0.0166,0.2521,12.62,13.64
2,4,24.146,0.0,0.3,0.0,-0.0289,0.0892,-0.0080,0.0132,0.2493,7.99,13.50
2,4,24.162,0.0,0.3,0.0,-0.0169,0.0660,-0.0010,0.0113,0.2487,9.18,12.12
2,4,24.184,0.0,0.3,0.0,-0.0109,0.0488,0.0071,0.0099,0.2478,5.17,12.36
2,4,24.208,0.0,0.3,0.0,-0.0116,0.0782,0.0036,0.0082,0.2501,8.20,12.83
2,4,24.223,0.0,0.3,0.0,-0.0045,0.0801,-0.0020,0.0073,0.2517,9.15,12.63
2,4,24.243,0.0,0.3,0.0,0.0010,0.0557,-0.0077,0.0073,0.2534,16.79,13.50
2,4,24.264,0.0,0.3,0.0,0.0048,0.0492,-0.0196,0.0085,0.2583,10.63,11.60
2,4,24.285,0.0,0.3,0.0,0.0074,0.0526,-0.0378,0.0111,0.2625,13.51,11.47
2,4,24.308,0.0,0.3,0.0,0.0123,0.0836,-0.0398,0.0149,0.2681,16.19,8.39
2,4,24.323,0.0,0.3,0.0,0.0026,0.0757,-0.0241,0.0144,0.2691,8.24,8.60
2,4,24.342,0.0,0.3,0.0,-0.0108,0.1321,0.0248,0.0144,0.2680,19.56,10.98
2,4,24.362,0.0,0.3,0.0,-0.0032,0.0242,0.0346,0.0142,0.2668,16.17,11.12
2,4,24.385,0.0,0.3,0.0,-0.0135,0.0953,0.0344,0.0162,0.2605,15.48,13.24
2,4,24.406,0.0,0.3,0.0,-0.0120,0.0772,0.0234,0.0212,0.2578,12.35,12.87
2,4,24.424,0.0,0.3,0.0,-0.0170,0.0801,0.0034,0.0231,0.2553,11.52,12.76
2,4,24.443,0.0,0.3,0.0,-0.0299,0.1004,-0.0105,0.0196,0.2544,11.21,11.46
2,4,24.464,0.0,0.3,0.0,-0.0410,0.0962,0.0051,0.0175,0.2536,6.69,11.29
2,4,24.484,0.0,0.3,0.0,-0.0445,0.0837,0.0181,0.0193,0.2537,6.35,11.93
2,4,24.505,0.0,0.3,0.0,-0.0504,0.0899,0.0197,0.0209,0.2547,7.96,12.67
2,4,24.524,0.0,0.3,0.0,-0.0432,0.0750,0.0123,0.0194,0.2559,10.47,12.65
2,4,24.545,0.0,0.3,0.0,-0.0628,0.1014,0.0149,0.0150,0.2586,14.48,10.92
2,4,24.563,0.0,0.3,0.0,-0.0596,0.0883,0.0278,0.0124,0.2614,12.02,10.77
2,4,24.585,0.0,0.3,0.0,-0.0394,0.0557,0.0404,0.0125,0.2658,12.04,7.27
2,4,24.606,0.0,0.3,0.0,-0.0712,0.1312,0.0312,0.0105,0.2679,7.16,9.31
2,4,24.627,0.0,0.3,0.0,-0.0358,0.0882,0.0298,0.0087,0.2677,5.85,10.07
2,4,24.642,0.0,0.3,0.0,-0.0866,0.2149,0.0107,0.0151,0.2652,28.06,12.49
2,4,24.667,0.0,0.3,0.0,-0.0389,0.0842,0.0005,0.0177,0.2628,19.73,12.74
2,4,24.694,0.0,0.3,0.0,-0.0650,0.0992,0.0140,0.0147,0.2556,32.89,12.15
2,4,24.708,0.0,0.3,0.0,0.0000,-0.0000,0.0192,0.0168,0.2544,21.65,12.14
2,4,24.726,0.0,0.3,0.0,-0.0207,0.0287,0.0209,0.0193,0.2533,16.69,12.12
2,4,24.745,0.0,0.3,0.0,-0.0467,0.0689,0.0113,0.0244,0.2519,15.78,14.45
2,4,24.766,0.0,0.3,0.0,-0.0204,0.0389,0.0113,0.0244,0.2519,15.78,14.45
2,4,24.785,0.0,0.3,0.0,-0.0537,0.3181,-0.0508,0.0143,0.2544,17.18,13.71
2,4,24.805,0.0,0.3,0.0,0.0080,0.1611,-0.0216,0.0184,0.2553,22.34,12.92
2,4,24.822,0.0,0.3,0.0,0.0065,0.1042,-0.0025,0.0187,0.2555,14.85,12.39
2,4,24.846,0.0,0.3,0.0,0.0042,0.1096,0.0104,0.0158,0.2577,12.43,12.04
2,4,24.867,0.0,0.3,0.0,0.0008,0.0283,0.0083,0.0150,0.2582,12.24,11.94
2,4,24.886,0.0,0.3,0.0,0.0099,0.1837,-0.0237,0.0137,0.2646,14.07,11.13
2,4,24.905,0.0,0.3,0.0,0.0085,0.1121,-0.0570,0.0157,0.2674,19.27,7.93
2,4,24.921,0.0,0.3,0.0,0.0032,0.1180,-0.0644,0.0181,0.2692,6.80,8.14
2,4,24.944,0.0,0.3,0.0,-0.0157,0.1623,-0.0177,0.0213,0.2682,26.56,11.79
2,4,24.964,0.0,0.3,0.0,-0.0107,0.0952,0.0528,0.0157,0.2640,28.16,14.44
2,4,24.981,0.0,0.3,0.0,-0.0030,0.0784,0.0677,0.0121,0.2615,18.05,13.79
2,4,25.008,0.0,0.3,0.0,-0.0007,0.1260,0.0299,0.0144,0.2567,13.17,13.67
2,4,25.021,0.0,0.3,0.0,-0.0083,0.1085,0.0048,0.0160,0.2548,12.50,12.54
2,4,25.044,0.0,0.3,0.0,-0.0090,0.0767,0.0006,0.0176,0.2533,11.15,11.95
2,4,25.065,0.0,0.3,0.0,-0.0179,0.1244,0.0065,0.0188,0.2521,7.41,12.13
2,4,25.090,0.0,0.3,0.0,-0.0125,0.1000,0.0226,0.0207,0.2520,7.27,12.31
2,4,25.109,0.0,0.3,0.0,-0.0041,0.0376,0.0267,0.0217,0.2523,6.86,12.20
2,4,25.123,0.0,0.3,0.0,-0.0167,0.1576,0.0260,0.0225,0.2537,11.47,12.73
2,4,25.143,0.0,0.3,0.0,-0.0138,0.1147,0.0284,0.0219,0.2570,18.48,11.07
2,4,25.163,0.0,0.3,0.0,-0.0169,0.1455,0.0382,0.0211,0.2603,13.15,10.99
2,4,25.185,0.0,0.3,0.0,-0.0080,0.1054,0.0378,0.0208,0.2638,9.77,11.05
2,4,25.206,0.0,0.3,0.0,-0.0055,0.0937,0.0212,0.0213,0.2670,9.61,7.34
2,4,25.227,0.0,0.3,0.0,-0.0295,0.1588,-0.0291,0.0215,0.2667,16.67,11.48
2,4,25.243,0.0,0.3,0.0,-0.0206,0.0783,-0.0441,0.0235,0.2634,17.82,12.98
2,4,25.267,0.0,0.3,0.0,-0.0399,0.1199,-0.0426,0.0231,0.2596,16.41,12.78
2,4,25.284,0.0,0.3,0.0,-0.0285,0.0650,-0.0237,0.0209,0.2563,21.00,11.40
2,4,25.304,0.0,0.3,0.0,-0.0396,0.0868,0.0021,0.0226,0.2532,13.85,13.65
2,4,25.324,0.0,0.3,0.0,-0.0407,0.1397,-0.0185,0.0193,0.2531,15.66,14.11
2,4,25.344,0.0,0.3,0.0,-0.0178,0.1095,-0.0371,0.0189,0.2527,13.68,11.95
2,4,25.364,0.0,0.3,0.0,-0.0110,0.0901,-0.0258,0.0189,0.2499,11.47,12.38
2,4,25.385,0.0,0.3,0.0,-0.0124,0.0967,0.0062,0.0182,0.2491,11.63,12.09
2,4,25.405,0.0,0.3,0.0,-0.0072,0.0519,0.0171,0.0171,0.2496,9.24,13.03
2,4,25.423,0.0,0.3,0.0,-0.0019,0.0918,0.0090,0.0163,0.2514,27.38,13.29
2,4,25.442,0.0,0.3,0.0,0.0058,0.0700,-0.0157,0.0170,0.2564,19.18,12.70
2,4,25.465,0.0,0.3,0.0,0.0148,0.0821,-0.0165,0.0186,0.2602,10.58,11.03
2,4,25.484,0.0,0.3,0.0,0.0149,0.0620,-0.0272,0.0205,0.2635,11.99,10.99
2,4,25.506,0.0,0.3,0.0,0.0107,0.0729,-0.0320,0.0209,0.2667,12.01,7.94
2,4,25.523,0.0,0.3,0.0,-0.0001,0.1273,-0.0441,0.0191,0.2693,7.61,9.12
2,4,25.544,0.0,0.3,0.0,-0.0136,0.1046,-0.0088,0.0164,0.2675,18.02,11.09
2,4,25.564,0.0,0.3,0.0,-0.0137,0.0955,0.0360,0.0134,0.2648,20.67,12.66
2,4,25.585,0.0,0.3,0.0,-0.0069,0.0623,0.0475,0.0177,0.2604,19.41,13.03
2,4,25.606,0.0,0.3,0.0,-0.0107,0.0746,0.0208,0.0193,0.2578,10.88,13.13
2,4,25.624,0.0,0.3,0.0,-0.0262,0.1154,0.0096,0.0179,0.2556,10.35,12.22
2,4,25.643,0.0,0.3,0.0,-0.0292,0.0890,0.0091,0.0176,0.2540,7.78,11.70
2,4,25.664,0.0,0.3,0.0,-0.0330,0.0806,0.0165,0.0191,0.2531,5.23,12.33
2,4,25.684,0.0,0.3,0.0,-0.0389,0.0882,0.0204,0.0215,0.2525,5.33,13.10
2,4,25.706,0.0,0.3,0.0,-0.0329,0.0730,0.0133,0.0216,0.2529,8.06,13.19
2,4,25.723,0.0,0.3,0.0,-0.0346,0.0747,0.0118,0.0200,0.2543,13.10,12.19
2,4,25.742,0.0,0.3,0.0,-0.0558,0.1124,0.0294,0.0179,0.2578,14.34,10.77
2,4,25.762,0.0,0.3,0.0,-0.0392,0.0757,0.0406,0.0181,0.2610,10.67,9.95
2,4,25.784,0.0,0.3,0.0,-0.0430,0.0867,0.0352,0.0187,0.2654,8.19,10.06
2,4,25.806,0.0,0.3,0.0,-0.0412,0.1028,0.0069,0.0149,0.2669,10.15,9.93
2,4,25.825,0.0,0.3,0.0,-0.0467,0.1423,-0.0016,0.0134,0.2664,12.04,10.65
2,4,25.842,0.0,0.3,0.0,-0.0649,0.1780,-0.0232,0.0173,0.2635,16.91,12.80
2,4,25.866,0.0,0.3,0.0,-0.0559,0.1039,-0.0150,0.0147,0.2596,20.37,11.85
2,4,25.884,0.0,0.3,0.0,-0.0951,0.1596,0.0206,0.0222,0.2544,26.68,14.40
2,4,25.904,0.0,0.3,0.0,-0.0471,0.1092,-0.0036,0.0225,0.2536,18.40,14.56
2,4,25.923,0.0,0.3,0.0,-0.0364,0.1415,-0.0317,0.0189,0.2528,18.14,12.83
2,4,25.949,0.0,0.3,0.0,-0.0140,0.0745,-0.0353,0.0185,0.2521,17.57,12.87
2,4,25.964,0.0,0.3,0.0,-0.0183,0.1060,-0.0113,0.0180,0.2496,10.98,12.00
2,4,25.985,0.0,0.3,0.0,-0.0154,0.0952,0.0091,0.0156,0.2487,4.77,12.63
2,4,26.005,0.0,0.3,0.0,-0.0087,0.0737,0.0078,0.0126,0.2495,7.30,12.82
2,4,26.024,0.0,0.3,0.0,-0.0051,0.1033,-0.0005,0.0103,0.2514,10.54,12.84
2,4,26.043,0.0,0.3,0.0,0.0018,0.0698,-0.0104,0.0101,0.2554,14.64,11.98
2,4,26.063,0.0,0.3,0.0,0.0029,0.0433,-0.0138,0.0104,0.2567,10.85,11.89
2,4,26.086,0.0,0.3,0.0,0.0123,0.1117,-0.0353,0.0137,0.2638,11.65,11.07
2,4,26.106,0.0,0.3,0.0,0.0102,0.0790,-0.0507,0.0168,0.2680,13.86,7.66
2,4,26.124,0.0,0.3,0.0,0.0026,0.0389,-0.0470,0.0169,0.2687,6.11,7.82
2,4,26.142,0.0,0.3,0.0,-0.0011,0.0715,-0.0496,0.0160,0.2700,8.28,9.89
2,4,26.166,0.0,0.3,0.0,-0.0170,0.1054,-0.0187,0.0137,0.2681,30.73,11.30
2,4,26.192,0.0,0.3,0.0,-0.0104,0.0466,0.0167,0.0105,0.2631,33.22,12.88
2,4,26.204,0.0,0.3,0.0,-0.0238,0.1171,0.0470,0.0099,0.2613,20.03,13.36
2,4,26.222,0.0,0.3,0.0,-0.0121,0.0637,0.0584,0.0190,0.2581,18.37,13.03
2,4,26.243,0.0,0.3,0.0,-0.0280,0.1251,0.0234,0.0197,0.2561,13.42,12.97
2,4,26.265,0.0,0.3,0.0,-0.0415,0.1227,0.0049,0.0164,0.2550,10.47,11.84
2,4,26.286,0.0,0.3,0.0,-0.0408,0.0896,0.0130,0.0153,0.2544,7.62,11.43
2,4,26.307,0.0,0.3,0.0,-0.0573,0.1105,0.0229,0.0162,0.2548,6.74,11.74
2,4,26.324,0.0,0.3,0.0,-0.0389,0.0735,0.0273,0.0173,0.2557,8.17,12.37
2,4,26.342,0.0,0.3,0.0,-0.0587,0.1122,0.0275,0.0164,0.2585,14.32,12.10
2,4,26.362,0.0,0.3,0.0,-0.0524,0.0976,0.0314,0.0134,0.2612,16.42,9.82
2,4,26.384,0.0,0.3,0.0,-0.0701,0.1266,0.0271,0.0100,0.2656,9.20,7.18
2,4,26.409,0.0,0.3,0.0,-0.0508,0.1197,0.0277,0.0082,0.2679,8.98,9.76
2,4,26.428,0.0,0.3,0.0,-0.0295,0.0803,0.0204,0.0107,0.2678,6.82,9.52
2,4,26.442,0.0,0.3,0.0,-0.0568,0.1463,-0.0050,0.0165,0.2657,30.58,11.93
2,4,26.465,0.0,0.3,0.0,-0.0628,0.1204,-0.0346,0.0159,0.2602,19.36,12.85
2,4,26.482,0.0,0.3,0.0,-0.0871,0.1247,-0.0213,0.0168,0.2563,25.28,13.21
2,4,26.504,0.0,0.3,0.0,-0.0657,0.1204,-0.0036,0.0181,0.2537,13.88,14.87
2,4,26.523,0.0,0.3,0.0,-0.0512,0.1157,-0.0157,0.0141,0.2529,16.80,13.22
2,4,26.542,0.0,0.3,0.0,-0.0131,0.0393,-0.0236,0.0126,0.2515,24.27,12.04
2,4,26.563,0.0,0.3,0.0,-0.0296,0.0842,0.0015,0.0130,0.2481,20.48,11.68
2,4,26.583,0.0,0.3,0.0,-0.0344,0.1024,0.0144,0.0119,0.2479,4.87,13.27
2,4,26.605,0.0,0.3,0.0,-0.0144,0.0529,0.0084,0.0100,0.2484,5.86,13.06
2,4,26.625,0.0,0.3,0.0,-0.0165,0.0945,-0.0050,0.0064,0.2513,8.93,12.74
2,4,26.642,0.0,0.3,0.0,-0.0107,0.1157,-0.0073,0.0067,0.2544,21.78,11.67
2,4,26.664,0.0,0.3,0.0,-0.0026,0.0462,-0.0150,0.0066,0.2576,28.30,11.59
2,4,26.685,0.0,0.3,0.0,-0.0043,0.1191,-0.0323,0.0083,0.2632,19.28,11.59
2,4,26.703,0.0,0.3,0.0,0.0013,0.0709,-0.0442,0.0105,0.2671,10.81,8.44
2,4,26.723,0.0,0.3,0.0,-0.0020,0.0836,-0.0480,0.0112,0.2686,8.18,8.49
2,4,26.742,0.0,0.3,0.0,-0.0073,0.0859,-0.0250,0.0116,0.2693,5.30,9.30
2,4,26.768,0.0,0.3,0.0,-0.0050,0.0358,-0.0041,0.0121,0.2687,5.46,10.47
2,4,26.805,0.0,0.3,0.0,-0.0041,0.0224,0.0022,0.0119,0.2671,32.59,10.47
2,4,26.809,0.0,0.3,0.0,0.0000,-0.0000,0.0022,0.0119,0.2671,32.59,10.47
2,4,26.824,0.0,0.3,0.0,-0.0196,0.0909,0.0178,0.0104,0.2632,31.34,14.48
2,4,26.841,0.0,0.3,0.0,-0.0236,0.1423,0.0404,0.0128,0.2575,17.26,13.24
2,4,26.861,0.0,0.3,0.0,-0.0076,0.0411,0.0428,0.0183,0.2562,14.89,13.89
2,4,26.884,0.0,0.3,0.0,-0.0322,0.1166,0.0035,0.0161,0.2558,14.53,13.87
2,4,26.902,0.0,0.3,0.0,-0.0581,0.1396,-0.0107,0.0086,0.2559,20.09,11.30
2,4,26.921,0.0,0.3,0.0,-0.0522,0.0983,0.0160,0.0066,0.2571,13.94,13.75
2,4,26.941,0.0,0.3,0.0,-0.0782,0.1161,0.0736,0.0131,0.2617,22.87,11.34
2,4,26.966,0.0,0.3,0.0,-0.0351,0.0611,0.0241,0.0204,0.2649,14.55,13.06
2,4,26.985,0.0,0.3,0.0,-0.0734,0.1460,-0.0190,0.0125,0.2658,16.75,11.22
2,4,27.001,0.0,0.3,0.0,-0.0770,0.1783,-0.0366,0.0055,0.2674,18.07,9.91
2,4,27.021,0.0,0.3,0.0,-0.0874,0.2080,-0.0219,0.0089,0.2672,16.40,11.11
2,4,27.041,0.0,0.3,0.0,-0.0617,0.1179,-0.0360,0.0080,0.2635,24.33,12.88
2,4,27.066,0.0,0.3,0.0,-0.0770,0.1380,-0.0098,0.0111,0.2593,22.33,14.13
2,5,27.086,0.0,0.0,0.0,-0.0833,0.1716,-0.0084,0.0101,0.2562,15.27,13.57
2,5,27.101,0.0,0.0,0.0,-0.0487,0.1111,-0.0236,0.0088,0.2534,51.64,12.17
2,5,27.121,0.0,0.0,0.0,-0.0531,0.1304,-0.0419,0.0093,0.2597,51.82,8.34
2,5,27.144,0.0,0.0,0.0,-0.0485,0.1384,-0.0587,0.0046,0.2618,13.46,11.77
2,5,27.166,0.0,0.0,0.0,-0.0327,0.1020,-0.0400,0.0082,0.2644,14.47,9.82
2,5,27.192,0.0,0.0,0.0,-0.0296,0.0790,-0.0281,0.0137,0.2646,7.17,10.10
2,5,27.205,0.0,0.0,0.0,-0.0617,0.1277,-0.0118,0.0149,0.2641,10.07,10.18
2,5,27.221,0.0,0.0,0.0,-0.0384,0.0590,0.0081,0.0120,0.2636,6.51,9.42
2,5,27.242,0.0,0.0,0.0,-0.0392,0.0401,0.0019,0.0115,0.2635,3.97,7.47
2,5,27.263,0.0,0.0,0.0,-0.0295,0.0234,-0.0011,0.0159,0.2634,3.27,6.94
2,5,27.288,0.0,0.0,0.0,-0.0280,0.0098,0.0004,0.0172,0.2634,2.12,6.90
2,5,27.308,0.0,0.0,0.0,-0.0144,-0.0014,0.0022,0.0177,0.2635,0.43,6.70
2,5,27.323,0.0,0.0,0.0,-0.0160,-0.0072,0.0022,0.0174,0.2635,0.46,6.67
2,5,27.343,0.0,0.0,0.0,-0.0120,-0.0109,0.0019,0.0172,0.2635,0.42,7.06
2,5,27.364,0.0,0.0,0.0,-0.0073,-0.0086,0.0018,0.0182,0.2634,0.74,7.41
2,5,27.388,0.0,0.0,0.0,-0.0022,-0.0040,0.0017,0.0189,0.2634,0.58,7.45
2,5,27.403,0.0,0.0,0.0,-0.0015,-0.0054,0.0012,0.0191,0.2634,0.26,7.47
2,5,27.423,0.0,0.0,0.0,0.0000,-0.0033,0.0005,0.0190,0.2634,0.24,7.65
2,5,27.443,0.0,0.0,0.0,0.0004,-0.0012,0.0003,0.0191,0.2633,0.25,7.85
2,5,27.465,0.0,0.0,0.0,0.0006,-0.0011,0.0002,0.0191,0.2633,0.28,8.00
2,5,27.485,0.0,0.0,0.0,0.0005,-0.0009,0.0002,0.0192,0.2633,0.25,8.11
2,5,27.503,0.0,0.0,0.0,0.0003,-0.0005,0.0002,0.0192,0.2633,0.22,8.18
2,5,27.523,0.0,0.0,0.0,0.0005,-0.0009,0.0002,0.0193,0.2632,0.23,8.23
2,5,27.544,0.0,0.0,0.0,0.0004,-0.0007,0.0002,0.0193,0.2632,0.20,8.26
2,5,27.566,0.0,0.0,0.0,0.0004,-0.0006,0.0001,0.0194,0.2632,0.19,8.26
2,5,27.585,0.0,0.0,0.0,0.0003,-0.0005,0.0001,0.0194,0.2632,0.17,8.29
2,5,27.606,0.0,0.0,0.0,0.0004,-0.0006,0.0001,0.0194,0.2632,0.17,8.29
2,5,27.626,0.0,0.0,0.0,0.0002,-0.0004,0.0001,0.0195,0.2632,0.16,8.30
2,5,27.643,0.0,0.0,0.0,0.0004,-0.0006,0.0001,0.0195,0.2631,0.15,8.30
2,5,27.666,0.0,0.0,0.0,0.0003,-0.0006,0.0001,0.0195,0.2631,0.14,8.30
2,5,27.688,0.0,0.0,0.0,0.0004,-0.0007,0.0001,0.0196,0.2631,0.14,8.30
2,5,27.706,0.0,0.0,0.0,0.0004,-0.0007,0.0001,0.0196,0.2631,0.14,8.30
2,5,27.724,0.0,0.0,0.0,0.0002,-0.0005,0.0001,0.0196,0.2631,0.14,8.30
2,5,27.743,0.0,0.0,0.0,0.0003,-0.0006,0.0001,0.0197,0.2631,0.14,8.29
2,5,27.765,0.0,0.0,0.0,0.0003,-0.0006,0.0001,0.0197,0.2630,0.14,8.29
2,5,27.790,0.0,0.0,0.0,0.0003,-0.0005,0.0001,0.0197,0.2630,0.14,8.28
2,5,27.809,0.0,0.0,0.0,0.0003,-0.0007,0.0001,0.0198,0.2630,0.13,8.28
2,5,27.825,0.0,0.0,0.0,0.0001,-0.0003,0.0000,0.0198,0.2630,0.14,8.28
2,5,27.844,0.0,0.0,0.0,0.0003,-0.0007,0.0001,0.0198,0.2630,0.14,8.27
2,5,27.864,0.0,0.0,0.0,0.0004,-0.0008,0.0001,0.0199,0.2630,0.14,8.27
2,5,27.883,0.0,0.0,0.0,0.0003,-0.0006,0.0001,0.0199,0.2630,0.13,8.27
2,5,27.907,0.0,0.0,0.0,0.0003,-0.0007,0.0001,0.0199,0.2629,0.13,8.27
2,5,27.924,0.0,0.0,0.0,0.0003,-0.0007,0.0001,0.0199,0.2629,0.13,8.26
2,5,27.943,0.0,0.0,0.0,0.0002,-0.0005,0.0001,0.0200,0.2629,0.13,8.26
2,5,27.967,0.0,0.0,0.0,0.0003,-0.0007,0.0001,0.0200,0.2629,0.13,8.26
2,5,27.985,0.0,0.0,0.0,0.0002,-0.0007,0.0001,0.0200,0.2629,0.13,8.26
2,5,28.005,0.0,0.0,0.0,0.0003,-0.0007,0.0001,0.0200,0.2629,0.12,8.26
2,5,28.024,0.0,0.0,0.0,0.0002,-0.0007,0.0001,0.0201,0.2629,0.12,8.25
2,5,28.043,0.0,0.0,0.0,0.0002,-0.0007,0.0001,0.0201,0.2628,0.12,8.25
2,5,28.063,0.0,0.0,0.0,0.0002,-0.0006,0.0001,0.0201,0.2628,0.12,8.25
2,5,28.085,0.0,0.0,0.0,0.0002,-0.0008,0.0001,0.0201,0.2628,0.12,8.25
2,5,28.104,0.0,0.0,0.0,0.0001,-0.0005,0.0001,0.0202,0.2628,0.12,8.25
2,5,28.126,0.0,0.0,0.0,0.0002,-0.0009,0.0001,0.0202,0.2628,0.12,8.25
2,5,28.142,0.0,0.0,0.0,0.0002,-0.0008,0.0001,0.0202,0.2628,0.11,8.25
2,5,28.165,0.0,0.0,0.0,0.0002,-0.0006,0.0001,0.0202,0.2628,0.11,8.24
2,5,28.186,0.0,0.0,0.0,0.0002,-0.0008,0.0001,0.0202,0.2627,0.11,8.24
2,5,28.206,0.0,0.0,0.0,0.0002,-0.0007,0.0001,0.0202,0.2627,0.11,8.24
2,5,28.225,0.0,0.0,0.0,0.0002,-0.0008,0.0001,0.0203,0.2627,0.11,8.24
2,5,28.242,0.0,0.0,0.0,0.0001,-0.0007,0.0001,0.0203,0.2627,0.11,8.24
2,5,28.265,0.0,0.0,0.0,0.0001,-0.0006,0.0001,0.0203,0.2627,0.11,8.24
2,5,28.284,0.0,0.0,0.0,0.0002,-0.0009,0.0001,0.0203,0.2627,0.10,8.24
2,5,28.305,0.0,0.0,0.0,0.0001,-0.0006,0.0001,0.0203,0.2627,0.10,8.24
2,5,28.323,0.0,0.0,0.0,0.0002,-0.0008,0.0001,0.0203,0.2627,0.10,8.24
2,5,28.344,0.0,0.0,0.0,0.0002,-0.0009,0.0001,0.0203,0.2626,0.10,8.24
2,5,28.366,0.0,0.0,0.0,0.0001,-0.0006,0.0001,0.0203,0.2626,0.10,8.24
2,5,28.384,0.0,0.0,0.0,0.0001,-0.0009,0.0001,0.0203,0.2626,0.10,8.24
2,5,28.404,0.0,0.0,0.0,0.0001,-0.0006,0.0002,0.0204,0.2626,0.10,8.24
2,5,28.424,0.0,0.0,0.0,0.0001,-0.0004,0.0001,0.0204,0.2626,0.10,8.24
2,5,28.443,0.0,0.0,0.0,0.0001,-0.0009,0.0002,0.0204,0.2626,0.10,8.24
2,5,28.464,0.0,0.0,0.0,0.0001,-0.0005,0.0001,0.0204,0.2626,0.09,8.24
2,5,28.484,0.0,0.0,0.0,0.0001,-0.0006,0.0002,0.0204,0.2626,0.09,8.24
2,5,28.508,0.0,0.0,0.0,0.0001,-0.0009,0.0002,0.0204,0.2626,0.09,8.24
2,5,28.523,0.0,0.0,0.0,0.0001,-0.0008,0.0002,0.0204,0.2626,0.09,8.24
2,5,28.543,0.0,0.0,0.0,0.0001,-0.0004,0.0002,0.0204,0.2626,0.09,8.24
2,5,28.564,0.0,0.0,0.0,0.0001,-0.0008,0.0002,0.0204,0.2625,0.09,8.24
2,5,28.585,0.0,0.0,0.0,0.0001,-0.0009,0.0002,0.0204,0.2625,0.09,8.24
2,5,28.605,0.0,0.0,0.0,0.0001,-0.0006,0.0002,0.0204,0.2625,0.09,8.24
2,5,28.625,0.0,0.0,0.0,0.0001,-0.0008,0.0002,0.0204,0.2625,0.09,8.24
2,5,28.643,0.0,0.0,0.0,0.0001,-0.0007,0.0002,0.0204,0.2625,0.08,8.24
2,5,28.664,0.0,0.0,0.0,0.0000,-0.0004,0.0002,0.0204,0.2625,0.08,8.24
2,5,28.685,0.0,0.0,0.0,0.0001,-0.0008,0.0002,0.0204,0.2625,0.08,8.24
2,5,28.707,0.0,0.0,0.0,0.0001,-0.0008,0.0002,0.0204,0.2625,0.08,8.24
2,5,28.724,0.0,0.0,0.0,0.0000,-0.0004,0.0002,0.0204,0.2625,0.08,8.24
2,5,28.743,0.0,0.0,0.0,0.0001,-0.0009,0.0002,0.0204,0.2625,0.08,8.24
2,5,28.762,0.0,0.0,0.0,0.0001,-0.0009,0.0002,0.0204,0.2625,0.08,8.24
2,5,28.783,0.0,0.0,0.0,0.0000,-0.0007,0.0002,0.0204,0.2624,0.08,8.25
2,5,28.807,0.0,0.0,0.0,0.0000,-0.0007,0.0002,0.0204,0.2624,0.08,8.25
2,5,28.823,0.0,0.0,0.0,0.0000,-0.0006,0.0002,0.0204,0.2624,0.08,8.25
2,5,28.846,0.0,0.0,0.0,0.0000,-0.0005,0.0002,0.0204,0.2624,0.08,8.25
2,5,28.863,0.0,0.0,0.0,0.0001,-0.0012,0.0002,0.0204,0.2624,0.08,8.25
2,5,28.884,0.0,0.0,0.0,0.0000,-0.0006,0.0002,0.0204,0.2624,0.07,8.25
2,5,28.907,0.0,0.0,0.0,0.0000,-0.0006,0.0002,0.0204,0.2624,0.07,8.25
2,5,28.924,0.0,0.0,0.0,0.0000,-0.0009,0.0002,0.0204,0.2624,0.07,8.25
2,5,28.942,0.0,0.0,0.0,0.0000,-0.0009,0.0002,0.0204,0.2624,0.07,8.25
2,5,28.962,0.0,0.0,0.0,0.0000,-0.0005,0.0002,0.0204,0.2624,0.07,8.25
2,5,28.984,0.0,0.0,0.0,0.0000,-0.0006,0.0002,0.0204,0.2624,0.07,8.26
2,5,29.005,0.0,0.0,0.0,0.0000,-0.0008,0.0002,0.0204,0.2624,0.07,8.26
2,5,29.025,0.0,0.0,0.0,-0.0000,-0.0006,0.0002,0.0204,0.2624,0.07,8.26
2,5,29.044,0.0,0.0,0.0,0.0000,-0.0007,0.0002,0.0204,0.2623,0.07,8.26
2,5,29.064,0.0,0.0,0.0,-0.0000,-0.0006,0.0002,0.0204,0.2623,0.07,8.26
2,5,29.087,0.0,0.0,0.0,0.0000,-0.0008,0.0002,0.0204,0.2623,0.07,8.26
2,5,29.104,0.0,0.0,0.0,-0.0000,-0.0006,0.0002,0.0204,0.2623,0.07,8.26
2,5,29.123,0.0,0.0,0.0,0.0000,-0.0006,0.0002,0.0204,0.2623,0.07,8.26
2,5,29.144,0.0,0.0,0.0,-0.0000,-0.0009,0.0002,0.0203,0.2623,0.07,8.27
2,5,29.163,0.0,0.0,0.0,-0.0000,-0.0008,0.0002,0.0203,0.2623,0.07,8.27
2,5,29.185,0.0,0.0,0.0,-0.0000,-0.0005,0.0002,0.0203,0.2623,0.06,8.27
2,5,29.211,0.0,0.0,0.0,-0.0000,-0.0006,0.0002,0.0203,0.2623,0.06,8.27
2,5,29.224,0.0,0.0,0.0,-0.0000,-0.0012,0.0002,0.0203,0.2623,0.06,8.27
2,5,29.244,0.0,0.0,0.0,-0.0000,-0.0007,0.0002,0.0203,0.2623,0.06,8.27
2,5,29.264,0.0,0.0,0.0,-0.0000,-0.0008,0.0002,0.0203,0.2623,0.06,8.27
2,5,29.285,0.0,0.0,0.0,-0.0000,-0.0004,0.0002,0.0203,0.2623,0.06,8.27
2,5,29.306,0.0,0.0,0.0,-0.0000,-0.0006,0.0002,0.0203,0.2623,0.06,8.28
2,5,29.324,0.0,0.0,0.0,-0.0000,-0.0009,0.0002,0.0203,0.2623,0.06,8.28
2,5,29.350,0.0,0.0,0.0,-0.0000,-0.0006,0.0002,0.0203,0.2622,0.06,8.28
2,5,29.371,0.0,0.0,0.0,-0.0001,-0.0009,0.0002,0.0203,0.2622,0.06,8.28
2,5,29.385,0.0,0.0,0.0,-0.0000,-0.0005,0.0002,0.0203,0.2622,0.06,8.28
2,5,29.404,0.0,0.0,0.0,-0.0000,-0.0007,0.0002,0.0203,0.2622,0.06,8.28
2,5,29.426,0.0,0.0,0.0,-0.0000,-0.0004,0.0002,0.0202,0.2622,0.06,8.28
2,5,29.444,0.0,0.0,0.0,-0.0000,-0.0008,0.0002,0.0202,0.2622,0.06,8.29
2,5,29.468,0.0,0.0,0.0,0.0000,-0.0000,0.0002,0.0202,0.2622,0.06,8.29
2,5,29.493,0.0,0.0,0.0,-0.0000,-0.0006,0.0002,0.0202,0.2622,0.06,8.29
2,5,29.503,0.0,0.0,0.0,-0.0001,-0.0007,0.0002,0.0202,0.2622,0.06,8.29
2,5,29.525,0.0,0.0,0.0,-0.0000,-0.0003,0.0002,0.0202,0.2622,0.06,8.29
2,5,29.544,0.0,0.0,0.0,-0.0000,-0.0006,0.0002,0.0202,0.2622,0.05,8.29
2,5,29.565,0.0,0.0,0.0,-0.0001,-0.0008,0.0002,0.0202,0.2622,0.06,8.30
2,5,29.589,0.0,0.0,0.0,-0.0000,-0.0005,0.0002,0.0202,0.2622,0.05,8.30
2,5,29.605,0.0,0.0,0.0,-0.0001,-0.0012,0.0002,0.0202,0.2622,0.05,8.30
2,5,29.623,0.0,0.0,0.0,-0.0000,-0.0005,0.0002,0.0202,0.2622,0.05,8.30
2,5,29.646,0.0,0.0,0.0,-0.0000,-0.0003,0.0002,0.0201,0.2622,0.05,8.30
2,5,29.666,0.0,0.0,0.0,-0.0001,-0.0008,0.0002,0.0201,0.2622,0.05,8.30
2,5,29.685,0.0,0.0,0.0,-0.0001,-0.0008,0.0002,0.0201,0.2622,0.05,8.30
2,5,29.706,0.0,0.0,0.0,-0.0000,-0.0005,0.0002,0.0201,0.2622,0.05,8.31
2,5,29.731,0.0,0.0,0.0,-0.0000,-0.0005,0.0002,0.0201,0.2622,0.05,8.31
2,5,29.743,0.0,0.0,0.0,-0.0001,-0.0006,0.0002,0.0201,0.2621,0.05,8.31
2,5,29.765,0.0,0.0,0.0,-0.0001,-0.0008,0.0002,0.0201,0.2621,0.05,8.31
2,5,29.790,0.0,0.0,0.0,-0.0000,-0.0002,0.0002,0.0201,0.2621,0.05,8.31
2,5,29.804,0.0,0.0,0.0,-0.0001,-0.0007,0.0002,0.0201,0.2621,0.05,8.31
2,5,29.827,0.0,0.0,0.0,-0.0001,-0.0007,0.0002,0.0201,0.2621,0.05,8.32
2,5,29.844,0.0,0.0,0.0,-0.0001,-0.0006,0.0002,0.0200,0.2621,0.05,8.32
2,5,29.866,0.0,0.0,0.0,-0.0001,-0.0005,0.0002,0.0200,0.2621,0.05,8.32
2,5,29.885,0.0,0.0,0.0,-0.0000,-0.0005,0.0003,0.0200,0.2621,0.05,8.32
2,5,29.905,0.0,0.0,0.0,-0.0001,-0.0005,0.0002,0.0200,0.2621,0.05,8.32
2,5,29.924,0.0,0.0,0.0,-0.0001,-0.0006,0.0003,0.0200,0.2621,0.05,8.32
2,5,29.942,0.0,0.0,0.0,-0.0001,-0.0005,0.0002,0.0200,0.2621,0.04,8.33
2,5,29.965,0.0,0.0,0.0,-0.0001,-0.0006,0.0002,0.0200,0.2621,0.05,8.33
2,5,29.985,0.0,0.0,0.0,-0.0001,-0.0005,0.0003,0.0200,0.2621,0.05,8.33
2,5,30.010,0.0,0.0,0.0,-0.0001,-0.0005,0.0003,0.0200,0.2621,0.05,8.33
2,5,30.025,0.0,0.0,0.0,-0.0000,-0.0004,0.0003,0.0200,0.2621,0.05,8.33
2,5,30.042,0.0,0.0,0.0,-0.0001,-0.0010,0.0003,0.0199,0.2621,0.05,8.33
2,5,30.063,0.0,0.0,0.0,-0.0001,-0.0005,0.0003,0.0199,0.2621,0.04,8.34
2,5,30.085,0.0,0.0,0.0,-0.0001,-0.0007,0.0003,0.0199,0.2621,0.04,8.34
3,0,0.003,0.0,0.0,0.0,-0.0001,-0.0001,0.0003,0.1301,0.2219,0.09,11.45
3,0,0.025,0.0,0.0,0.0,0.0022,0.0009,0.0003,0.1301,0.2219,0.18,27.04
3,0,0.044,0.0,0.0,0.0,0.0227,0.0105,-0.0141,0.1246,0.2218,120.34,29.00
3,0,0.064,0.0,0.0,0.0,0.0578,0.0194,0.0428,0.1036,0.2254,132.98,23.83
3,0,0.083,0.0,0.0,0.0,0.1367,0.0107,0.0866,0.0956,0.2273,98.92,21.74
3,0,0.106,0.0,0.0,0.0,0.1452,-0.0081,0.1429,0.0854,0.2311,78.15,20.19
3,0,0.127,0.0,0.0,0.0,0.1986,-0.0220,0.1599,0.0745,0.2355,61.76,16.90
3,0,0.142,0.0,0.0,0.0,0.1854,-0.0182,0.1158,0.0671,0.2393,62.94,14.75
3,0,0.164,0.0,0.0,0.0,0.2258,-0.0147,0.0433,0.0583,0.2442,57.10,13.32
3,0,0.182,0.0,0.0,0.0,0.3971,-0.0135,0.0259,0.0542,0.2465,52.20,12.90
3,0,0.209,0.0,0.0,0.0,0.3096,-0.0066,0.0184,0.0467,0.2510,46.08,12.00
3,0,0.225,0.0,0.0,0.0,0.3175,-0.0051,0.0120,0.0413,0.2540,38.57,11.19
3,0,0.243,0.0,0.0,0.0,0.3852,-0.0040,0.0010,0.0358,0.2566,30.50,10.59
3,0,0.264,0.0,0.0,0.0,0.4836,-0.0057,-0.0108,0.0285,0.2600,22.09,10.63
3,0,0.283,0.0,0.0,0.0,0.5056,-0.0120,-0.0303,0.0230,0.2607,21.38,10.11
3,0,0.306,0.0,0.0,0.0,0.3388,-0.0137,-0.0374,0.0166,0.2616,16.97,8.49
3,0,0.327,0.0,0.0,0.0,0.3219,-0.0153,-0.0362,0.0128,0.2623,18.37,8.36
3,0,0.343,0.0,0.0,0.0,0.3967,-0.0139,-0.0382,0.0096,0.2633,16.35,6.56
3,0,0.363,0.0,0.0,0.0,0.4289,-0.0017,-0.0427,0.0071,0.2639,14.74,6.41
3,0,0.385,0.0,0.0,0.0,0.3709,0.0054,-0.0338,0.0054,0.2647,11.55,5.33
3,0,0.405,0.0,0.0,0.0,0.2501,0.0040,-0.0240,0.0061,0.2653,10.57,5.91
3,0,0.427,0.0,0.0,0.0,0.2410,0.0029,-0.0221,0.0095,0.2658,8.99,7.01
3,0,0.450,0.0,0.0,0.0,0.1449,-0.0008,-0.0231,0.0112,0.2660,7.98,7.45
3,0,0.464,0.0,0.0,0.0,0.1915,-0.0059,-0.0225,0.0127,0.2661,6.60,7.78
3,0,0.485,0.0,0.0,0.0,0.0931,-0.0070,-0.0188,0.0143,0.2661,4.93,8.11
3,0,0.505,0.0,0.0,0.0,0.0939,-0.0157,-0.0101,0.0149,0.2659,3.66,8.68
3,0,0.528,0.0,0.0,0.0,0.0250,-0.0181,-0.0079,0.0156,0.2656,2.80,9.13
3,0,0.546,0.0,0.0,0.0,-0.0070,-0.0222,-0.0086,0.0154,0.2655,3.85,9.26
3,0,0.565,0.0,0.0,0.0,-0.0154,-0.0148,-0.0112,0.0146,0.2654,4.69,9.17
3,0,0.585,0.0,0.0,0.0,-0.0774,-0.0479,-0.0216,0.0137,0.2653,5.49,8.74
3,0,0.606,0.0,0.0,0.0,-0.0916,-0.0421,-0.0298,0.0128,0.2653,5.16,8.15
3,0,0.625,0.0,0.0,0.0,-0.0464,-0.0173,-0.0298,0.0126,0.2654,4.94,7.76
3,0,0.643,0.0,0.0,0.0,-0.1137,-0.0315,-0.0226,0.0123,0.2654,5.11,7.59
3,0,0.664,0.0,0.0,0.0,-0.1357,-0.0279,-0.0086,0.0113,0.2655,5.00,7.43
3,0,0.685,0.0,0.0,0.0,-0.1122,-0.0189,-0.0061,0.0110,0.2654,4.99,7.42
3,0,0.709,0.0,0.0,0.0,-0.0966,-0.0118,-0.0064,0.0096,0.2654,4.57,7.83
3,0,0.729,0.0,0.0,0.0,-0.1432,-0.0087,-0.0068,0.0088,0.2654,4.48,7.83
3,0,0.744,0.0,0.0,0.0,-0.1211,0.0005,-0.0041,0.0080,0.2653,4.65,8.16
3,0,0.765,0.0,0.0,0.0,-0.1046,0.0047,-0.0012,0.0072,0.2652,4.42,8.28
3,0,0.790,0.0,0.0,0.0,-0.1145,0.0103,-0.0009,0.0064,0.2651,4.48,8.27
3,0,0.805,0.0,0.0,0.0,-0.0962,0.0134,-0.0009,0.0061,0.2650,4.54,8.30
3,0,0.827,0.0,0.0,0.0,-0.0986,0.0173,-0.0002,0.0060,0.2647,4.66,8.09
3,0,0.844,0.0,0.0,0.0,-0.0867,0.0178,0.0005,0.0063,0.2644,4.63,8.17
3,0,0.871,0.0,0.0,0.0,-0.1078,0.0254,0.0035,0.0073,0.2640,4.62,7.85
3,0,0.889,0.0,0.0,0.0,-0.0721,0.0185,0.0043,0.0078,0.2638,4.48,7.65
3,0,0.906,0.0,0.0,0.0,-0.0544,0.0149,0.0056,0.0083,0.2635,4.35,7.69
3,0,0.925,0.0,0.0,0.0,-0.0782,0.0227,0.0072,0.0093,0.2631,3.96,7.67
3,0,0.947,0.0,0.0,0.0,-0.0435,0.0138,0.0071,0.0101,0.2627,3.52,7.94
3,0,0.967,0.0,0.0,0.0,-0.0240,0.0088,0.0064,0.0107,0.2624,3.05,7.99
3,0,0.993,0.0,0.0,0.0,-0.0100,0.0043,0.0061,0.0111,0.2622,2.47,8.15
3,0,1.011,0.0,0.0,0.0,-0.0170,0.0091,0.0060,0.0112,0.2621,2.29,8.15
3,0,1.029,0.0,0.0,0.0,-0.0046,0.0057,0.0037,0.0117,0.2618,1.48,8.11
3,0,1.043,0.0,0.0,0.0,0.0038,0.0027,0.0018,0.0119,0.2617,1.10,8.04
3,0,1.062,0.0,0.0,0.0,0.0039,0.0004,0.0014,0.0120,0.2616,0.99,7.74
3,0,1.092,0.0,0.0,0.0,0.0054,0.0007,0.0013,0.0122,0.2614,0.94,7.60
3,0,1.110,0.0,0.0,0.0,0.0056,0.0005,0.0012,0.0123,0.2614,0.91,7.61
3,0,1.123,0.0,0.0,0.0,0.0083,0.0008,0.0010,0.0124,0.2613,0.89,7.51
3,0,1.145,0.0,0.0,0.0,0.0048,0.0005,0.0008,0.0126,0.2612,0.81,7.37
3,0,1.165,0.0,0.0,0.0,0.0033,0.0004,0.0008,0.0127,0.2611,0.77,7.38
3,0,1.189,0.0,0.0,0.0,0.0058,0.0007,0.0007,0.0129,0.2610,0.67,7.41
3,0,1.210,0.0,0.0,0.0,0.0037,0.0005,0.0006,0.0130,0.2609,0.61,7.44
3,0,1.234,0.0,0.0,0.0,0.0036,0.0005,0.0006,0.0131,0.2608,0.54,7.47
3,0,1.243,0.0,0.0,0.0,0.0028,0.0004,0.0006,0.0131,0.2608,0.54,7.47
3,0,1.265,0.0,0.0,0.0,0.0032,0.0005,0.0005,0.0133,0.2608,0.47,7.52
3,0,1.285,0.0,0.0,0.0,0.0000,-0.0000,0.0005,0.0133,0.2607,0.45,7.53
3,0,1.305,0.0,0.0,0.0,0.0033,0.0005,0.0005,0.0134,0.2607,0.43,7.53
3,0,1.330,0.0,0.0,0.0,0.0021,0.0004,0.0005,0.0135,0.2606,0.38,7.57
3,0,1.344,0.0,0.0,0.0,0.0029,0.0005,0.0005,0.0136,0.2606,0.36,7.58
3,0,1.365,0.0,0.0,0.0,0.0021,0.0004,0.0004,0.0137,0.2606,0.33,7.59
3,0,1.386,0.0,0.0,0.0,0.0020,0.0004,0.0004,0.0137,0.2605,0.30,7.59
3,0,1.406,0.0,0.0,0.0,0.0010,0.0002,0.0004,0.0138,0.2605,0.30,7.60
3,0,1.425,0.0,0.0,0.0,0.0014,0.0003,0.0004,0.0138,0.2605,0.29,7.61
3,0,1.444,0.0,0.0,0.0,0.0021,0.0004,0.0004,0.0139,0.2605,0.28,7.61
3,0,1.468,0.0,0.0,0.0,0.0015,0.0003,0.0004,0.0140,0.2604,0.28,7.62
3,0,1.484,0.0,0.0,0.0,0.0015,0.0003,0.0004,0.0140,0.2604,0.27,7.62
3,0,1.511,0.0,0.0,0.0,0.0014,0.0003,0.0004,0.0141,0.2604,0.26,7.62
3,0,1.531,0.0,0.0,0.0,0.0012,0.0003,0.0004,0.0142,0.2604,0.26,7.63
3,0,1.545,0.0,0.0,0.0,0.0019,0.0004,0.0004,0.0142,0.2603,0.25,7.63
3,0,1.563,0.0,0.0,0.0,0.0015,0.0003,0.0004,0.0142,0.2603,0.25,7.63
3,0,1.584,0.0,0.0,0.0,0.0010,0.0002,0.0004,0.0143,0.2603,0.24,7.64
3,0,1.611,0.0,0.0,0.0,0.0016,0.0004,0.0004,0.0144,0.2602,0.23,7.64
3,0,1.626,0.0,0.0,0.0,0.0011,0.0003,0.0004,0.0144,0.2602,0.23,7.65
3,0,1.643,0.0,0.0,0.0,0.0012,0.0003,0.0004,0.0145,0.2602,0.22,7.65
3,0,1.664,0.0,0.0,0.0,0.0012,0.0003,0.0004,0.0145,0.2602,0.22,7.65
3,0,1.683,0.0,0.0,0.0,0.0012,0.0003,0.0004,0.0146,0.2602,0.21,7.66
3,0,1.708,0.0,0.0,0.0,0.0015,0.0004,0.0004,0.0146,0.2601,0.21,7.66
3,0,1.727,0.0,0.0,0.0,0.0010,0.0003,0.0004,0.0147,0.2601,0.20,7.66
3,0,1.743,0.0,0.0,0.0,0.0016,0.0004,0.0004,0.0147,0.2601,0.20,7.66
3,0,1.765,0.0,0.0,0.0,0.0009,0.0002,0.0004,0.0148,0.2601,0.19,7.67
3,0,1.785,0.0,0.0,0.0,0.0014,0.0004,0.0004,0.0148,0.2601,0.19,7.67
3,0,1.811,0.0,0.0,0.0,0.0009,0.0002,0.0004,0.0149,0.2600,0.18,7.67
3,0,1.827,0.0,0.0,0.0,0.0010,0.0003,0.0004,0.0149,0.2600,0.18,7.67
3,0,1.844,0.0,0.0,0.0,0.0009,0.0003,0.0004,0.0150,0.2600,0.17,7.67
3,0,1.865,0.0,0.0,0.0,0.0013,0.0004,0.0004,0.0150,0.2600,0.17,7.68
3,0,1.885,0.0,0.0,0.0,0.0008,0.0002,0.0004,0.0151,0.2600,0.17,7.68
3,0,1.909,0.0,0.0,0.0,0.0013,0.0003,0.0004,0.0151,0.2600,0.16,7.68
3,0,1.929,0.0,0.0,0.0,0.0011,0.0003,0.0004,0.0152,0.2599,0.16,7.68
3,0,1.945,0.0,0.0,0.0,0.0005,0.0001,0.0004,0.0152,0.2599,0.16,7.68
3,0,1.964,0.0,0.0,0.0,0.0008,0.0002,0.0004,0.0152,0.2599,0.16,7.69
3,0,1.984,0.0,0.0,0.0,0.0011,0.0003,0.0004,0.0153,0.2599,0.15,7.69
3,0,2.013,0.0,0.0,0.0,0.0007,0.0002,0.0004,0.0153,0.2599,0.15,7.69
3,0,2.028,0.0,0.0,0.0,0.0013,0.0004,0.0004,0.0153,0.2599,0.15,7.69
3,0,2.044,0.0,0.0,0.0,0.0007,0.0002,0.0004,0.0154,0.2599,0.15,7.69
3,0,2.065,0.0,0.0,0.0,0.0011,0.0003,0.0004,0.0154,0.2598,0.14,7.69
3,0,2.083,0.0,0.0,0.0,0.0008,0.0002,0.0004,0.0154,0.2598,0.14,7.70
3,0,2.108,0.0,0.0,0.0,0.0010,0.0003,0.0004,0.0155,0.2598,0.14,7.70
3,0,2.125,0.0,0.0,0.0,0.0003,0.0001,0.0004,0.0155,0.2598,0.14,7.70
3,0,2.144,0.0,0.0,0.0,0.0011,0.0003,0.0004,0.0155,0.2598,0.14,7.70
3,0,2.164,0.0,0.0,0.0,0.0008,0.0002,0.0004,0.0156,0.2598,0.13,7.71
3,0,2.184,0.0,0.0,0.0,0.0010,0.0003,0.0004,0.0156,0.2598,0.13,7.71
3,0,2.207,0.0,0.0,0.0,0.0008,0.0002,0.0004,0.0157,0.2598,0.13,7.71
3,0,2.227,0.0,0.0,0.0,0.0010,0.0003,0.0004,0.0157,0.2597,0.13,7.71
3,0,2.249,0.0,0.0,0.0,0.0008,0.0002,0.0004,0.0157,0.2597,0.12,7.71
3,0,2.262,0.0,0.0,0.0,0.0010,0.0003,0.0004,0.0158,0.2597,0.12,7.71
3,0,2.286,0.0,0.0,0.0,0.0007,0.0002,0.0004,0.0158,0.2597,0.12,7.71
3,0,2.310,0.0,0.0,0.0,0.0007,0.0002,0.0004,0.0158,0.2597,0.12,7.72
3,0,2.328,0.0,0.0,0.0,0.0011,0.0003,0.0004,0.0159,0.2597,0.12,7.72
3,0,2.346,0.0,0.0,0.0,0.0007,0.0002,0.0004,0.0159,0.2597,0.11,7.72
3,0,2.363,0.0,0.0,0.0,0.0006,0.0002,0.0004,0.0159,0.2597,0.11,7.72
3,0,2.384,0.0,0.0,0.0,0.0009,0.0003,0.0004,0.0159,0.2597,0.11,7.72
3,0,2.410,0.0,0.0,0.0,0.0006,0.0002,0.0004,0.0160,0.2596,0.11,7.72
3,0,2.427,0.0,0.0,0.0,0.0004,0.0001,0.0004,0.0160,0.2596,0.11,7.73
3,0,2.445,0.0,0.0,0.0,0.0006,0.0002,0.0004,0.0160,0.2596,0.11,7.73
3,0,2.463,0.0,0.0,0.0,0.0010,0.0003,0.0004,0.0160,0.2596,0.10,7.73
3,0,2.485,0.0,0.0,0.0,0.0006,0.0002,0.0004,0.0161,0.2596,0.10,7.73
3,0,2.510,0.0,0.0,0.0,0.0007,0.0002,0.0004,0.0161,0.2596,0.10,7.73
3,0,2.530,0.0,0.0,0.0,0.0006,0.0002,0.0004,0.0161,0.2596,0.10,7.73
3,0,2.544,0.0,0.0,0.0,0.0009,0.0003,0.0004,0.0161,0.2596,0.10,7.74
3,0,2.564,0.0,0.0,0.0,0.0006,0.0002,0.0004,0.0162,0.2596,0.10,7.74
3,0,2.585,0.0,0.0,0.0,0.0006,0.0002,0.0004,0.0162,0.2596,0.10,7.74
3,0,2.606,0.0,0.0,0.0,0.0007,0.0002,0.0004,0.0162,0.2596,0.09,7.74
3,0,2.626,0.0,0.0,0.0,0.0008,0.0002,0.0004,0.0163,0.2596,0.09,7.74
3,0,2.650,0.0,0.0,0.0,0.0003,0.0001,0.0004,0.0163,0.2595,0.09,7.74
3,0,2.665,0.0,0.0,0.0,0.0010,0.0003,0.0004,0.0163,0.2595,0.09,7.74
3,0,2.684,0.0,0.0,0.0,0.0005,0.0002,0.0004,0.0163,0.2595,0.09,7.75
3,0,2.704,0.0,0.0,0.0,0.0006,0.0002,0.0004,0.0163,0.2595,0.09,7.75
3,0,2.724,0.0,0.0,0.0,0.0007,0.0002,0.0004,0.0164,0.2595,0.08,7.75
3,0,2.746,0.0,0.0,0.0,0.0005,0.0002,0.0004,0.0164,0.2595,0.08,7.75
3,0,2.764,0.0,0.0,0.0,0.0004,0.0001,0.0004,0.0164,0.2595,0.08,7.75
3,0,2.784,0.0,0.0,0.0,0.0009,0.0003,0.0004,0.0164,0.2595,0.08,7.75
3,0,2.808,0.0,0.0,0.0,0.0005,0.0002,0.0003,0.0164,0.2595,0.08,7.76
3,0,2.827,0.0,0.0,0.0,0.0006,0.0002,0.0003,0.0165,0.2595,0.08,7.76
3,0,2.847,0.0,0.0,0.0,0.0007,0.0002,0.0003,0.0165,0.2595,0.08,7.76
3,0,2.864,0.0,0.0,0.0,0.0006,0.0002,0.0003,0.0165,0.2595,0.07,7.76
3,0,2.885,0.0,0.0,0.0,0.0002,0.0001,0.0003,0.0165,0.2595,0.07,7.76
3,0,2.909,0.0,0.0,0.0,0.0007,0.0002,0.0003,0.0165,0.2595,0.07,7.76
3,0,2.933,0.0,0.0,0.0,0.0006,0.0002,0.0003,0.0166,0.2595,0.07,7.77
3,0,2.949,0.0,0.0,0.0,0.0005,0.0001,0.0003,0.0166,0.2594,0.07,7.77
3,0,2.965,0.0,0.0,0.0,0.0005,0.0002,0.0003,0.0166,0.2594,0.07,7.77
3,0,2.984,0.0,0.0,0.0,0.0007,0.0002,0.0003,0.0166,0.2594,0.07,7.77
3,1,3.013,0.3,0.0,0.0,0.0004,0.0001,0.0003,0.0166,0.2594,0.07,7.77
3,1,3.031,0.3,0.0,0.0,0.0004,0.0001,0.0003,0.0166,0.2594,0.07,7.77
3,1,3.046,0.3,0.0,0.0,0.0030,-0.0006,-0.0013,0.0164,0.2593,3.54,13.38
3,1,3.063,0.3,0.0,0.0,0.0087,-0.0009,-0.0019,0.0140,0.2561,31.02,15.95
3,1,3.085,0.3,0.0,0.0,0.0070,0.0053,0.0089,0.0128,0.2499,48.81,16.33
3,1,3.109,0.3,0.0,0.0,0.0144,0.0188,0.0126,0.0125,0.2480,11.07,15.20
3,1,3.125,0.3,0.0,0.0,0.0123,0.0157,0.0089,0.0125,0.2472,7.71,15.27
3,1,3.147,0.3,0.0,0.0,0.0247,0.0276,0.0063,0.0125,0.2438,5.03,14.96
3,1,3.165,0.3,0.0,0.0,0.0176,0.0193,0.0104,0.0130,0.2426,5.41,14.98
3,1,3.185,0.3,0.0,0.0,0.0286,0.0309,0.0143,0.0136,0.2428,5.76,14.82
3,1,3.207,0.3,0.0,0.0,0.0507,0.0548,0.0175,0.0158,0.2441,7.65,15.03
3,1,3.226,0.3,0.0,0.0,0.0410,0.0463,0.0173,0.0185,0.2466,11.22,14.41
3,1,3.246,0.3,0.0,0.0,0.0430,0.0498,0.0077,0.0227,0.2512,10.68,13.78
3,1,3.265,0.3,0.0,0.0,0.0636,0.0760,0.0021,0.0263,0.2553,7.21,12.60
3,1,3.285,0.3,0.0,0.0,0.0453,0.0522,0.0168,0.0294,0.2584,13.53,10.70
3,1,3.307,0.3,0.0,0.0,0.0603,0.0447,0.0578,0.0263,0.2620,10.31,11.50
3,1,3.328,0.3,0.0,0.0,0.0711,0.0121,0.0478,0.0203,0.2628,12.02,13.59
3,1,3.345,0.3,0.0,0.0,0.0787,-0.0028,0.0448,0.0179,0.2622,25.75,15.01
3,1,3.365,0.3,0.0,0.0,0.0648,-0.0010,0.0212,0.0173,0.2576,17.36,16.14
3,1,3.382,0.3,0.0,0.0,0.0904,-0.0012,0.0036,0.0168,0.2543,12.38,16.78
3,1,3.409,0.3,0.0,0.0,0.0635,-0.0085,0.0028,0.0138,0.2514,10.91,16.63
3,1,3.427,0.3,0.0,0.0,0.0354,-0.0069,0.0085,0.0110,0.2499,11.50,16.57
3,1,3.445,0.3,0.0,0.0,0.1196,-0.0269,0.0179,0.0074,0.2482,10.44,15.26
3,1,3.468,0.3,0.0,0.0,0.1086,-0.0237,0.0276,0.0050,0.2471,10.43,14.80
3,1,3.484,0.3,0.0,0.0,0.0871,-0.0199,0.0295,0.0046,0.2474,12.47,14.91
3,1,3.502,0.3,0.0,0.0,0.1651,-0.0428,0.0332,0.0037,0.2491,12.66,14.63
3,1,3.524,0.3,0.0,0.0,0.1139,-0.0329,0.0291,0.0021,0.2511,13.97,14.07
3,1,3.547,0.3,0.0,0.0,0.1154,-0.0338,0.0302,0.0007,0.2544,25.28,13.32
3,1,3.565,0.3,0.0,0.0,0.1487,-0.0435,0.0421,0.0017,0.2596,8.61,12.77
3,1,3.586,0.3,0.0,0.0,0.1770,-0.0532,0.0454,0.0034,0.2629,25.64,11.68
3,1,3.606,0.3,0.0,0.0,0.1513,-0.0443,0.0390,0.0052,0.2674,7.52,8.47
3,1,3.625,0.3,0.0,0.0,0.2071,-0.0434,0.0042,0.0066,0.2680,6.65,12.13
3,1,3.646,0.3,0.0,0.0,0.1509,-0.0201,-0.0701,0.0134,0.2660,34.86,15.76
3,1,3.665,0.3,0.0,0.0,0.0897,-0.0111,-0.0632,0.0172,0.2631,29.03,15.54
3,1,3.685,0.3,0.0,0.0,0.1957,-0.0294,-0.0262,0.0235,0.2562,10.06,15.49
3,1,3.709,0.3,0.0,0.0,0.2318,-0.0366,-0.0281,0.0243,0.2533,9.09,14.98
3,1,3.727,0.3,0.0,0.0,0.1490,-0.0208,-0.0323,0.0244,0.2512,9.66,14.98
3,1,3.747,0.3,0.0,0.0,0.1720,-0.0203,-0.0290,0.0234,0.2487,9.69,14.32
3,1,3.765,0.3,0.0,0.0,0.2364,-0.0232,-0.0181,0.0216,0.2471,9.65,13.93
3,1,3.788,0.3,0.0,0.0,0.1899,-0.0173,-0.0069,0.0206,0.2471,8.82,13.29
3,1,3.812,0.3,0.0,0.0,0.1887,-0.0190,-0.0005,0.0206,0.2482,11.41,13.11
3,1,3.828,0.3,0.0,0.0,0.2574,-0.0278,0.0023,0.0211,0.2497,12.30,12.84
3,1,3.846,0.3,0.0,0.0,0.2293,-0.0254,0.0104,0.0241,0.2542,24.74,12.43
3,1,3.863,0.3,0.0,0.0,0.2357,-0.0261,0.0007,0.0272,0.2592,12.79,10.84
3,1,3.884,0.3,0.0,0.0,0.2745,-0.0317,-0.0209,0.0322,0.2648,20.15,8.32
3,1,3.906,0.3,0.0,0.0,0.1520,-0.0156,-0.0345,0.0339,0.2679,8.55,9.62
3,1,3.929,0.3,0.0,0.0,0.2384,0.0006,-0.0225,0.0298,0.2700,10.75,11.69
3,1,3.944,0.3,0.0,0.0,0.2256,0.0208,0.0050,0.0275,0.2687,23.76,11.24
3,1,3.965,0.3,0.0,0.0,0.0890,0.0050,0.0362,0.0257,0.2634,17.72,13.98
3,1,3.983,0.3,0.0,0.0,0.2216,0.0038,0.0391,0.0257,0.2609,9.85,13.76
3,1,4.007,0.3,0.0,0.0,0.1952,0.0030,0.0329,0.0260,0.2571,7.35,13.32
3,1,4.024,0.3,0.0,0.0,0.1361,0.0059,0.0186,0.0249,0.2544,5.13,12.88
3,1,4.045,0.3,0.0,0.0,0.1748,0.0082,0.0079,0.0226,0.2517,3.74,12.56
3,1,4.064,0.3,0.0,0.0,0.2201,0.0106,0.0061,0.0210,0.2510,4.00,12.57
3,1,4.085,0.3,0.0,0.0,0.0475,0.0025,0.0088,0.0203,0.2509,4.63,12.66
3,1,4.108,0.3,0.0,0.0,0.2288,0.0133,0.0116,0.0189,0.2521,8.03,12.51
3,1,4.128,0.3,0.0,0.0,0.1640,0.0116,0.0178,0.0179,0.2541,8.24,12.20
3,1,4.149,0.3,0.0,0.0,0.2039,0.0161,0.0221,0.0170,0.2576,10.60,11.50
3,1,4.164,0.3,0.0,0.0,0.1439,0.0110,0.0309,0.0173,0.2612,11.72,11.05
3,1,4.184,0.3,0.0,0.0,0.2516,0.0162,0.0497,0.0186,0.2653,12.54,9.90
3,1,4.209,0.3,0.0,0.0,0.2479,-0.0007,0.0758,0.0198,0.2689,13.83,7.30
3,1,4.229,0.3,0.0,0.0,0.1745,-0.0193,0.0304,0.0206,0.2691,12.36,10.37
3,1,4.246,0.3,0.0,0.0,0.1685,-0.0123,-0.0483,0.0228,0.2667,54.10,16.56
3,1,4.265,0.3,0.0,0.0,0.0565,-0.0011,-0.0504,0.0234,0.2649,30.50,16.03
3,1,4.283,0.3,0.0,0.0,0.2608,-0.0034,-0.0257,0.0267,0.2580,29.11,13.86
3,1,4.311,0.3,0.0,0.0,0.1443,-0.0061,-0.0272,0.0280,0.2543,9.39,12.64
3,1,4.329,0.3,0.0,0.0,0.1793,-0.0092,-0.0276,0.0273,0.2521,7.69,12.95
3,1,4.345,0.3,0.0,0.0,0.2591,-0.0085,-0.0276,0.0259,0.2509,7.29,13.15
3,1,4.364,0.3,0.0,0.0,0.1987,-0.0043,-0.0186,0.0245,0.2495,6.30,13.15
3,1,4.384,0.3,0.0,0.0,0.1616,-0.0028,0.0020,0.0223,0.2494,6.47,12.65
3,1,4.410,0.3,0.0,0.0,0.2248,-0.0065,0.0065,0.0217,0.2505,7.17,12.51
3,1,4.428,0.3,0.0,0.0,0.2024,-0.0088,0.0088,0.0221,0.2524,8.73,12.56
3,1,4.445,0.3,0.0,0.0,0.2333,-0.0116,0.0049,0.0233,0.2552,15.27,12.32
3,1,4.464,0.3,0.0,0.0,0.2582,-0.0129,-0.0161,0.0267,0.2621,13.22,10.93
3,1,4.484,0.3,0.0,0.0,0.1690,-0.0117,-0.0338,0.0305,0.2673,10.31,9.13
3,1,4.510,0.3,0.0,0.0,0.0862,-0.0054,-0.0491,0.0299,0.2699,6.40,10.08
3,1,4.528,0.3,0.0,0.0,0.2525,0.0153,-0.0263,0.0267,0.2707,9.56,10.83
3,1,4.543,0.3,0.0,0.0,0.1557,0.0281,0.0227,0.0242,0.2686,11.43,10.98
3,1,4.564,0.3,0.0,0.0,0.0531,0.0080,0.0424,0.0233,0.2665,41.64,14.62
3,1,4.583,0.3,0.0,0.0,0.1490,0.0127,0.0398,0.0232,0.2613,24.81,14.29
3,1,4.609,0.3,0.0,0.0,0.1845,0.0123,0.0300,0.0239,0.2572,8.51,13.46
3,1,4.625,0.3,0.0,0.0,0.1291,0.0106,0.0288,0.0236,0.2555,6.08,13.25
3,1,4.644,0.3,0.0,0.0,0.1648,0.0163,0.0241,0.0221,0.2526,5.47,12.83
3,1,4.664,0.3,0.0,0.0,0.1591,0.0150,0.0205,0.0205,0.2513,4.30,12.48
3,1,4.683,0.3,0.0,0.0,0.0934,0.0081,0.0203,0.0198,0.2511,4.49,12.39
3,1,4.706,0.3,0.0,0.0,0.1676,0.0133,0.0240,0.0185,0.2517,7.22,12.22
3,1,4.725,0.3,0.0,0.0,0.2650,0.0206,0.0258,0.0177,0.2535,9.10,12.02
3,1,4.745,0.3,0.0,0.0,0.0976,0.0078,0.0267,0.0172,0.2553,5.63,11.94
3,1,4.765,0.3,0.0,0.0,0.1704,0.0130,0.0287,0.0167,0.2600,12.28,11.58
3,1,4.784,0.3,0.0,0.0,0.2438,0.0132,0.0537,0.0180,0.2651,14.36,10.82
3,1,4.805,0.3,0.0,0.0,0.1768,-0.0005,0.0669,0.0189,0.2668,10.09,10.81
3,1,4.829,0.3,0.0,0.0,0.1565,-0.0062,-0.0301,0.0213,0.2670,6.75,11.94
3,1,4.845,0.3,0.0,0.0,0.2304,-0.0070,-0.0510,0.0219,0.2667,6.09,11.94
3,1,4.863,0.3,0.0,0.0,0.1275,0.0003,-0.0670,0.0240,0.2640,60.58,15.70
3,1,4.884,0.3,0.0,0.0,0.2458,0.0000,-0.0157,0.0264,0.2547,19.50,14.17
3,1,4.909,0.3,0.0,0.0,0.1913,-0.0035,-0.0281,0.0259,0.2524,8.34,12.97
3,1,4.934,0.3,0.0,0.0,0.1518,-0.0016,-0.0239,0.0241,0.2495,6.04,12.91
3,1,4.947,0.3,0.0,0.0,0.1066,-0.0009,-0.0222,0.0237,0.2490,6.01,12.89
3,1,4.965,0.3,0.0,0.0,0.1968,-0.0001,-0.0073,0.0224,0.2474,4.22,12.99
3,1,4.983,0.3,0.0,0.0,0.0572,-0.0003,-0.0041,0.0221,0.2473,3.97,12.97
3,1,5.008,0.3,0.0,0.0,0.2533,-0.0023,0.0030,0.0214,0.2484,8.79,12.90
3,1,5.028,0.3,0.0,0.0,0.1652,-0.0019,0.0026,0.0211,0.2513,10.42,13.20
3,1,5.045,0.3,0.0,0.0,0.1587,-0.0024,0.0058,0.0212,0.2523,13.56,13.00
3,1,5.064,0.3,0.0,0.0,0.1632,-0.0034,-0.0013,0.0226,0.2585,10.49,11.17
3,1,5.084,0.3,0.0,0.0,0.2475,-0.0092,-0.0239,0.0254,0.2644,20.00,9.51
3,1,5.104,0.3,0.0,0.0,0.1911,-0.0071,-0.0457,0.0266,0.2677,5.38,8.14
3,1,5.128,0.3,0.0,0.0,0.1927,0.0136,-0.0119,0.0243,0.2691,4.34,10.90
3,1,5.147,0.3,0.0,0.0,0.1445,0.0157,0.0408,0.0238,0.2680,6.28,11.13
3,1,5.165,0.3,0.0,0.0,0.1242,0.0112,0.0538,0.0251,0.2660,22.25,12.10
3,1,5.187,0.3,0.0,0.0,0.1401,0.0110,0.0324,0.0268,0.2600,16.87,13.95
3,1,5.209,0.3,0.0,0.0,0.1095,0.0108,0.0233,0.0264,0.2574,7.62,13.50
3,1,5.225,0.3,0.0,0.0,0.1015,0.0106,0.0307,0.0248,0.2550,8.00,13.15
3,1,5.245,0.3,0.0,0.0,0.1365,0.0128,0.0296,0.0227,0.2528,7.59,12.84
3,1,5.264,0.3,0.0,0.0,0.1237,0.0087,0.0305,0.0215,0.2520,5.57,12.75
3,1,5.285,0.3,0.0,0.0,0.1364,0.0075,0.0291,0.0195,0.2516,5.22,12.49
3,1,5.308,0.3,0.0,0.0,0.1834,0.0085,0.0244,0.0180,0.2529,6.54,12.25
3,1,5.328,0.3,0.0,0.0,0.2011,0.0090,0.0195,0.0167,0.2550,8.39,12.04
3,1,5.351,0.3,0.0,0.0,0.0779,0.0035,0.0216,0.0162,0.2568,8.57,11.96
3,1,5.366,0.3,0.0,0.0,0.3120,0.0131,0.0288,0.0157,0.2602,11.29,11.62
3,1,5.385,0.3,0.0,0.0,0.1680,0.0051,0.0384,0.0162,0.2639,11.28,10.74
3,1,5.408,0.3,0.0,0.0,0.1795,0.0002,0.0684,0.0174,0.2677,14.29,8.00
3,1,5.425,0.3,0.0,0.0,0.1437,-0.0086,0.0550,0.0182,0.2689,7.67,8.09
3,1,5.445,0.3,0.0,0.0,0.2155,-0.0181,-0.0089,0.0208,0.2669,57.78,15.37
3,1,5.465,0.3,0.0,0.0,0.1635,-0.0098,-0.0372,0.0245,0.2604,15.19,15.80
3,1,5.485,0.3,0.0,0.0,0.2045,-0.0134,-0.0407,0.0272,0.2557,9.08,13.90
3,1,5.508,0.3,0.0,0.0,0.1554,-0.0118,-0.0344,0.0276,0.2522,6.79,13.32
3,1,5.527,0.3,0.0,0.0,0.2129,-0.0148,-0.0302,0.0270,0.2500,6.43,13.29
3,1,5.550,0.3,0.0,0.0,0.0944,-0.0067,-0.0228,0.0261,0.2482,5.28,13.18
3,1,5.565,0.3,0.0,0.0,0.1717,-0.0125,-0.0126,0.0252,0.2472,6.34,13.18
3,1,5.583,0.3,0.0,0.0,0.2075,-0.0137,-0.0071,0.0245,0.2471,6.18,13.18
3,1,5.606,0.3,0.0,0.0,0.2223,-0.0138,0.0024,0.0232,0.2491,8.21,12.90
3,1,5.630,0.3,0.0,0.0,0.1778,-0.0111,0.0056,0.0232,0.2522,11.69,12.81
3,1,5.647,0.3,0.0,0.0,0.1562,-0.0116,0.0046,0.0239,0.2543,13.50,12.14
3,1,5.670,0.3,0.0,0.0,0.2223,-0.0197,0.0011,0.0265,0.2595,11.45,11.02
3,1,5.683,0.3,0.0,0.0,0.2876,-0.0296,-0.0034,0.0283,0.2623,7.58,10.86
3,1,5.706,0.3,0.0,0.0,0.1630,-0.0160,-0.0314,0.0319,0.2678,10.28,6.37
3,1,5.728,0.3,0.0,0.0,0.1717,-0.0027,-0.0316,0.0312,0.2700,10.00,12.09
3,1,5.745,0.3,0.0,0.0,0.2298,0.0199,0.0024,0.0289,0.2688,22.49,12.22
3,1,5.763,0.3,0.0,0.0,0.1472,0.0129,0.0283,0.0277,0.2649,23.48,14.09
3,1,5.785,0.3,0.0,0.0,0.1616,0.0054,0.0347,0.0271,0.2600,9.86,13.61
3,1,5.812,0.3,0.0,0.0,0.1434,0.0036,0.0335,0.0260,0.2562,6.91,13.16
3,1,5.831,0.3,0.0,0.0,0.1023,0.0041,0.0256,0.0250,0.2537,5.90,12.87
3,1,5.846,0.3,0.0,0.0,0.1335,0.0057,0.0181,0.0233,0.2521,3.98,12.65
3,1,5.863,0.3,0.0,0.0,0.1685,0.0078,0.0146,0.0222,0.2513,5.25,12.68
3,1,5.884,0.3,0.0,0.0,0.1396,0.0061,0.0128,0.0202,0.2512,5.50,12.56
3,1,5.907,0.3,0.0,0.0,0.1851,0.0081,0.0178,0.0186,0.2520,7.01,12.39
3,1,5.927,0.3,0.0,0.0,0.1288,0.0058,0.0211,0.0172,0.2536,9.38,12.02
3,1,5.946,0.3,0.0,0.0,0.1422,0.0065,0.0249,0.0160,0.2563,10.71,11.47
3,1,5.965,0.3,0.0,0.0,0.1355,0.0057,0.0266,0.0153,0.2598,14.78,11.46
3,1,5.984,0.3,0.0,0.0,0.2226,0.0064,0.0355,0.0153,0.2629,19.68,10.61
3,1,6.005,0.3,0.0,0.0,0.1338,0.0018,0.0696,0.0170,0.2686,10.17,7.59
3,1,6.025,0.3,0.0,0.0,0.1205,-0.0025,0.0461,0.0185,0.2690,13.69,9.19
3,1,6.047,0.3,0.0,0.0,0.2210,-0.0065,-0.0336,0.0220,0.2668,49.38,15.14
3,1,6.065,0.3,0.0,0.0,0.1656,-0.0026,-0.0442,0.0241,0.2632,31.20,15.05
3,1,6.091,0.3,0.0,0.0,0.1750,-0.0064,-0.0325,0.0271,0.2563,11.08,14.33
3,1,6.109,0.3,0.0,0.0,0.1566,-0.0093,-0.0345,0.0270,0.2536,8.69,13.57
3,1,6.125,0.3,0.0,0.0,0.1667,-0.0084,-0.0344,0.0267,0.2519,5.37,13.55
3,1,6.147,0.3,0.0,0.0,0.1137,-0.0042,-0.0207,0.0256,0.2493,5.24,13.51
3,1,6.165,0.3,0.0,0.0,0.2264,-0.0061,-0.0118,0.0245,0.2481,5.97,13.36
3,1,6.185,0.3,0.0,0.0,0.1995,-0.0037,-0.0024,0.0229,0.2483,6.67,13.14
3,1,6.205,0.3,0.0,0.0,0.1594,-0.0026,0.0014,0.0218,0.2491,8.86,13.41
3,1,6.226,0.3,0.0,0.0,0.1862,-0.0039,0.0058,0.0214,0.2518,12.87,12.78
3,1,6.253,0.3,0.0,0.0,0.2174,-0.0066,0.0069,0.0221,0.2540,18.16,12.37
3,1,6.266,0.3,0.0,0.0,0.2123,-0.0084,-0.0008,0.0230,0.2585,22.11,12.00
3,1,6.283,0.3,0.0,0.0,0.2061,-0.0108,-0.0093,0.0259,0.2641,26.33,9.47
3,1,6.304,0.3,0.0,0.0,0.1395,-0.0067,-0.0405,0.0281,0.2685,7.93,6.43
3,1,6.333,0.3,0.0,0.0,0.2228,0.0080,0.0090,0.0273,0.2697,7.19,11.64
3,1,6.347,0.3,0.0,0.0,0.1360,0.0106,0.0411,0.0268,0.2690,7.49,11.66
3,1,6.365,0.3,0.0,0.0,0.1803,0.0148,0.0714,0.0268,0.2680,35.72,13.26
3,1,6.384,0.3,0.0,0.0,0.1252,0.0063,0.0176,0.0269,0.2569,97.73,13.43
3,1,6.407,0.3,0.0,0.0,0.1752,0.0139,0.0053,0.0260,0.2570,29.12,13.38
3,1,6.423,0.3,0.0,0.0,0.1320,0.0085,0.0291,0.0244,0.2554,34.43,13.22
3,1,6.447,0.3,0.0,0.0,0.1674,0.0077,0.0150,0.0202,0.2508,5.88,12.62
3,1,6.465,0.3,0.0,0.0,0.0638,0.0027,0.0163,0.0188,0.2510,3.67,12.19
3,1,6.489,0.3,0.0,0.0,0.1593,0.0051,0.0110,0.0171,0.2514,7.20,12.26
3,1,6.504,0.3,0.0,0.0,0.1920,0.0059,0.0107,0.0165,0.2524,9.11,12.10
3,1,6.529,0.3,0.0,0.0,0.1639,0.0048,0.0155,0.0152,0.2539,10.71,12.10
3,1,6.548,0.3,0.0,0.0,0.2068,0.0064,0.0249,0.0142,0.2578,8.39,11.57
3,1,6.564,0.3,0.0,0.0,0.1994,0.0056,0.0312,0.0140,0.2609,8.76,11.33
3,1,6.584,0.3,0.0,0.0,0.1523,0.0033,0.0439,0.0150,0.2657,12.45,10.34
3,1,6.602,0.3,0.0,0.0,0.2061,-0.0016,0.0516,0.0155,0.2672,8.88,10.32
3,1,6.628,0.3,0.0,0.0,0.1733,-0.0072,0.0439,0.0181,0.2690,14.96,10.45
3,1,6.646,0.3,0.0,0.0,0.1445,-0.0059,-0.0545,0.0211,0.2680,17.67,14.99
3,1,6.667,0.3,0.0,0.0,0.1909,-0.0040,-0.0582,0.0239,0.2631,36.75,16.22
3,1,6.684,0.3,0.0,0.0,0.1512,-0.0055,-0.0233,0.0263,0.2576,31.74,14.00
3,1,6.705,0.3,0.0,0.0,0.1597,-0.0072,-0.0139,0.0266,0.2561,15.12,13.38
3,1,6.725,0.3,0.0,0.0,0.1696,-0.0081,-0.0333,0.0254,0.2522,12.98,13.59
3,1,6.745,0.3,0.0,0.0,0.1385,-0.0051,-0.0271,0.0235,0.2500,5.16,13.45
3,1,6.765,0.3,0.0,0.0,0.2024,-0.0038,-0.0086,0.0219,0.2486,5.07,13.10
3,1,6.784,0.3,0.0,0.0,0.1692,-0.0022,-0.0001,0.0206,0.2491,6.39,13.07
3,1,6.808,0.3,0.0,0.0,0.2064,-0.0023,0.0043,0.0202,0.2497,8.49,13.29
3,1,6.832,0.3,0.0,0.0,0.1440,-0.0014,0.0087,0.0202,0.2519,10.81,12.78
3,1,6.847,0.3,0.0,0.0,0.2028,-0.0019,0.0041,0.0207,0.2548,12.94,12.46
3,1,6.865,0.3,0.0,0.0,0.1810,-0.0027,-0.0016,0.0227,0.2595,21.92,11.23
3,1,6.885,0.3,0.0,0.0,0.2342,-0.0077,-0.0150,0.0250,0.2648,8.38,9.44
3,1,6.907,0.3,0.0,0.0,0.2363,-0.0073,-0.0533,0.0272,0.2694,6.07,7.51
3,1,6.925,0.3,0.0,0.0,0.1498,0.0086,-0.0365,0.0264,0.2704,10.35,8.85
3,1,6.947,0.3,0.0,0.0,0.1126,0.0123,0.0066,0.0248,0.2699,8.74,11.25
3,1,6.965,0.3,0.0,0.0,0.1625,0.0184,0.0360,0.0242,0.2655,21.50,14.23
3,1,6.985,0.3,0.0,0.0,0.1188,0.0083,0.0315,0.0243,0.2602,8.32,13.44
3,1,7.003,0.3,0.0,0.0,0.1277,0.0077,0.0310,0.0240,0.2582,5.74,13.10
3,1,7.026,0.3,0.0,0.0,0.1457,0.0101,0.0243,0.0225,0.2547,5.28,12.67
3,1,7.047,0.3,0.0,0.0,0.1907,0.0128,0.0158,0.0205,0.2524,4.32,12.36
3,1,7.071,0.3,0.0,0.0,0.0656,0.0037,0.0130,0.0196,0.2518,4.45,12.30
3,1,7.084,0.3,0.0,0.0,0.1177,0.0060,0.0134,0.0184,0.2513,5.17,12.41
3,1,7.108,0.3,0.0,0.0,0.1684,0.0074,0.0160,0.0168,0.2534,7.97,12.23
3,1,7.127,0.3,0.0,0.0,0.1764,0.0080,0.0233,0.0152,0.2554,7.14,12.24
3,1,7.147,0.3,0.0,0.0,0.2051,0.0078,0.0185,0.0145,0.2579,11.65,11.71
3,1,7.164,0.3,0.0,0.0,0.1850,0.0054,0.0298,0.0147,0.2621,9.73,11.38
3,1,7.185,0.3,0.0,0.0,0.1078,0.0024,0.0356,0.0152,0.2643,16.54,10.36
3,1,7.208,0.3,0.0,0.0,0.2611,-0.0018,0.0769,0.0166,0.2693,9.30,7.28
3,1,7.225,0.3,0.0,0.0,0.2402,-0.0139,0.0293,0.0181,0.2692,9.48,7.97
3,1,7.250,0.3,0.0,0.0,0.1754,-0.0127,-0.0403,0.0220,0.2652,29.33,15.02
3,1,7.265,0.3,0.0,0.0,0.1781,-0.0107,-0.0278,0.0249,0.2605,11.32,15.53
3,1,7.284,0.3,0.0,0.0,0.1336,-0.0091,-0.0226,0.0265,0.2569,7.12,13.32
3,1,7.304,0.3,0.0,0.0,0.1531,-0.0104,-0.0212,0.0266,0.2558,11.06,13.44
3,1,7.327,0.3,0.0,0.0,0.1998,-0.0131,-0.0221,0.0255,0.2516,8.76,13.10
3,1,7.346,0.3,0.0,0.0,0.1772,-0.0090,-0.0211,0.0242,0.2498,6.33,13.22
3,1,7.369,0.3,0.0,0.0,0.1913,-0.0086,-0.0059,0.0225,0.2488,4.96,12.91
3,1,7.384,0.3,0.0,0.0,0.1482,-0.0058,0.0012,0.0216,0.2487,4.98,13.08
3,1,7.409,0.3,0.0,0.0,0.2102,-0.0084,0.0048,0.0211,0.2498,8.64,12.78
3,1,7.429,0.3,0.0,0.0,0.1871,-0.0084,0.0039,0.0214,0.2521,12.73,12.74
3,1,7.448,0.3,0.0,0.0,0.1832,-0.0103,-0.0041,0.0239,0.2578,10.25,12.00
3,1,7.464,0.3,0.0,0.0,0.2431,-0.0152,-0.0055,0.0247,0.2591,12.36,11.87
3,1,7.485,0.3,0.0,0.0,0.1982,-0.0155,-0.0120,0.0284,0.2650,22.75,8.74
3,1,7.505,0.3,0.0,0.0,0.1746,-0.0121,-0.0370,0.0299,0.2678,8.76,5.50
3,1,7.528,0.3,0.0,0.0,0.1954,0.0077,-0.0321,0.0268,0.2703,8.72,11.40
3,1,7.546,0.3,0.0,0.0,0.1588,0.0193,0.0165,0.0247,0.2682,34.37,12.02
3,1,7.565,0.3,0.0,0.0,0.1627,0.0082,0.0394,0.0244,0.2625,19.94,13.64
3,1,7.584,0.3,0.0,0.0,0.1827,0.0062,0.0363,0.0247,0.2588,10.95,13.23
3,1,7.608,0.3,0.0,0.0,0.1102,0.0070,0.0227,0.0236,0.2555,7.48,12.94
3,1,7.628,0.3,0.0,0.0,0.1639,0.0110,0.0149,0.0221,0.2532,4.59,12.55
3,1,7.649,0.3,0.0,0.0,0.1304,0.0067,0.0128,0.0202,0.2509,3.00,12.53
3,1,7.667,0.3,0.0,0.0,0.1747,0.0068,0.0137,0.0195,0.2504,3.81,12.72
3,1,7.684,0.3,0.0,0.0,0.1332,0.0046,0.0166,0.0186,0.2504,4.57,12.84
3,1,7.707,0.3,0.0,0.0,0.1983,0.0076,0.0165,0.0179,0.2511,7.23,12.70
3,1,7.725,0.3,0.0,0.0,0.1382,0.0068,0.0199,0.0169,0.2534,16.25,12.39
3,1,7.745,0.3,0.0,0.0,0.1449,0.0079,0.0320,0.0155,0.2571,6.96,11.79
3,1,7.765,0.3,0.0,0.0,0.2328,0.0112,0.0290,0.0152,0.2610,8.56,11.42
3,1,7.785,0.3,0.0,0.0,0.1944,0.0060,0.0463,0.0163,0.2657,9.67,10.37
3,1,7.806,0.3,0.0,0.0,0.2240,-0.0069,0.0513,0.0182,0.2685,8.70,7.80
3,1,7.826,0.3,0.0,0.0,0.1398,-0.0107,0.0117,0.0192,0.2685,8.24,10.88
3,1,7.848,0.3,0.0,0.0,0.1740,-0.0064,-0.0693,0.0226,0.2660,43.44,15.32
3,1,7.864,0.3,0.0,0.0,0.1830,-0.0036,-0.0604,0.0242,0.2627,14.99,15.21
3,1,7.884,0.3,0.0,0.0,0.1521,-0.0053,-0.0193,0.0262,0.2573,7.92,13.74
3,1,7.905,0.3,0.0,0.0,0.1665,-0.0052,-0.0199,0.0256,0.2541,9.36,13.33
3,1,7.925,0.3,0.0,0.0,0.2311,-0.0068,-0.0279,0.0249,0.2517,4.94,13.29
3,1,7.949,0.3,0.0,0.0,0.1607,-0.0022,-0.0167,0.0240,0.2498,5.03,13.17
3,1,7.964,0.3,0.0,0.0,0.1221,-0.0009,-0.0074,0.0227,0.2486,4.13,13.07
3,1,7.985,0.3,0.0,0.0,0.2276,-0.0010,-0.0016,0.0216,0.2487,4.63,13.08
3,1,8.003,0.3,0.0,0.0,0.1322,-0.0004,0.0015,0.0211,0.2492,5.66,13.21
3,1,8.027,0.3,0.0,0.0,0.2174,-0.0029,0.0053,0.0212,0.2527,9.44,12.74
3,1,8.047,0.3,0.0,0.0,0.1977,-0.0039,0.0013,0.0220,0.2555,12.86,12.59
3,1,8.066,0.3,0.0,0.0,0.0672,-0.0016,-0.0008,0.0229,0.2579,9.07,12.36
3,1,8.084,0.3,0.0,0.0,0.2698,-0.0096,-0.0188,0.0266,0.2664,17.47,9.17
3,1,8.105,0.3,0.0,0.0,0.2336,-0.0075,-0.0512,0.0279,0.2686,6.59,6.67
3,1,8.124,0.3,0.0,0.0,0.1968,0.0149,-0.0327,0.0279,0.2702,10.23,11.56
3,1,8.145,0.3,0.0,0.0,0.1369,0.0200,0.0464,0.0269,0.2687,17.65,11.95
3,1,8.168,0.3,0.0,0.0,0.1179,0.0142,0.0506,0.0266,0.2636,13.09,13.71
3,1,8.184,0.3,0.0,0.0,0.1298,0.0111,0.0378,0.0261,0.2601,8.16,13.34
3,1,8.205,0.3,0.0,0.0,0.1664,0.0130,0.0334,0.0255,0.2582,9.74,12.90
3,1,8.225,0.3,0.0,0.0,0.1985,0.0172,0.0238,0.0236,0.2543,6.49,12.69
3,1,8.253,0.3,0.0,0.0,0.1380,0.0109,0.0140,0.0211,0.2517,3.79,12.53
3,1,8.266,0.3,0.0,0.0,0.1442,0.0095,0.0122,0.0203,0.2511,4.44,12.42
3,1,8.284,0.3,0.0,0.0,0.1549,0.0092,0.0115,0.0191,0.2506,6.61,12.48
3,1,8.306,0.3,0.0,0.0,0.1515,0.0080,0.0131,0.0189,0.2511,5.12,12.40
3,1,8.327,0.3,0.0,0.0,0.1288,0.0075,0.0215,0.0175,0.2542,10.32,12.10
3,1,8.345,0.3,0.0,0.0,0.2327,0.0144,0.0254,0.0166,0.2584,5.03,11.69
3,1,8.365,0.3,0.0,0.0,0.1730,0.0092,0.0271,0.0165,0.2595,10.00,11.66
3,1,8.382,0.3,0.0,0.0,0.1779,0.0062,0.0513,0.0172,0.2651,17.02,10.97
3,1,8.407,0.3,0.0,0.0,0.2080,-0.0086,0.0472,0.0182,0.2683,5.76,7.82
3,1,8.429,0.3,0.0,0.0,0.1798,-0.0174,-0.0091,0.0192,0.2682,5.64,11.36
3,1,8.445,0.3,0.0,0.0,0.1201,-0.0068,-0.0545,0.0203,0.2675,4.84,11.76
3,1,8.465,0.3,0.0,0.0,0.1447,-0.0038,-0.0714,0.0225,0.2647,62.26,15.90
3,1,8.485,0.3,0.0,0.0,0.1059,-0.0029,-0.0191,0.0248,0.2573,20.48,14.12
3,1,8.506,0.3,0.0,0.0,0.1735,-0.0086,-0.0135,0.0251,0.2554,11.88,13.34
3,1,8.529,0.3,0.0,0.0,0.1420,-0.0058,-0.0239,0.0242,0.2530,11.61,13.59
3,1,8.549,0.3,0.0,0.0,0.1965,-0.0063,-0.0219,0.0233,0.2509,5.35,13.35
3,1,8.563,0.3,0.0,0.0,0.1116,-0.0016,-0.0118,0.0222,0.2495,6.14,13.28
3,1,8.584,0.3,0.0,0.0,0.1465,-0.0015,-0.0011,0.0206,0.2494,5.16,13.03
3,1,8.604,0.3,0.0,0.0,0.1653,-0.0022,-0.0011,0.0206,0.2494,5.16,13.03
3,1,8.628,0.3,0.0,0.0,0.1790,-0.0022,0.0036,0.0198,0.2527,11.06,13.07
3,1,8.648,0.3,0.0,0.0,0.2366,-0.0025,0.0017,0.0204,0.2556,7.55,12.96
3,1,8.664,0.3,0.0,0.0,0.2121,-0.0013,-0.0048,0.0216,0.2596,27.24,11.83
3,1,8.684,0.3,0.0,0.0,0.1873,-0.0037,-0.0259,0.0244,0.2666,9.46,9.57
3,1,8.706,0.3,0.0,0.0,0.2025,0.0006,-0.0529,0.0259,0.2691,11.99,7.34
3,1,8.732,0.3,0.0,0.0,0.0829,0.0048,-0.0222,0.0248,0.2702,6.43,10.79
3,1,8.748,0.3,0.0,0.0,0.2528,0.0309,0.0283,0.0223,0.2682,29.99,12.41
3,1,8.765,0.3,0.0,0.0,0.1089,0.0095,0.0384,0.0225,0.2654,18.40,12.35
3,1,8.784,0.3,0.0,0.0,0.1408,0.0094,0.0354,0.0230,0.2609,14.64,13.41
3,1,8.811,0.3,0.0,0.0,0.1200,0.0091,0.0268,0.0222,0.2563,5.02,13.12
3,1,8.828,0.3,0.0,0.0,0.2056,0.0165,0.0203,0.0215,0.2547,4.22,12.73
3,1,8.847,0.3,0.0,0.0,0.1494,0.0100,0.0195,0.0205,0.2527,3.91,12.74
3,1,8.865,0.3,0.0,0.0,0.0987,0.0055,0.0193,0.0195,0.2515,4.22,12.57
3,1,8.885,0.3,0.0,0.0,0.1398,0.0072,0.0222,0.0178,0.2514,5.00,12.43
3,1,8.905,0.3,0.0,0.0,0.1426,0.0069,0.0222,0.0178,0.2514,5.00,12.43
3,1,8.925,0.3,0.0,0.0,0.1860,0.0096,0.0186,0.0162,0.2541,8.48,11.92
3,1,8.946,0.3,0.0,0.0,0.1612,0.0087,0.0233,0.0152,0.2572,5.57,11.85
3,1,8.969,0.3,0.0,0.0,0.2093,0.0088,0.0331,0.0153,0.2622,9.57,11.63
3,1,8.985,0.3,0.0,0.0,0.1735,0.0044,0.0573,0.0165,0.2654,8.75,10.65
3,1,9.008,0.3,0.0,0.0,0.2544,-0.0102,0.0694,0.0179,0.2681,13.19,8.24
3,2,9.035,0.6,0.0,0.0,0.1717,-0.0192,0.0161,0.0185,0.2683,10.10,9.93
3,2,9.048,0.6,0.0,0.0,0.2098,-0.0200,-0.0401,0.0192,0.2664,15.14,13.51
3,2,9.064,0.6,0.0,0.0,0.1343,-0.0033,-0.0887,0.0215,0.2632,76.02,18.95
3,2,9.085,0.6,0.0,0.0,0.1700,0.0042,-0.0377,0.0235,0.2547,36.71,17.44
3,2,9.108,0.6,0.0,0.0,0.2158,0.0098,-0.0301,0.0231,0.2521,15.79,16.41
3,2,9.128,0.6,0.0,0.0,0.2178,0.0188,-0.0431,0.0200,0.2483,15.06,16.58
3,2,9.148,0.6,0.0,0.0,0.2590,0.0299,-0.0342,0.0171,0.2467,11.27,15.99
3,2,9.165,0.6,0.0,0.0,0.1945,0.0264,-0.0135,0.0145,0.2455,11.42,15.75
3,2,9.186,0.6,0.0,0.0,0.2419,0.0360,0.0049,0.0128,0.2452,11.23,15.16
3,2,9.208,0.6,0.0,0.0,0.0704,0.0110,0.0083,0.0125,0.2454,12.40,14.99
3,2,9.225,0.6,0.0,0.0,0.3252,0.0522,0.0137,0.0128,0.2485,18.24,14.23
3,2,9.246,0.6,0.0,0.0,0.4295,0.0688,0.0107,0.0141,0.2518,24.97,13.52
3,2,9.271,0.6,0.0,0.0,0.2452,0.0381,0.0013,0.0172,0.2599,21.36,11.79
3,2,9.285,0.6,0.0,0.0,0.3634,0.0507,-0.0078,0.0183,0.2632,23.46,10.60
3,2,9.306,0.6,0.0,0.0,0.3827,0.0421,-0.0291,0.0189,0.2686,30.28,8.08
3,2,9.325,0.6,0.0,0.0,0.2493,0.0255,-0.0614,0.0186,0.2730,11.77,4.24
3,2,9.351,0.6,0.0,0.0,0.3146,0.0341,0.0314,0.0200,0.2703,47.44,13.87
3,2,9.365,0.6,0.0,0.0,0.2093,0.0222,0.0652,0.0206,0.2678,41.39,13.90
3,2,9.384,0.6,0.0,0.0,0.2706,0.0232,0.0780,0.0206,0.2664,50.76,17.51
3,2,9.411,0.6,0.0,0.0,0.3237,0.0156,0.0646,0.0186,0.2583,19.45,16.66
3,2,9.424,0.6,0.0,0.0,0.3098,0.0083,0.0519,0.0177,0.2564,19.81,16.45
3,2,9.445,0.6,0.0,0.0,0.1853,0.0031,0.0474,0.0161,0.2536,14.57,15.11
3,2,9.465,0.6,0.0,0.0,0.4379,0.0011,0.0457,0.0144,0.2518,15.12,14.59
3,2,9.485,0.6,0.0,0.0,0.3125,-0.0055,0.0522,0.0129,0.2518,19.14,14.36
3,2,9.504,0.6,0.0,0.0,0.3209,-0.0105,0.0532,0.0119,0.2526,21.16,13.54
3,2,9.535,0.6,0.0,0.0,0.4693,-0.0186,0.0462,0.0112,0.2569,27.32,12.42
3,2,9.545,0.6,0.0,0.0,0.4026,-0.0152,0.0439,0.0113,0.2582,21.76,12.08
3,2,9.567,0.6,0.0,0.0,0.3866,-0.0139,0.0335,0.0117,0.2601,42.02,11.55
3,2,9.585,0.6,0.0,0.0,0.4004,-0.0143,0.0417,0.0142,0.2670,37.13,10.57
3,2,9.611,0.6,0.0,0.0,0.5499,-0.0194,0.0525,0.0192,0.2721,40.04,6.05
3,2,9.626,0.6,0.0,0.0,0.3984,-0.0209,0.0782,0.0215,0.2748,35.33,6.16
3,2,9.647,0.6,0.0,0.0,0.2219,-0.0140,0.0473,0.0245,0.2742,60.01,14.01
3,2,9.665,0.6,0.0,0.0,0.5168,-0.0409,-0.0363,0.0273,0.2684,95.52,19.93
3,2,9.685,0.6,0.0,0.0,0.3664,-0.0227,-0.0635,0.0302,0.2622,53.95,17.34
3,2,9.710,0.6,0.0,0.0,0.4206,-0.0216,-0.0690,0.0305,0.2575,24.10,14.47
3,2,9.725,0.6,0.0,0.0,0.6686,-0.0332,-0.0765,0.0295,0.2553,24.39,14.57
3,2,9.745,0.6,0.0,0.0,0.3899,-0.0175,-0.0720,0.0272,0.2525,13.82,13.39
3,2,9.767,0.6,0.0,0.0,0.3857,-0.0160,-0.0507,0.0257,0.2506,14.65,13.07
3,2,9.788,0.6,0.0,0.0,0.4379,-0.0171,-0.0204,0.0254,0.2497,16.03,12.61
3,2,9.810,0.6,0.0,0.0,0.5844,-0.0229,-0.0029,0.0271,0.2504,22.30,12.17
3,2,9.828,0.6,0.0,0.0,0.1949,-0.0078,0.0010,0.0276,0.2511,22.91,11.85
3,2,9.848,0.6,0.0,0.0,0.4671,-0.0219,-0.0020,0.0307,0.2557,31.52,10.61
3,2,9.865,0.6,0.0,0.0,0.6227,-0.0415,-0.0105,0.0360,0.2618,33.88,9.91
3,2,9.885,0.6,0.0,0.0,0.2292,-0.0191,-0.0270,0.0415,0.2677,74.73,8.38
3,2,9.909,0.6,0.0,0.0,0.5760,-0.0510,-0.0792,0.0447,0.2725,33.95,11.88
3,2,9.927,0.6,0.0,0.0,0.4357,-0.0056,-0.1070,0.0410,0.2745,28.38,14.26
3,2,9.949,0.6,0.0,0.0,0.4841,0.0308,-0.0291,0.0290,0.2687,80.42,14.22
3,2,9.965,0.6,0.0,0.0,0.4752,0.0170,0.0442,0.0245,0.2665,37.59,17.24
3,2,9.984,0.6,0.0,0.0,0.4563,-0.0047,0.1001,0.0226,0.2621,26.92,13.99
3,2,10.007,0.6,0.0,0.0,0.4019,-0.0074,0.0619,0.0215,0.2586,21.16,12.15
3,2,10.027,0.6,0.0,0.0,0.4359,0.0015,0.0363,0.0193,0.2566,19.71,11.85
3,2,10.044,0.6,0.0,0.0,0.4645,0.0046,0.0175,0.0173,0.2540,15.53,12.31
3,2,10.063,0.6,0.0,0.0,0.3896,-0.0002,0.0171,0.0165,0.2528,16.40,11.83
3,2,10.084,0.6,0.0,0.0,0.2581,-0.0023,0.0333,0.0162,0.2527,17.85,12.30
3,2,10.107,0.6,0.0,0.0,0.4518,-0.0019,0.0384,0.0163,0.2532,20.34,12.45
3,2,10.128,0.6,0.0,0.0,0.2114,0.0010,0.0306,0.0162,0.2555,36.69,12.58
3,2,10.148,0.6,0.0,0.0,0.5739,0.0118,0.0215,0.0161,0.2596,27.96,11.40
3,2,10.164,0.6,0.0,0.0,0.3539,0.0122,0.0086,0.0177,0.2645,35.60,9.41
3,2,10.183,0.6,0.0,0.0,0.4941,0.0171,0.0086,0.0177,0.2645,35.60,9.41
3,2,10.207,0.6,0.0,0.0,0.3995,0.0123,0.0373,0.0225,0.2720,24.81,5.00
3,2,10.225,0.6,0.0,0.0,0.5785,-0.0016,0.0698,0.0265,0.2750,49.67,13.35
3,2,10.245,0.6,0.0,0.0,0.4165,-0.0175,-0.0318,0.0289,0.2728,130.07,15.64
3,2,10.264,0.6,0.0,0.0,0.5611,-0.0123,-0.0590,0.0308,0.2658,36.69,17.19
3,2,10.284,0.6,0.0,0.0,0.4470,-0.0030,-0.0474,0.0308,0.2613,28.62,14.48
3,2,10.310,0.6,0.0,0.0,0.4910,-0.0034,-0.0377,0.0293,0.2587,20.77,12.36
3,2,10.328,0.6,0.0,0.0,0.4503,-0.0002,-0.0250,0.0267,0.2549,13.14,12.21
3,2,10.345,0.6,0.0,0.0,0.5310,0.0013,-0.0038,0.0251,0.2524,11.82,11.84
3,2,10.365,0.6,0.0,0.0,0.3703,0.0009,0.0023,0.0248,0.2518,12.32,11.71
3,2,10.384,0.6,0.0,0.0,0.4551,0.0005,0.0135,0.0245,0.2506,13.73,11.48
3,2,10.406,0.6,0.0,0.0,0.5892,-0.0022,0.0157,0.0257,0.2510,20.56,11.58
3,2,10.432,0.6,0.0,0.0,0.3773,-0.0042,0.0071,0.0274,0.2551,31.37,11.74
3,2,10.442,0.6,0.0,0.0,0.5825,-0.0151,0.0006,0.0280,0.2562,30.28,11.74
3,2,10.464,0.6,0.0,0.0,0.5532,-0.0241,-0.0098,0.0325,0.2634,26.38,10.37
3,2,10.484,0.6,0.0,0.0,0.3129,-0.0207,-0.0443,0.0364,0.2694,32.98,8.59
3,2,10.506,0.6,0.0,0.0,0.6197,-0.0495,-0.0796,0.0393,0.2720,45.38,11.51
3,2,10.528,0.6,0.0,0.0,0.4605,-0.0147,-0.0860,0.0349,0.2749,33.32,15.33
3,2,10.549,0.6,0.0,0.0,0.4739,0.0189,-0.0299,0.0289,0.2720,78.54,13.60
3,2,10.565,0.6,0.0,0.0,0.4659,0.0053,0.0306,0.0231,0.2671,30.49,16.03
3,2,10.584,0.6,0.0,0.0,0.3571,-0.0065,0.0660,0.0214,0.2640,31.43,14.30
3,2,10.605,0.6,0.0,0.0,0.1793,-0.0042,0.0662,0.0211,0.2623,30.74,14.20
3,2,10.627,0.6,0.0,0.0,0.4175,-0.0077,0.0161,0.0169,0.2577,19.99,11.95
3,2,10.645,0.6,0.0,0.0,0.3652,-0.0043,0.0109,0.0145,0.2564,14.99,12.48
3,2,10.663,0.6,0.0,0.0,0.2703,-0.0053,0.0090,0.0127,0.2553,13.97,12.26
3,2,10.684,0.6,0.0,0.0,0.4522,-0.0163,0.0191,0.0117,0.2543,17.18,12.09
3,2,10.706,0.6,0.0,0.0,0.4675,-0.0235,0.0374,0.0122,0.2549,15.82,12.99
3,2,10.729,0.6,0.0,0.0,0.5545,-0.0215,0.0284,0.0117,0.2583,20.96,12.33
3,2,10.745,0.6,0.0,0.0,0.3108,-0.0074,0.0267,0.0109,0.2597,23.58,12.08
3,2,10.765,0.6,0.0,0.0,0.5177,-0.0079,0.0212,0.0101,0.2643,33.71,9.99
3,2,10.784,0.6,0.0,0.0,0.1628,-0.0026,0.0326,0.0118,0.2691,34.63,8.87
3,2,10.804,0.6,0.0,0.0,0.6352,-0.0130,0.0441,0.0141,0.2724,30.26,5.63
3,2,10.828,0.6,0.0,0.0,0.4665,-0.0172,0.0463,0.0202,0.2762,30.66,9.87
3,2,10.846,0.6,0.0,0.0,0.2707,-0.0100,-0.0099,0.0228,0.2754,31.23,12.31
3,2,10.865,0.6,0.0,0.0,0.4083,-0.0104,-0.0811,0.0271,0.2694,108.90,18.79
3,2,10.884,0.6,0.0,0.0,0.5744,-0.0073,-0.0263,0.0289,0.2627,25.13,15.55
3,2,10.904,0.6,0.0,0.0,0.2665,-0.0036,-0.0215,0.0284,0.2621,38.76,13.70
3,2,10.925,0.6,0.0,0.0,0.6574,-0.0060,-0.0367,0.0264,0.2558,44.84,13.67
3,2,10.945,0.6,0.0,0.0,0.3869,0.0004,-0.0116,0.0239,0.2534,12.44,12.66
3,2,10.965,0.6,0.0,0.0,0.2659,0.0017,-0.0059,0.0231,0.2521,10.69,12.77
3,2,10.984,0.6,0.0,0.0,0.6863,-0.0358,0.0089,0.0230,0.2513,12.59,12.14
3,2,11.005,0.6,0.0,0.0,0.4836,0.0319,0.0127,0.0239,0.2514,14.40,12.10
3,2,11.025,0.6,0.0,0.0,0.6513,-0.0020,0.0152,0.0253,0.2529,25.31,12.05
3,2,11.045,0.6,0.0,0.0,0.3518,-0.0037,-0.0084,0.0282,0.2588,28.44,11.22
3,2,11.064,0.6,0.0,0.0,0.6057,-0.0193,-0.0138,0.0324,0.2646,35.35,10.72
3,2,11.085,0.6,0.0,0.0,0.6564,-0.0349,-0.0412,0.0362,0.2695,33.60,8.86
3,2,11.108,0.6,0.0,0.0,0.4185,-0.0215,-0.0778,0.0375,0.2729,23.75,11.60
3,2,11.126,0.6,0.0,0.0,0.5990,0.0068,-0.0879,0.0304,0.2757,32.22,13.48
3,2,11.151,0.6,0.0,0.0,0.3871,0.0271,-0.0345,0.0235,0.2719,98.04,12.52
3,2,11.163,0.6,0.0,0.0,0.4821,0.0186,0.0163,0.0190,0.2671,59.99,15.06
3,2,11.185,0.6,0.0,0.0,0.3908,0.0001,0.1043,0.0160,0.2626,28.98,14.68
3,2,11.204,0.6,0.0,0.0,0.5099,-0.0084,0.0817,0.0159,0.2593,45.49,14.60
3,2,11.225,0.6,0.0,0.0,0.5342,-0.0039,0.0451,0.0145,0.2580,25.51,12.11
3,2,11.247,0.6,0.0,0.0,0.3825,-0.0013,0.0242,0.0122,0.2542,13.67,12.48
3,2,11.267,0.6,0.0,0.0,0.4968,-0.0038,0.0242,0.0123,0.2528,13.34,11.87
3,2,11.285,0.6,0.0,0.0,0.3857,-0.0049,0.0256,0.0132,0.2525,16.83,12.27
3,2,11.305,0.6,0.0,0.0,0.5243,-0.0056,0.0340,0.0140,0.2537,21.06,12.58
3,2,11.327,0.6,0.0,0.0,0.1639,-0.0005,0.0329,0.0146,0.2563,27.91,12.73
3,2,11.345,0.6,0.0,0.0,0.6805,0.0112,0.0184,0.0157,0.2604,34.45,11.60
3,2,11.364,0.6,0.0,0.0,0.4643,0.0161,0.0103,0.0187,0.2664,32.46,9.52
3,2,11.385,0.6,0.0,0.0,0.6059,0.0213,0.0314,0.0229,0.2703,28.99,8.59
3,2,11.410,0.6,0.0,0.0,0.5926,0.0018,0.0544,0.0263,0.2735,26.88,11.56
3,2,11.430,0.6,0.0,0.0,0.4130,-0.0234,0.0052,0.0261,0.2746,38.54,12.39
3,2,11.448,0.6,0.0,0.0,0.5177,-0.0275,-0.0198,0.0264,0.2737,39.77,12.84
3,2,11.465,0.6,0.0,0.0,0.4010,-0.0059,-0.0593,0.0289,0.2639,175.48,17.97
3,2,11.485,0.6,0.0,0.0,0.5111,-0.0041,-0.0330,0.0300,0.2607,24.56,11.69
3,2,11.508,0.6,0.0,0.0,0.3846,-0.0048,-0.0374,0.0283,0.2586,26.79,11.54
3,2,11.528,0.6,0.0,0.0,0.4180,-0.0033,-0.0239,0.0249,0.2545,12.67,11.99
3,2,11.545,0.6,0.0,0.0,0.5099,0.0013,-0.0120,0.0235,0.2528,10.62,12.07
3,2,11.565,0.6,0.0,0.0,0.3382,0.0016,0.0072,0.0231,0.2513,10.95,11.76
3,2,11.585,0.6,0.0,0.0,0.7197,0.0037,0.0105,0.0235,0.2509,12.88,11.58
3,2,11.609,0.6,0.0,0.0,0.4188,0.0008,0.0086,0.0249,0.2525,17.52,11.57
3,2,11.627,0.6,0.0,0.0,0.5141,-0.0047,0.0014,0.0268,0.2545,26.60,12.71
3,2,11.646,0.6,0.0,0.0,0.6446,-0.0222,0.0014,0.0292,0.2576,34.57,11.66
3,2,11.665,0.6,0.0,0.0,0.4322,-0.0255,-0.0087,0.0333,0.2639,42.11,9.70
3,2,11.684,0.6,0.0,0.0,0.1909,-0.0145,-0.0151,0.0346,0.2660,30.62,9.55
3,2,11.706,0.6,0.0,0.0,0.6493,-0.0431,-0.0853,0.0390,0.2732,22.97,12.10
3,2,11.728,0.6,0.0,0.0,0.5008,0.0108,-0.0692,0.0319,0.2749,38.23,14.09
3,2,11.753,0.6,0.0,0.0,0.3970,0.0243,0.0039,0.0244,0.2724,63.54,14.21
3,2,11.772,0.6,0.0,0.0,0.3457,0.0037,0.1311,0.0180,0.2670,29.83,17.85
3,2,11.785,0.6,0.0,0.0,0.3638,-0.0086,0.1501,0.0176,0.2648,26.93,17.60
3,2,11.809,0.6,0.0,0.0,0.4223,-0.0184,0.1297,0.0195,0.2611,19.72,12.31
3,2,11.825,0.6,0.0,0.0,0.3127,-0.0032,0.0934,0.0178,0.2593,23.68,12.34
3,2,11.845,0.6,0.0,0.0,0.3736,0.0013,0.0415,0.0118,0.2576,17.74,13.13
3,2,11.864,0.6,0.0,0.0,0.5155,-0.0107,0.0354,0.0103,0.2566,16.36,12.89
3,2,11.885,0.6,0.0,0.0,0.3478,-0.0199,0.0319,0.0112,0.2546,18.75,12.55
3,2,11.907,0.6,0.0,0.0,0.4940,-0.0330,0.0445,0.0135,0.2552,15.79,13.79
3,2,11.929,0.6,0.0,0.0,0.3437,-0.0140,0.0292,0.0145,0.2570,24.01,14.36
3,2,11.951,0.6,0.0,0.0,0.3641,-0.0017,0.0241,0.0120,0.2594,29.16,12.75
3,2,11.965,0.6,0.0,0.0,0.5089,0.0074,0.0201,0.0091,0.2624,31.19,11.89
3,2,11.984,0.6,0.0,0.0,0.1592,0.0031,0.0227,0.0084,0.2633,31.68,10.77
3,2,12.007,0.6,0.0,0.0,0.5150,-0.0045,0.0679,0.0137,0.2726,30.58,8.80
3,2,12.024,0.6,0.0,0.0,0.5556,-0.0370,0.0869,0.0204,0.2743,31.31,6.82
3,2,12.046,0.6,0.0,0.0,0.2660,-0.0198,-0.0146,0.0279,0.2744,34.34,11.06
3,2,12.065,0.6,0.0,0.0,0.7116,-0.0371,-0.0918,0.0312,0.2682,114.80,19.80
3,2,12.084,0.6,0.0,0.0,0.5495,-0.0239,-0.0840,0.0321,0.2610,42.24,16.00
3,2,12.104,0.6,0.0,0.0,0.3985,-0.0176,-0.0751,0.0305,0.2562,45.50,14.14
3,2,12.128,0.6,0.0,0.0,0.5518,-0.0278,-0.0552,0.0295,0.2537,18.67,12.88
3,2,12.147,0.6,0.0,0.0,0.5090,-0.0225,-0.0362,0.0284,0.2510,16.45,12.79
3,2,12.165,0.6,0.0,0.0,0.3480,-0.0149,-0.0218,0.0286,0.2499,18.15,12.31
3,2,12.184,0.6,0.0,0.0,0.5679,-0.0234,0.0009,0.0300,0.2495,19.67,11.41
3,2,12.209,0.6,0.0,0.0,0.6742,-0.0293,0.0031,0.0316,0.2505,24.22,11.69
3,2,12.226,0.6,0.0,0.0,0.3527,-0.0214,0.0056,0.0333,0.2518,24.29,11.24
3,2,12.245,0.6,0.0,0.0,0.6524,-0.0528,-0.0051,0.0376,0.2566,49.82,9.85
3,2,12.264,0.6,0.0,0.0,0.5604,-0.0565,-0.0339,0.0447,0.2654,31.57,9.17
3,2,12.283,0.6,0.0,0.0,0.4223,-0.0486,-0.0538,0.0484,0.2672,42.93,9.27
3,2,12.305,0.6,0.0,0.0,0.7924,-0.0700,-0.0681,0.0490,0.2726,39.03,16.72
3,2,12.327,0.6,0.0,0.0,0.4835,0.0169,-0.1289,0.0364,0.2749,41.74,13.40
3,2,12.343,0.6,0.0,0.0,0.3157,0.0231,-0.0449,0.0275,0.2721,66.89,18.05
3,2,12.365,0.6,0.0,0.0,0.4750,-0.0067,0.0642,0.0242,0.2648,68.96,16.29
3,2,12.384,0.6,0.0,0.0,0.5964,-0.0234,0.0638,0.0267,0.2619,29.82,11.82
3,2,12.404,0.6,0.0,0.0,0.3787,-0.0078,0.0460,0.0264,0.2607,19.37,11.91
3,2,12.428,0.6,0.0,0.0,0.4736,0.0041,0.0032,0.0193,0.2567,19.57,11.42
3,2,12.443,0.6,0.0,0.0,0.3969,0.0043,-0.0087,0.0157,0.2550,15.90,12.09
3,2,12.465,0.6,0.0,0.0,0.2271,-0.0012,0.0065,0.0150,0.2535,19.21,11.93
3,2,12.484,0.6,0.0,0.0,0.7631,-0.0252,0.0260,0.0161,0.2539,17.31,12.84
3,2,12.508,0.6,0.0,0.0,0.4052,-0.0377,0.0273,0.0161,0.2555,22.26,13.41
3,2,12.526,0.6,0.0,0.0,0.5175,0.0437,0.0182,0.0140,0.2573,32.85,12.17
3,2,12.545,0.6,0.0,0.0,0.4016,0.0168,0.0077,0.0128,0.2616,32.08,10.28
3,2,12.564,0.6,0.0,0.0,0.5551,0.0193,0.0183,0.0149,0.2654,41.48,9.93
3,2,12.584,0.6,0.0,0.0,0.4639,0.0104,0.0378,0.0201,0.2706,34.01,7.48
3,2,12.608,0.6,0.0,0.0,0.4525,0.0094,0.0674,0.0271,0.2757,35.58,6.67
3,2,12.628,0.6,0.0,0.0,0.6245,0.0003,0.0323,0.0270,0.2765,48.95,14.74
3,2,12.643,0.6,0.0,0.0,0.4877,-0.0147,-0.0378,0.0266,0.2735,101.63,16.30
3,2,12.665,0.6,0.0,0.0,0.3811,-0.0085,-0.0698,0.0280,0.2663,40.83,18.25
3,2,12.685,0.6,0.0,0.0,0.3556,-0.0003,-0.0396,0.0272,0.2611,26.41,13.92
3,2,12.710,0.6,0.0,0.0,0.4130,0.0028,-0.0352,0.0259,0.2598,21.83,11.62
3,2,12.727,0.6,0.0,0.0,0.4446,0.0048,-0.0294,0.0230,0.2563,13.09,11.58
3,2,12.745,0.6,0.0,0.0,0.2835,0.0048,-0.0103,0.0211,0.2542,9.14,11.64
3,2,12.765,0.6,0.0,0.0,0.5107,0.0108,0.0048,0.0200,0.2531,10.36,11.69
3,2,12.784,0.6,0.0,0.0,0.6078,0.0129,0.0120,0.0199,0.2524,13.12,11.53
3,2,12.810,0.6,0.0,0.0,0.3792,0.0064,0.0162,0.0205,0.2526,17.94,11.65
3,2,12.825,0.6,0.0,0.0,0.4411,0.0049,0.0169,0.0212,0.2538,18.51,11.51
3,2,12.845,0.6,0.0,0.0,0.4191,0.0005,0.0032,0.0238,0.2587,30.01,11.65
3,2,12.865,0.6,0.0,0.0,0.5094,-0.0084,-0.0066,0.0261,0.2638,29.96,10.86
3,2,12.885,0.6,0.0,0.0,0.5791,-0.0257,-0.0294,0.0290,0.2694,33.97,9.14
3,2,12.907,0.6,0.0,0.0,0.4160,-0.0177,-0.0802,0.0318,0.2745,27.69,10.23
3,2,12.928,0.6,0.0,0.0,0.3607,0.0010,-0.0693,0.0293,0.2765,31.81,14.27
3,2,12.944,0.6,0.0,0.0,0.3990,0.0176,-0.0393,0.0266,0.2754,45.82,14.19
3,2,12.965,0.6,0.0,0.0,0.3909,0.0200,0.0064,0.0220,0.2690,49.30,17.08
3,2,12.985,0.6,0.0,0.0,0.4375,-0.0009,0.0247,0.0200,0.2635,15.15,15.69
3,2,13.011,0.6,0.0,0.0,0.2734,-0.0034,0.0299,0.0194,0.2613,15.94,13.14
3,2,13.030,0.6,0.0,0.0,0.3700,-0.0043,0.0153,0.0169,0.2573,13.72,12.37
3,2,13.048,0.6,0.0,0.0,0.4609,-0.0032,0.0105,0.0161,0.2566,14.04,12.37
3,2,13.065,0.6,0.0,0.0,0.5576,-0.0072,0.0150,0.0122,0.2541,11.14,12.63
3,2,13.084,0.6,0.0,0.0,0.3483,-0.0093,0.0295,0.0112,0.2536,14.89,11.93
3,2,13.115,0.6,0.0,0.0,0.3445,-0.0124,0.0390,0.0110,0.2554,17.17,12.05
3,2,13.125,0.6,0.0,0.0,0.4983,-0.0163,0.0396,0.0111,0.2566,20.63,11.88
3,2,13.148,0.6,0.0,0.0,0.5885,-0.0123,0.0247,0.0112,0.2602,33.69,11.91
3,2,13.164,0.6,0.0,0.0,0.3697,-0.0035,0.0206,0.0114,0.2651,34.65,10.38
3,2,13.185,0.6,0.0,0.0,0.2616,-0.0013,0.0292,0.0127,0.2688,45.23,8.76
3,2,13.208,0.6,0.0,0.0,0.6266,-0.0058,0.0386,0.0146,0.2725,28.32,8.76
3,2,13.227,0.6,0.0,0.0,0.5244,-0.0156,0.0544,0.0224,0.2765,41.54,12.48
3,2,13.247,0.6,0.0,0.0,0.4615,-0.0178,-0.0341,0.0268,0.2742,126.72,15.65
3,2,13.265,0.6,0.0,0.0,0.4355,-0.0178,-0.0734,0.0317,0.2673,52.73,17.19
3,2,13.284,0.6,0.0,0.0,0.4984,-0.0179,-0.0606,0.0330,0.2634,24.76,16.19
3,2,13.308,0.6,0.0,0.0,0.3833,-0.0124,-0.0519,0.0320,0.2595,24.66,13.56
3,2,13.329,0.6,0.0,0.0,0.4341,-0.0130,-0.0439,0.0298,0.2565,15.36,12.88
3,2,13.348,0.6,0.0,0.0,0.5902,-0.0136,-0.0287,0.0269,0.2527,13.38,12.42
3,2,13.367,0.6,0.0,0.0,0.0000,-0.0000,-0.0216,0.0264,0.2520,14.71,12.33
3,2,13.384,0.6,0.0,0.0,0.5894,-0.0117,-0.0029,0.0257,0.2509,14.08,12.08
3,2,13.406,0.6,0.0,0.0,0.4787,-0.0091,0.0033,0.0264,0.2511,16.99,11.88
3,2,13.425,0.6,0.0,0.0,0.5167,-0.0104,0.0029,0.0279,0.2541,27.27,11.43
3,2,13.447,0.6,0.0,0.0,0.4535,-0.0137,-0.0054,0.0300,0.2576,30.17,11.22
3,2,13.463,0.6,0.0,0.0,0.5487,-0.0282,-0.0086,0.0332,0.2619,39.54,10.56
3,2,13.484,0.6,0.0,0.0,0.2488,-0.0179,-0.0247,0.0374,0.2676,38.92,8.42
3,2,13.507,0.6,0.0,0.0,0.8842,-0.0726,-0.0713,0.0413,0.2723,19.57,7.86
3,2,13.525,0.6,0.0,0.0,0.3770,-0.0120,-0.1014,0.0403,0.2749,46.49,15.81
3,2,13.544,0.6,0.0,0.0,0.3122,0.0132,-0.0632,0.0332,0.2735,32.00,15.40
3,2,13.564,0.6,0.0,0.0,0.4769,0.0255,0.0414,0.0224,0.2672,88.37,17.67
3,2,13.583,0.6,0.0,0.0,0.5719,-0.0094,0.0823,0.0205,0.2640,38.29,15.66
3,2,13.604,0.6,0.0,0.0,0.3844,-0.0121,0.0840,0.0202,0.2609,15.83,12.49
3,2,13.628,0.6,0.0,0.0,0.4037,-0.0058,0.0442,0.0187,0.2570,17.39,11.53
3,2,13.645,0.6,0.0,0.0,0.4705,0.0008,0.0026,0.0143,0.2547,16.03,11.79
3,2,13.664,0.6,0.0,0.0,0.2697,0.0003,-0.0003,0.0136,0.2533,16.30,11.55
3,2,13.684,0.6,0.0,0.0,0.6252,-0.0119,0.0153,0.0135,0.2533,20.29,11.86
3,2,13.708,0.6,0.0,0.0,0.3625,-0.0113,0.0412,0.0146,0.2551,21.61,12.75
3,2,13.726,0.6,0.0,0.0,0.5456,-0.0060,0.0301,0.0146,0.2569,29.10,12.93
3,2,13.743,0.6,0.0,0.0,0.5421,0.0082,0.0116,0.0143,0.2600,32.75,11.73
3,2,13.764,0.6,0.0,0.0,0.4032,0.0124,0.0033,0.0145,0.2651,35.18,9.94
3,2,13.784,0.6,0.0,0.0,0.3325,0.0105,0.0087,0.0158,0.2680,39.18,8.05
3,2,13.808,0.6,0.0,0.0,0.7385,0.0117,0.0612,0.0223,0.2743,28.59,8.65
3,2,13.825,0.6,0.0,0.0,0.5730,-0.0218,0.0380,0.0251,0.2759,48.17,13.18
3,2,13.844,0.6,0.0,0.0,0.3803,-0.0223,-0.0161,0.0272,0.2734,124.42,17.71
3,2,13.863,0.6,0.0,0.0,0.5391,-0.0157,-0.0538,0.0286,0.2645,120.64,18.17
3,2,13.884,0.6,0.0,0.0,0.4050,-0.0034,-0.0397,0.0286,0.2611,19.91,13.13
3,2,13.904,0.6,0.0,0.0,0.5779,-0.0026,-0.0338,0.0265,0.2579,21.57,12.48
3,2,13.925,0.6,0.0,0.0,0.3680,-0.0005,-0.0244,0.0249,0.2552,9.79,12.28
3,2,13.947,0.6,0.0,0.0,0.4906,0.0027,-0.0021,0.0238,0.2530,9.69,12.10
3,2,13.965,0.6,0.0,0.0,0.4272,0.0038,0.0094,0.0234,0.2515,12.85,11.75
3,2,13.984,0.6,0.0,0.0,0.5376,0.0037,0.0135,0.0242,0.2509,14.36,11.39
3,2,14.007,0.6,0.0,0.0,0.4053,0.0011,0.0116,0.0260,0.2522,23.47,11.96
3,2,14.026,0.6,0.0,0.0,0.4603,-0.0042,0.0065,0.0279,0.2543,28.04,12.25
3,2,14.045,0.6,0.0,0.0,0.4968,-0.0130,0.0007,0.0293,0.2565,37.24,11.22
3,2,14.065,0.6,0.0,0.0,0.6516,-0.0361,-0.0185,0.0347,0.2654,27.17,9.82
3,2,14.084,0.6,0.0,0.0,0.1457,-0.0113,-0.0269,0.0362,0.2674,41.73,9.65
3,2,14.104,0.6,0.0,0.0,0.7909,-0.0535,-0.0728,0.0408,0.2722,41.69,12.17
3,2,14.126,0.6,0.0,0.0,0.4179,-0.0003,-0.0796,0.0357,0.2751,43.22,15.44
3,2,14.148,0.6,0.0,0.0,0.2506,0.0136,-0.0345,0.0308,0.2733,28.69,15.06
3,2,14.164,0.6,0.0,0.0,0.7551,0.0347,0.0601,0.0229,0.2695,67.78,17.56
3,2,14.184,0.6,0.0,0.0,0.3858,-0.0017,0.0869,0.0207,0.2643,33.58,15.65
3,2,14.204,0.6,0.0,0.0,0.3556,-0.0084,0.0536,0.0207,0.2605,23.38,12.57
3,2,14.231,0.6,0.0,0.0,0.5105,-0.0101,0.0184,0.0179,0.2571,17.19,11.95
3,2,14.246,0.6,0.0,0.0,0.3468,-0.0037,0.0040,0.0146,0.2549,12.74,12.35
3,2,14.265,0.6,0.0,0.0,0.3648,-0.0047,0.0013,0.0131,0.2539,14.20,12.37
3,2,14.283,0.6,0.0,0.0,0.4827,-0.0160,0.0103,0.0122,0.2534,16.96,12.14
3,2,14.311,0.6,0.0,0.0,0.3854,-0.0167,0.0367,0.0126,0.2546,18.51,12.63
3,2,14.332,0.6,0.0,0.0,0.4638,-0.0149,0.0449,0.0129,0.2564,22.26,12.82
3,2,14.348,0.6,0.0,0.0,0.1605,-0.0032,0.0319,0.0121,0.2598,29.02,12.17
3,2,14.364,0.6,0.0,0.0,0.7568,-0.0092,0.0216,0.0116,0.2635,36.44,10.32
3,2,14.384,0.6,0.0,0.0,0.4421,-0.0039,0.0276,0.0125,0.2684,29.36,8.82
3,2,14.408,0.6,0.0,0.0,0.6259,-0.0146,0.0612,0.0176,0.2741,26.40,5.81
3,2,14.427,0.6,0.0,0.0,0.4404,-0.0159,0.0311,0.0221,0.2754,39.84,11.93
3,2,14.444,0.6,0.0,0.0,0.3295,-0.0113,-0.0522,0.0267,0.2739,66.08,16.50
3,2,14.465,0.6,0.0,0.0,0.3984,-0.0113,-0.0741,0.0310,0.2679,60.47,17.07
3,2,14.484,0.6,0.0,0.0,0.3562,-0.0097,-0.0171,0.0331,0.2621,60.09,15.48
3,2,14.506,0.6,0.0,0.0,0.4053,-0.0111,-0.0156,0.0320,0.2603,34.12,13.62
3,2,14.529,0.6,0.0,0.0,0.3432,-0.0075,-0.0346,0.0298,0.2566,22.73,13.32
3,2,14.545,0.6,0.0,0.0,0.5431,-0.0067,-0.0291,0.0274,0.2542,13.30,12.81
3,2,14.565,0.6,0.0,0.0,0.3978,-0.0026,-0.0129,0.0252,0.2522,12.34,12.42
3,2,14.589,0.6,0.0,0.0,0.6535,-0.0022,-0.0061,0.0246,0.2520,14.20,12.28
3,2,14.607,0.6,0.0,0.0,0.2173,-0.0010,0.0032,0.0255,0.2523,18.11,12.04
3,2,14.633,0.6,0.0,0.0,0.4503,-0.0044,0.0066,0.0272,0.2544,26.88,11.71
3,2,14.647,0.6,0.0,0.0,0.9846,-0.0167,-0.0026,0.0292,0.2578,33.30,11.19
3,2,14.665,0.6,0.0,0.0,0.4473,-0.0146,-0.0071,0.0337,0.2626,53.20,10.45
3,2,14.686,0.6,0.0,0.0,0.6995,-0.0406,-0.0314,0.0381,0.2694,23.56,8.25
3,2,14.705,0.6,0.0,0.0,0.2902,-0.0197,-0.0668,0.0402,0.2722,27.71,7.06
3,2,14.725,0.6,0.0,0.0,0.6937,-0.0296,-0.1001,0.0402,0.2753,48.35,15.69
3,2,14.749,0.6,0.0,0.0,0.4227,0.0280,-0.0297,0.0288,0.2718,58.01,14.01
3,2,14.767,0.6,0.0,0.0,0.4846,0.0275,0.0500,0.0245,0.2675,53.56,17.73
3,2,14.784,0.6,0.0,0.0,0.4916,-0.0038,0.0892,0.0228,0.2617,22.61,15.59
3,2,14.807,0.6,0.0,0.0,0.3710,-0.0071,0.0752,0.0238,0.2580,14.87,12.62
3,2,14.831,0.6,0.0,0.0,0.3809,0.0024,0.0237,0.0221,0.2547,14.45,12.21
3,2,14.844,0.6,0.0,0.0,0.5371,0.0132,0.0099,0.0204,0.2536,17.00,11.76
3,2,14.864,0.6,0.0,0.0,0.5394,0.0150,0.0089,0.0174,0.2515,16.88,11.73
3,2,14.885,0.6,0.0,0.0,0.2674,0.0049,0.0089,0.0174,0.2515,16.88,11.73
3,2,14.909,0.6,0.0,0.0,0.3892,0.0032,0.0426,0.0174,0.2541,22.08,11.15
3,2,14.925,0.6,0.0,0.0,0.4810,0.0046,0.0516,0.0181,0.2552,25.51,12.32
3,2,14.945,0.6,0.0,0.0,0.5767,0.0157,0.0332,0.0193,0.2593,39.25,12.40
3,2,14.965,0.6,0.0,0.0,0.4287,0.0234,0.0251,0.0207,0.2646,37.91,10.60
3,2,14.985,0.6,0.0,0.0,0.4949,0.0325,0.0387,0.0245,0.2707,35.60,7.58
3,2,15.003,0.6,0.0,0.0,0.3000,0.0146,0.0387,0.0245,0.2707,30.87,7.63
3,2,15.027,0.6,0.0,0.0,0.4417,0.0076,0.0679,0.0274,0.2739,53.95,13.26
3,3,15.054,0.0,0.0,0.5,0.5477,-0.0127,-0.0366,0.0285,0.2697,75.31,17.23
3,3,15.068,0.0,0.0,0.5,0.0000,-0.0000,-0.0529,0.0287,0.2677,84.50,17.25
3,3,15.085,0.0,0.0,0.5,0.7886,-0.0061,0.0995,0.0299,0.2653,37.90,11.84
3,3,15.106,0.0,0.0,0.5,0.5370,-0.0303,0.1907,0.0333,0.2603,34.31,11.49
3,3,15.124,0.0,0.0,0.5,0.2640,-0.0229,0.2338,0.0356,0.2588,19.11,10.68
3,3,15.149,0.0,0.0,0.5,0.3649,-0.0360,0.2997,0.0373,0.2569,17.13,10.57
3,3,15.165,0.0,0.0,0.5,0.4233,-0.0573,0.3529,0.0384,0.2556,13.78,11.10
3,3,15.184,0.0,0.0,0.5,0.3148,-0.0582,0.3828,0.0401,0.2551,13.28,11.14
3,3,15.204,0.0,0.0,0.5,0.3000,-0.0704,0.3978,0.0424,0.2559,14.47,10.69
3,3,15.224,0.0,0.0,0.5,0.3740,-0.1075,0.3994,0.0451,0.2575,15.34,9.64
3,3,15.244,0.0,0.0,0.5,0.3524,-0.1249,0.3968,0.0505,0.2612,20.20,8.18
3,3,15.265,0.0,0.0,0.5,0.2802,-0.1152,0.3668,0.0582,0.2655,11.53,7.17
3,3,15.287,0.0,0.0,0.5,0.2513,-0.1065,0.3625,0.0605,0.2672,24.20,12.85
3,3,15.306,0.0,0.0,0.5,0.2092,-0.0809,0.3761,0.0586,0.2686,16.56,12.70
3,3,15.328,0.0,0.0,0.5,0.2002,-0.0668,0.3424,0.0491,0.2699,34.30,11.35
3,3,15.345,0.0,0.0,0.5,0.1718,-0.0527,0.3113,0.0351,0.2679,29.45,11.20
3,3,15.364,0.0,0.0,0.5,0.1113,-0.0390,0.3142,0.0299,0.2649,41.17,12.68
3,3,15.386,0.0,0.0,0.5,0.1458,-0.0596,0.3044,0.0322,0.2607,14.51,13.33
3,3,15.403,0.0,0.0,0.5,0.1276,-0.0403,0.2776,0.0347,0.2587,12.55,14.40
3,3,15.425,0.0,0.0,0.5,0.0859,-0.0156,0.2521,0.0348,0.2563,10.10,14.76
3,3,15.448,0.0,0.0,0.5,0.1073,0.0040,0.2362,0.0324,0.2541,11.84,13.96
3,3,15.465,0.0,0.0,0.5,0.0402,0.0100,0.2524,0.0290,0.2535,11.17,12.99
3,3,15.485,0.0,0.0,0.5,0.0480,0.0211,0.2719,0.0274,0.2538,10.79,12.20
3,3,15.508,0.0,0.0,0.5,0.0530,0.0443,0.3213,0.0246,0.2565,11.43,11.86
3,3,15.525,0.0,0.0,0.5,0.0271,0.0386,0.3576,0.0226,0.2588,10.81,11.70
3,3,15.546,0.0,0.0,0.5,0.0306,0.0690,0.3661,0.0208,0.2618,15.85,11.06
3,3,15.564,0.0,0.0,0.5,0.0186,0.0658,0.4057,0.0199,0.2675,9.64,9.74
3,3,15.584,0.0,0.0,0.5,0.0192,0.0834,0.4486,0.0203,0.2714,8.84,7.49
3,3,15.605,0.0,0.0,0.5,0.0131,0.0590,0.4990,0.0215,0.2751,9.62,5.09
3,3,15.625,0.0,0.0,0.5,-0.0052,0.0707,0.4329,0.0205,0.2754,14.46,11.23
3,3,15.645,0.0,0.0,0.5,-0.0208,0.0453,0.2507,0.0175,0.2717,30.31,11.90
3,3,15.665,0.0,0.0,0.5,-0.0295,0.0427,0.1609,0.0160,0.2672,15.56,11.64
3,3,15.684,0.0,0.0,0.5,-0.0571,0.0558,0.1583,0.0141,0.2618,10.24,10.96
3,3,15.709,0.0,0.0,0.5,-0.0510,0.0335,0.1924,0.0117,0.2572,7.94,10.83
3,3,15.725,0.0,0.0,0.5,-0.0439,0.0229,0.1974,0.0113,0.2564,7.35,10.86
3,3,15.744,0.0,0.0,0.5,-0.0460,0.0217,0.2024,0.0101,0.2546,5.96,11.39
3,3,15.764,0.0,0.0,0.5,-0.0538,0.0263,0.2009,0.0080,0.2535,5.24,11.62
3,3,15.785,0.0,0.0,0.5,-0.0423,0.0230,0.2059,0.0058,0.2532,5.82,11.64
3,3,15.809,0.0,0.0,0.5,-0.0715,0.0387,0.2100,0.0037,0.2553,10.04,11.58
3,3,15.826,0.0,0.0,0.5,-0.0442,0.0234,0.2098,0.0042,0.2557,9.74,11.86
3,3,15.844,0.0,0.0,0.5,-0.0525,0.0312,0.2056,0.0065,0.2576,11.98,11.25
3,3,15.865,0.0,0.0,0.5,-0.0423,0.0311,0.2102,0.0113,0.2615,11.55,10.97
3,3,15.885,0.0,0.0,0.5,-0.0546,0.0438,0.2247,0.0154,0.2649,12.83,9.29
3,3,15.904,0.0,0.0,0.5,-0.0345,0.0137,0.2693,0.0130,0.2657,17.72,10.60
3,3,15.928,0.0,0.0,0.5,-0.0344,-0.0189,0.3179,0.0050,0.2646,15.19,13.01
3,3,15.944,0.0,0.0,0.5,-0.0214,-0.0211,0.2988,0.0038,0.2621,21.97,14.22
3,3,15.963,0.0,0.0,0.5,-0.0224,-0.0189,0.2388,0.0056,0.2585,20.08,15.22
3,3,15.984,0.0,0.0,0.5,-0.0275,-0.0269,0.2053,0.0059,0.2545,18.85,15.20
3,3,16.006,0.0,0.0,0.5,-0.0156,-0.0229,0.2244,0.0073,0.2517,12.23,14.28
3,3,16.024,0.0,0.0,0.5,-0.0154,-0.0188,0.2455,0.0092,0.2500,10.28,13.42
3,3,16.043,0.0,0.0,0.5,-0.0208,-0.0119,0.2476,0.0080,0.2491,9.12,12.71
3,3,16.064,0.0,0.0,0.5,-0.0196,-0.0051,0.2583,0.0022,0.2496,9.93,11.64
3,3,16.085,0.0,0.0,0.5,-0.0196,-0.0082,0.2675,0.0011,0.2508,13.05,11.82
3,3,16.108,0.0,0.0,0.5,-0.0198,-0.0204,0.3065,0.0025,0.2538,10.89,11.42
3,3,16.129,0.0,0.0,0.5,-0.0142,-0.0266,0.3296,0.0047,0.2564,9.33,11.77
3,3,16.145,0.0,0.0,0.5,-0.0143,-0.0206,0.3543,0.0060,0.2605,12.52,12.36
3,3,16.164,0.0,0.0,0.5,-0.0273,-0.0154,0.3898,0.0051,0.2640,8.77,10.24
3,3,16.185,0.0,0.0,0.5,-0.0180,-0.0137,0.4449,0.0072,0.2687,6.92,9.74
3,3,16.209,0.0,0.0,0.5,-0.0111,-0.0168,0.4346,0.0068,0.2710,10.27,6.78
3,3,16.229,0.0,0.0,0.5,0.0007,-0.0141,0.3218,0.0054,0.2707,12.99,11.16
3,3,16.243,0.0,0.0,0.5,0.0066,0.0036,0.2765,0.0081,0.2698,24.10,10.89
3,3,16.264,0.0,0.0,0.5,0.0045,0.0010,0.1934,0.0132,0.2679,43.99,13.84
3,3,16.284,0.0,0.0,0.5,0.0017,-0.0165,0.1179,0.0186,0.2618,26.22,13.79
3,3,16.315,0.0,0.0,0.5,-0.0005,-0.0279,0.1301,0.0232,0.2555,7.31,13.81
3,3,16.331,0.0,0.0,0.5,0.0068,-0.0410,0.1521,0.0247,0.2530,7.17,13.78
3,3,16.344,0.0,0.0,0.5,0.0061,-0.0183,0.1627,0.0255,0.2517,5.76,14.07
3,3,16.365,0.0,0.0,0.5,0.0187,-0.0358,0.1854,0.0260,0.2500,4.92,14.04
3,3,16.385,0.0,0.0,0.5,0.0160,-0.0223,0.1949,0.0259,0.2498,4.90,14.03
3,3,16.407,0.0,0.0,0.5,0.0368,-0.0444,0.2361,0.0253,0.2505,5.81,13.44
3,3,16.424,0.0,0.0,0.5,0.0346,-0.0377,0.2560,0.0255,0.2520,6.35,13.33
3,3,16.447,0.0,0.0,0.5,0.0591,-0.0600,0.2612,0.0262,0.2542,7.35,12.77
3,3,16.465,0.0,0.0,0.5,0.0402,-0.0394,0.2649,0.0290,0.2589,9.01,11.84
3,3,16.484,0.0,0.0,0.5,0.0710,-0.0655,0.2581,0.0301,0.2603,11.66,9.88
3,3,16.510,0.0,0.0,0.5,0.0316,-0.0239,0.2969,0.0262,0.2639,11.62,10.20
3,3,16.528,0.0,0.0,0.5,0.0152,-0.0048,0.3417,0.0202,0.2647,8.16,10.24
3,3,16.543,0.0,0.0,0.5,-0.0006,-0.0094,0.3776,0.0165,0.2634,19.25,13.51
3,3,16.567,0.0,0.0,0.5,0.0004,-0.0211,0.3297,0.0173,0.2600,13.11,13.87
3,3,16.585,0.0,0.0,0.5,0.0031,-0.0137,0.2215,0.0200,0.2557,10.06,14.91
3,3,16.608,0.0,0.0,0.5,0.0007,-0.0028,0.1877,0.0202,0.2531,10.47,14.66
3,3,16.630,0.0,0.0,0.5,-0.0031,0.0033,0.1857,0.0191,0.2504,9.08,14.22
3,3,16.644,0.0,0.0,0.5,-0.0032,0.0033,0.2006,0.0183,0.2498,9.20,13.75
3,3,16.665,0.0,0.0,0.5,-0.0034,0.0049,0.2417,0.0164,0.2494,9.50,13.30
3,3,16.685,0.0,0.0,0.5,-0.0002,0.0104,0.2832,0.0136,0.2513,13.27,12.75
3,3,16.713,0.0,0.0,0.5,0.0007,0.0107,0.3100,0.0104,0.2544,11.95,11.67
3,3,16.733,0.0,0.0,0.5,0.0048,0.0103,0.3208,0.0097,0.2559,11.57,11.60
3,3,16.748,0.0,0.0,0.5,0.0047,0.0078,0.3323,0.0091,0.2578,11.44,11.37
3,3,16.765,0.0,0.0,0.5,0.0066,0.0170,0.3704,0.0074,0.2628,8.15,11.01
3,3,16.784,0.0,0.0,0.5,0.0039,0.0163,0.4091,0.0062,0.2655,8.93,8.93
3,3,16.805,0.0,0.0,0.5,0.0054,0.0155,0.4662,0.0056,0.2704,15.79,5.02
3,3,16.825,0.0,0.0,0.5,0.0084,0.0187,0.3798,0.0100,0.2709,12.31,10.30
3,3,16.845,0.0,0.0,0.5,0.0088,0.0344,0.2101,0.0148,0.2687,25.97,13.04
3,3,16.863,0.0,0.0,0.5,-0.0016,0.0143,0.1227,0.0174,0.2644,25.17,12.43
3,3,16.885,0.0,0.0,0.5,-0.0058,-0.0011,0.1285,0.0196,0.2592,14.38,12.52
3,3,16.904,0.0,0.0,0.5,-0.0050,-0.0025,0.1436,0.0213,0.2551,7.83,12.92
3,3,16.927,0.0,0.0,0.5,-0.0144,-0.0123,0.1507,0.0218,0.2532,8.32,13.23
3,3,16.944,0.0,0.0,0.5,-0.0018,-0.0094,0.1571,0.0222,0.2509,5.15,13.20
3,3,16.967,0.0,0.0,0.5,0.0026,-0.0093,0.1637,0.0220,0.2501,4.57,13.18
3,3,16.985,0.0,0.0,0.5,0.0108,-0.0190,0.1969,0.0213,0.2493,5.01,13.13
3,3,17.004,0.0,0.0,0.5,0.0198,-0.0254,0.2237,0.0205,0.2498,5.84,13.01
3,3,17.024,0.0,0.0,0.5,0.0198,-0.0217,0.2334,0.0200,0.2514,4.23,13.03
3,3,17.048,0.0,0.0,0.5,0.0337,-0.0342,0.2395,0.0200,0.2552,7.87,12.35
3,3,17.064,0.0,0.0,0.5,0.0294,-0.0293,0.2400,0.0206,0.2583,5.90,11.61
3,3,17.084,0.0,0.0,0.5,0.0184,-0.0179,0.2447,0.0214,0.2602,6.84,11.71
3,3,17.109,0.0,0.0,0.5,0.0417,-0.0372,0.2604,0.0212,0.2642,11.13,8.82
3,3,17.127,0.0,0.0,0.5,0.0054,-0.0029,0.2909,0.0173,0.2650,10.13,8.82
3,3,17.150,0.0,0.0,0.5,-0.0046,0.0028,0.3109,0.0147,0.2642,24.74,13.55
3,3,17.167,0.0,0.0,0.5,-0.0148,-0.0115,0.3213,0.0130,0.2606,12.96,14.87
3,3,17.190,0.0,0.0,0.5,-0.0032,-0.0077,0.2724,0.0147,0.2572,7.78,14.53
3,3,17.201,0.0,0.0,0.5,-0.0028,-0.0085,0.2530,0.0156,0.2561,7.65,14.45
3,3,17.226,0.0,0.0,0.5,-0.0069,-0.0019,0.1907,0.0176,0.2516,10.42,14.98
3,3,17.243,0.0,0.0,0.5,-0.0078,0.0090,0.1890,0.0166,0.2501,11.05,14.17
3,3,17.266,0.0,0.0,0.5,-0.0075,0.0083,0.2047,0.0156,0.2497,11.34,14.02
3,3,17.285,0.0,0.0,0.5,-0.0080,0.0091,0.2532,0.0132,0.2502,11.55,12.50
3,3,17.306,0.0,0.0,0.5,-0.0034,0.0075,0.3129,0.0108,0.2529,9.90,12.03
3,3,17.325,0.0,0.0,0.5,-0.0009,0.0123,0.3383,0.0097,0.2544,12.21,11.58
3,3,17.345,0.0,0.0,0.5,0.0011,0.0110,0.3523,0.0081,0.2577,16.77,10.92
3,3,17.365,0.0,0.0,0.5,0.0026,0.0128,0.3897,0.0066,0.2629,9.51,9.86
3,3,17.385,0.0,0.0,0.5,0.0048,0.0098,0.4186,0.0061,0.2665,8.84,8.59
3,3,17.411,0.0,0.0,0.5,0.0101,0.0114,0.4479,0.0062,0.2713,7.14,5.47
3,3,17.428,0.0,0.0,0.5,0.0082,0.0228,0.3774,0.0101,0.2707,15.98,11.31
3,3,17.445,0.0,0.0,0.5,0.0081,0.0404,0.2465,0.0133,0.2693,17.06,11.19
3,3,17.466,0.0,0.0,0.5,0.0010,0.0174,0.1083,0.0176,0.2639,20.75,12.40
3,3,17.484,0.0,0.0,0.5,-0.0040,0.0016,0.1067,0.0186,0.2608,20.44,12.15
3,3,17.509,0.0,0.0,0.5,-0.0059,-0.0018,0.1482,0.0206,0.2571,9.79,12.83
3,3,17.526,0.0,0.0,0.5,-0.0041,-0.0039,0.1539,0.0214,0.2553,8.58,12.85
3,3,17.545,0.0,0.0,0.5,0.0004,-0.0113,0.1582,0.0229,0.2517,4.54,13.23
3,3,17.565,0.0,0.0,0.5,0.0078,-0.0120,0.1771,0.0229,0.2505,4.93,13.17
3,3,17.591,0.0,0.0,0.5,0.0174,-0.0190,0.2153,0.0221,0.2505,4.82,13.16
3,3,17.609,0.0,0.0,0.5,0.0184,-0.0173,0.2312,0.0216,0.2508,6.02,13.22
3,3,17.628,0.0,0.0,0.5,0.0094,-0.0081,0.2498,0.0208,0.2511,6.57,13.20
3,3,17.656,0.0,0.0,0.5,0.0374,-0.0328,0.2503,0.0209,0.2556,7.01,11.71
3,3,17.668,0.0,0.0,0.5,0.0683,-0.0629,0.2466,0.0213,0.2575,7.86,11.89
3,3,17.683,0.0,0.0,0.5,0.0272,-0.0256,0.2506,0.0226,0.2601,24.98,10.03
3,3,17.705,0.0,0.0,0.5,0.0352,-0.0298,0.2519,0.0236,0.2629,13.17,10.01
3,3,17.727,0.0,0.0,0.5,0.0304,-0.0223,0.2787,0.0224,0.2651,7.02,11.64
3,3,17.744,0.0,0.0,0.5,0.0017,-0.0060,0.3180,0.0190,0.2636,20.57,13.64
3,3,17.767,0.0,0.0,0.5,-0.0036,-0.0169,0.2981,0.0182,0.2591,17.99,14.70
3,3,17.785,0.0,0.0,0.5,-0.0038,-0.0207,0.2516,0.0202,0.2557,7.87,15.30
3,3,17.812,0.0,0.0,0.5,-0.0028,-0.0041,0.2005,0.0213,0.2516,11.50,15.08
3,3,17.832,0.0,0.0,0.5,-0.0063,0.0035,0.1886,0.0201,0.2498,9.41,14.39
3,3,17.846,0.0,0.0,0.5,-0.0078,0.0059,0.1963,0.0191,0.2493,11.20,14.08
3,3,17.865,0.0,0.0,0.5,-0.0139,0.0090,0.2311,0.0168,0.2488,10.99,13.33
3,3,17.885,0.0,0.0,0.5,-0.0050,0.0040,0.2636,0.0149,0.2496,12.04,13.06
3,3,17.908,0.0,0.0,0.5,-0.0078,0.0119,0.2887,0.0133,0.2507,13.38,12.33
3,3,17.929,0.0,0.0,0.5,-0.0055,0.0144,0.3337,0.0092,0.2550,12.70,11.43
3,3,17.945,0.0,0.0,0.5,-0.0019,0.0066,0.3434,0.0085,0.2560,10.98,11.31
3,3,17.965,0.0,0.0,0.5,-0.0012,0.0092,0.3817,0.0066,0.2613,6.55,9.59
3,3,17.989,0.0,0.0,0.5,0.0024,0.0074,0.4414,0.0060,0.2669,3.48,8.73
3,3,18.004,0.0,0.0,0.5,0.0020,0.0027,0.4548,0.0061,0.2706,8.87,6.38
3,3,18.027,0.0,0.0,0.5,0.0022,0.0267,0.3934,0.0069,0.2704,7.87,11.83
3,3,18.048,0.0,0.0,0.5,-0.0018,0.0334,0.1827,0.0125,0.2670,26.19,12.30
3,3,18.064,0.0,0.0,0.5,-0.0017,0.0072,0.1302,0.0147,0.2640,24.12,12.35
3,3,18.084,0.0,0.0,0.5,-0.0083,0.0065,0.1347,0.0193,0.2590,11.86,12.72
3,3,18.114,0.0,0.0,0.5,-0.0081,-0.0033,0.1512,0.0224,0.2543,6.28,13.15
3,3,18.130,0.0,0.0,0.5,-0.0031,-0.0057,0.1542,0.0234,0.2528,6.63,13.31
3,3,18.143,0.0,0.0,0.5,-0.0001,-0.0066,0.1583,0.0239,0.2515,5.15,13.49
3,3,18.164,0.0,0.0,0.5,0.0090,-0.0134,0.1754,0.0239,0.2503,5.03,13.54
3,3,18.184,0.0,0.0,0.5,0.0084,-0.0078,0.2191,0.0226,0.2500,6.12,13.46
3,3,18.207,0.0,0.0,0.5,0.0351,-0.0291,0.2368,0.0218,0.2508,5.31,13.18
3,3,18.225,0.0,0.0,0.5,0.0352,-0.0284,0.2464,0.0214,0.2521,6.33,12.84
3,3,18.244,0.0,0.0,0.5,0.0232,-0.0189,0.2478,0.0215,0.2542,4.59,12.85
3,3,18.265,0.0,0.0,0.5,0.0443,-0.0364,0.2518,0.0224,0.2582,11.17,11.66
3,3,18.284,0.0,0.0,0.5,0.0520,-0.0393,0.2369,0.0241,0.2623,8.92,9.97
3,3,18.304,0.0,0.0,0.5,0.0186,-0.0102,0.2433,0.0228,0.2639,13.80,9.36
3,3,18.327,0.0,0.0,0.5,0.0215,-0.0024,0.2878,0.0195,0.2648,6.57,11.06
3,3,18.343,0.0,0.0,0.5,-0.0021,-0.0079,0.3409,0.0167,0.2635,19.38,12.97
3,3,18.365,0.0,0.0,0.5,-0.0012,-0.0102,0.3253,0.0165,0.2601,8.49,14.04
3,3,18.385,0.0,0.0,0.5,0.0011,-0.0106,0.2176,0.0190,0.2545,11.54,14.69
3,3,18.413,0.0,0.0,0.5,-0.0018,0.0024,0.1864,0.0192,0.2511,10.26,14.16
3,3,18.426,0.0,0.0,0.5,-0.0031,0.0033,0.1864,0.0192,0.2511,10.26,14.16
3,3,18.447,0.0,0.0,0.5,-0.0042,0.0065,0.2137,0.0181,0.2495,9.41,13.71
3,3,18.464,0.0,0.0,0.5,-0.0032,0.0071,0.2395,0.0165,0.2493,9.85,13.37
3,3,18.484,0.0,0.0,0.5,-0.0017,0.0099,0.2673,0.0144,0.2498,12.23,12.95
3,3,18.504,0.0,0.0,0.5,0.0003,0.0151,0.2996,0.0121,0.2518,11.56,11.92
3,3,18.528,0.0,0.0,0.5,0.0024,0.0128,0.3305,0.0098,0.2551,12.42,11.12
3,3,18.550,0.0,0.0,0.5,0.0039,0.0090,0.3489,0.0088,0.2582,12.01,10.83
3,3,18.564,0.0,0.0,0.5,0.0150,0.0266,0.3845,0.0080,0.2627,9.45,10.44
3,3,18.584,0.0,0.0,0.5,0.0085,0.0147,0.4210,0.0076,0.2666,13.09,9.11
3,3,18.613,0.0,0.0,0.5,0.0057,0.0103,0.4632,0.0076,0.2703,6.31,5.66
3,3,18.624,0.0,0.0,0.5,0.0119,0.0357,0.4270,0.0089,0.2710,6.04,6.33
3,3,18.645,0.0,0.0,0.5,0.0065,0.0348,0.2480,0.0140,0.2695,26.68,11.70
3,3,18.665,0.0,0.0,0.5,-0.0007,0.0163,0.1378,0.0172,0.2627,26.17,12.23
3,3,18.686,0.0,0.0,0.5,-0.0073,0.0024,0.1377,0.0197,0.2590,18.39,12.12
3,3,18.711,0.0,0.0,0.5,-0.0089,0.0004,0.1497,0.0212,0.2547,15.76,13.22
3,3,18.728,0.0,0.0,0.5,-0.0051,-0.0028,0.1573,0.0217,0.2535,5.12,13.11
3,3,18.743,0.0,0.0,0.5,-0.0026,-0.0069,0.1582,0.0220,0.2518,7.47,13.07
3,3,18.764,0.0,0.0,0.5,0.0047,-0.0103,0.1751,0.0217,0.2499,4.11,13.08
3,3,18.785,0.0,0.0,0.5,0.0100,-0.0134,0.2024,0.0209,0.2498,5.17,13.07
3,3,18.808,0.0,0.0,0.5,0.0217,-0.0237,0.2219,0.0199,0.2508,6.27,12.96
3,3,18.829,0.0,0.0,0.5,0.0270,-0.0263,0.2298,0.0194,0.2524,5.49,12.51
3,3,18.844,0.0,0.0,0.5,0.0171,-0.0170,0.2337,0.0194,0.2545,6.32,12.57
3,3,18.864,0.0,0.0,0.5,0.0474,-0.0469,0.2458,0.0204,0.2595,9.29,11.57
3,3,18.884,0.0,0.0,0.5,0.0276,-0.0256,0.2302,0.0218,0.2624,8.51,10.22
3,3,18.905,0.0,0.0,0.5,0.0286,-0.0198,0.2274,0.0221,0.2635,8.40,10.50
3,3,18.926,0.0,0.0,0.5,0.0036,-0.0045,0.2925,0.0182,0.2645,3.86,11.28
3,3,18.942,0.0,0.0,0.5,-0.0069,-0.0214,0.3393,0.0160,0.2627,20.74,12.77
3,3,18.962,0.0,0.0,0.5,-0.0076,-0.0213,0.3190,0.0164,0.2602,9.14,14.08
3,3,18.984,0.0,0.0,0.5,-0.0060,-0.0063,0.2018,0.0180,0.2549,11.60,14.72
3,3,19.008,0.0,0.0,0.5,-0.0082,0.0007,0.1667,0.0181,0.2518,8.75,14.07
3,3,19.026,0.0,0.0,0.5,-0.0103,0.0006,0.1697,0.0178,0.2507,8.64,13.99
3,3,19.045,0.0,0.0,0.5,-0.0100,0.0002,0.1999,0.0168,0.2494,9.13,13.76
3,3,19.064,0.0,0.0,0.5,-0.0120,0.0034,0.2479,0.0140,0.2492,9.15,13.24
3,3,19.085,0.0,0.0,0.5,-0.0037,0.0026,0.2752,0.0116,0.2501,11.96,12.82
3,3,19.112,0.0,0.0,0.5,-0.0085,0.0110,0.3139,0.0081,0.2533,9.61,11.89
3,3,19.130,0.0,0.0,0.5,-0.0100,0.0138,0.3559,0.0053,0.2562,14.48,11.05
3,3,19.147,0.0,0.0,0.5,-0.0024,0.0033,0.3691,0.0045,0.2581,22.22,10.70
3,3,19.165,0.0,0.0,0.5,-0.0010,0.0029,0.4194,0.0040,0.2642,8.19,9.89
3,3,19.183,0.0,0.0,0.5,0.0003,0.0034,0.4332,0.0039,0.2661,19.45,9.38
3,3,19.211,0.0,0.0,0.5,0.0002,0.0058,0.4227,0.0039,0.2713,15.76,6.02
3,3,19.227,0.0,0.0,0.5,-0.0013,0.0321,0.3562,0.0075,0.2707,15.32,11.21
3,3,19.244,0.0,0.0,0.5,-0.0037,0.0371,0.2028,0.0115,0.2680,27.28,12.41
3,3,19.267,0.0,0.0,0.5,-0.0080,0.0178,0.1354,0.0142,0.2615,28.56,12.40
3,3,19.285,0.0,0.0,0.5,-0.0163,0.0004,0.1530,0.0169,0.2580,13.53,12.49
3,3,19.308,0.0,0.0,0.5,-0.0133,-0.0004,0.1651,0.0207,0.2551,16.60,13.73
3,3,19.324,0.0,0.0,0.5,-0.0101,0.0034,0.1750,0.0207,0.2530,13.58,13.65
3,3,19.346,0.0,0.0,0.5,-0.0020,-0.0027,0.1855,0.0206,0.2504,6.47,13.30
3,3,19.363,0.0,0.0,0.5,0.0062,-0.0080,0.1940,0.0201,0.2492,6.03,13.30
3,3,19.384,0.0,0.0,0.5,0.0152,-0.0154,0.2071,0.0192,0.2494,3.96,13.07
3,3,19.411,0.0,0.0,0.5,0.0191,-0.0169,0.2150,0.0186,0.2507,4.79,13.14
3,3,19.428,0.0,0.0,0.5,0.0182,-0.0149,0.2152,0.0186,0.2519,4.33,12.76
3,3,19.445,0.0,0.0,0.5,0.0328,-0.0268,0.2230,0.0188,0.2541,5.77,12.78
3,3,19.464,0.0,0.0,0.5,0.0422,-0.0354,0.2450,0.0201,0.2593,6.58,11.70
3,3,19.484,0.0,0.0,0.5,0.0247,-0.0201,0.2339,0.0211,0.2614,5.87,10.20
3,3,19.512,0.0,0.0,0.5,0.0477,-0.0329,0.2627,0.0203,0.2645,9.47,9.35
3,3,19.529,0.0,0.0,0.5,0.0084,-0.0045,0.2834,0.0185,0.2643,8.24,9.16
3,3,19.548,0.0,0.0,0.5,-0.0010,-0.0032,0.3098,0.0173,0.2640,6.38,10.94
3,3,19.565,0.0,0.0,0.5,-0.0066,-0.0243,0.3155,0.0175,0.2603,6.68,13.98
3,3,19.585,0.0,0.0,0.5,-0.0025,-0.0114,0.2279,0.0196,0.2556,11.08,14.92
3,3,19.604,0.0,0.0,0.5,-0.0031,-0.0011,0.1946,0.0198,0.2538,11.84,14.75
3,3,19.627,0.0,0.0,0.5,-0.0083,0.0041,0.1836,0.0187,0.2511,10.14,14.15
3,3,19.647,0.0,0.0,0.5,-0.0071,0.0054,0.2106,0.0165,0.2498,10.09,13.28
3,3,19.663,0.0,0.0,0.5,-0.0048,0.0051,0.2273,0.0153,0.2497,9.99,13.04
3,3,19.684,0.0,0.0,0.5,-0.0058,0.0127,0.2702,0.0120,0.2511,9.77,12.42
3,3,19.709,0.0,0.0,0.5,-0.0010,0.0065,0.2994,0.0101,0.2529,12.39,11.71
3,3,19.729,0.0,0.0,0.5,0.0005,0.0051,0.3089,0.0091,0.2549,11.43,11.61
3,3,19.743,0.0,0.0,0.5,0.0040,0.0113,0.3351,0.0082,0.2578,14.62,11.07
3,3,19.764,0.0,0.0,0.5,0.0034,0.0072,0.3771,0.0071,0.2632,6.61,10.56
3,3,19.784,0.0,0.0,0.5,0.0045,0.0102,0.4301,0.0063,0.2670,11.87,9.13
3,3,19.814,0.0,0.0,0.5,0.0068,0.0202,0.3967,0.0084,0.2714,5.43,7.70
3,3,19.825,0.0,0.0,0.5,0.0032,0.0141,0.3607,0.0099,0.2712,7.41,8.08
3,3,19.848,0.0,0.0,0.5,0.0033,0.0362,0.2044,0.0141,0.2698,27.19,12.24
3,3,19.865,0.0,0.0,0.5,-0.0026,0.0051,0.1117,0.0164,0.2628,40.83,12.24
3,3,19.884,0.0,0.0,0.5,-0.0099,-0.0017,0.1363,0.0191,0.2591,16.26,12.35
3,3,19.904,0.0,0.0,0.5,-0.0074,0.0033,0.1464,0.0197,0.2570,14.15,13.08
3,3,19.928,0.0,0.0,0.5,-0.0035,-0.0038,0.1545,0.0210,0.2531,7.03,12.74
3,3,19.943,0.0,0.0,0.5,0.0013,-0.0057,0.1596,0.0212,0.2511,6.97,12.81
3,3,19.964,0.0,0.0,0.5,0.0094,-0.0155,0.1675,0.0211,0.2503,4.64,12.86
3,3,19.984,0.0,0.0,0.5,0.0184,-0.0225,0.2108,0.0199,0.2500,5.01,13.01
3,3,20.011,0.0,0.0,0.5,0.0215,-0.0223,0.2216,0.0192,0.2508,6.70,13.03
3,3,20.026,0.0,0.0,0.5,0.0220,-0.0214,0.2247,0.0190,0.2521,5.98,13.01
3,3,20.045,0.0,0.0,0.5,0.0269,-0.0263,0.2279,0.0193,0.2554,4.67,12.61
3,3,20.065,0.0,0.0,0.5,0.0453,-0.0434,0.2455,0.0207,0.2599,14.16,11.51
3,3,20.085,0.0,0.0,0.5,0.0311,-0.0275,0.2269,0.0220,0.2623,10.97,10.32
3,3,20.114,0.0,0.0,0.5,0.0203,-0.0162,0.2554,0.0203,0.2651,13.45,8.55
3,3,20.127,0.0,0.0,0.5,0.0039,-0.0091,0.2643,0.0191,0.2650,9.93,8.46
3,3,20.144,0.0,0.0,0.5,-0.0046,-0.0088,0.2947,0.0167,0.2645,6.52,10.72
3,3,20.165,0.0,0.0,0.5,-0.0086,-0.0230,0.2919,0.0177,0.2588,26.44,14.02
3,3,20.185,0.0,0.0,0.5,-0.0036,-0.0114,0.2236,0.0199,0.2554,14.09,14.98
3,3,20.211,0.0,0.0,0.5,-0.0076,-0.0024,0.2044,0.0189,0.2521,10.37,13.90
3,3,20.228,0.0,0.0,0.5,-0.0067,0.0020,0.2003,0.0180,0.2511,8.92,13.96
3,3,20.245,0.0,0.0,0.5,-0.0112,0.0046,0.2052,0.0169,0.2504,10.40,13.71
3,3,20.265,0.0,0.0,0.5,-0.0060,0.0032,0.2328,0.0140,0.2497,9.36,12.85
3,3,20.284,0.0,0.0,0.5,-0.0038,0.0039,0.2636,0.0123,0.2507,10.08,12.59
3,3,20.306,0.0,0.0,0.5,-0.0037,0.0082,0.2971,0.0103,0.2524,10.31,12.09
3,3,20.327,0.0,0.0,0.5,-0.0011,0.0057,0.3279,0.0078,0.2560,15.07,11.60
3,3,20.348,0.0,0.0,0.5,-0.0006,0.0098,0.3647,0.0059,0.2603,6.86,10.76
3,3,20.364,0.0,0.0,0.5,0.0010,0.0060,0.3936,0.0049,0.2645,9.44,9.90
3,3,20.384,0.0,0.0,0.5,0.0023,0.0035,0.4224,0.0048,0.2672,11.43,9.00
3,3,20.408,0.0,0.0,0.5,0.0048,0.0087,0.4612,0.0046,0.2709,6.11,5.75
3,3,20.425,0.0,0.0,0.5,0.0051,0.0205,0.3718,0.0083,0.2716,8.32,11.32
3,3,20.448,0.0,0.0,0.5,0.0038,0.0302,0.1747,0.0151,0.2652,38.19,12.85
3,3,20.465,0.0,0.0,0.5,-0.0013,0.0003,0.1407,0.0167,0.2633,20.39,12.23
3,3,20.484,0.0,0.0,0.5,-0.0079,-0.0001,0.1356,0.0197,0.2589,13.58,13.16
3,3,20.507,0.0,0.0,0.5,-0.0043,-0.0022,0.1446,0.0209,0.2560,9.18,12.69
3,3,20.530,0.0,0.0,0.5,-0.0004,-0.0131,0.1514,0.0226,0.2519,6.90,13.07
3,3,20.547,0.0,0.0,0.5,0.0021,-0.0068,0.1539,0.0228,0.2514,4.34,13.05
3,3,20.564,0.0,0.0,0.5,0.0101,-0.0184,0.1779,0.0226,0.2500,4.34,13.28
3,3,20.584,0.0,0.0,0.5,0.0178,-0.0212,0.2065,0.0218,0.2498,5.12,13.16
3,3,20.604,0.0,0.0,0.5,0.0334,-0.0354,0.2271,0.0211,0.2503,5.87,12.85
3,3,20.629,0.0,0.0,0.5,0.0232,-0.0238,0.2392,0.0210,0.2532,5.58,12.59
3,3,20.645,0.0,0.0,0.5,0.0387,-0.0398,0.2423,0.0218,0.2560,9.49,12.42
3,3,20.664,0.0,0.0,0.5,0.0359,-0.0354,0.2491,0.0230,0.2591,10.38,11.61
3,3,20.684,0.0,0.0,0.5,0.0362,-0.0327,0.2451,0.0247,0.2623,11.71,9.95
3,3,20.707,0.0,0.0,0.5,0.0283,-0.0195,0.2428,0.0247,0.2639,12.86,9.40
3,3,20.725,0.0,0.0,0.5,0.0071,-0.0014,0.2605,0.0223,0.2650,12.04,9.47
3,3,20.745,0.0,0.0,0.5,-0.0038,-0.0079,0.3440,0.0141,0.2628,20.20,13.25
3,3,20.764,0.0,0.0,0.5,-0.0100,-0.0254,0.3544,0.0141,0.2602,16.77,13.78
3,3,20.785,0.0,0.0,0.5,-0.0018,-0.0067,0.2605,0.0167,0.2560,8.89,14.48
3,3,20.808,0.0,0.0,0.5,-0.0054,-0.0097,0.1994,0.0175,0.2532,8.70,14.64
3,3,20.829,0.0,0.0,0.5,-0.0105,0.0020,0.1746,0.0178,0.2502,9.84,14.21
3,3,20.845,0.0,0.0,0.5,-0.0091,0.0020,0.1914,0.0175,0.2496,9.79,14.15
3,3,20.865,0.0,0.0,0.5,-0.0149,0.0023,0.2260,0.0165,0.2491,10.33,13.67
3,3,20.885,0.0,0.0,0.5,-0.0077,0.0053,0.2702,0.0140,0.2498,11.22,13.17
3,3,20.910,0.0,0.0,0.5,-0.0078,0.0118,0.3070,0.0104,0.2526,10.50,12.00
3,3,20.926,0.0,0.0,0.5,-0.0077,0.0140,0.3342,0.0081,0.2549,10.59,11.02
3,3,20.945,0.0,0.0,0.5,-0.0030,0.0088,0.3465,0.0069,0.2581,16.97,10.46
3,3,20.965,0.0,0.0,0.5,0.0005,0.0050,0.3880,0.0061,0.2638,7.01,10.16
3,3,20.985,0.0,0.0,0.5,0.0013,0.0084,0.4363,0.0052,0.2685,6.12,9.40
3,3,21.010,0.0,0.0,0.5,0.0009,0.0108,0.4340,0.0054,0.2711,11.73,6.11
3,3,21.025,0.0,0.0,0.5,0.0002,0.0335,0.3758,0.0071,0.2710,5.87,7.14
3,3,21.046,0.0,0.0,0.5,-0.0019,0.0349,0.2523,0.0116,0.2694,20.51,11.11
3,4,21.069,0.0,0.3,0.0,-0.0068,0.0177,0.1281,0.0155,0.2629,17.74,12.22
3,4,21.089,0.0,0.3,0.0,-0.0110,0.0024,0.1234,0.0182,0.2594,18.62,12.54
3,4,21.112,0.0,0.3,0.0,-0.0135,0.0038,0.0104,0.0210,0.2539,7.79,13.49
3,4,21.130,0.0,0.3,0.0,-0.0016,0.0005,0.0008,0.0214,0.2523,4.27,13.44
3,4,21.144,0.0,0.3,0.0,-0.0009,0.0000,-0.0009,0.0216,0.2509,4.40,12.91
3,4,21.164,0.0,0.3,0.0,0.0056,-0.0033,-0.0004,0.0229,0.2490,3.64,12.69
3,4,21.186,0.0,0.3,0.0,0.0133,-0.0037,-0.0011,0.0237,0.2487,2.87,13.41
3,4,21.204,0.0,0.3,0.0,0.0135,-0.0026,-0.0019,0.0242,0.2500,6.91,13.91
3,4,21.229,0.0,0.3,0.0,0.0249,-0.0024,-0.0020,0.0254,0.2530,5.83,14.37
3,4,21.245,0.0,0.3,0.0,0.0368,-0.0003,-0.0071,0.0271,0.2560,9.99,14.09
3,4,21.268,0.0,0.3,0.0,0.0387,0.0000,-0.0127,0.0307,0.2596,21.93,12.99
3,4,21.285,0.0,0.3,0.0,0.0406,0.0094,-0.0114,0.0341,0.2631,9.18,10.93
3,4,21.310,0.0,0.3,0.0,0.0292,0.0290,-0.0107,0.0331,0.2655,9.32,10.35
3,4,21.327,0.0,0.3,0.0,0.0072,0.0272,-0.0339,0.0304,0.2672,15.45,11.11
3,4,21.345,0.0,0.3,0.0,-0.0073,0.1097,-0.0491,0.0238,0.2674,9.59,10.73
3,4,21.365,0.0,0.3,0.0,-0.0136,0.0679,0.0008,0.0185,0.2636,27.33,13.29
3,4,21.385,0.0,0.3,0.0,-0.0075,0.0357,0.0357,0.0232,0.2601,16.95,13.04
3,4,21.407,0.0,0.3,0.0,-0.0121,0.0523,0.0276,0.0332,0.2565,11.79,14.09
3,4,21.427,0.0,0.3,0.0,-0.0266,0.0737,0.0052,0.0334,0.2547,11.53,14.12
3,4,21.449,0.0,0.3,0.0,-0.0319,0.0599,-0.0120,0.0264,0.2527,8.64,12.44
3,4,21.467,0.0,0.3,0.0,-0.0534,0.0759,-0.0006,0.0234,0.2521,7.06,11.65
3,4,21.495,0.0,0.3,0.0,-0.0407,0.0469,0.0113,0.0232,0.2522,6.71,11.89
3,4,21.508,0.0,0.3,0.0,-0.0662,0.0703,0.0166,0.0245,0.2531,7.95,11.89
3,4,21.523,0.0,0.3,0.0,-0.0411,0.0417,0.0187,0.0258,0.2540,7.90,12.35
3,4,21.545,0.0,0.3,0.0,-0.0625,0.0691,0.0168,0.0256,0.2561,19.91,13.42
3,4,21.565,0.0,0.3,0.0,-0.0656,0.0735,0.0127,0.0189,0.2613,19.29,10.70
3,4,21.585,0.0,0.3,0.0,-0.0936,0.0994,0.0132,0.0146,0.2649,18.41,6.86
3,4,21.607,0.0,0.3,0.0,-0.0588,0.0770,0.0188,0.0103,0.2675,8.85,10.28
3,4,21.624,0.0,0.3,0.0,-0.0581,0.1135,0.0146,0.0082,0.2672,17.34,12.05
3,4,21.643,0.0,0.3,0.0,-0.0792,0.1447,-0.0137,0.0115,0.2643,34.97,13.35
3,4,21.665,0.0,0.3,0.0,-0.0584,0.0797,-0.0158,0.0173,0.2591,16.58,12.88
3,4,21.689,0.0,0.3,0.0,-0.0726,0.1031,-0.0085,0.0243,0.2550,13.73,14.41
3,4,21.705,0.0,0.3,0.0,-0.0520,0.1026,-0.0155,0.0238,0.2536,12.71,14.11
3,4,21.729,0.0,0.3,0.0,-0.0193,0.0506,-0.0263,0.0214,0.2526,14.35,14.56
3,4,21.745,0.0,0.3,0.0,-0.0323,0.1202,-0.0204,0.0181,0.2496,15.25,12.34
3,4,21.763,0.0,0.3,0.0,-0.0133,0.0675,-0.0034,0.0177,0.2483,11.07,12.05
3,4,21.785,0.0,0.3,0.0,-0.0088,0.0595,0.0084,0.0157,0.2482,5.33,13.06
3,4,21.809,0.0,0.3,0.0,-0.0037,0.0815,0.0008,0.0124,0.2497,7.08,13.35
3,4,21.825,0.0,0.3,0.0,0.0039,0.0782,-0.0034,0.0109,0.2515,8.12,13.06
3,4,21.849,0.0,0.3,0.0,0.0084,0.0567,-0.0043,0.0105,0.2535,22.92,12.48
3,4,21.864,0.0,0.3,0.0,0.0122,0.0488,-0.0100,0.0115,0.2566,20.45,12.37
3,4,21.889,0.0,0.3,0.0,0.0133,0.0504,-0.0324,0.0178,0.2642,23.91,11.48
3,4,21.905,0.0,0.3,0.0,0.0232,0.0791,-0.0482,0.0208,0.2676,9.78,8.13
3,4,21.928,0.0,0.3,0.0,0.0099,0.0738,-0.0405,0.0195,0.2693,9.95,10.76
3,4,21.943,0.0,0.3,0.0,-0.0074,0.1075,-0.0011,0.0168,0.2691,6.73,11.03
3,4,21.962,0.0,0.3,0.0,-0.0088,0.0566,0.0359,0.0154,0.2641,25.46,12.15
3,4,21.984,0.0,0.3,0.0,-0.0194,0.1016,0.0386,0.0176,0.2610,28.24,13.04
3,4,22.006,0.0,0.3,0.0,-0.0156,0.0796,0.0282,0.0292,0.2574,12.50,13.29
3,4,22.027,0.0,0.3,0.0,-0.0113,0.0467,0.0223,0.0301,0.2567,11.48,13.10
3,4,22.044,0.0,0.3,0.0,-0.0344,0.1059,-0.0236,0.0225,0.2547,16.40,12.02
3,4,22.065,0.0,0.3,0.0,-0.0618,0.1264,-0.0008,0.0154,0.2544,9.70,11.50
3,4,22.084,0.0,0.3,0.0,-0.0452,0.0681,0.0077,0.0154,0.2545,7.77,10.86
3,4,22.115,0.0,0.3,0.0,-0.0518,0.0767,0.0267,0.0181,0.2564,7.19,11.65
3,4,22.130,0.0,0.3,0.0,-0.0530,0.0780,0.0261,0.0181,0.2571,7.39,12.51
3,4,22.145,0.0,0.3,0.0,-0.0773,0.1135,0.0208,0.0173,0.2582,16.71,12.24
3,4,22.165,0.0,0.3,0.0,-0.0623,0.0875,0.0256,0.0141,0.2625,13.92,10.05
3,4,22.184,0.0,0.3,0.0,-0.0841,0.1146,0.0280,0.0116,0.2671,8.44,7.69
3,4,22.207,0.0,0.3,0.0,-0.0244,0.0375,0.0242,0.0081,0.2687,7.79,10.05
3,4,22.226,0.0,0.3,0.0,-0.0896,0.1798,0.0009,0.0092,0.2680,16.85,12.83
3,4,22.244,0.0,0.3,0.0,-0.0652,0.1384,-0.0207,0.0147,0.2649,23.30,13.22
3,4,22.265,0.0,0.3,0.0,-0.0997,0.1539,-0.0231,0.0147,0.2609,22.17,12.09
3,4,22.284,0.0,0.3,0.0,-0.0880,0.1110,0.0060,0.0198,0.2554,12.54,13.15
3,4,22.310,0.0,0.3,0.0,-0.0514,0.0811,-0.0043,0.0192,0.2537,11.44,14.17
3,4,22.331,0.0,0.3,0.0,-0.0591,0.1277,-0.0254,0.0141,0.2515,13.38,12.72
3,4,22.345,0.0,0.3,0.0,-0.0596,0.1554,-0.0198,0.0129,0.2503,11.17,11.85
3,4,22.365,0.0,0.3,0.0,-0.0382,0.1103,0.0065,0.0111,0.2485,5.52,11.96
3,4,22.385,0.0,0.3,0.0,-0.0272,0.0972,0.0037,0.0083,0.2494,7.53,12.77
3,4,22.408,0.0,0.3,0.0,-0.0176,0.0819,0.0006,0.0066,0.2502,10.22,13.15
3,4,22.433,0.0,0.3,0.0,-0.0100,0.0645,-0.0024,0.0061,0.2524,8.88,12.13
3,4,22.446,0.0,0.3,0.0,-0.0087,0.0748,-0.0094,0.0060,0.2552,12.08,11.99
3,4,22.464,0.0,0.3,0.0,-0.0088,0.1102,-0.0209,0.0067,0.2598,17.96,12.17
3,4,22.484,0.0,0.3,0.0,-0.0015,0.0801,-0.0288,0.0078,0.2629,13.69,11.21
3,4,22.514,0.0,0.3,0.0,0.0006,0.0758,-0.0545,0.0110,0.2687,9.67,8.20
3,4,22.528,0.0,0.3,0.0,-0.0115,0.1612,-0.0255,0.0123,0.2697,3.74,9.31
3,4,22.551,0.0,0.3,0.0,-0.0077,0.0518,0.0303,0.0136,0.2690,6.95,9.31
3,4,22.564,0.0,0.3,0.0,-0.0359,0.1834,0.0508,0.0129,0.2671,18.62,11.37
3,4,22.584,0.0,0.3,0.0,-0.0158,0.0912,0.0381,0.0140,0.2605,15.98,13.15
3,4,22.605,0.0,0.3,0.0,-0.0104,0.0611,0.0241,0.0164,0.2586,11.90,12.81
3,4,22.624,0.0,0.3,0.0,-0.0247,0.1062,0.0105,0.0190,0.2559,11.18,12.41
3,4,22.643,0.0,0.3,0.0,-0.0277,0.0888,-0.0044,0.0167,0.2543,10.24,11.57
3,4,22.669,0.0,0.3,0.0,-0.0352,0.0846,-0.0028,0.0154,0.2539,9.17,11.17
3,4,22.684,0.0,0.3,0.0,-0.0491,0.0971,0.0204,0.0172,0.2538,5.53,11.22
3,4,22.707,0.0,0.3,0.0,-0.0390,0.0758,0.0252,0.0198,0.2544,7.04,12.45
3,4,22.726,0.0,0.3,0.0,-0.0229,0.0463,0.0224,0.0203,0.2558,9.36,13.18
3,4,22.744,0.0,0.3,0.0,-0.0506,0.1033,0.0148,0.0153,0.2588,18.94,11.49
3,4,22.764,0.0,0.3,0.0,-0.0626,0.1138,0.0322,0.0113,0.2637,9.79,10.26
3,4,22.784,0.0,0.3,0.0,-0.0540,0.0908,0.0451,0.0122,0.2667,8.33,7.64
3,4,22.811,0.0,0.3,0.0,-0.0548,0.1340,0.0241,0.0113,0.2683,4.66,9.98
3,4,22.824,0.0,0.3,0.0,-0.0444,0.1222,0.0013,0.0132,0.2675,21.55,12.12
3,4,22.846,0.0,0.3,0.0,-0.0750,0.1664,-0.0179,0.0162,0.2627,37.51,12.36
3,4,22.865,0.0,0.3,0.0,-0.0688,0.1101,-0.0027,0.0142,0.2585,22.83,11.67
3,4,22.884,0.0,0.3,0.0,-0.0758,0.1113,0.0087,0.0207,0.2551,18.92,14.23
3,4,22.907,0.0,0.3,0.0,-0.0436,0.0901,0.0021,0.0194,0.2539,15.23,14.11
3,4,22.927,0.0,0.3,0.0,-0.0379,0.1011,-0.0180,0.0151,0.2524,13.36,12.44
3,4,22.944,0.0,0.3,0.0,-0.0474,0.1508,-0.0179,0.0131,0.2503,12.18,12.42
3,4,22.965,0.0,0.3,0.0,-0.0205,0.0721,-0.0151,0.0129,0.2497,9.15,11.67
3,4,22.984,0.0,0.3,0.0,-0.0258,0.1035,0.0088,0.0101,0.2489,5.31,12.60
3,4,23.006,0.0,0.3,0.0,-0.0146,0.0747,0.0044,0.0070,0.2499,9.60,13.04
3,4,23.029,0.0,0.3,0.0,-0.0112,0.0940,-0.0050,0.0052,0.2526,12.74,12.53
3,4,23.045,0.0,0.3,0.0,-0.0038,0.0659,-0.0123,0.0053,0.2556,13.33,11.97
3,4,23.064,0.0,0.3,0.0,-0.0016,0.1025,-0.0260,0.0067,0.2605,14.74,12.18
3,4,23.087,0.0,0.3,0.0,0.0011,0.0490,-0.0277,0.0073,0.2618,10.44,12.05
3,4,23.107,0.0,0.3,0.0,0.0062,0.1108,-0.0475,0.0108,0.2682,12.52,7.95
3,4,23.125,0.0,0.3,0.0,0.0001,0.0887,-0.0516,0.0115,0.2696,5.68,8.10
3,4,23.146,0.0,0.3,0.0,-0.0102,0.1116,0.0173,0.0130,0.2692,9.09,10.80
3,4,23.165,0.0,0.3,0.0,-0.0176,0.0982,0.0601,0.0122,0.2648,17.60,12.63
3,4,23.201,0.0,0.3,0.0,-0.0099,0.0538,0.0484,0.0138,0.2604,13.66,13.21
3,4,23.205,0.0,0.3,0.0,-0.0293,0.1524,0.0484,0.0138,0.2604,13.66,13.21
3,4,23.228,0.0,0.3,0.0,-0.0211,0.0900,0.0147,0.0219,0.2561,12.63,12.72
3,4,23.248,0.0,0.3,0.0,-0.0340,0.1080,-0.0015,0.0205,0.2547,10.36,11.70
3,4,23.266,0.0,0.3,0.0,-0.0571,0.1383,-0.0081,0.0169,0.2542,8.70,10.99
3,4,23.287,0.0,0.3,0.0,-0.0394,0.0791,0.0122,0.0156,0.2541,6.59,11.36
3,4,23.309,0.0,0.3,0.0,-0.0339,0.0586,0.0233,0.0178,0.2550,6.71,11.45
3,4,23.338,0.0,0.3,0.0,-0.0288,0.0480,0.0267,0.0187,0.2554,6.31,11.45
3,4,23.353,0.0,0.3,0.0,-0.0609,0.1096,0.0260,0.0173,0.2594,12.69,12.81
3,4,23.364,0.0,0.3,0.0,-0.0609,0.1096,0.0262,0.0159,0.2601,15.45,12.65
3,4,23.389,0.0,0.3,0.0,-0.0591,0.0983,0.0080,0.0076,0.2645,29.94,6.90
3,4,23.412,0.0,0.3,0.0,-0.0533,0.0871,0.0393,0.0018,0.2684,15.82,7.64
3,4,23.426,0.0,0.3,0.0,-0.0526,0.1003,0.0269,0.0022,0.2687,12.00,9.97
3,4,23.446,0.0,0.3,0.0,-0.0575,0.1272,0.0062,0.0053,0.2678,16.30,11.81
3,4,23.465,0.0,0.3,0.0,-0.0584,0.1123,-0.0242,0.0151,0.2601,24.98,14.18
3,4,23.487,0.0,0.3,0.0,-0.0698,0.1102,-0.0211,0.0197,0.2565,18.95,12.66
3,4,23.506,0.0,0.3,0.0,-0.0428,0.0704,-0.0244,0.0222,0.2537,11.30,13.48
3,4,23.528,0.0,0.3,0.0,-0.0393,0.0790,-0.0302,0.0217,0.2513,8.15,13.73
3,4,23.551,0.0,0.3,0.0,-0.0184,0.0515,-0.0085,0.0186,0.2483,7.74,13.27
3,4,23.564,0.0,0.3,0.0,-0.0267,0.1152,-0.0035,0.0180,0.2478,7.84,13.21
3,4,23.587,0.0,0.3,0.0,-0.0061,0.0566,0.0063,0.0149,0.2472,6.95,12.81
3,4,23.609,0.0,0.3,0.0,-0.0005,0.0330,0.0039,0.0128,0.2485,7.29,13.12
3,4,23.624,0.0,0.3,0.0,0.0041,0.0571,-0.0005,0.0122,0.2506,11.11,12.81
3,4,23.645,0.0,0.3,0.0,0.0066,0.0393,-0.0055,0.0122,0.2519,7.85,12.73
3,4,23.663,0.0,0.3,0.0,0.0093,0.0340,-0.0120,0.0136,0.2556,8.18,12.64
3,4,23.698,0.0,0.3,0.0,0.0173,0.0451,-0.0359,0.0207,0.2645,10.00,11.03
3,4,23.712,0.0,0.3,0.0,0.0140,0.0402,-0.0486,0.0228,0.2663,13.42,11.01
3,4,23.725,0.0,0.3,0.0,0.0154,0.0880,-0.0378,0.0235,0.2674,9.89,8.52
3,4,23.745,0.0,0.3,0.0,-0.0054,0.1019,-0.0157,0.0194,0.2685,7.29,11.52
3,4,23.765,0.0,0.3,0.0,-0.0100,0.0573,0.0161,0.0155,0.2636,19.12,12.13
3,4,23.785,0.0,0.3,0.0,-0.0166,0.0733,0.0258,0.0154,0.2624,18.18,12.38
3,4,23.804,0.0,0.3,0.0,-0.0138,0.0534,0.0452,0.0207,0.2586,15.79,13.10
3,4,23.833,0.0,0.3,0.0,-0.0265,0.0862,0.0121,0.0247,0.2553,11.19,12.79
3,4,23.848,0.0,0.3,0.0,-0.0351,0.0824,-0.0062,0.0216,0.2544,10.67,11.58
3,4,23.865,0.0,0.3,0.0,-0.0352,0.0648,0.0036,0.0202,0.2536,7.27,11.39
3,4,23.892,0.0,0.3,0.0,-0.0582,0.0849,0.0160,0.0220,0.2535,7.14,11.85
3,4,23.904,0.0,0.3,0.0,-0.0413,0.0560,0.0185,0.0227,0.2537,6.57,11.79
3,4,23.924,0.0,0.3,0.0,-0.0601,0.0810,0.0229,0.0255,0.2545,10.01,13.34
3,4,23.944,0.0,0.3,0.0,-0.0551,0.0779,0.0066,0.0221,0.2576,16.76,12.52
3,4,23.963,0.0,0.3,0.0,-0.0708,0.0919,0.0204,0.0143,0.2610,16.45,9.62
3,4,23.985,0.0,0.3,0.0,-0.0660,0.0770,0.0316,0.0142,0.2664,12.18,8.50
3,4,24.008,0.0,0.3,0.0,-0.0697,0.1091,0.0440,0.0139,0.2681,8.07,9.77
3,4,24.025,0.0,0.3,0.0,-0.0474,0.1046,0.0371,0.0113,0.2671,36.16,12.66
3,4,24.045,0.0,0.3,0.0,-0.0826,0.1825,0.0100,0.0145,0.2630,23.41,12.91
3,4,24.065,0.0,0.3,0.0,-0.0693,0.1205,-0.0065,0.0126,0.2599,24.06,11.61
3,4,24.084,0.0,0.3,0.0,-0.0836,0.1215,0.0061,0.0131,0.2556,20.84,12.55
3,4,24.108,0.0,0.3,0.0,-0.0607,0.0973,0.0153,0.0164,0.2530,16.95,13.89
3,4,24.134,0.0,0.3,0.0,-0.0425,0.0900,-0.0076,0.0139,0.2516,13.24,13.55
3,4,24.147,0.0,0.3,0.0,-0.0563,0.1522,-0.0229,0.0088,0.2503,10.33,11.93
3,4,24.165,0.0,0.3,0.0,-0.0441,0.1374,-0.0124,0.0069,0.2491,8.17,11.45
3,4,24.184,0.0,0.3,0.0,-0.0354,0.1145,0.0108,0.0051,0.2493,7.11,11.61
3,4,24.208,0.0,0.3,0.0,-0.0132,0.0481,0.0071,0.0042,0.2505,6.14,13.39
3,4,24.225,0.0,0.3,0.0,-0.0183,0.0832,-0.0036,0.0031,0.2524,8.73,13.00
3,4,24.243,0.0,0.3,0.0,-0.0166,0.0975,-0.0087,0.0046,0.2547,23.09,12.26
3,4,24.265,0.0,0.3,0.0,-0.0104,0.0867,-0.0200,0.0044,0.2595,20.11,11.25
3,4,24.285,0.0,0.3,0.0,-0.0080,0.0840,-0.0385,0.0044,0.2642,16.44,11.17
3,4,24.307,0.0,0.3,0.0,-0.0073,0.1052,-0.0420,0.0062,0.2677,18.24,9.05
3,4,24.327,0.0,0.3,0.0,-0.0055,0.0678,-0.0555,0.0076,0.2707,14.15,2.90
3,4,24.345,0.0,0.3,0.0,-0.0193,0.1441,0.0001,0.0104,0.2699,14.63,11.17
3,4,24.365,0.0,0.3,0.0,-0.0208,0.1056,0.0733,0.0117,0.2657,33.06,13.90
3,4,24.385,0.0,0.3,0.0,-0.0153,0.0791,0.0796,0.0107,0.2616,28.02,13.51
3,4,24.415,0.0,0.3,0.0,-0.0166,0.1000,0.0284,0.0191,0.2559,13.41,13.40
3,4,24.427,0.0,0.3,0.0,-0.0259,0.1227,0.0156,0.0197,0.2546,13.73,13.12
3,4,24.443,0.0,0.3,0.0,-0.0361,0.1323,-0.0046,0.0182,0.2537,12.03,11.94
3,4,24.465,0.0,0.3,0.0,-0.0428,0.1246,-0.0010,0.0149,0.2530,8.99,11.58
3,4,24.484,0.0,0.3,0.0,-0.0391,0.0978,0.0187,0.0157,0.2529,7.68,11.46
3,4,24.509,0.0,0.3,0.0,-0.0344,0.0857,0.0250,0.0172,0.2539,8.44,11.92
3,4,24.527,0.0,0.3,0.0,-0.0310,0.0794,0.0281,0.0178,0.2554,8.89,12.26
3,4,24.548,0.0,0.3,0.0,-0.0461,0.1197,0.0220,0.0172,0.2567,9.61,11.97
3,4,24.566,0.0,0.3,0.0,-0.0168,0.0425,0.0241,0.0149,0.2605,15.96,9.58
3,4,24.584,0.0,0.3,0.0,-0.0672,0.1654,0.0366,0.0126,0.2656,16.16,7.51
3,4,24.607,0.0,0.3,0.0,-0.0373,0.1038,0.0083,0.0117,0.2680,5.07,8.20
3,4,24.627,0.0,0.3,0.0,-0.0600,0.1817,-0.0134,0.0158,0.2668,29.33,12.01
3,4,24.643,0.0,0.3,0.0,-0.0584,0.1423,-0.0518,0.0186,0.2636,25.35,11.93
3,4,24.665,0.0,0.3,0.0,-0.0769,0.1372,-0.0257,0.0159,0.2580,23.39,11.87
3,4,24.684,0.0,0.3,0.0,-0.0594,0.0952,0.0023,0.0165,0.2551,16.80,13.12
3,4,24.707,0.0,0.3,0.0,-0.0818,0.1557,-0.0091,0.0142,0.2534,11.61,13.84
3,4,24.725,0.0,0.3,0.0,-0.0410,0.1022,-0.0236,0.0128,0.2524,12.22,12.54
3,4,24.749,0.0,0.3,0.0,-0.0433,0.1263,-0.0114,0.0114,0.2491,9.45,11.82
3,4,24.765,0.0,0.3,0.0,-0.0146,0.0445,0.0071,0.0105,0.2477,6.81,11.94
3,4,24.784,0.0,0.3,0.0,-0.0316,0.1075,0.0176,0.0086,0.2473,5.43,12.78
3,4,24.808,0.0,0.3,0.0,-0.0119,0.0543,0.0064,0.0068,0.2486,10.16,12.79
3,4,24.828,0.0,0.3,0.0,-0.0128,0.0813,-0.0055,0.0064,0.2514,14.82,12.91
3,4,24.843,0.0,0.3,0.0,-0.0086,0.0890,-0.0084,0.0066,0.2537,16.88,12.06
3,4,24.864,0.0,0.3,0.0,-0.0020,0.0287,-0.0166,0.0067,0.2565,13.22,11.95
3,4,24.886,0.0,0.3,0.0,-0.0034,0.1010,-0.0373,0.0089,0.2637,16.28,11.00
3,4,24.907,0.0,0.3,0.0,0.0014,0.1086,-0.0528,0.0120,0.2681,11.85,7.84
3,4,24.931,0.0,0.3,0.0,-0.0049,0.0779,-0.0265,0.0126,0.2694,3.40,9.81
3,4,24.945,0.0,0.3,0.0,-0.0322,0.1822,-0.0032,0.0132,0.2690,7.33,9.78
3,4,24.964,0.0,0.3,0.0,-0.0236,0.1011,0.0578,0.0118,0.2636,22.64,13.21
3,4,24.982,0.0,0.3,0.0,-0.0137,0.0664,0.0566,0.0113,0.2622,30.77,12.91
3,4,25.009,0.0,0.3,0.0,-0.0155,0.0723,0.0345,0.0180,0.2585,15.92,13.58
3,4,25.027,0.0,0.3,0.0,-0.0272,0.0924,0.0026,0.0176,0.2558,11.84,12.23
3,4,25.049,0.0,0.3,0.0,-0.0418,0.1075,-0.0048,0.0141,0.2544,9.09,11.11
3,4,25.064,0.0,0.3,0.0,-0.0576,0.1193,-0.0002,0.0135,0.2540,7.33,11.12
3,4,25.082,0.0,0.3,0.0,-0.0524,0.0933,0.0189,0.0141,0.2538,7.39,11.19
3,4,25.108,0.0,0.3,0.0,-0.0309,0.0536,0.0272,0.0159,0.2553,6.84,12.10
3,4,25.128,0.0,0.3,0.0,-0.0516,0.0921,0.0236,0.0159,0.2566,11.34,12.58
3,4,25.154,0.0,0.3,0.0,-0.0613,0.1087,0.0231,0.0106,0.2613,13.60,11.44
3,4,25.168,0.0,0.3,0.0,-0.0597,0.1002,0.0231,0.0106,0.2613,13.60,11.44
3,4,25.185,0.0,0.3,0.0,-0.0712,0.1147,0.0346,0.0054,0.2657,15.79,7.81
3,4,25.214,0.0,0.3,0.0,-0.0406,0.0866,0.0203,0.0067,0.2680,7.87,9.86
3,4,25.227,0.0,0.3,0.0,-0.1081,0.2945,0.0136,0.0114,0.2676,11.10,9.59
3,4,25.244,0.0,0.3,0.0,-0.0301,0.0775,-0.0104,0.0159,0.2667,32.26,11.66
3,4,25.266,0.0,0.3,0.0,-0.0667,0.1236,-0.0205,0.0158,0.2605,29.50,12.79
3,4,25.286,0.0,0.3,0.0,-0.0587,0.0772,-0.0078,0.0163,0.2562,25.09,13.30
3,4,25.312,0.0,0.3,0.0,-0.0536,0.0924,0.0012,0.0190,0.2541,12.55,15.10
3,4,25.325,0.0,0.3,0.0,-0.0218,0.0580,-0.0163,0.0171,0.2536,15.29,14.67
3,4,25.344,0.0,0.3,0.0,-0.0309,0.1034,-0.0310,0.0156,0.2521,29.60,12.61
3,4,25.365,0.0,0.3,0.0,-0.0212,0.0942,0.0076,0.0159,0.2491,5.30,12.43
3,4,25.389,0.0,0.3,0.0,-0.0102,0.0716,0.0087,0.0140,0.2488,5.53,13.07
3,4,25.408,0.0,0.3,0.0,-0.0035,0.0601,0.0076,0.0117,0.2493,5.80,13.06
3,4,25.426,0.0,0.3,0.0,0.0017,0.0588,0.0041,0.0102,0.2509,10.44,12.99
3,4,25.446,0.0,0.3,0.0,0.0093,0.0711,-0.0097,0.0105,0.2551,15.14,12.69
3,4,25.466,0.0,0.3,0.0,0.0158,0.0716,-0.0234,0.0126,0.2591,11.40,12.26
3,4,25.483,0.0,0.3,0.0,0.0137,0.0517,-0.0334,0.0157,0.2630,16.06,11.36
3,4,25.508,0.0,0.3,0.0,0.0183,0.0693,-0.0403,0.0193,0.2675,11.98,7.77
3,4,25.528,0.0,0.3,0.0,0.0075,0.1086,-0.0145,0.0177,0.2695,3.77,10.84
3,4,25.546,0.0,0.3,0.0,-0.0077,0.0915,0.0182,0.0159,0.2686,14.18,11.06
3,4,25.564,0.0,0.3,0.0,-0.0184,0.1113,0.0484,0.0143,0.2654,24.44,13.29
3,4,25.585,0.0,0.3,0.0,-0.0100,0.0599,0.0382,0.0192,0.2596,14.09,13.13
3,4,25.614,0.0,0.3,0.0,-0.0181,0.0888,0.0096,0.0237,0.2558,10.62,12.50
3,4,25.625,0.0,0.3,0.0,-0.0217,0.0819,0.0096,0.0237,0.2558,10.62,12.50
3,4,25.644,0.0,0.3,0.0,-0.0165,0.0540,-0.0063,0.0217,0.2544,10.86,11.83
3,4,25.664,0.0,0.3,0.0,-0.0453,0.1122,0.0005,0.0188,0.2536,7.63,11.20
3,4,25.684,0.0,0.3,0.0,-0.0381,0.0741,0.0146,0.0196,0.2536,6.89,11.39
3,4,25.707,0.0,0.3,0.0,-0.0482,0.0885,0.0232,0.0223,0.2546,7.29,12.32
3,4,25.728,0.0,0.3,0.0,-0.0487,0.0916,0.0187,0.0221,0.2559,10.56,12.88
3,4,25.744,0.0,0.3,0.0,-0.0234,0.0438,0.0163,0.0202,0.2573,11.67,12.49
3,4,25.765,0.0,0.3,0.0,-0.0550,0.0963,0.0205,0.0150,0.2614,21.26,9.48
3,4,25.785,0.0,0.3,0.0,-0.0584,0.0920,0.0446,0.0145,0.2657,12.10,7.45
3,4,25.804,0.0,0.3,0.0,-0.0676,0.1327,0.0351,0.0135,0.2682,8.99,9.91
3,4,25.829,0.0,0.3,0.0,-0.0480,0.1217,-0.0009,0.0141,0.2648,25.79,12.14
3,4,25.845,0.0,0.3,0.0,-0.0861,0.1813,-0.0268,0.0153,0.2633,17.57,12.97
3,4,25.867,0.0,0.3,0.0,-0.0501,0.0856,-0.0305,0.0154,0.2626,22.51,12.77
3,4,25.886,0.0,0.3,0.0,-0.0666,0.1018,-0.0001,0.0189,0.2542,18.07,13.50
3,4,25.912,0.0,0.3,0.0,-0.0696,0.1141,0.0019,0.0205,0.2533,13.71,13.35
3,4,25.931,0.0,0.3,0.0,-0.0441,0.0975,-0.0148,0.0190,0.2511,11.98,13.42
3,4,25.947,0.0,0.3,0.0,-0.0416,0.1335,-0.0160,0.0162,0.2503,8.67,12.55
3,4,25.965,0.0,0.3,0.0,-0.0174,0.0697,-0.0046,0.0137,0.2491,8.68,11.98
3,4,25.985,0.0,0.3,0.0,-0.0162,0.0742,0.0085,0.0120,0.2485,7.28,12.02
3,4,26.009,0.0,0.3,0.0,-0.0142,0.0860,0.0090,0.0100,0.2499,7.58,12.76
3,4,26.027,0.0,0.3,0.0,-0.0064,0.0660,0.0014,0.0088,0.2517,8.47,13.31
3,4,26.047,0.0,0.3,0.0,-0.0010,0.0692,-0.0057,0.0085,0.2535,9.57,13.10
3,4,26.064,0.0,0.3,0.0,0.0030,0.0472,-0.0237,0.0099,0.2590,14.76,11.87
3,4,26.084,0.0,0.3,0.0,0.0106,0.0933,-0.0375,0.0139,0.2651,12.38,11.12
3,4,26.106,0.0,0.3,0.0,0.0094,0.0677,-0.0485,0.0159,0.2674,12.96,8.26
3,4,26.128,0.0,0.3,0.0,-0.0030,0.1181,-0.0243,0.0148,0.2700,2.96,10.21
3,4,26.143,0.0,0.3,0.0,-0.0162,0.0887,0.0100,0.0134,0.2691,14.96,10.68
3,4,26.167,0.0,0.3,0.0,-0.0169,0.0776,0.0491,0.0122,0.2658,30.66,13.83
3,4,26.184,0.0,0.3,0.0,-0.0178,0.0863,0.0466,0.0135,0.2617,20.70,12.91
3,4,26.208,0.0,0.3,0.0,-0.0107,0.0612,0.0368,0.0209,0.2590,20.82,12.92
3,4,26.230,0.0,0.3,0.0,-0.0203,0.0854,-0.0014,0.0262,0.2557,12.03,13.31
3,4,26.248,0.0,0.3,0.0,-0.0357,0.1020,-0.0133,0.0229,0.2550,12.90,12.62
3,4,26.265,0.0,0.3,0.0,-0.0515,0.1146,-0.0149,0.0147,0.2541,11.90,11.44
3,4,26.283,0.0,0.3,0.0,-0.0458,0.0831,-0.0057,0.0135,0.2541,8.80,11.47
3,4,26.305,0.0,0.3,0.0,-0.0397,0.0636,0.0354,0.0163,0.2554,8.78,11.31
3,4,26.330,0.0,0.3,0.0,-0.0438,0.0709,0.0414,0.0237,0.2574,8.19,13.08
3,4,26.347,0.0,0.3,0.0,-0.0637,0.1205,0.0219,0.0224,0.2594,18.75,14.75
3,4,26.365,0.0,0.3,0.0,-0.0469,0.0838,0.0021,0.0106,0.2629,26.80,9.61
3,4,26.385,0.0,0.3,0.0,-0.0795,0.1257,0.0073,0.0062,0.2653,25.97,10.23
3,4,26.413,0.0,0.3,0.0,-0.0303,0.0513,0.0245,0.0069,0.2689,8.96,7.28
3,4,26.430,0.0,0.3,0.0,-0.0322,0.0683,0.0245,0.0069,0.2689,8.96,7.28
3,4,26.452,0.0,0.3,0.0,-0.0545,0.1352,-0.0110,0.0163,0.2662,48.39,13.38
3,4,26.464,0.0,0.3,0.0,-0.0625,0.1283,-0.0469,0.0204,0.2619,23.86,13.23
3,4,26.488,0.0,0.3,0.0,-0.0534,0.0891,-0.0528,0.0212,0.2575,13.34,12.29
3,4,26.508,0.0,0.3,0.0,-0.0385,0.0594,-0.0399,0.0199,0.2547,9.40,12.52
3,4,26.525,0.0,0.3,0.0,-0.0433,0.0717,-0.0204,0.0189,0.2524,11.16,13.52
3,4,26.550,0.0,0.3,0.0,-0.0313,0.0672,-0.0061,0.0165,0.2500,9.80,13.36
3,4,26.571,0.0,0.3,0.0,-0.0259,0.0766,0.0055,0.0146,0.2492,6.14,13.20
3,4,26.591,0.0,0.3,0.0,-0.0059,0.0239,0.0058,0.0137,0.2491,6.63,12.98
3,4,26.615,0.0,0.3,0.0,-0.0097,0.0512,0.0043,0.0131,0.2504,6.00,12.59
3,4,26.630,0.0,0.3,0.0,-0.0038,0.0549,0.0046,0.0130,0.2509,7.80,12.54
3,4,26.649,0.0,0.3,0.0,0.0038,0.0554,-0.0032,0.0129,0.2545,30.34,13.63
3,4,26.670,0.0,0.3,0.0,0.0142,0.0613,-0.0202,0.0144,0.2596,17.20,12.68
3,4,26.688,0.0,0.3,0.0,0.0135,0.0431,-0.0341,0.0171,0.2630,19.03,11.79
3,4,26.703,0.0,0.3,0.0,0.0081,0.0220,-0.0327,0.0183,0.2642,24.74,11.73
3,4,26.730,0.0,0.3,0.0,0.0143,0.0953,-0.0242,0.0184,0.2691,3.56,10.41
3,4,26.744,0.0,0.3,0.0,-0.0091,0.1126,0.0014,0.0164,0.2687,8.06,10.67
3,4,26.767,0.0,0.3,0.0,-0.0062,0.0445,0.0259,0.0152,0.2669,16.04,10.80
3,4,26.784,0.0,0.3,0.0,-0.0152,0.0892,0.0424,0.0185,0.2606,18.24,13.11
3,4,26.808,0.0,0.3,0.0,-0.0129,0.0728,0.0293,0.0250,0.2578,13.50,13.53
3,4,26.832,0.0,0.3,0.0,-0.0214,0.0803,-0.0051,0.0233,0.2553,12.25,13.22
3,4,26.842,0.0,0.3,0.0,-0.0357,0.0994,-0.0170,0.0193,0.2545,13.62,12.80
3,4,26.870,0.0,0.3,0.0,-0.0433,0.0833,0.0101,0.0152,0.2534,7.45,11.87
3,4,26.890,0.0,0.3,0.0,-0.0406,0.0604,0.0328,0.0193,0.2539,7.83,11.45
3,4,26.908,0.0,0.3,0.0,-0.0395,0.0572,0.0365,0.0225,0.2543,7.85,11.56
3,4,26.924,0.0,0.3,0.0,-0.0475,0.0750,0.0182,0.0249,0.2553,9.36,12.94
3,4,26.944,0.0,0.3,0.0,-0.0470,0.0756,0.0044,0.0209,0.2574,31.42,12.41
3,4,26.971,0.0,0.3,0.0,-0.0604,0.0884,0.0237,0.0138,0.2623,16.82,10.20
3,4,26.986,0.0,0.3,0.0,-0.0827,0.1066,0.0304,0.0128,0.2648,10.12,10.15
3,4,27.008,0.0,0.3,0.0,-0.0502,0.0795,0.0390,0.0130,0.2654,10.25,8.57
3,4,27.024,0.0,0.3,0.0,-0.0446,0.1066,0.0260,0.0112,0.2679,13.55,9.51
3,4,27.044,0.0,0.3,0.0,-0.0631,0.1576,0.0295,0.0158,0.2637,42.04,13.28
3,4,27.068,0.0,0.3,0.0,-0.0397,0.0755,-0.0135,0.0186,0.2579,30.04,13.22
3,5,27.097,0.0,0.0,0.0,-0.0710,0.1058,-0.0317,0.0252,0.2539,13.92,12.74
3,5,27.109,0.0,0.0,0.0,-0.0686,0.1101,-0.0302,0.0263,0.2531,12.61,12.74
3,5,27.124,0.0,0.0,0.0,-0.0254,0.0424,-0.0270,0.0284,0.2520,32.25,13.76
3,5,27.155,0.0,0.0,0.0,-0.0310,0.1158,-0.0504,0.0242,0.2615,79.13,10.66
3,5,27.163,0.0,0.0,0.0,-0.0103,0.0698,-0.0546,0.0207,0.2621,31.77,10.68
3,5,27.192,0.0,0.0,0.0,-0.0208,0.1365,-0.0124,0.0158,0.2631,51.63,10.21
3,5,27.211,0.0,0.0,0.0,-0.0208,0.0767,-0.0138,0.0160,0.2659,20.74,9.81
3,5,27.227,0.0,0.0,0.0,-0.0306,0.0711,0.0190,0.0076,0.2657,14.38,11.15
3,5,27.254,0.0,0.0,0.0,-0.0233,0.0168,0.0266,0.0097,0.2650,9.85,7.02
3,5,27.267,0.0,0.0,0.0,-0.0249,0.0316,0.0177,0.0107,0.2649,6.87,6.52
3,5,27.288,0.0,0.0,0.0,-0.0184,0.0397,-0.0038,0.0151,0.2650,20.41,10.88
3,5,27.309,0.0,0.0,0.0,-0.0254,0.0495,-0.0038,0.0151,0.2650,21.30,10.29
3,5,27.325,0.0,0.0,0.0,-0.0538,0.0242,0.0182,0.0217,0.2653,5.31,8.70
3,5,27.348,0.0,0.0,0.0,-0.0324,-0.0358,0.0554,0.0118,0.2657,32.08,10.73
3,5,27.368,0.0,0.0,0.0,-0.0288,-0.0461,0.0116,0.0223,0.2662,8.03,10.25
3,5,27.384,0.0,0.0,0.0,-0.0525,0.0284,-0.0231,0.0109,0.2667,28.17,9.24
3,5,27.407,0.0,0.0,0.0,-0.0329,0.0390,-0.0278,0.0245,0.2671,24.58,9.03
3,5,27.429,0.0,0.0,0.0,-0.0339,0.0122,0.0117,0.0218,0.2672,12.79,16.45
3,5,27.444,0.0,0.0,0.0,-0.0523,-0.1256,0.0448,0.0063,0.2669,38.79,14.64
3,5,27.465,0.0,0.0,0.0,-0.0242,-0.0821,-0.0126,0.0312,0.2679,14.56,13.87
3,5,27.484,0.0,0.0,0.0,-0.0469,0.0112,-0.0447,0.0177,0.2680,26.48,11.68
3,5,27.511,0.0,0.0,0.0,-0.0357,0.0475,-0.0483,0.0219,0.2683,18.43,10.19
3,5,27.528,0.0,0.0,0.0,-0.0184,-0.0034,0.0026,0.0179,0.2686,11.23,8.68
3,5,27.545,0.0,0.0,0.0,-0.0138,-0.0244,0.0203,0.0012,0.2685,20.61,12.57
3,5,27.570,0.0,0.0,0.0,-0.0152,-0.0465,0.0039,0.0149,0.2683,8.89,7.60
3,5,27.590,0.0,0.0,0.0,-0.0142,0.0218,-0.0451,0.0017,0.2683,27.49,14.03
3,5,27.606,0.0,0.0,0.0,-0.0131,0.0538,-0.0773,0.0192,0.2683,36.18,13.05
3,5,27.626,0.0,0.0,0.0,-0.0218,0.1196,-0.0692,0.0394,0.2685,15.93,15.60
3,5,27.649,0.0,0.0,0.0,-0.0060,-0.0084,0.0089,0.0125,0.2688,35.99,17.45
3,5,27.670,0.0,0.0,0.0,-0.0008,-0.0225,0.0239,0.0013,0.2682,47.71,16.18
3,5,27.686,0.0,0.0,0.0,-0.0009,-0.0638,-0.0005,0.0189,0.2691,76.83,19.90
3,5,27.708,0.0,0.0,0.0,-0.0065,0.0479,-0.0912,0.0027,0.2690,97.23,19.69
3,5,27.726,0.0,0.0,0.0,-0.0035,0.0530,-0.1610,0.0269,0.2681,98.05,17.25
3,5,27.753,0.0,0.0,0.0,0.0002,0.0818,-0.1198,0.0507,0.2720,145.78,18.19
3,5,27.774,0.0,0.0,0.0,0.0149,-0.0412,0.0057,0.0146,0.2677,143.20,16.92
3,5,27.790,0.0,0.0,0.0,0.0341,-0.0848,0.0083,0.0191,0.2684,51.57,15.74
3,5,27.810,0.0,0.0,0.0,0.0318,-0.0576,-0.0046,0.0335,0.2707,123.75,14.17
3,5,27.824,0.0,0.0,0.0,0.0011,0.0249,-0.0306,0.0153,0.2794,169.85,11.48
3,5,27.850,0.0,0.0,0.0,-0.0140,0.0848,-0.0941,0.0200,0.2784,100.54,20.75
3,5,27.868,0.0,0.0,0.0,-0.0279,0.0129,-0.1332,0.0304,0.2744,134.59,13.22
3,5,27.885,0.0,0.0,0.0,-0.0279,0.0129,-0.0084,0.0100,0.2775,94.07,19.85
3,5,27.910,0.0,0.0,0.0,-0.0022,-0.0729,0.0632,0.0220,0.2745,79.55,21.52
3,5,27.926,0.0,0.0,0.0,-0.0047,-0.0086,0.0629,0.0128,0.2776,122.72,12.67
3,5,27.947,0.0,0.0,0.0,-0.0369,0.0502,-0.0093,0.0136,0.2764,45.83,20.60
3,5,27.966,0.0,0.0,0.0,-0.0389,0.0559,-0.0632,0.0363,0.2744,34.41,8.91
3,5,27.986,0.0,0.0,0.0,-0.0332,-0.0219,0.0020,0.0145,0.2740,37.49,16.15
3,5,28.012,0.0,0.0,0.0,-0.0242,-0.0973,-0.0176,0.0375,0.2723,81.68,12.71
3,5,28.025,0.0,0.0,0.0,-0.0198,-0.0530,-0.0113,0.0429,0.2726,35.08,12.72
3,5,28.043,0.0,0.0,0.0,-0.0420,0.0064,-0.0551,0.0259,0.2744,96.93,20.94
3,5,28.067,0.0,0.0,0.0,-0.0791,0.0965,-0.2290,0.0245,0.2733,68.53,9.42
3,5,28.086,0.0,0.0,0.0,-0.0221,0.0114,-0.1863,0.0278,0.2751,22.88,4.51
3,5,28.110,0.0,0.0,0.0,-0.0400,-0.0135,-0.0555,0.0169,0.2758,21.13,12.17
3,5,28.126,0.0,0.0,0.0,-0.0232,-0.0406,-0.0449,0.0207,0.2757,18.01,12.17
3,5,28.150,0.0,0.0,0.0,-0.0116,-0.0016,-0.0257,0.0158,0.2750,29.38,21.96
3,5,28.166,0.0,0.0,0.0,-0.0631,0.1138,-0.0508,0.0091,0.2735,32.52,19.32
3,5,28.185,0.0,0.0,0.0,-0.0465,0.0775,-0.0530,0.0278,0.2729,30.38,15.36
3,5,28.208,0.0,0.0,0.0,-0.0701,0.0216,0.0153,0.0150,0.2733,23.88,16.03
3,5,28.226,0.0,0.0,0.0,-0.0354,-0.0425,0.0025,0.0108,0.2720,31.71,14.35
3,5,28.245,0.0,0.0,0.0,-0.0358,-0.0333,-0.0537,0.0126,0.2738,82.85,18.49
3,5,28.264,0.0,0.0,0.0,-0.0615,0.0732,-0.0866,0.0104,0.2732,65.23,9.73
3,5,28.286,0.0,0.0,0.0,-0.0769,0.0163,-0.0156,0.0080,0.2729,37.40,18.76
3,5,28.309,0.0,0.0,0.0,-0.0366,-0.0955,-0.0266,0.0263,0.2715,42.14,9.16
3,5,28.330,0.0,0.0,0.0,-0.0317,-0.0466,-0.0472,0.0350,0.2720,19.22,9.44
3,5,28.349,0.0,0.0,0.0,-0.0519,0.0334,-0.0834,0.0079,0.2717,44.68,16.58
3,5,28.370,0.0,0.0,0.0,-0.0614,0.0915,-0.1484,0.0232,0.2704,60.21,10.87
3,5,28.394,0.0,0.0,0.0,-0.0419,0.0297,-0.0496,0.0192,0.2727,40.49,19.56
3,5,28.408,0.0,0.0,0.0,-0.0159,-0.0427,-0.0283,0.0035,0.2715,54.35,16.82
3,5,28.436,0.0,0.0,0.0,-0.0191,-0.0261,-0.0423,0.0187,0.2729,47.59,19.10
3,5,28.454,0.0,0.0,0.0,-0.0351,0.0696,-0.0757,0.0050,0.2727,49.85,16.72
3,5,28.463,0.0,0.0,0.0,-0.0552,0.1129,-0.1438,0.0314,0.2717,65.37,21.05
3,5,28.496,0.0,0.0,0.0,-0.0412,0.0736,-0.0741,0.0445,0.2716,53.05,21.89
3,5,28.508,0.0,0.0,0.0,-0.0078,-0.0905,-0.0528,0.0320,0.2714,102.11,20.40
3,5,28.524,0.0,0.0,0.0,0.0209,-0.0991,-0.0289,0.0275,0.2709,89.58,6.98
3,5,28.545,0.0,0.0,0.0,0.0111,-0.0394,-0.0808,0.0312,0.2718,112.07,27.21
3,5,28.565,0.0,0.0,0.0,-0.0353,0.0925,-0.1437,0.0080,0.2722,145.21,15.51
3,5,28.588,0.0,0.0,0.0,-0.0564,0.0757,-0.0927,0.0308,0.2719,23.50,19.11
3,5,28.609,0.0,0.0,0.0,-0.0298,-0.0301,0.0252,0.0105,0.2727,39.80,11.77
3,5,28.631,0.0,0.0,0.0,-0.0055,0.0202,0.0389,0.0074,0.2725,43.52,14.94
3,5,28.648,0.0,0.0,0.0,-0.0281,0.0845,-0.0090,0.0322,0.2727,26.99,11.53
3,5,28.665,0.0,0.0,0.0,-0.0223,0.0520,-0.0018,0.0456,0.2718,19.47,12.62
3,5,28.685,0.0,0.0,0.0,-0.0313,0.0118,0.0064,0.0403,0.2711,12.14,12.39
3,5,28.710,0.0,0.0,0.0,-0.0352,-0.0554,0.0188,0.0024,0.2698,26.32,7.40
3,5,28.729,0.0,0.0,0.0,-0.0356,-0.0393,-0.0011,0.0081,0.2704,7.39,7.85
3,5,28.744,0.0,0.0,0.0,-0.0630,0.0127,-0.0276,0.0021,0.2703,22.49,13.78
3,5,28.764,0.0,0.0,0.0,-0.0407,0.0712,-0.0560,0.0349,0.2703,20.43,8.76
3,5,28.789,0.0,0.0,0.0,-0.0412,0.0006,-0.0018,0.0209,0.2702,22.60,13.21
3,5,28.806,0.0,0.0,0.0,-0.0253,-0.0555,0.0060,0.0025,0.2699,26.86,12.57
3,5,28.827,0.0,0.0,0.0,-0.0258,-0.0448,-0.0238,0.0145,0.2704,19.26,15.93
3,5,28.850,0.0,0.0,0.0,-0.0507,0.0934,-0.0547,0.0038,0.2701,34.57,13.23
3,5,28.868,0.0,0.0,0.0,-0.0232,0.0702,-0.0639,0.0418,0.2704,18.24,9.74
3,5,28.889,0.0,0.0,0.0,-0.0235,0.0178,-0.0189,0.0370,0.2703,18.76,12.86
3,5,28.910,0.0,0.0,0.0,-0.0127,-0.0647,0.0149,0.0200,0.2683,77.40,11.27
3,5,28.929,0.0,0.0,0.0,-0.0182,-0.1014,-0.0254,0.0339,0.2699,52.17,18.10
3,5,28.947,0.0,0.0,0.0,-0.0184,-0.0142,-0.0887,0.0075,0.2714,98.40,22.09
3,5,28.968,0.0,0.0,0.0,-0.0337,0.0967,-0.2002,0.0405,0.2702,64.82,8.55
3,5,28.988,0.0,0.0,0.0,-0.0175,0.0892,-0.1847,0.0512,0.2712,21.10,8.96
3,5,29.009,0.0,0.0,0.0,0.0098,-0.0109,-0.0805,0.0249,0.2721,62.62,18.43
3,5,29.025,0.0,0.0,0.0,0.0321,-0.0721,-0.0660,0.0136,0.2703,78.17,17.24
3,5,29.048,0.0,0.0,0.0,0.0303,0.0056,-0.1219,0.0210,0.2733,287.88,23.71
3,5,29.069,0.0,0.0,0.0,-0.0073,0.0645,-0.1886,0.0361,0.2740,86.64,23.16
3,5,29.088,0.0,0.0,0.0,-0.0562,0.1469,-0.3252,0.0806,0.2724,123.98,14.64
3,5,29.109,0.0,0.0,0.0,-0.0307,0.0380,-0.1900,0.0890,0.2718,293.12,33.08
3,5,29.128,0.0,0.0,0.0,0.0016,-0.0645,-0.0248,0.0483,0.2708,409.61,26.93
3,5,29.144,0.0,0.0,0.0,0.0606,-0.0493,0.0585,0.0218,0.2723,117.07,16.58
3,5,29.165,0.0,0.0,0.0,0.0555,0.0236,0.0014,0.0368,0.2780,94.33,9.33
3,5,29.186,0.0,0.0,0.0,0.0300,0.0729,-0.0120,0.0546,0.2774,50.68,7.26
3,5,29.205,0.0,0.0,0.0,0.0056,0.0244,0.0574,0.0586,0.2776,21.50,9.20
3,5,29.224,0.0,0.0,0.0,0.0134,0.0245,0.0861,0.0565,0.2773,20.17,10.81
3,5,29.244,0.0,0.0,0.0,0.0153,-0.0163,0.0456,0.0446,0.2763,23.29,12.14
3,5,29.266,0.0,0.0,0.0,0.0073,-0.0231,0.0018,0.0310,0.2752,35.27,10.04
3,5,29.286,0.0,0.0,0.0,-0.0140,0.0096,-0.0094,0.0344,0.2771,25.11,8.63
3,5,29.309,0.0,0.0,0.0,-0.0293,0.0196,0.0005,0.0422,0.2754,12.65,7.24
3,5,29.325,0.0,0.0,0.0,-0.0305,0.0030,0.0024,0.0428,0.2744,8.10,8.71
3,5,29.347,0.0,0.0,0.0,-0.0404,-0.0197,-0.0073,0.0368,0.2736,5.13,10.01
3,5,29.365,0.0,0.0,0.0,-0.0490,-0.0278,-0.0044,0.0333,0.2732,5.45,7.67
3,5,29.389,0.0,0.0,0.0,-0.0671,-0.0247,-0.0030,0.0348,0.2727,2.60,6.02
3,5,29.407,0.0,0.0,0.0,-0.0904,-0.0127,-0.0042,0.0385,0.2724,3.31,6.40
3,5,29.430,0.0,0.0,0.0,-0.0687,-0.0129,-0.0013,0.0394,0.2719,3.65,8.94
3,5,29.444,0.0,0.0,0.0,-0.0651,-0.0255,0.0028,0.0359,0.2715,4.22,9.30
3,5,29.469,0.0,0.0,0.0,-0.1025,-0.0523,0.0014,0.0289,0.2709,4.80,8.35
3,5,29.484,0.0,0.0,0.0,-0.0681,-0.0328,-0.0076,0.0264,0.2702,4.61,8.80
3,5,29.507,0.0,0.0,0.0,-0.0707,-0.0278,-0.0112,0.0274,0.2700,4.16,9.27
3,5,29.524,0.0,0.0,0.0,-0.1068,-0.0222,-0.0102,0.0301,0.2696,4.38,7.97
3,5,29.546,0.0,0.0,0.0,-0.0874,-0.0232,-0.0029,0.0292,0.2690,3.99,8.51
3,5,29.566,0.0,0.0,0.0,-0.0578,-0.0249,0.0008,0.0256,0.2685,4.62,8.24
3,5,29.584,0.0,0.0,0.0,-0.0805,-0.0389,-0.0026,0.0224,0.2679,3.88,8.30
3,5,29.609,0.0,0.0,0.0,-0.0521,-0.0238,-0.0070,0.0220,0.2674,3.67,9.97
3,5,29.625,0.0,0.0,0.0,-0.0403,-0.0105,-0.0071,0.0228,0.2672,3.24,9.94
3,5,29.643,0.0,0.0,0.0,-0.0375,-0.0062,-0.0042,0.0238,0.2669,2.72,8.82
3,5,29.663,0.0,0.0,0.0,-0.0335,-0.0084,-0.0022,0.0233,0.2665,2.60,8.60
3,5,29.683,0.0,0.0,0.0,-0.0186,-0.0082,-0.0017,0.0228,0.2662,2.44,8.71
3,5,29.710,0.0,0.0,0.0,-0.0000,0.0000,-0.0020,0.0227,0.2662,2.33,8.71
3,5,29.725,0.0,0.0,0.0,-0.0101,-0.0080,-0.0021,0.0223,0.2659,1.70,8.91
3,5,29.743,0.0,0.0,0.0,-0.0010,-0.0030,-0.0011,0.0221,0.2657,1.08,9.08
3,5,29.769,0.0,0.0,0.0,0.0009,-0.0006,-0.0006,0.0221,0.2656,0.73,9.00
3,5,29.785,0.0,0.0,0.0,0.0033,-0.0005,-0.0006,0.0222,0.2655,0.69,9.01
3,5,29.805,0.0,0.0,0.0,0.0037,-0.0001,-0.0005,0.0222,0.2654,0.62,8.86
3,5,29.827,0.0,0.0,0.0,0.0024,-0.0001,-0.0006,0.0223,0.2654,0.61,8.87
3,5,29.860,0.0,0.0,0.0,0.0035,-0.0003,-0.0006,0.0224,0.2652,0.52,8.78
3,5,29.864,0.0,0.0,0.0,-0.0000,0.0000,-0.0006,0.0224,0.2652,0.52,8.78
3,5,29.906,0.0,0.0,0.0,0.0022,-0.0002,-0.0005,0.0224,0.2651,0.46,8.73
3,5,29.909,0.0,0.0,0.0,0.0022,-0.0002,-0.0005,0.0224,0.2651,0.45,8.74
3,5,29.929,0.0,0.0,0.0,0.0023,-0.0003,-0.0004,0.0224,0.2651,0.41,8.74
3,5,29.948,0.0,0.0,0.0,0.0013,-0.0002,-0.0004,0.0225,0.2650,0.39,8.71
3,5,29.981,0.0,0.0,0.0,0.0020,-0.0002,-0.0003,0.0225,0.2649,0.35,8.69
3,5,29.996,0.0,0.0,0.0,0.0009,-0.0001,-0.0003,0.0225,0.2649,0.33,8.69
3,5,30.006,0.0,0.0,0.0,0.0009,-0.0001,-0.0003,0.0225,0.2649,0.32,8.68
3,5,30.026,0.0,0.0,0.0,0.0016,-0.0002,-0.0003,0.0225,0.2649,0.31,8.66
3,5,30.047,0.0,0.0,0.0,0.0011,-0.0001,-0.0002,0.0225,0.2648,0.29,8.66
3,5,30.065,0.0,0.0,0.0,0.0015,-0.0002,-0.0002,0.0225,0.2648,0.28,8.65
3,5,30.083,0.0,0.0,0.0,0.0009,-0.0001,-0.0002,0.0225,0.2648,0.27,8.65
