v_cmd,t,P_mecanica_W,P_electrica_W,voltaje_V,corriente_A,inclinacion_rad,altura_m
0.20,3.001,6.31,0.00,0.00,0.000,0.0049,0.2715
0.20,3.021,4.78,0.00,0.00,0.000,0.0067,0.2723
0.20,3.041,3.60,0.00,0.00,0.000,0.0068,0.2721
0.20,3.061,6.94,0.00,0.00,0.000,0.0068,0.2692
0.20,3.081,4.17,0.00,0.00,0.000,0.0068,0.2666
0.20,3.101,2.76,0.00,0.00,0.000,0.0069,0.2639
0.20,3.121,3.51,0.00,0.00,0.000,0.0082,0.2623
0.20,3.141,3.86,0.00,0.00,0.000,0.0099,0.2613
0.20,3.161,3.93,0.00,0.00,0.000,0.0113,0.2606
0.20,3.181,3.60,0.00,0.00,0.000,0.0119,0.2600
0.20,3.206,3.62,0.00,0.00,0.000,0.0118,0.2598
0.20,3.221,3.37,0.00,0.00,0.000,0.0110,0.2595
0.20,3.241,5.78,0.00,0.00,0.000,0.0103,0.2598
0.20,3.261,10.17,0.00,0.00,0.000,0.0092,0.2624
0.20,3.281,15.28,0.00,0.00,0.000,0.0086,0.2659
0.20,3.301,16.91,0.00,0.00,0.000,0.0091,0.2710
0.20,3.322,8.27,0.00,0.00,0.000,0.0104,0.2736
0.20,3.341,11.48,0.00,0.00,0.000,0.0095,0.2730
0.20,3.361,12.45,0.00,0.00,0.000,0.0068,0.2698
0.20,3.381,10.20,0.00,0.00,0.000,0.0060,0.2663
0.20,3.401,3.84,0.00,0.00,0.000,0.0063,0.2628
0.20,3.422,2.90,0.00,0.00,0.000,0.0065,0.2610
0.20,3.441,1.89,0.00,0.00,0.000,0.0062,0.2590
0.20,3.461,2.85,0.00,0.00,0.000,0.0050,0.2580
0.20,3.481,2.39,0.00,0.00,0.000,0.0042,0.2576
0.20,3.502,2.40,0.00,0.00,0.000,0.0042,0.2575
0.20,3.523,1.74,0.00,0.00,0.000,0.0045,0.2583
0.20,3.541,3.17,0.00,0.00,0.000,0.0039,0.2600
0.20,3.561,8.34,0.00,0.00,0.000,0.0033,0.2620
0.20,3.582,14.64,0.00,0.00,0.000,0.0028,0.2659
0.20,3.601,7.21,0.00,0.00,0.000,0.0045,0.2697
0.20,3.621,6.16,0.00,0.00,0.000,0.0071,0.2719
0.20,3.641,8.77,0.00,0.00,0.000,0.0072,0.2713
0.20,3.661,15.22,0.00,0.00,0.000,0.0072,0.2690
0.20,3.681,8.31,0.00,0.00,0.000,0.0076,0.2649
0.20,3.702,2.87,0.00,0.00,0.000,0.0080,0.2631
0.20,3.724,2.99,0.00,0.00,0.000,0.0089,0.2617
0.20,3.741,3.98,0.00,0.00,0.000,0.0106,0.2606
0.20,3.761,4.62,0.00,0.00,0.000,0.0122,0.2598
0.20,3.781,4.63,0.00,0.00,0.000,0.0131,0.2593
0.20,3.801,4.51,0.00,0.00,0.000,0.0132,0.2589
0.20,3.822,4.21,0.00,0.00,0.000,0.0122,0.2587
0.20,3.841,6.05,0.00,0.00,0.000,0.0109,0.2590
0.20,3.862,7.18,0.00,0.00,0.000,0.0102,0.2623
0.20,3.881,13.42,0.00,0.00,0.000,0.0097,0.2653
0.20,3.901,30.48,0.00,0.00,0.000,0.0099,0.2696
0.20,3.921,7.05,0.00,0.00,0.000,0.0112,0.2734
0.20,3.941,12.15,0.00,0.00,0.000,0.0094,0.2722
0.20,3.961,17.23,0.00,0.00,0.000,0.0062,0.2702
0.20,3.981,5.96,0.00,0.00,0.000,0.0055,0.2660
0.20,4.001,5.90,0.00,0.00,0.000,0.0060,0.2635
0.20,4.021,2.07,0.00,0.00,0.000,0.0064,0.2607
0.20,4.043,1.75,0.00,0.00,0.000,0.0063,0.2589
0.20,4.061,2.52,0.00,0.00,0.000,0.0062,0.2585
0.20,4.082,2.98,0.00,0.00,0.000,0.0051,0.2576
0.20,4.101,2.95,0.00,0.00,0.000,0.0058,0.2575
0.20,4.121,2.29,0.00,0.00,0.000,0.0068,0.2582
0.20,4.141,3.49,0.00,0.00,0.000,0.0066,0.2595
0.20,4.161,11.87,0.00,0.00,0.000,0.0060,0.2615
0.20,4.182,9.87,0.00,0.00,0.000,0.0035,0.2670
0.20,4.205,8.50,0.00,0.00,0.000,0.0037,0.2707
0.20,4.222,6.42,0.00,0.00,0.000,0.0049,0.2725
0.20,4.241,6.65,0.00,0.00,0.000,0.0047,0.2718
0.20,4.262,7.10,0.00,0.00,0.000,0.0038,0.2712
0.20,4.281,16.31,0.00,0.00,0.000,0.0039,0.2672
0.20,4.301,7.47,0.00,0.00,0.000,0.0057,0.2657
0.20,4.321,6.10,0.00,0.00,0.000,0.0075,0.2631
0.20,4.341,4.86,0.00,0.00,0.000,0.0081,0.2620
0.20,4.361,3.56,0.00,0.00,0.000,0.0077,0.2610
0.20,4.381,4.13,0.00,0.00,0.000,0.0072,0.2606
0.20,4.401,4.09,0.00,0.00,0.000,0.0071,0.2601
0.20,4.421,4.27,0.00,0.00,0.000,0.0073,0.2599
0.20,4.454,5.28,0.00,0.00,0.000,0.0069,0.2601
0.20,4.461,4.25,0.00,0.00,0.000,0.0064,0.2611
0.20,4.481,31.19,0.00,0.00,0.000,0.0059,0.2642
0.20,4.501,10.53,0.00,0.00,0.000,0.0082,0.2719
0.20,4.521,7.47,0.00,0.00,0.000,0.0100,0.2731
0.20,4.541,8.10,0.00,0.00,0.000,0.0084,0.2726
0.20,4.561,16.04,0.00,0.00,0.000,0.0050,0.2703
0.20,4.581,7.07,0.00,0.00,0.000,0.0030,0.2670
0.20,4.602,5.31,0.00,0.00,0.000,0.0025,0.2628
0.20,4.621,2.04,0.00,0.00,0.000,0.0029,0.2601
0.20,4.644,1.96,0.00,0.00,0.000,0.0028,0.2589
0.20,4.661,2.01,0.00,0.00,0.000,0.0028,0.2586
0.20,4.682,2.39,0.00,0.00,0.000,0.0028,0.2575
0.20,4.701,2.07,0.00,0.00,0.000,0.0048,0.2575
0.20,4.722,2.65,0.00,0.00,0.000,0.0057,0.2578
0.20,4.741,3.96,0.00,0.00,0.000,0.0053,0.2592
0.20,4.761,8.81,0.00,0.00,0.000,0.0038,0.2618
0.20,4.782,8.86,0.00,0.00,0.000,0.0015,0.2661
0.20,4.801,8.43,0.00,0.00,0.000,0.0043,0.2709
0.20,4.821,5.47,0.00,0.00,0.000,0.0057,0.2720
0.20,4.848,7.90,0.00,0.00,0.000,0.0053,0.2713
0.20,4.861,14.03,0.00,0.00,0.000,0.0052,0.2704
0.20,4.881,11.25,0.00,0.00,0.000,0.0066,0.2661
0.20,4.901,5.77,0.00,0.00,0.000,0.0083,0.2637
0.20,4.921,4.24,0.00,0.00,0.000,0.0095,0.2617
0.20,4.946,4.21,0.00,0.00,0.000,0.0102,0.2607
0.20,4.961,4.09,0.00,0.00,0.000,0.0104,0.2603
0.20,4.984,4.42,0.00,0.00,0.000,0.0105,0.2599
0.20,5.001,4.53,0.00,0.00,0.000,0.0110,0.2594
0.20,5.023,4.61,0.00,0.00,0.000,0.0113,0.2593
0.20,5.041,8.25,0.00,0.00,0.000,0.0111,0.2596
0.20,5.061,8.52,0.00,0.00,0.000,0.0095,0.2630
0.20,5.081,14.85,0.00,0.00,0.000,0.0088,0.2661
0.20,5.101,10.97,0.00,0.00,0.000,0.0091,0.2715
0.20,5.121,6.99,0.00,0.00,0.000,0.0103,0.2738
0.20,5.141,10.63,0.00,0.00,0.000,0.0088,0.2727
0.20,5.170,15.73,0.00,0.00,0.000,0.0062,0.2706
0.20,5.181,16.99,0.00,0.00,0.000,0.0053,0.2685
0.20,5.201,6.41,0.00,0.00,0.000,0.0051,0.2632
0.20,5.225,3.38,0.00,0.00,0.000,0.0053,0.2612
0.20,5.241,2.11,0.00,0.00,0.000,0.0050,0.2592
0.20,5.261,2.11,0.00,0.00,0.000,0.0046,0.2581
0.20,5.281,2.33,0.00,0.00,0.000,0.0042,0.2577
0.20,5.301,2.13,0.00,0.00,0.000,0.0046,0.2577
0.20,5.321,3.62,0.00,0.00,0.000,0.0049,0.2589
0.20,5.346,3.54,0.00,0.00,0.000,0.0047,0.2597
0.20,5.362,4.40,0.00,0.00,0.000,0.0044,0.2608
0.20,5.382,14.91,0.00,0.00,0.000,0.0031,0.2670
0.20,5.401,15.79,0.00,0.00,0.000,0.0036,0.2709
0.20,5.421,3.99,0.00,0.00,0.000,0.0044,0.2721
0.20,5.441,7.60,0.00,0.00,0.000,0.0042,0.2710
0.20,5.461,11.90,0.00,0.00,0.000,0.0045,0.2700
0.20,5.481,5.68,0.00,0.00,0.000,0.0053,0.2653
0.20,5.501,3.74,0.00,0.00,0.000,0.0057,0.2642
0.20,5.521,2.70,0.00,0.00,0.000,0.0068,0.2622
0.20,5.541,4.31,0.00,0.00,0.000,0.0080,0.2613
0.20,5.561,4.45,0.00,0.00,0.000,0.0099,0.2602
0.20,5.581,4.66,0.00,0.00,0.000,0.0109,0.2596
0.20,5.601,4.24,0.00,0.00,0.000,0.0106,0.2592
0.20,5.621,4.39,0.00,0.00,0.000,0.0097,0.2590
0.20,5.641,4.05,0.00,0.00,0.000,0.0091,0.2590
0.20,5.662,5.12,0.00,0.00,0.000,0.0078,0.2625
0.20,5.681,18.36,0.00,0.00,0.000,0.0075,0.2670
0.20,5.701,14.63,0.00,0.00,0.000,0.0084,0.2708
0.20,5.721,7.93,0.00,0.00,0.000,0.0100,0.2734
0.20,5.741,8.16,0.00,0.00,0.000,0.0086,0.2728
0.20,5.764,16.51,0.00,0.00,0.000,0.0054,0.2707
0.20,5.782,12.57,0.00,0.00,0.000,0.0030,0.2659
0.20,5.801,6.76,0.00,0.00,0.000,0.0032,0.2631
0.20,5.821,2.83,0.00,0.00,0.000,0.0035,0.2609
0.20,5.842,2.61,0.00,0.00,0.000,0.0036,0.2594
0.20,5.861,2.47,0.00,0.00,0.000,0.0034,0.2581
0.20,5.881,2.44,0.00,0.00,0.000,0.0036,0.2578
0.20,5.900,2.12,0.00,0.00,0.000,0.0051,0.2578
0.20,5.921,2.39,0.00,0.00,0.000,0.0056,0.2584
0.20,5.941,2.22,0.00,0.00,0.000,0.0051,0.2604
0.20,5.961,5.48,0.00,0.00,0.000,0.0041,0.2633
0.20,5.981,13.34,0.00,0.00,0.000,0.0030,0.2663
0.20,6.001,8.09,0.00,0.00,0.000,0.0029,0.2711
0.20,6.022,5.82,0.00,0.00,0.000,0.0046,0.2728
0.20,6.041,10.23,0.00,0.00,0.000,0.0051,0.2720
0.20,6.061,18.08,0.00,0.00,0.000,0.0048,0.2697
0.20,6.081,6.68,0.00,0.00,0.000,0.0049,0.2656
0.20,6.101,4.34,0.00,0.00,0.000,0.0064,0.2635
0.20,6.121,3.58,0.00,0.00,0.000,0.0084,0.2615
0.20,6.141,4.28,0.00,0.00,0.000,0.0096,0.2609
0.20,6.162,3.74,0.00,0.00,0.000,0.0103,0.2600
0.20,6.184,4.12,0.00,0.00,0.000,0.0105,0.2598
0.20,6.201,4.31,0.00,0.00,0.000,0.0108,0.2591
0.20,6.221,4.17,0.00,0.00,0.000,0.0108,0.2590
0.20,6.241,6.38,0.00,0.00,0.000,0.0105,0.2593
0.20,6.261,12.67,0.00,0.00,0.000,0.0096,0.2616
0.20,6.281,14.76,0.00,0.00,0.000,0.0088,0.2660
0.20,6.301,10.02,0.00,0.00,0.000,0.0091,0.2720
0.20,6.327,3.99,0.00,0.00,0.000,0.0101,0.2735
0.20,6.341,5.49,0.00,0.00,0.000,0.0098,0.2733
0.20,6.361,16.45,0.00,0.00,0.000,0.0062,0.2712
0.20,6.381,6.53,0.00,0.00,0.000,0.0046,0.2668
0.20,6.401,7.24,0.00,0.00,0.000,0.0052,0.2637
0.20,6.421,2.54,0.00,0.00,0.000,0.0055,0.2615
0.20,6.441,2.13,0.00,0.00,0.000,0.0056,0.2597
0.20,6.463,1.90,0.00,0.00,0.000,0.0054,0.2588
0.20,6.481,2.35,0.00,0.00,0.000,0.0044,0.2584
0.20,6.501,1.92,0.00,0.00,0.000,0.0036,0.2584
0.20,6.521,2.73,0.00,0.00,0.000,0.0037,0.2587
0.20,6.541,3.46,0.00,0.00,0.000,0.0033,0.2605
0.20,6.561,3.99,0.00,0.00,0.000,0.0028,0.2637
0.20,6.581,11.51,0.00,0.00,0.000,0.0030,0.2669
0.20,6.601,11.29,0.00,0.00,0.000,0.0065,0.2715
0.20,6.626,5.97,0.00,0.00,0.000,0.0078,0.2727
0.20,6.642,5.97,0.00,0.00,0.000,0.0078,0.2727
0.20,6.661,28.41,0.00,0.00,0.000,0.0077,0.2710
0.20,6.682,6.69,0.00,0.00,0.000,0.0074,0.2666
0.20,6.701,3.67,0.00,0.00,0.000,0.0072,0.2640
0.20,6.721,3.38,0.00,0.00,0.000,0.0084,0.2622
0.20,6.740,3.82,0.00,0.00,0.000,0.0100,0.2611
0.20,6.760,4.01,0.00,0.00,0.000,0.0110,0.2604
0.20,6.781,3.98,0.00,0.00,0.000,0.0113,0.2601
0.20,6.802,3.85,0.00,0.00,0.000,0.0113,0.2596
0.20,6.821,3.58,0.00,0.00,0.000,0.0106,0.2595
0.20,6.841,4.60,0.00,0.00,0.000,0.0094,0.2602
0.20,6.862,12.46,0.00,0.00,0.000,0.0085,0.2618
0.20,6.883,15.27,0.00,0.00,0.000,0.0078,0.2661
0.20,6.901,16.83,0.00,0.00,0.000,0.0089,0.2712
0.20,6.921,5.70,0.00,0.00,0.000,0.0103,0.2732
0.20,6.941,8.56,0.00,0.00,0.000,0.0087,0.2729
0.20,6.961,18.50,0.00,0.00,0.000,0.0062,0.2710
0.20,6.984,6.57,0.00,0.00,0.000,0.0041,0.2669
0.20,7.001,5.48,0.00,0.00,0.000,0.0037,0.2634
0.20,7.021,2.72,0.00,0.00,0.000,0.0041,0.2609
0.20,7.041,2.23,0.00,0.00,0.000,0.0040,0.2593
0.20,7.061,2.52,0.00,0.00,0.000,0.0028,0.2582
0.20,7.081,2.43,0.00,0.00,0.000,0.0024,0.2579
0.20,7.102,1.93,0.00,0.00,0.000,0.0032,0.2580
0.20,7.121,2.70,0.00,0.00,0.000,0.0033,0.2585
0.20,7.141,4.49,0.00,0.00,0.000,0.0028,0.2600
0.20,7.161,12.16,0.00,0.00,0.000,0.0020,0.2635
0.20,7.181,7.08,0.00,0.00,0.000,0.0015,0.2670
0.20,7.201,13.60,0.00,0.00,0.000,0.0047,0.2712
0.20,7.222,3.33,0.00,0.00,0.000,0.0060,0.2727
0.20,7.241,5.79,0.00,0.00,0.000,0.0058,0.2722
0.20,7.261,15.88,0.00,0.00,0.000,0.0057,0.2700
0.20,7.281,8.88,0.00,0.00,0.000,0.0061,0.2670
0.20,7.301,3.72,0.00,0.00,0.000,0.0063,0.2645
0.20,7.321,3.61,0.00,0.00,0.000,0.0078,0.2624
0.20,7.341,3.75,0.00,0.00,0.000,0.0095,0.2613
0.20,7.361,3.88,0.00,0.00,0.000,0.0108,0.2605
0.20,7.381,3.76,0.00,0.00,0.000,0.0111,0.2600
0.20,7.401,3.65,0.00,0.00,0.000,0.0110,0.2596
0.20,7.424,3.77,0.00,0.00,0.000,0.0104,0.2594
0.20,7.441,5.31,0.00,0.00,0.000,0.0092,0.2596
0.20,7.464,16.15,0.00,0.00,0.000,0.0084,0.2616
0.20,7.481,11.37,0.00,0.00,0.000,0.0080,0.2656
0.20,7.501,16.55,0.00,0.00,0.000,0.0090,0.2710
0.20,7.521,11.82,0.00,0.00,0.000,0.0109,0.2736
0.20,7.541,12.55,0.00,0.00,0.000,0.0094,0.2722
0.20,7.562,18.67,0.00,0.00,0.000,0.0067,0.2703
0.20,7.581,10.01,0.00,0.00,0.000,0.0041,0.2646
0.20,7.601,7.56,0.00,0.00,0.000,0.0043,0.2628
0.20,7.621,2.90,0.00,0.00,0.000,0.0045,0.2599
0.20,7.641,2.35,0.00,0.00,0.000,0.0045,0.2585
0.20,7.661,2.15,0.00,0.00,0.000,0.0043,0.2577
0.20,7.682,2.58,0.00,0.00,0.000,0.0046,0.2572
0.20,7.701,2.33,0.00,0.00,0.000,0.0058,0.2572
0.20,7.721,1.75,0.00,0.00,0.000,0.0064,0.2581
0.20,7.741,3.06,0.00,0.00,0.000,0.0059,0.2599
0.20,7.762,6.23,0.00,0.00,0.000,0.0055,0.2611
0.20,7.781,15.07,0.00,0.00,0.000,0.0040,0.2652
0.20,7.801,9.71,0.00,0.00,0.000,0.0026,0.2710
0.20,7.821,3.51,0.00,0.00,0.000,0.0036,0.2720
0.20,7.841,3.66,0.00,0.00,0.000,0.0036,0.2718
0.20,7.865,9.73,0.00,0.00,0.000,0.0037,0.2704
0.20,7.883,6.46,0.00,0.00,0.000,0.0044,0.2668
0.20,7.906,3.60,0.00,0.00,0.000,0.0058,0.2639
0.20,7.921,3.69,0.00,0.00,0.000,0.0069,0.2628
0.20,7.941,3.97,0.00,0.00,0.000,0.0090,0.2614
0.20,7.961,3.72,0.00,0.00,0.000,0.0099,0.2606
0.20,7.981,3.78,0.00,0.00,0.000,0.0100,0.2600
0.20,8.001,3.82,0.00,0.00,0.000,0.0099,0.2596
0.20,8.021,3.88,0.00,0.00,0.000,0.0098,0.2594
0.20,8.041,5.74,0.00,0.00,0.000,0.0093,0.2597
0.20,8.066,12.27,0.00,0.00,0.000,0.0084,0.2619
0.20,8.081,8.46,0.00,0.00,0.000,0.0077,0.2668
0.20,8.105,15.28,0.00,0.00,0.000,0.0083,0.2707
0.20,8.121,7.18,0.00,0.00,0.000,0.0096,0.2734
0.20,8.141,5.53,0.00,0.00,0.000,0.0094,0.2733
0.20,8.162,11.59,0.00,0.00,0.000,0.0062,0.2700
0.20,8.181,8.50,0.00,0.00,0.000,0.0055,0.2655
0.20,8.201,7.58,0.00,0.00,0.000,0.0060,0.2635
0.20,8.221,2.09,0.00,0.00,0.000,0.0062,0.2606
0.20,8.241,2.33,0.00,0.00,0.000,0.0061,0.2590
0.20,8.263,1.91,0.00,0.00,0.000,0.0055,0.2580
0.20,8.281,2.47,0.00,0.00,0.000,0.0043,0.2576
0.20,8.301,1.97,0.00,0.00,0.000,0.0042,0.2576
0.20,8.321,2.00,0.00,0.00,0.000,0.0044,0.2584
0.20,8.341,2.90,0.00,0.00,0.000,0.0038,0.2601
0.20,8.361,8.99,0.00,0.00,0.000,0.0032,0.2621
0.20,8.382,14.02,0.00,0.00,0.000,0.0025,0.2660
0.20,8.403,10.81,0.00,0.00,0.000,0.0051,0.2709
0.20,8.421,4.65,0.00,0.00,0.000,0.0066,0.2721
0.20,8.441,6.67,0.00,0.00,0.000,0.0066,0.2716
0.20,8.461,14.43,0.00,0.00,0.000,0.0062,0.2688
0.20,8.481,8.72,0.00,0.00,0.000,0.0064,0.2650
0.20,8.501,3.99,0.00,0.00,0.000,0.0072,0.2628
0.20,8.521,3.04,0.00,0.00,0.000,0.0088,0.2610
0.20,8.541,4.21,0.00,0.00,0.000,0.0097,0.2606
0.20,8.561,4.09,0.00,0.00,0.000,0.0109,0.2597
0.20,8.582,4.94,0.00,0.00,0.000,0.0116,0.2592
0.20,8.601,4.60,0.00,0.00,0.000,0.0118,0.2586
0.20,8.622,4.82,0.00,0.00,0.000,0.0115,0.2585
0.20,8.641,5.66,0.00,0.00,0.000,0.0106,0.2594
0.20,8.665,9.35,0.00,0.00,0.000,0.0095,0.2622
0.20,8.681,7.99,0.00,0.00,0.000,0.0090,0.2661
0.20,8.703,18.38,0.00,0.00,0.000,0.0094,0.2707
0.20,8.720,6.47,0.00,0.00,0.000,0.0103,0.2734
0.20,8.741,10.64,0.00,0.00,0.000,0.0087,0.2722
0.20,8.761,23.15,0.00,0.00,0.000,0.0063,0.2693
0.20,8.781,6.06,0.00,0.00,0.000,0.0053,0.2662
0.20,8.801,4.78,0.00,0.00,0.000,0.0051,0.2630
0.20,8.821,2.37,0.00,0.00,0.000,0.0052,0.2604
0.20,8.843,2.21,0.00,0.00,0.000,0.0052,0.2591
0.20,8.866,2.85,0.00,0.00,0.000,0.0045,0.2581
0.20,8.881,2.80,0.00,0.00,0.000,0.0035,0.2577
0.20,8.901,2.60,0.00,0.00,0.000,0.0039,0.2576
0.20,8.921,2.68,0.00,0.00,0.000,0.0044,0.2582
0.20,8.941,4.61,0.00,0.00,0.000,0.0040,0.2597
0.20,8.961,8.52,0.00,0.00,0.000,0.0032,0.2623
0.20,8.982,10.67,0.00,0.00,0.000,0.0023,0.2652
0.20,9.001,11.35,0.00,0.00,0.000,0.0036,0.2708
0.20,9.021,6.28,0.00,0.00,0.000,0.0059,0.2729
0.20,9.041,9.23,0.00,0.00,0.000,0.0066,0.2722
0.20,9.061,20.03,0.00,0.00,0.000,0.0060,0.2702
0.20,9.081,6.63,0.00,0.00,0.000,0.0063,0.2662
0.20,9.103,3.89,0.00,0.00,0.000,0.0070,0.2644
0.20,9.121,3.62,0.00,0.00,0.000,0.0090,0.2623
0.20,9.141,4.70,0.00,0.00,0.000,0.0110,0.2612
0.20,9.161,4.49,0.00,0.00,0.000,0.0122,0.2604
0.20,9.181,4.47,0.00,0.00,0.000,0.0124,0.2599
0.20,9.201,4.35,0.00,0.00,0.000,0.0124,0.2595
0.20,9.222,4.53,0.00,0.00,0.000,0.0123,0.2593
0.20,9.241,4.39,0.00,0.00,0.000,0.0123,0.2593
0.20,9.261,7.16,0.00,0.00,0.000,0.0116,0.2628
0.20,9.281,15.22,0.00,0.00,0.000,0.0108,0.2665
0.20,9.301,15.36,0.00,0.00,0.000,0.0105,0.2707
0.20,9.321,4.63,0.00,0.00,0.000,0.0111,0.2738
0.20,9.345,14.00,0.00,0.00,0.000,0.0098,0.2727
0.20,9.361,14.84,0.00,0.00,0.000,0.0073,0.2706
0.20,9.381,7.75,0.00,0.00,0.000,0.0066,0.2667
0.20,9.401,5.50,0.00,0.00,0.000,0.0069,0.2641
0.20,9.422,2.72,0.00,0.00,0.000,0.0073,0.2607
0.20,9.441,1.65,0.00,0.00,0.000,0.0072,0.2590
0.20,9.461,2.19,0.00,0.00,0.000,0.0066,0.2582
0.20,9.481,2.47,0.00,0.00,0.000,0.0051,0.2577
0.20,9.501,2.28,0.00,0.00,0.000,0.0044,0.2577
0.20,9.521,2.07,0.00,0.00,0.000,0.0044,0.2580
0.20,9.542,2.94,0.00,0.00,0.000,0.0040,0.2604
0.20,9.562,5.94,0.00,0.00,0.000,0.0033,0.2633
0.20,9.581,6.88,0.00,0.00,0.000,0.0035,0.2672
0.20,9.601,9.63,0.00,0.00,0.000,0.0068,0.2719
0.20,9.621,4.75,0.00,0.00,0.000,0.0088,0.2726
0.20,9.643,3.63,0.00,0.00,0.000,0.0088,0.2725
0.20,9.662,15.71,0.00,0.00,0.000,0.0085,0.2705
0.20,9.681,9.13,0.00,0.00,0.000,0.0083,0.2672
0.20,9.701,3.23,0.00,0.00,0.000,0.0078,0.2640
0.20,9.721,3.37,0.00,0.00,0.000,0.0086,0.2625
0.20,9.741,3.58,0.00,0.00,0.000,0.0104,0.2615
0.20,9.761,3.77,0.00,0.00,0.000,0.0123,0.2607
0.20,9.783,3.66,0.00,0.00,0.000,0.0131,0.2602
0.20,9.801,3.35,0.00,0.00,0.000,0.0131,0.2597
0.20,9.824,2.99,0.00,0.00,0.000,0.0121,0.2594
0.20,9.841,3.07,0.00,0.00,0.000,0.0103,0.2594
0.20,9.861,13.53,0.00,0.00,0.000,0.0090,0.2617
0.20,9.881,15.42,0.00,0.00,0.000,0.0086,0.2661
0.20,9.901,10.08,0.00,0.00,0.000,0.0101,0.2716
0.20,9.921,6.67,0.00,0.00,0.000,0.0117,0.2735
0.20,9.943,5.32,0.00,0.00,0.000,0.0110,0.2733
0.20,9.961,17.98,0.00,0.00,0.000,0.0073,0.2712
0.20,9.981,9.67,0.00,0.00,0.000,0.0046,0.2666
0.20,10.001,8.02,0.00,0.00,0.000,0.0042,0.2643
0.20,10.021,2.95,0.00,0.00,0.000,0.0043,0.2612
0.20,10.041,2.69,0.00,0.00,0.000,0.0042,0.2596
0.20,10.061,2.07,0.00,0.00,0.000,0.0035,0.2585
0.20,10.081,2.34,0.00,0.00,0.000,0.0026,0.2579
0.20,10.101,2.07,0.00,0.00,0.000,0.0032,0.2578
0.20,10.123,2.11,0.00,0.00,0.000,0.0039,0.2580
0.20,10.141,3.44,0.00,0.00,0.000,0.0036,0.2598
0.20,10.161,3.94,0.00,0.00,0.000,0.0026,0.2630
0.20,10.181,17.96,0.00,0.00,0.000,0.0019,0.2672
0.20,10.201,7.58,0.00,0.00,0.000,0.0042,0.2713
0.20,10.222,4.15,0.00,0.00,0.000,0.0056,0.2725
0.20,10.242,5.20,0.00,0.00,0.000,0.0056,0.2722
0.20,10.261,13.32,0.00,0.00,0.000,0.0054,0.2691
0.20,10.281,6.33,0.00,0.00,0.000,0.0055,0.2662
0.20,10.302,2.02,0.00,0.00,0.000,0.0058,0.2637
0.20,10.321,3.01,0.00,0.00,0.000,0.0074,0.2620
0.20,10.341,3.77,0.00,0.00,0.000,0.0091,0.2610
0.20,10.363,3.97,0.00,0.00,0.000,0.0098,0.2606
0.20,10.383,4.18,0.00,0.00,0.000,0.0107,0.2601
0.20,10.401,4.01,0.00,0.00,0.000,0.0114,0.2594
0.20,10.421,4.05,0.00,0.00,0.000,0.0112,0.2593
0.20,10.443,6.44,0.00,0.00,0.000,0.0104,0.2595
0.20,10.461,12.75,0.00,0.00,0.000,0.0092,0.2617
0.20,10.481,15.04,0.00,0.00,0.000,0.0088,0.2671
0.20,10.501,15.92,0.00,0.00,0.000,0.0092,0.2706
0.20,10.521,5.56,0.00,0.00,0.000,0.0101,0.2734
0.20,10.541,8.92,0.00,0.00,0.000,0.0083,0.2724
0.20,10.561,7.47,0.00,0.00,0.000,0.0069,0.2714
0.20,10.582,8.12,0.00,0.00,0.000,0.0045,0.2669
0.20,10.601,6.13,0.00,0.00,0.000,0.0050,0.2633
0.20,10.622,1.83,0.00,0.00,0.000,0.0053,0.2605
0.20,10.641,2.09,0.00,0.00,0.000,0.0051,0.2592
0.20,10.661,2.29,0.00,0.00,0.000,0.0047,0.2581
0.20,10.681,2.65,0.00,0.00,0.000,0.0048,0.2573
0.20,10.701,2.15,0.00,0.00,0.000,0.0060,0.2574
0.20,10.721,2.74,0.00,0.00,0.000,0.0066,0.2578
0.20,10.741,4.47,0.00,0.00,0.000,0.0064,0.2594
0.20,10.767,8.99,0.00,0.00,0.000,0.0060,0.2607
0.20,10.782,7.13,0.00,0.00,0.000,0.0047,0.2657
0.20,10.801,10.55,0.00,0.00,0.000,0.0027,0.2703
0.20,10.821,3.71,0.00,0.00,0.000,0.0024,0.2723
0.20,10.841,3.23,0.00,0.00,0.000,0.0023,0.2722
0.20,10.862,6.96,0.00,0.00,0.000,0.0031,0.2690
0.20,10.881,4.35,0.00,0.00,0.000,0.0037,0.2666
0.20,10.901,3.05,0.00,0.00,0.000,0.0042,0.2638
0.20,10.921,4.28,0.00,0.00,0.000,0.0056,0.2623
0.20,10.941,4.23,0.00,0.00,0.000,0.0064,0.2617
0.20,10.961,4.26,0.00,0.00,0.000,0.0083,0.2608
0.20,10.981,3.85,0.00,0.00,0.000,0.0091,0.2601
0.20,11.001,3.82,0.00,0.00,0.000,0.0093,0.2598
0.20,11.023,3.68,0.00,0.00,0.000,0.0089,0.2596
0.20,11.041,5.59,0.00,0.00,0.000,0.0080,0.2599
0.20,11.061,12.13,0.00,0.00,0.000,0.0069,0.2621
0.20,11.081,10.91,0.00,0.00,0.000,0.0065,0.2674
0.20,11.101,12.27,0.00,0.00,0.000,0.0079,0.2723
0.20,11.121,5.31,0.00,0.00,0.000,0.0088,0.2736
0.20,11.141,4.39,0.00,0.00,0.000,0.0081,0.2734
0.20,11.162,10.78,0.00,0.00,0.000,0.0044,0.2703
0.20,11.181,6.47,0.00,0.00,0.000,0.0030,0.2673
0.20,11.203,4.24,0.00,0.00,0.000,0.0033,0.2641
0.20,11.221,2.13,0.00,0.00,0.000,0.0037,0.2619
0.20,11.241,1.66,0.00,0.00,0.000,0.0039,0.2600
0.20,11.262,2.04,0.00,0.00,0.000,0.0033,0.2588
0.20,11.281,2.15,0.00,0.00,0.000,0.0026,0.2582
0.20,11.301,2.25,0.00,0.00,0.000,0.0041,0.2582
0.20,11.321,2.79,0.00,0.00,0.000,0.0049,0.2586
0.20,11.341,4.42,0.00,0.00,0.000,0.0043,0.2600
0.20,11.362,7.26,0.00,0.00,0.000,0.0025,0.2635
0.20,11.382,6.35,0.00,0.00,0.000,0.0018,0.2679
0.20,11.402,11.82,0.00,0.00,0.000,0.0051,0.2714
0.20,11.421,5.99,0.00,0.00,0.000,0.0073,0.2727
0.20,11.441,8.44,0.00,0.00,0.000,0.0077,0.2714
0.20,11.461,15.47,0.00,0.00,0.000,0.0073,0.2694
0.20,11.482,6.05,0.00,0.00,0.000,0.0067,0.2657
0.20,11.501,3.13,0.00,0.00,0.000,0.0070,0.2634
0.20,11.521,3.46,0.00,0.00,0.000,0.0090,0.2616
0.20,11.541,3.98,0.00,0.00,0.000,0.0110,0.2607
0.20,11.561,4.02,0.00,0.00,0.000,0.0122,0.2601
0.20,11.583,3.93,0.00,0.00,0.000,0.0125,0.2595
0.20,11.603,3.83,0.00,0.00,0.000,0.0121,0.2591
0.20,11.621,3.84,0.00,0.00,0.000,0.0114,0.2590
0.20,11.643,5.18,0.00,0.00,0.000,0.0107,0.2598
0.20,11.661,4.73,0.00,0.00,0.000,0.0098,0.2630
0.20,11.681,15.67,0.00,0.00,0.000,0.0093,0.2660
0.20,11.701,14.53,0.00,0.00,0.000,0.0096,0.2711
0.20,11.721,7.41,0.00,0.00,0.000,0.0107,0.2736
0.20,11.741,11.60,0.00,0.00,0.000,0.0091,0.2724
0.20,11.763,18.33,0.00,0.00,0.000,0.0066,0.2703
0.20,11.781,5.61,0.00,0.00,0.000,0.0055,0.2660
0.20,11.801,3.87,0.00,0.00,0.000,0.0058,0.2628
0.20,11.823,2.44,0.00,0.00,0.000,0.0059,0.2607
0.20,11.841,2.10,0.00,0.00,0.000,0.0059,0.2593
0.20,11.861,2.75,0.00,0.00,0.000,0.0050,0.2580
0.20,11.881,2.57,0.00,0.00,0.000,0.0043,0.2576
0.20,11.901,2.29,0.00,0.00,0.000,0.0046,0.2576
0.20,11.921,2.77,0.00,0.00,0.000,0.0049,0.2581
0.20,11.942,3.09,0.00,0.00,0.000,0.0046,0.2592
0.20,11.961,5.99,0.00,0.00,0.000,0.0038,0.2627
0.20,11.981,15.60,0.00,0.00,0.000,0.0025,0.2662
0.30,3.001,10.34,0.00,0.00,0.000,0.0035,0.2724
0.30,3.023,3.53,0.00,0.00,0.000,0.0033,0.2742
0.30,3.042,12.25,0.00,0.00,0.000,0.0028,0.2735
0.30,3.061,21.44,0.00,0.00,0.000,0.0044,0.2709
0.30,3.083,11.28,0.00,0.00,0.000,0.0075,0.2665
0.30,3.101,5.23,0.00,0.00,0.000,0.0090,0.2639
0.30,3.121,4.70,0.00,0.00,0.000,0.0094,0.2621
0.30,3.141,5.54,0.00,0.00,0.000,0.0088,0.2607
0.30,3.166,5.90,0.00,0.00,0.000,0.0079,0.2594
0.30,3.181,5.89,0.00,0.00,0.000,0.0079,0.2590
0.30,3.201,6.31,0.00,0.00,0.000,0.0088,0.2583
0.30,3.221,5.92,0.00,0.00,0.000,0.0094,0.2583
0.30,3.242,9.38,0.00,0.00,0.000,0.0091,0.2587
0.30,3.261,11.07,0.00,0.00,0.000,0.0078,0.2619
0.30,3.281,20.22,0.00,0.00,0.000,0.0063,0.2661
0.30,3.301,15.64,0.00,0.00,0.000,0.0057,0.2716
0.30,3.321,6.53,0.00,0.00,0.000,0.0062,0.2752
0.30,3.341,16.18,0.00,0.00,0.000,0.0058,0.2747
0.30,3.361,14.99,0.00,0.00,0.000,0.0031,0.2707
0.30,3.384,13.25,0.00,0.00,0.000,0.0041,0.2663
0.30,3.401,5.02,0.00,0.00,0.000,0.0050,0.2633
0.30,3.421,3.59,0.00,0.00,0.000,0.0054,0.2608
0.30,3.441,3.38,0.00,0.00,0.000,0.0056,0.2586
0.30,3.461,4.13,0.00,0.00,0.000,0.0058,0.2573
0.30,3.481,4.19,0.00,0.00,0.000,0.0066,0.2566
0.30,3.501,4.41,0.00,0.00,0.000,0.0080,0.2566
0.30,3.523,5.39,0.00,0.00,0.000,0.0086,0.2573
0.30,3.541,7.76,0.00,0.00,0.000,0.0083,0.2588
0.30,3.561,12.77,0.00,0.00,0.000,0.0072,0.2618
0.30,3.584,19.81,0.00,0.00,0.000,0.0052,0.2663
0.30,3.601,7.91,0.00,0.00,0.000,0.0040,0.2720
0.30,3.621,5.61,0.00,0.00,0.000,0.0051,0.2743
0.30,3.641,16.57,0.00,0.00,0.000,0.0053,0.2724
0.30,3.661,25.54,0.00,0.00,0.000,0.0057,0.2691
0.30,3.681,10.52,0.00,0.00,0.000,0.0071,0.2658
0.30,3.705,5.71,0.00,0.00,0.000,0.0093,0.2628
0.30,3.721,5.59,0.00,0.00,0.000,0.0104,0.2610
0.30,3.741,5.98,0.00,0.00,0.000,0.0105,0.2598
0.30,3.764,5.82,0.00,0.00,0.000,0.0100,0.2588
0.30,3.780,6.13,0.00,0.00,0.000,0.0098,0.2584
0.30,3.801,6.73,0.00,0.00,0.000,0.0105,0.2578
0.30,3.820,6.40,0.00,0.00,0.000,0.0114,0.2578
0.30,3.841,10.23,0.00,0.00,0.000,0.0114,0.2583
0.30,3.861,15.46,0.00,0.00,0.000,0.0105,0.2611
0.30,3.881,18.49,0.00,0.00,0.000,0.0093,0.2658
0.30,3.902,15.72,0.00,0.00,0.000,0.0086,0.2713
0.30,3.920,9.53,0.00,0.00,0.000,0.0080,0.2750
0.30,3.940,15.87,0.00,0.00,0.000,0.0076,0.2743
0.30,3.961,27.45,0.00,0.00,0.000,0.0061,0.2716
0.30,3.985,8.17,0.00,0.00,0.000,0.0071,0.2660
0.30,4.001,8.32,0.00,0.00,0.000,0.0078,0.2632
0.30,4.021,3.84,0.00,0.00,0.000,0.0078,0.2596
0.30,4.041,3.97,0.00,0.00,0.000,0.0074,0.2577
0.30,4.061,4.18,0.00,0.00,0.000,0.0071,0.2567
0.30,4.081,4.70,0.00,0.00,0.000,0.0069,0.2563
0.30,4.101,4.96,0.00,0.00,0.000,0.0072,0.2565
0.30,4.120,5.92,0.00,0.00,0.000,0.0074,0.2571
0.30,4.141,7.74,0.00,0.00,0.000,0.0070,0.2589
0.30,4.161,10.53,0.00,0.00,0.000,0.0059,0.2621
0.30,4.181,7.84,0.00,0.00,0.000,0.0042,0.2674
0.30,4.202,7.97,0.00,0.00,0.000,0.0035,0.2715
0.30,4.223,4.97,0.00,0.00,0.000,0.0041,0.2744
0.30,4.241,14.53,0.00,0.00,0.000,0.0037,0.2736
0.30,4.264,20.26,0.00,0.00,0.000,0.0054,0.2709
0.30,4.281,12.69,0.00,0.00,0.000,0.0085,0.2666
0.30,4.301,5.52,0.00,0.00,0.000,0.0099,0.2641
0.30,4.321,5.25,0.00,0.00,0.000,0.0102,0.2619
0.30,4.341,5.54,0.00,0.00,0.000,0.0098,0.2609
0.30,4.365,5.69,0.00,0.00,0.000,0.0094,0.2599
0.30,4.381,5.91,0.00,0.00,0.000,0.0095,0.2593
0.30,4.401,6.26,0.00,0.00,0.000,0.0101,0.2587
0.30,4.421,5.71,0.00,0.00,0.000,0.0103,0.2587
0.30,4.441,7.83,0.00,0.00,0.000,0.0096,0.2596
0.30,4.462,14.36,0.00,0.00,0.000,0.0083,0.2627
0.30,4.481,17.91,0.00,0.00,0.000,0.0072,0.2662
0.30,4.501,16.37,0.00,0.00,0.000,0.0065,0.2716
0.30,4.521,9.29,0.00,0.00,0.000,0.0067,0.2753
0.30,4.541,7.68,0.00,0.00,0.000,0.0065,0.2752
0.30,4.561,26.05,0.00,0.00,0.000,0.0046,0.2727
0.30,4.581,9.88,0.00,0.00,0.000,0.0047,0.2680
0.30,4.606,4.96,0.00,0.00,0.000,0.0057,0.2639
0.30,4.621,2.90,0.00,0.00,0.000,0.0060,0.2614
0.30,4.641,2.88,0.00,0.00,0.000,0.0058,0.2590
0.30,4.661,3.42,0.00,0.00,0.000,0.0056,0.2575
0.30,4.681,3.60,0.00,0.00,0.000,0.0060,0.2569
0.30,4.701,3.94,0.00,0.00,0.000,0.0067,0.2569
0.30,4.721,4.90,0.00,0.00,0.000,0.0072,0.2575
0.30,4.741,7.07,0.00,0.00,0.000,0.0067,0.2593
0.30,4.763,13.26,0.00,0.00,0.000,0.0059,0.2618
0.30,4.782,19.13,0.00,0.00,0.000,0.0044,0.2664
0.30,4.801,8.18,0.00,0.00,0.000,0.0040,0.2720
0.30,4.821,5.85,0.00,0.00,0.000,0.0058,0.2746
0.30,4.841,14.43,0.00,0.00,0.000,0.0063,0.2731
0.30,4.861,23.18,0.00,0.00,0.000,0.0064,0.2709
0.30,4.881,8.91,0.00,0.00,0.000,0.0075,0.2668
0.30,4.901,5.74,0.00,0.00,0.000,0.0086,0.2647
0.30,4.921,4.55,0.00,0.00,0.000,0.0108,0.2618
0.30,4.941,5.56,0.00,0.00,0.000,0.0116,0.2607
0.30,4.961,5.78,0.00,0.00,0.000,0.0119,0.2596
0.30,4.981,6.03,0.00,0.00,0.000,0.0118,0.2589
0.30,5.001,6.06,0.00,0.00,0.000,0.0117,0.2583
0.30,5.021,6.10,0.00,0.00,0.000,0.0120,0.2581
0.30,5.048,9.29,0.00,0.00,0.000,0.0118,0.2585
0.30,5.061,14.35,0.00,0.00,0.000,0.0111,0.2606
0.30,5.081,20.02,0.00,0.00,0.000,0.0099,0.2654
0.30,5.101,16.12,0.00,0.00,0.000,0.0090,0.2712
0.30,5.122,8.48,0.00,0.00,0.000,0.0088,0.2747
0.30,5.141,12.54,0.00,0.00,0.000,0.0078,0.2741
0.30,5.161,40.83,0.00,0.00,0.000,0.0066,0.2710
0.30,5.181,8.31,0.00,0.00,0.000,0.0074,0.2675
0.30,5.201,5.80,0.00,0.00,0.000,0.0083,0.2635
0.30,5.222,2.92,0.00,0.00,0.000,0.0084,0.2608
0.30,5.241,4.47,0.00,0.00,0.000,0.0083,0.2586
0.30,5.261,4.14,0.00,0.00,0.000,0.0080,0.2573
0.30,5.281,4.11,0.00,0.00,0.000,0.0081,0.2565
0.30,5.301,4.36,0.00,0.00,0.000,0.0085,0.2565
0.30,5.324,5.74,0.00,0.00,0.000,0.0088,0.2572
0.30,5.341,6.61,0.00,0.00,0.000,0.0084,0.2592
0.30,5.361,15.99,0.00,0.00,0.000,0.0074,0.2628
0.30,5.381,8.29,0.00,0.00,0.000,0.0057,0.2680
0.30,5.401,5.70,0.00,0.00,0.000,0.0042,0.2731
0.30,5.421,5.41,0.00,0.00,0.000,0.0039,0.2744
0.30,5.441,14.46,0.00,0.00,0.000,0.0038,0.2735
0.30,5.461,23.88,0.00,0.00,0.000,0.0045,0.2714
0.30,5.488,6.16,0.00,0.00,0.000,0.0067,0.2666
0.30,5.501,4.51,0.00,0.00,0.000,0.0078,0.2645
0.30,5.521,4.16,0.00,0.00,0.000,0.0087,0.2623
0.30,5.541,5.29,0.00,0.00,0.000,0.0084,0.2608
0.30,5.561,5.68,0.00,0.00,0.000,0.0079,0.2598
0.30,5.581,6.04,0.00,0.00,0.000,0.0081,0.2592
0.30,5.601,6.34,0.00,0.00,0.000,0.0087,0.2586
0.30,5.621,6.21,0.00,0.00,0.000,0.0091,0.2584
0.30,5.641,9.12,0.00,0.00,0.000,0.0087,0.2589
0.30,5.661,14.36,0.00,0.00,0.000,0.0073,0.2619
0.30,5.681,7.48,0.00,0.00,0.000,0.0057,0.2673
0.30,5.701,12.29,0.00,0.00,0.000,0.0050,0.2712
0.30,5.724,5.46,0.00,0.00,0.000,0.0054,0.2748
0.30,5.741,9.22,0.00,0.00,0.000,0.0050,0.2746
0.30,5.764,24.34,0.00,0.00,0.000,0.0033,0.2723
0.30,5.781,6.09,0.00,0.00,0.000,0.0040,0.2670
0.30,5.801,6.47,0.00,0.00,0.000,0.0050,0.2641
0.30,5.821,3.51,0.00,0.00,0.000,0.0054,0.2607
0.30,5.840,3.12,0.00,0.00,0.000,0.0054,0.2585
0.30,5.861,3.23,0.00,0.00,0.000,0.0057,0.2574
0.30,5.881,3.66,0.00,0.00,0.000,0.0063,0.2567
0.30,5.901,4.02,0.00,0.00,0.000,0.0073,0.2567
0.30,5.921,5.18,0.00,0.00,0.000,0.0081,0.2574
0.30,5.942,8.77,0.00,0.00,0.000,0.0078,0.2597
0.30,5.963,6.66,0.00,0.00,0.000,0.0066,0.2633
0.30,5.981,14.57,0.00,0.00,0.000,0.0051,0.2660
0.30,6.001,20.86,0.00,0.00,0.000,0.0033,0.2723
0.30,6.021,3.85,0.00,0.00,0.000,0.0029,0.2745
0.30,6.041,13.14,0.00,0.00,0.000,0.0027,0.2737
0.30,6.061,23.71,0.00,0.00,0.000,0.0046,0.2712
0.30,6.087,9.67,0.00,0.00,0.000,0.0078,0.2671
0.30,6.100,5.73,0.00,0.00,0.000,0.0092,0.2649
0.30,6.121,5.91,0.00,0.00,0.000,0.0103,0.2624
0.30,6.141,5.57,0.00,0.00,0.000,0.0097,0.2610
0.30,6.161,5.74,0.00,0.00,0.000,0.0093,0.2600
0.30,6.181,6.28,0.00,0.00,0.000,0.0091,0.2592
0.30,6.201,6.41,0.00,0.00,0.000,0.0097,0.2585
0.30,6.222,6.68,0.00,0.00,0.000,0.0102,0.2584
0.30,6.241,7.17,0.00,0.00,0.000,0.0098,0.2595
0.30,6.261,8.75,0.00,0.00,0.000,0.0089,0.2626
0.30,6.281,14.01,0.00,0.00,0.000,0.0075,0.2664
0.30,6.304,19.48,0.00,0.00,0.000,0.0068,0.2701
0.30,6.321,9.05,0.00,0.00,0.000,0.0069,0.2757
0.30,6.341,17.49,0.00,0.00,0.000,0.0060,0.2744
0.30,6.361,29.20,0.00,0.00,0.000,0.0047,0.2721
0.30,6.381,11.35,0.00,0.00,0.000,0.0054,0.2675
0.30,6.401,7.84,0.00,0.00,0.000,0.0067,0.2638
0.30,6.421,3.32,0.00,0.00,0.000,0.0071,0.2603
0.30,6.442,3.64,0.00,0.00,0.000,0.0071,0.2587
0.30,6.462,4.03,0.00,0.00,0.000,0.0069,0.2573
0.30,6.481,4.70,0.00,0.00,0.000,0.0070,0.2568
0.30,6.501,4.69,0.00,0.00,0.000,0.0075,0.2568
0.30,6.521,4.97,0.00,0.00,0.000,0.0079,0.2572
0.30,6.541,7.02,0.00,0.00,0.000,0.0077,0.2593
0.30,6.561,7.17,0.00,0.00,0.000,0.0066,0.2629
0.30,6.584,18.19,0.00,0.00,0.000,0.0049,0.2667
0.30,6.601,12.05,0.00,0.00,0.000,0.0041,0.2713
0.30,6.621,7.09,0.00,0.00,0.000,0.0038,0.2747
0.30,6.641,13.95,0.00,0.00,0.000,0.0034,0.2737
0.30,6.661,20.99,0.00,0.00,0.000,0.0054,0.2709
0.30,6.681,10.27,0.00,0.00,0.000,0.0079,0.2677
0.30,6.701,5.37,0.00,0.00,0.000,0.0101,0.2645
0.30,6.721,4.40,0.00,0.00,0.000,0.0109,0.2621
0.30,6.741,5.56,0.00,0.00,0.000,0.0103,0.2607
0.30,6.761,5.76,0.00,0.00,0.000,0.0096,0.2599
0.30,6.781,6.58,0.00,0.00,0.000,0.0096,0.2590
0.30,6.802,6.33,0.00,0.00,0.000,0.0103,0.2587
0.30,6.821,5.88,0.00,0.00,0.000,0.0110,0.2587
0.30,6.841,9.12,0.00,0.00,0.000,0.0108,0.2591
0.30,6.861,16.67,0.00,0.00,0.000,0.0099,0.2618
0.30,6.883,17.08,0.00,0.00,0.000,0.0090,0.2659
0.30,6.901,17.52,0.00,0.00,0.000,0.0083,0.2715
0.30,6.921,10.18,0.00,0.00,0.000,0.0082,0.2754
0.30,6.948,15.36,0.00,0.00,0.000,0.0075,0.2744
0.30,6.961,17.07,0.00,0.00,0.000,0.0054,0.2725
0.30,6.981,20.83,0.00,0.00,0.000,0.0058,0.2690
0.30,7.001,8.93,0.00,0.00,0.000,0.0075,0.2643
0.30,7.021,5.78,0.00,0.00,0.000,0.0080,0.2605
0.30,7.041,3.75,0.00,0.00,0.000,0.0079,0.2588
0.30,7.061,4.19,0.00,0.00,0.000,0.0077,0.2570
0.30,7.081,4.18,0.00,0.00,0.000,0.0072,0.2563
0.30,7.109,4.48,0.00,0.00,0.000,0.0071,0.2566
0.30,7.120,5.68,0.00,0.00,0.000,0.0073,0.2571
0.30,7.141,7.99,0.00,0.00,0.000,0.0070,0.2586
0.30,7.161,12.67,0.00,0.00,0.000,0.0060,0.2616
0.30,7.185,23.53,0.00,0.00,0.000,0.0040,0.2677
0.30,7.201,9.19,0.00,0.00,0.000,0.0047,0.2721
0.30,7.221,6.22,0.00,0.00,0.000,0.0070,0.2743
0.30,7.241,14.85,0.00,0.00,0.000,0.0066,0.2732
0.30,7.261,11.16,0.00,0.00,0.000,0.0068,0.2696
0.30,7.281,6.57,0.00,0.00,0.000,0.0078,0.2670
0.30,7.301,5.42,0.00,0.00,0.000,0.0089,0.2640
0.30,7.321,5.36,0.00,0.00,0.000,0.0095,0.2619
0.30,7.345,5.10,0.00,0.00,0.000,0.0094,0.2604
0.30,7.361,6.05,0.00,0.00,0.000,0.0094,0.2596
0.30,7.381,6.19,0.00,0.00,0.000,0.0097,0.2588
0.30,7.401,6.50,0.00,0.00,0.000,0.0101,0.2583
0.30,7.426,6.46,0.00,0.00,0.000,0.0102,0.2581
0.30,7.441,7.10,0.00,0.00,0.000,0.0095,0.2582
0.30,7.461,19.26,0.00,0.00,0.000,0.0079,0.2610
0.30,7.481,16.85,0.00,0.00,0.000,0.0062,0.2658
0.30,7.502,16.26,0.00,0.00,0.000,0.0056,0.2698
0.30,7.523,9.68,0.00,0.00,0.000,0.0066,0.2750
0.30,7.541,15.31,0.00,0.00,0.000,0.0061,0.2745
0.30,7.561,26.92,0.00,0.00,0.000,0.0030,0.2717
0.30,7.581,8.95,0.00,0.00,0.000,0.0032,0.2670
0.30,7.601,4.96,0.00,0.00,0.000,0.0054,0.2630
0.30,7.621,2.93,0.00,0.00,0.000,0.0063,0.2599
0.30,7.643,2.81,0.00,0.00,0.000,0.0066,0.2583
0.30,7.662,3.74,0.00,0.00,0.000,0.0073,0.2569
0.30,7.681,4.24,0.00,0.00,0.000,0.0086,0.2562
0.30,7.701,4.64,0.00,0.00,0.000,0.0103,0.2562
0.30,7.730,5.45,0.00,0.00,0.000,0.0111,0.2571
0.30,7.740,7.32,0.00,0.00,0.000,0.0111,0.2584
0.30,7.762,19.63,0.00,0.00,0.000,0.0103,0.2624
0.30,7.781,9.04,0.00,0.00,0.000,0.0089,0.2666
0.30,7.801,12.96,0.00,0.00,0.000,0.0065,0.2716
0.30,7.821,5.39,0.00,0.00,0.000,0.0045,0.2744
0.30,7.841,13.70,0.00,0.00,0.000,0.0031,0.2730
0.30,7.862,16.47,0.00,0.00,0.000,0.0038,0.2699
0.30,7.881,10.06,0.00,0.00,0.000,0.0052,0.2664
0.30,7.901,6.54,0.00,0.00,0.000,0.0066,0.2638
0.30,7.921,5.35,0.00,0.00,0.000,0.0070,0.2616
0.30,7.946,5.83,0.00,0.00,0.000,0.0063,0.2606
0.30,7.961,5.26,0.00,0.00,0.000,0.0059,0.2598
0.30,7.981,6.02,0.00,0.00,0.000,0.0060,0.2592
0.30,8.001,6.34,0.00,0.00,0.000,0.0072,0.2588
0.30,8.022,6.71,0.00,0.00,0.000,0.0078,0.2587
0.30,8.042,8.64,0.00,0.00,0.000,0.0079,0.2593
0.30,8.061,16.95,0.00,0.00,0.000,0.0068,0.2618
0.30,8.081,13.91,0.00,0.00,0.000,0.0052,0.2666
0.30,8.101,19.51,0.00,0.00,0.000,0.0045,0.2709
0.30,8.121,10.49,0.00,0.00,0.000,0.0049,0.2752
0.30,8.141,9.45,0.00,0.00,0.000,0.0046,0.2749
0.30,8.161,15.78,0.00,0.00,0.000,0.0031,0.2714
0.30,8.181,13.96,0.00,0.00,0.000,0.0044,0.2676
0.30,8.201,5.78,0.00,0.00,0.000,0.0052,0.2643
0.30,8.221,5.55,0.00,0.00,0.000,0.0059,0.2605
0.30,8.245,3.24,0.00,0.00,0.000,0.0059,0.2582
0.30,8.261,3.26,0.00,0.00,0.000,0.0061,0.2573
0.30,8.281,3.57,0.00,0.00,0.000,0.0066,0.2567
0.30,8.301,3.98,0.00,0.00,0.000,0.0075,0.2568
0.30,8.321,5.35,0.00,0.00,0.000,0.0079,0.2575
0.30,8.341,6.90,0.00,0.00,0.000,0.0074,0.2592
0.30,8.361,12.37,0.00,0.00,0.000,0.0063,0.2622
0.30,8.381,18.79,0.00,0.00,0.000,0.0047,0.2667
0.30,8.405,7.81,0.00,0.00,0.000,0.0044,0.2735
0.30,8.421,5.11,0.00,0.00,0.000,0.0059,0.2748
0.30,8.441,13.75,0.00,0.00,0.000,0.0066,0.2734
0.30,8.461,17.35,0.00,0.00,0.000,0.0069,0.2701
0.30,8.484,8.13,0.00,0.00,0.000,0.0075,0.2671
0.30,8.501,4.24,0.00,0.00,0.000,0.0083,0.2642
0.30,8.521,4.60,0.00,0.00,0.000,0.0098,0.2621
0.30,8.541,5.41,0.00,0.00,0.000,0.0107,0.2607
0.30,8.561,5.64,0.00,0.00,0.000,0.0114,0.2597
0.30,8.581,5.68,0.00,0.00,0.000,0.0115,0.2590
0.30,8.601,5.89,0.00,0.00,0.000,0.0115,0.2586
0.30,8.621,5.86,0.00,0.00,0.000,0.0117,0.2584
0.30,8.641,8.80,0.00,0.00,0.000,0.0115,0.2588
0.30,8.661,14.38,0.00,0.00,0.000,0.0105,0.2619
0.30,8.681,7.15,0.00,0.00,0.000,0.0094,0.2672
0.30,8.701,9.85,0.00,0.00,0.000,0.0087,0.2727
0.30,8.721,9.37,0.00,0.00,0.000,0.0082,0.2754
0.30,8.742,15.21,0.00,0.00,0.000,0.0073,0.2748
0.30,8.764,12.43,0.00,0.00,0.000,0.0058,0.2737
0.30,8.781,23.11,0.00,0.00,0.000,0.0054,0.2679
0.30,8.801,9.90,0.00,0.00,0.000,0.0073,0.2644
0.30,8.821,4.35,0.00,0.00,0.000,0.0077,0.2607
0.30,8.841,4.03,0.00,0.00,0.000,0.0078,0.2588
0.30,8.861,4.02,0.00,0.00,0.000,0.0077,0.2574
0.30,8.881,4.11,0.00,0.00,0.000,0.0078,0.2568
0.30,8.904,4.66,0.00,0.00,0.000,0.0082,0.2570
0.30,8.921,4.98,0.00,0.00,0.000,0.0087,0.2577
0.30,8.940,7.91,0.00,0.00,0.000,0.0087,0.2592
0.30,8.961,9.05,0.00,0.00,0.000,0.0080,0.2626
0.30,8.981,21.65,0.00,0.00,0.000,0.0063,0.2668
0.30,9.001,10.90,0.00,0.00,0.000,0.0048,0.2715
0.30,9.021,6.67,0.00,0.00,0.000,0.0032,0.2743
0.30,9.042,12.01,0.00,0.00,0.000,0.0023,0.2734
0.30,9.061,14.69,0.00,0.00,0.000,0.0038,0.2717
0.30,9.081,10.60,0.00,0.00,0.000,0.0090,0.2671
0.30,9.101,7.46,0.00,0.00,0.000,0.0119,0.2645
0.30,9.121,5.72,0.00,0.00,0.000,0.0122,0.2621
0.30,9.141,5.68,0.00,0.00,0.000,0.0111,0.2607
0.30,9.161,5.59,0.00,0.00,0.000,0.0103,0.2599
0.30,9.183,5.68,0.00,0.00,0.000,0.0095,0.2594
0.30,9.201,6.07,0.00,0.00,0.000,0.0095,0.2586
0.30,9.221,6.51,0.00,0.00,0.000,0.0101,0.2586
0.30,9.241,12.03,0.00,0.00,0.000,0.0100,0.2596
0.30,9.261,15.14,0.00,0.00,0.000,0.0091,0.2617
0.30,9.281,19.28,0.00,0.00,0.000,0.0081,0.2656
0.30,9.301,17.32,0.00,0.00,0.000,0.0069,0.2713
0.30,9.321,10.47,0.00,0.00,0.000,0.0069,0.2752
0.30,9.341,6.22,0.00,0.00,0.000,0.0069,0.2751
0.30,9.361,26.72,0.00,0.00,0.000,0.0049,0.2726
0.30,9.381,12.36,0.00,0.00,0.000,0.0051,0.2681
0.30,9.401,7.65,0.00,0.00,0.000,0.0063,0.2650
0.30,9.421,3.25,0.00,0.00,0.000,0.0071,0.2613
0.30,9.441,2.70,0.00,0.00,0.000,0.0069,0.2588
0.30,9.461,3.50,0.00,0.00,0.000,0.0062,0.2573
0.30,9.486,3.64,0.00,0.00,0.000,0.0059,0.2567
0.30,9.501,3.96,0.00,0.00,0.000,0.0060,0.2566
0.30,9.521,4.16,0.00,0.00,0.000,0.0060,0.2575
0.30,9.541,6.77,0.00,0.00,0.000,0.0056,0.2588
0.30,9.562,12.63,0.00,0.00,0.000,0.0046,0.2616
0.30,9.581,11.82,0.00,0.00,0.000,0.0036,0.2659
0.30,9.601,13.49,0.00,0.00,0.000,0.0050,0.2713
0.30,9.621,6.29,0.00,0.00,0.000,0.0083,0.2745
0.30,9.641,15.05,0.00,0.00,0.000,0.0086,0.2737
0.30,9.662,26.22,0.00,0.00,0.000,0.0086,0.2709
0.30,9.681,10.30,0.00,0.00,0.000,0.0096,0.2665
0.30,9.701,6.86,0.00,0.00,0.000,0.0116,0.2639
0.30,9.721,4.88,0.00,0.00,0.000,0.0135,0.2616
0.30,9.742,5.95,0.00,0.00,0.000,0.0137,0.2606
0.30,9.761,5.80,0.00,0.00,0.000,0.0133,0.2593
0.30,9.781,6.31,0.00,0.00,0.000,0.0127,0.2586
0.30,9.801,6.59,0.00,0.00,0.000,0.0127,0.2580
0.30,9.821,6.81,0.00,0.00,0.000,0.0132,0.2578
0.30,9.841,8.21,0.00,0.00,0.000,0.0129,0.2590
0.30,9.861,16.99,0.00,0.00,0.000,0.0120,0.2610
0.30,9.884,10.55,0.00,0.00,0.000,0.0106,0.2672
0.30,9.904,16.82,0.00,0.00,0.000,0.0100,0.2713
0.30,9.921,8.70,0.00,0.00,0.000,0.0097,0.2749
0.30,9.941,13.33,0.00,0.00,0.000,0.0093,0.2745
0.30,9.961,28.75,0.00,0.00,0.000,0.0078,0.2722
0.30,9.981,14.27,0.00,0.00,0.000,0.0083,0.2667
0.30,10.001,6.74,0.00,0.00,0.000,0.0091,0.2640
0.30,10.021,6.61,0.00,0.00,0.000,0.0092,0.2605
0.30,10.041,4.86,0.00,0.00,0.000,0.0091,0.2583
0.30,10.062,4.41,0.00,0.00,0.000,0.0087,0.2568
0.30,10.081,4.54,0.00,0.00,0.000,0.0082,0.2563
0.30,10.101,5.05,0.00,0.00,0.000,0.0080,0.2563
0.30,10.120,5.37,0.00,0.00,0.000,0.0083,0.2568
0.30,10.141,5.87,0.00,0.00,0.000,0.0082,0.2586
0.30,10.160,18.07,0.00,0.00,0.000,0.0073,0.2613
0.30,10.180,8.92,0.00,0.00,0.000,0.0056,0.2673
0.30,10.205,8.26,0.00,0.00,0.000,0.0050,0.2711
0.30,10.222,6.09,0.00,0.00,0.000,0.0065,0.2744
0.30,10.241,15.97,0.00,0.00,0.000,0.0060,0.2735
0.30,10.261,18.71,0.00,0.00,0.000,0.0060,0.2706
0.30,10.281,7.91,0.00,0.00,0.000,0.0075,0.2670
0.30,10.301,5.30,0.00,0.00,0.000,0.0091,0.2640
0.30,10.321,5.05,0.00,0.00,0.000,0.0105,0.2619
0.30,10.342,5.12,0.00,0.00,0.000,0.0107,0.2611
0.30,10.361,5.74,0.00,0.00,0.000,0.0105,0.2595
0.30,10.380,5.72,0.00,0.00,0.000,0.0099,0.2587
0.30,10.401,6.13,0.00,0.00,0.000,0.0096,0.2582
0.30,10.421,6.42,0.00,0.00,0.000,0.0097,0.2581
0.30,10.441,9.57,0.00,0.00,0.000,0.0093,0.2585
0.30,10.461,14.33,0.00,0.00,0.000,0.0079,0.2615
0.30,10.482,18.44,0.00,0.00,0.000,0.0067,0.2652
0.30,10.501,8.17,0.00,0.00,0.000,0.0059,0.2714
0.30,10.521,9.53,0.00,0.00,0.000,0.0066,0.2746
0.30,10.540,5.29,0.00,0.00,0.000,0.0064,0.2746
0.30,10.561,18.23,0.00,0.00,0.000,0.0034,0.2718
0.30,10.581,7.91,0.00,0.00,0.000,0.0038,0.2669
0.30,10.601,7.35,0.00,0.00,0.000,0.0049,0.2641
0.30,10.623,3.61,0.00,0.00,0.000,0.0054,0.2607
0.30,10.642,3.23,0.00,0.00,0.000,0.0056,0.2585
0.30,10.660,3.50,0.00,0.00,0.000,0.0062,0.2571
0.30,10.681,3.62,0.00,0.00,0.000,0.0073,0.2565
0.30,10.712,4.86,0.00,0.00,0.000,0.0086,0.2570
0.30,10.720,4.32,0.00,0.00,0.000,0.0089,0.2576
0.30,10.741,13.53,0.00,0.00,0.000,0.0087,0.2595
0.30,10.761,5.73,0.00,0.00,0.000,0.0080,0.2625
0.30,10.783,17.60,0.00,0.00,0.000,0.0069,0.2650
0.30,10.800,13.82,0.00,0.00,0.000,0.0042,0.2727
0.30,10.821,6.27,0.00,0.00,0.000,0.0030,0.2741
0.30,10.840,11.65,0.00,0.00,0.000,0.0024,0.2733
0.30,10.862,19.48,0.00,0.00,0.000,0.0040,0.2708
0.30,10.881,14.10,0.00,0.00,0.000,0.0063,0.2669
0.30,10.900,4.46,0.00,0.00,0.000,0.0084,0.2645
0.30,10.921,6.94,0.00,0.00,0.000,0.0096,0.2628
0.30,10.947,6.45,0.00,0.00,0.000,0.0094,0.2606
0.30,10.960,5.84,0.00,0.00,0.000,0.0090,0.2600
0.30,10.981,5.87,0.00,0.00,0.000,0.0086,0.2590
0.30,11.001,6.26,0.00,0.00,0.000,0.0093,0.2584
0.30,11.020,6.75,0.00,0.00,0.000,0.0102,0.2582
0.30,11.041,9.17,0.00,0.00,0.000,0.0106,0.2586
0.30,11.061,16.84,0.00,0.00,0.000,0.0097,0.2613
0.30,11.081,13.33,0.00,0.00,0.000,0.0084,0.2672
0.30,11.101,14.10,0.00,0.00,0.000,0.0077,0.2724
0.30,11.121,6.30,0.00,0.00,0.000,0.0074,0.2747
0.30,11.141,13.31,0.00,0.00,0.000,0.0060,0.2744
0.30,11.161,26.58,0.00,0.00,0.000,0.0041,0.2728
0.30,11.181,9.10,0.00,0.00,0.000,0.0056,0.2681
0.30,11.201,6.24,0.00,0.00,0.000,0.0074,0.2641
0.30,11.221,3.72,0.00,0.00,0.000,0.0080,0.2606
0.30,11.241,3.76,0.00,0.00,0.000,0.0082,0.2590
0.30,11.261,3.83,0.00,0.00,0.000,0.0084,0.2573
0.30,11.282,3.95,0.00,0.00,0.000,0.0087,0.2568
0.30,11.301,4.76,0.00,0.00,0.000,0.0099,0.2569
0.30,11.320,5.65,0.00,0.00,0.000,0.0106,0.2574
0.30,11.340,7.72,0.00,0.00,0.000,0.0107,0.2592
0.30,11.360,9.61,0.00,0.00,0.000,0.0104,0.2613
0.30,11.381,8.81,0.00,0.00,0.000,0.0082,0.2678
0.30,11.400,6.04,0.00,0.00,0.000,0.0063,0.2719
0.30,11.420,4.68,0.00,0.00,0.000,0.0041,0.2747
0.30,11.440,18.19,0.00,0.00,0.000,0.0018,0.2735
0.30,11.461,20.68,0.00,0.00,0.000,0.0029,0.2711
0.30,11.481,7.33,0.00,0.00,0.000,0.0060,0.2671
0.30,11.503,5.98,0.00,0.00,0.000,0.0083,0.2643
0.30,11.520,4.82,0.00,0.00,0.000,0.0090,0.2621
0.30,11.541,5.77,0.00,0.00,0.000,0.0084,0.2608
0.30,11.561,5.79,0.00,0.00,0.000,0.0077,0.2600
0.30,11.581,6.46,0.00,0.00,0.000,0.0075,0.2592
0.30,11.608,6.45,0.00,0.00,0.000,0.0079,0.2589
0.30,11.621,6.28,0.00,0.00,0.000,0.0091,0.2587
0.30,11.641,7.15,0.00,0.00,0.000,0.0091,0.2600
0.30,11.661,15.40,0.00,0.00,0.000,0.0084,0.2621
0.30,11.681,16.06,0.00,0.00,0.000,0.0068,0.2681
0.30,11.700,16.05,0.00,0.00,0.000,0.0061,0.2720
0.30,11.720,9.73,0.00,0.00,0.000,0.0059,0.2756
0.30,11.742,7.72,0.00,0.00,0.000,0.0059,0.2754
0.30,11.761,15.31,0.00,0.00,0.000,0.0038,0.2716
0.30,11.781,9.67,0.00,0.00,0.000,0.0045,0.2682
0.30,11.801,4.27,0.00,0.00,0.000,0.0055,0.2641
0.30,11.823,2.98,0.00,0.00,0.000,0.0058,0.2609
0.30,11.841,3.23,0.00,0.00,0.000,0.0059,0.2587
0.30,11.861,3.24,0.00,0.00,0.000,0.0061,0.2577
0.30,11.883,3.53,0.00,0.00,0.000,0.0065,0.2571
0.30,11.907,3.72,0.00,0.00,0.000,0.0070,0.2570
0.30,11.921,3.92,0.00,0.00,0.000,0.0078,0.2576
0.30,11.941,5.63,0.00,0.00,0.000,0.0074,0.2600
0.30,11.961,8.86,0.00,0.00,0.000,0.0063,0.2633
0.30,11.982,15.60,0.00,0.00,0.000,0.0055,0.2653
0.40,3.001,25.48,0.00,0.00,0.000,0.0053,0.2737
0.40,3.022,8.20,0.00,0.00,0.000,0.0049,0.2767
0.40,3.041,20.07,0.00,0.00,0.000,0.0054,0.2759
0.40,3.062,25.41,0.00,0.00,0.000,0.0079,0.2740
0.40,3.081,23.37,0.00,0.00,0.000,0.0118,0.2688
0.40,3.100,13.06,0.00,0.00,0.000,0.0147,0.2650
0.40,3.121,8.44,0.00,0.00,0.000,0.0156,0.2613
0.40,3.142,7.58,0.00,0.00,0.000,0.0151,0.2591
0.40,3.161,6.98,0.00,0.00,0.000,0.0145,0.2577
0.40,3.181,7.47,0.00,0.00,0.000,0.0138,0.2567
0.40,3.207,7.47,0.00,0.00,0.000,0.0140,0.2560
0.40,3.220,8.43,0.00,0.00,0.000,0.0145,0.2560
0.40,3.241,10.28,0.00,0.00,0.000,0.0156,0.2580
0.40,3.262,22.46,0.00,0.00,0.000,0.0157,0.2602
0.40,3.282,16.95,0.00,0.00,0.000,0.0154,0.2672
0.40,3.302,17.71,0.00,0.00,0.000,0.0155,0.2727
0.40,3.321,18.20,0.00,0.00,0.000,0.0151,0.2761
0.40,3.341,17.22,0.00,0.00,0.000,0.0136,0.2761
0.40,3.362,23.71,0.00,0.00,0.000,0.0114,0.2747
0.40,3.381,30.24,0.00,0.00,0.000,0.0115,0.2706
0.40,3.403,18.12,0.00,0.00,0.000,0.0129,0.2643
0.40,3.422,7.79,0.00,0.00,0.000,0.0128,0.2618
0.40,3.441,6.07,0.00,0.00,0.000,0.0121,0.2584
0.40,3.461,6.96,0.00,0.00,0.000,0.0112,0.2564
0.40,3.482,6.86,0.00,0.00,0.000,0.0107,0.2555
0.40,3.501,6.68,0.00,0.00,0.000,0.0107,0.2554
0.40,3.522,8.63,0.00,0.00,0.000,0.0106,0.2563
0.40,3.541,12.85,0.00,0.00,0.000,0.0103,0.2579
0.40,3.561,13.74,0.00,0.00,0.000,0.0089,0.2625
0.40,3.582,23.39,0.00,0.00,0.000,0.0077,0.2669
0.40,3.602,14.06,0.00,0.00,0.000,0.0064,0.2729
0.40,3.627,12.43,0.00,0.00,0.000,0.0053,0.2770
0.40,3.641,9.82,0.00,0.00,0.000,0.0045,0.2770
0.40,3.661,32.31,0.00,0.00,0.000,0.0062,0.2732
0.40,3.681,15.50,0.00,0.00,0.000,0.0113,0.2686
0.40,3.701,6.75,0.00,0.00,0.000,0.0142,0.2646
0.40,3.724,6.78,0.00,0.00,0.000,0.0142,0.2615
0.40,3.740,6.94,0.00,0.00,0.000,0.0133,0.2599
0.40,3.761,7.30,0.00,0.00,0.000,0.0120,0.2583
0.40,3.782,7.00,0.00,0.00,0.000,0.0110,0.2572
0.40,3.802,8.35,0.00,0.00,0.000,0.0113,0.2568
0.40,3.825,9.00,0.00,0.00,0.000,0.0118,0.2568
0.40,3.842,13.38,0.00,0.00,0.000,0.0125,0.2581
0.40,3.862,11.88,0.00,0.00,0.000,0.0123,0.2623
0.40,3.882,23.22,0.00,0.00,0.000,0.0119,0.2662
0.40,3.903,14.78,0.00,0.00,0.000,0.0114,0.2728
0.40,3.921,19.46,0.00,0.00,0.000,0.0111,0.2769
0.40,3.942,19.34,0.00,0.00,0.000,0.0107,0.2767
0.40,3.961,42.89,0.00,0.00,0.000,0.0099,0.2743
0.40,3.984,12.72,0.00,0.00,0.000,0.0103,0.2696
0.40,4.002,10.52,0.00,0.00,0.000,0.0112,0.2659
0.40,4.021,4.76,0.00,0.00,0.000,0.0112,0.2613
0.40,4.041,5.71,0.00,0.00,0.000,0.0107,0.2579
0.40,4.063,5.83,0.00,0.00,0.000,0.0103,0.2564
0.40,4.080,6.06,0.00,0.00,0.000,0.0100,0.2555
0.40,4.100,6.77,0.00,0.00,0.000,0.0096,0.2554
0.40,4.121,8.82,0.00,0.00,0.000,0.0095,0.2561
0.40,4.141,11.49,0.00,0.00,0.000,0.0094,0.2580
0.40,4.161,15.69,0.00,0.00,0.000,0.0085,0.2617
0.40,4.182,29.02,0.00,0.00,0.000,0.0063,0.2695
0.40,4.202,9.64,0.00,0.00,0.000,0.0057,0.2737
0.40,4.221,8.98,0.00,0.00,0.000,0.0054,0.2758
0.40,4.241,15.47,0.00,0.00,0.000,0.0047,0.2761
0.40,4.262,22.11,0.00,0.00,0.000,0.0063,0.2725
0.40,4.290,15.80,0.00,0.00,0.000,0.0087,0.2691
0.40,4.302,9.00,0.00,0.00,0.000,0.0117,0.2644
0.40,4.321,9.33,0.00,0.00,0.000,0.0120,0.2623
0.40,4.341,6.64,0.00,0.00,0.000,0.0108,0.2600
0.40,4.365,7.11,0.00,0.00,0.000,0.0097,0.2589
0.40,4.381,6.52,0.00,0.00,0.000,0.0088,0.2576
0.40,4.401,7.86,0.00,0.00,0.000,0.0092,0.2570
0.40,4.421,8.28,0.00,0.00,0.000,0.0102,0.2572
0.40,4.441,13.23,0.00,0.00,0.000,0.0103,0.2578
0.40,4.466,15.51,0.00,0.00,0.000,0.0093,0.2623
0.40,4.481,18.41,0.00,0.00,0.000,0.0084,0.2658
0.40,4.502,53.19,0.00,0.00,0.000,0.0076,0.2704
0.40,4.521,9.85,0.00,0.00,0.000,0.0070,0.2770
0.40,4.546,18.93,0.00,0.00,0.000,0.0067,0.2757
0.40,4.562,43.04,0.00,0.00,0.000,0.0057,0.2735
0.40,4.582,20.54,0.00,0.00,0.000,0.0063,0.2674
0.40,4.601,14.93,0.00,0.00,0.000,0.0073,0.2643
0.40,4.621,9.83,0.00,0.00,0.000,0.0077,0.2597
0.40,4.642,5.89,0.00,0.00,0.000,0.0078,0.2574
0.40,4.662,6.79,0.00,0.00,0.000,0.0080,0.2556
0.40,4.682,7.03,0.00,0.00,0.000,0.0085,0.2553
0.40,4.705,6.77,0.00,0.00,0.000,0.0087,0.2552
0.40,4.722,9.20,0.00,0.00,0.000,0.0092,0.2562
0.40,4.741,11.85,0.00,0.00,0.000,0.0090,0.2580
0.40,4.762,13.22,0.00,0.00,0.000,0.0076,0.2625
0.40,4.781,14.87,0.00,0.00,0.000,0.0061,0.2677
0.40,4.802,10.60,0.00,0.00,0.000,0.0054,0.2722
0.40,4.822,7.60,0.00,0.00,0.000,0.0053,0.2769
0.40,4.841,21.05,0.00,0.00,0.000,0.0048,0.2753
0.40,4.862,40.81,0.00,0.00,0.000,0.0058,0.2735
0.40,4.882,17.95,0.00,0.00,0.000,0.0097,0.2688
0.40,4.902,12.70,0.00,0.00,0.000,0.0130,0.2635
0.40,4.922,8.03,0.00,0.00,0.000,0.0127,0.2609
0.40,4.942,6.50,0.00,0.00,0.000,0.0117,0.2592
0.40,4.960,7.24,0.00,0.00,0.000,0.0109,0.2584
0.40,4.981,7.16,0.00,0.00,0.000,0.0095,0.2570
0.40,5.002,7.90,0.00,0.00,0.000,0.0097,0.2564
0.40,5.021,9.42,0.00,0.00,0.000,0.0104,0.2565
0.40,5.041,12.43,0.00,0.00,0.000,0.0105,0.2575
0.40,5.061,21.45,0.00,0.00,0.000,0.0096,0.2604
0.40,5.082,22.56,0.00,0.00,0.000,0.0083,0.2657
0.40,5.102,21.39,0.00,0.00,0.000,0.0074,0.2717
0.40,5.122,11.88,0.00,0.00,0.000,0.0068,0.2770
0.40,5.141,20.70,0.00,0.00,0.000,0.0057,0.2759
0.40,5.162,43.20,0.00,0.00,0.000,0.0055,0.2740
0.40,5.181,12.56,0.00,0.00,0.000,0.0084,0.2686
0.40,5.201,11.74,0.00,0.00,0.000,0.0107,0.2630
0.40,5.221,7.57,0.00,0.00,0.000,0.0106,0.2591
0.40,5.242,7.71,0.00,0.00,0.000,0.0104,0.2578
0.40,5.261,6.85,0.00,0.00,0.000,0.0105,0.2562
0.40,5.281,6.04,0.00,0.00,0.000,0.0112,0.2554
0.40,5.301,6.87,0.00,0.00,0.000,0.0120,0.2553
0.40,5.321,9.04,0.00,0.00,0.000,0.0129,0.2562
0.40,5.341,11.20,0.00,0.00,0.000,0.0130,0.2582
0.40,5.362,18.34,0.00,0.00,0.000,0.0127,0.2611
0.40,5.380,29.51,0.00,0.00,0.000,0.0107,0.2662
0.40,5.400,20.90,0.00,0.00,0.000,0.0086,0.2735
0.40,5.421,8.14,0.00,0.00,0.000,0.0069,0.2765
0.40,5.440,9.91,0.00,0.00,0.000,0.0065,0.2762
0.40,5.460,29.20,0.00,0.00,0.000,0.0072,0.2734
0.40,5.481,11.83,0.00,0.00,0.000,0.0099,0.2685
0.40,5.501,10.66,0.00,0.00,0.000,0.0120,0.2649
0.40,5.522,7.56,0.00,0.00,0.000,0.0111,0.2618
0.40,5.542,7.85,0.00,0.00,0.000,0.0095,0.2599
0.40,5.561,6.81,0.00,0.00,0.000,0.0083,0.2587
0.40,5.581,7.57,0.00,0.00,0.000,0.0073,0.2576
0.40,5.600,7.43,0.00,0.00,0.000,0.0074,0.2572
0.40,5.622,8.91,0.00,0.00,0.000,0.0086,0.2573
0.40,5.641,15.13,0.00,0.00,0.000,0.0093,0.2594
0.40,5.661,21.30,0.00,0.00,0.000,0.0092,0.2616
0.40,5.682,23.74,0.00,0.00,0.000,0.0079,0.2684
0.40,5.701,16.16,0.00,0.00,0.000,0.0074,0.2732
0.40,5.722,9.40,0.00,0.00,0.000,0.0067,0.2777
0.40,5.742,29.02,0.00,0.00,0.000,0.0051,0.2761
0.40,5.762,26.01,0.00,0.00,0.000,0.0042,0.2707
0.40,5.781,17.56,0.00,0.00,0.000,0.0059,0.2673
0.40,5.801,6.83,0.00,0.00,0.000,0.0073,0.2636
0.40,5.825,4.65,0.00,0.00,0.000,0.0079,0.2606
0.40,5.842,4.53,0.00,0.00,0.000,0.0079,0.2577
0.40,5.862,5.59,0.00,0.00,0.000,0.0077,0.2564
0.40,5.882,6.46,0.00,0.00,0.000,0.0076,0.2558
0.40,5.907,7.29,0.00,0.00,0.000,0.0075,0.2560
0.40,5.922,6.98,0.00,0.00,0.000,0.0073,0.2567
0.40,5.942,11.36,0.00,0.00,0.000,0.0069,0.2578
0.40,5.962,12.17,0.00,0.00,0.000,0.0055,0.2622
0.40,5.982,27.14,0.00,0.00,0.000,0.0045,0.2659
0.40,6.001,8.25,0.00,0.00,0.000,0.0059,0.2735
0.40,6.022,7.49,0.00,0.00,0.000,0.0079,0.2764
0.40,6.042,19.39,0.00,0.00,0.000,0.0080,0.2757
0.40,6.062,39.71,0.00,0.00,0.000,0.0081,0.2728
0.40,6.082,16.10,0.00,0.00,0.000,0.0106,0.2679
0.40,6.102,8.10,0.00,0.00,0.000,0.0129,0.2632
0.40,6.121,6.36,0.00,0.00,0.000,0.0132,0.2612
0.40,6.141,6.43,0.00,0.00,0.000,0.0124,0.2591
0.40,6.161,7.62,0.00,0.00,0.000,0.0116,0.2579
0.40,6.182,7.71,0.00,0.00,0.000,0.0111,0.2568
0.40,6.201,8.64,0.00,0.00,0.000,0.0114,0.2563
0.40,6.221,10.22,0.00,0.00,0.000,0.0124,0.2565
0.40,6.241,13.10,0.00,0.00,0.000,0.0123,0.2578
0.40,6.266,16.53,0.00,0.00,0.000,0.0116,0.2615
0.40,6.282,20.09,0.00,0.00,0.000,0.0107,0.2665
0.40,6.302,20.39,0.00,0.00,0.000,0.0105,0.2731
0.40,6.322,10.92,0.00,0.00,0.000,0.0101,0.2767
0.40,6.341,21.32,0.00,0.00,0.000,0.0092,0.2762
0.40,6.360,37.11,0.00,0.00,0.000,0.0075,0.2748
0.40,6.381,17.09,0.00,0.00,0.000,0.0079,0.2679
0.40,6.401,10.98,0.00,0.00,0.000,0.0093,0.2635
0.40,6.425,12.92,0.00,0.00,0.000,0.0093,0.2600
0.40,6.441,6.66,0.00,0.00,0.000,0.0088,0.2570
0.40,6.461,6.56,0.00,0.00,0.000,0.0086,0.2559
0.40,6.481,6.43,0.00,0.00,0.000,0.0085,0.2555
0.40,6.501,7.23,0.00,0.00,0.000,0.0087,0.2555
0.40,6.522,9.09,0.00,0.00,0.000,0.0092,0.2565
0.40,6.541,24.06,0.00,0.00,0.000,0.0088,0.2603
0.40,6.562,17.39,0.00,0.00,0.000,0.0080,0.2619
0.40,6.586,28.03,0.00,0.00,0.000,0.0069,0.2670
0.40,6.601,26.24,0.00,0.00,0.000,0.0065,0.2707
0.40,6.622,15.72,0.00,0.00,0.000,0.0058,0.2766
0.40,6.642,17.92,0.00,0.00,0.000,0.0050,0.2759
0.40,6.662,34.32,0.00,0.00,0.000,0.0076,0.2710
0.40,6.682,15.27,0.00,0.00,0.000,0.0094,0.2685
0.40,6.702,13.66,0.00,0.00,0.000,0.0107,0.2636
0.40,6.721,5.85,0.00,0.00,0.000,0.0108,0.2623
0.40,6.747,5.91,0.00,0.00,0.000,0.0096,0.2594
0.40,6.761,6.57,0.00,0.00,0.000,0.0085,0.2583
0.40,6.781,7.12,0.00,0.00,0.000,0.0079,0.2569
0.40,6.802,8.13,0.00,0.00,0.000,0.0087,0.2565
0.40,6.825,9.56,0.00,0.00,0.000,0.0093,0.2566
0.40,6.841,10.68,0.00,0.00,0.000,0.0095,0.2584
0.40,6.861,11.93,0.00,0.00,0.000,0.0088,0.2618
0.40,6.881,16.83,0.00,0.00,0.000,0.0073,0.2671
0.40,6.901,13.23,0.00,0.00,0.000,0.0062,0.2731
0.40,6.922,12.82,0.00,0.00,0.000,0.0062,0.2765
0.40,6.942,19.21,0.00,0.00,0.000,0.0065,0.2753
0.40,6.962,25.48,0.00,0.00,0.000,0.0063,0.2719
0.40,6.981,16.78,0.00,0.00,0.000,0.0067,0.2680
0.40,7.003,5.76,0.00,0.00,0.000,0.0075,0.2622
0.40,7.022,5.11,0.00,0.00,0.000,0.0074,0.2587
0.40,7.041,5.16,0.00,0.00,0.000,0.0074,0.2568
0.40,7.062,7.05,0.00,0.00,0.000,0.0075,0.2553
0.40,7.081,6.40,0.00,0.00,0.000,0.0076,0.2551
0.40,7.102,7.59,0.00,0.00,0.000,0.0079,0.2551
0.40,7.121,9.45,0.00,0.00,0.000,0.0083,0.2560
0.40,7.141,14.09,0.00,0.00,0.000,0.0075,0.2596
0.40,7.162,14.18,0.00,0.00,0.000,0.0065,0.2624
0.40,7.182,21.90,0.00,0.00,0.000,0.0055,0.2657
0.40,7.201,31.72,0.00,0.00,0.000,0.0047,0.2746
0.40,7.224,8.83,0.00,0.00,0.000,0.0048,0.2766
0.40,7.243,24.64,0.00,0.00,0.000,0.0055,0.2756
0.40,7.262,30.50,0.00,0.00,0.000,0.0080,0.2732
0.40,7.281,15.57,0.00,0.00,0.000,0.0118,0.2671
0.40,7.301,8.59,0.00,0.00,0.000,0.0133,0.2636
0.40,7.322,6.84,0.00,0.00,0.000,0.0138,0.2611
0.40,7.341,7.46,0.00,0.00,0.000,0.0133,0.2590
0.40,7.361,7.53,0.00,0.00,0.000,0.0125,0.2574
0.40,7.381,7.71,0.00,0.00,0.000,0.0123,0.2566
0.40,7.403,8.41,0.00,0.00,0.000,0.0129,0.2559
0.40,7.421,9.44,0.00,0.00,0.000,0.0138,0.2559
0.40,7.441,11.10,0.00,0.00,0.000,0.0147,0.2579
0.40,7.461,12.08,0.00,0.00,0.000,0.0147,0.2615
0.40,7.486,19.86,0.00,0.00,0.000,0.0145,0.2686
0.40,7.501,19.36,0.00,0.00,0.000,0.0147,0.2726
0.40,7.521,11.72,0.00,0.00,0.000,0.0140,0.2765
0.40,7.542,23.48,0.00,0.00,0.000,0.0089,0.2751
0.40,7.564,37.78,0.00,0.00,0.000,0.0079,0.2722
0.40,7.581,20.96,0.00,0.00,0.000,0.0106,0.2679
0.40,7.601,6.48,0.00,0.00,0.000,0.0125,0.2628
0.40,7.622,5.84,0.00,0.00,0.000,0.0127,0.2599
0.40,7.644,5.18,0.00,0.00,0.000,0.0118,0.2572
0.40,7.661,6.22,0.00,0.00,0.000,0.0110,0.2556
0.40,7.681,6.48,0.00,0.00,0.000,0.0106,0.2552
0.40,7.704,7.48,0.00,0.00,0.000,0.0106,0.2555
0.40,7.721,8.38,0.00,0.00,0.000,0.0108,0.2559
0.40,7.742,8.97,0.00,0.00,0.000,0.0106,0.2590
0.40,7.762,14.92,0.00,0.00,0.000,0.0093,0.2628
0.40,7.782,45.59,0.00,0.00,0.000,0.0076,0.2703
0.40,7.802,12.90,0.00,0.00,0.000,0.0069,0.2740
0.40,7.822,8.88,0.00,0.00,0.000,0.0052,0.2769
0.40,7.841,23.01,0.00,0.00,0.000,0.0054,0.2753
0.40,7.862,20.14,0.00,0.00,0.000,0.0093,0.2711
0.40,7.881,18.32,0.00,0.00,0.000,0.0119,0.2682
0.40,7.902,8.69,0.00,0.00,0.000,0.0135,0.2641
0.40,7.926,6.43,0.00,0.00,0.000,0.0132,0.2621
0.40,7.941,6.39,0.00,0.00,0.000,0.0120,0.2599
0.40,7.961,6.62,0.00,0.00,0.000,0.0110,0.2587
0.40,7.982,6.91,0.00,0.00,0.000,0.0103,0.2575
0.40,8.002,7.31,0.00,0.00,0.000,0.0106,0.2568
0.40,8.021,8.19,0.00,0.00,0.000,0.0121,0.2570
0.40,8.041,13.78,0.00,0.00,0.000,0.0125,0.2578
0.40,8.062,14.96,0.00,0.00,0.000,0.0120,0.2624
0.40,8.081,23.70,0.00,0.00,0.000,0.0114,0.2663
0.40,8.102,32.17,0.00,0.00,0.000,0.0109,0.2739
0.40,8.120,11.20,0.00,0.00,0.000,0.0107,0.2769
0.40,8.141,20.29,0.00,0.00,0.000,0.0098,0.2760
0.40,8.162,30.10,0.00,0.00,0.000,0.0083,0.2726
0.40,8.182,19.44,0.00,0.00,0.000,0.0088,0.2664
0.40,8.200,16.83,0.00,0.00,0.000,0.0095,0.2638
0.40,8.220,10.25,0.00,0.00,0.000,0.0096,0.2603
0.40,8.241,6.73,0.00,0.00,0.000,0.0095,0.2573
0.40,8.261,6.41,0.00,0.00,0.000,0.0091,0.2558
0.40,8.282,6.51,0.00,0.00,0.000,0.0080,0.2552
0.40,8.305,6.94,0.00,0.00,0.000,0.0077,0.2555
0.40,8.322,8.50,0.00,0.00,0.000,0.0077,0.2561
0.40,8.341,12.26,0.00,0.00,0.000,0.0075,0.2578
0.40,8.362,8.94,0.00,0.00,0.000,0.0062,0.2626
0.40,8.382,12.41,0.00,0.00,0.000,0.0060,0.2675
0.40,8.402,18.25,0.00,0.00,0.000,0.0092,0.2741
0.40,8.422,7.31,0.00,0.00,0.000,0.0111,0.2770
0.40,8.442,23.57,0.00,0.00,0.000,0.0118,0.2753
0.40,8.468,28.34,0.00,0.00,0.000,0.0124,0.2716
0.40,8.482,16.92,0.00,0.00,0.000,0.0130,0.2692
0.40,8.501,8.26,0.00,0.00,0.000,0.0146,0.2643
0.40,8.525,6.80,0.00,0.00,0.000,0.0158,0.2612
0.40,8.542,7.69,0.00,0.00,0.000,0.0158,0.2602
0.40,8.561,7.29,0.00,0.00,0.000,0.0152,0.2582
0.40,8.581,8.13,0.00,0.00,0.000,0.0135,0.2569
0.40,8.601,7.81,0.00,0.00,0.000,0.0133,0.2563
0.40,8.621,9.04,0.00,0.00,0.000,0.0140,0.2564
0.40,8.641,13.83,0.00,0.00,0.000,0.0143,0.2570
0.40,8.661,27.50,0.00,0.00,0.000,0.0134,0.2614
0.40,8.682,12.70,0.00,0.00,0.000,0.0123,0.2687
0.40,8.704,11.12,0.00,0.00,0.000,0.0118,0.2739
0.40,8.722,10.69,0.00,0.00,0.000,0.0109,0.2767
0.40,8.741,21.04,0.00,0.00,0.000,0.0080,0.2756
0.40,8.761,30.86,0.00,0.00,0.000,0.0056,0.2723
0.40,8.785,12.73,0.00,0.00,0.000,0.0068,0.2684
0.40,8.802,8.37,0.00,0.00,0.000,0.0080,0.2649
0.40,8.821,5.17,0.00,0.00,0.000,0.0088,0.2606
0.40,8.842,5.65,0.00,0.00,0.000,0.0093,0.2578
0.40,8.862,6.24,0.00,0.00,0.000,0.0098,0.2565
0.40,8.880,6.87,0.00,0.00,0.000,0.0106,0.2559
0.40,8.901,7.18,0.00,0.00,0.000,0.0112,0.2559
0.40,8.921,8.57,0.00,0.00,0.000,0.0120,0.2572
0.40,8.944,9.96,0.00,0.00,0.000,0.0125,0.2595
0.40,8.962,12.09,0.00,0.00,0.000,0.0124,0.2638
0.40,8.981,13.77,0.00,0.00,0.000,0.0113,0.2687
0.40,9.002,8.94,0.00,0.00,0.000,0.0104,0.2746
0.40,9.022,14.81,0.00,0.00,0.000,0.0092,0.2770
0.40,9.042,12.73,0.00,0.00,0.000,0.0086,0.2769
0.40,9.061,25.88,0.00,0.00,0.000,0.0069,0.2734
0.40,9.082,23.13,0.00,0.00,0.000,0.0118,0.2694
0.40,9.102,9.24,0.00,0.00,0.000,0.0137,0.2640
0.40,9.121,8.93,0.00,0.00,0.000,0.0132,0.2620
0.40,9.141,7.61,0.00,0.00,0.000,0.0123,0.2602
0.40,9.162,8.21,0.00,0.00,0.000,0.0111,0.2583
0.40,9.182,6.94,0.00,0.00,0.000,0.0108,0.2575
0.40,9.201,7.29,0.00,0.00,0.000,0.0108,0.2572
0.40,9.221,8.04,0.00,0.00,0.000,0.0114,0.2575
0.40,9.241,14.90,0.00,0.00,0.000,0.0120,0.2592
0.40,9.262,21.61,0.00,0.00,0.000,0.0121,0.2617
0.40,9.281,16.46,0.00,0.00,0.000,0.0119,0.2681
0.40,9.301,14.72,0.00,0.00,0.000,0.0122,0.2738
0.40,9.321,24.12,0.00,0.00,0.000,0.0120,0.2764
0.40,9.341,20.59,0.00,0.00,0.000,0.0081,0.2769
0.40,9.361,48.18,0.00,0.00,0.000,0.0071,0.2747
0.40,9.382,31.95,0.00,0.00,0.000,0.0112,0.2667
0.40,9.402,12.01,0.00,0.00,0.000,0.0127,0.2643
0.40,9.422,8.45,0.00,0.00,0.000,0.0126,0.2601
0.40,9.442,5.38,0.00,0.00,0.000,0.0122,0.2580
0.40,9.462,6.05,0.00,0.00,0.000,0.0115,0.2559
0.40,9.482,6.07,0.00,0.00,0.000,0.0113,0.2554
0.40,9.501,6.79,0.00,0.00,0.000,0.0112,0.2554
0.40,9.522,7.65,0.00,0.00,0.000,0.0109,0.2568
0.40,9.541,9.71,0.00,0.00,0.000,0.0106,0.2577
0.40,9.564,14.06,0.00,0.00,0.000,0.0092,0.2620
0.40,9.582,26.57,0.00,0.00,0.000,0.0073,0.2671
0.40,9.601,14.08,0.00,0.00,0.000,0.0061,0.2724
0.40,9.622,8.57,0.00,0.00,0.000,0.0042,0.2764
0.40,9.645,22.16,0.00,0.00,0.000,0.0044,0.2750
0.40,9.661,23.68,0.00,0.00,0.000,0.0072,0.2727
0.40,9.681,17.86,0.00,0.00,0.000,0.0113,0.2679
0.40,9.701,10.48,0.00,0.00,0.000,0.0131,0.2650
0.40,9.721,7.06,0.00,0.00,0.000,0.0133,0.2615
0.40,9.741,7.97,0.00,0.00,0.000,0.0121,0.2588
0.40,9.761,7.70,0.00,0.00,0.000,0.0109,0.2572
0.40,9.782,7.56,0.00,0.00,0.000,0.0102,0.2564
0.40,9.803,8.62,0.00,0.00,0.000,0.0102,0.2561
0.40,9.822,8.63,0.00,0.00,0.000,0.0109,0.2559
0.40,9.841,10.41,0.00,0.00,0.000,0.0113,0.2578
0.40,9.861,16.79,0.00,0.00,0.000,0.0110,0.2616
0.40,9.881,18.12,0.00,0.00,0.000,0.0105,0.2667
0.40,9.902,21.38,0.00,0.00,0.000,0.0102,0.2711
0.40,9.921,14.89,0.00,0.00,0.000,0.0087,0.2772
0.40,9.942,24.48,0.00,0.00,0.000,0.0054,0.2759
0.40,9.962,36.59,0.00,0.00,0.000,0.0045,0.2752
0.40,9.982,15.50,0.00,0.00,0.000,0.0082,0.2678
0.40,10.002,9.03,0.00,0.00,0.000,0.0106,0.2641
0.40,10.022,6.44,0.00,0.00,0.000,0.0113,0.2602
0.40,10.042,5.33,0.00,0.00,0.000,0.0107,0.2575
0.40,10.061,6.33,0.00,0.00,0.000,0.0103,0.2561
0.40,10.082,6.11,0.00,0.00,0.000,0.0104,0.2556
0.40,10.102,6.85,0.00,0.00,0.000,0.0113,0.2558
0.40,10.122,7.98,0.00,0.00,0.000,0.0119,0.2570
0.40,10.141,9.02,0.00,0.00,0.000,0.0119,0.2593
0.40,10.162,9.72,0.00,0.00,0.000,0.0112,0.2629
0.40,10.182,18.12,0.00,0.00,0.000,0.0095,0.2683
0.40,10.201,14.18,0.00,0.00,0.000,0.0086,0.2729
0.40,10.221,9.16,0.00,0.00,0.000,0.0066,0.2770
0.40,10.244,25.53,0.00,0.00,0.000,0.0033,0.2762
0.40,10.263,20.09,0.00,0.00,0.000,0.0051,0.2721
0.40,10.282,13.69,0.00,0.00,0.000,0.0075,0.2693
0.40,10.301,11.11,0.00,0.00,0.000,0.0095,0.2656
0.40,10.329,8.40,0.00,0.00,0.000,0.0104,0.2624
0.40,10.342,6.75,0.00,0.00,0.000,0.0095,0.2600
0.40,10.361,7.02,0.00,0.00,0.000,0.0087,0.2589
0.40,10.381,6.84,0.00,0.00,0.000,0.0080,0.2577
0.40,10.402,6.94,0.00,0.00,0.000,0.0083,0.2572
0.40,10.421,7.97,0.00,0.00,0.000,0.0095,0.2573
0.40,10.441,14.94,0.00,0.00,0.000,0.0096,0.2597
0.40,10.461,15.47,0.00,0.00,0.000,0.0091,0.2625
0.40,10.482,22.33,0.00,0.00,0.000,0.0084,0.2663
0.40,10.501,20.37,0.00,0.00,0.000,0.0077,0.2713
0.40,10.521,19.83,0.00,0.00,0.000,0.0072,0.2771
0.40,10.542,20.80,0.00,0.00,0.000,0.0063,0.2763
0.40,10.563,42.45,0.00,0.00,0.000,0.0064,0.2744
0.40,10.582,59.39,0.00,0.00,0.000,0.0088,0.2667
0.40,10.601,16.14,0.00,0.00,0.000,0.0103,0.2632
0.40,10.622,9.10,0.00,0.00,0.000,0.0099,0.2590
0.40,10.650,6.09,0.00,0.00,0.000,0.0097,0.2573
0.40,10.660,6.59,0.00,0.00,0.000,0.0095,0.2559
0.40,10.680,5.97,0.00,0.00,0.000,0.0098,0.2550
0.40,10.701,7.59,0.00,0.00,0.000,0.0099,0.2555
0.40,10.721,9.32,0.00,0.00,0.000,0.0100,0.2560
0.40,10.741,11.42,0.00,0.00,0.000,0.0098,0.2581
0.40,10.762,10.03,0.00,0.00,0.000,0.0087,0.2624
0.40,10.782,21.50,0.00,0.00,0.000,0.0064,0.2696
0.40,10.802,9.19,0.00,0.00,0.000,0.0056,0.2739
0.40,10.822,12.68,0.00,0.00,0.000,0.0047,0.2767
0.40,10.842,21.94,0.00,0.00,0.000,0.0043,0.2760
0.40,10.861,22.44,0.00,0.00,0.000,0.0081,0.2708
0.40,10.881,16.51,0.00,0.00,0.000,0.0105,0.2679
0.40,10.902,5.37,0.00,0.00,0.000,0.0128,0.2640
0.40,10.921,6.32,0.00,0.00,0.000,0.0130,0.2619
0.40,10.941,7.02,0.00,0.00,0.000,0.0123,0.2597
0.40,10.962,7.12,0.00,0.00,0.000,0.0110,0.2580
0.40,10.982,7.11,0.00,0.00,0.000,0.0108,0.2571
0.40,11.004,7.56,0.00,0.00,0.000,0.0114,0.2568
0.40,11.022,8.47,0.00,0.00,0.000,0.0126,0.2567
0.40,11.041,10.63,0.00,0.00,0.000,0.0138,0.2585
0.40,11.063,16.31,0.00,0.00,0.000,0.0136,0.2623
0.40,11.082,20.01,0.00,0.00,0.000,0.0133,0.2648
0.40,11.101,21.23,0.00,0.00,0.000,0.0131,0.2722
0.40,11.121,8.52,0.00,0.00,0.000,0.0130,0.2775
0.40,11.146,20.59,0.00,0.00,0.000,0.0124,0.2764
0.40,11.161,22.13,0.00,0.00,0.000,0.0126,0.2753
0.40,11.182,26.38,0.00,0.00,0.000,0.0142,0.2680
0.40,11.202,8.51,0.00,0.00,0.000,0.0141,0.2633
0.40,11.224,8.45,0.00,0.00,0.000,0.0132,0.2599
0.40,11.241,5.56,0.00,0.00,0.000,0.0121,0.2577
0.40,11.262,6.38,0.00,0.00,0.000,0.0112,0.2557
0.40,11.281,6.43,0.00,0.00,0.000,0.0111,0.2552
0.40,11.302,6.69,0.00,0.00,0.000,0.0110,0.2551
0.40,11.321,9.92,0.00,0.00,0.000,0.0110,0.2558
0.40,11.342,8.67,0.00,0.00,0.000,0.0107,0.2589
0.40,11.361,19.33,0.00,0.00,0.000,0.0099,0.2615
0.40,11.382,33.97,0.00,0.00,0.000,0.0077,0.2684
0.40,11.401,19.20,0.00,0.00,0.000,0.0069,0.2738
0.40,11.422,7.57,0.00,0.00,0.000,0.0053,0.2766
0.40,11.441,21.37,0.00,0.00,0.000,0.0059,0.2745
0.40,11.464,31.53,0.00,0.00,0.000,0.0082,0.2727
0.40,11.483,14.78,0.00,0.00,0.000,0.0101,0.2691
0.40,11.501,8.30,0.00,0.00,0.000,0.0128,0.2642
0.40,11.522,7.00,0.00,0.00,0.000,0.0134,0.2617
0.40,11.548,7.02,0.00,0.00,0.000,0.0126,0.2596
0.40,11.562,7.23,0.00,0.00,0.000,0.0115,0.2578
0.40,11.581,7.70,0.00,0.00,0.000,0.0106,0.2568
0.40,11.601,7.81,0.00,0.00,0.000,0.0109,0.2564
0.40,11.624,8.44,0.00,0.00,0.000,0.0116,0.2565
0.40,11.642,9.33,0.00,0.00,0.000,0.0119,0.2568
0.40,11.661,30.87,0.00,0.00,0.000,0.0117,0.2594
0.40,11.682,20.90,0.00,0.00,0.000,0.0110,0.2653
0.40,11.701,19.46,0.00,0.00,0.000,0.0104,0.2713
0.40,11.722,13.30,0.00,0.00,0.000,0.0102,0.2760
0.40,11.742,18.00,0.00,0.00,0.000,0.0098,0.2756
0.40,11.765,22.60,0.00,0.00,0.000,0.0066,0.2720
0.40,11.781,23.09,0.00,0.00,0.000,0.0066,0.2681
0.40,11.801,9.27,0.00,0.00,0.000,0.0074,0.2641
0.40,11.821,6.43,0.00,0.00,0.000,0.0078,0.2609
0.40,11.842,6.56,0.00,0.00,0.000,0.0079,0.2572
0.40,11.861,6.52,0.00,0.00,0.000,0.0076,0.2557
0.40,11.882,6.56,0.00,0.00,0.000,0.0077,0.2551
0.40,11.902,7.71,0.00,0.00,0.000,0.0087,0.2553
0.40,11.922,8.89,0.00,0.00,0.000,0.0093,0.2564
0.40,11.941,13.19,0.00,0.00,0.000,0.0093,0.2577
0.40,11.962,14.56,0.00,0.00,0.000,0.0081,0.2623
0.40,11.982,17.77,0.00,0.00,0.000,0.0062,0.2680
0.50,3.001,28.75,0.00,0.00,0.000,0.0073,0.2740
0.50,3.021,13.87,0.00,0.00,0.000,0.0067,0.2784
0.50,3.041,32.59,0.00,0.00,0.000,0.0067,0.2764
0.50,3.060,43.74,0.00,0.00,0.000,0.0116,0.2725
0.50,3.080,27.10,0.00,0.00,0.000,0.0139,0.2665
0.50,3.100,14.53,0.00,0.00,0.000,0.0150,0.2636
0.50,3.122,13.08,0.00,0.00,0.000,0.0152,0.2591
0.50,3.141,11.74,0.00,0.00,0.000,0.0146,0.2568
0.50,3.161,9.56,0.00,0.00,0.000,0.0138,0.2546
0.50,3.181,10.94,0.00,0.00,0.000,0.0136,0.2540
0.50,3.201,10.98,0.00,0.00,0.000,0.0137,0.2538
0.50,3.221,13.13,0.00,0.00,0.000,0.0144,0.2544
0.50,3.241,26.24,0.00,0.00,0.000,0.0154,0.2579
0.50,3.261,28.21,0.00,0.00,0.000,0.0165,0.2613
0.50,3.281,34.05,0.00,0.00,0.000,0.0178,0.2672
0.50,3.301,35.58,0.00,0.00,0.000,0.0196,0.2738
0.50,3.321,24.14,0.00,0.00,0.000,0.0212,0.2785
0.50,3.353,36.19,0.00,0.00,0.000,0.0200,0.2779
0.50,3.360,28.43,0.00,0.00,0.000,0.0140,0.2749
0.50,3.380,108.42,0.00,0.00,0.000,0.0108,0.2724
0.50,3.401,15.86,0.00,0.00,0.000,0.0120,0.2627
0.50,3.420,10.93,0.00,0.00,0.000,0.0123,0.2587
0.50,3.441,10.21,0.00,0.00,0.000,0.0121,0.2560
0.50,3.460,10.31,0.00,0.00,0.000,0.0117,0.2548
0.50,3.480,10.17,0.00,0.00,0.000,0.0110,0.2537
0.50,3.500,10.77,0.00,0.00,0.000,0.0108,0.2539
0.50,3.523,14.48,0.00,0.00,0.000,0.0099,0.2558
0.50,3.542,15.51,0.00,0.00,0.000,0.0093,0.2569
0.50,3.561,32.37,0.00,0.00,0.000,0.0093,0.2615
0.50,3.581,21.36,0.00,0.00,0.000,0.0107,0.2681
0.50,3.601,20.92,0.00,0.00,0.000,0.0125,0.2754
0.50,3.623,12.78,0.00,0.00,0.000,0.0130,0.2788
0.50,3.642,29.82,0.00,0.00,0.000,0.0125,0.2776
0.50,3.660,35.29,0.00,0.00,0.000,0.0138,0.2731
0.50,3.681,24.85,0.00,0.00,0.000,0.0160,0.2680
0.50,3.700,24.17,0.00,0.00,0.000,0.0163,0.2655
0.50,3.721,9.44,0.00,0.00,0.000,0.0159,0.2596
0.50,3.740,7.20,0.00,0.00,0.000,0.0144,0.2567
0.50,3.761,8.43,0.00,0.00,0.000,0.0128,0.2547
0.50,3.781,8.83,0.00,0.00,0.000,0.0120,0.2539
0.50,3.800,10.28,0.00,0.00,0.000,0.0122,0.2535
0.50,3.820,12.95,0.00,0.00,0.000,0.0130,0.2537
0.50,3.841,13.97,0.00,0.00,0.000,0.0135,0.2565
0.50,3.861,22.98,0.00,0.00,0.000,0.0133,0.2593
0.50,3.881,20.97,0.00,0.00,0.000,0.0133,0.2675
0.50,3.900,23.88,0.00,0.00,0.000,0.0137,0.2722
0.50,3.921,14.89,0.00,0.00,0.000,0.0137,0.2776
0.50,3.942,28.02,0.00,0.00,0.000,0.0128,0.2776
0.50,3.961,39.10,0.00,0.00,0.000,0.0090,0.2730
0.50,3.980,23.73,0.00,0.00,0.000,0.0092,0.2677
0.50,4.000,11.64,0.00,0.00,0.000,0.0101,0.2625
0.50,4.021,9.14,0.00,0.00,0.000,0.0102,0.2591
0.50,4.041,8.67,0.00,0.00,0.000,0.0098,0.2555
0.50,4.060,10.13,0.00,0.00,0.000,0.0095,0.2541
0.50,4.085,9.92,0.00,0.00,0.000,0.0093,0.2537
0.50,4.100,11.15,0.00,0.00,0.000,0.0092,0.2537
0.50,4.120,12.26,0.00,0.00,0.000,0.0091,0.2552
0.50,4.141,17.33,0.00,0.00,0.000,0.0087,0.2569
0.50,4.162,30.97,0.00,0.00,0.000,0.0077,0.2620
0.50,4.181,31.56,0.00,0.00,0.000,0.0070,0.2679
0.50,4.201,38.82,0.00,0.00,0.000,0.0064,0.2756
0.50,4.224,15.50,0.00,0.00,0.000,0.0056,0.2784
0.50,4.241,31.82,0.00,0.00,0.000,0.0060,0.2775
0.50,4.262,30.83,0.00,0.00,0.000,0.0099,0.2729
0.50,4.281,34.76,0.00,0.00,0.000,0.0136,0.2687
0.50,4.305,20.43,0.00,0.00,0.000,0.0145,0.2630
0.50,4.321,12.76,0.00,0.00,0.000,0.0135,0.2605
0.50,4.342,11.27,0.00,0.00,0.000,0.0119,0.2570
0.50,4.361,9.58,0.00,0.00,0.000,0.0107,0.2555
0.50,4.381,10.13,0.00,0.00,0.000,0.0093,0.2540
0.50,4.401,10.61,0.00,0.00,0.000,0.0092,0.2539
0.50,4.421,12.44,0.00,0.00,0.000,0.0100,0.2547
0.50,4.441,26.86,0.00,0.00,0.000,0.0109,0.2569
0.50,4.461,17.66,0.00,0.00,0.000,0.0111,0.2620
0.50,4.483,41.11,0.00,0.00,0.000,0.0112,0.2651
0.50,4.501,25.40,0.00,0.00,0.000,0.0116,0.2714
0.50,4.521,17.37,0.00,0.00,0.000,0.0119,0.2784
0.50,4.541,30.93,0.00,0.00,0.000,0.0090,0.2776
0.50,4.561,61.70,0.00,0.00,0.000,0.0068,0.2751
0.50,4.581,32.85,0.00,0.00,0.000,0.0094,0.2668
0.50,4.601,23.88,0.00,0.00,0.000,0.0107,0.2642
0.50,4.621,18.28,0.00,0.00,0.000,0.0109,0.2589
0.50,4.642,7.41,0.00,0.00,0.000,0.0108,0.2567
0.50,4.662,9.11,0.00,0.00,0.000,0.0103,0.2542
0.50,4.680,8.54,0.00,0.00,0.000,0.0104,0.2537
0.50,4.702,10.10,0.00,0.00,0.000,0.0105,0.2541
0.50,4.721,12.58,0.00,0.00,0.000,0.0105,0.2549
0.50,4.741,12.55,0.00,0.00,0.000,0.0100,0.2578
0.50,4.761,19.71,0.00,0.00,0.000,0.0089,0.2618
0.50,4.784,23.28,0.00,0.00,0.000,0.0079,0.2681
0.50,4.801,26.17,0.00,0.00,0.000,0.0079,0.2719
0.50,4.821,10.61,0.00,0.00,0.000,0.0066,0.2786
0.50,4.841,27.20,0.00,0.00,0.000,0.0054,0.2777
0.50,4.861,58.30,0.00,0.00,0.000,0.0079,0.2754
0.50,4.882,54.46,0.00,0.00,0.000,0.0107,0.2681
0.50,4.900,33.46,0.00,0.00,0.000,0.0119,0.2645
0.50,4.920,18.16,0.00,0.00,0.000,0.0118,0.2604
0.50,4.942,15.38,0.00,0.00,0.000,0.0110,0.2581
0.50,4.961,9.81,0.00,0.00,0.000,0.0095,0.2552
0.50,4.981,9.76,0.00,0.00,0.000,0.0081,0.2545
0.50,5.001,10.14,0.00,0.00,0.000,0.0076,0.2541
0.50,5.021,11.83,0.00,0.00,0.000,0.0080,0.2546
0.50,5.041,14.10,0.00,0.00,0.000,0.0082,0.2568
0.50,5.061,21.48,0.00,0.00,0.000,0.0076,0.2611
0.50,5.081,50.98,0.00,0.00,0.000,0.0067,0.2690
0.50,5.101,31.94,0.00,0.00,0.000,0.0067,0.2740
0.50,5.121,19.91,0.00,0.00,0.000,0.0069,0.2792
0.50,5.141,34.19,0.00,0.00,0.000,0.0056,0.2782
0.50,5.161,55.95,0.00,0.00,0.000,0.0052,0.2739
0.50,5.181,21.60,0.00,0.00,0.000,0.0075,0.2693
0.50,5.201,11.42,0.00,0.00,0.000,0.0098,0.2631
0.50,5.221,10.27,0.00,0.00,0.000,0.0100,0.2597
0.50,5.241,7.73,0.00,0.00,0.000,0.0098,0.2568
0.50,5.261,9.67,0.00,0.00,0.000,0.0098,0.2551
0.50,5.280,9.52,0.00,0.00,0.000,0.0099,0.2546
0.50,5.301,10.68,0.00,0.00,0.000,0.0100,0.2547
0.50,5.321,11.87,0.00,0.00,0.000,0.0100,0.2555
0.50,5.341,12.11,0.00,0.00,0.000,0.0098,0.2584
0.50,5.361,28.88,0.00,0.00,0.000,0.0090,0.2636
0.50,5.386,25.90,0.00,0.00,0.000,0.0083,0.2680
0.50,5.401,21.50,0.00,0.00,0.000,0.0081,0.2730
0.50,5.421,18.55,0.00,0.00,0.000,0.0077,0.2772
0.50,5.441,27.95,0.00,0.00,0.000,0.0049,0.2775
0.50,5.468,55.80,0.00,0.00,0.000,0.0073,0.2740
0.50,5.481,32.64,0.00,0.00,0.000,0.0084,0.2691
0.50,5.501,28.17,0.00,0.00,0.000,0.0099,0.2635
0.50,5.521,10.98,0.00,0.00,0.000,0.0106,0.2609
0.50,5.541,9.56,0.00,0.00,0.000,0.0100,0.2574
0.50,5.566,8.70,0.00,0.00,0.000,0.0091,0.2558
0.50,5.581,8.98,0.00,0.00,0.000,0.0081,0.2542
0.50,5.601,10.59,0.00,0.00,0.000,0.0081,0.2537
0.50,5.620,12.52,0.00,0.00,0.000,0.0090,0.2542
0.50,5.643,15.53,0.00,0.00,0.000,0.0094,0.2563
0.50,5.660,19.85,0.00,0.00,0.000,0.0092,0.2614
0.50,5.680,20.03,0.00,0.00,0.000,0.0088,0.2664
0.50,5.700,21.15,0.00,0.00,0.000,0.0089,0.2731
0.50,5.720,16.35,0.00,0.00,0.000,0.0089,0.2783
0.50,5.742,30.67,0.00,0.00,0.000,0.0082,0.2780
0.50,5.760,54.97,0.00,0.00,0.000,0.0052,0.2742
0.50,5.780,26.29,0.00,0.00,0.000,0.0076,0.2679
0.50,5.800,16.57,0.00,0.00,0.000,0.0098,0.2631
0.50,5.825,12.49,0.00,0.00,0.000,0.0103,0.2594
0.50,5.841,9.03,0.00,0.00,0.000,0.0101,0.2566
0.50,5.861,10.06,0.00,0.00,0.000,0.0100,0.2548
0.50,5.881,10.22,0.00,0.00,0.000,0.0101,0.2541
0.50,5.903,10.59,0.00,0.00,0.000,0.0102,0.2541
0.50,5.921,11.91,0.00,0.00,0.000,0.0103,0.2558
0.50,5.941,13.04,0.00,0.00,0.000,0.0101,0.2581
0.50,5.962,20.78,0.00,0.00,0.000,0.0091,0.2636
0.50,5.981,27.19,0.00,0.00,0.000,0.0086,0.2658
0.50,6.001,41.76,0.00,0.00,0.000,0.0081,0.2737
0.50,6.021,13.75,0.00,0.00,0.000,0.0075,0.2784
0.50,6.041,27.97,0.00,0.00,0.000,0.0078,0.2771
0.50,6.064,53.07,0.00,0.00,0.000,0.0095,0.2748
0.50,6.081,21.69,0.00,0.00,0.000,0.0124,0.2699
0.50,6.100,15.92,0.00,0.00,0.000,0.0141,0.2643
0.50,6.120,14.69,0.00,0.00,0.000,0.0128,0.2599
0.50,6.141,12.23,0.00,0.00,0.000,0.0113,0.2574
0.50,6.161,10.89,0.00,0.00,0.000,0.0103,0.2556
0.50,6.181,10.83,0.00,0.00,0.000,0.0095,0.2545
0.50,6.201,12.02,0.00,0.00,0.000,0.0093,0.2543
0.50,6.221,12.63,0.00,0.00,0.000,0.0094,0.2543
0.50,6.241,20.17,0.00,0.00,0.000,0.0108,0.2557
0.50,6.261,16.02,0.00,0.00,0.000,0.0117,0.2615
0.50,6.281,41.97,0.00,0.00,0.000,0.0121,0.2690
0.50,6.301,22.24,0.00,0.00,0.000,0.0129,0.2737
0.50,6.320,22.56,0.00,0.00,0.000,0.0129,0.2782
0.50,6.340,25.86,0.00,0.00,0.000,0.0107,0.2775
0.50,6.363,66.99,0.00,0.00,0.000,0.0091,0.2751
0.50,6.381,87.64,0.00,0.00,0.000,0.0108,0.2666
0.50,6.400,21.61,0.00,0.00,0.000,0.0120,0.2629
0.50,6.420,14.89,0.00,0.00,0.000,0.0116,0.2582
0.50,6.443,8.84,0.00,0.00,0.000,0.0113,0.2563
0.50,6.461,8.70,0.00,0.00,0.000,0.0112,0.2544
0.50,6.480,9.92,0.00,0.00,0.000,0.0110,0.2539
0.50,6.500,11.83,0.00,0.00,0.000,0.0100,0.2546
0.50,6.524,13.35,0.00,0.00,0.000,0.0096,0.2552
0.50,6.540,16.62,0.00,0.00,0.000,0.0088,0.2576
0.50,6.561,19.38,0.00,0.00,0.000,0.0081,0.2619
0.50,6.581,29.01,0.00,0.00,0.000,0.0079,0.2680
0.50,6.601,18.94,0.00,0.00,0.000,0.0084,0.2749
0.50,6.621,13.95,0.00,0.00,0.000,0.0079,0.2786
0.50,6.640,27.44,0.00,0.00,0.000,0.0089,0.2782
0.50,6.662,36.86,0.00,0.00,0.000,0.0135,0.2736
0.50,6.681,32.58,0.00,0.00,0.000,0.0152,0.2690
0.50,6.700,18.11,0.00,0.00,0.000,0.0162,0.2636
0.50,6.720,9.98,0.00,0.00,0.000,0.0162,0.2602
0.50,6.741,7.99,0.00,0.00,0.000,0.0151,0.2570
0.50,6.761,7.33,0.00,0.00,0.000,0.0145,0.2560
0.50,6.783,8.92,0.00,0.00,0.000,0.0136,0.2544
0.50,6.801,9.70,0.00,0.00,0.000,0.0136,0.2540
0.50,6.821,12.04,0.00,0.00,0.000,0.0146,0.2544
0.50,6.841,17.23,0.00,0.00,0.000,0.0155,0.2565
0.50,6.865,29.72,0.00,0.00,0.000,0.0157,0.2591
0.50,6.880,31.11,0.00,0.00,0.000,0.0161,0.2664
0.50,6.901,26.79,0.00,0.00,0.000,0.0174,0.2737
0.50,6.921,17.80,0.00,0.00,0.000,0.0178,0.2781
0.50,6.941,32.98,0.00,0.00,0.000,0.0150,0.2766
0.50,6.960,82.47,0.00,0.00,0.000,0.0122,0.2725
0.50,6.980,10.42,0.00,0.00,0.000,0.0127,0.2665
0.50,7.001,14.52,0.00,0.00,0.000,0.0130,0.2632
0.50,7.021,11.91,0.00,0.00,0.000,0.0130,0.2586
0.50,7.041,7.79,0.00,0.00,0.000,0.0128,0.2559
0.50,7.060,8.87,0.00,0.00,0.000,0.0125,0.2544
0.50,7.081,8.65,0.00,0.00,0.000,0.0121,0.2541
0.50,7.101,10.62,0.00,0.00,0.000,0.0109,0.2543
0.50,7.121,11.91,0.00,0.00,0.000,0.0101,0.2556
0.50,7.140,21.59,0.00,0.00,0.000,0.0094,0.2590
0.50,7.160,24.59,0.00,0.00,0.000,0.0086,0.2622
0.50,7.183,23.42,0.00,0.00,0.000,0.0087,0.2637
0.50,7.201,32.64,0.00,0.00,0.000,0.0094,0.2730
0.50,7.221,12.10,0.00,0.00,0.000,0.0091,0.2788
0.50,7.241,25.21,0.00,0.00,0.000,0.0105,0.2779
0.50,7.261,62.95,0.00,0.00,0.000,0.0133,0.2753
0.50,7.282,44.00,0.00,0.00,0.000,0.0158,0.2685
0.50,7.301,11.01,0.00,0.00,0.000,0.0173,0.2630
0.50,7.321,8.63,0.00,0.00,0.000,0.0174,0.2597
0.50,7.341,8.69,0.00,0.00,0.000,0.0166,0.2568
0.50,7.361,8.77,0.00,0.00,0.000,0.0158,0.2550
0.50,7.381,9.79,0.00,0.00,0.000,0.0151,0.2538
0.50,7.403,9.54,0.00,0.00,0.000,0.0150,0.2532
0.50,7.423,12.47,0.00,0.00,0.000,0.0154,0.2533
0.50,7.441,16.54,0.00,0.00,0.000,0.0165,0.2557
0.50,7.461,34.20,0.00,0.00,0.000,0.0169,0.2616
0.50,7.481,27.09,0.00,0.00,0.000,0.0174,0.2661
0.50,7.502,16.68,0.00,0.00,0.000,0.0187,0.2732
0.50,7.521,22.02,0.00,0.00,0.000,0.0190,0.2773
0.50,7.541,30.69,0.00,0.00,0.000,0.0147,0.2764
0.50,7.561,84.43,0.00,0.00,0.000,0.0108,0.2725
0.50,7.581,30.03,0.00,0.00,0.000,0.0123,0.2663
0.50,7.601,16.14,0.00,0.00,0.000,0.0131,0.2613
0.50,7.621,20.54,0.00,0.00,0.000,0.0126,0.2570
0.50,7.641,10.53,0.00,0.00,0.000,0.0122,0.2550
0.50,7.663,8.63,0.00,0.00,0.000,0.0120,0.2542
0.50,7.680,10.01,0.00,0.00,0.000,0.0115,0.2534
0.50,7.701,11.45,0.00,0.00,0.000,0.0105,0.2539
0.50,7.721,12.59,0.00,0.00,0.000,0.0094,0.2556
0.50,7.741,15.33,0.00,0.00,0.000,0.0086,0.2579
0.50,7.761,37.74,0.00,0.00,0.000,0.0078,0.2637
0.50,7.781,26.79,0.00,0.00,0.000,0.0076,0.2700
0.50,7.801,19.06,0.00,0.00,0.000,0.0076,0.2748
0.50,7.821,13.12,0.00,0.00,0.000,0.0067,0.2791
0.50,7.844,34.58,0.00,0.00,0.000,0.0074,0.2776
0.50,7.861,38.69,0.00,0.00,0.000,0.0131,0.2739
0.50,7.880,28.59,0.00,0.00,0.000,0.0170,0.2680
0.50,7.900,13.26,0.00,0.00,0.000,0.0174,0.2638
0.50,7.920,9.97,0.00,0.00,0.000,0.0170,0.2606
0.50,7.941,9.13,0.00,0.00,0.000,0.0160,0.2577
0.50,7.960,9.51,0.00,0.00,0.000,0.0146,0.2556
0.50,7.980,9.50,0.00,0.00,0.000,0.0137,0.2545
0.50,8.002,9.67,0.00,0.00,0.000,0.0132,0.2541
0.50,8.021,11.69,0.00,0.00,0.000,0.0135,0.2547
0.50,8.041,16.78,0.00,0.00,0.000,0.0143,0.2568
0.50,8.062,20.61,0.00,0.00,0.000,0.0146,0.2619
0.50,8.081,38.93,0.00,0.00,0.000,0.0148,0.2664
0.50,8.101,31.48,0.00,0.00,0.000,0.0159,0.2742
0.50,8.121,17.53,0.00,0.00,0.000,0.0161,0.2783
0.50,8.141,31.54,0.00,0.00,0.000,0.0114,0.2757
0.50,8.162,61.40,0.00,0.00,0.000,0.0090,0.2740
0.50,8.181,16.53,0.00,0.00,0.000,0.0097,0.2671
0.50,8.201,13.47,0.00,0.00,0.000,0.0110,0.2630
0.50,8.221,8.15,0.00,0.00,0.000,0.0114,0.2587
0.50,8.241,8.61,0.00,0.00,0.000,0.0103,0.2557
0.50,8.261,8.55,0.00,0.00,0.000,0.0095,0.2544
0.50,8.281,9.54,0.00,0.00,0.000,0.0091,0.2537
0.50,8.301,12.04,0.00,0.00,0.000,0.0089,0.2542
0.50,8.321,12.68,0.00,0.00,0.000,0.0086,0.2551
0.50,8.341,15.44,0.00,0.00,0.000,0.0085,0.2568
0.50,8.361,13.67,0.00,0.00,0.000,0.0082,0.2611
0.50,8.381,19.77,0.00,0.00,0.000,0.0088,0.2677
0.50,8.401,20.80,0.00,0.00,0.000,0.0111,0.2740
0.50,8.423,14.21,0.00,0.00,0.000,0.0119,0.2783
0.50,8.441,21.40,0.00,0.00,0.000,0.0109,0.2777
0.50,8.460,93.97,0.00,0.00,0.000,0.0114,0.2744
0.50,8.481,17.71,0.00,0.00,0.000,0.0145,0.2682
0.50,8.504,11.32,0.00,0.00,0.000,0.0157,0.2639
0.50,8.521,11.14,0.00,0.00,0.000,0.0147,0.2602
0.50,8.541,8.08,0.00,0.00,0.000,0.0127,0.2573
0.50,8.561,9.95,0.00,0.00,0.000,0.0112,0.2555
0.50,8.581,10.09,0.00,0.00,0.000,0.0101,0.2541
0.50,8.601,10.57,0.00,0.00,0.000,0.0102,0.2539
0.50,8.621,12.15,0.00,0.00,0.000,0.0108,0.2545
0.50,8.643,16.61,0.00,0.00,0.000,0.0106,0.2566
0.50,8.661,19.67,0.00,0.00,0.000,0.0100,0.2611
0.50,8.681,20.37,0.00,0.00,0.000,0.0095,0.2673
0.50,8.701,19.33,0.00,0.00,0.000,0.0100,0.2738
0.50,8.721,14.39,0.00,0.00,0.000,0.0105,0.2784
0.50,8.741,32.40,0.00,0.00,0.000,0.0074,0.2759
0.50,8.761,50.19,0.00,0.00,0.000,0.0052,0.2726
0.50,8.780,16.55,0.00,0.00,0.000,0.0057,0.2668
0.50,8.801,9.84,0.00,0.00,0.000,0.0068,0.2618
0.50,8.821,7.74,0.00,0.00,0.000,0.0071,0.2585
0.50,8.840,7.61,0.00,0.00,0.000,0.0068,0.2556
0.50,8.860,10.06,0.00,0.00,0.000,0.0068,0.2541
0.50,8.881,9.62,0.00,0.00,0.000,0.0069,0.2534
0.50,8.901,11.33,0.00,0.00,0.000,0.0073,0.2536
0.50,8.920,14.91,0.00,0.00,0.000,0.0071,0.2555
0.50,8.941,15.21,0.00,0.00,0.000,0.0067,0.2574
0.50,8.960,25.34,0.00,0.00,0.000,0.0058,0.2607
0.50,8.981,20.64,0.00,0.00,0.000,0.0055,0.2676
0.50,9.001,19.59,0.00,0.00,0.000,0.0068,0.2741
0.50,9.021,19.17,0.00,0.00,0.000,0.0065,0.2786
0.50,9.040,22.74,0.00,0.00,0.000,0.0058,0.2786
0.50,9.061,45.81,0.00,0.00,0.000,0.0127,0.2726
0.50,9.080,29.73,0.00,0.00,0.000,0.0162,0.2675
0.50,9.103,9.02,0.00,0.00,0.000,0.0172,0.2641
0.50,9.121,10.11,0.00,0.00,0.000,0.0170,0.2601
0.50,9.141,9.77,0.00,0.00,0.000,0.0157,0.2570
0.50,9.161,8.93,0.00,0.00,0.000,0.0147,0.2555
0.50,9.181,10.02,0.00,0.00,0.000,0.0137,0.2543
0.50,9.201,11.18,0.00,0.00,0.000,0.0133,0.2541
0.50,9.221,12.15,0.00,0.00,0.000,0.0136,0.2545
0.50,9.241,16.70,0.00,0.00,0.000,0.0140,0.2567
0.50,9.261,21.04,0.00,0.00,0.000,0.0142,0.2611
0.50,9.282,35.84,0.00,0.00,0.000,0.0145,0.2661
0.50,9.301,30.52,0.00,0.00,0.000,0.0155,0.2739
0.50,9.321,15.91,0.00,0.00,0.000,0.0157,0.2781
0.50,9.341,34.66,0.00,0.00,0.000,0.0127,0.2766
0.50,9.363,63.56,0.00,0.00,0.000,0.0074,0.2735
0.50,9.381,36.16,0.00,0.00,0.000,0.0078,0.2665
0.50,9.401,32.03,0.00,0.00,0.000,0.0091,0.2623
0.50,9.421,13.92,0.00,0.00,0.000,0.0095,0.2571
0.50,9.442,12.09,0.00,0.00,0.000,0.0092,0.2555
0.50,9.461,9.95,0.00,0.00,0.000,0.0088,0.2535
0.50,9.481,10.87,0.00,0.00,0.000,0.0087,0.2534
0.50,9.501,11.67,0.00,0.00,0.000,0.0085,0.2538
0.50,9.521,13.99,0.00,0.00,0.000,0.0082,0.2546
0.50,9.541,19.53,0.00,0.00,0.000,0.0072,0.2585
0.50,9.561,21.46,0.00,0.00,0.000,0.0065,0.2616
0.50,9.586,36.39,0.00,0.00,0.000,0.0065,0.2659
0.50,9.601,19.67,0.00,0.00,0.000,0.0078,0.2746
0.50,9.621,14.93,0.00,0.00,0.000,0.0069,0.2788
0.50,9.642,38.67,0.00,0.00,0.000,0.0081,0.2768
0.50,9.661,46.03,0.00,0.00,0.000,0.0125,0.2725
0.50,9.681,15.73,0.00,0.00,0.000,0.0144,0.2673
0.50,9.701,9.54,0.00,0.00,0.000,0.0144,0.2629
0.50,9.722,7.68,0.00,0.00,0.000,0.0133,0.2591
0.50,9.742,7.41,0.00,0.00,0.000,0.0119,0.2570
0.50,9.761,8.24,0.00,0.00,0.000,0.0101,0.2550
0.50,9.781,9.94,0.00,0.00,0.000,0.0093,0.2540
0.50,9.801,11.10,0.00,0.00,0.000,0.0096,0.2537
0.50,9.821,15.08,0.00,0.00,0.000,0.0105,0.2542
0.50,9.843,16.28,0.00,0.00,0.000,0.0107,0.2552
0.50,9.862,22.39,0.00,0.00,0.000,0.0103,0.2600
0.50,9.881,38.48,0.00,0.00,0.000,0.0099,0.2644
0.50,9.901,25.32,0.00,0.00,0.000,0.0099,0.2725
0.50,9.921,25.67,0.00,0.00,0.000,0.0098,0.2777
0.50,9.941,30.41,0.00,0.00,0.000,0.0078,0.2768
0.50,9.961,63.00,0.00,0.00,0.000,0.0063,0.2743
0.50,9.981,32.25,0.00,0.00,0.000,0.0092,0.2660
0.50,10.004,19.31,0.00,0.00,0.000,0.0103,0.2630
0.50,10.021,9.53,0.00,0.00,0.000,0.0104,0.2578
0.50,10.040,9.94,0.00,0.00,0.000,0.0101,0.2555
0.50,10.062,8.92,0.00,0.00,0.000,0.0098,0.2538
0.50,10.082,8.72,0.00,0.00,0.000,0.0098,0.2535
0.50,10.103,11.84,0.00,0.00,0.000,0.0097,0.2542
0.50,10.121,12.11,0.00,0.00,0.000,0.0095,0.2551
0.50,10.140,13.18,0.00,0.00,0.000,0.0090,0.2577
0.50,10.165,28.86,0.00,0.00,0.000,0.0079,0.2629
0.50,10.181,40.51,0.00,0.00,0.000,0.0073,0.2661
0.50,10.200,31.54,0.00,0.00,0.000,0.0067,0.2742
0.50,10.220,13.55,0.00,0.00,0.000,0.0055,0.2785
0.50,10.242,30.08,0.00,0.00,0.000,0.0054,0.2779
0.50,10.261,33.32,0.00,0.00,0.000,0.0099,0.2731
0.50,10.281,24.91,0.00,0.00,0.000,0.0133,0.2680
0.50,10.302,14.22,0.00,0.00,0.000,0.0147,0.2628
0.50,10.321,13.12,0.00,0.00,0.000,0.0144,0.2598
0.50,10.341,9.87,0.00,0.00,0.000,0.0136,0.2573
0.50,10.361,9.79,0.00,0.00,0.000,0.0124,0.2552
0.50,10.381,10.70,0.00,0.00,0.000,0.0122,0.2544
0.50,10.401,10.52,0.00,0.00,0.000,0.0124,0.2542
0.50,10.421,12.16,0.00,0.00,0.000,0.0133,0.2550
0.50,10.440,17.82,0.00,0.00,0.000,0.0143,0.2572
0.50,10.460,21.46,0.00,0.00,0.000,0.0151,0.2617
0.50,10.481,39.17,0.00,0.00,0.000,0.0160,0.2680
0.50,10.500,20.06,0.00,0.00,0.000,0.0174,0.2736
0.50,10.521,15.72,0.00,0.00,0.000,0.0179,0.2780
0.50,10.541,30.72,0.00,0.00,0.000,0.0136,0.2772
0.50,10.563,45.50,0.00,0.00,0.000,0.0107,0.2732
0.50,10.581,21.28,0.00,0.00,0.000,0.0120,0.2678
0.50,10.601,15.95,0.00,0.00,0.000,0.0126,0.2623
0.50,10.621,8.77,0.00,0.00,0.000,0.0125,0.2594
0.50,10.641,8.76,0.00,0.00,0.000,0.0119,0.2563
0.50,10.661,9.88,0.00,0.00,0.000,0.0115,0.2549
0.50,10.681,9.96,0.00,0.00,0.000,0.0109,0.2543
0.50,10.701,10.21,0.00,0.00,0.000,0.0104,0.2546
0.50,10.721,11.74,0.00,0.00,0.000,0.0096,0.2558
0.50,10.741,12.90,0.00,0.00,0.000,0.0087,0.2582
0.50,10.761,34.39,0.00,0.00,0.000,0.0078,0.2637
0.50,10.781,39.47,0.00,0.00,0.000,0.0076,0.2667
0.50,10.801,34.99,0.00,0.00,0.000,0.0073,0.2747
0.50,10.821,11.06,0.00,0.00,0.000,0.0061,0.2788
0.50,10.841,26.83,0.00,0.00,0.000,0.0070,0.2776
0.50,10.861,39.74,0.00,0.00,0.000,0.0108,0.2719
0.50,10.881,22.72,0.00,0.00,0.000,0.0129,0.2671
0.50,10.901,12.09,0.00,0.00,0.000,0.0134,0.2625
0.50,10.920,8.04,0.00,0.00,0.000,0.0124,0.2592
0.50,10.941,7.32,0.00,0.00,0.000,0.0114,0.2570
0.50,10.961,9.54,0.00,0.00,0.000,0.0099,0.2549
0.50,10.980,10.22,0.00,0.00,0.000,0.0097,0.2541
0.50,11.001,11.40,0.00,0.00,0.000,0.0101,0.2541
0.50,11.020,15.13,0.00,0.00,0.000,0.0108,0.2547
0.50,11.041,20.44,0.00,0.00,0.000,0.0113,0.2572
0.50,11.061,18.21,0.00,0.00,0.000,0.0113,0.2620
0.50,11.085,34.31,0.00,0.00,0.000,0.0113,0.2661
0.50,11.102,37.20,0.00,0.00,0.000,0.0118,0.2716
0.50,11.121,20.22,0.00,0.00,0.000,0.0125,0.2780
0.50,11.141,43.91,0.00,0.00,0.000,0.0109,0.2769
0.50,11.161,51.30,0.00,0.00,0.000,0.0085,0.2724
0.50,11.181,37.39,0.00,0.00,0.000,0.0084,0.2685
0.50,11.200,26.41,0.00,0.00,0.000,0.0087,0.2624
0.50,11.220,11.50,0.00,0.00,0.000,0.0090,0.2590
0.50,11.241,9.52,0.00,0.00,0.000,0.0087,0.2558
0.50,11.264,7.44,0.00,0.00,0.000,0.0086,0.2550
0.50,11.281,8.49,0.00,0.00,0.000,0.0083,0.2541
0.50,11.300,10.06,0.00,0.00,0.000,0.0081,0.2543
0.50,11.321,11.92,0.00,0.00,0.000,0.0077,0.2554
0.50,11.340,13.72,0.00,0.00,0.000,0.0075,0.2567
0.50,11.360,17.48,0.00,0.00,0.000,0.0069,0.2612
0.50,11.381,28.96,0.00,0.00,0.000,0.0069,0.2671
0.50,11.401,47.88,0.00,0.00,0.000,0.0077,0.2754
0.50,11.421,15.03,0.00,0.00,0.000,0.0082,0.2785
0.50,11.442,22.99,0.00,0.00,0.000,0.0082,0.2779
0.50,11.461,39.52,0.00,0.00,0.000,0.0126,0.2734
0.50,11.481,26.58,0.00,0.00,0.000,0.0153,0.2686
0.50,11.501,17.92,0.00,0.00,0.000,0.0164,0.2654
0.50,11.521,13.12,0.00,0.00,0.000,0.0160,0.2596
0.50,11.541,11.90,0.00,0.00,0.000,0.0147,0.2573
0.50,11.560,9.15,0.00,0.00,0.000,0.0135,0.2551
0.50,11.580,10.41,0.00,0.00,0.000,0.0129,0.2542
0.50,11.600,10.35,0.00,0.00,0.000,0.0131,0.2540
0.50,11.621,12.10,0.00,0.00,0.000,0.0141,0.2546
0.50,11.641,21.82,0.00,0.00,0.000,0.0148,0.2578
0.50,11.661,26.32,0.00,0.00,0.000,0.0150,0.2628
0.50,11.684,21.88,0.00,0.00,0.000,0.0155,0.2675
0.50,11.701,25.54,0.00,0.00,0.000,0.0164,0.2724
0.50,11.720,13.50,0.00,0.00,0.000,0.0171,0.2780
0.50,11.741,30.53,0.00,0.00,0.000,0.0165,0.2779
0.50,11.762,72.76,0.00,0.00,0.000,0.0131,0.2749
0.50,11.781,22.27,0.00,0.00,0.000,0.0128,0.2679
0.50,11.801,26.51,0.00,0.00,0.000,0.0132,0.2621
0.50,11.824,11.68,0.00,0.00,0.000,0.0130,0.2584
0.50,11.841,10.45,0.00,0.00,0.000,0.0123,0.2558
0.50,11.861,9.30,0.00,0.00,0.000,0.0118,0.2543
0.50,11.881,10.02,0.00,0.00,0.000,0.0112,0.2536
0.50,11.903,11.32,0.00,0.00,0.000,0.0104,0.2540
0.50,11.921,12.74,0.00,0.00,0.000,0.0096,0.2553
0.50,11.941,19.84,0.00,0.00,0.000,0.0088,0.2587
0.50,11.962,26.19,0.00,0.00,0.000,0.0082,0.2605
0.50,11.981,41.12,0.00,0.00,0.000,0.0082,0.2668
0.60,3.003,30.54,0.00,0.00,0.000,0.0113,0.2708
0.60,3.022,24.51,0.00,0.00,0.000,0.0124,0.2777
0.60,3.041,20.08,0.00,0.00,0.000,0.0114,0.2804
0.60,3.061,88.40,0.00,0.00,0.000,0.0114,0.2776
0.60,3.082,42.71,0.00,0.00,0.000,0.0128,0.2724
0.60,3.101,46.45,0.00,0.00,0.000,0.0150,0.2674
0.60,3.121,14.36,0.00,0.00,0.000,0.0161,0.2615
0.60,3.141,10.97,0.00,0.00,0.000,0.0144,0.2568
0.60,3.162,14.03,0.00,0.00,0.000,0.0122,0.2530
0.60,3.181,14.10,0.00,0.00,0.000,0.0104,0.2512
0.60,3.201,14.54,0.00,0.00,0.000,0.0102,0.2506
0.60,3.221,18.76,0.00,0.00,0.000,0.0112,0.2508
0.60,3.249,29.33,0.00,0.00,0.000,0.0125,0.2529
0.60,3.261,34.47,0.00,0.00,0.000,0.0130,0.2567
0.60,3.281,25.87,0.00,0.00,0.000,0.0139,0.2659
0.60,3.301,35.51,0.00,0.00,0.000,0.0151,0.2716
0.60,3.323,27.28,0.00,0.00,0.000,0.0174,0.2780
0.60,3.342,27.33,0.00,0.00,0.000,0.0172,0.2797
0.60,3.361,47.86,0.00,0.00,0.000,0.0101,0.2769
0.60,3.381,37.09,0.00,0.00,0.000,0.0091,0.2702
0.60,3.401,35.21,0.00,0.00,0.000,0.0115,0.2651
0.60,3.426,25.21,0.00,0.00,0.000,0.0122,0.2591
0.60,3.441,12.64,0.00,0.00,0.000,0.0114,0.2563
0.60,3.461,11.65,0.00,0.00,0.000,0.0105,0.2540
0.60,3.482,13.04,0.00,0.00,0.000,0.0094,0.2526
0.60,3.501,13.97,0.00,0.00,0.000,0.0090,0.2524
0.60,3.524,15.83,0.00,0.00,0.000,0.0086,0.2537
0.60,3.544,15.83,0.00,0.00,0.000,0.0086,0.2537
0.60,3.561,33.99,0.00,0.00,0.000,0.0080,0.2576
0.60,3.581,25.28,0.00,0.00,0.000,0.0087,0.2653
0.60,3.601,29.41,0.00,0.00,0.000,0.0114,0.2728
0.60,3.621,18.30,0.00,0.00,0.000,0.0109,0.2793
0.60,3.641,21.38,0.00,0.00,0.000,0.0098,0.2806
0.60,3.661,93.57,0.00,0.00,0.000,0.0111,0.2783
0.60,3.681,40.60,0.00,0.00,0.000,0.0159,0.2719
0.60,3.707,17.31,0.00,0.00,0.000,0.0191,0.2651
0.60,3.721,13.09,0.00,0.00,0.000,0.0187,0.2614
0.60,3.741,13.66,0.00,0.00,0.000,0.0164,0.2567
0.60,3.761,13.14,0.00,0.00,0.000,0.0141,0.2538
0.60,3.785,13.49,0.00,0.00,0.000,0.0130,0.2522
0.60,3.801,14.29,0.00,0.00,0.000,0.0131,0.2517
0.60,3.821,19.42,0.00,0.00,0.000,0.0134,0.2521
0.60,3.842,26.42,0.00,0.00,0.000,0.0141,0.2541
0.60,3.861,37.29,0.00,0.00,0.000,0.0146,0.2585
0.60,3.883,44.65,0.00,0.00,0.000,0.0152,0.2649
0.60,3.901,31.38,0.00,0.00,0.000,0.0169,0.2725
0.60,3.921,29.25,0.00,0.00,0.000,0.0186,0.2775
0.60,3.941,45.37,0.00,0.00,0.000,0.0147,0.2787
0.60,3.961,93.18,0.00,0.00,0.000,0.0120,0.2764
0.60,3.981,51.76,0.00,0.00,0.000,0.0123,0.2706
0.60,4.001,21.97,0.00,0.00,0.000,0.0134,0.2656
0.60,4.022,21.49,0.00,0.00,0.000,0.0134,0.2591
0.60,4.042,13.34,0.00,0.00,0.000,0.0125,0.2553
0.60,4.061,12.18,0.00,0.00,0.000,0.0119,0.2531
0.60,4.081,12.75,0.00,0.00,0.000,0.0112,0.2523
0.60,4.101,14.28,0.00,0.00,0.000,0.0104,0.2522
0.60,4.121,16.27,0.00,0.00,0.000,0.0101,0.2529
0.60,4.141,25.97,0.00,0.00,0.000,0.0092,0.2561
0.60,4.161,35.81,0.00,0.00,0.000,0.0084,0.2590
0.60,4.182,49.92,0.00,0.00,0.000,0.0088,0.2654
0.60,4.201,29.63,0.00,0.00,0.000,0.0104,0.2733
0.60,4.221,18.23,0.00,0.00,0.000,0.0094,0.2795
0.60,4.241,32.17,0.00,0.00,0.000,0.0083,0.2800
0.60,4.267,73.31,0.00,0.00,0.000,0.0129,0.2760
0.60,4.281,38.33,0.00,0.00,0.000,0.0154,0.2707
0.60,4.301,27.23,0.00,0.00,0.000,0.0156,0.2651
0.60,4.321,13.63,0.00,0.00,0.000,0.0142,0.2595
0.60,4.341,17.08,0.00,0.00,0.000,0.0128,0.2567
0.60,4.361,15.38,0.00,0.00,0.000,0.0108,0.2527
0.60,4.381,13.06,0.00,0.00,0.000,0.0091,0.2513
0.60,4.403,15.50,0.00,0.00,0.000,0.0089,0.2506
0.60,4.421,20.93,0.00,0.00,0.000,0.0104,0.2511
0.60,4.441,31.03,0.00,0.00,0.000,0.0124,0.2532
0.60,4.463,39.81,0.00,0.00,0.000,0.0135,0.2580
0.60,4.482,44.64,0.00,0.00,0.000,0.0141,0.2638
0.60,4.501,29.92,0.00,0.00,0.000,0.0157,0.2726
0.60,4.521,28.59,0.00,0.00,0.000,0.0176,0.2777
0.60,4.541,39.18,0.00,0.00,0.000,0.0151,0.2785
0.60,4.561,36.34,0.00,0.00,0.000,0.0110,0.2763
0.60,4.581,43.40,0.00,0.00,0.000,0.0099,0.2703
0.60,4.601,31.16,0.00,0.00,0.000,0.0110,0.2651
0.60,4.621,21.00,0.00,0.00,0.000,0.0114,0.2592
0.60,4.641,9.91,0.00,0.00,0.000,0.0106,0.2556
0.60,4.660,11.40,0.00,0.00,0.000,0.0094,0.2533
0.60,4.681,12.56,0.00,0.00,0.000,0.0087,0.2524
0.60,4.708,13.95,0.00,0.00,0.000,0.0088,0.2523
0.60,4.721,17.13,0.00,0.00,0.000,0.0090,0.2532
0.60,4.741,22.14,0.00,0.00,0.000,0.0091,0.2551
0.60,4.761,31.74,0.00,0.00,0.000,0.0087,0.2588
0.60,4.781,47.09,0.00,0.00,0.000,0.0097,0.2647
0.60,4.801,39.93,0.00,0.00,0.000,0.0125,0.2734
0.60,4.821,24.15,0.00,0.00,0.000,0.0130,0.2793
0.60,4.841,27.69,0.00,0.00,0.000,0.0129,0.2797
0.60,4.861,46.18,0.00,0.00,0.000,0.0133,0.2785
0.60,4.882,56.80,0.00,0.00,0.000,0.0137,0.2701
0.60,4.901,55.63,0.00,0.00,0.000,0.0140,0.2674
0.60,4.921,25.97,0.00,0.00,0.000,0.0144,0.2605
0.60,4.941,13.47,0.00,0.00,0.000,0.0133,0.2580
0.60,4.961,15.67,0.00,0.00,0.000,0.0114,0.2539
0.60,4.981,12.21,0.00,0.00,0.000,0.0097,0.2520
0.60,5.001,13.63,0.00,0.00,0.000,0.0094,0.2510
0.60,5.024,17.23,0.00,0.00,0.000,0.0103,0.2518
0.60,5.041,26.39,0.00,0.00,0.000,0.0112,0.2534
0.60,5.061,37.73,0.00,0.00,0.000,0.0114,0.2577
0.60,5.081,36.27,0.00,0.00,0.000,0.0113,0.2626
0.60,5.101,26.59,0.00,0.00,0.000,0.0123,0.2724
0.60,5.121,27.45,0.00,0.00,0.000,0.0141,0.2785
0.60,5.140,48.83,0.00,0.00,0.000,0.0118,0.2781
0.60,5.161,74.48,0.00,0.00,0.000,0.0081,0.2736
0.60,5.181,52.84,0.00,0.00,0.000,0.0085,0.2701
0.60,5.201,20.17,0.00,0.00,0.000,0.0096,0.2635
0.60,5.221,20.71,0.00,0.00,0.000,0.0092,0.2589
0.60,5.247,12.84,0.00,0.00,0.000,0.0076,0.2543
0.60,5.261,11.66,0.00,0.00,0.000,0.0076,0.2526
0.60,5.281,13.02,0.00,0.00,0.000,0.0086,0.2517
0.60,5.303,15.40,0.00,0.00,0.000,0.0093,0.2517
0.60,5.322,17.20,0.00,0.00,0.000,0.0092,0.2524
0.60,5.341,20.46,0.00,0.00,0.000,0.0083,0.2555
0.60,5.361,29.65,0.00,0.00,0.000,0.0072,0.2598
0.60,5.381,57.96,0.00,0.00,0.000,0.0076,0.2667
0.60,5.401,33.69,0.00,0.00,0.000,0.0083,0.2708
0.60,5.421,22.85,0.00,0.00,0.000,0.0083,0.2785
0.60,5.441,25.76,0.00,0.00,0.000,0.0061,0.2800
0.60,5.461,76.49,0.00,0.00,0.000,0.0083,0.2769
0.60,5.481,28.99,0.00,0.00,0.000,0.0101,0.2722
0.60,5.501,40.80,0.00,0.00,0.000,0.0109,0.2685
0.60,5.521,19.40,0.00,0.00,0.000,0.0100,0.2604
0.60,5.541,12.93,0.00,0.00,0.000,0.0078,0.2565
0.60,5.561,12.52,0.00,0.00,0.000,0.0061,0.2536
0.60,5.581,12.74,0.00,0.00,0.000,0.0046,0.2517
0.60,5.600,14.85,0.00,0.00,0.000,0.0047,0.2509
0.60,5.620,19.55,0.00,0.00,0.000,0.0063,0.2514
0.60,5.646,30.01,0.00,0.00,0.000,0.0080,0.2533
0.60,5.661,34.51,0.00,0.00,0.000,0.0083,0.2571
0.60,5.681,42.89,0.00,0.00,0.000,0.0083,0.2640
0.60,5.702,37.62,0.00,0.00,0.000,0.0089,0.2717
0.60,5.722,37.06,0.00,0.00,0.000,0.0104,0.2774
0.60,5.741,27.94,0.00,0.00,0.000,0.0121,0.2791
0.60,5.761,97.36,0.00,0.00,0.000,0.0134,0.2766
0.60,5.781,23.54,0.00,0.00,0.000,0.0116,0.2698
0.60,5.802,39.23,0.00,0.00,0.000,0.0104,0.2673
0.60,5.821,20.42,0.00,0.00,0.000,0.0099,0.2607
0.60,5.841,10.14,0.00,0.00,0.000,0.0106,0.2561
0.60,5.861,11.06,0.00,0.00,0.000,0.0109,0.2534
0.60,5.881,12.74,0.00,0.00,0.000,0.0098,0.2519
0.60,5.901,13.93,0.00,0.00,0.000,0.0092,0.2518
0.60,5.921,16.49,0.00,0.00,0.000,0.0091,0.2526
0.60,5.942,18.87,0.00,0.00,0.000,0.0096,0.2550
0.60,5.961,30.90,0.00,0.00,0.000,0.0098,0.2585
0.60,5.981,25.60,0.00,0.00,0.000,0.0111,0.2659
0.60,6.001,31.21,0.00,0.00,0.000,0.0138,0.2733
0.60,6.023,18.37,0.00,0.00,0.000,0.0147,0.2797
0.60,6.041,18.46,0.00,0.00,0.000,0.0142,0.2804
0.60,6.062,68.74,0.00,0.00,0.000,0.0138,0.2759
0.60,6.081,39.01,0.00,0.00,0.000,0.0152,0.2701
0.60,6.102,24.91,0.00,0.00,0.000,0.0159,0.2651
0.60,6.122,16.93,0.00,0.00,0.000,0.0167,0.2595
0.60,6.141,10.39,0.00,0.00,0.000,0.0152,0.2554
0.60,6.161,11.79,0.00,0.00,0.000,0.0129,0.2520
0.60,6.181,12.24,0.00,0.00,0.000,0.0108,0.2505
0.60,6.201,14.11,0.00,0.00,0.000,0.0107,0.2502
0.60,6.221,19.05,0.00,0.00,0.000,0.0122,0.2507
0.60,6.247,23.77,0.00,0.00,0.000,0.0143,0.2540
0.60,6.261,28.54,0.00,0.00,0.000,0.0148,0.2569
0.60,6.281,50.06,0.00,0.00,0.000,0.0154,0.2634
0.60,6.301,35.32,0.00,0.00,0.000,0.0168,0.2716
0.60,6.323,27.35,0.00,0.00,0.000,0.0184,0.2767
0.60,6.341,33.74,0.00,0.00,0.000,0.0175,0.2786
0.60,6.361,92.90,0.00,0.00,0.000,0.0124,0.2754
0.60,6.382,26.06,0.00,0.00,0.000,0.0116,0.2689
0.60,6.402,20.83,0.00,0.00,0.000,0.0122,0.2648
0.60,6.421,20.00,0.00,0.00,0.000,0.0125,0.2587
0.60,6.441,11.88,0.00,0.00,0.000,0.0118,0.2550
0.60,6.461,13.54,0.00,0.00,0.000,0.0104,0.2523
0.60,6.481,13.00,0.00,0.00,0.000,0.0099,0.2513
0.60,6.501,15.62,0.00,0.00,0.000,0.0101,0.2514
0.60,6.521,18.28,0.00,0.00,0.000,0.0099,0.2525
0.60,6.543,20.39,0.00,0.00,0.000,0.0092,0.2540
0.60,6.561,21.94,0.00,0.00,0.000,0.0074,0.2599
0.60,6.583,47.61,0.00,0.00,0.000,0.0070,0.2646
0.60,6.601,35.58,0.00,0.00,0.000,0.0081,0.2724
0.60,6.622,22.25,0.00,0.00,0.000,0.0078,0.2795
0.60,6.647,19.83,0.00,0.00,0.000,0.0074,0.2798
0.60,6.661,55.99,0.00,0.00,0.000,0.0085,0.2772
0.60,6.681,40.02,0.00,0.00,0.000,0.0128,0.2715
0.60,6.701,25.26,0.00,0.00,0.000,0.0139,0.2662
0.60,6.721,9.39,0.00,0.00,0.000,0.0126,0.2606
0.60,6.741,10.34,0.00,0.00,0.000,0.0109,0.2570
0.60,6.766,12.27,0.00,0.00,0.000,0.0085,0.2535
0.60,6.781,12.71,0.00,0.00,0.000,0.0067,0.2515
0.60,6.801,13.72,0.00,0.00,0.000,0.0063,0.2510
0.60,6.821,18.48,0.00,0.00,0.000,0.0071,0.2513
0.60,6.847,28.16,0.00,0.00,0.000,0.0086,0.2532
0.60,6.861,27.77,0.00,0.00,0.000,0.0088,0.2555
0.60,6.881,40.52,0.00,0.00,0.000,0.0086,0.2646
0.60,6.901,36.29,0.00,0.00,0.000,0.0086,0.2704
0.60,6.921,29.00,0.00,0.00,0.000,0.0102,0.2783
0.60,6.940,23.55,0.00,0.00,0.000,0.0107,0.2799
0.60,6.962,117.00,0.00,0.00,0.000,0.0092,0.2768
0.60,6.982,75.82,0.00,0.00,0.000,0.0083,0.2681
0.60,7.001,41.79,0.00,0.00,0.000,0.0093,0.2637
0.60,7.023,18.56,0.00,0.00,0.000,0.0096,0.2577
0.60,7.041,10.68,0.00,0.00,0.000,0.0094,0.2543
0.60,7.061,11.92,0.00,0.00,0.000,0.0091,0.2524
0.60,7.081,12.71,0.00,0.00,0.000,0.0087,0.2514
0.60,7.101,14.63,0.00,0.00,0.000,0.0083,0.2513
0.60,7.121,17.77,0.00,0.00,0.000,0.0079,0.2524
0.60,7.141,17.74,0.00,0.00,0.000,0.0074,0.2553
0.60,7.163,33.37,0.00,0.00,0.000,0.0067,0.2581
0.60,7.181,57.84,0.00,0.00,0.000,0.0073,0.2658
0.60,7.201,31.55,0.00,0.00,0.000,0.0098,0.2733
0.60,7.220,22.06,0.00,0.00,0.000,0.0101,0.2789
0.60,7.242,34.00,0.00,0.00,0.000,0.0096,0.2795
0.60,7.271,61.11,0.00,0.00,0.000,0.0129,0.2724
0.60,7.281,54.98,0.00,0.00,0.000,0.0141,0.2698
0.60,7.301,34.20,0.00,0.00,0.000,0.0164,0.2658
0.60,7.320,20.73,0.00,0.00,0.000,0.0168,0.2606
0.60,7.346,11.38,0.00,0.00,0.000,0.0150,0.2556
0.60,7.361,14.09,0.00,0.00,0.000,0.0135,0.2526
0.60,7.381,11.87,0.00,0.00,0.000,0.0119,0.2511
0.60,7.403,14.69,0.00,0.00,0.000,0.0120,0.2505
0.60,7.423,18.10,0.00,0.00,0.000,0.0132,0.2506
0.60,7.442,28.14,0.00,0.00,0.000,0.0154,0.2531
0.60,7.461,24.60,0.00,0.00,0.000,0.0164,0.2590
0.60,7.481,50.06,0.00,0.00,0.000,0.0172,0.2647
0.60,7.503,29.37,0.00,0.00,0.000,0.0187,0.2706
0.60,7.520,38.39,0.00,0.00,0.000,0.0210,0.2763
0.60,7.541,30.49,0.00,0.00,0.000,0.0212,0.2790
0.60,7.560,97.60,0.00,0.00,0.000,0.0186,0.2764
0.60,7.581,28.71,0.00,0.00,0.000,0.0165,0.2696
0.60,7.601,25.30,0.00,0.00,0.000,0.0157,0.2657
0.60,7.621,15.59,0.00,0.00,0.000,0.0154,0.2597
0.60,7.641,11.31,0.00,0.00,0.000,0.0153,0.2554
0.60,7.662,11.72,0.00,0.00,0.000,0.0147,0.2527
0.60,7.681,13.07,0.00,0.00,0.000,0.0137,0.2520
0.60,7.703,14.10,0.00,0.00,0.000,0.0125,0.2518
0.60,7.722,17.52,0.00,0.00,0.000,0.0114,0.2526
0.60,7.744,21.56,0.00,0.00,0.000,0.0113,0.2546
0.60,7.763,22.26,0.00,0.00,0.000,0.0114,0.2597
0.60,7.781,38.26,0.00,0.00,0.000,0.0128,0.2661
0.60,7.801,31.22,0.00,0.00,0.000,0.0154,0.2737
0.60,7.821,21.44,0.00,0.00,0.000,0.0159,0.2787
0.60,7.840,24.77,0.00,0.00,0.000,0.0146,0.2801
0.60,7.861,82.66,0.00,0.00,0.000,0.0141,0.2773
0.60,7.881,35.51,0.00,0.00,0.000,0.0153,0.2719
0.60,7.901,46.31,0.00,0.00,0.000,0.0175,0.2670
0.60,7.923,18.49,0.00,0.00,0.000,0.0184,0.2608
0.60,7.941,12.95,0.00,0.00,0.000,0.0170,0.2576
0.60,7.961,16.14,0.00,0.00,0.000,0.0143,0.2536
0.60,7.981,13.12,0.00,0.00,0.000,0.0120,0.2514
0.60,8.001,13.76,0.00,0.00,0.000,0.0111,0.2506
0.60,8.022,17.15,0.00,0.00,0.000,0.0121,0.2507
0.60,8.041,20.13,0.00,0.00,0.000,0.0139,0.2541
0.60,8.061,31.14,0.00,0.00,0.000,0.0146,0.2593
0.60,8.083,44.16,0.00,0.00,0.000,0.0150,0.2644
0.60,8.101,31.79,0.00,0.00,0.000,0.0160,0.2703
0.60,8.122,25.34,0.00,0.00,0.000,0.0182,0.2782
0.60,8.141,36.89,0.00,0.00,0.000,0.0149,0.2783
0.60,8.161,81.47,0.00,0.00,0.000,0.0113,0.2759
0.60,8.181,23.33,0.00,0.00,0.000,0.0110,0.2697
0.60,8.201,21.23,0.00,0.00,0.000,0.0116,0.2643
0.60,8.223,15.62,0.00,0.00,0.000,0.0119,0.2589
0.60,8.241,11.33,0.00,0.00,0.000,0.0114,0.2563
0.60,8.262,11.03,0.00,0.00,0.000,0.0101,0.2536
0.60,8.281,12.18,0.00,0.00,0.000,0.0090,0.2524
0.60,8.305,13.72,0.00,0.00,0.000,0.0090,0.2521
0.60,8.321,17.97,0.00,0.00,0.000,0.0094,0.2530
0.60,8.341,22.44,0.00,0.00,0.000,0.0089,0.2553
0.60,8.361,36.74,0.00,0.00,0.000,0.0079,0.2585
0.60,8.383,49.62,0.00,0.00,0.000,0.0080,0.2649
0.60,8.401,30.34,0.00,0.00,0.000,0.0101,0.2729
0.60,8.421,21.58,0.00,0.00,0.000,0.0103,0.2791
0.60,8.441,34.71,0.00,0.00,0.000,0.0104,0.2788
0.60,8.464,80.06,0.00,0.00,0.000,0.0126,0.2763
0.60,8.481,82.31,0.00,0.00,0.000,0.0135,0.2696
0.60,8.501,19.61,0.00,0.00,0.000,0.0136,0.2650
0.60,8.522,28.54,0.00,0.00,0.000,0.0134,0.2593
0.60,8.544,13.06,0.00,0.00,0.000,0.0121,0.2551
0.60,8.561,12.82,0.00,0.00,0.000,0.0102,0.2520
0.60,8.581,12.97,0.00,0.00,0.000,0.0090,0.2508
0.60,8.601,14.47,0.00,0.00,0.000,0.0090,0.2504
0.60,8.621,19.67,0.00,0.00,0.000,0.0103,0.2509
0.60,8.641,20.75,0.00,0.00,0.000,0.0117,0.2541
0.60,8.661,30.98,0.00,0.00,0.000,0.0122,0.2592
0.60,8.682,47.03,0.00,0.00,0.000,0.0130,0.2663
0.60,8.702,26.60,0.00,0.00,0.000,0.0144,0.2723
0.60,8.721,30.07,0.00,0.00,0.000,0.0161,0.2776
0.60,8.741,34.62,0.00,0.00,0.000,0.0138,0.2787
0.60,8.763,26.65,0.00,0.00,0.000,0.0092,0.2760
0.60,8.783,47.88,0.00,0.00,0.000,0.0079,0.2704
0.60,8.801,29.25,0.00,0.00,0.000,0.0098,0.2650
0.60,8.821,18.80,0.00,0.00,0.000,0.0106,0.2593
0.60,8.841,11.98,0.00,0.00,0.000,0.0096,0.2565
0.60,8.861,11.21,0.00,0.00,0.000,0.0079,0.2532
0.60,8.881,12.17,0.00,0.00,0.000,0.0076,0.2524
0.60,8.901,15.36,0.00,0.00,0.000,0.0083,0.2526
0.60,8.921,17.19,0.00,0.00,0.000,0.0085,0.2535
0.60,8.941,22.80,0.00,0.00,0.000,0.0080,0.2555
0.60,8.961,33.92,0.00,0.00,0.000,0.0070,0.2592
0.60,8.983,54.66,0.00,0.00,0.000,0.0075,0.2644
0.60,9.001,41.19,0.00,0.00,0.000,0.0095,0.2736
0.60,9.021,20.30,0.00,0.00,0.000,0.0087,0.2796
0.60,9.041,24.28,0.00,0.00,0.000,0.0079,0.2806
0.60,9.062,77.56,0.00,0.00,0.000,0.0118,0.2771
0.60,9.081,50.25,0.00,0.00,0.000,0.0155,0.2701
0.60,9.101,31.66,0.00,0.00,0.000,0.0160,0.2651
0.60,9.121,12.20,0.00,0.00,0.000,0.0149,0.2592
0.60,9.141,9.03,0.00,0.00,0.000,0.0139,0.2570
0.60,9.161,12.68,0.00,0.00,0.000,0.0116,0.2526
0.60,9.182,12.62,0.00,0.00,0.000,0.0105,0.2512
0.60,9.201,14.41,0.00,0.00,0.000,0.0101,0.2508
0.60,9.221,18.58,0.00,0.00,0.000,0.0109,0.2510
0.60,9.241,29.43,0.00,0.00,0.000,0.0123,0.2529
0.60,9.261,30.71,0.00,0.00,0.000,0.0129,0.2563
0.60,9.281,28.32,0.00,0.00,0.000,0.0135,0.2633
0.60,9.301,41.69,0.00,0.00,0.000,0.0147,0.2708
0.60,9.321,23.25,0.00,0.00,0.000,0.0168,0.2785
0.60,9.341,38.74,0.00,0.00,0.000,0.0165,0.2790
0.60,9.361,103.57,0.00,0.00,0.000,0.0145,0.2759
0.60,9.381,29.65,0.00,0.00,0.000,0.0133,0.2694
0.60,9.401,17.72,0.00,0.00,0.000,0.0128,0.2640
0.60,9.421,11.89,0.00,0.00,0.000,0.0124,0.2588
0.60,9.441,13.07,0.00,0.00,0.000,0.0123,0.2579
0.60,9.462,12.64,0.00,0.00,0.000,0.0105,0.2537
0.60,9.481,12.23,0.00,0.00,0.000,0.0093,0.2524
0.60,9.501,13.73,0.00,0.00,0.000,0.0090,0.2522
0.60,9.522,15.24,0.00,0.00,0.000,0.0093,0.2536
0.60,9.541,18.05,0.00,0.00,0.000,0.0092,0.2548
0.60,9.561,33.85,0.00,0.00,0.000,0.0085,0.2586
0.60,9.581,42.47,0.00,0.00,0.000,0.0093,0.2653
0.60,9.604,35.60,0.00,0.00,0.000,0.0120,0.2727
0.60,9.621,20.03,0.00,0.00,0.000,0.0119,0.2796
0.60,9.641,32.40,0.00,0.00,0.000,0.0118,0.2797
0.60,9.661,85.98,0.00,0.00,0.000,0.0128,0.2775
0.60,9.681,30.83,0.00,0.00,0.000,0.0138,0.2712
0.60,9.706,36.16,0.00,0.00,0.000,0.0148,0.2677
0.60,9.721,14.42,0.00,0.00,0.000,0.0151,0.2616
0.60,9.745,10.67,0.00,0.00,0.000,0.0137,0.2569
0.60,9.761,12.07,0.00,0.00,0.000,0.0122,0.2541
0.60,9.781,12.77,0.00,0.00,0.000,0.0107,0.2518
0.60,9.801,13.82,0.00,0.00,0.000,0.0104,0.2508
0.60,9.827,21.12,0.00,0.00,0.000,0.0119,0.2513
0.60,9.844,23.74,0.00,0.00,0.000,0.0131,0.2532
0.60,9.861,29.60,0.00,0.00,0.000,0.0137,0.2591
0.60,9.881,37.71,0.00,0.00,0.000,0.0144,0.2657
0.60,9.901,32.98,0.00,0.00,0.000,0.0152,0.2696
0.60,9.921,25.99,0.00,0.00,0.000,0.0180,0.2781
0.60,9.941,35.68,0.00,0.00,0.000,0.0171,0.2795
0.60,9.961,61.11,0.00,0.00,0.000,0.0131,0.2743
0.60,9.981,39.90,0.00,0.00,0.000,0.0123,0.2697
0.60,10.001,17.99,0.00,0.00,0.000,0.0125,0.2656
0.60,10.023,16.83,0.00,0.00,0.000,0.0127,0.2598
0.60,10.041,12.37,0.00,0.00,0.000,0.0126,0.2550
0.60,10.061,11.84,0.00,0.00,0.000,0.0118,0.2530
0.60,10.082,13.07,0.00,0.00,0.000,0.0112,0.2523
0.60,10.101,15.01,0.00,0.00,0.000,0.0106,0.2523
0.60,10.121,17.40,0.00,0.00,0.000,0.0100,0.2533
0.60,10.141,20.42,0.00,0.00,0.000,0.0095,0.2557
0.60,10.169,28.19,0.00,0.00,0.000,0.0086,0.2607
0.60,10.181,44.58,0.00,0.00,0.000,0.0089,0.2641
0.60,10.201,31.76,0.00,0.00,0.000,0.0103,0.2723
0.60,10.222,21.63,0.00,0.00,0.000,0.0098,0.2791
0.60,10.241,23.91,0.00,0.00,0.000,0.0082,0.2801
0.60,10.261,78.82,0.00,0.00,0.000,0.0094,0.2776
0.60,10.281,35.55,0.00,0.00,0.000,0.0118,0.2723
0.60,10.301,45.50,0.00,0.00,0.000,0.0136,0.2673
0.60,10.327,16.43,0.00,0.00,0.000,0.0129,0.2610
0.60,10.341,10.67,0.00,0.00,0.000,0.0111,0.2576
0.60,10.362,12.98,0.00,0.00,0.000,0.0078,0.2530
0.60,10.381,13.86,0.00,0.00,0.000,0.0064,0.2513
0.60,10.402,14.54,0.00,0.00,0.000,0.0063,0.2511
0.60,10.421,18.69,0.00,0.00,0.000,0.0071,0.2515
0.60,10.441,27.89,0.00,0.00,0.000,0.0080,0.2534
0.60,10.463,30.14,0.00,0.00,0.000,0.0081,0.2568
0.60,10.481,35.28,0.00,0.00,0.000,0.0080,0.2630
0.60,10.501,37.22,0.00,0.00,0.000,0.0086,0.2709
0.60,10.521,21.76,0.00,0.00,0.000,0.0100,0.2785
0.60,10.541,30.00,0.00,0.00,0.000,0.0094,0.2793
0.60,10.561,46.32,0.00,0.00,0.000,0.0070,0.2770
0.60,10.583,51.41,0.00,0.00,0.000,0.0076,0.2686
0.60,10.601,33.85,0.00,0.00,0.000,0.0091,0.2651
0.60,10.620,24.74,0.00,0.00,0.000,0.0094,0.2589
0.60,10.642,16.24,0.00,0.00,0.000,0.0091,0.2566
0.60,10.661,11.31,0.00,0.00,0.000,0.0079,0.2530
0.60,10.681,12.05,0.00,0.00,0.000,0.0078,0.2520
0.60,10.701,13.83,0.00,0.00,0.000,0.0080,0.2520
0.60,10.721,16.03,0.00,0.00,0.000,0.0080,0.2533
0.60,10.741,20.08,0.00,0.00,0.000,0.0073,0.2554
0.60,10.761,34.58,0.00,0.00,0.000,0.0063,0.2588
0.60,10.781,38.74,0.00,0.00,0.000,0.0060,0.2633
0.60,10.802,42.45,0.00,0.00,0.000,0.0077,0.2737
0.60,10.821,25.37,0.00,0.00,0.000,0.0078,0.2782
0.60,10.841,26.15,0.00,0.00,0.000,0.0070,0.2793
0.60,10.863,76.16,0.00,0.00,0.000,0.0085,0.2765
0.60,10.881,31.03,0.00,0.00,0.000,0.0111,0.2693
0.60,10.901,35.48,0.00,0.00,0.000,0.0121,0.2649
0.60,10.921,24.92,0.00,0.00,0.000,0.0107,0.2586
0.60,10.943,15.29,0.00,0.00,0.000,0.0083,0.2553
0.60,10.962,14.86,0.00,0.00,0.000,0.0068,0.2527
0.60,10.981,13.82,0.00,0.00,0.000,0.0053,0.2512
0.60,11.001,15.80,0.00,0.00,0.000,0.0056,0.2506
0.60,11.022,19.18,0.00,0.00,0.000,0.0073,0.2509
0.60,11.044,24.50,0.00,0.00,0.000,0.0090,0.2525
0.60,11.061,33.14,0.00,0.00,0.000,0.0104,0.2587
0.60,11.081,26.15,0.00,0.00,0.000,0.0110,0.2664
0.60,11.110,27.83,0.00,0.00,0.000,0.0134,0.2755
0.60,11.121,34.76,0.00,0.00,0.000,0.0138,0.2768
0.60,11.141,32.37,0.00,0.00,0.000,0.0127,0.2788
0.60,11.161,95.67,0.00,0.00,0.000,0.0069,0.2760
0.60,11.186,28.06,0.00,0.00,0.000,0.0051,0.2695
0.60,11.201,26.41,0.00,0.00,0.000,0.0061,0.2656
0.60,11.222,18.76,0.00,0.00,0.000,0.0075,0.2597
0.60,11.241,9.93,0.00,0.00,0.000,0.0077,0.2565
0.60,11.263,10.65,0.00,0.00,0.000,0.0069,0.2536
0.60,11.281,12.17,0.00,0.00,0.000,0.0062,0.2521
0.60,11.301,14.01,0.00,0.00,0.000,0.0067,0.2518
0.60,11.321,15.67,0.00,0.00,0.000,0.0073,0.2531
0.60,11.341,21.21,0.00,0.00,0.000,0.0072,0.2546
0.60,11.362,35.78,0.00,0.00,0.000,0.0068,0.2596
0.60,11.381,43.21,0.00,0.00,0.000,0.0078,0.2662
0.60,11.401,43.37,0.00,0.00,0.000,0.0110,0.2722
0.60,11.421,23.85,0.00,0.00,0.000,0.0121,0.2789
0.60,11.441,28.65,0.00,0.00,0.000,0.0112,0.2797
0.60,11.461,41.50,0.00,0.00,0.000,0.0113,0.2778
0.60,11.482,40.67,0.00,0.00,0.000,0.0133,0.2716
0.60,11.501,49.52,0.00,0.00,0.000,0.0160,0.2673
0.60,11.521,27.89,0.00,0.00,0.000,0.0170,0.2606
0.60,11.542,14.96,0.00,0.00,0.000,0.0151,0.2565
0.60,11.561,12.15,0.00,0.00,0.000,0.0141,0.2543
0.60,11.581,12.50,0.00,0.00,0.000,0.0121,0.2517
0.60,11.601,14.26,0.00,0.00,0.000,0.0115,0.2507
0.60,11.621,20.23,0.00,0.00,0.000,0.0121,0.2509
0.60,11.641,26.17,0.00,0.00,0.000,0.0135,0.2529
0.60,11.662,40.16,0.00,0.00,0.000,0.0140,0.2567
0.60,11.682,27.51,0.00,0.00,0.000,0.0145,0.2646
0.60,11.701,41.56,0.00,0.00,0.000,0.0157,0.2714
0.60,11.721,23.96,0.00,0.00,0.000,0.0177,0.2769
0.60,11.741,30.36,0.00,0.00,0.000,0.0182,0.2789
0.60,11.761,92.12,0.00,0.00,0.000,0.0159,0.2765
0.60,11.789,25.00,0.00,0.00,0.000,0.0125,0.2686
0.60,11.801,14.47,0.00,0.00,0.000,0.0124,0.2642
0.60,11.821,17.31,0.00,0.00,0.000,0.0128,0.2597
0.60,11.841,11.80,0.00,0.00,0.000,0.0126,0.2560
0.60,11.863,12.03,0.00,0.00,0.000,0.0118,0.2531
0.60,11.882,13.11,0.00,0.00,0.000,0.0111,0.2522
0.60,11.901,14.70,0.00,0.00,0.000,0.0103,0.2521
0.60,11.921,18.40,0.00,0.00,0.000,0.0097,0.2527
0.60,11.942,19.89,0.00,0.00,0.000,0.0095,0.2543
0.60,11.961,31.86,0.00,0.00,0.000,0.0088,0.2585
0.60,11.981,29.55,0.00,0.00,0.000,0.0098,0.2659
0.80,3.001,69.60,0.00,0.00,0.000,0.0092,0.2668
0.80,3.021,37.58,0.00,0.00,0.000,0.0075,0.2779
0.80,3.041,31.85,0.00,0.00,0.000,0.0042,0.2814
0.80,3.061,151.67,0.00,0.00,0.000,0.0047,0.2794
0.80,3.082,117.73,0.00,0.00,0.000,0.0070,0.2752
0.80,3.101,136.53,0.00,0.00,0.000,0.0113,0.2699
0.80,3.121,67.76,0.00,0.00,0.000,0.0117,0.2598
0.80,3.141,25.48,0.00,0.00,0.000,0.0084,0.2532
0.80,3.161,30.13,0.00,0.00,0.000,0.0044,0.2471
0.80,3.181,21.46,0.00,0.00,0.000,0.0021,0.2454
0.80,3.203,26.25,0.00,0.00,0.000,0.0017,0.2446
0.80,3.221,35.53,0.00,0.00,0.000,0.0023,0.2450
0.80,3.241,36.42,0.00,0.00,0.000,0.0042,0.2487
0.80,3.261,48.67,0.00,0.00,0.000,0.0050,0.2546
0.80,3.281,50.51,0.00,0.00,0.000,0.0072,0.2629
0.80,3.301,61.32,0.00,0.00,0.000,0.0100,0.2694
0.80,3.321,33.66,0.00,0.00,0.000,0.0141,0.2779
0.80,3.341,45.39,0.00,0.00,0.000,0.0139,0.2805
0.80,3.361,165.26,0.00,0.00,0.000,0.0096,0.2786
0.80,3.381,46.56,0.00,0.00,0.000,0.0068,0.2714
0.80,3.401,45.02,0.00,0.00,0.000,0.0077,0.2672
0.80,3.421,21.89,0.00,0.00,0.000,0.0102,0.2588
0.80,3.440,15.99,0.00,0.00,0.000,0.0112,0.2549
0.80,3.462,17.71,0.00,0.00,0.000,0.0110,0.2515
0.80,3.480,20.83,0.00,0.00,0.000,0.0095,0.2494
0.80,3.500,23.29,0.00,0.00,0.000,0.0091,0.2488
0.80,3.521,27.43,0.00,0.00,0.000,0.0102,0.2493
0.80,3.543,30.96,0.00,0.00,0.000,0.0110,0.2506
0.80,3.561,34.63,0.00,0.00,0.000,0.0115,0.2562
0.80,3.581,73.63,0.00,0.00,0.000,0.0116,0.2611
0.80,3.601,61.17,0.00,0.00,0.000,0.0122,0.2702
0.80,3.621,35.16,0.00,0.00,0.000,0.0115,0.2769
0.80,3.641,29.85,0.00,0.00,0.000,0.0097,0.2821
0.80,3.661,142.52,0.00,0.00,0.000,0.0096,0.2796
0.80,3.682,66.26,0.00,0.00,0.000,0.0116,0.2730
0.80,3.701,103.61,0.00,0.00,0.000,0.0123,0.2690
0.80,3.721,20.54,0.00,0.00,0.000,0.0114,0.2602
0.80,3.741,21.38,0.00,0.00,0.000,0.0088,0.2530
0.80,3.761,24.20,0.00,0.00,0.000,0.0069,0.2487
0.80,3.781,20.86,0.00,0.00,0.000,0.0043,0.2459
0.80,3.801,26.54,0.00,0.00,0.000,0.0038,0.2449
0.80,3.823,36.68,0.00,0.00,0.000,0.0061,0.2451
0.80,3.841,46.31,0.00,0.00,0.000,0.0081,0.2474
0.80,3.861,61.14,0.00,0.00,0.000,0.0095,0.2529
0.80,3.881,67.56,0.00,0.00,0.000,0.0110,0.2608
0.80,3.901,73.21,0.00,0.00,0.000,0.0131,0.2681
0.80,3.921,39.07,0.00,0.00,0.000,0.0172,0.2773
0.80,3.941,48.76,0.00,0.00,0.000,0.0172,0.2792
0.80,3.961,146.94,0.00,0.00,0.000,0.0107,0.2766
0.80,3.981,50.19,0.00,0.00,0.000,0.0063,0.2700
0.80,4.001,26.83,0.00,0.00,0.000,0.0073,0.2641
0.80,4.021,21.67,0.00,0.00,0.000,0.0083,0.2577
0.80,4.041,19.54,0.00,0.00,0.000,0.0077,0.2528
0.80,4.060,21.58,0.00,0.00,0.000,0.0071,0.2510
0.80,4.081,20.93,0.00,0.00,0.000,0.0064,0.2488
0.80,4.101,24.71,0.00,0.00,0.000,0.0075,0.2481
0.80,4.122,27.30,0.00,0.00,0.000,0.0084,0.2491
0.80,4.141,36.40,0.00,0.00,0.000,0.0081,0.2504
0.80,4.161,59.07,0.00,0.00,0.000,0.0075,0.2537
0.80,4.181,71.84,0.00,0.00,0.000,0.0072,0.2609
0.80,4.202,59.52,0.00,0.00,0.000,0.0075,0.2710
0.80,4.221,31.98,0.00,0.00,0.000,0.0052,0.2789
0.80,4.241,50.01,0.00,0.00,0.000,0.0037,0.2806
0.80,4.261,112.71,0.00,0.00,0.000,0.0058,0.2763
0.80,4.281,65.19,0.00,0.00,0.000,0.0065,0.2715
0.80,4.301,41.46,0.00,0.00,0.000,0.0072,0.2650
0.80,4.321,23.32,0.00,0.00,0.000,0.0055,0.2569
0.80,4.341,20.96,0.00,0.00,0.000,0.0034,0.2509
0.80,4.361,22.94,0.00,0.00,0.000,0.0027,0.2477
0.80,4.381,23.11,0.00,0.00,0.000,0.0030,0.2457
0.80,4.401,29.16,0.00,0.00,0.000,0.0025,0.2452
0.80,4.421,34.04,0.00,0.00,0.000,0.0016,0.2467
0.80,4.442,52.38,0.00,0.00,0.000,0.0024,0.2488
0.80,4.460,44.27,0.00,0.00,0.000,0.0027,0.2546
0.80,4.480,55.66,0.00,0.00,0.000,0.0032,0.2602
0.80,4.501,51.27,0.00,0.00,0.000,0.0073,0.2714
0.80,4.521,37.29,0.00,0.00,0.000,0.0113,0.2780
0.80,4.541,54.65,0.00,0.00,0.000,0.0108,0.2798
0.80,4.563,139.47,0.00,0.00,0.000,0.0064,0.2766
0.80,4.581,53.61,0.00,0.00,0.000,0.0051,0.2704
0.80,4.601,35.09,0.00,0.00,0.000,0.0046,0.2659
0.80,4.623,21.15,0.00,0.00,0.000,0.0058,0.2578
0.80,4.640,16.28,0.00,0.00,0.000,0.0067,0.2541
0.80,4.660,17.61,0.00,0.00,0.000,0.0073,0.2506
0.80,4.680,19.81,0.00,0.00,0.000,0.0069,0.2491
0.80,4.706,22.03,0.00,0.00,0.000,0.0069,0.2485
0.80,4.720,25.12,0.00,0.00,0.000,0.0075,0.2485
0.80,4.740,39.29,0.00,0.00,0.000,0.0075,0.2506
0.80,4.761,52.19,0.00,0.00,0.000,0.0064,0.2545
0.80,4.781,102.02,0.00,0.00,0.000,0.0063,0.2603
0.80,4.800,77.80,0.00,0.00,0.000,0.0072,0.2718
0.80,4.820,38.70,0.00,0.00,0.000,0.0053,0.2790
0.80,4.841,44.50,0.00,0.00,0.000,0.0042,0.2815
0.80,4.860,78.93,0.00,0.00,0.000,0.0058,0.2801
0.80,4.886,99.53,0.00,0.00,0.000,0.0087,0.2710
0.80,4.901,98.70,0.00,0.00,0.000,0.0079,0.2676
0.80,4.921,42.83,0.00,0.00,0.000,0.0062,0.2583
0.80,4.942,22.19,0.00,0.00,0.000,0.0041,0.2541
0.80,4.961,26.76,0.00,0.00,0.000,0.0020,0.2487
0.80,4.981,24.38,0.00,0.00,0.000,0.0006,0.2464
0.80,5.001,29.95,0.00,0.00,0.000,0.0010,0.2457
0.80,5.021,37.89,0.00,0.00,0.000,0.0028,0.2468
0.80,5.041,68.45,0.00,0.00,0.000,0.0052,0.2509
0.80,5.061,61.41,0.00,0.00,0.000,0.0066,0.2554
0.80,5.081,59.29,0.00,0.00,0.000,0.0094,0.2638
0.80,5.101,45.44,0.00,0.00,0.000,0.0136,0.2734
0.80,5.121,31.75,0.00,0.00,0.000,0.0169,0.2796
0.80,5.141,61.96,0.00,0.00,0.000,0.0163,0.2812
0.80,5.161,85.92,0.00,0.00,0.000,0.0117,0.2787
0.80,5.184,88.06,0.00,0.00,0.000,0.0095,0.2700
0.80,5.201,63.33,0.00,0.00,0.000,0.0103,0.2665
0.80,5.221,38.97,0.00,0.00,0.000,0.0117,0.2590
0.80,5.241,18.57,0.00,0.00,0.000,0.0115,0.2543
0.80,5.261,18.78,0.00,0.00,0.000,0.0111,0.2508
0.80,5.283,20.63,0.00,0.00,0.000,0.0104,0.2497
0.80,5.301,22.75,0.00,0.00,0.000,0.0105,0.2492
0.80,5.321,26.03,0.00,0.00,0.000,0.0110,0.2501
0.80,5.341,34.57,0.00,0.00,0.000,0.0112,0.2515
0.80,5.362,52.94,0.00,0.00,0.000,0.0111,0.2552
0.80,5.380,76.09,0.00,0.00,0.000,0.0112,0.2620
0.80,5.400,55.06,0.00,0.00,0.000,0.0116,0.2714
0.80,5.421,30.56,0.00,0.00,0.000,0.0098,0.2801
0.80,5.442,31.77,0.00,0.00,0.000,0.0077,0.2824
0.80,5.463,108.61,0.00,0.00,0.000,0.0076,0.2777
0.80,5.481,82.93,0.00,0.00,0.000,0.0097,0.2719
0.80,5.501,58.19,0.00,0.00,0.000,0.0113,0.2657
0.80,5.524,27.59,0.00,0.00,0.000,0.0101,0.2592
0.80,5.541,19.06,0.00,0.00,0.000,0.0069,0.2529
0.80,5.560,24.16,0.00,0.00,0.000,0.0035,0.2475
0.80,5.581,21.63,0.00,0.00,0.000,0.0009,0.2455
0.80,5.601,28.21,0.00,0.00,0.000,0.0011,0.2454
0.80,5.622,34.19,0.00,0.00,0.000,0.0023,0.2456
0.80,5.641,45.81,0.00,0.00,0.000,0.0051,0.2488
0.80,5.661,39.59,0.00,0.00,0.000,0.0057,0.2559
0.80,5.681,71.72,0.00,0.00,0.000,0.0075,0.2640
0.80,5.701,47.29,0.00,0.00,0.000,0.0109,0.2708
0.80,5.721,38.87,0.00,0.00,0.000,0.0159,0.2784
0.80,5.741,51.02,0.00,0.00,0.000,0.0163,0.2812
0.80,5.763,98.53,0.00,0.00,0.000,0.0122,0.2763
0.80,5.781,75.07,0.00,0.00,0.000,0.0110,0.2699
0.80,5.801,52.90,0.00,0.00,0.000,0.0112,0.2648
0.80,5.821,41.82,0.00,0.00,0.000,0.0127,0.2577
0.80,5.842,18.21,0.00,0.00,0.000,0.0142,0.2546
0.80,5.861,18.95,0.00,0.00,0.000,0.0147,0.2511
0.80,5.880,20.27,0.00,0.00,0.000,0.0135,0.2493
0.80,5.900,23.20,0.00,0.00,0.000,0.0131,0.2487
0.80,5.921,25.93,0.00,0.00,0.000,0.0137,0.2492
0.80,5.941,33.49,0.00,0.00,0.000,0.0150,0.2513
0.80,5.961,37.10,0.00,0.00,0.000,0.0157,0.2562
0.80,5.981,68.91,0.00,0.00,0.000,0.0160,0.2615
0.80,6.001,64.85,0.00,0.00,0.000,0.0164,0.2705
0.80,6.021,34.39,0.00,0.00,0.000,0.0154,0.2798
0.80,6.041,40.81,0.00,0.00,0.000,0.0134,0.2823
0.80,6.064,120.77,0.00,0.00,0.000,0.0121,0.2780
0.80,6.081,72.02,0.00,0.00,0.000,0.0128,0.2732
0.80,6.101,34.83,0.00,0.00,0.000,0.0136,0.2658
0.80,6.121,16.11,0.00,0.00,0.000,0.0126,0.2599
0.80,6.141,22.73,0.00,0.00,0.000,0.0104,0.2529
0.80,6.161,22.70,0.00,0.00,0.000,0.0085,0.2491
0.80,6.181,17.57,0.00,0.00,0.000,0.0066,0.2472
0.80,6.201,24.56,0.00,0.00,0.000,0.0055,0.2456
0.80,6.221,32.87,0.00,0.00,0.000,0.0073,0.2464
0.80,6.241,58.41,0.00,0.00,0.000,0.0091,0.2496
0.80,6.261,59.98,0.00,0.00,0.000,0.0099,0.2538
0.80,6.281,68.54,0.00,0.00,0.000,0.0119,0.2614
0.80,6.302,59.26,0.00,0.00,0.000,0.0150,0.2702
0.80,6.321,34.93,0.00,0.00,0.000,0.0184,0.2774
0.80,6.341,42.86,0.00,0.00,0.000,0.0194,0.2805
0.80,6.361,108.98,0.00,0.00,0.000,0.0153,0.2761
0.80,6.382,108.12,0.00,0.00,0.000,0.0118,0.2678
0.80,6.401,76.07,0.00,0.00,0.000,0.0116,0.2651
0.80,6.421,40.51,0.00,0.00,0.000,0.0127,0.2575
0.80,6.441,20.36,0.00,0.00,0.000,0.0140,0.2544
0.80,6.461,21.17,0.00,0.00,0.000,0.0143,0.2506
0.80,6.481,20.83,0.00,0.00,0.000,0.0139,0.2491
0.80,6.501,23.49,0.00,0.00,0.000,0.0135,0.2487
0.80,6.521,27.98,0.00,0.00,0.000,0.0139,0.2489
0.80,6.541,37.34,0.00,0.00,0.000,0.0141,0.2507
0.80,6.561,52.35,0.00,0.00,0.000,0.0141,0.2546
0.80,6.580,78.10,0.00,0.00,0.000,0.0140,0.2612
0.80,6.604,62.08,0.00,0.00,0.000,0.0138,0.2719
0.80,6.621,38.80,0.00,0.00,0.000,0.0120,0.2795
0.80,6.641,46.65,0.00,0.00,0.000,0.0108,0.2815
0.80,6.661,138.31,0.00,0.00,0.000,0.0117,0.2790
0.80,6.683,58.39,0.00,0.00,0.000,0.0117,0.2727
0.80,6.703,35.43,0.00,0.00,0.000,0.0112,0.2670
0.80,6.721,19.55,0.00,0.00,0.000,0.0096,0.2596
0.80,6.741,28.21,0.00,0.00,0.000,0.0077,0.2527
0.80,6.761,20.39,0.00,0.00,0.000,0.0054,0.2477
0.80,6.781,20.27,0.00,0.00,0.000,0.0029,0.2460
0.80,6.802,27.94,0.00,0.00,0.000,0.0029,0.2457
0.80,6.821,33.22,0.00,0.00,0.000,0.0055,0.2470
0.80,6.841,53.62,0.00,0.00,0.000,0.0069,0.2489
0.80,6.861,50.05,0.00,0.00,0.000,0.0074,0.2534
0.80,6.881,53.81,0.00,0.00,0.000,0.0091,0.2633
0.80,6.901,52.81,0.00,0.00,0.000,0.0120,0.2718
0.80,6.921,29.16,0.00,0.00,0.000,0.0157,0.2784
0.80,6.941,64.73,0.00,0.00,0.000,0.0150,0.2796
0.80,6.961,140.77,0.00,0.00,0.000,0.0088,0.2762
0.80,6.981,45.32,0.00,0.00,0.000,0.0065,0.2698
0.80,7.006,20.49,0.00,0.00,0.000,0.0061,0.2639
0.80,7.021,22.65,0.00,0.00,0.000,0.0067,0.2590
0.80,7.041,19.22,0.00,0.00,0.000,0.0073,0.2541
0.80,7.061,18.44,0.00,0.00,0.000,0.0069,0.2515
0.80,7.081,21.04,0.00,0.00,0.000,0.0064,0.2491
0.80,7.101,24.29,0.00,0.00,0.000,0.0071,0.2485
0.80,7.121,29.29,0.00,0.00,0.000,0.0078,0.2490
0.80,7.141,35.15,0.00,0.00,0.000,0.0074,0.2509
0.80,7.163,58.69,0.00,0.00,0.000,0.0062,0.2546
0.80,7.181,62.18,0.00,0.00,0.000,0.0055,0.2598
0.80,7.201,61.43,0.00,0.00,0.000,0.0050,0.2722
0.80,7.222,31.25,0.00,0.00,0.000,0.0027,0.2800
0.80,7.241,45.95,0.00,0.00,0.000,0.0027,0.2813
0.80,7.261,124.02,0.00,0.00,0.000,0.0047,0.2779
0.80,7.281,47.90,0.00,0.00,0.000,0.0059,0.2721
0.80,7.301,78.00,0.00,0.00,0.000,0.0058,0.2678
0.80,7.321,13.45,0.00,0.00,0.000,0.0033,0.2596
0.80,7.341,29.54,0.00,0.00,0.000,0.0014,0.2526
0.80,7.361,23.46,0.00,0.00,0.000,0.0042,0.2478
0.80,7.381,24.58,0.00,0.00,0.000,0.0064,0.2456
0.80,7.403,27.74,0.00,0.00,0.000,0.0055,0.2452
0.80,7.421,41.03,0.00,0.00,0.000,0.0042,0.2459
0.80,7.441,46.55,0.00,0.00,0.000,0.0019,0.2488
0.80,7.461,59.51,0.00,0.00,0.000,0.0011,0.2542
0.80,7.480,63.64,0.00,0.00,0.000,0.0013,0.2618
0.80,7.500,78.30,0.00,0.00,0.000,0.0033,0.2689
0.80,7.521,32.22,0.00,0.00,0.000,0.0067,0.2780
0.80,7.541,37.77,0.00,0.00,0.000,0.0078,0.2807
0.80,7.561,103.63,0.00,0.00,0.000,0.0057,0.2761
0.80,7.581,85.43,0.00,0.00,0.000,0.0061,0.2714
0.80,7.601,35.18,0.00,0.00,0.000,0.0078,0.2643
0.80,7.621,22.40,0.00,0.00,0.000,0.0084,0.2598
0.80,7.641,21.28,0.00,0.00,0.000,0.0096,0.2547
0.80,7.661,19.39,0.00,0.00,0.000,0.0085,0.2514
0.80,7.681,19.89,0.00,0.00,0.000,0.0077,0.2497
0.80,7.704,23.89,0.00,0.00,0.000,0.0081,0.2493
0.80,7.721,27.57,0.00,0.00,0.000,0.0086,0.2496
0.80,7.741,32.14,0.00,0.00,0.000,0.0097,0.2514
0.80,7.763,39.82,0.00,0.00,0.000,0.0108,0.2565
0.80,7.781,73.60,0.00,0.00,0.000,0.0114,0.2615
0.80,7.801,54.72,0.00,0.00,0.000,0.0120,0.2692
0.80,7.821,36.87,0.00,0.00,0.000,0.0114,0.2781
0.80,7.841,29.20,0.00,0.00,0.000,0.0100,0.2823
0.80,7.861,131.01,0.00,0.00,0.000,0.0110,0.2795
0.80,7.881,85.02,0.00,0.00,0.000,0.0128,0.2720
0.80,7.901,60.21,0.00,0.00,0.000,0.0136,0.2658
0.80,7.922,30.02,0.00,0.00,0.000,0.0132,0.2592
0.80,7.940,14.37,0.00,0.00,0.000,0.0111,0.2526
0.80,7.961,20.70,0.00,0.00,0.000,0.0091,0.2478
0.80,7.981,21.34,0.00,0.00,0.000,0.0079,0.2461
0.80,8.001,26.42,0.00,0.00,0.000,0.0079,0.2452
0.80,8.021,36.01,0.00,0.00,0.000,0.0098,0.2457
0.80,8.041,59.11,0.00,0.00,0.000,0.0116,0.2481
0.80,8.061,47.74,0.00,0.00,0.000,0.0135,0.2542
0.80,8.081,75.27,0.00,0.00,0.000,0.0160,0.2615
0.80,8.101,48.34,0.00,0.00,0.000,0.0199,0.2717
0.80,8.121,32.86,0.00,0.00,0.000,0.0245,0.2775
0.80,8.141,66.44,0.00,0.00,0.000,0.0200,0.2786
0.80,8.161,220.90,0.00,0.00,0.000,0.0111,0.2746
0.80,8.181,43.62,0.00,0.00,0.000,0.0103,0.2702
0.80,8.202,32.25,0.00,0.00,0.000,0.0100,0.2659
0.80,8.221,33.17,0.00,0.00,0.000,0.0106,0.2591
0.80,8.241,19.61,0.00,0.00,0.000,0.0100,0.2542
0.80,8.261,23.79,0.00,0.00,0.000,0.0095,0.2523
0.80,8.281,20.75,0.00,0.00,0.000,0.0093,0.2490
0.80,8.301,23.69,0.00,0.00,0.000,0.0110,0.2485
0.80,8.321,27.03,0.00,0.00,0.000,0.0116,0.2493
0.80,8.341,32.70,0.00,0.00,0.000,0.0112,0.2502
0.80,8.362,47.33,0.00,0.00,0.000,0.0102,0.2548
0.80,8.381,85.52,0.00,0.00,0.000,0.0102,0.2602
0.80,8.401,65.06,0.00,0.00,0.000,0.0107,0.2713
0.80,8.422,56.53,0.00,0.00,0.000,0.0101,0.2756
0.80,8.441,29.14,0.00,0.00,0.000,0.0077,0.2820
0.80,8.461,134.74,0.00,0.00,0.000,0.0093,0.2791
0.80,8.481,67.79,0.00,0.00,0.000,0.0124,0.2728
0.80,8.501,59.98,0.00,0.00,0.000,0.0129,0.2668
0.80,8.522,22.91,0.00,0.00,0.000,0.0115,0.2586
0.80,8.541,17.95,0.00,0.00,0.000,0.0094,0.2535
0.80,8.561,23.91,0.00,0.00,0.000,0.0068,0.2482
0.80,8.581,24.23,0.00,0.00,0.000,0.0050,0.2454
0.80,8.601,29.17,0.00,0.00,0.000,0.0053,0.2447
0.80,8.621,34.88,0.00,0.00,0.000,0.0070,0.2449
0.80,8.641,52.09,0.00,0.00,0.000,0.0097,0.2477
0.80,8.661,40.76,0.00,0.00,0.000,0.0114,0.2552
0.80,8.681,59.01,0.00,0.00,0.000,0.0123,0.2591
0.80,8.703,44.85,0.00,0.00,0.000,0.0169,0.2706
0.80,8.721,29.18,0.00,0.00,0.000,0.0218,0.2781
0.80,8.741,67.19,0.00,0.00,0.000,0.0197,0.2791
0.80,8.761,122.82,0.00,0.00,0.000,0.0126,0.2748
0.80,8.780,45.91,0.00,0.00,0.000,0.0111,0.2699
0.80,8.800,26.15,0.00,0.00,0.000,0.0108,0.2640
0.80,8.820,26.79,0.00,0.00,0.000,0.0116,0.2573
0.80,8.841,18.94,0.00,0.00,0.000,0.0122,0.2526
0.80,8.861,19.47,0.00,0.00,0.000,0.0121,0.2503
0.80,8.881,21.79,0.00,0.00,0.000,0.0117,0.2486
0.80,8.901,24.32,0.00,0.00,0.000,0.0116,0.2481
0.80,8.921,28.90,0.00,0.00,0.000,0.0119,0.2486
0.80,8.941,37.41,0.00,0.00,0.000,0.0118,0.2496
0.80,8.961,35.07,0.00,0.00,0.000,0.0110,0.2559
0.80,8.981,78.08,0.00,0.00,0.000,0.0106,0.2609
0.80,9.002,69.85,0.00,0.00,0.000,0.0106,0.2718
0.80,9.021,32.79,0.00,0.00,0.000,0.0087,0.2803
0.80,9.040,44.41,0.00,0.00,0.000,0.0079,0.2808
0.80,9.061,124.70,0.00,0.00,0.000,0.0090,0.2789
0.80,9.082,49.08,0.00,0.00,0.000,0.0096,0.2730
0.80,9.101,43.73,0.00,0.00,0.000,0.0099,0.2670
0.80,9.121,18.20,0.00,0.00,0.000,0.0081,0.2590
0.80,9.141,19.60,0.00,0.00,0.000,0.0063,0.2541
0.80,9.161,20.83,0.00,0.00,0.000,0.0045,0.2503
0.80,9.181,21.04,0.00,0.00,0.000,0.0029,0.2476
0.80,9.201,26.37,0.00,0.00,0.000,0.0023,0.2467
0.80,9.222,31.49,0.00,0.00,0.000,0.0033,0.2478
0.80,9.241,45.54,0.00,0.00,0.000,0.0048,0.2496
0.80,9.260,47.33,0.00,0.00,0.000,0.0055,0.2567
0.80,9.280,68.55,0.00,0.00,0.000,0.0064,0.2624
0.80,9.302,54.46,0.00,0.00,0.000,0.0105,0.2712
0.80,9.321,51.94,0.00,0.00,0.000,0.0145,0.2804
0.80,9.340,66.48,0.00,0.00,0.000,0.0129,0.2804
0.80,9.360,140.86,0.00,0.00,0.000,0.0101,0.2779
0.80,9.381,59.92,0.00,0.00,0.000,0.0095,0.2729
0.80,9.401,40.19,0.00,0.00,0.000,0.0086,0.2667
0.80,9.421,20.05,0.00,0.00,0.000,0.0082,0.2597
0.80,9.442,14.28,0.00,0.00,0.000,0.0078,0.2557
0.80,9.461,16.44,0.00,0.00,0.000,0.0077,0.2518
0.80,9.481,19.99,0.00,0.00,0.000,0.0079,0.2497
0.80,9.501,22.52,0.00,0.00,0.000,0.0082,0.2491
0.80,9.521,28.45,0.00,0.00,0.000,0.0085,0.2494
0.80,9.541,33.22,0.00,0.00,0.000,0.0081,0.2513
0.80,9.561,35.13,0.00,0.00,0.000,0.0074,0.2565
0.80,9.582,80.17,0.00,0.00,0.000,0.0079,0.2638
0.80,9.601,56.90,0.00,0.00,0.000,0.0085,0.2713
0.80,9.621,37.09,0.00,0.00,0.000,0.0068,0.2790
0.80,9.641,34.98,0.00,0.00,0.000,0.0049,0.2830
0.80,9.661,98.87,0.00,0.00,0.000,0.0072,0.2807
0.80,9.681,56.28,0.00,0.00,0.000,0.0104,0.2739
0.80,9.701,45.36,0.00,0.00,0.000,0.0091,0.2674
0.80,9.721,15.36,0.00,0.00,0.000,0.0072,0.2593
0.80,9.741,17.75,0.00,0.00,0.000,0.0060,0.2557
0.80,9.761,20.17,0.00,0.00,0.000,0.0031,0.2489
0.80,9.781,23.23,0.00,0.00,0.000,0.0018,0.2464
0.80,9.801,26.57,0.00,0.00,0.000,0.0016,0.2458
0.80,9.823,34.71,0.00,0.00,0.000,0.0024,0.2463
0.80,9.841,44.02,0.00,0.00,0.000,0.0046,0.2492
0.80,9.861,39.21,0.00,0.00,0.000,0.0055,0.2560
0.80,9.881,67.68,0.00,0.00,0.000,0.0067,0.2618
0.80,9.902,56.08,0.00,0.00,0.000,0.0107,0.2706
0.80,9.921,32.07,0.00,0.00,0.000,0.0147,0.2789
0.80,9.941,53.20,0.00,0.00,0.000,0.0136,0.2807
0.80,9.961,154.59,0.00,0.00,0.000,0.0106,0.2777
0.80,9.985,56.68,0.00,0.00,0.000,0.0098,0.2714
0.80,10.001,44.40,0.00,0.00,0.000,0.0097,0.2644
0.80,10.021,24.65,0.00,0.00,0.000,0.0103,0.2586
0.80,10.042,19.68,0.00,0.00,0.000,0.0104,0.2547
0.80,10.061,17.93,0.00,0.00,0.000,0.0098,0.2514
0.80,10.081,20.40,0.00,0.00,0.000,0.0097,0.2495
0.80,10.101,22.13,0.00,0.00,0.000,0.0098,0.2492
0.80,10.121,26.55,0.00,0.00,0.000,0.0102,0.2500
0.80,10.156,28.43,0.00,0.00,0.000,0.0102,0.2512
0.80,10.162,45.80,0.00,0.00,0.000,0.0099,0.2539
0.80,10.181,51.22,0.00,0.00,0.000,0.0096,0.2631
0.80,10.201,53.04,0.00,0.00,0.000,0.0094,0.2722
0.80,10.222,50.15,0.00,0.00,0.000,0.0079,0.2782
0.80,10.241,42.63,0.00,0.00,0.000,0.0061,0.2832
0.80,10.261,144.28,0.00,0.00,0.000,0.0077,0.2802
0.80,10.281,76.09,0.00,0.00,0.000,0.0112,0.2740
0.80,10.305,51.36,0.00,0.00,0.000,0.0118,0.2674
0.80,10.321,26.28,0.00,0.00,0.000,0.0104,0.2603
0.80,10.340,27.50,0.00,0.00,0.000,0.0077,0.2531
0.80,10.360,22.10,0.00,0.00,0.000,0.0050,0.2489
0.80,10.381,23.47,0.00,0.00,0.000,0.0036,0.2470
0.80,10.400,26.79,0.00,0.00,0.000,0.0036,0.2462
0.80,10.421,36.89,0.00,0.00,0.000,0.0054,0.2470
0.80,10.440,51.26,0.00,0.00,0.000,0.0081,0.2496
0.80,10.464,78.88,0.00,0.00,0.000,0.0093,0.2547
0.80,10.480,46.64,0.00,0.00,0.000,0.0105,0.2615
0.80,10.501,58.99,0.00,0.00,0.000,0.0142,0.2702
0.80,10.521,35.26,0.00,0.00,0.000,0.0191,0.2783
0.80,10.544,56.66,0.00,0.00,0.000,0.0178,0.2800
0.80,10.562,83.38,0.00,0.00,0.000,0.0132,0.2758
0.80,10.581,86.22,0.00,0.00,0.000,0.0101,0.2710
0.80,10.601,37.08,0.00,0.00,0.000,0.0102,0.2636
0.80,10.621,36.20,0.00,0.00,0.000,0.0107,0.2603
0.80,10.641,21.32,0.00,0.00,0.000,0.0120,0.2540
0.80,10.661,18.16,0.00,0.00,0.000,0.0120,0.2513
0.80,10.688,20.75,0.00,0.00,0.000,0.0128,0.2491
0.80,10.701,23.27,0.00,0.00,0.000,0.0131,0.2485
0.80,10.721,30.87,0.00,0.00,0.000,0.0132,0.2489
0.80,10.741,30.95,0.00,0.00,0.000,0.0128,0.2514
0.80,10.761,54.95,0.00,0.00,0.000,0.0127,0.2545
0.80,10.783,51.82,0.00,0.00,0.000,0.0137,0.2636
0.80,10.801,72.61,0.00,0.00,0.000,0.0143,0.2715
0.80,10.821,49.48,0.00,0.00,0.000,0.0131,0.2783
0.80,10.841,37.28,0.00,0.00,0.000,0.0111,0.2831
0.80,10.866,86.98,0.00,0.00,0.000,0.0100,0.2815
0.80,10.881,70.24,0.00,0.00,0.000,0.0122,0.2738
0.80,10.901,42.82,0.00,0.00,0.000,0.0140,0.2671
0.80,10.920,20.24,0.00,0.00,0.000,0.0132,0.2599
0.80,10.940,24.97,0.00,0.00,0.000,0.0109,0.2544
0.80,10.961,21.20,0.00,0.00,0.000,0.0077,0.2494
0.80,10.981,23.35,0.00,0.00,0.000,0.0049,0.2466
0.80,11.000,27.48,0.00,0.00,0.000,0.0041,0.2460
0.80,11.021,37.24,0.00,0.00,0.000,0.0059,0.2472
0.80,11.041,51.42,0.00,0.00,0.000,0.0077,0.2492
0.80,11.061,48.33,0.00,0.00,0.000,0.0083,0.2521
0.80,11.083,67.20,0.00,0.00,0.000,0.0099,0.2612
0.80,11.100,47.88,0.00,0.00,0.000,0.0122,0.2709
0.80,11.121,36.06,0.00,0.00,0.000,0.0155,0.2773
0.80,11.141,39.40,0.00,0.00,0.000,0.0168,0.2805
0.80,11.161,182.41,0.00,0.00,0.000,0.0139,0.2781
0.80,11.181,132.89,0.00,0.00,0.000,0.0106,0.2693
0.80,11.201,68.98,0.00,0.00,0.000,0.0103,0.2648
0.80,11.221,33.86,0.00,0.00,0.000,0.0117,0.2576
0.80,11.241,18.09,0.00,0.00,0.000,0.0133,0.2531
0.80,11.261,18.92,0.00,0.00,0.000,0.0134,0.2498
0.80,11.281,20.66,0.00,0.00,0.000,0.0126,0.2487
0.80,11.301,23.62,0.00,0.00,0.000,0.0118,0.2480
0.80,11.321,26.49,0.00,0.00,0.000,0.0121,0.2491
0.80,11.341,34.31,0.00,0.00,0.000,0.0126,0.2506
0.80,11.363,36.66,0.00,0.00,0.000,0.0126,0.2559
0.80,11.381,55.97,0.00,0.00,0.000,0.0124,0.2621
0.80,11.401,68.96,0.00,0.00,0.000,0.0122,0.2704
0.80,11.421,37.01,0.00,0.00,0.000,0.0107,0.2797
0.80,11.441,46.70,0.00,0.00,0.000,0.0083,0.2818
0.80,11.461,139.72,0.00,0.00,0.000,0.0080,0.2793
0.80,11.483,56.02,0.00,0.00,0.000,0.0101,0.2744
0.80,11.501,71.21,0.00,0.00,0.000,0.0119,0.2682
0.80,11.520,16.85,0.00,0.00,0.000,0.0103,0.2601
0.80,11.540,11.92,0.00,0.00,0.000,0.0080,0.2546
0.80,11.560,24.44,0.00,0.00,0.000,0.0051,0.2488
0.80,11.580,23.35,0.00,0.00,0.000,0.0025,0.2460
0.80,11.600,27.28,0.00,0.00,0.000,0.0019,0.2452
0.80,11.621,34.62,0.00,0.00,0.000,0.0032,0.2455
0.80,11.640,49.25,0.00,0.00,0.000,0.0059,0.2480
0.80,11.660,60.46,0.00,0.00,0.000,0.0073,0.2536
0.80,11.681,68.15,0.00,0.00,0.000,0.0085,0.2614
0.80,11.701,54.03,0.00,0.00,0.000,0.0105,0.2694
0.80,11.721,37.09,0.00,0.00,0.000,0.0159,0.2787
0.80,11.741,57.59,0.00,0.00,0.000,0.0157,0.2802
0.80,11.761,156.82,0.00,0.00,0.000,0.0130,0.2771
0.80,11.781,58.65,0.00,0.00,0.000,0.0111,0.2706
0.80,11.801,46.95,0.00,0.00,0.000,0.0116,0.2640
0.80,11.827,23.45,0.00,0.00,0.000,0.0123,0.2582
0.80,11.841,22.18,0.00,0.00,0.000,0.0122,0.2540
0.80,11.861,19.24,0.00,0.00,0.000,0.0119,0.2509
0.80,11.881,20.82,0.00,0.00,0.000,0.0119,0.2494
0.80,11.901,22.71,0.00,0.00,0.000,0.0116,0.2486
0.80,11.921,27.35,0.00,0.00,0.000,0.0119,0.2489
0.80,11.941,30.20,0.00,0.00,0.000,0.0121,0.2518
0.80,11.962,53.91,0.00,0.00,0.000,0.0119,0.2546
0.80,11.981,79.86,0.00,0.00,0.000,0.0119,0.2579
