rollout,segment,t,vx_cmd,vy_cmd,wz_cmd,vx_med,wz_med,tilt_rad,height,power_W,tau_max
1,0,0.008,0.0,0.0,0.0,-0.0004,0.0000,0.0810,0.2290,0.12,8.60
1,0,0.025,0.0,0.0,0.0,0.0060,-0.0641,0.0800,0.2288,91.81,34.67
1,0,0.042,0.0,0.0,0.0,0.0414,-0.1283,0.0780,0.2285,179.42,32.84
1,0,0.062,0.0,0.0,0.0,0.1049,-0.2404,0.0620,0.2310,223.87,22.38
1,0,0.081,0.0,0.0,0.0,0.1836,-0.1189,0.0534,0.2356,130.87,19.57
1,0,0.102,0.0,0.0,0.0,0.1654,-0.0042,0.0423,0.2441,138.52,12.57
1,0,0.122,0.0,0.0,0.0,0.2353,-0.0799,0.0321,0.2513,97.84,11.46
1,0,0.142,0.0,0.0,0.0,0.1890,-0.1870,0.0258,0.2561,93.13,9.83
1,0,0.166,0.0,0.0,0.0,0.2732,-0.1976,0.0216,0.2593,63.15,8.66
1,0,0.182,0.0,0.0,0.0,0.2355,-0.1778,0.0095,0.2652,55.88,6.84
1,0,0.205,0.0,0.0,0.0,0.2807,-0.2418,0.0017,0.2690,20.40,6.74
1,0,0.224,0.0,0.0,0.0,0.2000,-0.2784,0.0053,0.2701,19.40,8.41
1,0,0.242,0.0,0.0,0.0,0.2586,-0.3493,0.0068,0.2723,18.12,6.72
1,0,0.262,0.0,0.0,0.0,0.2092,-0.3564,0.0024,0.2736,8.54,5.83
1,0,0.282,0.0,0.0,0.0,0.1407,-0.2891,0.0022,0.2740,5.27,6.72
1,0,0.307,0.0,0.0,0.0,0.1578,-0.2169,0.0023,0.2740,7.65,5.71
1,0,0.337,0.0,0.0,0.0,0.1058,-0.0867,0.0037,0.2732,7.41,5.69
1,0,0.343,0.0,0.0,0.0,0.0492,-0.0867,0.0037,0.2732,7.41,5.69
1,0,0.361,0.0,0.0,0.0,0.0880,-0.0383,0.0063,0.2725,7.48,7.82
1,0,0.381,0.0,0.0,0.0,0.0235,-0.0106,0.0066,0.2720,3.04,7.15
1,0,0.403,0.0,0.0,0.0,-0.0119,-0.0176,0.0061,0.2716,1.52,6.09
1,0,0.425,0.0,0.0,0.0,-0.0330,-0.0340,0.0050,0.2713,2.45,5.24
1,0,0.451,0.0,0.0,0.0,-0.0518,-0.0442,0.0042,0.2710,3.26,4.86
1,0,0.461,0.0,0.0,0.0,-0.0632,-0.0509,0.0036,0.2707,3.98,5.07
1,0,0.482,0.0,0.0,0.0,-0.0907,-0.0541,0.0034,0.2703,4.40,5.71
1,0,0.503,0.0,0.0,0.0,-0.0826,-0.0543,0.0035,0.2700,4.71,5.96
1,0,0.524,0.0,0.0,0.0,-0.1046,-0.0524,0.0037,0.2694,4.96,6.11
1,0,0.544,0.0,0.0,0.0,-0.0700,-0.0491,0.0041,0.2690,5.03,6.10
1,0,0.564,0.0,0.0,0.0,-0.0605,-0.0452,0.0044,0.2688,5.16,6.17
1,0,0.582,0.0,0.0,0.0,-0.1397,-0.0369,0.0050,0.2682,5.21,6.27
1,0,0.605,0.0,0.0,0.0,-0.0901,-0.0307,0.0056,0.2677,5.54,6.71
1,0,0.623,0.0,0.0,0.0,-0.1090,-0.0275,0.0063,0.2673,5.70,7.01
1,0,0.641,0.0,0.0,0.0,-0.0847,-0.0298,0.0071,0.2666,5.70,7.37
1,0,0.661,0.0,0.0,0.0,-0.0960,-0.0327,0.0077,0.2661,5.51,7.68
1,0,0.682,0.0,0.0,0.0,-0.0362,-0.0342,0.0080,0.2658,5.23,7.77
1,0,0.704,0.0,0.0,0.0,-0.0479,-0.0357,0.0085,0.2653,4.53,8.09
1,0,0.725,0.0,0.0,0.0,-0.0359,-0.0344,0.0087,0.2650,4.03,8.15
1,0,0.746,0.0,0.0,0.0,-0.0104,-0.0315,0.0088,0.2648,3.52,8.30
1,0,0.761,0.0,0.0,0.0,-0.0299,-0.0242,0.0088,0.2645,2.66,8.36
1,0,0.782,0.0,0.0,0.0,-0.0074,-0.0112,0.0086,0.2643,1.44,8.25
1,0,0.805,0.0,0.0,0.0,0.0001,-0.0044,0.0083,0.2642,0.91,8.08
1,0,0.825,0.0,0.0,0.0,0.0041,-0.0031,0.0080,0.2641,0.82,7.95
1,0,0.842,0.0,0.0,0.0,0.0080,-0.0035,0.0077,0.2640,0.84,7.85
1,0,0.862,0.0,0.0,0.0,0.0071,-0.0038,0.0074,0.2639,0.81,7.76
1,0,0.882,0.0,0.0,0.0,0.0094,-0.0041,0.0071,0.2638,0.74,7.70
1,0,0.906,0.0,0.0,0.0,0.0090,-0.0041,0.0068,0.2638,0.67,7.67
1,0,0.930,0.0,0.0,0.0,0.0044,-0.0041,0.0066,0.2637,0.61,7.67
1,0,0.944,0.0,0.0,0.0,0.0070,-0.0038,0.0063,0.2636,0.51,7.65
1,0,0.964,0.0,0.0,0.0,0.0051,-0.0036,0.0062,0.2636,0.46,7.62
1,0,0.985,0.0,0.0,0.0,0.0029,-0.0032,0.0060,0.2636,0.40,7.62
1,0,1.003,0.0,0.0,0.0,0.0036,-0.0029,0.0059,0.2636,0.36,7.62
1,0,1.025,0.0,0.0,0.0,0.0033,-0.0024,0.0058,0.2635,0.31,7.60
1,0,1.044,0.0,0.0,0.0,0.0023,-0.0018,0.0057,0.2635,0.26,7.59
1,0,1.065,0.0,0.0,0.0,0.0016,-0.0017,0.0056,0.2635,0.25,7.57
1,0,1.089,0.0,0.0,0.0,0.0015,-0.0014,0.0055,0.2635,0.22,7.56
1,0,1.109,0.0,0.0,0.0,0.0024,-0.0014,0.0054,0.2635,0.20,7.56
1,0,1.125,0.0,0.0,0.0,0.0000,-0.0014,0.0054,0.2635,0.20,7.56
1,0,1.146,0.0,0.0,0.0,0.0023,-0.0013,0.0053,0.2634,0.18,7.55
1,0,1.162,0.0,0.0,0.0,0.0019,-0.0013,0.0053,0.2634,0.17,7.55
1,0,1.185,0.0,0.0,0.0,0.0010,-0.0012,0.0052,0.2634,0.16,7.54
1,0,1.204,0.0,0.0,0.0,0.0017,-0.0012,0.0052,0.2634,0.16,7.54
1,0,1.225,0.0,0.0,0.0,0.0013,-0.0012,0.0051,0.2634,0.15,7.53
1,0,1.244,0.0,0.0,0.0,0.0013,-0.0012,0.0050,0.2634,0.14,7.53
1,0,1.263,0.0,0.0,0.0,0.0014,-0.0012,0.0050,0.2634,0.14,7.53
1,0,1.281,0.0,0.0,0.0,0.0014,-0.0012,0.0049,0.2633,0.14,7.53
1,0,1.302,0.0,0.0,0.0,0.0012,-0.0012,0.0049,0.2633,0.14,7.53
1,0,1.324,0.0,0.0,0.0,0.0012,-0.0012,0.0048,0.2633,0.13,7.53
1,0,1.346,0.0,0.0,0.0,0.0010,-0.0011,0.0048,0.2633,0.13,7.53
1,0,1.366,0.0,0.0,0.0,0.0011,-0.0011,0.0047,0.2633,0.12,7.53
1,0,1.382,0.0,0.0,0.0,0.0010,-0.0011,0.0047,0.2633,0.12,7.53
1,0,1.402,0.0,0.0,0.0,0.0016,-0.0011,0.0046,0.2633,0.11,7.52
1,0,1.422,0.0,0.0,0.0,0.0011,-0.0011,0.0046,0.2633,0.11,7.52
1,0,1.445,0.0,0.0,0.0,0.0008,-0.0011,0.0045,0.2633,0.11,7.52
1,0,1.463,0.0,0.0,0.0,0.0009,-0.0011,0.0045,0.2633,0.10,7.52
1,0,1.483,0.0,0.0,0.0,0.0006,-0.0011,0.0045,0.2633,0.10,7.52
1,0,1.504,0.0,0.0,0.0,0.0015,-0.0011,0.0044,0.2633,0.10,7.52
1,0,1.524,0.0,0.0,0.0,0.0011,-0.0011,0.0044,0.2632,0.10,7.52
1,0,1.545,0.0,0.0,0.0,0.0010,-0.0011,0.0043,0.2632,0.09,7.52
1,0,1.564,0.0,0.0,0.0,0.0007,-0.0011,0.0043,0.2632,0.10,7.52
1,0,1.582,0.0,0.0,0.0,0.0009,-0.0011,0.0042,0.2632,0.09,7.52
1,0,1.601,0.0,0.0,0.0,0.0010,-0.0011,0.0042,0.2632,0.09,7.52
1,0,1.625,0.0,0.0,0.0,0.0012,-0.0011,0.0042,0.2632,0.09,7.52
1,0,1.645,0.0,0.0,0.0,0.0010,-0.0011,0.0041,0.2632,0.08,7.52
1,0,1.664,0.0,0.0,0.0,0.0006,-0.0011,0.0041,0.2632,0.08,7.52
1,0,1.683,0.0,0.0,0.0,0.0014,-0.0011,0.0040,0.2632,0.08,7.52
1,0,1.705,0.0,0.0,0.0,0.0008,-0.0010,0.0040,0.2632,0.08,7.52
1,0,1.728,0.0,0.0,0.0,0.0007,-0.0010,0.0040,0.2632,0.08,7.52
1,0,1.746,0.0,0.0,0.0,0.0013,-0.0010,0.0039,0.2632,0.07,7.52
1,0,1.764,0.0,0.0,0.0,0.0008,-0.0010,0.0039,0.2632,0.07,7.52
1,0,1.781,0.0,0.0,0.0,0.0010,-0.0010,0.0038,0.2632,0.07,7.52
1,0,1.802,0.0,0.0,0.0,0.0010,-0.0010,0.0038,0.2632,0.07,7.52
1,0,1.824,0.0,0.0,0.0,0.0010,-0.0010,0.0038,0.2632,0.07,7.52
1,0,1.845,0.0,0.0,0.0,0.0005,-0.0010,0.0037,0.2632,0.06,7.52
1,0,1.862,0.0,0.0,0.0,0.0013,-0.0010,0.0037,0.2632,0.06,7.52
1,0,1.882,0.0,0.0,0.0,0.0010,-0.0010,0.0037,0.2632,0.06,7.52
1,0,1.902,0.0,0.0,0.0,0.0005,-0.0010,0.0036,0.2632,0.06,7.52
1,0,1.927,0.0,0.0,0.0,0.0012,-0.0010,0.0036,0.2631,0.06,7.52
1,0,1.942,0.0,0.0,0.0,0.0007,-0.0010,0.0036,0.2631,0.06,7.52
1,0,1.962,0.0,0.0,0.0,0.0007,-0.0010,0.0035,0.2631,0.06,7.52
1,0,1.981,0.0,0.0,0.0,0.0010,-0.0010,0.0035,0.2631,0.05,7.52
1,0,2.002,0.0,0.0,0.0,0.0007,-0.0010,0.0035,0.2631,0.05,7.52
1,0,2.025,0.0,0.0,0.0,0.0009,-0.0010,0.0034,0.2631,0.05,7.52
1,0,2.043,0.0,0.0,0.0,0.0006,-0.0010,0.0034,0.2631,0.05,7.52
1,0,2.062,0.0,0.0,0.0,0.0010,-0.0010,0.0034,0.2631,0.05,7.52
1,0,2.082,0.0,0.0,0.0,0.0002,-0.0010,0.0033,0.2631,0.05,7.52
1,0,2.102,0.0,0.0,0.0,0.0009,-0.0010,0.0033,0.2631,0.05,7.52
1,0,2.124,0.0,0.0,0.0,0.0008,-0.0010,0.0033,0.2631,0.05,7.52
1,0,2.143,0.0,0.0,0.0,0.0006,-0.0010,0.0033,0.2631,0.05,7.52
1,0,2.162,0.0,0.0,0.0,0.0007,-0.0010,0.0033,0.2631,0.05,7.52
1,0,2.181,0.0,0.0,0.0,0.0006,-0.0010,0.0032,0.2631,0.04,7.52
1,0,2.205,0.0,0.0,0.0,0.0008,-0.0010,0.0032,0.2631,0.04,7.52
1,0,2.227,0.0,0.0,0.0,0.0007,-0.0010,0.0032,0.2631,0.04,7.52
1,0,2.246,0.0,0.0,0.0,0.0008,-0.0010,0.0031,0.2631,0.04,7.52
1,0,2.262,0.0,0.0,0.0,0.0000,-0.0009,0.0031,0.2631,0.04,7.52
1,0,2.281,0.0,0.0,0.0,0.0008,-0.0009,0.0031,0.2631,0.04,7.52
1,0,2.302,0.0,0.0,0.0,0.0008,-0.0009,0.0031,0.2631,0.04,7.52
1,0,2.325,0.0,0.0,0.0,0.0006,-0.0009,0.0030,0.2631,0.04,7.52
1,0,2.343,0.0,0.0,0.0,0.0008,-0.0009,0.0030,0.2631,0.04,7.52
1,0,2.362,0.0,0.0,0.0,0.0006,-0.0009,0.0030,0.2631,0.04,7.52
1,0,2.381,0.0,0.0,0.0,0.0006,-0.0009,0.0030,0.2631,0.04,7.52
1,0,2.402,0.0,0.0,0.0,0.0008,-0.0009,0.0030,0.2631,0.04,7.52
1,0,2.426,0.0,0.0,0.0,0.0007,-0.0009,0.0029,0.2631,0.04,7.52
1,0,2.448,0.0,0.0,0.0,0.0006,-0.0009,0.0029,0.2631,0.04,7.52
1,0,2.462,0.0,0.0,0.0,0.0008,-0.0009,0.0029,0.2631,0.04,7.52
1,0,2.481,0.0,0.0,0.0,0.0006,-0.0009,0.0029,0.2631,0.03,7.52
1,0,2.502,0.0,0.0,0.0,0.0005,-0.0009,0.0029,0.2631,0.03,7.52
1,0,2.527,0.0,0.0,0.0,0.0007,-0.0009,0.0028,0.2631,0.03,7.52
1,0,2.543,0.0,0.0,0.0,0.0005,-0.0009,0.0028,0.2631,0.03,7.52
1,0,2.566,0.0,0.0,0.0,0.0002,-0.0009,0.0028,0.2631,0.03,7.52
1,0,2.581,0.0,0.0,0.0,0.0009,-0.0009,0.0028,0.2631,0.03,7.52
1,0,2.602,0.0,0.0,0.0,0.0007,-0.0009,0.0028,0.2631,0.03,7.52
1,0,2.626,0.0,0.0,0.0,0.0007,-0.0009,0.0028,0.2631,0.03,7.52
1,0,2.643,0.0,0.0,0.0,0.0003,-0.0009,0.0027,0.2631,0.03,7.52
1,0,2.662,0.0,0.0,0.0,0.0007,-0.0009,0.0027,0.2631,0.03,7.52
1,0,2.681,0.0,0.0,0.0,0.0006,-0.0009,0.0027,0.2631,0.03,7.52
1,0,2.706,0.0,0.0,0.0,0.0006,-0.0009,0.0027,0.2631,0.03,7.52
1,0,2.727,0.0,0.0,0.0,0.0005,-0.0009,0.0027,0.2631,0.03,7.52
1,0,2.747,0.0,0.0,0.0,0.0004,-0.0009,0.0027,0.2631,0.03,7.52
1,0,2.763,0.0,0.0,0.0,0.0006,-0.0009,0.0027,0.2631,0.03,7.52
1,0,2.784,0.0,0.0,0.0,0.0007,-0.0009,0.0027,0.2631,0.03,7.52
1,0,2.804,0.0,0.0,0.0,0.0004,-0.0009,0.0026,0.2631,0.03,7.52
1,0,2.823,0.0,0.0,0.0,0.0003,-0.0009,0.0026,0.2631,0.03,7.52
1,0,2.847,0.0,0.0,0.0,0.0006,-0.0009,0.0026,0.2631,0.03,7.52
1,0,2.863,0.0,0.0,0.0,0.0004,-0.0009,0.0026,0.2631,0.03,7.52
1,0,2.884,0.0,0.0,0.0,0.0007,-0.0009,0.0026,0.2631,0.03,7.52
1,0,2.902,0.0,0.0,0.0,0.0005,-0.0009,0.0026,0.2631,0.03,7.52
1,0,2.922,0.0,0.0,0.0,0.0006,-0.0009,0.0026,0.2631,0.03,7.52
1,0,2.946,0.0,0.0,0.0,0.0004,-0.0009,0.0026,0.2631,0.03,7.52
1,0,2.961,0.0,0.0,0.0,0.0008,-0.0009,0.0025,0.2631,0.03,7.52
1,0,2.982,0.0,0.0,0.0,0.0004,-0.0009,0.0025,0.2631,0.03,7.52
1,1,3.007,0.3,0.0,0.0,0.0000,-0.0009,0.0025,0.2631,0.03,7.52
1,1,3.024,0.3,0.0,0.0,0.0005,-0.0009,0.0025,0.2631,0.05,12.42
1,1,3.044,0.3,0.0,0.0,0.0094,-0.0290,0.0017,0.2632,13.72,12.66
1,1,3.068,0.3,0.0,0.0,0.0211,-0.0179,0.0029,0.2618,14.68,12.47
1,1,3.081,0.3,0.0,0.0,0.0480,-0.0037,0.0052,0.2609,8.23,13.99
1,1,3.102,0.3,0.0,0.0,0.0560,-0.0025,0.0067,0.2592,14.67,16.12
1,1,3.127,0.3,0.0,0.0,0.0364,-0.0054,0.0073,0.2570,9.13,16.41
1,1,3.144,0.3,0.0,0.0,0.0745,-0.0069,0.0089,0.2560,9.45,16.39
1,1,3.162,0.3,0.0,0.0,0.0899,-0.0122,0.0105,0.2550,8.57,16.33
1,1,3.182,0.3,0.0,0.0,0.1004,-0.0146,0.0123,0.2544,9.53,15.95
1,1,3.206,0.3,0.0,0.0,0.0882,-0.0126,0.0125,0.2542,10.09,15.49
1,1,3.227,0.3,0.0,0.0,0.0957,-0.0110,0.0110,0.2544,8.73,14.69
1,1,3.246,0.3,0.0,0.0,0.0998,-0.0075,0.0100,0.2559,16.52,13.53
1,1,3.262,0.3,0.0,0.0,0.0839,-0.0075,0.0100,0.2559,16.52,13.53
1,1,3.286,0.3,0.0,0.0,0.1665,-0.0236,0.0117,0.2644,18.31,11.91
1,1,3.302,0.3,0.0,0.0,0.1223,-0.0255,0.0160,0.2698,8.62,10.19
1,1,3.325,0.3,0.0,0.0,0.0865,0.0050,0.0162,0.2711,9.53,13.25
1,1,3.344,0.3,0.0,0.0,0.1351,0.0277,0.0112,0.2704,15.00,13.98
1,1,3.363,0.3,0.0,0.0,0.2054,0.0443,0.0063,0.2681,23.64,13.59
1,1,3.382,0.3,0.0,0.0,0.1529,0.0215,0.0047,0.2637,6.69,13.65
1,1,3.402,0.3,0.0,0.0,0.1254,0.0086,0.0044,0.2612,5.04,14.04
1,1,3.424,0.3,0.0,0.0,0.1594,0.0034,0.0040,0.2591,2.78,14.06
1,1,3.445,0.3,0.0,0.0,0.1336,0.0042,0.0038,0.2577,4.12,13.79
1,1,3.463,0.3,0.0,0.0,0.1302,0.0045,0.0039,0.2565,4.84,13.29
1,1,3.481,0.3,0.0,0.0,0.1936,0.0009,0.0041,0.2563,5.02,12.89
1,1,3.502,0.3,0.0,0.0,0.0821,-0.0039,0.0044,0.2566,6.58,12.77
1,1,3.524,0.3,0.0,0.0,0.1552,-0.0074,0.0048,0.2580,7.08,12.67
1,1,3.543,0.3,0.0,0.0,0.1317,-0.0089,0.0046,0.2603,13.64,12.50
1,1,3.567,0.3,0.0,0.0,0.1631,0.0080,0.0028,0.2659,8.96,12.06
1,1,3.582,0.3,0.0,0.0,0.1143,0.0252,0.0020,0.2688,9.22,10.49
1,1,3.602,0.3,0.0,0.0,0.2018,0.0750,0.0039,0.2728,17.96,5.73
1,1,3.627,0.3,0.0,0.0,0.0000,0.0549,0.0045,0.2732,6.24,6.08
1,1,3.644,0.3,0.0,0.0,0.1743,-0.0052,0.0041,0.2717,23.54,15.21
1,1,3.661,0.3,0.0,0.0,0.1566,-0.0391,0.0037,0.2697,33.22,15.94
1,1,3.681,0.3,0.0,0.0,0.1292,-0.0384,0.0044,0.2669,23.99,15.58
1,1,3.702,0.3,0.0,0.0,0.1675,-0.0289,0.0082,0.2634,11.70,14.21
1,1,3.724,0.3,0.0,0.0,0.1120,-0.0222,0.0108,0.2609,9.74,14.52
1,1,3.748,0.3,0.0,0.0,0.0628,-0.0132,0.0113,0.2601,7.20,14.36
1,1,3.763,0.3,0.0,0.0,0.1707,-0.0045,0.0107,0.2586,7.21,14.14
1,1,3.782,0.3,0.0,0.0,0.1449,0.0095,0.0089,0.2577,7.66,13.55
1,1,3.802,0.3,0.0,0.0,0.1006,0.0122,0.0082,0.2574,8.08,13.00
1,1,3.824,0.3,0.0,0.0,0.1877,0.0238,0.0079,0.2577,11.19,12.43
1,1,3.844,0.3,0.0,0.0,0.1441,0.0319,0.0083,0.2602,18.55,11.96
1,1,3.863,0.3,0.0,0.0,0.1616,0.0320,0.0080,0.2625,21.92,11.31
1,1,3.883,0.3,0.0,0.0,0.1412,0.0167,0.0072,0.2686,13.12,9.97
1,1,3.902,0.3,0.0,0.0,0.1844,0.0007,0.0073,0.2713,13.98,10.15
1,1,3.922,0.3,0.0,0.0,0.1691,0.0039,0.0078,0.2740,10.97,7.20
1,1,3.945,0.3,0.0,0.0,0.1430,0.0229,0.0067,0.2735,20.76,14.24
1,1,3.963,0.3,0.0,0.0,0.1617,0.0554,0.0066,0.2703,29.12,14.25
1,1,3.983,0.3,0.0,0.0,0.1412,0.0479,0.0099,0.2661,12.84,14.13
1,1,4.002,0.3,0.0,0.0,0.2902,0.0268,0.0111,0.2624,8.77,13.58
1,1,4.024,0.3,0.0,0.0,0.1708,0.0163,0.0105,0.2590,4.51,13.83
1,1,4.044,0.3,0.0,0.0,0.0947,0.0141,0.0096,0.2575,4.63,13.60
1,1,4.061,0.3,0.0,0.0,0.2444,0.0105,0.0088,0.2562,5.45,13.09
1,1,4.081,0.3,0.0,0.0,0.1964,0.0052,0.0087,0.2560,5.94,12.71
1,1,4.102,0.3,0.0,0.0,0.0944,0.0023,0.0091,0.2561,6.57,12.49
1,1,4.126,0.3,0.0,0.0,0.2046,-0.0110,0.0096,0.2588,9.35,12.23
1,1,4.144,0.3,0.0,0.0,0.1515,-0.0071,0.0094,0.2600,9.40,12.22
1,1,4.163,0.3,0.0,0.0,0.1022,-0.0057,0.0088,0.2620,35.51,11.54
1,1,4.182,0.3,0.0,0.0,0.1731,0.0047,0.0069,0.2687,29.97,9.82
1,1,4.208,0.3,0.0,0.0,0.2086,0.0779,0.0048,0.2732,6.82,7.53
1,1,4.230,0.3,0.0,0.0,0.1172,0.0332,0.0031,0.2732,6.59,9.78
1,1,4.245,0.3,0.0,0.0,0.0000,0.0332,0.0031,0.2732,6.59,9.78
1,1,4.270,0.3,0.0,0.0,0.1804,-0.0349,0.0053,0.2690,19.28,14.25
1,1,4.286,0.3,0.0,0.0,0.1330,-0.0295,0.0062,0.2676,33.10,14.22
1,1,4.310,0.3,0.0,0.0,0.1365,-0.0216,0.0096,0.2654,16.95,13.41
1,1,4.331,0.3,0.0,0.0,0.1245,-0.0137,0.0106,0.2619,10.81,14.30
1,1,4.344,0.3,0.0,0.0,0.1750,-0.0027,0.0100,0.2614,9.47,14.19
1,1,4.363,0.3,0.0,0.0,0.1273,0.0018,0.0092,0.2607,7.85,13.55
1,1,4.382,0.3,0.0,0.0,0.1128,0.0062,0.0080,0.2596,7.49,13.52
1,1,4.403,0.3,0.0,0.0,0.1480,0.0116,0.0074,0.2592,7.70,12.80
1,1,4.428,0.3,0.0,0.0,0.1366,0.0179,0.0075,0.2592,7.53,12.28
1,1,4.445,0.3,0.0,0.0,0.1005,0.0280,0.0073,0.2603,10.89,12.24
1,1,4.464,0.3,0.0,0.0,0.2005,0.0284,0.0065,0.2633,24.02,11.11
1,1,4.482,0.3,0.0,0.0,0.2273,0.0185,0.0056,0.2682,18.94,9.19
1,1,4.503,0.3,0.0,0.0,0.2289,0.0039,0.0063,0.2752,9.31,6.76
1,1,4.529,0.3,0.0,0.0,0.1628,0.0327,0.0074,0.2753,10.88,12.40
1,1,4.545,0.3,0.0,0.0,0.1384,0.0569,0.0076,0.2748,10.04,12.33
1,1,4.566,0.3,0.0,0.0,0.0966,0.0648,0.0077,0.2716,44.24,12.49
1,1,4.582,0.3,0.0,0.0,0.2220,0.0402,0.0078,0.2676,54.74,12.47
1,1,4.602,0.3,0.0,0.0,0.1330,0.0125,0.0086,0.2646,17.57,13.00
1,1,4.622,0.3,0.0,0.0,0.1298,0.0103,0.0087,0.2633,5.79,13.01
1,1,4.644,0.3,0.0,0.0,0.1597,-0.0018,0.0082,0.2598,5.54,13.21
1,1,4.662,0.3,0.0,0.0,0.1098,-0.0067,0.0076,0.2582,4.69,12.63
1,1,4.682,0.3,0.0,0.0,0.0976,-0.0085,0.0074,0.2581,4.44,12.63
1,1,4.702,0.3,0.0,0.0,0.1520,-0.0121,0.0068,0.2582,5.47,11.49
1,1,4.724,0.3,0.0,0.0,0.1248,-0.0183,0.0058,0.2600,8.10,11.29
1,1,4.745,0.3,0.0,0.0,0.1188,-0.0150,0.0054,0.2620,8.45,11.52
1,1,4.765,0.3,0.0,0.0,0.2013,-0.0111,0.0046,0.2653,18.52,11.53
1,1,4.781,0.3,0.0,0.0,0.1114,0.0189,0.0034,0.2713,17.76,11.26
1,1,4.801,0.3,0.0,0.0,0.1388,0.0530,0.0056,0.2740,23.23,5.48
1,1,4.824,0.3,0.0,0.0,0.1744,0.0234,0.0073,0.2752,13.84,10.40
1,1,4.847,0.3,0.0,0.0,0.1473,-0.0192,0.0046,0.2733,31.97,16.38
1,1,4.864,0.3,0.0,0.0,0.1741,-0.0497,0.0031,0.2698,19.68,16.08
1,1,4.883,0.3,0.0,0.0,0.1123,-0.0379,0.0049,0.2672,11.50,14.01
1,1,4.902,0.3,0.0,0.0,0.1466,-0.0327,0.0086,0.2648,9.36,14.21
1,1,4.924,0.3,0.0,0.0,0.1119,-0.0164,0.0118,0.2624,6.17,14.31
1,1,4.946,0.3,0.0,0.0,0.1232,-0.0077,0.0112,0.2613,6.00,14.21
1,1,4.967,0.3,0.0,0.0,0.1485,0.0042,0.0093,0.2597,6.69,13.77
1,1,4.985,0.3,0.0,0.0,0.1600,0.0099,0.0077,0.2590,6.69,13.35
1,1,5.007,0.3,0.0,0.0,0.1906,0.0171,0.0064,0.2585,7.41,12.65
1,1,5.026,0.3,0.0,0.0,0.0981,0.0210,0.0064,0.2585,7.28,12.55
1,1,5.044,0.3,0.0,0.0,0.1359,0.0288,0.0067,0.2592,8.21,12.02
1,1,5.064,0.3,0.0,0.0,0.1853,0.0298,0.0062,0.2638,42.45,11.19
1,1,5.082,0.3,0.0,0.0,0.1205,0.0111,0.0055,0.2695,15.36,10.13
1,1,5.106,0.3,0.0,0.0,0.2043,0.0060,0.0063,0.2743,15.51,6.80
1,1,5.127,0.3,0.0,0.0,0.1417,0.0144,0.0063,0.2748,5.37,12.20
1,1,5.148,0.3,0.0,0.0,0.1699,0.0480,0.0044,0.2739,14.80,13.71
1,1,5.164,0.3,0.0,0.0,0.1281,0.0591,0.0045,0.2704,21.11,13.51
1,1,5.183,0.3,0.0,0.0,0.1503,0.0349,0.0067,0.2664,10.32,13.32
1,1,5.202,0.3,0.0,0.0,0.2102,0.0177,0.0078,0.2631,6.06,13.68
1,1,5.225,0.3,0.0,0.0,0.1251,0.0113,0.0079,0.2598,2.28,13.77
1,1,5.247,0.3,0.0,0.0,0.1067,0.0110,0.0077,0.2586,3.43,13.72
1,1,5.265,0.3,0.0,0.0,0.1021,0.0076,0.0075,0.2571,3.81,13.18
1,1,5.282,0.3,0.0,0.0,0.2248,0.0031,0.0078,0.2568,4.25,12.81
1,1,5.303,0.3,0.0,0.0,0.0894,-0.0019,0.0082,0.2571,6.64,12.74
1,1,5.327,0.3,0.0,0.0,0.1366,-0.0078,0.0086,0.2592,5.22,12.68
1,1,5.344,0.3,0.0,0.0,0.1675,-0.0045,0.0085,0.2603,8.73,12.46
1,1,5.364,0.3,0.0,0.0,0.1349,-0.0004,0.0075,0.2632,21.34,11.96
1,1,5.386,0.3,0.0,0.0,0.1580,0.0361,0.0046,0.2697,8.85,10.49
1,1,5.404,0.3,0.0,0.0,0.1503,0.0759,0.0033,0.2734,8.52,6.43
1,1,5.424,0.3,0.0,0.0,0.1306,0.0533,0.0032,0.2734,9.21,10.10
1,1,5.442,0.3,0.0,0.0,0.2164,-0.0033,0.0030,0.2722,21.97,15.49
1,1,5.462,0.3,0.0,0.0,0.1733,-0.0339,0.0042,0.2678,18.27,15.14
1,1,5.481,0.3,0.0,0.0,0.1380,-0.0293,0.0073,0.2651,10.86,13.85
1,1,5.504,0.3,0.0,0.0,0.1219,-0.0230,0.0097,0.2628,6.86,14.18
1,1,5.528,0.3,0.0,0.0,0.1290,-0.0142,0.0107,0.2614,6.85,14.03
1,1,5.546,0.3,0.0,0.0,0.1232,-0.0105,0.0110,0.2606,7.33,14.02
1,1,5.563,0.3,0.0,0.0,0.1935,-0.0014,0.0103,0.2592,6.85,13.68
1,1,5.584,0.3,0.0,0.0,0.1651,0.0050,0.0094,0.2582,7.62,13.13
1,1,5.602,0.3,0.0,0.0,0.1462,0.0097,0.0095,0.2580,8.16,12.69
1,1,5.624,0.3,0.0,0.0,0.1875,0.0195,0.0098,0.2584,10.15,12.22
1,1,5.645,0.3,0.0,0.0,0.1483,0.0270,0.0093,0.2606,18.03,11.69
1,1,5.663,0.3,0.0,0.0,0.1648,0.0282,0.0088,0.2636,48.86,11.11
1,1,5.682,0.3,0.0,0.0,0.1854,0.0135,0.0082,0.2696,19.38,9.76
1,1,5.711,0.3,0.0,0.0,0.1075,-0.0129,0.0079,0.2733,42.64,6.66
1,1,5.722,0.3,0.0,0.0,0.1219,-0.0143,0.0071,0.2755,6.82,6.94
1,1,5.741,0.3,0.0,0.0,0.2281,0.0125,0.0049,0.2738,44.95,13.09
1,1,5.761,0.3,0.0,0.0,0.2136,0.0410,0.0040,0.2695,29.24,15.02
1,1,5.781,0.3,0.0,0.0,0.1496,0.0430,0.0060,0.2670,16.68,14.45
1,1,5.802,0.3,0.0,0.0,0.1348,0.0224,0.0108,0.2621,6.90,13.44
1,1,5.826,0.3,0.0,0.0,0.1888,0.0095,0.0116,0.2590,3.68,12.90
1,1,5.843,0.3,0.0,0.0,0.1228,0.0069,0.0113,0.2577,4.87,12.94
1,1,5.862,0.3,0.0,0.0,0.1826,0.0066,0.0110,0.2567,5.39,12.86
1,1,5.881,0.3,0.0,0.0,0.1522,0.0067,0.0113,0.2565,5.65,12.56
1,1,5.906,0.3,0.0,0.0,0.1257,-0.0008,0.0115,0.2570,7.19,12.13
1,1,5.925,0.3,0.0,0.0,0.1328,-0.0085,0.0114,0.2584,7.66,11.75
1,1,5.946,0.3,0.0,0.0,0.2173,-0.0116,0.0105,0.2613,15.33,11.64
1,1,5.963,0.3,0.0,0.0,0.0603,-0.0067,0.0096,0.2638,15.07,11.48
1,1,5.982,0.3,0.0,0.0,0.1536,0.0150,0.0080,0.2674,25.19,9.79
1,1,6.004,0.3,0.0,0.0,0.2123,0.0722,0.0049,0.2741,7.21,5.81
1,1,6.022,0.3,0.0,0.0,0.2106,0.0727,0.0035,0.2737,12.23,9.62
1,1,6.041,0.3,0.0,0.0,0.1806,-0.0042,0.0037,0.2714,28.88,14.58
1,1,6.061,0.3,0.0,0.0,0.1478,-0.0329,0.0066,0.2682,16.61,14.16
1,1,6.085,0.3,0.0,0.0,0.0409,-0.0341,0.0083,0.2667,9.57,13.98
1,1,6.108,0.3,0.0,0.0,0.1793,-0.0342,0.0108,0.2631,7.61,14.13
1,1,6.128,0.3,0.0,0.0,0.1138,-0.0210,0.0112,0.2614,6.37,13.97
1,1,6.146,0.3,0.0,0.0,0.1255,-0.0124,0.0107,0.2603,7.17,13.95
1,1,6.164,0.3,0.0,0.0,0.1214,-0.0098,0.0103,0.2595,6.49,13.87
1,1,6.184,0.3,0.0,0.0,0.1322,-0.0061,0.0097,0.2588,7.77,13.44
1,1,6.206,0.3,0.0,0.0,0.1428,-0.0009,0.0097,0.2582,8.07,13.07
1,1,6.225,0.3,0.0,0.0,0.0978,0.0136,0.0097,0.2584,10.16,12.58
1,1,6.244,0.3,0.0,0.0,0.1934,0.0217,0.0092,0.2599,11.96,11.97
1,1,6.263,0.3,0.0,0.0,0.1651,0.0222,0.0083,0.2628,22.39,11.09
1,1,6.286,0.3,0.0,0.0,0.1565,0.0213,0.0080,0.2643,27.12,11.09
1,1,6.309,0.3,0.0,0.0,0.1483,-0.0186,0.0073,0.2743,12.64,6.65
1,1,6.325,0.3,0.0,0.0,0.2014,-0.0120,0.0077,0.2748,6.21,6.84
1,1,6.346,0.3,0.0,0.0,0.1574,0.0155,0.0074,0.2738,14.92,12.39
1,1,6.361,0.3,0.0,0.0,0.1568,0.0504,0.0077,0.2696,18.89,13.53
1,1,6.381,0.3,0.0,0.0,0.2130,0.0385,0.0099,0.2664,17.52,13.43
1,1,6.402,0.3,0.0,0.0,0.0458,0.0262,0.0107,0.2638,14.87,13.21
1,1,6.429,0.3,0.0,0.0,0.1932,0.0109,0.0109,0.2608,7.00,13.25
1,1,6.454,0.3,0.0,0.0,0.1438,0.0075,0.0097,0.2577,4.92,13.16
1,1,6.465,0.3,0.0,0.0,0.1082,0.0070,0.0095,0.2574,5.28,13.10
1,1,6.482,0.3,0.0,0.0,0.1897,0.0054,0.0089,0.2566,4.97,12.89
1,1,6.502,0.3,0.0,0.0,0.1763,-0.0065,0.0087,0.2572,5.89,12.08
1,1,6.527,0.3,0.0,0.0,0.1047,-0.0086,0.0083,0.2584,7.86,11.92
1,1,6.541,0.3,0.0,0.0,0.2663,-0.0085,0.0076,0.2603,10.61,11.68
1,1,6.561,0.3,0.0,0.0,0.1917,-0.0010,0.0061,0.2650,20.75,11.16
1,1,6.581,0.3,0.0,0.0,0.1396,0.0496,0.0044,0.2715,11.04,10.13
1,1,6.606,0.3,0.0,0.0,0.1913,0.0665,0.0051,0.2740,6.80,6.92
1,1,6.622,0.3,0.0,0.0,0.1519,0.0115,0.0050,0.2736,7.46,11.39
1,1,6.645,0.3,0.0,0.0,0.1005,-0.0164,0.0050,0.2729,17.79,14.29
1,1,6.663,0.3,0.0,0.0,0.1136,-0.0298,0.0066,0.2694,17.19,14.49
1,1,6.682,0.3,0.0,0.0,0.1776,-0.0147,0.0087,0.2670,7.52,13.83
1,1,6.702,0.3,0.0,0.0,0.1190,-0.0173,0.0109,0.2638,8.89,14.29
1,1,6.724,0.3,0.0,0.0,0.1610,-0.0083,0.0111,0.2622,7.30,13.72
1,1,6.745,0.3,0.0,0.0,0.1366,-0.0024,0.0105,0.2608,5.85,13.68
1,1,6.762,0.3,0.0,0.0,0.2091,0.0032,0.0097,0.2599,5.88,13.36
1,1,6.782,0.3,0.0,0.0,0.1827,0.0060,0.0092,0.2591,6.66,13.01
1,1,6.804,0.3,0.0,0.0,0.1695,0.0103,0.0103,0.2588,6.66,12.50
1,1,6.825,0.3,0.0,0.0,0.1530,0.0191,0.0109,0.2591,9.24,12.16
1,1,6.844,0.3,0.0,0.0,0.1487,0.0207,0.0102,0.2613,10.67,11.74
1,1,6.863,0.3,0.0,0.0,0.1606,0.0221,0.0092,0.2644,22.20,11.27
1,1,6.890,0.3,0.0,0.0,0.0487,0.0212,0.0088,0.2659,20.35,11.17
1,1,6.915,0.3,0.0,0.0,0.1917,-0.0072,0.0079,0.2739,16.50,9.53
1,1,6.922,0.3,0.0,0.0,0.0843,-0.0154,0.0079,0.2758,13.49,6.58
1,1,6.946,0.3,0.0,0.0,0.3106,0.0335,0.0085,0.2760,15.99,13.14
1,1,6.961,0.3,0.0,0.0,0.1714,0.0828,0.0087,0.2728,20.97,12.97
1,1,6.983,0.3,0.0,0.0,0.1918,0.0564,0.0113,0.2685,21.57,13.28
1,1,7.007,0.3,0.0,0.0,0.1722,0.0176,0.0118,0.2640,6.75,12.73
1,1,7.025,0.3,0.0,0.0,0.0999,0.0062,0.0110,0.2617,5.67,13.06
1,1,7.045,0.3,0.0,0.0,0.1322,0.0049,0.0101,0.2597,3.96,13.08
1,1,7.065,0.3,0.0,0.0,0.1786,0.0033,0.0095,0.2586,3.76,12.72
1,1,7.088,0.3,0.0,0.0,0.1240,-0.0016,0.0090,0.2578,4.10,12.14
1,1,7.105,0.3,0.0,0.0,0.1261,-0.0063,0.0083,0.2579,4.59,11.62
1,1,7.124,0.3,0.0,0.0,0.1810,-0.0141,0.0073,0.2589,7.69,11.60
1,1,7.141,0.3,0.0,0.0,0.1311,-0.0231,0.0062,0.2630,28.48,11.54
1,1,7.166,0.3,0.0,0.0,0.1259,0.0091,0.0058,0.2686,7.32,11.64
1,1,7.186,0.3,0.0,0.0,0.1248,0.0219,0.0065,0.2706,18.95,9.97
1,1,7.207,0.3,0.0,0.0,0.0604,0.0339,0.0070,0.2719,20.25,9.95
1,1,7.228,0.3,0.0,0.0,0.1682,0.0430,0.0081,0.2746,22.18,12.43
1,1,7.242,0.3,0.0,0.0,0.1992,-0.0032,0.0083,0.2734,33.73,15.99
1,1,7.265,0.3,0.0,0.0,0.1182,-0.0354,0.0078,0.2709,34.47,15.71
1,1,7.284,0.3,0.0,0.0,0.1261,-0.0370,0.0061,0.2662,12.54,16.56
1,1,7.306,0.3,0.0,0.0,0.1895,-0.0349,0.0080,0.2626,6.42,14.17
1,1,7.326,0.3,0.0,0.0,0.1638,-0.0238,0.0107,0.2611,6.87,14.15
1,1,7.344,0.3,0.0,0.0,0.1107,-0.0128,0.0136,0.2595,7.48,14.40
1,1,7.366,0.3,0.0,0.0,0.1762,-0.0023,0.0136,0.2588,7.53,14.12
1,1,7.385,0.3,0.0,0.0,0.0979,0.0047,0.0123,0.2582,7.95,13.48
1,1,7.408,0.3,0.0,0.0,0.1740,0.0146,0.0105,0.2578,7.48,12.65
1,1,7.423,0.3,0.0,0.0,0.1213,0.0197,0.0098,0.2579,7.38,12.57
1,1,7.448,0.3,0.0,0.0,0.1900,0.0428,0.0086,0.2610,12.54,11.67
1,1,7.467,0.3,0.0,0.0,0.1480,0.0252,0.0075,0.2652,14.85,10.86
1,1,7.483,0.3,0.0,0.0,0.2274,0.0189,0.0072,0.2676,25.88,10.82
1,1,7.506,0.3,0.0,0.0,0.0709,0.0052,0.0074,0.2713,35.39,6.29
1,1,7.524,0.3,0.0,0.0,0.1616,-0.0108,0.0084,0.2752,8.78,10.30
1,1,7.543,0.3,0.0,0.0,0.1448,0.0328,0.0069,0.2741,21.96,13.97
1,1,7.567,0.3,0.0,0.0,0.2042,0.0601,0.0075,0.2693,28.53,13.55
1,1,7.585,0.3,0.0,0.0,0.1797,0.0424,0.0104,0.2655,10.66,14.15
1,1,7.612,0.3,0.0,0.0,0.1027,0.0221,0.0115,0.2628,9.69,13.26
1,1,7.627,0.3,0.0,0.0,0.1684,0.0158,0.0114,0.2608,5.76,13.33
1,1,7.642,0.3,0.0,0.0,0.1466,0.0080,0.0107,0.2589,3.83,13.35
1,1,7.662,0.3,0.0,0.0,0.2059,0.0071,0.0097,0.2574,4.87,12.91
1,1,7.696,0.3,0.0,0.0,0.1293,0.0020,0.0098,0.2571,5.48,12.62
1,1,7.710,0.3,0.0,0.0,0.1293,0.0017,0.0103,0.2571,5.50,12.59
1,1,7.725,0.3,0.0,0.0,0.1299,0.0018,0.0106,0.2571,5.06,12.54
1,1,7.744,0.3,0.0,0.0,0.1086,-0.0122,0.0109,0.2590,25.47,12.33
1,1,7.762,0.3,0.0,0.0,0.1585,-0.0079,0.0093,0.2636,10.82,11.81
1,1,7.781,0.3,0.0,0.0,0.1510,0.0156,0.0071,0.2682,17.10,9.94
1,1,7.803,0.3,0.0,0.0,0.1974,0.0835,0.0051,0.2742,7.94,7.76
1,1,7.827,0.3,0.0,0.0,0.1543,0.0269,0.0022,0.2737,12.80,10.68
1,1,7.845,0.3,0.0,0.0,0.1192,-0.0070,0.0011,0.2731,12.08,11.29
1,1,7.862,0.3,0.0,0.0,0.1813,-0.0463,0.0013,0.2710,25.94,14.56
1,1,7.883,0.3,0.0,0.0,0.1259,-0.0283,0.0055,0.2671,8.01,13.16
1,1,7.902,0.3,0.0,0.0,0.1218,-0.0250,0.0089,0.2650,8.98,13.56
1,1,7.925,0.3,0.0,0.0,0.1451,-0.0090,0.0111,0.2626,7.32,13.55
1,1,7.941,0.3,0.0,0.0,0.1877,0.0046,0.0096,0.2610,6.62,13.04
1,1,7.969,0.3,0.0,0.0,0.0657,0.0076,0.0087,0.2604,6.21,12.76
1,1,7.985,0.3,0.0,0.0,0.1595,0.0106,0.0072,0.2597,6.84,12.60
1,1,8.003,0.3,0.0,0.0,0.2320,0.0179,0.0055,0.2591,6.58,11.91
1,1,8.024,0.3,0.0,0.0,0.1312,0.0218,0.0055,0.2592,7.30,11.67
1,1,8.048,0.3,0.0,0.0,0.1887,0.0322,0.0051,0.2623,14.81,11.75
1,1,8.062,0.3,0.0,0.0,0.2040,0.0297,0.0044,0.2655,13.06,11.53
1,1,8.081,0.3,0.0,0.0,0.1506,0.0135,0.0032,0.2705,29.81,9.20
1,1,8.104,0.3,0.0,0.0,0.1696,-0.0055,0.0043,0.2756,14.47,7.13
1,1,8.125,0.3,0.0,0.0,0.1743,0.0165,0.0044,0.2756,9.91,12.48
1,1,8.147,0.3,0.0,0.0,0.1162,0.0475,0.0034,0.2748,14.38,13.06
1,1,8.173,0.3,0.0,0.0,0.1696,0.0309,0.0051,0.2672,36.86,12.98
1,1,8.185,0.3,0.0,0.0,0.1390,0.0142,0.0063,0.2660,11.35,13.32
1,1,8.210,0.3,0.0,0.0,0.1458,0.0102,0.0068,0.2630,6.67,13.68
1,1,8.224,0.3,0.0,0.0,0.1162,0.0050,0.0068,0.2609,9.58,13.68
1,1,8.242,0.3,0.0,0.0,0.1192,0.0015,0.0062,0.2591,3.86,13.29
1,1,8.267,0.3,0.0,0.0,0.1185,0.0016,0.0059,0.2582,4.15,12.86
1,1,8.290,0.3,0.0,0.0,0.1088,-0.0027,0.0049,0.2577,3.70,12.48
1,1,8.307,0.3,0.0,0.0,0.1333,-0.0027,0.0050,0.2578,4.19,12.50
1,1,8.322,0.3,0.0,0.0,0.1013,-0.0018,0.0057,0.2578,3.77,12.41
1,1,8.344,0.3,0.0,0.0,0.1556,-0.0172,0.0057,0.2610,26.85,12.56
1,1,8.366,0.3,0.0,0.0,0.1349,0.0026,0.0035,0.2657,8.45,12.19
1,1,8.385,0.3,0.0,0.0,0.1602,0.0154,0.0057,0.2693,23.79,9.34
1,1,8.404,0.3,0.0,0.0,0.1216,0.0626,0.0081,0.2741,19.66,9.34
1,1,8.422,0.3,0.0,0.0,0.1321,0.0137,0.0097,0.2740,12.62,12.10
1,1,8.446,0.3,0.0,0.0,0.1354,-0.0199,0.0100,0.2731,23.27,16.23
1,1,8.465,0.3,0.0,0.0,0.1223,-0.0445,0.0099,0.2698,21.72,16.26
1,1,8.484,0.3,0.0,0.0,0.1133,-0.0303,0.0096,0.2669,9.55,14.57
1,1,8.505,0.3,0.0,0.0,0.1244,-0.0290,0.0105,0.2645,6.51,14.51
1,1,8.525,0.3,0.0,0.0,0.1251,-0.0203,0.0123,0.2625,5.87,14.52
1,1,8.553,0.3,0.0,0.0,0.1246,-0.0102,0.0142,0.2608,7.28,14.61
1,1,8.565,0.3,0.0,0.0,0.1758,-0.0041,0.0148,0.2596,6.61,14.40
1,1,8.585,0.3,0.0,0.0,0.1767,0.0008,0.0142,0.2589,8.00,14.04
1,1,8.602,0.3,0.0,0.0,0.1257,0.0070,0.0128,0.2582,7.19,13.17
1,1,8.621,0.3,0.0,0.0,0.2155,0.0198,0.0119,0.2584,9.75,12.45
1,1,8.643,0.3,0.0,0.0,0.1434,0.0256,0.0113,0.2599,11.54,11.80
1,1,8.663,0.3,0.0,0.0,0.1652,0.0305,0.0104,0.2641,15.64,10.94
1,1,8.691,0.3,0.0,0.0,0.1977,-0.0005,0.0096,0.2717,13.59,9.74
1,1,8.708,0.3,0.0,0.0,0.1553,-0.0047,0.0099,0.2745,8.78,6.73
1,1,8.727,0.3,0.0,0.0,0.1976,-0.0037,0.0100,0.2749,6.33,8.35
1,1,8.743,0.3,0.0,0.0,0.1427,0.0482,0.0095,0.2740,16.82,13.07
1,1,8.765,0.3,0.0,0.0,0.0719,0.0558,0.0094,0.2732,30.39,12.95
1,1,8.784,0.3,0.0,0.0,0.1838,0.0421,0.0097,0.2661,48.05,13.46
1,1,8.803,0.3,0.0,0.0,0.1836,0.0114,0.0101,0.2630,13.80,13.47
1,1,8.826,0.3,0.0,0.0,0.1112,0.0073,0.0098,0.2608,5.88,13.77
1,1,8.847,0.3,0.0,0.0,0.2106,-0.0011,0.0092,0.2586,5.41,13.34
1,1,8.864,0.3,0.0,0.0,0.1262,0.0032,0.0086,0.2574,5.33,12.90
1,1,8.887,0.3,0.0,0.0,0.1260,-0.0002,0.0079,0.2569,5.09,12.36
1,1,8.904,0.3,0.0,0.0,0.1753,-0.0036,0.0073,0.2572,5.93,12.14
1,1,8.922,0.3,0.0,0.0,0.1977,-0.0100,0.0071,0.2587,8.45,12.05
1,1,8.942,0.3,0.0,0.0,0.1545,-0.0108,0.0068,0.2602,12.09,12.00
1,1,8.972,0.3,0.0,0.0,0.1428,0.0064,0.0053,0.2669,8.47,11.46
1,1,8.988,0.3,0.0,0.0,0.1517,0.0151,0.0049,0.2686,23.08,11.47
1,2,9.011,0.6,0.0,0.0,0.0000,0.0632,0.0056,0.2739,8.77,6.82
1,2,9.028,0.6,0.0,0.0,0.2037,0.0535,0.0057,0.2738,8.82,6.68
1,2,9.044,0.6,0.0,0.0,0.2466,0.0085,0.0061,0.2727,12.70,13.65
1,2,9.065,0.6,0.0,0.0,0.1464,-0.0168,0.0071,0.2702,83.34,17.90
1,2,9.086,0.6,0.0,0.0,0.1737,-0.0018,0.0096,0.2648,30.22,16.59
1,2,9.102,0.6,0.0,0.0,0.1508,-0.0033,0.0107,0.2617,19.15,16.64
1,2,9.122,0.6,0.0,0.0,0.1800,-0.0210,0.0112,0.2581,15.66,17.00
1,2,9.144,0.6,0.0,0.0,0.2406,-0.0170,0.0122,0.2553,13.33,16.64
1,2,9.165,0.6,0.0,0.0,0.2742,-0.0079,0.0131,0.2526,12.13,16.34
1,2,9.185,0.6,0.0,0.0,0.2384,0.0012,0.0124,0.2505,12.40,15.47
1,2,9.204,0.6,0.0,0.0,0.2536,0.0106,0.0112,0.2502,14.49,14.49
1,2,9.223,0.6,0.0,0.0,0.2753,0.0263,0.0102,0.2510,20.36,13.51
1,2,9.242,0.6,0.0,0.0,0.2479,0.0371,0.0102,0.2534,44.89,12.78
1,2,9.265,0.6,0.0,0.0,0.3585,0.0403,0.0108,0.2611,26.56,12.34
1,2,9.284,0.6,0.0,0.0,0.2879,0.0311,0.0132,0.2682,21.68,10.98
1,2,9.302,0.6,0.0,0.0,0.3673,0.0187,0.0155,0.2718,24.79,8.60
1,2,9.321,0.6,0.0,0.0,0.4195,0.0314,0.0177,0.2766,17.54,11.52
1,2,9.342,0.6,0.0,0.0,0.3374,0.0597,0.0136,0.2754,65.21,16.87
1,2,9.362,0.6,0.0,0.0,0.3395,0.0726,0.0078,0.2704,39.40,16.37
1,2,9.384,0.6,0.0,0.0,0.3724,0.0606,0.0026,0.2645,29.08,15.44
1,2,9.406,0.6,0.0,0.0,0.4902,0.0464,0.0005,0.2601,18.30,15.49
1,2,9.426,0.6,0.0,0.0,0.3133,0.0378,0.0018,0.2573,10.69,15.24
1,2,9.443,0.6,0.0,0.0,0.4345,0.0292,0.0030,0.2538,11.96,14.94
1,2,9.470,0.6,0.0,0.0,0.3504,0.0179,0.0043,0.2522,12.47,13.47
1,2,9.481,0.6,0.0,0.0,0.1866,0.0122,0.0055,0.2518,15.46,13.24
1,2,9.505,0.6,0.0,0.0,0.5197,-0.0015,0.0077,0.2520,18.55,12.19
1,2,9.521,0.6,0.0,0.0,0.4856,-0.0096,0.0092,0.2539,19.43,11.83
1,2,9.542,0.6,0.0,0.0,0.1564,-0.0090,0.0097,0.2543,30.34,11.84
1,2,9.565,0.6,0.0,0.0,0.5141,-0.0124,0.0085,0.2636,56.47,11.31
1,2,9.587,0.6,0.0,0.0,0.3932,0.0286,0.0070,0.2691,27.19,10.85
1,2,9.610,0.6,0.0,0.0,0.2592,0.0684,0.0080,0.2757,33.58,5.66
1,2,9.623,0.6,0.0,0.0,0.5395,0.1013,0.0082,0.2789,20.14,5.51
1,2,9.642,0.6,0.0,0.0,0.5945,0.0216,0.0071,0.2777,53.60,13.49
1,2,9.662,0.6,0.0,0.0,0.3726,-0.0231,0.0082,0.2710,71.21,16.04
1,2,9.690,0.6,0.0,0.0,0.4424,-0.0523,0.0107,0.2651,65.54,14.45
1,2,9.704,0.6,0.0,0.0,0.4878,-0.0679,0.0118,0.2611,68.08,14.18
1,2,9.726,0.6,0.0,0.0,0.2858,-0.0371,0.0111,0.2583,16.21,14.17
1,2,9.742,0.6,0.0,0.0,0.5491,-0.0280,0.0095,0.2557,17.78,13.21
1,2,9.767,0.6,0.0,0.0,0.5112,-0.0061,0.0079,0.2518,17.32,11.70
1,2,9.785,0.6,0.0,0.0,0.3359,0.0041,0.0078,0.2506,17.60,11.67
1,2,9.807,0.6,0.0,0.0,0.3971,0.0234,0.0084,0.2504,20.52,11.89
1,2,9.822,0.6,0.0,0.0,0.3971,0.0372,0.0094,0.2518,25.30,11.90
1,2,9.843,0.6,0.0,0.0,0.5534,0.0516,0.0104,0.2548,38.48,11.80
1,2,9.865,0.6,0.0,0.0,0.4080,0.0641,0.0113,0.2618,38.87,11.01
1,2,9.884,0.6,0.0,0.0,0.4851,0.0786,0.0120,0.2681,43.95,9.79
1,2,9.906,0.6,0.0,0.0,0.3910,0.0352,0.0144,0.2765,28.68,7.01
1,2,9.921,0.6,0.0,0.0,0.5366,0.0068,0.0159,0.2789,22.09,7.08
1,2,9.947,0.6,0.0,0.0,0.3691,0.0235,0.0146,0.2751,67.03,12.53
1,2,9.962,0.6,0.0,0.0,0.4005,0.0328,0.0126,0.2719,65.94,14.08
1,2,9.986,0.6,0.0,0.0,0.3532,0.0469,0.0120,0.2677,57.46,15.03
1,2,10.008,0.6,0.0,0.0,0.3286,0.0540,0.0137,0.2603,29.92,14.40
1,2,10.025,0.6,0.0,0.0,0.4869,0.0482,0.0145,0.2581,15.17,13.40
1,2,10.044,0.6,0.0,0.0,0.3683,0.0323,0.0140,0.2539,14.50,12.65
1,2,10.061,0.6,0.0,0.0,0.3534,0.0185,0.0115,0.2523,15.56,12.60
1,2,10.081,0.6,0.0,0.0,0.3516,0.0062,0.0086,0.2515,15.06,12.33
1,2,10.104,0.6,0.0,0.0,0.2942,0.0012,0.0078,0.2517,17.38,12.05
1,2,10.126,0.6,0.0,0.0,0.4268,-0.0057,0.0084,0.2532,21.63,12.41
1,2,10.145,0.6,0.0,0.0,0.1416,-0.0065,0.0087,0.2549,26.64,12.30
1,2,10.161,0.6,0.0,0.0,0.5039,-0.0084,0.0099,0.2604,29.66,11.60
1,2,10.182,0.6,0.0,0.0,0.3702,0.0079,0.0122,0.2661,60.22,10.87
1,2,10.203,0.6,0.0,0.0,0.3715,0.0306,0.0141,0.2714,49.76,8.73
1,2,10.224,0.6,0.0,0.0,0.4330,0.0701,0.0165,0.2771,20.78,4.85
1,2,10.243,0.6,0.0,0.0,0.5459,0.0115,0.0157,0.2770,37.35,14.73
1,2,10.261,0.6,0.0,0.0,0.1338,-0.0342,0.0149,0.2744,58.90,14.60
1,2,10.282,0.6,0.0,0.0,0.6070,-0.0466,0.0159,0.2671,28.21,15.75
1,2,10.306,0.6,0.0,0.0,0.3266,-0.0579,0.0207,0.2617,31.90,14.77
1,2,10.321,0.6,0.0,0.0,0.4891,-0.0630,0.0232,0.2571,21.50,15.00
1,2,10.342,0.6,0.0,0.0,0.4924,-0.0487,0.0217,0.2532,15.24,14.21
1,2,10.361,0.6,0.0,0.0,0.3861,-0.0343,0.0173,0.2501,18.75,12.55
1,2,10.382,0.6,0.0,0.0,0.2574,-0.0221,0.0157,0.2494,18.77,12.23
1,2,10.408,0.6,0.0,0.0,0.5427,0.0124,0.0143,0.2491,20.46,11.75
1,2,10.426,0.6,0.0,0.0,0.5000,0.0341,0.0154,0.2499,23.60,11.70
1,2,10.451,0.6,0.0,0.0,0.1432,0.0462,0.0165,0.2515,26.05,11.35
1,2,10.463,0.6,0.0,0.0,0.4826,0.0552,0.0178,0.2563,25.38,11.22
1,2,10.486,0.6,0.0,0.0,0.5561,0.0658,0.0182,0.2628,59.18,9.93
1,2,10.504,0.6,0.0,0.0,0.2541,0.0574,0.0192,0.2709,35.77,8.31
1,2,10.523,0.6,0.0,0.0,0.4515,0.0161,0.0205,0.2755,31.88,3.67
1,2,10.542,0.6,0.0,0.0,0.5827,-0.0529,0.0188,0.2778,41.14,12.09
1,2,10.563,0.6,0.0,0.0,0.4973,0.0327,0.0149,0.2718,95.69,14.74
1,2,10.587,0.6,0.0,0.0,0.3084,0.0646,0.0157,0.2662,42.12,15.13
1,2,10.607,0.6,0.0,0.0,0.3336,0.0593,0.0181,0.2604,24.33,14.09
1,2,10.622,0.6,0.0,0.0,0.3269,0.0453,0.0186,0.2561,16.47,13.79
1,2,10.648,0.6,0.0,0.0,0.3754,0.0286,0.0178,0.2531,13.26,13.22
1,2,10.662,0.6,0.0,0.0,0.2958,0.0215,0.0165,0.2521,17.59,12.73
1,2,10.686,0.6,0.0,0.0,0.4568,0.0119,0.0138,0.2505,16.76,12.22
1,2,10.703,0.6,0.0,0.0,0.3335,0.0026,0.0127,0.2507,16.69,11.84
1,2,10.722,0.6,0.0,0.0,0.3797,-0.0119,0.0119,0.2521,26.03,12.08
1,2,10.742,0.6,0.0,0.0,0.2978,-0.0169,0.0110,0.2554,27.87,11.84
1,2,10.763,0.6,0.0,0.0,0.3820,-0.0093,0.0104,0.2601,55.11,11.69
1,2,10.784,0.6,0.0,0.0,0.4560,0.0128,0.0113,0.2673,32.66,10.73
1,2,10.804,0.6,0.0,0.0,0.3544,0.0578,0.0131,0.2745,26.69,8.18
1,2,10.826,0.6,0.0,0.0,0.6129,0.0695,0.0133,0.2759,27.27,8.03
1,2,10.845,0.6,0.0,0.0,0.2998,0.0280,0.0137,0.2774,51.79,14.92
1,2,10.862,0.6,0.0,0.0,0.5956,-0.0530,0.0144,0.2720,68.91,18.28
1,2,10.885,0.6,0.0,0.0,0.0000,-0.0536,0.0155,0.2666,50.73,15.37
1,2,10.907,0.6,0.0,0.0,0.5338,-0.0793,0.0186,0.2622,38.43,14.58
1,2,10.922,0.6,0.0,0.0,0.3392,-0.0706,0.0208,0.2573,27.37,14.82
1,2,10.943,0.6,0.0,0.0,0.3701,-0.0546,0.0202,0.2541,15.04,14.43
1,2,10.967,0.6,0.0,0.0,0.4949,-0.0419,0.0183,0.2512,17.57,13.32
1,2,10.984,0.6,0.0,0.0,0.3664,-0.0253,0.0153,0.2492,16.98,11.70
1,2,11.004,0.6,0.0,0.0,0.3942,-0.0003,0.0141,0.2491,20.06,12.07
1,2,11.022,0.6,0.0,0.0,0.5378,0.0206,0.0146,0.2510,19.41,11.81
1,2,11.042,0.6,0.0,0.0,0.4235,0.0373,0.0152,0.2536,49.81,11.79
1,2,11.062,0.6,0.0,0.0,0.1401,0.0440,0.0153,0.2578,51.38,11.19
1,2,11.084,0.6,0.0,0.0,0.6000,0.0539,0.0157,0.2651,63.40,9.97
1,2,11.103,0.6,0.0,0.0,0.4177,0.0431,0.0168,0.2726,38.33,7.53
1,2,11.125,0.6,0.0,0.0,0.2913,-0.0053,0.0177,0.2771,34.72,4.03
1,2,11.142,0.6,0.0,0.0,0.5394,-0.0145,0.0164,0.2783,27.22,10.94
1,2,11.162,0.6,0.0,0.0,0.4215,0.0337,0.0137,0.2731,178.61,13.77
1,2,11.181,0.6,0.0,0.0,0.2382,0.0438,0.0139,0.2684,68.06,14.57
1,2,11.208,0.6,0.0,0.0,0.5167,0.0445,0.0156,0.2616,28.55,14.08
1,2,11.222,0.6,0.0,0.0,0.3305,0.0348,0.0154,0.2569,23.85,13.94
1,2,11.242,0.6,0.0,0.0,0.2213,0.0257,0.0149,0.2549,12.64,13.33
1,2,11.262,0.6,0.0,0.0,0.5098,0.0185,0.0125,0.2526,12.93,12.74
1,2,11.285,0.6,0.0,0.0,0.4441,0.0119,0.0107,0.2516,15.85,12.36
1,2,11.308,0.6,0.0,0.0,0.2295,0.0015,0.0098,0.2515,16.79,11.88
1,2,11.324,0.6,0.0,0.0,0.3286,-0.0062,0.0097,0.2521,24.03,12.17
1,2,11.342,0.6,0.0,0.0,0.4614,-0.0090,0.0094,0.2551,28.70,11.48
1,2,11.362,0.6,0.0,0.0,0.3884,-0.0129,0.0090,0.2578,55.35,11.45
1,2,11.385,0.6,0.0,0.0,0.4528,-0.0084,0.0103,0.2661,36.21,10.07
1,2,11.405,0.6,0.0,0.0,0.4204,0.0487,0.0116,0.2732,35.80,9.33
1,2,11.423,0.6,0.0,0.0,0.3417,0.0753,0.0117,0.2770,28.45,9.45
1,2,11.442,0.6,0.0,0.0,0.4560,0.0578,0.0111,0.2788,29.94,10.79
1,2,11.462,0.6,0.0,0.0,0.4005,-0.0094,0.0127,0.2721,65.17,17.23
1,2,11.481,0.6,0.0,0.0,0.3635,-0.0365,0.0150,0.2678,55.49,16.00
1,2,11.505,0.6,0.0,0.0,0.4848,-0.0597,0.0169,0.2645,39.78,15.88
1,2,11.522,0.6,0.0,0.0,0.3990,-0.0568,0.0188,0.2585,13.43,14.70
1,2,11.542,0.6,0.0,0.0,0.4105,-0.0448,0.0165,0.2543,15.18,14.06
1,2,11.562,0.6,0.0,0.0,0.5079,-0.0263,0.0145,0.2516,18.12,12.91
1,2,11.586,0.6,0.0,0.0,0.3736,-0.0124,0.0128,0.2504,16.06,11.88
1,2,11.604,0.6,0.0,0.0,0.2532,0.0034,0.0120,0.2498,17.93,11.85
1,2,11.624,0.6,0.0,0.0,0.3390,0.0195,0.0121,0.2502,21.26,11.70
1,2,11.642,0.6,0.0,0.0,0.4999,0.0421,0.0131,0.2535,31.51,11.62
1,2,11.662,0.6,0.0,0.0,0.4370,0.0567,0.0135,0.2589,69.80,11.40
1,2,11.686,0.6,0.0,0.0,0.5376,0.0609,0.0137,0.2670,47.93,10.36
1,2,11.705,0.6,0.0,0.0,0.6161,0.0448,0.0145,0.2739,39.69,7.53
1,2,11.726,0.6,0.0,0.0,0.3109,-0.0019,0.0150,0.2780,32.30,7.24
1,2,11.742,0.6,0.0,0.0,0.6094,0.0063,0.0143,0.2780,36.48,12.38
1,2,11.762,0.6,0.0,0.0,0.3884,0.0255,0.0110,0.2726,71.59,13.75
1,2,11.786,0.6,0.0,0.0,0.3148,0.0334,0.0104,0.2674,58.11,13.55
1,2,11.804,0.6,0.0,0.0,0.2676,0.0442,0.0103,0.2661,36.22,14.59
1,2,11.826,0.6,0.0,0.0,0.4253,0.0590,0.0111,0.2614,17.79,14.23
1,2,11.842,0.6,0.0,0.0,0.2974,0.0373,0.0117,0.2565,13.27,13.30
1,2,11.862,0.6,0.0,0.0,0.5165,0.0313,0.0109,0.2542,12.49,12.75
1,2,11.885,0.6,0.0,0.0,0.3526,0.0163,0.0085,0.2525,14.53,12.30
1,2,11.910,0.6,0.0,0.0,0.3577,0.0020,0.0071,0.2525,16.11,11.72
1,2,11.925,0.6,0.0,0.0,0.5752,-0.0006,0.0070,0.2531,16.59,11.54
1,2,11.942,0.6,0.0,0.0,0.3142,-0.0058,0.0074,0.2558,18.66,11.67
1,2,11.963,0.6,0.0,0.0,0.5091,-0.0109,0.0080,0.2612,66.43,11.71
1,2,11.985,0.6,0.0,0.0,0.0000,0.0038,0.0090,0.2667,63.85,11.56
1,2,12.004,0.6,0.0,0.0,0.5290,0.0498,0.0095,0.2734,30.67,8.73
1,2,12.024,0.6,0.0,0.0,0.3658,0.0825,0.0089,0.2777,27.64,3.95
1,2,12.046,0.6,0.0,0.0,0.4443,0.0713,0.0117,0.2762,73.78,12.43
1,2,12.062,0.6,0.0,0.0,0.5073,-0.0095,0.0157,0.2721,56.02,17.06
1,2,12.084,0.6,0.0,0.0,0.5135,-0.0949,0.0184,0.2661,38.77,17.55
1,2,12.105,0.6,0.0,0.0,0.3324,-0.0947,0.0186,0.2615,24.01,15.08
1,2,12.123,0.6,0.0,0.0,0.3643,-0.0833,0.0183,0.2583,20.46,14.57
1,2,12.143,0.6,0.0,0.0,0.5255,-0.0666,0.0179,0.2542,19.77,13.81
1,2,12.166,0.6,0.0,0.0,0.2017,-0.0503,0.0174,0.2522,15.91,13.53
1,2,12.182,0.6,0.0,0.0,0.7385,-0.0309,0.0163,0.2498,15.26,12.20
1,2,12.204,0.6,0.0,0.0,0.3520,-0.0045,0.0158,0.2489,18.34,12.20
1,2,12.226,0.6,0.0,0.0,0.2478,0.0086,0.0157,0.2494,24.31,12.63
1,2,12.242,0.6,0.0,0.0,0.6126,0.0212,0.0159,0.2511,33.31,12.45
1,2,12.262,0.6,0.0,0.0,0.4382,0.0431,0.0169,0.2592,44.20,11.14
1,2,12.281,0.6,0.0,0.0,0.4344,0.0622,0.0178,0.2654,39.83,9.93
1,2,12.305,0.6,0.0,0.0,0.5329,0.0307,0.0199,0.2739,26.63,6.65
1,2,12.327,0.6,0.0,0.0,0.4573,-0.0215,0.0182,0.2771,22.65,9.68
1,2,12.345,0.6,0.0,0.0,0.1608,-0.0180,0.0169,0.2769,24.17,11.99
1,2,12.362,0.6,0.0,0.0,0.5719,0.0205,0.0117,0.2715,75.46,12.34
1,2,12.382,0.6,0.0,0.0,0.3911,0.0317,0.0119,0.2662,31.13,15.06
1,2,12.402,0.6,0.0,0.0,0.4696,0.0407,0.0145,0.2618,18.88,13.76
1,2,12.427,0.6,0.0,0.0,0.2758,0.0250,0.0154,0.2566,18.27,12.83
1,2,12.444,0.6,0.0,0.0,0.3909,0.0125,0.0134,0.2540,14.04,12.50
1,2,12.463,0.6,0.0,0.0,0.2959,0.0079,0.0113,0.2527,15.58,12.45
1,2,12.482,0.6,0.0,0.0,0.5614,0.0012,0.0084,0.2517,15.60,12.57
1,2,12.504,0.6,0.0,0.0,0.4135,-0.0056,0.0087,0.2520,17.67,11.95
1,2,12.529,0.6,0.0,0.0,0.3248,-0.0130,0.0090,0.2547,20.98,11.91
1,2,12.542,0.6,0.0,0.0,0.3470,-0.0117,0.0085,0.2563,22.83,11.63
1,2,12.562,0.6,0.0,0.0,0.4500,-0.0163,0.0080,0.2608,63.84,11.20
1,2,12.582,0.6,0.0,0.0,0.3796,-0.0045,0.0087,0.2661,36.81,10.95
1,2,12.608,0.6,0.0,0.0,0.3211,0.0503,0.0104,0.2742,29.83,8.37
1,2,12.627,0.6,0.0,0.0,0.4951,0.0779,0.0096,0.2789,15.90,3.86
1,2,12.646,0.6,0.0,0.0,0.2997,0.0154,0.0078,0.2777,75.44,12.22
1,2,12.662,0.6,0.0,0.0,0.4833,-0.0059,0.0081,0.2760,69.80,14.02
1,2,12.682,0.6,0.0,0.0,0.3837,-0.0378,0.0117,0.2691,50.86,16.08
1,2,12.704,0.6,0.0,0.0,0.4863,-0.0527,0.0143,0.2658,32.67,15.97
1,2,12.723,0.6,0.0,0.0,0.3348,-0.0593,0.0187,0.2586,13.51,14.90
1,2,12.742,0.6,0.0,0.0,0.5036,-0.0501,0.0171,0.2550,13.32,14.18
1,2,12.766,0.6,0.0,0.0,0.2206,-0.0459,0.0153,0.2530,15.83,13.86
1,2,12.783,0.6,0.0,0.0,0.5117,-0.0258,0.0112,0.2507,16.60,11.80
1,2,12.806,0.6,0.0,0.0,0.5302,-0.0053,0.0092,0.2500,17.54,11.32
1,2,12.827,0.6,0.0,0.0,0.5183,0.0219,0.0084,0.2502,19.78,11.42
1,2,12.844,0.6,0.0,0.0,0.4994,0.0580,0.0107,0.2534,29.43,11.49
1,2,12.861,0.6,0.0,0.0,0.4396,0.0796,0.0124,0.2590,39.82,11.12
1,2,12.882,0.6,0.0,0.0,0.5529,0.0839,0.0126,0.2629,62.33,10.01
1,2,12.904,0.6,0.0,0.0,0.3777,0.0583,0.0123,0.2741,62.90,7.78
1,2,12.925,0.6,0.0,0.0,0.4276,-0.0104,0.0124,0.2778,24.76,6.40
1,2,12.942,0.6,0.0,0.0,0.3715,0.0179,0.0119,0.2773,28.08,11.37
1,2,12.962,0.6,0.0,0.0,0.5015,0.0769,0.0103,0.2706,187.56,13.73
1,2,12.982,0.6,0.0,0.0,0.5077,0.0434,0.0108,0.2644,19.87,13.80
1,2,13.003,0.6,0.0,0.0,0.3197,0.0474,0.0114,0.2591,27.84,13.92
1,2,13.025,0.6,0.0,0.0,0.3357,0.0325,0.0113,0.2555,14.71,13.24
1,2,13.045,0.6,0.0,0.0,0.3340,0.0265,0.0106,0.2542,16.00,12.86
1,2,13.062,0.6,0.0,0.0,0.5231,0.0159,0.0082,0.2518,14.67,12.55
1,2,13.081,0.6,0.0,0.0,0.4590,0.0040,0.0072,0.2515,14.96,11.81
1,2,13.104,0.6,0.0,0.0,0.4565,-0.0047,0.0074,0.2520,17.94,12.10
1,2,13.125,0.6,0.0,0.0,0.2894,-0.0132,0.0076,0.2538,26.08,12.48
1,2,13.143,0.6,0.0,0.0,0.4133,-0.0143,0.0071,0.2566,26.58,11.56
1,2,13.162,0.6,0.0,0.0,0.4999,-0.0156,0.0066,0.2605,51.93,11.26
1,2,13.182,0.6,0.0,0.0,0.3966,0.0191,0.0083,0.2710,60.97,10.10
1,2,13.205,0.6,0.0,0.0,0.5718,0.0674,0.0091,0.2764,24.40,8.66
1,2,13.230,0.6,0.0,0.0,0.2968,0.0473,0.0092,0.2791,17.34,6.38
1,2,13.244,0.6,0.0,0.0,0.4494,0.0180,0.0094,0.2786,21.44,8.22
1,2,13.262,0.6,0.0,0.0,0.4297,-0.0357,0.0121,0.2731,44.61,15.65
1,2,13.281,0.6,0.0,0.0,0.3723,-0.0295,0.0151,0.2689,42.46,14.35
1,2,13.302,0.6,0.0,0.0,0.4498,-0.0486,0.0176,0.2622,58.93,14.72
1,2,13.325,0.6,0.0,0.0,0.3451,-0.0263,0.0170,0.2581,10.40,13.53
1,2,13.345,0.6,0.0,0.0,0.4034,-0.0242,0.0154,0.2553,17.20,13.56
1,2,13.362,0.6,0.0,0.0,0.3360,-0.0162,0.0139,0.2521,19.85,12.68
1,2,13.382,0.6,0.0,0.0,0.5574,-0.0021,0.0127,0.2511,15.66,11.89
1,2,13.401,0.6,0.0,0.0,0.3567,0.0120,0.0124,0.2508,16.79,11.58
1,2,13.426,0.6,0.0,0.0,0.4237,0.0336,0.0132,0.2524,28.18,11.67
1,2,13.446,0.6,0.0,0.0,0.3941,0.0427,0.0138,0.2548,37.61,12.07
1,2,13.464,0.6,0.0,0.0,0.3303,0.0480,0.0142,0.2601,37.19,11.21
1,2,13.482,0.6,0.0,0.0,0.5899,0.0616,0.0149,0.2682,32.27,9.70
1,2,13.504,0.6,0.0,0.0,0.5600,0.0490,0.0164,0.2743,40.23,6.71
1,2,13.528,0.6,0.0,0.0,0.4060,-0.0232,0.0169,0.2791,31.34,6.72
1,2,13.543,0.6,0.0,0.0,0.3893,0.0171,0.0151,0.2786,37.37,11.70
1,2,13.562,0.6,0.0,0.0,0.3583,0.0520,0.0131,0.2741,65.09,13.37
1,2,13.581,0.6,0.0,0.0,0.3855,0.0499,0.0138,0.2687,56.81,14.18
1,2,13.602,0.6,0.0,0.0,0.4588,0.0441,0.0161,0.2622,20.93,13.17
1,2,13.627,0.6,0.0,0.0,0.3975,0.0285,0.0154,0.2570,16.02,13.11
1,2,13.643,0.6,0.0,0.0,0.2392,0.0220,0.0145,0.2552,15.15,13.00
1,2,13.662,0.6,0.0,0.0,0.4658,0.0147,0.0128,0.2533,12.30,12.63
1,2,13.682,0.6,0.0,0.0,0.5081,0.0071,0.0109,0.2524,14.80,12.03
1,2,13.701,0.6,0.0,0.0,0.3574,-0.0017,0.0103,0.2527,16.64,11.89
1,2,13.728,0.6,0.0,0.0,0.4399,-0.0110,0.0098,0.2552,17.59,11.91
1,2,13.742,0.6,0.0,0.0,0.2504,-0.0118,0.0090,0.2572,20.36,11.31
1,2,13.763,0.6,0.0,0.0,0.4004,-0.0172,0.0082,0.2596,67.46,11.35
1,2,13.781,0.6,0.0,0.0,0.5327,0.0049,0.0098,0.2710,88.49,9.82
1,2,13.804,0.6,0.0,0.0,0.5267,0.0574,0.0105,0.2752,26.72,8.64
1,2,13.822,0.6,0.0,0.0,0.4022,0.0941,0.0088,0.2792,25.70,8.04
1,2,13.846,0.6,0.0,0.0,0.4945,0.0220,0.0091,0.2768,96.95,14.08
1,2,13.862,0.6,0.0,0.0,0.3139,-0.0432,0.0132,0.2717,60.40,16.28
1,2,13.884,0.6,0.0,0.0,0.2406,-0.0535,0.0154,0.2696,68.65,14.99
1,2,13.906,0.6,0.0,0.0,0.4534,-0.0733,0.0175,0.2626,31.17,15.12
1,2,13.929,0.6,0.0,0.0,0.3844,-0.0469,0.0164,0.2591,16.70,13.67
1,2,13.944,0.6,0.0,0.0,0.1595,-0.0429,0.0152,0.2565,15.90,13.60
1,2,13.962,0.6,0.0,0.0,0.5077,-0.0275,0.0135,0.2530,17.63,13.28
1,2,13.981,0.6,0.0,0.0,0.5341,-0.0123,0.0118,0.2508,16.67,12.13
1,2,14.001,0.6,0.0,0.0,0.2546,0.0004,0.0113,0.2500,16.71,11.74
1,2,14.025,0.6,0.0,0.0,0.4793,0.0250,0.0112,0.2512,25.82,11.73
1,2,14.045,0.6,0.0,0.0,0.5165,0.0375,0.0115,0.2544,26.19,12.08
1,2,14.063,0.6,0.0,0.0,0.2848,0.0496,0.0117,0.2567,66.88,11.77
1,2,14.082,0.6,0.0,0.0,0.5174,0.0544,0.0123,0.2682,76.82,9.84
1,2,14.102,0.6,0.0,0.0,0.5972,0.0249,0.0139,0.2741,60.36,7.39
1,2,14.121,0.6,0.0,0.0,0.3849,-0.0014,0.0141,0.2780,23.52,4.66
1,2,14.142,0.6,0.0,0.0,0.5591,0.0111,0.0139,0.2768,85.23,11.50
1,2,14.163,0.6,0.0,0.0,0.3793,0.0543,0.0130,0.2719,57.45,14.71
1,2,14.182,0.6,0.0,0.0,0.3747,0.0711,0.0134,0.2677,35.68,14.38
1,2,14.202,0.6,0.0,0.0,0.4840,0.0679,0.0137,0.2615,24.94,14.01
1,2,14.227,0.6,0.0,0.0,0.2670,0.0442,0.0131,0.2560,12.58,13.57
1,2,14.245,0.6,0.0,0.0,0.2237,0.0331,0.0120,0.2533,14.20,13.41
1,2,14.263,0.6,0.0,0.0,0.4474,0.0244,0.0108,0.2514,14.13,12.59
1,2,14.281,0.6,0.0,0.0,0.3526,0.0169,0.0101,0.2508,15.82,12.13
1,2,14.302,0.6,0.0,0.0,0.3510,0.0138,0.0099,0.2507,15.40,12.00
1,2,14.324,0.6,0.0,0.0,0.3016,-0.0013,0.0095,0.2530,20.14,12.00
1,2,14.342,0.6,0.0,0.0,0.5074,-0.0054,0.0087,0.2552,22.47,11.58
1,2,14.364,0.6,0.0,0.0,0.1214,-0.0063,0.0082,0.2574,24.54,11.37
1,2,14.381,0.6,0.0,0.0,0.6797,0.0093,0.0092,0.2656,31.15,9.86
1,2,14.405,0.6,0.0,0.0,0.4971,0.0646,0.0116,0.2736,22.37,8.11
1,2,14.424,0.6,0.0,0.0,0.1754,0.0649,0.0114,0.2774,18.99,4.00
1,2,14.445,0.6,0.0,0.0,0.6875,0.0181,0.0112,0.2760,43.54,14.96
1,2,14.463,0.6,0.0,0.0,0.3754,-0.0393,0.0127,0.2713,50.78,16.75
1,2,14.481,0.6,0.0,0.0,0.1342,-0.0445,0.0147,0.2680,42.37,16.40
1,2,14.502,0.6,0.0,0.0,0.5714,-0.0614,0.0186,0.2629,57.58,14.59
1,2,14.529,0.6,0.0,0.0,0.3165,-0.0456,0.0193,0.2555,19.84,14.18
1,2,14.544,0.6,0.0,0.0,0.4893,-0.0384,0.0176,0.2527,21.05,13.95
1,2,14.564,0.6,0.0,0.0,0.4191,-0.0222,0.0157,0.2494,19.58,13.36
1,2,14.582,0.6,0.0,0.0,0.5321,-0.0083,0.0141,0.2484,18.10,11.49
1,2,14.602,0.6,0.0,0.0,0.2545,0.0030,0.0136,0.2480,19.73,11.97
1,2,14.624,0.6,0.0,0.0,0.3668,0.0309,0.0140,0.2502,25.36,11.59
1,2,14.647,0.6,0.0,0.0,0.4627,0.0488,0.0155,0.2545,38.75,11.79
1,2,14.664,0.6,0.0,0.0,0.5296,0.0562,0.0162,0.2580,47.58,11.01
1,2,14.682,0.6,0.0,0.0,0.4303,0.0648,0.0175,0.2666,31.78,9.28
1,2,14.702,0.6,0.0,0.0,0.5943,0.0422,0.0191,0.2730,43.51,6.36
1,2,14.724,0.6,0.0,0.0,0.3897,-0.0345,0.0195,0.2783,16.71,3.82
1,2,14.746,0.6,0.0,0.0,0.4350,0.0073,0.0184,0.2761,101.13,13.68
1,2,14.762,0.6,0.0,0.0,0.4402,0.0479,0.0154,0.2711,59.41,15.32
1,2,14.782,0.6,0.0,0.0,0.3732,0.0704,0.0154,0.2640,42.21,15.26
1,2,14.802,0.6,0.0,0.0,0.5016,0.0623,0.0166,0.2597,22.30,13.50
1,2,14.826,0.6,0.0,0.0,0.3060,0.0364,0.0162,0.2547,19.03,13.20
1,2,14.844,0.6,0.0,0.0,0.4916,0.0213,0.0148,0.2524,13.49,12.71
1,2,14.862,0.6,0.0,0.0,0.3465,0.0179,0.0132,0.2510,16.73,12.34
1,2,14.881,0.6,0.0,0.0,0.3653,0.0080,0.0118,0.2502,16.95,11.91
1,2,14.910,0.6,0.0,0.0,0.3343,0.0017,0.0109,0.2523,24.20,11.87
1,2,14.923,0.6,0.0,0.0,0.4834,-0.0008,0.0102,0.2528,20.30,11.49
1,2,14.947,0.6,0.0,0.0,0.3036,-0.0113,0.0090,0.2542,38.18,11.60
1,2,14.965,0.6,0.0,0.0,0.4313,-0.0125,0.0080,0.2592,29.14,11.10
1,2,14.981,0.6,0.0,0.0,0.5419,0.0067,0.0083,0.2655,65.91,10.11
1,2,15.001,0.6,0.0,0.0,0.4050,0.0653,0.0094,0.2748,28.30,6.84
1,3,15.028,0.0,0.0,0.5,0.0000,0.0908,0.0085,0.2776,28.60,4.26
1,3,15.043,0.0,0.0,0.5,0.5318,-0.0046,0.0081,0.2761,40.07,11.66
1,3,15.063,0.0,0.0,0.5,0.3429,0.0168,0.0110,0.2736,47.57,15.34
1,3,15.081,0.0,0.0,0.5,0.4628,0.1135,0.0186,0.2708,24.19,15.95
1,3,15.101,0.0,0.0,0.5,0.3941,0.1966,0.0230,0.2690,16.90,14.31
1,3,15.122,0.0,0.0,0.5,0.2285,0.2605,0.0254,0.2670,18.19,12.93
1,3,15.146,0.0,0.0,0.5,0.3297,0.2928,0.0272,0.2651,17.38,11.73
1,3,15.162,0.0,0.0,0.5,0.2088,0.3078,0.0295,0.2640,15.31,11.04
1,3,15.182,0.0,0.0,0.5,0.0797,0.3083,0.0301,0.2639,14.37,10.82
1,3,15.202,0.0,0.0,0.5,0.2612,0.3082,0.0333,0.2642,11.94,9.99
1,3,15.225,0.0,0.0,0.5,0.2471,0.3124,0.0359,0.2650,11.71,9.13
1,3,15.245,0.0,0.0,0.5,0.1967,0.3284,0.0394,0.2692,36.78,7.13
1,3,15.264,0.0,0.0,0.5,0.1861,0.3262,0.0415,0.2729,40.34,7.40
1,3,15.281,0.0,0.0,0.5,0.1917,0.2864,0.0452,0.2762,17.56,6.37
1,3,15.302,0.0,0.0,0.5,0.1586,0.2826,0.0444,0.2779,14.41,10.25
1,3,15.325,0.0,0.0,0.5,0.1069,0.3126,0.0337,0.2780,25.99,13.05
1,3,15.343,0.0,0.0,0.5,0.1045,0.3147,0.0237,0.2747,30.23,12.75
1,3,15.364,0.0,0.0,0.5,0.1002,0.2815,0.0185,0.2710,31.40,11.15
1,3,15.381,0.0,0.0,0.5,0.0717,0.2282,0.0229,0.2677,22.77,13.05
1,3,15.402,0.0,0.0,0.5,0.0646,0.1890,0.0268,0.2659,5.02,13.80
1,3,15.425,0.0,0.0,0.5,0.0482,0.1778,0.0256,0.2647,5.67,13.57
1,3,15.444,0.0,0.0,0.5,0.0487,0.1770,0.0237,0.2644,5.95,12.93
1,3,15.462,0.0,0.0,0.5,0.0260,0.1741,0.0237,0.2645,6.16,12.47
1,3,15.482,0.0,0.0,0.5,0.0224,0.1752,0.0244,0.2650,6.66,12.36
1,3,15.502,0.0,0.0,0.5,0.0156,0.1723,0.0256,0.2666,7.44,11.57
1,3,15.525,0.0,0.0,0.5,0.0097,0.1689,0.0229,0.2688,10.48,11.35
1,3,15.544,0.0,0.0,0.5,0.0071,0.1846,0.0194,0.2718,14.73,11.02
1,3,15.562,0.0,0.0,0.5,0.0002,0.2286,0.0164,0.2753,6.18,9.58
1,3,15.582,0.0,0.0,0.5,-0.0017,0.3233,0.0134,0.2792,5.65,7.83
1,3,15.602,0.0,0.0,0.5,-0.0020,0.3818,0.0123,0.2804,6.22,7.87
1,3,15.624,0.0,0.0,0.5,-0.0167,0.3728,0.0109,0.2806,7.22,10.53
1,3,15.645,0.0,0.0,0.5,-0.0286,0.2755,0.0112,0.2790,17.89,12.20
1,3,15.662,0.0,0.0,0.5,-0.0508,0.1637,0.0113,0.2762,15.34,13.92
1,3,15.681,0.0,0.0,0.5,-0.0300,0.1058,0.0094,0.2729,8.40,13.28
1,3,15.703,0.0,0.0,0.5,-0.0179,0.0852,0.0083,0.2703,4.03,12.64
1,3,15.725,0.0,0.0,0.5,-0.0160,0.0881,0.0079,0.2691,2.94,12.45
1,3,15.743,0.0,0.0,0.5,-0.0107,0.1018,0.0074,0.2678,2.36,12.52
1,3,15.762,0.0,0.0,0.5,-0.0130,0.1071,0.0072,0.2671,1.90,12.48
1,3,15.782,0.0,0.0,0.5,-0.0091,0.1131,0.0074,0.2665,1.87,12.38
1,3,15.802,0.0,0.0,0.5,-0.0110,0.1228,0.0078,0.2660,2.18,12.28
1,3,15.830,0.0,0.0,0.5,-0.0049,0.1297,0.0076,0.2660,2.61,12.33
1,3,15.846,0.0,0.0,0.5,-0.0053,0.1461,0.0062,0.2667,4.40,12.14
1,3,15.863,0.0,0.0,0.5,-0.0043,0.1763,0.0035,0.2687,13.30,9.61
1,3,15.882,0.0,0.0,0.5,-0.0063,0.2105,0.0011,0.2718,19.83,7.48
1,3,15.901,0.0,0.0,0.5,-0.0069,0.2839,0.0060,0.2757,12.18,6.40
1,3,15.924,0.0,0.0,0.5,-0.0036,0.2994,0.0080,0.2750,10.69,13.19
1,3,15.944,0.0,0.0,0.5,0.0020,0.3490,0.0074,0.2728,18.59,12.88
1,3,15.965,0.0,0.0,0.5,0.0012,0.2893,0.0039,0.2684,20.72,13.60
1,3,15.982,0.0,0.0,0.5,-0.0027,0.2240,0.0050,0.2663,10.92,13.87
1,3,16.002,0.0,0.0,0.5,-0.0013,0.1537,0.0067,0.2646,6.29,13.41
1,3,16.023,0.0,0.0,0.5,-0.0009,0.1172,0.0100,0.2630,5.22,12.92
1,3,16.044,0.0,0.0,0.5,-0.0006,0.1067,0.0128,0.2628,5.45,11.87
1,3,16.063,0.0,0.0,0.5,-0.0013,0.1067,0.0133,0.2629,4.64,11.09
1,3,16.082,0.0,0.0,0.5,-0.0050,0.1167,0.0111,0.2633,4.60,10.70
1,3,16.102,0.0,0.0,0.5,-0.0060,0.1312,0.0081,0.2647,4.99,11.52
1,3,16.126,0.0,0.0,0.5,-0.0046,0.1389,0.0084,0.2659,5.84,11.50
1,3,16.142,0.0,0.0,0.5,-0.0091,0.1565,0.0085,0.2685,7.02,11.41
1,3,16.161,0.0,0.0,0.5,-0.0076,0.2263,0.0066,0.2728,2.76,10.58
1,3,16.181,0.0,0.0,0.5,-0.0126,0.2937,0.0052,0.2757,4.89,9.38
1,3,16.202,0.0,0.0,0.5,-0.0222,0.2906,0.0055,0.2764,5.04,6.80
1,3,16.225,0.0,0.0,0.5,-0.0164,0.2287,0.0052,0.2760,7.87,11.40
1,3,16.244,0.0,0.0,0.5,-0.0168,0.1865,0.0045,0.2746,11.28,13.45
1,3,16.262,0.0,0.0,0.5,-0.0093,0.1335,0.0052,0.2712,6.35,13.91
1,3,16.281,0.0,0.0,0.5,0.0012,0.1152,0.0060,0.2699,6.41,13.37
1,3,16.302,0.0,0.0,0.5,0.0034,0.1120,0.0063,0.2680,2.86,13.28
1,3,16.325,0.0,0.0,0.5,0.0065,0.1150,0.0065,0.2669,3.63,13.04
1,3,16.344,0.0,0.0,0.5,0.0124,0.1164,0.0067,0.2661,3.11,13.05
1,3,16.366,0.0,0.0,0.5,0.0132,0.1220,0.0088,0.2644,2.50,12.88
1,3,16.381,0.0,0.0,0.5,0.0226,0.1290,0.0101,0.2640,2.71,12.86
1,3,16.402,0.0,0.0,0.5,0.0222,0.1361,0.0121,0.2634,2.37,12.99
1,3,16.424,0.0,0.0,0.5,0.0132,0.1428,0.0126,0.2636,3.72,12.75
1,3,16.444,0.0,0.0,0.5,0.0212,0.1477,0.0127,0.2650,8.43,11.68
1,3,16.462,0.0,0.0,0.5,0.0336,0.1682,0.0130,0.2684,11.35,9.73
1,3,16.482,0.0,0.0,0.5,0.0091,0.1800,0.0133,0.2693,10.55,10.12
1,3,16.502,0.0,0.0,0.5,0.0313,0.2434,0.0136,0.2736,12.57,5.28
1,3,16.525,0.0,0.0,0.5,0.0125,0.2918,0.0124,0.2726,12.98,10.83
1,3,16.550,0.0,0.0,0.5,0.0102,0.3227,0.0112,0.2701,26.29,13.50
1,3,16.564,0.0,0.0,0.5,0.0117,0.2659,0.0117,0.2666,14.57,12.91
1,3,16.582,0.0,0.0,0.5,0.0095,0.1868,0.0131,0.2649,12.44,13.58
1,3,16.606,0.0,0.0,0.5,0.0076,0.1363,0.0147,0.2632,5.34,13.47
1,3,16.626,0.0,0.0,0.5,0.0060,0.0820,0.0159,0.2614,4.51,13.12
1,3,16.645,0.0,0.0,0.5,0.0049,0.0859,0.0163,0.2609,5.34,12.62
1,3,16.669,0.0,0.0,0.5,0.0028,0.1071,0.0155,0.2614,6.07,11.83
1,3,16.682,0.0,0.0,0.5,0.0013,0.1268,0.0147,0.2619,5.86,11.74
1,3,16.701,0.0,0.0,0.5,0.0014,0.1327,0.0132,0.2630,7.77,11.32
1,3,16.724,0.0,0.0,0.5,0.0006,0.1322,0.0127,0.2648,6.32,11.53
1,3,16.743,0.0,0.0,0.5,0.0007,0.1464,0.0116,0.2669,10.58,11.43
1,3,16.762,0.0,0.0,0.5,-0.0012,0.2075,0.0092,0.2707,10.36,10.53
1,3,16.781,0.0,0.0,0.5,-0.0034,0.2899,0.0073,0.2743,10.90,8.92
1,3,16.802,0.0,0.0,0.5,-0.0115,0.3178,0.0059,0.2757,3.24,6.70
1,3,16.823,0.0,0.0,0.5,-0.0107,0.2220,0.0054,0.2754,6.26,10.87
1,3,16.844,0.0,0.0,0.5,-0.0109,0.1693,0.0046,0.2740,14.07,13.30
1,3,16.862,0.0,0.0,0.5,-0.0063,0.1268,0.0054,0.2714,5.28,13.88
1,3,16.882,0.0,0.0,0.5,0.0017,0.1057,0.0065,0.2699,5.49,13.45
1,3,16.902,0.0,0.0,0.5,0.0061,0.1047,0.0071,0.2686,2.84,13.41
1,3,16.924,0.0,0.0,0.5,0.0111,0.1137,0.0084,0.2665,3.96,13.23
1,3,16.947,0.0,0.0,0.5,0.0127,0.1223,0.0090,0.2650,2.63,13.13
1,3,16.966,0.0,0.0,0.5,0.0128,0.1251,0.0096,0.2645,2.50,12.98
1,3,16.981,0.0,0.0,0.5,0.0149,0.1322,0.0110,0.2639,2.31,12.88
1,3,17.001,0.0,0.0,0.5,0.0247,0.1380,0.0125,0.2634,2.14,12.84
1,3,17.021,0.0,0.0,0.5,0.0272,0.1432,0.0137,0.2635,2.61,12.70
1,3,17.043,0.0,0.0,0.5,0.0203,0.1545,0.0144,0.2654,7.35,11.85
1,3,17.065,0.0,0.0,0.5,0.0258,0.1870,0.0146,0.2693,8.16,10.32
1,3,17.081,0.0,0.0,0.5,0.0184,0.1957,0.0148,0.2704,17.92,10.54
1,3,17.102,0.0,0.0,0.5,0.0299,0.2389,0.0159,0.2734,18.74,4.88
1,3,17.125,0.0,0.0,0.5,0.0221,0.2712,0.0158,0.2727,9.71,10.42
1,3,17.145,0.0,0.0,0.5,0.0135,0.3168,0.0143,0.2701,21.13,13.04
1,3,17.164,0.0,0.0,0.5,0.0068,0.2766,0.0136,0.2668,9.06,13.22
1,3,17.181,0.0,0.0,0.5,0.0079,0.1898,0.0140,0.2647,7.44,13.07
1,3,17.206,0.0,0.0,0.5,0.0053,0.1424,0.0147,0.2634,4.82,12.95
1,3,17.226,0.0,0.0,0.5,0.0045,0.0915,0.0178,0.2614,4.51,12.80
1,3,17.242,0.0,0.0,0.5,0.0040,0.0889,0.0185,0.2612,4.84,12.52
1,3,17.267,0.0,0.0,0.5,0.0001,0.1002,0.0183,0.2613,5.27,12.02
1,3,17.281,0.0,0.0,0.5,-0.0025,0.1190,0.0171,0.2617,5.48,11.88
1,3,17.302,0.0,0.0,0.5,-0.0055,0.1248,0.0157,0.2627,9.11,11.28
1,3,17.325,0.0,0.0,0.5,-0.0046,0.1335,0.0146,0.2651,7.03,11.61
1,3,17.343,0.0,0.0,0.5,-0.0070,0.1428,0.0139,0.2663,5.64,11.50
1,3,17.362,0.0,0.0,0.5,-0.0067,0.2038,0.0115,0.2704,7.56,10.44
1,3,17.384,0.0,0.0,0.5,-0.0049,0.3187,0.0097,0.2747,10.96,8.70
1,3,17.403,0.0,0.0,0.5,-0.0164,0.3530,0.0076,0.2760,3.43,6.00
1,3,17.425,0.0,0.0,0.5,-0.0141,0.2997,0.0053,0.2755,9.78,11.80
1,3,17.444,0.0,0.0,0.5,-0.0083,0.2095,0.0053,0.2743,8.36,11.88
1,3,17.462,0.0,0.0,0.5,-0.0058,0.1154,0.0081,0.2713,9.18,13.98
1,3,17.482,0.0,0.0,0.5,-0.0013,0.0994,0.0095,0.2690,3.39,13.86
1,3,17.502,0.0,0.0,0.5,0.0047,0.0943,0.0097,0.2681,4.85,13.81
1,3,17.525,0.0,0.0,0.5,0.0071,0.1056,0.0096,0.2656,2.85,13.62
1,3,17.544,0.0,0.0,0.5,0.0175,0.1200,0.0096,0.2648,3.21,13.37
1,3,17.561,0.0,0.0,0.5,0.0067,0.1240,0.0098,0.2642,2.62,13.37
1,3,17.581,0.0,0.0,0.5,0.0201,0.1322,0.0111,0.2633,2.23,13.01
1,3,17.604,0.0,0.0,0.5,0.0221,0.1409,0.0126,0.2629,2.15,13.00
1,3,17.622,0.0,0.0,0.5,0.0194,0.1458,0.0139,0.2630,2.55,12.99
1,3,17.643,0.0,0.0,0.5,0.0188,0.1512,0.0149,0.2635,7.71,12.15
1,3,17.663,0.0,0.0,0.5,0.0323,0.1551,0.0154,0.2660,11.22,10.16
1,3,17.682,0.0,0.0,0.5,0.0088,0.1857,0.0156,0.2698,18.46,10.61
1,3,17.702,0.0,0.0,0.5,0.0339,0.2408,0.0166,0.2731,15.65,4.44
1,3,17.728,0.0,0.0,0.5,0.0150,0.3088,0.0166,0.2717,14.34,11.35
1,3,17.745,0.0,0.0,0.5,0.0139,0.3430,0.0158,0.2703,11.67,11.62
1,3,17.762,0.0,0.0,0.5,0.0062,0.3194,0.0147,0.2680,19.89,13.44
1,3,17.781,0.0,0.0,0.5,0.0037,0.1816,0.0148,0.2641,6.45,13.39
1,3,17.801,0.0,0.0,0.5,0.0025,0.1010,0.0156,0.2627,4.11,13.06
1,3,17.823,0.0,0.0,0.5,0.0019,0.0834,0.0173,0.2611,4.70,12.77
1,3,17.841,0.0,0.0,0.5,-0.0011,0.0966,0.0180,0.2609,5.33,12.34
1,3,17.862,0.0,0.0,0.5,-0.0024,0.1079,0.0177,0.2610,5.48,11.84
1,3,17.881,0.0,0.0,0.5,-0.0073,0.1186,0.0168,0.2617,6.17,11.46
1,3,17.904,0.0,0.0,0.5,-0.0062,0.1284,0.0160,0.2630,6.81,11.43
1,3,17.925,0.0,0.0,0.5,-0.0060,0.1425,0.0151,0.2649,6.87,11.61
1,3,17.946,0.0,0.0,0.5,-0.0117,0.1711,0.0136,0.2676,8.84,11.32
1,3,17.962,0.0,0.0,0.5,-0.0055,0.1935,0.0126,0.2695,11.11,10.44
1,3,17.982,0.0,0.0,0.5,-0.0117,0.2421,0.0117,0.2720,4.70,10.41
1,3,18.002,0.0,0.0,0.5,-0.0136,0.3371,0.0092,0.2755,4.03,7.22
1,3,18.024,0.0,0.0,0.5,-0.0200,0.2781,0.0080,0.2751,7.23,11.58
1,3,18.045,0.0,0.0,0.5,-0.0105,0.1840,0.0096,0.2734,14.81,13.70
1,3,18.062,0.0,0.0,0.5,-0.0056,0.1408,0.0105,0.2715,8.24,13.68
1,3,18.081,0.0,0.0,0.5,0.0026,0.0998,0.0117,0.2687,4.38,14.14
1,3,18.101,0.0,0.0,0.5,0.0067,0.0938,0.0116,0.2667,3.67,13.76
1,3,18.124,0.0,0.0,0.5,0.0141,0.1073,0.0113,0.2655,3.25,13.46
1,3,18.143,0.0,0.0,0.5,0.0127,0.1218,0.0113,0.2646,2.93,13.32
1,3,18.162,0.0,0.0,0.5,0.0163,0.1262,0.0123,0.2636,2.38,13.18
1,3,18.182,0.0,0.0,0.5,0.0171,0.1361,0.0139,0.2630,2.35,13.09
1,3,18.201,0.0,0.0,0.5,0.0275,0.1437,0.0156,0.2627,2.37,13.14
1,3,18.224,0.0,0.0,0.5,0.0000,0.1458,0.0166,0.2630,4.03,13.06
1,3,18.245,0.0,0.0,0.5,0.0285,0.1485,0.0168,0.2642,5.36,12.17
1,3,18.262,0.0,0.0,0.5,0.0291,0.1582,0.0170,0.2664,12.66,10.02
1,3,18.282,0.0,0.0,0.5,0.0244,0.1809,0.0175,0.2689,8.63,10.30
1,3,18.302,0.0,0.0,0.5,0.0332,0.2293,0.0191,0.2735,20.29,4.78
1,3,18.325,0.0,0.0,0.5,0.0111,0.2915,0.0175,0.2724,15.97,10.90
1,3,18.344,0.0,0.0,0.5,0.0074,0.3428,0.0140,0.2704,18.98,13.34
1,3,18.365,0.0,0.0,0.5,0.0041,0.2738,0.0133,0.2667,12.25,13.61
1,3,18.382,0.0,0.0,0.5,0.0048,0.2071,0.0148,0.2651,7.84,13.84
1,3,18.401,0.0,0.0,0.5,0.0056,0.1527,0.0167,0.2639,5.47,14.03
1,3,18.426,0.0,0.0,0.5,0.0035,0.0960,0.0186,0.2622,4.15,13.40
1,3,18.443,0.0,0.0,0.5,0.0022,0.0859,0.0180,0.2617,5.41,12.46
1,3,18.463,0.0,0.0,0.5,-0.0012,0.1018,0.0164,0.2617,5.70,11.87
1,3,18.482,0.0,0.0,0.5,-0.0032,0.1240,0.0149,0.2622,5.69,11.41
1,3,18.501,0.0,0.0,0.5,-0.0050,0.1305,0.0135,0.2633,7.12,11.48
1,3,18.524,0.0,0.0,0.5,-0.0020,0.1297,0.0129,0.2648,7.50,11.72
1,3,18.547,0.0,0.0,0.5,-0.0038,0.1480,0.0116,0.2676,7.56,11.48
1,3,18.563,0.0,0.0,0.5,-0.0048,0.1979,0.0097,0.2705,15.67,10.59
1,3,18.583,0.0,0.0,0.5,-0.0030,0.2237,0.0090,0.2719,3.85,10.54
1,3,18.601,0.0,0.0,0.5,-0.0074,0.3182,0.0071,0.2753,9.62,6.33
1,3,18.624,0.0,0.0,0.5,-0.0170,0.2912,0.0060,0.2753,7.75,10.31
1,3,18.645,0.0,0.0,0.5,-0.0140,0.1640,0.0059,0.2742,9.56,13.54
1,3,18.663,0.0,0.0,0.5,-0.0138,0.0928,0.0063,0.2718,6.61,14.10
1,3,18.682,0.0,0.0,0.5,-0.0026,0.0782,0.0073,0.2691,5.03,13.66
1,3,18.702,0.0,0.0,0.5,0.0034,0.0806,0.0078,0.2680,4.07,13.51
1,3,18.727,0.0,0.0,0.5,0.0053,0.1059,0.0087,0.2657,3.26,13.49
1,3,18.745,0.0,0.0,0.5,0.0135,0.1234,0.0091,0.2646,2.91,13.37
1,3,18.766,0.0,0.0,0.5,0.0046,0.1300,0.0093,0.2638,2.65,13.37
1,3,18.782,0.0,0.0,0.5,0.0284,0.1367,0.0104,0.2632,2.01,12.98
1,3,18.802,0.0,0.0,0.5,0.0173,0.1451,0.0123,0.2627,1.99,12.90
1,3,18.822,0.0,0.0,0.5,0.0251,0.1472,0.0131,0.2627,2.09,12.89
1,3,18.841,0.0,0.0,0.5,0.0295,0.1542,0.0140,0.2642,5.81,11.96
1,3,18.861,0.0,0.0,0.5,0.0252,0.1774,0.0139,0.2676,13.19,10.02
1,3,18.882,0.0,0.0,0.5,0.0227,0.1989,0.0142,0.2700,13.54,7.65
1,3,18.905,0.0,0.0,0.5,0.0275,0.2522,0.0144,0.2730,10.99,4.98
1,3,18.926,0.0,0.0,0.5,0.0133,0.2950,0.0130,0.2716,11.05,11.15
1,3,18.945,0.0,0.0,0.5,0.0057,0.2984,0.0118,0.2694,17.53,12.91
1,3,18.963,0.0,0.0,0.5,0.0034,0.2336,0.0117,0.2663,7.90,13.02
1,3,18.982,0.0,0.0,0.5,0.0033,0.1370,0.0136,0.2638,5.18,12.72
1,3,19.002,0.0,0.0,0.5,0.0040,0.1104,0.0149,0.2626,4.31,12.75
1,3,19.024,0.0,0.0,0.5,0.0044,0.1032,0.0167,0.2616,4.29,12.58
1,3,19.043,0.0,0.0,0.5,0.0011,0.1109,0.0166,0.2613,4.77,12.21
1,3,19.062,0.0,0.0,0.5,-0.0006,0.1160,0.0161,0.2613,5.08,12.09
1,3,19.082,0.0,0.0,0.5,-0.0046,0.1173,0.0152,0.2620,6.45,11.54
1,3,19.102,0.0,0.0,0.5,-0.0033,0.1205,0.0147,0.2635,6.44,11.60
1,3,19.121,0.0,0.0,0.5,-0.0032,0.1222,0.0144,0.2644,8.03,11.77
1,3,19.144,0.0,0.0,0.5,-0.0050,0.1456,0.0131,0.2679,5.84,11.49
1,3,19.161,0.0,0.0,0.5,-0.0096,0.2094,0.0110,0.2711,7.69,10.74
1,3,19.181,0.0,0.0,0.5,-0.0056,0.2690,0.0096,0.2742,10.02,8.57
1,3,19.201,0.0,0.0,0.5,-0.0191,0.3355,0.0073,0.2762,3.56,7.12
1,3,19.230,0.0,0.0,0.5,-0.0156,0.2099,0.0055,0.2753,7.61,11.58
1,3,19.241,0.0,0.0,0.5,-0.0129,0.1849,0.0057,0.2748,7.99,11.58
1,3,19.263,0.0,0.0,0.5,-0.0032,0.1076,0.0072,0.2715,7.31,14.18
1,3,19.282,0.0,0.0,0.5,0.0014,0.0831,0.0082,0.2690,5.04,13.56
1,3,19.301,0.0,0.0,0.5,0.0074,0.0812,0.0084,0.2678,3.35,13.68
1,3,19.325,0.0,0.0,0.5,0.0102,0.1061,0.0087,0.2658,3.52,13.49
1,3,19.343,0.0,0.0,0.5,0.0167,0.1241,0.0088,0.2647,2.76,13.34
1,3,19.365,0.0,0.0,0.5,0.0143,0.1372,0.0104,0.2635,2.37,13.13
1,3,19.381,0.0,0.0,0.5,0.0262,0.1491,0.0123,0.2630,2.63,13.05
1,3,19.401,0.0,0.0,0.5,0.0266,0.1508,0.0143,0.2627,2.72,13.10
1,3,19.424,0.0,0.0,0.5,0.0187,0.1514,0.0149,0.2630,3.79,12.81
1,3,19.444,0.0,0.0,0.5,0.0368,0.1565,0.0155,0.2655,3.18,11.89
1,3,19.461,0.0,0.0,0.5,0.0272,0.1610,0.0161,0.2676,8.07,9.99
1,3,19.481,0.0,0.0,0.5,0.0345,0.2112,0.0168,0.2708,26.83,7.50
1,3,19.501,0.0,0.0,0.5,0.0230,0.2504,0.0160,0.2738,9.82,6.67
1,3,19.525,0.0,0.0,0.5,0.0086,0.2978,0.0138,0.2722,14.44,11.08
1,3,19.546,0.0,0.0,0.5,0.0065,0.3290,0.0122,0.2701,15.76,12.99
1,3,19.562,0.0,0.0,0.5,0.0043,0.2560,0.0121,0.2672,7.31,13.11
1,3,19.582,0.0,0.0,0.5,0.0052,0.1381,0.0140,0.2644,6.01,13.01
1,3,19.602,0.0,0.0,0.5,0.0059,0.0992,0.0156,0.2628,4.02,12.90
1,3,19.624,0.0,0.0,0.5,0.0039,0.0945,0.0162,0.2619,4.65,12.51
1,3,19.645,0.0,0.0,0.5,0.0013,0.1077,0.0156,0.2616,5.30,12.20
1,3,19.663,0.0,0.0,0.5,-0.0001,0.1198,0.0150,0.2618,5.77,11.86
1,3,19.682,0.0,0.0,0.5,-0.0016,0.1242,0.0149,0.2623,6.14,11.61
1,3,19.702,0.0,0.0,0.5,-0.0012,0.1150,0.0149,0.2635,7.40,11.62
1,3,19.724,0.0,0.0,0.5,-0.0021,0.1156,0.0144,0.2653,7.28,11.73
1,3,19.749,0.0,0.0,0.5,-0.0026,0.1355,0.0132,0.2674,7.84,11.50
1,3,19.765,0.0,0.0,0.5,-0.0030,0.1742,0.0115,0.2702,8.42,11.35
1,3,19.782,0.0,0.0,0.5,-0.0088,0.2448,0.0096,0.2731,16.40,8.84
1,3,19.802,0.0,0.0,0.5,-0.0085,0.3504,0.0072,0.2766,7.15,5.74
1,3,19.831,0.0,0.0,0.5,-0.0085,0.3119,0.0056,0.2759,11.70,11.39
1,3,19.844,0.0,0.0,0.5,-0.0119,0.2175,0.0060,0.2744,11.39,11.64
1,3,19.864,0.0,0.0,0.5,-0.0094,0.1347,0.0083,0.2715,9.53,14.03
1,3,19.882,0.0,0.0,0.5,-0.0007,0.0820,0.0104,0.2691,4.50,13.82
1,3,19.906,0.0,0.0,0.5,0.0040,0.0904,0.0110,0.2666,6.73,13.66
1,3,19.924,0.0,0.0,0.5,0.0104,0.1066,0.0107,0.2658,3.05,13.61
1,3,19.945,0.0,0.0,0.5,0.0101,0.1253,0.0103,0.2646,2.84,13.39
1,3,19.963,0.0,0.0,0.5,0.0161,0.1330,0.0106,0.2639,2.08,13.39
1,3,19.982,0.0,0.0,0.5,0.0228,0.1370,0.0118,0.2632,2.11,12.87
1,3,20.006,0.0,0.0,0.5,0.0181,0.1466,0.0137,0.2628,2.00,12.86
1,3,20.025,0.0,0.0,0.5,0.0120,0.1496,0.0153,0.2628,2.04,12.85
1,3,20.045,0.0,0.0,0.5,0.0284,0.1591,0.0161,0.2653,20.04,12.19
1,3,20.062,0.0,0.0,0.5,0.0358,0.1586,0.0159,0.2672,5.82,10.11
1,3,20.082,0.0,0.0,0.5,0.0335,0.2245,0.0165,0.2723,17.79,7.79
1,3,20.102,0.0,0.0,0.5,0.0159,0.2461,0.0162,0.2731,15.11,8.09
1,3,20.126,0.0,0.0,0.5,0.0075,0.2709,0.0149,0.2721,8.79,11.06
1,3,20.146,0.0,0.0,0.5,0.0025,0.2842,0.0129,0.2688,10.00,12.58
1,3,20.162,0.0,0.0,0.5,-0.0000,0.2396,0.0126,0.2666,11.79,12.88
1,3,20.182,0.0,0.0,0.5,0.0013,0.1437,0.0142,0.2644,6.91,12.43
1,3,20.202,0.0,0.0,0.5,0.0022,0.1043,0.0163,0.2624,5.00,12.48
1,3,20.224,0.0,0.0,0.5,0.0024,0.1001,0.0168,0.2619,4.48,12.24
1,3,20.243,0.0,0.0,0.5,0.0002,0.1091,0.0163,0.2616,4.77,12.06
1,3,20.264,0.0,0.0,0.5,-0.0008,0.1080,0.0160,0.2620,5.45,11.85
1,3,20.281,0.0,0.0,0.5,-0.0021,0.1184,0.0157,0.2626,5.16,11.66
1,3,20.302,0.0,0.0,0.5,-0.0030,0.1099,0.0151,0.2643,8.00,11.63
1,3,20.325,0.0,0.0,0.5,-0.0026,0.1152,0.0147,0.2655,6.28,11.75
1,3,20.341,0.0,0.0,0.5,-0.0063,0.1418,0.0132,0.2679,7.08,11.47
1,3,20.361,0.0,0.0,0.5,-0.0091,0.2036,0.0110,0.2719,8.79,10.36
1,3,20.381,0.0,0.0,0.5,-0.0069,0.3395,0.0091,0.2765,5.09,9.38
1,3,20.401,0.0,0.0,0.5,-0.0186,0.3302,0.0077,0.2769,4.20,7.16
1,3,20.426,0.0,0.0,0.5,-0.0142,0.2214,0.0068,0.2762,7.92,11.25
1,3,20.445,0.0,0.0,0.5,-0.0233,0.1380,0.0075,0.2745,7.95,11.27
1,3,20.463,0.0,0.0,0.5,-0.0101,0.0859,0.0085,0.2721,5.16,14.35
1,3,20.482,0.0,0.0,0.5,-0.0012,0.0791,0.0090,0.2700,3.16,14.17
1,3,20.502,0.0,0.0,0.5,0.0050,0.0908,0.0092,0.2678,3.67,13.72
1,3,20.525,0.0,0.0,0.5,0.0106,0.1087,0.0089,0.2664,3.30,13.35
1,3,20.547,0.0,0.0,0.5,0.0094,0.1241,0.0088,0.2654,3.17,13.17
1,3,20.562,0.0,0.0,0.5,0.0136,0.1290,0.0098,0.2643,2.40,12.96
1,3,20.582,0.0,0.0,0.5,0.0202,0.1357,0.0114,0.2637,2.87,12.88
1,3,20.602,0.0,0.0,0.5,0.0222,0.1441,0.0136,0.2632,2.53,12.93
1,3,20.624,0.0,0.0,0.5,0.0165,0.1491,0.0148,0.2635,3.63,12.80
1,3,20.643,0.0,0.0,0.5,0.0271,0.1514,0.0152,0.2643,3.65,12.79
1,3,20.665,0.0,0.0,0.5,0.0167,0.1705,0.0156,0.2680,17.25,9.97
1,3,20.682,0.0,0.0,0.5,0.0332,0.1879,0.0161,0.2706,10.17,10.27
1,3,20.702,0.0,0.0,0.5,0.0255,0.2304,0.0165,0.2737,13.40,5.23
1,3,20.724,0.0,0.0,0.5,0.0051,0.2973,0.0145,0.2724,11.40,10.77
1,3,20.743,0.0,0.0,0.5,0.0106,0.3370,0.0120,0.2705,14.78,13.07
1,3,20.761,0.0,0.0,0.5,0.0071,0.2400,0.0114,0.2666,9.60,13.28
1,3,20.781,0.0,0.0,0.5,0.0056,0.1558,0.0131,0.2649,6.46,13.09
1,3,20.804,0.0,0.0,0.5,0.0050,0.1056,0.0156,0.2623,4.24,12.96
1,3,20.823,0.0,0.0,0.5,0.0059,0.0955,0.0164,0.2616,4.24,12.60
1,3,20.842,0.0,0.0,0.5,0.0022,0.1055,0.0160,0.2612,4.70,12.26
1,3,20.862,0.0,0.0,0.5,0.0004,0.1142,0.0153,0.2615,5.40,11.84
1,3,20.881,0.0,0.0,0.5,-0.0006,0.1227,0.0146,0.2620,5.60,11.60
1,3,20.901,0.0,0.0,0.5,-0.0006,0.1129,0.0140,0.2638,5.89,11.57
1,3,20.924,0.0,0.0,0.5,-0.0011,0.1278,0.0133,0.2654,6.95,11.71
1,3,20.945,0.0,0.0,0.5,-0.0020,0.1430,0.0121,0.2674,5.25,11.57
1,3,20.961,0.0,0.0,0.5,-0.0029,0.2035,0.0098,0.2716,6.10,10.45
1,3,20.981,0.0,0.0,0.5,-0.0078,0.2942,0.0082,0.2750,5.44,9.43
1,3,21.001,0.0,0.0,0.5,-0.0118,0.3013,0.0071,0.2761,3.86,6.86
1,3,21.023,0.0,0.0,0.5,-0.0181,0.2157,0.0060,0.2757,6.81,11.13
1,4,21.044,0.0,0.3,0.0,0.0000,0.1514,0.0052,0.2733,7.86,13.47
1,4,21.061,0.0,0.3,0.0,-0.0072,0.1253,0.0058,0.2717,8.17,13.36
1,4,21.081,0.0,0.3,0.0,0.0013,0.0020,0.0053,0.2694,7.39,13.75
1,4,21.101,0.0,0.3,0.0,0.0077,-0.0031,0.0037,0.2678,4.41,12.86
1,4,21.124,0.0,0.3,0.0,0.0075,0.0017,0.0029,0.2667,2.60,12.58
1,4,21.143,0.0,0.3,0.0,0.0113,0.0027,0.0030,0.2654,1.32,12.79
1,4,21.162,0.0,0.3,0.0,0.0120,0.0027,0.0032,0.2646,1.89,12.94
1,4,21.181,0.0,0.3,0.0,0.0101,0.0031,0.0035,0.2636,2.17,12.98
1,4,21.201,0.0,0.3,0.0,0.0124,0.0046,0.0038,0.2630,2.85,12.88
1,4,21.225,0.0,0.3,0.0,0.0121,0.0053,0.0053,0.2629,5.17,12.91
1,4,21.244,0.0,0.3,0.0,0.0179,0.0112,0.0108,0.2653,9.68,12.83
1,4,21.261,0.0,0.3,0.0,0.0187,0.0050,0.0160,0.2678,14.03,12.16
1,4,21.281,0.0,0.3,0.0,0.0352,0.0057,0.0238,0.2729,31.35,11.36
1,4,21.307,0.0,0.3,0.0,0.0380,-0.0058,0.0274,0.2765,11.74,11.55
1,4,21.325,0.0,0.3,0.0,0.0240,0.0386,0.0236,0.2765,5.88,11.61
1,4,21.344,0.0,0.3,0.0,0.0172,0.0450,0.0202,0.2744,19.76,13.10
1,4,21.365,0.0,0.3,0.0,0.0100,0.0404,0.0209,0.2718,30.02,12.99
1,4,21.382,0.0,0.3,0.0,0.0060,0.0051,0.0286,0.2673,15.40,12.87
1,4,21.404,0.0,0.3,0.0,0.0002,-0.0171,0.0306,0.2654,13.61,12.53
1,4,21.424,0.0,0.3,0.0,-0.0047,-0.0323,0.0271,0.2641,12.61,11.91
1,4,21.448,0.0,0.3,0.0,-0.0122,-0.0405,0.0202,0.2627,11.08,11.44
1,4,21.464,0.0,0.3,0.0,-0.0135,-0.0224,0.0160,0.2619,5.39,11.48
1,4,21.483,0.0,0.3,0.0,-0.0144,-0.0091,0.0143,0.2616,5.57,12.18
1,4,21.502,0.0,0.3,0.0,-0.0103,-0.0064,0.0176,0.2624,6.30,12.20
1,4,21.527,0.0,0.3,0.0,-0.0106,-0.0093,0.0210,0.2635,10.69,12.20
1,4,21.543,0.0,0.3,0.0,-0.0127,-0.0102,0.0221,0.2654,17.28,12.03
1,4,21.561,0.0,0.3,0.0,-0.0179,-0.0109,0.0236,0.2695,49.39,11.71
1,4,21.582,0.0,0.3,0.0,-0.0351,-0.0014,0.0281,0.2751,28.66,11.13
1,4,21.602,0.0,0.3,0.0,-0.0580,0.0229,0.0296,0.2767,13.53,11.61
1,4,21.624,0.0,0.3,0.0,-0.0605,0.0171,0.0257,0.2766,9.21,13.04
1,4,21.645,0.0,0.3,0.0,-0.0408,0.0071,0.0224,0.2755,10.90,12.54
1,4,21.666,0.0,0.3,0.0,-0.0417,-0.0127,0.0216,0.2739,30.63,14.32
1,4,21.682,0.0,0.3,0.0,-0.0372,-0.0091,0.0218,0.2712,22.38,14.45
1,4,21.702,0.0,0.3,0.0,-0.0345,0.0071,0.0217,0.2682,21.10,14.22
1,4,21.724,0.0,0.3,0.0,-0.0190,0.0009,0.0171,0.2657,16.58,13.50
1,4,21.745,0.0,0.3,0.0,-0.0171,0.0012,0.0128,0.2641,13.38,12.70
1,4,21.762,0.0,0.3,0.0,-0.0094,0.0034,0.0124,0.2629,9.07,12.77
1,4,21.781,0.0,0.3,0.0,-0.0074,0.0127,0.0135,0.2620,8.75,12.85
1,4,21.801,0.0,0.3,0.0,-0.0097,0.0172,0.0148,0.2620,9.76,12.78
1,4,21.825,0.0,0.3,0.0,-0.0101,0.0202,0.0165,0.2633,10.20,12.27
1,4,21.843,0.0,0.3,0.0,-0.0067,0.0182,0.0177,0.2653,17.63,11.59
1,4,21.861,0.0,0.3,0.0,-0.0085,0.0254,0.0183,0.2681,35.00,10.47
1,4,21.882,0.0,0.3,0.0,-0.0044,-0.0104,0.0199,0.2750,12.39,9.48
1,4,21.901,0.0,0.3,0.0,0.0000,-0.0115,0.0203,0.2795,7.68,7.27
1,4,21.925,0.0,0.3,0.0,0.0091,0.0353,0.0177,0.2785,24.73,10.14
1,4,21.944,0.0,0.3,0.0,0.0071,0.0746,0.0136,0.2745,23.69,13.19
1,4,21.964,0.0,0.3,0.0,0.0145,0.0526,0.0102,0.2690,14.99,13.48
1,4,21.981,0.0,0.3,0.0,0.0109,0.0264,0.0108,0.2666,15.00,13.13
1,4,22.001,0.0,0.3,0.0,0.0076,0.0048,0.0115,0.2641,10.98,12.41
1,4,22.023,0.0,0.3,0.0,0.0051,-0.0110,0.0083,0.2623,9.57,11.43
1,4,22.044,0.0,0.3,0.0,0.0012,-0.0066,0.0065,0.2607,4.51,12.28
1,4,22.063,0.0,0.3,0.0,0.0035,0.0031,0.0070,0.2600,2.83,12.44
1,4,22.081,0.0,0.3,0.0,0.0085,0.0065,0.0044,0.2601,6.08,12.02
1,4,22.101,0.0,0.3,0.0,0.0096,0.0074,0.0031,0.2612,7.85,11.87
1,4,22.123,0.0,0.3,0.0,0.0090,0.0111,0.0052,0.2620,8.58,11.93
1,4,22.142,0.0,0.3,0.0,0.0082,0.0147,0.0067,0.2634,14.51,11.89
1,4,22.161,0.0,0.3,0.0,-0.0009,0.0186,0.0087,0.2682,25.22,11.42
1,4,22.181,0.0,0.3,0.0,-0.0113,0.0372,0.0128,0.2740,11.59,10.50
1,4,22.201,0.0,0.3,0.0,-0.0260,0.0312,0.0133,0.2762,7.84,8.91
1,4,22.224,0.0,0.3,0.0,-0.0318,0.0220,0.0111,0.2760,12.87,11.99
1,4,22.247,0.0,0.3,0.0,-0.0396,-0.0118,0.0155,0.2747,11.02,12.96
1,4,22.262,0.0,0.3,0.0,-0.0259,-0.0303,0.0149,0.2724,12.74,14.28
1,4,22.282,0.0,0.3,0.0,-0.0294,-0.0202,0.0145,0.2698,18.72,15.42
1,4,22.301,0.0,0.3,0.0,-0.0163,0.0041,0.0115,0.2672,18.19,13.69
1,4,22.323,0.0,0.3,0.0,-0.0057,-0.0017,0.0132,0.2650,12.03,11.98
1,4,22.348,0.0,0.3,0.0,-0.0022,0.0096,0.0141,0.2638,8.35,12.05
1,4,22.366,0.0,0.3,0.0,-0.0022,0.0163,0.0136,0.2624,8.14,12.79
1,4,22.382,0.0,0.3,0.0,-0.0008,0.0174,0.0140,0.2618,8.54,12.91
1,4,22.401,0.0,0.3,0.0,-0.0002,0.0163,0.0172,0.2617,7.91,12.41
1,4,22.425,0.0,0.3,0.0,0.0005,0.0216,0.0200,0.2623,9.19,11.58
1,4,22.443,0.0,0.3,0.0,-0.0002,0.0230,0.0205,0.2643,12.07,10.44
1,4,22.464,0.0,0.3,0.0,-0.0010,0.0267,0.0192,0.2672,23.79,9.97
1,4,22.482,0.0,0.3,0.0,-0.0017,0.0068,0.0189,0.2724,28.88,9.51
1,4,22.501,0.0,0.3,0.0,0.0050,-0.0126,0.0186,0.2793,7.74,7.86
1,4,22.522,0.0,0.3,0.0,0.0101,-0.0016,0.0156,0.2791,16.41,9.23
1,4,22.545,0.0,0.3,0.0,0.0190,0.0849,0.0102,0.2753,38.83,14.09
1,4,22.564,0.0,0.3,0.0,0.0157,0.0872,0.0097,0.2699,36.62,14.04
1,4,22.581,0.0,0.3,0.0,0.0078,0.0402,0.0071,0.2674,16.10,13.68
1,4,22.601,0.0,0.3,0.0,0.0170,0.0077,0.0048,0.2630,14.13,12.93
1,4,22.627,0.0,0.3,0.0,0.0123,-0.0041,0.0049,0.2613,11.95,11.62
1,4,22.645,0.0,0.3,0.0,0.0065,-0.0071,0.0058,0.2597,6.86,11.40
1,4,22.661,0.0,0.3,0.0,0.0095,-0.0051,0.0084,0.2593,5.06,12.20
1,4,22.681,0.0,0.3,0.0,0.0125,0.0006,0.0108,0.2590,4.52,12.35
1,4,22.701,0.0,0.3,0.0,0.0134,0.0029,0.0077,0.2598,5.92,11.64
1,4,22.724,0.0,0.3,0.0,0.0196,0.0038,0.0031,0.2614,8.28,11.95
1,4,22.742,0.0,0.3,0.0,0.0190,0.0129,0.0017,0.2636,16.96,12.00
1,4,22.761,0.0,0.3,0.0,0.0110,0.0181,0.0027,0.2675,33.82,11.56
1,4,22.781,0.0,0.3,0.0,-0.0042,0.0397,0.0055,0.2736,12.01,10.27
1,4,22.802,0.0,0.3,0.0,-0.0141,0.0277,0.0084,0.2760,6.18,8.01
1,4,22.825,0.0,0.3,0.0,-0.0171,0.0056,0.0099,0.2753,7.20,11.88
1,4,22.844,0.0,0.3,0.0,-0.0300,-0.0314,0.0115,0.2742,9.50,13.91
1,4,22.865,0.0,0.3,0.0,-0.0187,-0.0373,0.0091,0.2707,13.34,14.05
1,4,22.881,0.0,0.3,0.0,-0.0139,-0.0188,0.0080,0.2687,18.02,14.31
1,4,22.901,0.0,0.3,0.0,-0.0056,-0.0089,0.0073,0.2665,15.68,14.26
1,4,22.927,0.0,0.3,0.0,0.0008,0.0007,0.0040,0.2643,13.09,13.00
1,4,22.945,0.0,0.3,0.0,0.0152,0.0007,0.0073,0.2622,6.65,12.56
1,4,22.963,0.0,0.3,0.0,0.0139,0.0078,0.0084,0.2612,6.01,12.40
1,4,22.983,0.0,0.3,0.0,0.0101,0.0110,0.0075,0.2604,7.35,12.34
1,4,23.001,0.0,0.3,0.0,0.0198,0.0163,0.0065,0.2600,9.23,12.81
1,4,23.023,0.0,0.3,0.0,0.0123,0.0189,0.0072,0.2607,9.37,12.64
1,4,23.045,0.0,0.3,0.0,0.0225,0.0164,0.0080,0.2623,12.67,11.95
1,4,23.064,0.0,0.3,0.0,0.0171,0.0221,0.0084,0.2658,26.53,10.10
1,4,23.082,0.0,0.3,0.0,0.0258,0.0094,0.0129,0.2719,19.46,9.04
1,4,23.101,0.0,0.3,0.0,0.0164,0.0042,0.0188,0.2769,19.73,9.69
1,4,23.126,0.0,0.3,0.0,0.0458,-0.0123,0.0141,0.2767,19.49,11.90
1,4,23.146,0.0,0.3,0.0,0.0238,0.0325,0.0049,0.2753,23.13,13.73
1,4,23.163,0.0,0.3,0.0,0.0246,0.0680,0.0057,0.2734,26.55,13.49
1,4,23.184,0.0,0.3,0.0,0.0320,0.0493,0.0102,0.2659,24.46,14.11
1,4,23.202,0.0,0.3,0.0,0.0246,0.0388,0.0137,0.2651,21.14,14.05
1,4,23.225,0.0,0.3,0.0,0.0151,0.0254,0.0236,0.2633,16.72,13.15
1,4,23.245,0.0,0.3,0.0,0.0153,-0.0039,0.0166,0.2616,20.52,11.14
1,4,23.264,0.0,0.3,0.0,0.0034,-0.0259,0.0043,0.2612,26.97,12.80
1,4,23.283,0.0,0.3,0.0,-0.0026,-0.0158,0.0099,0.2600,9.70,14.82
1,4,23.301,0.0,0.3,0.0,0.0082,-0.0008,0.0059,0.2601,16.05,12.46
1,4,23.325,0.0,0.3,0.0,0.0191,-0.0025,0.0099,0.2616,11.98,12.81
1,4,23.345,0.0,0.3,0.0,0.0106,0.0119,0.0104,0.2636,13.79,12.40
1,4,23.362,0.0,0.3,0.0,0.0108,0.0142,0.0070,0.2668,38.17,11.21
1,4,23.382,0.0,0.3,0.0,-0.0084,0.0416,0.0049,0.2735,15.97,8.66
1,4,23.402,0.0,0.3,0.0,-0.0117,0.0410,0.0060,0.2758,7.26,8.53
1,4,23.424,0.0,0.3,0.0,-0.0224,-0.0021,0.0043,0.2751,14.78,11.36
1,4,23.444,0.0,0.3,0.0,-0.0270,-0.0432,0.0066,0.2741,13.00,13.28
1,4,23.467,0.0,0.3,0.0,-0.0155,-0.0490,0.0046,0.2702,13.97,13.71
1,4,23.482,0.0,0.3,0.0,-0.0261,-0.0299,0.0064,0.2682,15.10,13.70
1,4,23.501,0.0,0.3,0.0,-0.0146,-0.0179,0.0068,0.2664,23.06,14.49
1,4,23.521,0.0,0.3,0.0,-0.0095,-0.0117,0.0041,0.2646,15.17,14.14
1,4,23.544,0.0,0.3,0.0,0.0142,0.0028,0.0069,0.2625,9.68,11.99
1,4,23.565,0.0,0.3,0.0,-0.0144,0.0113,0.0071,0.2610,7.68,12.71
1,4,23.582,0.0,0.3,0.0,0.0022,0.0144,0.0071,0.2607,7.92,12.57
1,4,23.601,0.0,0.3,0.0,0.0059,0.0200,0.0085,0.2605,8.09,12.72
1,4,23.625,0.0,0.3,0.0,0.0055,0.0204,0.0120,0.2614,9.76,11.91
1,4,23.642,0.0,0.3,0.0,0.0052,0.0179,0.0127,0.2625,11.06,11.87
1,4,23.665,0.0,0.3,0.0,0.0034,0.0194,0.0118,0.2672,24.48,9.95
1,4,23.681,0.0,0.3,0.0,0.0057,-0.0001,0.0141,0.2732,21.47,10.13
1,4,23.701,0.0,0.3,0.0,0.0103,-0.0052,0.0147,0.2748,18.54,10.21
1,4,23.724,0.0,0.3,0.0,0.0204,-0.0100,0.0125,0.2784,11.43,8.23
1,4,23.743,0.0,0.3,0.0,0.0240,0.1056,0.0028,0.2738,42.98,14.22
1,4,23.765,0.0,0.3,0.0,0.0223,0.0841,0.0005,0.2691,22.76,14.35
1,4,23.781,0.0,0.3,0.0,0.0295,0.0436,0.0064,0.2664,16.03,14.05
1,4,23.801,0.0,0.3,0.0,0.0141,0.0106,0.0143,0.2633,12.58,13.05
1,4,23.822,0.0,0.3,0.0,0.0097,0.0021,0.0127,0.2626,14.11,12.80
1,4,23.850,0.0,0.3,0.0,0.0031,-0.0258,0.0014,0.2600,11.02,10.60
1,4,23.864,0.0,0.3,0.0,-0.0006,-0.0238,0.0054,0.2594,7.46,10.59
1,4,23.885,0.0,0.3,0.0,0.0003,-0.0097,0.0123,0.2590,5.72,12.98
1,4,23.902,0.0,0.3,0.0,0.0076,-0.0051,0.0108,0.2595,9.11,12.55
1,4,23.924,0.0,0.3,0.0,0.0117,-0.0044,0.0017,0.2618,9.79,12.03
1,4,23.947,0.0,0.3,0.0,0.0163,0.0092,0.0109,0.2643,15.04,12.51
1,4,23.966,0.0,0.3,0.0,0.0074,0.0271,0.0135,0.2670,24.51,11.94
1,4,23.982,0.0,0.3,0.0,-0.0123,0.0318,0.0129,0.2718,21.65,10.35
1,4,24.002,0.0,0.3,0.0,-0.0215,0.0388,0.0134,0.2754,14.11,6.03
1,4,24.025,0.0,0.3,0.0,-0.0222,0.0477,0.0123,0.2758,7.68,12.86
1,4,24.044,0.0,0.3,0.0,-0.0176,0.0057,0.0096,0.2743,18.43,14.06
1,4,24.068,0.0,0.3,0.0,-0.0143,-0.0151,0.0101,0.2690,19.02,14.37
1,4,24.082,0.0,0.3,0.0,-0.0119,-0.0140,0.0115,0.2682,17.85,14.23
1,4,24.101,0.0,0.3,0.0,-0.0050,-0.0142,0.0125,0.2649,14.49,14.15
1,4,24.125,0.0,0.3,0.0,0.0032,-0.0060,0.0075,0.2635,11.06,12.96
1,4,24.145,0.0,0.3,0.0,0.0072,0.0006,0.0044,0.2619,6.37,12.90
1,4,24.166,0.0,0.3,0.0,0.0122,0.0058,0.0039,0.2610,6.06,12.93
1,4,24.185,0.0,0.3,0.0,0.0180,0.0112,0.0050,0.2602,7.53,12.76
1,4,24.201,0.0,0.3,0.0,0.0215,0.0138,0.0060,0.2600,8.57,12.71
1,4,24.228,0.0,0.3,0.0,0.0203,0.0160,0.0072,0.2606,10.42,12.44
1,4,24.244,0.0,0.3,0.0,0.0162,0.0142,0.0083,0.2623,11.62,12.29
1,4,24.262,0.0,0.3,0.0,0.0200,0.0252,0.0115,0.2657,32.03,10.66
1,4,24.284,0.0,0.3,0.0,0.0297,0.0100,0.0183,0.2741,22.61,9.50
1,4,24.302,0.0,0.3,0.0,0.0370,-0.0332,0.0218,0.2777,7.30,9.16
1,4,24.326,0.0,0.3,0.0,0.0253,0.0098,0.0192,0.2775,8.93,10.89
1,4,24.350,0.0,0.3,0.0,0.0153,0.0227,0.0103,0.2746,14.40,13.09
1,4,24.365,0.0,0.3,0.0,0.0235,0.0509,0.0071,0.2706,20.64,12.50
1,4,24.382,0.0,0.3,0.0,0.0230,0.0370,0.0104,0.2685,22.08,12.71
1,4,24.402,0.0,0.3,0.0,0.0175,0.0072,0.0199,0.2648,17.90,13.08
1,4,24.427,0.0,0.3,0.0,0.0071,-0.0135,0.0158,0.2624,14.48,12.05
1,4,24.445,0.0,0.3,0.0,0.0026,-0.0207,0.0069,0.2606,9.22,11.42
1,4,24.466,0.0,0.3,0.0,0.0002,-0.0082,0.0029,0.2597,4.78,12.25
1,4,24.483,0.0,0.3,0.0,0.0028,-0.0018,0.0030,0.2597,5.41,12.06
1,4,24.502,0.0,0.3,0.0,0.0061,0.0008,0.0054,0.2605,6.74,12.15
1,4,24.527,0.0,0.3,0.0,0.0069,0.0004,0.0073,0.2616,10.21,12.16
1,4,24.545,0.0,0.3,0.0,0.0026,0.0031,0.0084,0.2650,11.47,11.91
1,4,24.562,0.0,0.3,0.0,-0.0061,0.0165,0.0099,0.2679,17.24,11.68
1,4,24.581,0.0,0.3,0.0,-0.0130,0.0190,0.0149,0.2738,19.56,9.91
1,4,24.601,0.0,0.3,0.0,-0.0237,0.0350,0.0177,0.2764,8.23,10.73
1,4,24.627,0.0,0.3,0.0,-0.0453,0.0412,0.0170,0.2761,12.77,12.56
1,4,24.642,0.0,0.3,0.0,-0.0394,0.0094,0.0174,0.2749,4.74,13.17
1,4,24.661,0.0,0.3,0.0,-0.0503,-0.0187,0.0180,0.2721,21.64,13.42
1,4,24.681,0.0,0.3,0.0,-0.0439,-0.0024,0.0165,0.2688,18.31,14.33
1,4,24.702,0.0,0.3,0.0,-0.0267,-0.0025,0.0140,0.2665,19.76,13.87
1,4,24.724,0.0,0.3,0.0,-0.0247,-0.0008,0.0116,0.2647,15.04,12.38
1,4,24.743,0.0,0.3,0.0,-0.0175,0.0057,0.0126,0.2631,9.87,12.22
1,4,24.766,0.0,0.3,0.0,-0.0109,0.0158,0.0147,0.2617,7.03,12.56
1,4,24.784,0.0,0.3,0.0,-0.0104,0.0192,0.0158,0.2612,8.01,12.60
1,4,24.801,0.0,0.3,0.0,-0.0104,0.0230,0.0168,0.2612,9.75,12.45
1,4,24.826,0.0,0.3,0.0,-0.0086,0.0233,0.0189,0.2622,10.87,11.85
1,4,24.845,0.0,0.3,0.0,-0.0093,0.0268,0.0198,0.2638,24.53,11.23
1,4,24.864,0.0,0.3,0.0,-0.0084,0.0193,0.0200,0.2677,11.12,10.72
1,4,24.885,0.0,0.3,0.0,-0.0088,0.0073,0.0205,0.2735,31.39,9.23
1,4,24.902,0.0,0.3,0.0,-0.0025,0.0013,0.0208,0.2756,13.16,9.34
1,4,24.929,0.0,0.3,0.0,0.0032,-0.0086,0.0187,0.2788,12.35,9.01
1,4,24.946,0.0,0.3,0.0,0.0107,0.0783,0.0140,0.2773,15.16,10.73
1,4,24.965,0.0,0.3,0.0,0.0214,0.1098,0.0112,0.2726,53.29,13.99
1,4,24.981,0.0,0.3,0.0,0.0107,0.0749,0.0089,0.2672,30.56,14.09
1,4,25.001,0.0,0.3,0.0,0.0192,0.0386,0.0043,0.2656,20.46,13.72
1,4,25.025,0.0,0.3,0.0,0.0055,0.0259,0.0038,0.2635,14.61,13.50
1,4,25.047,0.0,0.3,0.0,0.0164,-0.0019,0.0054,0.2607,12.03,11.06
1,4,25.062,0.0,0.3,0.0,0.0116,-0.0064,0.0081,0.2599,9.42,11.79
1,4,25.082,0.0,0.3,0.0,0.0051,-0.0051,0.0112,0.2596,5.58,11.69
1,4,25.101,0.0,0.3,0.0,0.0147,0.0012,0.0142,0.2593,4.56,12.81
1,4,25.123,0.0,0.3,0.0,0.0149,-0.0029,0.0095,0.2611,9.08,11.83
1,4,25.144,0.0,0.3,0.0,0.0228,0.0027,0.0036,0.2630,9.03,12.20
1,4,25.164,0.0,0.3,0.0,0.0147,0.0231,0.0027,0.2661,19.46,12.04
1,4,25.181,0.0,0.3,0.0,0.0073,0.0332,0.0044,0.2706,21.18,10.41
1,4,25.201,0.0,0.3,0.0,-0.0088,0.0438,0.0065,0.2739,15.10,10.35
1,4,25.223,0.0,0.3,0.0,-0.0194,0.0381,0.0110,0.2755,7.06,11.81
1,4,25.243,0.0,0.3,0.0,-0.0360,-0.0215,0.0174,0.2747,10.91,13.06
1,4,25.263,0.0,0.3,0.0,-0.0298,-0.0272,0.0187,0.2743,14.50,13.06
1,4,25.281,0.0,0.3,0.0,-0.0451,-0.0120,0.0140,0.2680,26.38,13.17
1,4,25.301,0.0,0.3,0.0,-0.0338,-0.0052,0.0129,0.2665,30.05,14.02
1,4,25.323,0.0,0.3,0.0,-0.0141,-0.0081,0.0113,0.2637,21.09,14.00
1,4,25.345,0.0,0.3,0.0,-0.0167,-0.0058,0.0083,0.2622,15.86,12.02
1,4,25.364,0.0,0.3,0.0,-0.0090,0.0042,0.0113,0.2610,7.47,11.82
1,4,25.382,0.0,0.3,0.0,-0.0047,0.0111,0.0129,0.2606,8.08,11.88
1,4,25.402,0.0,0.3,0.0,-0.0059,0.0337,0.0133,0.2607,9.86,11.48
1,4,25.423,0.0,0.3,0.0,-0.0110,0.0359,0.0130,0.2616,11.40,11.92
1,4,25.445,0.0,0.3,0.0,-0.0102,0.0293,0.0137,0.2641,18.86,11.80
1,4,25.461,0.0,0.3,0.0,-0.0098,0.0233,0.0147,0.2679,18.98,10.72
1,4,25.481,0.0,0.3,0.0,-0.0066,0.0041,0.0156,0.2741,24.88,8.20
1,4,25.501,0.0,0.3,0.0,-0.0025,-0.0117,0.0164,0.2778,26.00,8.52
1,4,25.525,0.0,0.3,0.0,-0.0008,0.0617,0.0139,0.2775,16.25,10.59
1,4,25.544,0.0,0.3,0.0,0.0037,0.1210,0.0105,0.2760,19.83,12.74
1,4,25.562,0.0,0.3,0.0,0.0074,0.1316,0.0088,0.2715,19.19,12.84
1,4,25.582,0.0,0.3,0.0,0.0116,0.0595,0.0031,0.2662,14.87,13.62
1,4,25.601,0.0,0.3,0.0,0.0119,0.0206,0.0114,0.2629,11.97,13.45
1,4,25.626,0.0,0.3,0.0,0.0081,-0.0016,0.0117,0.2611,15.44,12.03
1,4,25.649,0.0,0.3,0.0,0.0036,-0.0115,0.0051,0.2592,8.77,11.33
1,4,25.662,0.0,0.3,0.0,-0.0004,-0.0101,0.0051,0.2589,6.52,11.20
1,4,25.682,0.0,0.3,0.0,0.0014,-0.0033,0.0069,0.2584,3.64,12.31
1,4,25.705,0.0,0.3,0.0,0.0067,-0.0017,0.0052,0.2592,5.71,11.94
1,4,25.723,0.0,0.3,0.0,0.0126,0.0028,0.0016,0.2607,7.16,12.15
1,4,25.745,0.0,0.3,0.0,0.0089,0.0043,0.0077,0.2629,12.39,12.34
1,4,25.762,0.0,0.3,0.0,0.0062,0.0187,0.0102,0.2659,23.81,11.89
1,4,25.785,0.0,0.3,0.0,-0.0116,0.0323,0.0116,0.2725,13.70,10.12
1,4,25.802,0.0,0.3,0.0,-0.0261,0.0387,0.0138,0.2756,7.05,8.20
1,4,25.825,0.0,0.3,0.0,-0.0363,0.0287,0.0131,0.2751,8.40,12.71
1,4,25.851,0.0,0.3,0.0,-0.0274,-0.0334,0.0114,0.2722,24.38,13.99
1,4,25.864,0.0,0.3,0.0,-0.0258,-0.0395,0.0103,0.2699,19.40,14.23
1,4,25.882,0.0,0.3,0.0,-0.0209,-0.0212,0.0109,0.2681,18.32,14.20
1,4,25.906,0.0,0.3,0.0,-0.0090,-0.0075,0.0087,0.2646,15.04,14.20
1,4,25.924,0.0,0.3,0.0,-0.0019,0.0039,0.0047,0.2637,12.07,13.96
1,4,25.944,0.0,0.3,0.0,0.0065,0.0026,0.0057,0.2623,7.31,12.41
1,4,25.965,0.0,0.3,0.0,0.0070,0.0061,0.0063,0.2613,7.00,12.50
1,4,25.983,0.0,0.3,0.0,0.0112,0.0134,0.0062,0.2606,7.93,12.78
1,4,26.002,0.0,0.3,0.0,0.0097,0.0201,0.0067,0.2602,8.51,12.78
1,4,26.022,0.0,0.3,0.0,0.0102,0.0173,0.0077,0.2606,8.65,12.35
1,4,26.044,0.0,0.3,0.0,0.0188,0.0193,0.0088,0.2632,16.11,11.37
1,4,26.065,0.0,0.3,0.0,0.0132,0.0145,0.0111,0.2668,15.75,10.56
1,4,26.086,0.0,0.3,0.0,0.0079,0.0196,0.0137,0.2694,22.56,10.58
1,4,26.103,0.0,0.3,0.0,0.0255,-0.0007,0.0193,0.2775,30.65,9.08
1,4,26.124,0.0,0.3,0.0,0.0333,-0.0247,0.0188,0.2787,7.99,9.20
1,4,26.147,0.0,0.3,0.0,0.0151,0.0402,0.0113,0.2768,18.66,11.51
1,4,26.164,0.0,0.3,0.0,0.0268,0.0913,0.0026,0.2724,30.98,14.35
1,4,26.182,0.0,0.3,0.0,0.0323,0.0694,0.0059,0.2670,38.75,14.21
1,4,26.202,0.0,0.3,0.0,0.0208,0.0272,0.0143,0.2652,14.58,13.91
1,4,26.224,0.0,0.3,0.0,0.0238,0.0069,0.0151,0.2618,21.21,12.39
1,4,26.245,0.0,0.3,0.0,0.0106,-0.0156,0.0091,0.2608,14.08,10.98
1,4,26.261,0.0,0.3,0.0,0.0048,-0.0112,0.0038,0.2599,8.67,10.89
1,4,26.281,0.0,0.3,0.0,0.0122,-0.0072,0.0003,0.2594,6.00,11.70
1,4,26.304,0.0,0.3,0.0,0.0107,-0.0020,0.0025,0.2602,6.88,11.80
1,4,26.327,0.0,0.3,0.0,0.0167,-0.0012,0.0063,0.2619,8.57,12.12
1,4,26.342,0.0,0.3,0.0,0.0120,0.0074,0.0076,0.2634,12.81,12.12
1,4,26.362,0.0,0.3,0.0,0.0087,0.0081,0.0077,0.2671,39.55,11.54
1,4,26.381,0.0,0.3,0.0,-0.0029,0.0285,0.0084,0.2727,21.81,10.59
1,4,26.407,0.0,0.3,0.0,-0.0244,0.0350,0.0106,0.2761,8.21,8.14
1,4,26.424,0.0,0.3,0.0,-0.0205,0.0245,0.0082,0.2760,11.25,11.87
1,4,26.448,0.0,0.3,0.0,-0.0279,-0.0078,0.0118,0.2752,13.76,12.14
1,4,26.465,0.0,0.3,0.0,-0.0417,-0.0320,0.0123,0.2721,19.28,13.22
1,4,26.482,0.0,0.3,0.0,-0.0386,-0.0317,0.0117,0.2700,17.88,14.91
1,4,26.502,0.0,0.3,0.0,-0.0215,-0.0088,0.0129,0.2677,19.94,14.91
1,4,26.526,0.0,0.3,0.0,-0.0133,-0.0028,0.0086,0.2650,15.68,13.57
1,4,26.542,0.0,0.3,0.0,-0.0052,0.0114,0.0137,0.2639,11.58,12.17
1,4,26.564,0.0,0.3,0.0,0.0002,0.0078,0.0169,0.2631,8.16,12.25
1,4,26.582,0.0,0.3,0.0,0.0017,0.0160,0.0185,0.2618,8.72,11.43
1,4,26.604,0.0,0.3,0.0,-0.0030,0.0323,0.0160,0.2617,10.62,11.91
1,4,26.622,0.0,0.3,0.0,-0.0087,0.0307,0.0151,0.2622,10.78,12.32
1,4,26.645,0.0,0.3,0.0,-0.0073,0.0239,0.0160,0.2656,11.14,11.92
1,4,26.662,0.0,0.3,0.0,-0.0030,0.0154,0.0166,0.2684,15.16,10.82
1,4,26.686,0.0,0.3,0.0,-0.0008,0.0027,0.0168,0.2756,45.60,7.80
1,4,26.705,0.0,0.3,0.0,0.0067,0.0016,0.0171,0.2798,51.24,5.81
1,4,26.729,0.0,0.3,0.0,0.0075,0.0762,0.0130,0.2776,21.62,11.39
1,4,26.744,0.0,0.3,0.0,0.0075,0.1017,0.0101,0.2756,36.62,13.52
1,4,26.762,0.0,0.3,0.0,0.0145,0.1029,0.0095,0.2704,32.29,13.54
1,4,26.782,0.0,0.3,0.0,0.0084,0.0364,0.0052,0.2671,17.91,13.36
1,4,26.808,0.0,0.3,0.0,0.0086,0.0115,0.0060,0.2644,10.60,13.08
1,4,26.825,0.0,0.3,0.0,0.0072,-0.0024,0.0081,0.2628,12.02,11.65
1,4,26.846,0.0,0.3,0.0,0.0055,-0.0168,0.0053,0.2617,11.82,10.57
1,4,26.865,0.0,0.3,0.0,0.0000,-0.0163,0.0072,0.2607,8.35,10.51
1,4,26.881,0.0,0.3,0.0,-0.0020,-0.0074,0.0099,0.2604,3.44,12.42
1,4,26.905,0.0,0.3,0.0,0.0021,-0.0010,0.0083,0.2609,8.16,11.95
1,4,26.930,0.0,0.3,0.0,0.0051,0.0031,0.0042,0.2627,8.68,12.01
1,4,26.943,0.0,0.3,0.0,0.0127,0.0032,0.0064,0.2631,10.27,11.94
1,4,26.962,0.0,0.3,0.0,0.0043,0.0112,0.0109,0.2676,35.08,11.78
1,4,26.982,0.0,0.3,0.0,-0.0102,0.0325,0.0108,0.2733,27.03,10.72
1,4,27.004,0.0,0.3,0.0,-0.0292,0.0387,0.0150,0.2767,10.09,7.73
1,4,27.024,0.0,0.3,0.0,-0.0357,0.0380,0.0134,0.2765,5.82,12.53
1,5,27.052,0.0,0.0,0.0,0.0000,0.0051,0.0121,0.2754,13.11,13.19
1,5,27.062,0.0,0.0,0.0,-0.0445,-0.0110,0.0121,0.2741,10.09,13.08
1,5,27.082,0.0,0.0,0.0,-0.0371,0.0173,0.0122,0.2765,177.84,14.24
1,5,27.104,0.0,0.0,0.0,-0.0289,-0.0231,0.0137,0.2760,17.63,9.45
1,5,27.125,0.0,0.0,0.0,-0.0282,-0.0136,0.0104,0.2743,26.40,9.08
1,5,27.141,0.0,0.0,0.0,-0.0321,0.0450,0.0128,0.2719,23.65,8.88
1,5,27.161,0.0,0.0,0.0,-0.0452,0.0487,0.0107,0.2704,13.22,10.99
1,5,27.182,0.0,0.0,0.0,-0.0501,0.0504,0.0075,0.2697,8.40,7.49
1,5,27.205,0.0,0.0,0.0,-0.0375,0.0447,0.0159,0.2683,10.43,8.43
1,5,27.227,0.0,0.0,0.0,-0.0276,0.0322,0.0215,0.2675,8.95,9.05
1,5,27.242,0.0,0.0,0.0,0.0000,0.0205,0.0224,0.2670,7.08,9.36
1,5,27.261,0.0,0.0,0.0,-0.0350,0.0098,0.0216,0.2664,5.48,9.58
1,5,27.282,0.0,0.0,0.0,-0.0114,0.0070,0.0186,0.2657,3.89,8.89
1,5,27.302,0.0,0.0,0.0,-0.0074,0.0077,0.0181,0.2656,3.82,8.91
1,5,27.325,0.0,0.0,0.0,-0.0038,0.0062,0.0208,0.2650,5.39,7.62
1,5,27.342,0.0,0.0,0.0,-0.0021,0.0046,0.0250,0.2648,4.99,8.07
1,5,27.366,0.0,0.0,0.0,0.0000,0.0079,0.0254,0.2646,3.09,8.01
1,5,27.381,0.0,0.0,0.0,0.0011,0.0164,0.0208,0.2643,4.89,8.82
1,5,27.406,0.0,0.0,0.0,0.0029,0.0151,0.0166,0.2641,2.67,7.92
1,5,27.430,0.0,0.0,0.0,0.0020,0.0078,0.0160,0.2641,0.92,7.95
1,5,27.445,0.0,0.0,0.0,0.0023,0.0045,0.0164,0.2640,1.03,7.05
1,5,27.464,0.0,0.0,0.0,0.0019,0.0016,0.0175,0.2640,0.67,7.67
1,5,27.482,0.0,0.0,0.0,0.0021,0.0015,0.0174,0.2640,0.54,7.98
1,5,27.507,0.0,0.0,0.0,0.0007,0.0012,0.0171,0.2639,0.48,8.15
1,5,27.531,0.0,0.0,0.0,0.0004,0.0010,0.0167,0.2639,0.32,8.21
1,5,27.544,0.0,0.0,0.0,0.0001,0.0009,0.0166,0.2639,0.28,8.21
1,5,27.563,0.0,0.0,0.0,0.0003,0.0008,0.0164,0.2639,0.23,8.21
1,5,27.582,0.0,0.0,0.0,0.0004,0.0007,0.0162,0.2639,0.19,8.20
1,5,27.605,0.0,0.0,0.0,0.0003,0.0006,0.0160,0.2639,0.17,8.20
1,5,27.624,0.0,0.0,0.0,0.0003,0.0006,0.0160,0.2639,0.17,8.20
1,5,27.645,0.0,0.0,0.0,0.0002,0.0006,0.0158,0.2638,0.16,8.20
1,5,27.664,0.0,0.0,0.0,0.0004,0.0005,0.0157,0.2638,0.16,8.20
1,5,27.685,0.0,0.0,0.0,0.0003,0.0005,0.0156,0.2638,0.15,8.19
1,5,27.703,0.0,0.0,0.0,0.0004,0.0005,0.0155,0.2638,0.15,8.19
1,5,27.727,0.0,0.0,0.0,0.0003,0.0005,0.0154,0.2638,0.14,8.18
1,5,27.745,0.0,0.0,0.0,0.0002,0.0005,0.0152,0.2638,0.14,8.18
1,5,27.762,0.0,0.0,0.0,0.0003,0.0005,0.0152,0.2638,0.14,8.17
1,5,27.782,0.0,0.0,0.0,0.0004,0.0005,0.0150,0.2638,0.13,8.16
1,5,27.805,0.0,0.0,0.0,0.0002,0.0004,0.0149,0.2638,0.13,8.16
1,5,27.827,0.0,0.0,0.0,0.0003,0.0004,0.0148,0.2638,0.12,8.15
1,5,27.844,0.0,0.0,0.0,0.0004,0.0004,0.0147,0.2638,0.12,8.15
1,5,27.862,0.0,0.0,0.0,0.0002,0.0004,0.0147,0.2638,0.12,8.14
1,5,27.882,0.0,0.0,0.0,0.0003,0.0004,0.0146,0.2638,0.11,8.14
1,5,27.904,0.0,0.0,0.0,0.0002,0.0004,0.0145,0.2637,0.11,8.14
1,5,27.923,0.0,0.0,0.0,0.0002,0.0004,0.0144,0.2637,0.11,8.14
1,5,27.944,0.0,0.0,0.0,0.0002,0.0004,0.0143,0.2637,0.10,8.13
1,5,27.961,0.0,0.0,0.0,0.0003,0.0004,0.0143,0.2637,0.10,8.12
1,5,27.982,0.0,0.0,0.0,0.0002,0.0004,0.0142,0.2637,0.10,8.12
1,5,28.005,0.0,0.0,0.0,0.0002,0.0004,0.0141,0.2637,0.10,8.12
1,5,28.028,0.0,0.0,0.0,0.0002,0.0004,0.0140,0.2637,0.09,8.12
1,5,28.045,0.0,0.0,0.0,0.0002,0.0004,0.0140,0.2637,0.09,8.12
1,5,28.064,0.0,0.0,0.0,0.0002,0.0004,0.0139,0.2637,0.09,8.11
1,5,28.082,0.0,0.0,0.0,0.0003,0.0004,0.0139,0.2637,0.09,8.11
1,5,28.106,0.0,0.0,0.0,0.0001,0.0004,0.0138,0.2637,0.09,8.10
1,5,28.124,0.0,0.0,0.0,0.0002,0.0004,0.0138,0.2637,0.08,8.10
1,5,28.144,0.0,0.0,0.0,0.0003,0.0004,0.0137,0.2637,0.08,8.10
1,5,28.162,0.0,0.0,0.0,0.0002,0.0004,0.0137,0.2637,0.08,8.10
1,5,28.182,0.0,0.0,0.0,0.0003,0.0004,0.0136,0.2637,0.08,8.09
1,5,28.201,0.0,0.0,0.0,0.0002,0.0004,0.0135,0.2637,0.08,8.09
1,5,28.224,0.0,0.0,0.0,0.0002,0.0004,0.0135,0.2637,0.07,8.09
1,5,28.246,0.0,0.0,0.0,0.0002,0.0004,0.0134,0.2637,0.07,8.09
1,5,28.263,0.0,0.0,0.0,0.0001,0.0004,0.0134,0.2637,0.07,8.09
1,5,28.281,0.0,0.0,0.0,0.0003,0.0004,0.0134,0.2636,0.07,8.08
1,5,28.302,0.0,0.0,0.0,0.0002,0.0004,0.0133,0.2636,0.07,8.08
1,5,28.324,0.0,0.0,0.0,0.0002,0.0004,0.0133,0.2636,0.07,8.08
1,5,28.344,0.0,0.0,0.0,0.0002,0.0004,0.0133,0.2636,0.07,8.08
1,5,28.362,0.0,0.0,0.0,0.0002,0.0003,0.0132,0.2636,0.06,8.08
1,5,28.381,0.0,0.0,0.0,0.0002,0.0003,0.0132,0.2636,0.06,8.08
1,5,28.403,0.0,0.0,0.0,0.0002,0.0003,0.0131,0.2636,0.06,8.07
1,5,28.425,0.0,0.0,0.0,0.0002,0.0003,0.0131,0.2636,0.06,8.07
1,5,28.442,0.0,0.0,0.0,0.0002,0.0003,0.0130,0.2636,0.06,8.07
1,5,28.462,0.0,0.0,0.0,0.0002,0.0003,0.0130,0.2636,0.06,8.07
1,5,28.481,0.0,0.0,0.0,0.0002,0.0003,0.0130,0.2636,0.05,8.07
1,5,28.502,0.0,0.0,0.0,0.0002,0.0003,0.0129,0.2636,0.05,8.07
1,5,28.524,0.0,0.0,0.0,0.0002,0.0003,0.0129,0.2636,0.05,8.07
1,5,28.541,0.0,0.0,0.0,0.0002,0.0003,0.0129,0.2636,0.05,8.06
1,5,28.562,0.0,0.0,0.0,0.0002,0.0003,0.0129,0.2636,0.05,8.06
1,5,28.582,0.0,0.0,0.0,0.0002,0.0003,0.0128,0.2636,0.05,8.06
1,5,28.606,0.0,0.0,0.0,0.0002,0.0003,0.0128,0.2636,0.05,8.06
1,5,28.625,0.0,0.0,0.0,0.0001,0.0003,0.0128,0.2636,0.05,8.06
1,5,28.645,0.0,0.0,0.0,0.0002,0.0003,0.0127,0.2636,0.05,8.06
1,5,28.662,0.0,0.0,0.0,0.0002,0.0003,0.0127,0.2636,0.04,8.06
1,5,28.684,0.0,0.0,0.0,0.0001,0.0003,0.0127,0.2636,0.04,8.06
1,5,28.703,0.0,0.0,0.0,0.0002,0.0003,0.0127,0.2636,0.04,8.06
1,5,28.728,0.0,0.0,0.0,0.0001,0.0003,0.0126,0.2636,0.04,8.05
1,5,28.744,0.0,0.0,0.0,0.0002,0.0003,0.0126,0.2636,0.04,8.05
1,5,28.767,0.0,0.0,0.0,0.0001,0.0003,0.0126,0.2636,0.04,8.05
1,5,28.782,0.0,0.0,0.0,0.0002,0.0003,0.0126,0.2636,0.04,8.05
1,5,28.805,0.0,0.0,0.0,0.0001,0.0003,0.0125,0.2635,0.04,8.05
1,5,28.824,0.0,0.0,0.0,0.0001,0.0003,0.0125,0.2635,0.04,8.05
1,5,28.844,0.0,0.0,0.0,0.0002,0.0003,0.0125,0.2635,0.04,8.05
1,5,28.864,0.0,0.0,0.0,0.0002,0.0003,0.0125,0.2635,0.04,8.05
1,5,28.881,0.0,0.0,0.0,0.0001,0.0003,0.0125,0.2635,0.03,8.05
1,5,28.903,0.0,0.0,0.0,0.0002,0.0003,0.0125,0.2635,0.03,8.05
1,5,28.928,0.0,0.0,0.0,0.0001,0.0003,0.0124,0.2635,0.03,8.05
1,5,28.946,0.0,0.0,0.0,0.0001,0.0003,0.0124,0.2635,0.03,8.05
1,5,28.961,0.0,0.0,0.0,0.0001,0.0003,0.0124,0.2635,0.03,8.04
1,5,28.983,0.0,0.0,0.0,0.0001,0.0003,0.0124,0.2635,0.03,8.04
1,5,29.007,0.0,0.0,0.0,0.0001,0.0003,0.0124,0.2635,0.03,8.04
1,5,29.032,0.0,0.0,0.0,0.0001,0.0003,0.0124,0.2635,0.03,8.04
1,5,29.049,0.0,0.0,0.0,0.0002,0.0003,0.0123,0.2635,0.03,8.04
1,5,29.064,0.0,0.0,0.0,0.0001,0.0003,0.0123,0.2635,0.03,8.04
1,5,29.083,0.0,0.0,0.0,0.0002,0.0003,0.0123,0.2635,0.03,8.04
1,5,29.105,0.0,0.0,0.0,0.0001,0.0003,0.0123,0.2635,0.03,8.04
1,5,29.126,0.0,0.0,0.0,0.0001,0.0003,0.0123,0.2635,0.03,8.04
1,5,29.142,0.0,0.0,0.0,0.0001,0.0003,0.0123,0.2635,0.03,8.04
1,5,29.163,0.0,0.0,0.0,0.0001,0.0003,0.0123,0.2635,0.02,8.04
1,5,29.181,0.0,0.0,0.0,0.0002,0.0003,0.0122,0.2635,0.02,8.04
1,5,29.204,0.0,0.0,0.0,0.0001,0.0003,0.0122,0.2635,0.02,8.04
1,5,29.225,0.0,0.0,0.0,0.0001,0.0003,0.0122,0.2635,0.02,8.04
1,5,29.245,0.0,0.0,0.0,0.0001,0.0003,0.0122,0.2635,0.02,8.04
1,5,29.262,0.0,0.0,0.0,0.0001,0.0003,0.0122,0.2635,0.02,8.04
1,5,29.281,0.0,0.0,0.0,0.0001,0.0003,0.0122,0.2635,0.02,8.03
1,5,29.303,0.0,0.0,0.0,0.0001,0.0003,0.0122,0.2635,0.02,8.03
1,5,29.322,0.0,0.0,0.0,0.0001,0.0003,0.0122,0.2635,0.02,8.03
1,5,29.346,0.0,0.0,0.0,0.0001,0.0003,0.0121,0.2635,0.02,8.03
1,5,29.364,0.0,0.0,0.0,0.0001,0.0003,0.0121,0.2635,0.02,8.03
1,5,29.384,0.0,0.0,0.0,0.0001,0.0003,0.0121,0.2635,0.02,8.03
1,5,29.402,0.0,0.0,0.0,0.0001,0.0003,0.0121,0.2635,0.02,8.03
1,5,29.425,0.0,0.0,0.0,0.0001,0.0003,0.0121,0.2635,0.02,8.03
1,5,29.445,0.0,0.0,0.0,0.0001,0.0003,0.0121,0.2635,0.02,8.03
1,5,29.464,0.0,0.0,0.0,0.0001,0.0003,0.0121,0.2635,0.02,8.03
1,5,29.482,0.0,0.0,0.0,0.0001,0.0003,0.0121,0.2635,0.02,8.03
1,5,29.501,0.0,0.0,0.0,0.0000,0.0003,0.0121,0.2635,0.02,8.03
1,5,29.525,0.0,0.0,0.0,0.0001,0.0003,0.0121,0.2635,0.02,8.03
1,5,29.543,0.0,0.0,0.0,0.0001,0.0003,0.0120,0.2635,0.02,8.03
1,5,29.564,0.0,0.0,0.0,0.0001,0.0003,0.0120,0.2635,0.02,8.03
1,5,29.582,0.0,0.0,0.0,0.0001,0.0003,0.0120,0.2635,0.02,8.03
1,5,29.602,0.0,0.0,0.0,0.0001,0.0003,0.0120,0.2635,0.02,8.03
1,5,29.624,0.0,0.0,0.0,0.0001,0.0003,0.0120,0.2635,0.01,8.03
1,5,29.647,0.0,0.0,0.0,0.0001,0.0003,0.0120,0.2635,0.01,8.03
1,5,29.663,0.0,0.0,0.0,0.0001,0.0003,0.0120,0.2635,0.01,8.02
1,5,29.685,0.0,0.0,0.0,0.0001,0.0003,0.0120,0.2635,0.01,8.02
1,5,29.704,0.0,0.0,0.0,0.0001,0.0003,0.0120,0.2635,0.01,8.02
1,5,29.726,0.0,0.0,0.0,0.0001,0.0003,0.0120,0.2635,0.01,8.02
1,5,29.746,0.0,0.0,0.0,0.0001,0.0003,0.0120,0.2635,0.01,8.02
1,5,29.761,0.0,0.0,0.0,0.0000,0.0003,0.0120,0.2635,0.01,8.02
1,5,29.782,0.0,0.0,0.0,0.0001,0.0003,0.0120,0.2635,0.01,8.02
1,5,29.803,0.0,0.0,0.0,0.0001,0.0003,0.0119,0.2635,0.01,8.02
1,5,29.824,0.0,0.0,0.0,0.0001,0.0003,0.0119,0.2635,0.01,8.02
1,5,29.844,0.0,0.0,0.0,0.0001,0.0003,0.0119,0.2635,0.01,8.02
1,5,29.861,0.0,0.0,0.0,0.0001,0.0003,0.0119,0.2635,0.01,8.02
1,5,29.881,0.0,0.0,0.0,0.0001,0.0003,0.0119,0.2635,0.01,8.02
1,5,29.901,0.0,0.0,0.0,0.0001,0.0003,0.0119,0.2635,0.01,8.02
1,5,29.924,0.0,0.0,0.0,0.0001,0.0003,0.0119,0.2635,0.01,8.02
1,5,29.941,0.0,0.0,0.0,0.0001,0.0003,0.0119,0.2635,0.01,8.02
1,5,29.961,0.0,0.0,0.0,0.0001,0.0003,0.0119,0.2635,0.01,8.02
1,5,29.981,0.0,0.0,0.0,0.0001,0.0003,0.0119,0.2635,0.01,8.02
1,5,30.002,0.0,0.0,0.0,0.0001,0.0003,0.0119,0.2635,0.01,8.02
1,5,30.027,0.0,0.0,0.0,0.0001,0.0003,0.0119,0.2635,0.01,8.02
1,5,30.043,0.0,0.0,0.0,0.0001,0.0003,0.0119,0.2635,0.01,8.02
2,0,0.002,0.0,0.0,0.0,0.0000,-0.0000,0.1032,0.2223,0.21,11.19
2,0,0.022,0.0,0.0,0.0,0.0276,-0.0178,0.1023,0.2224,67.79,36.48
2,0,0.044,0.0,0.0,0.0,0.0775,-0.0005,0.0845,0.2262,227.46,34.25
2,0,0.062,0.0,0.0,0.0,0.1401,0.0613,0.0752,0.2286,166.49,29.42
2,0,0.083,0.0,0.0,0.0,0.2723,0.1832,0.0637,0.2328,160.82,19.77
2,0,0.106,0.0,0.0,0.0,0.2240,0.1991,0.0558,0.2410,137.81,18.38
2,0,0.125,0.0,0.0,0.0,0.2103,0.0893,0.0518,0.2483,112.40,11.19
2,0,0.143,0.0,0.0,0.0,0.3468,-0.0853,0.0477,0.2558,57.75,9.89
2,0,0.164,0.0,0.0,0.0,0.3777,-0.1797,0.0411,0.2611,35.75,5.46
2,0,0.181,0.0,0.0,0.0,0.2777,-0.2713,0.0308,0.2645,27.32,6.41
2,0,0.204,0.0,0.0,0.0,0.3370,-0.3432,0.0212,0.2679,26.43,5.75
2,0,0.226,0.0,0.0,0.0,0.2745,-0.3911,0.0158,0.2708,13.94,6.05
2,0,0.244,0.0,0.0,0.0,0.1018,-0.3703,0.0146,0.2708,7.01,6.84
2,0,0.262,0.0,0.0,0.0,0.3292,-0.2856,0.0138,0.2720,8.78,7.27
2,0,0.285,0.0,0.0,0.0,0.2991,-0.2528,0.0146,0.2720,9.81,6.36
2,0,0.304,0.0,0.0,0.0,0.1989,-0.2034,0.0083,0.2718,9.18,7.98
2,0,0.326,0.0,0.0,0.0,0.2041,-0.1729,0.0020,0.2717,8.64,6.91
2,0,0.343,0.0,0.0,0.0,0.1101,-0.1307,0.0014,0.2715,6.91,7.52
2,0,0.365,0.0,0.0,0.0,0.0754,-0.1221,0.0032,0.2714,6.97,7.52
2,0,0.386,0.0,0.0,0.0,0.0983,-0.1107,0.0101,0.2716,4.52,7.30
2,0,0.405,0.0,0.0,0.0,0.0420,-0.1033,0.0130,0.2717,1.73,7.20
2,0,0.425,0.0,0.0,0.0,0.0029,-0.0985,0.0127,0.2716,3.64,7.29
2,0,0.444,0.0,0.0,0.0,-0.0329,-0.0833,0.0111,0.2715,4.29,7.20
2,0,0.463,0.0,0.0,0.0,-0.0517,-0.0596,0.0118,0.2715,5.47,6.71
2,0,0.482,0.0,0.0,0.0,-0.0699,-0.0548,0.0128,0.2714,5.19,6.23
2,0,0.505,0.0,0.0,0.0,-0.1121,-0.0491,0.0142,0.2713,5.27,6.51
2,0,0.526,0.0,0.0,0.0,-0.0863,-0.0386,0.0146,0.2710,5.54,6.55
2,0,0.543,0.0,0.0,0.0,-0.1491,-0.0351,0.0147,0.2708,5.63,6.27
2,0,0.561,0.0,0.0,0.0,-0.1695,-0.0334,0.0149,0.2705,6.04,6.34
2,0,0.585,0.0,0.0,0.0,-0.1262,-0.0355,0.0155,0.2699,6.65,6.74
2,0,0.605,0.0,0.0,0.0,-0.1240,-0.0371,0.0158,0.2692,7.32,7.07
2,0,0.625,0.0,0.0,0.0,-0.1257,-0.0365,0.0157,0.2686,8.08,7.47
2,0,0.645,0.0,0.0,0.0,-0.1227,-0.0371,0.0155,0.2679,8.37,8.10
2,0,0.664,0.0,0.0,0.0,-0.0834,-0.0401,0.0153,0.2675,8.44,8.25
2,0,0.685,0.0,0.0,0.0,-0.1318,-0.0458,0.0153,0.2665,8.34,8.78
2,0,0.705,0.0,0.0,0.0,-0.0752,-0.0477,0.0155,0.2659,7.77,9.27
2,0,0.729,0.0,0.0,0.0,-0.0311,-0.0475,0.0153,0.2655,7.08,9.37
2,0,0.743,0.0,0.0,0.0,-0.0876,-0.0394,0.0145,0.2647,5.63,9.51
2,0,0.764,0.0,0.0,0.0,-0.0457,-0.0315,0.0136,0.2643,4.47,9.68
2,0,0.784,0.0,0.0,0.0,-0.0175,-0.0227,0.0127,0.2640,3.41,9.68
2,0,0.808,0.0,0.0,0.0,0.0005,-0.0122,0.0113,0.2636,2.11,9.64
2,0,0.824,0.0,0.0,0.0,0.0096,-0.0110,0.0107,0.2634,1.75,9.63
2,0,0.844,0.0,0.0,0.0,0.0153,-0.0118,0.0101,0.2633,1.65,9.17
2,0,0.864,0.0,0.0,0.0,0.0248,-0.0115,0.0095,0.2632,1.62,8.90
2,0,0.885,0.0,0.0,0.0,0.0220,-0.0116,0.0090,0.2631,1.53,8.65
2,0,0.906,0.0,0.0,0.0,0.0217,-0.0128,0.0085,0.2630,1.50,8.44
2,0,0.924,0.0,0.0,0.0,0.0230,-0.0137,0.0080,0.2629,1.47,8.44
2,0,0.943,0.0,0.0,0.0,0.0350,-0.0139,0.0074,0.2629,1.33,8.20
2,0,0.967,0.0,0.0,0.0,0.0247,-0.0134,0.0064,0.2629,1.12,8.12
2,0,0.985,0.0,0.0,0.0,0.0297,-0.0122,0.0058,0.2629,0.99,8.07
2,0,1.002,0.0,0.0,0.0,0.0210,-0.0109,0.0053,0.2629,0.87,8.04
2,0,1.025,0.0,0.0,0.0,0.0204,-0.0091,0.0045,0.2629,0.78,7.99
2,0,1.043,0.0,0.0,0.0,0.0138,-0.0077,0.0040,0.2629,0.69,7.94
2,0,1.064,0.0,0.0,0.0,0.0183,-0.0062,0.0036,0.2629,0.59,7.91
2,0,1.084,0.0,0.0,0.0,0.0094,-0.0047,0.0032,0.2629,0.46,7.88
2,0,1.107,0.0,0.0,0.0,0.0065,-0.0028,0.0028,0.2629,0.28,7.85
2,0,1.124,0.0,0.0,0.0,0.0035,-0.0020,0.0027,0.2629,0.21,7.82
2,0,1.142,0.0,0.0,0.0,0.0028,-0.0010,0.0025,0.2629,0.15,7.82
2,0,1.166,0.0,0.0,0.0,0.0009,-0.0008,0.0024,0.2629,0.12,7.75
2,0,1.184,0.0,0.0,0.0,0.0008,-0.0007,0.0024,0.2629,0.12,7.73
2,0,1.204,0.0,0.0,0.0,0.0011,-0.0007,0.0023,0.2629,0.12,7.71
2,0,1.225,0.0,0.0,0.0,0.0004,-0.0007,0.0022,0.2629,0.12,7.71
2,0,1.242,0.0,0.0,0.0,0.0011,-0.0007,0.0021,0.2629,0.11,7.71
2,0,1.264,0.0,0.0,0.0,0.0011,-0.0007,0.0020,0.2629,0.10,7.71
2,0,1.286,0.0,0.0,0.0,0.0008,-0.0007,0.0020,0.2629,0.10,7.72
2,0,1.308,0.0,0.0,0.0,0.0006,-0.0007,0.0019,0.2628,0.09,7.72
2,0,1.325,0.0,0.0,0.0,0.0011,-0.0007,0.0018,0.2628,0.08,7.73
2,0,1.344,0.0,0.0,0.0,0.0004,-0.0007,0.0018,0.2628,0.08,7.73
2,0,1.364,0.0,0.0,0.0,0.0012,-0.0007,0.0017,0.2628,0.07,7.75
2,0,1.387,0.0,0.0,0.0,0.0009,-0.0007,0.0017,0.2628,0.07,7.75
2,0,1.405,0.0,0.0,0.0,0.0006,-0.0007,0.0016,0.2628,0.07,7.75
2,0,1.425,0.0,0.0,0.0,0.0004,-0.0006,0.0015,0.2628,0.06,7.77
2,0,1.441,0.0,0.0,0.0,0.0010,-0.0006,0.0015,0.2628,0.06,7.77
2,0,1.463,0.0,0.0,0.0,0.0006,-0.0006,0.0015,0.2628,0.06,7.78
2,0,1.485,0.0,0.0,0.0,0.0007,-0.0006,0.0015,0.2628,0.06,7.78
2,0,1.503,0.0,0.0,0.0,0.0005,-0.0006,0.0014,0.2628,0.06,7.79
2,0,1.524,0.0,0.0,0.0,0.0006,-0.0006,0.0014,0.2628,0.06,7.80
2,0,1.544,0.0,0.0,0.0,0.0005,-0.0006,0.0014,0.2628,0.05,7.80
2,0,1.566,0.0,0.0,0.0,0.0008,-0.0006,0.0014,0.2628,0.05,7.81
2,0,1.586,0.0,0.0,0.0,0.0004,-0.0006,0.0014,0.2628,0.05,7.81
2,0,1.604,0.0,0.0,0.0,0.0007,-0.0006,0.0014,0.2628,0.05,7.81
2,0,1.624,0.0,0.0,0.0,0.0007,-0.0006,0.0014,0.2628,0.05,7.82
2,0,1.642,0.0,0.0,0.0,0.0005,-0.0006,0.0014,0.2628,0.05,7.83
2,0,1.666,0.0,0.0,0.0,0.0007,-0.0006,0.0014,0.2628,0.05,7.83
2,0,1.685,0.0,0.0,0.0,0.0006,-0.0006,0.0014,0.2628,0.05,7.83
2,0,1.703,0.0,0.0,0.0,0.0004,-0.0006,0.0014,0.2628,0.05,7.83
2,0,1.724,0.0,0.0,0.0,0.0004,-0.0006,0.0014,0.2629,0.04,7.84
2,0,1.742,0.0,0.0,0.0,0.0007,-0.0006,0.0014,0.2629,0.04,7.85
2,0,1.764,0.0,0.0,0.0,0.0003,-0.0006,0.0015,0.2629,0.04,7.85
2,0,1.785,0.0,0.0,0.0,0.0007,-0.0006,0.0015,0.2629,0.04,7.85
2,0,1.806,0.0,0.0,0.0,0.0004,-0.0006,0.0015,0.2629,0.04,7.86
2,0,1.824,0.0,0.0,0.0,0.0004,-0.0006,0.0015,0.2629,0.04,7.86
2,0,1.843,0.0,0.0,0.0,0.0006,-0.0006,0.0015,0.2629,0.04,7.86
2,0,1.863,0.0,0.0,0.0,0.0004,-0.0006,0.0016,0.2629,0.04,7.87
2,0,1.883,0.0,0.0,0.0,0.0004,-0.0006,0.0016,0.2629,0.04,7.87
2,0,1.904,0.0,0.0,0.0,0.0004,-0.0006,0.0016,0.2629,0.04,7.87
2,0,1.923,0.0,0.0,0.0,0.0005,-0.0006,0.0016,0.2629,0.04,7.87
2,0,1.944,0.0,0.0,0.0,0.0005,-0.0006,0.0017,0.2629,0.04,7.88
2,0,1.964,0.0,0.0,0.0,0.0004,-0.0006,0.0017,0.2629,0.04,7.88
2,0,1.987,0.0,0.0,0.0,0.0005,-0.0006,0.0017,0.2629,0.04,7.88
2,0,2.004,0.0,0.0,0.0,0.0003,-0.0005,0.0017,0.2629,0.04,7.88
2,0,2.024,0.0,0.0,0.0,0.0005,-0.0005,0.0018,0.2629,0.04,7.89
2,0,2.043,0.0,0.0,0.0,0.0004,-0.0005,0.0018,0.2629,0.04,7.89
2,0,2.067,0.0,0.0,0.0,0.0004,-0.0005,0.0018,0.2629,0.04,7.89
2,0,2.087,0.0,0.0,0.0,0.0004,-0.0005,0.0018,0.2629,0.04,7.89
2,0,2.105,0.0,0.0,0.0,0.0004,-0.0005,0.0019,0.2629,0.04,7.89
2,0,2.122,0.0,0.0,0.0,0.0005,-0.0005,0.0019,0.2629,0.03,7.89
2,0,2.144,0.0,0.0,0.0,0.0004,-0.0005,0.0019,0.2629,0.03,7.90
2,0,2.161,0.0,0.0,0.0,0.0005,-0.0005,0.0019,0.2629,0.03,7.90
2,0,2.183,0.0,0.0,0.0,0.0002,-0.0005,0.0020,0.2629,0.03,7.90
2,0,2.204,0.0,0.0,0.0,0.0005,-0.0005,0.0020,0.2629,0.03,7.90
2,0,2.223,0.0,0.0,0.0,0.0003,-0.0005,0.0020,0.2629,0.03,7.90
2,0,2.243,0.0,0.0,0.0,0.0004,-0.0005,0.0020,0.2629,0.03,7.90
2,0,2.264,0.0,0.0,0.0,0.0006,-0.0005,0.0021,0.2629,0.03,7.90
2,0,2.290,0.0,0.0,0.0,0.0003,-0.0005,0.0021,0.2629,0.03,7.91
2,0,2.311,0.0,0.0,0.0,0.0001,-0.0005,0.0021,0.2629,0.03,7.91
2,0,2.325,0.0,0.0,0.0,0.0005,-0.0005,0.0021,0.2629,0.03,7.91
2,0,2.341,0.0,0.0,0.0,0.0004,-0.0005,0.0022,0.2629,0.03,7.91
2,0,2.362,0.0,0.0,0.0,0.0004,-0.0005,0.0022,0.2629,0.03,7.91
2,0,2.385,0.0,0.0,0.0,0.0003,-0.0005,0.0022,0.2629,0.03,7.91
2,0,2.405,0.0,0.0,0.0,0.0005,-0.0005,0.0022,0.2629,0.03,7.91
2,0,2.425,0.0,0.0,0.0,0.0003,-0.0005,0.0022,0.2629,0.03,7.91
2,0,2.443,0.0,0.0,0.0,0.0005,-0.0005,0.0023,0.2630,0.03,7.91
2,0,2.464,0.0,0.0,0.0,0.0005,-0.0005,0.0023,0.2630,0.03,7.91
2,0,2.484,0.0,0.0,0.0,0.0003,-0.0005,0.0023,0.2630,0.03,7.92
2,0,2.506,0.0,0.0,0.0,0.0004,-0.0005,0.0023,0.2630,0.03,7.92
2,0,2.521,0.0,0.0,0.0,0.0004,-0.0005,0.0023,0.2630,0.03,7.92
2,0,2.544,0.0,0.0,0.0,0.0002,-0.0005,0.0024,0.2630,0.03,7.92
2,0,2.564,0.0,0.0,0.0,0.0006,-0.0005,0.0024,0.2630,0.03,7.92
2,0,2.585,0.0,0.0,0.0,0.0003,-0.0005,0.0024,0.2630,0.03,7.92
2,0,2.604,0.0,0.0,0.0,0.0004,-0.0005,0.0024,0.2630,0.03,7.92
2,0,2.625,0.0,0.0,0.0,0.0003,-0.0005,0.0025,0.2630,0.03,7.92
2,0,2.643,0.0,0.0,0.0,0.0004,-0.0005,0.0025,0.2630,0.03,7.92
2,0,2.664,0.0,0.0,0.0,0.0002,-0.0005,0.0025,0.2630,0.03,7.92
2,0,2.685,0.0,0.0,0.0,0.0004,-0.0005,0.0025,0.2630,0.03,7.92
2,0,2.707,0.0,0.0,0.0,0.0004,-0.0005,0.0025,0.2630,0.03,7.92
2,0,2.724,0.0,0.0,0.0,0.0003,-0.0005,0.0026,0.2630,0.03,7.92
2,0,2.743,0.0,0.0,0.0,0.0004,-0.0005,0.0026,0.2630,0.03,7.92
2,0,2.764,0.0,0.0,0.0,0.0004,-0.0005,0.0026,0.2630,0.03,7.92
2,0,2.783,0.0,0.0,0.0,0.0002,-0.0005,0.0026,0.2630,0.03,7.92
2,0,2.809,0.0,0.0,0.0,0.0002,-0.0005,0.0026,0.2630,0.03,7.92
2,0,2.823,0.0,0.0,0.0,0.0005,-0.0005,0.0026,0.2630,0.03,7.92
2,0,2.844,0.0,0.0,0.0,0.0003,-0.0005,0.0027,0.2630,0.03,7.92
2,0,2.863,0.0,0.0,0.0,0.0004,-0.0005,0.0027,0.2630,0.03,7.92
2,0,2.886,0.0,0.0,0.0,0.0003,-0.0005,0.0027,0.2630,0.03,7.92
2,0,2.905,0.0,0.0,0.0,0.0001,-0.0005,0.0027,0.2630,0.03,7.92
2,0,2.924,0.0,0.0,0.0,0.0003,-0.0005,0.0027,0.2630,0.03,7.92
2,0,2.943,0.0,0.0,0.0,0.0004,-0.0005,0.0027,0.2630,0.03,7.92
2,0,2.962,0.0,0.0,0.0,0.0003,-0.0005,0.0028,0.2630,0.03,7.92
2,0,2.990,0.0,0.0,0.0,0.0005,-0.0005,0.0028,0.2630,0.03,7.92
2,1,3.005,0.3,0.0,0.0,0.0000,-0.0005,0.0028,0.2630,0.03,7.92
2,1,3.023,0.3,0.0,0.0,0.0117,-0.0104,0.0027,0.2631,4.17,11.80
2,1,3.043,0.3,0.0,0.0,0.0228,-0.0422,0.0017,0.2634,11.15,11.87
2,1,3.062,0.3,0.0,0.0,0.0338,-0.0158,0.0025,0.2616,8.55,14.07
2,1,3.086,0.3,0.0,0.0,0.0511,-0.0085,0.0031,0.2603,12.35,15.12
2,1,3.102,0.3,0.0,0.0,0.0391,-0.0089,0.0021,0.2583,10.00,15.76
2,1,3.123,0.3,0.0,0.0,0.0635,-0.0093,0.0036,0.2572,9.35,15.58
2,1,3.142,0.3,0.0,0.0,0.0634,-0.0093,0.0058,0.2564,8.73,15.62
2,1,3.161,0.3,0.0,0.0,0.0722,-0.0118,0.0080,0.2554,8.84,15.58
2,1,3.181,0.3,0.0,0.0,0.0765,-0.0128,0.0091,0.2550,9.62,15.29
2,1,3.204,0.3,0.0,0.0,0.1058,-0.0061,0.0088,0.2549,9.36,14.82
2,1,3.223,0.3,0.0,0.0,0.1240,0.0007,0.0078,0.2553,10.99,14.01
2,1,3.242,0.3,0.0,0.0,0.0661,0.0027,0.0080,0.2565,11.42,13.89
2,1,3.265,0.3,0.0,0.0,0.1810,0.0020,0.0112,0.2620,24.00,11.46
2,1,3.285,0.3,0.0,0.0,0.1145,-0.0212,0.0153,0.2669,13.95,9.99
2,1,3.308,0.3,0.0,0.0,0.1514,0.0086,0.0187,0.2706,14.32,10.68
2,1,3.326,0.3,0.0,0.0,0.1551,0.0148,0.0157,0.2721,8.26,14.41
2,1,3.342,0.3,0.0,0.0,0.2007,0.0494,0.0099,0.2716,25.27,14.08
2,1,3.362,0.3,0.0,0.0,0.0510,0.0520,0.0059,0.2696,26.03,14.02
2,1,3.385,0.3,0.0,0.0,0.2248,0.0300,0.0022,0.2644,13.56,13.40
2,1,3.405,0.3,0.0,0.0,0.1326,0.0061,0.0064,0.2611,6.37,14.79
2,1,3.426,0.3,0.0,0.0,0.1296,0.0118,0.0059,0.2585,5.85,15.03
2,1,3.444,0.3,0.0,0.0,0.1634,0.0123,0.0041,0.2575,7.51,13.99
2,1,3.466,0.3,0.0,0.0,0.1932,0.0021,0.0037,0.2566,5.34,13.05
2,1,3.485,0.3,0.0,0.0,0.0803,0.0021,0.0037,0.2566,5.34,13.05
2,1,3.504,0.3,0.0,0.0,0.1325,-0.0061,0.0056,0.2572,6.03,12.31
2,1,3.524,0.3,0.0,0.0,0.1229,-0.0108,0.0076,0.2581,7.70,12.75
2,1,3.544,0.3,0.0,0.0,0.0895,-0.0126,0.0080,0.2594,5.32,12.68
2,1,3.563,0.3,0.0,0.0,0.2174,-0.0057,0.0060,0.2635,19.85,12.38
2,1,3.585,0.3,0.0,0.0,0.1987,0.0278,0.0013,0.2706,20.39,10.11
2,1,3.610,0.3,0.0,0.0,0.1405,0.0564,0.0021,0.2738,5.11,8.02
2,1,3.625,0.3,0.0,0.0,0.1357,0.0569,0.0024,0.2737,6.93,8.05
2,1,3.643,0.3,0.0,0.0,0.1808,-0.0166,0.0022,0.2730,10.31,14.78
2,1,3.664,0.3,0.0,0.0,0.0927,-0.0463,0.0018,0.2696,20.11,14.53
2,1,3.685,0.3,0.0,0.0,0.2222,-0.0284,0.0038,0.2658,7.37,13.55
2,1,3.707,0.3,0.0,0.0,0.1164,-0.0196,0.0076,0.2625,8.03,13.99
2,1,3.726,0.3,0.0,0.0,0.0743,-0.0161,0.0082,0.2621,7.40,13.95
2,1,3.743,0.3,0.0,0.0,0.2249,-0.0084,0.0088,0.2612,7.58,13.95
2,1,3.767,0.3,0.0,0.0,0.1450,-0.0016,0.0074,0.2599,5.89,13.61
2,1,3.783,0.3,0.0,0.0,0.0699,0.0081,0.0058,0.2591,6.53,12.98
2,1,3.804,0.3,0.0,0.0,0.2094,0.0122,0.0055,0.2588,6.67,12.47
2,1,3.821,0.3,0.0,0.0,0.1709,0.0231,0.0062,0.2587,7.04,11.92
2,1,3.841,0.3,0.0,0.0,0.1034,0.0310,0.0065,0.2595,8.15,11.85
2,1,3.861,0.3,0.0,0.0,0.2580,0.0322,0.0060,0.2644,21.36,11.04
2,1,3.887,0.3,0.0,0.0,0.1591,0.0041,0.0051,0.2719,16.96,10.34
2,1,3.905,0.3,0.0,0.0,0.2077,-0.0008,0.0053,0.2735,7.58,10.37
2,1,3.926,0.3,0.0,0.0,0.1727,0.0150,0.0055,0.2753,10.93,12.50
2,1,3.943,0.3,0.0,0.0,0.2122,0.0605,0.0037,0.2745,14.22,13.67
2,1,3.963,0.3,0.0,0.0,0.1561,0.0698,0.0028,0.2723,21.87,13.37
2,1,3.983,0.3,0.0,0.0,0.1891,0.0232,0.0070,0.2659,7.65,13.01
2,1,4.007,0.3,0.0,0.0,0.1366,0.0068,0.0081,0.2621,4.66,13.39
2,1,4.025,0.3,0.0,0.0,0.1755,0.0048,0.0080,0.2599,3.93,13.43
2,1,4.043,0.3,0.0,0.0,0.1421,0.0078,0.0077,0.2587,5.42,13.33
2,1,4.066,0.3,0.0,0.0,0.1389,0.0047,0.0080,0.2571,4.01,12.83
2,1,4.085,0.3,0.0,0.0,0.1343,0.0025,0.0085,0.2571,4.49,12.56
2,1,4.104,0.3,0.0,0.0,0.1826,0.0003,0.0095,0.2574,4.82,12.54
2,1,4.125,0.3,0.0,0.0,0.1518,-0.0087,0.0106,0.2587,10.19,12.21
2,1,4.145,0.3,0.0,0.0,0.0957,-0.0099,0.0105,0.2605,10.67,11.90
2,1,4.164,0.3,0.0,0.0,0.2408,0.0080,0.0077,0.2656,14.45,11.72
2,1,4.186,0.3,0.0,0.0,0.1515,0.0169,0.0063,0.2682,32.41,9.61
2,1,4.204,0.3,0.0,0.0,0.1275,0.0642,0.0047,0.2736,22.15,9.77
2,1,4.225,0.3,0.0,0.0,0.1670,0.0380,0.0023,0.2742,11.59,10.16
2,1,4.243,0.3,0.0,0.0,0.1721,-0.0135,0.0010,0.2731,19.43,14.81
2,1,4.263,0.3,0.0,0.0,0.1368,-0.0485,0.0023,0.2699,22.73,14.54
2,1,4.285,0.3,0.0,0.0,0.1252,-0.0381,0.0061,0.2664,9.09,13.54
2,1,4.304,0.3,0.0,0.0,0.1120,-0.0351,0.0087,0.2643,6.84,14.09
2,1,4.324,0.3,0.0,0.0,0.1513,-0.0230,0.0097,0.2629,8.38,14.09
2,1,4.343,0.3,0.0,0.0,0.1390,-0.0012,0.0085,0.2608,6.30,13.76
2,1,4.363,0.3,0.0,0.0,0.0887,0.0043,0.0075,0.2601,6.09,13.49
2,1,4.388,0.3,0.0,0.0,0.1317,0.0096,0.0056,0.2592,7.13,12.99
2,1,4.405,0.3,0.0,0.0,0.1538,0.0130,0.0051,0.2587,7.25,12.48
2,1,4.425,0.3,0.0,0.0,0.1629,0.0199,0.0052,0.2587,7.56,12.01
2,1,4.442,0.3,0.0,0.0,0.1486,0.0298,0.0049,0.2603,17.21,11.65
2,1,4.463,0.3,0.0,0.0,0.2002,0.0219,0.0030,0.2665,13.14,11.33
2,1,4.486,0.3,0.0,0.0,0.1491,0.0121,0.0029,0.2694,32.36,9.66
2,1,4.504,0.3,0.0,0.0,0.1369,0.0073,0.0048,0.2747,9.20,6.75
2,1,4.525,0.3,0.0,0.0,0.1947,0.0117,0.0054,0.2754,5.52,12.03
2,1,4.543,0.3,0.0,0.0,0.2023,0.0446,0.0029,0.2740,30.94,13.44
2,1,4.562,0.3,0.0,0.0,0.1448,0.0336,0.0031,0.2679,20.22,13.32
2,1,4.585,0.3,0.0,0.0,0.1429,0.0166,0.0054,0.2658,11.52,13.42
2,1,4.605,0.3,0.0,0.0,0.1791,0.0113,0.0065,0.2624,9.61,13.53
2,1,4.626,0.3,0.0,0.0,0.1102,0.0066,0.0066,0.2604,2.78,13.51
2,1,4.643,0.3,0.0,0.0,0.1689,0.0094,0.0066,0.2590,3.17,13.28
2,1,4.663,0.3,0.0,0.0,0.1334,0.0050,0.0067,0.2576,3.47,13.00
2,1,4.684,0.3,0.0,0.0,0.1318,0.0043,0.0072,0.2574,3.81,12.75
2,1,4.707,0.3,0.0,0.0,0.1552,-0.0034,0.0082,0.2577,5.09,12.51
2,1,4.728,0.3,0.0,0.0,0.1266,-0.0076,0.0083,0.2585,5.13,12.49
2,1,4.743,0.3,0.0,0.0,0.1366,-0.0103,0.0078,0.2604,11.99,12.05
2,1,4.763,0.3,0.0,0.0,0.1390,-0.0016,0.0057,0.2654,18.19,11.61
2,1,4.785,0.3,0.0,0.0,0.1292,0.0103,0.0043,0.2690,12.31,9.95
2,1,4.804,0.3,0.0,0.0,0.1279,0.0645,0.0034,0.2736,18.58,10.10
2,1,4.825,0.3,0.0,0.0,0.1587,0.0410,0.0033,0.2739,4.32,10.01
2,1,4.844,0.3,0.0,0.0,0.1630,-0.0216,0.0023,0.2727,15.83,15.00
2,1,4.863,0.3,0.0,0.0,0.1679,-0.0488,0.0028,0.2694,15.31,14.97
2,1,4.885,0.3,0.0,0.0,0.1276,-0.0287,0.0047,0.2667,8.68,13.90
2,1,4.909,0.3,0.0,0.0,0.1052,-0.0240,0.0076,0.2635,7.14,14.32
2,1,4.924,0.3,0.0,0.0,0.1226,-0.0184,0.0089,0.2623,7.37,14.32
2,1,4.943,0.3,0.0,0.0,0.1288,-0.0124,0.0094,0.2612,7.28,14.12
2,1,4.962,0.3,0.0,0.0,0.1274,0.0005,0.0080,0.2596,5.85,14.00
2,1,4.984,0.3,0.0,0.0,0.1309,0.0082,0.0062,0.2587,6.73,13.36
2,1,5.003,0.3,0.0,0.0,0.1774,0.0104,0.0058,0.2584,6.83,12.88
2,1,5.025,0.3,0.0,0.0,0.1231,0.0176,0.0058,0.2583,7.31,12.39
2,1,5.045,0.3,0.0,0.0,0.1295,0.0290,0.0056,0.2597,17.13,11.81
2,1,5.063,0.3,0.0,0.0,0.1302,0.0246,0.0044,0.2647,17.48,11.31
2,1,5.085,0.3,0.0,0.0,0.1480,0.0179,0.0043,0.2679,24.55,9.68
2,1,5.103,0.3,0.0,0.0,0.1301,-0.0090,0.0059,0.2734,17.94,6.59
2,1,5.124,0.3,0.0,0.0,0.2620,0.0005,0.0073,0.2751,8.40,10.96
2,1,5.144,0.3,0.0,0.0,0.1948,0.0463,0.0042,0.2741,15.08,13.74
2,1,5.163,0.3,0.0,0.0,0.1658,0.0667,0.0031,0.2704,25.97,13.42
2,1,5.185,0.3,0.0,0.0,0.1473,0.0248,0.0079,0.2657,12.50,13.33
2,1,5.213,0.3,0.0,0.0,0.0888,0.0039,0.0093,0.2606,10.30,13.56
2,1,5.228,0.3,0.0,0.0,0.1865,0.0014,0.0092,0.2600,5.74,13.50
2,1,5.243,0.3,0.0,0.0,0.2158,-0.0012,0.0085,0.2591,6.75,13.53
2,1,5.266,0.3,0.0,0.0,0.1385,-0.0008,0.0076,0.2571,4.49,12.96
2,1,5.285,0.3,0.0,0.0,0.1323,-0.0036,0.0078,0.2571,4.95,12.47
2,1,5.304,0.3,0.0,0.0,0.1689,-0.0054,0.0087,0.2574,5.15,12.46
2,1,5.324,0.3,0.0,0.0,0.1323,-0.0071,0.0101,0.2579,5.09,12.36
2,1,5.347,0.3,0.0,0.0,0.1569,-0.0115,0.0105,0.2608,22.92,12.24
2,1,5.366,0.3,0.0,0.0,0.1704,-0.0010,0.0085,0.2649,22.38,12.17
2,1,5.385,0.3,0.0,0.0,0.1938,0.0193,0.0058,0.2692,13.43,11.81
2,1,5.404,0.3,0.0,0.0,0.1246,0.0596,0.0048,0.2732,12.38,9.66
2,1,5.422,0.3,0.0,0.0,0.1562,0.0339,0.0030,0.2741,7.15,9.74
2,1,5.442,0.3,0.0,0.0,0.1833,-0.0264,0.0024,0.2714,23.59,14.69
2,1,5.463,0.3,0.0,0.0,0.1271,-0.0287,0.0038,0.2679,12.10,14.66
2,1,5.485,0.3,0.0,0.0,0.1768,-0.0287,0.0057,0.2662,9.08,13.91
2,1,5.504,0.3,0.0,0.0,0.1161,-0.0255,0.0085,0.2632,8.93,14.17
2,1,5.525,0.3,0.0,0.0,0.1158,-0.0119,0.0093,0.2621,6.82,13.89
2,1,5.544,0.3,0.0,0.0,0.1793,-0.0035,0.0080,0.2606,6.13,13.81
2,1,5.562,0.3,0.0,0.0,0.1395,0.0041,0.0066,0.2597,5.57,13.21
2,1,5.585,0.3,0.0,0.0,0.1785,0.0100,0.0053,0.2591,6.33,12.75
2,1,5.609,0.3,0.0,0.0,0.1511,0.0134,0.0058,0.2588,7.14,12.26
2,1,5.624,0.3,0.0,0.0,0.1940,0.0195,0.0063,0.2588,6.82,12.17
2,1,5.643,0.3,0.0,0.0,0.1549,0.0303,0.0062,0.2604,14.52,11.82
2,1,5.665,0.3,0.0,0.0,0.2156,0.0268,0.0042,0.2652,15.38,11.29
2,1,5.683,0.3,0.0,0.0,0.1973,0.0201,0.0032,0.2680,8.77,11.14
2,1,5.705,0.3,0.0,0.0,0.1496,0.0077,0.0046,0.2753,8.81,6.67
2,1,5.724,0.3,0.0,0.0,0.2183,0.0342,0.0050,0.2752,11.03,12.74
2,1,5.743,0.3,0.0,0.0,0.0520,0.0443,0.0044,0.2748,11.24,12.89
2,1,5.763,0.3,0.0,0.0,0.2595,0.0486,0.0029,0.2690,14.96,13.47
2,1,5.785,0.3,0.0,0.0,0.1422,0.0241,0.0055,0.2658,12.94,13.25
2,1,5.805,0.3,0.0,0.0,0.1800,0.0105,0.0067,0.2625,6.24,13.38
2,1,5.825,0.3,0.0,0.0,0.1052,0.0052,0.0067,0.2594,3.23,13.50
2,1,5.845,0.3,0.0,0.0,0.2131,0.0069,0.0063,0.2577,3.39,13.29
2,1,5.863,0.3,0.0,0.0,0.0562,0.0050,0.0065,0.2570,3.74,12.97
2,1,5.885,0.3,0.0,0.0,0.1777,0.0030,0.0071,0.2569,4.01,12.68
2,1,5.910,0.3,0.0,0.0,0.1333,-0.0073,0.0085,0.2577,6.27,12.46
2,1,5.925,0.3,0.0,0.0,0.1771,-0.0115,0.0086,0.2590,8.92,12.25
2,1,5.944,0.3,0.0,0.0,0.1584,-0.0064,0.0076,0.2625,6.43,12.11
2,1,5.963,0.3,0.0,0.0,0.2122,0.0081,0.0056,0.2662,22.52,11.54
2,1,5.984,0.3,0.0,0.0,0.1428,0.0351,0.0038,0.2711,12.00,9.52
2,1,6.005,0.3,0.0,0.0,0.1824,0.0582,0.0034,0.2745,5.68,6.77
2,1,6.023,0.3,0.0,0.0,0.1391,0.0185,0.0035,0.2738,11.40,12.11
2,1,6.043,0.3,0.0,0.0,0.1787,-0.0236,0.0035,0.2726,18.90,15.03
2,1,6.063,0.3,0.0,0.0,0.1764,-0.0312,0.0065,0.2676,9.77,14.58
2,1,6.087,0.3,0.0,0.0,0.1014,-0.0256,0.0088,0.2657,9.47,13.87
2,1,6.109,0.3,0.0,0.0,0.1776,-0.0222,0.0112,0.2634,6.33,14.17
2,1,6.124,0.3,0.0,0.0,0.1069,-0.0151,0.0120,0.2622,7.10,14.09
2,1,6.143,0.3,0.0,0.0,0.1807,-0.0005,0.0113,0.2606,8.47,13.80
2,1,6.162,0.3,0.0,0.0,0.1750,0.0024,0.0105,0.2593,6.86,13.44
2,1,6.185,0.3,0.0,0.0,0.1629,0.0053,0.0099,0.2589,7.16,12.94
2,1,6.210,0.3,0.0,0.0,0.1097,0.0112,0.0102,0.2583,7.09,12.50
2,1,6.226,0.3,0.0,0.0,0.1537,0.0188,0.0108,0.2585,8.69,12.03
2,1,6.243,0.3,0.0,0.0,0.2051,0.0258,0.0109,0.2595,18.57,11.65
2,1,6.264,0.3,0.0,0.0,0.1685,0.0262,0.0104,0.2635,16.24,11.13
2,1,6.285,0.3,0.0,0.0,0.1024,0.0147,0.0097,0.2686,34.89,9.72
2,1,6.305,0.3,0.0,0.0,0.2247,-0.0117,0.0094,0.2744,11.43,6.76
2,1,6.325,0.3,0.0,0.0,0.1210,0.0028,0.0095,0.2751,5.72,10.37
2,1,6.344,0.3,0.0,0.0,0.2309,0.0379,0.0094,0.2742,27.39,12.13
2,1,6.363,0.3,0.0,0.0,0.1171,0.0360,0.0097,0.2696,14.97,12.99
2,1,6.392,0.3,0.0,0.0,0.1896,0.0216,0.0108,0.2662,11.84,13.08
2,1,6.405,0.3,0.0,0.0,0.0865,0.0124,0.0111,0.2638,8.13,13.09
2,1,6.425,0.3,0.0,0.0,0.1279,0.0054,0.0111,0.2613,6.13,13.20
2,1,6.443,0.3,0.0,0.0,0.1750,0.0049,0.0103,0.2588,4.80,12.99
2,1,6.465,0.3,0.0,0.0,0.0826,0.0027,0.0089,0.2579,4.52,12.76
2,1,6.485,0.3,0.0,0.0,0.1764,0.0016,0.0079,0.2575,4.51,12.70
2,1,6.505,0.3,0.0,0.0,0.1173,-0.0013,0.0065,0.2574,4.47,12.50
2,1,6.526,0.3,0.0,0.0,0.1476,-0.0097,0.0061,0.2582,6.60,12.35
2,1,6.543,0.3,0.0,0.0,0.1048,-0.0133,0.0055,0.2603,4.05,12.33
2,1,6.564,0.3,0.0,0.0,0.1642,-0.0050,0.0053,0.2641,17.25,11.47
2,1,6.585,0.3,0.0,0.0,0.1298,0.0001,0.0056,0.2655,20.48,11.45
2,1,6.607,0.3,0.0,0.0,0.1279,0.0552,0.0093,0.2744,7.70,5.65
2,1,6.626,0.3,0.0,0.0,0.1751,0.0098,0.0098,0.2735,14.16,12.98
2,1,6.644,0.3,0.0,0.0,0.0000,-0.0078,0.0098,0.2731,14.01,13.16
2,1,6.662,0.3,0.0,0.0,0.2185,-0.0419,0.0098,0.2678,20.05,15.97
2,1,6.684,0.3,0.0,0.0,0.1820,-0.0328,0.0103,0.2664,11.42,14.27
2,1,6.705,0.3,0.0,0.0,0.1706,-0.0288,0.0117,0.2641,6.47,14.24
2,1,6.726,0.3,0.0,0.0,0.1002,-0.0213,0.0135,0.2621,6.27,14.32
2,1,6.742,0.3,0.0,0.0,0.1831,-0.0113,0.0151,0.2606,7.19,14.16
2,1,6.765,0.3,0.0,0.0,0.0899,-0.0029,0.0151,0.2596,6.67,14.17
2,1,6.785,0.3,0.0,0.0,0.2010,0.0074,0.0137,0.2588,7.60,13.48
2,1,6.804,0.3,0.0,0.0,0.2069,0.0133,0.0124,0.2582,7.27,12.67
2,1,6.827,0.3,0.0,0.0,0.1277,0.0211,0.0121,0.2582,7.66,11.94
2,1,6.842,0.3,0.0,0.0,0.2281,0.0317,0.0120,0.2596,15.80,11.77
2,1,6.865,0.3,0.0,0.0,0.2215,0.0332,0.0113,0.2646,16.84,11.04
2,1,6.885,0.3,0.0,0.0,0.1655,0.0195,0.0107,0.2689,18.71,9.31
2,1,6.905,0.3,0.0,0.0,0.1406,-0.0041,0.0103,0.2739,23.15,6.34
2,1,6.926,0.3,0.0,0.0,0.1706,-0.0177,0.0094,0.2759,10.30,7.55
2,1,6.945,0.3,0.0,0.0,0.1530,0.0236,0.0076,0.2747,23.87,13.16
2,1,6.963,0.3,0.0,0.0,0.2756,0.0588,0.0069,0.2690,32.42,14.09
2,1,6.984,0.3,0.0,0.0,0.1576,0.0374,0.0095,0.2659,9.92,13.53
2,1,7.006,0.3,0.0,0.0,0.1092,0.0242,0.0108,0.2640,11.32,13.25
2,1,7.025,0.3,0.0,0.0,0.1824,0.0085,0.0115,0.2596,4.01,13.06
2,1,7.043,0.3,0.0,0.0,0.1811,0.0064,0.0112,0.2586,4.91,13.02
2,1,7.063,0.3,0.0,0.0,0.0997,0.0041,0.0103,0.2574,4.92,12.78
2,1,7.084,0.3,0.0,0.0,0.2298,0.0022,0.0095,0.2571,5.05,12.45
2,1,7.104,0.3,0.0,0.0,0.1363,-0.0006,0.0096,0.2572,5.34,12.18
2,1,7.125,0.3,0.0,0.0,0.1943,-0.0062,0.0099,0.2582,8.19,11.88
2,1,7.143,0.3,0.0,0.0,0.1432,-0.0072,0.0093,0.2622,7.92,11.60
2,1,7.163,0.3,0.0,0.0,0.1553,0.0023,0.0079,0.2669,8.99,11.35
2,1,7.182,0.3,0.0,0.0,0.1545,0.0213,0.0068,0.2706,19.16,10.00
2,1,7.206,0.3,0.0,0.0,0.2397,0.0663,0.0047,0.2748,5.83,7.60
2,1,7.224,0.3,0.0,0.0,0.1229,0.0263,0.0034,0.2744,8.61,10.26
2,1,7.244,0.3,0.0,0.0,0.1182,-0.0073,0.0033,0.2737,11.06,10.54
2,1,7.262,0.3,0.0,0.0,0.1680,-0.0281,0.0069,0.2688,15.61,14.01
2,1,7.284,0.3,0.0,0.0,0.1799,-0.0210,0.0087,0.2676,7.91,13.36
2,1,7.308,0.3,0.0,0.0,0.0601,-0.0249,0.0113,0.2652,4.84,13.31
2,1,7.323,0.3,0.0,0.0,0.2819,-0.0117,0.0131,0.2629,7.08,13.69
2,1,7.342,0.3,0.0,0.0,0.1727,-0.0044,0.0128,0.2616,5.75,13.81
2,1,7.362,0.3,0.0,0.0,0.0989,0.0073,0.0113,0.2602,6.38,13.27
2,1,7.385,0.3,0.0,0.0,0.1911,0.0086,0.0106,0.2598,5.83,12.96
2,1,7.405,0.3,0.0,0.0,0.1706,0.0097,0.0101,0.2594,6.36,12.85
2,1,7.426,0.3,0.0,0.0,0.0980,0.0199,0.0103,0.2596,7.91,11.80
2,1,7.444,0.3,0.0,0.0,0.2687,0.0293,0.0103,0.2621,14.11,11.63
2,1,7.462,0.3,0.0,0.0,0.1678,0.0205,0.0094,0.2663,18.71,11.20
2,1,7.486,0.3,0.0,0.0,0.2181,0.0081,0.0086,0.2712,34.01,8.90
2,1,7.504,0.3,0.0,0.0,0.1581,-0.0136,0.0083,0.2760,7.65,6.06
2,1,7.524,0.3,0.0,0.0,0.2204,-0.0249,0.0083,0.2759,7.96,8.02
2,1,7.545,0.3,0.0,0.0,0.1071,0.0402,0.0077,0.2733,33.64,13.42
2,1,7.563,0.3,0.0,0.0,0.2137,0.0495,0.0080,0.2705,18.17,13.28
2,1,7.585,0.3,0.0,0.0,0.1496,0.0265,0.0106,0.2660,12.08,13.11
2,1,7.603,0.3,0.0,0.0,0.1320,0.0143,0.0116,0.2628,5.48,13.26
2,1,7.624,0.3,0.0,0.0,0.1306,0.0094,0.0116,0.2609,6.13,13.26
2,1,7.644,0.3,0.0,0.0,0.1371,0.0087,0.0108,0.2581,3.70,13.02
2,1,7.665,0.3,0.0,0.0,0.1321,0.0061,0.0102,0.2575,4.25,12.74
2,1,7.684,0.3,0.0,0.0,0.1390,0.0045,0.0094,0.2572,4.43,12.52
2,1,7.703,0.3,0.0,0.0,0.1673,0.0012,0.0090,0.2571,5.39,12.39
2,1,7.723,0.3,0.0,0.0,0.1320,-0.0086,0.0087,0.2587,7.90,12.24
2,1,7.744,0.3,0.0,0.0,0.1817,-0.0063,0.0076,0.2619,8.46,11.94
2,1,7.763,0.3,0.0,0.0,0.1428,0.0082,0.0057,0.2659,23.16,11.41
2,1,7.786,0.3,0.0,0.0,0.1445,0.0398,0.0043,0.2718,28.66,9.56
2,1,7.806,0.3,0.0,0.0,0.1836,0.0572,0.0038,0.2747,7.01,7.31
2,1,7.829,0.3,0.0,0.0,0.1293,0.0019,0.0033,0.2739,10.04,11.07
2,1,7.843,0.3,0.0,0.0,0.2060,-0.0222,0.0034,0.2733,9.09,11.08
2,1,7.863,0.3,0.0,0.0,0.1489,-0.0368,0.0073,0.2686,17.28,14.27
2,1,7.885,0.3,0.0,0.0,0.1750,-0.0255,0.0092,0.2671,8.44,13.57
2,1,7.906,0.3,0.0,0.0,0.1282,-0.0181,0.0114,0.2638,6.88,14.02
2,1,7.924,0.3,0.0,0.0,0.1600,-0.0002,0.0108,0.2620,7.38,13.65
2,1,7.943,0.3,0.0,0.0,0.1124,0.0051,0.0100,0.2608,7.27,13.49
2,1,7.963,0.3,0.0,0.0,0.2041,0.0063,0.0091,0.2597,5.97,13.11
2,1,7.984,0.3,0.0,0.0,0.1426,0.0079,0.0089,0.2591,6.85,12.67
2,1,8.003,0.3,0.0,0.0,0.1341,0.0109,0.0096,0.2588,7.33,12.23
2,1,8.025,0.3,0.0,0.0,0.1590,0.0169,0.0105,0.2589,7.55,11.93
2,1,8.045,0.3,0.0,0.0,0.1154,0.0260,0.0104,0.2611,30.97,11.77
2,1,8.063,0.3,0.0,0.0,0.2196,0.0213,0.0092,0.2664,13.88,11.28
2,1,8.084,0.3,0.0,0.0,0.2152,0.0207,0.0082,0.2702,19.62,9.19
2,1,8.104,0.3,0.0,0.0,0.1546,-0.0040,0.0078,0.2754,9.06,6.29
2,1,8.124,0.3,0.0,0.0,0.1537,0.0114,0.0079,0.2754,7.75,11.29
2,1,8.143,0.3,0.0,0.0,0.2149,0.0449,0.0059,0.2727,24.58,13.05
2,1,8.164,0.3,0.0,0.0,0.2101,0.0404,0.0068,0.2692,11.36,13.16
2,1,8.183,0.3,0.0,0.0,0.1414,0.0155,0.0090,0.2650,10.15,13.35
2,1,8.204,0.3,0.0,0.0,0.2169,0.0053,0.0094,0.2615,9.92,13.50
2,1,8.223,0.3,0.0,0.0,0.1320,0.0040,0.0091,0.2586,4.39,13.33
2,1,8.243,0.3,0.0,0.0,0.0920,0.0054,0.0088,0.2577,3.25,13.00
2,1,8.263,0.3,0.0,0.0,0.2227,0.0045,0.0083,0.2569,4.18,12.60
2,1,8.284,0.3,0.0,0.0,0.1695,0.0025,0.0082,0.2566,4.58,12.38
2,1,8.303,0.3,0.0,0.0,0.1311,0.0016,0.0088,0.2568,5.79,12.27
2,1,8.325,0.3,0.0,0.0,0.1769,-0.0059,0.0092,0.2583,5.98,12.14
2,1,8.344,0.3,0.0,0.0,0.1406,-0.0048,0.0083,0.2609,10.44,11.75
2,1,8.362,0.3,0.0,0.0,0.0967,0.0021,0.0062,0.2657,25.49,11.39
2,1,8.385,0.3,0.0,0.0,0.2291,0.0223,0.0053,0.2696,12.01,9.81
2,1,8.403,0.3,0.0,0.0,0.1770,0.0617,0.0041,0.2739,8.45,7.59
2,1,8.422,0.3,0.0,0.0,0.1355,0.0242,0.0043,0.2736,6.23,7.60
2,1,8.441,0.3,0.0,0.0,0.1776,-0.0308,0.0055,0.2707,14.78,14.14
2,1,8.464,0.3,0.0,0.0,0.1570,-0.0246,0.0077,0.2670,8.01,13.57
2,1,8.484,0.3,0.0,0.0,0.1247,-0.0230,0.0090,0.2646,5.66,13.99
2,1,8.506,0.3,0.0,0.0,0.0915,-0.0179,0.0095,0.2628,4.89,13.83
2,1,8.526,0.3,0.0,0.0,0.1672,-0.0116,0.0091,0.2616,5.83,13.75
2,1,8.544,0.3,0.0,0.0,0.1685,-0.0054,0.0088,0.2606,5.55,13.57
2,1,8.564,0.3,0.0,0.0,0.1785,0.0003,0.0093,0.2595,6.43,13.27
2,1,8.585,0.3,0.0,0.0,0.1400,0.0019,0.0102,0.2589,6.39,13.02
2,1,8.603,0.3,0.0,0.0,0.0894,0.0067,0.0106,0.2588,7.61,12.77
2,1,8.621,0.3,0.0,0.0,0.1985,0.0121,0.0103,0.2591,6.39,12.29
2,1,8.641,0.3,0.0,0.0,0.1929,0.0193,0.0091,0.2615,17.32,11.90
2,1,8.661,0.3,0.0,0.0,0.1497,0.0184,0.0077,0.2672,9.11,11.32
2,1,8.685,0.3,0.0,0.0,0.1585,0.0024,0.0070,0.2711,16.49,9.82
2,1,8.704,0.3,0.0,0.0,0.2012,-0.0233,0.0070,0.2752,16.90,6.97
2,1,8.724,0.3,0.0,0.0,0.1566,0.0002,0.0063,0.2750,16.68,9.33
2,1,8.742,0.3,0.0,0.0,0.2285,0.0280,0.0047,0.2728,35.44,14.18
2,1,8.763,0.3,0.0,0.0,0.1595,0.0327,0.0063,0.2682,13.99,13.70
2,1,8.783,0.3,0.0,0.0,0.1924,0.0248,0.0084,0.2652,16.31,13.39
2,1,8.803,0.3,0.0,0.0,0.1292,0.0118,0.0095,0.2617,11.10,13.43
2,1,8.824,0.3,0.0,0.0,0.0884,0.0040,0.0097,0.2601,5.32,13.45
2,1,8.842,0.3,0.0,0.0,0.1939,0.0098,0.0094,0.2574,4.18,13.29
2,1,8.864,0.3,0.0,0.0,0.1796,0.0085,0.0095,0.2565,4.66,13.10
2,1,8.883,0.3,0.0,0.0,0.0889,0.0069,0.0102,0.2562,4.92,12.96
2,1,8.902,0.3,0.0,0.0,0.1672,0.0055,0.0107,0.2565,5.30,12.63
2,1,8.925,0.3,0.0,0.0,0.1328,-0.0047,0.0108,0.2574,8.08,12.22
2,1,8.943,0.3,0.0,0.0,0.0888,-0.0110,0.0106,0.2589,5.65,12.24
2,1,8.963,0.3,0.0,0.0,0.2662,-0.0063,0.0092,0.2632,18.67,11.72
2,1,8.985,0.3,0.0,0.0,0.1438,0.0453,0.0053,0.2705,12.13,10.34
2,1,9.005,0.3,0.0,0.0,0.1479,0.0602,0.0048,0.2718,12.28,10.34
2,2,9.030,0.6,0.0,0.0,0.1915,0.0224,0.0025,0.2730,7.48,10.98
2,2,9.044,0.6,0.0,0.0,0.2836,-0.0225,0.0010,0.2721,17.35,16.49
2,2,9.064,0.6,0.0,0.0,0.1373,-0.0347,0.0017,0.2683,55.50,17.42
2,2,9.085,0.6,0.0,0.0,0.1416,-0.0082,0.0043,0.2637,25.55,16.87
2,2,9.104,0.6,0.0,0.0,0.1971,-0.0138,0.0074,0.2607,24.67,16.70
2,2,9.124,0.6,0.0,0.0,0.2063,-0.0192,0.0099,0.2564,29.89,17.20
2,2,9.142,0.6,0.0,0.0,0.1949,-0.0089,0.0102,0.2541,14.55,16.55
2,2,9.165,0.6,0.0,0.0,0.2101,-0.0064,0.0091,0.2520,12.49,15.69
2,2,9.185,0.6,0.0,0.0,0.2066,0.0013,0.0085,0.2512,12.04,15.46
2,2,9.204,0.6,0.0,0.0,0.3215,0.0213,0.0091,0.2505,12.94,13.75
2,2,9.223,0.6,0.0,0.0,0.2352,0.0425,0.0102,0.2506,15.78,13.18
2,2,9.245,0.6,0.0,0.0,0.3250,0.0558,0.0111,0.2535,62.34,12.85
2,2,9.264,0.6,0.0,0.0,0.2682,0.0440,0.0137,0.2605,20.61,12.73
2,2,9.286,0.6,0.0,0.0,0.3498,0.0574,0.0183,0.2647,49.43,11.24
2,2,9.303,0.6,0.0,0.0,0.1804,0.0114,0.0250,0.2718,34.67,8.72
2,2,9.322,0.6,0.0,0.0,0.3856,0.0342,0.0296,0.2753,27.12,12.77
2,2,9.342,0.6,0.0,0.0,0.4112,0.0868,0.0254,0.2753,28.76,18.69
2,2,9.363,0.6,0.0,0.0,0.2002,0.0953,0.0150,0.2684,53.65,16.68
2,2,9.384,0.6,0.0,0.0,0.3955,0.0662,0.0111,0.2654,30.59,15.75
2,2,9.403,0.6,0.0,0.0,0.3773,0.0514,0.0095,0.2606,14.29,16.00
2,2,9.423,0.6,0.0,0.0,0.2651,0.0365,0.0106,0.2565,11.57,16.32
2,2,9.443,0.6,0.0,0.0,0.4909,0.0299,0.0103,0.2546,11.34,15.76
2,2,9.466,0.6,0.0,0.0,0.3283,0.0172,0.0095,0.2524,12.82,14.43
2,2,9.486,0.6,0.0,0.0,0.3130,0.0109,0.0095,0.2523,15.42,13.45
2,2,9.506,0.6,0.0,0.0,0.3629,0.0033,0.0103,0.2527,14.91,12.65
2,2,9.524,0.6,0.0,0.0,0.2860,-0.0047,0.0113,0.2535,19.05,12.39
2,2,9.542,0.6,0.0,0.0,0.3461,-0.0120,0.0117,0.2564,43.84,12.34
2,2,9.564,0.6,0.0,0.0,0.4951,0.0053,0.0097,0.2624,41.63,12.08
2,2,9.586,0.6,0.0,0.0,0.3719,0.0232,0.0073,0.2681,34.28,10.96
2,2,9.603,0.6,0.0,0.0,0.4979,0.0715,0.0067,0.2762,22.17,6.86
2,2,9.623,0.6,0.0,0.0,0.4090,0.0723,0.0079,0.2783,22.21,9.33
2,2,9.643,0.6,0.0,0.0,0.5065,-0.0027,0.0095,0.2761,81.08,14.86
2,2,9.663,0.6,0.0,0.0,0.4970,-0.0449,0.0115,0.2697,41.50,15.15
2,2,9.684,0.6,0.0,0.0,0.4819,-0.0616,0.0135,0.2658,35.44,14.92
2,2,9.704,0.6,0.0,0.0,0.3174,-0.0568,0.0136,0.2606,20.36,14.71
2,2,9.724,0.6,0.0,0.0,0.3686,-0.0498,0.0112,0.2574,15.40,13.51
2,2,9.743,0.6,0.0,0.0,0.5285,-0.0260,0.0084,0.2537,22.21,12.38
2,2,9.766,0.6,0.0,0.0,0.3737,0.0027,0.0067,0.2510,19.92,11.34
2,2,9.785,0.6,0.0,0.0,0.5189,0.0208,0.0067,0.2507,20.44,11.38
2,2,9.803,0.6,0.0,0.0,0.3727,0.0331,0.0078,0.2509,21.65,11.54
2,2,9.824,0.6,0.0,0.0,0.5402,0.0500,0.0101,0.2527,33.54,11.55
2,2,9.843,0.6,0.0,0.0,0.4003,0.0622,0.0112,0.2589,37.86,11.15
2,2,9.864,0.6,0.0,0.0,0.5612,0.0691,0.0126,0.2662,42.02,10.74
2,2,9.884,0.6,0.0,0.0,0.5441,0.0838,0.0141,0.2716,32.02,8.68
2,2,9.905,0.6,0.0,0.0,0.4067,0.0374,0.0166,0.2765,47.57,5.51
2,2,9.924,0.6,0.0,0.0,0.4200,-0.0176,0.0140,0.2789,35.92,12.71
2,2,9.943,0.6,0.0,0.0,0.4961,0.0205,0.0111,0.2739,57.65,12.76
2,2,9.964,0.6,0.0,0.0,0.4581,0.0202,0.0121,0.2696,24.56,13.58
2,2,9.983,0.6,0.0,0.0,0.4771,0.0278,0.0130,0.2659,25.46,13.07
2,2,10.006,0.6,0.0,0.0,0.3060,0.0124,0.0131,0.2599,16.70,12.85
2,2,10.025,0.6,0.0,0.0,0.3263,0.0099,0.0125,0.2570,11.70,12.65
2,2,10.043,0.6,0.0,0.0,0.3240,0.0096,0.0113,0.2546,13.03,12.42
2,2,10.064,0.6,0.0,0.0,0.5080,0.0036,0.0104,0.2530,12.86,11.97
2,2,10.084,0.6,0.0,0.0,0.2225,-0.0005,0.0102,0.2527,12.48,11.83
2,2,10.102,0.6,0.0,0.0,0.4335,-0.0050,0.0101,0.2532,14.54,11.98
2,2,10.124,0.6,0.0,0.0,0.2973,-0.0173,0.0098,0.2545,18.38,12.04
2,2,10.145,0.6,0.0,0.0,0.6373,-0.0244,0.0092,0.2574,49.32,12.21
2,2,10.165,0.6,0.0,0.0,0.3624,-0.0013,0.0087,0.2643,35.83,11.33
2,2,10.191,0.6,0.0,0.0,0.3282,0.0161,0.0099,0.2710,33.81,9.45
2,2,10.205,0.6,0.0,0.0,0.7598,0.0567,0.0103,0.2772,25.40,7.75
2,2,10.223,0.6,0.0,0.0,0.3906,0.0645,0.0097,0.2797,20.06,5.20
2,2,10.245,0.6,0.0,0.0,0.5261,-0.0040,0.0095,0.2776,85.82,13.78
2,2,10.266,0.6,0.0,0.0,0.3683,-0.0347,0.0122,0.2720,47.51,15.85
2,2,10.285,0.6,0.0,0.0,0.4941,-0.0366,0.0154,0.2681,34.67,14.42
2,2,10.306,0.6,0.0,0.0,0.3581,-0.0647,0.0183,0.2625,23.04,14.77
2,2,10.324,0.6,0.0,0.0,0.4860,-0.0475,0.0168,0.2579,14.05,13.98
2,2,10.342,0.6,0.0,0.0,0.5049,-0.0296,0.0132,0.2537,18.26,13.27
2,2,10.364,0.6,0.0,0.0,0.3726,-0.0154,0.0111,0.2519,15.17,11.97
2,2,10.387,0.6,0.0,0.0,0.2487,0.0003,0.0102,0.2512,16.04,11.59
2,2,10.405,0.6,0.0,0.0,0.4947,0.0138,0.0110,0.2509,16.94,11.51
2,2,10.424,0.6,0.0,0.0,0.4989,0.0358,0.0126,0.2521,29.59,11.55
2,2,10.443,0.6,0.0,0.0,0.5521,0.0481,0.0129,0.2582,22.78,11.29
2,2,10.464,0.6,0.0,0.0,0.3987,0.0610,0.0129,0.2638,49.99,11.55
2,2,10.484,0.6,0.0,0.0,0.5476,0.0765,0.0131,0.2679,52.18,9.78
2,2,10.503,0.6,0.0,0.0,0.4014,0.0365,0.0141,0.2752,30.09,7.77
2,2,10.523,0.6,0.0,0.0,0.5390,0.0002,0.0152,0.2791,26.87,11.28
2,2,10.543,0.6,0.0,0.0,0.3816,0.0604,0.0155,0.2752,78.83,12.86
2,2,10.564,0.6,0.0,0.0,0.4485,0.0482,0.0150,0.2710,35.61,13.98
2,2,10.589,0.6,0.0,0.0,0.3171,0.0224,0.0137,0.2642,34.01,13.08
2,2,10.608,0.6,0.0,0.0,0.7062,0.0156,0.0124,0.2595,23.32,13.97
2,2,10.625,0.6,0.0,0.0,0.3059,0.0156,0.0118,0.2572,13.89,13.71
2,2,10.644,0.6,0.0,0.0,0.3315,0.0101,0.0117,0.2543,12.32,12.60
2,2,10.666,0.6,0.0,0.0,0.4276,0.0019,0.0117,0.2528,12.93,11.67
2,2,10.683,0.6,0.0,0.0,0.2231,0.0019,0.0116,0.2528,12.93,11.67
2,2,10.709,0.6,0.0,0.0,0.2767,-0.0186,0.0094,0.2536,14.63,11.51
2,2,10.724,0.6,0.0,0.0,0.4101,-0.0234,0.0083,0.2541,17.96,11.83
2,2,10.743,0.6,0.0,0.0,0.4453,-0.0282,0.0078,0.2570,50.77,11.79
2,2,10.761,0.6,0.0,0.0,0.3900,-0.0131,0.0090,0.2624,22.97,11.71
2,2,10.786,0.6,0.0,0.0,0.3720,0.0049,0.0120,0.2674,54.89,11.25
2,2,10.805,0.6,0.0,0.0,0.2593,0.0381,0.0128,0.2744,34.96,8.89
2,2,10.823,0.6,0.0,0.0,0.4420,0.0611,0.0105,0.2791,17.46,5.35
2,2,10.844,0.6,0.0,0.0,0.3963,0.0126,0.0081,0.2774,76.38,14.40
2,2,10.866,0.6,0.0,0.0,0.3628,-0.0331,0.0093,0.2720,54.07,16.72
2,2,10.882,0.6,0.0,0.0,0.3570,-0.0494,0.0150,0.2668,40.44,15.40
2,2,10.904,0.6,0.0,0.0,0.4579,-0.0639,0.0176,0.2620,29.51,15.05
2,2,10.925,0.6,0.0,0.0,0.4392,-0.0488,0.0161,0.2582,21.78,14.32
2,2,10.943,0.6,0.0,0.0,0.3302,-0.0440,0.0126,0.2556,21.05,13.94
2,2,10.963,0.6,0.0,0.0,0.4271,-0.0207,0.0079,0.2519,14.90,12.31
2,2,10.984,0.6,0.0,0.0,0.2424,-0.0071,0.0062,0.2512,17.13,11.93
2,2,11.003,0.6,0.0,0.0,0.5055,0.0109,0.0054,0.2509,18.01,11.40
2,2,11.026,0.6,0.0,0.0,0.3703,0.0431,0.0067,0.2510,21.94,11.76
2,2,11.045,0.6,0.0,0.0,0.5673,0.0576,0.0076,0.2541,60.79,12.39
2,2,11.065,0.6,0.0,0.0,0.3919,0.0497,0.0063,0.2610,28.20,12.12
2,2,11.085,0.6,0.0,0.0,0.4104,0.0731,0.0048,0.2686,34.65,10.14
2,2,11.103,0.6,0.0,0.0,0.3778,0.0417,0.0047,0.2738,37.14,9.07
2,2,11.123,0.6,0.0,0.0,0.3887,0.0031,0.0053,0.2783,48.43,8.69
2,2,11.143,0.6,0.0,0.0,0.5334,0.0265,0.0060,0.2782,41.13,12.06
2,2,11.176,0.6,0.0,0.0,0.3846,0.0971,0.0061,0.2725,48.42,14.09
2,2,11.183,0.6,0.0,0.0,0.5704,0.1043,0.0099,0.2667,34.12,13.49
2,2,11.205,0.6,0.0,0.0,0.4887,0.0858,0.0115,0.2628,18.28,13.16
2,2,11.226,0.6,0.0,0.0,0.3387,0.0662,0.0110,0.2573,16.58,13.36
2,2,11.243,0.6,0.0,0.0,0.4596,0.0417,0.0102,0.2542,11.27,13.28
2,2,11.264,0.6,0.0,0.0,0.3529,0.0166,0.0094,0.2516,14.16,12.20
2,2,11.285,0.6,0.0,0.0,0.3283,0.0074,0.0095,0.2515,16.48,12.32
2,2,11.304,0.6,0.0,0.0,0.3100,-0.0005,0.0095,0.2520,16.32,12.35
2,2,11.323,0.6,0.0,0.0,0.4694,-0.0064,0.0093,0.2530,21.95,12.29
2,2,11.346,0.6,0.0,0.0,0.3610,-0.0187,0.0082,0.2585,33.14,11.76
2,2,11.363,0.6,0.0,0.0,0.4650,-0.0147,0.0077,0.2617,47.37,11.13
2,2,11.384,0.6,0.0,0.0,0.3708,-0.0015,0.0075,0.2655,51.15,10.41
2,2,11.408,0.6,0.0,0.0,0.3471,0.0250,0.0084,0.2727,28.99,10.19
2,2,11.423,0.6,0.0,0.0,0.4082,0.0709,0.0080,0.2783,22.32,6.70
2,2,11.445,0.6,0.0,0.0,0.3350,0.0329,0.0067,0.2784,45.58,12.90
2,2,11.463,0.6,0.0,0.0,0.5069,-0.0376,0.0087,0.2735,62.62,16.63
2,2,11.485,0.6,0.0,0.0,0.3771,-0.0616,0.0138,0.2668,52.76,15.17
2,2,11.506,0.6,0.0,0.0,0.4311,-0.0808,0.0158,0.2633,22.70,15.16
2,2,11.526,0.6,0.0,0.0,0.3955,-0.0412,0.0151,0.2582,13.96,14.08
2,2,11.543,0.6,0.0,0.0,0.5046,-0.0395,0.0113,0.2536,24.12,13.56
2,2,11.565,0.6,0.0,0.0,0.3810,-0.0148,0.0077,0.2511,17.91,11.92
2,2,11.589,0.6,0.0,0.0,0.3482,0.0066,0.0064,0.2501,19.21,11.30
2,2,11.605,0.6,0.0,0.0,0.8039,0.0167,0.0065,0.2498,19.03,11.57
2,2,11.622,0.6,0.0,0.0,0.4781,0.0315,0.0068,0.2503,20.68,11.26
2,2,11.643,0.6,0.0,0.0,0.4179,0.0517,0.0074,0.2546,60.53,11.73
2,2,11.665,0.6,0.0,0.0,0.4232,0.0603,0.0073,0.2627,48.93,11.66
2,2,11.690,0.6,0.0,0.0,0.3481,0.0715,0.0076,0.2693,34.43,9.28
2,2,11.703,0.6,0.0,0.0,0.7512,0.0452,0.0081,0.2740,47.42,9.12
2,2,11.725,0.6,0.0,0.0,0.4071,0.0136,0.0089,0.2789,18.72,6.82
2,2,11.743,0.6,0.0,0.0,0.4077,0.0578,0.0090,0.2769,95.93,11.69
2,2,11.764,0.6,0.0,0.0,0.4937,0.0692,0.0098,0.2699,99.52,13.50
2,2,11.785,0.6,0.0,0.0,0.3634,0.0538,0.0107,0.2668,34.42,13.59
2,2,11.805,0.6,0.0,0.0,0.3009,0.0467,0.0112,0.2613,19.39,14.02
2,2,11.824,0.6,0.0,0.0,0.3060,0.0403,0.0107,0.2582,24.63,14.06
2,2,11.842,0.6,0.0,0.0,0.4275,0.0283,0.0097,0.2548,10.67,13.43
2,2,11.866,0.6,0.0,0.0,0.3470,0.0184,0.0085,0.2527,13.58,12.68
2,2,11.886,0.6,0.0,0.0,0.4683,0.0123,0.0080,0.2521,15.77,12.55
2,2,11.909,0.6,0.0,0.0,0.3466,-0.0042,0.0079,0.2518,15.84,11.89
2,2,11.927,0.6,0.0,0.0,0.2441,-0.0116,0.0082,0.2530,20.49,12.26
2,2,11.943,0.6,0.0,0.0,0.4848,-0.0120,0.0082,0.2554,20.05,11.71
2,2,11.966,0.6,0.0,0.0,0.5292,-0.0138,0.0077,0.2608,60.50,11.46
2,2,11.986,0.6,0.0,0.0,0.3598,0.0114,0.0091,0.2680,32.69,10.34
2,2,12.009,0.6,0.0,0.0,0.2927,0.0551,0.0110,0.2752,24.16,7.26
2,2,12.024,0.6,0.0,0.0,0.5483,0.0688,0.0107,0.2771,25.45,7.19
2,2,12.043,0.6,0.0,0.0,0.4071,0.0284,0.0089,0.2773,81.14,14.17
2,2,12.064,0.6,0.0,0.0,0.4977,-0.0140,0.0102,0.2733,71.88,17.01
2,2,12.085,0.6,0.0,0.0,0.3885,-0.0292,0.0140,0.2682,40.50,15.58
2,2,12.111,0.6,0.0,0.0,0.3183,-0.0776,0.0191,0.2625,24.65,15.43
2,2,12.125,0.6,0.0,0.0,0.4837,-0.0609,0.0197,0.2586,14.96,15.11
2,2,12.143,0.6,0.0,0.0,0.5068,-0.0502,0.0172,0.2543,14.76,13.84
2,2,12.164,0.6,0.0,0.0,0.4030,-0.0352,0.0148,0.2519,16.43,12.57
2,2,12.186,0.6,0.0,0.0,0.3991,-0.0156,0.0129,0.2504,17.85,12.38
2,2,12.206,0.6,0.0,0.0,0.3718,0.0042,0.0123,0.2499,18.78,11.81
2,2,12.224,0.6,0.0,0.0,0.5133,0.0291,0.0128,0.2506,24.02,11.72
2,2,12.244,0.6,0.0,0.0,0.4239,0.0500,0.0141,0.2543,33.48,11.57
2,2,12.263,0.6,0.0,0.0,0.5575,0.0583,0.0146,0.2589,38.47,10.87
2,2,12.284,0.6,0.0,0.0,0.4298,0.0790,0.0153,0.2660,49.00,9.90
2,2,12.307,0.6,0.0,0.0,0.4448,0.0557,0.0165,0.2730,37.43,9.49
2,2,12.323,0.6,0.0,0.0,0.5584,-0.0143,0.0172,0.2775,27.01,7.38
2,2,12.344,0.6,0.0,0.0,0.5356,0.0085,0.0121,0.2766,88.73,11.84
2,2,12.363,0.6,0.0,0.0,0.3705,0.0466,0.0088,0.2711,68.26,14.42
2,2,12.390,0.6,0.0,0.0,0.3339,0.0616,0.0108,0.2641,27.39,14.44
2,2,12.404,0.6,0.0,0.0,0.5214,0.0651,0.0115,0.2625,23.60,14.28
2,2,12.422,0.6,0.0,0.0,0.3630,0.0473,0.0127,0.2572,14.68,13.17
2,2,12.443,0.6,0.0,0.0,0.4668,0.0299,0.0106,0.2539,14.43,12.69
2,2,12.462,0.6,0.0,0.0,0.3488,0.0164,0.0084,0.2520,15.30,12.74
2,2,12.484,0.6,0.0,0.0,0.4562,0.0108,0.0077,0.2514,15.22,12.27
2,2,12.502,0.6,0.0,0.0,0.4541,-0.0028,0.0083,0.2517,16.58,12.04
2,2,12.523,0.6,0.0,0.0,0.2343,-0.0129,0.0087,0.2529,21.96,12.54
2,2,12.543,0.6,0.0,0.0,0.6394,-0.0205,0.0074,0.2578,26.55,11.66
2,2,12.564,0.6,0.0,0.0,0.3667,-0.0110,0.0060,0.2631,55.46,10.85
2,2,12.586,0.6,0.0,0.0,0.4894,0.0019,0.0066,0.2676,44.94,9.51
2,2,12.603,0.6,0.0,0.0,0.5407,0.0546,0.0078,0.2759,24.52,7.45
2,2,12.623,0.6,0.0,0.0,0.4107,0.0543,0.0069,0.2780,26.18,5.79
2,2,12.643,0.6,0.0,0.0,0.3826,-0.0181,0.0070,0.2759,82.26,14.04
2,2,12.663,0.6,0.0,0.0,0.5008,-0.0615,0.0093,0.2704,55.26,15.89
2,2,12.686,0.6,0.0,0.0,0.3581,-0.0554,0.0110,0.2665,41.17,14.22
2,2,12.705,0.6,0.0,0.0,0.3486,-0.0687,0.0118,0.2637,40.65,14.22
2,2,12.723,0.6,0.0,0.0,0.4100,-0.0571,0.0123,0.2571,32.36,14.34
2,2,12.744,0.6,0.0,0.0,0.3805,-0.0364,0.0098,0.2531,14.28,13.82
2,2,12.765,0.6,0.0,0.0,0.2248,-0.0204,0.0079,0.2505,18.41,12.63
2,2,12.785,0.6,0.0,0.0,0.6243,-0.0098,0.0067,0.2500,16.92,11.95
2,2,12.804,0.6,0.0,0.0,0.3394,0.0072,0.0058,0.2494,18.31,11.74
2,2,12.824,0.6,0.0,0.0,0.3871,0.0338,0.0065,0.2504,38.10,12.01
2,2,12.843,0.6,0.0,0.0,0.5268,0.0491,0.0078,0.2551,24.16,12.08
2,2,12.863,0.6,0.0,0.0,0.3924,0.0675,0.0082,0.2605,43.48,11.30
2,2,12.886,0.6,0.0,0.0,0.4113,0.0656,0.0087,0.2651,72.66,10.12
2,2,12.904,0.6,0.0,0.0,0.5423,0.0388,0.0099,0.2737,79.00,9.44
2,2,12.923,0.6,0.0,0.0,0.5179,-0.0162,0.0101,0.2785,29.01,7.05
2,2,12.943,0.6,0.0,0.0,0.4034,0.0314,0.0089,0.2773,83.24,11.90
2,2,12.963,0.6,0.0,0.0,0.3681,0.0489,0.0063,0.2723,54.62,14.74
2,2,12.985,0.6,0.0,0.0,0.4869,0.0524,0.0065,0.2683,46.26,14.84
2,2,13.004,0.6,0.0,0.0,0.2816,0.0484,0.0080,0.2632,22.44,14.50
2,2,13.025,0.6,0.0,0.0,0.3186,0.0325,0.0092,0.2592,14.88,13.72
2,2,13.043,0.6,0.0,0.0,0.3711,0.0160,0.0090,0.2550,11.91,12.98
2,2,13.062,0.6,0.0,0.0,0.4363,0.0094,0.0075,0.2532,11.67,12.70
2,2,13.084,0.6,0.0,0.0,0.3571,0.0042,0.0062,0.2522,14.21,12.46
2,2,13.104,0.6,0.0,0.0,0.4484,-0.0029,0.0065,0.2521,15.96,12.08
2,2,13.123,0.6,0.0,0.0,0.2480,-0.0112,0.0070,0.2533,20.52,12.37
2,2,13.142,0.6,0.0,0.0,0.5191,-0.0125,0.0068,0.2557,27.79,12.10
2,2,13.163,0.6,0.0,0.0,0.3630,-0.0087,0.0066,0.2609,34.99,11.38
2,2,13.183,0.6,0.0,0.0,0.4912,-0.0024,0.0083,0.2670,52.50,10.38
2,2,13.204,0.6,0.0,0.0,0.3390,0.0417,0.0101,0.2740,40.24,8.50
2,2,13.225,0.6,0.0,0.0,0.2603,0.0832,0.0102,0.2778,21.03,8.20
2,2,13.242,0.6,0.0,0.0,0.6609,0.0535,0.0092,0.2784,34.61,12.52
2,2,13.263,0.6,0.0,0.0,0.3914,-0.0272,0.0120,0.2707,48.85,17.29
2,2,13.283,0.6,0.0,0.0,0.3650,-0.0492,0.0139,0.2684,61.08,16.09
2,2,13.303,0.6,0.0,0.0,0.5784,-0.0779,0.0181,0.2612,50.69,15.64
2,2,13.324,0.6,0.0,0.0,0.3588,-0.0553,0.0171,0.2558,21.96,14.50
2,2,13.342,0.6,0.0,0.0,0.4403,-0.0475,0.0157,0.2533,18.07,13.87
2,2,13.363,0.6,0.0,0.0,0.4754,-0.0257,0.0122,0.2509,16.63,12.49
2,2,13.384,0.6,0.0,0.0,0.4014,-0.0085,0.0107,0.2495,18.48,11.88
2,2,13.406,0.6,0.0,0.0,0.3726,0.0105,0.0105,0.2492,19.08,11.98
2,2,13.425,0.6,0.0,0.0,0.5570,0.0345,0.0116,0.2508,28.82,11.69
2,2,13.443,0.6,0.0,0.0,0.5530,0.0510,0.0127,0.2549,41.07,11.99
2,2,13.464,0.6,0.0,0.0,0.3938,0.0664,0.0130,0.2617,45.56,10.75
2,2,13.483,0.6,0.0,0.0,0.5651,0.0742,0.0132,0.2660,48.27,10.03
2,2,13.504,0.6,0.0,0.0,0.4076,0.0399,0.0148,0.2747,25.71,7.42
2,2,13.524,0.6,0.0,0.0,0.2710,-0.0032,0.0150,0.2769,27.14,7.23
2,2,13.542,0.6,0.0,0.0,0.5695,-0.0062,0.0127,0.2777,34.40,12.68
2,2,13.563,0.6,0.0,0.0,0.5046,0.0334,0.0055,0.2698,58.70,15.64
2,2,13.583,0.6,0.0,0.0,0.2469,0.0714,0.0063,0.2655,31.69,15.66
2,2,13.609,0.6,0.0,0.0,0.4204,0.0748,0.0089,0.2601,40.70,14.07
2,2,13.623,0.6,0.0,0.0,0.3574,0.0481,0.0104,0.2566,15.52,13.90
2,2,13.645,0.6,0.0,0.0,0.2377,0.0377,0.0108,0.2545,14.19,13.05
2,2,13.663,0.6,0.0,0.0,0.6137,0.0217,0.0091,0.2520,13.14,12.56
2,2,13.684,0.6,0.0,0.0,0.3371,0.0082,0.0073,0.2510,15.86,12.26
2,2,13.704,0.6,0.0,0.0,0.4870,-0.0002,0.0072,0.2512,18.99,12.21
2,2,13.724,0.6,0.0,0.0,0.4760,-0.0122,0.0080,0.2530,20.54,12.35
2,2,13.744,0.6,0.0,0.0,0.2806,-0.0186,0.0083,0.2566,33.06,12.07
2,2,13.763,0.6,0.0,0.0,0.2451,-0.0196,0.0084,0.2581,22.00,11.78
2,2,13.783,0.6,0.0,0.0,0.6661,-0.0018,0.0100,0.2662,34.97,10.43
2,2,13.809,0.6,0.0,0.0,0.3877,0.0565,0.0124,0.2755,25.05,7.72
2,2,13.825,0.6,0.0,0.0,0.2674,0.0667,0.0124,0.2770,21.13,7.66
2,2,13.843,0.6,0.0,0.0,0.3333,0.0523,0.0122,0.2786,29.50,10.86
2,2,13.863,0.6,0.0,0.0,0.5256,-0.0068,0.0137,0.2736,75.86,14.33
2,2,13.884,0.6,0.0,0.0,0.2571,-0.0400,0.0163,0.2684,53.80,17.06
2,2,13.908,0.6,0.0,0.0,0.4555,-0.0849,0.0194,0.2615,30.14,16.07
2,2,13.924,0.6,0.0,0.0,0.5487,-0.0777,0.0195,0.2574,17.60,14.77
2,2,13.944,0.6,0.0,0.0,0.1692,-0.0640,0.0188,0.2550,13.46,14.60
2,2,13.963,0.6,0.0,0.0,0.5107,-0.0364,0.0160,0.2511,15.73,13.32
2,2,13.983,0.6,0.0,0.0,0.5385,-0.0153,0.0138,0.2493,17.87,11.69
2,2,14.004,0.6,0.0,0.0,0.5512,0.0051,0.0134,0.2490,18.88,11.84
2,2,14.024,0.6,0.0,0.0,0.4962,0.0330,0.0146,0.2500,23.00,11.68
2,2,14.044,0.6,0.0,0.0,0.4379,0.0561,0.0167,0.2547,41.20,11.20
2,2,14.065,0.6,0.0,0.0,0.2883,0.0678,0.0173,0.2605,58.11,11.07
2,2,14.086,0.6,0.0,0.0,0.6973,0.0729,0.0177,0.2657,34.66,9.36
2,2,14.104,0.6,0.0,0.0,0.4129,0.0516,0.0201,0.2743,31.35,7.82
2,2,14.126,0.6,0.0,0.0,0.2819,0.0091,0.0204,0.2767,28.96,7.57
2,2,14.142,0.6,0.0,0.0,0.6495,0.0005,0.0162,0.2770,38.08,11.50
2,2,14.166,0.6,0.0,0.0,0.4285,0.0408,0.0103,0.2688,48.62,14.45
2,2,14.185,0.6,0.0,0.0,0.4820,0.0468,0.0104,0.2674,60.26,14.25
2,2,14.204,0.6,0.0,0.0,0.3362,0.0574,0.0124,0.2612,22.90,13.76
2,2,14.225,0.6,0.0,0.0,0.4544,0.0321,0.0129,0.2553,22.89,12.88
2,2,14.244,0.6,0.0,0.0,0.1157,0.0262,0.0125,0.2545,16.87,12.86
2,2,14.263,0.6,0.0,0.0,0.6110,0.0158,0.0095,0.2521,15.85,12.46
2,2,14.284,0.6,0.0,0.0,0.3446,0.0042,0.0074,0.2508,16.35,12.39
2,2,14.303,0.6,0.0,0.0,0.3514,-0.0017,0.0079,0.2511,18.33,12.34
2,2,14.325,0.6,0.0,0.0,0.4578,-0.0064,0.0087,0.2526,25.32,12.74
2,2,14.343,0.6,0.0,0.0,0.3736,-0.0113,0.0084,0.2565,30.66,12.08
2,2,14.363,0.6,0.0,0.0,0.3779,-0.0098,0.0082,0.2612,57.75,11.57
2,2,14.385,0.6,0.0,0.0,0.3792,0.0122,0.0097,0.2684,33.00,9.85
2,2,14.405,0.6,0.0,0.0,0.4721,0.0610,0.0118,0.2756,22.75,7.80
2,2,14.423,0.6,0.0,0.0,0.4157,0.0654,0.0119,0.2788,20.26,4.27
2,2,14.444,0.6,0.0,0.0,0.5362,0.0075,0.0115,0.2759,95.70,15.57
2,2,14.463,0.6,0.0,0.0,0.3858,-0.0575,0.0143,0.2695,44.43,16.95
2,2,14.484,0.6,0.0,0.0,0.3627,-0.0575,0.0143,0.2695,44.43,16.95
2,2,14.503,0.6,0.0,0.0,0.4631,-0.0709,0.0185,0.2616,36.14,15.41
2,2,14.523,0.6,0.0,0.0,0.3713,-0.0570,0.0189,0.2556,18.05,14.31
2,2,14.543,0.6,0.0,0.0,0.3521,-0.0507,0.0185,0.2544,14.83,14.19
2,2,14.564,0.6,0.0,0.0,0.5642,-0.0327,0.0160,0.2511,18.74,12.83
2,2,14.585,0.6,0.0,0.0,0.3670,-0.0140,0.0144,0.2494,19.89,11.78
2,2,14.604,0.6,0.0,0.0,0.3910,0.0104,0.0139,0.2488,18.59,11.71
2,2,14.623,0.6,0.0,0.0,0.5487,0.0312,0.0148,0.2497,25.98,11.91
2,2,14.644,0.6,0.0,0.0,0.5536,0.0533,0.0164,0.2547,40.40,11.44
2,2,14.663,0.6,0.0,0.0,0.4168,0.0641,0.0174,0.2605,63.41,11.05
2,2,14.683,0.6,0.0,0.0,0.5295,0.0669,0.0184,0.2683,31.13,8.96
2,2,14.705,0.6,0.0,0.0,0.4524,0.0452,0.0213,0.2763,34.60,6.82
2,2,14.723,0.6,0.0,0.0,0.5926,-0.0216,0.0203,0.2782,37.73,7.90
2,2,14.742,0.6,0.0,0.0,0.3964,0.0106,0.0153,0.2767,38.91,13.11
2,2,14.763,0.6,0.0,0.0,0.5458,0.0616,0.0110,0.2688,76.16,15.32
2,2,14.784,0.6,0.0,0.0,0.2219,0.0559,0.0111,0.2650,73.78,15.87
2,2,14.804,0.6,0.0,0.0,0.4960,0.0615,0.0136,0.2613,38.32,14.26
2,2,14.824,0.6,0.0,0.0,0.3348,0.0483,0.0152,0.2551,30.50,13.16
2,2,14.842,0.6,0.0,0.0,0.4857,0.0265,0.0144,0.2529,15.36,12.81
2,2,14.865,0.6,0.0,0.0,0.3655,0.0198,0.0109,0.2513,14.94,12.38
2,2,14.885,0.6,0.0,0.0,0.4574,0.0116,0.0095,0.2504,17.28,12.31
2,2,14.903,0.6,0.0,0.0,0.3341,0.0060,0.0095,0.2512,23.69,12.11
2,2,14.924,0.6,0.0,0.0,0.4744,0.0052,0.0097,0.2532,19.69,12.07
2,2,14.945,0.6,0.0,0.0,0.3838,0.0001,0.0086,0.2574,33.11,11.58
2,2,14.965,0.6,0.0,0.0,0.4281,0.0020,0.0079,0.2625,52.41,11.08
2,2,14.985,0.6,0.0,0.0,0.6127,0.0237,0.0086,0.2691,31.18,9.82
2,2,15.007,0.6,0.0,0.0,0.3695,0.0694,0.0085,0.2761,22.92,6.47
2,2,15.025,0.6,0.0,0.0,0.4047,0.0856,0.0067,0.2791,20.88,6.13
2,3,15.045,0.0,0.0,0.5,0.0000,0.0383,0.0067,0.2776,48.16,13.41
2,3,15.065,0.0,0.0,0.5,0.3457,-0.0318,0.0118,0.2713,81.57,14.78
2,3,15.084,0.0,0.0,0.5,0.4503,0.0383,0.0151,0.2712,36.47,13.90
2,3,15.107,0.0,0.0,0.5,0.3963,0.1455,0.0177,0.2682,52.21,13.04
2,3,15.123,0.0,0.0,0.5,0.2277,0.2547,0.0195,0.2677,27.36,12.76
2,3,15.143,0.0,0.0,0.5,0.4173,0.3364,0.0224,0.2651,36.49,11.92
2,3,15.163,0.0,0.0,0.5,0.2462,0.3482,0.0265,0.2653,17.05,10.38
2,3,15.188,0.0,0.0,0.5,0.2123,0.3384,0.0309,0.2645,16.54,9.87
2,3,15.202,0.0,0.0,0.5,0.3183,0.3311,0.0334,0.2648,13.63,9.80
2,3,15.222,0.0,0.0,0.5,0.2613,0.3259,0.0376,0.2668,14.70,7.72
2,3,15.243,0.0,0.0,0.5,0.2143,0.3297,0.0412,0.2719,35.26,6.09
2,3,15.262,0.0,0.0,0.5,0.2705,0.2835,0.0477,0.2793,39.73,5.76
2,3,15.287,0.0,0.0,0.5,0.1636,0.2601,0.0473,0.2802,27.65,12.02
2,3,15.306,0.0,0.0,0.5,0.1721,0.2589,0.0436,0.2810,22.40,11.69
2,3,15.324,0.0,0.0,0.5,0.0946,0.2749,0.0333,0.2797,31.64,12.75
2,3,15.341,0.0,0.0,0.5,0.0699,0.2536,0.0279,0.2760,21.39,11.81
2,3,15.365,0.0,0.0,0.5,0.0473,0.2000,0.0276,0.2721,12.06,11.42
2,3,15.386,0.0,0.0,0.5,0.0394,0.1719,0.0292,0.2695,10.92,12.22
2,3,15.403,0.0,0.0,0.5,0.0394,0.1541,0.0295,0.2678,3.62,12.63
2,3,15.423,0.0,0.0,0.5,0.0193,0.1508,0.0294,0.2664,3.90,12.76
2,3,15.443,0.0,0.0,0.5,0.0097,0.1559,0.0295,0.2661,4.29,12.45
2,3,15.463,0.0,0.0,0.5,-0.0029,0.1670,0.0294,0.2663,4.95,11.75
2,3,15.485,0.0,0.0,0.5,-0.0114,0.1654,0.0288,0.2669,5.72,11.09
2,3,15.504,0.0,0.0,0.5,-0.0114,0.1595,0.0260,0.2683,5.79,10.64
2,3,15.523,0.0,0.0,0.5,-0.0160,0.1577,0.0230,0.2698,8.47,10.66
2,3,15.542,0.0,0.0,0.5,-0.0147,0.1766,0.0191,0.2728,9.50,10.17
2,3,15.562,0.0,0.0,0.5,-0.0163,0.1999,0.0162,0.2762,14.90,9.19
2,3,15.587,0.0,0.0,0.5,-0.0124,0.3225,0.0118,0.2813,8.27,8.37
2,3,15.607,0.0,0.0,0.5,-0.0167,0.3423,0.0106,0.2820,12.59,8.26
2,3,15.625,0.0,0.0,0.5,-0.0436,0.3334,0.0094,0.2818,12.54,10.48
2,3,15.641,0.0,0.0,0.5,-0.0458,0.2699,0.0102,0.2804,22.43,12.62
2,3,15.663,0.0,0.0,0.5,-0.0403,0.1586,0.0096,0.2761,11.63,13.86
2,3,15.687,0.0,0.0,0.5,-0.0386,0.1023,0.0069,0.2732,8.54,12.68
2,3,15.705,0.0,0.0,0.5,-0.0201,0.0899,0.0062,0.2713,4.49,11.98
2,3,15.726,0.0,0.0,0.5,-0.0202,0.0981,0.0063,0.2703,4.10,12.04
2,3,15.741,0.0,0.0,0.5,-0.0164,0.1192,0.0069,0.2691,3.88,12.22
2,3,15.765,0.0,0.0,0.5,-0.0220,0.1244,0.0072,0.2678,2.83,12.41
2,3,15.784,0.0,0.0,0.5,-0.0182,0.1276,0.0073,0.2670,2.54,12.33
2,3,15.804,0.0,0.0,0.5,-0.0100,0.1277,0.0073,0.2665,2.45,12.11
2,3,15.825,0.0,0.0,0.5,-0.0113,0.1353,0.0068,0.2666,4.49,11.65
2,3,15.841,0.0,0.0,0.5,-0.0071,0.1380,0.0065,0.2669,3.65,11.74
2,3,15.863,0.0,0.0,0.5,-0.0049,0.1822,0.0032,0.2710,13.15,9.70
2,3,15.885,0.0,0.0,0.5,-0.0122,0.1985,0.0020,0.2730,14.70,7.93
2,3,15.904,0.0,0.0,0.5,-0.0050,0.2657,0.0063,0.2762,15.25,4.54
2,3,15.922,0.0,0.0,0.5,-0.0119,0.2810,0.0078,0.2754,11.15,13.49
2,3,15.942,0.0,0.0,0.5,-0.0040,0.3276,0.0066,0.2734,21.04,13.02
2,3,15.962,0.0,0.0,0.5,-0.0022,0.2725,0.0039,0.2687,13.02,13.32
2,3,15.985,0.0,0.0,0.5,-0.0037,0.1664,0.0056,0.2654,7.87,13.47
2,3,16.004,0.0,0.0,0.5,-0.0054,0.1254,0.0065,0.2640,5.20,12.89
2,3,16.022,0.0,0.0,0.5,-0.0030,0.0913,0.0082,0.2628,3.46,12.43
2,3,16.043,0.0,0.0,0.5,-0.0034,0.0967,0.0099,0.2625,4.11,12.02
2,3,16.063,0.0,0.0,0.5,-0.0026,0.1097,0.0105,0.2627,4.48,11.54
2,3,16.085,0.0,0.0,0.5,-0.0029,0.1112,0.0104,0.2632,5.85,11.28
2,3,16.104,0.0,0.0,0.5,-0.0047,0.1216,0.0100,0.2644,5.01,11.21
2,3,16.124,0.0,0.0,0.5,-0.0038,0.1333,0.0093,0.2657,6.61,11.47
2,3,16.144,0.0,0.0,0.5,-0.0047,0.1366,0.0089,0.2672,10.39,11.32
2,3,16.165,0.0,0.0,0.5,-0.0085,0.2001,0.0067,0.2718,5.55,10.43
2,3,16.185,0.0,0.0,0.5,-0.0072,0.2607,0.0052,0.2747,11.34,8.60
2,3,16.207,0.0,0.0,0.5,-0.0030,0.3326,0.0036,0.2767,3.94,6.32
2,3,16.224,0.0,0.0,0.5,-0.0216,0.2946,0.0025,0.2758,10.64,11.40
2,3,16.244,0.0,0.0,0.5,-0.0155,0.2401,0.0029,0.2751,14.36,13.52
2,3,16.266,0.0,0.0,0.5,-0.0087,0.1387,0.0053,0.2714,7.06,13.93
2,3,16.285,0.0,0.0,0.5,-0.0045,0.0930,0.0073,0.2690,4.92,13.39
2,3,16.304,0.0,0.0,0.5,0.0000,0.0819,0.0080,0.2679,3.71,13.40
2,3,16.325,0.0,0.0,0.5,0.0041,0.0945,0.0084,0.2663,2.68,13.42
2,3,16.342,0.0,0.0,0.5,0.0079,0.1068,0.0084,0.2655,2.85,13.39
2,3,16.363,0.0,0.0,0.5,0.0156,0.1234,0.0087,0.2643,2.52,13.21
2,3,16.383,0.0,0.0,0.5,0.0135,0.1300,0.0096,0.2636,2.25,12.94
2,3,16.404,0.0,0.0,0.5,0.0149,0.1427,0.0116,0.2632,2.02,12.83
2,3,16.422,0.0,0.0,0.5,0.0241,0.1481,0.0130,0.2632,2.47,12.73
2,3,16.443,0.0,0.0,0.5,0.0209,0.1524,0.0138,0.2645,14.02,11.96
2,3,16.463,0.0,0.0,0.5,0.0240,0.1696,0.0135,0.2684,14.54,10.39
2,3,16.486,0.0,0.0,0.5,0.0329,0.1993,0.0135,0.2706,24.05,7.29
2,3,16.504,0.0,0.0,0.5,0.0185,0.2385,0.0142,0.2740,19.13,7.95
2,3,16.525,0.0,0.0,0.5,0.0170,0.2739,0.0152,0.2730,13.56,10.97
2,3,16.544,0.0,0.0,0.5,0.0169,0.3403,0.0133,0.2704,17.63,13.05
2,3,16.563,0.0,0.0,0.5,0.0090,0.2666,0.0116,0.2666,9.55,13.31
2,3,16.584,0.0,0.0,0.5,0.0065,0.1727,0.0124,0.2644,7.71,13.31
2,3,16.604,0.0,0.0,0.5,0.0080,0.1135,0.0143,0.2627,5.17,13.16
2,3,16.624,0.0,0.0,0.5,0.0043,0.0941,0.0168,0.2615,5.27,12.73
2,3,16.642,0.0,0.0,0.5,0.0045,0.0982,0.0171,0.2614,5.42,12.31
2,3,16.662,0.0,0.0,0.5,-0.0001,0.1212,0.0159,0.2615,5.63,11.57
2,3,16.683,0.0,0.0,0.5,-0.0032,0.1258,0.0147,0.2621,6.71,11.37
2,3,16.703,0.0,0.0,0.5,-0.0031,0.1363,0.0137,0.2634,5.58,11.26
2,3,16.724,0.0,0.0,0.5,-0.0020,0.1340,0.0133,0.2641,6.14,11.25
2,3,16.743,0.0,0.0,0.5,-0.0046,0.1386,0.0122,0.2669,7.04,11.49
2,3,16.762,0.0,0.0,0.5,-0.0067,0.1993,0.0102,0.2708,11.80,10.54
2,3,16.784,0.0,0.0,0.5,-0.0063,0.2480,0.0090,0.2733,6.13,8.95
2,3,16.807,0.0,0.0,0.5,-0.0078,0.3375,0.0070,0.2759,4.65,6.64
2,3,16.824,0.0,0.0,0.5,-0.0212,0.3049,0.0065,0.2757,5.25,8.06
2,3,16.843,0.0,0.0,0.5,-0.0191,0.2264,0.0059,0.2750,7.87,11.35
2,3,16.863,0.0,0.0,0.5,-0.0073,0.1061,0.0068,0.2709,8.13,13.52
2,3,16.890,0.0,0.0,0.5,-0.0009,0.0742,0.0081,0.2688,4.81,13.12
2,3,16.911,0.0,0.0,0.5,0.0043,0.0845,0.0091,0.2664,3.71,13.39
2,3,16.925,0.0,0.0,0.5,0.0123,0.1039,0.0096,0.2656,2.88,13.45
2,3,16.941,0.0,0.0,0.5,0.0119,0.1160,0.0099,0.2647,4.41,13.33
2,3,16.963,0.0,0.0,0.5,0.0084,0.1255,0.0102,0.2638,2.88,13.12
2,3,16.985,0.0,0.0,0.5,0.0277,0.1391,0.0116,0.2633,1.88,12.88
2,3,17.009,0.0,0.0,0.5,0.0169,0.1470,0.0144,0.2627,2.50,12.99
2,3,17.024,0.0,0.0,0.5,0.0199,0.1484,0.0148,0.2627,2.33,12.97
2,3,17.043,0.0,0.0,0.5,0.0236,0.1557,0.0152,0.2646,8.73,11.94
2,3,17.063,0.0,0.0,0.5,0.0339,0.1625,0.0148,0.2666,13.27,9.79
2,3,17.087,0.0,0.0,0.5,0.0348,0.2160,0.0161,0.2720,16.23,7.36
2,3,17.107,0.0,0.0,0.5,0.0189,0.2431,0.0182,0.2731,9.56,6.01
2,3,17.124,0.0,0.0,0.5,0.0121,0.2809,0.0186,0.2722,9.84,11.13
2,3,17.143,0.0,0.0,0.5,0.0066,0.3266,0.0158,0.2708,8.97,11.17
2,3,17.165,0.0,0.0,0.5,0.0073,0.2565,0.0128,0.2664,13.73,13.01
2,3,17.185,0.0,0.0,0.5,0.0048,0.1738,0.0137,0.2647,6.20,12.77
2,3,17.204,0.0,0.0,0.5,0.0047,0.1382,0.0151,0.2635,7.70,12.87
2,3,17.226,0.0,0.0,0.5,0.0032,0.1036,0.0188,0.2617,4.87,12.56
2,3,17.243,0.0,0.0,0.5,0.0005,0.0986,0.0197,0.2614,4.68,12.11
2,3,17.262,0.0,0.0,0.5,-0.0005,0.1049,0.0194,0.2614,4.68,11.96
2,3,17.285,0.0,0.0,0.5,-0.0052,0.1226,0.0175,0.2619,5.28,11.17
2,3,17.303,0.0,0.0,0.5,-0.0074,0.1343,0.0162,0.2629,5.94,11.29
2,3,17.324,0.0,0.0,0.5,-0.0042,0.1368,0.0155,0.2644,5.91,11.30
2,3,17.344,0.0,0.0,0.5,-0.0101,0.1544,0.0147,0.2669,11.71,11.65
2,3,17.363,0.0,0.0,0.5,-0.0119,0.2247,0.0129,0.2709,10.63,10.64
2,3,17.384,0.0,0.0,0.5,-0.0073,0.2710,0.0120,0.2732,12.24,9.03
2,3,17.405,0.0,0.0,0.5,-0.0202,0.3485,0.0094,0.2758,3.39,7.02
2,3,17.424,0.0,0.0,0.5,-0.0145,0.2626,0.0067,0.2753,6.03,11.71
2,3,17.444,0.0,0.0,0.5,-0.0163,0.1828,0.0068,0.2744,10.55,13.56
2,3,17.463,0.0,0.0,0.5,-0.0119,0.1220,0.0093,0.2708,7.44,14.12
2,3,17.485,0.0,0.0,0.5,-0.0028,0.1082,0.0102,0.2691,4.69,13.83
2,3,17.505,0.0,0.0,0.5,0.0014,0.1023,0.0102,0.2674,3.35,13.71
2,3,17.526,0.0,0.0,0.5,0.0104,0.1102,0.0097,0.2662,3.63,13.47
2,3,17.541,0.0,0.0,0.5,0.0102,0.1235,0.0091,0.2649,2.71,13.30
2,3,17.563,0.0,0.0,0.5,0.0120,0.1252,0.0097,0.2642,2.57,13.03
2,3,17.586,0.0,0.0,0.5,0.0177,0.1351,0.0119,0.2634,2.87,12.99
2,3,17.603,0.0,0.0,0.5,0.0152,0.1455,0.0135,0.2630,2.58,13.07
2,3,17.627,0.0,0.0,0.5,0.0151,0.1505,0.0145,0.2630,3.11,13.02
2,3,17.643,0.0,0.0,0.5,0.0191,0.1509,0.0144,0.2642,8.63,12.07
2,3,17.664,0.0,0.0,0.5,0.0238,0.1697,0.0143,0.2687,10.42,10.16
2,3,17.686,0.0,0.0,0.5,0.0306,0.1984,0.0152,0.2716,16.92,8.13
2,3,17.705,0.0,0.0,0.5,0.0158,0.2175,0.0152,0.2732,20.17,8.51
2,3,17.725,0.0,0.0,0.5,0.0106,0.2629,0.0145,0.2729,6.74,9.89
2,3,17.743,0.0,0.0,0.5,0.0079,0.3431,0.0112,0.2708,13.29,13.00
2,3,17.763,0.0,0.0,0.5,0.0080,0.2904,0.0098,0.2664,19.41,13.31
2,3,17.785,0.0,0.0,0.5,0.0075,0.1909,0.0113,0.2645,8.93,13.22
2,3,17.808,0.0,0.0,0.5,0.0055,0.1234,0.0135,0.2625,6.69,13.31
2,3,17.822,0.0,0.0,0.5,0.0100,0.1020,0.0147,0.2615,5.51,13.16
2,3,17.844,0.0,0.0,0.5,0.0072,0.0948,0.0152,0.2611,4.35,12.24
2,3,17.861,0.0,0.0,0.5,0.0025,0.1066,0.0142,0.2612,4.57,12.17
2,3,17.884,0.0,0.0,0.5,0.0011,0.1217,0.0124,0.2618,5.90,11.67
2,3,17.908,0.0,0.0,0.5,0.0012,0.1260,0.0116,0.2631,5.65,11.48
2,3,17.925,0.0,0.0,0.5,0.0015,0.1253,0.0114,0.2639,5.10,11.42
2,3,17.943,0.0,0.0,0.5,0.0026,0.1363,0.0105,0.2666,15.98,11.56
2,3,17.963,0.0,0.0,0.5,0.0007,0.2142,0.0083,0.2715,4.49,10.55
2,3,17.982,0.0,0.0,0.5,-0.0008,0.2617,0.0073,0.2736,6.65,9.27
2,3,18.008,0.0,0.0,0.5,-0.0073,0.2898,0.0053,0.2754,2.83,6.37
2,3,18.025,0.0,0.0,0.5,-0.0128,0.2684,0.0044,0.2753,6.01,8.07
2,3,18.046,0.0,0.0,0.5,-0.0074,0.2053,0.0032,0.2748,7.15,10.85
2,3,18.063,0.0,0.0,0.5,-0.0121,0.1204,0.0040,0.2719,5.13,13.63
2,3,18.085,0.0,0.0,0.5,-0.0003,0.0945,0.0054,0.2699,3.93,13.12
2,3,18.107,0.0,0.0,0.5,0.0026,0.0928,0.0067,0.2683,2.87,13.09
2,3,18.126,0.0,0.0,0.5,0.0068,0.1016,0.0081,0.2665,3.00,13.20
2,3,18.142,0.0,0.0,0.5,0.0089,0.1076,0.0086,0.2658,3.41,13.25
2,3,18.164,0.0,0.0,0.5,0.0129,0.1198,0.0095,0.2644,2.04,13.18
2,3,18.181,0.0,0.0,0.5,0.0198,0.1309,0.0106,0.2637,2.36,13.19
2,3,18.207,0.0,0.0,0.5,0.0173,0.1409,0.0124,0.2631,2.07,12.91
2,3,18.225,0.0,0.0,0.5,0.0208,0.1480,0.0135,0.2632,2.49,12.71
2,3,18.242,0.0,0.0,0.5,0.0309,0.1538,0.0139,0.2642,7.65,11.81
2,3,18.263,0.0,0.0,0.5,0.0353,0.1656,0.0137,0.2675,8.12,9.85
2,3,18.284,0.0,0.0,0.5,0.0251,0.2127,0.0142,0.2717,10.00,7.38
2,3,18.306,0.0,0.0,0.5,0.0208,0.2604,0.0142,0.2733,7.71,5.54
2,3,18.323,0.0,0.0,0.5,0.0178,0.2901,0.0131,0.2724,12.09,11.00
2,3,18.343,0.0,0.0,0.5,0.0096,0.3430,0.0094,0.2700,13.93,13.33
2,3,18.363,0.0,0.0,0.5,0.0098,0.2936,0.0086,0.2670,9.65,13.53
2,3,18.384,0.0,0.0,0.5,0.0091,0.1709,0.0113,0.2640,8.42,13.26
2,3,18.406,0.0,0.0,0.5,0.0082,0.1156,0.0136,0.2623,6.28,13.42
2,3,18.425,0.0,0.0,0.5,0.0112,0.0974,0.0152,0.2613,4.55,12.90
2,3,18.442,0.0,0.0,0.5,0.0041,0.1083,0.0147,0.2609,5.06,12.21
2,3,18.462,0.0,0.0,0.5,0.0031,0.1232,0.0134,0.2609,5.16,11.58
2,3,18.485,0.0,0.0,0.5,0.0027,0.1291,0.0123,0.2615,5.90,11.73
2,3,18.503,0.0,0.0,0.5,0.0024,0.1306,0.0119,0.2627,5.69,11.55
2,3,18.523,0.0,0.0,0.5,0.0048,0.1271,0.0118,0.2640,7.07,11.83
2,3,18.543,0.0,0.0,0.5,0.0031,0.1533,0.0104,0.2682,6.82,11.48
2,3,18.563,0.0,0.0,0.5,0.0009,0.2259,0.0082,0.2719,15.32,10.74
2,3,18.586,0.0,0.0,0.5,-0.0008,0.2453,0.0077,0.2732,9.69,9.03
2,3,18.604,0.0,0.0,0.5,-0.0068,0.3306,0.0058,0.2758,4.08,6.54
2,3,18.625,0.0,0.0,0.5,-0.0121,0.2523,0.0044,0.2753,7.70,10.93
2,3,18.643,0.0,0.0,0.5,-0.0096,0.2278,0.0041,0.2749,7.30,10.99
2,3,18.663,0.0,0.0,0.5,-0.0070,0.0931,0.0053,0.2708,3.31,13.63
2,3,18.684,0.0,0.0,0.5,0.0002,0.0717,0.0064,0.2694,5.36,13.11
2,3,18.707,0.0,0.0,0.5,0.0065,0.0830,0.0077,0.2671,2.70,13.28
2,3,18.725,0.0,0.0,0.5,0.0066,0.1038,0.0082,0.2662,3.13,13.11
2,3,18.743,0.0,0.0,0.5,0.0146,0.1217,0.0086,0.2648,2.87,13.12
2,3,18.763,0.0,0.0,0.5,0.0141,0.1329,0.0097,0.2638,1.97,12.83
2,3,18.791,0.0,0.0,0.5,0.0158,0.1406,0.0112,0.2634,2.28,12.72
2,3,18.804,0.0,0.0,0.5,0.0306,0.1419,0.0124,0.2631,2.12,12.72
2,3,18.826,0.0,0.0,0.5,0.0212,0.1485,0.0141,0.2635,4.20,12.58
2,3,18.843,0.0,0.0,0.5,0.0293,0.1507,0.0139,0.2645,4.83,11.74
2,3,18.863,0.0,0.0,0.5,0.0245,0.1736,0.0139,0.2679,13.07,9.54
2,3,18.887,0.0,0.0,0.5,0.0234,0.2266,0.0156,0.2727,16.37,7.82
2,3,18.905,0.0,0.0,0.5,0.0217,0.2303,0.0156,0.2736,11.72,5.73
2,3,18.926,0.0,0.0,0.5,0.0087,0.2738,0.0140,0.2725,7.94,11.02
2,3,18.951,0.0,0.0,0.5,0.0041,0.3047,0.0115,0.2707,22.81,12.53
2,3,18.963,0.0,0.0,0.5,0.0001,0.2315,0.0099,0.2663,6.28,13.09
2,3,18.987,0.0,0.0,0.5,-0.0000,0.1622,0.0109,0.2644,4.82,12.94
2,3,19.004,0.0,0.0,0.5,0.0023,0.1195,0.0129,0.2628,5.12,12.64
2,3,19.025,0.0,0.0,0.5,0.0027,0.1000,0.0154,0.2617,4.25,12.43
2,3,19.044,0.0,0.0,0.5,0.0016,0.0997,0.0152,0.2616,4.52,12.11
2,3,19.064,0.0,0.0,0.5,-0.0007,0.1036,0.0150,0.2617,4.64,11.90
2,3,19.085,0.0,0.0,0.5,-0.0025,0.1185,0.0140,0.2623,5.12,11.62
2,3,19.104,0.0,0.0,0.5,-0.0038,0.1260,0.0131,0.2638,5.62,11.67
2,3,19.128,0.0,0.0,0.5,-0.0043,0.1203,0.0126,0.2659,6.12,11.75
2,3,19.142,0.0,0.0,0.5,-0.0063,0.1491,0.0118,0.2679,4.69,11.58
2,3,19.164,0.0,0.0,0.5,-0.0054,0.1878,0.0105,0.2709,16.59,10.49
2,3,19.183,0.0,0.0,0.5,-0.0037,0.2625,0.0091,0.2742,9.09,9.02
2,3,19.205,0.0,0.0,0.5,-0.0079,0.3477,0.0069,0.2766,5.71,7.31
2,3,19.223,0.0,0.0,0.5,-0.0172,0.2839,0.0057,0.2762,8.14,11.06
2,3,19.243,0.0,0.0,0.5,-0.0179,0.1726,0.0067,0.2744,17.71,13.51
2,3,19.263,0.0,0.0,0.5,-0.0080,0.1094,0.0087,0.2707,5.64,13.82
2,3,19.285,0.0,0.0,0.5,-0.0015,0.0903,0.0098,0.2692,5.32,13.37
2,3,19.306,0.0,0.0,0.5,0.0034,0.0933,0.0104,0.2674,2.89,13.33
2,3,19.325,0.0,0.0,0.5,0.0092,0.1141,0.0106,0.2659,3.09,13.19
2,3,19.344,0.0,0.0,0.5,0.0152,0.1250,0.0107,0.2650,2.97,13.10
2,3,19.364,0.0,0.0,0.5,0.0141,0.1259,0.0115,0.2642,2.08,12.86
2,3,19.383,0.0,0.0,0.5,0.0151,0.1328,0.0125,0.2638,2.03,12.70
2,3,19.406,0.0,0.0,0.5,0.0177,0.1466,0.0155,0.2632,2.28,12.78
2,3,19.425,0.0,0.0,0.5,0.0249,0.1498,0.0163,0.2639,2.46,12.69
2,3,19.444,0.0,0.0,0.5,0.0228,0.1595,0.0157,0.2657,7.81,11.90
2,3,19.465,0.0,0.0,0.5,0.0348,0.1670,0.0158,0.2678,8.99,11.98
2,3,19.488,0.0,0.0,0.5,0.0176,0.1698,0.0158,0.2680,7.59,9.64
2,3,19.505,0.0,0.0,0.5,0.0194,0.2424,0.0179,0.2744,13.76,4.85
2,3,19.523,0.0,0.0,0.5,0.0178,0.2759,0.0201,0.2734,13.94,10.57
2,3,19.543,0.0,0.0,0.5,0.0090,0.3163,0.0200,0.2721,16.26,11.74
2,3,19.564,0.0,0.0,0.5,0.0135,0.3003,0.0164,0.2683,13.61,13.66
2,3,19.585,0.0,0.0,0.5,0.0016,0.2301,0.0139,0.2656,7.73,13.49
2,3,19.609,0.0,0.0,0.5,0.0012,0.1315,0.0153,0.2631,5.74,13.35
2,3,19.626,0.0,0.0,0.5,0.0015,0.0904,0.0201,0.2620,6.47,13.19
2,3,19.644,0.0,0.0,0.5,0.0003,0.0910,0.0228,0.2618,6.53,12.71
2,3,19.665,0.0,0.0,0.5,-0.0039,0.0951,0.0237,0.2619,6.46,12.40
2,3,19.686,0.0,0.0,0.5,-0.0084,0.1185,0.0200,0.2625,6.50,11.36
2,3,19.704,0.0,0.0,0.5,-0.0124,0.1442,0.0128,0.2640,7.34,10.78
2,3,19.724,0.0,0.0,0.5,-0.0143,0.1533,0.0111,0.2651,7.45,11.29
2,3,19.742,0.0,0.0,0.5,-0.0196,0.1685,0.0123,0.2671,8.75,11.14
2,3,19.764,0.0,0.0,0.5,-0.0102,0.2054,0.0144,0.2710,12.12,10.77
2,3,19.786,0.0,0.0,0.5,-0.0162,0.3012,0.0134,0.2756,4.44,10.09
2,3,19.809,0.0,0.0,0.5,-0.0197,0.2815,0.0117,0.2760,5.08,8.38
2,3,19.823,0.0,0.0,0.5,-0.0264,0.2365,0.0109,0.2759,4.30,8.67
2,3,19.845,0.0,0.0,0.5,-0.0251,0.1574,0.0099,0.2745,20.72,13.58
2,3,19.865,0.0,0.0,0.5,-0.0186,0.1336,0.0110,0.2710,13.06,13.94
2,3,19.885,0.0,0.0,0.5,-0.0068,0.1185,0.0125,0.2696,7.48,13.50
2,3,19.904,0.0,0.0,0.5,-0.0043,0.1152,0.0132,0.2677,4.96,13.61
2,3,19.923,0.0,0.0,0.5,0.0022,0.1289,0.0135,0.2659,4.63,13.57
2,3,19.942,0.0,0.0,0.5,0.0089,0.1339,0.0131,0.2645,3.60,13.57
2,3,19.965,0.0,0.0,0.5,0.0107,0.1361,0.0137,0.2638,3.14,13.22
2,3,19.990,0.0,0.0,0.5,0.0172,0.1397,0.0152,0.2632,3.40,13.16
2,3,20.008,0.0,0.0,0.5,0.0172,0.1454,0.0166,0.2628,3.19,13.15
2,3,20.026,0.0,0.0,0.5,0.0255,0.1521,0.0179,0.2630,4.72,13.06
2,3,20.043,0.0,0.0,0.5,0.0219,0.1545,0.0175,0.2642,6.11,12.16
2,3,20.065,0.0,0.0,0.5,0.0341,0.1734,0.0167,0.2670,19.33,9.89
2,3,20.085,0.0,0.0,0.5,0.0236,0.2035,0.0177,0.2713,14.35,8.12
2,3,20.109,0.0,0.0,0.5,0.0172,0.2708,0.0168,0.2723,8.75,7.76
2,3,20.124,0.0,0.0,0.5,0.0184,0.3012,0.0149,0.2717,10.77,8.61
2,3,20.146,0.0,0.0,0.5,0.0117,0.3254,0.0116,0.2695,16.13,13.26
2,3,20.164,0.0,0.0,0.5,0.0080,0.2279,0.0124,0.2657,7.67,13.13
2,3,20.189,0.0,0.0,0.5,0.0098,0.1572,0.0149,0.2642,9.67,12.78
2,3,20.207,0.0,0.0,0.5,0.0132,0.1216,0.0162,0.2628,6.19,12.73
2,3,20.224,0.0,0.0,0.5,0.0078,0.0914,0.0169,0.2612,3.69,12.58
2,3,20.243,0.0,0.0,0.5,0.0079,0.1042,0.0153,0.2608,4.32,12.18
2,3,20.267,0.0,0.0,0.5,0.0062,0.1145,0.0145,0.2614,5.48,11.88
2,3,20.284,0.0,0.0,0.5,0.0037,0.1348,0.0143,0.2618,4.86,11.80
2,3,20.304,0.0,0.0,0.5,0.0080,0.1281,0.0137,0.2632,6.43,11.75
2,3,20.324,0.0,0.0,0.5,0.0060,0.1265,0.0129,0.2646,5.31,11.74
2,3,20.342,0.0,0.0,0.5,0.0032,0.1382,0.0114,0.2672,9.75,11.40
2,3,20.362,0.0,0.0,0.5,0.0020,0.1853,0.0098,0.2705,8.09,10.67
2,3,20.387,0.0,0.0,0.5,-0.0003,0.3111,0.0075,0.2755,4.51,9.40
2,3,20.406,0.0,0.0,0.5,-0.0102,0.2742,0.0067,0.2757,5.20,6.62
2,3,20.424,0.0,0.0,0.5,-0.0103,0.2564,0.0063,0.2756,5.33,7.78
2,3,20.443,0.0,0.0,0.5,-0.0138,0.1967,0.0043,0.2745,11.56,13.08
2,3,20.464,0.0,0.0,0.5,-0.0061,0.1437,0.0049,0.2713,3.42,13.56
2,3,20.484,0.0,0.0,0.5,0.0018,0.1274,0.0062,0.2702,3.45,13.51
2,3,20.505,0.0,0.0,0.5,0.0059,0.1172,0.0077,0.2687,4.29,12.95
2,3,20.524,0.0,0.0,0.5,0.0100,0.1131,0.0099,0.2663,3.26,12.99
2,3,20.543,0.0,0.0,0.5,0.0122,0.1166,0.0105,0.2653,2.81,13.05
2,3,20.566,0.0,0.0,0.5,0.0150,0.1246,0.0117,0.2642,2.05,12.99
2,3,20.584,0.0,0.0,0.5,0.0214,0.1312,0.0126,0.2639,2.19,13.00
2,3,20.608,0.0,0.0,0.5,0.0195,0.1436,0.0154,0.2632,2.19,12.83
2,3,20.624,0.0,0.0,0.5,0.0315,0.1503,0.0160,0.2635,3.49,12.64
2,3,20.643,0.0,0.0,0.5,0.0341,0.1545,0.0158,0.2643,7.27,11.62
2,3,20.666,0.0,0.0,0.5,0.0267,0.1806,0.0159,0.2694,7.89,9.79
2,3,20.684,0.0,0.0,0.5,0.0320,0.2140,0.0174,0.2728,14.28,7.71
2,3,20.706,0.0,0.0,0.5,0.0208,0.2457,0.0168,0.2733,9.57,8.25
2,3,20.726,0.0,0.0,0.5,0.0097,0.3055,0.0136,0.2718,7.20,11.02
2,3,20.743,0.0,0.0,0.5,0.0087,0.3023,0.0093,0.2697,14.74,12.82
2,3,20.765,0.0,0.0,0.5,0.0051,0.2416,0.0090,0.2662,14.40,13.44
2,3,20.785,0.0,0.0,0.5,0.0065,0.1859,0.0101,0.2645,12.13,13.47
2,3,20.804,0.0,0.0,0.5,0.0110,0.1286,0.0140,0.2629,5.38,12.93
2,3,20.823,0.0,0.0,0.5,0.0085,0.0958,0.0169,0.2617,4.67,12.61
2,3,20.843,0.0,0.0,0.5,0.0071,0.1022,0.0156,0.2615,4.27,12.07
2,3,20.864,0.0,0.0,0.5,0.0019,0.1145,0.0131,0.2616,4.75,11.66
2,3,20.884,0.0,0.0,0.5,0.0006,0.1304,0.0120,0.2620,5.26,11.79
2,3,20.905,0.0,0.0,0.5,0.0010,0.1212,0.0122,0.2631,8.34,11.87
2,3,20.922,0.0,0.0,0.5,0.0012,0.1203,0.0133,0.2650,4.79,11.94
2,3,20.945,0.0,0.0,0.5,0.0010,0.1280,0.0126,0.2673,8.05,11.62
2,3,20.963,0.0,0.0,0.5,-0.0004,0.1920,0.0108,0.2714,6.36,10.78
2,3,20.984,0.0,0.0,0.5,-0.0045,0.3000,0.0084,0.2752,12.70,9.30
2,3,21.006,0.0,0.0,0.5,-0.0138,0.2971,0.0068,0.2758,3.18,7.26
2,3,21.024,0.0,0.0,0.5,-0.0135,0.2299,0.0060,0.2756,3.93,11.10
2,3,21.043,0.0,0.0,0.5,-0.0152,0.1483,0.0057,0.2748,8.75,13.04
2,4,21.069,0.0,0.3,0.0,0.0000,0.0862,0.0069,0.2713,6.38,13.73
2,4,21.085,0.0,0.3,0.0,0.0011,0.0726,0.0078,0.2697,4.02,13.62
2,4,21.104,0.0,0.3,0.0,0.0050,0.0068,0.0075,0.2676,3.66,13.33
2,4,21.125,0.0,0.3,0.0,0.0048,0.0009,0.0056,0.2663,3.40,12.69
2,4,21.143,0.0,0.3,0.0,0.0123,0.0026,0.0051,0.2654,2.25,12.68
2,4,21.162,0.0,0.3,0.0,0.0082,0.0038,0.0050,0.2645,1.48,12.71
2,4,21.184,0.0,0.3,0.0,0.0077,0.0028,0.0052,0.2635,2.61,12.95
2,4,21.205,0.0,0.3,0.0,0.0072,0.0031,0.0055,0.2628,2.96,12.89
2,4,21.224,0.0,0.3,0.0,0.0112,0.0039,0.0064,0.2625,4.33,12.92
2,4,21.244,0.0,0.3,0.0,0.0121,0.0085,0.0108,0.2640,12.58,12.78
2,4,21.262,0.0,0.3,0.0,0.0186,0.0110,0.0157,0.2676,38.74,11.76
2,4,21.291,0.0,0.3,0.0,0.0378,-0.0096,0.0275,0.2757,13.64,11.58
2,4,21.305,0.0,0.3,0.0,0.0135,-0.0067,0.0284,0.2765,11.74,11.54
2,4,21.324,0.0,0.3,0.0,0.0408,0.0090,0.0238,0.2760,14.96,11.76
2,4,21.343,0.0,0.3,0.0,0.0205,0.0082,0.0175,0.2734,14.17,12.21
2,4,21.362,0.0,0.3,0.0,0.0154,0.0163,0.0165,0.2719,10.51,12.24
2,4,21.387,0.0,0.3,0.0,0.0121,0.0041,0.0246,0.2664,20.41,12.48
2,4,21.405,0.0,0.3,0.0,0.0137,-0.0034,0.0311,0.2652,12.73,13.04
2,4,21.423,0.0,0.3,0.0,0.0043,-0.0086,0.0322,0.2638,12.56,12.81
2,4,21.442,0.0,0.3,0.0,-0.0069,-0.0481,0.0186,0.2617,17.56,10.91
2,4,21.464,0.0,0.3,0.0,-0.0162,-0.0352,0.0084,0.2610,11.44,12.31
2,4,21.487,0.0,0.3,0.0,-0.0178,-0.0086,0.0052,0.2603,7.82,12.66
2,4,21.504,0.0,0.3,0.0,-0.0067,-0.0021,0.0081,0.2609,10.41,12.38
2,4,21.523,0.0,0.3,0.0,-0.0036,-0.0053,0.0181,0.2623,8.28,12.72
2,4,21.543,0.0,0.3,0.0,-0.0081,-0.0028,0.0238,0.2650,23.50,12.74
2,4,21.564,0.0,0.3,0.0,-0.0175,0.0014,0.0212,0.2692,36.03,11.02
2,4,21.585,0.0,0.3,0.0,-0.0442,-0.0057,0.0201,0.2744,22.26,9.25
2,4,21.604,0.0,0.3,0.0,-0.0384,0.0201,0.0192,0.2763,8.93,9.88
2,4,21.625,0.0,0.3,0.0,-0.0413,0.0072,0.0147,0.2756,9.46,13.27
2,4,21.644,0.0,0.3,0.0,-0.0209,-0.0319,0.0125,0.2735,18.48,14.49
2,4,21.665,0.0,0.3,0.0,-0.0201,-0.0291,0.0127,0.2714,25.18,15.14
2,4,21.690,0.0,0.3,0.0,-0.0136,-0.0150,0.0130,0.2684,17.27,14.87
2,4,21.704,0.0,0.3,0.0,-0.0072,-0.0120,0.0118,0.2671,16.28,14.51
2,4,21.723,0.0,0.3,0.0,-0.0009,-0.0045,0.0072,0.2644,8.66,13.51
2,4,21.743,0.0,0.3,0.0,0.0071,0.0014,0.0049,0.2631,6.82,13.21
2,4,21.763,0.0,0.3,0.0,0.0125,0.0064,0.0050,0.2619,6.41,13.13
2,4,21.791,0.0,0.3,0.0,0.0094,0.0124,0.0060,0.2611,8.14,12.94
2,4,21.804,0.0,0.3,0.0,0.0180,0.0132,0.0063,0.2610,8.23,12.85
2,4,21.824,0.0,0.3,0.0,0.0130,0.0114,0.0077,0.2611,9.92,12.60
2,4,21.844,0.0,0.3,0.0,0.0122,0.0189,0.0090,0.2628,24.06,12.32
2,4,21.863,0.0,0.3,0.0,0.0154,0.0150,0.0123,0.2679,28.55,11.65
2,4,21.886,0.0,0.3,0.0,0.0180,0.0265,0.0146,0.2717,40.32,9.56
2,4,21.904,0.0,0.3,0.0,0.0323,-0.0054,0.0189,0.2779,41.00,9.69
2,4,21.925,0.0,0.3,0.0,0.0292,0.0219,0.0187,0.2781,10.66,10.04
2,4,21.943,0.0,0.3,0.0,0.0385,0.0618,0.0100,0.2758,31.25,13.00
2,4,21.963,0.0,0.3,0.0,0.0205,0.0680,0.0077,0.2746,28.66,13.86
2,4,21.985,0.0,0.3,0.0,0.0222,0.0513,0.0086,0.2684,16.37,13.49
2,4,22.005,0.0,0.3,0.0,0.0301,0.0191,0.0173,0.2663,15.05,13.34
2,4,22.026,0.0,0.3,0.0,0.0200,0.0001,0.0219,0.2634,14.47,12.22
2,4,22.044,0.0,0.3,0.0,0.0115,-0.0237,0.0104,0.2619,17.55,10.59
2,4,22.063,0.0,0.3,0.0,0.0066,-0.0217,0.0053,0.2610,11.14,10.63
2,4,22.086,0.0,0.3,0.0,0.0052,-0.0149,0.0017,0.2603,5.31,12.13
2,4,22.103,0.0,0.3,0.0,0.0089,-0.0005,0.0030,0.2609,6.00,11.64
2,4,22.124,0.0,0.3,0.0,0.0147,-0.0032,0.0112,0.2619,9.98,12.32
2,4,22.144,0.0,0.3,0.0,0.0057,-0.0007,0.0142,0.2640,14.54,12.02
2,4,22.161,0.0,0.3,0.0,0.0115,0.0116,0.0152,0.2671,30.50,11.73
2,4,22.185,0.0,0.3,0.0,-0.0118,0.0262,0.0143,0.2740,22.54,9.60
2,4,22.206,0.0,0.3,0.0,-0.0304,0.0359,0.0164,0.2765,12.87,9.66
2,4,22.226,0.0,0.3,0.0,-0.0298,0.0359,0.0143,0.2760,8.25,12.79
2,4,22.242,0.0,0.3,0.0,-0.0243,0.0045,0.0119,0.2750,9.61,13.08
2,4,22.265,0.0,0.3,0.0,-0.0323,-0.0216,0.0111,0.2722,16.97,13.61
2,4,22.285,0.0,0.3,0.0,-0.0254,-0.0197,0.0106,0.2701,17.59,13.82
2,4,22.305,0.0,0.3,0.0,-0.0280,-0.0074,0.0133,0.2682,19.20,14.28
2,4,22.325,0.0,0.3,0.0,-0.0163,-0.0066,0.0140,0.2668,16.89,13.98
2,4,22.344,0.0,0.3,0.0,-0.0110,0.0037,0.0058,0.2638,13.30,13.40
2,4,22.363,0.0,0.3,0.0,-0.0003,0.0070,0.0105,0.2622,6.39,12.68
2,4,22.388,0.0,0.3,0.0,0.0036,0.0137,0.0116,0.2615,7.96,11.98
2,4,22.404,0.0,0.3,0.0,0.0022,0.0175,0.0106,0.2613,9.59,12.17
2,4,22.424,0.0,0.3,0.0,0.0008,0.0302,0.0098,0.2616,10.81,12.04
2,4,22.444,0.0,0.3,0.0,0.0013,0.0299,0.0105,0.2635,26.71,12.86
2,4,22.463,0.0,0.3,0.0,0.0055,0.0175,0.0119,0.2682,13.58,11.42
2,4,22.486,0.0,0.3,0.0,0.0131,0.0244,0.0125,0.2726,35.56,7.99
2,4,22.510,0.0,0.3,0.0,0.0106,-0.0192,0.0158,0.2788,9.28,7.04
2,4,22.524,0.0,0.3,0.0,0.0087,0.0003,0.0158,0.2786,8.62,7.98
2,4,22.543,0.0,0.3,0.0,0.0207,0.0526,0.0103,0.2760,19.00,12.26
2,4,22.567,0.0,0.3,0.0,0.0125,0.0910,0.0069,0.2720,13.13,12.79
2,4,22.585,0.0,0.3,0.0,0.0113,0.0759,0.0046,0.2684,12.33,12.58
2,4,22.605,0.0,0.3,0.0,0.0110,0.0349,0.0053,0.2656,12.96,13.33
2,4,22.626,0.0,0.3,0.0,0.0172,0.0170,0.0100,0.2636,12.27,12.63
2,4,22.645,0.0,0.3,0.0,0.0124,-0.0054,0.0054,0.2613,11.23,11.07
2,4,22.662,0.0,0.3,0.0,0.0047,-0.0114,0.0027,0.2607,10.68,11.33
2,4,22.681,0.0,0.3,0.0,0.0057,-0.0038,0.0054,0.2599,4.07,12.23
2,4,22.704,0.0,0.3,0.0,0.0096,0.0000,0.0054,0.2602,6.79,11.82
2,4,22.723,0.0,0.3,0.0,0.0080,-0.0002,0.0029,0.2611,8.24,11.80
2,4,22.744,0.0,0.3,0.0,0.0154,0.0003,0.0036,0.2630,13.95,12.49
2,4,22.764,0.0,0.3,0.0,0.0074,0.0210,0.0065,0.2681,27.04,11.94
2,4,22.786,0.0,0.3,0.0,-0.0015,0.0241,0.0073,0.2712,23.84,10.33
2,4,22.807,0.0,0.3,0.0,-0.0227,0.0159,0.0115,0.2761,12.37,8.50
2,4,22.824,0.0,0.3,0.0,-0.0339,0.0203,0.0115,0.2760,8.42,12.01
2,4,22.844,0.0,0.3,0.0,-0.0238,0.0024,0.0124,0.2751,6.91,11.70
2,4,22.866,0.0,0.3,0.0,-0.0449,-0.0211,0.0152,0.2734,23.59,13.22
2,4,22.885,0.0,0.3,0.0,-0.0281,-0.0171,0.0123,0.2701,20.84,13.71
2,4,22.905,0.0,0.3,0.0,-0.0204,-0.0007,0.0113,0.2689,16.42,13.46
2,4,22.924,0.0,0.3,0.0,-0.0208,0.0006,0.0090,0.2663,17.56,13.78
2,4,22.943,0.0,0.3,0.0,-0.0123,0.0103,0.0097,0.2649,14.51,12.55
2,4,22.962,0.0,0.3,0.0,-0.0067,0.0035,0.0130,0.2634,10.27,12.14
2,4,22.986,0.0,0.3,0.0,-0.0036,0.0155,0.0124,0.2619,9.72,12.15
2,4,23.003,0.0,0.3,0.0,-0.0043,0.0233,0.0121,0.2616,10.53,12.61
2,4,23.021,0.0,0.3,0.0,-0.0030,0.0265,0.0136,0.2620,9.62,12.39
2,4,23.043,0.0,0.3,0.0,-0.0012,0.0359,0.0154,0.2667,33.57,11.38
2,4,23.064,0.0,0.3,0.0,0.0002,0.0224,0.0158,0.2695,27.55,11.08
2,4,23.085,0.0,0.3,0.0,0.0019,0.0175,0.0161,0.2747,15.14,8.34
2,4,23.103,0.0,0.3,0.0,0.0058,-0.0032,0.0171,0.2791,10.07,7.72
2,4,23.123,0.0,0.3,0.0,0.0118,0.0196,0.0153,0.2790,12.73,8.39
2,4,23.144,0.0,0.3,0.0,0.0168,0.0778,0.0102,0.2763,33.34,12.80
2,4,23.163,0.0,0.3,0.0,0.0188,0.0900,0.0072,0.2706,21.32,13.52
2,4,23.185,0.0,0.3,0.0,0.0118,0.0392,0.0049,0.2668,14.00,13.23
2,4,23.204,0.0,0.3,0.0,0.0179,0.0204,0.0098,0.2653,13.15,12.88
2,4,23.223,0.0,0.3,0.0,0.0112,-0.0049,0.0122,0.2627,12.76,11.54
2,4,23.242,0.0,0.3,0.0,0.0059,-0.0211,0.0057,0.2611,13.54,10.39
2,4,23.264,0.0,0.3,0.0,0.0001,-0.0057,0.0090,0.2603,3.87,12.93
2,4,23.284,0.0,0.3,0.0,0.0028,0.0083,0.0093,0.2598,4.62,12.69
2,4,23.305,0.0,0.3,0.0,0.0095,0.0090,0.0066,0.2603,7.25,11.75
2,4,23.322,0.0,0.3,0.0,0.0110,0.0030,0.0008,0.2620,8.00,11.99
2,4,23.344,0.0,0.3,0.0,0.0110,0.0090,0.0029,0.2644,16.66,11.97
2,4,23.366,0.0,0.3,0.0,0.0076,0.0159,0.0037,0.2666,25.72,11.48
2,4,23.386,0.0,0.3,0.0,-0.0005,0.0268,0.0057,0.2716,10.79,9.89
2,4,23.404,0.0,0.3,0.0,-0.0080,0.0492,0.0085,0.2748,18.93,8.39
2,4,23.423,0.0,0.3,0.0,-0.0207,0.0522,0.0108,0.2763,6.05,9.92
2,4,23.445,0.0,0.3,0.0,-0.0285,0.0054,0.0149,0.2751,9.37,12.09
2,4,23.466,0.0,0.3,0.0,-0.0324,-0.0080,0.0177,0.2738,20.24,13.29
2,4,23.484,0.0,0.3,0.0,-0.0286,-0.0145,0.0164,0.2706,14.00,13.44
2,4,23.503,0.0,0.3,0.0,-0.0362,-0.0040,0.0126,0.2691,21.80,13.63
2,4,23.523,0.0,0.3,0.0,-0.0217,0.0037,0.0100,0.2659,17.51,13.98
2,4,23.542,0.0,0.3,0.0,-0.0185,0.0028,0.0121,0.2641,14.52,12.22
2,4,23.562,0.0,0.3,0.0,-0.0092,0.0029,0.0154,0.2627,7.68,11.91
2,4,23.585,0.0,0.3,0.0,-0.0056,0.0160,0.0163,0.2619,8.86,11.83
2,4,23.603,0.0,0.3,0.0,-0.0074,0.0253,0.0148,0.2615,10.83,12.15
2,4,23.623,0.0,0.3,0.0,-0.0069,0.0297,0.0150,0.2622,11.02,12.14
2,4,23.643,0.0,0.3,0.0,-0.0051,0.0300,0.0167,0.2642,18.62,11.70
2,4,23.665,0.0,0.3,0.0,-0.0035,0.0226,0.0179,0.2689,22.77,9.76
2,4,23.682,0.0,0.3,0.0,-0.0015,0.0163,0.0174,0.2741,18.50,7.58
2,4,23.704,0.0,0.3,0.0,0.0005,0.0098,0.0174,0.2790,10.63,7.01
2,4,23.724,0.0,0.3,0.0,0.0022,0.0424,0.0138,0.2779,19.97,10.01
2,4,23.742,0.0,0.3,0.0,0.0091,0.0768,0.0110,0.2759,22.34,12.74
2,4,23.764,0.0,0.3,0.0,0.0085,0.0954,0.0122,0.2719,46.84,12.94
2,4,23.783,0.0,0.3,0.0,0.0097,0.0586,0.0069,0.2664,33.51,13.34
2,4,23.804,0.0,0.3,0.0,0.0193,0.0240,0.0121,0.2647,25.00,13.35
2,4,23.824,0.0,0.3,0.0,0.0150,0.0104,0.0145,0.2617,22.87,12.31
2,4,23.843,0.0,0.3,0.0,0.0036,-0.0153,0.0049,0.2605,22.22,10.83
2,4,23.867,0.0,0.3,0.0,-0.0033,-0.0093,0.0097,0.2592,5.78,14.02
2,4,23.887,0.0,0.3,0.0,0.0026,0.0007,0.0082,0.2592,6.76,12.79
2,4,23.905,0.0,0.3,0.0,0.0132,0.0093,0.0036,0.2597,5.91,11.64
2,4,23.924,0.0,0.3,0.0,0.0140,0.0064,0.0015,0.2604,8.88,12.10
2,4,23.944,0.0,0.3,0.0,0.0096,0.0128,0.0015,0.2643,12.79,11.88
2,4,23.964,0.0,0.3,0.0,0.0068,0.0258,0.0030,0.2679,25.41,11.24
2,4,23.990,0.0,0.3,0.0,-0.0014,0.0310,0.0038,0.2728,23.41,8.92
2,4,24.004,0.0,0.3,0.0,-0.0090,0.0519,0.0046,0.2756,22.58,9.08
2,4,24.023,0.0,0.3,0.0,-0.0131,0.0197,0.0056,0.2759,8.22,10.93
2,4,24.044,0.0,0.3,0.0,-0.0413,-0.0150,0.0126,0.2751,10.65,11.00
2,4,24.062,0.0,0.3,0.0,-0.0226,-0.0150,0.0126,0.2751,10.65,11.00
2,4,24.087,0.0,0.3,0.0,-0.0294,-0.0214,0.0154,0.2707,12.60,13.03
2,4,24.104,0.0,0.3,0.0,-0.0297,-0.0062,0.0111,0.2682,16.21,13.45
2,4,24.126,0.0,0.3,0.0,-0.0196,0.0002,0.0117,0.2658,23.44,14.28
2,4,24.142,0.0,0.3,0.0,-0.0184,-0.0027,0.0088,0.2645,20.10,13.70
2,4,24.164,0.0,0.3,0.0,-0.0045,0.0081,0.0073,0.2635,17.38,12.12
2,4,24.185,0.0,0.3,0.0,-0.0013,0.0023,0.0115,0.2621,8.48,12.02
2,4,24.206,0.0,0.3,0.0,0.0021,0.0086,0.0106,0.2617,13.33,10.93
2,4,24.223,0.0,0.3,0.0,-0.0012,0.0306,0.0095,0.2621,11.53,10.95
2,4,24.246,0.0,0.3,0.0,-0.0033,0.0343,0.0114,0.2645,23.62,12.56
2,4,24.262,0.0,0.3,0.0,0.0001,0.0309,0.0119,0.2674,20.74,10.96
2,4,24.285,0.0,0.3,0.0,0.0048,0.0156,0.0127,0.2728,22.18,8.56
2,4,24.306,0.0,0.3,0.0,0.0027,-0.0162,0.0153,0.2784,28.87,8.75
2,4,24.325,0.0,0.3,0.0,-0.0000,0.0228,0.0172,0.2790,10.86,9.64
2,4,24.343,0.0,0.3,0.0,0.0046,0.0631,0.0116,0.2776,22.74,12.00
2,4,24.364,0.0,0.3,0.0,0.0036,0.0863,0.0062,0.2738,15.51,12.03
2,4,24.390,0.0,0.3,0.0,0.0054,0.0275,0.0108,0.2667,15.79,12.91
2,4,24.403,0.0,0.3,0.0,0.0032,0.0169,0.0181,0.2653,16.45,12.95
2,4,24.423,0.0,0.3,0.0,0.0065,0.0031,0.0237,0.2630,15.65,12.05
2,4,24.444,0.0,0.3,0.0,-0.0048,-0.0281,0.0114,0.2612,17.88,10.25
2,4,24.465,0.0,0.3,0.0,-0.0183,-0.0297,0.0070,0.2608,17.35,13.20
2,4,24.484,0.0,0.3,0.0,-0.0102,-0.0050,0.0078,0.2602,8.28,14.67
2,4,24.503,0.0,0.3,0.0,-0.0023,0.0180,0.0069,0.2606,13.57,11.77
2,4,24.524,0.0,0.3,0.0,0.0038,0.0104,0.0159,0.2623,11.28,12.49
2,4,24.543,0.0,0.3,0.0,0.0002,0.0160,0.0159,0.2642,23.05,12.36
2,4,24.564,0.0,0.3,0.0,-0.0162,0.0190,0.0117,0.2692,31.37,10.88
2,4,24.587,0.0,0.3,0.0,-0.0216,0.0351,0.0151,0.2740,18.95,9.09
2,4,24.604,0.0,0.3,0.0,-0.0178,0.0580,0.0170,0.2761,5.10,8.93
2,4,24.623,0.0,0.3,0.0,-0.0263,0.0449,0.0140,0.2758,11.71,12.23
2,4,24.643,0.0,0.3,0.0,-0.0494,0.0262,0.0134,0.2747,9.13,12.30
2,4,24.666,0.0,0.3,0.0,-0.0468,-0.0233,0.0187,0.2731,22.47,14.13
2,4,24.684,0.0,0.3,0.0,-0.0321,-0.0275,0.0186,0.2697,18.56,14.83
2,4,24.704,0.0,0.3,0.0,-0.0241,-0.0149,0.0189,0.2677,22.20,14.90
2,4,24.723,0.0,0.3,0.0,-0.0235,-0.0043,0.0149,0.2650,20.41,14.09
2,4,24.743,0.0,0.3,0.0,-0.0099,-0.0018,0.0141,0.2632,14.52,12.58
2,4,24.762,0.0,0.3,0.0,-0.0051,0.0029,0.0156,0.2623,9.19,12.51
2,4,24.783,0.0,0.3,0.0,-0.0028,0.0167,0.0173,0.2613,8.40,12.42
2,4,24.805,0.0,0.3,0.0,-0.0040,0.0277,0.0175,0.2612,10.48,12.69
2,4,24.826,0.0,0.3,0.0,-0.0046,0.0252,0.0186,0.2619,10.57,12.42
2,4,24.841,0.0,0.3,0.0,-0.0091,0.0248,0.0202,0.2636,16.19,11.64
2,4,24.865,0.0,0.3,0.0,-0.0042,0.0133,0.0214,0.2702,10.19,10.29
2,4,24.885,0.0,0.3,0.0,-0.0045,0.0049,0.0216,0.2733,21.84,9.25
2,4,24.902,0.0,0.3,0.0,-0.0040,-0.0154,0.0225,0.2786,9.96,7.39
2,4,24.925,0.0,0.3,0.0,0.0018,0.0295,0.0193,0.2791,15.98,9.46
2,4,24.944,0.0,0.3,0.0,0.0132,0.0939,0.0160,0.2777,32.81,12.90
2,4,24.965,0.0,0.3,0.0,0.0222,0.1327,0.0109,0.2703,53.60,14.86
2,4,24.985,0.0,0.3,0.0,0.0226,0.0634,0.0051,0.2668,22.16,14.55
2,4,25.008,0.0,0.3,0.0,0.0137,0.0339,0.0069,0.2636,16.07,13.58
2,4,25.024,0.0,0.3,0.0,0.0150,0.0040,0.0099,0.2618,14.27,11.64
2,4,25.044,0.0,0.3,0.0,0.0108,-0.0105,0.0061,0.2604,13.53,10.25
2,4,25.063,0.0,0.3,0.0,0.0053,-0.0182,0.0096,0.2598,13.00,12.46
2,4,25.085,0.0,0.3,0.0,0.0075,-0.0060,0.0161,0.2594,6.16,13.83
2,4,25.104,0.0,0.3,0.0,0.0143,0.0039,0.0132,0.2598,9.19,12.10
2,4,25.123,0.0,0.3,0.0,0.0300,0.0003,0.0061,0.2614,7.86,11.97
2,4,25.142,0.0,0.3,0.0,0.0219,0.0133,0.0011,0.2639,17.32,12.07
2,4,25.163,0.0,0.3,0.0,0.0187,0.0298,0.0031,0.2694,12.38,11.20
2,4,25.186,0.0,0.3,0.0,0.0025,0.0480,0.0058,0.2738,14.92,9.54
2,4,25.205,0.0,0.3,0.0,-0.0070,0.0342,0.0070,0.2768,10.61,5.29
2,4,25.224,0.0,0.3,0.0,-0.0164,0.0263,0.0083,0.2760,12.89,12.46
2,4,25.242,0.0,0.3,0.0,-0.0091,-0.0154,0.0102,0.2743,16.32,13.74
2,4,25.261,0.0,0.3,0.0,-0.0219,-0.0285,0.0096,0.2711,14.16,13.69
2,4,25.283,0.0,0.3,0.0,-0.0088,-0.0136,0.0033,0.2685,15.08,13.40
2,4,25.303,0.0,0.3,0.0,-0.0071,-0.0142,0.0033,0.2654,15.01,14.28
2,4,25.323,0.0,0.3,0.0,0.0005,-0.0008,0.0028,0.2634,10.84,12.41
2,4,25.343,0.0,0.3,0.0,0.0063,0.0001,0.0074,0.2618,5.81,12.16
2,4,25.364,0.0,0.3,0.0,0.0098,0.0051,0.0077,0.2612,6.77,12.02
2,4,25.385,0.0,0.3,0.0,0.0136,0.0139,0.0048,0.2605,8.70,11.77
2,4,25.404,0.0,0.3,0.0,0.0081,0.0225,0.0040,0.2603,9.99,12.37
2,4,25.423,0.0,0.3,0.0,0.0106,0.0208,0.0055,0.2606,8.92,12.49
2,4,25.446,0.0,0.3,0.0,0.0118,0.0153,0.0057,0.2628,11.06,11.75
2,4,25.463,0.0,0.3,0.0,0.0141,0.0170,0.0065,0.2681,22.00,9.45
2,4,25.485,0.0,0.3,0.0,0.0172,0.0170,0.0065,0.2681,22.00,9.45
2,4,25.505,0.0,0.3,0.0,0.0140,-0.0264,0.0145,0.2780,21.02,5.89
2,4,25.524,0.0,0.3,0.0,0.0112,-0.0035,0.0170,0.2779,10.10,8.16
2,4,25.544,0.0,0.3,0.0,0.0057,0.0370,0.0122,0.2755,36.33,12.09
2,4,25.564,0.0,0.3,0.0,0.0118,0.0414,0.0041,0.2721,24.84,12.00
2,4,25.585,0.0,0.3,0.0,0.0046,0.0584,0.0015,0.2701,16.31,12.47
2,4,25.605,0.0,0.3,0.0,0.0062,0.0422,0.0050,0.2667,13.38,12.65
2,4,25.625,0.0,0.3,0.0,0.0075,0.0146,0.0162,0.2639,11.84,13.09
2,4,25.643,0.0,0.3,0.0,0.0039,0.0007,0.0184,0.2621,12.54,12.10
2,4,25.663,0.0,0.3,0.0,-0.0029,-0.0199,0.0131,0.2612,12.24,11.01
2,4,25.690,0.0,0.3,0.0,-0.0117,-0.0085,0.0037,0.2607,4.05,11.55
2,4,25.704,0.0,0.3,0.0,-0.0159,-0.0008,0.0024,0.2605,2.06,11.70
2,4,25.724,0.0,0.3,0.0,-0.0120,-0.0020,0.0020,0.2615,15.39,12.08
2,4,25.743,0.0,0.3,0.0,-0.0074,0.0052,0.0096,0.2640,6.58,12.50
2,4,25.763,0.0,0.3,0.0,-0.0133,0.0018,0.0189,0.2673,18.43,12.37
2,4,25.786,0.0,0.3,0.0,-0.0188,0.0203,0.0229,0.2722,49.21,11.40
2,4,25.808,0.0,0.3,0.0,-0.0487,0.0327,0.0242,0.2760,16.17,10.81
2,4,25.825,0.0,0.3,0.0,-0.0515,0.0339,0.0252,0.2755,18.55,12.18
2,4,25.843,0.0,0.3,0.0,-0.0376,0.0006,0.0224,0.2746,11.24,14.31
2,4,25.866,0.0,0.3,0.0,-0.0590,-0.0104,0.0203,0.2723,23.87,13.99
2,4,25.886,0.0,0.3,0.0,-0.0285,-0.0100,0.0200,0.2694,23.01,14.29
2,4,25.910,0.0,0.3,0.0,-0.0235,-0.0048,0.0211,0.2666,22.74,14.06
2,4,25.924,0.0,0.3,0.0,-0.0127,-0.0078,0.0176,0.2653,19.50,13.65
2,4,25.942,0.0,0.3,0.0,-0.0070,0.0044,0.0113,0.2641,15.55,12.67
2,4,25.966,0.0,0.3,0.0,0.0028,0.0031,0.0076,0.2625,8.08,12.61
2,4,25.984,0.0,0.3,0.0,0.0066,0.0072,0.0083,0.2616,7.68,12.30
2,4,26.004,0.0,0.3,0.0,0.0094,0.0227,0.0100,0.2613,9.10,12.47
2,4,26.026,0.0,0.3,0.0,0.0063,0.0259,0.0108,0.2620,11.08,12.49
2,4,26.044,0.0,0.3,0.0,0.0059,0.0238,0.0112,0.2640,10.60,11.98
2,4,26.064,0.0,0.3,0.0,0.0104,0.0242,0.0124,0.2668,24.52,10.39
2,4,26.085,0.0,0.3,0.0,0.0106,0.0218,0.0132,0.2683,28.21,10.37
2,4,26.103,0.0,0.3,0.0,0.0139,-0.0139,0.0193,0.2790,32.36,7.22
2,4,26.122,0.0,0.3,0.0,0.0227,-0.0045,0.0201,0.2791,10.71,9.28
2,4,26.142,0.0,0.3,0.0,0.0141,0.0274,0.0167,0.2779,16.36,11.00
2,4,26.165,0.0,0.3,0.0,0.0240,0.0772,0.0040,0.2724,20.90,13.06
2,4,26.185,0.0,0.3,0.0,0.0180,0.0729,0.0025,0.2692,15.69,13.08
2,4,26.207,0.0,0.3,0.0,0.0164,0.0237,0.0128,0.2646,11.69,13.33
2,4,26.225,0.0,0.3,0.0,0.0215,0.0112,0.0170,0.2628,12.22,12.78
2,4,26.243,0.0,0.3,0.0,0.0140,-0.0086,0.0107,0.2609,12.99,11.26
2,4,26.264,0.0,0.3,0.0,0.0048,-0.0086,0.0107,0.2609,12.99,11.26
2,4,26.285,0.0,0.3,0.0,0.0069,-0.0098,0.0020,0.2600,6.00,12.14
2,4,26.303,0.0,0.3,0.0,0.0093,-0.0001,0.0025,0.2598,3.57,11.86
2,4,26.327,0.0,0.3,0.0,0.0097,-0.0053,0.0012,0.2615,9.57,12.14
2,4,26.343,0.0,0.3,0.0,0.0228,0.0030,0.0067,0.2645,11.78,12.35
2,4,26.364,0.0,0.3,0.0,0.0100,0.0160,0.0092,0.2693,15.98,11.93
2,4,26.385,0.0,0.3,0.0,0.0015,0.0296,0.0091,0.2727,15.19,11.05
2,4,26.404,0.0,0.3,0.0,-0.0099,0.0340,0.0099,0.2761,11.12,8.16
2,4,26.424,0.0,0.3,0.0,-0.0207,0.0338,0.0089,0.2762,5.38,11.87
2,4,26.446,0.0,0.3,0.0,-0.0338,-0.0028,0.0094,0.2739,10.08,13.15
2,4,26.469,0.0,0.3,0.0,-0.0189,-0.0175,0.0086,0.2720,13.67,13.88
2,4,26.487,0.0,0.3,0.0,-0.0159,-0.0218,0.0098,0.2697,17.56,13.67
2,4,26.509,0.0,0.3,0.0,-0.0139,-0.0042,0.0128,0.2665,18.75,13.94
2,4,26.525,0.0,0.3,0.0,-0.0029,-0.0039,0.0110,0.2659,15.71,13.73
2,4,26.543,0.0,0.3,0.0,0.0020,0.0110,0.0028,0.2641,13.36,12.46
2,4,26.563,0.0,0.3,0.0,0.0096,0.0029,0.0047,0.2629,7.45,12.09
2,4,26.585,0.0,0.3,0.0,0.0086,0.0069,0.0047,0.2619,8.87,12.10
2,4,26.607,0.0,0.3,0.0,0.0066,0.0208,0.0055,0.2613,9.50,12.41
2,4,26.623,0.0,0.3,0.0,0.0050,0.0244,0.0061,0.2614,9.41,12.37
2,4,26.644,0.0,0.3,0.0,0.0111,0.0274,0.0072,0.2635,18.53,11.73
2,4,26.664,0.0,0.3,0.0,0.0107,0.0186,0.0085,0.2683,24.11,9.86
2,4,26.684,0.0,0.3,0.0,0.0136,0.0205,0.0102,0.2716,18.27,9.96
2,4,26.705,0.0,0.3,0.0,0.0143,-0.0134,0.0163,0.2781,10.32,7.70
2,4,26.724,0.0,0.3,0.0,0.0138,0.0080,0.0166,0.2781,9.60,10.19
2,4,26.744,0.0,0.3,0.0,0.0264,0.0495,0.0036,0.2740,15.51,12.78
2,4,26.765,0.0,0.3,0.0,0.0136,0.0708,0.0042,0.2701,20.60,13.10
2,4,26.784,0.0,0.3,0.0,0.0112,0.0698,0.0036,0.2688,15.86,13.16
2,4,26.805,0.0,0.3,0.0,0.0181,0.0280,0.0113,0.2638,15.73,13.51
2,4,26.824,0.0,0.3,0.0,0.0162,0.0182,0.0178,0.2620,13.08,12.97
2,4,26.846,0.0,0.3,0.0,0.0108,0.0075,0.0175,0.2609,14.06,12.59
2,4,26.864,0.0,0.3,0.0,0.0128,-0.0116,0.0102,0.2598,17.09,10.58
2,4,26.885,0.0,0.3,0.0,0.0017,-0.0200,0.0024,0.2592,9.61,12.45
2,4,26.905,0.0,0.3,0.0,0.0017,-0.0098,0.0087,0.2589,3.15,12.87
2,4,26.922,0.0,0.3,0.0,0.0103,-0.0084,0.0081,0.2600,11.98,12.00
2,4,26.943,0.0,0.3,0.0,0.0124,-0.0026,0.0042,0.2634,12.51,12.33
2,4,26.962,0.0,0.3,0.0,0.0126,0.0155,0.0103,0.2673,26.10,12.51
2,4,26.985,0.0,0.3,0.0,0.0038,0.0334,0.0099,0.2727,20.94,11.35
2,4,27.006,0.0,0.3,0.0,-0.0211,0.0468,0.0081,0.2759,13.73,8.73
2,4,27.027,0.0,0.3,0.0,-0.0222,0.0374,0.0087,0.2759,10.41,8.89
2,4,27.043,0.0,0.3,0.0,-0.0389,0.0106,0.0098,0.2754,9.92,11.66
2,4,27.064,0.0,0.3,0.0,-0.0242,-0.0021,0.0083,0.2721,22.27,13.22
2,5,27.088,0.0,0.0,0.0,0.0000,0.0017,0.0131,0.2682,22.51,14.03
2,5,27.105,0.0,0.0,0.0,-0.0171,-0.0076,0.0131,0.2659,39.74,8.12
2,5,27.123,0.0,0.0,0.0,-0.0058,0.0390,0.0101,0.2674,53.05,7.33
2,5,27.147,0.0,0.0,0.0,0.0023,-0.0055,0.0033,0.2732,31.83,5.65
2,5,27.165,0.0,0.0,0.0,-0.0018,-0.0141,0.0068,0.2715,22.35,7.31
2,5,27.185,0.0,0.0,0.0,-0.0100,0.0166,0.0072,0.2701,25.99,10.29
2,5,27.206,0.0,0.0,0.0,-0.0196,0.0728,0.0010,0.2681,13.67,9.38
2,5,27.223,0.0,0.0,0.0,-0.0148,0.0869,0.0036,0.2672,9.39,7.56
2,5,27.242,0.0,0.0,0.0,-0.0328,0.0822,0.0071,0.2663,8.49,7.22
2,5,27.265,0.0,0.0,0.0,-0.0272,0.0742,0.0164,0.2658,7.87,7.97
2,5,27.284,0.0,0.0,0.0,-0.0302,0.0589,0.0199,0.2654,4.10,7.92
2,5,27.306,0.0,0.0,0.0,-0.0386,0.0404,0.0156,0.2652,4.72,9.68
2,5,27.323,0.0,0.0,0.0,-0.0208,0.0380,0.0098,0.2651,1.34,7.60
2,5,27.344,0.0,0.0,0.0,-0.0269,0.0362,0.0159,0.2649,4.54,6.97
2,5,27.367,0.0,0.0,0.0,-0.0152,0.0284,0.0236,0.2645,3.71,8.06
2,5,27.384,0.0,0.0,0.0,-0.0134,0.0223,0.0238,0.2643,2.41,7.97
2,5,27.404,0.0,0.0,0.0,-0.0073,0.0276,0.0177,0.2640,5.15,8.91
2,5,27.424,0.0,0.0,0.0,-0.0071,0.0252,0.0110,0.2638,1.48,7.22
2,5,27.443,0.0,0.0,0.0,-0.0020,0.0210,0.0132,0.2637,2.56,6.54
2,5,27.466,0.0,0.0,0.0,0.0004,0.0152,0.0193,0.2635,3.43,7.40
2,5,27.488,0.0,0.0,0.0,0.0009,0.0119,0.0201,0.2634,1.48,8.54
2,5,27.504,0.0,0.0,0.0,0.0018,0.0185,0.0165,0.2633,3.93,8.65
2,5,27.525,0.0,0.0,0.0,0.0005,0.0170,0.0113,0.2632,3.50,7.62
2,5,27.543,0.0,0.0,0.0,0.0006,0.0057,0.0100,0.2632,0.24,7.16
2,5,27.562,0.0,0.0,0.0,0.0009,0.0031,0.0125,0.2632,2.73,7.10
2,5,27.586,0.0,0.0,0.0,0.0015,0.0023,0.0160,0.2632,2.13,7.64
2,5,27.610,0.0,0.0,0.0,0.0006,0.0024,0.0163,0.2631,0.50,8.49
2,5,27.624,0.0,0.0,0.0,-0.0004,0.0063,0.0149,0.2631,1.88,8.44
2,5,27.644,0.0,0.0,0.0,-0.0013,0.0020,0.0115,0.2631,0.52,7.99
2,5,27.662,0.0,0.0,0.0,-0.0004,0.0007,0.0113,0.2631,0.13,7.56
2,5,27.686,0.0,0.0,0.0,-0.0000,0.0006,0.0113,0.2631,0.11,7.49
2,5,27.705,0.0,0.0,0.0,0.0002,0.0007,0.0114,0.2631,0.10,7.62
2,5,27.726,0.0,0.0,0.0,0.0001,0.0007,0.0114,0.2631,0.08,7.62
2,5,27.743,0.0,0.0,0.0,0.0003,0.0008,0.0114,0.2631,0.06,7.77
2,5,27.761,0.0,0.0,0.0,0.0001,0.0008,0.0114,0.2631,0.05,7.80
2,5,27.781,0.0,0.0,0.0,0.0001,0.0008,0.0114,0.2631,0.04,7.82
2,5,27.805,0.0,0.0,0.0,0.0001,0.0008,0.0114,0.2631,0.04,7.83
2,5,27.823,0.0,0.0,0.0,0.0000,0.0008,0.0115,0.2631,0.04,7.83
2,5,27.842,0.0,0.0,0.0,0.0000,0.0008,0.0115,0.2631,0.04,7.83
2,5,27.866,0.0,0.0,0.0,0.0001,0.0008,0.0115,0.2631,0.04,7.84
2,5,27.885,0.0,0.0,0.0,0.0000,0.0008,0.0115,0.2630,0.04,7.84
2,5,27.903,0.0,0.0,0.0,0.0000,0.0008,0.0115,0.2630,0.03,7.84
2,5,27.925,0.0,0.0,0.0,0.0000,0.0008,0.0115,0.2630,0.03,7.84
2,5,27.944,0.0,0.0,0.0,0.0000,0.0008,0.0115,0.2630,0.03,7.85
2,5,27.963,0.0,0.0,0.0,0.0000,0.0008,0.0115,0.2630,0.03,7.85
2,5,27.989,0.0,0.0,0.0,0.0000,0.0008,0.0115,0.2630,0.03,7.85
2,5,28.003,0.0,0.0,0.0,0.0000,0.0008,0.0115,0.2630,0.03,7.85
2,5,28.024,0.0,0.0,0.0,0.0000,0.0008,0.0115,0.2630,0.03,7.85
2,5,28.043,0.0,0.0,0.0,0.0000,0.0008,0.0115,0.2630,0.03,7.86
2,5,28.066,0.0,0.0,0.0,0.0001,0.0008,0.0115,0.2630,0.03,7.86
2,5,28.085,0.0,0.0,0.0,0.0000,0.0008,0.0115,0.2630,0.03,7.86
2,5,28.103,0.0,0.0,0.0,0.0000,0.0008,0.0115,0.2630,0.03,7.86
2,5,28.125,0.0,0.0,0.0,0.0000,0.0008,0.0115,0.2630,0.03,7.86
2,5,28.144,0.0,0.0,0.0,0.0000,0.0008,0.0115,0.2630,0.03,7.86
2,5,28.163,0.0,0.0,0.0,0.0000,0.0008,0.0115,0.2630,0.03,7.86
2,5,28.183,0.0,0.0,0.0,0.0000,0.0008,0.0115,0.2630,0.03,7.87
2,5,28.206,0.0,0.0,0.0,0.0000,0.0008,0.0115,0.2630,0.03,7.87
2,5,28.224,0.0,0.0,0.0,0.0000,0.0008,0.0115,0.2630,0.03,7.87
2,5,28.242,0.0,0.0,0.0,0.0000,0.0008,0.0115,0.2630,0.03,7.87
2,5,28.263,0.0,0.0,0.0,0.0000,0.0008,0.0115,0.2630,0.03,7.87
2,5,28.285,0.0,0.0,0.0,0.0000,0.0008,0.0115,0.2630,0.03,7.87
2,5,28.304,0.0,0.0,0.0,0.0000,0.0008,0.0115,0.2630,0.03,7.87
2,5,28.325,0.0,0.0,0.0,0.0000,0.0008,0.0115,0.2630,0.03,7.87
2,5,28.345,0.0,0.0,0.0,0.0000,0.0008,0.0114,0.2630,0.03,7.87
2,5,28.361,0.0,0.0,0.0,0.0000,0.0008,0.0114,0.2630,0.03,7.88
2,5,28.385,0.0,0.0,0.0,0.0000,0.0008,0.0114,0.2630,0.03,7.88
2,5,28.404,0.0,0.0,0.0,0.0000,0.0008,0.0114,0.2630,0.03,7.88
2,5,28.424,0.0,0.0,0.0,0.0000,0.0008,0.0114,0.2630,0.02,7.88
2,5,28.443,0.0,0.0,0.0,0.0000,0.0008,0.0114,0.2630,0.02,7.88
2,5,28.463,0.0,0.0,0.0,0.0000,0.0008,0.0114,0.2630,0.02,7.88
2,5,28.485,0.0,0.0,0.0,0.0000,0.0008,0.0114,0.2630,0.02,7.88
2,5,28.506,0.0,0.0,0.0,0.0000,0.0008,0.0114,0.2630,0.02,7.88
2,5,28.525,0.0,0.0,0.0,0.0000,0.0008,0.0114,0.2630,0.02,7.88
2,5,28.543,0.0,0.0,0.0,0.0000,0.0008,0.0114,0.2630,0.02,7.88
2,5,28.563,0.0,0.0,0.0,0.0000,0.0008,0.0114,0.2630,0.02,7.88
2,5,28.585,0.0,0.0,0.0,0.0000,0.0008,0.0114,0.2630,0.02,7.88
2,5,28.605,0.0,0.0,0.0,0.0000,0.0008,0.0114,0.2630,0.02,7.88
2,5,28.628,0.0,0.0,0.0,0.0000,0.0008,0.0114,0.2630,0.02,7.88
2,5,28.643,0.0,0.0,0.0,0.0001,0.0008,0.0114,0.2630,0.02,7.89
2,5,28.663,0.0,0.0,0.0,0.0000,0.0008,0.0114,0.2630,0.02,7.89
2,5,28.687,0.0,0.0,0.0,0.0000,0.0008,0.0114,0.2630,0.02,7.89
2,5,28.703,0.0,0.0,0.0,0.0000,0.0008,0.0114,0.2630,0.02,7.89
2,5,28.722,0.0,0.0,0.0,0.0000,0.0008,0.0114,0.2630,0.02,7.89
2,5,28.744,0.0,0.0,0.0,0.0000,0.0008,0.0114,0.2630,0.02,7.89
2,5,28.763,0.0,0.0,0.0,0.0000,0.0008,0.0114,0.2630,0.02,7.89
2,5,28.786,0.0,0.0,0.0,0.0000,0.0008,0.0114,0.2630,0.02,7.89
2,5,28.807,0.0,0.0,0.0,0.0000,0.0008,0.0114,0.2630,0.02,7.89
2,5,28.825,0.0,0.0,0.0,0.0000,0.0008,0.0113,0.2630,0.02,7.89
2,5,28.843,0.0,0.0,0.0,0.0000,0.0008,0.0113,0.2630,0.02,7.89
2,5,28.865,0.0,0.0,0.0,0.0000,0.0008,0.0113,0.2630,0.02,7.89
2,5,28.889,0.0,0.0,0.0,0.0000,0.0008,0.0113,0.2630,0.02,7.89
2,5,28.907,0.0,0.0,0.0,0.0000,0.0008,0.0113,0.2630,0.02,7.89
2,5,28.927,0.0,0.0,0.0,0.0000,0.0007,0.0113,0.2630,0.02,7.89
2,5,28.945,0.0,0.0,0.0,0.0001,0.0007,0.0113,0.2630,0.02,7.89
2,5,28.963,0.0,0.0,0.0,0.0000,0.0007,0.0113,0.2630,0.02,7.89
2,5,28.985,0.0,0.0,0.0,0.0000,0.0007,0.0113,0.2630,0.02,7.89
2,5,29.008,0.0,0.0,0.0,0.0000,0.0007,0.0113,0.2630,0.02,7.89
2,5,29.026,0.0,0.0,0.0,0.0000,0.0007,0.0113,0.2630,0.02,7.89
2,5,29.045,0.0,0.0,0.0,0.0000,0.0007,0.0113,0.2630,0.02,7.89
2,5,29.065,0.0,0.0,0.0,0.0000,0.0007,0.0113,0.2630,0.02,7.89
2,5,29.085,0.0,0.0,0.0,0.0000,0.0007,0.0113,0.2630,0.02,7.89
2,5,29.105,0.0,0.0,0.0,0.0000,0.0007,0.0113,0.2630,0.02,7.89
2,5,29.124,0.0,0.0,0.0,0.0000,0.0007,0.0113,0.2630,0.02,7.89
2,5,29.144,0.0,0.0,0.0,0.0000,0.0007,0.0113,0.2630,0.02,7.89
2,5,29.164,0.0,0.0,0.0,0.0000,0.0007,0.0113,0.2630,0.02,7.89
2,5,29.188,0.0,0.0,0.0,0.0000,0.0007,0.0113,0.2630,0.01,7.89
2,5,29.205,0.0,0.0,0.0,0.0000,0.0007,0.0113,0.2630,0.01,7.89
2,5,29.223,0.0,0.0,0.0,0.0000,0.0007,0.0112,0.2630,0.01,7.89
2,5,29.244,0.0,0.0,0.0,0.0000,0.0007,0.0112,0.2630,0.01,7.89
2,5,29.262,0.0,0.0,0.0,0.0000,0.0007,0.0112,0.2630,0.01,7.89
2,5,29.285,0.0,0.0,0.0,0.0000,0.0007,0.0112,0.2630,0.01,7.89
2,5,29.309,0.0,0.0,0.0,0.0000,0.0007,0.0112,0.2630,0.01,7.89
2,5,29.322,0.0,0.0,0.0,0.0001,0.0007,0.0112,0.2630,0.01,7.89
2,5,29.344,0.0,0.0,0.0,0.0000,0.0007,0.0112,0.2630,0.01,7.89
2,5,29.366,0.0,0.0,0.0,0.0000,0.0007,0.0112,0.2630,0.01,7.89
2,5,29.384,0.0,0.0,0.0,0.0000,0.0007,0.0112,0.2630,0.01,7.89
2,5,29.405,0.0,0.0,0.0,0.0000,0.0007,0.0112,0.2630,0.01,7.89
2,5,29.425,0.0,0.0,0.0,0.0000,0.0007,0.0112,0.2630,0.01,7.89
2,5,29.442,0.0,0.0,0.0,0.0000,0.0007,0.0112,0.2630,0.01,7.89
2,5,29.464,0.0,0.0,0.0,0.0000,0.0007,0.0112,0.2630,0.01,7.89
2,5,29.487,0.0,0.0,0.0,0.0000,0.0007,0.0112,0.2630,0.01,7.89
2,5,29.506,0.0,0.0,0.0,0.0000,0.0007,0.0112,0.2630,0.01,7.89
2,5,29.524,0.0,0.0,0.0,0.0000,0.0007,0.0112,0.2630,0.01,7.89
2,5,29.543,0.0,0.0,0.0,0.0000,0.0007,0.0112,0.2630,0.01,7.89
2,5,29.566,0.0,0.0,0.0,0.0000,0.0007,0.0112,0.2630,0.01,7.89
2,5,29.583,0.0,0.0,0.0,0.0000,0.0007,0.0112,0.2630,0.01,7.89
2,5,29.604,0.0,0.0,0.0,0.0000,0.0007,0.0111,0.2630,0.01,7.89
2,5,29.624,0.0,0.0,0.0,0.0000,0.0007,0.0111,0.2630,0.01,7.89
2,5,29.642,0.0,0.0,0.0,0.0000,0.0007,0.0111,0.2630,0.01,7.89
2,5,29.663,0.0,0.0,0.0,0.0000,0.0007,0.0111,0.2630,0.01,7.89
2,5,29.686,0.0,0.0,0.0,0.0000,0.0007,0.0111,0.2630,0.01,7.89
2,5,29.709,0.0,0.0,0.0,0.0000,0.0007,0.0111,0.2630,0.01,7.89
2,5,29.724,0.0,0.0,0.0,0.0000,0.0007,0.0111,0.2630,0.01,7.89
2,5,29.743,0.0,0.0,0.0,0.0000,0.0007,0.0111,0.2630,0.01,7.89
2,5,29.764,0.0,0.0,0.0,0.0000,0.0007,0.0111,0.2630,0.01,7.89
2,5,29.786,0.0,0.0,0.0,0.0000,0.0007,0.0111,0.2630,0.01,7.89
2,5,29.807,0.0,0.0,0.0,0.0000,0.0007,0.0111,0.2630,0.01,7.89
2,5,29.825,0.0,0.0,0.0,0.0000,0.0007,0.0111,0.2630,0.01,7.89
2,5,29.842,0.0,0.0,0.0,0.0000,0.0007,0.0111,0.2630,0.01,7.89
2,5,29.866,0.0,0.0,0.0,0.0000,0.0007,0.0111,0.2630,0.01,7.89
2,5,29.885,0.0,0.0,0.0,0.0000,0.0007,0.0111,0.2630,0.01,7.89
2,5,29.904,0.0,0.0,0.0,0.0000,0.0007,0.0111,0.2630,0.01,7.89
2,5,29.926,0.0,0.0,0.0,0.0000,0.0007,0.0111,0.2630,0.01,7.89
2,5,29.944,0.0,0.0,0.0,0.0000,0.0007,0.0111,0.2630,0.01,7.89
2,5,29.965,0.0,0.0,0.0,0.0000,0.0007,0.0111,0.2630,0.01,7.89
2,5,29.985,0.0,0.0,0.0,0.0000,0.0007,0.0110,0.2630,0.01,7.89
2,5,30.005,0.0,0.0,0.0,0.0000,0.0007,0.0110,0.2630,0.01,7.89
2,5,30.023,0.0,0.0,0.0,0.0000,0.0007,0.0110,0.2630,0.01,7.89
2,5,30.043,0.0,0.0,0.0,0.0000,0.0007,0.0110,0.2630,0.01,7.89
2,5,30.064,0.0,0.0,0.0,0.0000,0.0007,0.0110,0.2630,0.01,7.89
2,5,30.083,0.0,0.0,0.0,0.0000,0.0007,0.0110,0.2630,0.01,7.89
3,0,0.001,0.0,0.0,0.0,0.0000,0.0000,0.0965,0.2231,0.20,10.99
3,0,0.025,0.0,0.0,0.0,0.0001,-0.0214,0.0956,0.2232,65.70,36.07
3,0,0.045,0.0,0.0,0.0,0.0483,-0.0807,0.0887,0.2249,197.98,37.75
3,0,0.066,0.0,0.0,0.0,0.1338,0.0162,0.0762,0.2269,262.69,35.43
3,0,0.084,0.0,0.0,0.0,0.2125,0.1823,0.0578,0.2310,173.27,23.87
3,0,0.103,0.0,0.0,0.0,0.2302,0.2081,0.0500,0.2375,124.21,18.61
3,0,0.123,0.0,0.0,0.0,0.3261,0.1232,0.0454,0.2441,110.35,18.37
3,0,0.144,0.0,0.0,0.0,0.2687,-0.0804,0.0406,0.2528,68.49,8.45
3,0,0.164,0.0,0.0,0.0,0.2440,-0.1790,0.0349,0.2593,48.10,6.47
3,0,0.183,0.0,0.0,0.0,0.3437,-0.2525,0.0279,0.2627,31.03,7.00
3,0,0.204,0.0,0.0,0.0,0.2478,-0.3403,0.0173,0.2674,23.03,6.21
3,0,0.223,0.0,0.0,0.0,0.2645,-0.3887,0.0113,0.2695,29.07,7.28
3,0,0.245,0.0,0.0,0.0,0.3194,-0.3739,0.0124,0.2713,6.88,8.36
3,0,0.270,0.0,0.0,0.0,0.1617,-0.3200,0.0156,0.2716,5.09,7.17
3,0,0.284,0.0,0.0,0.0,0.2633,-0.2619,0.0175,0.2717,6.80,6.15
3,0,0.303,0.0,0.0,0.0,0.3139,-0.2188,0.0159,0.2716,9.71,8.07
3,0,0.323,0.0,0.0,0.0,0.1552,-0.1779,0.0076,0.2714,9.48,7.16
3,0,0.345,0.0,0.0,0.0,0.1930,-0.1459,0.0044,0.2713,6.01,7.14
3,0,0.365,0.0,0.0,0.0,0.1049,-0.1103,0.0082,0.2712,8.16,7.15
3,0,0.384,0.0,0.0,0.0,0.0706,-0.0957,0.0126,0.2713,6.08,7.10
3,0,0.403,0.0,0.0,0.0,0.0337,-0.0991,0.0153,0.2714,1.88,7.00
3,0,0.423,0.0,0.0,0.0,-0.0023,-0.0770,0.0116,0.2712,4.63,7.40
3,0,0.445,0.0,0.0,0.0,-0.0302,-0.0639,0.0098,0.2712,4.01,7.33
3,0,0.466,0.0,0.0,0.0,-0.0421,-0.0486,0.0098,0.2712,5.88,6.60
3,0,0.486,0.0,0.0,0.0,-0.0643,-0.0528,0.0134,0.2712,6.27,5.93
3,0,0.503,0.0,0.0,0.0,-0.1688,-0.0523,0.0155,0.2711,5.33,5.87
3,0,0.524,0.0,0.0,0.0,-0.1106,-0.0542,0.0149,0.2709,5.02,6.76
3,0,0.544,0.0,0.0,0.0,-0.1276,-0.0432,0.0136,0.2706,5.53,6.17
3,0,0.569,0.0,0.0,0.0,-0.1629,-0.0369,0.0137,0.2703,6.02,6.54
3,0,0.585,0.0,0.0,0.0,-0.1301,-0.0350,0.0148,0.2699,6.67,6.65
3,0,0.605,0.0,0.0,0.0,-0.0494,-0.0344,0.0154,0.2695,6.63,6.80
3,0,0.625,0.0,0.0,0.0,-0.1879,-0.0271,0.0153,0.2688,7.67,6.84
3,0,0.646,0.0,0.0,0.0,-0.1130,-0.0197,0.0145,0.2682,8.03,6.88
3,0,0.673,0.0,0.0,0.0,-0.0888,-0.0288,0.0136,0.2671,9.16,8.25
3,0,0.688,0.0,0.0,0.0,-0.0847,-0.0352,0.0135,0.2665,9.02,8.40
3,0,0.704,0.0,0.0,0.0,-0.1332,-0.0426,0.0138,0.2657,8.64,9.18
3,0,0.724,0.0,0.0,0.0,-0.0636,-0.0469,0.0142,0.2651,7.43,9.25
3,0,0.745,0.0,0.0,0.0,-0.0641,-0.0428,0.0140,0.2645,5.99,9.36
3,0,0.764,0.0,0.0,0.0,-0.0302,-0.0267,0.0133,0.2640,4.09,9.24
3,0,0.785,0.0,0.0,0.0,-0.0115,-0.0184,0.0128,0.2637,3.34,9.12
3,0,0.804,0.0,0.0,0.0,-0.0065,-0.0087,0.0118,0.2634,2.23,9.04
3,0,0.824,0.0,0.0,0.0,0.0067,-0.0069,0.0112,0.2633,1.81,8.86
3,0,0.844,0.0,0.0,0.0,0.0130,-0.0079,0.0106,0.2631,1.76,8.66
3,0,0.871,0.0,0.0,0.0,0.0201,-0.0102,0.0100,0.2629,1.63,8.45
3,0,0.884,0.0,0.0,0.0,0.0251,-0.0124,0.0095,0.2628,1.57,8.45
3,0,0.906,0.0,0.0,0.0,0.0235,-0.0137,0.0092,0.2628,1.48,8.24
3,0,0.926,0.0,0.0,0.0,0.0229,-0.0157,0.0085,0.2627,1.36,7.99
3,0,0.945,0.0,0.0,0.0,0.0257,-0.0167,0.0080,0.2627,1.30,7.99
3,0,0.965,0.0,0.0,0.0,0.0242,-0.0167,0.0076,0.2626,1.21,7.89
3,0,0.986,0.0,0.0,0.0,0.0202,-0.0162,0.0071,0.2626,1.07,7.81
3,0,1.004,0.0,0.0,0.0,0.0261,-0.0151,0.0065,0.2626,1.03,7.78
3,0,1.024,0.0,0.0,0.0,0.0239,-0.0139,0.0060,0.2626,1.00,7.77
3,0,1.048,0.0,0.0,0.0,0.0304,-0.0125,0.0054,0.2626,0.93,7.68
3,0,1.065,0.0,0.0,0.0,0.0193,-0.0101,0.0047,0.2626,0.84,7.67
3,0,1.088,0.0,0.0,0.0,0.0152,-0.0085,0.0043,0.2627,0.75,7.58
3,0,1.104,0.0,0.0,0.0,0.0205,-0.0061,0.0037,0.2627,0.61,7.53
3,0,1.123,0.0,0.0,0.0,0.0103,-0.0044,0.0034,0.2627,0.50,7.53
3,0,1.144,0.0,0.0,0.0,0.0063,-0.0029,0.0031,0.2627,0.32,7.49
3,0,1.165,0.0,0.0,0.0,0.0035,-0.0012,0.0029,0.2627,0.17,7.43
3,0,1.186,0.0,0.0,0.0,0.0015,-0.0007,0.0028,0.2627,0.10,7.40
3,0,1.205,0.0,0.0,0.0,0.0003,-0.0007,0.0028,0.2627,0.10,7.40
3,0,1.223,0.0,0.0,0.0,0.0010,-0.0007,0.0027,0.2627,0.10,7.36
3,0,1.245,0.0,0.0,0.0,0.0007,-0.0007,0.0026,0.2627,0.10,7.35
3,0,1.265,0.0,0.0,0.0,0.0007,-0.0007,0.0025,0.2627,0.10,7.35
3,0,1.284,0.0,0.0,0.0,0.0011,-0.0007,0.0024,0.2627,0.09,7.35
3,0,1.303,0.0,0.0,0.0,0.0006,-0.0007,0.0023,0.2627,0.09,7.36
3,0,1.323,0.0,0.0,0.0,0.0005,-0.0007,0.0023,0.2627,0.08,7.36
3,0,1.345,0.0,0.0,0.0,0.0010,-0.0007,0.0022,0.2627,0.07,7.37
3,0,1.366,0.0,0.0,0.0,0.0006,-0.0006,0.0021,0.2627,0.07,7.37
3,0,1.386,0.0,0.0,0.0,0.0007,-0.0006,0.0021,0.2627,0.06,7.37
3,0,1.403,0.0,0.0,0.0,0.0007,-0.0006,0.0020,0.2627,0.06,7.38
3,0,1.423,0.0,0.0,0.0,0.0009,-0.0006,0.0019,0.2627,0.06,7.38
3,0,1.443,0.0,0.0,0.0,0.0004,-0.0006,0.0018,0.2627,0.06,7.39
3,0,1.465,0.0,0.0,0.0,0.0010,-0.0006,0.0018,0.2627,0.06,7.39
3,0,1.485,0.0,0.0,0.0,0.0008,-0.0006,0.0017,0.2627,0.05,7.40
3,0,1.503,0.0,0.0,0.0,0.0002,-0.0006,0.0016,0.2627,0.05,7.40
3,0,1.523,0.0,0.0,0.0,0.0008,-0.0006,0.0016,0.2627,0.05,7.41
3,0,1.545,0.0,0.0,0.0,0.0006,-0.0006,0.0015,0.2627,0.05,7.41
3,0,1.565,0.0,0.0,0.0,0.0007,-0.0006,0.0015,0.2627,0.05,7.41
3,0,1.585,0.0,0.0,0.0,0.0007,-0.0006,0.0014,0.2627,0.05,7.41
3,0,1.603,0.0,0.0,0.0,0.0005,-0.0006,0.0014,0.2627,0.05,7.42
3,0,1.623,0.0,0.0,0.0,0.0004,-0.0006,0.0013,0.2627,0.05,7.42
3,0,1.645,0.0,0.0,0.0,0.0009,-0.0006,0.0013,0.2627,0.05,7.42
3,0,1.666,0.0,0.0,0.0,0.0006,-0.0006,0.0012,0.2627,0.05,7.43
3,0,1.687,0.0,0.0,0.0,0.0005,-0.0006,0.0012,0.2627,0.05,7.43
3,0,1.703,0.0,0.0,0.0,0.0005,-0.0006,0.0011,0.2627,0.05,7.44
3,0,1.723,0.0,0.0,0.0,0.0006,-0.0006,0.0011,0.2627,0.05,7.44
3,0,1.746,0.0,0.0,0.0,0.0003,-0.0006,0.0011,0.2627,0.05,7.44
3,0,1.766,0.0,0.0,0.0,0.0007,-0.0006,0.0011,0.2627,0.05,7.44
3,0,1.784,0.0,0.0,0.0,0.0004,-0.0006,0.0010,0.2627,0.04,7.44
3,0,1.803,0.0,0.0,0.0,0.0003,-0.0006,0.0010,0.2627,0.04,7.45
3,0,1.823,0.0,0.0,0.0,0.0008,-0.0006,0.0010,0.2627,0.04,7.45
3,0,1.845,0.0,0.0,0.0,0.0005,-0.0006,0.0010,0.2627,0.04,7.45
3,0,1.871,0.0,0.0,0.0,0.0004,-0.0006,0.0010,0.2627,0.04,7.45
3,0,1.886,0.0,0.0,0.0,0.0006,-0.0006,0.0009,0.2627,0.04,7.46
3,0,1.902,0.0,0.0,0.0,0.0006,-0.0006,0.0009,0.2628,0.04,7.46
3,0,1.923,0.0,0.0,0.0,0.0004,-0.0006,0.0009,0.2628,0.04,7.46
3,0,1.949,0.0,0.0,0.0,0.0006,-0.0005,0.0009,0.2628,0.04,7.46
3,0,1.964,0.0,0.0,0.0,0.0004,-0.0005,0.0009,0.2628,0.04,7.46
3,0,1.984,0.0,0.0,0.0,0.0005,-0.0005,0.0009,0.2628,0.04,7.46
3,0,2.002,0.0,0.0,0.0,0.0004,-0.0005,0.0008,0.2628,0.04,7.47
3,0,2.025,0.0,0.0,0.0,0.0006,-0.0005,0.0008,0.2628,0.04,7.47
3,0,2.045,0.0,0.0,0.0,0.0004,-0.0005,0.0008,0.2628,0.04,7.47
3,0,2.066,0.0,0.0,0.0,0.0005,-0.0005,0.0008,0.2628,0.04,7.47
3,0,2.083,0.0,0.0,0.0,0.0004,-0.0005,0.0008,0.2628,0.04,7.47
3,0,2.103,0.0,0.0,0.0,0.0005,-0.0005,0.0008,0.2628,0.04,7.47
3,0,2.123,0.0,0.0,0.0,0.0004,-0.0005,0.0008,0.2628,0.04,7.47
3,0,2.149,0.0,0.0,0.0,0.0004,-0.0005,0.0008,0.2628,0.04,7.47
3,0,2.165,0.0,0.0,0.0,0.0002,-0.0005,0.0009,0.2628,0.04,7.47
3,0,2.185,0.0,0.0,0.0,0.0005,-0.0005,0.0009,0.2628,0.04,7.47
3,0,2.203,0.0,0.0,0.0,0.0003,-0.0005,0.0009,0.2628,0.04,7.48
3,0,2.226,0.0,0.0,0.0,0.0004,-0.0005,0.0009,0.2628,0.04,7.48
3,0,2.245,0.0,0.0,0.0,0.0004,-0.0005,0.0009,0.2628,0.04,7.48
3,0,2.267,0.0,0.0,0.0,0.0004,-0.0005,0.0009,0.2628,0.04,7.48
3,0,2.286,0.0,0.0,0.0,0.0004,-0.0005,0.0009,0.2628,0.04,7.48
3,0,2.303,0.0,0.0,0.0,0.0003,-0.0005,0.0009,0.2628,0.04,7.48
3,0,2.324,0.0,0.0,0.0,0.0004,-0.0005,0.0009,0.2628,0.04,7.48
3,0,2.343,0.0,0.0,0.0,0.0005,-0.0005,0.0009,0.2628,0.04,7.48
3,0,2.369,0.0,0.0,0.0,0.0003,-0.0005,0.0010,0.2628,0.03,7.48
3,0,2.384,0.0,0.0,0.0,0.0004,-0.0005,0.0010,0.2628,0.03,7.48
3,0,2.403,0.0,0.0,0.0,0.0004,-0.0005,0.0010,0.2628,0.03,7.48
3,0,2.423,0.0,0.0,0.0,0.0004,-0.0005,0.0010,0.2628,0.03,7.48
3,0,2.445,0.0,0.0,0.0,0.0005,-0.0005,0.0010,0.2628,0.03,7.48
3,0,2.469,0.0,0.0,0.0,0.0003,-0.0005,0.0010,0.2629,0.03,7.48
3,0,2.484,0.0,0.0,0.0,0.0003,-0.0005,0.0010,0.2629,0.03,7.48
3,0,2.504,0.0,0.0,0.0,0.0003,-0.0005,0.0010,0.2629,0.03,7.48
3,0,2.524,0.0,0.0,0.0,0.0004,-0.0005,0.0010,0.2629,0.03,7.48
3,0,2.545,0.0,0.0,0.0,0.0003,-0.0005,0.0010,0.2629,0.03,7.48
3,0,2.565,0.0,0.0,0.0,0.0003,-0.0005,0.0010,0.2629,0.03,7.48
3,0,2.585,0.0,0.0,0.0,0.0004,-0.0005,0.0010,0.2629,0.03,7.48
3,0,2.603,0.0,0.0,0.0,0.0004,-0.0005,0.0011,0.2629,0.03,7.48
3,0,2.624,0.0,0.0,0.0,0.0003,-0.0005,0.0011,0.2629,0.03,7.48
3,0,2.645,0.0,0.0,0.0,0.0003,-0.0005,0.0011,0.2629,0.03,7.48
3,0,2.668,0.0,0.0,0.0,0.0004,-0.0005,0.0011,0.2629,0.03,7.48
3,0,2.685,0.0,0.0,0.0,0.0005,-0.0005,0.0011,0.2629,0.03,7.48
3,0,2.704,0.0,0.0,0.0,0.0003,-0.0005,0.0011,0.2629,0.03,7.48
3,0,2.723,0.0,0.0,0.0,0.0003,-0.0005,0.0011,0.2629,0.03,7.48
3,0,2.743,0.0,0.0,0.0,0.0003,-0.0005,0.0011,0.2629,0.03,7.48
3,0,2.765,0.0,0.0,0.0,0.0004,-0.0005,0.0011,0.2629,0.03,7.48
3,0,2.784,0.0,0.0,0.0,0.0004,-0.0005,0.0011,0.2629,0.03,7.48
3,0,2.802,0.0,0.0,0.0,0.0002,-0.0005,0.0012,0.2629,0.03,7.48
3,0,2.823,0.0,0.0,0.0,0.0005,-0.0005,0.0012,0.2629,0.03,7.48
3,0,2.848,0.0,0.0,0.0,0.0004,-0.0005,0.0012,0.2629,0.03,7.48
3,0,2.865,0.0,0.0,0.0,0.0003,-0.0005,0.0012,0.2629,0.03,7.48
3,0,2.885,0.0,0.0,0.0,0.0004,-0.0005,0.0012,0.2629,0.03,7.48
3,0,2.903,0.0,0.0,0.0,0.0003,-0.0005,0.0012,0.2629,0.03,7.48
3,0,2.925,0.0,0.0,0.0,0.0004,-0.0005,0.0012,0.2629,0.03,7.48
3,0,2.945,0.0,0.0,0.0,0.0003,-0.0005,0.0012,0.2629,0.03,7.48
3,0,2.965,0.0,0.0,0.0,0.0003,-0.0005,0.0012,0.2629,0.03,7.48
3,0,2.986,0.0,0.0,0.0,0.0003,-0.0005,0.0013,0.2629,0.03,7.48
3,1,3.010,0.3,0.0,0.0,0.0008,-0.0005,0.0013,0.2629,0.03,7.48
3,1,3.023,0.3,0.0,0.0,0.0003,-0.0005,0.0013,0.2629,0.03,7.48
3,1,3.050,0.3,0.0,0.0,0.0097,-0.0184,0.0006,0.2627,18.61,12.63
3,1,3.063,0.3,0.0,0.0,0.0270,-0.0124,0.0008,0.2615,11.94,12.33
3,1,3.083,0.3,0.0,0.0,0.0256,-0.0007,0.0020,0.2599,9.24,13.94
3,1,3.103,0.3,0.0,0.0,0.0350,-0.0049,0.0018,0.2574,11.94,15.48
3,1,3.123,0.3,0.0,0.0,0.0411,-0.0070,0.0039,0.2564,8.32,15.72
3,1,3.150,0.3,0.0,0.0,0.0453,-0.0092,0.0071,0.2553,9.40,15.78
3,1,3.168,0.3,0.0,0.0,0.0418,-0.0085,0.0083,0.2548,8.42,15.88
3,1,3.186,0.3,0.0,0.0,0.0487,-0.0086,0.0094,0.2546,9.11,15.42
3,1,3.203,0.3,0.0,0.0,0.0887,-0.0070,0.0097,0.2544,9.58,15.08
3,1,3.223,0.3,0.0,0.0,0.0474,-0.0020,0.0099,0.2550,13.75,14.53
3,1,3.245,0.3,0.0,0.0,0.1061,-0.0030,0.0106,0.2572,14.92,14.32
3,1,3.263,0.3,0.0,0.0,0.0693,0.0025,0.0139,0.2603,25.24,12.20
3,1,3.284,0.3,0.0,0.0,0.1354,-0.0285,0.0188,0.2657,44.25,10.62
3,1,3.303,0.3,0.0,0.0,0.1072,-0.0032,0.0228,0.2697,12.77,11.67
3,1,3.326,0.3,0.0,0.0,0.1184,0.0235,0.0207,0.2707,7.91,14.13
3,1,3.345,0.3,0.0,0.0,0.1299,0.0369,0.0166,0.2703,8.88,13.69
3,1,3.364,0.3,0.0,0.0,0.1640,0.0512,0.0109,0.2677,15.49,14.05
3,1,3.384,0.3,0.0,0.0,0.1662,0.0339,0.0080,0.2646,8.47,14.07
3,1,3.403,0.3,0.0,0.0,0.1189,0.0102,0.0067,0.2614,5.31,14.28
3,1,3.423,0.3,0.0,0.0,0.1317,0.0029,0.0067,0.2595,3.63,14.35
3,1,3.456,0.3,0.0,0.0,0.1071,0.0024,0.0067,0.2582,3.92,14.13
3,1,3.470,0.3,0.0,0.0,0.0881,0.0063,0.0066,0.2570,4.31,13.92
3,1,3.484,0.3,0.0,0.0,0.2076,0.0072,0.0066,0.2568,3.89,13.59
3,1,3.503,0.3,0.0,0.0,0.1289,-0.0009,0.0075,0.2569,4.83,12.76
3,1,3.523,0.3,0.0,0.0,0.1637,-0.0076,0.0091,0.2583,6.40,12.96
3,1,3.545,0.3,0.0,0.0,0.1327,-0.0067,0.0089,0.2604,12.59,13.17
3,1,3.566,0.3,0.0,0.0,0.1599,-0.0013,0.0078,0.2628,5.73,13.11
3,1,3.584,0.3,0.0,0.0,0.0868,0.0191,0.0036,0.2685,15.02,10.90
3,1,3.602,0.3,0.0,0.0,0.1459,0.0692,0.0007,0.2729,10.88,7.04
3,1,3.623,0.3,0.0,0.0,0.1901,0.0394,0.0025,0.2732,6.11,10.45
3,1,3.649,0.3,0.0,0.0,0.1271,-0.0370,0.0020,0.2713,27.21,15.53
3,1,3.665,0.3,0.0,0.0,0.1564,-0.0561,0.0009,0.2684,20.25,15.13
3,1,3.689,0.3,0.0,0.0,0.0624,-0.0349,0.0014,0.2659,6.50,14.95
3,1,3.705,0.3,0.0,0.0,0.2446,-0.0286,0.0056,0.2627,12.24,13.64
3,1,3.723,0.3,0.0,0.0,0.1106,-0.0169,0.0074,0.2608,12.73,14.32
3,1,3.743,0.3,0.0,0.0,0.1258,-0.0097,0.0084,0.2603,9.25,14.32
3,1,3.764,0.3,0.0,0.0,0.1633,-0.0029,0.0078,0.2591,6.90,14.18
3,1,3.786,0.3,0.0,0.0,0.1519,0.0051,0.0064,0.2586,7.01,13.32
3,1,3.805,0.3,0.0,0.0,0.2372,0.0114,0.0055,0.2582,7.58,13.19
3,1,3.823,0.3,0.0,0.0,0.0931,0.0173,0.0054,0.2580,7.55,12.71
3,1,3.851,0.3,0.0,0.0,0.1607,0.0358,0.0062,0.2597,18.16,11.66
3,1,3.868,0.3,0.0,0.0,0.0000,0.0357,0.0062,0.2636,19.74,11.15
3,1,3.884,0.3,0.0,0.0,0.2193,0.0219,0.0059,0.2681,16.62,9.72
3,1,3.902,0.3,0.0,0.0,0.1910,-0.0089,0.0064,0.2732,45.22,6.68
3,1,3.923,0.3,0.0,0.0,0.0614,0.0068,0.0070,0.2754,6.72,7.09
3,1,3.948,0.3,0.0,0.0,0.2819,0.0291,0.0056,0.2744,20.82,14.23
3,1,3.965,0.3,0.0,0.0,0.1442,0.0607,0.0055,0.2694,19.79,13.79
3,1,3.986,0.3,0.0,0.0,0.1558,0.0497,0.0077,0.2667,19.39,13.64
3,1,4.003,0.3,0.0,0.0,0.1974,0.0185,0.0104,0.2630,11.41,13.60
3,1,4.023,0.3,0.0,0.0,0.1353,0.0042,0.0094,0.2590,4.83,13.63
3,1,4.045,0.3,0.0,0.0,0.1322,0.0033,0.0087,0.2582,4.65,13.63
3,1,4.066,0.3,0.0,0.0,0.1741,0.0051,0.0080,0.2567,5.21,12.99
3,1,4.084,0.3,0.0,0.0,0.2054,0.0023,0.0082,0.2565,5.44,12.44
3,1,4.106,0.3,0.0,0.0,0.1479,-0.0076,0.0094,0.2573,6.01,12.19
3,1,4.124,0.3,0.0,0.0,0.1788,-0.0059,0.0102,0.2583,6.04,12.17
3,1,4.145,0.3,0.0,0.0,0.1790,-0.0104,0.0107,0.2594,19.71,11.92
3,1,4.168,0.3,0.0,0.0,0.1316,-0.0089,0.0094,0.2638,12.34,11.86
3,1,4.183,0.3,0.0,0.0,0.1579,0.0208,0.0063,0.2694,7.01,11.65
3,1,4.203,0.3,0.0,0.0,0.1971,0.0625,0.0047,0.2733,10.08,6.79
3,1,4.225,0.3,0.0,0.0,0.1203,0.0501,0.0019,0.2738,13.01,9.72
3,1,4.244,0.3,0.0,0.0,0.1694,-0.0248,0.0014,0.2717,30.29,15.40
3,1,4.274,0.3,0.0,0.0,0.1767,-0.0357,0.0041,0.2667,21.06,14.71
3,1,4.284,0.3,0.0,0.0,0.0955,-0.0305,0.0050,0.2663,7.76,14.47
3,1,4.305,0.3,0.0,0.0,0.1734,-0.0339,0.0080,0.2646,12.58,13.79
3,1,4.323,0.3,0.0,0.0,0.1056,-0.0166,0.0103,0.2613,9.56,13.87
3,1,4.344,0.3,0.0,0.0,0.1222,-0.0045,0.0098,0.2605,7.94,13.94
3,1,4.363,0.3,0.0,0.0,0.1696,0.0064,0.0082,0.2590,6.36,13.69
3,1,4.386,0.3,0.0,0.0,0.0822,0.0096,0.0073,0.2587,6.85,13.21
3,1,4.403,0.3,0.0,0.0,0.1932,0.0114,0.0066,0.2583,7.32,12.70
3,1,4.423,0.3,0.0,0.0,0.1462,0.0178,0.0069,0.2582,7.05,12.54
3,1,4.443,0.3,0.0,0.0,0.1471,0.0245,0.0070,0.2590,8.07,12.07
3,1,4.464,0.3,0.0,0.0,0.1770,0.0271,0.0063,0.2632,18.60,11.07
3,1,4.483,0.3,0.0,0.0,0.1599,0.0098,0.0053,0.2690,15.85,9.67
3,1,4.503,0.3,0.0,0.0,0.1017,-0.0088,0.0057,0.2736,14.09,9.70
3,1,4.523,0.3,0.0,0.0,0.2784,0.0061,0.0062,0.2751,7.84,10.97
3,1,4.544,0.3,0.0,0.0,0.1668,0.0407,0.0049,0.2740,14.67,12.70
3,1,4.565,0.3,0.0,0.0,0.1551,0.0618,0.0056,0.2716,26.06,13.43
3,1,4.586,0.3,0.0,0.0,0.1335,0.0298,0.0100,0.2656,10.79,13.60
3,1,4.603,0.3,0.0,0.0,0.1404,0.0186,0.0106,0.2638,13.08,13.59
3,1,4.624,0.3,0.0,0.0,0.0765,0.0126,0.0105,0.2616,5.90,13.69
3,1,4.648,0.3,0.0,0.0,0.1736,0.0050,0.0097,0.2589,4.26,13.68
3,1,4.667,0.3,0.0,0.0,0.1683,0.0083,0.0091,0.2576,4.49,13.25
3,1,4.685,0.3,0.0,0.0,0.1109,0.0050,0.0090,0.2569,4.93,12.81
3,1,4.704,0.3,0.0,0.0,0.1889,0.0003,0.0093,0.2569,5.22,12.55
3,1,4.723,0.3,0.0,0.0,0.1632,-0.0047,0.0100,0.2577,6.11,12.54
3,1,4.746,0.3,0.0,0.0,0.1283,-0.0106,0.0101,0.2602,25.83,12.46
3,1,4.764,0.3,0.0,0.0,0.1964,-0.0035,0.0085,0.2649,9.21,12.41
3,1,4.786,0.3,0.0,0.0,0.1531,0.0347,0.0054,0.2700,17.83,10.25
3,1,4.806,0.3,0.0,0.0,0.1303,0.0672,0.0027,0.2744,7.18,5.83
3,1,4.822,0.3,0.0,0.0,0.2055,0.0279,0.0000,0.2736,10.86,6.90
3,1,4.845,0.3,0.0,0.0,0.1879,-0.0218,0.0006,0.2726,15.51,14.80
3,1,4.867,0.3,0.0,0.0,0.0949,-0.0465,0.0015,0.2696,14.49,14.41
3,1,4.883,0.3,0.0,0.0,0.1040,-0.0286,0.0044,0.2671,8.58,13.47
3,1,4.903,0.3,0.0,0.0,0.1902,-0.0210,0.0077,0.2640,7.91,13.97
3,1,4.923,0.3,0.0,0.0,0.1260,-0.0060,0.0079,0.2624,6.68,13.75
3,1,4.945,0.3,0.0,0.0,0.1759,0.0030,0.0070,0.2612,8.47,13.65
3,1,4.972,0.3,0.0,0.0,0.1099,0.0115,0.0053,0.2598,7.00,13.13
3,1,4.985,0.3,0.0,0.0,0.2090,0.0130,0.0045,0.2592,6.77,12.96
3,1,5.003,0.3,0.0,0.0,0.1855,0.0128,0.0048,0.2588,8.09,12.28
3,1,5.024,0.3,0.0,0.0,0.1450,0.0216,0.0061,0.2590,7.56,11.83
3,1,5.045,0.3,0.0,0.0,0.1497,0.0306,0.0062,0.2605,13.65,11.84
3,1,5.063,0.3,0.0,0.0,0.1446,0.0254,0.0052,0.2644,15.54,11.27
3,1,5.086,0.3,0.0,0.0,0.1786,0.0112,0.0040,0.2704,19.98,9.67
3,1,5.101,0.3,0.0,0.0,0.1761,-0.0114,0.0046,0.2755,15.88,6.40
3,1,5.124,0.3,0.0,0.0,0.2210,0.0039,0.0054,0.2760,8.46,11.07
3,1,5.145,0.3,0.0,0.0,0.1271,0.0555,0.0035,0.2747,16.41,13.67
3,1,5.167,0.3,0.0,0.0,0.1755,0.0691,0.0041,0.2707,23.64,12.96
3,1,5.186,0.3,0.0,0.0,0.1867,0.0214,0.0084,0.2656,10.50,13.14
3,1,5.205,0.3,0.0,0.0,0.1088,0.0046,0.0093,0.2627,6.07,13.27
3,1,5.228,0.3,0.0,0.0,0.2202,0.0035,0.0088,0.2598,4.48,13.52
3,1,5.245,0.3,0.0,0.0,0.1247,0.0068,0.0083,0.2583,3.55,13.20
3,1,5.266,0.3,0.0,0.0,0.1624,0.0063,0.0082,0.2574,4.10,13.11
3,1,5.288,0.3,0.0,0.0,0.1209,-0.0009,0.0089,0.2571,4.07,12.46
3,1,5.302,0.3,0.0,0.0,0.1828,-0.0017,0.0095,0.2573,4.47,12.25
3,1,5.323,0.3,0.0,0.0,0.1302,-0.0103,0.0102,0.2586,9.98,12.30
3,1,5.345,0.3,0.0,0.0,0.1721,-0.0061,0.0099,0.2609,8.55,12.26
3,1,5.367,0.3,0.0,0.0,0.1430,0.0032,0.0081,0.2657,30.61,11.60
3,1,5.387,0.3,0.0,0.0,0.0871,0.0170,0.0066,0.2696,38.31,11.60
3,1,5.404,0.3,0.0,0.0,0.2821,0.0815,0.0042,0.2737,25.68,7.32
3,1,5.424,0.3,0.0,0.0,0.1467,0.0391,0.0027,0.2740,4.40,9.67
3,1,5.443,0.3,0.0,0.0,0.1329,-0.0122,0.0018,0.2729,22.39,14.94
3,1,5.464,0.3,0.0,0.0,0.1665,-0.0418,0.0031,0.2693,23.24,14.97
3,1,5.486,0.3,0.0,0.0,0.1353,-0.0342,0.0068,0.2654,9.42,13.97
3,1,5.504,0.3,0.0,0.0,0.0502,-0.0340,0.0080,0.2638,8.24,14.25
3,1,5.523,0.3,0.0,0.0,0.1921,-0.0200,0.0098,0.2612,6.79,14.47
3,1,5.544,0.3,0.0,0.0,0.1708,-0.0089,0.0092,0.2603,6.71,14.18
3,1,5.564,0.3,0.0,0.0,0.1762,-0.0017,0.0080,0.2592,6.11,13.85
3,1,5.583,0.3,0.0,0.0,0.1751,0.0058,0.0063,0.2582,6.74,13.15
3,1,5.603,0.3,0.0,0.0,0.1433,0.0143,0.0056,0.2578,7.31,12.46
3,1,5.623,0.3,0.0,0.0,0.1464,0.0171,0.0057,0.2578,8.21,12.04
3,1,5.647,0.3,0.0,0.0,0.1441,0.0272,0.0053,0.2606,16.21,11.72
3,1,5.663,0.3,0.0,0.0,0.1973,0.0273,0.0047,0.2632,27.46,11.25
3,1,5.689,0.3,0.0,0.0,0.1606,0.0010,0.0041,0.2714,10.69,9.97
3,1,5.703,0.3,0.0,0.0,0.2288,0.0050,0.0054,0.2744,8.52,6.46
3,1,5.723,0.3,0.0,0.0,0.1651,0.0359,0.0052,0.2745,4.07,12.56
3,1,5.745,0.3,0.0,0.0,0.1447,0.0568,0.0025,0.2719,52.53,13.12
3,1,5.764,0.3,0.0,0.0,0.1902,0.0350,0.0024,0.2673,23.90,13.37
3,1,5.786,0.3,0.0,0.0,0.1993,0.0081,0.0040,0.2648,12.73,13.59
3,1,5.806,0.3,0.0,0.0,0.1394,0.0016,0.0046,0.2609,5.01,13.71
3,1,5.823,0.3,0.0,0.0,0.1424,0.0014,0.0047,0.2598,3.26,13.65
3,1,5.849,0.3,0.0,0.0,0.1714,0.0046,0.0050,0.2580,3.03,13.15
3,1,5.868,0.3,0.0,0.0,0.0998,0.0039,0.0055,0.2571,3.87,12.67
3,1,5.885,0.3,0.0,0.0,0.2148,0.0014,0.0063,0.2569,4.25,12.48
3,1,5.905,0.3,0.0,0.0,0.1096,-0.0046,0.0083,0.2574,5.80,12.41
3,1,5.923,0.3,0.0,0.0,0.1772,-0.0112,0.0088,0.2588,7.45,12.31
3,1,5.945,0.3,0.0,0.0,0.1421,-0.0122,0.0080,0.2614,13.29,11.98
3,1,5.965,0.3,0.0,0.0,0.1257,-0.0081,0.0069,0.2638,6.01,12.00
3,1,5.987,0.3,0.0,0.0,0.1082,0.0486,0.0044,0.2729,13.05,9.85
3,1,6.003,0.3,0.0,0.0,0.2218,0.0590,0.0046,0.2739,14.64,9.97
3,1,6.023,0.3,0.0,0.0,0.1413,0.0220,0.0053,0.2741,6.98,10.67
3,1,6.046,0.3,0.0,0.0,0.1269,-0.0228,0.0052,0.2733,14.43,14.72
3,1,6.065,0.3,0.0,0.0,0.1665,-0.0461,0.0062,0.2696,17.99,14.79
3,1,6.086,0.3,0.0,0.0,0.1098,-0.0217,0.0083,0.2667,7.65,14.57
3,1,6.104,0.3,0.0,0.0,0.1377,-0.0243,0.0110,0.2639,7.08,14.19
3,1,6.123,0.3,0.0,0.0,0.1356,-0.0104,0.0118,0.2619,7.06,14.03
3,1,6.145,0.3,0.0,0.0,0.1227,-0.0042,0.0113,0.2602,5.67,14.04
3,1,6.165,0.3,0.0,0.0,0.2489,0.0009,0.0108,0.2596,5.77,13.70
3,1,6.186,0.3,0.0,0.0,0.1541,0.0062,0.0100,0.2589,6.33,13.09
3,1,6.205,0.3,0.0,0.0,0.0619,0.0080,0.0100,0.2586,6.44,12.98
3,1,6.225,0.3,0.0,0.0,0.2185,0.0153,0.0108,0.2586,7.53,12.15
3,1,6.245,0.3,0.0,0.0,0.2029,0.0242,0.0111,0.2604,11.40,11.75
3,1,6.264,0.3,0.0,0.0,0.1575,0.0268,0.0104,0.2637,23.12,11.01
3,1,6.284,0.3,0.0,0.0,0.1370,0.0159,0.0094,0.2686,15.39,9.55
3,1,6.303,0.3,0.0,0.0,0.1742,-0.0237,0.0086,0.2752,18.99,6.49
3,1,6.325,0.3,0.0,0.0,0.1663,-0.0056,0.0084,0.2757,11.18,10.45
3,1,6.346,0.3,0.0,0.0,0.2329,0.0223,0.0079,0.2748,18.87,12.59
3,1,6.369,0.3,0.0,0.0,0.1512,0.0580,0.0094,0.2694,16.56,13.51
3,1,6.387,0.3,0.0,0.0,0.1437,0.0416,0.0123,0.2661,12.06,13.54
3,1,6.403,0.3,0.0,0.0,0.1919,0.0273,0.0135,0.2641,13.66,13.53
3,1,6.424,0.3,0.0,0.0,0.1409,0.0097,0.0136,0.2602,5.90,13.22
3,1,6.445,0.3,0.0,0.0,0.1341,0.0076,0.0126,0.2587,4.50,13.11
3,1,6.463,0.3,0.0,0.0,0.1653,0.0084,0.0116,0.2575,4.67,12.83
3,1,6.484,0.3,0.0,0.0,0.1299,0.0044,0.0106,0.2569,4.90,12.47
3,1,6.504,0.3,0.0,0.0,0.1861,-0.0019,0.0104,0.2571,7.76,12.25
3,1,6.523,0.3,0.0,0.0,0.1357,-0.0051,0.0105,0.2589,7.60,12.15
3,1,6.547,0.3,0.0,0.0,0.1872,-0.0106,0.0099,0.2617,12.13,11.79
3,1,6.564,0.3,0.0,0.0,0.1324,0.0032,0.0083,0.2652,14.41,11.59
3,1,6.584,0.3,0.0,0.0,0.1385,0.0168,0.0070,0.2680,11.20,11.60
3,1,6.603,0.3,0.0,0.0,0.2089,0.0661,0.0051,0.2736,8.91,6.32
3,1,6.623,0.3,0.0,0.0,0.1420,0.0208,0.0027,0.2735,9.66,9.71
3,1,6.645,0.3,0.0,0.0,0.1427,-0.0261,0.0026,0.2714,26.83,14.61
3,1,6.665,0.3,0.0,0.0,0.1117,-0.0371,0.0040,0.2690,15.81,14.66
3,1,6.685,0.3,0.0,0.0,0.1453,-0.0282,0.0072,0.2657,9.96,13.83
3,1,6.702,0.3,0.0,0.0,0.1702,-0.0258,0.0092,0.2633,5.65,14.28
3,1,6.722,0.3,0.0,0.0,0.1283,-0.0155,0.0097,0.2618,6.16,14.16
3,1,6.745,0.3,0.0,0.0,0.1698,-0.0051,0.0088,0.2601,5.76,14.03
3,1,6.765,0.3,0.0,0.0,0.1256,0.0040,0.0077,0.2592,6.62,13.64
3,1,6.786,0.3,0.0,0.0,0.1301,0.0062,0.0068,0.2587,7.60,13.45
3,1,6.803,0.3,0.0,0.0,0.1487,0.0081,0.0065,0.2581,8.00,12.74
3,1,6.823,0.3,0.0,0.0,0.1495,0.0162,0.0068,0.2581,8.22,12.25
3,1,6.843,0.3,0.0,0.0,0.1472,0.0272,0.0066,0.2596,10.75,12.13
3,1,6.865,0.3,0.0,0.0,0.1872,0.0254,0.0056,0.2631,21.97,11.35
3,1,6.886,0.3,0.0,0.0,0.2064,0.0084,0.0044,0.2695,18.00,9.46
3,1,6.903,0.3,0.0,0.0,0.0703,-0.0085,0.0048,0.2729,18.62,9.53
3,1,6.923,0.3,0.0,0.0,0.2252,-0.0000,0.0059,0.2746,9.27,11.41
3,1,6.945,0.3,0.0,0.0,0.2160,0.0484,0.0029,0.2730,29.01,13.59
3,1,6.964,0.3,0.0,0.0,0.1508,0.0570,0.0031,0.2704,24.76,13.48
3,1,6.984,0.3,0.0,0.0,0.1264,0.0298,0.0079,0.2655,9.36,13.25
3,1,7.004,0.3,0.0,0.0,0.1415,0.0070,0.0095,0.2615,6.58,13.47
3,1,7.023,0.3,0.0,0.0,0.1417,0.0051,0.0095,0.2604,9.83,13.54
3,1,7.045,0.3,0.0,0.0,0.1303,0.0049,0.0090,0.2584,4.71,13.46
3,1,7.065,0.3,0.0,0.0,0.1662,0.0083,0.0086,0.2571,4.56,13.15
3,1,7.085,0.3,0.0,0.0,0.1337,0.0052,0.0086,0.2567,4.39,13.11
3,1,7.103,0.3,0.0,0.0,0.1827,0.0019,0.0105,0.2568,4.60,12.76
3,1,7.123,0.3,0.0,0.0,0.1863,-0.0033,0.0113,0.2576,4.65,12.73
3,1,7.147,0.3,0.0,0.0,0.0938,-0.0095,0.0113,0.2598,28.88,12.20
3,1,7.164,0.3,0.0,0.0,0.1797,-0.0006,0.0096,0.2643,7.12,11.81
3,1,7.185,0.3,0.0,0.0,0.1596,0.0276,0.0066,0.2694,13.22,9.96
3,1,7.203,0.3,0.0,0.0,0.1644,0.0748,0.0044,0.2733,17.31,6.36
3,1,7.223,0.3,0.0,0.0,0.1679,0.0442,0.0019,0.2735,7.19,6.51
3,1,7.250,0.3,0.0,0.0,0.1240,-0.0246,0.0009,0.2712,25.20,14.61
3,1,7.269,0.3,0.0,0.0,0.1605,-0.0328,0.0029,0.2688,29.55,14.27
3,1,7.285,0.3,0.0,0.0,0.1622,-0.0206,0.0068,0.2643,8.24,14.18
3,1,7.303,0.3,0.0,0.0,0.1244,-0.0238,0.0093,0.2630,11.55,13.66
3,1,7.323,0.3,0.0,0.0,0.0438,-0.0189,0.0107,0.2610,7.09,14.12
3,1,7.345,0.3,0.0,0.0,0.1768,-0.0122,0.0107,0.2605,6.89,14.12
3,1,7.364,0.3,0.0,0.0,0.1218,0.0014,0.0095,0.2593,7.32,13.94
3,1,7.383,0.3,0.0,0.0,0.1308,0.0072,0.0084,0.2584,7.11,13.44
3,1,7.402,0.3,0.0,0.0,0.1926,0.0099,0.0074,0.2580,7.34,12.89
3,1,7.423,0.3,0.0,0.0,0.1985,0.0167,0.0072,0.2580,7.39,12.25
3,1,7.445,0.3,0.0,0.0,0.1004,0.0251,0.0074,0.2587,18.48,11.71
3,1,7.466,0.3,0.0,0.0,0.1466,0.0259,0.0067,0.2640,10.56,11.01
3,1,7.483,0.3,0.0,0.0,0.1880,0.0154,0.0060,0.2673,31.72,9.43
3,1,7.504,0.3,0.0,0.0,0.1802,0.0085,0.0068,0.2752,22.25,6.44
3,1,7.523,0.3,0.0,0.0,0.1822,0.0052,0.0067,0.2749,18.06,13.16
3,1,7.545,0.3,0.0,0.0,0.2226,0.0372,0.0062,0.2741,22.72,14.03
3,1,7.566,0.3,0.0,0.0,0.0963,0.0518,0.0057,0.2678,35.66,13.31
3,1,7.585,0.3,0.0,0.0,0.1599,0.0182,0.0078,0.2645,10.14,13.25
3,1,7.605,0.3,0.0,0.0,0.1345,0.0096,0.0088,0.2620,7.93,13.59
3,1,7.622,0.3,0.0,0.0,0.1683,0.0001,0.0087,0.2595,7.56,13.63
3,1,7.646,0.3,0.0,0.0,0.1408,-0.0011,0.0081,0.2581,5.34,13.13
3,1,7.672,0.3,0.0,0.0,0.1410,-0.0024,0.0077,0.2570,5.72,12.69
3,1,7.683,0.3,0.0,0.0,0.2015,-0.0034,0.0075,0.2569,5.60,12.65
3,1,7.703,0.3,0.0,0.0,0.1368,-0.0046,0.0075,0.2571,6.27,11.89
3,1,7.722,0.3,0.0,0.0,0.1805,-0.0110,0.0084,0.2588,5.36,11.89
3,1,7.745,0.3,0.0,0.0,0.1916,-0.0110,0.0082,0.2618,14.81,11.86
3,1,7.766,0.3,0.0,0.0,0.1307,-0.0028,0.0067,0.2655,17.54,11.39
3,1,7.784,0.3,0.0,0.0,0.1317,0.0182,0.0049,0.2701,10.81,9.68
3,1,7.802,0.3,0.0,0.0,0.2169,0.0522,0.0034,0.2744,6.61,6.70
3,1,7.822,0.3,0.0,0.0,0.1950,0.0050,0.0015,0.2734,10.84,11.07
3,1,7.843,0.3,0.0,0.0,0.0901,-0.0291,0.0018,0.2723,16.59,14.31
3,1,7.865,0.3,0.0,0.0,0.1618,-0.0430,0.0033,0.2704,26.59,14.45
3,1,7.884,0.3,0.0,0.0,0.1112,-0.0262,0.0073,0.2661,9.56,13.75
3,1,7.906,0.3,0.0,0.0,0.0803,-0.0256,0.0089,0.2647,7.38,13.72
3,1,7.923,0.3,0.0,0.0,0.2259,-0.0185,0.0109,0.2625,6.14,14.10
3,1,7.945,0.3,0.0,0.0,0.1685,-0.0017,0.0106,0.2607,6.17,14.08
3,1,7.965,0.3,0.0,0.0,0.1266,0.0066,0.0089,0.2592,6.18,13.89
3,1,7.984,0.3,0.0,0.0,0.1125,0.0102,0.0074,0.2585,6.60,13.46
3,1,8.003,0.3,0.0,0.0,0.1780,0.0109,0.0063,0.2581,6.97,12.88
3,1,8.024,0.3,0.0,0.0,0.0909,0.0155,0.0060,0.2580,6.90,12.76
3,1,8.045,0.3,0.0,0.0,0.1970,0.0264,0.0058,0.2602,15.04,12.06
3,1,8.065,0.3,0.0,0.0,0.1385,0.0268,0.0055,0.2619,31.77,11.44
3,1,8.083,0.3,0.0,0.0,0.1321,0.0134,0.0047,0.2680,40.47,9.33
3,1,8.103,0.3,0.0,0.0,0.1811,-0.0195,0.0055,0.2745,15.03,7.54
3,1,8.123,0.3,0.0,0.0,0.2088,0.0074,0.0065,0.2750,12.31,12.11
3,1,8.148,0.3,0.0,0.0,0.1068,0.0446,0.0044,0.2738,30.39,13.91
3,1,8.170,0.3,0.0,0.0,0.1990,0.0483,0.0028,0.2701,13.55,13.29
3,1,8.186,0.3,0.0,0.0,0.1504,0.0191,0.0061,0.2661,10.21,12.98
3,1,8.203,0.3,0.0,0.0,0.0713,0.0144,0.0067,0.2650,7.42,12.98
3,1,8.223,0.3,0.0,0.0,0.1848,0.0026,0.0074,0.2605,3.93,13.23
3,1,8.246,0.3,0.0,0.0,0.1318,0.0026,0.0069,0.2592,4.50,13.13
3,1,8.265,0.3,0.0,0.0,0.1114,0.0042,0.0066,0.2584,5.15,13.11
3,1,8.289,0.3,0.0,0.0,0.1553,0.0022,0.0074,0.2573,4.39,12.69
3,1,8.305,0.3,0.0,0.0,0.1468,-0.0000,0.0088,0.2574,4.24,12.62
3,1,8.323,0.3,0.0,0.0,0.0562,-0.0005,0.0094,0.2574,4.33,12.52
3,1,8.345,0.3,0.0,0.0,0.1829,-0.0138,0.0094,0.2614,8.79,12.13
3,1,8.365,0.3,0.0,0.0,0.1723,-0.0099,0.0072,0.2647,18.84,11.97
3,1,8.384,0.3,0.0,0.0,0.1090,0.0150,0.0052,0.2694,22.64,11.98
3,1,8.405,0.3,0.0,0.0,0.1586,0.0551,0.0058,0.2729,21.81,7.47
3,1,8.424,0.3,0.0,0.0,0.1428,0.0199,0.0051,0.2737,11.34,11.33
3,1,8.443,0.3,0.0,0.0,0.1686,-0.0135,0.0049,0.2730,12.33,12.11
3,1,8.470,0.3,0.0,0.0,0.1351,-0.0405,0.0036,0.2675,11.96,14.77
3,1,8.482,0.3,0.0,0.0,0.1778,-0.0341,0.0069,0.2659,13.88,13.37
3,1,8.505,0.3,0.0,0.0,0.1501,-0.0255,0.0100,0.2632,6.62,13.98
3,1,8.523,0.3,0.0,0.0,0.1285,-0.0170,0.0108,0.2619,7.28,13.96
3,1,8.543,0.3,0.0,0.0,0.1274,-0.0030,0.0101,0.2604,6.51,14.06
3,1,8.564,0.3,0.0,0.0,0.0802,0.0021,0.0090,0.2596,5.77,14.01
3,1,8.588,0.3,0.0,0.0,0.2034,0.0106,0.0061,0.2586,6.90,13.17
3,1,8.603,0.3,0.0,0.0,0.1243,0.0153,0.0051,0.2581,7.03,12.97
3,1,8.622,0.3,0.0,0.0,0.1262,0.0184,0.0049,0.2580,6.90,12.33
3,1,8.645,0.3,0.0,0.0,0.1609,0.0323,0.0050,0.2602,22.23,11.76
3,1,8.665,0.3,0.0,0.0,0.1834,0.0261,0.0041,0.2652,17.01,11.70
3,1,8.684,0.3,0.0,0.0,0.0924,0.0219,0.0040,0.2679,10.21,11.48
3,1,8.703,0.3,0.0,0.0,0.2086,-0.0014,0.0053,0.2723,7.65,9.63
3,1,8.732,0.3,0.0,0.0,0.0668,-0.0005,0.0071,0.2753,6.96,6.61
3,1,8.744,0.3,0.0,0.0,0.1196,-0.0005,0.0071,0.2753,6.96,6.61
3,1,8.766,0.3,0.0,0.0,0.0407,0.0135,0.0067,0.2751,9.37,12.55
3,1,8.789,0.3,0.0,0.0,0.1783,0.0456,0.0033,0.2726,25.27,14.31
3,1,8.803,0.3,0.0,0.0,0.3215,0.0432,0.0067,0.2661,14.19,14.33
3,1,8.825,0.3,0.0,0.0,0.1973,0.0298,0.0109,0.2619,9.57,13.76
3,1,8.843,0.3,0.0,0.0,0.2030,0.0154,0.0108,0.2592,5.95,13.58
3,1,8.865,0.3,0.0,0.0,0.0681,0.0146,0.0100,0.2583,6.48,13.58
3,1,8.883,0.3,0.0,0.0,0.2787,0.0100,0.0087,0.2572,4.72,13.31
3,1,8.904,0.3,0.0,0.0,0.1799,0.0055,0.0084,0.2572,4.94,12.88
3,1,8.926,0.3,0.0,0.0,0.1328,-0.0035,0.0087,0.2581,6.01,12.66
3,1,8.945,0.3,0.0,0.0,0.1125,-0.0110,0.0085,0.2600,14.14,12.44
3,1,8.963,0.3,0.0,0.0,0.2430,-0.0068,0.0074,0.2638,11.46,12.42
3,1,8.984,0.3,0.0,0.0,0.1476,0.0374,0.0041,0.2703,12.98,10.59
3,1,9.004,0.3,0.0,0.0,0.2030,0.0587,0.0032,0.2737,6.78,6.39
3,2,9.031,0.6,0.0,0.0,0.0000,0.0164,0.0023,0.2731,10.55,11.45
3,2,9.047,0.6,0.0,0.0,0.1398,-0.0129,0.0025,0.2723,11.59,11.45
3,2,9.064,0.6,0.0,0.0,0.2245,-0.0245,0.0035,0.2707,65.07,17.63
3,2,9.084,0.6,0.0,0.0,0.1495,-0.0017,0.0077,0.2641,23.79,17.34
3,2,9.105,0.6,0.0,0.0,0.2203,-0.0159,0.0103,0.2600,17.71,17.18
3,2,9.125,0.6,0.0,0.0,0.1098,-0.0148,0.0110,0.2574,19.16,17.69
3,2,9.144,0.6,0.0,0.0,0.1844,-0.0071,0.0101,0.2553,14.16,16.99
3,2,9.165,0.6,0.0,0.0,0.2822,-0.0050,0.0089,0.2527,12.63,16.26
3,2,9.184,0.6,0.0,0.0,0.2940,0.0073,0.0091,0.2511,13.88,15.68
3,2,9.205,0.6,0.0,0.0,0.2502,0.0207,0.0096,0.2503,15.44,15.20
3,2,9.226,0.6,0.0,0.0,0.3415,0.0332,0.0095,0.2498,16.31,14.41
3,2,9.245,0.6,0.0,0.0,0.2320,0.0473,0.0093,0.2527,71.32,13.12
3,2,9.265,0.6,0.0,0.0,0.3347,0.0376,0.0099,0.2602,20.88,12.71
3,2,9.282,0.6,0.0,0.0,0.3925,0.0458,0.0137,0.2667,36.47,10.48
3,2,9.303,0.6,0.0,0.0,0.1918,0.0102,0.0173,0.2717,32.35,7.89
3,2,9.325,0.6,0.0,0.0,0.3217,0.0329,0.0208,0.2753,23.08,7.07
3,2,9.347,0.6,0.0,0.0,0.3738,0.0769,0.0183,0.2755,21.59,13.93
3,2,9.366,0.6,0.0,0.0,0.3326,0.1145,0.0097,0.2710,50.51,17.10
3,2,9.383,0.6,0.0,0.0,0.4303,0.0844,0.0012,0.2645,30.84,14.66
3,2,9.404,0.6,0.0,0.0,0.3148,0.0581,0.0038,0.2601,20.52,15.02
3,2,9.426,0.6,0.0,0.0,0.3024,0.0454,0.0055,0.2572,11.27,15.87
3,2,9.450,0.6,0.0,0.0,0.2790,0.0333,0.0055,0.2531,12.90,15.13
3,2,9.463,0.6,0.0,0.0,0.3635,0.0286,0.0056,0.2525,14.27,14.96
3,2,9.483,0.6,0.0,0.0,0.4230,0.0145,0.0061,0.2516,15.83,13.47
3,2,9.506,0.6,0.0,0.0,0.3576,0.0055,0.0078,0.2519,14.88,12.61
3,2,9.525,0.6,0.0,0.0,0.3314,-0.0031,0.0089,0.2527,20.53,12.26
3,2,9.545,0.6,0.0,0.0,0.4560,-0.0093,0.0097,0.2550,24.00,11.90
3,2,9.565,0.6,0.0,0.0,0.3964,0.0035,0.0083,0.2617,43.98,11.95
3,2,9.583,0.6,0.0,0.0,0.4739,0.0264,0.0066,0.2692,42.41,10.64
3,2,9.606,0.6,0.0,0.0,0.3957,0.0827,0.0065,0.2750,19.33,7.92
3,2,9.625,0.6,0.0,0.0,0.3977,0.0827,0.0067,0.2773,16.77,7.42
3,2,9.650,0.6,0.0,0.0,0.3792,0.0058,0.0072,0.2754,76.56,13.82
3,2,9.665,0.6,0.0,0.0,0.4838,-0.0431,0.0086,0.2697,68.07,15.31
3,2,9.683,0.6,0.0,0.0,0.3661,-0.0421,0.0108,0.2659,33.33,14.71
3,2,9.707,0.6,0.0,0.0,0.5065,-0.0677,0.0122,0.2604,29.29,15.11
3,2,9.725,0.6,0.0,0.0,0.2321,-0.0508,0.0114,0.2579,24.16,14.08
3,2,9.745,0.6,0.0,0.0,0.4629,-0.0405,0.0091,0.2553,21.02,13.62
3,2,9.765,0.6,0.0,0.0,0.3258,-0.0183,0.0068,0.2516,19.18,12.19
3,2,9.783,0.6,0.0,0.0,0.5073,-0.0023,0.0058,0.2503,18.46,11.49
3,2,9.804,0.6,0.0,0.0,0.3871,0.0126,0.0060,0.2499,17.98,11.59
3,2,9.829,0.6,0.0,0.0,0.5044,0.0313,0.0064,0.2505,24.56,11.66
3,2,9.846,0.6,0.0,0.0,0.4153,0.0434,0.0071,0.2545,28.96,11.69
3,2,9.863,0.6,0.0,0.0,0.3634,0.0586,0.0075,0.2591,50.19,11.60
3,2,9.883,0.6,0.0,0.0,0.4107,0.0602,0.0079,0.2665,34.58,10.41
3,2,9.904,0.6,0.0,0.0,0.4263,0.0296,0.0090,0.2737,29.21,8.23
3,2,9.925,0.6,0.0,0.0,0.5430,-0.0242,0.0106,0.2786,23.32,3.83
3,2,9.947,0.6,0.0,0.0,0.4701,0.0334,0.0123,0.2768,78.33,12.11
3,2,9.964,0.6,0.0,0.0,0.3610,0.0569,0.0127,0.2717,58.59,14.69
3,2,9.983,0.6,0.0,0.0,0.4810,0.0593,0.0134,0.2670,25.91,13.75
3,2,10.007,0.6,0.0,0.0,0.3367,0.0462,0.0128,0.2597,15.93,14.02
3,2,10.026,0.6,0.0,0.0,0.3112,0.0462,0.0128,0.2597,15.93,14.02
3,2,10.046,0.6,0.0,0.0,0.3035,0.0277,0.0114,0.2545,17.24,13.67
3,2,10.065,0.6,0.0,0.0,0.3883,0.0126,0.0107,0.2521,12.90,12.38
3,2,10.084,0.6,0.0,0.0,0.1782,0.0093,0.0105,0.2518,13.54,12.27
3,2,10.104,0.6,0.0,0.0,0.4803,-0.0093,0.0090,0.2519,15.50,11.67
3,2,10.125,0.6,0.0,0.0,0.4677,-0.0171,0.0080,0.2528,21.36,12.00
3,2,10.145,0.6,0.0,0.0,0.3312,-0.0197,0.0074,0.2564,28.59,11.83
3,2,10.164,0.6,0.0,0.0,0.4308,-0.0109,0.0077,0.2604,37.31,11.76
3,2,10.183,0.6,0.0,0.0,0.3854,0.0160,0.0098,0.2688,30.92,10.69
3,2,10.203,0.6,0.0,0.0,0.3762,0.0421,0.0105,0.2731,32.15,8.60
3,2,10.225,0.6,0.0,0.0,0.3949,0.0683,0.0099,0.2781,20.97,3.68
3,2,10.248,0.6,0.0,0.0,0.4709,0.0085,0.0090,0.2769,41.26,14.59
3,2,10.264,0.6,0.0,0.0,0.2451,-0.0522,0.0103,0.2723,63.79,14.54
3,2,10.284,0.6,0.0,0.0,0.3052,-0.0442,0.0129,0.2678,40.20,14.92
3,2,10.306,0.6,0.0,0.0,0.4249,-0.0583,0.0165,0.2620,21.38,14.89
3,2,10.326,0.6,0.0,0.0,0.5047,-0.0487,0.0166,0.2591,16.59,14.54
3,2,10.346,0.6,0.0,0.0,0.3905,-0.0351,0.0141,0.2544,13.52,14.14
3,2,10.363,0.6,0.0,0.0,0.4223,-0.0219,0.0107,0.2511,17.40,12.85
3,2,10.384,0.6,0.0,0.0,0.4885,-0.0085,0.0091,0.2498,17.41,11.85
3,2,10.403,0.6,0.0,0.0,0.5350,0.0189,0.0088,0.2491,18.35,11.13
3,2,10.425,0.6,0.0,0.0,0.3940,0.0417,0.0098,0.2503,29.82,11.71
3,2,10.445,0.6,0.0,0.0,0.3867,0.0511,0.0108,0.2543,44.60,12.42
3,2,10.466,0.6,0.0,0.0,0.5055,0.0569,0.0112,0.2614,44.07,11.58
3,2,10.483,0.6,0.0,0.0,0.3607,0.0623,0.0120,0.2703,34.73,10.05
3,2,10.503,0.6,0.0,0.0,0.4075,0.0357,0.0130,0.2744,27.57,7.82
3,2,10.525,0.6,0.0,0.0,0.4272,-0.0297,0.0134,0.2786,21.51,7.72
3,2,10.543,0.6,0.0,0.0,0.3625,0.0056,0.0126,0.2784,41.69,11.63
3,2,10.565,0.6,0.0,0.0,0.3926,0.0136,0.0117,0.2773,80.14,11.71
3,2,10.585,0.6,0.0,0.0,0.3597,0.0334,0.0100,0.2660,84.75,14.56
3,2,10.604,0.6,0.0,0.0,0.2944,0.0514,0.0117,0.2618,30.98,13.84
3,2,10.624,0.6,0.0,0.0,0.2320,0.0382,0.0119,0.2570,31.39,13.99
3,2,10.643,0.6,0.0,0.0,0.5172,0.0285,0.0115,0.2562,16.96,13.84
3,2,10.665,0.6,0.0,0.0,0.3639,0.0234,0.0101,0.2542,14.07,13.15
3,2,10.685,0.6,0.0,0.0,0.3501,0.0096,0.0093,0.2525,19.26,12.93
3,2,10.705,0.6,0.0,0.0,0.3501,-0.0098,0.0085,0.2534,16.72,11.56
3,2,10.725,0.6,0.0,0.0,0.3046,-0.0156,0.0082,0.2540,15.66,11.75
3,2,10.749,0.6,0.0,0.0,0.2482,-0.0245,0.0085,0.2560,21.10,11.33
3,2,10.765,0.6,0.0,0.0,0.6005,-0.0206,0.0088,0.2578,22.10,11.70
3,2,10.783,0.6,0.0,0.0,0.4741,0.0065,0.0113,0.2680,26.39,9.91
3,2,10.803,0.6,0.0,0.0,0.2568,0.0316,0.0130,0.2723,29.86,9.79
3,2,10.830,0.6,0.0,0.0,0.5231,0.0828,0.0155,0.2786,18.28,3.89
3,2,10.846,0.6,0.0,0.0,0.3659,0.0375,0.0159,0.2784,23.04,9.18
3,2,10.866,0.6,0.0,0.0,0.3637,-0.0382,0.0157,0.2751,110.98,18.06
3,2,10.883,0.6,0.0,0.0,0.3831,-0.0599,0.0172,0.2684,50.18,16.34
3,2,10.902,0.6,0.0,0.0,0.5336,-0.0644,0.0217,0.2631,43.40,14.41
3,2,10.926,0.6,0.0,0.0,0.3532,-0.0707,0.0245,0.2582,27.20,15.05
3,2,10.945,0.6,0.0,0.0,0.3558,-0.0540,0.0244,0.2557,23.88,14.93
3,2,10.966,0.6,0.0,0.0,0.4068,-0.0464,0.0231,0.2533,21.10,13.95
3,2,10.985,0.6,0.0,0.0,0.4082,-0.0235,0.0206,0.2498,17.69,12.28
3,2,11.004,0.6,0.0,0.0,0.3439,-0.0067,0.0202,0.2498,20.30,12.10
3,2,11.026,0.6,0.0,0.0,0.5740,0.0092,0.0202,0.2508,21.88,11.36
3,2,11.050,0.6,0.0,0.0,0.3641,0.0319,0.0208,0.2530,37.29,11.39
3,2,11.065,0.6,0.0,0.0,0.2834,0.0426,0.0212,0.2564,42.28,11.19
3,2,11.083,0.6,0.0,0.0,0.5945,0.0557,0.0220,0.2634,44.52,9.58
3,2,11.103,0.6,0.0,0.0,0.4495,0.0240,0.0250,0.2745,29.47,7.17
3,2,11.125,0.6,0.0,0.0,0.4225,0.0041,0.0251,0.2758,36.96,4.26
3,2,11.148,0.6,0.0,0.0,0.4049,-0.0410,0.0199,0.2777,36.06,11.34
3,2,11.165,0.6,0.0,0.0,0.5143,0.0105,0.0123,0.2726,61.52,15.24
3,2,11.183,0.6,0.0,0.0,0.1108,0.0253,0.0118,0.2713,84.81,15.39
3,2,11.203,0.6,0.0,0.0,0.7253,0.0829,0.0178,0.2604,71.19,15.23
3,2,11.225,0.6,0.0,0.0,0.4653,0.0758,0.0226,0.2570,30.30,13.63
3,2,11.249,0.6,0.0,0.0,0.3729,0.0719,0.0224,0.2559,30.80,13.30
3,2,11.266,0.6,0.0,0.0,0.3600,0.0225,0.0115,0.2509,22.39,11.75
3,2,11.283,0.6,0.0,0.0,0.4798,0.0137,0.0097,0.2504,18.74,13.13
3,2,11.304,0.6,0.0,0.0,0.1177,0.0109,0.0109,0.2510,22.58,12.45
3,2,11.325,0.6,0.0,0.0,0.6459,0.0055,0.0119,0.2532,29.65,12.17
3,2,11.343,0.6,0.0,0.0,0.3576,-0.0040,0.0143,0.2567,31.52,13.01
3,2,11.368,0.6,0.0,0.0,0.5339,-0.0060,0.0151,0.2595,31.02,12.62
3,2,11.383,0.6,0.0,0.0,0.3583,-0.0062,0.0112,0.2685,50.06,11.31
3,2,11.403,0.6,0.0,0.0,0.4077,0.0030,0.0077,0.2728,52.13,6.22
3,2,11.424,0.6,0.0,0.0,0.5679,0.0456,0.0061,0.2767,25.93,6.08
3,2,11.447,0.6,0.0,0.0,0.3776,0.0782,0.0108,0.2757,65.51,13.49
3,2,11.464,0.6,0.0,0.0,0.4556,0.0337,0.0162,0.2735,66.84,16.00
3,2,11.486,0.6,0.0,0.0,0.2329,0.0002,0.0225,0.2683,48.92,16.66
3,2,11.503,0.6,0.0,0.0,0.5327,-0.0289,0.0244,0.2638,35.03,16.24
3,2,11.529,0.6,0.0,0.0,0.3553,-0.0494,0.0207,0.2564,25.11,15.14
3,2,11.551,0.6,0.0,0.0,0.4703,-0.0457,0.0186,0.2540,23.50,14.12
3,2,11.564,0.6,0.0,0.0,0.6190,-0.0309,0.0169,0.2513,22.58,13.56
3,2,11.583,0.6,0.0,0.0,0.5439,-0.0132,0.0156,0.2491,22.73,12.08
3,2,11.604,0.6,0.0,0.0,0.4036,0.0131,0.0150,0.2493,20.10,10.90
3,2,11.625,0.6,0.0,0.0,0.4583,0.0269,0.0154,0.2502,23.24,10.81
3,2,11.644,0.6,0.0,0.0,0.5273,0.0492,0.0165,0.2530,43.91,11.53
3,2,11.664,0.6,0.0,0.0,0.4389,0.0580,0.0185,0.2607,45.49,10.88
3,2,11.683,0.6,0.0,0.0,0.5739,0.0672,0.0200,0.2678,29.83,9.40
3,2,11.703,0.6,0.0,0.0,0.4591,0.0261,0.0242,0.2771,34.83,6.10
3,2,11.723,0.6,0.0,0.0,0.4581,-0.0239,0.0245,0.2794,35.35,4.84
3,2,11.748,0.6,0.0,0.0,0.3676,-0.0178,0.0230,0.2783,50.09,12.84
3,2,11.764,0.6,0.0,0.0,0.5155,0.0180,0.0196,0.2728,72.71,13.66
3,2,11.786,0.6,0.0,0.0,0.4031,0.0474,0.0177,0.2667,59.61,15.18
3,2,11.804,0.6,0.0,0.0,0.3449,0.0617,0.0187,0.2598,25.71,14.03
3,2,11.825,0.6,0.0,0.0,0.5025,0.0498,0.0191,0.2574,13.62,13.19
3,2,11.845,0.6,0.0,0.0,0.3468,0.0315,0.0178,0.2533,15.37,12.91
3,2,11.863,0.6,0.0,0.0,0.3522,0.0195,0.0153,0.2515,15.22,12.14
3,2,11.883,0.6,0.0,0.0,0.4929,0.0124,0.0132,0.2509,17.66,12.09
3,2,11.902,0.6,0.0,0.0,0.3598,0.0024,0.0126,0.2514,19.60,12.04
3,2,11.925,0.6,0.0,0.0,0.5013,-0.0040,0.0126,0.2534,24.65,12.38
3,2,11.946,0.6,0.0,0.0,0.3686,-0.0052,0.0116,0.2561,28.53,11.91
3,2,11.966,0.6,0.0,0.0,0.4027,-0.0145,0.0111,0.2628,32.34,11.15
3,2,11.984,0.6,0.0,0.0,0.3522,0.0224,0.0125,0.2695,34.66,10.31
3,2,12.003,0.6,0.0,0.0,0.4138,0.0385,0.0136,0.2736,50.54,5.70
3,2,12.024,0.6,0.0,0.0,0.4055,0.0826,0.0130,0.2793,19.34,4.64
3,2,12.045,0.6,0.0,0.0,0.5128,0.0802,0.0125,0.2783,61.03,11.85
3,2,12.067,0.6,0.0,0.0,0.2876,-0.0233,0.0152,0.2729,78.88,15.60
3,2,12.084,0.6,0.0,0.0,0.5311,-0.0886,0.0162,0.2668,62.86,16.08
3,2,12.103,0.6,0.0,0.0,0.5017,-0.1074,0.0169,0.2633,27.72,14.82
3,2,12.131,0.6,0.0,0.0,0.2331,-0.0675,0.0173,0.2582,14.05,13.56
3,2,12.144,0.6,0.0,0.0,0.7740,-0.0550,0.0163,0.2543,14.72,13.40
3,2,12.165,0.6,0.0,0.0,0.5136,-0.0223,0.0142,0.2508,14.23,12.59
3,2,12.183,0.6,0.0,0.0,0.3238,-0.0090,0.0125,0.2495,16.65,11.81
3,2,12.203,0.6,0.0,0.0,0.3971,0.0086,0.0116,0.2490,18.59,12.16
3,2,12.225,0.6,0.0,0.0,0.5700,0.0257,0.0116,0.2502,23.12,12.15
3,2,12.245,0.6,0.0,0.0,0.3644,0.0461,0.0133,0.2534,31.47,11.84
3,2,12.265,0.6,0.0,0.0,0.4027,0.0643,0.0143,0.2582,56.15,11.13
3,2,12.283,0.6,0.0,0.0,0.4068,0.0666,0.0150,0.2654,27.93,9.90
3,2,12.301,0.6,0.0,0.0,0.5774,0.0538,0.0161,0.2717,40.27,7.14
3,2,12.324,0.6,0.0,0.0,0.4224,0.0007,0.0173,0.2775,34.14,7.10
3,2,12.345,0.6,0.0,0.0,0.3511,0.0052,0.0164,0.2777,43.55,11.89
3,2,12.365,0.6,0.0,0.0,0.6160,0.0455,0.0143,0.2723,96.01,14.26
3,2,12.383,0.6,0.0,0.0,0.3620,0.0408,0.0146,0.2650,34.83,14.64
3,2,12.403,0.6,0.0,0.0,0.4797,0.0467,0.0153,0.2595,19.64,13.89
3,2,12.423,0.6,0.0,0.0,0.3524,0.0313,0.0150,0.2557,18.59,13.39
3,2,12.445,0.6,0.0,0.0,0.4406,0.0209,0.0139,0.2534,16.28,13.24
3,2,12.466,0.6,0.0,0.0,0.3476,0.0069,0.0117,0.2509,13.88,12.12
3,2,12.484,0.6,0.0,0.0,0.3066,0.0019,0.0110,0.2508,16.59,11.92
3,2,12.504,0.6,0.0,0.0,0.4833,-0.0001,0.0101,0.2515,18.20,11.84
3,2,12.524,0.6,0.0,0.0,0.3645,-0.0047,0.0098,0.2524,18.28,11.48
3,2,12.554,0.6,0.0,0.0,0.2211,-0.0151,0.0089,0.2566,30.89,11.47
3,2,12.566,0.6,0.0,0.0,0.6441,-0.0164,0.0089,0.2581,20.30,11.24
3,2,12.584,0.6,0.0,0.0,0.5036,0.0050,0.0106,0.2673,48.08,10.10
3,2,12.603,0.6,0.0,0.0,0.3941,0.0462,0.0121,0.2743,32.93,7.47
3,2,12.624,0.6,0.0,0.0,0.5245,0.0786,0.0119,0.2782,28.76,4.20
3,2,12.648,0.6,0.0,0.0,0.3775,-0.0160,0.0111,0.2760,86.28,14.71
3,2,12.666,0.6,0.0,0.0,0.4896,-0.0640,0.0130,0.2724,55.40,16.57
3,2,12.685,0.6,0.0,0.0,0.2463,-0.0606,0.0165,0.2678,50.89,15.25
3,2,12.702,0.6,0.0,0.0,0.5857,-0.0737,0.0200,0.2617,27.07,15.23
3,2,12.725,0.6,0.0,0.0,0.3799,-0.0565,0.0194,0.2576,12.20,14.69
3,2,12.745,0.6,0.0,0.0,0.3480,-0.0466,0.0175,0.2539,13.25,14.26
3,2,12.766,0.6,0.0,0.0,0.4877,-0.0252,0.0148,0.2503,17.28,12.87
3,2,12.785,0.6,0.0,0.0,0.3253,-0.0087,0.0132,0.2488,17.11,11.90
3,2,12.803,0.6,0.0,0.0,0.5180,0.0117,0.0125,0.2487,20.69,11.98
3,2,12.824,0.6,0.0,0.0,0.4285,0.0248,0.0132,0.2499,22.98,11.24
3,2,12.845,0.6,0.0,0.0,0.3939,0.0495,0.0148,0.2539,40.29,11.51
3,2,12.870,0.6,0.0,0.0,0.4453,0.0584,0.0154,0.2617,44.39,10.95
3,2,12.883,0.6,0.0,0.0,0.2556,0.0551,0.0158,0.2668,79.39,10.39
3,2,12.903,0.6,0.0,0.0,0.4107,0.0442,0.0171,0.2730,53.86,6.79
3,2,12.924,0.6,0.0,0.0,0.2883,0.0442,0.0171,0.2730,53.86,6.79
3,2,12.944,0.6,0.0,0.0,0.4036,-0.0255,0.0168,0.2792,41.75,7.92
3,2,12.963,0.6,0.0,0.0,0.5492,-0.0110,0.0126,0.2752,103.30,13.85
3,2,12.983,0.6,0.0,0.0,0.2813,0.0589,0.0104,0.2687,82.82,15.10
3,2,13.003,0.6,0.0,0.0,0.4870,0.1126,0.0121,0.2632,45.65,15.46
3,2,13.025,0.6,0.0,0.0,0.4925,0.1093,0.0145,0.2579,35.09,14.77
3,2,13.045,0.6,0.0,0.0,0.3500,0.0706,0.0157,0.2544,14.55,13.31
3,2,13.067,0.6,0.0,0.0,0.3435,0.0316,0.0129,0.2513,14.84,12.29
3,2,13.083,0.6,0.0,0.0,0.4852,0.0199,0.0112,0.2508,16.66,11.91
3,2,13.103,0.6,0.0,0.0,0.2351,0.0124,0.0100,0.2506,17.14,12.01
3,2,13.125,0.6,0.0,0.0,0.3841,0.0039,0.0100,0.2523,22.65,11.89
3,2,13.145,0.6,0.0,0.0,0.4679,-0.0030,0.0108,0.2554,27.43,12.03
3,2,13.165,0.6,0.0,0.0,0.3481,-0.0077,0.0117,0.2593,29.30,11.59
3,2,13.183,0.6,0.0,0.0,0.5268,0.0002,0.0130,0.2651,55.17,10.98
3,2,13.202,0.6,0.0,0.0,0.4056,0.0592,0.0124,0.2749,27.45,7.62
3,2,13.225,0.6,0.0,0.0,0.2637,0.0592,0.0124,0.2749,27.45,7.62
3,2,13.244,0.6,0.0,0.0,0.5439,0.0687,0.0124,0.2775,44.96,12.28
3,2,13.266,0.6,0.0,0.0,0.3999,-0.0152,0.0168,0.2708,82.27,17.66
3,2,13.284,0.6,0.0,0.0,0.4906,-0.0691,0.0214,0.2655,50.92,16.23
3,2,13.303,0.6,0.0,0.0,0.3780,-0.0936,0.0232,0.2627,33.88,15.53
3,2,13.329,0.6,0.0,0.0,0.4696,-0.0711,0.0226,0.2570,18.32,14.49
3,2,13.345,0.6,0.0,0.0,0.4065,-0.0599,0.0213,0.2548,21.37,14.31
3,2,13.366,0.6,0.0,0.0,0.4903,-0.0361,0.0185,0.2510,17.97,13.03
3,2,13.383,0.6,0.0,0.0,0.3797,-0.0168,0.0172,0.2494,19.58,11.74
3,2,13.403,0.6,0.0,0.0,0.4081,0.0026,0.0169,0.2489,19.18,11.59
3,2,13.424,0.6,0.0,0.0,0.5607,0.0274,0.0173,0.2499,22.37,11.58
3,2,13.445,0.6,0.0,0.0,0.4121,0.0485,0.0186,0.2533,32.79,11.54
3,2,13.466,0.6,0.0,0.0,0.4279,0.0589,0.0195,0.2581,53.22,11.12
3,2,13.485,0.6,0.0,0.0,0.5590,0.0520,0.0218,0.2690,34.05,9.63
3,2,13.503,0.6,0.0,0.0,0.6219,0.0379,0.0234,0.2742,26.26,6.76
3,2,13.524,0.6,0.0,0.0,0.4438,-0.0305,0.0231,0.2774,32.44,7.12
3,2,13.545,0.6,0.0,0.0,0.3920,0.0091,0.0193,0.2767,34.35,12.69
3,2,13.567,0.6,0.0,0.0,0.5166,0.0475,0.0160,0.2685,119.94,14.28
3,2,13.583,0.6,0.0,0.0,0.3592,0.0430,0.0166,0.2649,21.31,13.90
3,2,13.603,0.6,0.0,0.0,0.4683,0.0631,0.0169,0.2589,58.45,13.83
3,2,13.624,0.6,0.0,0.0,0.3644,0.0356,0.0164,0.2551,14.98,12.84
3,2,13.645,0.6,0.0,0.0,0.4363,0.0225,0.0144,0.2522,15.78,12.53
3,2,13.666,0.6,0.0,0.0,0.3535,0.0106,0.0121,0.2505,15.68,12.06
3,2,13.684,0.6,0.0,0.0,0.6631,0.0076,0.0116,0.2505,16.89,12.30
3,2,13.703,0.6,0.0,0.0,0.3797,0.0018,0.0113,0.2514,22.16,12.41
3,2,13.725,0.6,0.0,0.0,0.4866,-0.0089,0.0103,0.2536,23.44,12.05
3,2,13.744,0.6,0.0,0.0,0.3754,-0.0106,0.0094,0.2553,22.85,11.51
3,2,13.765,0.6,0.0,0.0,0.3864,-0.0050,0.0080,0.2625,58.27,10.90
3,2,13.783,0.6,0.0,0.0,0.4619,0.0224,0.0093,0.2698,35.20,10.05
3,2,13.803,0.6,0.0,0.0,0.4062,0.0487,0.0096,0.2737,34.26,9.50
3,2,13.827,0.6,0.0,0.0,0.5540,0.0723,0.0087,0.2788,19.43,7.22
3,2,13.844,0.6,0.0,0.0,0.3698,0.0185,0.0084,0.2775,41.98,12.90
3,2,13.863,0.6,0.0,0.0,0.4830,-0.0616,0.0101,0.2727,59.72,15.75
3,2,13.884,0.6,0.0,0.0,0.3125,-0.0610,0.0127,0.2670,42.37,15.24
3,2,13.903,0.6,0.0,0.0,0.3629,-0.0830,0.0144,0.2631,25.59,14.45
3,2,13.923,0.6,0.0,0.0,0.4706,-0.0568,0.0140,0.2586,15.98,13.99
3,2,13.945,0.6,0.0,0.0,0.3465,-0.0322,0.0103,0.2533,17.18,13.51
3,2,13.966,0.6,0.0,0.0,0.4670,-0.0194,0.0088,0.2513,19.66,12.56
3,2,13.984,0.6,0.0,0.0,0.3707,0.0014,0.0068,0.2499,15.82,11.45
3,2,14.004,0.6,0.0,0.0,0.3839,0.0143,0.0068,0.2496,16.95,11.88
3,2,14.024,0.6,0.0,0.0,0.3813,0.0372,0.0081,0.2512,28.07,11.59
3,2,14.050,0.6,0.0,0.0,0.2816,0.0501,0.0085,0.2568,30.61,11.57
3,2,14.066,0.6,0.0,0.0,0.5628,0.0466,0.0084,0.2606,23.25,10.94
3,2,14.083,0.6,0.0,0.0,0.3336,0.0642,0.0079,0.2653,55.50,10.72
3,2,14.103,0.6,0.0,0.0,0.2551,0.0696,0.0082,0.2701,53.96,8.34
3,2,14.123,0.6,0.0,0.0,0.5633,-0.0197,0.0095,0.2788,20.06,3.65
3,2,14.145,0.6,0.0,0.0,0.5360,-0.0211,0.0093,0.2784,46.40,10.60
3,2,14.166,0.6,0.0,0.0,0.3429,0.0584,0.0081,0.2726,92.76,14.69
3,2,14.183,0.6,0.0,0.0,0.3393,0.0805,0.0109,0.2665,71.63,14.13
3,2,14.204,0.6,0.0,0.0,0.4755,0.0599,0.0131,0.2600,40.27,13.87
3,2,14.223,0.6,0.0,0.0,0.3417,0.0468,0.0125,0.2569,22.50,13.67
3,2,14.245,0.6,0.0,0.0,0.4131,0.0313,0.0110,0.2538,10.76,13.44
3,2,14.264,0.6,0.0,0.0,0.4480,0.0214,0.0100,0.2516,12.65,12.73
3,2,14.283,0.6,0.0,0.0,0.3462,0.0120,0.0098,0.2513,14.63,12.10
3,2,14.303,0.6,0.0,0.0,0.4784,0.0007,0.0094,0.2517,17.60,12.09
3,2,14.323,0.6,0.0,0.0,0.4436,-0.0043,0.0088,0.2530,19.14,11.99
3,2,14.345,0.6,0.0,0.0,0.2323,-0.0149,0.0080,0.2558,49.35,12.04
3,2,14.364,0.6,0.0,0.0,0.3431,-0.0063,0.0073,0.2611,26.11,11.38
3,2,14.384,0.6,0.0,0.0,0.4985,0.0133,0.0075,0.2663,57.41,10.20
3,2,14.403,0.6,0.0,0.0,0.3842,0.0485,0.0081,0.2735,35.32,7.27
3,2,14.425,0.6,0.0,0.0,0.5331,0.0700,0.0066,0.2785,20.62,3.65
3,2,14.444,0.6,0.0,0.0,0.3642,0.0176,0.0060,0.2776,26.75,10.27
3,2,14.467,0.6,0.0,0.0,0.3633,-0.0506,0.0094,0.2720,55.51,15.70
3,2,14.484,0.6,0.0,0.0,0.4729,-0.0412,0.0148,0.2669,34.01,15.18
3,2,14.503,0.6,0.0,0.0,0.3596,-0.0605,0.0174,0.2649,58.17,14.61
3,2,14.523,0.6,0.0,0.0,0.4903,-0.0340,0.0170,0.2576,16.58,14.56
3,2,14.545,0.6,0.0,0.0,0.3635,-0.0314,0.0131,0.2546,17.87,13.27
3,2,14.570,0.6,0.0,0.0,0.2678,-0.0230,0.0093,0.2519,20.82,12.86
3,2,14.585,0.6,0.0,0.0,0.7441,-0.0030,0.0066,0.2503,19.00,11.35
3,2,14.604,0.6,0.0,0.0,0.3957,0.0392,0.0061,0.2498,21.84,11.11
3,2,14.625,0.6,0.0,0.0,0.3423,0.0556,0.0072,0.2505,21.58,10.92
3,2,14.645,0.6,0.0,0.0,0.6259,0.0737,0.0103,0.2538,38.16,11.35
3,2,14.663,0.6,0.0,0.0,0.3676,0.0783,0.0114,0.2591,48.27,11.05
3,2,14.684,0.6,0.0,0.0,0.5216,0.0843,0.0113,0.2666,30.88,10.15
3,2,14.703,0.6,0.0,0.0,0.4490,0.0400,0.0125,0.2758,26.35,8.62
3,2,14.723,0.6,0.0,0.0,0.4140,0.0093,0.0138,0.2796,15.55,5.66
3,2,14.744,0.6,0.0,0.0,0.3880,0.0418,0.0146,0.2774,96.19,11.94
3,2,14.766,0.6,0.0,0.0,0.4646,0.0539,0.0126,0.2701,122.37,13.52
3,2,14.784,0.6,0.0,0.0,0.3335,0.0400,0.0114,0.2668,40.69,13.89
3,2,14.803,0.6,0.0,0.0,0.3328,0.0493,0.0113,0.2643,51.10,13.72
3,2,14.825,0.6,0.0,0.0,0.4664,0.0439,0.0118,0.2569,14.28,13.94
3,2,14.844,0.6,0.0,0.0,0.3164,0.0359,0.0126,0.2544,13.29,13.07
3,2,14.865,0.6,0.0,0.0,0.3234,0.0230,0.0130,0.2527,16.94,12.94
3,2,14.885,0.6,0.0,0.0,0.3659,0.0048,0.0130,0.2520,13.43,11.69
3,2,14.903,0.6,0.0,0.0,0.2948,-0.0128,0.0107,0.2519,16.59,11.52
3,2,14.924,0.6,0.0,0.0,0.4586,-0.0204,0.0083,0.2530,15.59,11.25
3,2,14.945,0.6,0.0,0.0,0.3205,-0.0227,0.0078,0.2553,27.35,11.74
3,2,14.965,0.6,0.0,0.0,0.3336,-0.0143,0.0111,0.2608,35.72,11.70
3,2,14.991,0.6,0.0,0.0,0.4600,0.0217,0.0181,0.2713,30.00,11.09
3,2,15.003,0.6,0.0,0.0,0.4902,0.0452,0.0195,0.2755,49.09,10.23
3,2,15.023,0.6,0.0,0.0,0.3850,0.0502,0.0205,0.2784,21.60,8.97
3,3,15.048,0.0,0.0,0.5,0.0000,0.0094,0.0200,0.2775,78.10,14.95
3,3,15.066,0.0,0.0,0.5,0.4612,-0.0083,0.0198,0.2704,78.60,15.93
3,3,15.084,0.0,0.0,0.5,0.3032,0.0634,0.0199,0.2703,28.88,13.38
3,3,15.106,0.0,0.0,0.5,0.5347,0.1273,0.0215,0.2676,44.09,12.93
3,3,15.125,0.0,0.0,0.5,0.3358,0.2556,0.0242,0.2670,22.59,12.52
3,3,15.145,0.0,0.0,0.5,0.3670,0.3040,0.0256,0.2663,17.19,12.17
3,3,15.165,0.0,0.0,0.5,0.2188,0.3183,0.0283,0.2656,16.88,11.79
3,3,15.184,0.0,0.0,0.5,0.3279,0.3155,0.0321,0.2659,15.35,11.17
3,3,15.204,0.0,0.0,0.5,0.2383,0.3141,0.0390,0.2659,11.43,9.62
3,3,15.227,0.0,0.0,0.5,0.2532,0.3238,0.0412,0.2670,24.10,8.29
3,3,15.244,0.0,0.0,0.5,0.2337,0.3277,0.0437,0.2704,18.90,6.03
3,3,15.266,0.0,0.0,0.5,0.2946,0.3104,0.0486,0.2762,16.39,5.00
3,3,15.284,0.0,0.0,0.5,0.1478,0.2917,0.0506,0.2784,23.48,10.63
3,3,15.303,0.0,0.0,0.5,0.2205,0.2907,0.0440,0.2800,24.83,13.22
3,3,15.323,0.0,0.0,0.5,0.1180,0.3141,0.0346,0.2777,35.91,13.02
3,3,15.345,0.0,0.0,0.5,0.0928,0.2926,0.0321,0.2751,46.34,12.32
3,3,15.368,0.0,0.0,0.5,0.0735,0.2234,0.0317,0.2708,20.52,12.28
3,3,15.383,0.0,0.0,0.5,0.0973,0.2071,0.0318,0.2695,16.65,12.23
3,3,15.403,0.0,0.0,0.5,0.0593,0.1831,0.0316,0.2666,7.31,12.92
3,3,15.424,0.0,0.0,0.5,0.0519,0.1724,0.0309,0.2660,5.99,12.92
3,3,15.446,0.0,0.0,0.5,0.0442,0.1698,0.0309,0.2654,6.14,12.75
3,3,15.466,0.0,0.0,0.5,0.0192,0.1729,0.0313,0.2656,6.08,12.16
3,3,15.485,0.0,0.0,0.5,0.0110,0.1674,0.0309,0.2665,6.53,11.44
3,3,15.503,0.0,0.0,0.5,0.0047,0.1664,0.0298,0.2673,6.97,10.97
3,3,15.523,0.0,0.0,0.5,-0.0009,0.1696,0.0259,0.2696,7.69,10.90
3,3,15.551,0.0,0.0,0.5,-0.0052,0.2116,0.0189,0.2745,18.55,10.38
3,3,15.570,0.0,0.0,0.5,-0.0065,0.2188,0.0178,0.2760,13.28,10.40
3,3,15.585,0.0,0.0,0.5,-0.0029,0.3008,0.0139,0.2799,7.40,8.17
3,3,15.603,0.0,0.0,0.5,-0.0232,0.3693,0.0114,0.2820,6.35,7.67
3,3,15.622,0.0,0.0,0.5,-0.0315,0.3560,0.0106,0.2819,5.42,10.12
3,3,15.645,0.0,0.0,0.5,-0.0580,0.2307,0.0111,0.2791,23.61,12.90
3,3,15.664,0.0,0.0,0.5,-0.0410,0.1474,0.0096,0.2759,13.04,13.98
3,3,15.685,0.0,0.0,0.5,-0.0348,0.1074,0.0070,0.2735,9.12,12.77
3,3,15.704,0.0,0.0,0.5,-0.0401,0.1070,0.0066,0.2706,5.19,12.10
3,3,15.725,0.0,0.0,0.5,-0.0277,0.1250,0.0069,0.2692,4.26,12.26
3,3,15.744,0.0,0.0,0.5,-0.0240,0.1332,0.0066,0.2685,3.74,12.64
3,3,15.765,0.0,0.0,0.5,-0.0284,0.1395,0.0053,0.2673,2.72,12.61
3,3,15.785,0.0,0.0,0.5,-0.0210,0.1328,0.0046,0.2666,2.59,12.33
3,3,15.804,0.0,0.0,0.5,-0.0150,0.1315,0.0046,0.2663,2.16,12.35
3,3,15.823,0.0,0.0,0.5,-0.0233,0.1334,0.0043,0.2663,2.84,12.06
3,3,15.845,0.0,0.0,0.5,-0.0204,0.1409,0.0038,0.2670,6.02,10.89
3,3,15.864,0.0,0.0,0.5,-0.0150,0.1636,0.0019,0.2690,10.80,11.26
3,3,15.885,0.0,0.0,0.5,-0.0165,0.2012,0.0045,0.2717,23.72,7.73
3,3,15.902,0.0,0.0,0.5,-0.0226,0.2487,0.0096,0.2752,12.10,4.60
3,3,15.924,0.0,0.0,0.5,-0.0108,0.2739,0.0110,0.2757,14.46,9.39
3,3,15.945,0.0,0.0,0.5,-0.0002,0.3340,0.0081,0.2730,22.67,14.16
3,3,15.964,0.0,0.0,0.5,0.0044,0.3166,0.0044,0.2685,21.17,14.05
3,3,15.983,0.0,0.0,0.5,0.0050,0.2672,0.0057,0.2667,15.25,13.93
3,3,16.003,0.0,0.0,0.5,0.0027,0.1459,0.0092,0.2628,4.34,14.34
3,3,16.025,0.0,0.0,0.5,-0.0015,0.1037,0.0092,0.2621,3.37,14.06
3,3,16.051,0.0,0.0,0.5,-0.0011,0.0926,0.0090,0.2617,5.87,12.41
3,3,16.066,0.0,0.0,0.5,0.0008,0.1118,0.0096,0.2621,6.44,12.17
3,3,16.084,0.0,0.0,0.5,0.0017,0.1215,0.0096,0.2628,6.62,10.86
3,3,16.104,0.0,0.0,0.5,0.0003,0.1243,0.0093,0.2633,5.43,10.90
3,3,16.124,0.0,0.0,0.5,-0.0004,0.1360,0.0071,0.2655,7.15,10.66
3,3,16.144,0.0,0.0,0.5,-0.0039,0.1586,0.0056,0.2676,6.48,11.06
3,3,16.166,0.0,0.0,0.5,-0.0043,0.2069,0.0042,0.2707,8.30,10.11
3,3,16.183,0.0,0.0,0.5,-0.0023,0.2722,0.0037,0.2741,8.37,8.19
3,3,16.203,0.0,0.0,0.5,-0.0028,0.3631,0.0040,0.2765,5.39,6.62
3,3,16.224,0.0,0.0,0.5,-0.0073,0.3267,0.0036,0.2761,7.69,6.63
3,3,16.246,0.0,0.0,0.5,-0.0087,0.2111,0.0016,0.2748,13.43,13.42
3,3,16.265,0.0,0.0,0.5,-0.0058,0.1095,0.0034,0.2709,14.36,13.93
3,3,16.284,0.0,0.0,0.5,0.0014,0.0861,0.0047,0.2693,2.66,13.47
3,3,16.303,0.0,0.0,0.5,0.0054,0.0766,0.0054,0.2673,2.60,13.32
3,3,16.326,0.0,0.0,0.5,0.0136,0.0973,0.0056,0.2661,2.66,13.31
3,3,16.345,0.0,0.0,0.5,0.0080,0.1137,0.0060,0.2654,3.83,13.03
3,3,16.365,0.0,0.0,0.5,0.0193,0.1224,0.0069,0.2644,2.03,12.84
3,3,16.383,0.0,0.0,0.5,0.0200,0.1391,0.0092,0.2636,2.29,12.76
3,3,16.404,0.0,0.0,0.5,0.0179,0.1471,0.0111,0.2632,1.98,12.77
3,3,16.424,0.0,0.0,0.5,0.0286,0.1528,0.0129,0.2634,3.11,12.67
3,3,16.447,0.0,0.0,0.5,0.0220,0.1593,0.0135,0.2648,9.73,11.72
3,3,16.465,0.0,0.0,0.5,0.0214,0.1722,0.0139,0.2672,25.03,9.91
3,3,16.485,0.0,0.0,0.5,0.0275,0.2010,0.0158,0.2720,13.08,8.03
3,3,16.504,0.0,0.0,0.5,0.0228,0.2398,0.0162,0.2728,9.51,8.37
3,3,16.524,0.0,0.0,0.5,0.0075,0.2398,0.0162,0.2728,9.51,8.37
3,3,16.545,0.0,0.0,0.5,0.0071,0.3172,0.0119,0.2708,13.36,12.56
3,3,16.566,0.0,0.0,0.5,0.0047,0.2728,0.0088,0.2665,8.04,13.79
3,3,16.583,0.0,0.0,0.5,0.0075,0.1950,0.0111,0.2644,7.45,13.10
3,3,16.604,0.0,0.0,0.5,0.0066,0.1210,0.0143,0.2622,3.26,12.95
3,3,16.624,0.0,0.0,0.5,0.0072,0.0988,0.0149,0.2617,3.74,12.75
3,3,16.645,0.0,0.0,0.5,0.0022,0.0951,0.0144,0.2611,4.19,12.59
3,3,16.664,0.0,0.0,0.5,0.0003,0.1100,0.0130,0.2611,4.73,11.98
3,3,16.682,0.0,0.0,0.5,-0.0012,0.1188,0.0124,0.2616,5.62,11.90
3,3,16.703,0.0,0.0,0.5,-0.0004,0.1174,0.0123,0.2618,5.83,11.85
3,3,16.724,0.0,0.0,0.5,-0.0015,0.1110,0.0130,0.2638,7.01,12.03
3,3,16.745,0.0,0.0,0.5,-0.0018,0.1204,0.0130,0.2658,10.66,11.85
3,3,16.769,0.0,0.0,0.5,-0.0040,0.1999,0.0110,0.2702,10.57,10.87
3,3,16.784,0.0,0.0,0.5,-0.0111,0.2942,0.0090,0.2736,12.20,10.77
3,3,16.803,0.0,0.0,0.5,-0.0114,0.3314,0.0066,0.2750,4.33,7.58
3,3,16.823,0.0,0.0,0.5,-0.0082,0.2650,0.0051,0.2746,6.44,11.53
3,3,16.843,0.0,0.0,0.5,-0.0165,0.2127,0.0051,0.2739,12.57,13.31
3,3,16.866,0.0,0.0,0.5,-0.0032,0.1094,0.0076,0.2703,7.08,13.74
3,3,16.884,0.0,0.0,0.5,-0.0001,0.0885,0.0087,0.2693,4.88,13.65
3,3,16.903,0.0,0.0,0.5,0.0027,0.0794,0.0102,0.2664,3.27,13.89
3,3,16.926,0.0,0.0,0.5,0.0071,0.0954,0.0102,0.2654,3.89,13.71
3,3,16.943,0.0,0.0,0.5,0.0099,0.1080,0.0102,0.2646,2.57,13.72
3,3,16.966,0.0,0.0,0.5,0.0171,0.1329,0.0109,0.2633,2.55,13.39
3,3,16.982,0.0,0.0,0.5,0.0232,0.1411,0.0122,0.2628,2.14,13.24
3,3,17.003,0.0,0.0,0.5,0.0131,0.1507,0.0137,0.2623,2.26,13.23
3,3,17.026,0.0,0.0,0.5,0.0277,0.1518,0.0149,0.2626,3.88,13.04
3,3,17.044,0.0,0.0,0.5,0.0300,0.1541,0.0152,0.2639,6.14,12.98
3,3,17.065,0.0,0.0,0.5,0.0240,0.1654,0.0150,0.2653,17.82,10.09
3,3,17.082,0.0,0.0,0.5,0.0237,0.1980,0.0155,0.2695,9.31,7.35
3,3,17.103,0.0,0.0,0.5,0.0298,0.2221,0.0165,0.2728,18.45,4.44
3,3,17.124,0.0,0.0,0.5,0.0121,0.2760,0.0161,0.2722,7.98,10.36
3,3,17.144,0.0,0.0,0.5,0.0073,0.3336,0.0146,0.2708,14.23,12.63
3,3,17.163,0.0,0.0,0.5,0.0030,0.3030,0.0137,0.2677,6.61,13.08
3,3,17.183,0.0,0.0,0.5,0.0020,0.2072,0.0139,0.2654,7.33,13.18
3,3,17.203,0.0,0.0,0.5,0.0026,0.1076,0.0159,0.2627,6.81,13.13
3,3,17.229,0.0,0.0,0.5,0.0027,0.0830,0.0177,0.2618,4.97,12.70
3,3,17.244,0.0,0.0,0.5,0.0014,0.0860,0.0179,0.2615,5.19,12.52
3,3,17.264,0.0,0.0,0.5,-0.0003,0.0947,0.0173,0.2616,6.13,11.85
3,3,17.283,0.0,0.0,0.5,-0.0033,0.1201,0.0157,0.2622,5.07,11.46
3,3,17.302,0.0,0.0,0.5,-0.0036,0.1377,0.0146,0.2632,5.88,11.55
3,3,17.324,0.0,0.0,0.5,-0.0050,0.1358,0.0144,0.2646,7.37,11.82
3,3,17.348,0.0,0.0,0.5,-0.0043,0.1442,0.0139,0.2670,6.64,11.62
3,3,17.364,0.0,0.0,0.5,-0.0080,0.1747,0.0126,0.2697,7.42,10.60
3,3,17.383,0.0,0.0,0.5,-0.0073,0.2881,0.0115,0.2740,11.57,9.37
3,3,17.402,0.0,0.0,0.5,-0.0114,0.3437,0.0094,0.2759,4.33,7.06
3,3,17.425,0.0,0.0,0.5,-0.0215,0.3191,0.0079,0.2755,11.38,11.59
3,3,17.443,0.0,0.0,0.5,-0.0146,0.2072,0.0066,0.2737,11.76,13.78
3,3,17.462,0.0,0.0,0.5,-0.0131,0.1249,0.0079,0.2713,6.58,13.84
3,3,17.483,0.0,0.0,0.5,-0.0048,0.0883,0.0104,0.2689,5.69,13.45
3,3,17.502,0.0,0.0,0.5,0.0007,0.0960,0.0117,0.2668,3.50,13.59
3,3,17.526,0.0,0.0,0.5,0.0079,0.1115,0.0113,0.2656,3.15,13.58
3,3,17.547,0.0,0.0,0.5,0.0085,0.1263,0.0106,0.2644,3.34,13.37
3,3,17.562,0.0,0.0,0.5,0.0132,0.1284,0.0107,0.2637,2.13,13.38
3,3,17.582,0.0,0.0,0.5,0.0214,0.1360,0.0121,0.2630,2.49,12.90
3,3,17.602,0.0,0.0,0.5,0.0157,0.1440,0.0148,0.2625,2.49,12.97
3,3,17.623,0.0,0.0,0.5,0.0251,0.1436,0.0159,0.2639,5.28,12.92
3,3,17.643,0.0,0.0,0.5,0.0199,0.1501,0.0157,0.2647,7.41,12.26
3,3,17.664,0.0,0.0,0.5,0.0193,0.1642,0.0157,0.2671,7.15,10.16
3,3,17.681,0.0,0.0,0.5,0.0314,0.1991,0.0165,0.2701,19.93,7.77
3,3,17.703,0.0,0.0,0.5,0.0221,0.2382,0.0182,0.2732,12.06,5.11
3,3,17.726,0.0,0.0,0.5,0.0164,0.2604,0.0183,0.2726,8.79,10.33
3,3,17.743,0.0,0.0,0.5,0.0129,0.3170,0.0158,0.2709,18.45,12.99
3,3,17.762,0.0,0.0,0.5,0.0095,0.2955,0.0129,0.2678,10.64,13.50
3,3,17.783,0.0,0.0,0.5,0.0096,0.1815,0.0138,0.2647,8.13,13.57
3,3,17.802,0.0,0.0,0.5,0.0113,0.1247,0.0167,0.2629,5.85,13.25
3,3,17.825,0.0,0.0,0.5,0.0070,0.1031,0.0191,0.2619,4.53,12.78
3,3,17.847,0.0,0.0,0.5,0.0027,0.1037,0.0187,0.2613,4.64,12.07
3,3,17.864,0.0,0.0,0.5,-0.0005,0.1134,0.0165,0.2613,4.87,11.47
3,3,17.882,0.0,0.0,0.5,-0.0028,0.1312,0.0140,0.2619,5.45,11.91
3,3,17.903,0.0,0.0,0.5,-0.0039,0.1313,0.0142,0.2631,6.17,11.66
3,3,17.925,0.0,0.0,0.5,-0.0025,0.1268,0.0155,0.2644,5.11,11.64
3,3,17.944,0.0,0.0,0.5,-0.0022,0.1311,0.0159,0.2666,9.69,11.88
3,3,17.963,0.0,0.0,0.5,-0.0025,0.1591,0.0150,0.2686,4.20,11.72
3,3,17.982,0.0,0.0,0.5,-0.0111,0.2750,0.0124,0.2737,16.84,9.13
3,3,18.005,0.0,0.0,0.5,-0.0120,0.3422,0.0101,0.2760,3.76,7.18
3,3,18.022,0.0,0.0,0.5,-0.0164,0.2868,0.0092,0.2757,8.11,11.28
3,3,18.044,0.0,0.0,0.5,-0.0200,0.1784,0.0091,0.2742,8.96,11.43
3,3,18.063,0.0,0.0,0.5,-0.0141,0.1103,0.0103,0.2716,6.56,14.07
3,3,18.083,0.0,0.0,0.5,-0.0028,0.0904,0.0114,0.2696,4.45,13.70
3,3,18.104,0.0,0.0,0.5,0.0023,0.0909,0.0121,0.2673,3.02,13.69
3,3,18.125,0.0,0.0,0.5,0.0097,0.1043,0.0121,0.2661,3.63,13.45
3,3,18.144,0.0,0.0,0.5,0.0149,0.1275,0.0117,0.2644,2.76,13.34
3,3,18.163,0.0,0.0,0.5,0.0140,0.1341,0.0122,0.2637,2.37,13.05
3,3,18.182,0.0,0.0,0.5,0.0218,0.1453,0.0138,0.2632,2.40,12.93
3,3,18.203,0.0,0.0,0.5,0.0064,0.1479,0.0149,0.2629,2.51,12.93
3,3,18.224,0.0,0.0,0.5,0.0276,0.1495,0.0168,0.2631,4.21,12.89
3,3,18.244,0.0,0.0,0.5,0.0299,0.1503,0.0168,0.2640,8.74,11.92
3,3,18.262,0.0,0.0,0.5,0.0340,0.1554,0.0165,0.2668,10.21,11.99
3,3,18.282,0.0,0.0,0.5,0.0266,0.1917,0.0171,0.2702,16.92,10.14
3,3,18.302,0.0,0.0,0.5,0.0240,0.2500,0.0174,0.2734,10.25,7.46
3,3,18.325,0.0,0.0,0.5,0.0178,0.3057,0.0157,0.2720,15.54,11.04
3,3,18.343,0.0,0.0,0.5,0.0105,0.3531,0.0119,0.2699,15.75,13.19
3,3,18.362,0.0,0.0,0.5,0.0053,0.2723,0.0106,0.2662,9.39,13.54
3,3,18.382,0.0,0.0,0.5,0.0089,0.1679,0.0139,0.2636,6.13,13.13
3,3,18.402,0.0,0.0,0.5,0.0092,0.1134,0.0166,0.2619,4.11,12.95
3,3,18.426,0.0,0.0,0.5,0.0049,0.0988,0.0168,0.2612,4.57,12.45
3,3,18.443,0.0,0.0,0.5,0.0018,0.1021,0.0164,0.2611,4.66,12.10
3,3,18.463,0.0,0.0,0.5,0.0019,0.1170,0.0153,0.2614,5.48,11.78
3,3,18.483,0.0,0.0,0.5,0.0004,0.1269,0.0147,0.2619,5.50,11.59
3,3,18.503,0.0,0.0,0.5,0.0002,0.1250,0.0141,0.2631,6.77,11.65
3,3,18.525,0.0,0.0,0.5,-0.0005,0.1303,0.0137,0.2648,5.49,11.55
3,3,18.548,0.0,0.0,0.5,-0.0010,0.1385,0.0127,0.2666,10.16,11.49
3,3,18.564,0.0,0.0,0.5,-0.0040,0.1638,0.0117,0.2687,10.56,11.44
3,3,18.582,0.0,0.0,0.5,-0.0043,0.2588,0.0091,0.2736,4.79,9.11
3,3,18.603,0.0,0.0,0.5,-0.0128,0.3328,0.0069,0.2756,4.69,6.31
3,3,18.623,0.0,0.0,0.5,-0.0145,0.2792,0.0060,0.2752,8.62,10.76
3,3,18.643,0.0,0.0,0.5,-0.0129,0.1924,0.0064,0.2738,15.99,13.62
3,3,18.663,0.0,0.0,0.5,-0.0081,0.1096,0.0076,0.2709,8.11,13.83
3,3,18.683,0.0,0.0,0.5,0.0006,0.0769,0.0088,0.2688,5.35,13.52
3,3,18.702,0.0,0.0,0.5,0.0047,0.0773,0.0095,0.2668,2.48,13.37
3,3,18.725,0.0,0.0,0.5,0.0118,0.0925,0.0098,0.2658,3.42,13.38
3,3,18.744,0.0,0.0,0.5,0.0122,0.1088,0.0100,0.2647,2.44,13.38
3,3,18.765,0.0,0.0,0.5,0.0148,0.1275,0.0105,0.2637,2.49,13.13
3,3,18.783,0.0,0.0,0.5,0.0218,0.1380,0.0118,0.2631,2.07,12.97
3,3,18.803,0.0,0.0,0.5,0.0186,0.1426,0.0134,0.2627,1.85,12.94
3,3,18.826,0.0,0.0,0.5,0.0221,0.1482,0.0150,0.2629,3.11,12.84
3,3,18.845,0.0,0.0,0.5,0.0282,0.1547,0.0151,0.2642,3.52,12.83
3,3,18.864,0.0,0.0,0.5,0.0255,0.1697,0.0151,0.2660,33.21,9.79
3,3,18.883,0.0,0.0,0.5,0.0334,0.1936,0.0168,0.2712,10.17,8.04
3,3,18.903,0.0,0.0,0.5,0.0182,0.2247,0.0173,0.2725,8.76,8.00
3,3,18.924,0.0,0.0,0.5,0.0135,0.2713,0.0154,0.2719,6.63,8.61
3,3,18.946,0.0,0.0,0.5,0.0066,0.3156,0.0115,0.2695,11.09,12.58
3,3,18.964,0.0,0.0,0.5,0.0062,0.2801,0.0109,0.2675,6.00,13.25
3,3,18.981,0.0,0.0,0.5,0.0065,0.1450,0.0136,0.2638,4.50,12.91
3,3,19.002,0.0,0.0,0.5,0.0084,0.1192,0.0149,0.2628,3.82,12.63
3,3,19.028,0.0,0.0,0.5,0.0060,0.0925,0.0157,0.2615,4.42,12.46
3,3,19.044,0.0,0.0,0.5,0.0049,0.0894,0.0156,0.2610,3.89,12.29
3,3,19.065,0.0,0.0,0.5,0.0045,0.1057,0.0149,0.2612,4.46,11.96
3,3,19.084,0.0,0.0,0.5,0.0021,0.1163,0.0143,0.2616,5.32,11.74
3,3,19.103,0.0,0.0,0.5,0.0010,0.1182,0.0137,0.2631,5.59,11.75
3,3,19.124,0.0,0.0,0.5,0.0004,0.1196,0.0133,0.2644,6.57,11.89
3,3,19.149,0.0,0.0,0.5,-0.0009,0.1337,0.0123,0.2671,7.06,11.48
3,3,19.167,0.0,0.0,0.5,-0.0018,0.1686,0.0110,0.2698,11.69,10.55
3,3,19.183,0.0,0.0,0.5,-0.0034,0.2494,0.0094,0.2735,5.35,9.01
3,3,19.202,0.0,0.0,0.5,-0.0077,0.3327,0.0077,0.2761,6.41,6.44
3,3,19.223,0.0,0.0,0.5,-0.0155,0.3119,0.0063,0.2753,14.02,11.13
3,3,19.244,0.0,0.0,0.5,-0.0145,0.1986,0.0054,0.2742,13.47,14.05
3,3,19.265,0.0,0.0,0.5,-0.0082,0.0926,0.0059,0.2710,8.00,13.96
3,3,19.283,0.0,0.0,0.5,-0.0046,0.0740,0.0066,0.2698,6.61,13.87
3,3,19.304,0.0,0.0,0.5,-0.0001,0.0848,0.0088,0.2670,3.67,13.56
3,3,19.327,0.0,0.0,0.5,0.0039,0.1082,0.0095,0.2656,4.10,13.51
3,3,19.344,0.0,0.0,0.5,0.0098,0.1186,0.0097,0.2648,2.84,13.51
3,3,19.365,0.0,0.0,0.5,0.0110,0.1349,0.0102,0.2636,2.74,13.29
3,3,19.385,0.0,0.0,0.5,0.0141,0.1441,0.0117,0.2627,2.13,13.12
3,3,19.404,0.0,0.0,0.5,0.0223,0.1453,0.0130,0.2624,2.17,13.04
3,3,19.424,0.0,0.0,0.5,0.0278,0.1462,0.0138,0.2625,2.66,12.83
3,3,19.445,0.0,0.0,0.5,0.0210,0.1509,0.0143,0.2638,5.37,11.89
3,3,19.463,0.0,0.0,0.5,0.0223,0.1509,0.0143,0.2638,5.37,11.89
3,3,19.483,0.0,0.0,0.5,0.0240,0.2009,0.0159,0.2715,15.28,7.37
3,3,19.502,0.0,0.0,0.5,0.0253,0.2274,0.0167,0.2726,11.95,7.23
3,3,19.524,0.0,0.0,0.5,0.0089,0.2978,0.0140,0.2715,8.47,11.15
3,3,19.544,0.0,0.0,0.5,0.0063,0.3454,0.0102,0.2699,12.19,13.02
3,3,19.563,0.0,0.0,0.5,0.0019,0.2709,0.0082,0.2662,7.35,13.53
3,3,19.582,0.0,0.0,0.5,0.0040,0.1850,0.0102,0.2644,8.51,13.15
3,3,19.602,0.0,0.0,0.5,0.0077,0.1277,0.0131,0.2627,5.00,13.03
3,3,19.623,0.0,0.0,0.5,0.0058,0.0921,0.0151,0.2617,4.85,12.79
3,3,19.645,0.0,0.0,0.5,0.0041,0.0851,0.0150,0.2612,4.69,12.30
3,3,19.663,0.0,0.0,0.5,0.0007,0.1005,0.0124,0.2611,4.69,11.54
3,3,19.682,0.0,0.0,0.5,-0.0005,0.1180,0.0108,0.2616,5.43,11.95
3,3,19.703,0.0,0.0,0.5,-0.0002,0.1178,0.0110,0.2630,6.72,11.70
3,3,19.724,0.0,0.0,0.5,0.0011,0.1225,0.0120,0.2644,5.01,11.94
3,3,19.743,0.0,0.0,0.5,0.0005,0.1276,0.0120,0.2661,11.65,11.69
3,3,19.763,0.0,0.0,0.5,-0.0011,0.1894,0.0096,0.2706,7.47,10.68
3,3,19.782,0.0,0.0,0.5,-0.0049,0.2651,0.0078,0.2735,11.89,8.84
3,3,19.804,0.0,0.0,0.5,-0.0103,0.3407,0.0062,0.2758,3.66,5.73
3,3,19.824,0.0,0.0,0.5,-0.0167,0.2578,0.0054,0.2752,8.69,11.20
3,3,19.844,0.0,0.0,0.5,-0.0100,0.1682,0.0055,0.2738,14.77,13.32
3,3,19.864,0.0,0.0,0.5,-0.0055,0.1039,0.0068,0.2712,5.57,13.57
3,3,19.883,0.0,0.0,0.5,0.0012,0.0847,0.0080,0.2697,4.53,13.41
3,3,19.902,0.0,0.0,0.5,0.0076,0.0828,0.0094,0.2674,2.42,13.46
3,3,19.925,0.0,0.0,0.5,0.0100,0.1040,0.0102,0.2660,3.65,13.28
3,3,19.945,0.0,0.0,0.5,0.0139,0.1233,0.0106,0.2648,2.46,13.33
3,3,19.963,0.0,0.0,0.5,0.0136,0.1367,0.0112,0.2641,2.63,13.04
3,3,19.984,0.0,0.0,0.5,0.0206,0.1398,0.0126,0.2634,2.16,12.84
3,3,20.002,0.0,0.0,0.5,0.0212,0.1424,0.0137,0.2631,1.97,12.78
3,3,20.024,0.0,0.0,0.5,0.0306,0.1472,0.0154,0.2631,2.43,12.73
3,3,20.048,0.0,0.0,0.5,0.0157,0.1542,0.0160,0.2640,6.91,11.86
3,3,20.065,0.0,0.0,0.5,0.0372,0.1655,0.0160,0.2669,11.98,11.92
3,3,20.082,0.0,0.0,0.5,0.0297,0.2008,0.0169,0.2707,18.93,7.45
3,3,20.104,0.0,0.0,0.5,0.0330,0.2481,0.0182,0.2736,16.74,4.37
3,3,20.123,0.0,0.0,0.5,0.0225,0.3028,0.0180,0.2725,12.20,11.29
3,3,20.146,0.0,0.0,0.5,0.0093,0.3560,0.0157,0.2703,14.58,13.17
3,3,20.167,0.0,0.0,0.5,0.0023,0.3025,0.0145,0.2673,9.37,13.26
3,3,20.184,0.0,0.0,0.5,0.0038,0.1956,0.0148,0.2647,6.88,13.28
3,3,20.203,0.0,0.0,0.5,0.0034,0.1350,0.0163,0.2632,4.60,12.94
3,3,20.222,0.0,0.0,0.5,0.0031,0.1235,0.0169,0.2626,5.19,12.89
3,3,20.245,0.0,0.0,0.5,0.0018,0.0949,0.0188,0.2617,5.58,12.41
3,3,20.263,0.0,0.0,0.5,-0.0005,0.0974,0.0186,0.2616,5.52,11.79
3,3,20.284,0.0,0.0,0.5,-0.0045,0.1135,0.0178,0.2621,5.91,11.26
3,3,20.302,0.0,0.0,0.5,-0.0054,0.1332,0.0167,0.2633,6.06,11.26
3,3,20.326,0.0,0.0,0.5,-0.0096,0.1539,0.0154,0.2657,7.19,11.59
3,3,20.343,0.0,0.0,0.5,-0.0047,0.1584,0.0151,0.2664,5.47,11.52
3,3,20.363,0.0,0.0,0.5,-0.0131,0.1944,0.0134,0.2695,14.03,10.50
3,3,20.383,0.0,0.0,0.5,-0.0106,0.2685,0.0118,0.2734,5.27,8.86
3,3,20.402,0.0,0.0,0.5,-0.0127,0.3114,0.0113,0.2746,5.98,8.92
3,3,20.424,0.0,0.0,0.5,-0.0262,0.3292,0.0082,0.2757,9.77,11.03
3,3,20.445,0.0,0.0,0.5,-0.0193,0.2010,0.0065,0.2745,9.31,13.60
3,3,20.464,0.0,0.0,0.5,-0.0177,0.1432,0.0067,0.2731,18.20,13.56
3,3,20.483,0.0,0.0,0.5,-0.0115,0.1091,0.0099,0.2687,5.10,13.52
3,3,20.507,0.0,0.0,0.5,-0.0072,0.1092,0.0111,0.2678,6.30,13.37
3,3,20.524,0.0,0.0,0.5,-0.0040,0.1197,0.0107,0.2662,3.70,13.41
3,3,20.543,0.0,0.0,0.5,0.0030,0.1279,0.0098,0.2653,4.03,13.45
3,3,20.563,0.0,0.0,0.5,0.0048,0.1278,0.0093,0.2640,2.34,13.23
3,3,20.583,0.0,0.0,0.5,0.0107,0.1303,0.0102,0.2635,2.64,12.95
3,3,20.603,0.0,0.0,0.5,0.0119,0.1403,0.0126,0.2630,2.52,12.98
3,3,20.624,0.0,0.0,0.5,0.0126,0.1455,0.0140,0.2633,3.31,13.08
3,3,20.644,0.0,0.0,0.5,0.0144,0.1472,0.0140,0.2635,3.31,13.08
3,3,20.665,0.0,0.0,0.5,0.0231,0.1621,0.0124,0.2688,6.44,10.13
3,3,20.683,0.0,0.0,0.5,0.0209,0.1929,0.0119,0.2714,15.83,7.70
3,3,20.702,0.0,0.0,0.5,0.0123,0.2469,0.0122,0.2736,13.34,4.34
3,3,20.724,0.0,0.0,0.5,0.0188,0.2821,0.0122,0.2730,11.59,10.56
3,3,20.744,0.0,0.0,0.5,0.0095,0.3700,0.0113,0.2703,19.84,13.51
3,3,20.764,0.0,0.0,0.5,0.0113,0.3479,0.0112,0.2684,16.13,13.12
3,3,20.782,0.0,0.0,0.5,0.0050,0.2313,0.0124,0.2645,9.45,13.49
3,3,20.802,0.0,0.0,0.5,0.0037,0.1008,0.0138,0.2618,3.53,13.41
3,3,20.823,0.0,0.0,0.5,0.0037,0.0881,0.0140,0.2614,4.76,13.05
3,3,20.845,0.0,0.0,0.5,0.0015,0.1090,0.0160,0.2610,5.72,12.22
3,3,20.864,0.0,0.0,0.5,0.0004,0.1215,0.0162,0.2613,6.04,11.54
3,3,20.884,0.0,0.0,0.5,-0.0013,0.1249,0.0159,0.2614,5.78,11.42
3,3,20.904,0.0,0.0,0.5,-0.0017,0.1476,0.0134,0.2631,5.40,11.01
3,3,20.924,0.0,0.0,0.5,-0.0032,0.1557,0.0120,0.2643,7.12,11.38
3,3,20.944,0.0,0.0,0.5,-0.0028,0.1649,0.0107,0.2666,11.49,11.33
3,3,20.964,0.0,0.0,0.5,-0.0033,0.2058,0.0087,0.2701,6.03,10.50
3,3,20.984,0.0,0.0,0.5,-0.0035,0.2775,0.0062,0.2741,13.69,8.46
3,3,21.005,0.0,0.0,0.5,-0.0053,0.3468,0.0050,0.2758,6.08,7.28
3,3,21.028,0.0,0.0,0.5,-0.0103,0.2646,0.0038,0.2751,9.76,10.82
3,3,21.045,0.0,0.0,0.5,-0.0127,0.2149,0.0042,0.2744,8.32,11.04
3,4,21.066,0.0,0.3,0.0,0.0000,0.1400,0.0057,0.2727,16.13,14.13
3,4,21.083,0.0,0.3,0.0,-0.0106,0.1067,0.0072,0.2700,6.44,13.89
3,4,21.102,0.0,0.3,0.0,0.0005,0.0092,0.0070,0.2684,5.89,14.34
3,4,21.124,0.0,0.3,0.0,0.0066,-0.0030,0.0047,0.2670,6.18,12.52
3,4,21.145,0.0,0.3,0.0,0.0074,0.0049,0.0030,0.2659,3.90,12.21
3,4,21.166,0.0,0.3,0.0,0.0057,0.0051,0.0029,0.2650,2.78,12.43
3,4,21.184,0.0,0.3,0.0,0.0147,0.0044,0.0035,0.2638,3.83,12.51
3,4,21.202,0.0,0.3,0.0,0.0072,0.0048,0.0060,0.2631,4.36,12.78
3,4,21.223,0.0,0.3,0.0,0.0075,0.0087,0.0072,0.2634,4.13,13.00
3,4,21.244,0.0,0.3,0.0,0.0162,0.0071,0.0083,0.2643,5.90,12.67
3,4,21.263,0.0,0.3,0.0,0.0161,0.0076,0.0134,0.2680,15.77,11.15
3,4,21.282,0.0,0.3,0.0,0.0149,0.0082,0.0187,0.2708,15.59,11.27
3,4,21.302,0.0,0.3,0.0,0.0416,-0.0015,0.0279,0.2760,10.63,11.37
3,4,21.323,0.0,0.3,0.0,0.0187,-0.0044,0.0211,0.2754,9.50,11.37
3,4,21.343,0.0,0.3,0.0,0.0193,-0.0033,0.0163,0.2742,14.64,11.83
3,4,21.364,0.0,0.3,0.0,0.0147,0.0241,0.0140,0.2711,16.06,12.40
3,4,21.383,0.0,0.3,0.0,0.0093,0.0270,0.0196,0.2678,12.28,13.02
3,4,21.403,0.0,0.3,0.0,0.0033,0.0144,0.0246,0.2661,12.36,13.02
3,4,21.424,0.0,0.3,0.0,0.0093,-0.0069,0.0259,0.2637,14.72,12.62
3,4,21.444,0.0,0.3,0.0,-0.0040,-0.0364,0.0170,0.2620,19.99,11.52
3,4,21.468,0.0,0.3,0.0,-0.0141,-0.0328,0.0090,0.2610,11.95,12.68
3,4,21.483,0.0,0.3,0.0,-0.0073,-0.0064,0.0077,0.2600,5.14,12.07
3,4,21.502,0.0,0.3,0.0,-0.0041,-0.0034,0.0133,0.2607,5.64,12.43
3,4,21.525,0.0,0.3,0.0,-0.0045,-0.0042,0.0158,0.2622,10.66,12.69
3,4,21.547,0.0,0.3,0.0,-0.0086,-0.0029,0.0156,0.2642,22.76,12.31
3,4,21.562,0.0,0.3,0.0,-0.0243,0.0024,0.0163,0.2677,19.36,11.57
3,4,21.582,0.0,0.3,0.0,-0.0262,0.0198,0.0222,0.2735,19.30,10.29
3,4,21.602,0.0,0.3,0.0,-0.0479,0.0315,0.0243,0.2757,16.91,9.65
3,4,21.623,0.0,0.3,0.0,-0.0407,0.0335,0.0209,0.2754,13.35,13.62
3,4,21.645,0.0,0.3,0.0,-0.0464,0.0068,0.0189,0.2743,8.00,13.30
3,4,21.664,0.0,0.3,0.0,-0.0566,-0.0227,0.0205,0.2734,8.56,12.98
3,4,21.683,0.0,0.3,0.0,-0.0418,-0.0337,0.0207,0.2700,20.61,14.92
3,4,21.703,0.0,0.3,0.0,-0.0322,-0.0191,0.0211,0.2680,24.07,14.50
3,4,21.724,0.0,0.3,0.0,-0.0376,-0.0127,0.0165,0.2654,22.18,14.09
3,4,21.744,0.0,0.3,0.0,-0.0184,0.0014,0.0139,0.2638,16.53,12.44
3,4,21.765,0.0,0.3,0.0,-0.0179,0.0054,0.0152,0.2626,11.27,11.96
3,4,21.786,0.0,0.3,0.0,-0.0118,0.0215,0.0154,0.2612,10.44,12.29
3,4,21.803,0.0,0.3,0.0,-0.0185,0.0297,0.0159,0.2611,11.28,12.91
3,4,21.823,0.0,0.3,0.0,-0.0092,0.0287,0.0164,0.2615,10.96,12.69
3,4,21.845,0.0,0.3,0.0,-0.0185,0.0246,0.0188,0.2634,11.14,12.63
3,4,21.865,0.0,0.3,0.0,-0.0126,0.0275,0.0221,0.2672,22.95,9.80
3,4,21.886,0.0,0.3,0.0,-0.0109,0.0036,0.0231,0.2739,24.61,8.52
3,4,21.903,0.0,0.3,0.0,-0.0134,0.0025,0.0249,0.2794,14.84,5.81
3,4,21.925,0.0,0.3,0.0,-0.0140,0.0162,0.0245,0.2793,19.50,9.63
3,4,21.944,0.0,0.3,0.0,-0.0010,0.0767,0.0215,0.2776,27.17,10.50
3,4,21.966,0.0,0.3,0.0,0.0048,0.1195,0.0165,0.2711,18.72,12.96
3,4,21.982,0.0,0.3,0.0,0.0111,0.0977,0.0134,0.2686,19.40,13.00
3,4,22.005,0.0,0.3,0.0,0.0117,0.0506,0.0087,0.2656,18.61,13.41
3,4,22.024,0.0,0.3,0.0,0.0103,0.0115,0.0126,0.2629,13.45,12.27
3,4,22.045,0.0,0.3,0.0,0.0058,-0.0052,0.0112,0.2612,12.84,11.93
3,4,22.066,0.0,0.3,0.0,0.0020,-0.0110,0.0088,0.2604,8.31,11.15
3,4,22.083,0.0,0.3,0.0,0.0007,-0.0086,0.0088,0.2601,4.00,11.95
3,4,22.103,0.0,0.3,0.0,0.0016,0.0038,0.0114,0.2596,1.19,12.18
3,4,22.124,0.0,0.3,0.0,0.0040,-0.0011,0.0118,0.2607,17.16,12.09
3,4,22.146,0.0,0.3,0.0,0.0087,0.0033,0.0043,0.2642,12.86,11.92
3,4,22.163,0.0,0.3,0.0,0.0088,0.0185,0.0058,0.2673,25.27,12.19
3,4,22.184,0.0,0.3,0.0,0.0022,0.0355,0.0093,0.2720,26.75,11.21
3,4,22.203,0.0,0.3,0.0,-0.0132,0.0510,0.0117,0.2759,14.59,10.36
3,4,22.225,0.0,0.3,0.0,-0.0293,0.0382,0.0150,0.2756,11.75,12.32
3,4,22.244,0.0,0.3,0.0,-0.0310,0.0097,0.0159,0.2735,12.63,14.12
3,4,22.268,0.0,0.3,0.0,-0.0296,-0.0017,0.0131,0.2706,13.85,14.04
3,4,22.284,0.0,0.3,0.0,-0.0128,-0.0030,0.0112,0.2686,16.09,13.53
3,4,22.303,0.0,0.3,0.0,-0.0138,-0.0062,0.0123,0.2674,20.86,13.45
3,4,22.325,0.0,0.3,0.0,-0.0030,0.0004,0.0069,0.2643,14.40,13.05
3,4,22.345,0.0,0.3,0.0,0.0039,0.0110,0.0028,0.2634,12.01,12.46
3,4,22.365,0.0,0.3,0.0,0.0149,0.0053,0.0050,0.2622,6.29,12.01
3,4,22.384,0.0,0.3,0.0,0.0126,0.0101,0.0047,0.2611,9.38,11.80
3,4,22.403,0.0,0.3,0.0,0.0177,0.0226,0.0055,0.2608,10.29,12.26
3,4,22.428,0.0,0.3,0.0,0.0094,0.0249,0.0063,0.2610,9.48,12.10
3,4,22.445,0.0,0.3,0.0,0.0130,0.0252,0.0064,0.2627,9.64,12.02
3,4,22.465,0.0,0.3,0.0,0.0228,0.0255,0.0068,0.2653,13.04,11.44
3,4,22.489,0.0,0.3,0.0,0.0184,0.0245,0.0082,0.2703,12.18,9.45
3,4,22.504,0.0,0.3,0.0,0.0244,0.0044,0.0160,0.2774,26.08,7.99
3,4,22.524,0.0,0.3,0.0,0.0148,0.0201,0.0189,0.2783,7.95,9.96
3,4,22.544,0.0,0.3,0.0,0.0141,0.0304,0.0151,0.2773,26.38,12.06
3,4,22.563,0.0,0.3,0.0,0.0125,0.0575,0.0054,0.2721,32.14,13.48
3,4,22.583,0.0,0.3,0.0,0.0066,0.0589,0.0074,0.2677,9.59,12.92
3,4,22.604,0.0,0.3,0.0,0.0101,0.0294,0.0194,0.2646,13.90,13.05
3,4,22.625,0.0,0.3,0.0,0.0083,0.0096,0.0238,0.2626,13.61,12.44
3,4,22.645,0.0,0.3,0.0,-0.0008,-0.0182,0.0176,0.2608,14.91,11.12
3,4,22.665,0.0,0.3,0.0,-0.0122,-0.0259,0.0122,0.2602,13.80,10.96
3,4,22.684,0.0,0.3,0.0,-0.0078,-0.0070,0.0030,0.2593,3.39,12.71
3,4,22.703,0.0,0.3,0.0,-0.0087,0.0022,0.0016,0.2595,4.43,12.39
3,4,22.726,0.0,0.3,0.0,-0.0034,0.0005,0.0025,0.2607,20.94,12.14
3,4,22.745,0.0,0.3,0.0,-0.0009,-0.0016,0.0084,0.2635,13.46,12.15
3,4,22.763,0.0,0.3,0.0,-0.0038,0.0037,0.0146,0.2659,27.75,12.27
3,4,22.783,0.0,0.3,0.0,-0.0080,0.0177,0.0186,0.2709,24.36,11.07
3,4,22.802,0.0,0.3,0.0,-0.0453,0.0318,0.0198,0.2756,16.40,11.25
3,4,22.824,0.0,0.3,0.0,-0.0382,0.0385,0.0177,0.2762,10.09,12.51
3,4,22.843,0.0,0.3,0.0,-0.0234,0.0194,0.0168,0.2751,10.81,14.08
3,4,22.863,0.0,0.3,0.0,-0.0498,-0.0159,0.0156,0.2709,17.94,13.62
3,4,22.883,0.0,0.3,0.0,-0.0328,-0.0127,0.0178,0.2682,18.92,14.38
3,4,22.902,0.0,0.3,0.0,-0.0121,-0.0071,0.0185,0.2660,22.27,13.97
3,4,22.926,0.0,0.3,0.0,-0.0209,-0.0037,0.0113,0.2639,15.42,12.94
3,4,22.944,0.0,0.3,0.0,-0.0032,0.0045,0.0072,0.2631,11.50,12.92
3,4,22.967,0.0,0.3,0.0,0.0003,0.0073,0.0059,0.2626,9.21,12.16
3,4,22.984,0.0,0.3,0.0,0.0023,0.0098,0.0079,0.2613,9.71,11.32
3,4,23.004,0.0,0.3,0.0,0.0002,0.0299,0.0087,0.2614,10.00,11.44
3,4,23.024,0.0,0.3,0.0,-0.0030,0.0319,0.0093,0.2619,11.13,12.12
3,4,23.045,0.0,0.3,0.0,-0.0060,0.0278,0.0105,0.2640,12.19,11.98
3,4,23.064,0.0,0.3,0.0,-0.0024,0.0251,0.0114,0.2670,11.63,11.87
3,4,23.082,0.0,0.3,0.0,0.0003,0.0199,0.0123,0.2705,9.51,10.33
3,4,23.103,0.0,0.3,0.0,0.0047,-0.0031,0.0158,0.2761,22.01,5.86
3,4,23.128,0.0,0.3,0.0,0.0039,-0.0057,0.0164,0.2790,7.05,6.33
3,4,23.144,0.0,0.3,0.0,0.0035,0.0874,0.0084,0.2763,34.82,12.56
3,4,23.165,0.0,0.3,0.0,0.0112,0.1007,0.0035,0.2709,50.71,13.68
3,4,23.183,0.0,0.3,0.0,0.0054,0.0585,0.0030,0.2676,14.56,14.02
3,4,23.203,0.0,0.3,0.0,0.0065,0.0208,0.0119,0.2644,15.88,13.72
3,4,23.225,0.0,0.3,0.0,0.0050,-0.0056,0.0116,0.2615,21.09,12.22
3,4,23.243,0.0,0.3,0.0,-0.0014,-0.0239,0.0076,0.2609,13.34,11.04
3,4,23.264,0.0,0.3,0.0,-0.0096,-0.0210,0.0028,0.2601,9.80,10.97
3,4,23.283,0.0,0.3,0.0,-0.0092,-0.0025,0.0074,0.2592,2.34,12.51
3,4,23.303,0.0,0.3,0.0,-0.0024,0.0051,0.0068,0.2596,5.55,12.14
3,4,23.324,0.0,0.3,0.0,0.0027,0.0001,0.0009,0.2614,10.97,12.37
3,4,23.344,0.0,0.3,0.0,0.0026,0.0053,0.0063,0.2637,13.46,12.43
3,4,23.364,0.0,0.3,0.0,-0.0007,0.0175,0.0097,0.2665,21.10,12.07
3,4,23.383,0.0,0.3,0.0,-0.0148,0.0314,0.0134,0.2728,21.79,10.46
3,4,23.403,0.0,0.3,0.0,-0.0269,0.0430,0.0159,0.2762,9.71,9.50
3,4,23.426,0.0,0.3,0.0,-0.0455,0.0389,0.0153,0.2759,12.08,12.97
3,4,23.445,0.0,0.3,0.0,-0.0392,-0.0081,0.0172,0.2740,7.01,13.27
3,4,23.465,0.0,0.3,0.0,-0.0416,-0.0214,0.0162,0.2721,22.58,13.34
3,4,23.483,0.0,0.3,0.0,-0.0382,-0.0169,0.0139,0.2689,20.73,14.21
3,4,23.503,0.0,0.3,0.0,-0.0237,-0.0011,0.0134,0.2665,23.19,14.54
3,4,23.526,0.0,0.3,0.0,-0.0192,0.0005,0.0080,0.2643,18.46,12.39
3,4,23.550,0.0,0.3,0.0,-0.0081,0.0050,0.0117,0.2628,10.35,11.73
3,4,23.566,0.0,0.3,0.0,-0.0030,0.0106,0.0116,0.2617,9.18,11.80
3,4,23.583,0.0,0.3,0.0,-0.0051,0.0243,0.0109,0.2612,8.58,12.35
3,4,23.603,0.0,0.3,0.0,-0.0056,0.0262,0.0111,0.2613,9.91,12.33
3,4,23.624,0.0,0.3,0.0,-0.0060,0.0257,0.0121,0.2619,11.95,12.04
3,4,23.643,0.0,0.3,0.0,-0.0058,0.0230,0.0144,0.2639,10.27,11.12
3,4,23.664,0.0,0.3,0.0,-0.0037,0.0249,0.0152,0.2669,13.21,11.13
3,4,23.691,0.0,0.3,0.0,-0.0060,-0.0007,0.0166,0.2760,12.08,8.16
3,4,23.703,0.0,0.3,0.0,-0.0014,0.0008,0.0176,0.2788,23.32,8.30
3,4,23.734,0.0,0.3,0.0,0.0007,0.0406,0.0141,0.2779,20.54,10.34
3,4,23.749,0.0,0.3,0.0,0.0101,0.0728,0.0112,0.2763,15.39,10.56
3,4,23.764,0.0,0.3,0.0,0.0148,0.1060,0.0107,0.2741,22.39,12.63
3,4,23.784,0.0,0.3,0.0,0.0123,0.0706,0.0061,0.2668,17.84,12.90
3,4,23.806,0.0,0.3,0.0,0.0179,0.0432,0.0026,0.2651,13.63,13.36
3,4,23.825,0.0,0.3,0.0,0.0151,0.0121,0.0066,0.2621,12.87,12.62
3,4,23.844,0.0,0.3,0.0,0.0170,-0.0008,0.0053,0.2609,15.38,11.45
3,4,23.864,0.0,0.3,0.0,0.0072,-0.0078,0.0056,0.2596,8.91,11.89
3,4,23.883,0.0,0.3,0.0,0.0086,-0.0012,0.0083,0.2591,3.24,12.26
3,4,23.903,0.0,0.3,0.0,0.0129,0.0027,0.0099,0.2592,5.17,12.08
3,4,23.924,0.0,0.3,0.0,0.0120,0.0003,0.0084,0.2600,7.85,12.11
3,4,23.946,0.0,0.3,0.0,0.0157,0.0059,0.0006,0.2631,14.62,12.30
3,4,23.964,0.0,0.3,0.0,0.0088,0.0149,0.0059,0.2660,16.97,12.23
3,4,23.983,0.0,0.3,0.0,0.0006,0.0286,0.0085,0.2707,56.60,11.25
3,4,24.003,0.0,0.3,0.0,-0.0171,0.0375,0.0096,0.2752,19.88,10.50
3,4,24.024,0.0,0.3,0.0,-0.0249,0.0291,0.0115,0.2753,5.83,12.06
3,4,24.044,0.0,0.3,0.0,-0.0187,0.0172,0.0126,0.2752,6.32,11.87
3,4,24.062,0.0,0.3,0.0,-0.0356,-0.0034,0.0111,0.2696,15.27,13.25
3,4,24.082,0.0,0.3,0.0,-0.0280,0.0025,0.0108,0.2675,18.15,13.87
3,4,24.102,0.0,0.3,0.0,-0.0142,-0.0037,0.0086,0.2651,16.23,12.95
3,4,24.126,0.0,0.3,0.0,-0.0101,-0.0028,0.0047,0.2632,11.41,12.42
3,4,24.142,0.0,0.3,0.0,-0.0012,0.0024,0.0043,0.2624,8.52,12.10
3,4,24.163,0.0,0.3,0.0,0.0054,0.0108,0.0063,0.2614,6.10,12.14
3,4,24.183,0.0,0.3,0.0,0.0081,0.0156,0.0081,0.2608,6.29,12.02
3,4,24.202,0.0,0.3,0.0,0.0062,0.0200,0.0086,0.2608,8.12,11.83
3,4,24.229,0.0,0.3,0.0,0.0048,0.0249,0.0089,0.2615,11.49,11.66
3,4,24.250,0.0,0.3,0.0,0.0065,0.0218,0.0099,0.2639,10.79,11.36
3,4,24.265,0.0,0.3,0.0,0.0031,0.0262,0.0109,0.2682,35.20,10.04
3,4,24.284,0.0,0.3,0.0,0.0108,0.0201,0.0123,0.2727,60.83,8.45
3,4,24.303,0.0,0.3,0.0,0.0110,-0.0246,0.0158,0.2795,6.97,7.98
3,4,24.331,0.0,0.3,0.0,0.0082,0.0292,0.0115,0.2783,20.70,10.44
3,4,24.345,0.0,0.3,0.0,0.0097,0.0514,0.0077,0.2760,48.45,12.84
3,4,24.363,0.0,0.3,0.0,0.0059,0.0612,0.0049,0.2711,34.71,13.00
3,4,24.382,0.0,0.3,0.0,0.0058,0.0372,0.0093,0.2689,16.17,12.92
3,4,24.405,0.0,0.3,0.0,0.0046,0.0067,0.0161,0.2652,12.63,12.65
3,4,24.429,0.0,0.3,0.0,-0.0022,-0.0229,0.0092,0.2624,13.17,11.42
3,4,24.443,0.0,0.3,0.0,-0.0112,-0.0296,0.0053,0.2616,14.93,11.21
3,4,24.463,0.0,0.3,0.0,-0.0135,-0.0117,0.0061,0.2606,4.49,13.34
3,4,24.483,0.0,0.3,0.0,-0.0068,0.0115,0.0034,0.2603,7.16,12.03
3,4,24.504,0.0,0.3,0.0,-0.0014,0.0048,0.0071,0.2614,7.91,12.22
3,4,24.524,0.0,0.3,0.0,-0.0017,0.0031,0.0101,0.2620,7.49,12.19
3,4,24.544,0.0,0.3,0.0,-0.0049,0.0038,0.0111,0.2641,14.86,11.79
3,4,24.563,0.0,0.3,0.0,-0.0156,0.0084,0.0130,0.2681,27.70,11.29
3,4,24.583,0.0,0.3,0.0,-0.0227,0.0198,0.0177,0.2741,16.31,9.99
3,4,24.602,0.0,0.3,0.0,-0.0396,0.0238,0.0197,0.2762,6.69,10.44
3,4,24.625,0.0,0.3,0.0,-0.0330,0.0163,0.0178,0.2763,7.14,12.36
3,4,24.644,0.0,0.3,0.0,-0.0266,0.0061,0.0171,0.2753,7.38,12.61
3,4,24.663,0.0,0.3,0.0,-0.0466,-0.0168,0.0189,0.2732,18.72,14.76
3,4,24.684,0.0,0.3,0.0,-0.0293,-0.0144,0.0183,0.2691,15.94,14.59
3,4,24.704,0.0,0.3,0.0,-0.0254,-0.0043,0.0179,0.2670,20.64,14.09
3,4,24.727,0.0,0.3,0.0,-0.0156,-0.0041,0.0138,0.2648,16.81,13.48
3,4,24.751,0.0,0.3,0.0,-0.0038,0.0015,0.0104,0.2635,13.94,12.82
3,4,24.764,0.0,0.3,0.0,0.0002,0.0001,0.0099,0.2627,12.06,12.78
3,4,24.783,0.0,0.3,0.0,0.0033,0.0059,0.0117,0.2614,6.60,12.53
3,4,24.803,0.0,0.3,0.0,0.0022,0.0167,0.0129,0.2609,8.77,12.47
3,4,24.824,0.0,0.3,0.0,0.0012,0.0239,0.0139,0.2617,10.61,12.39
3,4,24.848,0.0,0.3,0.0,0.0004,0.0230,0.0152,0.2644,15.67,12.20
3,4,24.867,0.0,0.3,0.0,0.0011,0.0217,0.0159,0.2667,15.91,12.11
3,4,24.883,0.0,0.3,0.0,0.0054,0.0148,0.0167,0.2704,16.87,11.00
3,4,24.903,0.0,0.3,0.0,0.0101,0.0018,0.0180,0.2761,14.91,9.02
3,4,24.922,0.0,0.3,0.0,0.0097,-0.0059,0.0170,0.2797,8.37,7.26
3,4,24.943,0.0,0.3,0.0,0.0300,0.0659,0.0123,0.2773,46.50,12.85
3,4,24.964,0.0,0.3,0.0,0.0251,0.1013,0.0051,0.2709,27.78,15.66
3,4,24.984,0.0,0.3,0.0,0.0134,0.0839,0.0060,0.2687,19.18,14.97
3,4,25.003,0.0,0.3,0.0,0.0109,0.0143,0.0121,0.2643,13.06,13.28
3,4,25.026,0.0,0.3,0.0,0.0050,-0.0105,0.0112,0.2620,11.70,11.75
3,4,25.045,0.0,0.3,0.0,0.0006,-0.0177,0.0077,0.2612,11.41,10.86
3,4,25.062,0.0,0.3,0.0,-0.0038,-0.0074,0.0039,0.2598,3.85,11.93
3,4,25.082,0.0,0.3,0.0,-0.0011,-0.0006,0.0059,0.2597,5.22,12.06
3,4,25.103,0.0,0.3,0.0,0.0040,-0.0013,0.0033,0.2606,7.72,11.82
3,4,25.125,0.0,0.3,0.0,0.0060,0.0029,0.0026,0.2624,8.58,11.94
3,4,25.144,0.0,0.3,0.0,0.0076,0.0048,0.0055,0.2633,12.77,12.17
3,4,25.170,0.0,0.3,0.0,-0.0021,0.0203,0.0090,0.2697,27.83,11.73
3,4,25.186,0.0,0.3,0.0,-0.0124,0.0410,0.0104,0.2738,14.36,10.38
3,4,25.202,0.0,0.3,0.0,-0.0289,0.0301,0.0113,0.2758,7.13,8.01
3,4,25.224,0.0,0.3,0.0,-0.0226,0.0330,0.0105,0.2761,5.39,12.29
3,4,25.247,0.0,0.3,0.0,-0.0232,-0.0038,0.0118,0.2742,13.15,12.81
3,4,25.264,0.0,0.3,0.0,-0.0264,-0.0371,0.0116,0.2728,9.25,12.89
3,4,25.284,0.0,0.3,0.0,-0.0303,-0.0314,0.0087,0.2683,31.53,14.58
3,4,25.304,0.0,0.3,0.0,-0.0153,-0.0073,0.0077,0.2659,18.27,13.84
3,4,25.329,0.0,0.3,0.0,-0.0137,-0.0110,0.0055,0.2641,13.86,13.33
3,4,25.350,0.0,0.3,0.0,-0.0035,-0.0032,0.0062,0.2631,11.95,13.30
3,4,25.364,0.0,0.3,0.0,-0.0000,0.0030,0.0082,0.2621,9.74,12.47
3,4,25.383,0.0,0.3,0.0,0.0014,0.0154,0.0088,0.2606,9.11,12.74
3,4,25.403,0.0,0.3,0.0,0.0008,0.0225,0.0093,0.2605,9.47,12.72
3,4,25.424,0.0,0.3,0.0,0.0016,0.0243,0.0106,0.2613,11.08,12.56
3,4,25.446,0.0,0.3,0.0,0.0016,0.0213,0.0120,0.2627,12.32,11.89
3,4,25.467,0.0,0.3,0.0,0.0029,0.0287,0.0125,0.2657,24.89,10.40
3,4,25.484,0.0,0.3,0.0,0.0061,0.0129,0.0147,0.2722,14.26,9.26
3,4,25.503,0.0,0.3,0.0,0.0140,-0.0014,0.0163,0.2781,12.98,8.68
3,4,25.524,0.0,0.3,0.0,0.0158,0.0136,0.0135,0.2777,10.80,7.76
3,4,25.543,0.0,0.3,0.0,0.0264,0.0674,0.0072,0.2760,23.31,13.08
3,4,25.564,0.0,0.3,0.0,0.0180,0.0947,0.0040,0.2718,32.88,13.10
3,4,25.584,0.0,0.3,0.0,0.0251,0.0827,0.0023,0.2682,37.91,13.54
3,4,25.603,0.0,0.3,0.0,0.0219,0.0188,0.0168,0.2637,14.29,14.02
3,4,25.625,0.0,0.3,0.0,0.0253,0.0027,0.0236,0.2619,16.89,12.49
3,4,25.644,0.0,0.3,0.0,0.0077,-0.0055,0.0223,0.2612,16.29,12.26
3,4,25.666,0.0,0.3,0.0,0.0035,-0.0305,0.0038,0.2600,16.52,11.01
3,4,25.682,0.0,0.3,0.0,-0.0019,-0.0215,0.0115,0.2595,9.04,14.11
3,4,25.703,0.0,0.3,0.0,0.0021,-0.0092,0.0149,0.2594,9.68,14.00
3,4,25.723,0.0,0.3,0.0,0.0110,-0.0009,0.0049,0.2616,13.97,12.33
3,4,25.744,0.0,0.3,0.0,0.0212,0.0061,0.0071,0.2638,13.10,12.70
3,4,25.763,0.0,0.3,0.0,0.0139,0.0391,0.0118,0.2675,33.16,12.94
3,4,25.783,0.0,0.3,0.0,-0.0044,0.0505,0.0067,0.2721,35.15,10.35
3,4,25.803,0.0,0.3,0.0,-0.0213,0.0467,0.0094,0.2760,11.09,6.20
3,4,25.824,0.0,0.3,0.0,-0.0186,0.0502,0.0091,0.2757,5.72,12.81
3,4,25.844,0.0,0.3,0.0,-0.0163,0.0216,0.0075,0.2739,17.36,14.55
3,4,25.865,0.0,0.3,0.0,-0.0072,0.0021,0.0086,0.2711,18.06,15.10
3,4,25.886,0.0,0.3,0.0,-0.0027,-0.0030,0.0104,0.2671,17.68,14.68
3,4,25.903,0.0,0.3,0.0,0.0056,-0.0109,0.0073,0.2653,14.35,13.57
3,4,25.924,0.0,0.3,0.0,0.0161,-0.0069,0.0050,0.2638,9.62,12.94
3,4,25.945,0.0,0.3,0.0,0.0098,-0.0044,0.0050,0.2629,8.88,13.01
3,4,25.966,0.0,0.3,0.0,0.0237,0.0021,0.0075,0.2614,8.17,13.23
3,4,25.984,0.0,0.3,0.0,0.0224,0.0071,0.0086,0.2605,7.96,13.23
3,4,26.004,0.0,0.3,0.0,0.0242,0.0084,0.0076,0.2602,7.66,12.83
3,4,26.024,0.0,0.3,0.0,0.0336,0.0097,0.0062,0.2605,8.06,12.13
3,4,26.043,0.0,0.3,0.0,0.0244,0.0166,0.0078,0.2620,14.11,11.28
3,4,26.065,0.0,0.3,0.0,0.0249,0.0298,0.0104,0.2646,68.50,10.57
3,4,26.083,0.0,0.3,0.0,0.0397,0.0096,0.0192,0.2733,29.49,8.56
3,4,26.104,0.0,0.3,0.0,0.0269,-0.0127,0.0227,0.2769,19.45,8.64
3,4,26.123,0.0,0.3,0.0,0.0481,-0.0154,0.0187,0.2767,10.71,11.25
3,4,26.145,0.0,0.3,0.0,0.0292,0.0284,0.0072,0.2741,18.45,12.46
3,4,26.164,0.0,0.3,0.0,0.0367,0.0632,0.0070,0.2700,22.36,13.10
3,4,26.183,0.0,0.3,0.0,0.0229,0.0425,0.0143,0.2667,29.83,13.09
3,4,26.203,0.0,0.3,0.0,0.0285,0.0261,0.0201,0.2644,21.23,14.25
3,4,26.223,0.0,0.3,0.0,0.0206,0.0020,0.0166,0.2619,18.82,12.60
3,4,26.249,0.0,0.3,0.0,0.0085,-0.0262,0.0050,0.2598,17.94,11.49
3,4,26.264,0.0,0.3,0.0,0.0136,-0.0171,0.0068,0.2590,8.64,11.12
3,4,26.284,0.0,0.3,0.0,0.0077,-0.0040,0.0106,0.2583,6.04,13.21
3,4,26.303,0.0,0.3,0.0,0.0120,-0.0045,0.0079,0.2593,9.43,12.40
3,4,26.324,0.0,0.3,0.0,0.0269,0.0006,0.0077,0.2610,13.74,12.84
3,4,26.343,0.0,0.3,0.0,0.0125,0.0088,0.0078,0.2619,11.75,12.43
3,4,26.366,0.0,0.3,0.0,0.0195,0.0261,0.0045,0.2679,27.97,11.48
3,4,26.384,0.0,0.3,0.0,0.0003,0.0450,0.0036,0.2731,15.58,9.88
3,4,26.404,0.0,0.3,0.0,-0.0071,0.0364,0.0043,0.2751,11.87,9.91
3,4,26.424,0.0,0.3,0.0,-0.0188,0.0177,0.0042,0.2753,8.94,11.89
3,4,26.444,0.0,0.3,0.0,-0.0241,-0.0202,0.0100,0.2742,9.94,12.12
3,4,26.465,0.0,0.3,0.0,-0.0332,-0.0306,0.0108,0.2730,12.53,13.44
3,4,26.483,0.0,0.3,0.0,-0.0235,-0.0272,0.0074,0.2696,16.13,13.41
3,4,26.502,0.0,0.3,0.0,-0.0258,-0.0065,0.0107,0.2663,20.13,14.00
3,4,26.524,0.0,0.3,0.0,-0.0115,-0.0078,0.0067,0.2644,17.19,14.02
3,4,26.547,0.0,0.3,0.0,-0.0031,0.0016,0.0064,0.2629,11.13,12.00
3,4,26.565,0.0,0.3,0.0,0.0023,0.0059,0.0097,0.2618,6.70,11.82
3,4,26.584,0.0,0.3,0.0,0.0040,0.0151,0.0098,0.2609,9.03,11.83
3,4,26.603,0.0,0.3,0.0,0.0010,0.0295,0.0090,0.2609,9.88,12.12
3,4,26.625,0.0,0.3,0.0,-0.0017,0.0274,0.0097,0.2616,9.52,12.20
3,4,26.643,0.0,0.3,0.0,-0.0016,0.0264,0.0109,0.2626,10.24,12.11
3,4,26.664,0.0,0.3,0.0,0.0002,0.0226,0.0128,0.2669,20.15,9.81
3,4,26.683,0.0,0.3,0.0,0.0006,0.0168,0.0128,0.2700,9.21,9.81
3,4,26.704,0.0,0.3,0.0,0.0008,0.0041,0.0153,0.2791,22.61,6.67
3,4,26.724,0.0,0.3,0.0,0.0071,0.0133,0.0146,0.2790,13.43,8.17
3,4,26.745,0.0,0.3,0.0,0.0117,0.0802,0.0083,0.2772,29.14,12.99
3,4,26.766,0.0,0.3,0.0,0.0100,0.1124,0.0035,0.2731,30.23,14.92
3,4,26.784,0.0,0.3,0.0,0.0127,0.0761,0.0019,0.2682,24.66,14.47
3,4,26.803,0.0,0.3,0.0,0.0108,0.0411,0.0054,0.2660,17.37,13.52
3,4,26.827,0.0,0.3,0.0,0.0105,0.0119,0.0095,0.2624,17.18,12.32
3,4,26.844,0.0,0.3,0.0,0.0078,-0.0046,0.0066,0.2615,13.80,12.11
3,4,26.865,0.0,0.3,0.0,0.0017,-0.0095,0.0025,0.2607,11.64,10.90
3,4,26.883,0.0,0.3,0.0,0.0012,-0.0028,0.0052,0.2592,5.08,12.33
3,4,26.903,0.0,0.3,0.0,0.0069,-0.0005,0.0019,0.2602,5.87,11.73
3,4,26.924,0.0,0.3,0.0,0.0088,0.0006,0.0024,0.2614,8.93,12.26
3,4,26.944,0.0,0.3,0.0,0.0106,0.0057,0.0049,0.2634,17.59,12.31
3,4,26.964,0.0,0.3,0.0,0.0022,0.0165,0.0054,0.2666,20.17,11.75
3,4,26.986,0.0,0.3,0.0,-0.0102,0.0221,0.0077,0.2711,23.65,11.46
3,4,27.002,0.0,0.3,0.0,-0.0143,0.0385,0.0132,0.2761,8.89,9.34
3,4,27.024,0.0,0.3,0.0,-0.0335,0.0315,0.0132,0.2761,10.57,11.77
3,4,27.044,0.0,0.3,0.0,-0.0328,0.0121,0.0136,0.2751,9.82,11.92
3,5,27.071,0.0,0.0,0.0,0.0000,-0.0372,0.0209,0.2732,20.63,13.62
3,5,27.085,0.0,0.0,0.0,-0.0555,-0.0416,0.0183,0.2699,21.65,13.53
3,5,27.104,0.0,0.0,0.0,-0.0094,-0.0421,0.0170,0.2686,68.34,14.60
3,5,27.124,0.0,0.0,0.0,-0.0461,0.0449,0.0172,0.2766,162.59,19.04
3,5,27.144,0.0,0.0,0.0,-0.0163,-0.0196,0.0191,0.2739,35.13,8.65
3,5,27.164,0.0,0.0,0.0,-0.0127,0.0283,0.0247,0.2719,27.47,9.58
3,5,27.184,0.0,0.0,0.0,-0.0322,0.0633,0.0201,0.2703,16.23,12.66
3,5,27.204,0.0,0.0,0.0,-0.0338,0.0581,0.0109,0.2697,9.85,8.38
3,5,27.224,0.0,0.0,0.0,-0.0323,0.0551,0.0103,0.2693,8.60,8.57
3,5,27.244,0.0,0.0,0.0,-0.0347,0.0358,0.0330,0.2681,15.02,7.61
3,5,27.265,0.0,0.0,0.0,-0.0224,0.0251,0.0432,0.2674,9.04,10.97
3,5,27.286,0.0,0.0,0.0,-0.0171,0.0113,0.0306,0.2667,10.04,11.74
3,5,27.304,0.0,0.0,0.0,-0.0195,0.0171,0.0185,0.2664,9.89,11.44
3,5,27.327,0.0,0.0,0.0,-0.0117,0.0123,0.0214,0.2660,7.89,8.00
3,5,27.345,0.0,0.0,0.0,-0.0036,0.0027,0.0303,0.2659,11.15,7.61
3,5,27.365,0.0,0.0,0.0,0.0009,0.0071,0.0448,0.2655,7.38,10.18
3,5,27.383,0.0,0.0,0.0,0.0026,0.0335,0.0321,0.2651,12.10,11.85
3,5,27.404,0.0,0.0,0.0,0.0039,0.0473,0.0130,0.2650,21.12,6.70
3,5,27.424,0.0,0.0,0.0,0.0094,0.0265,0.0087,0.2650,3.02,12.90
3,5,27.445,0.0,0.0,0.0,0.0043,0.0071,0.0270,0.2657,16.47,7.47
3,5,27.464,0.0,0.0,0.0,0.0046,0.0095,0.0357,0.2660,9.18,7.19
3,5,27.483,0.0,0.0,0.0,0.0053,0.0322,0.0283,0.2661,13.54,14.39
3,5,27.503,0.0,0.0,0.0,0.0054,0.0512,0.0035,0.2664,17.96,6.46
3,5,27.524,0.0,0.0,0.0,0.0088,0.0429,0.0060,0.2665,8.21,14.73
3,5,27.544,0.0,0.0,0.0,0.0053,0.0057,0.0146,0.2675,29.16,12.10
3,5,27.564,0.0,0.0,0.0,0.0058,0.0232,0.0351,0.2685,26.94,11.64
3,5,27.584,0.0,0.0,0.0,0.0065,0.0319,0.0428,0.2691,6.18,6.89
3,5,27.603,0.0,0.0,0.0,0.0065,0.0940,0.0152,0.2703,59.15,14.88
3,5,27.625,0.0,0.0,0.0,0.0138,0.0656,0.0439,0.2714,29.86,10.51
3,5,27.643,0.0,0.0,0.0,0.0046,-0.0007,0.0356,0.2722,77.93,21.08
3,5,27.664,0.0,0.0,0.0,0.0097,-0.0215,0.0111,0.2731,100.31,16.48
3,5,27.684,0.0,0.0,0.0,0.0090,-0.0005,0.0243,0.2763,135.61,17.77
3,5,27.703,0.0,0.0,0.0,-0.0125,0.0503,0.0148,0.2761,60.67,15.70
3,5,27.724,0.0,0.0,0.0,-0.0112,0.1114,0.0236,0.2778,60.36,13.79
3,5,27.746,0.0,0.0,0.0,-0.0052,0.0765,0.0160,0.2797,38.33,11.98
3,5,27.765,0.0,0.0,0.0,0.0011,0.0447,0.0106,0.2798,31.48,15.25
3,5,27.786,0.0,0.0,0.0,-0.0030,0.0811,0.0165,0.2782,12.01,15.30
3,5,27.803,0.0,0.0,0.0,-0.0232,0.0803,0.0088,0.2776,31.90,9.51
3,5,27.824,0.0,0.0,0.0,-0.0243,0.0673,0.0211,0.2772,25.22,9.04
3,5,27.844,0.0,0.0,0.0,-0.0300,0.0184,0.0132,0.2774,21.73,17.76
3,5,27.866,0.0,0.0,0.0,-0.0292,0.0011,0.0308,0.2779,19.48,4.56
3,5,27.886,0.0,0.0,0.0,-0.0316,0.0124,0.0332,0.2778,4.12,3.76
3,5,27.903,0.0,0.0,0.0,-0.0528,0.0978,0.0168,0.2762,74.25,18.52
3,5,27.924,0.0,0.0,0.0,-0.0431,0.1015,0.0538,0.2777,62.55,11.94
3,5,27.945,0.0,0.0,0.0,-0.0369,0.0694,0.0523,0.2797,41.20,8.46
3,5,27.967,0.0,0.0,0.0,-0.0239,0.0095,0.0160,0.2805,77.42,7.84
3,5,27.983,0.0,0.0,0.0,-0.0216,0.0497,0.0289,0.2807,16.99,8.55
3,5,28.003,0.0,0.0,0.0,-0.0158,0.0458,0.0315,0.2813,110.42,16.39
3,5,28.024,0.0,0.0,0.0,-0.0465,0.0730,0.0190,0.2817,97.13,8.82
3,5,28.046,0.0,0.0,0.0,-0.0249,0.0706,0.0454,0.2840,25.00,14.66
3,5,28.064,0.0,0.0,0.0,-0.0197,0.0513,0.0372,0.2863,181.32,19.16
3,5,28.084,0.0,0.0,0.0,-0.0097,0.0630,0.0212,0.2870,38.81,6.38
3,5,28.103,0.0,0.0,0.0,-0.0146,0.0782,0.0186,0.2881,103.40,17.32
3,5,28.124,0.0,0.0,0.0,-0.0087,0.1043,0.0157,0.2869,70.34,9.32
3,5,28.144,0.0,0.0,0.0,-0.0347,0.0972,0.0223,0.2876,18.82,7.30
3,5,28.165,0.0,0.0,0.0,-0.0294,0.0955,0.0184,0.2877,10.46,10.93
3,5,28.184,0.0,0.0,0.0,-0.0099,0.0798,0.0151,0.2872,11.45,10.78
3,5,28.202,0.0,0.0,0.0,-0.0472,0.0526,0.0163,0.2844,12.92,8.74
3,5,28.224,0.0,0.0,0.0,-0.0553,0.0461,0.0128,0.2829,15.01,7.91
3,5,28.244,0.0,0.0,0.0,-0.0589,0.0605,0.0264,0.2807,14.44,7.78
3,5,28.264,0.0,0.0,0.0,-0.0399,0.0266,0.0157,0.2792,10.52,16.11
3,5,28.283,0.0,0.0,0.0,-0.0436,0.0134,0.0143,0.2787,18.21,5.01
3,5,28.303,0.0,0.0,0.0,-0.0370,0.0323,0.0180,0.2771,12.11,10.25
3,5,28.325,0.0,0.0,0.0,-0.0429,0.0177,0.0105,0.2762,10.12,10.66
3,5,28.345,0.0,0.0,0.0,-0.0322,0.0091,0.0296,0.2748,30.03,7.63
3,5,28.365,0.0,0.0,0.0,-0.0207,0.0023,0.0222,0.2736,24.44,17.15
3,5,28.385,0.0,0.0,0.0,-0.0219,-0.0040,0.0160,0.2741,36.20,5.11
3,5,28.402,0.0,0.0,0.0,-0.0221,0.0308,0.0185,0.2735,21.30,16.06
3,5,28.426,0.0,0.0,0.0,-0.0243,0.0621,0.0179,0.2735,43.89,13.16
3,5,28.445,0.0,0.0,0.0,-0.0234,0.0656,0.0344,0.2742,35.68,12.34
3,5,28.464,0.0,0.0,0.0,-0.0236,0.0065,0.0370,0.2744,25.48,20.14
3,5,28.485,0.0,0.0,0.0,-0.0147,-0.0258,0.0152,0.2753,36.55,6.50
3,5,28.503,0.0,0.0,0.0,-0.0069,0.0011,0.0241,0.2753,15.84,11.85
3,5,28.524,0.0,0.0,0.0,-0.0057,0.0160,0.0080,0.2756,32.70,15.10
3,5,28.549,0.0,0.0,0.0,0.0009,0.0466,0.0406,0.2765,33.44,15.83
3,5,28.566,0.0,0.0,0.0,0.0038,0.0395,0.0422,0.2764,27.32,19.66
3,5,28.584,0.0,0.0,0.0,-0.0014,-0.0105,0.0189,0.2766,54.46,14.80
3,5,28.603,0.0,0.0,0.0,-0.0180,-0.0038,0.0153,0.2771,22.44,11.95
3,5,28.626,0.0,0.0,0.0,-0.0299,0.0563,0.0355,0.2771,17.46,5.48
3,5,28.646,0.0,0.0,0.0,-0.0277,0.0767,0.0424,0.2767,16.97,12.77
3,5,28.665,0.0,0.0,0.0,-0.0235,0.0150,0.0250,0.2760,30.35,17.20
3,5,28.683,0.0,0.0,0.0,-0.0188,-0.0002,0.0114,0.2760,35.25,4.70
3,5,28.704,0.0,0.0,0.0,-0.0176,0.0348,0.0189,0.2753,14.75,15.25
3,5,28.724,0.0,0.0,0.0,-0.0264,0.0655,0.0260,0.2746,51.67,10.74
3,5,28.748,0.0,0.0,0.0,-0.0244,0.0382,0.0464,0.2749,10.33,13.64
3,5,28.767,0.0,0.0,0.0,-0.0263,-0.0199,0.0241,0.2750,32.84,10.67
3,5,28.783,0.0,0.0,0.0,-0.0303,-0.0308,0.0161,0.2757,43.03,11.53
3,5,28.804,0.0,0.0,0.0,-0.0408,0.0301,0.0079,0.2752,61.20,21.74
3,5,28.825,0.0,0.0,0.0,-0.0313,0.0939,0.0515,0.2748,106.24,10.29
3,5,28.845,0.0,0.0,0.0,-0.0264,0.0644,0.0723,0.2773,128.96,19.66
3,5,28.866,0.0,0.0,0.0,-0.0132,0.0247,0.0208,0.2788,101.38,16.97
3,5,28.884,0.0,0.0,0.0,-0.0061,0.0586,0.0235,0.2792,102.33,13.42
3,5,28.903,0.0,0.0,0.0,-0.0129,0.1023,0.0174,0.2817,129.53,12.73
3,5,28.926,0.0,0.0,0.0,-0.0297,0.1719,0.0630,0.2822,52.97,9.74
3,5,28.944,0.0,0.0,0.0,-0.0279,0.2193,0.0673,0.2854,35.26,5.47
3,5,28.965,0.0,0.0,0.0,-0.0160,0.1237,0.0488,0.2886,169.39,16.72
3,5,28.983,0.0,0.0,0.0,-0.0123,0.2306,0.0289,0.2878,32.51,15.20
3,5,29.004,0.0,0.0,0.0,-0.0258,0.1263,0.0227,0.2920,28.85,4.56
3,5,29.023,0.0,0.0,0.0,-0.0427,0.1103,0.0252,0.2903,25.33,7.13
3,5,29.045,0.0,0.0,0.0,-0.0589,0.0952,0.0252,0.2893,8.48,10.10
3,5,29.070,0.0,0.0,0.0,-0.0701,0.0638,0.0146,0.2870,7.80,8.66
3,5,29.085,0.0,0.0,0.0,-0.0633,0.0698,0.0139,0.2861,7.36,8.73
3,5,29.109,0.0,0.0,0.0,-0.0829,0.0767,0.0124,0.2839,16.03,9.07
3,5,29.125,0.0,0.0,0.0,-0.1003,0.0684,0.0209,0.2826,14.02,6.63
3,5,29.148,0.0,0.0,0.0,-0.0887,0.0467,0.0225,0.2817,6.98,9.52
3,5,29.164,0.0,0.0,0.0,-0.1058,0.0384,0.0120,0.2810,11.42,15.07
3,5,29.183,0.0,0.0,0.0,-0.1257,0.0302,0.0236,0.2804,15.94,4.65
3,5,29.205,0.0,0.0,0.0,-0.0933,0.0507,0.0164,0.2791,27.27,15.55
3,5,29.228,0.0,0.0,0.0,-0.0820,0.0313,0.0461,0.2784,40.36,12.66
3,5,29.245,0.0,0.0,0.0,-0.1308,0.0099,0.0619,0.2788,35.75,13.97
3,5,29.265,0.0,0.0,0.0,-0.0847,0.0087,0.0501,0.2796,103.79,22.39
3,5,29.286,0.0,0.0,0.0,-0.0738,0.0289,0.0149,0.2800,41.98,7.08
3,5,29.303,0.0,0.0,0.0,-0.0818,0.0474,0.0201,0.2808,62.07,17.43
3,5,29.327,0.0,0.0,0.0,-0.0480,0.0644,0.0104,0.2811,70.96,15.39
3,5,29.347,0.0,0.0,0.0,-0.0844,0.0743,0.0598,0.2817,66.53,11.48
3,5,29.365,0.0,0.0,0.0,-0.0627,0.0970,0.0554,0.2869,224.86,14.16
3,5,29.383,0.0,0.0,0.0,-0.0208,0.0463,0.0466,0.2876,43.52,15.61
3,5,29.403,0.0,0.0,0.0,-0.0771,0.0792,0.0226,0.2898,21.27,3.42
3,5,29.429,0.0,0.0,0.0,-0.0600,0.0781,0.0304,0.2895,24.66,5.17
3,5,29.444,0.0,0.0,0.0,-0.0700,0.0854,0.0394,0.2859,34.59,12.34
3,5,29.465,0.0,0.0,0.0,-0.0799,0.0286,0.0265,0.2840,17.08,14.45
3,5,29.484,0.0,0.0,0.0,-0.0866,0.0088,0.0113,0.2830,32.55,12.38
3,5,29.504,0.0,0.0,0.0,-0.0764,0.0315,0.0147,0.2822,9.56,5.38
3,5,29.525,0.0,0.0,0.0,-0.1000,0.0374,0.0398,0.2802,39.30,6.90
3,5,29.548,0.0,0.0,0.0,-0.0687,0.0068,0.0518,0.2802,18.79,17.43
3,5,29.568,0.0,0.0,0.0,-0.0418,-0.0229,0.0350,0.2802,41.29,15.85
3,5,29.584,0.0,0.0,0.0,-0.1023,0.0060,0.0132,0.2801,46.12,9.45
3,5,29.603,0.0,0.0,0.0,-0.0480,0.0055,0.0145,0.2801,33.52,9.44
3,5,29.623,0.0,0.0,0.0,-0.0414,0.0872,0.0566,0.2786,110.12,11.97
3,5,29.646,0.0,0.0,0.0,-0.0357,0.0241,0.0669,0.2829,142.59,15.72
3,5,29.664,0.0,0.0,0.0,-0.0501,0.0343,0.0564,0.2829,51.97,15.14
3,5,29.683,0.0,0.0,0.0,-0.0261,0.0078,0.0172,0.2825,29.42,12.22
3,5,29.703,0.0,0.0,0.0,-0.0780,0.0083,0.0139,0.2840,39.39,11.01
3,5,29.725,0.0,0.0,0.0,-0.0464,0.0394,0.0403,0.2827,63.42,8.43
3,5,29.745,0.0,0.0,0.0,-0.0467,0.0733,0.0509,0.2826,16.97,4.63
3,5,29.764,0.0,0.0,0.0,-0.0615,0.0714,0.0157,0.2852,82.39,17.28
3,5,29.783,0.0,0.0,0.0,-0.0368,0.0717,0.0214,0.2845,94.51,10.66
3,5,29.802,0.0,0.0,0.0,-0.0276,0.0291,0.0243,0.2843,53.63,9.33
3,5,29.831,0.0,0.0,0.0,-0.0490,0.1017,0.0340,0.2821,193.76,13.69
3,5,29.844,0.0,0.0,0.0,-0.0199,0.1124,0.0745,0.2860,65.95,14.08
3,5,29.865,0.0,0.0,0.0,-0.0170,0.1044,0.0768,0.2885,255.37,23.36
3,5,29.883,0.0,0.0,0.0,-0.0375,0.1644,0.0384,0.2893,99.92,14.80
3,5,29.905,0.0,0.0,0.0,-0.0541,0.1339,0.0269,0.2934,74.27,6.86
3,5,29.925,0.0,0.0,0.0,-0.0580,0.1039,0.0265,0.2951,54.74,4.92
3,5,29.945,0.0,0.0,0.0,-0.0562,0.1528,0.0311,0.2947,34.10,15.76
3,5,29.963,0.0,0.0,0.0,-0.0808,0.1154,0.0268,0.2961,26.62,11.56
3,5,29.985,0.0,0.0,0.0,-0.0602,0.0930,0.0134,0.2932,22.64,8.87
3,5,30.003,0.0,0.0,0.0,-0.0837,0.0604,0.0099,0.2907,16.59,7.81
3,5,30.025,0.0,0.0,0.0,-0.0704,0.0413,0.0207,0.2886,21.80,6.65
3,5,30.045,0.0,0.0,0.0,-0.0662,0.0417,0.0279,0.2875,14.04,6.99
3,5,30.064,0.0,0.0,0.0,-0.0879,0.0149,0.0181,0.2864,12.22,14.55
