t,vx_cmd,vy_cmd,wz_cmd,tilt_rad,height,hip_spread,tau_max,q_err_max
0.000,0.000,0.000,0.000,0.1418,0.2265,0.1309,9.73,0.9844
0.021,0.000,0.000,0.000,0.1406,0.2262,0.1288,39.37,1.0075
0.041,0.000,0.000,0.000,0.1302,0.2263,0.1317,36.90,0.9239
0.060,0.000,0.000,0.000,0.1117,0.2285,0.1437,30.42,0.7550
0.082,0.000,0.000,0.000,0.0870,0.2348,0.1424,20.07,0.6143
0.100,0.000,0.000,0.000,0.0746,0.2403,0.1303,13.90,0.6891
0.120,0.000,0.000,0.000,0.0663,0.2487,0.1112,12.76,0.6085
0.142,0.000,0.000,0.000,0.0668,0.2518,0.1013,11.78,0.4506
0.160,0.000,0.000,0.000,0.0669,0.2603,0.0880,9.94,0.4412
0.181,0.000,0.000,0.000,0.0515,0.2659,0.0778,6.47,0.4142
0.200,0.000,0.000,0.000,0.0461,0.2675,0.0747,6.04,0.3686
0.221,0.000,0.000,0.000,0.0223,0.2724,0.0717,12.78,0.2538
0.240,0.000,0.000,0.000,0.0236,0.2738,0.0715,5.94,0.3321
0.262,0.000,0.000,0.000,0.0388,0.2766,0.0873,12.97,0.4261
0.281,0.000,0.000,0.000,0.0282,0.2764,0.0931,15.35,0.1942
0.301,0.000,0.000,0.000,0.0170,0.2772,0.1011,7.20,0.4601
0.322,0.000,0.000,0.000,0.0171,0.2771,0.1021,18.70,0.2227
0.340,0.000,0.000,0.000,0.0364,0.2779,0.1047,5.57,0.3074
0.360,0.000,0.000,0.000,0.0470,0.2792,0.1057,13.57,0.4412
0.382,0.000,0.000,0.000,0.0094,0.2789,0.1048,15.70,0.2074
0.401,0.000,0.000,0.000,0.0200,0.2798,0.1088,9.50,0.3471
0.420,0.000,0.000,0.000,0.0136,0.2792,0.1072,12.80,0.1325
0.442,0.000,0.000,0.000,0.0169,0.2791,0.1065,4.57,0.2387
0.461,0.000,0.000,0.000,0.0192,0.2794,0.1054,10.10,0.1966
0.481,0.000,0.000,0.000,0.0052,0.2789,0.1055,7.53,0.2066
0.501,0.000,0.000,0.000,0.0062,0.2779,0.1052,9.30,0.1701
0.522,0.000,0.000,0.000,0.0070,0.2770,0.1052,6.34,0.1286
0.540,0.000,0.000,0.000,0.0151,0.2764,0.1059,6.44,0.1879
0.561,0.000,0.000,0.000,0.0109,0.2754,0.1061,8.48,0.1809
0.580,0.000,0.000,0.000,0.0063,0.2745,0.1063,7.45,0.1799
0.601,0.000,0.000,0.000,0.0197,0.2735,0.1065,9.02,0.1908
0.621,0.000,0.000,0.000,0.0132,0.2729,0.1066,7.83,0.1381
0.641,0.000,0.000,0.000,0.0086,0.2719,0.1068,7.12,0.1845
0.660,0.000,0.000,0.000,0.0057,0.2708,0.1068,8.10,0.1205
0.681,0.000,0.000,0.000,0.0030,0.2706,0.1068,7.79,0.1827
0.700,0.000,0.000,0.000,0.0071,0.2692,0.1071,8.73,0.1774
0.721,0.000,0.000,0.000,0.0044,0.2684,0.1072,7.24,0.1690
0.741,0.000,0.000,0.000,0.0104,0.2676,0.1074,7.81,0.2251
0.760,0.000,0.000,0.000,0.0010,0.2671,0.1074,6.91,0.1438
0.781,0.000,0.000,0.000,0.0123,0.2665,0.1075,6.90,0.2193
0.801,0.000,0.000,0.000,0.0077,0.2660,0.1076,9.27,0.1789
0.821,0.000,0.000,0.000,0.0038,0.2656,0.1077,7.03,0.1916
0.840,0.000,0.000,0.000,0.0058,0.2653,0.1078,8.02,0.1873
0.861,0.000,0.000,0.000,0.0025,0.2652,0.1078,7.72,0.1555
0.881,0.000,0.000,0.000,0.0079,0.2649,0.1079,7.03,0.2171
0.902,0.000,0.000,0.000,0.0072,0.2644,0.1080,8.97,0.2207
0.920,0.000,0.000,0.000,0.0046,0.2644,0.1080,8.77,0.1754
0.940,0.000,0.000,0.000,0.0067,0.2641,0.1080,8.49,0.1960
0.960,0.000,0.000,0.000,0.0100,0.2641,0.1080,8.05,0.1957
0.981,0.000,0.000,0.000,0.0062,0.2640,0.1080,7.62,0.1514
1.000,0.000,0.000,0.000,0.0034,0.2640,0.1080,6.53,0.2134
1.021,0.000,0.000,0.000,0.0026,0.2637,0.1081,8.64,0.1947
1.041,0.000,0.000,0.000,0.0039,0.2637,0.1081,7.44,0.1775
1.061,0.000,0.000,0.000,0.0089,0.2637,0.1080,7.35,0.1997
1.081,0.000,0.000,0.000,0.0042,0.2638,0.1080,7.54,0.1431
1.101,0.000,0.000,0.000,0.0050,0.2639,0.1079,7.22,0.2072
1.121,0.000,0.000,0.000,0.0086,0.2638,0.1079,8.48,0.1933
1.141,0.000,0.000,0.000,0.0024,0.2639,0.1078,7.17,0.1836
1.161,0.000,0.000,0.000,0.0084,0.2640,0.1078,7.51,0.1706
1.180,0.000,0.000,0.000,0.0032,0.2642,0.1077,6.30,0.1557
1.200,0.000,0.000,0.000,0.0046,0.2641,0.1077,6.51,0.1968
1.221,0.000,0.000,0.000,0.0051,0.2640,0.1077,7.95,0.1870
1.240,0.000,0.000,0.000,0.0028,0.2640,0.1077,7.25,0.1763
1.261,0.000,0.000,0.000,0.0071,0.2640,0.1077,7.16,0.1614
1.280,0.000,0.000,0.000,0.0038,0.2641,0.1076,6.27,0.1523
1.302,0.000,0.000,0.000,0.0025,0.2641,0.1076,6.23,0.1815
1.321,0.000,0.000,0.000,0.0035,0.2640,0.1077,7.34,0.1804
1.342,0.000,0.000,0.000,0.0026,0.2639,0.1077,7.14,0.1679
1.360,0.000,0.000,0.000,0.0040,0.2639,0.1076,6.77,0.1655
1.380,0.000,0.000,0.000,0.0040,0.2639,0.1076,6.60,0.1594
1.400,0.000,0.000,0.000,0.0029,0.2639,0.1076,6.35,0.1583
1.420,0.000,0.000,0.000,0.0025,0.2639,0.1077,6.36,0.1683
1.440,0.000,0.000,0.000,0.0025,0.2639,0.1077,6.76,0.1685
1.461,0.000,0.000,0.000,0.0025,0.2638,0.1077,6.74,0.1649
1.481,0.000,0.000,0.000,0.0025,0.2638,0.1077,6.59,0.1632
1.501,0.000,0.000,0.000,0.0025,0.2638,0.1077,6.52,0.1633
1.522,0.000,0.000,0.000,0.0024,0.2638,0.1077,6.52,0.1632
1.542,0.000,0.000,0.000,0.0024,0.2638,0.1077,6.52,0.1630
1.561,0.000,0.000,0.000,0.0024,0.2638,0.1077,6.52,0.1629
1.582,0.000,0.000,0.000,0.0023,0.2638,0.1077,6.51,0.1628
1.601,0.000,0.000,0.000,0.0023,0.2638,0.1077,6.51,0.1628
1.620,0.000,0.000,0.000,0.0023,0.2638,0.1077,6.51,0.1627
1.642,0.000,0.000,0.000,0.0023,0.2638,0.1077,6.50,0.1626
1.660,0.000,0.000,0.000,0.0023,0.2638,0.1077,6.50,0.1625
1.681,0.000,0.000,0.000,0.0022,0.2638,0.1077,6.50,0.1625
1.705,0.000,0.000,0.000,0.0022,0.2638,0.1077,6.50,0.1624
1.725,0.000,0.000,0.000,0.0022,0.2638,0.1077,6.49,0.1624
1.742,0.000,0.000,0.000,0.0022,0.2638,0.1077,6.49,0.1623
1.762,0.000,0.000,0.000,0.0021,0.2638,0.1077,6.49,0.1623
1.781,0.000,0.000,0.000,0.0021,0.2638,0.1077,6.49,0.1622
1.800,0.000,0.000,0.000,0.0021,0.2638,0.1077,6.49,0.1622
1.820,0.000,0.000,0.000,0.0020,0.2638,0.1077,6.49,0.1621
1.841,0.000,0.000,0.000,0.0020,0.2638,0.1077,6.48,0.1621
1.860,0.000,0.000,0.000,0.0020,0.2638,0.1076,6.48,0.1620
1.880,0.000,0.000,0.000,0.0020,0.2638,0.1076,6.48,0.1620
1.900,0.000,0.000,0.000,0.0020,0.2638,0.1076,6.48,0.1620
1.920,0.000,0.000,0.000,0.0020,0.2638,0.1076,6.48,0.1619
1.942,0.000,0.000,0.000,0.0019,0.2638,0.1076,6.48,0.1619
1.960,0.000,0.000,0.000,0.0019,0.2638,0.1076,6.48,0.1620
1.981,0.000,0.000,0.000,0.0019,0.2638,0.1076,6.49,0.1621
2.001,0.000,0.000,0.000,0.0019,0.2638,0.1076,6.49,0.1621
2.020,0.000,0.000,0.000,0.0019,0.2638,0.1076,6.49,0.1622
2.041,0.000,0.000,0.000,0.0019,0.2638,0.1076,6.50,0.1623
2.060,0.000,0.000,0.000,0.0019,0.2638,0.1076,6.50,0.1623
2.080,0.000,0.000,0.000,0.0018,0.2638,0.1076,6.50,0.1624
2.100,0.000,0.000,0.000,0.0018,0.2637,0.1076,6.50,0.1625
2.120,0.000,0.000,0.000,0.0018,0.2637,0.1076,6.51,0.1626
2.141,0.000,0.000,0.000,0.0018,0.2637,0.1076,6.51,0.1627
2.161,0.000,0.000,0.000,0.0018,0.2637,0.1076,6.51,0.1627
2.181,0.000,0.000,0.000,0.0018,0.2637,0.1076,6.51,0.1628
2.200,0.000,0.000,0.000,0.0018,0.2637,0.1076,6.52,0.1628
2.221,0.000,0.000,0.000,0.0017,0.2637,0.1076,6.52,0.1629
2.241,0.000,0.000,0.000,0.0017,0.2637,0.1076,6.52,0.1629
2.260,0.000,0.000,0.000,0.0017,0.2637,0.1076,6.52,0.1630
2.280,0.000,0.000,0.000,0.0017,0.2637,0.1076,6.53,0.1631
2.301,0.000,0.000,0.000,0.0017,0.2637,0.1076,6.53,0.1631
2.320,0.000,0.000,0.000,0.0017,0.2637,0.1076,6.53,0.1632
2.340,0.000,0.000,0.000,0.0017,0.2637,0.1076,6.53,0.1633
2.360,0.000,0.000,0.000,0.0017,0.2637,0.1076,6.53,0.1633
2.380,0.000,0.000,0.000,0.0017,0.2637,0.1076,6.54,0.1634
2.400,0.000,0.000,0.000,0.0017,0.2637,0.1076,6.54,0.1634
2.421,0.000,0.000,0.000,0.0017,0.2637,0.1076,6.54,0.1635
2.441,0.000,0.000,0.000,0.0017,0.2637,0.1076,6.54,0.1635
2.460,0.000,0.000,0.000,0.0017,0.2637,0.1076,6.55,0.1636
2.481,0.000,0.000,0.000,0.0017,0.2637,0.1076,6.55,0.1636
2.500,0.000,0.000,0.000,0.0017,0.2637,0.1076,6.55,0.1637
2.520,0.000,0.000,0.000,0.0017,0.2637,0.1076,6.55,0.1637
2.540,0.000,0.000,0.000,0.0016,0.2637,0.1076,6.55,0.1638
2.562,0.000,0.000,0.000,0.0016,0.2637,0.1076,6.56,0.1638
2.582,0.000,0.000,0.000,0.0016,0.2637,0.1076,6.56,0.1639
2.601,0.000,0.000,0.000,0.0016,0.2637,0.1076,6.56,0.1639
2.620,0.000,0.000,0.000,0.0016,0.2637,0.1076,6.56,0.1639
2.640,0.000,0.000,0.000,0.0016,0.2637,0.1076,6.56,0.1640
2.660,0.000,0.000,0.000,0.0016,0.2637,0.1076,6.56,0.1640
2.680,0.000,0.000,0.000,0.0016,0.2637,0.1076,6.57,0.1641
2.700,0.000,0.000,0.000,0.0016,0.2637,0.1076,6.57,0.1641
2.720,0.000,0.000,0.000,0.0016,0.2637,0.1076,6.57,0.1642
2.741,0.000,0.000,0.000,0.0016,0.2637,0.1076,6.57,0.1642
2.761,0.000,0.000,0.000,0.0016,0.2637,0.1076,6.57,0.1643
2.780,0.000,0.000,0.000,0.0016,0.2637,0.1076,6.57,0.1643
2.800,0.000,0.000,0.000,0.0016,0.2637,0.1076,6.58,0.1643
2.820,0.000,0.000,0.000,0.0016,0.2637,0.1076,6.58,0.1644
2.840,0.000,0.000,0.000,0.0016,0.2637,0.1076,6.58,0.1644
2.860,0.000,0.000,0.000,0.0016,0.2637,0.1076,6.58,0.1644
2.881,0.000,0.000,0.000,0.0016,0.2637,0.1076,6.58,0.1645
2.900,0.000,0.000,0.000,0.0016,0.2637,0.1076,6.58,0.1645
2.920,0.000,0.000,0.000,0.0016,0.2637,0.1076,6.58,0.1645
2.941,0.000,0.000,0.000,0.0016,0.2637,0.1076,6.59,0.1646
2.960,0.000,0.000,0.000,0.0016,0.2637,0.1076,6.59,0.1646
2.980,0.000,0.000,0.000,0.0016,0.2637,0.1076,6.59,0.1646
3.002,0.000,0.000,0.000,0.0016,0.2637,0.1076,6.59,0.1647
3.022,0.000,0.000,0.000,0.0016,0.2637,0.1076,6.59,0.1647
3.040,0.000,0.000,0.000,0.0016,0.2637,0.1076,6.59,0.1648
3.060,0.000,0.000,0.000,0.0016,0.2637,0.1076,6.59,0.1648
3.080,0.000,0.000,0.000,0.0016,0.2637,0.1076,6.60,0.1648
3.100,0.000,0.000,0.000,0.0016,0.2637,0.1076,6.60,0.1649
3.122,0.000,0.000,0.000,0.0016,0.2637,0.1076,6.60,0.1649
3.141,0.000,0.000,0.000,0.0016,0.2636,0.1076,6.60,0.1649
3.160,0.000,0.000,0.000,0.0017,0.2636,0.1076,6.60,0.1650
3.180,0.000,0.000,0.000,0.0017,0.2636,0.1076,6.60,0.1650
3.200,0.000,0.000,0.000,0.0017,0.2636,0.1076,6.60,0.1650
3.220,0.000,0.000,0.000,0.0017,0.2636,0.1076,6.60,0.1650
3.240,0.000,0.000,0.000,0.0017,0.2636,0.1076,6.61,0.1651
3.260,0.000,0.000,0.000,0.0017,0.2636,0.1076,6.61,0.1651
3.280,0.000,0.000,0.000,0.0017,0.2636,0.1076,6.61,0.1651
3.300,0.000,0.000,0.000,0.0017,0.2636,0.1076,6.61,0.1652
3.321,0.000,0.000,0.000,0.0017,0.2636,0.1076,6.61,0.1652
3.341,0.000,0.000,0.000,0.0017,0.2636,0.1076,6.61,0.1652
3.360,0.000,0.000,0.000,0.0017,0.2636,0.1076,6.61,0.1653
3.381,0.000,0.000,0.000,0.0017,0.2636,0.1076,6.61,0.1653
3.401,0.000,0.000,0.000,0.0017,0.2636,0.1076,6.61,0.1653
3.420,0.000,0.000,0.000,0.0017,0.2636,0.1076,6.61,0.1653
3.442,0.000,0.000,0.000,0.0017,0.2636,0.1076,6.62,0.1654
3.461,0.000,0.000,0.000,0.0017,0.2636,0.1076,6.62,0.1654
3.481,0.000,0.000,0.000,0.0017,0.2636,0.1076,6.62,0.1654
3.501,0.000,0.000,0.000,0.0017,0.2636,0.1076,6.62,0.1655
3.521,0.000,0.000,0.000,0.0017,0.2636,0.1076,6.62,0.1655
3.540,0.000,0.000,0.000,0.0017,0.2636,0.1076,6.62,0.1655
3.560,0.000,0.000,0.000,0.0017,0.2636,0.1076,6.62,0.1655
3.581,0.000,0.000,0.000,0.0017,0.2636,0.1076,6.62,0.1655
3.600,0.000,0.000,0.000,0.0018,0.2636,0.1076,6.63,0.1656
3.621,0.000,0.000,0.000,0.0018,0.2636,0.1076,6.63,0.1656
3.640,0.000,0.000,0.000,0.0018,0.2636,0.1076,6.63,0.1656
3.661,0.000,0.000,0.000,0.0018,0.2636,0.1076,6.63,0.1657
3.680,0.000,0.000,0.000,0.0018,0.2636,0.1076,6.63,0.1657
3.700,0.000,0.000,0.000,0.0018,0.2636,0.1076,6.63,0.1657
3.720,0.000,0.000,0.000,0.0018,0.2636,0.1076,6.63,0.1657
3.742,0.000,0.000,0.000,0.0018,0.2636,0.1076,6.63,0.1658
3.760,0.000,0.000,0.000,0.0018,0.2636,0.1076,6.63,0.1658
3.780,0.000,0.000,0.000,0.0018,0.2636,0.1076,6.63,0.1658
3.801,0.000,0.000,0.000,0.0018,0.2636,0.1076,6.63,0.1658
3.820,0.000,0.000,0.000,0.0018,0.2636,0.1076,6.64,0.1658
3.841,0.000,0.000,0.000,0.0018,0.2636,0.1076,6.64,0.1659
3.860,0.000,0.000,0.000,0.0018,0.2636,0.1076,6.64,0.1659
3.881,0.000,0.000,0.000,0.0018,0.2636,0.1076,6.64,0.1659
3.900,0.000,0.000,0.000,0.0018,0.2636,0.1076,6.64,0.1659
3.921,0.000,0.000,0.000,0.0018,0.2636,0.1076,6.64,0.1660
3.940,0.000,0.000,0.000,0.0019,0.2636,0.1076,6.64,0.1660
3.960,0.000,0.000,0.000,0.0019,0.2636,0.1076,6.64,0.1660
3.980,0.000,0.000,0.000,0.0019,0.2636,0.1076,6.64,0.1660
4.001,0.000,0.000,0.000,0.0019,0.2636,0.1075,6.64,0.1661
4.020,0.000,0.000,0.000,0.0019,0.2636,0.1075,6.64,0.1661
4.041,0.000,0.000,0.000,0.0019,0.2636,0.1075,6.64,0.1661
4.060,0.000,0.000,0.000,0.0019,0.2636,0.1075,6.65,0.1661
4.081,0.000,0.000,0.000,0.0019,0.2636,0.1075,6.65,0.1661
4.100,0.000,0.000,0.000,0.0019,0.2636,0.1075,6.65,0.1662
4.120,0.000,0.000,0.000,0.0019,0.2636,0.1075,6.65,0.1662
4.140,0.000,0.000,0.000,0.0019,0.2636,0.1075,6.65,0.1662
4.162,0.000,0.000,0.000,0.0019,0.2636,0.1075,6.65,0.1662
4.181,0.000,0.000,0.000,0.0019,0.2636,0.1075,6.65,0.1662
4.200,0.000,0.000,0.000,0.0020,0.2636,0.1075,6.65,0.1663
4.221,0.000,0.000,0.000,0.0020,0.2636,0.1075,6.65,0.1663
4.240,0.000,0.000,0.000,0.0020,0.2636,0.1075,6.65,0.1663
4.262,0.000,0.000,0.000,0.0020,0.2636,0.1075,6.65,0.1663
4.281,0.000,0.000,0.000,0.0020,0.2636,0.1075,6.66,0.1664
4.301,0.000,0.000,0.000,0.0020,0.2636,0.1075,6.66,0.1664
4.322,0.000,0.000,0.000,0.0020,0.2636,0.1075,6.66,0.1664
4.342,0.000,0.000,0.000,0.0020,0.2636,0.1075,6.66,0.1664
4.361,0.000,0.000,0.000,0.0020,0.2636,0.1075,6.66,0.1664
4.380,0.000,0.000,0.000,0.0020,0.2636,0.1075,6.66,0.1665
4.401,0.000,0.000,0.000,0.0020,0.2636,0.1075,6.66,0.1665
4.421,0.000,0.000,0.000,0.0020,0.2636,0.1075,6.66,0.1665
4.440,0.000,0.000,0.000,0.0020,0.2636,0.1075,6.66,0.1665
4.460,0.000,0.000,0.000,0.0020,0.2636,0.1075,6.66,0.1665
4.481,0.000,0.000,0.000,0.0020,0.2636,0.1075,6.66,0.1665
4.501,0.000,0.000,0.000,0.0020,0.2636,0.1075,6.66,0.1666
4.520,0.000,0.000,0.000,0.0021,0.2636,0.1075,6.66,0.1666
4.540,0.000,0.000,0.000,0.0021,0.2636,0.1075,6.66,0.1666
4.560,0.000,0.000,0.000,0.0021,0.2636,0.1075,6.67,0.1666
4.580,0.000,0.000,0.000,0.0021,0.2636,0.1075,6.67,0.1666
4.601,0.000,0.000,0.000,0.0021,0.2636,0.1075,6.67,0.1667
4.621,0.000,0.000,0.000,0.0021,0.2636,0.1075,6.67,0.1667
4.641,0.000,0.000,0.000,0.0021,0.2636,0.1075,6.67,0.1667
4.661,0.000,0.000,0.000,0.0021,0.2636,0.1075,6.67,0.1667
4.680,0.000,0.000,0.000,0.0021,0.2636,0.1075,6.67,0.1667
4.700,0.000,0.000,0.000,0.0021,0.2636,0.1075,6.67,0.1667
4.721,0.000,0.000,0.000,0.0021,0.2636,0.1075,6.67,0.1667
4.740,0.000,0.000,0.000,0.0021,0.2636,0.1075,6.67,0.1668
4.760,0.000,0.000,0.000,0.0021,0.2636,0.1075,6.67,0.1668
4.782,0.000,0.000,0.000,0.0022,0.2636,0.1075,6.67,0.1668
4.800,0.000,0.000,0.000,0.0022,0.2636,0.1075,6.67,0.1668
4.820,0.000,0.000,0.000,0.0022,0.2636,0.1075,6.67,0.1668
4.840,0.000,0.000,0.000,0.0022,0.2636,0.1075,6.67,0.1668
4.860,0.000,0.000,0.000,0.0022,0.2636,0.1075,6.68,0.1669
4.881,0.000,0.000,0.000,0.0022,0.2636,0.1075,6.68,0.1669
4.901,0.000,0.000,0.000,0.0022,0.2636,0.1075,6.68,0.1669
4.921,0.000,0.000,0.000,0.0022,0.2636,0.1075,6.68,0.1669
4.941,0.000,0.000,0.000,0.0022,0.2636,0.1075,6.68,0.1669
4.961,0.000,0.000,0.000,0.0022,0.2636,0.1075,6.68,0.1669
4.981,0.000,0.000,0.000,0.0022,0.2636,0.1075,6.68,0.1670
5.000,0.000,0.000,0.000,0.0022,0.2636,0.1075,6.68,0.1670
5.020,0.000,0.000,0.000,0.0022,0.2636,0.1075,6.68,0.1670
5.040,0.000,0.000,0.000,0.0022,0.2636,0.1075,6.68,0.1670
5.060,0.000,0.000,0.000,0.0022,0.2636,0.1075,6.68,0.1670
5.080,0.000,0.000,0.000,0.0022,0.2636,0.1075,6.68,0.1670
5.102,0.000,0.000,0.000,0.0023,0.2636,0.1075,6.68,0.1670
5.121,0.000,0.000,0.000,0.0023,0.2636,0.1075,6.68,0.1671
5.140,0.000,0.000,0.000,0.0023,0.2636,0.1075,6.68,0.1671
5.161,0.000,0.000,0.000,0.0023,0.2636,0.1075,6.68,0.1671
5.180,0.000,0.000,0.000,0.0023,0.2636,0.1075,6.68,0.1671
5.200,0.000,0.000,0.000,0.0023,0.2636,0.1075,6.69,0.1671
5.220,0.000,0.000,0.000,0.0023,0.2636,0.1075,6.69,0.1671
5.240,0.000,0.000,0.000,0.0023,0.2635,0.1075,6.69,0.1671
5.262,0.000,0.000,0.000,0.0023,0.2635,0.1075,6.69,0.1672
5.282,0.000,0.000,0.000,0.0023,0.2635,0.1075,6.69,0.1672
5.300,0.000,0.000,0.000,0.0023,0.2635,0.1075,6.69,0.1672
5.322,0.000,0.000,0.000,0.0023,0.2635,0.1075,6.69,0.1672
5.342,0.000,0.000,0.000,0.0023,0.2635,0.1075,6.69,0.1672
5.362,0.000,0.000,0.000,0.0023,0.2635,0.1075,6.69,0.1672
5.381,0.000,0.000,0.000,0.0023,0.2635,0.1075,6.69,0.1672
5.401,0.000,0.000,0.000,0.0024,0.2635,0.1075,6.69,0.1672
5.422,0.000,0.000,0.000,0.0024,0.2635,0.1075,6.69,0.1673
5.441,0.000,0.000,0.000,0.0024,0.2635,0.1075,6.69,0.1673
5.462,0.000,0.000,0.000,0.0024,0.2635,0.1075,6.69,0.1673
5.482,0.000,0.000,0.000,0.0024,0.2635,0.1075,6.69,0.1673
5.502,0.000,0.000,0.000,0.0024,0.2635,0.1074,6.69,0.1673
5.521,0.000,0.000,0.000,0.0024,0.2635,0.1074,6.69,0.1673
5.541,0.000,0.000,0.000,0.0024,0.2635,0.1074,6.69,0.1673
5.561,0.000,0.000,0.000,0.0024,0.2635,0.1074,6.69,0.1674
5.580,0.000,0.000,0.000,0.0024,0.2635,0.1074,6.70,0.1674
5.601,0.000,0.000,0.000,0.0024,0.2635,0.1074,6.70,0.1674
5.620,0.000,0.000,0.000,0.0024,0.2635,0.1074,6.70,0.1674
5.641,0.000,0.000,0.000,0.0024,0.2635,0.1074,6.70,0.1674
5.661,0.000,0.000,0.000,0.0024,0.2635,0.1074,6.70,0.1674
5.680,0.000,0.000,0.000,0.0024,0.2635,0.1074,6.70,0.1674
5.700,0.000,0.000,0.000,0.0025,0.2635,0.1074,6.70,0.1674
5.721,0.000,0.000,0.000,0.0025,0.2635,0.1074,6.70,0.1675
5.741,0.000,0.000,0.000,0.0025,0.2635,0.1074,6.70,0.1675
5.761,0.000,0.000,0.000,0.0025,0.2635,0.1074,6.70,0.1675
5.782,0.000,0.000,0.000,0.0025,0.2635,0.1074,6.70,0.1675
5.801,0.000,0.000,0.000,0.0025,0.2635,0.1074,6.70,0.1675
5.822,0.000,0.000,0.000,0.0025,0.2635,0.1074,6.70,0.1675
5.840,0.000,0.000,0.000,0.0025,0.2635,0.1074,6.70,0.1675
5.861,0.000,0.000,0.000,0.0025,0.2635,0.1074,6.70,0.1675
5.881,0.000,0.000,0.000,0.0025,0.2635,0.1074,6.70,0.1675
5.901,0.000,0.000,0.000,0.0025,0.2635,0.1074,6.70,0.1676
5.921,0.000,0.000,0.000,0.0025,0.2635,0.1074,6.70,0.1676
5.941,0.000,0.000,0.000,0.0025,0.2635,0.1074,6.70,0.1676
5.960,0.000,0.000,0.000,0.0025,0.2635,0.1074,6.70,0.1676
5.981,0.000,0.000,0.000,0.0025,0.2635,0.1074,6.70,0.1676
6.000,0.000,0.000,0.000,0.0026,0.2635,0.1074,6.71,0.1676
6.021,0.000,0.000,0.000,0.0026,0.2635,0.1074,6.71,0.1676
6.041,0.000,0.000,0.000,0.0026,0.2635,0.1074,6.71,0.1676
6.062,0.000,0.000,0.000,0.0026,0.2635,0.1074,6.71,0.1676
6.080,0.000,0.000,0.000,0.0026,0.2635,0.1074,6.71,0.1677
6.100,0.000,0.000,0.000,0.0026,0.2635,0.1074,6.71,0.1677
6.120,0.000,0.000,0.000,0.0026,0.2635,0.1074,6.71,0.1677
6.140,0.000,0.000,0.000,0.0026,0.2635,0.1074,6.71,0.1677
6.162,0.000,0.000,0.000,0.0026,0.2635,0.1074,6.71,0.1677
6.182,0.000,0.000,0.000,0.0026,0.2635,0.1074,6.71,0.1677
6.202,0.000,0.000,0.000,0.0026,0.2635,0.1074,6.71,0.1677
6.220,0.000,0.000,0.000,0.0026,0.2635,0.1074,6.71,0.1677
6.240,0.000,0.000,0.000,0.0026,0.2635,0.1074,6.71,0.1677
6.262,0.000,0.000,0.000,0.0026,0.2635,0.1074,6.71,0.1678
6.282,0.000,0.000,0.000,0.0026,0.2635,0.1074,6.71,0.1678
6.300,0.000,0.000,0.000,0.0026,0.2635,0.1074,6.71,0.1678
6.322,0.000,0.000,0.000,0.0027,0.2635,0.1074,6.71,0.1678
6.340,0.000,0.000,0.000,0.0027,0.2635,0.1074,6.71,0.1678
6.360,0.000,0.000,0.000,0.0027,0.2635,0.1074,6.71,0.1678
6.382,0.000,0.000,0.000,0.0027,0.2635,0.1074,6.71,0.1678
6.402,0.000,0.000,0.000,0.0027,0.2635,0.1074,6.71,0.1678
6.421,0.000,0.000,0.000,0.0027,0.2635,0.1074,6.71,0.1678
6.442,0.000,0.000,0.000,0.0027,0.2635,0.1074,6.71,0.1679
6.461,0.000,0.000,0.000,0.0027,0.2635,0.1074,6.72,0.1679
6.480,0.000,0.000,0.000,0.0027,0.2635,0.1074,6.72,0.1679
6.502,0.000,0.000,0.000,0.0027,0.2635,0.1074,6.72,0.1679
6.521,0.000,0.000,0.000,0.0027,0.2635,0.1074,6.72,0.1679
6.542,0.000,0.000,0.000,0.0027,0.2635,0.1074,6.72,0.1679
6.562,0.000,0.000,0.000,0.0027,0.2635,0.1074,6.72,0.1679
6.582,0.000,0.000,0.000,0.0027,0.2635,0.1074,6.72,0.1679
6.601,0.000,0.000,0.000,0.0027,0.2635,0.1074,6.72,0.1679
6.621,0.000,0.000,0.000,0.0027,0.2635,0.1074,6.72,0.1679
6.641,0.000,0.000,0.000,0.0027,0.2635,0.1074,6.72,0.1680
6.661,0.000,0.000,0.000,0.0027,0.2635,0.1074,6.72,0.1680
6.681,0.000,0.000,0.000,0.0027,0.2635,0.1074,6.72,0.1680
6.701,0.000,0.000,0.000,0.0027,0.2635,0.1074,6.72,0.1680
6.721,0.000,0.000,0.000,0.0028,0.2635,0.1074,6.72,0.1680
6.741,0.000,0.000,0.000,0.0028,0.2635,0.1074,6.72,0.1680
6.762,0.000,0.000,0.000,0.0028,0.2635,0.1074,6.72,0.1680
6.782,0.000,0.000,0.000,0.0028,0.2635,0.1074,6.72,0.1680
6.800,0.000,0.000,0.000,0.0028,0.2635,0.1074,6.72,0.1680
6.822,0.000,0.000,0.000,0.0028,0.2635,0.1074,6.72,0.1680
6.841,0.000,0.000,0.000,0.0028,0.2635,0.1074,6.72,0.1681
6.861,0.000,0.000,0.000,0.0028,0.2635,0.1074,6.72,0.1681
6.882,0.000,0.000,0.000,0.0028,0.2635,0.1073,6.72,0.1681
6.902,0.000,0.000,0.000,0.0028,0.2635,0.1073,6.72,0.1681
6.922,0.000,0.000,0.000,0.0028,0.2635,0.1073,6.72,0.1681
6.941,0.000,0.000,0.000,0.0028,0.2635,0.1073,6.72,0.1681
6.960,0.000,0.000,0.000,0.0028,0.2635,0.1073,6.72,0.1681
6.980,0.000,0.000,0.000,0.0028,0.2635,0.1073,6.73,0.1681
7.000,0.000,0.000,0.000,0.0028,0.2635,0.1073,6.73,0.1681
7.021,0.000,0.000,0.000,0.0028,0.2635,0.1073,6.73,0.1681
7.041,0.000,0.000,0.000,0.0028,0.2635,0.1073,6.73,0.1681
7.060,0.000,0.000,0.000,0.0028,0.2635,0.1073,6.73,0.1682
7.080,0.000,0.000,0.000,0.0028,0.2635,0.1073,6.73,0.1682
7.101,0.000,0.000,0.000,0.0028,0.2635,0.1073,6.73,0.1682
7.121,0.000,0.000,0.000,0.0029,0.2635,0.1073,6.73,0.1682
7.141,0.000,0.000,0.000,0.0029,0.2635,0.1073,6.73,0.1682
7.161,0.000,0.000,0.000,0.0029,0.2635,0.1073,6.73,0.1682
7.181,0.000,0.000,0.000,0.0029,0.2635,0.1073,6.73,0.1682
7.202,0.000,0.000,0.000,0.0029,0.2635,0.1073,6.73,0.1682
7.220,0.000,0.000,0.000,0.0029,0.2635,0.1073,6.73,0.1682
7.240,0.000,0.000,0.000,0.0029,0.2635,0.1073,6.73,0.1682
7.262,0.000,0.000,0.000,0.0029,0.2635,0.1073,6.73,0.1682
7.281,0.000,0.000,0.000,0.0029,0.2635,0.1073,6.73,0.1682
7.302,0.000,0.000,0.000,0.0029,0.2635,0.1073,6.73,0.1683
7.322,0.000,0.000,0.000,0.0029,0.2635,0.1073,6.73,0.1683
7.340,0.000,0.000,0.000,0.0029,0.2635,0.1073,6.73,0.1683
7.362,0.000,0.000,0.000,0.0029,0.2635,0.1073,6.73,0.1683
7.380,0.000,0.000,0.000,0.0029,0.2635,0.1073,6.73,0.1683
7.402,0.000,0.000,0.000,0.0029,0.2635,0.1073,6.73,0.1683
7.422,0.000,0.000,0.000,0.0029,0.2635,0.1073,6.73,0.1683
7.441,0.000,0.000,0.000,0.0029,0.2635,0.1073,6.73,0.1683
7.460,0.000,0.000,0.000,0.0029,0.2635,0.1073,6.73,0.1683
7.481,0.000,0.000,0.000,0.0029,0.2635,0.1073,6.73,0.1683
7.500,0.000,0.000,0.000,0.0029,0.2635,0.1073,6.73,0.1683
7.521,0.000,0.000,0.000,0.0029,0.2635,0.1073,6.73,0.1683
7.540,0.000,0.000,0.000,0.0029,0.2635,0.1073,6.73,0.1684
7.562,0.000,0.000,0.000,0.0030,0.2635,0.1073,6.73,0.1684
7.581,0.000,0.000,0.000,0.0030,0.2635,0.1073,6.74,0.1684
7.601,0.000,0.000,0.000,0.0030,0.2635,0.1073,6.74,0.1684
7.622,0.000,0.000,0.000,0.0030,0.2635,0.1073,6.74,0.1684
7.640,0.000,0.000,0.000,0.0030,0.2635,0.1073,6.74,0.1684
7.660,0.000,0.000,0.000,0.0030,0.2635,0.1073,6.74,0.1684
7.681,0.000,0.000,0.000,0.0030,0.2635,0.1073,6.74,0.1684
7.703,0.000,0.000,0.000,0.0030,0.2635,0.1073,6.74,0.1684
7.720,0.000,0.000,0.000,0.0030,0.2635,0.1073,6.74,0.1684
7.740,0.000,0.000,0.000,0.0030,0.2635,0.1073,6.74,0.1684
7.760,0.000,0.000,0.000,0.0030,0.2635,0.1073,6.74,0.1684
7.781,0.000,0.000,0.000,0.0030,0.2635,0.1073,6.74,0.1684
7.800,0.000,0.000,0.000,0.0030,0.2635,0.1073,6.74,0.1684
7.820,0.000,0.000,0.000,0.0030,0.2635,0.1073,6.74,0.1685
7.841,0.000,0.000,0.000,0.0030,0.2635,0.1073,6.74,0.1685
7.861,0.000,0.000,0.000,0.0030,0.2635,0.1073,6.74,0.1685
7.882,0.000,0.000,0.000,0.0030,0.2635,0.1073,6.74,0.1685
7.902,0.000,0.000,0.000,0.0030,0.2635,0.1073,6.74,0.1685
7.920,0.000,0.000,0.000,0.0030,0.2635,0.1073,6.74,0.1685
7.940,0.000,0.000,0.000,0.0030,0.2635,0.1073,6.74,0.1685
7.960,0.000,0.000,0.000,0.0030,0.2635,0.1073,6.74,0.1685
7.980,0.000,0.000,0.000,0.0030,0.2635,0.1073,6.74,0.1685
8.000,0.000,0.000,0.000,0.0031,0.2635,0.1073,6.74,0.1685
8.021,0.000,0.000,0.000,0.0031,0.2635,0.1073,6.74,0.1685
8.041,0.000,0.000,0.000,0.0031,0.2635,0.1073,6.74,0.1685
8.061,0.000,0.000,0.000,0.0031,0.2635,0.1073,6.74,0.1686
8.080,0.000,0.000,0.000,0.0031,0.2635,0.1073,6.74,0.1686
8.102,0.000,0.000,0.000,0.0031,0.2635,0.1073,6.74,0.1686
8.120,0.000,0.000,0.000,0.0031,0.2635,0.1073,6.74,0.1686
8.141,0.000,0.000,0.000,0.0031,0.2635,0.1073,6.74,0.1686
8.160,0.000,0.000,0.000,0.0031,0.2635,0.1073,6.74,0.1686
8.181,0.000,0.000,0.000,0.0031,0.2635,0.1073,6.74,0.1686
8.201,0.000,0.000,0.000,0.0031,0.2635,0.1073,6.74,0.1686
8.222,0.000,0.000,0.000,0.0031,0.2635,0.1073,6.74,0.1686
8.240,0.000,0.000,0.000,0.0031,0.2635,0.1072,6.74,0.1686
8.260,0.000,0.000,0.000,0.0031,0.2635,0.1072,6.74,0.1686
8.280,0.000,0.000,0.000,0.0031,0.2635,0.1072,6.75,0.1686
8.300,0.000,0.000,0.000,0.0031,0.2635,0.1072,6.75,0.1686
8.321,0.000,0.000,0.000,0.0031,0.2635,0.1072,6.75,0.1686
8.340,0.000,0.000,0.000,0.0031,0.2635,0.1072,6.75,0.1686
8.362,0.000,0.000,0.000,0.0031,0.2635,0.1072,6.75,0.1686
8.380,0.000,0.000,0.000,0.0031,0.2635,0.1072,6.75,0.1687
8.401,0.000,0.000,0.000,0.0031,0.2635,0.1072,6.75,0.1687
8.420,0.000,0.000,0.000,0.0031,0.2635,0.1072,6.75,0.1687
8.440,0.000,0.000,0.000,0.0031,0.2635,0.1072,6.75,0.1687
8.462,0.000,0.000,0.000,0.0031,0.2635,0.1072,6.75,0.1687
8.480,0.000,0.000,0.000,0.0032,0.2635,0.1072,6.75,0.1687
8.501,0.000,0.000,0.000,0.0032,0.2635,0.1072,6.75,0.1687
8.522,0.000,0.000,0.000,0.0032,0.2635,0.1072,6.75,0.1687
8.540,0.000,0.000,0.000,0.0032,0.2635,0.1072,6.75,0.1687
8.560,0.000,0.000,0.000,0.0032,0.2635,0.1072,6.75,0.1687
8.580,0.000,0.000,0.000,0.0032,0.2635,0.1072,6.75,0.1687
8.601,0.000,0.000,0.000,0.0032,0.2635,0.1072,6.75,0.1687
8.621,0.000,0.000,0.000,0.0032,0.2635,0.1072,6.75,0.1687
8.640,0.000,0.000,0.000,0.0032,0.2635,0.1072,6.75,0.1687
8.660,0.000,0.000,0.000,0.0032,0.2635,0.1072,6.75,0.1687
8.680,0.000,0.000,0.000,0.0032,0.2635,0.1072,6.75,0.1688
8.700,0.000,0.000,0.000,0.0032,0.2635,0.1072,6.75,0.1688
8.721,0.000,0.000,0.000,0.0032,0.2635,0.1072,6.75,0.1688
8.740,0.000,0.000,0.000,0.0032,0.2635,0.1072,6.75,0.1688
8.760,0.000,0.000,0.000,0.0032,0.2635,0.1072,6.75,0.1688
8.781,0.000,0.000,0.000,0.0032,0.2635,0.1072,6.75,0.1688
8.800,0.000,0.000,0.000,0.0032,0.2635,0.1072,6.75,0.1688
8.821,0.000,0.000,0.000,0.0032,0.2635,0.1072,6.75,0.1688
8.842,0.000,0.000,0.000,0.0032,0.2635,0.1072,6.75,0.1688
8.861,0.000,0.000,0.000,0.0032,0.2635,0.1072,6.75,0.1688
8.881,0.000,0.000,0.000,0.0032,0.2635,0.1072,6.75,0.1688
8.901,0.000,0.000,0.000,0.0032,0.2635,0.1072,6.75,0.1688
8.922,0.000,0.000,0.000,0.0032,0.2635,0.1072,6.75,0.1688
8.941,0.000,0.000,0.000,0.0032,0.2635,0.1072,6.75,0.1688
8.961,0.000,0.000,0.000,0.0032,0.2635,0.1072,6.75,0.1688
8.981,0.000,0.000,0.000,0.0032,0.2635,0.1072,6.75,0.1688
9.000,0.000,0.000,0.000,0.0032,0.2635,0.1072,6.75,0.1688
9.022,0.000,0.000,0.000,0.0033,0.2635,0.1072,6.75,0.1689
9.040,0.000,0.000,0.000,0.0033,0.2635,0.1072,6.75,0.1689
9.060,0.000,0.000,0.000,0.0033,0.2635,0.1072,6.75,0.1689
9.081,0.000,0.000,0.000,0.0033,0.2635,0.1072,6.76,0.1689
9.103,0.000,0.000,0.000,0.0033,0.2635,0.1072,6.76,0.1689
9.121,0.000,0.000,0.000,0.0033,0.2635,0.1072,6.76,0.1689
9.141,0.000,0.000,0.000,0.0033,0.2635,0.1072,6.76,0.1689
9.161,0.000,0.000,0.000,0.0033,0.2635,0.1072,6.76,0.1689
9.181,0.000,0.000,0.000,0.0033,0.2635,0.1072,6.76,0.1689
9.201,0.000,0.000,0.000,0.0033,0.2635,0.1072,6.76,0.1689
9.221,0.000,0.000,0.000,0.0033,0.2635,0.1072,6.76,0.1689
9.241,0.000,0.000,0.000,0.0033,0.2635,0.1072,6.76,0.1689
9.261,0.000,0.000,0.000,0.0033,0.2635,0.1072,6.76,0.1689
9.281,0.000,0.000,0.000,0.0033,0.2635,0.1072,6.76,0.1689
9.301,0.000,0.000,0.000,0.0033,0.2635,0.1072,6.76,0.1689
9.321,0.000,0.000,0.000,0.0033,0.2635,0.1072,6.76,0.1689
9.343,0.000,0.000,0.000,0.0033,0.2635,0.1072,6.76,0.1689
9.361,0.000,0.000,0.000,0.0033,0.2635,0.1072,6.76,0.1689
9.380,0.000,0.000,0.000,0.0033,0.2635,0.1072,6.76,0.1690
9.401,0.000,0.000,0.000,0.0033,0.2635,0.1072,6.76,0.1690
9.420,0.000,0.000,0.000,0.0033,0.2635,0.1072,6.76,0.1690
9.441,0.000,0.000,0.000,0.0033,0.2635,0.1072,6.76,0.1690
9.461,0.000,0.000,0.000,0.0033,0.2635,0.1072,6.76,0.1690
9.481,0.000,0.000,0.000,0.0033,0.2635,0.1072,6.76,0.1690
9.501,0.000,0.000,0.000,0.0033,0.2635,0.1072,6.76,0.1690
9.521,0.000,0.000,0.000,0.0033,0.2635,0.1072,6.76,0.1690
9.542,0.000,0.000,0.000,0.0033,0.2635,0.1072,6.76,0.1690
9.560,0.000,0.000,0.000,0.0033,0.2635,0.1072,6.76,0.1690
9.581,0.000,0.000,0.000,0.0033,0.2635,0.1072,6.76,0.1690
9.603,0.000,0.000,0.000,0.0033,0.2635,0.1072,6.76,0.1690
9.622,0.000,0.000,0.000,0.0033,0.2635,0.1072,6.76,0.1690
9.641,0.000,0.000,0.000,0.0033,0.2635,0.1071,6.76,0.1690
9.661,0.000,0.000,0.000,0.0033,0.2635,0.1071,6.76,0.1690
9.681,0.000,0.000,0.000,0.0033,0.2635,0.1071,6.76,0.1690
9.702,0.000,0.000,0.000,0.0034,0.2635,0.1071,6.76,0.1690
9.721,0.000,0.000,0.000,0.0034,0.2635,0.1071,6.76,0.1690
9.741,0.000,0.000,0.000,0.0034,0.2635,0.1071,6.76,0.1690
9.761,0.000,0.000,0.000,0.0034,0.2635,0.1071,6.76,0.1691
9.781,0.000,0.000,0.000,0.0034,0.2635,0.1071,6.76,0.1691
9.801,0.000,0.000,0.000,0.0034,0.2635,0.1071,6.76,0.1691
9.821,0.000,0.000,0.000,0.0034,0.2635,0.1071,6.76,0.1691
9.841,0.000,0.000,0.000,0.0034,0.2635,0.1071,6.76,0.1691
9.860,0.000,0.000,0.000,0.0034,0.2635,0.1071,6.76,0.1691
9.881,0.000,0.000,0.000,0.0034,0.2635,0.1071,6.76,0.1691
9.901,0.000,0.000,0.000,0.0034,0.2635,0.1071,6.76,0.1691
9.921,0.000,0.000,0.000,0.0034,0.2635,0.1071,6.76,0.1691
9.941,0.000,0.000,0.000,0.0034,0.2635,0.1071,6.76,0.1691
9.961,0.000,0.000,0.000,0.0034,0.2635,0.1071,6.76,0.1691
9.980,0.000,0.000,0.000,0.0034,0.2635,0.1071,6.76,0.1691
10.001,0.000,0.000,0.000,0.0034,0.2635,0.1071,6.76,0.1691
10.021,0.000,0.000,0.000,0.0034,0.2635,0.1071,6.77,0.1691
10.041,0.000,0.000,0.000,0.0034,0.2635,0.1071,6.77,0.1691
10.060,0.000,0.000,0.000,0.0034,0.2635,0.1071,6.77,0.1691
10.081,0.000,0.000,0.000,0.0034,0.2635,0.1071,6.77,0.1691
10.100,0.000,0.000,0.000,0.0034,0.2635,0.1071,6.77,0.1691
10.121,0.000,0.000,0.000,0.0034,0.2635,0.1071,6.77,0.1691
10.141,0.000,0.000,0.000,0.0034,0.2635,0.1071,6.77,0.1691
10.161,0.000,0.000,0.000,0.0034,0.2635,0.1071,6.77,0.1692
10.181,0.000,0.000,0.000,0.0034,0.2635,0.1071,6.77,0.1692
10.202,0.000,0.000,0.000,0.0034,0.2635,0.1071,6.77,0.1692
10.221,0.000,0.000,0.000,0.0034,0.2635,0.1071,6.77,0.1692
10.241,0.000,0.000,0.000,0.0034,0.2635,0.1071,6.77,0.1692
10.262,0.000,0.000,0.000,0.0034,0.2635,0.1071,6.77,0.1692
10.281,0.000,0.000,0.000,0.0034,0.2635,0.1071,6.77,0.1692
10.302,0.000,0.000,0.000,0.0035,0.2635,0.1071,6.77,0.1692
10.321,0.000,0.000,0.000,0.0035,0.2635,0.1071,6.77,0.1692
10.341,0.000,0.000,0.000,0.0035,0.2635,0.1071,6.77,0.1692
10.361,0.000,0.000,0.000,0.0035,0.2635,0.1071,6.77,0.1692
10.381,0.000,0.000,0.000,0.0035,0.2635,0.1071,6.77,0.1692
10.402,0.000,0.000,0.000,0.0035,0.2635,0.1071,6.77,0.1692
10.421,0.000,0.000,0.000,0.0035,0.2635,0.1071,6.77,0.1692
10.441,0.000,0.000,0.000,0.0035,0.2635,0.1071,6.77,0.1692
10.461,0.000,0.000,0.000,0.0035,0.2635,0.1071,6.77,0.1692
10.480,0.000,0.000,0.000,0.0035,0.2635,0.1071,6.77,0.1692
10.501,0.000,0.000,0.000,0.0035,0.2635,0.1071,6.77,0.1692
10.521,0.000,0.000,0.000,0.0035,0.2635,0.1071,6.77,0.1692
10.541,0.000,0.000,0.000,0.0035,0.2635,0.1071,6.77,0.1692
10.561,0.000,0.000,0.000,0.0035,0.2635,0.1071,6.77,0.1692
10.582,0.000,0.000,0.000,0.0035,0.2635,0.1071,6.77,0.1693
10.600,0.000,0.000,0.000,0.0035,0.2635,0.1071,6.77,0.1693
10.620,0.000,0.000,0.000,0.0035,0.2635,0.1071,6.77,0.1693
10.641,0.000,0.000,0.000,0.0035,0.2635,0.1071,6.77,0.1693
10.661,0.000,0.000,0.000,0.0035,0.2635,0.1071,6.77,0.1693
10.681,0.000,0.000,0.000,0.0035,0.2635,0.1071,6.77,0.1693
10.700,0.000,0.000,0.000,0.0035,0.2635,0.1071,6.77,0.1693
10.722,0.000,0.000,0.000,0.0035,0.2634,0.1071,6.77,0.1693
10.740,0.000,0.000,0.000,0.0035,0.2634,0.1071,6.77,0.1693
10.762,0.000,0.000,0.000,0.0035,0.2634,0.1071,6.77,0.1693
10.782,0.000,0.000,0.000,0.0035,0.2634,0.1071,6.77,0.1693
10.800,0.000,0.000,0.000,0.0035,0.2634,0.1071,6.77,0.1693
10.821,0.000,0.000,0.000,0.0035,0.2634,0.1071,6.77,0.1693
10.841,0.000,0.000,0.000,0.0035,0.2634,0.1071,6.77,0.1693
10.861,0.000,0.000,0.000,0.0035,0.2634,0.1071,6.77,0.1693
10.881,0.000,0.000,0.000,0.0035,0.2634,0.1071,6.77,0.1693
10.900,0.000,0.000,0.000,0.0035,0.2634,0.1071,6.77,0.1693
10.922,0.000,0.000,0.000,0.0035,0.2634,0.1071,6.77,0.1693
10.942,0.000,0.000,0.000,0.0035,0.2634,0.1071,6.77,0.1693
10.960,0.000,0.000,0.000,0.0035,0.2634,0.1071,6.77,0.1693
10.980,0.000,0.000,0.000,0.0035,0.2634,0.1071,6.77,0.1693
11.002,0.000,0.000,0.000,0.0035,0.2634,0.1071,6.77,0.1693
11.020,0.000,0.000,0.000,0.0035,0.2634,0.1070,6.77,0.1693
11.040,0.000,0.000,0.000,0.0035,0.2634,0.1070,6.77,0.1694
11.060,0.000,0.000,0.000,0.0035,0.2634,0.1070,6.77,0.1694
11.082,0.000,0.000,0.000,0.0035,0.2634,0.1070,6.77,0.1694
11.100,0.000,0.000,0.000,0.0035,0.2634,0.1070,6.77,0.1694
11.120,0.000,0.000,0.000,0.0036,0.2634,0.1070,6.78,0.1694
11.140,0.000,0.000,0.000,0.0036,0.2634,0.1070,6.78,0.1694
11.161,0.000,0.000,0.000,0.0036,0.2634,0.1070,6.78,0.1694
11.182,0.000,0.000,0.000,0.0036,0.2634,0.1070,6.78,0.1694
11.201,0.000,0.000,0.000,0.0036,0.2634,0.1070,6.78,0.1694
11.220,0.000,0.000,0.000,0.0036,0.2634,0.1070,6.78,0.1694
11.241,0.000,0.000,0.000,0.0036,0.2634,0.1070,6.78,0.1694
11.260,0.000,0.000,0.000,0.0036,0.2634,0.1070,6.78,0.1694
11.282,0.000,0.000,0.000,0.0036,0.2634,0.1070,6.78,0.1694
11.302,0.000,0.000,0.000,0.0036,0.2634,0.1070,6.78,0.1694
11.320,0.000,0.000,0.000,0.0036,0.2634,0.1070,6.78,0.1694
11.340,0.000,0.000,0.000,0.0036,0.2634,0.1070,6.78,0.1694
11.360,0.000,0.000,0.000,0.0036,0.2634,0.1070,6.78,0.1694
11.380,0.000,0.000,0.000,0.0036,0.2634,0.1070,6.78,0.1694
11.400,0.000,0.000,0.000,0.0036,0.2634,0.1070,6.78,0.1694
11.421,0.000,0.000,0.000,0.0036,0.2634,0.1070,6.78,0.1694
11.440,0.000,0.000,0.000,0.0036,0.2634,0.1070,6.78,0.1694
11.460,0.000,0.000,0.000,0.0036,0.2634,0.1070,6.78,0.1694
11.481,0.000,0.000,0.000,0.0036,0.2634,0.1070,6.78,0.1694
11.502,0.000,0.000,0.000,0.0036,0.2634,0.1070,6.78,0.1694
11.520,0.000,0.000,0.000,0.0036,0.2634,0.1070,6.78,0.1694
11.540,0.000,0.000,0.000,0.0036,0.2634,0.1070,6.78,0.1694
11.562,0.000,0.000,0.000,0.0036,0.2634,0.1070,6.78,0.1695
11.580,0.000,0.000,0.000,0.0036,0.2634,0.1070,6.78,0.1695
11.602,0.000,0.000,0.000,0.0036,0.2634,0.1070,6.78,0.1695
11.620,0.000,0.000,0.000,0.0036,0.2634,0.1070,6.78,0.1695
11.642,0.000,0.000,0.000,0.0036,0.2634,0.1070,6.78,0.1695
11.660,0.000,0.000,0.000,0.0036,0.2634,0.1070,6.78,0.1695
11.680,0.000,0.000,0.000,0.0036,0.2634,0.1070,6.78,0.1695
11.701,0.000,0.000,0.000,0.0036,0.2634,0.1070,6.78,0.1695
11.720,0.000,0.000,0.000,0.0036,0.2634,0.1070,6.78,0.1695
11.741,0.000,0.000,0.000,0.0036,0.2634,0.1070,6.78,0.1695
11.760,0.000,0.000,0.000,0.0036,0.2634,0.1070,6.78,0.1695
11.781,0.000,0.000,0.000,0.0036,0.2634,0.1070,6.78,0.1695
11.800,0.000,0.000,0.000,0.0036,0.2634,0.1070,6.78,0.1695
11.821,0.000,0.000,0.000,0.0036,0.2634,0.1070,6.78,0.1695
11.841,0.000,0.000,0.000,0.0036,0.2634,0.1070,6.78,0.1695
11.860,0.000,0.000,0.000,0.0036,0.2634,0.1070,6.78,0.1695
11.882,0.000,0.000,0.000,0.0036,0.2634,0.1070,6.78,0.1695
11.902,0.000,0.000,0.000,0.0036,0.2634,0.1070,6.78,0.1695
11.920,0.000,0.000,0.000,0.0036,0.2634,0.1070,6.78,0.1695
11.942,0.000,0.000,0.000,0.0036,0.2634,0.1070,6.78,0.1695
11.962,0.000,0.000,0.000,0.0036,0.2634,0.1070,6.78,0.1695
11.981,0.000,0.000,0.000,0.0036,0.2634,0.1070,6.78,0.1695
12.001,0.000,0.000,0.000,0.0036,0.2634,0.1070,6.78,0.1695
12.021,0.000,0.000,0.000,0.0037,0.2634,0.1070,6.78,0.1695
12.040,0.000,0.000,0.000,0.0037,0.2634,0.1070,6.78,0.1695
12.062,0.000,0.000,0.000,0.0037,0.2634,0.1070,6.78,0.1696
12.080,0.000,0.000,0.000,0.0037,0.2634,0.1070,6.78,0.1696
12.101,0.000,0.000,0.000,0.0037,0.2634,0.1070,6.78,0.1696
12.121,0.000,0.000,0.000,0.0037,0.2634,0.1070,6.78,0.1696
12.142,0.000,0.000,0.000,0.0037,0.2634,0.1070,6.78,0.1696
12.160,0.000,0.000,0.000,0.0037,0.2634,0.1070,6.78,0.1696
12.181,0.000,0.000,0.000,0.0037,0.2634,0.1070,6.78,0.1696
12.201,0.000,0.000,0.000,0.0037,0.2634,0.1070,6.78,0.1696
12.221,0.000,0.000,0.000,0.0037,0.2634,0.1070,6.78,0.1696
12.241,0.000,0.000,0.000,0.0037,0.2634,0.1070,6.78,0.1696
12.261,0.000,0.000,0.000,0.0037,0.2634,0.1070,6.78,0.1696
12.280,0.000,0.000,0.000,0.0037,0.2634,0.1070,6.78,0.1696
12.301,0.000,0.000,0.000,0.0037,0.2634,0.1070,6.78,0.1696
12.320,0.000,0.000,0.000,0.0037,0.2634,0.1070,6.78,0.1696
12.340,0.000,0.000,0.000,0.0037,0.2634,0.1070,6.78,0.1696
12.361,0.000,0.000,0.000,0.0037,0.2634,0.1070,6.78,0.1696
12.380,0.000,0.000,0.000,0.0037,0.2634,0.1070,6.78,0.1696
12.400,0.000,0.000,0.000,0.0037,0.2634,0.1070,6.78,0.1696
12.420,0.000,0.000,0.000,0.0037,0.2634,0.1069,6.78,0.1696
12.440,0.000,0.000,0.000,0.0037,0.2634,0.1069,6.79,0.1696
12.461,0.000,0.000,0.000,0.0037,0.2634,0.1069,6.79,0.1696
12.480,0.000,0.000,0.000,0.0037,0.2634,0.1069,6.79,0.1696
12.500,0.000,0.000,0.000,0.0037,0.2634,0.1069,6.79,0.1696
12.521,0.000,0.000,0.000,0.0037,0.2634,0.1069,6.79,0.1696
12.541,0.000,0.000,0.000,0.0037,0.2634,0.1069,6.79,0.1696
12.560,0.000,0.000,0.000,0.0037,0.2634,0.1069,6.79,0.1696
12.580,0.000,0.000,0.000,0.0037,0.2634,0.1069,6.79,0.1696
12.600,0.000,0.000,0.000,0.0037,0.2634,0.1069,6.79,0.1696
12.620,0.000,0.000,0.000,0.0037,0.2634,0.1069,6.79,0.1696
12.640,0.000,0.000,0.000,0.0037,0.2634,0.1069,6.79,0.1697
12.660,0.000,0.000,0.000,0.0037,0.2634,0.1069,6.79,0.1697
12.680,0.000,0.000,0.000,0.0037,0.2634,0.1069,6.79,0.1697
12.701,0.000,0.000,0.000,0.0037,0.2634,0.1069,6.79,0.1697
12.720,0.000,0.000,0.000,0.0037,0.2634,0.1069,6.79,0.1697
12.740,0.000,0.000,0.000,0.0037,0.2634,0.1069,6.79,0.1697
12.761,0.000,0.000,0.000,0.0037,0.2634,0.1069,6.79,0.1697
12.780,0.000,0.000,0.000,0.0037,0.2634,0.1069,6.79,0.1697
12.802,0.000,0.000,0.000,0.0037,0.2634,0.1069,6.79,0.1697
12.820,0.000,0.000,0.000,0.0037,0.2634,0.1069,6.79,0.1697
12.840,0.000,0.000,0.000,0.0037,0.2634,0.1069,6.79,0.1697
12.861,0.000,0.000,0.000,0.0037,0.2634,0.1069,6.79,0.1697
12.882,0.000,0.000,0.000,0.0037,0.2634,0.1069,6.79,0.1697
12.900,0.000,0.000,0.000,0.0037,0.2634,0.1069,6.79,0.1697
12.921,0.000,0.000,0.000,0.0037,0.2634,0.1069,6.79,0.1697
12.940,0.000,0.000,0.000,0.0037,0.2634,0.1069,6.79,0.1697
12.960,0.000,0.000,0.000,0.0037,0.2634,0.1069,6.79,0.1697
12.980,0.000,0.000,0.000,0.0037,0.2634,0.1069,6.79,0.1697
13.000,0.000,0.000,0.000,0.0037,0.2634,0.1069,6.79,0.1697
13.020,0.000,0.000,0.000,0.0038,0.2634,0.1069,6.79,0.1697
13.040,0.000,0.000,0.000,0.0038,0.2634,0.1069,6.79,0.1697
13.060,0.000,0.000,0.000,0.0038,0.2634,0.1069,6.79,0.1697
13.080,0.000,0.000,0.000,0.0038,0.2634,0.1069,6.79,0.1697
13.101,0.000,0.000,0.000,0.0038,0.2634,0.1069,6.79,0.1697
13.120,0.000,0.000,0.000,0.0038,0.2634,0.1069,6.79,0.1697
13.141,0.000,0.000,0.000,0.0038,0.2634,0.1069,6.79,0.1697
13.162,0.000,0.000,0.000,0.0038,0.2634,0.1069,6.79,0.1697
13.180,0.000,0.000,0.000,0.0038,0.2634,0.1069,6.79,0.1697
13.200,0.000,0.000,0.000,0.0038,0.2634,0.1069,6.79,0.1697
13.220,0.000,0.000,0.000,0.0038,0.2634,0.1069,6.79,0.1697
13.240,0.000,0.000,0.000,0.0038,0.2634,0.1069,6.79,0.1698
13.261,0.000,0.000,0.000,0.0038,0.2634,0.1069,6.79,0.1698
13.281,0.000,0.000,0.000,0.0038,0.2634,0.1069,6.79,0.1698
13.302,0.000,0.000,0.000,0.0038,0.2634,0.1069,6.79,0.1698
13.320,0.000,0.000,0.000,0.0038,0.2634,0.1069,6.79,0.1698
13.341,0.000,0.000,0.000,0.0038,0.2634,0.1069,6.79,0.1698
13.361,0.000,0.000,0.000,0.0038,0.2634,0.1069,6.79,0.1698
13.380,0.000,0.000,0.000,0.0038,0.2634,0.1069,6.79,0.1698
13.400,0.000,0.000,0.000,0.0038,0.2634,0.1069,6.79,0.1698
13.421,0.000,0.000,0.000,0.0038,0.2634,0.1069,6.79,0.1698
13.441,0.000,0.000,0.000,0.0038,0.2634,0.1069,6.79,0.1698
13.461,0.000,0.000,0.000,0.0038,0.2634,0.1069,6.79,0.1698
13.481,0.000,0.000,0.000,0.0038,0.2634,0.1069,6.79,0.1698
13.501,0.000,0.000,0.000,0.0038,0.2634,0.1069,6.79,0.1698
13.522,0.000,0.000,0.000,0.0038,0.2634,0.1069,6.79,0.1698
13.542,0.000,0.000,0.000,0.0038,0.2634,0.1069,6.79,0.1698
13.560,0.000,0.000,0.000,0.0038,0.2634,0.1069,6.79,0.1698
13.581,0.000,0.000,0.000,0.0038,0.2634,0.1069,6.79,0.1698
13.601,0.000,0.000,0.000,0.0038,0.2634,0.1069,6.79,0.1698
13.621,0.000,0.000,0.000,0.0038,0.2634,0.1069,6.79,0.1698
13.641,0.000,0.000,0.000,0.0038,0.2634,0.1069,6.79,0.1698
13.660,0.000,0.000,0.000,0.0038,0.2634,0.1069,6.79,0.1698
13.681,0.000,0.000,0.000,0.0038,0.2634,0.1069,6.79,0.1698
13.700,0.000,0.000,0.000,0.0038,0.2634,0.1069,6.79,0.1698
13.722,0.000,0.000,0.000,0.0038,0.2634,0.1069,6.79,0.1698
13.740,0.000,0.000,0.000,0.0038,0.2634,0.1069,6.79,0.1698
13.761,0.000,0.000,0.000,0.0038,0.2634,0.1069,6.79,0.1698
13.780,0.000,0.000,0.000,0.0038,0.2634,0.1069,6.79,0.1698
13.802,0.000,0.000,0.000,0.0038,0.2634,0.1069,6.79,0.1698
13.821,0.000,0.000,0.000,0.0038,0.2634,0.1069,6.79,0.1698
13.841,0.000,0.000,0.000,0.0038,0.2634,0.1069,6.79,0.1698
13.861,0.000,0.000,0.000,0.0038,0.2634,0.1068,6.79,0.1698
13.881,0.000,0.000,0.000,0.0038,0.2634,0.1068,6.79,0.1698
13.900,0.000,0.000,0.000,0.0038,0.2634,0.1068,6.79,0.1698
13.921,0.000,0.000,0.000,0.0038,0.2634,0.1068,6.79,0.1699
13.941,0.000,0.000,0.000,0.0038,0.2634,0.1068,6.79,0.1699
13.960,0.000,0.000,0.000,0.0038,0.2634,0.1068,6.79,0.1699
13.980,0.000,0.000,0.000,0.0038,0.2634,0.1068,6.79,0.1699
14.001,0.000,0.000,0.000,0.0038,0.2634,0.1068,6.79,0.1699
14.021,0.000,0.000,0.000,0.0038,0.2634,0.1068,6.79,0.1699
14.041,0.000,0.000,0.000,0.0038,0.2634,0.1068,6.79,0.1699
14.060,0.000,0.000,0.000,0.0038,0.2634,0.1068,6.79,0.1699
14.081,0.000,0.000,0.000,0.0038,0.2634,0.1068,6.80,0.1699
14.101,0.000,0.000,0.000,0.0038,0.2634,0.1068,6.80,0.1699
14.120,0.000,0.000,0.000,0.0038,0.2634,0.1068,6.80,0.1699
14.141,0.000,0.000,0.000,0.0038,0.2634,0.1068,6.80,0.1699
14.160,0.000,0.000,0.000,0.0038,0.2634,0.1068,6.80,0.1699
14.181,0.000,0.000,0.000,0.0038,0.2634,0.1068,6.80,0.1699
14.201,0.000,0.000,0.000,0.0038,0.2634,0.1068,6.80,0.1699
14.221,0.000,0.000,0.000,0.0038,0.2634,0.1068,6.80,0.1699
14.240,0.000,0.000,0.000,0.0038,0.2634,0.1068,6.80,0.1699
14.261,0.000,0.000,0.000,0.0038,0.2634,0.1068,6.80,0.1699
14.281,0.000,0.000,0.000,0.0038,0.2634,0.1068,6.80,0.1699
14.300,0.000,0.000,0.000,0.0038,0.2634,0.1068,6.80,0.1699
14.320,0.000,0.000,0.000,0.0038,0.2634,0.1068,6.80,0.1699
14.341,0.000,0.000,0.000,0.0038,0.2634,0.1068,6.80,0.1699
14.360,0.000,0.000,0.000,0.0038,0.2634,0.1068,6.80,0.1699
14.380,0.000,0.000,0.000,0.0039,0.2634,0.1068,6.80,0.1699
14.400,0.000,0.000,0.000,0.0039,0.2634,0.1068,6.80,0.1699
14.421,0.000,0.000,0.000,0.0039,0.2634,0.1068,6.80,0.1699
14.440,0.000,0.000,0.000,0.0039,0.2634,0.1068,6.80,0.1699
14.462,0.000,0.000,0.000,0.0039,0.2634,0.1068,6.80,0.1699
14.480,0.000,0.000,0.000,0.0039,0.2634,0.1068,6.80,0.1699
14.501,0.000,0.000,0.000,0.0039,0.2634,0.1068,6.80,0.1699
14.520,0.000,0.000,0.000,0.0039,0.2634,0.1068,6.80,0.1699
14.541,0.000,0.000,0.000,0.0039,0.2634,0.1068,6.80,0.1699
14.561,0.000,0.000,0.000,0.0039,0.2634,0.1068,6.80,0.1699
14.581,0.000,0.000,0.000,0.0039,0.2634,0.1068,6.80,0.1699
14.600,0.000,0.000,0.000,0.0039,0.2634,0.1068,6.80,0.1699
14.622,0.000,0.000,0.000,0.0039,0.2634,0.1068,6.80,0.1699
14.641,0.000,0.000,0.000,0.0039,0.2634,0.1068,6.80,0.1699
14.661,0.000,0.000,0.000,0.0039,0.2634,0.1068,6.80,0.1700
14.681,0.000,0.000,0.000,0.0039,0.2634,0.1068,6.80,0.1700
14.701,0.000,0.000,0.000,0.0039,0.2634,0.1068,6.80,0.1700
14.722,0.000,0.000,0.000,0.0039,0.2634,0.1068,6.80,0.1700
14.741,0.000,0.000,0.000,0.0039,0.2634,0.1068,6.80,0.1700
14.761,0.000,0.000,0.000,0.0039,0.2634,0.1068,6.80,0.1700
14.781,0.000,0.000,0.000,0.0039,0.2634,0.1068,6.80,0.1700
14.802,0.000,0.000,0.000,0.0039,0.2634,0.1068,6.80,0.1700
14.821,0.000,0.000,0.000,0.0039,0.2634,0.1068,6.80,0.1700
14.841,0.000,0.000,0.000,0.0039,0.2634,0.1068,6.80,0.1700
14.861,0.000,0.000,0.000,0.0039,0.2634,0.1068,6.80,0.1700
14.881,0.000,0.000,0.000,0.0039,0.2634,0.1068,6.80,0.1700
14.900,0.000,0.000,0.000,0.0039,0.2634,0.1068,6.80,0.1700
14.924,0.000,0.000,0.000,0.0039,0.2634,0.1068,6.80,0.1700
14.941,0.000,0.000,0.000,0.0039,0.2634,0.1068,6.80,0.1700
14.960,0.000,0.000,0.000,0.0039,0.2634,0.1068,6.80,0.1700
14.982,0.000,0.000,0.000,0.0039,0.2634,0.1068,6.80,0.1700
15.002,0.000,0.000,0.000,0.0039,0.2634,0.1068,6.80,0.1700
15.022,0.000,0.000,0.000,0.0039,0.2634,0.1068,6.80,0.1700
15.041,0.000,0.000,0.000,0.0039,0.2634,0.1068,6.80,0.1700
15.063,0.000,0.000,0.000,0.0039,0.2634,0.1068,6.80,0.1700
15.080,0.000,0.000,0.000,0.0039,0.2634,0.1068,6.80,0.1700
15.102,0.000,0.000,0.000,0.0039,0.2634,0.1068,6.80,0.1700
15.121,0.000,0.000,0.000,0.0039,0.2634,0.1068,6.80,0.1700
15.141,0.000,0.000,0.000,0.0039,0.2634,0.1068,6.80,0.1700
15.161,0.000,0.000,0.000,0.0039,0.2634,0.1068,6.80,0.1700
15.182,0.000,0.000,0.000,0.0039,0.2634,0.1068,6.80,0.1700
15.201,0.000,0.000,0.000,0.0039,0.2634,0.1068,6.80,0.1700
15.222,0.000,0.000,0.000,0.0039,0.2634,0.1068,6.80,0.1700
15.243,0.000,0.000,0.000,0.0039,0.2634,0.1068,6.80,0.1700
15.261,0.000,0.000,0.000,0.0039,0.2634,0.1068,6.80,0.1700
15.282,0.000,0.000,0.000,0.0039,0.2634,0.1068,6.80,0.1700
15.302,0.000,0.000,0.000,0.0039,0.2634,0.1068,6.80,0.1700
15.321,0.000,0.000,0.000,0.0039,0.2634,0.1067,6.80,0.1700
15.340,0.000,0.000,0.000,0.0039,0.2634,0.1067,6.80,0.1700
15.362,0.000,0.000,0.000,0.0039,0.2634,0.1067,6.80,0.1700
15.381,0.000,0.000,0.000,0.0039,0.2634,0.1067,6.80,0.1700
15.401,0.000,0.000,0.000,0.0039,0.2634,0.1067,6.80,0.1700
15.422,0.000,0.000,0.000,0.0039,0.2634,0.1067,6.80,0.1701
15.442,0.000,0.000,0.000,0.0039,0.2634,0.1067,6.80,0.1701
15.460,0.000,0.000,0.000,0.0039,0.2634,0.1067,6.80,0.1701
15.482,0.000,0.000,0.000,0.0039,0.2634,0.1067,6.80,0.1701
15.501,0.000,0.000,0.000,0.0039,0.2634,0.1067,6.80,0.1701
15.520,0.000,0.000,0.000,0.0039,0.2634,0.1067,6.80,0.1701
15.540,0.000,0.000,0.000,0.0039,0.2634,0.1067,6.80,0.1701
15.561,0.000,0.000,0.000,0.0039,0.2634,0.1067,6.80,0.1701
15.581,0.000,0.000,0.000,0.0039,0.2634,0.1067,6.80,0.1701
15.602,0.000,0.000,0.000,0.0039,0.2634,0.1067,6.80,0.1701
15.622,0.000,0.000,0.000,0.0040,0.2634,0.1067,6.80,0.1701
15.641,0.000,0.000,0.000,0.0040,0.2634,0.1067,6.80,0.1701
15.660,0.000,0.000,0.000,0.0040,0.2634,0.1067,6.80,0.1701
15.681,0.000,0.000,0.000,0.0040,0.2634,0.1067,6.80,0.1701
15.701,0.000,0.000,0.000,0.0040,0.2634,0.1067,6.80,0.1701
15.722,0.000,0.000,0.000,0.0040,0.2634,0.1067,6.80,0.1701
15.740,0.000,0.000,0.000,0.0040,0.2634,0.1067,6.80,0.1701
15.760,0.000,0.000,0.000,0.0040,0.2634,0.1067,6.80,0.1701
15.781,0.000,0.000,0.000,0.0040,0.2634,0.1067,6.80,0.1701
15.801,0.000,0.000,0.000,0.0040,0.2634,0.1067,6.80,0.1701
15.820,0.000,0.000,0.000,0.0040,0.2634,0.1067,6.80,0.1701
15.841,0.000,0.000,0.000,0.0040,0.2634,0.1067,6.80,0.1701
15.862,0.000,0.000,0.000,0.0040,0.2634,0.1067,6.80,0.1701
15.881,0.000,0.000,0.000,0.0040,0.2634,0.1067,6.80,0.1701
15.902,0.000,0.000,0.000,0.0040,0.2634,0.1067,6.80,0.1701
15.921,0.000,0.000,0.000,0.0040,0.2634,0.1067,6.80,0.1701
15.940,0.000,0.000,0.000,0.0040,0.2634,0.1067,6.80,0.1701
15.960,0.000,0.000,0.000,0.0040,0.2634,0.1067,6.81,0.1701
15.980,0.000,0.000,0.000,0.0040,0.2634,0.1067,6.81,0.1701
16.001,0.000,0.000,0.000,0.0040,0.2634,0.1067,6.81,0.1701
16.021,0.000,0.000,0.000,0.0040,0.2634,0.1067,6.81,0.1701
16.041,0.000,0.000,0.000,0.0040,0.2634,0.1067,6.81,0.1701
16.060,0.000,0.000,0.000,0.0040,0.2634,0.1067,6.81,0.1701
16.081,0.000,0.000,0.000,0.0040,0.2634,0.1067,6.81,0.1701
16.100,0.000,0.000,0.000,0.0040,0.2634,0.1067,6.81,0.1701
16.120,0.000,0.000,0.000,0.0040,0.2634,0.1067,6.81,0.1701
16.141,0.000,0.000,0.000,0.0040,0.2634,0.1067,6.81,0.1701
16.161,0.000,0.000,0.000,0.0040,0.2634,0.1067,6.81,0.1701
16.181,0.000,0.000,0.000,0.0040,0.2634,0.1067,6.81,0.1701
16.200,0.000,0.000,0.000,0.0040,0.2634,0.1067,6.81,0.1702
16.220,0.000,0.000,0.000,0.0040,0.2634,0.1067,6.81,0.1702
16.240,0.000,0.000,0.000,0.0040,0.2634,0.1067,6.81,0.1702
16.261,0.000,0.000,0.000,0.0040,0.2634,0.1067,6.81,0.1702
16.281,0.000,0.000,0.000,0.0040,0.2634,0.1067,6.81,0.1702
16.301,0.000,0.000,0.000,0.0040,0.2634,0.1067,6.81,0.1702
16.321,0.000,0.000,0.000,0.0040,0.2634,0.1067,6.81,0.1702
16.340,0.000,0.000,0.000,0.0040,0.2634,0.1067,6.81,0.1702
16.361,0.000,0.000,0.000,0.0040,0.2634,0.1067,6.81,0.1702
16.381,0.000,0.000,0.000,0.0040,0.2634,0.1067,6.81,0.1702
16.400,0.000,0.000,0.000,0.0040,0.2634,0.1067,6.81,0.1702
16.420,0.000,0.000,0.000,0.0040,0.2634,0.1067,6.81,0.1702
16.441,0.000,0.000,0.000,0.0040,0.2634,0.1067,6.81,0.1702
16.461,0.000,0.000,0.000,0.0040,0.2634,0.1067,6.81,0.1702
16.481,0.000,0.000,0.000,0.0040,0.2634,0.1067,6.81,0.1702
16.501,0.000,0.000,0.000,0.0040,0.2634,0.1067,6.81,0.1702
16.520,0.000,0.000,0.000,0.0040,0.2634,0.1067,6.81,0.1702
16.541,0.000,0.000,0.000,0.0040,0.2634,0.1067,6.81,0.1702
16.561,0.000,0.000,0.000,0.0040,0.2634,0.1067,6.81,0.1702
16.581,0.000,0.000,0.000,0.0040,0.2634,0.1067,6.81,0.1702
16.601,0.000,0.000,0.000,0.0040,0.2634,0.1067,6.81,0.1702
16.621,0.000,0.000,0.000,0.0040,0.2634,0.1067,6.81,0.1702
16.640,0.000,0.000,0.000,0.0040,0.2634,0.1067,6.81,0.1702
16.660,0.000,0.000,0.000,0.0040,0.2634,0.1067,6.81,0.1702
16.681,0.000,0.000,0.000,0.0040,0.2634,0.1066,6.81,0.1702
16.702,0.000,0.000,0.000,0.0040,0.2634,0.1066,6.81,0.1702
16.721,0.000,0.000,0.000,0.0040,0.2634,0.1066,6.81,0.1702
16.740,0.000,0.000,0.000,0.0040,0.2634,0.1066,6.81,0.1702
16.762,0.000,0.000,0.000,0.0040,0.2634,0.1066,6.81,0.1702
16.782,0.000,0.000,0.000,0.0040,0.2634,0.1066,6.81,0.1702
16.801,0.000,0.000,0.000,0.0040,0.2634,0.1066,6.81,0.1702
16.820,0.000,0.000,0.000,0.0040,0.2634,0.1066,6.81,0.1702
16.841,0.000,0.000,0.000,0.0040,0.2634,0.1066,6.81,0.1702
16.860,0.000,0.000,0.000,0.0040,0.2634,0.1066,6.81,0.1702
16.881,0.000,0.000,0.000,0.0040,0.2634,0.1066,6.81,0.1702
16.901,0.000,0.000,0.000,0.0040,0.2634,0.1066,6.81,0.1702
16.922,0.000,0.000,0.000,0.0040,0.2634,0.1066,6.81,0.1702
16.943,0.000,0.000,0.000,0.0040,0.2634,0.1066,6.81,0.1702
16.960,0.000,0.000,0.000,0.0040,0.2634,0.1066,6.81,0.1702
16.980,0.000,0.000,0.000,0.0040,0.2634,0.1066,6.81,0.1702
17.000,0.000,0.000,0.000,0.0040,0.2634,0.1066,6.81,0.1702
17.026,0.000,0.000,0.000,0.0040,0.2634,0.1066,6.81,0.1703
17.040,0.000,0.000,0.000,0.0040,0.2634,0.1066,6.81,0.1703
17.061,0.000,0.000,0.000,0.0040,0.2634,0.1066,6.81,0.1703
17.081,0.000,0.000,0.000,0.0040,0.2634,0.1066,6.81,0.1703
17.102,0.000,0.000,0.000,0.0040,0.2634,0.1066,6.81,0.1703
17.122,0.000,0.000,0.000,0.0040,0.2634,0.1066,6.81,0.1703
17.140,0.000,0.000,0.000,0.0040,0.2634,0.1066,6.81,0.1703
17.161,0.000,0.000,0.000,0.0040,0.2634,0.1066,6.81,0.1703
17.181,0.000,0.000,0.000,0.0040,0.2634,0.1066,6.81,0.1703
17.200,0.000,0.000,0.000,0.0041,0.2634,0.1066,6.81,0.1703
17.222,0.000,0.000,0.000,0.0041,0.2634,0.1066,6.81,0.1703
17.240,0.000,0.000,0.000,0.0041,0.2634,0.1066,6.81,0.1703
17.264,0.000,0.000,0.000,0.0041,0.2634,0.1066,6.81,0.1703
17.282,0.000,0.000,0.000,0.0041,0.2634,0.1066,6.81,0.1703
17.300,0.000,0.000,0.000,0.0041,0.2634,0.1066,6.81,0.1703
17.322,0.000,0.000,0.000,0.0041,0.2634,0.1066,6.81,0.1703
17.342,0.000,0.000,0.000,0.0041,0.2634,0.1066,6.81,0.1703
17.361,0.000,0.000,0.000,0.0041,0.2634,0.1066,6.81,0.1703
17.381,0.000,0.000,0.000,0.0041,0.2634,0.1066,6.81,0.1703
17.400,0.000,0.000,0.000,0.0041,0.2634,0.1066,6.81,0.1703
17.421,0.000,0.000,0.000,0.0041,0.2634,0.1066,6.81,0.1703
17.442,0.000,0.000,0.000,0.0041,0.2634,0.1066,6.81,0.1703
17.460,0.000,0.000,0.000,0.0041,0.2634,0.1066,6.81,0.1703
17.480,0.000,0.000,0.000,0.0041,0.2634,0.1066,6.81,0.1703
17.500,0.000,0.000,0.000,0.0041,0.2634,0.1066,6.81,0.1703
17.520,0.000,0.000,0.000,0.0041,0.2634,0.1066,6.81,0.1703
17.541,0.000,0.000,0.000,0.0041,0.2634,0.1066,6.81,0.1703
17.560,0.000,0.000,0.000,0.0041,0.2634,0.1066,6.81,0.1703
17.580,0.000,0.000,0.000,0.0041,0.2634,0.1066,6.81,0.1703
17.600,0.000,0.000,0.000,0.0041,0.2634,0.1066,6.81,0.1703
17.622,0.000,0.000,0.000,0.0041,0.2634,0.1066,6.81,0.1703
17.640,0.000,0.000,0.000,0.0041,0.2634,0.1066,6.81,0.1703
17.661,0.000,0.000,0.000,0.0041,0.2634,0.1066,6.81,0.1703
17.680,0.000,0.000,0.000,0.0041,0.2634,0.1066,6.81,0.1703
17.701,0.000,0.000,0.000,0.0041,0.2634,0.1066,6.81,0.1703
17.721,0.000,0.000,0.000,0.0041,0.2634,0.1066,6.81,0.1703
17.740,0.000,0.000,0.000,0.0041,0.2634,0.1066,6.81,0.1703
17.760,0.000,0.000,0.000,0.0041,0.2634,0.1066,6.81,0.1703
17.782,0.000,0.000,0.000,0.0041,0.2634,0.1066,6.81,0.1703
17.801,0.000,0.000,0.000,0.0041,0.2634,0.1066,6.81,0.1703
17.821,0.000,0.000,0.000,0.0041,0.2634,0.1066,6.81,0.1703
17.840,0.000,0.000,0.000,0.0041,0.2634,0.1066,6.81,0.1703
17.862,0.000,0.000,0.000,0.0041,0.2634,0.1066,6.81,0.1703
17.882,0.000,0.000,0.000,0.0041,0.2634,0.1066,6.81,0.1703
17.900,0.000,0.000,0.000,0.0041,0.2634,0.1066,6.81,0.1703
17.920,0.000,0.000,0.000,0.0041,0.2634,0.1066,6.81,0.1703
17.940,0.000,0.000,0.000,0.0041,0.2634,0.1066,6.81,0.1703
17.960,0.000,0.000,0.000,0.0041,0.2634,0.1066,6.81,0.1704
17.980,0.000,0.000,0.000,0.0041,0.2634,0.1066,6.81,0.1704
18.000,0.000,0.000,0.000,0.0041,0.2634,0.1066,6.81,0.1704
18.020,0.000,0.000,0.000,0.0041,0.2634,0.1066,6.81,0.1704
18.041,0.000,0.000,0.000,0.0041,0.2634,0.1066,6.81,0.1704
18.060,0.000,0.000,0.000,0.0041,0.2634,0.1066,6.81,0.1704
18.082,0.000,0.000,0.000,0.0041,0.2634,0.1066,6.81,0.1704
18.101,0.000,0.000,0.000,0.0041,0.2634,0.1066,6.81,0.1704
18.122,0.000,0.000,0.000,0.0041,0.2634,0.1065,6.81,0.1704
18.142,0.000,0.000,0.000,0.0041,0.2634,0.1065,6.81,0.1704
18.162,0.000,0.000,0.000,0.0041,0.2634,0.1065,6.82,0.1704
18.180,0.000,0.000,0.000,0.0041,0.2634,0.1065,6.82,0.1704
18.202,0.000,0.000,0.000,0.0041,0.2634,0.1065,6.82,0.1704
18.221,0.000,0.000,0.000,0.0041,0.2634,0.1065,6.82,0.1704
18.241,0.000,0.000,0.000,0.0041,0.2634,0.1065,6.82,0.1704
18.260,0.000,0.000,0.000,0.0041,0.2634,0.1065,6.82,0.1704
18.282,0.000,0.000,0.000,0.0041,0.2634,0.1065,6.82,0.1704
18.303,0.000,0.000,0.000,0.0041,0.2634,0.1065,6.82,0.1704
18.322,0.000,0.000,0.000,0.0041,0.2634,0.1065,6.82,0.1704
18.342,0.000,0.000,0.000,0.0041,0.2634,0.1065,6.82,0.1704
18.360,0.000,0.000,0.000,0.0041,0.2634,0.1065,6.82,0.1704
18.381,0.000,0.000,0.000,0.0041,0.2634,0.1065,6.82,0.1704
18.402,0.000,0.000,0.000,0.0041,0.2634,0.1065,6.82,0.1704
18.421,0.000,0.000,0.000,0.0041,0.2634,0.1065,6.82,0.1704
18.440,0.000,0.000,0.000,0.0041,0.2634,0.1065,6.82,0.1704
18.462,0.000,0.000,0.000,0.0041,0.2634,0.1065,6.82,0.1704
18.480,0.000,0.000,0.000,0.0041,0.2634,0.1065,6.82,0.1704
18.502,0.000,0.000,0.000,0.0041,0.2634,0.1065,6.82,0.1704
18.520,0.000,0.000,0.000,0.0041,0.2634,0.1065,6.82,0.1704
18.542,0.000,0.000,0.000,0.0041,0.2634,0.1065,6.82,0.1704
18.562,0.000,0.000,0.000,0.0041,0.2634,0.1065,6.82,0.1704
18.581,0.000,0.000,0.000,0.0041,0.2634,0.1065,6.82,0.1704
18.600,0.000,0.000,0.000,0.0041,0.2634,0.1065,6.82,0.1704
18.621,0.000,0.000,0.000,0.0041,0.2634,0.1065,6.82,0.1704
18.640,0.000,0.000,0.000,0.0041,0.2634,0.1065,6.82,0.1704
18.661,0.000,0.000,0.000,0.0041,0.2634,0.1065,6.82,0.1704
18.682,0.000,0.000,0.000,0.0041,0.2634,0.1065,6.82,0.1704
18.701,0.000,0.000,0.000,0.0041,0.2634,0.1065,6.82,0.1704
18.720,0.000,0.000,0.000,0.0041,0.2634,0.1065,6.82,0.1704
18.741,0.000,0.000,0.000,0.0041,0.2634,0.1065,6.82,0.1704
18.762,0.000,0.000,0.000,0.0041,0.2634,0.1065,6.82,0.1704
18.782,0.000,0.000,0.000,0.0041,0.2634,0.1065,6.82,0.1704
18.801,0.000,0.000,0.000,0.0041,0.2634,0.1065,6.82,0.1704
18.820,0.000,0.000,0.000,0.0041,0.2634,0.1065,6.82,0.1704
18.840,0.000,0.000,0.000,0.0041,0.2634,0.1065,6.82,0.1704
18.861,0.000,0.000,0.000,0.0041,0.2634,0.1065,6.82,0.1704
18.881,0.000,0.000,0.000,0.0041,0.2634,0.1065,6.82,0.1704
18.902,0.000,0.000,0.000,0.0041,0.2634,0.1065,6.82,0.1704
18.921,0.000,0.000,0.000,0.0041,0.2634,0.1065,6.82,0.1704
18.941,0.000,0.000,0.000,0.0041,0.2634,0.1065,6.82,0.1704
18.961,0.000,0.000,0.000,0.0041,0.2634,0.1065,6.82,0.1705
18.981,0.000,0.000,0.000,0.0041,0.2634,0.1065,6.82,0.1705
19.001,0.000,0.000,0.000,0.0041,0.2634,0.1065,6.82,0.1705
19.021,0.000,0.000,0.000,0.0041,0.2634,0.1065,6.82,0.1705
19.041,0.000,0.000,0.000,0.0041,0.2634,0.1065,6.82,0.1705
19.061,0.000,0.000,0.000,0.0042,0.2634,0.1065,6.82,0.1705
19.082,0.000,0.000,0.000,0.0042,0.2634,0.1065,6.82,0.1705
19.101,0.000,0.000,0.000,0.0042,0.2634,0.1065,6.82,0.1705
19.120,0.000,0.000,0.000,0.0042,0.2634,0.1065,6.82,0.1705
19.141,0.000,0.000,0.000,0.0042,0.2634,0.1065,6.82,0.1705
19.162,0.000,0.000,0.000,0.0042,0.2634,0.1065,6.82,0.1705
19.182,0.000,0.000,0.000,0.0042,0.2634,0.1065,6.82,0.1705
19.202,0.000,0.000,0.000,0.0042,0.2634,0.1065,6.82,0.1705
19.220,0.000,0.000,0.000,0.0042,0.2634,0.1065,6.82,0.1705
19.242,0.000,0.000,0.000,0.0042,0.2634,0.1065,6.82,0.1705
19.262,0.000,0.000,0.000,0.0042,0.2634,0.1065,6.82,0.1705
19.282,0.000,0.000,0.000,0.0042,0.2634,0.1065,6.82,0.1705
19.302,0.000,0.000,0.000,0.0042,0.2634,0.1065,6.82,0.1705
19.320,0.000,0.000,0.000,0.0042,0.2634,0.1065,6.82,0.1705
19.342,0.000,0.000,0.000,0.0042,0.2634,0.1065,6.82,0.1705
19.361,0.000,0.000,0.000,0.0042,0.2634,0.1065,6.82,0.1705
19.382,0.000,0.000,0.000,0.0042,0.2634,0.1065,6.82,0.1705
19.400,0.000,0.000,0.000,0.0042,0.2634,0.1065,6.82,0.1705
19.425,0.000,0.000,0.000,0.0042,0.2634,0.1065,6.82,0.1705
19.442,0.000,0.000,0.000,0.0042,0.2634,0.1065,6.82,0.1705
19.462,0.000,0.000,0.000,0.0042,0.2634,0.1065,6.82,0.1705
19.482,0.000,0.000,0.000,0.0042,0.2634,0.1065,6.82,0.1705
19.502,0.000,0.000,0.000,0.0042,0.2634,0.1065,6.82,0.1705
19.520,0.000,0.000,0.000,0.0042,0.2634,0.1065,6.82,0.1705
19.540,0.000,0.000,0.000,0.0042,0.2634,0.1065,6.82,0.1705
19.561,0.000,0.000,0.000,0.0042,0.2634,0.1065,6.82,0.1705
19.581,0.000,0.000,0.000,0.0042,0.2634,0.1064,6.82,0.1705
19.601,0.000,0.000,0.000,0.0042,0.2634,0.1064,6.82,0.1705
19.621,0.000,0.000,0.000,0.0042,0.2634,0.1064,6.82,0.1705
19.641,0.000,0.000,0.000,0.0042,0.2634,0.1064,6.82,0.1705
19.671,0.000,0.000,0.000,0.0042,0.2634,0.1064,6.82,0.1705
19.687,0.000,0.000,0.000,0.0042,0.2634,0.1064,6.82,0.1705
19.707,0.000,0.000,0.000,0.0042,0.2634,0.1064,6.82,0.1705
19.731,0.000,0.000,0.000,0.0042,0.2634,0.1064,6.82,0.1705
19.749,0.000,0.000,0.000,0.0042,0.2634,0.1064,6.82,0.1705
19.765,0.000,0.000,0.000,0.0042,0.2634,0.1064,6.82,0.1705
19.787,0.000,0.000,0.000,0.0042,0.2634,0.1064,6.82,0.1705
19.809,0.000,0.000,0.000,0.0042,0.2634,0.1064,6.82,0.1705
19.826,0.000,0.000,0.000,0.0042,0.2634,0.1064,6.82,0.1705
19.847,0.000,0.000,0.000,0.0042,0.2634,0.1064,6.82,0.1705
19.866,0.000,0.000,0.000,0.0042,0.2634,0.1064,6.82,0.1705
19.887,0.000,0.000,0.000,0.0042,0.2634,0.1064,6.82,0.1705
19.909,0.000,0.000,0.000,0.0042,0.2634,0.1064,6.82,0.1705
19.925,0.000,0.000,0.000,0.0042,0.2634,0.1064,6.82,0.1705
19.946,0.000,0.000,0.000,0.0042,0.2634,0.1064,6.82,0.1705
19.967,0.000,0.000,0.000,0.0042,0.2634,0.1064,6.82,0.1705
19.985,0.000,0.000,0.000,0.0042,0.2634,0.1064,6.82,0.1705
20.006,0.000,0.000,0.000,0.0042,0.2634,0.1064,6.82,0.1705
20.027,0.000,0.000,0.000,0.0042,0.2634,0.1064,6.82,0.1705
20.045,0.000,0.000,0.000,0.0042,0.2634,0.1064,6.82,0.1705
20.065,0.000,0.000,0.000,0.0042,0.2634,0.1064,6.82,0.1706
20.086,0.000,0.000,0.000,0.0042,0.2634,0.1064,6.82,0.1706
20.107,0.000,0.000,0.000,0.0042,0.2634,0.1064,6.82,0.1706
20.125,0.000,0.000,0.000,0.0042,0.2634,0.1064,6.82,0.1706
20.146,0.000,0.000,0.000,0.0042,0.2634,0.1064,6.82,0.1706
20.165,0.000,0.000,0.000,0.0042,0.2634,0.1064,6.82,0.1706
20.185,0.000,0.000,0.000,0.0042,0.2634,0.1064,6.82,0.1706
20.205,0.000,0.000,0.000,0.0042,0.2634,0.1064,6.82,0.1706
20.226,0.000,0.000,0.000,0.0042,0.2634,0.1064,6.82,0.1706
20.247,0.000,0.000,0.000,0.0042,0.2634,0.1064,6.82,0.1706
20.267,0.000,0.000,0.000,0.0042,0.2634,0.1064,6.82,0.1706
20.285,0.000,0.000,0.000,0.0042,0.2634,0.1064,6.82,0.1706
20.305,0.000,0.000,0.000,0.0042,0.2634,0.1064,6.82,0.1706
20.326,0.000,0.000,0.000,0.0042,0.2634,0.1064,6.82,0.1706
20.345,0.000,0.000,0.000,0.0042,0.2634,0.1064,6.82,0.1706
20.366,0.000,0.000,0.000,0.0042,0.2634,0.1064,6.82,0.1706
20.385,0.000,0.000,0.000,0.0042,0.2634,0.1064,6.82,0.1706
20.405,0.000,0.000,0.000,0.0042,0.2634,0.1064,6.82,0.1706
20.425,0.000,0.000,0.000,0.0042,0.2634,0.1064,6.82,0.1706
20.446,0.000,0.000,0.000,0.0042,0.2634,0.1064,6.82,0.1706
20.466,0.000,0.000,0.000,0.0042,0.2634,0.1064,6.82,0.1706
20.485,0.000,0.000,0.000,0.0042,0.2634,0.1064,6.82,0.1706
20.505,0.000,0.000,0.000,0.0042,0.2634,0.1064,6.82,0.1706
20.526,0.000,0.000,0.000,0.0042,0.2634,0.1064,6.82,0.1706
20.545,0.000,0.000,0.000,0.0042,0.2634,0.1064,6.82,0.1706
20.565,0.000,0.000,0.000,0.0042,0.2634,0.1064,6.82,0.1706
20.585,0.000,0.000,0.000,0.0042,0.2634,0.1064,6.82,0.1706
20.605,0.000,0.000,0.000,0.0042,0.2634,0.1064,6.82,0.1706
20.626,0.000,0.000,0.000,0.0042,0.2634,0.1064,6.82,0.1706
20.645,0.000,0.000,0.000,0.0042,0.2634,0.1064,6.82,0.1706
20.667,0.000,0.000,0.000,0.0042,0.2634,0.1064,6.82,0.1706
20.687,0.000,0.000,0.000,0.0042,0.2634,0.1064,6.82,0.1706
20.705,0.000,0.000,0.000,0.0042,0.2634,0.1064,6.82,0.1706
20.725,0.000,0.000,0.000,0.0042,0.2634,0.1064,6.82,0.1706
20.747,0.000,0.000,0.000,0.0042,0.2634,0.1064,6.82,0.1706
20.766,0.000,0.000,0.000,0.0042,0.2634,0.1064,6.82,0.1706
20.785,0.000,0.000,0.000,0.0042,0.2634,0.1064,6.82,0.1706
20.805,0.000,0.000,0.000,0.0042,0.2634,0.1064,6.82,0.1706
20.828,0.000,0.000,0.000,0.0042,0.2634,0.1064,6.82,0.1706
20.846,0.000,0.000,0.000,0.0042,0.2634,0.1064,6.82,0.1706
20.867,0.000,0.000,0.000,0.0042,0.2634,0.1064,6.83,0.1706
20.887,0.000,0.000,0.000,0.0042,0.2634,0.1064,6.83,0.1706
20.907,0.000,0.000,0.000,0.0042,0.2634,0.1064,6.83,0.1706
20.925,0.000,0.000,0.000,0.0042,0.2634,0.1064,6.83,0.1706
20.947,0.000,0.000,0.000,0.0042,0.2634,0.1064,6.83,0.1706
20.967,0.000,0.000,0.000,0.0042,0.2634,0.1064,6.83,0.1706
20.987,0.000,0.000,0.000,0.0042,0.2634,0.1064,6.83,0.1706
21.007,0.000,0.000,0.000,0.0042,0.2634,0.1064,6.83,0.1706
21.027,0.000,0.000,0.000,0.0042,0.2634,0.1064,6.83,0.1706
21.045,0.000,0.000,0.000,0.0042,0.2634,0.1064,6.83,0.1706
21.065,0.000,0.000,0.000,0.0042,0.2634,0.1064,6.83,0.1706
21.086,0.000,0.000,0.000,0.0042,0.2634,0.1064,6.83,0.1706
21.107,0.000,0.000,0.000,0.0042,0.2634,0.1064,6.83,0.1706
21.127,0.000,0.000,0.000,0.0042,0.2634,0.1064,6.83,0.1706
21.145,0.000,0.000,0.000,0.0042,0.2634,0.1064,6.83,0.1706
21.166,0.000,0.000,0.000,0.0042,0.2634,0.1063,6.83,0.1706
21.185,0.000,0.000,0.000,0.0043,0.2634,0.1063,6.83,0.1706
21.205,0.000,0.000,0.000,0.0043,0.2634,0.1063,6.83,0.1706
21.225,0.000,0.000,0.000,0.0043,0.2634,0.1063,6.83,0.1707
21.245,0.000,0.000,0.000,0.0043,0.2634,0.1063,6.83,0.1707
21.265,0.000,0.000,0.000,0.0043,0.2634,0.1063,6.83,0.1707
21.285,0.000,0.000,0.000,0.0043,0.2634,0.1063,6.83,0.1707
21.305,0.000,0.000,0.000,0.0043,0.2634,0.1063,6.83,0.1707
21.325,0.000,0.000,0.000,0.0043,0.2634,0.1063,6.83,0.1707
21.345,0.000,0.000,0.000,0.0043,0.2634,0.1063,6.83,0.1707
21.366,0.000,0.000,0.000,0.0043,0.2634,0.1063,6.83,0.1707
21.385,0.000,0.000,0.000,0.0043,0.2634,0.1063,6.83,0.1707
21.406,0.000,0.000,0.000,0.0043,0.2634,0.1063,6.83,0.1707
21.425,0.000,0.000,0.000,0.0043,0.2634,0.1063,6.83,0.1707
21.445,0.000,0.000,0.000,0.0043,0.2634,0.1063,6.83,0.1707
21.465,0.000,0.000,0.000,0.0043,0.2634,0.1063,6.83,0.1707
21.485,0.000,0.000,0.000,0.0043,0.2634,0.1063,6.83,0.1707
21.505,0.000,0.000,0.000,0.0043,0.2634,0.1063,6.83,0.1707
21.525,0.000,0.000,0.000,0.0043,0.2634,0.1063,6.83,0.1707
21.545,0.000,0.000,0.000,0.0043,0.2634,0.1063,6.83,0.1707
21.565,0.000,0.000,0.000,0.0043,0.2634,0.1063,6.83,0.1707
21.585,0.000,0.000,0.000,0.0043,0.2634,0.1063,6.83,0.1707
21.605,0.000,0.000,0.000,0.0043,0.2634,0.1063,6.83,0.1707
21.625,0.000,0.000,0.000,0.0043,0.2634,0.1063,6.83,0.1707
21.645,0.000,0.000,0.000,0.0043,0.2634,0.1063,6.83,0.1707
21.665,0.000,0.000,0.000,0.0043,0.2634,0.1063,6.83,0.1707
21.685,0.000,0.000,0.000,0.0043,0.2634,0.1063,6.83,0.1707
21.705,0.000,0.000,0.000,0.0043,0.2634,0.1063,6.83,0.1707
21.727,0.000,0.000,0.000,0.0043,0.2634,0.1063,6.83,0.1707
21.745,0.000,0.000,0.000,0.0043,0.2634,0.1063,6.83,0.1707
21.766,0.000,0.000,0.000,0.0043,0.2634,0.1063,6.83,0.1707
21.786,0.000,0.000,0.000,0.0043,0.2634,0.1063,6.83,0.1707
21.805,0.000,0.000,0.000,0.0043,0.2634,0.1063,6.83,0.1707
21.827,0.000,0.000,0.000,0.0043,0.2634,0.1063,6.83,0.1707
21.845,0.000,0.000,0.000,0.0043,0.2634,0.1063,6.83,0.1707
21.866,0.000,0.000,0.000,0.0043,0.2634,0.1063,6.83,0.1707
21.886,0.000,0.000,0.000,0.0043,0.2634,0.1063,6.83,0.1707
21.906,0.000,0.000,0.000,0.0043,0.2634,0.1063,6.83,0.1707
21.927,0.000,0.000,0.000,0.0043,0.2634,0.1063,6.83,0.1707
21.948,0.000,0.000,0.000,0.0043,0.2634,0.1063,6.83,0.1707
21.967,0.000,0.000,0.000,0.0043,0.2634,0.1063,6.83,0.1707
21.986,0.000,0.000,0.000,0.0043,0.2634,0.1063,6.83,0.1707
22.006,0.000,0.000,0.000,0.0043,0.2634,0.1063,6.83,0.1707
22.026,0.000,0.000,0.000,0.0043,0.2634,0.1063,6.83,0.1707
22.046,0.000,0.000,0.000,0.0043,0.2634,0.1063,6.83,0.1707
22.066,0.000,0.000,0.000,0.0043,0.2634,0.1063,6.83,0.1707
22.086,0.000,0.000,0.000,0.0043,0.2634,0.1063,6.83,0.1707
22.106,0.000,0.000,0.000,0.0043,0.2634,0.1063,6.83,0.1707
22.125,0.000,0.000,0.000,0.0043,0.2634,0.1063,6.83,0.1707
22.146,0.000,0.000,0.000,0.0043,0.2634,0.1063,6.83,0.1707
22.169,0.000,0.000,0.000,0.0043,0.2634,0.1063,6.83,0.1707
22.185,0.000,0.000,0.000,0.0043,0.2634,0.1063,6.83,0.1707
22.207,0.000,0.000,0.000,0.0043,0.2634,0.1063,6.83,0.1707
22.226,0.000,0.000,0.000,0.0043,0.2634,0.1063,6.83,0.1707
22.246,0.000,0.000,0.000,0.0043,0.2634,0.1063,6.83,0.1707
22.265,0.000,0.000,0.000,0.0043,0.2634,0.1063,6.83,0.1707
22.286,0.000,0.000,0.000,0.0043,0.2634,0.1063,6.83,0.1707
22.306,0.000,0.000,0.000,0.0043,0.2634,0.1063,6.83,0.1707
22.326,0.000,0.000,0.000,0.0043,0.2634,0.1063,6.83,0.1707
22.347,0.000,0.000,0.000,0.0043,0.2634,0.1063,6.83,0.1707
22.367,0.000,0.000,0.000,0.0043,0.2634,0.1063,6.83,0.1707
22.387,0.000,0.000,0.000,0.0043,0.2634,0.1063,6.83,0.1707
22.407,0.000,0.000,0.000,0.0043,0.2634,0.1063,6.83,0.1707
22.426,0.000,0.000,0.000,0.0043,0.2634,0.1063,6.83,0.1708
22.447,0.000,0.000,0.000,0.0043,0.2634,0.1063,6.83,0.1708
22.467,0.000,0.000,0.000,0.0043,0.2634,0.1063,6.83,0.1708
22.486,0.000,0.000,0.000,0.0043,0.2634,0.1063,6.83,0.1708
22.505,0.000,0.000,0.000,0.0043,0.2634,0.1063,6.83,0.1708
22.527,0.000,0.000,0.000,0.0043,0.2634,0.1063,6.83,0.1708
22.547,0.000,0.000,0.000,0.0043,0.2634,0.1063,6.83,0.1708
22.565,0.000,0.000,0.000,0.0043,0.2634,0.1063,6.83,0.1708
22.585,0.000,0.000,0.000,0.0043,0.2634,0.1063,6.83,0.1708
22.605,0.000,0.000,0.000,0.0043,0.2634,0.1063,6.83,0.1708
22.627,0.000,0.000,0.000,0.0043,0.2634,0.1063,6.83,0.1708
22.646,0.000,0.000,0.000,0.0043,0.2634,0.1063,6.83,0.1708
22.666,0.000,0.000,0.000,0.0043,0.2634,0.1063,6.83,0.1708
22.685,0.000,0.000,0.000,0.0043,0.2634,0.1062,6.83,0.1708
22.705,0.000,0.000,0.000,0.0043,0.2634,0.1062,6.83,0.1708
22.727,0.000,0.000,0.000,0.0043,0.2634,0.1062,6.83,0.1708
22.747,0.000,0.000,0.000,0.0043,0.2634,0.1062,6.83,0.1708
22.766,0.000,0.000,0.000,0.0043,0.2634,0.1062,6.83,0.1708
22.788,0.000,0.000,0.000,0.0043,0.2634,0.1062,6.83,0.1708
22.806,0.000,0.000,0.000,0.0043,0.2634,0.1062,6.83,0.1708
22.825,0.000,0.000,0.000,0.0043,0.2634,0.1062,6.83,0.1708
22.845,0.000,0.000,0.000,0.0043,0.2634,0.1062,6.83,0.1708
22.866,0.000,0.000,0.000,0.0043,0.2633,0.1062,6.83,0.1708
22.887,0.000,0.000,0.000,0.0043,0.2633,0.1062,6.83,0.1708
22.906,0.000,0.000,0.000,0.0043,0.2633,0.1062,6.83,0.1708
22.927,0.000,0.000,0.000,0.0043,0.2633,0.1062,6.83,0.1708
22.946,0.000,0.000,0.000,0.0043,0.2633,0.1062,6.83,0.1708
22.965,0.000,0.000,0.000,0.0043,0.2633,0.1062,6.83,0.1708
22.987,0.000,0.000,0.000,0.0043,0.2633,0.1062,6.83,0.1708
23.006,0.000,0.000,0.000,0.0043,0.2633,0.1062,6.83,0.1708
23.026,0.000,0.000,0.000,0.0043,0.2633,0.1062,6.83,0.1708
23.046,0.000,0.000,0.000,0.0043,0.2633,0.1062,6.83,0.1708
23.066,0.000,0.000,0.000,0.0043,0.2633,0.1062,6.83,0.1708
23.086,0.000,0.000,0.000,0.0043,0.2633,0.1062,6.83,0.1708
23.107,0.000,0.000,0.000,0.0043,0.2633,0.1062,6.83,0.1708
23.125,0.000,0.000,0.000,0.0043,0.2633,0.1062,6.83,0.1708
23.147,0.000,0.000,0.000,0.0043,0.2633,0.1062,6.83,0.1708
23.165,0.000,0.000,0.000,0.0043,0.2633,0.1062,6.83,0.1708
23.186,0.000,0.000,0.000,0.0043,0.2633,0.1062,6.83,0.1708
23.206,0.000,0.000,0.000,0.0043,0.2633,0.1062,6.83,0.1708
23.225,0.000,0.000,0.000,0.0043,0.2633,0.1062,6.83,0.1708
23.246,0.000,0.000,0.000,0.0043,0.2633,0.1062,6.83,0.1708
23.267,0.000,0.000,0.000,0.0043,0.2633,0.1062,6.83,0.1708
23.289,0.000,0.000,0.000,0.0043,0.2633,0.1062,6.83,0.1708
23.306,0.000,0.000,0.000,0.0043,0.2633,0.1062,6.83,0.1708
23.326,0.000,0.000,0.000,0.0043,0.2633,0.1062,6.83,0.1708
23.346,0.000,0.000,0.000,0.0043,0.2633,0.1062,6.83,0.1708
23.366,0.000,0.000,0.000,0.0043,0.2633,0.1062,6.83,0.1708
23.387,0.000,0.000,0.000,0.0043,0.2633,0.1062,6.83,0.1708
23.407,0.000,0.000,0.000,0.0043,0.2633,0.1062,6.83,0.1708
23.425,0.000,0.000,0.000,0.0043,0.2633,0.1062,6.83,0.1708
23.447,0.000,0.000,0.000,0.0043,0.2633,0.1062,6.83,0.1708
23.467,0.000,0.000,0.000,0.0044,0.2633,0.1062,6.83,0.1708
23.487,0.000,0.000,0.000,0.0044,0.2633,0.1062,6.83,0.1708
23.505,0.000,0.000,0.000,0.0044,0.2633,0.1062,6.83,0.1708
23.526,0.000,0.000,0.000,0.0044,0.2633,0.1062,6.83,0.1708
23.546,0.000,0.000,0.000,0.0044,0.2633,0.1062,6.83,0.1708
23.567,0.000,0.000,0.000,0.0044,0.2633,0.1062,6.83,0.1708
23.585,0.000,0.000,0.000,0.0044,0.2633,0.1062,6.83,0.1708
23.605,0.000,0.000,0.000,0.0044,0.2633,0.1062,6.83,0.1708
23.626,0.000,0.000,0.000,0.0044,0.2633,0.1062,6.83,0.1708
23.646,0.000,0.000,0.000,0.0044,0.2633,0.1062,6.83,0.1709
23.666,0.000,0.000,0.000,0.0044,0.2633,0.1062,6.83,0.1709
23.687,0.000,0.000,0.000,0.0044,0.2633,0.1062,6.83,0.1709
23.706,0.000,0.000,0.000,0.0044,0.2633,0.1062,6.83,0.1709
23.727,0.000,0.000,0.000,0.0044,0.2633,0.1062,6.83,0.1709
23.746,0.000,0.000,0.000,0.0044,0.2633,0.1062,6.83,0.1709
23.767,0.000,0.000,0.000,0.0044,0.2633,0.1062,6.83,0.1709
23.787,0.000,0.000,0.000,0.0044,0.2633,0.1062,6.83,0.1709
23.807,0.000,0.000,0.000,0.0044,0.2633,0.1062,6.83,0.1709
23.826,0.000,0.000,0.000,0.0044,0.2633,0.1062,6.83,0.1709
23.846,0.000,0.000,0.000,0.0044,0.2633,0.1062,6.83,0.1709
23.866,0.000,0.000,0.000,0.0044,0.2633,0.1062,6.83,0.1709
23.887,0.000,0.000,0.000,0.0044,0.2633,0.1062,6.83,0.1709
23.906,0.000,0.000,0.000,0.0044,0.2633,0.1062,6.83,0.1709
23.927,0.000,0.000,0.000,0.0044,0.2633,0.1062,6.84,0.1709
23.946,0.000,0.000,0.000,0.0044,0.2633,0.1062,6.84,0.1709
23.966,0.000,0.000,0.000,0.0044,0.2633,0.1062,6.84,0.1709
23.986,0.000,0.000,0.000,0.0044,0.2633,0.1062,6.84,0.1709
24.006,0.000,0.000,0.000,0.0044,0.2633,0.1062,6.84,0.1709
24.026,0.000,0.000,0.000,0.0044,0.2633,0.1062,6.84,0.1709
24.045,0.000,0.000,0.000,0.0044,0.2633,0.1062,6.84,0.1709
24.067,0.000,0.000,0.000,0.0044,0.2633,0.1062,6.84,0.1709
24.087,0.000,0.000,0.000,0.0044,0.2633,0.1062,6.84,0.1709
24.106,0.000,0.000,0.000,0.0044,0.2633,0.1062,6.84,0.1709
24.125,0.000,0.000,0.000,0.0044,0.2633,0.1062,6.84,0.1709
24.145,0.000,0.000,0.000,0.0044,0.2633,0.1062,6.84,0.1709
24.167,0.000,0.000,0.000,0.0044,0.2633,0.1061,6.84,0.1709
24.187,0.000,0.000,0.000,0.0044,0.2633,0.1061,6.84,0.1709
24.205,0.000,0.000,0.000,0.0044,0.2633,0.1061,6.84,0.1709
24.225,0.000,0.000,0.000,0.0044,0.2633,0.1061,6.84,0.1709
24.246,0.000,0.000,0.000,0.0044,0.2633,0.1061,6.84,0.1709
24.267,0.000,0.000,0.000,0.0044,0.2633,0.1061,6.84,0.1709
24.286,0.000,0.000,0.000,0.0044,0.2633,0.1061,6.84,0.1709
24.305,0.000,0.000,0.000,0.0044,0.2633,0.1061,6.84,0.1709
24.327,0.000,0.000,0.000,0.0044,0.2633,0.1061,6.84,0.1709
24.347,0.000,0.000,0.000,0.0044,0.2633,0.1061,6.84,0.1709
24.365,0.000,0.000,0.000,0.0044,0.2633,0.1061,6.84,0.1709
24.385,0.000,0.000,0.000,0.0044,0.2633,0.1061,6.84,0.1709
24.405,0.000,0.000,0.000,0.0044,0.2633,0.1061,6.84,0.1709
24.426,0.000,0.000,0.000,0.0044,0.2633,0.1061,6.84,0.1709
24.445,0.000,0.000,0.000,0.0044,0.2633,0.1061,6.84,0.1709
24.465,0.000,0.000,0.000,0.0044,0.2633,0.1061,6.84,0.1709
24.485,0.000,0.000,0.000,0.0044,0.2633,0.1061,6.84,0.1709
24.507,0.000,0.000,0.000,0.0044,0.2633,0.1061,6.84,0.1709
24.526,0.000,0.000,0.000,0.0044,0.2633,0.1061,6.84,0.1709
24.547,0.000,0.000,0.000,0.0044,0.2633,0.1061,6.84,0.1709
24.566,0.000,0.000,0.000,0.0044,0.2633,0.1061,6.84,0.1709
24.587,0.000,0.000,0.000,0.0044,0.2633,0.1061,6.84,0.1709
24.605,0.000,0.000,0.000,0.0044,0.2633,0.1061,6.84,0.1709
24.627,0.000,0.000,0.000,0.0044,0.2633,0.1061,6.84,0.1709
24.645,0.000,0.000,0.000,0.0044,0.2633,0.1061,6.84,0.1709
24.667,0.000,0.000,0.000,0.0044,0.2633,0.1061,6.84,0.1709
24.687,0.000,0.000,0.000,0.0044,0.2633,0.1061,6.84,0.1709
24.707,0.000,0.000,0.000,0.0044,0.2633,0.1061,6.84,0.1709
24.728,0.000,0.000,0.000,0.0044,0.2633,0.1061,6.84,0.1709
24.745,0.000,0.000,0.000,0.0044,0.2633,0.1061,6.84,0.1709
24.766,0.000,0.000,0.000,0.0044,0.2633,0.1061,6.84,0.1709
24.787,0.000,0.000,0.000,0.0044,0.2633,0.1061,6.84,0.1709
24.807,0.000,0.000,0.000,0.0044,0.2633,0.1061,6.84,0.1709
24.827,0.000,0.000,0.000,0.0044,0.2633,0.1061,6.84,0.1709
24.846,0.000,0.000,0.000,0.0044,0.2633,0.1061,6.84,0.1709
24.866,0.000,0.000,0.000,0.0044,0.2633,0.1061,6.84,0.1709
24.887,0.000,0.000,0.000,0.0044,0.2633,0.1061,6.84,0.1709
24.905,0.000,0.000,0.000,0.0044,0.2633,0.1061,6.84,0.1709
24.927,0.000,0.000,0.000,0.0044,0.2633,0.1061,6.84,0.1709
24.946,0.000,0.000,0.000,0.0044,0.2633,0.1061,6.84,0.1709
24.967,0.000,0.000,0.000,0.0044,0.2633,0.1061,6.84,0.1709
24.987,0.000,0.000,0.000,0.0044,0.2633,0.1061,6.84,0.1710
25.005,0.000,0.000,0.000,0.0044,0.2633,0.1061,6.84,0.1710
25.026,0.000,0.000,0.000,0.0044,0.2633,0.1061,6.84,0.1710
25.046,0.000,0.000,0.000,0.0044,0.2633,0.1061,6.84,0.1710
25.065,0.000,0.000,0.000,0.0044,0.2633,0.1061,6.84,0.1710
25.087,0.000,0.000,0.000,0.0044,0.2633,0.1061,6.84,0.1710
25.105,0.000,0.000,0.000,0.0044,0.2633,0.1061,6.84,0.1710
25.126,0.000,0.000,0.000,0.0044,0.2633,0.1061,6.84,0.1710
25.147,0.000,0.000,0.000,0.0044,0.2633,0.1061,6.84,0.1710
25.166,0.000,0.000,0.000,0.0044,0.2633,0.1061,6.84,0.1710
25.187,0.000,0.000,0.000,0.0044,0.2633,0.1061,6.84,0.1710
25.205,0.000,0.000,0.000,0.0044,0.2633,0.1061,6.84,0.1710
25.227,0.000,0.000,0.000,0.0044,0.2633,0.1061,6.84,0.1710
25.246,0.000,0.000,0.000,0.0044,0.2633,0.1061,6.84,0.1710
25.266,0.000,0.000,0.000,0.0044,0.2633,0.1061,6.84,0.1710
25.286,0.000,0.000,0.000,0.0044,0.2633,0.1061,6.84,0.1710
25.305,0.000,0.000,0.000,0.0044,0.2633,0.1061,6.84,0.1710
25.327,0.000,0.000,0.000,0.0044,0.2633,0.1061,6.84,0.1710
25.347,0.000,0.000,0.000,0.0044,0.2633,0.1061,6.84,0.1710
25.366,0.000,0.000,0.000,0.0044,0.2633,0.1061,6.84,0.1710
25.386,0.000,0.000,0.000,0.0044,0.2633,0.1061,6.84,0.1710
25.405,0.000,0.000,0.000,0.0044,0.2633,0.1061,6.84,0.1710
25.427,0.000,0.000,0.000,0.0044,0.2633,0.1061,6.84,0.1710
25.447,0.000,0.000,0.000,0.0044,0.2633,0.1061,6.84,0.1710
25.466,0.000,0.000,0.000,0.0044,0.2633,0.1061,6.84,0.1710
25.486,0.000,0.000,0.000,0.0044,0.2633,0.1061,6.84,0.1710
25.506,0.000,0.000,0.000,0.0044,0.2633,0.1061,6.84,0.1710
25.525,0.000,0.000,0.000,0.0044,0.2633,0.1061,6.84,0.1710
25.545,0.000,0.000,0.000,0.0044,0.2633,0.1061,6.84,0.1710
25.566,0.000,0.000,0.000,0.0044,0.2633,0.1061,6.84,0.1710
25.586,0.000,0.000,0.000,0.0044,0.2633,0.1061,6.84,0.1710
25.606,0.000,0.000,0.000,0.0044,0.2633,0.1061,6.84,0.1710
25.625,0.000,0.000,0.000,0.0044,0.2633,0.1061,6.84,0.1710
25.646,0.000,0.000,0.000,0.0044,0.2633,0.1061,6.84,0.1710
25.666,0.100,0.000,0.000,0.0044,0.2633,0.1061,6.84,0.3318
25.686,0.100,0.000,0.000,0.0045,0.2633,0.1059,13.27,0.3463
25.706,0.100,0.000,0.000,0.0049,0.2633,0.1048,13.39,0.3475
25.726,0.100,0.000,0.000,0.0052,0.2626,0.1028,13.37,0.3418
25.747,0.100,0.000,0.000,0.0051,0.2624,0.0998,13.47,0.3241
25.766,0.100,0.000,0.000,0.0040,0.2640,0.0959,12.89,0.2658
25.786,0.100,0.000,0.000,0.0037,0.2648,0.0947,10.55,0.2148
25.806,0.100,0.000,0.000,0.0033,0.2653,0.0943,8.24,0.2849
25.827,0.100,0.000,0.000,0.0022,0.2652,0.0948,11.06,0.3391
25.845,0.100,0.000,0.000,0.0012,0.2645,0.0959,13.40,0.3571
25.866,0.100,0.000,0.000,0.0003,0.2627,0.0979,14.10,0.3503
25.886,0.100,0.000,0.000,0.0000,0.2604,0.0991,13.77,0.3528
25.907,0.100,0.000,0.000,0.0005,0.2593,0.0993,13.91,0.3510
25.925,0.100,0.000,0.000,0.0008,0.2587,0.0993,13.90,0.3529
25.946,0.100,0.000,0.000,0.0020,0.2582,0.0993,13.87,0.3570
25.966,0.100,0.000,0.000,0.0031,0.2580,0.0992,14.09,0.3624
25.985,0.100,0.000,0.000,0.0053,0.2577,0.0992,14.29,0.3634
26.007,0.100,0.000,0.000,0.0074,0.2575,0.0985,14.30,0.3619
26.026,0.100,0.000,0.000,0.0074,0.2578,0.0972,14.21,0.3412
26.045,0.100,0.000,0.000,0.0074,0.2592,0.0964,13.44,0.3053
26.066,0.100,0.000,0.000,0.0084,0.2648,0.0964,12.28,0.2514
26.087,0.100,0.000,0.000,0.0095,0.2668,0.0972,10.34,0.2843
26.107,0.100,0.000,0.000,0.0106,0.2694,0.0975,10.47,0.3484
26.127,0.100,0.000,0.000,0.0096,0.2691,0.0977,13.72,0.3706
26.146,0.100,0.000,0.000,0.0087,0.2683,0.0986,14.55,0.3669
26.166,0.100,0.000,0.000,0.0073,0.2654,0.1015,14.32,0.3619
26.186,0.100,0.000,0.000,0.0063,0.2621,0.1047,13.97,0.3544
26.207,0.100,0.000,0.000,0.0061,0.2603,0.1067,13.78,0.3492
26.227,0.100,0.000,0.000,0.0063,0.2587,0.1076,13.66,0.3404
26.245,0.100,0.000,0.000,0.0063,0.2585,0.1076,13.65,0.3321
26.266,0.100,0.000,0.000,0.0049,0.2577,0.1073,13.07,0.3325
26.286,0.100,0.000,0.000,0.0041,0.2577,0.1070,13.10,0.3361
26.306,0.100,0.000,0.000,0.0016,0.2581,0.1055,13.38,0.3291
26.326,0.100,0.000,0.000,0.0021,0.2590,0.1045,13.13,0.3119
26.347,0.100,0.000,0.000,0.0034,0.2624,0.1022,12.54,0.2920
26.366,0.100,0.000,0.000,0.0047,0.2647,0.1010,11.87,0.2362
26.386,0.100,0.000,0.000,0.0080,0.2694,0.0990,9.88,0.2080
26.406,0.100,0.000,0.000,0.0085,0.2705,0.0982,7.55,0.3022
26.425,0.100,0.000,0.000,0.0077,0.2702,0.0984,12.47,0.3490
26.446,0.100,0.000,0.000,0.0066,0.2689,0.1005,14.04,0.3585
26.466,0.100,0.000,0.000,0.0064,0.2660,0.1024,14.28,0.3436
26.486,0.100,0.000,0.000,0.0068,0.2642,0.1023,13.41,0.3392
26.506,0.100,0.000,0.000,0.0074,0.2628,0.1020,13.20,0.3389
26.527,0.100,0.000,0.000,0.0085,0.2616,0.1014,13.22,0.3410
26.546,0.100,0.000,0.000,0.0092,0.2608,0.1008,13.36,0.3410
26.566,0.100,0.000,0.000,0.0094,0.2606,0.1006,13.40,0.3409
26.586,0.100,0.000,0.000,0.0096,0.2603,0.1004,13.38,0.3374
26.606,0.100,0.000,0.000,0.0100,0.2601,0.0997,13.22,0.3304
26.627,0.100,0.000,0.000,0.0099,0.2604,0.0987,13.00,0.3116
26.647,0.100,0.000,0.000,0.0098,0.2635,0.0968,12.37,0.2852
26.666,0.100,0.000,0.000,0.0100,0.2654,0.0965,11.43,0.2387
26.687,0.100,0.000,0.000,0.0109,0.2704,0.0969,9.64,0.2692
26.707,0.100,0.000,0.000,0.0118,0.2728,0.0979,6.31,0.2931
26.725,0.100,0.000,0.000,0.0118,0.2725,0.0981,10.09,0.3339
26.747,0.100,0.000,0.000,0.0106,0.2716,0.0988,14.08,0.3411
26.766,0.100,0.000,0.000,0.0086,0.2666,0.1031,13.72,0.3410
26.786,0.100,0.000,0.000,0.0083,0.2643,0.1055,13.44,0.3340
26.805,0.100,0.000,0.000,0.0085,0.2618,0.1075,13.21,0.3330
26.826,0.100,0.000,0.000,0.0087,0.2607,0.1080,13.20,0.3253
26.846,0.100,0.000,0.000,0.0081,0.2597,0.1080,12.92,0.3182
26.867,0.100,0.000,0.000,0.0061,0.2593,0.1076,12.70,0.3218
26.887,0.100,0.000,0.000,0.0031,0.2593,0.1067,12.88,0.3254
26.906,0.100,0.000,0.000,0.0023,0.2595,0.1059,13.02,0.3206
26.925,0.100,0.000,0.000,0.0024,0.2605,0.1049,12.85,0.3045
26.946,0.100,0.000,0.000,0.0031,0.2621,0.1037,12.27,0.2708
26.966,0.100,0.000,0.000,0.0052,0.2660,0.1015,11.03,0.2460
26.986,0.100,0.000,0.000,0.0076,0.2698,0.0999,9.85,0.2231
27.006,0.100,0.000,0.000,0.0098,0.2719,0.0994,6.28,0.2946
27.027,0.100,0.000,0.000,0.0099,0.2717,0.0994,12.35,0.3533
27.047,0.100,0.000,0.000,0.0089,0.2706,0.1006,12.38,0.3582
27.066,0.100,0.000,0.000,0.0078,0.2684,0.1024,14.54,0.3375
27.087,0.100,0.000,0.000,0.0074,0.2650,0.1030,13.40,0.3324
27.105,0.100,0.000,0.000,0.0078,0.2640,0.1028,13.39,0.3340
27.125,0.100,0.000,0.000,0.0089,0.2630,0.1028,13.28,0.3359
27.146,0.100,0.000,0.000,0.0115,0.2616,0.1025,13.25,0.3411
27.167,0.100,0.000,0.000,0.0128,0.2610,0.1023,13.46,0.3403
27.185,0.100,0.000,0.000,0.0134,0.2605,0.1019,13.40,0.3374
27.207,0.100,0.000,0.000,0.0136,0.2602,0.1008,13.29,0.3296
27.228,0.100,0.000,0.000,0.0135,0.2602,0.1002,13.06,0.3120
27.247,0.100,0.000,0.000,0.0135,0.2619,0.0987,12.40,0.2817
27.267,0.100,0.000,0.000,0.0136,0.2658,0.0974,11.31,0.2334
27.286,0.100,0.000,0.000,0.0138,0.2685,0.0975,9.58,0.2922
27.307,0.100,0.000,0.000,0.0142,0.2723,0.0985,6.53,0.2957
27.327,0.100,0.000,0.000,0.0142,0.2718,0.0992,11.93,0.3271
27.346,0.100,0.000,0.000,0.0135,0.2708,0.1001,13.37,0.3352
27.366,0.100,0.000,0.000,0.0130,0.2666,0.1039,13.38,0.3360
27.386,0.100,0.000,0.000,0.0132,0.2643,0.1058,13.31,0.3320
27.405,0.100,0.000,0.000,0.0134,0.2624,0.1071,13.18,0.3281
27.428,0.100,0.000,0.000,0.0134,0.2613,0.1077,13.04,0.3212
27.447,0.100,0.000,0.000,0.0125,0.2600,0.1078,12.82,0.3150
27.467,0.100,0.000,0.000,0.0104,0.2595,0.1074,12.60,0.3162
27.486,0.100,0.000,0.000,0.0079,0.2594,0.1067,12.67,0.3203
27.507,0.100,0.000,0.000,0.0066,0.2596,0.1058,12.83,0.3157
27.527,0.100,0.000,0.000,0.0067,0.2602,0.1051,12.84,0.2970
27.546,0.100,0.000,0.000,0.0071,0.2613,0.1039,11.95,0.2744
27.567,0.100,0.000,0.000,0.0083,0.2658,0.1010,10.92,0.2468
27.586,0.100,0.000,0.000,0.0103,0.2694,0.0996,9.86,0.2198
27.607,0.100,0.000,0.000,0.0119,0.2713,0.0992,6.42,0.2913
27.627,0.100,0.000,0.000,0.0121,0.2711,0.0994,12.50,0.3538
27.645,0.100,0.000,0.000,0.0101,0.2701,0.1013,12.49,0.3636
27.665,0.100,0.000,0.000,0.0095,0.2693,0.1022,14.73,0.3465
27.686,0.100,0.000,0.000,0.0084,0.2649,0.1039,13.73,0.3320
27.706,0.100,0.000,0.000,0.0099,0.2637,0.1031,13.09,0.3358
27.726,0.100,0.000,0.000,0.0117,0.2628,0.1028,13.07,0.3407
27.746,0.100,0.000,0.000,0.0143,0.2617,0.1018,13.40,0.3415
27.766,0.100,0.000,0.000,0.0142,0.2607,0.1013,13.39,0.3365
27.786,0.100,0.000,0.000,0.0141,0.2606,0.1012,13.37,0.3342
27.806,0.100,0.000,0.000,0.0139,0.2602,0.1011,13.11,0.3264
27.827,0.100,0.000,0.000,0.0135,0.2606,0.1000,12.89,0.3097
27.846,0.100,0.000,0.000,0.0135,0.2610,0.0996,12.91,0.2754
27.866,0.100,0.000,0.000,0.0138,0.2649,0.0983,10.99,0.2474
27.886,0.100,0.000,0.000,0.0140,0.2693,0.0980,9.43,0.2831
27.906,0.100,0.000,0.000,0.0142,0.2718,0.0993,6.31,0.3099
27.926,0.100,0.000,0.000,0.0137,0.2718,0.1003,12.53,0.3362
27.945,0.100,0.000,0.000,0.0116,0.2704,0.1015,14.16,0.3441
27.968,0.100,0.000,0.000,0.0106,0.2676,0.1043,13.93,0.3412
27.986,0.100,0.000,0.000,0.0109,0.2645,0.1072,13.58,0.3345
28.006,0.100,0.000,0.000,0.0115,0.2617,0.1093,13.29,0.3299
28.026,0.100,0.000,0.000,0.0116,0.2603,0.1100,13.15,0.3225
28.047,0.100,0.000,0.000,0.0112,0.2593,0.1101,12.87,0.3134
28.067,0.100,0.000,0.000,0.0097,0.2589,0.1097,12.52,0.3132
28.085,0.100,0.000,0.000,0.0070,0.2587,0.1088,12.55,0.3205
28.107,0.100,0.000,0.000,0.0051,0.2588,0.1078,12.84,0.3207
28.126,0.100,0.000,0.000,0.0047,0.2596,0.1065,12.82,0.3028
28.147,0.100,0.000,0.000,0.0051,0.2621,0.1043,12.15,0.2783
28.166,0.100,0.000,0.000,0.0053,0.2631,0.1036,12.20,0.2464
28.186,0.100,0.000,0.000,0.0069,0.2693,0.1005,9.79,0.2129
28.207,0.100,0.000,0.000,0.0073,0.2712,0.0996,7.88,0.2898
28.225,0.100,0.000,0.000,0.0069,0.2710,0.0996,11.78,0.3470
28.246,0.100,0.000,0.000,0.0060,0.2696,0.1014,11.79,0.3540
28.266,0.100,0.000,0.000,0.0064,0.2667,0.1030,14.19,0.3349
28.286,0.100,0.000,0.000,0.0070,0.2646,0.1030,13.32,0.3315
28.307,0.100,0.000,0.000,0.0074,0.2635,0.1025,13.09,0.3347
28.325,0.100,0.000,0.000,0.0081,0.2624,0.1024,13.10,0.3334
28.347,0.100,0.000,0.000,0.0091,0.2615,0.1020,13.16,0.3372
28.367,0.100,0.000,0.000,0.0105,0.2608,0.1020,13.27,0.3385
28.386,0.100,0.000,0.000,0.0112,0.2605,0.1018,13.35,0.3378
28.406,0.100,0.000,0.000,0.0120,0.2602,0.1009,13.31,0.3327
28.427,0.100,0.000,0.000,0.0120,0.2604,0.0996,13.15,0.3145
28.446,0.100,0.000,0.000,0.0119,0.2616,0.0980,12.50,0.2814
28.466,0.100,0.000,0.000,0.0119,0.2657,0.0966,11.27,0.2351
28.487,0.100,0.000,0.000,0.0123,0.2703,0.0970,9.32,0.2726
28.505,0.100,0.000,0.000,0.0129,0.2725,0.0983,6.50,0.2906
28.526,0.100,0.000,0.000,0.0129,0.2719,0.0989,11.89,0.3329
28.547,0.100,0.000,0.000,0.0121,0.2708,0.0998,12.37,0.3397
28.567,0.100,0.000,0.000,0.0106,0.2665,0.1040,13.72,0.3374
28.585,0.100,0.000,0.000,0.0106,0.2654,0.1050,13.56,0.3323
28.607,0.100,0.000,0.000,0.0111,0.2625,0.1075,13.12,0.3279
28.625,0.100,0.000,0.000,0.0112,0.2612,0.1082,13.06,0.3228
28.645,0.100,0.000,0.000,0.0110,0.2605,0.1083,13.06,0.3152
28.665,0.100,0.000,0.000,0.0101,0.2598,0.1082,12.59,0.3114
28.686,0.100,0.000,0.000,0.0063,0.2595,0.1073,12.48,0.3171
28.705,0.100,0.000,0.000,0.0051,0.2595,0.1067,12.49,0.3172
28.726,0.100,0.000,0.000,0.0041,0.2599,0.1058,12.72,0.3037
28.747,0.100,0.000,0.000,0.0045,0.2618,0.1041,12.20,0.2743
28.766,0.100,0.000,0.000,0.0051,0.2645,0.1024,12.32,0.2427
28.786,0.100,0.000,0.000,0.0067,0.2675,0.1010,9.71,0.2444
28.806,0.100,0.000,0.000,0.0091,0.2721,0.0995,5.38,0.2960
28.827,0.100,0.000,0.000,0.0093,0.2716,0.0996,12.64,0.3384
28.847,0.100,0.000,0.000,0.0080,0.2699,0.1009,14.35,0.3501
28.865,0.100,0.000,0.000,0.0071,0.2668,0.1025,14.22,0.3310
28.887,0.100,0.000,0.000,0.0075,0.2647,0.1021,13.05,0.3286
28.906,0.100,0.000,0.000,0.0087,0.2629,0.1020,12.94,0.3272
28.927,0.100,0.000,0.000,0.0102,0.2623,0.1018,12.89,0.3316
28.945,0.100,0.000,0.000,0.0109,0.2619,0.1017,12.82,0.3334
28.965,0.100,0.000,0.000,0.0115,0.2612,0.1016,13.04,0.3302
28.987,0.100,0.000,0.000,0.0114,0.2608,0.1015,12.92,0.3250
29.006,0.100,0.000,0.000,0.0113,0.2606,0.1011,12.73,0.3163
29.027,0.100,0.000,0.000,0.0112,0.2607,0.1006,12.74,0.2991
29.047,0.100,0.000,0.000,0.0115,0.2627,0.0985,11.90,0.2686
29.068,0.100,0.000,0.000,0.0116,0.2638,0.0980,11.93,0.2681
29.087,0.100,0.000,0.000,0.0120,0.2692,0.0976,9.02,0.2913
29.107,0.100,0.000,0.000,0.0128,0.2730,0.0989,6.24,0.2911
29.127,0.100,0.000,0.000,0.0129,0.2729,0.0990,8.60,0.3275
29.148,0.100,0.000,0.000,0.0117,0.2705,0.1009,13.71,0.3383
29.167,0.100,0.000,0.000,0.0114,0.2676,0.1037,13.40,0.3351
29.186,0.100,0.000,0.000,0.0117,0.2657,0.1059,13.37,0.3303
29.205,0.100,0.000,0.000,0.0121,0.2626,0.1082,13.18,0.3281
29.226,0.100,0.000,0.000,0.0123,0.2616,0.1087,13.11,0.3212
29.246,0.100,0.000,0.000,0.0122,0.2611,0.1088,13.11,0.3137
29.266,0.100,0.000,0.000,0.0112,0.2599,0.1087,12.56,0.3110
29.287,0.100,0.000,0.000,0.0079,0.2595,0.1074,12.51,0.3181
29.307,0.100,0.000,0.000,0.0059,0.2595,0.1063,12.80,0.3186
29.325,0.100,0.000,0.000,0.0053,0.2603,0.1050,12.79,0.3024
29.346,0.100,0.000,0.000,0.0056,0.2620,0.1036,12.81,0.2734
29.365,0.100,0.000,0.000,0.0064,0.2646,0.1020,10.96,0.2431
29.386,0.100,0.000,0.000,0.0086,0.2707,0.0997,9.74,0.2089
29.406,0.100,0.000,0.000,0.0098,0.2721,0.0991,8.56,0.2696
29.427,0.100,0.000,0.000,0.0095,0.2716,0.0994,11.47,0.3422
29.447,0.100,0.000,0.000,0.0091,0.2703,0.1006,14.19,0.3434
29.466,0.100,0.000,0.000,0.0089,0.2667,0.1025,13.79,0.3291
29.486,0.100,0.000,0.000,0.0086,0.2653,0.1023,13.03,0.3284
29.506,0.100,0.000,0.000,0.0088,0.2631,0.1021,12.97,0.3235
29.526,0.100,0.000,0.000,0.0100,0.2624,0.1017,12.71,0.3262
29.546,0.100,0.000,0.000,0.0108,0.2620,0.1017,12.86,0.3290
29.566,0.100,0.000,0.000,0.0122,0.2616,0.1016,12.83,0.3313
29.585,0.100,0.000,0.000,0.0133,0.2613,0.1015,13.06,0.3295
29.606,0.100,0.000,0.000,0.0137,0.2610,0.1007,12.98,0.3213
29.625,0.100,0.000,0.000,0.0135,0.2610,0.0999,12.73,0.3003
29.646,0.100,0.000,0.000,0.0134,0.2624,0.0984,11.96,0.2712
29.665,0.100,0.000,0.000,0.0134,0.2656,0.0972,10.82,0.2442
29.687,0.100,0.000,0.000,0.0135,0.2694,0.0971,11.18,0.2932
29.706,0.100,0.000,0.000,0.0141,0.2734,0.0990,6.28,0.2951
29.725,0.100,0.000,0.000,0.0142,0.2730,0.0995,12.10,0.3245
29.745,0.100,0.000,0.000,0.0135,0.2722,0.1002,13.80,0.3358
29.767,0.100,0.000,0.000,0.0121,0.2690,0.1031,13.80,0.3393
29.786,0.100,0.000,0.000,0.0120,0.2664,0.1052,13.60,0.3347
29.805,0.100,0.000,0.000,0.0123,0.2638,0.1077,13.28,0.3292
29.826,0.100,0.000,0.000,0.0126,0.2610,0.1090,13.12,0.3215
29.846,0.100,0.000,0.000,0.0121,0.2602,0.1090,12.83,0.3135
29.865,0.100,0.000,0.000,0.0111,0.2598,0.1088,12.53,0.3108
29.887,0.100,0.000,0.000,0.0084,0.2597,0.1079,12.46,0.3117
29.907,0.100,0.000,0.000,0.0064,0.2599,0.1066,12.50,0.3086
29.925,0.100,0.000,0.000,0.0062,0.2602,0.1064,12.51,0.2958
29.945,0.100,0.000,0.000,0.0061,0.2617,0.1049,11.91,0.2726
29.966,0.100,0.000,0.000,0.0068,0.2664,0.1019,10.97,0.2524
29.986,0.100,0.000,0.000,0.0085,0.2699,0.1004,10.11,0.2182
30.006,0.100,0.000,0.000,0.0103,0.2720,0.0999,8.16,0.2946
30.026,0.100,0.000,0.000,0.0098,0.2714,0.1002,12.24,0.3514
30.046,0.100,0.000,0.000,0.0094,0.2704,0.1012,14.38,0.3543
30.066,0.100,0.000,0.000,0.0090,0.2660,0.1032,14.19,0.3316
30.086,0.100,0.000,0.000,0.0088,0.2645,0.1026,13.12,0.3340
30.106,0.100,0.000,0.000,0.0090,0.2628,0.1024,13.25,0.3300
30.126,0.100,0.000,0.000,0.0102,0.2618,0.1020,13.03,0.3340
30.147,0.100,0.000,0.000,0.0112,0.2613,0.1019,13.20,0.3364
30.165,0.100,0.000,0.000,0.0122,0.2609,0.1018,13.15,0.3376
30.186,0.100,0.000,0.000,0.0130,0.2607,0.1018,13.32,0.3361
30.207,0.100,0.000,0.000,0.0136,0.2603,0.1012,13.28,0.3293
30.227,0.100,0.000,0.000,0.0135,0.2603,0.1002,13.29,0.3108
30.246,0.100,0.000,0.000,0.0134,0.2610,0.0990,13.10,0.2758
30.266,0.100,0.000,0.000,0.0134,0.2650,0.0972,11.07,0.2408
30.285,0.100,0.000,0.000,0.0136,0.2694,0.0974,9.95,0.2740
30.306,0.100,0.000,0.000,0.0140,0.2723,0.0991,6.90,0.2939
30.326,0.100,0.000,0.000,0.0136,0.2717,0.0997,11.97,0.3302
30.347,0.100,0.000,0.000,0.0128,0.2705,0.1007,13.41,0.3399
30.366,0.100,0.000,0.000,0.0120,0.2663,0.1045,13.58,0.3406
30.385,0.100,0.000,0.000,0.0121,0.2641,0.1065,13.50,0.3346
30.405,0.100,0.000,0.000,0.0123,0.2621,0.1081,13.29,0.3313
30.425,0.100,0.000,0.000,0.0122,0.2603,0.1089,13.19,0.3249
30.445,0.100,0.000,0.000,0.0112,0.2595,0.1088,12.97,0.3227
30.465,0.100,0.000,0.000,0.0080,0.2589,0.1082,12.90,0.3267
30.485,0.100,0.000,0.000,0.0052,0.2588,0.1075,13.07,0.3234
30.506,0.100,0.000,0.000,0.0046,0.2590,0.1066,12.93,0.3138
30.526,0.100,0.000,0.000,0.0047,0.2598,0.1057,12.59,0.2973
30.546,0.100,0.000,0.000,0.0050,0.2616,0.1044,12.03,0.2733
30.566,0.100,0.000,0.000,0.0054,0.2635,0.1033,11.13,0.2479
30.586,0.100,0.000,0.000,0.0081,0.2694,0.1006,9.60,0.2175
30.606,0.100,0.000,0.000,0.0091,0.2710,0.0999,7.12,0.2976
30.625,0.100,0.000,0.000,0.0087,0.2709,0.1000,12.11,0.3532
30.645,0.100,0.000,0.000,0.0073,0.2695,0.1021,14.40,0.3560
30.665,0.100,0.000,0.000,0.0063,0.2663,0.1042,14.25,0.3397
30.685,0.100,0.000,0.000,0.0055,0.2640,0.1041,13.42,0.3331
30.707,0.100,0.000,0.000,0.0060,0.2625,0.1039,13.16,0.3329
30.726,0.100,0.000,0.000,0.0083,0.2616,0.1034,13.13,0.3396
30.746,0.100,0.000,0.000,0.0099,0.2610,0.1031,13.41,0.3406
30.768,0.100,0.000,0.000,0.0106,0.2606,0.1027,13.41,0.3396
30.785,0.100,0.000,0.000,0.0107,0.2601,0.1020,13.33,0.3334
30.805,0.100,0.000,0.000,0.0105,0.2599,0.1012,13.11,0.3248
30.825,0.100,0.000,0.000,0.0104,0.2600,0.1003,12.85,0.3067
30.846,0.100,0.000,0.000,0.0107,0.2625,0.0982,12.18,0.2873
30.866,0.100,0.000,0.000,0.0113,0.2674,0.0975,11.76,0.2424
30.886,0.100,0.000,0.000,0.0115,0.2688,0.0974,11.85,0.2859
30.906,0.100,0.000,0.000,0.0128,0.2723,0.0985,9.22,0.3014
30.926,0.000,0.000,0.000,0.0129,0.2719,0.0986,12.13,0.2268
30.945,0.000,0.000,0.000,0.0122,0.2711,0.0993,12.05,0.1884
30.966,0.000,0.000,0.000,0.0096,0.2708,0.1018,8.13,0.1709
30.985,0.000,0.000,0.000,0.0081,0.2703,0.1033,7.45,0.1804
31.007,0.000,0.000,0.000,0.0074,0.2698,0.1038,7.65,0.1752
31.026,0.000,0.000,0.000,0.0067,0.2690,0.1041,7.65,0.1737
31.048,0.000,0.000,0.000,0.0063,0.2684,0.1043,7.45,0.1716
31.066,0.000,0.000,0.000,0.0062,0.2681,0.1044,7.49,0.1673
31.086,0.000,0.000,0.000,0.0057,0.2675,0.1046,7.18,0.1691
31.106,0.000,0.000,0.000,0.0053,0.2671,0.1047,7.25,0.1715
31.126,0.000,0.000,0.000,0.0048,0.2666,0.1049,7.26,0.1730
31.146,0.000,0.000,0.000,0.0045,0.2664,0.1050,7.17,0.1727
31.166,0.000,0.000,0.000,0.0042,0.2661,0.1051,7.13,0.1750
31.186,0.000,0.000,0.000,0.0041,0.2660,0.1051,7.17,0.1763
31.205,0.000,0.000,0.000,0.0038,0.2658,0.1051,7.22,0.1778
31.226,0.000,0.000,0.000,0.0035,0.2657,0.1052,7.24,0.1785
31.247,0.000,0.000,0.000,0.0033,0.2656,0.1052,7.26,0.1790
31.267,0.000,0.000,0.000,0.0031,0.2655,0.1052,7.26,0.1792
31.286,0.000,0.000,0.000,0.0030,0.2655,0.1052,7.24,0.1788
31.306,0.000,0.000,0.000,0.0029,0.2654,0.1053,7.22,0.1786
31.326,0.000,0.000,0.000,0.0028,0.2653,0.1053,7.21,0.1785
31.345,0.000,0.000,0.000,0.0028,0.2653,0.1053,7.19,0.1781
31.367,0.000,0.000,0.000,0.0028,0.2653,0.1053,7.17,0.1780
31.386,0.000,0.000,0.000,0.0028,0.2652,0.1053,7.16,0.1778
31.406,0.000,0.000,0.000,0.0028,0.2652,0.1053,7.15,0.1776
31.427,0.000,0.000,0.000,0.0028,0.2652,0.1053,7.14,0.1776
31.447,0.000,0.000,0.000,0.0028,0.2651,0.1053,7.13,0.1776
31.466,0.000,0.000,0.000,0.0028,0.2651,0.1053,7.13,0.1777
31.486,0.000,0.000,0.000,0.0028,0.2651,0.1053,7.14,0.1778
31.507,0.000,0.000,0.000,0.0029,0.2651,0.1053,7.15,0.1781
31.526,0.000,0.000,0.000,0.0029,0.2650,0.1054,7.15,0.1784
31.547,0.000,0.000,0.000,0.0029,0.2650,0.1054,7.16,0.1786
31.566,0.000,0.000,0.000,0.0029,0.2650,0.1054,7.17,0.1789
31.586,0.000,0.000,0.000,0.0029,0.2650,0.1054,7.18,0.1792
31.606,0.000,0.000,0.000,0.0030,0.2649,0.1054,7.19,0.1795
31.627,0.000,0.000,0.000,0.0030,0.2649,0.1054,7.21,0.1798
31.646,0.000,0.000,0.000,0.0030,0.2649,0.1054,7.22,0.1800
31.665,0.000,0.000,0.000,0.0030,0.2649,0.1054,7.22,0.1803
31.686,-0.100,0.000,0.000,0.0030,0.2648,0.1054,7.23,0.3350
31.706,-0.100,0.000,0.000,0.0030,0.2648,0.1054,13.42,0.3424
31.727,-0.100,0.000,0.000,0.0030,0.2645,0.1049,13.41,0.3253
31.746,-0.100,0.000,0.000,0.0027,0.2636,0.1030,12.75,0.2830
31.766,-0.100,0.000,0.000,0.0023,0.2642,0.1014,11.16,0.2570
31.786,-0.100,0.000,0.000,0.0014,0.2663,0.1001,9.78,0.1819
31.806,-0.100,0.000,0.000,0.0009,0.2667,0.0999,8.36,0.2710
31.825,-0.100,0.000,0.000,0.0005,0.2671,0.0998,10.74,0.3046
31.845,-0.100,0.000,0.000,0.0014,0.2666,0.1001,11.84,0.3026
31.865,-0.100,0.000,0.000,0.0016,0.2655,0.1005,11.69,0.3143
31.885,-0.100,0.000,0.000,0.0017,0.2636,0.1008,12.12,0.3132
31.907,-0.100,0.000,0.000,0.0017,0.2620,0.1007,11.99,0.3120
31.925,-0.100,0.000,0.000,0.0018,0.2618,0.1007,11.94,0.3121
31.945,-0.100,0.000,0.000,0.0024,0.2612,0.1006,11.96,0.3078
31.965,-0.100,0.000,0.000,0.0032,0.2606,0.1006,11.80,0.3026
31.985,-0.100,0.000,0.000,0.0035,0.2604,0.1007,11.75,0.2987
32.005,-0.100,0.000,0.000,0.0039,0.2603,0.1005,11.53,0.2973
32.026,-0.100,0.000,0.000,0.0044,0.2606,0.0995,11.55,0.2904
32.046,-0.100,0.000,0.000,0.0047,0.2615,0.0985,11.50,0.2576
32.066,-0.100,0.000,0.000,0.0066,0.2658,0.0969,9.93,0.2415
32.086,-0.100,0.000,0.000,0.0093,0.2702,0.0968,7.32,0.2460
32.105,-0.100,0.000,0.000,0.0107,0.2720,0.0981,7.66,0.2630
32.125,-0.100,0.000,0.000,0.0111,0.2720,0.0988,10.48,0.2985
32.146,-0.100,0.000,0.000,0.0087,0.2683,0.1034,12.27,0.3225
32.165,-0.100,0.000,0.000,0.0083,0.2667,0.1055,12.85,0.3210
32.185,-0.100,0.000,0.000,0.0086,0.2647,0.1077,12.53,0.3115
32.205,-0.100,0.000,0.000,0.0092,0.2626,0.1090,12.12,0.3032
32.226,-0.100,0.000,0.000,0.0095,0.2619,0.1091,11.88,0.2963
32.245,-0.100,0.000,0.000,0.0094,0.2614,0.1089,11.64,0.2904
32.266,-0.100,0.000,0.000,0.0084,0.2613,0.1081,11.42,0.2881
32.287,-0.100,0.000,0.000,0.0073,0.2614,0.1071,11.39,0.2898
32.307,-0.100,0.000,0.000,0.0065,0.2616,0.1061,11.50,0.2856
32.325,-0.100,0.000,0.000,0.0063,0.2623,0.1049,11.36,0.2745
32.345,-0.100,0.000,0.000,0.0063,0.2636,0.1038,10.93,0.2723
32.366,-0.100,0.000,0.000,0.0058,0.2683,0.1018,10.79,0.2561
32.385,-0.100,0.000,0.000,0.0049,0.2715,0.1016,10.18,0.1880
32.405,-0.100,0.000,0.000,0.0034,0.2727,0.1025,5.84,0.2389
32.425,-0.100,0.000,0.000,0.0020,0.2725,0.1028,9.32,0.2774
32.445,-0.100,0.000,0.000,0.0015,0.2711,0.1031,11.43,0.2843
32.466,-0.100,0.000,0.000,0.0019,0.2690,0.1036,11.49,0.3004
32.485,-0.100,0.000,0.000,0.0035,0.2668,0.1040,12.07,0.3037
32.505,-0.100,0.000,0.000,0.0050,0.2655,0.1040,12.10,0.3080
32.525,-0.100,0.000,0.000,0.0063,0.2644,0.1040,12.21,0.3082
32.547,-0.100,0.000,0.000,0.0075,0.2634,0.1040,12.08,0.3042
32.566,-0.100,0.000,0.000,0.0078,0.2629,0.1040,11.92,0.2997
32.585,-0.200,0.000,0.000,0.0084,0.2624,0.1039,11.68,0.2961
32.607,-0.200,0.000,0.000,0.0090,0.2624,0.1037,11.62,0.2996
32.625,-0.200,0.000,0.000,0.0093,0.2625,0.1035,11.61,0.2870
32.645,-0.200,0.000,0.000,0.0108,0.2635,0.1022,11.22,0.2449
32.665,-0.200,0.000,0.000,0.0121,0.2658,0.1010,11.13,0.2649
32.685,-0.200,0.000,0.000,0.0183,0.2726,0.1005,7.27,0.2392
32.705,-0.200,0.000,0.000,0.0202,0.2746,0.1013,7.95,0.2675
32.727,-0.200,0.000,0.000,0.0186,0.2737,0.1020,11.06,0.2981
32.745,-0.200,0.000,0.000,0.0154,0.2713,0.1042,12.11,0.3012
32.765,-0.200,0.000,0.000,0.0128,0.2683,0.1069,12.06,0.3088
32.785,-0.200,0.000,0.000,0.0134,0.2663,0.1078,12.35,0.3112
32.805,-0.200,0.000,0.000,0.0145,0.2652,0.1079,12.28,0.3067
32.825,-0.200,0.000,0.000,0.0148,0.2644,0.1079,11.88,0.2950
32.846,-0.200,0.000,0.000,0.0137,0.2641,0.1069,11.19,0.2804
32.865,-0.200,0.000,0.000,0.0129,0.2641,0.1064,11.10,0.2676
32.886,-0.200,0.000,0.000,0.0115,0.2642,0.1054,10.46,0.2640
32.907,-0.200,0.000,0.000,0.0112,0.2648,0.1044,10.37,0.2629
32.927,-0.200,0.000,0.000,0.0111,0.2652,0.1039,10.42,0.2698
32.946,-0.200,0.000,0.000,0.0108,0.2668,0.1028,10.75,0.2637
32.965,-0.200,0.000,0.000,0.0093,0.2700,0.1018,10.37,0.2325
32.986,-0.200,0.000,0.000,0.0062,0.2737,0.1015,9.12,0.1852
33.007,-0.200,0.000,0.000,0.0023,0.2757,0.1023,6.06,0.2332
33.027,-0.200,0.000,0.000,0.0024,0.2758,0.1030,8.96,0.2611
33.047,-0.200,0.000,0.000,0.0041,0.2740,0.1030,10.84,0.2669
33.066,-0.200,0.000,0.000,0.0044,0.2713,0.1040,11.11,0.2889
33.086,-0.200,0.000,0.000,0.0050,0.2692,0.1045,11.94,0.2980
33.106,-0.300,0.000,0.000,0.0063,0.2671,0.1046,12.04,0.3051
33.126,-0.300,0.000,0.000,0.0070,0.2663,0.1045,12.20,0.3037
33.146,-0.300,0.000,0.000,0.0083,0.2646,0.1045,11.96,0.2969
33.166,-0.300,0.000,0.000,0.0094,0.2638,0.1045,11.48,0.2901
33.186,-0.300,0.000,0.000,0.0116,0.2632,0.1045,11.16,0.2899
33.206,-0.300,0.000,0.000,0.0125,0.2633,0.1044,11.28,0.2905
33.227,-0.300,0.000,0.000,0.0145,0.2642,0.1038,11.23,0.2783
33.246,-0.300,0.000,0.000,0.0161,0.2658,0.1027,10.74,0.2407
33.267,-0.300,0.000,0.000,0.0168,0.2666,0.1023,10.74,0.3008
33.287,-0.300,0.000,0.000,0.0229,0.2746,0.0998,6.70,0.2401
33.307,-0.300,0.000,0.000,0.0263,0.2766,0.1018,6.66,0.2704
33.327,-0.300,0.000,0.000,0.0263,0.2772,0.1023,8.33,0.2933
33.347,-0.300,0.000,0.000,0.0172,0.2736,0.1053,11.19,0.2802
33.366,-0.300,0.000,0.000,0.0132,0.2709,0.1066,11.94,0.3190
33.385,-0.300,0.000,0.000,0.0122,0.2685,0.1074,12.06,0.3070
33.407,-0.300,0.000,0.000,0.0191,0.2665,0.1068,13.10,0.3157
33.427,-0.300,0.000,0.000,0.0242,0.2658,0.1061,12.86,0.2965
33.446,-0.300,0.000,0.000,0.0247,0.2651,0.1055,11.64,0.2819
33.466,-0.300,0.000,0.000,0.0166,0.2639,0.1032,10.68,0.2801
33.485,-0.300,0.000,0.000,0.0085,0.2637,0.1008,11.33,0.2936
33.506,-0.300,0.000,0.000,0.0068,0.2643,0.0984,11.37,0.2598
33.528,-0.300,0.000,0.000,0.0086,0.2648,0.0979,11.19,0.2752
33.546,-0.300,0.000,0.000,0.0139,0.2659,0.0971,11.48,0.2766
33.566,-0.300,0.000,0.000,0.0088,0.2709,0.0966,11.00,0.2392
33.586,-0.300,0.000,0.000,0.0029,0.2747,0.0986,9.00,0.2520
33.605,-0.300,0.000,0.000,0.0040,0.2751,0.0994,9.13,0.3049
33.628,-0.300,0.000,0.000,0.0065,0.2751,0.1007,9.89,0.2632
33.647,-0.300,0.000,0.000,0.0019,0.2745,0.1015,9.73,0.2723
33.667,-0.300,0.000,0.000,0.0061,0.2717,0.1038,11.32,0.3059
33.687,-0.300,0.000,0.000,0.0048,0.2688,0.1051,12.64,0.3057
33.707,-0.300,0.000,0.000,0.0031,0.2663,0.1058,12.26,0.2968
33.725,-0.300,0.000,0.000,0.0022,0.2652,0.1058,12.07,0.2834
33.747,-0.300,0.000,0.000,0.0028,0.2641,0.1057,11.39,0.2761
33.767,-0.300,0.000,0.000,0.0050,0.2630,0.1055,11.01,0.2867
33.787,-0.300,0.000,0.000,0.0077,0.2629,0.1050,11.45,0.2972
33.805,-0.300,0.000,0.000,0.0094,0.2629,0.1041,11.70,0.2984
33.825,-0.300,0.000,0.000,0.0107,0.2631,0.1029,11.65,0.2887
33.846,-0.300,0.000,0.000,0.0117,0.2651,0.1015,11.23,0.2711
33.866,-0.300,0.000,0.000,0.0133,0.2684,0.1003,10.35,0.2530
33.886,-0.300,0.000,0.000,0.0166,0.2763,0.1004,8.35,0.2020
33.907,-0.300,0.000,0.000,0.0192,0.2768,0.1013,8.53,0.2119
33.927,-0.300,0.000,0.000,0.0211,0.2761,0.1016,9.63,0.2543
33.946,-0.300,0.000,0.000,0.0211,0.2745,0.1027,10.98,0.2806
33.967,-0.300,0.000,0.000,0.0191,0.2693,0.1061,11.98,0.2912
33.986,-0.300,0.000,0.000,0.0189,0.2676,0.1065,11.92,0.2860
34.007,-0.300,0.000,0.000,0.0187,0.2656,0.1064,11.57,0.2775
34.025,-0.300,0.000,0.000,0.0187,0.2650,0.1056,11.00,0.2693
34.047,-0.300,0.000,0.000,0.0184,0.2643,0.1047,10.58,0.2697
34.066,-0.300,0.000,0.000,0.0180,0.2642,0.1041,10.58,0.2779
34.087,-0.300,0.000,0.000,0.0171,0.2642,0.1029,10.98,0.2792
34.107,-0.300,0.000,0.000,0.0167,0.2642,0.1024,10.98,0.2697
34.125,-0.300,0.000,0.000,0.0168,0.2647,0.1017,10.71,0.2646
34.146,-0.300,0.000,0.000,0.0172,0.2659,0.1014,10.59,0.2595
34.166,-0.300,0.000,0.000,0.0167,0.2692,0.1005,10.33,0.2379
34.187,-0.300,0.000,0.000,0.0161,0.2707,0.1001,10.25,0.2203
34.207,-0.300,0.000,0.000,0.0125,0.2763,0.1013,7.69,0.2398
34.226,-0.300,0.000,0.000,0.0132,0.2754,0.1021,9.63,0.2421
34.247,-0.300,0.000,0.000,0.0135,0.2740,0.1034,10.33,0.2519
34.267,-0.300,0.000,0.000,0.0124,0.2712,0.1053,11.01,0.2708
34.286,-0.300,0.000,0.000,0.0113,0.2695,0.1060,10.87,0.2857
34.307,-0.300,0.000,0.000,0.0111,0.2664,0.1064,11.87,0.2931
34.327,-0.300,0.000,0.000,0.0106,0.2645,0.1064,11.90,0.2913
34.346,-0.300,0.000,0.000,0.0103,0.2625,0.1065,11.63,0.2855
34.367,-0.300,0.000,0.000,0.0104,0.2621,0.1066,11.58,0.2841
34.386,-0.300,0.000,0.000,0.0121,0.2615,0.1065,11.35,0.2815
34.407,-0.300,0.000,0.000,0.0135,0.2620,0.1056,11.17,0.2858
34.426,-0.300,0.000,0.000,0.0139,0.2627,0.1047,11.08,0.2891
34.446,-0.300,0.000,0.000,0.0149,0.2647,0.1031,11.29,0.2602
34.466,-0.300,0.000,0.000,0.0160,0.2686,0.1021,10.13,0.2651
34.486,-0.300,0.000,0.000,0.0163,0.2708,0.1021,10.22,0.2925
34.506,-0.300,0.000,0.000,0.0181,0.2763,0.1035,6.01,0.2124
34.527,-0.300,0.000,0.000,0.0200,0.2752,0.1049,9.84,0.2368
34.546,-0.300,0.000,0.000,0.0204,0.2746,0.1057,10.02,0.2727
34.565,-0.300,0.000,0.000,0.0203,0.2720,0.1089,12.79,0.2958
34.586,-0.300,0.000,0.000,0.0174,0.2684,0.1119,13.12,0.3030
34.607,-0.300,0.000,0.000,0.0140,0.2662,0.1125,12.63,0.2946
34.626,-0.300,0.000,0.000,0.0116,0.2645,0.1118,11.88,0.3010
34.646,-0.300,0.000,0.000,0.0111,0.2637,0.1100,11.82,0.2963
34.665,-0.300,0.000,0.000,0.0124,0.2636,0.1081,11.49,0.2864
34.686,-0.300,0.000,0.000,0.0130,0.2635,0.1060,11.15,0.2850
34.707,-0.300,0.000,0.000,0.0127,0.2635,0.1047,11.20,0.2780
34.727,-0.300,0.000,0.000,0.0124,0.2638,0.1035,10.92,0.2663
34.745,-0.300,0.000,0.000,0.0120,0.2648,0.1028,10.61,0.2615
34.767,-0.300,0.000,0.000,0.0100,0.2682,0.1018,10.27,0.2287
34.786,-0.300,0.000,0.000,0.0075,0.2722,0.1012,8.85,0.2221
34.806,-0.300,0.000,0.000,0.0068,0.2746,0.1021,6.31,0.2695
34.827,-0.300,0.000,0.000,0.0080,0.2753,0.1030,7.46,0.2585
34.845,-0.300,0.000,0.000,0.0093,0.2735,0.1035,11.08,0.2665
34.866,-0.300,0.000,0.000,0.0078,0.2699,0.1051,11.69,0.2891
34.885,-0.300,0.000,0.000,0.0064,0.2679,0.1056,12.16,0.2951
34.907,-0.300,0.000,0.000,0.0057,0.2659,0.1060,12.09,0.3000
34.925,-0.300,0.000,0.000,0.0057,0.2646,0.1062,12.02,0.2992
34.948,-0.300,0.000,0.000,0.0065,0.2626,0.1063,11.74,0.2901
34.966,-0.300,0.000,0.000,0.0076,0.2616,0.1064,11.21,0.2900
34.987,-0.300,0.000,0.000,0.0089,0.2614,0.1064,11.54,0.2974
35.007,-0.300,0.000,0.000,0.0100,0.2617,0.1063,11.71,0.2862
35.026,-0.300,0.000,0.000,0.0102,0.2621,0.1059,11.57,0.2834
35.046,-0.300,0.000,0.000,0.0109,0.2638,0.1046,11.18,0.2661
35.066,-0.300,0.000,0.000,0.0151,0.2693,0.1026,10.09,0.2476
35.086,-0.300,0.000,0.000,0.0175,0.2728,0.1025,7.31,0.2640
35.106,-0.300,0.000,0.000,0.0183,0.2758,0.1032,3.61,0.2158
35.125,-0.300,0.000,0.000,0.0192,0.2756,0.1041,8.01,0.2604
35.145,-0.400,0.000,0.000,0.0195,0.2740,0.1055,9.70,0.3077
35.165,-0.400,0.000,0.000,0.0191,0.2703,0.1085,12.85,0.3276
35.187,-0.400,0.000,0.000,0.0179,0.2665,0.1100,13.84,0.3164
35.207,-0.400,0.000,0.000,0.0166,0.2648,0.1095,12.65,0.2948
35.227,-0.400,0.000,0.000,0.0155,0.2632,0.1079,11.44,0.2937
35.247,-0.400,0.000,0.000,0.0152,0.2629,0.1068,11.34,0.2975
35.266,-0.400,0.000,0.000,0.0145,0.2626,0.1046,11.49,0.3006
35.286,-0.400,0.000,0.000,0.0142,0.2626,0.1037,11.41,0.2961
35.307,-0.400,0.000,0.000,0.0135,0.2628,0.1027,11.39,0.2766
35.326,-0.400,0.000,0.000,0.0129,0.2634,0.1023,10.69,0.2735
35.347,-0.400,0.000,0.000,0.0122,0.2650,0.1016,10.53,0.2623
35.366,-0.400,0.000,0.000,0.0095,0.2687,0.1007,9.95,0.2291
35.386,-0.400,0.000,0.000,0.0056,0.2740,0.1009,8.81,0.2594
35.406,-0.400,0.000,0.000,0.0056,0.2740,0.1009,8.81,0.3183
35.427,-0.400,0.000,0.000,0.0079,0.2764,0.1025,7.37,0.3038
35.446,-0.400,0.000,0.000,0.0119,0.2754,0.1026,9.62,0.3062
35.467,-0.400,0.000,0.000,0.0134,0.2738,0.1030,9.78,0.3084
35.486,-0.400,0.000,0.000,0.0113,0.2691,0.1044,11.12,0.2809
35.507,-0.400,0.000,0.000,0.0087,0.2670,0.1047,11.93,0.2965
35.526,-0.400,0.000,0.000,0.0078,0.2654,0.1050,11.83,0.2994
35.547,-0.400,0.000,0.000,0.0080,0.2621,0.1056,12.01,0.2956
35.566,-0.400,0.000,0.000,0.0079,0.2612,0.1059,11.72,0.2930
35.586,-0.400,0.000,0.000,0.0088,0.2608,0.1060,11.41,0.2862
35.607,-0.400,0.000,0.000,0.0107,0.2613,0.1054,10.94,0.2735
35.626,-0.400,0.000,0.000,0.0127,0.2629,0.1038,10.43,0.2739
35.646,-0.400,0.000,0.000,0.0136,0.2638,0.1032,10.38,0.2619
35.666,-0.400,0.000,0.000,0.0166,0.2667,0.1017,10.18,0.3148
35.686,-0.400,0.000,0.000,0.0182,0.2714,0.1001,7.25,0.2877
35.706,-0.400,0.000,0.000,0.0191,0.2756,0.1013,5.87,0.2577
35.725,-0.400,0.000,0.000,0.0201,0.2761,0.1034,5.29,0.2416
35.746,-0.400,0.000,0.000,0.0216,0.2743,0.1056,10.84,0.2798
35.766,-0.400,0.000,0.000,0.0222,0.2719,0.1080,12.54,0.3031
35.786,-0.400,0.000,0.000,0.0210,0.2678,0.1102,13.18,0.3121
35.806,-0.400,0.000,0.000,0.0184,0.2651,0.1098,12.73,0.3020
35.827,-0.400,0.000,0.000,0.0161,0.2638,0.1086,11.97,0.2974
35.845,-0.400,0.000,0.000,0.0155,0.2632,0.1074,11.88,0.3055
35.866,-0.400,0.000,0.000,0.0154,0.2626,0.1050,12.00,0.3114
35.885,-0.400,0.000,0.000,0.0157,0.2625,0.1036,12.23,0.3069
35.905,-0.400,0.000,0.000,0.0161,0.2625,0.1027,12.03,0.2894
35.926,-0.400,0.000,0.000,0.0167,0.2632,0.1015,11.30,0.2790
35.947,-0.400,0.000,0.000,0.0165,0.2644,0.1009,10.79,0.2662
35.966,-0.400,0.000,0.000,0.0161,0.2653,0.1005,10.68,0.2517
35.986,-0.400,0.000,0.000,0.0135,0.2708,0.0990,8.84,0.2593
36.006,-0.400,0.000,0.000,0.0131,0.2751,0.1018,6.93,0.2854
36.028,-0.400,0.000,0.000,0.0149,0.2746,0.1029,9.43,0.2744
36.047,-0.400,0.000,0.000,0.0155,0.2733,0.1040,11.12,0.2788
36.066,-0.400,0.000,0.000,0.0138,0.2682,0.1068,11.81,0.2908
36.086,-0.400,0.000,0.000,0.0123,0.2658,0.1076,12.44,0.2916
36.107,-0.400,0.000,0.000,0.0115,0.2628,0.1084,11.97,0.2966
36.125,-0.400,0.000,0.000,0.0117,0.2616,0.1085,11.89,0.2914
36.145,-0.400,0.000,0.000,0.0125,0.2606,0.1080,11.45,0.3038
36.165,-0.400,0.000,0.000,0.0144,0.2591,0.1081,12.13,0.3173
36.186,-0.400,0.000,0.000,0.0154,0.2593,0.1080,12.61,0.3187
36.206,-0.400,0.000,0.000,0.0164,0.2598,0.1077,12.37,0.2934
36.225,-0.400,0.000,0.000,0.0166,0.2606,0.1067,11.17,0.2762
36.245,-0.400,0.000,0.000,0.0169,0.2636,0.1043,10.68,0.2727
36.265,-0.400,0.000,0.000,0.0202,0.2690,0.1023,10.72,0.2599
36.286,-0.400,0.000,0.000,0.0214,0.2732,0.1020,8.63,0.2561
36.306,-0.400,0.000,0.000,0.0218,0.2758,0.1024,5.54,0.2125
36.326,-0.400,0.000,0.000,0.0233,0.2752,0.1036,8.92,0.2422
36.346,-0.400,0.000,0.000,0.0245,0.2726,0.1069,12.11,0.2798
36.366,-0.400,0.000,0.000,0.0228,0.2683,0.1098,12.64,0.2900
36.386,-0.400,0.000,0.000,0.0210,0.2659,0.1102,12.23,0.2926
36.406,-0.400,0.000,0.000,0.0193,0.2633,0.1090,11.55,0.3043
36.426,-0.400,0.000,0.000,0.0187,0.2627,0.1067,11.88,0.3102
36.446,-0.400,0.000,0.000,0.0187,0.2624,0.1042,11.93,0.3129
36.466,-0.400,0.000,0.000,0.0190,0.2622,0.1012,11.92,0.3127
36.485,-0.400,0.000,0.000,0.0190,0.2622,0.1012,11.92,0.3067
36.505,-0.400,0.000,0.000,0.0198,0.2624,0.1003,11.76,0.2883
36.526,-0.400,0.000,0.000,0.0202,0.2626,0.1002,11.19,0.2689
36.546,-0.400,0.000,0.000,0.0199,0.2646,0.0995,10.43,0.2562
36.566,-0.400,0.000,0.000,0.0174,0.2697,0.0983,9.69,0.2210
36.585,-0.400,0.000,0.000,0.0161,0.2733,0.0992,8.47,0.2630
36.605,-0.400,0.000,0.000,0.0162,0.2754,0.1003,8.69,0.2916
36.626,-0.400,0.000,0.000,0.0173,0.2758,0.1013,9.56,0.2597
36.645,-0.400,0.000,0.000,0.0181,0.2739,0.1025,10.68,0.2652
36.665,-0.400,0.000,0.000,0.0177,0.2719,0.1037,10.48,0.2699
36.685,-0.400,0.000,0.000,0.0154,0.2685,0.1049,11.48,0.2856
36.705,-0.400,0.000,0.000,0.0144,0.2649,0.1057,11.91,0.2853
36.725,-0.400,0.000,0.000,0.0147,0.2629,0.1060,11.49,0.2880
36.745,-0.400,0.000,0.000,0.0151,0.2611,0.1064,11.46,0.2989
36.765,-0.400,0.000,0.000,0.0159,0.2600,0.1066,11.90,0.3099
36.786,-0.400,0.000,0.000,0.0169,0.2598,0.1066,12.30,0.3086
36.806,-0.400,0.000,0.000,0.0177,0.2609,0.1056,12.04,0.3111
36.826,-0.400,0.000,0.000,0.0184,0.2620,0.1042,12.00,0.2905
36.846,-0.400,0.000,0.000,0.0193,0.2648,0.1015,10.95,0.2771
36.866,-0.400,0.000,0.000,0.0206,0.2697,0.0993,10.52,0.2421
36.886,-0.400,0.000,0.000,0.0221,0.2738,0.0999,8.94,0.2503
36.906,-0.400,0.000,0.000,0.0225,0.2774,0.1005,4.32,0.2501
36.926,-0.400,0.000,0.000,0.0232,0.2762,0.1020,7.91,0.2658
36.946,-0.400,0.000,0.000,0.0225,0.2720,0.1059,13.41,0.3057
36.965,-0.400,0.000,0.000,0.0198,0.2686,0.1085,13.92,0.3040
36.986,-0.400,0.000,0.000,0.0169,0.2651,0.1090,13.02,0.3043
37.006,-0.400,0.000,0.000,0.0158,0.2637,0.1079,12.39,0.2827
37.027,-0.400,0.000,0.000,0.0147,0.2630,0.1063,11.25,0.2899
37.046,-0.400,0.000,0.000,0.0139,0.2626,0.1053,11.54,0.2953
37.066,-0.400,0.000,0.000,0.0119,0.2623,0.1028,11.53,0.3029
37.086,-0.400,0.000,0.000,0.0108,0.2622,0.1017,11.89,0.3022
37.106,-0.400,0.000,0.000,0.0101,0.2623,0.1013,11.90,0.2884
37.126,-0.400,0.000,0.000,0.0088,0.2629,0.1008,11.32,0.2682
37.146,-0.400,0.000,0.000,0.0078,0.2638,0.1002,10.55,0.2548
37.166,-0.400,0.000,0.000,0.0050,0.2689,0.0981,9.85,0.2268
37.186,-0.400,0.000,0.000,0.0023,0.2727,0.0985,8.83,0.2753
37.206,-0.400,0.000,0.000,0.0069,0.2756,0.1006,6.82,0.3344
37.226,-0.400,0.000,0.000,0.0092,0.2750,0.1008,9.34,0.3152
37.246,-0.400,0.000,0.000,0.0109,0.2733,0.1008,10.54,0.2972
37.266,-0.400,0.000,0.000,0.0105,0.2696,0.1020,11.14,0.2764
37.287,-0.400,0.000,0.000,0.0094,0.2681,0.1024,11.85,0.2956
37.306,-0.400,0.000,0.000,0.0070,0.2647,0.1032,12.42,0.3061
37.325,-0.400,0.000,0.000,0.0059,0.2623,0.1040,12.34,0.3032
37.346,-0.400,0.000,0.000,0.0064,0.2609,0.1047,11.86,0.2977
37.366,-0.400,0.000,0.000,0.0076,0.2602,0.1052,11.43,0.2937
37.386,-0.400,0.000,0.000,0.0096,0.2599,0.1054,11.73,0.3007
37.406,-0.400,0.000,0.000,0.0114,0.2606,0.1050,11.90,0.2965
37.426,-0.400,0.000,0.000,0.0120,0.2613,0.1045,11.54,0.2857
37.446,-0.400,0.000,0.000,0.0150,0.2656,0.1021,10.63,0.2689
37.466,-0.400,0.000,0.000,0.0150,0.2656,0.1021,10.63,0.3157
37.486,-0.400,0.000,0.000,0.0190,0.2722,0.1006,8.13,0.2724
37.506,-0.400,0.000,0.000,0.0198,0.2762,0.1016,5.45,0.2422
37.526,-0.400,0.000,0.000,0.0210,0.2760,0.1022,7.55,0.2469
37.546,-0.400,0.000,0.000,0.0228,0.2732,0.1049,11.30,0.2811
37.565,-0.400,0.000,0.000,0.0229,0.2703,0.1072,12.62,0.2904
37.586,-0.400,0.000,0.000,0.0218,0.2661,0.1084,12.50,0.2964
37.605,-0.400,0.000,0.000,0.0206,0.2644,0.1082,12.25,0.2834
37.626,-0.400,0.000,0.000,0.0182,0.2632,0.1061,11.28,0.2984
37.646,-0.400,0.000,0.000,0.0173,0.2623,0.1043,11.28,0.3042
37.666,-0.400,0.000,0.000,0.0171,0.2622,0.1024,11.90,0.3090
37.686,-0.400,0.000,0.000,0.0172,0.2621,0.1007,12.03,0.3026
37.706,-0.400,0.000,0.000,0.0174,0.2622,0.1005,11.81,0.2836
37.726,-0.400,0.000,0.000,0.0175,0.2631,0.0999,11.07,0.2774
37.745,-0.400,0.000,0.000,0.0170,0.2644,0.0995,10.83,0.2632
37.765,-0.400,0.000,0.000,0.0160,0.2663,0.0988,10.61,0.2406
37.786,-0.400,0.000,0.000,0.0134,0.2712,0.0984,8.67,0.2599
37.806,-0.400,0.000,0.000,0.0126,0.2750,0.1001,7.39,0.2953
37.826,-0.400,0.100,0.000,0.0137,0.2751,0.1010,8.15,0.2622
37.846,-0.400,0.100,0.000,0.0150,0.2738,0.1019,10.65,0.2540
37.866,-0.400,0.100,0.000,0.0147,0.2713,0.1034,11.05,0.2688
37.886,-0.400,0.100,0.000,0.0124,0.2680,0.1048,11.69,0.2891
37.906,-0.400,0.100,0.000,0.0106,0.2647,0.1054,12.10,0.2944
37.926,-0.400,0.100,0.000,0.0102,0.2629,0.1053,11.90,0.2920
37.946,-0.400,0.100,0.000,0.0107,0.2615,0.1054,11.60,0.2930
37.966,-0.400,0.100,0.000,0.0118,0.2602,0.1056,11.71,0.3058
37.987,-0.400,0.100,0.000,0.0139,0.2599,0.1056,12.20,0.3151
38.007,-0.400,0.100,0.000,0.0152,0.2601,0.1054,12.05,0.3022
38.025,-0.400,0.100,0.000,0.0158,0.2606,0.1046,11.70,0.2818
38.046,-0.400,0.100,0.000,0.0166,0.2635,0.1022,10.74,0.2699
38.066,-0.400,0.100,0.000,0.0192,0.2671,0.1012,10.40,0.2912
38.086,-0.400,0.100,0.000,0.0240,0.2728,0.1015,9.58,0.2590
38.106,-0.400,0.100,0.000,0.0252,0.2760,0.1027,5.52,0.3050
38.126,-0.400,0.100,0.000,0.0234,0.2754,0.1031,9.68,0.3040
38.146,-0.400,0.100,0.000,0.0192,0.2718,0.1071,12.73,0.2955
38.166,-0.400,0.100,0.000,0.0166,0.2680,0.1099,12.82,0.3021
38.186,-0.400,0.100,0.000,0.0176,0.2646,0.1098,12.65,0.3032
38.206,-0.400,0.100,0.000,0.0181,0.2639,0.1089,12.29,0.2948
38.225,-0.400,0.100,0.000,0.0171,0.2627,0.1066,11.55,0.2832
38.247,-0.400,0.100,0.000,0.0154,0.2623,0.1052,11.37,0.2859
38.266,-0.400,0.100,0.000,0.0116,0.2617,0.1028,11.54,0.3053
38.286,-0.400,0.100,0.000,0.0095,0.2617,0.1016,12.17,0.3061
38.306,-0.400,0.100,0.000,0.0092,0.2618,0.1008,12.06,0.2801
38.326,-0.400,0.100,0.000,0.0119,0.2626,0.0996,11.08,0.2973
38.346,-0.400,0.100,0.000,0.0120,0.2648,0.0976,11.44,0.2756
38.365,-0.400,0.100,0.000,0.0093,0.2677,0.0970,10.34,0.2370
38.386,-0.400,0.100,0.000,0.0074,0.2731,0.0985,8.64,0.2474
38.407,-0.400,0.100,0.000,0.0099,0.2755,0.1009,6.82,0.2667
38.426,-0.400,0.100,0.000,0.0107,0.2753,0.1011,6.94,0.2752
38.447,-0.400,0.100,0.000,0.0128,0.2745,0.1010,10.77,0.2855
38.467,-0.400,0.100,0.000,0.0107,0.2695,0.1027,11.21,0.2712
38.488,-0.400,0.100,0.000,0.0095,0.2682,0.1029,11.41,0.2907
38.507,-0.400,0.100,0.000,0.0094,0.2646,0.1043,11.68,0.2900
38.525,-0.400,0.100,0.000,0.0090,0.2633,0.1049,11.90,0.2940
38.547,-0.400,0.100,0.000,0.0101,0.2611,0.1062,11.87,0.2915
38.567,-0.400,0.100,0.000,0.0121,0.2601,0.1068,11.35,0.2937
38.585,-0.400,0.100,0.000,0.0140,0.2601,0.1068,11.78,0.3113
38.605,-0.400,0.100,0.000,0.0156,0.2605,0.1062,12.25,0.3189
38.626,-0.400,0.100,0.000,0.0162,0.2614,0.1051,12.52,0.3101
38.646,-0.400,0.100,0.000,0.0173,0.2649,0.1016,11.66,0.2746
38.666,-0.400,0.100,0.000,0.0184,0.2672,0.1005,10.27,0.2935
38.686,-0.400,0.100,0.000,0.0207,0.2715,0.0996,7.72,0.2828
38.707,-0.400,0.100,0.000,0.0218,0.2769,0.1007,4.71,0.2968
38.725,-0.400,0.100,0.000,0.0200,0.2759,0.1016,8.79,0.2835
38.747,-0.400,0.100,0.000,0.0177,0.2734,0.1043,12.09,0.2964
38.766,-0.400,0.100,0.000,0.0153,0.2690,0.1072,13.08,0.3118
38.786,-0.400,0.100,0.000,0.0155,0.2666,0.1075,13.15,0.3102
38.806,-0.400,0.100,0.000,0.0155,0.2648,0.1069,12.71,0.3013
38.826,-0.400,0.100,0.000,0.0124,0.2636,0.1050,11.74,0.2861
38.846,-0.400,0.100,0.000,0.0097,0.2629,0.1034,11.05,0.2896
38.866,-0.400,0.100,0.000,0.0090,0.2628,0.1029,11.03,0.2994
38.886,-0.400,0.100,0.000,0.0087,0.2625,0.1007,11.82,0.2848
38.906,-0.400,0.100,0.000,0.0107,0.2626,0.0996,11.25,0.2932
38.927,-0.400,0.100,0.000,0.0110,0.2631,0.0981,11.55,0.2941
38.946,-0.400,0.100,0.000,0.0072,0.2648,0.0964,11.17,0.2684
38.966,-0.400,0.100,0.000,0.0047,0.2666,0.0958,10.05,0.2476
38.987,-0.400,0.100,0.000,0.0036,0.2695,0.0953,9.89,0.2759
39.006,-0.400,0.100,0.000,0.0073,0.2754,0.0981,6.02,0.2982
39.027,-0.400,0.100,0.000,0.0098,0.2753,0.0996,9.11,0.2788
39.046,-0.400,0.100,0.000,0.0123,0.2745,0.0995,9.24,0.2817
39.065,-0.400,0.100,0.000,0.0147,0.2718,0.1003,11.31,0.2668
39.087,-0.400,0.100,0.000,0.0100,0.2667,0.1021,11.37,0.2829
39.107,-0.400,0.100,0.000,0.0088,0.2659,0.1025,11.35,0.2987
39.126,-0.400,0.100,0.000,0.0066,0.2628,0.1044,12.19,0.3030
39.147,-0.400,0.100,0.000,0.0082,0.2611,0.1059,12.06,0.3040
39.166,-0.400,0.100,0.000,0.0106,0.2601,0.1070,11.83,0.2963
39.186,-0.400,0.100,0.000,0.0138,0.2599,0.1073,11.60,0.2931
39.207,-0.400,0.100,0.000,0.0155,0.2604,0.1069,11.59,0.2899
39.225,-0.400,0.100,0.000,0.0162,0.2614,0.1055,11.27,0.2946
39.246,-0.400,0.100,0.000,0.0164,0.2627,0.1039,11.20,0.2543
39.266,-0.400,0.100,0.000,0.0189,0.2680,0.1012,9.50,0.2779
39.287,-0.400,0.100,0.000,0.0217,0.2721,0.1014,8.13,0.2776
39.307,-0.400,0.100,0.000,0.0231,0.2750,0.1028,8.25,0.3172
39.326,-0.400,0.100,0.000,0.0229,0.2760,0.1044,5.63,0.2957
39.346,-0.400,0.100,0.000,0.0191,0.2734,0.1062,12.11,0.2852
39.366,-0.400,0.100,0.000,0.0172,0.2705,0.1084,12.18,0.3003
39.387,-0.400,0.200,0.000,0.0161,0.2668,0.1105,13.25,0.3040
39.407,-0.400,0.200,0.000,0.0179,0.2646,0.1106,12.69,0.2953
39.426,-0.400,0.200,0.000,0.0162,0.2629,0.1087,11.82,0.2880
39.445,-0.400,0.200,0.000,0.0118,0.2619,0.1074,11.44,0.2878
39.466,-0.400,0.200,0.000,0.0093,0.2610,0.1044,11.79,0.3002
39.486,-0.400,0.200,0.000,0.0090,0.2609,0.1032,11.54,0.2863
39.507,-0.400,0.200,0.000,0.0094,0.2609,0.1018,11.23,0.3048
39.525,-0.400,0.200,0.000,0.0118,0.2616,0.0995,11.90,0.3093
39.546,-0.400,0.200,0.000,0.0123,0.2626,0.0979,11.82,0.2865
39.566,-0.400,0.200,0.000,0.0106,0.2677,0.0956,10.39,0.2706
39.586,-0.400,0.200,0.000,0.0099,0.2723,0.0969,9.65,0.2423
39.607,-0.400,0.200,0.000,0.0121,0.2761,0.1003,6.27,0.2443
39.627,-0.400,0.200,0.000,0.0133,0.2764,0.1006,8.74,0.2403
39.646,-0.400,0.200,0.000,0.0186,0.2750,0.1005,9.95,0.2706
39.666,-0.400,0.200,0.000,0.0207,0.2728,0.1003,11.21,0.2901
39.686,-0.400,0.200,0.000,0.0183,0.2704,0.1007,10.77,0.2847
39.707,-0.400,0.200,0.000,0.0142,0.2666,0.1010,10.75,0.3050
39.725,-0.400,0.300,0.000,0.0147,0.2653,0.0999,12.07,0.3568
39.746,-0.400,0.300,0.000,0.0152,0.2646,0.1000,11.98,0.3795
39.766,-0.400,0.300,0.000,0.0143,0.2613,0.1017,14.14,0.3175
39.787,-0.400,0.300,0.000,0.0221,0.2603,0.1028,12.22,0.3806
39.807,-0.400,0.300,0.000,0.0231,0.2601,0.1035,12.21,0.3556
39.825,-0.400,0.300,0.000,0.0236,0.2605,0.1039,10.19,0.3169
39.845,-0.400,0.300,0.000,0.0222,0.2643,0.0982,10.88,0.3384
39.867,-0.400,0.300,0.000,0.0240,0.2671,0.0949,12.98,0.3413
39.885,-0.400,0.300,0.000,0.0245,0.2724,0.0935,12.16,0.2892
39.907,-0.400,0.400,0.000,0.0246,0.2770,0.0971,5.38,0.3582
39.926,-0.400,0.400,0.000,0.0241,0.2780,0.0978,5.78,0.4098
39.946,-0.400,0.400,0.000,0.0221,0.2777,0.0989,8.92,0.4247
39.966,-0.400,0.400,0.000,0.0160,0.2735,0.1024,13.92,0.3600
39.987,-0.400,0.400,0.000,0.0133,0.2670,0.1070,13.82,0.3024
40.006,-0.400,0.400,0.000,0.0180,0.2643,0.1054,13.06,0.3066
40.026,-0.400,0.400,0.000,0.0223,0.2621,0.1030,12.68,0.3105
40.045,-0.400,0.400,0.000,0.0205,0.2610,0.1009,12.29,0.3072
40.065,-0.400,0.400,0.000,0.0108,0.2587,0.0968,11.22,0.3110
40.087,-0.400,0.400,0.000,0.0115,0.2579,0.0926,11.39,0.4123
40.107,-0.400,0.400,0.000,0.0123,0.2581,0.0899,12.36,0.4299
40.126,-0.400,0.400,0.000,0.0112,0.2584,0.0889,12.25,0.3817
40.145,-0.400,0.400,0.000,0.0059,0.2610,0.0835,13.06,0.3578
40.166,-0.400,0.400,0.000,0.0108,0.2646,0.0799,12.84,0.3685
40.187,-0.400,0.400,0.000,0.0133,0.2716,0.0803,12.37,0.3464
40.206,-0.400,0.400,0.000,0.0181,0.2773,0.0853,10.07,0.2533
40.226,-0.400,0.400,0.000,0.0313,0.2792,0.0902,8.86,0.3088
40.247,-0.400,0.400,0.000,0.0408,0.2798,0.0931,13.18,0.4384
40.266,-0.400,0.500,0.000,0.0456,0.2719,0.0964,13.36,0.3827
40.286,-0.400,0.500,0.000,0.0329,0.2659,0.0922,13.72,0.4004
40.307,-0.400,0.500,0.000,0.0285,0.2634,0.0897,15.13,0.3891
40.326,-0.400,0.500,0.000,0.0312,0.2605,0.0893,13.28,0.3285
40.346,-0.400,0.500,0.000,0.0394,0.2602,0.0904,11.96,0.3824
40.366,-0.400,0.500,0.000,0.0496,0.2577,0.0952,11.55,0.3781
40.385,-0.400,0.500,0.000,0.0471,0.2582,0.0947,11.90,0.3884
40.407,-0.400,0.500,0.000,0.0453,0.2607,0.0876,13.76,0.3811
40.428,-0.400,0.500,0.000,0.0484,0.2625,0.0822,12.79,0.2739
40.447,-0.400,0.500,0.000,0.0501,0.2650,0.0864,12.47,0.3482
40.466,-0.400,0.500,0.000,0.0495,0.2688,0.1006,10.06,0.3482
40.487,-0.400,0.500,0.000,0.0517,0.2758,0.1205,7.54,0.3804
40.508,-0.400,0.500,0.000,0.0556,0.2795,0.1306,9.06,0.4122
40.528,-0.400,0.500,0.000,0.0514,0.2804,0.1342,12.24,0.3798
40.547,-0.400,0.500,0.000,0.0380,0.2737,0.1286,11.69,0.3538
40.565,-0.400,0.500,0.000,0.0260,0.2692,0.1109,15.93,0.3773
40.586,-0.400,0.500,0.000,0.0186,0.2641,0.1116,18.86,0.3500
40.607,-0.400,0.500,0.000,0.0152,0.2593,0.1130,14.82,0.3156
40.627,-0.400,0.500,0.000,0.0176,0.2567,0.1104,13.14,0.3395
40.646,-0.400,0.500,0.000,0.0186,0.2547,0.1061,13.26,0.3516
40.666,-0.400,0.500,0.000,0.0165,0.2539,0.1009,12.38,0.3460
40.686,-0.400,0.500,0.000,0.0136,0.2542,0.0935,12.35,0.3470
40.707,-0.400,0.500,0.000,0.0137,0.2548,0.0904,12.06,0.3434
40.727,-0.400,0.500,0.000,0.0136,0.2558,0.0885,11.74,0.3419
40.745,-0.400,0.500,0.000,0.0129,0.2591,0.0850,11.00,0.3727
40.765,-0.400,0.500,0.000,0.0132,0.2647,0.0923,10.52,0.3460
40.785,-0.400,0.500,0.000,0.0155,0.2711,0.1119,10.53,0.2948
40.807,-0.400,0.500,0.000,0.0244,0.2787,0.1326,7.73,0.2750
40.825,-0.400,0.500,0.000,0.0317,0.2816,0.1361,5.81,0.4084
40.846,-0.400,0.500,0.000,0.0417,0.2803,0.1326,14.20,0.4961
40.866,-0.400,0.500,0.000,0.0388,0.2670,0.1183,14.44,0.3597
40.886,-0.400,0.500,0.000,0.0262,0.2619,0.1133,14.27,0.3880
40.907,-0.400,0.500,0.000,0.0198,0.2590,0.0960,14.30,0.3575
40.926,-0.400,0.500,0.000,0.0249,0.2578,0.0901,12.26,0.3015
40.946,-0.400,0.500,0.000,0.0376,0.2567,0.0916,11.97,0.3653
40.966,-0.400,0.500,0.000,0.0398,0.2553,0.0935,12.16,0.3948
40.985,-0.400,0.500,0.000,0.0406,0.2573,0.0924,12.15,0.3536
41.007,-0.400,0.500,0.000,0.0399,0.2589,0.0887,12.15,0.3334
41.027,-0.400,0.500,0.000,0.0390,0.2610,0.0829,11.18,0.3148
41.046,-0.400,0.500,0.000,0.0379,0.2634,0.0839,11.04,0.2901
41.066,-0.400,0.500,0.000,0.0364,0.2692,0.1097,10.47,0.3385
41.086,-0.400,0.500,0.000,0.0367,0.2750,0.1257,8.40,0.3655
41.107,-0.400,0.500,0.000,0.0405,0.2819,0.1400,4.57,0.3912
41.127,-0.400,0.500,0.000,0.0378,0.2813,0.1378,11.76,0.4100
41.147,-0.400,0.500,0.000,0.0322,0.2792,0.1353,11.93,0.3615
41.166,-0.400,0.500,0.000,0.0232,0.2707,0.1149,15.28,0.3760
41.186,-0.400,0.500,0.000,0.0188,0.2677,0.1156,16.94,0.3583
41.206,-0.400,0.500,0.000,0.0165,0.2622,0.1152,14.29,0.3219
41.225,-0.400,0.500,0.000,0.0186,0.2595,0.1117,12.06,0.3173
41.246,-0.400,0.500,0.000,0.0216,0.2578,0.1067,11.67,0.3451
41.266,-0.400,0.500,0.000,0.0231,0.2571,0.1032,11.46,0.3904
41.286,-0.400,0.500,0.000,0.0238,0.2568,0.0965,12.57,0.3903
41.305,-0.400,0.500,0.000,0.0204,0.2579,0.0888,12.56,0.3576
41.327,-0.400,0.500,0.000,0.0182,0.2590,0.0847,12.04,0.3580
41.348,-0.400,0.500,0.000,0.0138,0.2621,0.0816,11.84,0.3569
41.366,-0.400,0.500,0.000,0.0134,0.2676,0.1036,11.72,0.3309
41.387,-0.400,0.500,0.000,0.0158,0.2723,0.1171,9.83,0.2935
41.405,-0.400,0.500,0.000,0.0271,0.2810,0.1414,5.42,0.3160
41.426,-0.400,0.500,0.000,0.0363,0.2842,0.1478,7.01,0.3966
41.446,-0.400,0.500,0.000,0.0409,0.2823,0.1448,10.86,0.4748
41.466,-0.400,0.500,0.000,0.0398,0.2728,0.1267,14.01,0.3574
41.485,-0.400,0.500,0.000,0.0302,0.2662,0.1170,14.84,0.3639
41.506,-0.400,0.500,0.000,0.0258,0.2635,0.1054,14.57,0.3384
41.526,-0.400,0.500,0.000,0.0337,0.2601,0.0962,12.53,0.2885
41.546,-0.400,0.500,0.000,0.0453,0.2589,0.0968,12.30,0.4091
41.566,-0.400,0.500,0.000,0.0502,0.2574,0.0979,10.87,0.4008
41.586,-0.400,0.500,0.000,0.0456,0.2585,0.0928,10.32,0.3325
41.607,-0.400,0.500,0.000,0.0435,0.2611,0.0806,11.41,0.3336
41.627,-0.400,0.500,0.000,0.0438,0.2621,0.0812,10.67,0.2819
41.645,-0.400,0.500,0.000,0.0444,0.2657,0.1036,11.08,0.3243
41.665,-0.400,0.500,0.000,0.0434,0.2721,0.1285,10.57,0.3311
41.685,-0.400,0.500,0.000,0.0437,0.2741,0.1336,10.36,0.3948
41.706,0.000,0.000,0.000,0.0512,0.2821,0.1494,5.19,0.3261
41.727,0.000,0.000,0.000,0.0501,0.2826,0.1481,11.87,0.4236
41.748,0.000,0.000,0.000,0.0410,0.2802,0.1413,13.52,0.4358
41.765,0.000,0.000,0.000,0.0334,0.2768,0.1261,13.41,0.3640
41.786,0.000,0.000,0.000,0.0399,0.2750,0.1203,10.51,0.3109
41.807,0.000,0.000,0.000,0.0443,0.2731,0.1203,14.92,0.4501
41.827,0.000,0.000,0.000,0.0328,0.2724,0.1222,18.17,0.4027
41.845,0.000,0.000,0.000,0.0208,0.2723,0.1255,11.19,0.3840
41.865,0.000,0.000,0.000,0.0164,0.2724,0.1244,11.30,0.2732
41.886,0.000,0.000,0.000,0.0258,0.2722,0.1072,9.48,0.2062
41.908,0.000,0.000,0.000,0.0332,0.2722,0.0978,8.05,0.2731
41.929,0.000,0.000,0.000,0.0276,0.2718,0.0947,11.79,0.2255
41.947,0.000,0.000,0.000,0.0102,0.2709,0.0938,11.54,0.2238
41.965,0.000,0.000,0.000,0.0035,0.2695,0.0948,11.82,0.2573
41.987,0.000,0.000,0.000,0.0118,0.2691,0.0948,9.09,0.2268
42.007,0.000,0.000,0.000,0.0216,0.2687,0.0950,10.55,0.3728
42.025,0.000,0.000,0.000,0.0181,0.2679,0.0957,15.64,0.3136
42.046,0.000,0.000,0.000,0.0071,0.2671,0.0960,12.35,0.2082
42.067,0.000,0.000,0.000,0.0113,0.2666,0.0958,8.44,0.1731
42.086,0.000,0.000,0.000,0.0269,0.2662,0.0959,8.00,0.2829
42.106,0.000,0.000,0.000,0.0338,0.2655,0.0962,12.13,0.3374
42.126,0.000,0.000,0.000,0.0300,0.2653,0.0961,13.66,0.2638
42.147,0.000,0.000,0.000,0.0069,0.2649,0.0961,9.78,0.2896
42.166,0.000,0.000,0.000,0.0038,0.2645,0.0961,12.39,0.3075
42.186,0.000,0.000,0.000,0.0118,0.2646,0.0959,12.12,0.1779
42.207,0.000,0.000,0.000,0.0260,0.2648,0.0958,7.93,0.3333
42.226,0.000,0.000,0.000,0.0250,0.2647,0.0958,13.39,0.2731
42.245,0.000,0.000,0.000,0.0133,0.2647,0.0958,12.57,0.2355
42.266,0.000,0.000,0.000,0.0090,0.2648,0.0956,10.47,0.4062
42.285,0.000,0.000,0.000,0.0055,0.2651,0.0954,15.77,0.1876
42.305,0.000,0.000,0.000,0.0103,0.2658,0.0951,14.18,0.3393
42.325,0.000,0.000,0.000,0.0282,0.2668,0.0946,13.74,0.3696
42.345,0.000,0.000,0.000,0.0028,0.2676,0.0943,12.20,0.2077
42.367,0.000,0.000,0.000,0.0182,0.2681,0.0941,11.72,0.4577
42.386,0.000,0.000,0.000,0.0250,0.2688,0.0936,17.90,0.2928
42.406,0.000,0.000,0.000,0.0116,0.2704,0.0935,7.80,0.2677
42.426,0.000,0.000,0.000,0.0252,0.2709,0.0942,8.63,0.5178
42.447,0.000,0.000,0.000,0.0252,0.2714,0.0949,19.96,0.2519
42.466,0.000,0.000,0.000,0.0190,0.2722,0.0963,5.74,0.4394
42.486,0.000,0.000,0.000,0.0363,0.2739,0.0959,6.19,0.4637
42.505,0.000,0.000,0.000,0.0216,0.2744,0.0920,17.38,0.1793
42.527,0.000,0.000,0.000,0.0129,0.2750,0.0944,15.71,0.3681
42.545,0.000,0.000,0.000,0.0220,0.2759,0.0974,4.69,0.4653
42.565,0.000,0.000,0.000,0.0128,0.2756,0.0979,17.64,0.2155
42.585,0.000,0.000,0.000,0.0183,0.2756,0.0977,5.33,0.3538
42.607,0.000,0.000,0.000,0.0290,0.2763,0.0977,4.60,0.4277
42.625,0.000,0.000,0.000,0.0230,0.2783,0.0956,12.05,0.1668
42.646,0.000,0.000,0.000,0.0135,0.2784,0.0948,6.70,0.3696
42.665,0.000,0.000,0.000,0.0120,0.2773,0.0928,14.42,0.1756
42.686,0.000,0.000,0.000,0.0181,0.2770,0.0920,4.41,0.2996
42.707,0.000,0.000,0.000,0.0215,0.2766,0.0922,12.30,0.2730
42.725,0.000,0.000,0.000,0.0104,0.2764,0.0923,11.64,0.1604
42.746,0.000,0.000,0.000,0.0180,0.2760,0.0924,8.32,0.3528
42.766,0.000,0.000,0.000,0.0154,0.2752,0.0924,14.94,0.1910
42.785,0.000,0.000,0.000,0.0164,0.2746,0.0932,6.14,0.4037
42.806,0.000,0.000,0.000,0.0294,0.2740,0.0935,17.34,0.2843
42.826,0.000,0.000,0.000,0.0076,0.2744,0.0933,8.80,0.2857
42.847,0.000,0.000,0.000,0.0159,0.2744,0.0936,8.84,0.5373
42.866,0.000,0.000,0.000,0.0144,0.2738,0.0938,11.44,0.2391
42.886,0.000,0.000,0.000,0.0321,0.2738,0.0951,6.92,0.3905
42.905,0.000,0.000,0.000,0.0390,0.2742,0.0936,14.60,0.2728
42.926,0.000,0.000,0.000,0.0153,0.2746,0.0921,9.14,0.2764
42.946,0.000,0.000,0.000,0.0172,0.2741,0.0934,12.25,0.4799
42.966,0.000,0.000,0.000,0.0060,0.2738,0.0939,18.15,0.1477
42.985,0.000,0.000,0.000,0.0425,0.2738,0.0952,7.62,0.4710
43.006,0.000,0.000,0.000,0.0447,0.2739,0.0928,7.40,0.2762
43.025,0.000,0.000,0.000,0.0290,0.2742,0.0914,17.71,0.2636
43.046,0.000,0.000,0.000,0.0161,0.2750,0.0946,12.44,0.4369
43.066,0.000,0.000,0.000,0.0103,0.2751,0.0949,14.49,0.1378
43.086,0.000,0.000,0.000,0.0309,0.2750,0.0949,5.56,0.4917
43.106,0.000,0.000,0.000,0.0371,0.2747,0.0932,18.58,0.2997
43.127,0.000,0.000,0.000,0.0141,0.2751,0.0931,8.90,0.3195
43.145,0.000,0.000,0.000,0.0210,0.2751,0.0941,9.33,0.5007
43.166,0.000,0.000,0.000,0.0117,0.2747,0.0949,18.53,0.1321
43.186,0.000,0.000,0.000,0.0440,0.2754,0.0968,7.69,0.5967
43.208,0.000,0.000,0.000,0.0517,0.2769,0.0932,5.21,0.4688
43.225,0.000,0.000,0.000,0.0364,0.2773,0.0903,17.41,0.1978
43.245,0.000,0.000,0.000,0.0168,0.2776,0.0908,9.37,0.3819
43.266,0.000,0.000,0.000,0.0137,0.2792,0.0884,6.84,0.1564
43.286,0.000,0.000,0.000,0.0214,0.2786,0.0851,5.56,0.3268
43.306,0.000,0.000,0.000,0.0265,0.2780,0.0855,12.01,0.3011
43.326,0.000,0.000,0.000,0.0093,0.2774,0.0857,10.78,0.1842
43.346,0.000,0.000,0.000,0.0246,0.2766,0.0860,9.17,0.3524
43.366,0.000,0.000,0.000,0.0127,0.2756,0.0865,13.98,0.1601
43.385,0.000,0.000,0.000,0.0082,0.2754,0.0870,13.21,0.3407
43.407,0.000,0.000,0.000,0.0270,0.2749,0.0893,14.19,0.3760
43.425,0.000,0.000,0.000,0.0093,0.2747,0.0894,13.86,0.1807
43.446,0.000,0.000,0.000,0.0197,0.2750,0.0896,8.37,0.4686
43.466,0.000,0.000,0.000,0.0075,0.2742,0.0895,17.41,0.1925
43.486,0.000,0.000,0.000,0.0440,0.2754,0.0908,4.25,0.4020
43.507,0.000,0.000,0.000,0.0439,0.2760,0.0893,15.72,0.3792
43.526,0.000,0.000,0.000,0.0211,0.2761,0.0880,13.93,0.1578
43.546,0.000,0.000,0.000,0.0112,0.2762,0.0898,6.69,0.2738
43.566,0.000,0.000,0.000,0.0120,0.2754,0.0892,10.86,0.1221
43.587,0.000,0.000,0.000,0.0310,0.2746,0.0895,7.27,0.3744
43.607,0.000,0.000,0.000,0.0294,0.2734,0.0898,16.14,0.2843
43.626,0.000,0.000,0.000,0.0117,0.2731,0.0898,9.87,0.2533
43.646,0.000,0.000,0.000,0.0202,0.2730,0.0901,11.37,0.4656
43.666,0.000,0.000,0.000,0.0107,0.2724,0.0906,18.78,0.1694
43.686,0.000,0.000,0.000,0.0164,0.2723,0.0912,6.29,0.4808
43.707,0.000,0.000,0.000,0.0280,0.2721,0.0907,19.80,0.4152
43.725,0.000,0.000,0.000,0.0118,0.2727,0.0901,13.50,0.1546
43.745,0.000,0.000,0.000,0.0265,0.2735,0.0906,7.10,0.3703
43.765,0.000,0.000,0.000,0.0190,0.2733,0.0889,14.90,0.2118
43.785,0.000,0.000,0.000,0.0109,0.2731,0.0891,7.23,0.3829
43.805,0.000,0.000,0.000,0.0208,0.2727,0.0888,15.52,0.3269
43.825,0.000,0.000,0.000,0.0152,0.2730,0.0882,10.36,0.2678
43.846,0.000,0.000,0.000,0.0390,0.2733,0.0879,11.44,0.5123
43.866,0.000,0.000,0.000,0.0192,0.2727,0.0887,20.00,0.1618
43.887,0.000,0.000,0.000,0.0222,0.2730,0.0911,7.55,0.5773
43.906,0.000,0.000,0.000,0.0327,0.2743,0.0896,19.57,0.3846
43.926,0.000,0.000,0.000,0.0262,0.2760,0.0876,11.46,0.3266
43.946,0.000,0.000,0.000,0.0449,0.2777,0.0901,13.91,0.3680
43.966,0.000,0.000,0.000,0.0260,0.2770,0.0883,11.69,0.1601
43.986,0.000,0.000,0.000,0.0115,0.2775,0.0880,12.50,0.4263
44.007,0.000,0.000,0.000,0.0128,0.2793,0.0895,14.02,0.2236
44.026,0.000,0.000,0.000,0.0287,0.2789,0.0892,8.07,0.3395
44.046,0.000,0.000,0.000,0.0400,0.2786,0.0892,7.73,0.4184
44.065,0.000,0.000,0.000,0.0360,0.2776,0.0901,17.16,0.1829
44.087,0.000,0.000,0.000,0.0150,0.2777,0.0947,4.30,0.2860
44.105,0.000,0.000,0.000,0.0162,0.2779,0.0943,5.31,0.2912
44.126,0.000,0.000,0.000,0.0142,0.2774,0.0946,10.92,0.1409
44.145,0.000,0.000,0.000,0.0266,0.2771,0.0946,6.40,0.3057
44.166,0.000,0.000,0.000,0.0191,0.2757,0.0937,13.29,0.1997
44.186,0.000,0.000,0.000,0.0167,0.2749,0.0948,6.94,0.2610
44.205,0.000,0.000,0.000,0.0207,0.2743,0.0951,7.85,0.3077
44.228,0.000,0.000,0.000,0.0121,0.2732,0.0953,12.13,0.1302
44.247,0.000,0.000,0.000,0.0259,0.2727,0.0941,6.35,0.3146
44.266,0.000,0.000,0.000,0.0274,0.2721,0.0955,5.57,0.2949
44.287,0.000,0.000,0.000,0.0212,0.2715,0.0957,13.10,0.1378
44.307,0.000,0.000,0.000,0.0086,0.2709,0.0960,7.12,0.3673
44.326,0.000,0.000,0.000,0.0155,0.2703,0.0961,15.52,0.3056
44.345,0.000,0.000,0.000,0.0145,0.2704,0.0959,10.77,0.1934
44.366,0.000,0.000,0.000,0.0334,0.2706,0.0958,8.13,0.2787
44.386,0.000,0.000,0.000,0.0114,0.2701,0.0960,10.47,0.1446
44.407,0.000,0.000,0.000,0.0057,0.2699,0.0961,7.14,0.3347
44.426,0.000,0.000,0.000,0.0068,0.2694,0.0961,13.20,0.1606
44.446,0.000,0.000,0.000,0.0232,0.2696,0.0960,5.17,0.2904
44.466,0.000,0.000,0.000,0.0273,0.2692,0.0962,12.20,0.2200
44.486,0.000,0.000,0.000,0.0072,0.2688,0.0972,7.89,0.2919
44.507,0.000,0.000,0.000,0.0142,0.2685,0.0975,12.97,0.3773
44.525,0.000,0.000,0.000,0.0071,0.2687,0.0974,14.00,0.1424
44.547,0.000,0.000,0.000,0.0326,0.2696,0.0969,6.62,0.3956
44.566,0.000,0.000,0.000,0.0367,0.2698,0.0966,16.16,0.3343
44.585,0.000,0.000,0.000,0.0112,0.2700,0.0972,11.15,0.2956
44.606,0.000,0.000,0.000,0.0162,0.2709,0.0968,12.10,0.4462
44.627,0.000,0.000,0.000,0.0095,0.2715,0.0955,15.43,0.1221
44.646,0.000,0.000,0.000,0.0244,0.2722,0.0951,14.63,0.3827
44.666,0.000,0.000,0.000,0.0372,0.2729,0.0944,15.96,0.4822
44.686,0.000,0.000,0.000,0.0092,0.2737,0.0973,15.43,0.2120
44.706,0.000,0.000,0.000,0.0278,0.2747,0.0995,8.88,0.5932
44.725,0.000,0.000,0.000,0.0286,0.2766,0.0956,19.76,0.2161
44.745,0.000,0.000,0.000,0.0176,0.2778,0.0919,5.42,0.2957
44.766,0.000,0.000,0.000,0.0273,0.2776,0.0938,12.71,0.3631
44.786,0.000,0.000,0.000,0.0094,0.2775,0.0948,10.07,0.1964
44.807,0.000,0.000,0.000,0.0326,0.2778,0.0972,10.31,0.5436
44.827,0.000,0.000,0.000,0.0310,0.2780,0.0949,19.99,0.2293
44.845,0.000,0.000,0.000,0.0191,0.2785,0.0940,6.92,0.3916
44.866,0.000,0.000,0.000,0.0280,0.2790,0.0942,16.20,0.5376
44.885,0.000,0.000,0.000,0.0087,0.2778,0.0927,17.91,0.2172
44.907,0.000,0.000,0.000,0.0546,0.2815,0.0937,13.47,0.4930
44.926,0.000,0.000,0.000,0.0407,0.2814,0.0846,16.76,0.1884
44.948,0.000,0.000,0.000,0.0207,0.2814,0.0811,8.41,0.2721
44.970,0.000,0.000,0.000,0.0163,0.2805,0.0822,12.05,0.2374
44.985,0.000,0.000,0.000,0.0158,0.2803,0.0834,11.37,0.1368
45.006,0.000,0.000,0.000,0.0311,0.2785,0.0847,7.51,0.3230
45.025,0.000,0.000,0.000,0.0261,0.2769,0.0852,14.92,0.1373
45.046,0.000,0.000,0.000,0.0095,0.2762,0.0855,4.51,0.2558
45.066,0.000,0.000,0.000,0.0081,0.2759,0.0857,5.04,0.2915
45.086,0.000,0.000,0.000,0.0255,0.2740,0.0869,11.56,0.1556
45.105,0.000,0.000,0.000,0.0479,0.2736,0.0878,7.90,0.4394
45.126,0.000,0.000,0.000,0.0486,0.2733,0.0880,7.35,0.3410
45.147,0.000,0.000,0.000,0.0136,0.2732,0.0851,16.04,0.3215
45.166,0.000,0.000,0.000,0.0194,0.2733,0.0892,13.89,0.6093
45.186,0.000,0.000,0.000,0.0073,0.2738,0.0890,20.07,0.1875
45.207,0.000,0.000,0.000,0.0455,0.2743,0.0915,9.16,0.4883
45.225,0.000,0.000,0.000,0.0523,0.2755,0.0898,5.62,0.4262
45.247,0.000,0.000,0.000,0.0401,0.2760,0.0851,16.71,0.1856
45.266,0.000,0.000,0.000,0.0131,0.2758,0.0870,6.48,0.2802
45.285,0.000,0.000,0.000,0.0094,0.2758,0.0880,10.17,0.1894
45.307,0.000,0.000,0.000,0.0363,0.2748,0.0891,7.06,0.2940
45.327,0.000,0.000,0.000,0.0435,0.2741,0.0894,12.67,0.3451
45.347,0.000,0.000,0.000,0.0204,0.2734,0.0895,12.30,0.1621
45.366,0.000,0.000,0.000,0.0132,0.2733,0.0896,12.12,0.3558
45.386,0.000,0.000,0.000,0.0149,0.2724,0.0900,14.21,0.1581
45.405,0.000,0.000,0.000,0.0473,0.2725,0.0907,5.39,0.4964
45.425,0.000,0.000,0.000,0.0562,0.2724,0.0903,5.09,0.5602
45.446,0.000,0.000,0.000,0.0261,0.2729,0.0896,19.19,0.1666
45.466,0.000,0.000,0.000,0.0188,0.2738,0.0913,7.58,0.5775
45.486,0.000,0.000,0.000,0.0231,0.2752,0.0902,16.58,0.4359
45.505,0.000,0.000,0.000,0.0169,0.2738,0.0881,13.89,0.5729
45.525,0.000,0.000,0.000,0.0510,0.2789,0.0889,16.63,0.3401
45.546,0.000,0.000,0.000,0.0266,0.2816,0.0827,12.06,0.2965
45.565,0.000,0.000,0.000,0.0146,0.2809,0.0831,9.52,0.3112
45.585,0.000,0.000,0.000,0.0111,0.2814,0.0850,10.29,0.1364
45.606,0.000,0.000,0.000,0.0341,0.2792,0.0867,5.91,0.2870
45.625,0.000,0.000,0.000,0.0349,0.2784,0.0869,12.59,0.2630
45.647,0.000,0.000,0.000,0.0203,0.2778,0.0871,10.12,0.1864
45.666,0.000,0.000,0.000,0.0084,0.2772,0.0880,7.03,0.2826
45.686,0.000,0.000,0.000,0.0087,0.2758,0.0885,11.85,0.1248
45.707,0.000,0.000,0.000,0.0383,0.2749,0.0892,6.11,0.3155
45.726,0.000,0.000,0.000,0.0317,0.2736,0.0895,12.94,0.2173
45.745,0.000,0.000,0.000,0.0115,0.2732,0.0896,7.72,0.2175
45.766,0.000,0.000,0.000,0.0066,0.2722,0.0901,10.33,0.1883
45.786,0.000,0.000,0.000,0.0103,0.2715,0.0903,9.13,0.1732
45.807,0.000,0.000,0.000,0.0331,0.2697,0.0910,8.40,0.2636
45.825,0.000,0.000,0.000,0.0247,0.2691,0.0912,8.01,0.1393
45.848,0.000,0.000,0.000,0.0135,0.2686,0.0913,10.31,0.2524
45.866,0.000,0.000,0.000,0.0078,0.2673,0.0918,11.06,0.1565
45.885,0.000,0.000,0.000,0.0186,0.2670,0.0919,7.42,0.2771
45.907,0.000,0.000,0.000,0.0275,0.2666,0.0921,12.08,0.3178
45.928,0.000,0.000,0.000,0.0093,0.2665,0.0921,10.65,0.1433
45.946,0.000,0.000,0.000,0.0100,0.2666,0.0920,6.53,0.3471
45.966,0.000,0.000,0.000,0.0072,0.2665,0.0921,14.09,0.2180
45.986,0.000,0.000,0.000,0.0197,0.2667,0.0920,6.86,0.3524
46.007,0.000,0.000,0.000,0.0356,0.2671,0.0917,14.70,0.4901
46.029,0.000,0.000,0.000,0.0228,0.2676,0.0915,17.72,0.1504
46.045,0.000,0.000,0.000,0.0065,0.2685,0.0914,17.24,0.4241
46.066,0.000,0.000,0.000,0.0174,0.2697,0.0914,17.74,0.5461
46.086,0.000,0.000,0.000,0.0165,0.2705,0.0918,17.60,0.2070
46.106,0.000,0.000,0.000,0.0341,0.2722,0.0915,10.05,0.3880
46.126,0.000,0.000,0.000,0.0278,0.2741,0.0858,14.18,0.1647
46.146,0.000,0.000,0.000,0.0092,0.2748,0.0844,4.44,0.2253
46.166,0.000,0.000,0.000,0.0100,0.2743,0.0852,9.95,0.1760
46.187,0.000,0.000,0.000,0.0166,0.2729,0.0860,6.72,0.2163
46.205,0.000,0.000,0.000,0.0242,0.2723,0.0862,7.04,0.3118
46.225,0.000,0.000,0.000,0.0211,0.2716,0.0865,13.70,0.1431
46.245,0.000,0.000,0.000,0.0081,0.2715,0.0866,5.10,0.3452
46.266,0.000,0.000,0.000,0.0162,0.2710,0.0870,14.74,0.2033
46.286,0.000,0.000,0.000,0.0116,0.2709,0.0875,6.92,0.2629
46.307,0.000,0.000,0.000,0.0221,0.2708,0.0877,11.50,0.2520
46.326,0.000,0.000,0.000,0.0077,0.2708,0.0876,8.38,0.2162
46.346,0.000,0.000,0.000,0.0131,0.2708,0.0876,8.18,0.4018
46.366,0.000,0.000,0.000,0.0126,0.2703,0.0880,16.33,0.1912
46.387,0.000,0.000,0.000,0.0272,0.2705,0.0886,5.18,0.3289
46.406,0.000,0.000,0.000,0.0295,0.2703,0.0885,13.48,0.3628
46.426,0.000,0.000,0.000,0.0087,0.2706,0.0884,12.49,0.2033
46.446,0.000,0.000,0.000,0.0240,0.2711,0.0890,8.55,0.4761
46.466,0.000,0.000,0.000,0.0075,0.2709,0.0895,18.86,0.3044
46.486,0.000,0.000,0.000,0.0324,0.2714,0.0906,8.39,0.4213
46.505,0.000,0.000,0.000,0.0450,0.2718,0.0905,9.29,0.5607
46.525,0.000,0.000,0.000,0.0390,0.2722,0.0900,21.36,0.1986
46.546,0.000,0.000,0.000,0.0145,0.2733,0.0920,5.11,0.4692
46.566,0.000,0.000,0.000,0.0287,0.2766,0.0948,16.11,0.2668
46.587,0.000,0.000,0.000,0.0079,0.2766,0.0935,7.96,0.4728
46.607,0.000,0.000,0.000,0.0235,0.2803,0.0929,15.18,0.5441
46.626,0.000,0.000,0.000,0.0106,0.2812,0.0901,15.02,0.1294
46.648,0.000,0.000,0.000,0.0198,0.2805,0.0897,8.27,0.4724
46.666,0.000,0.000,0.000,0.0281,0.2799,0.0892,20.38,0.3977
46.686,0.000,0.000,0.000,0.0141,0.2788,0.0899,12.95,0.1638
46.706,0.000,0.000,0.000,0.0295,0.2796,0.0926,11.03,0.5598
46.727,0.000,0.000,0.000,0.0401,0.2815,0.0933,17.88,0.3059
46.746,0.000,0.000,0.000,0.0138,0.2828,0.0912,8.22,0.2637
46.766,0.000,0.000,0.000,0.0182,0.2833,0.0932,10.14,0.4951
46.787,0.000,0.000,0.000,0.0116,0.2818,0.0918,11.02,0.2734
46.806,0.000,0.000,0.000,0.0490,0.2843,0.0915,13.57,0.7268
46.826,0.000,0.000,0.000,0.0421,0.2876,0.0857,8.14,0.1459
46.846,0.000,0.000,0.000,0.0183,0.2877,0.0778,18.44,0.4115
46.865,0.000,0.000,0.000,0.0125,0.2882,0.0774,4.91,0.2661
46.886,0.000,0.000,0.000,0.0222,0.2863,0.0796,9.61,0.2245
46.907,0.000,0.000,0.000,0.0409,0.2849,0.0813,13.67,0.4769
46.926,0.000,0.000,0.000,0.0294,0.2840,0.0816,9.79,0.1696
46.945,0.000,0.000,0.000,0.0115,0.2839,0.0829,5.01,0.3452
46.965,0.000,0.000,0.000,0.0149,0.2834,0.0868,15.44,0.3800
46.985,0.000,0.000,0.000,0.0184,0.2818,0.0909,13.35,0.3875
47.006,0.000,0.000,0.000,0.0387,0.2820,0.0942,19.37,0.7741
47.028,0.000,0.000,0.000,0.0123,0.2832,0.0867,23.08,0.1775
47.046,0.000,0.000,0.000,0.0341,0.2842,0.0895,5.96,0.5243
47.065,0.000,0.000,0.000,0.0356,0.2844,0.0876,19.54,0.4753
47.086,0.000,0.000,0.000,0.0159,0.2834,0.0840,11.60,0.4323
47.106,0.000,0.000,0.000,0.0417,0.2858,0.0885,15.87,0.7053
47.128,0.000,0.000,0.000,0.0360,0.2896,0.0869,5.41,0.1970
47.145,0.000,0.000,0.000,0.0202,0.2888,0.0837,7.44,0.3593
47.166,0.000,0.000,0.000,0.0249,0.2903,0.0855,9.79,0.3537
47.186,0.000,0.000,0.000,0.0151,0.2897,0.0877,12.00,0.1541
47.207,0.000,0.000,0.000,0.0228,0.2891,0.0899,6.50,0.4274
47.225,0.000,0.000,0.000,0.0230,0.2891,0.0903,11.48,0.2384
47.247,0.000,0.000,0.000,0.0118,0.2877,0.0904,9.02,0.2382
47.266,0.000,0.000,0.000,0.0264,0.2865,0.0907,12.07,0.2771
47.286,0.000,0.000,0.000,0.0138,0.2844,0.0913,10.89,0.1298
47.305,0.000,0.000,0.000,0.0184,0.2837,0.0945,6.47,0.4306
47.325,0.000,0.000,0.000,0.0200,0.2835,0.0960,6.03,0.2681
47.347,0.000,0.000,0.000,0.0100,0.2824,0.0959,10.56,0.1320
47.367,0.000,0.000,0.000,0.0258,0.2812,0.0960,7.30,0.2075
47.387,0.000,0.000,0.000,0.0169,0.2799,0.0957,8.76,0.1264
47.406,0.000,0.000,0.000,0.0090,0.2779,0.0965,5.56,0.1978
47.428,0.000,0.000,0.000,0.0091,0.2763,0.0968,9.18,0.1687
47.445,0.000,0.000,0.000,0.0188,0.2747,0.0971,6.54,0.2479
47.465,0.000,0.000,0.000,0.0270,0.2734,0.0974,11.83,0.2642
47.488,0.000,0.000,0.000,0.0162,0.2721,0.0979,10.86,0.1335
47.508,0.000,0.000,0.000,0.0221,0.2703,0.0985,7.44,0.3821
47.526,0.000,0.000,0.000,0.0209,0.2695,0.0987,15.86,0.2264
47.546,0.000,0.000,0.000,0.0128,0.2694,0.0986,14.56,0.2665
47.566,0.000,0.000,0.000,0.0224,0.2692,0.0985,11.61,0.3161
47.586,0.000,0.000,0.000,0.0106,0.2687,0.0989,11.66,0.1449
47.606,0.000,0.000,0.000,0.0300,0.2689,0.0985,7.51,0.4563
47.627,0.000,0.000,0.000,0.0266,0.2686,0.0977,18.09,0.4081
47.647,0.000,0.000,0.000,0.0163,0.2696,0.0974,13.06,0.2460
47.666,0.000,0.000,0.000,0.0311,0.2706,0.0984,9.86,0.4987
47.687,0.000,0.000,0.000,0.0135,0.2709,0.0964,18.45,0.1459
47.707,0.000,0.000,0.000,0.0317,0.2717,0.0960,7.26,0.6185
47.725,0.000,0.000,0.000,0.0415,0.2736,0.0890,19.68,0.3031
47.745,0.000,0.000,0.000,0.0164,0.2744,0.0854,8.76,0.3636
47.765,0.000,0.000,0.000,0.0213,0.2751,0.0877,15.00,0.4511
47.785,0.000,0.000,0.000,0.0134,0.2771,0.0877,12.93,0.1635
47.805,0.000,0.000,0.000,0.0435,0.2782,0.0881,8.00,0.3721
47.825,0.000,0.000,0.000,0.0409,0.2782,0.0841,15.22,0.2530
47.846,0.000,0.000,0.000,0.0290,0.2783,0.0828,9.89,0.1814
47.865,0.000,0.000,0.000,0.0135,0.2770,0.0844,8.07,0.1953
47.886,0.000,0.000,0.000,0.0256,0.2754,0.0850,7.93,0.1686
47.905,0.000,0.000,0.000,0.0312,0.2741,0.0856,7.86,0.2315
47.925,0.000,0.000,0.000,0.0242,0.2733,0.0858,9.77,0.1681
47.945,0.000,0.000,0.000,0.0097,0.2717,0.0865,6.26,0.1922
47.965,0.000,0.000,0.000,0.0108,0.2706,0.0869,7.39,0.1836
47.988,0.000,0.000,0.000,0.0241,0.2697,0.0873,8.87,0.2934
48.005,0.000,0.000,0.000,0.0249,0.2689,0.0875,8.32,0.2116
48.025,0.000,0.000,0.000,0.0140,0.2683,0.0878,8.71,0.1580
48.047,0.000,0.000,0.000,0.0076,0.2679,0.0879,7.99,0.1901
48.067,0.000,0.000,0.000,0.0063,0.2669,0.0892,8.43,0.1652
48.085,0.000,0.000,0.000,0.0114,0.2666,0.0884,7.74,0.2083
48.105,0.000,0.000,0.000,0.0188,0.2663,0.0886,8.89,0.2515
48.125,0.000,0.000,0.000,0.0158,0.2661,0.0886,10.18,0.1578
48.145,0.000,0.000,0.000,0.0068,0.2659,0.0883,5.81,0.1706
48.166,0.000,0.000,0.000,0.0086,0.2655,0.0889,7.39,0.1787
48.186,0.000,0.000,0.000,0.0061,0.2652,0.0890,7.19,0.1958
48.209,0.000,0.000,0.000,0.0099,0.2649,0.0891,8.43,0.2070
48.227,0.000,0.000,0.000,0.0107,0.2648,0.0892,8.10,0.1933
48.245,0.000,0.000,0.000,0.0068,0.2647,0.0892,7.47,0.1664
48.268,0.000,0.000,0.000,0.0055,0.2646,0.0893,7.14,0.1907
48.287,0.000,0.000,0.000,0.0076,0.2644,0.0893,7.87,0.1777
48.307,0.000,0.000,0.000,0.0047,0.2642,0.0894,7.52,0.2040
48.327,0.000,0.000,0.000,0.0091,0.2641,0.0895,8.29,0.2206
48.347,0.000,0.000,0.000,0.0046,0.2642,0.0895,8.38,0.1642
48.365,0.000,0.000,0.000,0.0085,0.2643,0.0894,6.19,0.2036
48.387,0.000,0.000,0.000,0.0086,0.2642,0.0895,8.29,0.1901
48.405,0.000,0.000,0.000,0.0064,0.2642,0.0895,6.84,0.1985
48.425,0.000,0.000,0.000,0.0131,0.2642,0.0895,6.70,0.2714
48.446,0.000,0.000,0.000,0.0169,0.2642,0.0895,8.22,0.2719
48.466,0.000,0.000,0.000,0.0094,0.2648,0.0894,9.13,0.1795
48.486,0.000,0.000,0.000,0.0189,0.2651,0.0893,7.50,0.2844
48.505,0.000,0.000,0.000,0.0087,0.2650,0.0893,11.05,0.1703
48.525,0.000,0.000,0.000,0.0166,0.2654,0.0892,7.81,0.3703
48.546,0.000,0.000,0.000,0.0175,0.2656,0.0891,14.87,0.1782
48.565,0.000,0.000,0.000,0.0050,0.2663,0.0889,5.11,0.3133
48.585,0.000,0.000,0.000,0.0119,0.2667,0.0887,12.69,0.3259
48.605,0.000,0.000,0.000,0.0140,0.2672,0.0890,11.64,0.1847
48.626,0.000,0.000,0.000,0.0218,0.2675,0.0890,10.59,0.4407
48.646,0.000,0.000,0.000,0.0298,0.2682,0.0887,18.13,0.4562
48.665,0.000,0.000,0.000,0.0050,0.2694,0.0885,15.00,0.2085
48.687,0.000,0.000,0.000,0.0247,0.2711,0.0905,8.44,0.5996
48.705,0.000,0.000,0.000,0.0196,0.2715,0.0901,21.17,0.3673
48.725,0.000,0.000,0.000,0.0186,0.2714,0.0907,10.64,0.5440
48.745,0.000,0.000,0.000,0.0458,0.2744,0.0922,17.16,0.4304
48.765,0.000,0.000,0.000,0.0236,0.2770,0.0876,12.84,0.2306
48.785,0.000,0.000,0.000,0.0132,0.2779,0.0890,6.17,0.3819
48.805,0.000,0.000,0.000,0.0126,0.2791,0.0889,8.32,0.1688
48.825,0.000,0.000,0.000,0.0158,0.2787,0.0876,5.18,0.2864
48.845,0.000,0.000,0.000,0.0261,0.2782,0.0878,12.97,0.3348
48.865,0.000,0.000,0.000,0.0195,0.2781,0.0878,10.34,0.1545
48.885,0.000,0.000,0.000,0.0202,0.2776,0.0882,5.02,0.2020
48.905,0.000,0.000,0.000,0.0190,0.2767,0.0884,8.75,0.1541
48.925,0.000,0.000,0.000,0.0086,0.2751,0.0901,6.46,0.1762
48.945,0.000,0.000,0.000,0.0182,0.2742,0.0915,8.48,0.2553
48.965,0.000,0.000,0.000,0.0102,0.2732,0.0920,10.37,0.1364
48.986,0.000,0.000,0.000,0.0097,0.2726,0.0922,9.87,0.3199
49.005,0.000,0.000,0.000,0.0244,0.2720,0.0924,14.48,0.3434
49.025,0.000,0.000,0.000,0.0115,0.2716,0.0927,13.03,0.1281
49.046,0.000,0.000,0.000,0.0129,0.2716,0.0931,11.87,0.4244
49.066,0.000,0.000,0.000,0.0238,0.2715,0.0931,17.24,0.2800
49.085,0.000,0.000,0.000,0.0156,0.2723,0.0927,8.00,0.2478
49.105,0.000,0.000,0.000,0.0262,0.2724,0.0930,9.04,0.4794
49.126,0.000,0.000,0.000,0.0075,0.2719,0.0942,18.29,0.1367
49.145,0.000,0.000,0.000,0.0363,0.2730,0.0960,7.18,0.3783
49.165,0.000,0.000,0.000,0.0361,0.2730,0.0939,6.27,0.2446
49.185,0.000,0.000,0.000,0.0129,0.2729,0.0914,9.38,0.2118
49.205,0.000,0.000,0.000,0.0154,0.2726,0.0917,9.27,0.3916
49.227,0.000,0.000,0.000,0.0081,0.2720,0.0919,15.56,0.1726
49.245,0.000,0.000,0.000,0.0260,0.2717,0.0921,6.48,0.4424
49.265,0.000,0.000,0.000,0.0325,0.2711,0.0917,18.57,0.2372
49.285,0.000,0.000,0.000,0.0104,0.2717,0.0916,7.34,0.2703
49.305,0.000,0.000,0.000,0.0138,0.2714,0.0924,11.60,0.2323
49.326,0.000,0.000,0.000,0.0210,0.2708,0.0940,8.07,0.2967
49.347,0.000,0.000,0.000,0.0303,0.2706,0.0942,8.34,0.4162
49.366,0.000,0.000,0.000,0.0199,0.2704,0.0942,15.88,0.1699
49.385,0.000,0.000,0.000,0.0086,0.2708,0.0942,4.48,0.2541
49.406,0.000,0.000,0.000,0.0122,0.2702,0.0945,11.53,0.3372
49.427,0.000,0.000,0.000,0.0165,0.2697,0.0948,12.06,0.1649
49.446,0.000,0.000,0.000,0.0345,0.2697,0.0947,7.96,0.3757
49.466,0.000,0.000,0.000,0.0340,0.2696,0.0946,15.60,0.2355
49.486,0.000,0.000,0.000,0.0089,0.2701,0.0944,6.64,0.2875
49.505,0.000,0.000,0.000,0.0228,0.2702,0.0943,11.99,0.2700
49.525,0.000,0.000,0.000,0.0106,0.2701,0.0947,10.51,0.1951
49.545,0.000,0.000,0.000,0.0208,0.2701,0.0952,9.23,0.2973
49.565,0.000,0.000,0.000,0.0087,0.2697,0.0951,11.05,0.1454
49.585,0.000,0.000,0.000,0.0109,0.2697,0.0951,10.46,0.3272
49.606,0.000,0.000,0.000,0.0142,0.2693,0.0952,13.26,0.2332
49.626,0.000,0.000,0.000,0.0143,0.2695,0.0952,11.77,0.2665
49.645,0.000,0.000,0.000,0.0258,0.2696,0.0951,11.59,0.3969
49.665,0.000,0.000,0.000,0.0085,0.2698,0.0947,14.16,0.1912
49.685,0.000,0.000,0.000,0.0301,0.2709,0.0939,8.12,0.3560
49.705,0.000,0.000,0.000,0.0254,0.2710,0.0931,14.14,0.2155
49.725,0.000,0.000,0.000,0.0189,0.2714,0.0928,5.62,0.2562
49.745,0.000,0.000,0.000,0.0252,0.2711,0.0924,10.61,0.2631
49.765,0.000,0.000,0.000,0.0181,0.2710,0.0924,10.06,0.1303
49.785,0.000,0.000,0.000,0.0141,0.2708,0.0924,6.17,0.3006
49.805,0.000,0.000,0.000,0.0177,0.2702,0.0926,13.17,0.2630
49.825,0.000,0.000,0.000,0.0045,0.2698,0.0928,9.68,0.2309
49.845,0.000,0.000,0.000,0.0252,0.2694,0.0929,10.41,0.3451
49.865,0.000,0.000,0.000,0.0169,0.2691,0.0929,13.26,0.1358
49.885,0.000,0.000,0.000,0.0088,0.2693,0.0928,12.11,0.3083
49.905,0.000,0.000,0.000,0.0205,0.2693,0.0928,13.21,0.2898
49.925,0.000,0.000,0.000,0.0033,0.2693,0.0929,10.27,0.2407
49.945,0.000,0.000,0.000,0.0174,0.2694,0.0928,9.63,0.4444
49.965,0.000,0.000,0.000,0.0226,0.2695,0.0927,17.70,0.2733
49.985,0.000,0.000,0.000,0.0128,0.2705,0.0926,7.80,0.2422
50.005,0.000,0.000,0.000,0.0241,0.2708,0.0930,8.72,0.4873
50.025,0.000,0.000,0.000,0.0139,0.2708,0.0943,9.36,0.1832
50.045,0.000,0.000,0.000,0.0179,0.2712,0.0955,6.43,0.4531
50.065,0.000,0.000,0.000,0.0264,0.2714,0.0939,17.82,0.3311
50.085,0.000,0.000,0.000,0.0083,0.2722,0.0928,11.20,0.3148
50.105,0.000,0.000,0.000,0.0305,0.2731,0.0935,13.02,0.3638
50.126,0.000,0.000,0.000,0.0105,0.2728,0.0934,13.01,0.2278
50.146,0.000,0.000,0.000,0.0242,0.2748,0.0971,9.33,0.5163
50.166,0.000,0.000,0.000,0.0144,0.2745,0.0952,19.66,0.1181
50.186,0.000,0.000,0.000,0.0251,0.2752,0.0940,5.44,0.4543
50.206,0.000,0.000,0.000,0.0297,0.2751,0.0928,18.21,0.2253
50.225,0.000,0.000,0.000,0.0145,0.2746,0.0941,15.46,0.5693
50.246,0.000,0.000,0.000,0.0467,0.2760,0.0973,21.10,0.6920
50.266,0.000,0.000,0.000,0.0139,0.2791,0.0913,17.16,0.2713
50.286,0.000,0.000,0.000,0.0306,0.2804,0.0889,10.09,0.4653
50.307,0.000,0.000,0.000,0.0233,0.2816,0.0799,13.83,0.1368
50.325,0.000,0.000,0.000,0.0063,0.2820,0.0745,3.88,0.1931
50.346,0.000,0.000,0.000,0.0067,0.2827,0.0772,5.03,0.1554
50.367,0.000,0.000,0.000,0.0127,0.2830,0.0825,4.50,0.1608
50.386,0.000,0.000,0.000,0.0153,0.2792,0.0848,8.60,0.1587
50.407,0.000,0.000,0.000,0.0112,0.2772,0.0856,7.43,0.1520
50.426,0.000,0.000,0.000,0.0084,0.2761,0.0861,7.33,0.1714
50.446,0.000,0.000,0.000,0.0078,0.2743,0.0868,6.87,0.1731
50.466,0.000,0.000,0.000,0.0139,0.2731,0.0873,6.52,0.1551
50.486,0.000,0.000,0.000,0.0189,0.2710,0.0880,6.99,0.1735
50.505,0.000,0.000,0.000,0.0146,0.2702,0.0883,7.43,0.1494
50.526,0.000,0.000,0.000,0.0021,0.2686,0.0889,6.90,0.1796
50.545,0.000,0.000,0.000,0.0022,0.2680,0.0891,6.92,0.1731
50.566,0.000,0.000,0.000,0.0096,0.2669,0.0895,6.97,0.1516
50.586,0.000,0.000,0.000,0.0147,0.2661,0.0898,6.86,0.1767
50.606,0.000,0.000,0.000,0.0130,0.2658,0.0899,6.65,0.1718
50.625,0.000,0.000,0.000,0.0010,0.2650,0.0902,7.75,0.1854
50.645,0.000,0.000,0.000,0.0008,0.2647,0.0901,7.57,0.1549
50.667,0.000,0.000,0.000,0.0008,0.2646,0.0904,7.44,0.1591
50.686,0.000,0.000,0.000,0.0077,0.2643,0.0905,6.81,0.1761
50.705,0.000,0.000,0.000,0.0068,0.2641,0.0905,7.18,0.1755
50.726,0.000,0.000,0.000,0.0029,0.2639,0.0906,7.32,0.1850
50.746,0.000,0.000,0.000,0.0013,0.2638,0.0907,7.50,0.1749
50.765,0.000,0.000,0.000,0.0021,0.2637,0.0907,7.00,0.1748
50.785,0.000,0.000,0.000,0.0024,0.2637,0.0907,7.03,0.1767
50.805,0.000,0.000,0.000,0.0025,0.2636,0.0907,7.10,0.1777
50.825,0.000,0.000,0.000,0.0026,0.2636,0.0907,7.13,0.1779
50.845,0.000,0.000,0.000,0.0026,0.2636,0.0907,7.13,0.1780
50.866,0.000,0.000,0.000,0.0027,0.2635,0.0907,7.13,0.1781
50.886,0.000,0.000,0.000,0.0027,0.2635,0.0907,7.14,0.1782
50.908,0.000,0.000,0.000,0.0028,0.2635,0.0908,7.14,0.1783
50.925,0.000,0.000,0.000,0.0028,0.2635,0.0908,7.14,0.1783
50.945,0.000,0.000,0.000,0.0028,0.2635,0.0908,7.14,0.1784
50.967,0.000,0.000,0.000,0.0029,0.2635,0.0908,7.14,0.1784
50.986,0.000,0.000,0.000,0.0029,0.2634,0.0908,7.14,0.1785
51.005,0.000,0.000,0.000,0.0029,0.2634,0.0908,7.15,0.1785
51.026,0.000,0.000,0.000,0.0030,0.2634,0.0908,7.15,0.1785
51.046,0.000,0.000,0.000,0.0030,0.2634,0.0908,7.15,0.1785
51.066,0.000,0.000,0.000,0.0031,0.2634,0.0908,7.15,0.1786
51.086,0.000,0.000,0.000,0.0031,0.2634,0.0908,7.15,0.1786
51.107,0.000,0.000,0.000,0.0031,0.2634,0.0908,7.15,0.1786
51.126,0.000,0.000,0.000,0.0032,0.2634,0.0908,7.15,0.1786
51.146,0.000,0.000,0.000,0.0032,0.2634,0.0908,7.15,0.1787
51.166,0.000,0.000,0.000,0.0032,0.2633,0.0908,7.15,0.1787
51.186,0.000,0.000,0.000,0.0033,0.2633,0.0908,7.15,0.1787
51.207,0.000,0.000,0.000,0.0033,0.2633,0.0908,7.15,0.1787
51.226,0.000,0.000,0.000,0.0033,0.2633,0.0908,7.16,0.1788
51.246,0.000,0.000,0.000,0.0033,0.2633,0.0908,7.16,0.1788
51.266,0.000,0.000,0.000,0.0034,0.2633,0.0908,7.16,0.1788
51.286,0.000,0.000,0.000,0.0034,0.2633,0.0908,7.16,0.1788
51.307,0.000,0.000,0.000,0.0035,0.2633,0.0908,7.16,0.1788
51.327,0.000,0.000,0.000,0.0035,0.2633,0.0909,7.16,0.1788
51.346,0.000,0.000,0.000,0.0035,0.2633,0.0909,7.16,0.1788
51.366,0.000,0.000,0.000,0.0035,0.2632,0.0909,7.16,0.1789
51.386,0.000,0.000,0.000,0.0036,0.2632,0.0909,7.16,0.1789
51.407,0.000,0.000,0.000,0.0036,0.2632,0.0909,7.16,0.1789
51.426,0.000,0.000,0.000,0.0036,0.2632,0.0909,7.16,0.1789
51.446,0.000,0.000,0.000,0.0036,0.2632,0.0909,7.16,0.1789
51.466,0.000,0.000,0.000,0.0037,0.2632,0.0909,7.16,0.1789
51.486,0.000,0.000,0.000,0.0037,0.2632,0.0909,7.16,0.1789
51.506,0.000,0.000,0.000,0.0037,0.2632,0.0909,7.16,0.1789
51.526,0.000,0.000,0.000,0.0038,0.2632,0.0909,7.16,0.1789
51.547,0.000,0.000,0.000,0.0038,0.2632,0.0909,7.16,0.1789
51.566,0.000,0.000,0.000,0.0038,0.2632,0.0909,7.16,0.1789
51.587,0.000,0.000,0.000,0.0038,0.2632,0.0909,7.16,0.1789
51.606,0.000,0.000,0.000,0.0038,0.2632,0.0909,7.16,0.1789
51.625,0.000,0.000,0.000,0.0038,0.2632,0.0909,7.16,0.1789
51.645,0.000,0.000,0.000,0.0039,0.2631,0.0909,7.16,0.1789
51.666,0.000,0.000,0.000,0.0039,0.2631,0.0909,7.16,0.1789
51.686,0.000,0.000,0.000,0.0039,0.2631,0.0909,7.16,0.1789
51.705,0.000,0.000,0.000,0.0040,0.2631,0.0909,7.16,0.1789
51.726,0.000,0.000,0.000,0.0040,0.2631,0.0909,7.16,0.1789
51.746,0.000,0.000,0.000,0.0040,0.2631,0.0909,7.16,0.1789
51.766,0.000,0.000,0.000,0.0040,0.2631,0.0909,7.16,0.1789
51.786,0.000,0.000,0.000,0.0040,0.2631,0.0909,7.16,0.1789
51.806,0.000,0.000,0.000,0.0041,0.2631,0.0909,7.16,0.1789
51.826,0.000,0.000,0.000,0.0041,0.2631,0.0909,7.16,0.1789
51.846,0.000,0.000,0.000,0.0041,0.2631,0.0909,7.16,0.1789
51.866,0.000,0.000,0.000,0.0041,0.2631,0.0909,7.16,0.1789
51.887,0.000,0.000,0.000,0.0042,0.2631,0.0909,7.16,0.1789
51.907,0.000,0.000,0.000,0.0042,0.2631,0.0909,7.16,0.1789
51.925,0.000,0.000,0.000,0.0042,0.2631,0.0909,7.16,0.1789
51.946,0.000,0.000,0.000,0.0042,0.2631,0.0909,7.16,0.1789
51.966,0.000,0.000,0.000,0.0042,0.2631,0.0909,7.16,0.1789
51.986,0.000,0.000,0.000,0.0043,0.2631,0.0909,7.16,0.1789
52.006,0.000,0.000,0.000,0.0043,0.2631,0.0909,7.16,0.1789
52.028,0.000,0.000,0.000,0.0043,0.2631,0.0910,7.16,0.1789
52.046,0.000,0.000,0.000,0.0043,0.2631,0.0910,7.16,0.1789
52.066,0.000,0.000,0.000,0.0043,0.2631,0.0910,7.16,0.1789
52.087,0.000,0.000,0.000,0.0044,0.2630,0.0910,7.16,0.1789
52.108,0.000,0.000,0.000,0.0044,0.2630,0.0910,7.16,0.1788
52.128,0.000,0.000,0.000,0.0044,0.2630,0.0910,7.15,0.1788
52.145,0.000,0.000,0.000,0.0044,0.2630,0.0910,7.15,0.1788
52.165,0.000,0.000,0.000,0.0044,0.2630,0.0910,7.15,0.1788
52.186,0.000,0.000,0.000,0.0044,0.2630,0.0910,7.15,0.1788
52.205,0.000,0.000,0.000,0.0045,0.2630,0.0910,7.15,0.1788
52.228,0.000,0.000,0.000,0.0045,0.2630,0.0910,7.15,0.1788
52.246,0.000,0.000,0.000,0.0045,0.2630,0.0910,7.15,0.1788
52.265,0.000,0.000,0.000,0.0045,0.2630,0.0910,7.15,0.1788
52.286,0.000,0.000,0.000,0.0045,0.2630,0.0910,7.15,0.1788
52.307,0.000,0.000,0.000,0.0046,0.2630,0.0910,7.15,0.1788
52.327,0.000,0.000,0.000,0.0046,0.2630,0.0910,7.15,0.1788
52.347,0.000,0.000,0.000,0.0046,0.2630,0.0910,7.15,0.1787
52.365,0.000,0.000,0.000,0.0046,0.2630,0.0910,7.15,0.1787
52.389,0.000,0.000,0.000,0.0046,0.2630,0.0910,7.15,0.1787
52.408,0.000,0.000,0.000,0.0046,0.2630,0.0910,7.15,0.1787
52.427,0.000,0.000,0.000,0.0047,0.2630,0.0910,7.15,0.1787
52.447,0.000,0.000,0.000,0.0047,0.2630,0.0910,7.15,0.1787
52.466,0.000,0.000,0.000,0.0047,0.2630,0.0910,7.15,0.1787
52.486,0.000,0.000,0.000,0.0047,0.2630,0.0910,7.15,0.1787
52.505,0.000,0.000,0.000,0.0047,0.2630,0.0910,7.15,0.1787
52.525,0.000,0.000,0.000,0.0047,0.2630,0.0910,7.15,0.1787
52.546,0.000,0.000,0.000,0.0048,0.2630,0.0910,7.15,0.1786
52.565,0.000,0.000,0.000,0.0048,0.2630,0.0910,7.15,0.1786
52.586,0.000,0.000,0.000,0.0048,0.2630,0.0910,7.15,0.1786
52.608,0.000,0.000,0.000,0.0048,0.2630,0.0910,7.14,0.1786
52.626,0.000,0.000,0.000,0.0048,0.2630,0.0910,7.14,0.1786
52.648,0.000,0.000,0.000,0.0048,0.2630,0.0910,7.14,0.1786
52.666,0.000,0.000,0.000,0.0049,0.2630,0.0910,7.14,0.1786
52.686,0.000,0.000,0.000,0.0049,0.2630,0.0910,7.14,0.1786
52.707,0.000,0.000,0.000,0.0049,0.2630,0.0910,7.14,0.1785
52.725,0.000,0.000,0.000,0.0049,0.2630,0.0910,7.14,0.1785
52.746,0.000,0.000,0.000,0.0049,0.2630,0.0910,7.14,0.1785
52.765,0.000,0.000,0.000,0.0049,0.2630,0.0910,7.14,0.1785
52.786,0.000,0.000,0.000,0.0050,0.2630,0.0910,7.14,0.1785
52.807,0.000,0.000,0.000,0.0050,0.2630,0.0910,7.14,0.1785
52.826,0.000,0.000,0.000,0.0050,0.2630,0.0910,7.14,0.1785
52.847,0.000,0.000,0.000,0.0050,0.2630,0.0910,7.14,0.1785
52.868,0.000,0.000,0.000,0.0050,0.2630,0.0910,7.14,0.1785
52.886,0.000,0.000,0.000,0.0050,0.2630,0.0910,7.14,0.1784
52.907,0.000,0.000,0.000,0.0051,0.2630,0.0910,7.14,0.1784
52.927,0.000,0.000,0.000,0.0051,0.2630,0.0910,7.14,0.1784
52.947,0.000,0.000,0.000,0.0051,0.2630,0.0910,7.14,0.1784
52.966,0.000,0.000,0.000,0.0051,0.2630,0.0910,7.14,0.1784
52.986,0.000,0.000,0.000,0.0051,0.2630,0.0910,7.14,0.1784
53.007,0.000,0.000,0.000,0.0051,0.2630,0.0910,7.13,0.1784
53.027,0.000,0.000,0.000,0.0051,0.2630,0.0910,7.13,0.1784
53.047,0.000,0.000,0.000,0.0051,0.2630,0.0910,7.13,0.1783
53.068,0.000,0.000,0.000,0.0052,0.2630,0.0910,7.13,0.1783
53.088,0.000,0.000,0.000,0.0052,0.2630,0.0910,7.13,0.1783
53.105,0.000,0.000,0.000,0.0052,0.2630,0.0910,7.13,0.1783
53.127,0.000,0.000,0.000,0.0052,0.2630,0.0910,7.13,0.1783
53.146,0.000,0.000,0.000,0.0052,0.2630,0.0910,7.13,0.1783
53.169,0.000,0.000,0.000,0.0052,0.2630,0.0910,7.13,0.1783
53.188,0.000,0.000,0.000,0.0052,0.2630,0.0910,7.13,0.1783
53.206,0.000,0.000,0.000,0.0052,0.2630,0.0910,7.13,0.1783
53.226,0.000,0.000,0.000,0.0053,0.2630,0.0910,7.13,0.1782
53.245,0.000,0.000,0.000,0.0053,0.2630,0.0910,7.13,0.1782
53.266,0.000,0.000,0.000,0.0053,0.2630,0.0910,7.13,0.1782
53.286,0.000,0.000,0.000,0.0053,0.2630,0.0910,7.13,0.1782
53.305,0.000,0.000,0.000,0.0053,0.2630,0.0910,7.13,0.1782
53.325,0.000,0.000,0.000,0.0053,0.2630,0.0910,7.13,0.1782
53.346,0.000,0.000,0.000,0.0053,0.2630,0.0910,7.13,0.1782
53.366,0.000,0.000,0.000,0.0053,0.2630,0.0910,7.13,0.1782
53.386,0.000,0.000,0.000,0.0054,0.2630,0.0910,7.13,0.1781
53.405,0.000,0.000,0.000,0.0054,0.2630,0.0910,7.12,0.1781
53.425,0.000,0.000,0.000,0.0054,0.2630,0.0911,7.12,0.1781
53.445,0.000,0.000,0.000,0.0054,0.2630,0.0911,7.12,0.1781
53.466,0.000,0.000,0.000,0.0054,0.2630,0.0911,7.12,0.1781
53.486,0.000,0.000,0.000,0.0054,0.2630,0.0911,7.12,0.1781
53.505,0.000,0.000,0.000,0.0054,0.2630,0.0911,7.12,0.1781
53.527,0.000,0.000,0.000,0.0054,0.2630,0.0911,7.12,0.1781
53.546,0.000,0.000,0.000,0.0055,0.2630,0.0911,7.12,0.1780
53.565,0.000,0.000,0.000,0.0055,0.2630,0.0911,7.12,0.1780
53.585,0.000,0.000,0.000,0.0055,0.2630,0.0911,7.12,0.1780
53.605,0.000,0.000,0.000,0.0055,0.2630,0.0911,7.12,0.1780
53.626,0.000,0.000,0.000,0.0055,0.2630,0.0911,7.12,0.1780
53.645,0.000,0.000,0.000,0.0055,0.2630,0.0911,7.12,0.1780
53.665,0.000,0.000,0.000,0.0055,0.2630,0.0911,7.12,0.1780
53.685,0.000,0.000,0.000,0.0055,0.2630,0.0911,7.12,0.1780
53.705,0.000,0.000,0.000,0.0056,0.2630,0.0911,7.12,0.1779
53.727,0.000,0.000,0.000,0.0056,0.2630,0.0911,7.12,0.1779
53.745,0.000,0.000,0.000,0.0056,0.2630,0.0911,7.12,0.1779
53.765,0.000,0.000,0.000,0.0056,0.2630,0.0911,7.12,0.1779
53.787,0.000,0.000,0.000,0.0056,0.2630,0.0911,7.12,0.1779
53.807,0.000,0.000,0.000,0.0056,0.2630,0.0911,7.11,0.1779
53.825,0.000,0.000,0.000,0.0056,0.2630,0.0911,7.11,0.1779
53.846,0.000,0.000,0.000,0.0056,0.2630,0.0911,7.11,0.1779
53.865,0.000,0.000,0.000,0.0056,0.2630,0.0911,7.11,0.1779
53.885,0.000,0.000,0.000,0.0057,0.2630,0.0911,7.11,0.1778
53.906,0.000,0.000,0.000,0.0057,0.2630,0.0911,7.11,0.1778
53.925,0.000,0.000,0.000,0.0057,0.2630,0.0911,7.11,0.1778
53.946,0.000,0.000,0.000,0.0057,0.2630,0.0911,7.11,0.1778
53.967,0.000,0.000,0.000,0.0057,0.2630,0.0911,7.11,0.1778
53.986,0.000,0.000,0.000,0.0057,0.2630,0.0911,7.11,0.1778
54.007,0.000,0.000,0.000,0.0057,0.2630,0.0911,7.11,0.1778
54.027,0.000,0.000,0.000,0.0057,0.2630,0.0911,7.11,0.1778
54.046,0.000,0.000,0.000,0.0057,0.2630,0.0911,7.11,0.1778
54.065,0.000,0.000,0.000,0.0057,0.2630,0.0911,7.11,0.1777
54.085,0.000,0.000,0.000,0.0058,0.2630,0.0911,7.11,0.1777
54.105,0.000,0.000,0.000,0.0058,0.2630,0.0911,7.11,0.1777
54.126,0.000,0.000,0.000,0.0058,0.2630,0.0911,7.11,0.1777
54.146,0.000,0.000,0.000,0.0058,0.2630,0.0911,7.11,0.1777
54.166,0.000,0.000,0.000,0.0058,0.2630,0.0911,7.11,0.1777
54.186,0.000,0.000,0.000,0.0058,0.2630,0.0911,7.11,0.1777
54.206,0.000,0.000,0.000,0.0058,0.2630,0.0911,7.11,0.1777
54.226,0.000,0.000,0.000,0.0058,0.2630,0.0911,7.11,0.1777
54.247,0.000,0.000,0.000,0.0058,0.2630,0.0911,7.11,0.1776
54.266,0.000,0.000,0.000,0.0058,0.2630,0.0911,7.10,0.1776
54.286,0.000,0.000,0.000,0.0059,0.2630,0.0911,7.10,0.1776
54.307,0.000,0.000,0.000,0.0059,0.2630,0.0911,7.10,0.1776
54.327,0.000,0.000,0.000,0.0059,0.2630,0.0911,7.10,0.1776
54.345,0.000,0.000,0.000,0.0059,0.2630,0.0911,7.10,0.1776
54.366,0.000,0.000,0.000,0.0059,0.2630,0.0911,7.10,0.1776
54.386,0.000,0.000,0.000,0.0059,0.2630,0.0911,7.10,0.1776
54.405,0.000,0.000,0.000,0.0059,0.2630,0.0911,7.10,0.1775
54.428,0.000,0.000,0.000,0.0059,0.2630,0.0911,7.10,0.1775
54.447,0.000,0.000,0.000,0.0059,0.2630,0.0911,7.10,0.1775
54.466,0.000,0.000,0.000,0.0059,0.2630,0.0911,7.10,0.1775
54.486,0.000,0.000,0.000,0.0060,0.2630,0.0911,7.10,0.1775
54.506,0.000,0.000,0.000,0.0060,0.2630,0.0911,7.10,0.1775
54.525,0.000,0.000,0.000,0.0060,0.2630,0.0911,7.10,0.1775
54.545,0.000,0.000,0.000,0.0060,0.2630,0.0911,7.10,0.1775
54.566,0.000,0.000,0.000,0.0060,0.2630,0.0911,7.10,0.1775
54.586,0.000,0.000,0.000,0.0060,0.2630,0.0911,7.10,0.1775
54.606,0.000,0.000,0.000,0.0060,0.2630,0.0911,7.10,0.1774
54.626,0.000,0.000,0.000,0.0060,0.2630,0.0911,7.10,0.1774
54.645,0.000,0.000,0.000,0.0060,0.2630,0.0911,7.10,0.1774
54.666,0.000,0.000,0.000,0.0060,0.2630,0.0911,7.10,0.1774
54.686,0.000,0.000,0.000,0.0060,0.2630,0.0911,7.10,0.1774
54.706,0.000,0.000,0.000,0.0060,0.2630,0.0911,7.09,0.1774
54.725,0.000,0.000,0.000,0.0061,0.2630,0.0911,7.09,0.1774
54.746,0.000,0.000,0.000,0.0061,0.2630,0.0911,7.09,0.1774
54.766,0.000,0.000,0.000,0.0061,0.2630,0.0911,7.09,0.1774
54.786,0.000,0.000,0.000,0.0061,0.2630,0.0911,7.09,0.1774
54.807,0.000,0.000,0.000,0.0061,0.2630,0.0911,7.09,0.1773
54.826,0.000,0.000,0.000,0.0061,0.2630,0.0911,7.09,0.1773
54.846,0.000,0.000,0.000,0.0061,0.2630,0.0911,7.09,0.1773
54.866,0.000,0.000,0.000,0.0061,0.2630,0.0911,7.09,0.1773
54.886,0.000,0.000,0.000,0.0061,0.2630,0.0911,7.09,0.1773
54.907,0.000,0.000,0.000,0.0061,0.2630,0.0911,7.09,0.1773
54.925,0.000,0.000,0.000,0.0061,0.2630,0.0911,7.09,0.1773
54.946,0.000,0.000,0.000,0.0062,0.2630,0.0911,7.09,0.1773
54.966,0.000,0.000,0.000,0.0062,0.2630,0.0911,7.09,0.1773
54.986,0.000,0.000,0.000,0.0062,0.2630,0.0911,7.09,0.1772
55.006,0.000,0.000,0.000,0.0062,0.2630,0.0911,7.09,0.1772
55.025,0.000,0.000,0.000,0.0062,0.2630,0.0911,7.09,0.1772
55.047,0.000,0.000,0.000,0.0062,0.2630,0.0911,7.09,0.1772
55.066,0.000,0.000,0.000,0.0062,0.2630,0.0911,7.09,0.1772
55.086,0.000,0.000,0.000,0.0062,0.2630,0.0911,7.09,0.1772
55.107,0.000,0.000,0.000,0.0062,0.2630,0.0911,7.09,0.1772
55.125,0.000,0.000,0.000,0.0062,0.2630,0.0911,7.09,0.1772
55.146,0.000,0.000,0.000,0.0062,0.2630,0.0911,7.09,0.1772
55.165,0.000,0.000,0.000,0.0063,0.2630,0.0911,7.09,0.1771
55.185,0.000,0.000,0.000,0.0063,0.2630,0.0911,7.08,0.1771
55.205,0.000,0.000,0.000,0.0063,0.2630,0.0911,7.08,0.1771
55.226,0.000,0.000,0.000,0.0063,0.2630,0.0911,7.08,0.1771
55.245,0.000,0.000,0.000,0.0063,0.2630,0.0911,7.08,0.1771
55.265,0.000,0.000,0.000,0.0063,0.2630,0.0911,7.08,0.1771
55.285,0.000,0.000,0.000,0.0063,0.2630,0.0911,7.08,0.1771
55.306,0.000,0.000,0.000,0.0063,0.2630,0.0911,7.08,0.1771
55.326,0.000,0.000,0.000,0.0063,0.2630,0.0911,7.08,0.1771
55.346,0.000,0.000,0.000,0.0063,0.2630,0.0911,7.08,0.1771
55.365,0.000,0.000,0.000,0.0063,0.2630,0.0911,7.08,0.1771
55.386,0.000,0.000,0.000,0.0063,0.2630,0.0911,7.08,0.1770
55.405,0.000,0.000,0.000,0.0063,0.2630,0.0911,7.08,0.1770
55.427,0.000,0.000,0.000,0.0063,0.2630,0.0911,7.08,0.1770
55.446,0.000,0.000,0.000,0.0064,0.2630,0.0911,7.08,0.1770
55.467,0.000,0.000,0.000,0.0064,0.2630,0.0911,7.08,0.1770
55.487,0.000,0.000,0.000,0.0064,0.2630,0.0911,7.08,0.1770
55.507,0.000,0.000,0.000,0.0064,0.2630,0.0911,7.08,0.1770
55.525,0.000,0.000,0.000,0.0064,0.2630,0.0911,7.08,0.1770
55.547,0.000,0.000,0.000,0.0064,0.2630,0.0911,7.08,0.1770
55.566,0.000,0.000,0.000,0.0064,0.2630,0.0911,7.08,0.1770
55.586,0.000,0.000,0.000,0.0064,0.2630,0.0911,7.08,0.1769
55.608,0.000,0.000,0.000,0.0064,0.2630,0.0911,7.08,0.1769
55.628,0.000,0.000,0.000,0.0064,0.2630,0.0911,7.08,0.1769
55.645,0.000,0.000,0.000,0.0064,0.2630,0.0911,7.08,0.1769
55.667,0.000,0.000,0.000,0.0064,0.2630,0.0911,7.08,0.1769
55.687,0.000,0.000,0.000,0.0064,0.2630,0.0911,7.08,0.1769
55.708,0.000,0.000,0.000,0.0065,0.2630,0.0911,7.08,0.1769
55.726,0.000,0.000,0.000,0.0065,0.2630,0.0911,7.07,0.1769
55.747,0.000,0.000,0.000,0.0065,0.2630,0.0911,7.07,0.1769
55.766,0.000,0.000,0.000,0.0065,0.2630,0.0911,7.07,0.1769
55.785,0.000,0.000,0.000,0.0065,0.2630,0.0911,7.07,0.1769
55.806,0.000,0.000,0.000,0.0065,0.2630,0.0912,7.07,0.1769
55.826,0.000,0.000,0.000,0.0065,0.2630,0.0912,7.07,0.1768
55.846,0.000,0.000,0.000,0.0065,0.2630,0.0912,7.07,0.1768
55.866,0.000,0.000,0.000,0.0065,0.2630,0.0912,7.07,0.1768
55.886,0.000,0.000,0.000,0.0065,0.2630,0.0912,7.07,0.1768
55.906,0.000,0.000,0.000,0.0065,0.2630,0.0912,7.07,0.1768
55.927,0.000,0.000,0.000,0.0065,0.2630,0.0912,7.07,0.1768
55.947,0.000,0.000,0.000,0.0065,0.2630,0.0912,7.07,0.1768
55.966,0.000,0.000,0.000,0.0065,0.2630,0.0912,7.07,0.1768
55.986,0.000,0.000,0.000,0.0065,0.2630,0.0912,7.07,0.1768
56.006,0.000,0.000,0.000,0.0066,0.2630,0.0912,7.07,0.1768
56.027,0.000,0.000,0.000,0.0066,0.2630,0.0912,7.07,0.1768
56.046,0.000,0.000,0.000,0.0066,0.2630,0.0912,7.07,0.1767
56.066,0.000,0.000,0.000,0.0066,0.2630,0.0912,7.07,0.1767
56.087,0.000,0.000,0.000,0.0066,0.2630,0.0912,7.07,0.1767
56.105,0.000,0.000,0.000,0.0066,0.2630,0.0912,7.07,0.1767
56.126,0.000,0.000,0.000,0.0066,0.2630,0.0912,7.07,0.1767
56.145,0.000,0.000,0.000,0.0066,0.2630,0.0912,7.07,0.1767
56.166,0.000,0.000,0.000,0.0066,0.2630,0.0912,7.07,0.1767
56.187,0.000,0.000,0.000,0.0066,0.2630,0.0912,7.07,0.1767
56.205,0.000,0.000,0.000,0.0066,0.2630,0.0912,7.07,0.1767
56.225,0.000,0.000,0.000,0.0066,0.2630,0.0912,7.07,0.1767
56.247,0.000,0.000,0.000,0.0066,0.2630,0.0912,7.07,0.1767
56.266,0.000,0.000,0.000,0.0066,0.2630,0.0912,7.07,0.1767
56.285,0.000,0.000,0.000,0.0066,0.2630,0.0912,7.07,0.1767
56.307,0.000,0.000,0.000,0.0066,0.2630,0.0912,7.07,0.1766
56.327,0.000,0.000,0.000,0.0066,0.2630,0.0912,7.07,0.1766
56.347,0.000,0.000,0.000,0.0067,0.2630,0.0912,7.06,0.1766
56.366,0.000,0.000,0.000,0.0067,0.2630,0.0912,7.06,0.1766
56.387,0.000,0.000,0.000,0.0067,0.2630,0.0912,7.06,0.1766
56.406,0.000,0.000,0.000,0.0067,0.2630,0.0912,7.06,0.1766
56.426,0.000,0.000,0.000,0.0067,0.2630,0.0912,7.06,0.1766
56.445,0.000,0.000,0.000,0.0067,0.2630,0.0912,7.06,0.1766
56.468,0.000,0.000,0.000,0.0067,0.2630,0.0912,7.06,0.1766
56.487,0.000,0.000,0.000,0.0067,0.2630,0.0912,7.06,0.1766
56.506,0.000,0.000,0.000,0.0067,0.2630,0.0912,7.06,0.1766
56.525,0.000,0.000,0.000,0.0067,0.2630,0.0912,7.06,0.1766
56.546,0.000,0.000,0.000,0.0067,0.2630,0.0912,7.06,0.1766
56.567,0.000,0.000,0.000,0.0067,0.2630,0.0912,7.06,0.1766
56.586,0.000,0.000,0.000,0.0067,0.2630,0.0912,7.06,0.1765
56.605,0.000,0.000,0.000,0.0067,0.2630,0.0912,7.06,0.1765
56.626,0.000,0.000,0.000,0.0067,0.2630,0.0912,7.06,0.1765
56.645,0.000,0.000,0.000,0.0067,0.2630,0.0912,7.06,0.1765
56.667,0.000,0.000,0.100,0.0067,0.2630,0.0912,7.06,0.2571
56.687,0.000,0.000,0.100,0.0067,0.2630,0.0912,10.28,0.2945
56.705,0.000,0.000,0.100,0.0068,0.2632,0.0912,10.10,0.3347
56.727,0.000,0.000,0.100,0.0077,0.2636,0.0913,12.85,0.3431
56.746,0.000,0.000,0.100,0.0096,0.2611,0.0953,13.18,0.3439
56.765,0.000,0.000,0.100,0.0102,0.2597,0.0975,12.85,0.3352
56.786,0.000,0.000,0.100,0.0108,0.2592,0.0986,12.71,0.3348
56.805,0.000,0.000,0.100,0.0121,0.2581,0.0996,13.37,0.3370
56.825,0.000,0.000,0.100,0.0146,0.2572,0.1001,13.30,0.3270
56.846,0.000,0.000,0.100,0.0163,0.2569,0.1000,12.70,0.3350
56.866,0.000,0.000,0.100,0.0173,0.2570,0.0997,13.06,0.3326
56.886,0.000,0.000,0.100,0.0174,0.2573,0.0991,12.94,0.3262
56.906,0.000,0.000,0.100,0.0172,0.2582,0.0982,12.74,0.3207
56.925,0.000,0.000,0.100,0.0170,0.2595,0.0961,12.66,0.3114
56.947,0.000,0.000,0.100,0.0168,0.2608,0.0939,12.36,0.2911
56.967,0.000,0.000,0.100,0.0158,0.2649,0.0896,11.42,0.2472
56.987,0.000,0.000,0.100,0.0141,0.2685,0.0881,9.81,0.1845
57.006,0.000,0.000,0.100,0.0131,0.2690,0.0883,9.73,0.2508
57.027,0.000,0.000,0.100,0.0109,0.2693,0.0886,6.86,0.3034
57.046,0.000,0.000,0.100,0.0097,0.2686,0.0898,12.95,0.3204
57.066,0.000,0.000,0.100,0.0094,0.2658,0.0934,13.01,0.3075
57.086,0.000,0.000,0.100,0.0092,0.2643,0.0953,12.10,0.3036
57.107,0.000,0.000,0.100,0.0080,0.2625,0.0970,11.88,0.3056
57.126,0.000,0.000,0.100,0.0072,0.2620,0.0973,11.87,0.3087
57.147,0.000,0.000,0.100,0.0056,0.2615,0.0973,11.93,0.3122
57.166,0.000,0.000,0.100,0.0049,0.2608,0.0980,12.33,0.3135
57.186,0.000,0.000,0.100,0.0047,0.2604,0.0984,12.43,0.3125
57.205,0.000,0.000,0.100,0.0045,0.2602,0.0988,12.41,0.3063
57.226,0.000,0.000,0.100,0.0042,0.2601,0.0992,12.19,0.2986
57.247,0.000,0.000,0.100,0.0039,0.2611,0.0989,11.67,0.2677
57.265,0.000,0.000,0.100,0.0038,0.2628,0.0987,10.41,0.2605
57.287,0.000,0.000,0.100,0.0040,0.2690,0.0996,7.83,0.2681
57.306,0.000,0.000,0.100,0.0048,0.2711,0.1011,8.10,0.2904
57.327,0.000,0.000,0.100,0.0059,0.2703,0.1022,12.41,0.3277
57.346,0.000,0.000,0.100,0.0056,0.2685,0.1051,13.69,0.3341
57.366,0.000,0.000,0.100,0.0055,0.2665,0.1078,13.46,0.3366
57.387,0.000,0.000,0.100,0.0065,0.2635,0.1116,13.26,0.3293
57.407,0.000,0.000,0.100,0.0072,0.2618,0.1127,12.91,0.3256
57.429,0.000,0.000,0.100,0.0073,0.2611,0.1129,12.88,0.3203
57.447,0.000,0.000,0.100,0.0072,0.2604,0.1128,12.61,0.3128
57.466,0.000,0.000,0.100,0.0066,0.2602,0.1122,12.35,0.3072
57.487,0.000,0.000,0.100,0.0057,0.2603,0.1109,12.17,0.3059
57.507,0.000,0.000,0.100,0.0057,0.2603,0.1109,12.18,0.3015
57.526,0.000,0.000,0.100,0.0050,0.2614,0.1080,12.00,0.2871
57.546,0.000,0.000,0.100,0.0049,0.2624,0.1065,11.43,0.2797
57.567,0.000,0.000,0.100,0.0048,0.2642,0.1047,11.45,0.2473
57.585,0.000,0.000,0.100,0.0041,0.2700,0.1013,9.74,0.1957
57.607,0.000,0.000,0.100,0.0035,0.2719,0.1011,6.74,0.2523
57.626,0.000,0.000,0.100,0.0032,0.2716,0.1012,10.48,0.3110
57.646,0.000,0.000,0.100,0.0025,0.2690,0.1028,12.99,0.3168
57.666,0.000,0.000,0.100,0.0022,0.2668,0.1030,12.70,0.3036
57.686,0.000,0.000,0.100,0.0028,0.2655,0.1023,12.07,0.3021
57.707,0.000,0.000,0.100,0.0043,0.2641,0.1017,11.99,0.3042
57.726,0.000,0.000,0.100,0.0070,0.2631,0.1010,12.02,0.3090
57.746,0.000,0.000,0.100,0.0073,0.2628,0.1010,12.01,0.3109
57.766,0.000,0.000,0.100,0.0080,0.2621,0.1008,12.31,0.3103
57.786,0.000,0.000,0.100,0.0082,0.2615,0.1007,12.35,0.3071
57.805,0.000,0.000,0.100,0.0083,0.2614,0.1005,12.36,0.2991
57.826,0.000,0.000,0.100,0.0084,0.2613,0.1000,11.93,0.2896
57.846,0.000,0.000,0.100,0.0091,0.2630,0.0987,11.53,0.2638
57.866,0.000,0.000,0.100,0.0097,0.2650,0.0985,11.45,0.2440
57.886,0.000,0.000,0.100,0.0110,0.2701,0.1000,7.80,0.2632
57.907,0.000,0.000,0.100,0.0117,0.2721,0.1011,6.44,0.2879
57.927,0.000,0.000,0.100,0.0123,0.2713,0.1019,11.66,0.3208
57.945,0.000,0.000,0.100,0.0115,0.2700,0.1041,11.69,0.3357
57.966,0.000,0.000,0.100,0.0100,0.2679,0.1081,13.45,0.3407
57.987,0.000,0.000,0.100,0.0096,0.2643,0.1121,13.37,0.3323
58.007,0.000,0.000,0.200,0.0106,0.2626,0.1130,12.91,0.3214
58.026,0.000,0.000,0.200,0.0110,0.2618,0.1131,12.93,0.3139
58.048,0.000,0.000,0.200,0.0110,0.2612,0.1125,12.32,0.3084
58.066,0.000,0.000,0.200,0.0098,0.2613,0.1110,12.21,0.3103
58.085,0.000,0.000,0.200,0.0088,0.2613,0.1097,12.32,0.3096
58.106,0.000,0.000,0.200,0.0079,0.2617,0.1074,12.29,0.3021
58.126,0.000,0.000,0.200,0.0078,0.2628,0.1047,12.30,0.2878
58.146,0.000,0.000,0.200,0.0079,0.2641,0.1024,11.46,0.2734
58.168,0.000,0.000,0.200,0.0080,0.2672,0.0993,10.87,0.2356
58.187,0.000,0.000,0.200,0.0079,0.2718,0.0971,9.33,0.1990
58.205,0.000,0.000,0.200,0.0077,0.2731,0.0973,9.48,0.2529
58.228,0.000,0.000,0.200,0.0074,0.2729,0.0975,10.52,0.3177
58.245,0.000,0.000,0.200,0.0068,0.2722,0.0979,13.38,0.3297
58.265,0.000,0.000,0.200,0.0061,0.2687,0.0990,13.37,0.3140
58.285,0.000,0.000,0.200,0.0063,0.2678,0.0983,13.25,0.3120
58.305,0.000,0.000,0.200,0.0073,0.2659,0.0969,12.36,0.3106
58.326,0.000,0.000,0.200,0.0085,0.2650,0.0961,12.31,0.3148
58.347,0.000,0.000,0.200,0.0093,0.2642,0.0960,12.50,0.3160
58.366,0.000,0.000,0.200,0.0099,0.2634,0.0959,12.57,0.3150
58.386,0.000,0.000,0.200,0.0107,0.2627,0.0960,12.56,0.3119
58.409,0.000,0.000,0.200,0.0112,0.2623,0.0962,12.46,0.3067
58.426,0.000,0.000,0.200,0.0115,0.2622,0.0963,12.46,0.2930
58.445,0.000,0.000,0.200,0.0120,0.2626,0.0966,11.72,0.2469
58.466,0.000,0.000,0.200,0.0124,0.2655,0.0968,9.90,0.2407
58.487,0.000,0.000,0.200,0.0129,0.2692,0.0988,10.07,0.2810
58.507,0.000,0.000,0.200,0.0133,0.2717,0.1018,7.49,0.2844
58.526,0.000,0.000,0.200,0.0133,0.2715,0.1021,9.33,0.3208
58.547,0.000,0.000,0.300,0.0118,0.2699,0.1053,12.91,0.3384
58.567,0.000,0.000,0.300,0.0101,0.2670,0.1103,13.39,0.3379
58.586,0.000,0.000,0.300,0.0106,0.2644,0.1142,12.99,0.3270
58.606,0.000,0.000,0.300,0.0117,0.2625,0.1154,12.66,0.3201
58.629,0.000,0.000,0.300,0.0118,0.2622,0.1153,12.68,0.3170
58.646,0.000,0.000,0.300,0.0121,0.2618,0.1149,12.48,0.3118
58.666,0.000,0.000,0.300,0.0121,0.2616,0.1138,12.25,0.3077
58.686,0.000,0.000,0.300,0.0118,0.2617,0.1123,12.15,0.2999
58.705,0.000,0.000,0.300,0.0112,0.2622,0.1093,12.17,0.2924
58.726,0.000,0.000,0.300,0.0100,0.2639,0.1034,11.91,0.2941
58.746,0.000,0.000,0.300,0.0097,0.2668,0.0984,11.61,0.2805
58.768,0.000,0.000,0.300,0.0095,0.2693,0.0959,11.09,0.2427
58.787,0.000,0.000,0.300,0.0093,0.2726,0.0944,9.61,0.2113
58.807,0.000,0.000,0.300,0.0069,0.2738,0.0940,7.82,0.2749
58.828,0.000,0.000,0.300,0.0046,0.2735,0.0940,11.16,0.3299
58.847,0.000,0.000,0.300,0.0040,0.2721,0.0946,13.43,0.3380
58.866,0.000,0.000,0.300,0.0045,0.2697,0.0948,13.57,0.3229
58.885,0.000,0.000,0.300,0.0050,0.2679,0.0935,12.78,0.3267
58.907,0.000,0.000,0.300,0.0057,0.2657,0.0911,12.90,0.3225
58.928,0.000,0.000,0.300,0.0056,0.2650,0.0900,12.76,0.3253
58.945,0.000,0.000,0.300,0.0057,0.2642,0.0898,12.77,0.3238
58.966,0.000,0.000,0.300,0.0064,0.2633,0.0898,12.92,0.3230
58.987,0.000,0.000,0.300,0.0074,0.2629,0.0898,12.91,0.3222
59.005,0.000,0.000,0.300,0.0084,0.2626,0.0900,12.92,0.3223
59.027,0.000,0.000,0.300,0.0107,0.2627,0.0912,12.92,0.3125
59.047,0.000,0.000,0.300,0.0109,0.2641,0.0926,12.51,0.2607
59.067,0.000,0.000,0.300,0.0109,0.2650,0.0932,12.52,0.2476
59.087,0.000,0.000,0.300,0.0114,0.2709,0.0994,7.61,0.2465
59.107,0.000,0.000,0.300,0.0114,0.2720,0.1023,8.16,0.2760
59.126,0.000,0.000,0.300,0.0108,0.2713,0.1032,11.66,0.3232
59.146,0.000,0.000,0.300,0.0084,0.2696,0.1081,13.17,0.3381
59.166,0.000,0.000,0.300,0.0070,0.2670,0.1138,13.32,0.3363
59.186,0.000,0.000,0.300,0.0079,0.2645,0.1177,12.99,0.3246
59.207,0.000,0.000,0.300,0.0098,0.2621,0.1191,12.63,0.3155
59.225,0.000,0.000,0.300,0.0102,0.2616,0.1190,12.57,0.3124
59.245,0.000,0.000,0.300,0.0104,0.2613,0.1186,12.31,0.3074
59.267,0.000,0.000,0.300,0.0098,0.2613,0.1160,12.05,0.3047
59.287,0.000,0.000,0.300,0.0090,0.2614,0.1134,12.03,0.3015
59.309,0.000,0.000,0.300,0.0081,0.2623,0.1093,11.93,0.2943
59.326,0.000,0.000,0.300,0.0080,0.2635,0.1063,11.95,0.2962
59.346,0.000,0.000,0.300,0.0079,0.2640,0.1047,11.72,0.2763
59.367,0.000,0.000,0.300,0.0077,0.2679,0.1005,10.93,0.2447
59.387,0.000,0.000,0.300,0.0067,0.2718,0.0988,9.71,0.2093
59.407,0.000,0.000,0.300,0.0048,0.2733,0.0993,7.57,0.2603
59.427,0.000,0.000,0.300,0.0035,0.2730,0.0994,7.82,0.3180
59.446,0.000,0.000,0.300,0.0026,0.2727,0.0994,11.03,0.3242
59.466,0.000,0.000,0.300,0.0021,0.2704,0.0993,13.30,0.3186
59.486,0.000,0.000,0.300,0.0039,0.2683,0.0987,12.76,0.3119
59.507,0.000,0.000,0.300,0.0061,0.2676,0.0961,12.36,0.3239
59.528,0.000,0.000,0.300,0.0094,0.2657,0.0938,12.81,0.3237
59.547,0.000,0.000,0.300,0.0094,0.2657,0.0938,12.81,0.3271
59.567,0.000,0.000,0.300,0.0099,0.2639,0.0920,12.85,0.3235
59.586,0.000,0.000,0.300,0.0100,0.2631,0.0918,12.90,0.3173
59.606,0.000,0.000,0.300,0.0102,0.2626,0.0920,12.64,0.3074
59.627,0.000,0.000,0.300,0.0103,0.2627,0.0925,12.27,0.2908
59.646,0.000,0.000,0.300,0.0105,0.2634,0.0932,11.62,0.2463
59.666,0.000,0.000,0.300,0.0108,0.2658,0.0951,9.85,0.2361
59.686,0.000,0.000,0.300,0.0111,0.2694,0.0990,10.05,0.2648
59.708,0.000,0.000,0.300,0.0119,0.2721,0.1045,6.30,0.2836
59.725,0.000,0.000,0.300,0.0121,0.2720,0.1048,8.00,0.3201
59.745,0.000,0.000,0.300,0.0114,0.2708,0.1070,13.00,0.3369
59.766,0.000,0.000,0.300,0.0094,0.2676,0.1120,13.50,0.3452
59.786,0.000,0.000,0.300,0.0095,0.2647,0.1164,13.48,0.3327
59.806,0.000,0.000,0.300,0.0106,0.2628,0.1179,12.90,0.3222
59.826,0.000,0.000,0.300,0.0118,0.2616,0.1180,12.54,0.3140
59.845,0.000,0.000,0.300,0.0120,0.2613,0.1177,12.54,0.3079
59.866,0.000,0.000,0.300,0.0118,0.2612,0.1164,12.06,0.3017
59.887,0.000,0.000,0.300,0.0104,0.2617,0.1126,11.88,0.2966
59.906,0.000,0.000,0.300,0.0092,0.2622,0.1097,11.88,0.2931
59.928,0.000,0.000,0.300,0.0086,0.2628,0.1078,11.77,0.2934
59.946,0.000,0.000,0.300,0.0082,0.2644,0.1046,11.61,0.2784
59.966,0.000,0.000,0.300,0.0080,0.2683,0.1006,10.97,0.2540
59.986,0.000,0.000,0.300,0.0072,0.2730,0.0996,10.13,0.1933
60.007,0.000,0.000,0.300,0.0060,0.2735,0.0999,7.49,0.2621
60.027,0.000,0.000,0.300,0.0052,0.2732,0.0999,11.03,0.3233
60.047,0.000,0.000,0.300,0.0042,0.2716,0.0997,13.51,0.3324
60.067,0.000,0.000,0.300,0.0042,0.2692,0.0990,13.38,0.3184
60.086,0.000,0.000,0.300,0.0051,0.2678,0.0967,12.69,0.3206
60.107,0.000,0.000,0.300,0.0065,0.2665,0.0946,12.74,0.3217
60.126,0.000,0.000,0.300,0.0076,0.2653,0.0927,12.77,0.3240
60.145,0.000,0.000,0.300,0.0079,0.2645,0.0921,12.89,0.3241
60.166,0.000,0.000,0.300,0.0084,0.2635,0.0921,12.92,0.3197
60.186,0.000,0.000,0.300,0.0090,0.2632,0.0921,12.76,0.3166
60.207,0.000,0.000,0.300,0.0098,0.2629,0.0922,12.77,0.3159
60.226,0.000,0.000,0.300,0.0116,0.2626,0.0927,12.65,0.3071
60.247,0.000,0.000,0.300,0.0122,0.2641,0.0945,12.29,0.2580
60.270,0.000,0.000,0.300,0.0124,0.2671,0.0971,10.34,0.2155
60.286,0.000,0.000,0.300,0.0126,0.2696,0.0999,10.66,0.2601
60.305,0.000,0.000,0.300,0.0127,0.2723,0.1061,6.19,0.2655
60.326,0.000,0.000,0.300,0.0123,0.2720,0.1068,8.57,0.3134
60.346,0.000,0.000,0.300,0.0108,0.2702,0.1095,13.17,0.3340
60.366,0.000,0.000,0.300,0.0100,0.2669,0.1140,13.30,0.3300
60.386,0.000,0.000,0.300,0.0104,0.2655,0.1160,13.03,0.3212
60.407,0.000,0.000,0.300,0.0117,0.2632,0.1184,12.67,0.3151
60.425,0.000,0.000,0.300,0.0123,0.2618,0.1187,12.39,0.3089
60.448,0.000,0.000,0.300,0.0122,0.2614,0.1184,12.16,0.3020
60.465,0.000,0.000,0.300,0.0118,0.2614,0.1177,11.90,0.2998
60.486,0.000,0.000,0.300,0.0105,0.2616,0.1152,11.84,0.2963
60.507,0.000,0.000,0.300,0.0096,0.2629,0.1112,11.76,0.2919
60.526,0.000,0.000,0.300,0.0094,0.2640,0.1082,11.59,0.2958
60.546,0.000,0.000,0.300,0.0093,0.2659,0.1052,11.75,0.2813
60.565,0.000,0.000,0.300,0.0092,0.2668,0.1041,11.71,0.2507
60.585,0.000,0.000,0.300,0.0086,0.2700,0.1017,9.88,0.2283
60.608,0.000,0.000,0.300,0.0079,0.2732,0.1017,7.44,0.2528
60.628,0.100,0.000,0.300,0.0053,0.2727,0.1021,11.31,0.3260
60.646,0.100,0.000,0.300,0.0053,0.2727,0.1021,11.31,0.3513
60.666,0.100,0.000,0.300,0.0053,0.2705,0.1026,14.84,0.3446
60.686,0.100,0.000,0.300,0.0051,0.2694,0.1025,14.69,0.3373
60.707,0.100,0.000,0.300,0.0062,0.2668,0.0987,13.44,0.3509
60.727,0.100,0.000,0.300,0.0080,0.2652,0.0968,14.01,0.3561
60.747,0.100,0.000,0.300,0.0084,0.2645,0.0957,13.97,0.3593
60.767,0.100,0.000,0.300,0.0080,0.2631,0.0943,14.09,0.3524
60.787,0.100,0.000,0.300,0.0075,0.2620,0.0938,14.20,0.3428
60.805,0.100,0.000,0.300,0.0073,0.2616,0.0938,13.94,0.3301
60.825,0.100,0.000,0.300,0.0070,0.2612,0.0941,13.11,0.3105
60.847,0.100,0.000,0.300,0.0068,0.2631,0.0952,12.35,0.2717
60.866,0.100,0.000,0.300,0.0067,0.2649,0.0968,10.88,0.2514
60.888,0.100,0.000,0.300,0.0080,0.2706,0.1041,8.65,0.2537
60.906,0.100,0.000,0.300,0.0096,0.2727,0.1077,6.24,0.3006
60.928,0.100,0.000,0.300,0.0101,0.2724,0.1085,9.95,0.3359
60.945,0.100,0.000,0.300,0.0058,0.2699,0.1118,14.03,0.3490
60.966,0.100,0.000,0.300,0.0025,0.2670,0.1156,13.97,0.3508
60.987,0.100,0.000,0.300,0.0035,0.2653,0.1175,13.59,0.3458
61.006,0.100,0.000,0.300,0.0071,0.2624,0.1193,13.37,0.3333
61.026,0.100,0.000,0.300,0.0086,0.2612,0.1192,12.97,0.3230
61.046,0.100,0.000,0.300,0.0089,0.2608,0.1187,12.95,0.3188
61.066,0.100,0.000,0.300,0.0070,0.2604,0.1163,12.52,0.3241
61.086,0.100,0.000,0.300,0.0058,0.2605,0.1143,12.80,0.3266
61.107,0.100,0.000,0.300,0.0051,0.2609,0.1115,12.82,0.3143
61.127,0.100,0.000,0.300,0.0056,0.2625,0.1071,12.29,0.2906
61.145,0.100,0.000,0.300,0.0059,0.2635,0.1049,11.55,0.2763
61.167,0.100,0.000,0.300,0.0061,0.2675,0.1001,10.84,0.2425
61.187,0.100,0.000,0.300,0.0066,0.2709,0.0977,9.60,0.2336
61.208,0.100,0.000,0.300,0.0066,0.2736,0.0970,7.45,0.2890
61.226,0.100,0.000,0.300,0.0057,0.2731,0.0970,12.07,0.3571
61.247,0.100,0.000,0.300,0.0053,0.2718,0.0972,14.93,0.3696
61.266,0.100,0.000,0.300,0.0047,0.2690,0.0970,15.03,0.3540
61.287,0.100,0.000,0.300,0.0045,0.2675,0.0952,14.90,0.3537
61.305,0.100,0.000,0.300,0.0045,0.2675,0.0952,14.16,0.3573
61.326,0.100,0.000,0.300,0.0051,0.2652,0.0929,14.10,0.3527
61.346,0.100,0.000,0.300,0.0059,0.2639,0.0911,14.03,0.3500
61.366,0.100,0.000,0.300,0.0065,0.2631,0.0909,13.93,0.3480
61.386,0.100,0.000,0.300,0.0079,0.2619,0.0911,13.80,0.3447
61.405,0.100,0.000,0.300,0.0089,0.2613,0.0914,13.69,0.3383
61.425,0.100,0.000,0.300,0.0090,0.2611,0.0918,13.68,0.3216
61.446,0.100,0.000,0.300,0.0084,0.2625,0.0938,12.72,0.2726
61.466,0.100,0.000,0.300,0.0082,0.2657,0.0963,10.88,0.2295
61.486,0.100,0.000,0.300,0.0085,0.2694,0.1012,8.72,0.2640
61.505,0.100,0.000,0.300,0.0093,0.2722,0.1063,9.48,0.2894
61.527,0.100,0.000,0.300,0.0092,0.2713,0.1079,12.65,0.3351
61.546,0.100,0.000,0.300,0.0076,0.2703,0.1094,14.19,0.3471
61.566,0.100,0.000,0.300,0.0047,0.2662,0.1151,13.84,0.3483
61.587,0.100,0.000,0.300,0.0072,0.2637,0.1187,13.43,0.3383
61.605,0.100,0.000,0.300,0.0084,0.2623,0.1198,13.44,0.3328
61.625,0.100,0.000,0.300,0.0094,0.2612,0.1204,13.12,0.3249
61.646,0.100,0.000,0.300,0.0098,0.2601,0.1196,12.66,0.3210
61.666,0.100,0.000,0.300,0.0093,0.2599,0.1188,12.62,0.3213
61.686,0.100,0.000,0.300,0.0081,0.2600,0.1167,12.63,0.3183
61.707,0.100,0.000,0.300,0.0073,0.2606,0.1127,12.48,0.3079
61.726,0.100,0.000,0.300,0.0070,0.2618,0.1091,12.13,0.2940
61.746,0.100,0.000,0.300,0.0067,0.2636,0.1052,11.56,0.2799
61.766,0.100,0.000,0.300,0.0063,0.2666,0.1012,10.94,0.2479
61.786,0.100,0.000,0.300,0.0060,0.2703,0.0983,9.72,0.2251
61.805,0.100,0.000,0.300,0.0059,0.2732,0.0980,7.50,0.2689
61.827,0.100,0.000,0.300,0.0049,0.2733,0.0984,11.35,0.3284
61.845,0.100,0.000,0.300,0.0047,0.2721,0.0986,14.41,0.3514
61.865,0.100,0.000,0.300,0.0046,0.2712,0.0987,14.22,0.3501
61.886,0.100,0.000,0.300,0.0048,0.2676,0.0967,14.22,0.3473
61.906,0.100,0.000,0.300,0.0056,0.2668,0.0951,14.03,0.3488
61.927,0.100,0.000,0.300,0.0070,0.2651,0.0928,13.77,0.3457
61.946,0.100,0.000,0.300,0.0072,0.2644,0.0920,13.73,0.3428
61.966,0.100,0.000,0.300,0.0076,0.2632,0.0914,13.52,0.3354
61.988,0.100,0.000,0.300,0.0079,0.2626,0.0916,13.28,0.3303
62.005,0.100,0.000,0.300,0.0085,0.2620,0.0919,13.28,0.3230
62.027,0.100,0.000,0.300,0.0087,0.2617,0.0924,12.84,0.3072
62.048,0.100,0.000,0.300,0.0089,0.2634,0.0936,12.23,0.2648
62.066,0.100,0.000,0.300,0.0089,0.2643,0.0942,12.26,0.2669
62.087,0.100,0.000,0.300,0.0090,0.2705,0.1014,8.29,0.2618
62.106,0.100,0.000,0.300,0.0093,0.2720,0.1036,8.66,0.3045
62.125,0.100,0.000,0.300,0.0097,0.2726,0.1058,8.30,0.3216
62.146,0.100,0.000,0.300,0.0091,0.2718,0.1064,13.40,0.3369
62.166,0.100,0.000,0.300,0.0077,0.2681,0.1106,13.57,0.3432
62.186,0.100,0.000,0.300,0.0094,0.2650,0.1146,13.42,0.3384
62.205,0.100,0.000,0.300,0.0108,0.2636,0.1160,13.39,0.3321
62.228,0.100,0.000,0.300,0.0117,0.2614,0.1171,13.04,0.3245
62.245,0.100,0.000,0.300,0.0116,0.2609,0.1168,12.81,0.3207
62.267,0.100,0.000,0.300,0.0108,0.2605,0.1160,12.65,0.3180
62.287,0.100,0.000,0.300,0.0092,0.2606,0.1134,12.56,0.3135
62.306,0.100,0.000,0.300,0.0081,0.2610,0.1106,12.40,0.3069
62.327,0.100,0.000,0.300,0.0076,0.2619,0.1074,12.16,0.2938
62.348,0.100,0.000,0.300,0.0074,0.2642,0.1034,11.59,0.2743
62.366,0.100,0.000,0.300,0.0072,0.2672,0.0996,11.65,0.2449
62.388,0.100,0.000,0.300,0.0072,0.2693,0.0977,9.68,0.2422
62.407,0.100,0.000,0.300,0.0073,0.2733,0.0964,6.83,0.2856
62.427,0.100,0.000,0.300,0.0062,0.2728,0.0965,12.48,0.3522
62.446,0.100,0.000,0.300,0.0057,0.2719,0.0970,15.02,0.3704
62.467,0.100,0.000,0.300,0.0056,0.2694,0.0976,15.31,0.3644
62.487,0.100,0.000,0.300,0.0055,0.2666,0.0965,14.53,0.3482
62.505,0.100,0.000,0.300,0.0063,0.2659,0.0939,13.71,0.3572
62.527,0.100,0.000,0.300,0.0069,0.2647,0.0929,14.10,0.3582
62.545,0.100,0.000,0.300,0.0070,0.2636,0.0921,14.05,0.3537
62.566,0.100,0.000,0.300,0.0067,0.2619,0.0909,13.93,0.3455
62.587,0.100,0.000,0.300,0.0066,0.2613,0.0910,13.67,0.3351
62.606,0.100,0.000,0.300,0.0066,0.2609,0.0914,13.26,0.3226
62.625,0.100,0.000,0.300,0.0065,0.2608,0.0917,13.24,0.3048
62.645,0.100,0.000,0.300,0.0065,0.2610,0.0921,12.75,0.2602
62.666,0.100,0.000,0.300,0.0066,0.2661,0.0950,10.36,0.2334
62.687,0.100,0.000,0.300,0.0075,0.2705,0.1031,8.67,0.2525
62.705,0.100,0.000,0.300,0.0086,0.2718,0.1057,9.13,0.3131
62.727,0.100,0.000,0.300,0.0085,0.2712,0.1071,12.75,0.3359
62.747,0.100,0.000,0.300,0.0067,0.2703,0.1090,13.38,0.3519
62.766,0.100,0.000,0.300,0.0040,0.2674,0.1133,13.84,0.3579
62.787,0.100,0.000,0.300,0.0053,0.2641,0.1169,13.83,0.3468
62.806,0.100,0.000,0.300,0.0065,0.2629,0.1176,13.48,0.3355
62.825,0.100,0.000,0.300,0.0079,0.2611,0.1178,13.04,0.3319
62.846,0.100,0.000,0.300,0.0079,0.2603,0.1164,12.95,0.3282
62.867,0.100,0.000,0.300,0.0074,0.2601,0.1150,12.81,0.3239
62.886,0.100,0.000,0.300,0.0069,0.2603,0.1125,12.64,0.3137
62.907,0.100,0.000,0.300,0.0068,0.2609,0.1100,12.31,0.3031
62.926,0.100,0.000,0.300,0.0068,0.2620,0.1070,12.02,0.2929
62.945,0.100,0.000,0.300,0.0067,0.2631,0.1048,12.04,0.2795
62.966,0.100,0.000,0.300,0.0065,0.2669,0.1000,10.97,0.2429
62.987,0.100,0.000,0.300,0.0072,0.2716,0.0971,9.59,0.2157
63.007,0.100,0.000,0.300,0.0074,0.2728,0.0968,9.66,0.2920
63.025,0.100,0.000,0.300,0.0073,0.2725,0.0967,12.22,0.3626
63.047,0.100,0.000,0.300,0.0067,0.2714,0.0970,15.01,0.3791
63.066,0.100,0.000,0.300,0.0064,0.2692,0.0971,15.49,0.3622
63.085,0.100,0.000,0.300,0.0060,0.2661,0.0948,14.43,0.3596
63.106,0.100,0.000,0.300,0.0059,0.2650,0.0927,14.33,0.3582
63.127,0.100,0.000,0.300,0.0065,0.2634,0.0914,14.24,0.3554
63.145,0.100,0.000,0.300,0.0068,0.2629,0.0911,14.20,0.3561
63.166,0.100,0.000,0.300,0.0078,0.2619,0.0912,14.10,0.3511
63.185,0.100,0.000,0.300,0.0088,0.2612,0.0915,13.92,0.3486
63.206,0.100,0.000,0.300,0.0092,0.2609,0.0918,13.84,0.3431
63.225,0.100,0.000,0.300,0.0092,0.2609,0.0928,13.61,0.3257
63.247,0.100,0.000,0.300,0.0091,0.2612,0.0931,12.94,0.2797
63.266,0.100,0.000,0.300,0.0088,0.2657,0.0956,11.14,0.2250
63.285,0.100,0.000,0.300,0.0090,0.2689,0.1008,8.99,0.2655
63.308,0.100,0.000,0.300,0.0102,0.2715,0.1052,6.45,0.3094
63.326,0.100,0.000,0.300,0.0104,0.2713,0.1059,12.12,0.3436
63.346,0.100,0.000,0.300,0.0080,0.2692,0.1088,13.97,0.3534
63.367,0.100,0.000,0.300,0.0067,0.2671,0.1117,14.17,0.3554
63.385,0.100,0.000,0.300,0.0073,0.2639,0.1152,13.87,0.3474
63.405,0.200,0.000,0.300,0.0088,0.2625,0.1169,13.51,0.3436
63.425,0.200,0.000,0.300,0.0098,0.2607,0.1178,13.48,0.3380
63.445,0.200,0.000,0.300,0.0101,0.2598,0.1174,13.25,0.3358
63.467,0.200,0.000,0.300,0.0091,0.2590,0.1160,13.26,0.3364
63.486,0.200,0.000,0.300,0.0086,0.2589,0.1153,13.26,0.3328
63.506,0.200,0.000,0.300,0.0069,0.2591,0.1118,13.18,0.3259
63.526,0.200,0.000,0.300,0.0062,0.2613,0.1053,12.95,0.3132
63.545,0.200,0.000,0.300,0.0062,0.2620,0.1038,12.97,0.2854
63.566,0.200,0.000,0.300,0.0071,0.2650,0.0988,11.44,0.2446
63.587,0.200,0.000,0.300,0.0101,0.2705,0.0952,9.98,0.2213
63.606,0.300,0.000,0.300,0.0112,0.2723,0.0943,7.09,0.3300
63.625,0.300,0.000,0.300,0.0111,0.2722,0.0942,13.97,0.4041
63.646,0.300,0.000,0.300,0.0111,0.2717,0.0942,16.48,0.4302
63.667,0.300,0.000,0.300,0.0115,0.2701,0.0946,16.36,0.4254
63.687,0.300,0.000,0.300,0.0105,0.2655,0.0934,17.02,0.4135
63.707,0.300,0.000,0.300,0.0088,0.2627,0.0914,16.58,0.3990
63.727,0.300,0.000,0.300,0.0091,0.2611,0.0905,16.01,0.3981
63.746,0.300,0.000,0.300,0.0106,0.2598,0.0903,15.93,0.3989
63.766,0.300,0.000,0.300,0.0127,0.2583,0.0908,15.75,0.3971
63.786,0.300,0.000,0.300,0.0130,0.2580,0.0910,15.64,0.3995
63.807,0.400,0.000,0.300,0.0129,0.2573,0.0916,15.46,0.4112
63.827,0.400,0.000,0.300,0.0113,0.2571,0.0924,15.76,0.3959
63.846,0.400,0.000,0.300,0.0087,0.2579,0.0936,15.58,0.3468
63.866,0.400,0.000,0.300,0.0077,0.2583,0.0942,14.98,0.3194
63.887,0.400,0.000,0.300,0.0070,0.2646,0.0977,9.85,0.3056
63.907,0.400,0.000,0.300,0.0077,0.2665,0.0994,9.95,0.3305
63.929,0.400,0.000,0.300,0.0119,0.2718,0.1053,6.13,0.2989
63.947,0.400,0.000,0.300,0.0131,0.2730,0.1080,12.83,0.3857
63.966,0.400,0.000,0.300,0.0099,0.2717,0.1081,13.35,0.3827
63.986,0.400,0.000,0.300,0.0030,0.2681,0.1084,15.81,0.3526
64.005,0.400,0.000,0.300,0.0071,0.2636,0.1098,16.67,0.3650
64.026,0.400,0.000,0.300,0.0099,0.2606,0.1101,15.55,0.3670
64.046,0.400,0.000,0.300,0.0096,0.2563,0.1102,15.20,0.3903
64.066,0.400,0.000,0.300,0.0091,0.2555,0.1095,15.53,0.3853
64.086,0.400,0.000,0.300,0.0087,0.2550,0.1092,15.04,0.3597
64.107,0.400,0.000,0.300,0.0084,0.2554,0.1066,13.43,0.3347
64.125,0.400,0.000,0.300,0.0085,0.2561,0.1042,12.69,0.3245
64.148,0.400,0.000,0.300,0.0090,0.2582,0.1005,12.28,0.3265
64.166,0.400,0.000,0.300,0.0087,0.2622,0.0954,12.32,0.3054
64.187,0.400,0.000,0.300,0.0068,0.2670,0.0911,11.37,0.2511
64.207,0.400,0.000,0.300,0.0047,0.2737,0.0886,6.75,0.2612
64.227,0.400,0.000,0.300,0.0042,0.2751,0.0890,7.54,0.3158
64.246,0.400,0.000,0.300,0.0044,0.2744,0.0891,13.60,0.3572
64.266,0.400,0.000,0.300,0.0048,0.2725,0.0899,13.61,0.3641
64.287,0.400,0.000,0.300,0.0071,0.2679,0.0913,14.83,0.3712
64.306,0.400,0.000,0.300,0.0085,0.2649,0.0914,14.86,0.3615
64.327,0.400,0.000,0.300,0.0079,0.2614,0.0904,14.34,0.3550
64.345,0.400,0.000,0.300,0.0057,0.2595,0.0897,13.90,0.3433
64.366,0.400,0.000,0.300,0.0040,0.2576,0.0903,13.37,0.3264
64.387,0.400,0.000,0.300,0.0033,0.2564,0.0919,12.51,0.3183
64.405,0.400,0.000,0.300,0.0039,0.2558,0.0940,11.88,0.3115
64.425,0.400,0.000,0.300,0.0052,0.2556,0.0963,11.48,0.2946
64.445,0.400,0.000,0.300,0.0058,0.2567,0.0976,11.19,0.2929
64.465,0.400,0.000,0.300,0.0065,0.2605,0.1004,10.91,0.3251
64.487,0.400,0.000,0.300,0.0067,0.2670,0.1052,10.14,0.3173
64.507,0.400,0.000,0.300,0.0067,0.2724,0.1126,7.00,0.3146
64.527,0.400,0.000,0.300,0.0058,0.2761,0.1183,8.27,0.2748
64.545,0.400,0.000,0.300,0.0041,0.2748,0.1191,11.30,0.3150
64.567,0.400,0.000,0.300,0.0063,0.2705,0.1206,14.18,0.3317
64.587,0.400,0.000,0.300,0.0105,0.2649,0.1209,13.85,0.3291
64.607,0.400,0.000,0.300,0.0134,0.2618,0.1185,13.44,0.3283
64.627,0.400,0.000,0.300,0.0136,0.2604,0.1184,13.32,0.3252
64.646,0.400,0.000,0.300,0.0125,0.2577,0.1165,12.82,0.3282
64.666,0.400,0.000,0.300,0.0113,0.2563,0.1158,12.90,0.3240
64.686,0.400,0.000,0.300,0.0109,0.2562,0.1151,12.65,0.3194
64.707,0.400,0.000,0.300,0.0111,0.2566,0.1126,11.90,0.3257
64.725,0.400,0.000,0.300,0.0109,0.2580,0.1098,12.06,0.3270
64.746,0.400,0.000,0.300,0.0104,0.2593,0.1074,11.86,0.3167
64.766,0.400,0.000,0.300,0.0089,0.2628,0.1027,11.49,0.3022
64.786,0.400,0.000,0.300,0.0064,0.2711,0.0960,10.05,0.2561
64.806,0.400,0.000,0.300,0.0051,0.2742,0.0947,9.96,0.2915
64.827,0.400,0.000,0.300,0.0033,0.2782,0.0946,6.58,0.3159
64.846,0.400,0.000,0.300,0.0033,0.2772,0.0947,14.12,0.3629
64.866,0.400,0.000,0.300,0.0041,0.2750,0.0953,14.14,0.3608
64.887,0.400,0.000,0.300,0.0084,0.2688,0.0955,14.71,0.3575
64.907,0.400,0.000,0.300,0.0097,0.2668,0.0951,14.64,0.3542
64.925,0.400,0.000,0.300,0.0105,0.2649,0.0949,14.32,0.3545
64.946,0.400,0.000,0.300,0.0092,0.2607,0.0943,14.11,0.3473
64.966,0.400,0.000,0.300,0.0072,0.2590,0.0946,13.62,0.3300
64.986,0.400,0.000,0.300,0.0050,0.2571,0.0962,12.73,0.3107
65.005,0.400,0.000,0.300,0.0049,0.2566,0.0974,12.40,0.3015
65.026,0.400,0.000,0.300,0.0060,0.2567,0.0998,11.13,0.2951
65.046,0.400,0.000,0.300,0.0068,0.2582,0.1007,10.88,0.2856
65.065,0.400,0.000,0.300,0.0083,0.2643,0.1059,10.62,0.2898
65.086,0.400,0.000,0.300,0.0085,0.2707,0.1144,10.04,0.2811
65.106,0.400,0.000,0.300,0.0088,0.2758,0.1204,5.80,0.2986
65.125,0.400,0.000,0.300,0.0099,0.2760,0.1227,11.38,0.2887
65.146,0.400,0.000,0.400,0.0103,0.2738,0.1234,12.77,0.3098
65.166,0.400,0.000,0.400,0.0110,0.2693,0.1243,13.95,0.3296
65.187,0.400,0.000,0.400,0.0121,0.2655,0.1229,13.35,0.3475
65.207,0.400,0.000,0.400,0.0121,0.2611,0.1208,13.88,0.3511
65.226,0.400,0.000,0.400,0.0117,0.2588,0.1198,13.81,0.3394
65.247,0.400,0.000,0.400,0.0118,0.2575,0.1181,13.03,0.3156
65.267,0.400,0.000,0.400,0.0115,0.2567,0.1164,11.95,0.3169
65.286,0.400,0.000,0.400,0.0096,0.2568,0.1135,11.60,0.3151
65.305,0.400,0.000,0.400,0.0076,0.2575,0.1095,11.43,0.3194
65.325,0.400,0.000,0.400,0.0070,0.2590,0.1048,11.69,0.3170
65.347,0.400,0.000,0.400,0.0063,0.2624,0.0980,11.63,0.3069
65.366,0.400,0.000,0.400,0.0068,0.2693,0.0908,11.15,0.2963
65.387,0.400,0.000,0.400,0.0084,0.2740,0.0875,10.69,0.2487
65.406,0.400,0.000,0.400,0.0094,0.2794,0.0865,10.43,0.2529
65.427,0.400,0.000,0.400,0.0087,0.2800,0.0859,7.37,0.3473
65.446,0.400,0.000,0.400,0.0061,0.2783,0.0864,15.14,0.3830
65.467,0.400,0.000,0.400,0.0063,0.2771,0.0869,16.26,0.3779
65.487,0.400,0.000,0.400,0.0099,0.2716,0.0882,15.43,0.3794
65.506,0.400,0.000,0.400,0.0121,0.2688,0.0883,15.26,0.3773
65.527,0.400,0.000,0.400,0.0128,0.2652,0.0886,15.09,0.3610
65.546,0.400,0.000,0.400,0.0097,0.2616,0.0891,14.34,0.3554
65.566,0.400,0.000,0.400,0.0074,0.2595,0.0903,14.02,0.3376
65.586,0.400,0.000,0.400,0.0069,0.2589,0.0910,13.94,0.3274
65.605,0.400,0.000,0.500,0.0065,0.2582,0.0934,12.64,0.3326
65.625,0.400,0.000,0.500,0.0072,0.2582,0.0966,12.70,0.3282
65.647,0.400,0.000,0.500,0.0073,0.2587,0.0984,12.52,0.2873
65.668,0.400,0.000,0.500,0.0062,0.2633,0.1047,10.52,0.3074
65.685,0.400,0.000,0.500,0.0053,0.2665,0.1099,10.50,0.3308
65.706,0.400,0.000,0.500,0.0024,0.2748,0.1270,6.83,0.3068
65.725,0.400,0.000,0.500,0.0037,0.2762,0.1317,7.07,0.3318
65.745,0.400,0.000,0.500,0.0079,0.2740,0.1348,14.27,0.3233
65.765,0.400,0.000,0.500,0.0084,0.2726,0.1353,14.25,0.3199
65.786,0.400,0.000,0.500,0.0101,0.2664,0.1345,14.06,0.3376
65.807,0.400,0.000,0.500,0.0117,0.2628,0.1315,13.60,0.3552
65.826,0.400,0.000,0.500,0.0124,0.2587,0.1287,14.13,0.3451
65.846,0.400,0.000,0.600,0.0126,0.2571,0.1268,13.26,0.3416
65.866,0.400,0.000,0.600,0.0128,0.2561,0.1248,12.86,0.3414
65.885,0.400,0.000,0.600,0.0115,0.2562,0.1212,12.65,0.3317
65.907,0.400,0.000,0.600,0.0088,0.2569,0.1157,11.69,0.3174
65.927,0.400,0.000,0.600,0.0074,0.2589,0.1064,11.58,0.3143
65.947,0.400,0.000,0.600,0.0064,0.2622,0.0981,11.67,0.3193
65.966,0.400,0.000,0.600,0.0077,0.2681,0.0879,11.56,0.3132
65.986,0.400,0.000,0.600,0.0081,0.2736,0.0820,10.97,0.2566
66.006,0.400,0.000,0.600,0.0051,0.2785,0.0796,8.55,0.2461
66.026,0.400,0.000,0.600,0.0023,0.2804,0.0797,5.85,0.3163
66.046,0.400,0.000,0.600,0.0035,0.2794,0.0795,14.32,0.3730
66.066,0.400,0.000,0.600,0.0077,0.2758,0.0813,15.84,0.3921
66.087,0.400,0.000,0.700,0.0121,0.2697,0.0829,15.73,0.3773
66.106,0.400,0.000,0.700,0.0125,0.2683,0.0825,15.67,0.3782
66.126,0.400,0.000,0.700,0.0116,0.2637,0.0837,15.16,0.3598
66.146,0.400,0.000,0.700,0.0085,0.2606,0.0857,14.28,0.3429
66.166,0.400,0.000,0.700,0.0066,0.2588,0.0894,13.48,0.3229
66.186,0.400,0.000,0.700,0.0068,0.2577,0.0950,12.33,0.3180
66.205,0.400,0.000,0.700,0.0085,0.2572,0.1016,11.97,0.3078
66.226,0.400,0.000,0.700,0.0100,0.2572,0.1088,11.39,0.2768
66.246,0.400,0.000,0.700,0.0101,0.2584,0.1135,11.08,0.3022
66.266,0.400,0.000,0.700,0.0104,0.2644,0.1240,10.52,0.2801
66.286,0.400,0.000,0.800,0.0106,0.2699,0.1348,10.19,0.2686
66.307,0.400,0.000,0.800,0.0115,0.2738,0.1459,5.36,0.2865
66.325,0.400,0.000,0.800,0.0122,0.2764,0.1525,9.62,0.2803
66.345,0.400,0.000,0.800,0.0102,0.2746,0.1535,13.09,0.3337
66.365,0.400,0.000,0.800,0.0112,0.2717,0.1530,14.95,0.3556
66.385,0.400,0.000,0.800,0.0121,0.2656,0.1481,15.14,0.3420
66.407,0.400,0.000,0.800,0.0125,0.2637,0.1428,13.89,0.3391
66.425,0.400,0.000,0.800,0.0131,0.2610,0.1346,13.13,0.3299
66.446,0.400,0.000,0.800,0.0120,0.2589,0.1299,12.37,0.3261
66.466,0.400,0.000,0.800,0.0085,0.2573,0.1200,11.88,0.3387
66.487,0.400,0.000,0.800,0.0083,0.2562,0.1140,12.94,0.3371
66.507,0.400,0.000,0.800,0.0078,0.2569,0.1076,12.28,0.3392
66.527,0.400,0.000,0.800,0.0076,0.2588,0.1012,11.89,0.3459
66.546,0.400,0.000,0.800,0.0093,0.2629,0.0884,11.84,0.3438
66.566,0.400,0.000,0.800,0.0084,0.2669,0.0813,12.16,0.3169
66.587,0.400,0.000,0.800,0.0036,0.2746,0.0697,9.99,0.2666
66.607,0.400,0.000,0.800,0.0017,0.2777,0.0664,9.69,0.2825
66.626,0.400,0.000,0.800,0.0029,0.2822,0.0641,7.32,0.3328
66.646,0.400,0.000,0.800,0.0069,0.2814,0.0646,13.72,0.3875
66.666,0.400,0.000,0.800,0.0148,0.2736,0.0719,17.24,0.3932
66.685,0.400,0.000,0.800,0.0151,0.2722,0.0731,16.59,0.3900
66.706,0.400,0.000,0.800,0.0149,0.2669,0.0769,16.21,0.3732
66.726,0.400,0.000,0.800,0.0141,0.2644,0.0787,16.24,0.3696
66.746,0.400,0.000,0.800,0.0126,0.2606,0.0830,15.15,0.3702
66.766,0.400,0.000,0.800,0.0139,0.2582,0.0882,14.82,0.3739
66.786,0.400,0.000,0.800,0.0161,0.2565,0.0962,14.47,0.3669
66.806,0.400,0.000,0.800,0.0148,0.2564,0.1051,13.53,0.3097
66.825,0.400,0.000,0.800,0.0145,0.2568,0.1100,13.12,0.2976
66.846,0.400,0.000,0.800,0.0160,0.2578,0.1180,11.57,0.2969
66.865,0.400,0.000,0.800,0.0165,0.2591,0.1206,11.37,0.3314
66.886,0.400,0.000,0.800,0.0196,0.2667,0.1332,8.25,0.3660
66.905,0.400,0.000,0.800,0.0245,0.2719,0.1461,6.95,0.3219
66.925,0.400,0.000,0.800,0.0282,0.2752,0.1545,6.92,0.2724
66.946,0.400,0.000,0.800,0.0278,0.2745,0.1613,13.88,0.3615
66.966,0.400,0.000,0.800,0.0268,0.2714,0.1617,18.43,0.4080
66.986,0.400,0.000,0.800,0.0278,0.2673,0.1605,18.05,0.3865
67.006,0.400,0.000,0.800,0.0252,0.2642,0.1537,15.69,0.3684
67.026,0.400,0.000,0.800,0.0254,0.2591,0.1451,14.34,0.3419
67.049,0.400,0.000,0.800,0.0259,0.2570,0.1318,12.34,0.3224
67.065,0.400,0.000,0.800,0.0189,0.2555,0.1229,10.76,0.3060
67.087,0.400,0.000,0.800,0.0120,0.2549,0.1153,11.50,0.3296
67.107,0.400,0.000,0.800,0.0097,0.2554,0.1090,12.20,0.3218
67.125,0.400,0.000,0.800,0.0106,0.2565,0.1048,11.28,0.3424
67.146,0.400,0.000,0.800,0.0150,0.2616,0.0928,11.59,0.3529
67.168,0.400,0.000,0.800,0.0151,0.2655,0.0869,12.45,0.3375
67.187,0.400,0.000,0.800,0.0113,0.2723,0.0784,10.64,0.2564
67.207,0.400,0.000,0.800,0.0071,0.2764,0.0741,7.28,0.2745
67.226,0.400,0.000,0.800,0.0068,0.2784,0.0731,7.16,0.2757
67.246,0.400,0.000,0.800,0.0077,0.2810,0.0727,9.45,0.3250
67.267,0.400,0.000,0.800,0.0169,0.2767,0.0757,15.32,0.3939
67.285,0.400,0.000,0.800,0.0186,0.2749,0.0770,15.25,0.4078
67.306,0.400,0.000,0.800,0.0202,0.2698,0.0803,16.83,0.3807
67.326,0.400,0.000,0.800,0.0171,0.2645,0.0816,15.32,0.3644
67.347,0.400,0.000,0.800,0.0161,0.2633,0.0820,15.28,0.3795
67.365,0.400,0.000,0.800,0.0138,0.2592,0.0861,13.24,0.3451
67.385,0.400,0.000,0.800,0.0170,0.2561,0.0951,13.76,0.3760
67.406,0.400,0.000,0.800,0.0194,0.2552,0.1023,14.42,0.3561
67.425,0.400,0.000,0.800,0.0187,0.2553,0.1072,13.95,0.2844
67.446,0.400,0.000,0.800,0.0176,0.2599,0.1195,10.60,0.3236
67.468,0.400,0.000,0.800,0.0187,0.2630,0.1258,9.99,0.3232
67.487,0.400,0.000,0.800,0.0190,0.2657,0.1334,12.10,0.3252
67.507,0.400,0.000,0.800,0.0183,0.2731,0.1457,5.67,0.3005
67.526,0.400,0.000,0.800,0.0214,0.2767,0.1580,7.42,0.2683
67.546,0.400,0.000,0.800,0.0211,0.2740,0.1590,13.29,0.3434
67.566,0.400,0.000,0.800,0.0225,0.2715,0.1569,16.98,0.4012
67.587,0.400,0.000,0.800,0.0259,0.2670,0.1510,17.87,0.3930
67.607,0.400,0.000,0.800,0.0237,0.2633,0.1440,15.78,0.3687
67.627,0.400,0.000,0.800,0.0236,0.2589,0.1307,13.41,0.3328
67.646,0.400,0.000,0.800,0.0245,0.2576,0.1262,13.06,0.3192
67.665,0.400,0.000,0.800,0.0202,0.2564,0.1185,10.57,0.3113
67.687,0.400,0.000,0.800,0.0111,0.2560,0.1102,11.35,0.3431
67.707,0.400,0.000,0.800,0.0087,0.2564,0.1009,12.41,0.3422
67.725,0.400,0.000,0.800,0.0096,0.2578,0.0962,11.67,0.3569
67.747,0.400,0.000,0.800,0.0131,0.2644,0.0833,12.06,0.3522
67.765,0.400,0.000,0.800,0.0131,0.2644,0.0833,12.06,0.3435
67.787,0.400,0.000,0.800,0.0090,0.2737,0.0714,10.45,0.2739
67.805,0.400,0.000,0.800,0.0067,0.2773,0.0685,9.94,0.2755
67.825,0.400,0.000,0.800,0.0052,0.2812,0.0664,5.17,0.2800
67.848,0.400,0.000,0.800,0.0073,0.2812,0.0676,10.48,0.3591
67.866,0.400,0.000,0.800,0.0132,0.2794,0.0692,16.80,0.4090
67.885,0.400,0.000,0.800,0.0157,0.2732,0.0737,18.30,0.4039
67.905,0.400,0.000,0.800,0.0126,0.2690,0.0758,17.33,0.3550
67.925,0.400,0.000,0.800,0.0115,0.2660,0.0769,14.21,0.3944
67.946,0.400,0.000,0.800,0.0114,0.2632,0.0799,14.44,0.3496
67.967,0.400,0.000,0.800,0.0146,0.2584,0.0887,14.56,0.3970
67.985,0.400,0.000,0.800,0.0174,0.2572,0.0930,14.19,0.4086
68.005,0.400,0.000,0.800,0.0163,0.2554,0.1017,15.68,0.3470
68.025,0.400,0.000,0.800,0.0120,0.2567,0.1078,14.90,0.3088
68.046,0.400,0.000,0.800,0.0140,0.2602,0.1174,11.77,0.3130
68.066,0.400,0.000,0.800,0.0120,0.2640,0.1267,11.24,0.2824
68.086,0.400,0.000,0.800,0.0148,0.2679,0.1369,9.10,0.3935
68.105,0.400,0.000,0.800,0.0167,0.2709,0.1441,13.30,0.3568
68.126,0.400,0.000,0.800,0.0135,0.2761,0.1514,13.46,0.2738
68.146,0.400,0.000,0.800,0.0145,0.2765,0.1555,10.46,0.3416
68.166,0.400,0.000,0.800,0.0208,0.2734,0.1558,18.21,0.3895
68.185,0.400,0.000,0.800,0.0207,0.2671,0.1511,18.18,0.3502
68.207,0.400,0.000,0.800,0.0194,0.2631,0.1426,14.34,0.3212
68.225,0.400,0.000,0.800,0.0177,0.2603,0.1340,13.26,0.3141
68.249,0.400,0.000,0.800,0.0108,0.2569,0.1217,11.38,0.3224
68.266,0.400,0.000,0.800,0.0117,0.2555,0.1166,12.04,0.3328
68.286,0.400,0.000,0.800,0.0147,0.2554,0.1126,11.65,0.3588
68.307,0.400,0.000,0.800,0.0158,0.2560,0.1097,11.36,0.3682
68.328,0.400,0.000,0.800,0.0161,0.2571,0.1063,12.64,0.3623
68.345,0.400,0.000,0.800,0.0153,0.2610,0.0983,12.06,0.3436
68.365,0.400,0.000,0.800,0.0141,0.2657,0.0891,10.96,0.3356
68.392,0.400,0.000,0.800,0.0144,0.2726,0.0791,9.07,0.2752
68.409,0.400,0.000,0.800,0.0154,0.2764,0.0747,8.70,0.2883
68.428,0.400,0.000,0.800,0.0185,0.2811,0.0705,6.61,0.2695
68.447,0.400,0.000,0.800,0.0150,0.2819,0.0720,12.06,0.3712
68.465,0.400,0.000,0.800,0.0125,0.2780,0.0752,13.46,0.3605
68.487,0.400,0.000,0.800,0.0127,0.2728,0.0788,17.47,0.3679
68.505,0.400,0.000,0.800,0.0122,0.2695,0.0806,17.28,0.3426
68.527,0.400,0.000,0.800,0.0145,0.2653,0.0823,13.90,0.3886
68.545,0.400,0.000,0.800,0.0149,0.2620,0.0851,12.46,0.3468
68.566,0.400,0.000,0.800,0.0130,0.2595,0.0896,13.09,0.3448
68.587,0.400,0.000,0.800,0.0136,0.2571,0.0963,13.83,0.3612
68.606,0.400,0.000,0.800,0.0150,0.2555,0.1036,13.40,0.3299
68.627,0.400,0.000,0.800,0.0155,0.2558,0.1122,12.11,0.3018
68.648,0.400,0.000,0.800,0.0181,0.2585,0.1192,11.65,0.3302
68.666,0.400,0.000,0.800,0.0188,0.2612,0.1249,11.15,0.3111
68.687,0.400,0.000,0.800,0.0176,0.2639,0.1316,10.53,0.3568
68.707,0.400,0.000,0.800,0.0138,0.2730,0.1453,5.70,0.3012
68.725,0.400,0.000,0.800,0.0134,0.2758,0.1536,6.00,0.2477
68.746,0.400,0.000,0.800,0.0167,0.2747,0.1579,11.67,0.3388
68.766,0.400,0.000,0.800,0.0212,0.2722,0.1572,16.92,0.4055
68.789,0.400,0.000,0.800,0.0242,0.2685,0.1545,17.98,0.3794
68.808,0.400,0.000,0.800,0.0238,0.2654,0.1510,17.67,0.3692
68.828,0.400,0.000,0.800,0.0217,0.2617,0.1426,14.48,0.3471
68.846,0.400,0.000,0.800,0.0200,0.2582,0.1311,12.52,0.3219
68.866,0.400,0.000,0.800,0.0174,0.2571,0.1255,11.30,0.3110
68.887,0.400,0.000,0.800,0.0117,0.2563,0.1172,10.48,0.3170
68.906,0.400,0.000,0.800,0.0090,0.2564,0.1092,12.07,0.3412
68.927,0.400,0.000,0.800,0.0094,0.2578,0.1014,12.43,0.3139
68.946,0.400,0.000,0.800,0.0096,0.2616,0.0924,11.11,0.3320
68.966,0.400,0.000,0.800,0.0120,0.2669,0.0831,11.76,0.3427
68.987,0.400,0.000,0.800,0.0123,0.2690,0.0801,11.41,0.3198
69.009,0.400,0.000,0.800,0.0105,0.2747,0.0733,11.65,0.2926
69.026,0.400,0.000,0.800,0.0061,0.2796,0.0703,9.06,0.2999
69.046,0.400,0.000,0.800,0.0038,0.2810,0.0698,9.78,0.3372
69.067,0.400,0.000,0.800,0.0089,0.2773,0.0716,12.94,0.3958
69.087,0.400,0.000,0.800,0.0156,0.2723,0.0749,18.03,0.4390
69.106,0.400,0.000,0.800,0.0143,0.2685,0.0776,17.36,0.3907
69.126,0.400,0.000,0.800,0.0094,0.2645,0.0806,17.62,0.3819
69.146,0.400,0.000,0.800,0.0060,0.2600,0.0850,14.53,0.3748
69.167,0.400,0.000,0.800,0.0067,0.2587,0.0875,13.90,0.3677
69.186,0.400,0.000,0.800,0.0113,0.2561,0.0972,14.53,0.3747
69.208,0.400,0.000,0.800,0.0107,0.2556,0.1035,14.13,0.3405
69.228,0.400,0.000,0.800,0.0082,0.2561,0.1079,13.57,0.2921
69.245,0.400,0.000,0.800,0.0084,0.2574,0.1153,11.88,0.3184
69.266,0.400,0.000,0.800,0.0105,0.2628,0.1266,11.94,0.2925
69.286,0.400,0.000,0.800,0.0085,0.2682,0.1371,10.03,0.3284
69.305,0.400,0.000,0.800,0.0096,0.2716,0.1446,6.92,0.3183
69.326,0.400,0.000,0.800,0.0108,0.2757,0.1536,9.29,0.2533
69.347,0.400,0.000,0.800,0.0091,0.2744,0.1553,11.20,0.3183
69.365,0.400,0.000,0.800,0.0122,0.2717,0.1546,13.29,0.3875
69.386,0.400,0.000,0.800,0.0183,0.2671,0.1513,17.64,0.3830
69.405,0.400,0.000,0.800,0.0179,0.2623,0.1416,15.57,0.3613
69.427,0.400,0.000,0.800,0.0171,0.2602,0.1362,14.92,0.3322
69.445,0.400,0.000,0.800,0.0131,0.2571,0.1261,12.24,0.3251
69.466,0.400,0.000,0.800,0.0117,0.2568,0.1237,11.79,0.3402
69.487,0.400,0.000,0.800,0.0086,0.2561,0.1170,13.17,0.3439
69.507,0.400,0.000,0.800,0.0086,0.2568,0.1082,12.32,0.3392
69.525,0.400,0.000,0.800,0.0095,0.2576,0.1036,11.91,0.3543
69.546,0.400,0.000,0.800,0.0110,0.2623,0.0918,12.04,0.3397
69.566,0.400,0.000,0.800,0.0099,0.2670,0.0819,11.18,0.2916
69.585,0.400,0.000,0.800,0.0088,0.2724,0.0735,9.11,0.2598
69.605,0.400,0.000,0.800,0.0088,0.2764,0.0696,8.97,0.2704
69.625,0.400,0.000,0.800,0.0095,0.2801,0.0670,4.85,0.2766
69.647,0.400,0.000,0.800,0.0087,0.2809,0.0668,11.35,0.3313
69.666,0.400,0.000,0.800,0.0100,0.2767,0.0697,12.23,0.3684
69.686,0.400,0.000,0.800,0.0114,0.2716,0.0740,16.46,0.3806
69.706,0.400,0.000,0.800,0.0093,0.2664,0.0775,15.76,0.3786
69.727,0.400,0.000,0.800,0.0087,0.2639,0.0794,15.50,0.3897
69.746,0.400,0.000,0.800,0.0079,0.2610,0.0829,13.71,0.3414
69.766,0.400,0.000,0.800,0.0071,0.2581,0.0882,13.54,0.3611
69.786,0.400,0.000,0.800,0.0094,0.2565,0.0957,14.04,0.3441
69.807,0.400,0.000,0.800,0.0096,0.2558,0.1023,12.76,0.2936
69.825,0.400,0.000,0.800,0.0105,0.2562,0.1068,12.41,0.3005
69.847,0.400,0.000,0.800,0.0133,0.2592,0.1168,11.41,0.2981
69.867,0.400,0.000,0.800,0.0127,0.2632,0.1269,10.64,0.3314
69.888,0.400,0.000,0.800,0.0135,0.2688,0.1419,7.48,0.3517
69.908,0.400,0.000,0.800,0.0143,0.2725,0.1490,7.54,0.3125
69.925,0.400,0.000,0.800,0.0141,0.2755,0.1570,6.12,0.2746
69.948,0.400,0.000,0.800,0.0129,0.2743,0.1587,12.83,0.3271
69.966,0.400,0.000,0.800,0.0137,0.2699,0.1567,15.33,0.3423
69.986,0.400,0.000,0.800,0.0137,0.2647,0.1507,14.71,0.3320
70.007,0.400,0.000,0.800,0.0147,0.2626,0.1460,14.36,0.3331
70.026,0.400,0.000,0.800,0.0162,0.2587,0.1366,12.85,0.3307
70.046,0.400,0.000,0.800,0.0117,0.2560,0.1277,11.92,0.3268
70.068,0.400,0.000,0.800,0.0105,0.2555,0.1256,11.73,0.3461
70.085,0.400,0.000,0.800,0.0090,0.2546,0.1201,12.23,0.3522
70.105,0.400,0.000,0.800,0.0096,0.2550,0.1147,12.76,0.3614
70.126,0.400,0.000,0.800,0.0116,0.2572,0.1072,12.89,0.3570
70.145,0.400,0.000,0.800,0.0119,0.2612,0.0952,12.09,0.3403
70.165,0.400,0.000,0.800,0.0089,0.2648,0.0853,11.13,0.3085
70.185,0.400,0.000,0.800,0.0064,0.2710,0.0750,10.40,0.2815
70.207,0.400,0.000,0.800,0.0054,0.2771,0.0672,6.80,0.2686
70.225,0.400,0.000,0.800,0.0056,0.2819,0.0654,4.57,0.3019
70.245,0.400,0.000,0.800,0.0070,0.2813,0.0653,8.72,0.3666
70.265,0.400,0.000,0.800,0.0123,0.2765,0.0683,17.08,0.3809
70.285,0.400,0.000,0.800,0.0154,0.2718,0.0717,16.41,0.3884
70.306,0.400,0.000,0.800,0.0157,0.2662,0.0753,16.08,0.3733
70.327,0.400,0.000,0.800,0.0147,0.2624,0.0776,15.32,0.3679
70.346,0.400,0.000,0.800,0.0133,0.2607,0.0791,15.29,0.3697
70.365,0.400,0.000,0.800,0.0122,0.2580,0.0831,14.90,0.3610
70.391,0.400,0.000,0.800,0.0142,0.2558,0.0913,14.06,0.3649
70.407,0.400,0.000,0.800,0.0163,0.2551,0.0990,13.84,0.3392
70.427,0.400,0.000,0.800,0.0160,0.2571,0.1096,12.17,0.2758
70.445,0.400,0.000,0.800,0.0159,0.2589,0.1155,10.67,0.2788
70.465,0.400,0.000,0.800,0.0183,0.2643,0.1292,10.26,0.2961
70.485,0.400,0.000,0.800,0.0209,0.2681,0.1367,9.95,0.3584
70.507,0.400,0.000,0.800,0.0264,0.2727,0.1488,8.31,0.3197
70.525,0.400,0.000,0.800,0.0268,0.2757,0.1572,10.45,0.2850
70.545,0.400,0.000,0.800,0.0240,0.2745,0.1589,12.72,0.3460
70.566,0.400,0.000,0.800,0.0240,0.2707,0.1610,16.38,0.3751
70.588,0.400,0.000,0.800,0.0247,0.2657,0.1586,16.48,0.3760
70.605,0.400,0.000,0.800,0.0243,0.2638,0.1535,16.19,0.3678
70.625,0.400,0.000,0.800,0.0239,0.2594,0.1415,14.05,0.3452
70.648,0.400,0.000,0.800,0.0202,0.2572,0.1327,12.07,0.3317
70.665,0.400,0.000,0.800,0.0165,0.2553,0.1233,11.24,0.3354
70.686,0.400,0.000,0.800,0.0158,0.2550,0.1162,12.11,0.3401
70.706,0.400,0.000,0.800,0.0149,0.2563,0.1104,11.67,0.3631
70.725,0.400,0.000,0.800,0.0149,0.2575,0.1061,12.69,0.3701
70.745,0.400,0.000,0.800,0.0138,0.2615,0.0971,12.14,0.3349
70.765,0.400,0.000,0.800,0.0132,0.2657,0.0873,10.30,0.3357
70.785,0.400,0.000,0.800,0.0139,0.2724,0.0775,9.70,0.2788
70.805,0.400,0.000,0.800,0.0144,0.2803,0.0712,6.34,0.2548
70.826,0.400,0.000,0.800,0.0169,0.2826,0.0699,6.70,0.2681
70.846,0.400,0.000,0.800,0.0164,0.2825,0.0705,13.71,0.3292
70.865,0.400,0.000,0.800,0.0113,0.2768,0.0751,15.37,0.3617
70.887,0.400,0.000,0.800,0.0098,0.2726,0.0786,16.02,0.3635
70.907,0.400,0.000,0.800,0.0098,0.2688,0.0813,14.96,0.3500
70.926,0.400,0.000,0.800,0.0109,0.2652,0.0838,13.80,0.3588
70.945,0.400,0.000,0.800,0.0111,0.2624,0.0865,12.79,0.3192
70.966,0.400,0.000,0.800,0.0100,0.2597,0.0908,12.67,0.3254
70.988,0.400,0.000,0.800,0.0099,0.2585,0.0961,12.54,0.3282
71.005,0.400,0.000,0.800,0.0106,0.2577,0.1023,12.59,0.3124
71.025,0.400,0.000,0.800,0.0111,0.2581,0.1067,11.72,0.2816
71.045,0.400,0.000,0.800,0.0152,0.2619,0.1173,10.81,0.2993
71.065,0.400,0.000,0.800,0.0156,0.2655,0.1283,11.06,0.2627
71.087,0.400,0.000,0.800,0.0120,0.2697,0.1398,9.10,0.2975
71.107,0.400,0.000,0.800,0.0074,0.2753,0.1503,6.10,0.2776
71.126,0.400,0.000,0.800,0.0077,0.2766,0.1571,7.09,0.2769
71.146,0.400,0.000,0.800,0.0099,0.2734,0.1578,12.99,0.3304
71.166,0.400,0.000,0.800,0.0148,0.2706,0.1555,14.82,0.3583
71.185,0.400,0.000,0.800,0.0154,0.2679,0.1529,15.39,0.3443
71.205,0.400,0.000,0.800,0.0141,0.2638,0.1468,14.23,0.3392
71.226,0.400,0.000,0.800,0.0127,0.2607,0.1389,13.45,0.3285
71.246,0.400,0.000,0.800,0.0113,0.2585,0.1313,12.33,0.3186
71.265,0.400,0.000,0.800,0.0090,0.2570,0.1244,12.56,0.3361
71.286,0.400,0.000,0.800,0.0081,0.2566,0.1200,12.23,0.3412
71.305,0.400,0.000,0.800,0.0081,0.2565,0.1139,12.47,0.3338
71.326,0.400,0.000,0.800,0.0081,0.2585,0.1044,11.99,0.3436
71.346,0.400,0.000,0.800,0.0096,0.2614,0.0950,12.23,0.3473
71.367,0.400,0.000,0.800,0.0091,0.2664,0.0825,11.82,0.3135
71.386,0.400,0.000,0.800,0.0078,0.2692,0.0787,11.62,0.3077
71.406,0.400,0.000,0.800,0.0060,0.2748,0.0710,9.99,0.2951
71.427,0.400,0.000,0.800,0.0040,0.2800,0.0688,4.00,0.3223
71.445,0.400,0.000,0.800,0.0074,0.2813,0.0695,4.34,0.3683
71.467,0.400,0.000,0.800,0.0151,0.2765,0.0723,17.96,0.3980
71.485,0.400,0.000,0.800,0.0168,0.2712,0.0757,17.67,0.3903
71.507,0.400,0.000,0.800,0.0173,0.2682,0.0774,16.42,0.3800
71.525,0.400,0.000,0.800,0.0188,0.2639,0.0797,15.89,0.3809
71.545,0.400,0.000,0.800,0.0174,0.2601,0.0830,15.76,0.3842
71.566,0.400,0.000,0.800,0.0163,0.2574,0.0865,15.45,0.3707
71.585,0.400,0.000,0.800,0.0157,0.2558,0.0911,14.46,0.3610
71.606,0.400,0.000,0.800,0.0161,0.2551,0.0978,13.65,0.3394
71.625,0.400,0.000,0.800,0.0167,0.2552,0.1032,13.26,0.3034
71.647,0.400,0.000,0.800,0.0175,0.2572,0.1152,10.61,0.2943
71.666,0.400,0.000,0.800,0.0183,0.2600,0.1220,10.37,0.3513
71.685,0.400,0.000,0.800,0.0204,0.2653,0.1338,8.05,0.3486
71.705,0.400,0.000,0.800,0.0239,0.2723,0.1465,4.77,0.2970
71.727,0.400,0.000,0.800,0.0274,0.2753,0.1564,7.26,0.2895
71.746,0.400,0.000,0.800,0.0259,0.2739,0.1579,14.27,0.3490
71.767,0.400,0.000,0.800,0.0236,0.2708,0.1592,16.28,0.3764
71.785,0.400,0.000,0.800,0.0213,0.2659,0.1546,16.00,0.3561
71.808,0.400,0.000,0.800,0.0203,0.2618,0.1450,14.26,0.3600
71.825,0.400,0.000,0.800,0.0214,0.2595,0.1402,13.96,0.3531
71.845,0.400,0.000,0.800,0.0234,0.2573,0.1333,12.95,0.3412
71.867,0.400,0.000,0.800,0.0190,0.2555,0.1240,11.46,0.3179
71.887,0.400,0.000,0.800,0.0118,0.2551,0.1165,10.49,0.3228
71.906,0.400,0.000,0.800,0.0077,0.2553,0.1090,12.05,0.3228
71.926,0.400,0.000,0.800,0.0078,0.2563,0.1039,11.56,0.3269
71.946,0.400,0.000,0.800,0.0105,0.2609,0.0928,11.40,0.3432
71.967,0.400,0.000,0.800,0.0142,0.2659,0.0838,12.00,0.3547
71.987,0.400,0.000,0.800,0.0135,0.2698,0.0781,11.26,0.3214
72.007,0.400,0.000,0.800,0.0059,0.2787,0.0692,8.28,0.2555
72.025,0.400,0.000,0.800,0.0008,0.2816,0.0681,4.69,0.2978
72.047,0.400,0.000,0.800,0.0047,0.2804,0.0678,11.78,0.3612
72.067,0.400,0.000,0.800,0.0129,0.2766,0.0702,15.74,0.3940
72.087,0.400,0.000,0.800,0.0186,0.2710,0.0743,16.03,0.4004
72.106,0.400,0.000,0.800,0.0187,0.2695,0.0753,15.95,0.3818
72.127,0.400,0.000,0.800,0.0134,0.2635,0.0788,15.16,0.3617
72.146,0.400,0.000,0.800,0.0086,0.2605,0.0817,14.60,0.3639
72.166,0.400,0.000,0.800,0.0052,0.2578,0.0888,13.19,0.3337
72.186,0.400,0.000,0.800,0.0070,0.2563,0.0972,12.58,0.3384
72.206,0.400,0.000,0.800,0.0115,0.2558,0.1055,12.32,0.3368
72.227,0.400,0.000,0.800,0.0126,0.2560,0.1109,12.69,0.2899
72.246,0.400,0.000,0.800,0.0106,0.2580,0.1184,12.09,0.2967
72.267,0.400,0.000,0.800,0.0109,0.2642,0.1296,11.27,0.2861
72.285,0.400,0.000,0.800,0.0106,0.2681,0.1366,10.64,0.2968
72.307,0.400,0.000,0.800,0.0112,0.2731,0.1523,10.24,0.2928
72.326,0.400,0.000,0.800,0.0133,0.2763,0.1608,6.08,0.2562
72.346,0.400,0.000,0.800,0.0128,0.2747,0.1603,12.47,0.3286
72.367,0.400,0.000,0.800,0.0158,0.2694,0.1585,16.78,0.3735
72.386,0.400,0.000,0.800,0.0166,0.2665,0.1559,16.03,0.3581
72.406,0.400,0.000,0.800,0.0163,0.2646,0.1519,16.00,0.3544
72.426,0.400,0.000,0.800,0.0157,0.2598,0.1425,14.13,0.3470
72.450,0.400,0.000,0.800,0.0168,0.2577,0.1346,12.97,0.3345
72.466,0.400,0.000,0.800,0.0126,0.2557,0.1242,11.75,0.3142
72.487,0.400,0.000,0.800,0.0074,0.2552,0.1163,11.23,0.3339
72.507,0.400,0.000,0.800,0.0071,0.2559,0.1086,12.41,0.3355
72.525,0.400,0.000,0.800,0.0072,0.2564,0.1061,12.05,0.3242
72.546,0.400,0.000,0.800,0.0085,0.2611,0.0944,11.33,0.3367
72.566,0.400,0.000,0.800,0.0108,0.2668,0.0846,11.71,0.3422
72.585,0.400,0.000,0.800,0.0101,0.2705,0.0789,11.05,0.2975
72.607,0.400,0.000,0.800,0.0054,0.2771,0.0715,7.48,0.2724
72.627,0.400,0.000,0.800,0.0022,0.2809,0.0698,7.40,0.2820
72.647,0.400,0.000,0.800,0.0052,0.2798,0.0702,11.90,0.3640
72.667,0.400,0.000,0.800,0.0132,0.2752,0.0734,15.81,0.3891
72.687,0.400,0.000,0.800,0.0156,0.2728,0.0754,15.43,0.3997
72.705,0.400,0.000,0.800,0.0176,0.2703,0.0774,15.79,0.3985
72.725,0.400,0.000,0.800,0.0169,0.2657,0.0801,16.04,0.3650
72.746,0.400,0.000,0.800,0.0108,0.2617,0.0823,14.58,0.3634
72.767,0.400,0.000,0.800,0.0062,0.2585,0.0873,13.64,0.3507
72.786,0.400,0.000,0.800,0.0064,0.2571,0.0943,12.39,0.3283
72.805,0.400,0.000,0.800,0.0104,0.2563,0.1023,12.66,0.3366
72.826,0.400,0.000,0.800,0.0118,0.2564,0.1076,12.33,0.2982
72.847,0.400,0.000,0.800,0.0094,0.2606,0.1212,10.40,0.2816
72.867,0.400,0.000,0.800,0.0110,0.2656,0.1313,11.03,0.3039
72.886,0.400,0.000,0.800,0.0110,0.2689,0.1391,10.47,0.2839
72.906,0.400,0.000,0.800,0.0149,0.2764,0.1570,5.04,0.2559
72.925,0.400,0.000,0.800,0.0171,0.2767,0.1602,5.57,0.2814
72.947,0.400,0.000,0.800,0.0182,0.2748,0.1618,12.97,0.3489
72.966,0.400,0.000,0.800,0.0173,0.2692,0.1590,16.24,0.3721
72.986,0.400,0.000,0.800,0.0176,0.2668,0.1550,15.67,0.3512
73.006,0.400,0.000,0.800,0.0150,0.2633,0.1444,14.29,0.3430
73.026,0.400,0.000,0.800,0.0169,0.2590,0.1344,12.99,0.3192
73.048,0.400,0.000,0.800,0.0189,0.2577,0.1269,11.37,0.3045
73.065,0.400,0.000,0.800,0.0118,0.2564,0.1187,10.77,0.3295
73.086,0.400,0.000,0.800,0.0041,0.2564,0.1086,12.42,0.3275
73.106,0.400,0.000,0.800,0.0059,0.2574,0.1008,11.70,0.3460
73.125,0.400,0.000,0.800,0.0081,0.2590,0.0966,12.69,0.3576
73.146,0.400,0.000,0.800,0.0104,0.2644,0.0861,12.35,0.3425
73.167,0.400,0.000,0.800,0.0078,0.2699,0.0758,11.26,0.2941
73.186,0.400,0.000,0.800,0.0053,0.2775,0.0673,9.17,0.2351
73.207,0.400,0.000,0.800,0.0053,0.2830,0.0638,6.01,0.2433
73.225,0.400,0.000,0.800,0.0055,0.2836,0.0631,6.11,0.3391
73.245,0.400,0.000,0.800,0.0063,0.2834,0.0627,10.04,0.3794
73.266,0.400,0.000,0.800,0.0113,0.2770,0.0677,16.26,0.3789
73.286,0.400,0.000,0.800,0.0128,0.2720,0.0717,15.32,0.3757
73.307,0.400,0.000,0.800,0.0121,0.2677,0.0747,15.39,0.3661
73.325,0.400,0.000,0.800,0.0102,0.2646,0.0775,15.00,0.3618
73.345,0.400,0.000,0.800,0.0092,0.2626,0.0802,14.99,0.3541
73.366,0.400,0.000,0.800,0.0085,0.2600,0.0852,14.58,0.3517
73.386,0.400,0.000,0.800,0.0104,0.2579,0.0959,13.65,0.3440
73.405,0.400,0.000,0.800,0.0111,0.2575,0.1008,13.41,0.3207
73.425,0.400,0.000,0.800,0.0115,0.2573,0.1057,12.18,0.2789
73.446,0.400,0.000,0.800,0.0094,0.2639,0.1182,10.28,0.2930
73.466,0.400,0.000,0.800,0.0099,0.2667,0.1303,11.43,0.2544
73.486,0.400,0.000,0.800,0.0091,0.2712,0.1411,9.06,0.2847
73.506,0.400,0.000,0.800,0.0127,0.2766,0.1547,6.63,0.2650
73.526,0.400,0.000,0.800,0.0122,0.2754,0.1583,11.46,0.3033
73.546,0.400,0.000,0.800,0.0108,0.2747,0.1584,12.08,0.3387
73.566,0.400,0.000,0.800,0.0158,0.2686,0.1553,15.04,0.3525
73.587,0.400,0.000,0.800,0.0139,0.2640,0.1469,14.34,0.3410
73.607,0.400,0.000,0.800,0.0137,0.2631,0.1455,14.34,0.3298
73.625,0.400,0.000,0.800,0.0138,0.2598,0.1365,13.26,0.3257
73.646,0.400,0.000,0.800,0.0107,0.2571,0.1241,11.41,0.3188
73.666,0.400,0.000,0.800,0.0101,0.2566,0.1219,11.22,0.3407
73.686,0.400,0.000,0.800,0.0114,0.2563,0.1103,12.12,0.3573
73.707,0.400,0.000,0.800,0.0115,0.2573,0.1045,12.98,0.3649
73.726,0.400,0.000,0.800,0.0110,0.2611,0.0942,12.28,0.3403
73.746,0.400,0.000,0.800,0.0099,0.2642,0.0860,11.09,0.3154
73.766,0.400,0.000,0.800,0.0092,0.2705,0.0744,10.00,0.2711
73.787,0.400,0.000,0.800,0.0091,0.2767,0.0671,8.54,0.2436
73.807,0.400,0.000,0.800,0.0110,0.2822,0.0630,6.36,0.2360
73.825,0.400,0.000,0.800,0.0101,0.2836,0.0625,10.80,0.2727
73.846,0.400,0.000,0.800,0.0076,0.2814,0.0647,12.78,0.3497
73.866,0.400,0.000,0.800,0.0093,0.2762,0.0696,15.72,0.3574
73.887,0.400,0.000,0.800,0.0110,0.2728,0.0728,14.59,0.3505
73.907,0.400,0.000,0.800,0.0130,0.2686,0.0760,13.84,0.3781
73.926,0.400,0.000,0.800,0.0129,0.2645,0.0801,13.01,0.3573
73.946,0.400,0.000,0.800,0.0115,0.2626,0.0832,13.22,0.3387
73.967,0.400,0.000,0.800,0.0111,0.2597,0.0907,13.67,0.3427
73.987,0.400,0.000,0.800,0.0116,0.2587,0.0966,13.24,0.3177
74.007,0.400,0.000,0.800,0.0127,0.2582,0.1054,11.76,0.2847
74.025,0.400,0.000,0.800,0.0148,0.2592,0.1127,11.16,0.2979
74.046,0.400,0.000,0.800,0.0149,0.2619,0.1245,11.12,0.2732
74.066,0.400,0.000,0.800,0.0131,0.2659,0.1340,9.89,0.3124
74.086,0.400,0.000,0.800,0.0127,0.2676,0.1374,9.55,0.3798
74.107,0.400,0.000,0.800,0.0125,0.2762,0.1539,7.79,0.2726
74.125,0.400,0.000,0.800,0.0125,0.2776,0.1587,9.67,0.2857
74.146,0.400,0.000,0.800,0.0132,0.2757,0.1599,13.00,0.3194
74.167,0.400,0.000,0.800,0.0143,0.2706,0.1593,15.23,0.3410
74.187,0.400,0.000,0.800,0.0161,0.2657,0.1505,14.11,0.3323
74.205,0.400,0.000,0.800,0.0163,0.2646,0.1478,13.88,0.3251
74.227,0.400,0.000,0.800,0.0152,0.2585,0.1363,12.39,0.3200
74.246,0.400,0.000,0.800,0.0125,0.2572,0.1300,11.98,0.3298
74.266,0.400,0.000,0.800,0.0110,0.2561,0.1267,12.75,0.3265
74.286,0.400,0.000,0.800,0.0114,0.2566,0.1173,11.65,0.3373
74.305,0.400,0.000,0.800,0.0127,0.2571,0.1132,11.41,0.3437
74.326,0.400,0.000,0.700,0.0141,0.2577,0.1090,11.97,0.3334
74.346,0.400,0.000,0.700,0.0110,0.2624,0.0967,11.11,0.3198
74.367,0.400,0.000,0.700,0.0066,0.2676,0.0867,10.60,0.3199
74.390,0.400,0.000,0.700,0.0054,0.2715,0.0810,10.29,0.2935
74.407,0.400,0.000,0.700,0.0049,0.2784,0.0740,6.56,0.2715
74.425,0.400,0.000,0.700,0.0043,0.2819,0.0732,6.92,0.3109
74.446,0.400,0.000,0.700,0.0052,0.2819,0.0740,12.36,0.3680
74.467,0.400,0.000,0.700,0.0102,0.2764,0.0781,17.60,0.4026
74.487,0.400,0.000,0.700,0.0122,0.2733,0.0802,17.25,0.4021
74.506,0.400,0.000,0.600,0.0134,0.2699,0.0822,16.88,0.3803
74.526,0.400,0.000,0.600,0.0124,0.2655,0.0839,15.58,0.3596
74.546,0.400,0.000,0.600,0.0101,0.2620,0.0853,14.55,0.3513
74.567,0.400,0.000,0.600,0.0091,0.2597,0.0879,14.12,0.3436
74.586,0.400,0.000,0.600,0.0093,0.2586,0.0904,13.66,0.3467
74.607,0.400,0.000,0.600,0.0117,0.2576,0.0963,13.33,0.3441
74.626,0.400,0.000,0.600,0.0124,0.2575,0.1015,12.95,0.2970
74.645,0.400,0.000,0.600,0.0125,0.2603,0.1088,10.46,0.2817
74.665,0.400,0.000,0.600,0.0145,0.2662,0.1192,10.67,0.2771
74.688,0.400,0.000,0.500,0.0166,0.2708,0.1283,8.19,0.3123
74.705,0.400,0.000,0.500,0.0194,0.2755,0.1374,8.09,0.2789
74.725,0.400,0.000,0.500,0.0193,0.2770,0.1413,10.42,0.2745
74.746,0.400,0.000,0.500,0.0155,0.2740,0.1427,13.41,0.3166
74.766,0.400,0.000,0.500,0.0155,0.2687,0.1411,14.33,0.3380
74.786,0.400,0.000,0.500,0.0162,0.2662,0.1393,14.03,0.3288
74.805,0.400,0.000,0.500,0.0177,0.2620,0.1358,13.34,0.3282
74.827,0.400,0.000,0.500,0.0173,0.2592,0.1320,12.63,0.3286
74.846,0.400,0.000,0.400,0.0154,0.2575,0.1288,12.31,0.3166
74.867,0.400,0.000,0.400,0.0139,0.2564,0.1258,12.00,0.3189
74.887,0.400,0.000,0.400,0.0138,0.2562,0.1220,11.80,0.3234
74.905,0.400,0.000,0.400,0.0139,0.2566,0.1200,11.87,0.3422
74.927,0.400,0.000,0.400,0.0136,0.2581,0.1162,12.46,0.3422
74.945,0.400,0.000,0.400,0.0126,0.2611,0.1111,12.16,0.3285
74.967,0.400,0.000,0.400,0.0102,0.2674,0.1030,11.13,0.2914
74.987,0.400,0.000,0.400,0.0083,0.2726,0.0984,9.77,0.2569
75.006,0.400,0.000,0.400,0.0066,0.2770,0.0961,9.49,0.2784
75.025,0.400,0.000,0.300,0.0051,0.2798,0.0954,4.37,0.2996
75.046,0.400,0.000,0.300,0.0044,0.2792,0.0951,12.41,0.3482
75.067,0.400,0.000,0.300,0.0079,0.2733,0.0962,15.11,0.3369
75.085,0.400,0.000,0.300,0.0103,0.2707,0.0944,13.86,0.3579
75.106,0.400,0.000,0.300,0.0116,0.2673,0.0939,14.50,0.3390
75.126,0.400,0.000,0.300,0.0106,0.2638,0.0929,14.39,0.3423
75.146,0.400,0.000,0.300,0.0089,0.2616,0.0923,13.63,0.3311
75.166,0.400,0.000,0.300,0.0071,0.2597,0.0928,13.00,0.3193
75.187,0.400,0.000,0.300,0.0063,0.2582,0.0945,12.22,0.3036
75.208,0.400,0.000,0.300,0.0070,0.2576,0.0965,11.44,0.2949
75.225,0.400,0.000,0.200,0.0073,0.2576,0.0969,11.37,0.2978
75.248,0.400,0.000,0.200,0.0079,0.2596,0.0988,11.48,0.2996
75.267,0.400,0.000,0.200,0.0070,0.2655,0.1025,11.26,0.2876
75.287,0.400,0.000,0.200,0.0063,0.2691,0.1054,10.93,0.3364
75.305,0.400,0.000,0.200,0.0045,0.2752,0.1122,7.18,0.3173
75.326,0.400,0.000,0.200,0.0048,0.2778,0.1151,6.75,0.2828
75.346,0.400,0.000,0.200,0.0051,0.2769,0.1155,11.68,0.3061
75.366,0.400,0.000,0.200,0.0064,0.2738,0.1163,13.47,0.3164
75.386,0.400,0.000,0.200,0.0117,0.2664,0.1161,13.68,0.3270
75.406,0.400,0.000,0.100,0.0133,0.2627,0.1153,13.42,0.3323
75.427,0.400,0.000,0.100,0.0133,0.2591,0.1150,13.34,0.3285
75.446,0.400,0.000,0.100,0.0129,0.2581,0.1146,13.23,0.3211
75.466,0.400,0.000,0.100,0.0116,0.2559,0.1144,12.63,0.3065
75.486,0.400,0.000,0.100,0.0108,0.2557,0.1136,11.79,0.3098
75.505,0.400,0.000,0.100,0.0106,0.2558,0.1131,11.72,0.3157
75.526,0.400,0.000,0.100,0.0106,0.2565,0.1122,11.89,0.3149
75.547,0.400,0.000,0.100,0.0103,0.2596,0.1094,11.60,0.3091
75.565,0.400,0.000,0.100,0.0087,0.2633,0.1066,11.45,0.2993
75.585,0.400,0.000,0.100,0.0076,0.2670,0.1046,9.99,0.2881
75.607,0.400,0.000,0.000,0.0053,0.2754,0.1023,7.61,0.2618
75.626,0.400,0.000,0.000,0.0038,0.2769,0.1030,6.89,0.3243
75.646,0.400,0.000,0.000,0.0033,0.2763,0.1031,10.03,0.3676
75.666,0.400,0.000,0.000,0.0048,0.2723,0.1040,15.37,0.3431
75.686,0.400,0.000,0.000,0.0084,0.2680,0.1027,13.72,0.3526
75.705,0.400,0.000,0.000,0.0100,0.2659,0.1023,13.74,0.3493
75.728,0.400,0.000,0.000,0.0115,0.2631,0.1015,13.90,0.3504
75.745,0.400,0.000,0.000,0.0111,0.2619,0.1008,13.75,0.3489
75.766,0.400,0.000,0.000,0.0097,0.2602,0.1001,13.59,0.3326
75.786,0.400,0.000,0.000,0.0080,0.2588,0.0999,12.79,0.3174
75.807,0.400,0.000,-0.100,0.0060,0.2578,0.0997,11.93,0.3146
75.826,0.400,0.000,-0.100,0.0058,0.2577,0.0995,12.03,0.3186
75.848,0.400,0.000,-0.100,0.0051,0.2604,0.0981,11.89,0.3151
75.868,0.400,0.000,-0.100,0.0040,0.2642,0.0974,11.60,0.2891
75.888,0.400,0.000,-0.100,0.0032,0.2671,0.0973,11.40,0.3544
75.906,0.400,0.000,-0.100,0.0027,0.2728,0.0973,10.19,0.3550
75.927,0.400,0.000,-0.100,0.0040,0.2778,0.0976,4.35,0.3019
75.946,0.400,0.000,-0.100,0.0036,0.2772,0.0979,12.37,0.3308
75.965,0.400,0.000,-0.100,0.0027,0.2747,0.0987,14.52,0.3298
75.987,0.400,0.000,-0.200,0.0078,0.2667,0.1006,13.77,0.3262
76.006,0.400,0.000,-0.200,0.0096,0.2643,0.1009,13.74,0.3285
76.027,0.400,0.000,-0.200,0.0104,0.2603,0.1018,13.58,0.3364
76.046,0.400,0.000,-0.200,0.0102,0.2579,0.1022,13.75,0.3389
76.067,0.400,0.000,-0.200,0.0099,0.2555,0.1033,13.55,0.3353
76.089,0.400,0.000,-0.200,0.0099,0.2551,0.1038,13.46,0.3251
76.107,0.400,0.000,-0.200,0.0101,0.2548,0.1051,12.57,0.3124
76.126,0.400,0.000,-0.200,0.0097,0.2561,0.1056,12.05,0.3071
76.145,0.400,0.000,-0.200,0.0086,0.2597,0.1061,11.90,0.2976
76.166,0.400,0.000,-0.200,0.0070,0.2642,0.1067,11.50,0.2700
76.188,0.400,0.000,-0.200,0.0065,0.2677,0.1066,11.37,0.2649
76.209,0.400,0.000,-0.300,0.0063,0.2735,0.1081,5.81,0.2837
76.226,0.400,0.000,-0.300,0.0061,0.2751,0.1090,5.62,0.3246
76.246,0.400,0.000,-0.300,0.0072,0.2735,0.1102,14.55,0.3779
76.267,0.400,0.000,-0.300,0.0106,0.2668,0.1121,16.86,0.3618
76.287,0.400,0.000,-0.300,0.0128,0.2643,0.1104,14.80,0.3681
76.305,0.400,0.000,-0.300,0.0164,0.2599,0.1086,14.55,0.3521
76.328,0.400,0.000,-0.300,0.0168,0.2595,0.1079,14.39,0.3577
76.346,0.400,0.000,-0.300,0.0181,0.2575,0.1053,13.66,0.3458
76.365,0.400,0.000,-0.300,0.0177,0.2570,0.1045,13.14,0.3379
76.387,0.400,0.000,-0.300,0.0168,0.2568,0.1032,12.68,0.3268
76.409,0.400,0.000,-0.400,0.0164,0.2568,0.1017,12.08,0.3458
76.425,0.400,0.000,-0.400,0.0163,0.2570,0.1004,11.86,0.3422
76.446,0.400,0.000,-0.400,0.0148,0.2616,0.0941,12.29,0.3316
76.467,0.400,0.000,-0.400,0.0133,0.2642,0.0915,11.79,0.3025
76.489,0.400,0.000,-0.400,0.0112,0.2677,0.0881,10.35,0.3745
76.506,0.400,0.000,-0.400,0.0110,0.2759,0.0833,10.15,0.3304
76.528,0.400,0.000,-0.400,0.0123,0.2807,0.0816,3.84,0.2500
76.545,0.400,0.000,-0.400,0.0118,0.2802,0.0813,10.50,0.3091
76.565,0.400,0.000,-0.400,0.0093,0.2764,0.0827,13.79,0.3277
76.585,0.400,0.000,-0.400,0.0088,0.2713,0.0848,13.73,0.3279
76.605,0.400,0.000,-0.500,0.0106,0.2662,0.0872,13.20,0.3289
76.625,0.400,0.000,-0.500,0.0105,0.2621,0.0897,13.28,0.3313
76.645,0.400,0.000,-0.500,0.0097,0.2596,0.0915,13.31,0.3261
76.666,0.400,0.000,-0.500,0.0088,0.2571,0.0947,12.91,0.3179
76.686,0.400,0.000,-0.500,0.0088,0.2565,0.0975,12.46,0.3045
76.705,0.400,0.000,-0.500,0.0092,0.2571,0.1020,11.67,0.2900
76.725,0.400,0.000,-0.500,0.0094,0.2579,0.1059,11.11,0.2833
76.746,0.400,0.000,-0.500,0.0093,0.2627,0.1098,10.62,0.2839
76.766,0.400,0.000,-0.500,0.0091,0.2667,0.1139,11.09,0.2668
76.786,0.400,0.000,-0.500,0.0102,0.2733,0.1192,9.16,0.2345
76.806,0.400,0.000,-0.600,0.0111,0.2767,0.1241,5.91,0.2912
76.826,0.400,0.000,-0.600,0.0126,0.2751,0.1254,13.00,0.3485
76.846,0.400,0.000,-0.600,0.0151,0.2714,0.1275,14.73,0.3666
76.866,0.400,0.000,-0.600,0.0169,0.2676,0.1266,14.74,0.3765
76.885,0.400,0.000,-0.600,0.0183,0.2656,0.1246,14.52,0.3722
76.905,0.400,0.000,-0.600,0.0207,0.2631,0.1210,14.59,0.3638
76.926,0.400,0.000,-0.600,0.0220,0.2617,0.1186,14.20,0.3575
76.945,0.400,0.000,-0.600,0.0226,0.2600,0.1135,13.23,0.3396
76.965,0.400,0.000,-0.600,0.0210,0.2590,0.1086,12.34,0.3303
76.986,0.400,0.000,-0.600,0.0201,0.2588,0.1060,12.14,0.3393
77.007,0.400,0.000,-0.700,0.0191,0.2593,0.0990,12.18,0.3625
77.027,0.400,0.000,-0.700,0.0184,0.2611,0.0923,13.05,0.3516
77.047,0.400,0.000,-0.700,0.0170,0.2628,0.0882,12.65,0.3391
77.066,0.400,0.000,-0.700,0.0127,0.2695,0.0773,11.77,0.3488
77.085,0.400,0.000,-0.700,0.0114,0.2734,0.0719,12.36,0.3679
77.105,0.400,0.000,-0.700,0.0133,0.2797,0.0656,11.48,0.3393
77.125,0.400,0.000,-0.700,0.0180,0.2843,0.0623,4.44,0.2688
77.145,0.400,0.000,-0.700,0.0187,0.2844,0.0616,10.07,0.3236
77.166,0.400,0.000,-0.700,0.0158,0.2813,0.0632,11.86,0.3493
77.186,0.400,0.000,-0.700,0.0145,0.2745,0.0696,15.38,0.3235
77.207,0.400,0.000,-0.800,0.0172,0.2710,0.0737,14.93,0.3894
77.227,0.400,0.000,-0.800,0.0202,0.2673,0.0787,13.18,0.4089
77.245,0.400,0.000,-0.800,0.0181,0.2631,0.0836,12.31,0.3846
77.266,0.400,0.000,-0.800,0.0104,0.2593,0.0890,12.79,0.3542
77.285,0.400,0.000,-0.800,0.0060,0.2574,0.0931,13.11,0.3605
77.307,0.400,0.000,-0.800,0.0059,0.2567,0.0981,12.74,0.3411
77.326,0.400,0.000,-0.800,0.0114,0.2579,0.1070,11.60,0.2932
77.346,0.400,0.000,-0.800,0.0154,0.2606,0.1144,11.16,0.2999
77.367,0.400,0.000,-0.800,0.0163,0.2664,0.1221,9.85,0.3116
77.386,0.400,0.000,-0.800,0.0139,0.2725,0.1357,9.43,0.2737
77.406,0.400,0.000,-0.900,0.0139,0.2761,0.1415,9.43,0.3012
77.426,0.400,0.000,-0.900,0.0179,0.2776,0.1458,7.53,0.3330
77.446,0.400,0.000,-0.900,0.0250,0.2743,0.1472,15.08,0.3914
77.466,0.400,0.000,-0.900,0.0295,0.2708,0.1459,16.68,0.4153
77.487,0.400,0.000,-0.900,0.0288,0.2683,0.1433,17.23,0.4288
77.508,0.400,0.000,-0.900,0.0238,0.2646,0.1367,16.60,0.3778
77.525,0.400,0.000,-0.900,0.0207,0.2638,0.1306,16.09,0.3467
77.546,0.400,0.000,-0.900,0.0181,0.2627,0.1252,13.86,0.3362
77.566,0.400,0.000,-0.900,0.0212,0.2596,0.1167,12.54,0.3431
77.587,0.400,0.000,-0.900,0.0248,0.2594,0.1115,12.18,0.3580
77.606,0.400,0.000,-0.900,0.0278,0.2597,0.1018,12.96,0.3433
77.627,0.400,0.000,-1.000,0.0225,0.2622,0.0930,11.81,0.3842
77.646,0.400,0.000,-1.000,0.0150,0.2651,0.0843,14.07,0.4331
77.666,0.400,0.000,-1.000,0.0129,0.2665,0.0811,13.94,0.4390
77.688,0.400,0.000,-1.000,0.0165,0.2767,0.0643,13.53,0.2850
77.705,0.400,0.000,-1.000,0.0227,0.2798,0.0598,12.51,0.3511
77.727,0.400,0.000,-1.000,0.0312,0.2864,0.0526,14.49,0.3605
77.746,0.400,0.000,-1.000,0.0258,0.2879,0.0540,12.09,0.3235
77.766,0.400,0.000,-1.000,0.0089,0.2861,0.0571,12.20,0.4265
77.786,0.400,0.000,-1.000,0.0113,0.2831,0.0607,12.17,0.5053
77.806,0.400,0.000,-1.000,0.0183,0.2754,0.0736,14.15,0.4084
77.825,0.400,0.000,-1.000,0.0208,0.2710,0.0824,13.76,0.3069
77.845,0.400,0.000,-1.000,0.0180,0.2677,0.0880,14.19,0.3196
77.865,0.400,0.000,-1.000,0.0113,0.2641,0.0967,13.91,0.3367
77.885,0.400,0.000,-1.000,0.0156,0.2617,0.1060,13.75,0.3184
77.905,0.400,0.000,-1.000,0.0170,0.2615,0.1103,13.48,0.2957
77.927,0.400,0.000,-1.000,0.0180,0.2639,0.1183,11.23,0.2695
77.946,0.400,0.000,-1.000,0.0192,0.2667,0.1224,10.56,0.2608
77.967,0.400,0.000,-1.000,0.0250,0.2716,0.1332,10.59,0.2715
77.985,0.400,0.000,-1.000,0.0287,0.2732,0.1422,11.66,0.3777
78.007,0.400,0.000,-1.000,0.0244,0.2759,0.1513,16.25,0.3637
78.026,0.000,0.000,0.000,0.0222,0.2760,0.1582,14.73,0.3913
78.046,0.000,0.000,0.000,0.0257,0.2755,0.1661,9.64,0.3847
78.066,0.000,0.000,0.000,0.0175,0.2763,0.1474,13.50,0.3109
78.087,0.000,0.000,0.000,0.0245,0.2759,0.1190,14.58,0.5442
78.105,0.000,0.000,0.000,0.0297,0.2755,0.1062,25.70,0.4127
78.126,0.000,0.000,0.000,0.0231,0.2749,0.0863,13.72,0.2456
78.146,0.000,0.000,0.000,0.0365,0.2747,0.0877,12.50,0.4950
78.166,0.000,0.000,0.000,0.0384,0.2748,0.0893,11.73,0.6262
78.187,0.000,0.000,0.000,0.0181,0.2746,0.0956,20.66,0.2291
78.206,0.000,0.000,0.000,0.0295,0.2750,0.0982,18.24,0.5563
78.227,0.000,0.000,0.000,0.0536,0.2765,0.1018,5.59,0.5236
78.246,0.000,0.000,0.000,0.0310,0.2793,0.1034,15.61,0.3152
78.266,0.000,0.000,0.000,0.0255,0.2797,0.1046,10.91,0.5940
78.286,0.000,0.000,0.000,0.0281,0.2822,0.1032,5.22,0.5955
78.306,0.000,0.000,0.000,0.0223,0.2849,0.0976,10.31,0.2485
78.326,0.000,0.000,0.000,0.0184,0.2874,0.0870,8.60,0.3687
78.345,0.000,0.000,0.000,0.0189,0.2868,0.0830,11.06,0.2851
78.366,0.000,0.000,0.000,0.0142,0.2869,0.0791,10.10,0.1551
78.386,0.000,0.000,0.000,0.0173,0.2854,0.0803,5.89,0.2520
78.405,0.000,0.000,0.000,0.0181,0.2847,0.0817,10.77,0.2102
78.425,0.000,0.000,0.000,0.0159,0.2837,0.0820,8.27,0.2818
78.446,0.000,0.000,0.000,0.0188,0.2819,0.0827,10.52,0.2808
78.465,0.000,0.000,0.000,0.0169,0.2814,0.0832,9.73,0.2353
78.485,0.000,0.000,0.000,0.0109,0.2803,0.0879,6.66,0.2119
78.506,0.000,0.000,0.000,0.0094,0.2792,0.0894,7.54,0.2089
78.526,0.000,0.000,0.000,0.0067,0.2784,0.0898,7.62,0.1938
78.546,0.000,0.000,0.000,0.0061,0.2772,0.0903,7.13,0.1923
78.566,0.000,0.000,0.000,0.0050,0.2757,0.0907,6.61,0.1860
78.586,0.000,0.000,0.000,0.0036,0.2751,0.0910,6.13,0.2040
78.609,0.000,0.000,0.000,0.0095,0.2737,0.0913,7.77,0.1942
78.626,0.000,0.000,0.000,0.0010,0.2724,0.0917,6.64,0.1570
78.647,0.000,0.000,0.000,0.0052,0.2717,0.0920,6.60,0.1653
78.665,0.000,0.000,0.000,0.0078,0.2703,0.0925,7.86,0.1573
78.688,0.000,0.000,0.000,0.0122,0.2688,0.0930,6.67,0.2054
78.705,0.000,0.000,0.000,0.0146,0.2686,0.0931,6.67,0.2863
78.726,0.000,0.000,0.000,0.0101,0.2676,0.0934,11.82,0.1554
78.746,0.000,0.000,0.000,0.0078,0.2669,0.0937,6.09,0.2106
78.766,0.000,0.000,0.000,0.0074,0.2661,0.0940,6.71,0.2085
78.785,0.000,0.000,0.000,0.0099,0.2651,0.0953,8.77,0.2112
78.805,0.000,0.000,0.000,0.0158,0.2645,0.0946,9.37,0.2586
78.826,0.000,0.000,0.000,0.0128,0.2643,0.0947,10.36,0.1917
78.845,0.000,0.000,0.000,0.0066,0.2641,0.0947,7.16,0.2214
78.865,0.000,0.000,0.000,0.0070,0.2639,0.0948,9.28,0.2354
78.885,0.000,0.000,0.000,0.0075,0.2637,0.0949,9.01,0.1873
78.905,0.000,0.000,0.000,0.0161,0.2634,0.0950,7.79,0.2496
78.925,0.000,0.000,0.000,0.0181,0.2633,0.0950,10.13,0.2457
78.945,0.000,0.000,0.000,0.0098,0.2634,0.0950,9.13,0.1689
78.965,0.000,0.000,0.000,0.0050,0.2634,0.0950,7.14,0.2352
78.985,0.000,0.000,0.000,0.0040,0.2633,0.0950,9.33,0.1935
79.008,0.000,0.000,0.000,0.0129,0.2632,0.0950,7.00,0.2484
79.025,0.000,0.000,0.000,0.0194,0.2633,0.0950,10.18,0.2683
79.045,0.000,0.000,0.000,0.0113,0.2635,0.0949,9.88,0.1455
79.065,0.000,0.000,0.000,0.0066,0.2640,0.0947,5.89,0.2332
79.085,0.000,0.000,0.000,0.0074,0.2641,0.0947,9.66,0.1903
79.105,0.000,0.000,0.000,0.0151,0.2645,0.0946,6.10,0.2234
79.125,0.000,0.000,0.000,0.0238,0.2646,0.0945,9.22,0.2809
79.146,0.000,0.000,0.000,0.0107,0.2649,0.0944,10.12,0.1440
79.165,0.000,0.000,0.000,0.0098,0.2654,0.0942,5.50,0.1867
79.186,0.000,0.000,0.000,0.0086,0.2653,0.0942,7.51,0.1708
79.205,0.000,0.000,0.000,0.0026,0.2652,0.0943,6.87,0.2014
79.225,0.000,0.000,0.000,0.0066,0.2650,0.0944,8.44,0.1878
79.245,0.000,0.000,0.000,0.0058,0.2649,0.0944,7.44,0.1741
79.265,0.000,0.000,0.000,0.0027,0.2649,0.0944,6.84,0.1739
79.285,0.000,0.000,0.000,0.0016,0.2647,0.0944,6.97,0.1762
79.305,0.000,0.000,0.000,0.0018,0.2647,0.0945,7.08,0.1799
79.325,0.000,0.000,0.000,0.0028,0.2646,0.0945,7.22,0.1808
79.345,0.000,0.000,0.000,0.0030,0.2646,0.0945,7.23,0.1806
79.365,0.000,0.000,0.000,0.0030,0.2646,0.0945,7.22,0.1804
79.385,0.000,0.000,0.000,0.0030,0.2646,0.0945,7.21,0.1803
79.407,0.000,0.000,0.000,0.0030,0.2646,0.0945,7.21,0.1803
79.425,0.000,0.000,0.000,0.0030,0.2646,0.0945,7.21,0.1802
79.445,0.000,0.000,0.000,0.0030,0.2645,0.0945,7.21,0.1801
79.467,0.000,0.000,0.000,0.0030,0.2645,0.0945,7.20,0.1800
79.485,0.000,0.000,0.000,0.0029,0.2645,0.0945,7.20,0.1799
79.507,0.000,0.000,0.000,0.0029,0.2645,0.0945,7.20,0.1799
79.526,0.000,0.000,0.000,0.0029,0.2645,0.0945,7.19,0.1798
79.545,0.000,0.000,0.000,0.0029,0.2645,0.0945,7.19,0.1797
79.566,0.000,0.000,0.000,0.0029,0.2645,0.0945,7.19,0.1796
79.587,0.000,0.000,0.000,0.0029,0.2645,0.0945,7.19,0.1795
79.605,0.000,0.000,0.000,0.0028,0.2645,0.0945,7.18,0.1795
79.629,0.000,0.000,0.000,0.0028,0.2645,0.0945,7.18,0.1794
79.646,0.000,0.000,0.000,0.0028,0.2645,0.0945,7.18,0.1794
79.666,0.000,0.000,0.000,0.0028,0.2645,0.0946,7.18,0.1793
79.687,0.000,0.000,0.000,0.0028,0.2644,0.0946,7.17,0.1792
79.705,0.000,0.000,0.000,0.0028,0.2644,0.0946,7.17,0.1792
79.726,0.000,0.000,0.000,0.0028,0.2644,0.0946,7.17,0.1791
79.746,0.000,0.000,0.000,0.0027,0.2644,0.0946,7.17,0.1791
79.766,0.000,0.000,0.000,0.0027,0.2644,0.0946,7.16,0.1790
79.787,0.000,0.000,0.000,0.0027,0.2644,0.0946,7.16,0.1790
79.807,0.000,0.000,0.000,0.0027,0.2644,0.0946,7.16,0.1789
79.826,0.000,0.000,0.000,0.0027,0.2644,0.0946,7.16,0.1788
79.845,0.000,0.000,0.000,0.0027,0.2644,0.0946,7.15,0.1788
79.867,0.000,0.000,0.000,0.0027,0.2644,0.0946,7.15,0.1787
79.886,0.000,0.000,0.000,0.0026,0.2644,0.0946,7.15,0.1787
79.905,0.000,0.000,0.000,0.0026,0.2644,0.0946,7.15,0.1786
79.925,0.000,0.000,0.000,0.0026,0.2644,0.0946,7.15,0.1786
79.945,0.000,0.000,0.000,0.0026,0.2643,0.0946,7.14,0.1785
79.967,0.000,0.000,0.000,0.0026,0.2643,0.0946,7.14,0.1785
79.986,0.000,0.000,0.000,0.0026,0.2643,0.0946,7.14,0.1784
80.005,0.000,0.000,0.000,0.0025,0.2643,0.0946,7.14,0.1784
80.026,0.000,0.000,0.000,0.0025,0.2643,0.0946,7.14,0.1783
80.046,0.000,0.000,0.000,0.0025,0.2643,0.0946,7.13,0.1783
80.065,0.000,0.000,0.000,0.0025,0.2643,0.0946,7.13,0.1783
80.087,0.000,0.000,0.000,0.0025,0.2643,0.0946,7.13,0.1782
80.107,0.000,0.000,0.000,0.0025,0.2643,0.0946,7.13,0.1782
80.126,0.000,0.000,0.000,0.0025,0.2643,0.0946,7.13,0.1781
80.147,0.000,0.000,0.000,0.0024,0.2643,0.0946,7.13,0.1781
80.165,0.000,0.000,0.000,0.0024,0.2643,0.0946,7.12,0.1780
80.185,0.000,0.000,0.000,0.0024,0.2643,0.0946,7.12,0.1780
80.205,0.000,0.000,0.000,0.0024,0.2643,0.0946,7.12,0.1780
80.227,0.000,0.000,0.000,0.0024,0.2643,0.0946,7.12,0.1779
80.245,0.000,0.000,0.000,0.0024,0.2643,0.0946,7.12,0.1779
80.265,0.000,0.000,0.000,0.0023,0.2642,0.0946,7.12,0.1778
80.287,0.000,0.000,0.000,0.0023,0.2642,0.0946,7.11,0.1778
80.306,0.000,0.000,0.000,0.0023,0.2642,0.0946,7.11,0.1778
80.327,0.000,0.000,0.000,0.0023,0.2642,0.0946,7.11,0.1777
80.346,0.000,0.000,0.000,0.0023,0.2642,0.0946,7.11,0.1777
80.366,0.000,0.000,0.000,0.0023,0.2642,0.0946,7.11,0.1776
80.387,0.000,0.000,0.000,0.0023,0.2642,0.0946,7.11,0.1776
80.406,0.000,0.000,0.000,0.0022,0.2642,0.0946,7.10,0.1776
80.426,0.000,0.000,0.000,0.0022,0.2642,0.0947,7.10,0.1775
80.446,0.000,0.000,0.000,0.0022,0.2642,0.0947,7.10,0.1775
80.467,0.000,0.000,0.000,0.0022,0.2642,0.0947,7.10,0.1774
80.487,0.000,0.000,0.000,0.0022,0.2642,0.0947,7.10,0.1774
80.505,0.000,0.000,0.000,0.0022,0.2642,0.0947,7.10,0.1774
80.526,0.000,0.000,0.000,0.0022,0.2642,0.0947,7.10,0.1773
80.545,0.000,0.000,0.000,0.0022,0.2642,0.0947,7.09,0.1773
80.567,0.000,0.000,0.000,0.0021,0.2642,0.0947,7.09,0.1773
80.589,0.000,0.000,0.000,0.0021,0.2642,0.0947,7.09,0.1772
80.606,0.000,0.000,0.000,0.0021,0.2642,0.0947,7.09,0.1772
80.629,0.000,0.000,0.000,0.0021,0.2642,0.0947,7.09,0.1772
80.645,0.000,0.000,0.000,0.0021,0.2642,0.0947,7.09,0.1772
80.666,0.000,0.000,0.000,0.0021,0.2641,0.0947,7.09,0.1771
80.687,0.000,0.000,0.000,0.0021,0.2641,0.0947,7.09,0.1771
80.707,0.000,0.000,0.000,0.0021,0.2641,0.0947,7.08,0.1771
80.728,0.000,0.000,0.000,0.0021,0.2641,0.0947,7.08,0.1770
80.747,0.000,0.000,0.000,0.0020,0.2641,0.0947,7.08,0.1770
80.766,0.000,0.000,0.000,0.0020,0.2641,0.0947,7.08,0.1770
80.785,0.000,0.000,0.000,0.0020,0.2641,0.0947,7.08,0.1769
80.808,0.000,0.000,0.000,0.0020,0.2641,0.0947,7.08,0.1769
80.827,0.000,0.000,0.000,0.0020,0.2641,0.0947,7.08,0.1769
80.847,0.000,0.000,0.000,0.0020,0.2641,0.0947,7.08,0.1769
80.866,0.000,0.000,0.000,0.0020,0.2641,0.0947,7.08,0.1768
80.886,0.000,0.000,0.000,0.0020,0.2641,0.0947,7.08,0.1768
80.906,0.000,0.000,0.000,0.0020,0.2641,0.0947,7.07,0.1768
80.926,0.000,0.000,0.000,0.0020,0.2641,0.0947,7.07,0.1768
80.946,0.000,0.000,0.000,0.0020,0.2641,0.0947,7.07,0.1767
80.967,0.000,0.000,0.000,0.0019,0.2641,0.0947,7.07,0.1767
80.988,0.000,0.000,0.000,0.0019,0.2641,0.0947,7.07,0.1767
81.009,0.000,0.000,0.000,0.0019,0.2641,0.0947,7.07,0.1766
81.027,0.000,0.000,0.000,0.0019,0.2641,0.0947,7.07,0.1766
81.046,0.000,0.000,0.000,0.0019,0.2641,0.0947,7.07,0.1766
81.066,0.000,0.000,0.000,0.0019,0.2641,0.0947,7.06,0.1766
81.086,0.000,0.000,0.000,0.0019,0.2641,0.0947,7.06,0.1765
81.106,0.000,0.000,0.000,0.0019,0.2641,0.0947,7.06,0.1765
81.126,0.000,0.000,0.000,0.0018,0.2641,0.0947,7.06,0.1765
81.146,0.000,0.000,0.000,0.0018,0.2641,0.0947,7.06,0.1765
81.166,0.000,0.000,0.000,0.0018,0.2641,0.0947,7.06,0.1764
81.186,0.000,0.000,0.000,0.0018,0.2641,0.0947,7.06,0.1764
81.206,0.000,0.000,0.000,0.0018,0.2640,0.0947,7.06,0.1764
81.226,0.000,0.000,0.000,0.0018,0.2640,0.0947,7.06,0.1763
81.246,0.000,0.000,0.000,0.0018,0.2640,0.0947,7.05,0.1763
81.268,0.000,0.000,0.000,0.0018,0.2640,0.0947,7.05,0.1763
81.287,0.000,0.000,0.000,0.0018,0.2640,0.0947,7.05,0.1763
81.306,0.000,0.000,0.000,0.0018,0.2640,0.0947,7.05,0.1763
81.326,0.000,0.000,0.000,0.0018,0.2640,0.0947,7.05,0.1763
81.346,0.000,0.000,0.000,0.0018,0.2640,0.0947,7.05,0.1762
81.366,0.000,0.000,0.000,0.0017,0.2640,0.0947,7.05,0.1762
81.388,0.000,0.000,0.000,0.0017,0.2640,0.0947,7.05,0.1762
81.409,0.000,0.000,0.000,0.0017,0.2640,0.0947,7.05,0.1762
81.426,0.000,0.000,0.000,0.0017,0.2640,0.0947,7.05,0.1761
81.447,0.000,0.000,0.000,0.0017,0.2640,0.0947,7.05,0.1761
81.466,0.000,0.000,0.000,0.0017,0.2640,0.0947,7.05,0.1761
81.486,0.000,0.000,0.000,0.0017,0.2640,0.0947,7.04,0.1761
81.506,0.000,0.000,0.000,0.0017,0.2640,0.0947,7.04,0.1761
81.526,0.000,0.000,0.000,0.0017,0.2640,0.0947,7.04,0.1760
81.546,0.000,0.000,0.000,0.0017,0.2640,0.0947,7.04,0.1760
81.566,0.000,0.000,0.000,0.0017,0.2640,0.0947,7.04,0.1760
81.587,0.000,0.000,0.000,0.0017,0.2640,0.0947,7.04,0.1760
81.606,0.000,0.000,0.000,0.0017,0.2640,0.0947,7.04,0.1759
81.626,0.000,0.000,0.000,0.0016,0.2640,0.0947,7.04,0.1759
81.646,0.000,0.000,0.000,0.0016,0.2640,0.0947,7.04,0.1759
81.667,0.000,0.000,0.000,0.0016,0.2640,0.0947,7.04,0.1759
81.687,0.000,0.000,0.000,0.0016,0.2640,0.0947,7.03,0.1758
81.705,0.000,0.000,0.000,0.0016,0.2640,0.0947,7.03,0.1758
81.726,0.000,0.000,0.000,0.0016,0.2640,0.0947,7.03,0.1758
81.746,0.000,0.000,0.000,0.0016,0.2640,0.0947,7.03,0.1758
81.766,0.000,0.000,0.000,0.0016,0.2640,0.0948,7.03,0.1757
81.786,0.000,0.000,0.000,0.0016,0.2640,0.0948,7.03,0.1757
81.806,0.000,0.000,0.000,0.0016,0.2640,0.0948,7.03,0.1757
81.826,0.000,0.000,0.000,0.0015,0.2640,0.0948,7.03,0.1757
81.846,0.000,0.000,0.000,0.0015,0.2640,0.0948,7.03,0.1756
81.867,0.000,0.000,0.000,0.0015,0.2640,0.0948,7.03,0.1756
81.886,0.000,0.000,0.000,0.0015,0.2640,0.0948,7.03,0.1756
81.907,0.000,0.000,0.000,0.0015,0.2640,0.0948,7.02,0.1756
81.928,0.000,0.000,0.000,0.0015,0.2640,0.0948,7.02,0.1756
81.946,0.000,0.000,0.000,0.0015,0.2639,0.0948,7.02,0.1755
81.966,0.000,0.000,0.000,0.0015,0.2639,0.0948,7.02,0.1755
81.986,0.000,0.000,0.000,0.0015,0.2639,0.0948,7.02,0.1755
82.007,0.000,0.000,0.000,0.0015,0.2639,0.0948,7.02,0.1755
82.026,0.000,0.000,0.000,0.0015,0.2639,0.0948,7.02,0.1755
82.046,0.000,0.000,0.000,0.0015,0.2639,0.0948,7.02,0.1755
82.067,0.000,0.000,0.000,0.0015,0.2639,0.0948,7.02,0.1754
82.087,0.000,0.000,0.000,0.0015,0.2639,0.0948,7.02,0.1754
82.107,0.000,0.000,0.000,0.0015,0.2639,0.0948,7.02,0.1754
82.126,0.000,0.000,0.000,0.0015,0.2639,0.0948,7.02,0.1754
82.146,0.000,0.000,0.000,0.0015,0.2639,0.0948,7.02,0.1754
82.167,0.000,0.000,0.000,0.0015,0.2639,0.0948,7.01,0.1753
82.188,0.000,0.000,0.000,0.0015,0.2639,0.0948,7.01,0.1753
82.207,0.000,0.000,0.000,0.0015,0.2639,0.0948,7.01,0.1753
82.227,0.000,0.000,0.000,0.0015,0.2639,0.0948,7.01,0.1753
82.247,0.000,0.000,0.000,0.0014,0.2639,0.0948,7.01,0.1753
82.266,0.000,0.000,0.000,0.0014,0.2639,0.0948,7.01,0.1752
82.286,0.000,0.000,0.000,0.0014,0.2639,0.0948,7.01,0.1752
82.306,0.000,0.000,0.000,0.0014,0.2639,0.0948,7.01,0.1752
82.326,0.000,0.000,0.000,0.0014,0.2639,0.0948,7.01,0.1752
82.346,0.000,0.000,0.000,0.0014,0.2639,0.0948,7.01,0.1752
82.367,0.000,0.000,0.000,0.0014,0.2639,0.0948,7.01,0.1752
82.388,0.000,0.000,0.000,0.0014,0.2639,0.0948,7.01,0.1751
82.408,0.000,0.000,0.000,0.0014,0.2639,0.0948,7.01,0.1751
82.427,0.000,0.000,0.000,0.0014,0.2639,0.0948,7.00,0.1751
82.446,0.000,0.000,0.000,0.0014,0.2639,0.0948,7.00,0.1751
82.466,0.000,0.000,0.000,0.0014,0.2639,0.0948,7.00,0.1751
82.487,0.000,0.000,0.000,0.0014,0.2639,0.0948,7.00,0.1750
82.506,0.000,0.000,0.000,0.0014,0.2639,0.0948,7.00,0.1750
82.527,0.000,0.000,0.000,0.0014,0.2639,0.0948,7.00,0.1750
82.546,0.000,0.000,0.000,0.0014,0.2639,0.0948,7.00,0.1750
82.568,0.000,0.000,0.000,0.0014,0.2639,0.0948,7.00,0.1750
82.586,0.000,0.000,0.000,0.0014,0.2639,0.0948,7.00,0.1750
82.606,0.000,0.000,0.000,0.0014,0.2639,0.0948,7.00,0.1750
82.626,0.000,0.000,0.000,0.0014,0.2639,0.0948,7.00,0.1749
82.646,0.000,0.000,0.000,0.0014,0.2639,0.0948,7.00,0.1749
82.666,0.000,0.000,0.000,0.0014,0.2639,0.0948,7.00,0.1749
82.688,0.000,0.000,0.000,0.0014,0.2639,0.0948,7.00,0.1749
82.707,0.000,0.000,0.000,0.0014,0.2639,0.0948,7.00,0.1749
82.726,0.000,0.000,0.000,0.0014,0.2639,0.0948,7.00,0.1749
82.749,0.000,0.000,0.000,0.0014,0.2639,0.0948,6.99,0.1748
82.767,0.000,0.000,0.000,0.0014,0.2639,0.0948,6.99,0.1748
82.787,0.000,0.000,0.000,0.0014,0.2639,0.0948,6.99,0.1748
82.811,0.000,0.000,0.000,0.0014,0.2639,0.0948,6.99,0.1748
82.827,0.000,0.000,0.000,0.0014,0.2639,0.0948,6.99,0.1748
82.846,0.000,0.000,0.000,0.0014,0.2639,0.0948,6.99,0.1748
82.866,0.000,0.000,0.000,0.0014,0.2639,0.0948,6.99,0.1747
82.887,0.000,0.000,0.000,0.0013,0.2639,0.0948,6.99,0.1747
82.908,0.000,0.000,0.000,0.0013,0.2639,0.0948,6.99,0.1747
82.926,0.000,0.000,0.000,0.0013,0.2639,0.0948,6.99,0.1747
82.946,0.000,0.000,0.000,0.0013,0.2639,0.0948,6.99,0.1747
82.966,0.000,0.000,0.000,0.0013,0.2639,0.0948,6.99,0.1747
82.987,0.000,0.000,0.000,0.0013,0.2639,0.0948,6.99,0.1746
83.007,0.000,0.000,0.000,0.0013,0.2639,0.0948,6.99,0.1746
83.027,0.000,0.000,0.000,0.0013,0.2639,0.0948,6.99,0.1746
83.046,0.000,0.000,0.000,0.0013,0.2639,0.0948,6.98,0.1746
83.067,0.000,0.000,0.000,0.0013,0.2639,0.0948,6.98,0.1746
83.087,0.000,0.000,0.000,0.0013,0.2639,0.0948,6.98,0.1746
83.107,0.000,0.000,0.000,0.0013,0.2639,0.0948,6.98,0.1746
83.126,0.000,0.000,0.000,0.0013,0.2639,0.0948,6.98,0.1745
83.146,0.000,0.000,0.000,0.0013,0.2638,0.0948,6.98,0.1745
83.166,0.000,0.000,0.000,0.0013,0.2638,0.0948,6.98,0.1745
83.186,0.000,0.000,0.000,0.0013,0.2638,0.0948,6.98,0.1745
83.207,0.000,0.000,0.000,0.0013,0.2638,0.0948,6.98,0.1745
83.226,0.000,0.000,0.000,0.0013,0.2638,0.0948,6.98,0.1745
83.246,0.000,0.000,0.000,0.0013,0.2638,0.0948,6.98,0.1744
83.266,0.000,0.000,0.000,0.0013,0.2638,0.0948,6.98,0.1744
83.286,0.000,0.000,0.000,0.0013,0.2638,0.0948,6.98,0.1744
83.307,0.000,0.000,0.000,0.0013,0.2638,0.0948,6.98,0.1744
83.327,0.000,0.000,0.000,0.0013,0.2638,0.0948,6.98,0.1744
83.347,0.000,0.000,0.000,0.0013,0.2638,0.0948,6.98,0.1744
83.366,0.000,0.000,0.000,0.0013,0.2638,0.0948,6.98,0.1744
83.387,0.000,0.000,0.000,0.0013,0.2638,0.0948,6.97,0.1743
83.406,0.000,0.000,0.000,0.0013,0.2638,0.0948,6.97,0.1743
83.427,0.000,0.000,0.000,0.0013,0.2638,0.0948,6.97,0.1743
83.448,0.000,0.000,0.000,0.0013,0.2638,0.0948,6.97,0.1743
83.467,0.000,0.000,0.000,0.0013,0.2638,0.0948,6.97,0.1743
83.487,0.000,0.000,0.000,0.0013,0.2638,0.0948,6.97,0.1743
83.506,0.000,0.000,0.000,0.0013,0.2638,0.0948,6.97,0.1743
83.527,0.000,0.000,0.000,0.0014,0.2638,0.0948,6.97,0.1742
83.547,0.000,0.000,0.000,0.0014,0.2638,0.0948,6.97,0.1742
83.567,0.000,0.000,0.000,0.0014,0.2638,0.0948,6.97,0.1742
83.586,0.000,0.000,0.000,0.0014,0.2638,0.0948,6.97,0.1742
83.606,0.000,0.000,0.000,0.0014,0.2638,0.0948,6.97,0.1742
83.626,0.000,0.000,0.000,0.0014,0.2638,0.0948,6.97,0.1742
83.646,0.000,0.000,0.000,0.0014,0.2638,0.0948,6.97,0.1742
83.667,0.000,0.000,0.000,0.0014,0.2638,0.0948,6.97,0.1742
83.686,0.000,0.000,0.000,0.0014,0.2638,0.0948,6.97,0.1741
83.706,0.000,0.000,0.000,0.0014,0.2638,0.0948,6.97,0.1741
83.726,0.000,0.000,0.000,0.0014,0.2638,0.0948,6.97,0.1741
83.746,0.000,0.000,0.000,0.0014,0.2638,0.0948,6.97,0.1741
83.766,0.000,0.000,0.000,0.0014,0.2638,0.0948,6.96,0.1741
83.787,0.000,0.000,0.000,0.0014,0.2638,0.0948,6.96,0.1741
83.806,0.000,0.000,0.000,0.0014,0.2638,0.0948,6.96,0.1741
83.826,0.000,0.000,0.000,0.0014,0.2638,0.0948,6.96,0.1741
83.846,0.000,0.000,0.000,0.0014,0.2638,0.0948,6.96,0.1741
83.868,0.000,0.000,0.000,0.0014,0.2638,0.0948,6.96,0.1740
83.887,0.000,0.000,0.000,0.0014,0.2638,0.0948,6.96,0.1740
83.908,0.000,0.000,0.000,0.0014,0.2638,0.0948,6.96,0.1740
83.926,0.000,0.000,0.000,0.0014,0.2638,0.0948,6.96,0.1740
83.947,0.000,0.000,0.000,0.0014,0.2638,0.0948,6.96,0.1740
83.966,0.000,0.000,0.000,0.0014,0.2638,0.0948,6.96,0.1740
83.986,0.000,0.000,0.000,0.0014,0.2638,0.0948,6.96,0.1740
84.006,0.000,0.000,0.000,0.0014,0.2638,0.0948,6.96,0.1740
84.026,0.000,0.000,0.000,0.0014,0.2638,0.0949,6.96,0.1740
84.047,0.000,0.000,0.000,0.0014,0.2638,0.0949,6.96,0.1739
84.067,0.000,0.000,0.000,0.0014,0.2638,0.0949,6.96,0.1739
84.086,0.000,0.000,0.000,0.0014,0.2638,0.0949,6.96,0.1739
84.106,0.000,0.000,0.000,0.0014,0.2638,0.0949,6.96,0.1739
84.126,0.000,0.000,0.000,0.0014,0.2638,0.0949,6.96,0.1739
84.146,0.000,0.000,0.000,0.0014,0.2638,0.0949,6.96,0.1739
84.166,0.000,0.000,0.000,0.0014,0.2638,0.0949,6.96,0.1739
84.186,0.000,0.000,0.000,0.0014,0.2638,0.0949,6.96,0.1739
84.207,0.000,0.000,0.000,0.0014,0.2638,0.0949,6.95,0.1739
84.226,0.000,0.000,0.000,0.0014,0.2638,0.0949,6.95,0.1738
84.246,0.000,0.000,0.000,0.0014,0.2638,0.0949,6.95,0.1738
84.266,0.000,0.000,0.000,0.0014,0.2638,0.0949,6.95,0.1738
84.286,0.000,0.000,0.000,0.0014,0.2638,0.0949,6.95,0.1738
84.308,0.000,0.000,0.000,0.0014,0.2638,0.0949,6.95,0.1738
84.326,0.000,0.000,0.000,0.0014,0.2638,0.0949,6.95,0.1738
84.347,0.000,0.000,0.000,0.0014,0.2638,0.0949,6.95,0.1738
84.366,0.000,0.000,0.000,0.0014,0.2638,0.0949,6.95,0.1738
84.386,0.000,0.000,0.000,0.0014,0.2638,0.0949,6.95,0.1738
84.406,0.000,0.000,0.000,0.0015,0.2638,0.0949,6.95,0.1737
84.426,0.000,0.000,0.000,0.0015,0.2638,0.0949,6.95,0.1737
84.447,0.000,0.000,0.000,0.0015,0.2638,0.0949,6.95,0.1737
84.467,0.000,0.000,0.000,0.0015,0.2638,0.0949,6.95,0.1737
84.487,0.000,0.000,0.000,0.0015,0.2638,0.0949,6.95,0.1737
84.506,0.000,0.000,0.000,0.0015,0.2638,0.0949,6.95,0.1737
84.526,0.000,0.000,0.000,0.0015,0.2638,0.0949,6.95,0.1737
84.546,0.000,0.000,0.000,0.0015,0.2638,0.0949,6.95,0.1737
84.567,0.000,0.000,0.000,0.0015,0.2638,0.0949,6.95,0.1737
84.586,0.000,0.000,0.000,0.0015,0.2638,0.0949,6.95,0.1737
84.607,0.000,0.000,0.000,0.0015,0.2638,0.0949,6.95,0.1736
84.628,0.000,0.000,0.000,0.0015,0.2638,0.0949,6.95,0.1736
84.647,0.000,0.000,0.000,0.0015,0.2638,0.0949,6.95,0.1736
84.666,0.000,0.000,0.000,0.0015,0.2638,0.0949,6.95,0.1736
84.687,0.000,0.000,0.000,0.0015,0.2638,0.0949,6.95,0.1736
84.706,0.000,0.000,0.000,0.0015,0.2638,0.0949,6.94,0.1736
84.726,0.000,0.000,0.000,0.0015,0.2638,0.0949,6.94,0.1736
84.746,0.000,0.000,0.000,0.0015,0.2638,0.0949,6.94,0.1736
84.766,0.000,0.000,0.000,0.0015,0.2638,0.0949,6.94,0.1736
84.786,0.000,0.000,0.000,0.0015,0.2638,0.0949,6.94,0.1736
84.807,0.000,0.000,0.000,0.0015,0.2638,0.0949,6.94,0.1736
84.826,0.000,0.000,0.000,0.0015,0.2638,0.0949,6.94,0.1736
84.847,0.000,0.000,0.000,0.0015,0.2638,0.0949,6.94,0.1735
84.867,0.000,0.000,0.000,0.0015,0.2638,0.0949,6.94,0.1735
84.886,0.000,0.000,0.000,0.0015,0.2638,0.0949,6.94,0.1735
84.906,0.000,0.000,0.000,0.0015,0.2638,0.0949,6.94,0.1735
84.926,0.000,0.000,0.000,0.0015,0.2638,0.0949,6.94,0.1735
84.946,0.000,0.000,0.000,0.0015,0.2638,0.0949,6.94,0.1735
84.966,0.000,0.000,0.000,0.0015,0.2638,0.0949,6.94,0.1735
84.986,0.000,0.000,0.000,0.0015,0.2638,0.0949,6.94,0.1735
85.006,0.000,0.000,0.000,0.0015,0.2638,0.0949,6.94,0.1735
85.026,0.000,0.000,0.000,0.0015,0.2638,0.0949,6.94,0.1735
85.047,0.000,0.000,0.000,0.0015,0.2638,0.0949,6.94,0.1735
85.067,0.000,0.000,0.000,0.0015,0.2638,0.0949,6.94,0.1734
85.087,0.000,0.000,0.000,0.0015,0.2638,0.0949,6.94,0.1734
85.106,0.000,0.000,0.000,0.0015,0.2638,0.0949,6.94,0.1734
85.127,0.000,0.000,0.000,0.0015,0.2638,0.0949,6.94,0.1734
85.146,0.000,0.000,0.000,0.0015,0.2638,0.0949,6.94,0.1734
85.166,0.000,0.000,0.000,0.0015,0.2638,0.0949,6.94,0.1734
85.186,0.000,0.000,0.000,0.0015,0.2637,0.0949,6.94,0.1734
85.206,0.000,0.000,0.000,0.0015,0.2637,0.0949,6.94,0.1734
85.227,0.000,0.000,0.000,0.0015,0.2637,0.0949,6.94,0.1734
85.247,0.000,0.000,0.000,0.0015,0.2637,0.0949,6.94,0.1734
85.266,0.000,0.000,0.000,0.0016,0.2637,0.0949,6.94,0.1734
85.286,0.000,0.000,0.000,0.0016,0.2637,0.0949,6.94,0.1734
85.306,0.000,0.000,0.000,0.0016,0.2637,0.0949,6.93,0.1734
85.326,0.000,0.000,0.000,0.0016,0.2637,0.0949,6.93,0.1733
85.347,0.000,0.000,0.000,0.0016,0.2637,0.0949,6.93,0.1733
85.366,0.000,0.000,0.000,0.0016,0.2637,0.0949,6.93,0.1733
85.386,0.000,0.000,0.000,0.0016,0.2637,0.0949,6.93,0.1733
85.406,0.000,0.000,0.000,0.0016,0.2637,0.0949,6.93,0.1733
85.426,0.000,0.000,0.000,0.0016,0.2637,0.0949,6.93,0.1733
85.448,0.000,0.000,0.000,0.0016,0.2637,0.0949,6.93,0.1733
85.468,0.000,0.000,0.000,0.0016,0.2637,0.0949,6.93,0.1733
85.487,0.000,0.000,0.000,0.0016,0.2637,0.0949,6.93,0.1733
85.507,0.000,0.000,0.000,0.0016,0.2637,0.0949,6.93,0.1733
85.527,0.000,0.000,0.000,0.0016,0.2637,0.0949,6.93,0.1733
85.546,0.000,0.000,0.000,0.0016,0.2637,0.0949,6.93,0.1733
85.566,0.000,0.000,0.000,0.0016,0.2637,0.0949,6.93,0.1733
85.586,0.000,0.000,0.000,0.0016,0.2637,0.0949,6.93,0.1733
85.607,0.000,0.000,0.000,0.0016,0.2637,0.0949,6.93,0.1732
85.626,0.000,0.000,0.000,0.0016,0.2637,0.0949,6.93,0.1732
85.647,0.000,0.000,0.000,0.0016,0.2637,0.0949,6.93,0.1732
85.667,0.000,0.000,0.000,0.0016,0.2637,0.0949,6.93,0.1732
85.687,0.000,0.000,0.000,0.0016,0.2637,0.0949,6.93,0.1732
85.706,0.000,0.000,0.000,0.0016,0.2637,0.0949,6.93,0.1732
85.726,0.000,0.000,0.000,0.0016,0.2637,0.0949,6.93,0.1732
85.748,0.000,0.000,0.000,0.0016,0.2637,0.0949,6.93,0.1732
85.767,0.000,0.000,0.000,0.0016,0.2637,0.0949,6.93,0.1732
85.786,0.000,0.000,0.000,0.0016,0.2637,0.0949,6.93,0.1732
85.806,0.000,0.000,0.000,0.0017,0.2637,0.0949,6.93,0.1732
85.827,0.000,0.000,0.000,0.0017,0.2637,0.0949,6.93,0.1732
85.846,0.000,0.000,0.000,0.0017,0.2637,0.0949,6.93,0.1732
85.867,0.000,0.000,0.000,0.0017,0.2637,0.0949,6.93,0.1732
85.887,0.000,0.000,0.000,0.0017,0.2637,0.0949,6.93,0.1732
85.906,0.000,0.000,0.000,0.0017,0.2637,0.0949,6.93,0.1732
85.926,0.000,0.000,0.000,0.0017,0.2637,0.0949,6.93,0.1732
85.946,0.000,0.000,0.000,0.0017,0.2637,0.0949,6.93,0.1731
85.966,0.000,0.000,0.000,0.0017,0.2637,0.0949,6.93,0.1731
85.986,0.000,0.000,0.000,0.0017,0.2637,0.0949,6.93,0.1731
86.006,0.000,0.000,0.000,0.0017,0.2637,0.0949,6.93,0.1731
86.026,0.000,0.000,0.000,0.0017,0.2637,0.0949,6.93,0.1731
86.047,0.000,0.000,0.000,0.0017,0.2637,0.0949,6.93,0.1731
86.066,0.000,0.000,0.000,0.0017,0.2637,0.0949,6.92,0.1731
86.087,0.000,0.000,0.000,0.0017,0.2637,0.0949,6.92,0.1731
86.106,0.000,0.000,0.000,0.0017,0.2637,0.0949,6.92,0.1731
86.126,0.000,0.000,0.000,0.0017,0.2637,0.0949,6.92,0.1731
86.147,0.000,0.000,0.000,0.0017,0.2637,0.0949,6.92,0.1731
86.166,0.000,0.000,0.000,0.0017,0.2637,0.0949,6.92,0.1731
86.186,0.000,0.000,0.000,0.0017,0.2637,0.0949,6.92,0.1731
86.206,0.000,0.000,0.000,0.0017,0.2637,0.0949,6.92,0.1731
86.226,0.000,0.000,0.000,0.0017,0.2637,0.0949,6.92,0.1731
86.249,0.000,0.000,0.000,0.0017,0.2637,0.0949,6.92,0.1731
86.266,0.000,0.000,0.000,0.0017,0.2637,0.0949,6.92,0.1731
86.286,0.000,0.000,0.000,0.0017,0.2637,0.0949,6.92,0.1731
86.306,0.000,0.000,0.000,0.0017,0.2637,0.0949,6.92,0.1730
86.326,0.000,0.000,0.000,0.0017,0.2637,0.0949,6.92,0.1730
86.346,0.000,0.000,0.000,0.0017,0.2637,0.0949,6.92,0.1730
86.366,0.000,0.000,0.000,0.0017,0.2637,0.0949,6.92,0.1730
86.386,0.000,0.000,0.000,0.0017,0.2637,0.0949,6.92,0.1730
86.406,0.000,0.000,0.000,0.0017,0.2637,0.0949,6.92,0.1730
86.426,0.000,0.000,0.000,0.0017,0.2637,0.0949,6.92,0.1730
86.446,0.000,0.000,0.000,0.0017,0.2637,0.0949,6.92,0.1730
86.466,0.000,0.000,0.000,0.0017,0.2637,0.0949,6.92,0.1730
86.486,0.000,0.000,0.000,0.0017,0.2637,0.0949,6.92,0.1730
86.506,0.000,0.000,0.000,0.0017,0.2637,0.0949,6.92,0.1730
86.526,0.000,0.000,0.000,0.0017,0.2637,0.0949,6.92,0.1730
86.547,0.000,0.000,0.000,0.0017,0.2637,0.0949,6.92,0.1730
86.567,0.000,0.000,0.000,0.0017,0.2637,0.0949,6.92,0.1730
86.587,0.000,0.000,0.000,0.0017,0.2637,0.0949,6.92,0.1730
86.606,0.000,0.000,0.000,0.0017,0.2637,0.0949,6.92,0.1730
86.626,0.000,0.000,0.000,0.0018,0.2637,0.0949,6.92,0.1730
86.647,0.000,0.000,0.000,0.0018,0.2637,0.0949,6.92,0.1730
86.666,0.000,0.000,0.000,0.0018,0.2637,0.0949,6.92,0.1730
86.686,0.000,0.000,0.000,0.0018,0.2637,0.0949,6.92,0.1729
86.706,0.000,0.000,0.000,0.0018,0.2637,0.0949,6.92,0.1729
86.725,0.000,0.000,0.000,0.0018,0.2637,0.0949,6.92,0.1729
86.747,0.000,0.000,0.000,0.0018,0.2637,0.0949,6.92,0.1729
86.766,0.000,0.000,0.000,0.0018,0.2637,0.0949,6.92,0.1729
86.786,0.000,0.000,0.000,0.0018,0.2637,0.0949,6.92,0.1729
86.806,0.000,0.000,0.000,0.0018,0.2637,0.0949,6.92,0.1729
86.827,0.000,0.000,0.000,0.0018,0.2637,0.0949,6.92,0.1729
86.847,0.000,0.000,0.000,0.0018,0.2637,0.0949,6.92,0.1729
86.867,0.000,0.000,0.000,0.0018,0.2637,0.0949,6.92,0.1729
86.886,0.000,0.000,0.000,0.0018,0.2637,0.0949,6.92,0.1729
86.906,0.000,0.000,0.000,0.0018,0.2637,0.0949,6.92,0.1729
86.926,0.000,0.000,0.000,0.0018,0.2637,0.0949,6.92,0.1729
86.946,0.000,0.000,0.000,0.0018,0.2637,0.0949,6.92,0.1729
86.966,0.000,0.000,0.000,0.0018,0.2637,0.0949,6.92,0.1729
86.988,0.000,0.000,0.000,0.0018,0.2637,0.0949,6.92,0.1729
87.007,0.000,0.000,0.000,0.0018,0.2637,0.0949,6.92,0.1729
87.026,0.000,0.000,0.000,0.0018,0.2637,0.0949,6.92,0.1729
87.046,0.000,0.000,0.000,0.0018,0.2637,0.0949,6.92,0.1729
87.066,0.000,0.000,0.000,0.0018,0.2637,0.0949,6.92,0.1729
87.086,0.000,0.000,0.000,0.0018,0.2637,0.0949,6.92,0.1729
87.106,0.000,0.000,0.000,0.0018,0.2637,0.0949,6.91,0.1729
87.126,0.000,0.000,0.000,0.0018,0.2637,0.0949,6.91,0.1729
87.147,0.000,0.000,0.000,0.0018,0.2637,0.0949,6.91,0.1729
87.166,0.000,0.000,0.000,0.0018,0.2637,0.0949,6.91,0.1728
87.187,0.000,0.000,0.000,0.0018,0.2637,0.0949,6.91,0.1728
87.206,0.000,0.000,0.000,0.0018,0.2637,0.0949,6.91,0.1728
87.226,0.000,0.000,0.000,0.0018,0.2637,0.0949,6.91,0.1728
87.247,0.000,0.000,0.000,0.0018,0.2637,0.0949,6.91,0.1728
87.267,0.000,0.000,0.000,0.0018,0.2637,0.0949,6.91,0.1728
87.287,0.000,0.000,0.000,0.0018,0.2637,0.0949,6.91,0.1728
87.307,0.000,0.000,0.000,0.0018,0.2637,0.0949,6.91,0.1728
87.327,0.000,0.000,0.000,0.0018,0.2637,0.0949,6.91,0.1728
87.347,0.000,0.000,0.000,0.0018,0.2637,0.0949,6.91,0.1728
87.366,0.000,0.000,0.000,0.0018,0.2637,0.0949,6.91,0.1728
87.387,0.000,0.000,0.000,0.0018,0.2637,0.0949,6.91,0.1728
87.406,0.000,0.000,0.000,0.0018,0.2637,0.0949,6.91,0.1728
87.426,0.000,0.000,0.000,0.0018,0.2637,0.0949,6.91,0.1728
87.446,0.000,0.000,0.000,0.0018,0.2637,0.0949,6.91,0.1728
87.468,0.000,0.000,0.000,0.0018,0.2637,0.0950,6.91,0.1728
87.486,0.000,0.000,0.000,0.0018,0.2637,0.0950,6.91,0.1728
87.506,0.000,0.000,0.000,0.0018,0.2637,0.0950,6.91,0.1728
87.526,0.000,0.000,0.000,0.0018,0.2637,0.0950,6.91,0.1728
87.547,0.000,0.000,0.000,0.0019,0.2637,0.0950,6.91,0.1728
87.567,0.000,0.000,0.000,0.0019,0.2637,0.0950,6.91,0.1728
87.587,0.000,0.000,0.000,0.0019,0.2637,0.0950,6.91,0.1728
87.606,0.000,0.000,0.000,0.0019,0.2637,0.0950,6.91,0.1728
87.626,0.000,0.000,0.000,0.0019,0.2637,0.0950,6.91,0.1728
87.647,0.000,0.000,0.000,0.0019,0.2637,0.0950,6.91,0.1728
87.667,0.000,0.000,0.000,0.0019,0.2637,0.0950,6.91,0.1728
87.687,0.000,0.000,0.000,0.0019,0.2637,0.0950,6.91,0.1728
87.706,0.000,0.000,0.000,0.0019,0.2637,0.0950,6.91,0.1728
87.726,0.000,0.000,0.000,0.0019,0.2637,0.0950,6.91,0.1728
87.747,0.000,0.000,0.000,0.0019,0.2637,0.0950,6.91,0.1728
87.766,0.000,0.000,0.000,0.0019,0.2637,0.0950,6.91,0.1727
87.786,0.000,0.000,0.000,0.0019,0.2637,0.0950,6.91,0.1727
87.806,0.000,0.000,0.000,0.0019,0.2637,0.0950,6.91,0.1727
87.826,0.000,0.000,0.000,0.0019,0.2637,0.0950,6.91,0.1727
87.847,0.000,0.000,0.000,0.0019,0.2637,0.0950,6.91,0.1727
87.867,0.000,0.000,0.000,0.0019,0.2637,0.0950,6.91,0.1727
87.886,0.000,0.000,0.000,0.0019,0.2637,0.0950,6.91,0.1727
87.907,0.000,0.000,0.000,0.0019,0.2637,0.0950,6.91,0.1727
87.926,0.000,0.000,0.000,0.0019,0.2637,0.0950,6.91,0.1727
87.946,0.000,0.000,0.000,0.0019,0.2637,0.0950,6.91,0.1727
87.967,0.000,0.000,0.000,0.0019,0.2637,0.0950,6.91,0.1727
87.986,0.000,0.000,0.000,0.0019,0.2637,0.0950,6.91,0.1727
88.006,0.000,0.000,0.000,0.0019,0.2637,0.0950,6.91,0.1727
88.028,0.000,0.000,0.000,0.0019,0.2637,0.0950,6.91,0.1727
88.049,0.000,0.000,0.000,0.0019,0.2637,0.0950,6.91,0.1727
88.067,0.000,0.000,0.000,0.0019,0.2637,0.0950,6.91,0.1727
88.087,0.000,0.000,0.000,0.0019,0.2637,0.0950,6.91,0.1727
88.106,0.000,0.000,0.000,0.0019,0.2637,0.0950,6.91,0.1727
88.129,0.000,0.000,0.000,0.0019,0.2637,0.0950,6.91,0.1727
88.146,0.000,0.000,0.000,0.0019,0.2637,0.0950,6.91,0.1727
88.166,0.000,0.000,0.000,0.0019,0.2637,0.0950,6.91,0.1727
88.188,0.000,0.000,0.000,0.0019,0.2637,0.0950,6.91,0.1727
88.207,0.000,0.000,0.000,0.0019,0.2637,0.0950,6.91,0.1727
88.228,0.000,0.000,0.000,0.0019,0.2637,0.0950,6.91,0.1727
88.247,0.000,0.000,0.000,0.0019,0.2637,0.0950,6.91,0.1727
88.267,0.000,0.000,0.000,0.0019,0.2637,0.0950,6.91,0.1727
88.288,0.000,0.000,0.000,0.0019,0.2637,0.0950,6.91,0.1727
88.306,0.000,0.000,0.000,0.0019,0.2637,0.0950,6.91,0.1727
88.327,0.000,0.000,0.000,0.0019,0.2637,0.0950,6.91,0.1727
88.347,0.000,0.000,0.000,0.0019,0.2637,0.0950,6.91,0.1727
88.368,0.000,0.000,0.000,0.0019,0.2637,0.0950,6.91,0.1727
88.386,0.000,0.000,0.000,0.0019,0.2637,0.0950,6.91,0.1727
88.406,0.000,0.000,0.000,0.0019,0.2637,0.0950,6.91,0.1727
88.427,0.000,0.000,0.000,0.0019,0.2637,0.0950,6.91,0.1727
88.447,0.000,0.000,0.000,0.0019,0.2637,0.0950,6.91,0.1727
88.466,0.000,0.000,0.000,0.0019,0.2637,0.0950,6.91,0.1727
88.486,0.000,0.000,0.000,0.0019,0.2637,0.0950,6.91,0.1727
88.507,0.000,0.000,0.000,0.0019,0.2637,0.0950,6.91,0.1727
88.526,0.000,0.000,0.000,0.0019,0.2637,0.0950,6.91,0.1727
88.547,0.000,0.000,0.000,0.0019,0.2637,0.0950,6.91,0.1726
88.569,0.000,0.000,0.000,0.0019,0.2637,0.0950,6.91,0.1726
88.587,0.000,0.000,0.000,0.0019,0.2637,0.0950,6.91,0.1726
88.607,0.000,0.000,0.000,0.0019,0.2637,0.0950,6.91,0.1726
88.627,0.000,0.000,0.000,0.0019,0.2637,0.0950,6.91,0.1726
88.646,0.000,0.000,0.000,0.0019,0.2637,0.0950,6.91,0.1726
88.666,0.000,0.000,0.000,0.0019,0.2637,0.0950,6.91,0.1726
88.687,0.000,0.000,0.000,0.0019,0.2637,0.0950,6.91,0.1726
88.706,0.000,0.000,0.000,0.0020,0.2637,0.0950,6.91,0.1726
88.727,0.000,0.000,0.000,0.0020,0.2637,0.0950,6.91,0.1726
88.746,0.000,0.000,0.000,0.0020,0.2637,0.0950,6.91,0.1726
88.766,0.000,0.000,0.000,0.0020,0.2637,0.0950,6.91,0.1726
88.786,0.000,0.000,0.000,0.0020,0.2637,0.0950,6.91,0.1726
88.807,0.000,0.000,0.000,0.0020,0.2637,0.0950,6.91,0.1726
88.827,0.000,0.000,0.000,0.0020,0.2637,0.0950,6.91,0.1726
88.846,0.000,0.000,0.000,0.0020,0.2637,0.0950,6.91,0.1726
88.866,0.000,0.000,0.000,0.0020,0.2637,0.0950,6.91,0.1726
88.886,0.000,0.000,0.000,0.0020,0.2637,0.0950,6.91,0.1726
88.906,0.000,0.000,0.000,0.0020,0.2637,0.0950,6.90,0.1726
88.926,0.000,0.000,0.000,0.0020,0.2637,0.0950,6.90,0.1726
88.947,0.000,0.000,0.000,0.0020,0.2637,0.0950,6.90,0.1726
88.966,0.000,0.000,0.000,0.0020,0.2637,0.0950,6.90,0.1726
88.986,0.000,0.000,0.000,0.0020,0.2637,0.0950,6.90,0.1726
89.006,0.000,0.000,0.000,0.0020,0.2637,0.0950,6.90,0.1726
89.027,0.000,0.000,0.000,0.0020,0.2637,0.0950,6.90,0.1726
89.046,0.000,0.000,0.000,0.0020,0.2637,0.0950,6.90,0.1726
89.066,0.000,0.000,0.000,0.0020,0.2637,0.0950,6.90,0.1726
89.086,0.000,0.000,0.000,0.0020,0.2637,0.0950,6.90,0.1726
89.106,0.000,0.000,0.000,0.0020,0.2637,0.0950,6.90,0.1726
89.126,0.000,0.000,0.000,0.0020,0.2637,0.0950,6.90,0.1726
89.147,0.000,0.000,0.000,0.0020,0.2637,0.0950,6.90,0.1726
89.166,0.000,0.000,0.000,0.0020,0.2637,0.0950,6.90,0.1726
89.187,0.000,0.000,0.000,0.0020,0.2637,0.0950,6.90,0.1726
89.206,0.000,0.000,0.000,0.0020,0.2637,0.0950,6.90,0.1726
89.226,0.000,0.000,0.000,0.0020,0.2637,0.0950,6.90,0.1726
89.246,0.000,0.000,0.000,0.0020,0.2637,0.0950,6.90,0.1726
89.267,0.000,0.000,0.000,0.0020,0.2637,0.0950,6.90,0.1726
89.286,0.000,0.000,0.000,0.0020,0.2637,0.0950,6.90,0.1726
89.306,0.000,0.000,0.000,0.0020,0.2637,0.0950,6.90,0.1726
89.326,0.000,0.000,0.000,0.0020,0.2637,0.0950,6.90,0.1726
89.346,0.000,0.000,0.000,0.0020,0.2637,0.0950,6.90,0.1726
89.366,0.000,0.000,0.000,0.0020,0.2637,0.0950,6.90,0.1726
89.386,0.000,0.000,0.000,0.0020,0.2637,0.0950,6.90,0.1726
89.406,0.000,0.000,0.000,0.0020,0.2637,0.0950,6.90,0.1726
89.426,0.000,0.000,0.000,0.0020,0.2637,0.0950,6.90,0.1726
89.446,0.000,0.000,0.000,0.0020,0.2637,0.0950,6.90,0.1726
89.467,0.000,0.000,0.000,0.0020,0.2637,0.0950,6.90,0.1726
89.487,0.000,0.000,0.000,0.0020,0.2637,0.0950,6.90,0.1726
89.506,0.000,0.000,0.000,0.0020,0.2637,0.0950,6.90,0.1726
89.526,0.000,0.000,0.000,0.0020,0.2637,0.0950,6.90,0.1726
89.546,0.000,0.000,0.000,0.0020,0.2637,0.0950,6.90,0.1726
89.566,0.000,0.000,0.000,0.0020,0.2637,0.0950,6.90,0.1726
89.586,0.000,0.000,0.000,0.0020,0.2637,0.0950,6.90,0.1726
89.606,0.000,0.000,0.000,0.0020,0.2637,0.0950,6.90,0.1726
89.626,0.000,0.000,0.000,0.0020,0.2637,0.0950,6.90,0.1726
89.646,0.000,0.000,0.000,0.0020,0.2637,0.0950,6.90,0.1726
89.666,0.000,0.000,0.000,0.0020,0.2637,0.0950,6.90,0.1726
89.686,0.000,0.000,0.000,0.0020,0.2636,0.0950,6.90,0.1726
89.706,0.000,0.000,0.000,0.0020,0.2636,0.0950,6.90,0.1726
89.726,0.000,0.000,0.000,0.0020,0.2636,0.0950,6.90,0.1726
89.747,0.000,0.000,0.000,0.0020,0.2636,0.0950,6.90,0.1726
89.766,0.000,0.000,0.000,0.0020,0.2636,0.0950,6.90,0.1725
89.786,0.000,0.000,0.000,0.0020,0.2636,0.0950,6.90,0.1725
89.806,0.000,0.000,0.000,0.0020,0.2636,0.0950,6.90,0.1725
89.827,0.000,0.000,0.000,0.0020,0.2636,0.0950,6.90,0.1725
89.847,0.000,0.000,0.000,0.0020,0.2636,0.0950,6.90,0.1725
89.866,0.000,0.000,0.000,0.0020,0.2636,0.0950,6.90,0.1725
89.886,0.000,0.000,0.000,0.0020,0.2636,0.0950,6.90,0.1725
89.906,0.000,0.000,0.000,0.0020,0.2636,0.0950,6.90,0.1725
89.926,0.000,0.000,0.000,0.0020,0.2636,0.0950,6.90,0.1725
89.947,0.000,0.000,0.000,0.0020,0.2636,0.0950,6.90,0.1725
89.966,0.000,0.000,0.000,0.0020,0.2636,0.0950,6.90,0.1725
89.986,0.000,0.000,0.000,0.0020,0.2636,0.0950,6.90,0.1725
90.006,0.000,0.000,0.000,0.0020,0.2636,0.0950,6.90,0.1725
90.026,0.000,0.000,0.000,0.0020,0.2636,0.0950,6.90,0.1725
90.046,0.000,0.000,0.000,0.0020,0.2636,0.0950,6.90,0.1725
90.066,0.000,0.000,0.000,0.0020,0.2636,0.0950,6.90,0.1725
90.086,0.000,0.000,0.000,0.0020,0.2636,0.0950,6.90,0.1725
90.106,0.000,0.000,0.000,0.0020,0.2636,0.0950,6.90,0.1725
90.127,0.000,0.000,0.000,0.0020,0.2636,0.0950,6.90,0.1725
90.147,0.000,0.000,0.000,0.0020,0.2636,0.0950,6.90,0.1725
90.167,0.000,0.000,0.000,0.0020,0.2636,0.0950,6.90,0.1725
90.186,0.000,0.000,0.000,0.0020,0.2636,0.0950,6.90,0.1725
90.206,0.000,0.000,0.000,0.0020,0.2636,0.0950,6.90,0.1725
90.226,0.000,0.000,0.000,0.0020,0.2636,0.0950,6.90,0.1725
90.247,0.000,0.000,0.000,0.0020,0.2636,0.0950,6.90,0.1725
90.266,0.000,0.000,0.000,0.0020,0.2636,0.0950,6.90,0.1725
90.286,0.000,0.000,0.000,0.0020,0.2636,0.0950,6.90,0.1725
90.306,0.000,0.000,0.000,0.0020,0.2636,0.0950,6.90,0.1725
90.326,0.000,0.000,0.000,0.0020,0.2636,0.0950,6.90,0.1725
90.346,0.000,0.000,0.000,0.0020,0.2636,0.0950,6.90,0.1725
90.366,0.000,0.000,0.000,0.0020,0.2636,0.0950,6.90,0.1725
90.386,0.000,0.000,0.000,0.0020,0.2636,0.0950,6.90,0.1725
90.406,0.000,0.000,0.000,0.0020,0.2636,0.0950,6.90,0.1725
90.426,0.000,0.000,0.000,0.0020,0.2636,0.0950,6.90,0.1725
90.447,0.000,0.000,0.000,0.0020,0.2636,0.0950,6.90,0.1725
90.466,0.000,0.000,0.000,0.0020,0.2636,0.0950,6.90,0.1725
90.486,0.000,0.000,0.000,0.0020,0.2636,0.0950,6.90,0.1725
90.506,0.000,0.000,0.000,0.0020,0.2636,0.0950,6.90,0.1725
90.526,0.000,0.000,0.000,0.0020,0.2636,0.0950,6.90,0.1725
90.547,0.000,0.000,0.000,0.0020,0.2636,0.0950,6.90,0.1725
90.566,0.000,0.000,0.000,0.0020,0.2636,0.0950,6.90,0.1725
90.586,0.000,0.000,0.000,0.0020,0.2636,0.0950,6.90,0.1725
90.606,0.000,0.000,0.000,0.0020,0.2636,0.0950,6.90,0.1725
90.626,0.000,0.000,0.000,0.0020,0.2636,0.0950,6.90,0.1725
90.647,0.000,0.000,0.000,0.0020,0.2636,0.0950,6.90,0.1725
90.666,0.000,0.000,0.000,0.0020,0.2636,0.0950,6.90,0.1725
90.686,0.000,0.000,0.000,0.0020,0.2636,0.0950,6.90,0.1725
90.706,0.000,0.000,0.000,0.0020,0.2636,0.0950,6.90,0.1725
90.726,0.000,0.000,0.000,0.0020,0.2636,0.0950,6.90,0.1725
90.747,0.000,0.000,0.000,0.0020,0.2636,0.0950,6.90,0.1725
90.768,0.000,0.000,0.000,0.0020,0.2636,0.0950,6.90,0.1725
90.786,0.000,0.000,0.000,0.0020,0.2636,0.0950,6.90,0.1725
90.806,0.000,0.000,0.000,0.0020,0.2636,0.0950,6.90,0.1725
90.826,0.000,0.000,0.000,0.0020,0.2636,0.0950,6.90,0.1725
90.846,0.000,0.000,0.000,0.0020,0.2636,0.0950,6.90,0.1725
90.866,0.000,0.000,0.000,0.0020,0.2636,0.0950,6.90,0.1725
90.886,0.000,0.000,0.000,0.0020,0.2636,0.0950,6.90,0.1725
90.906,0.000,0.000,0.000,0.0020,0.2636,0.0950,6.90,0.1725
90.926,0.000,0.000,0.000,0.0020,0.2636,0.0950,6.90,0.1725
90.946,0.000,0.000,0.000,0.0020,0.2636,0.0950,6.90,0.1725
90.966,0.000,0.000,0.000,0.0020,0.2636,0.0950,6.90,0.1725
90.986,0.000,0.000,0.000,0.0020,0.2636,0.0950,6.90,0.1725
91.006,0.000,0.000,0.000,0.0020,0.2636,0.0950,6.90,0.1725
91.026,0.000,0.000,0.000,0.0020,0.2636,0.0950,6.90,0.1725
91.048,0.000,0.000,0.000,0.0020,0.2636,0.0950,6.90,0.1725
91.067,0.000,0.000,0.000,0.0021,0.2636,0.0950,6.90,0.1725
91.087,0.000,0.000,0.000,0.0021,0.2636,0.0950,6.90,0.1725
91.106,0.000,0.000,0.000,0.0021,0.2636,0.0950,6.90,0.1725
91.126,0.000,0.000,0.000,0.0021,0.2636,0.0950,6.90,0.1725
91.146,0.000,0.000,0.000,0.0021,0.2636,0.0950,6.90,0.1725
91.166,0.000,0.000,0.000,0.0021,0.2636,0.0950,6.90,0.1725
91.186,0.000,0.000,0.000,0.0021,0.2636,0.0950,6.90,0.1725
91.206,0.000,0.000,0.000,0.0021,0.2636,0.0950,6.90,0.1725
91.226,0.000,0.000,0.000,0.0021,0.2636,0.0950,6.90,0.1725
91.246,0.000,0.000,0.000,0.0021,0.2636,0.0950,6.90,0.1725
91.266,0.000,0.000,0.000,0.0021,0.2636,0.0950,6.90,0.1725
91.285,0.000,0.000,0.000,0.0021,0.2636,0.0950,6.90,0.1725
91.306,0.000,0.000,0.000,0.0021,0.2636,0.0950,6.90,0.1725
91.326,0.000,0.000,0.000,0.0021,0.2636,0.0950,6.90,0.1725
91.348,0.000,0.000,0.000,0.0021,0.2636,0.0950,6.90,0.1725
91.366,0.000,0.000,0.000,0.0021,0.2636,0.0950,6.90,0.1725
91.386,0.000,0.000,0.000,0.0021,0.2636,0.0950,6.90,0.1725
91.406,0.000,0.000,0.000,0.0021,0.2636,0.0950,6.90,0.1725
91.427,0.000,0.000,0.000,0.0021,0.2636,0.0950,6.90,0.1725
91.447,0.000,0.000,0.000,0.0021,0.2636,0.0950,6.90,0.1725
91.467,0.000,0.000,0.000,0.0021,0.2636,0.0950,6.90,0.1725
91.486,0.000,0.000,0.000,0.0021,0.2636,0.0950,6.90,0.1725
91.506,0.000,0.000,0.000,0.0021,0.2636,0.0950,6.90,0.1725
91.526,0.000,0.000,0.000,0.0021,0.2636,0.0950,6.90,0.1725
91.546,0.000,0.000,0.000,0.0021,0.2636,0.0950,6.90,0.1725
91.566,0.000,0.000,0.000,0.0021,0.2636,0.0950,6.90,0.1725
91.586,0.000,0.000,0.000,0.0021,0.2636,0.0950,6.90,0.1725
91.606,0.000,0.000,0.000,0.0021,0.2636,0.0950,6.90,0.1725
91.626,0.000,0.000,0.000,0.0021,0.2636,0.0950,6.90,0.1725
91.647,0.000,0.000,0.000,0.0021,0.2636,0.0950,6.90,0.1725
91.666,0.000,0.000,0.000,0.0021,0.2636,0.0950,6.90,0.1725
91.687,0.000,0.000,0.000,0.0021,0.2636,0.0950,6.90,0.1725
91.707,0.000,0.000,0.000,0.0021,0.2636,0.0950,6.90,0.1725
91.727,0.000,0.000,0.000,0.0021,0.2636,0.0950,6.90,0.1725
91.747,0.000,0.000,0.000,0.0021,0.2636,0.0950,6.90,0.1725
91.769,0.000,0.000,0.000,0.0021,0.2636,0.0950,6.90,0.1725
91.787,0.000,0.000,0.000,0.0021,0.2636,0.0950,6.90,0.1725
91.807,0.000,0.000,0.000,0.0021,0.2636,0.0950,6.90,0.1725
91.826,0.000,0.000,0.000,0.0021,0.2636,0.0950,6.90,0.1725
91.847,0.000,0.000,0.000,0.0021,0.2636,0.0950,6.90,0.1725
91.866,0.000,0.000,0.000,0.0021,0.2636,0.0950,6.90,0.1725
91.887,0.000,0.000,0.000,0.0021,0.2636,0.0950,6.90,0.1725
91.906,0.000,0.000,0.000,0.0021,0.2636,0.0950,6.90,0.1725
91.927,0.000,0.000,0.000,0.0021,0.2636,0.0950,6.90,0.1725
91.947,0.000,0.000,0.000,0.0021,0.2636,0.0950,6.90,0.1725
91.966,0.000,0.000,0.000,0.0021,0.2636,0.0950,6.90,0.1725
91.986,0.000,0.000,0.000,0.0021,0.2636,0.0950,6.90,0.1725
92.007,0.000,0.000,0.000,0.0021,0.2636,0.0950,6.90,0.1725
92.026,0.000,0.000,0.000,0.0021,0.2636,0.0950,6.90,0.1725
92.046,0.000,0.000,0.000,0.0021,0.2636,0.0950,6.90,0.1725
92.067,0.000,0.000,0.000,0.0021,0.2636,0.0950,6.90,0.1725
92.086,0.000,0.000,0.000,0.0021,0.2636,0.0950,6.90,0.1725
92.106,0.000,0.000,0.000,0.0021,0.2636,0.0950,6.90,0.1725
92.129,0.000,0.000,0.000,0.0021,0.2636,0.0950,6.90,0.1725
92.146,0.000,0.000,0.000,0.0021,0.2636,0.0951,6.90,0.1725
92.166,0.000,0.000,0.000,0.0021,0.2636,0.0951,6.90,0.1725
92.187,0.000,0.000,0.000,0.0021,0.2636,0.0951,6.90,0.1725
92.207,0.000,0.000,0.000,0.0021,0.2636,0.0951,6.90,0.1725
92.227,0.000,0.000,0.000,0.0021,0.2636,0.0951,6.90,0.1725
92.248,0.000,0.000,0.000,0.0021,0.2636,0.0951,6.90,0.1725
92.266,0.000,0.000,0.000,0.0021,0.2636,0.0951,6.90,0.1725
92.286,0.000,0.000,0.000,0.0021,0.2636,0.0951,6.90,0.1725
92.306,0.000,0.000,0.000,0.0021,0.2636,0.0951,6.90,0.1725
92.327,0.000,0.000,0.000,0.0021,0.2636,0.0951,6.90,0.1725
92.347,0.000,0.000,0.000,0.0021,0.2636,0.0951,6.90,0.1725
92.366,0.000,0.000,0.000,0.0021,0.2636,0.0951,6.90,0.1725
92.386,0.000,0.000,0.000,0.0021,0.2636,0.0951,6.90,0.1725
92.406,0.000,0.000,0.000,0.0021,0.2636,0.0951,6.90,0.1725
92.427,0.000,0.000,0.000,0.0021,0.2636,0.0951,6.90,0.1725
92.447,0.000,0.000,0.000,0.0021,0.2636,0.0951,6.90,0.1725
92.466,0.000,0.000,0.000,0.0021,0.2636,0.0951,6.90,0.1725
92.486,0.000,0.000,0.000,0.0021,0.2636,0.0951,6.90,0.1725
92.507,0.000,0.000,0.000,0.0021,0.2636,0.0951,6.90,0.1725
92.527,0.000,0.000,0.000,0.0021,0.2636,0.0951,6.90,0.1725
92.547,0.000,0.000,0.000,0.0021,0.2636,0.0951,6.90,0.1725
92.566,0.000,0.000,0.000,0.0021,0.2636,0.0951,6.90,0.1725
92.587,0.000,0.000,0.000,0.0021,0.2636,0.0951,6.90,0.1725
92.606,0.000,0.000,0.000,0.0021,0.2636,0.0951,6.90,0.1725
92.626,0.000,0.000,0.000,0.0021,0.2636,0.0951,6.90,0.1725
92.646,0.000,0.000,0.000,0.0021,0.2636,0.0951,6.90,0.1725
92.666,0.000,0.000,0.000,0.0021,0.2636,0.0951,6.90,0.1725
92.687,0.000,0.000,0.000,0.0021,0.2636,0.0951,6.90,0.1725
92.706,0.000,0.000,0.000,0.0021,0.2636,0.0951,6.90,0.1725
92.727,0.000,0.000,0.000,0.0021,0.2636,0.0951,6.90,0.1725
92.747,0.000,0.000,0.000,0.0021,0.2636,0.0951,6.90,0.1725
92.767,0.000,0.000,0.000,0.0021,0.2636,0.0951,6.90,0.1725
92.786,0.000,0.000,0.000,0.0021,0.2636,0.0951,6.90,0.1725
92.806,0.000,0.000,0.000,0.0021,0.2636,0.0951,6.90,0.1725
92.826,0.000,0.000,0.000,0.0021,0.2636,0.0951,6.90,0.1725
92.846,0.000,0.000,0.000,0.0021,0.2636,0.0951,6.90,0.1725
92.867,0.000,0.000,0.000,0.0021,0.2636,0.0951,6.90,0.1725
92.887,0.000,0.000,0.000,0.0021,0.2636,0.0951,6.90,0.1725
92.906,0.000,0.000,0.000,0.0021,0.2636,0.0951,6.90,0.1725
92.927,0.000,0.000,0.000,0.0021,0.2636,0.0951,6.90,0.1725
92.948,0.000,0.000,0.000,0.0021,0.2636,0.0951,6.90,0.1725
92.966,0.000,0.000,0.000,0.0021,0.2636,0.0951,6.90,0.1725
92.986,0.000,0.000,0.000,0.0021,0.2636,0.0951,6.90,0.1725
93.006,0.000,0.000,0.000,0.0021,0.2636,0.0951,6.90,0.1725
93.026,0.000,0.000,0.000,0.0021,0.2636,0.0951,6.90,0.1725
93.047,0.000,0.000,0.000,0.0021,0.2636,0.0951,6.90,0.1725
93.066,0.000,0.000,0.000,0.0021,0.2636,0.0951,6.90,0.1725
93.087,0.000,0.000,0.000,0.0021,0.2636,0.0951,6.90,0.1725
93.107,0.000,0.000,0.000,0.0021,0.2636,0.0951,6.90,0.1725
93.126,0.000,0.000,0.000,0.0021,0.2636,0.0951,6.90,0.1725
93.154,0.000,0.000,0.000,0.0021,0.2636,0.0951,6.90,0.1725
93.166,0.000,0.000,0.000,0.0021,0.2636,0.0951,6.90,0.1725
93.187,0.000,0.000,0.000,0.0021,0.2636,0.0951,6.90,0.1725
93.206,0.000,0.000,0.000,0.0021,0.2636,0.0951,6.90,0.1725
93.227,0.000,0.000,0.000,0.0021,0.2636,0.0951,6.90,0.1725
93.247,0.000,0.000,0.000,0.0021,0.2636,0.0951,6.90,0.1725
93.267,0.000,0.000,0.000,0.0021,0.2636,0.0951,6.90,0.1725
93.286,0.000,0.000,0.000,0.0021,0.2636,0.0951,6.90,0.1725
93.306,0.000,0.000,0.000,0.0021,0.2636,0.0951,6.90,0.1725
93.327,0.000,0.000,0.000,0.0021,0.2636,0.0951,6.90,0.1725
93.347,0.000,0.000,0.000,0.0021,0.2636,0.0951,6.90,0.1725
93.367,0.000,0.000,0.000,0.0021,0.2636,0.0951,6.90,0.1725
93.387,0.000,0.000,0.000,0.0021,0.2636,0.0951,6.90,0.1725
93.407,0.000,0.000,0.000,0.0021,0.2636,0.0951,6.90,0.1725
93.426,0.000,0.000,0.000,0.0021,0.2636,0.0951,6.90,0.1725
93.447,0.000,0.000,0.000,0.0021,0.2636,0.0951,6.90,0.1725
93.467,0.000,0.000,0.000,0.0021,0.2636,0.0951,6.90,0.1725
93.487,0.000,0.000,0.000,0.0021,0.2636,0.0951,6.90,0.1725
93.506,0.000,0.000,0.000,0.0021,0.2636,0.0951,6.90,0.1725
93.527,0.000,0.000,0.000,0.0021,0.2636,0.0951,6.90,0.1725
93.546,0.000,0.000,0.000,0.0021,0.2636,0.0951,6.90,0.1725
93.567,0.000,0.000,0.000,0.0021,0.2636,0.0951,6.90,0.1725
93.586,0.000,0.000,0.000,0.0021,0.2636,0.0951,6.90,0.1725
93.607,0.000,0.000,0.000,0.0021,0.2636,0.0951,6.90,0.1725
93.627,0.000,0.000,0.000,0.0021,0.2636,0.0951,6.90,0.1725
93.646,0.000,0.000,0.000,0.0021,0.2636,0.0951,6.90,0.1725
93.667,0.000,0.000,0.000,0.0021,0.2636,0.0951,6.90,0.1725
93.687,0.000,0.000,0.000,0.0021,0.2636,0.0951,6.90,0.1725
93.706,0.000,0.000,0.000,0.0021,0.2636,0.0951,6.90,0.1725
93.726,0.000,0.000,0.000,0.0021,0.2636,0.0951,6.90,0.1725
93.746,0.000,0.000,0.000,0.0021,0.2636,0.0951,6.90,0.1725
93.766,0.000,0.000,0.000,0.0021,0.2636,0.0951,6.90,0.1725
93.786,0.000,0.000,0.000,0.0021,0.2636,0.0951,6.90,0.1725
93.806,0.000,0.000,0.000,0.0021,0.2636,0.0951,6.90,0.1725
93.826,0.000,0.000,0.000,0.0021,0.2636,0.0951,6.90,0.1725
93.846,0.000,0.000,0.000,0.0021,0.2636,0.0951,6.90,0.1725
93.866,0.000,0.000,0.000,0.0021,0.2636,0.0951,6.90,0.1725
93.886,0.000,0.000,0.000,0.0021,0.2636,0.0951,6.90,0.1725
93.906,0.000,0.000,0.000,0.0021,0.2636,0.0951,6.90,0.1725
93.926,0.000,0.000,0.000,0.0021,0.2636,0.0951,6.90,0.1725
93.947,0.000,0.000,0.000,0.0021,0.2636,0.0951,6.90,0.1725
93.967,0.000,0.000,0.000,0.0021,0.2636,0.0951,6.90,0.1725
93.987,0.000,0.000,0.000,0.0021,0.2636,0.0951,6.90,0.1725
94.007,0.000,0.000,0.000,0.0021,0.2636,0.0951,6.90,0.1725
94.027,0.000,0.000,0.000,0.0021,0.2636,0.0951,6.90,0.1725
94.047,0.000,0.000,0.000,0.0021,0.2636,0.0951,6.90,0.1725
94.067,0.000,0.000,0.000,0.0021,0.2636,0.0951,6.90,0.1725
94.087,0.000,0.000,0.000,0.0021,0.2636,0.0951,6.90,0.1725
94.106,0.000,0.000,0.000,0.0021,0.2636,0.0951,6.90,0.1725
94.127,0.000,0.000,0.000,0.0021,0.2636,0.0951,6.90,0.1725
94.147,0.000,0.000,0.000,0.0021,0.2636,0.0951,6.90,0.1725
94.166,0.000,0.000,0.000,0.0021,0.2636,0.0951,6.90,0.1725
94.186,0.000,0.000,0.000,0.0021,0.2636,0.0951,6.90,0.1725
94.206,0.000,0.000,0.000,0.0021,0.2636,0.0951,6.90,0.1725
94.227,0.000,0.000,0.000,0.0021,0.2636,0.0951,6.90,0.1725
94.247,0.000,0.000,0.000,0.0021,0.2636,0.0951,6.90,0.1725
94.267,0.000,0.000,0.000,0.0021,0.2636,0.0951,6.90,0.1725
94.287,0.000,0.000,0.000,0.0021,0.2636,0.0951,6.90,0.1725
94.307,0.000,0.000,0.000,0.0021,0.2636,0.0951,6.90,0.1725
94.327,0.000,0.000,0.000,0.0021,0.2636,0.0951,6.90,0.1725
94.347,0.000,0.000,0.000,0.0021,0.2636,0.0951,6.90,0.1725
94.367,0.000,0.000,0.000,0.0021,0.2636,0.0951,6.90,0.1725
94.387,0.000,0.000,0.000,0.0021,0.2636,0.0951,6.90,0.1725
94.406,0.000,0.000,0.000,0.0021,0.2636,0.0951,6.90,0.1725
94.427,0.000,0.000,0.000,0.0021,0.2636,0.0951,6.90,0.1725
94.449,0.000,0.000,0.000,0.0021,0.2636,0.0951,6.90,0.1725
94.467,0.000,0.000,0.000,0.0021,0.2636,0.0951,6.90,0.1725
94.487,0.000,0.000,0.000,0.0021,0.2636,0.0951,6.90,0.1725
94.507,0.000,0.000,0.000,0.0021,0.2636,0.0951,6.90,0.1725
94.527,0.000,0.000,0.000,0.0021,0.2636,0.0951,6.90,0.1725
94.547,0.000,0.000,0.000,0.0021,0.2636,0.0951,6.90,0.1725
94.566,0.000,0.000,0.000,0.0021,0.2636,0.0951,6.90,0.1725
94.587,0.000,0.000,0.000,0.0021,0.2636,0.0951,6.90,0.1725
94.606,0.000,0.000,0.000,0.0021,0.2636,0.0951,6.90,0.1725
94.626,0.000,0.000,0.000,0.0021,0.2636,0.0951,6.90,0.1725
94.646,0.000,0.000,0.000,0.0021,0.2636,0.0951,6.90,0.1725
94.666,0.000,0.000,0.000,0.0021,0.2636,0.0951,6.90,0.1725
94.686,0.000,0.000,0.000,0.0021,0.2636,0.0951,6.90,0.1725
94.706,0.000,0.000,0.000,0.0021,0.2636,0.0951,6.90,0.1725
94.727,0.000,0.000,0.000,0.0021,0.2636,0.0951,6.90,0.1725
94.746,0.000,0.000,0.000,0.0021,0.2636,0.0951,6.90,0.1725
94.767,0.000,0.000,0.000,0.0021,0.2636,0.0951,6.90,0.1725
94.786,0.000,0.000,0.000,0.0021,0.2636,0.0951,6.90,0.1725
94.806,0.000,0.000,0.000,0.0021,0.2636,0.0951,6.90,0.1725
94.827,0.000,0.000,0.000,0.0021,0.2636,0.0951,6.90,0.1725
94.847,0.000,0.000,0.000,0.0021,0.2636,0.0951,6.90,0.1725
94.866,0.000,0.000,0.000,0.0021,0.2636,0.0951,6.90,0.1725
94.887,0.000,0.000,0.000,0.0021,0.2636,0.0951,6.90,0.1725
94.906,0.000,0.000,0.000,0.0021,0.2636,0.0951,6.90,0.1725
94.927,0.000,0.000,0.000,0.0021,0.2636,0.0951,6.90,0.1725
94.946,0.000,0.000,0.000,0.0021,0.2636,0.0951,6.90,0.1725
94.966,0.000,0.000,0.000,0.0021,0.2636,0.0951,6.90,0.1725
94.986,0.000,0.000,0.000,0.0021,0.2636,0.0951,6.90,0.1725
95.007,0.000,0.000,0.000,0.0021,0.2636,0.0951,6.90,0.1725
95.027,0.000,0.000,0.000,0.0021,0.2636,0.0951,6.90,0.1725
95.046,0.000,0.000,0.000,0.0021,0.2636,0.0951,6.90,0.1725
95.068,0.000,0.000,0.000,0.0021,0.2636,0.0951,6.90,0.1725
95.087,0.000,0.000,0.000,0.0021,0.2636,0.0951,6.90,0.1725
95.106,0.000,0.000,0.000,0.0021,0.2636,0.0951,6.90,0.1725
95.127,0.000,0.000,0.000,0.0021,0.2636,0.0951,6.90,0.1725
95.147,0.000,0.000,0.000,0.0021,0.2636,0.0951,6.90,0.1725
95.166,0.000,0.000,0.000,0.0021,0.2636,0.0951,6.90,0.1725
95.186,0.000,0.000,0.000,0.0021,0.2636,0.0951,6.90,0.1725
95.207,0.000,0.000,0.000,0.0021,0.2636,0.0951,6.90,0.1725
95.227,0.000,0.000,0.000,0.0021,0.2636,0.0951,6.90,0.1725
95.247,0.000,0.000,0.000,0.0021,0.2636,0.0951,6.90,0.1725
95.267,0.000,0.000,0.000,0.0021,0.2636,0.0951,6.90,0.1725
95.286,0.000,0.000,0.000,0.0021,0.2636,0.0951,6.90,0.1725
95.306,0.000,0.000,0.000,0.0021,0.2636,0.0951,6.90,0.1725
95.326,0.000,0.000,0.000,0.0021,0.2636,0.0951,6.90,0.1725
95.347,0.000,0.000,0.000,0.0021,0.2636,0.0951,6.90,0.1725
95.366,0.000,0.000,0.000,0.0021,0.2636,0.0951,6.90,0.1725
95.386,0.000,0.000,0.000,0.0021,0.2636,0.0951,6.90,0.1725
95.406,0.000,0.000,0.000,0.0021,0.2636,0.0951,6.90,0.1725
95.426,0.000,0.000,0.000,0.0021,0.2636,0.0951,6.90,0.1725
95.446,0.000,0.000,0.000,0.0021,0.2636,0.0951,6.90,0.1725
95.466,0.000,0.000,0.000,0.0022,0.2636,0.0951,6.90,0.1725
95.487,0.000,0.000,0.000,0.0022,0.2636,0.0951,6.90,0.1725
95.506,0.000,0.000,0.000,0.0022,0.2636,0.0951,6.90,0.1725
95.527,0.000,0.000,0.000,0.0022,0.2636,0.0951,6.90,0.1725
95.546,0.000,0.000,0.000,0.0022,0.2636,0.0951,6.90,0.1725
95.567,0.000,0.000,0.000,0.0022,0.2636,0.0951,6.90,0.1725
95.586,0.000,0.000,0.000,0.0022,0.2636,0.0951,6.90,0.1725
95.606,0.000,0.000,0.000,0.0022,0.2636,0.0951,6.90,0.1725
95.626,0.000,0.000,0.000,0.0022,0.2636,0.0951,6.90,0.1725
95.646,0.000,0.000,0.000,0.0022,0.2636,0.0951,6.90,0.1725
95.667,0.000,0.000,0.000,0.0022,0.2636,0.0951,6.90,0.1725
95.687,0.000,0.000,0.000,0.0022,0.2636,0.0951,6.90,0.1725
95.706,0.000,0.000,0.000,0.0022,0.2636,0.0951,6.90,0.1725
95.727,0.000,0.000,0.000,0.0022,0.2636,0.0951,6.90,0.1725
95.747,0.000,0.000,0.000,0.0022,0.2636,0.0951,6.90,0.1725
95.767,0.000,0.000,0.000,0.0022,0.2636,0.0951,6.90,0.1725
95.786,0.000,0.000,0.000,0.0022,0.2636,0.0951,6.90,0.1725
95.807,0.000,0.000,0.000,0.0022,0.2636,0.0951,6.90,0.1725
95.827,0.000,0.000,0.000,0.0022,0.2636,0.0951,6.90,0.1725
95.847,0.000,0.000,0.000,0.0022,0.2636,0.0951,6.90,0.1725
95.867,0.000,0.000,0.000,0.0022,0.2636,0.0951,6.90,0.1725
95.887,0.000,0.000,0.000,0.0022,0.2636,0.0951,6.90,0.1725
95.906,0.000,0.000,0.000,0.0022,0.2636,0.0951,6.90,0.1725
95.927,0.000,0.000,0.000,0.0022,0.2636,0.0951,6.90,0.1725
95.947,0.000,0.000,0.000,0.0022,0.2636,0.0951,6.90,0.1725
95.967,0.000,0.000,0.000,0.0022,0.2636,0.0951,6.90,0.1725
95.986,0.000,0.000,0.000,0.0022,0.2636,0.0951,6.90,0.1725
96.006,0.000,0.000,0.000,0.0022,0.2636,0.0951,6.90,0.1725
96.026,0.000,0.000,0.000,0.0022,0.2636,0.0951,6.90,0.1725
96.046,0.000,0.000,0.000,0.0022,0.2636,0.0951,6.90,0.1725
96.066,0.000,0.000,0.000,0.0022,0.2636,0.0951,6.90,0.1725
96.086,0.000,0.000,0.000,0.0022,0.2636,0.0951,6.90,0.1725
96.106,0.000,0.000,0.000,0.0022,0.2636,0.0951,6.90,0.1725
96.126,0.000,0.000,0.000,0.0022,0.2636,0.0951,6.90,0.1725
96.147,0.000,0.000,0.000,0.0022,0.2636,0.0951,6.90,0.1725
96.166,0.000,0.000,0.000,0.0022,0.2636,0.0951,6.90,0.1725
96.187,0.000,0.000,0.000,0.0022,0.2636,0.0951,6.90,0.1725
96.207,0.000,0.000,0.000,0.0022,0.2636,0.0951,6.90,0.1725
96.228,0.000,0.000,0.000,0.0022,0.2636,0.0951,6.90,0.1725
96.248,0.000,0.000,0.000,0.0022,0.2636,0.0951,6.90,0.1725
96.267,0.000,0.000,0.000,0.0022,0.2636,0.0951,6.90,0.1725
96.286,0.000,0.000,0.000,0.0022,0.2636,0.0951,6.90,0.1725
96.306,0.000,0.000,0.000,0.0022,0.2636,0.0951,6.90,0.1725
96.326,0.000,0.000,0.000,0.0022,0.2636,0.0951,6.90,0.1725
96.346,0.000,0.000,0.000,0.0022,0.2636,0.0951,6.90,0.1725
96.367,0.000,0.000,0.000,0.0022,0.2636,0.0951,6.90,0.1725
96.387,0.000,0.000,0.000,0.0022,0.2636,0.0951,6.90,0.1725
96.407,0.000,0.000,0.000,0.0022,0.2636,0.0951,6.90,0.1725
96.427,0.000,0.000,0.000,0.0022,0.2636,0.0951,6.90,0.1725
96.447,0.000,0.000,0.000,0.0022,0.2636,0.0951,6.90,0.1725
96.466,0.000,0.000,0.000,0.0022,0.2636,0.0951,6.90,0.1725
96.487,0.000,0.000,0.000,0.0022,0.2636,0.0951,6.90,0.1725
96.506,0.000,0.000,0.000,0.0022,0.2636,0.0951,6.90,0.1725
96.526,0.000,0.000,0.000,0.0022,0.2636,0.0951,6.90,0.1725
96.547,0.000,0.000,0.000,0.0022,0.2636,0.0951,6.90,0.1725
96.567,0.000,0.000,0.000,0.0022,0.2636,0.0951,6.90,0.1725
96.586,0.000,0.000,0.000,0.0022,0.2636,0.0951,6.90,0.1725
96.606,0.000,0.000,0.000,0.0022,0.2636,0.0951,6.90,0.1725
96.627,0.000,0.000,0.000,0.0022,0.2636,0.0951,6.90,0.1725
96.647,0.000,0.000,0.000,0.0022,0.2636,0.0951,6.90,0.1725
96.666,0.000,0.000,0.000,0.0022,0.2636,0.0951,6.90,0.1725
96.686,0.000,0.000,0.000,0.0022,0.2636,0.0951,6.90,0.1725
96.706,0.000,0.000,0.000,0.0022,0.2636,0.0951,6.90,0.1725
96.727,0.000,0.000,0.000,0.0022,0.2636,0.0951,6.90,0.1725
96.747,0.000,0.000,0.000,0.0022,0.2636,0.0951,6.90,0.1725
96.767,0.000,0.000,0.000,0.0022,0.2636,0.0951,6.90,0.1725
96.787,0.000,0.000,0.000,0.0022,0.2636,0.0951,6.90,0.1725
96.807,0.000,0.000,0.000,0.0022,0.2636,0.0951,6.90,0.1725
96.828,0.000,0.000,0.000,0.0022,0.2636,0.0951,6.90,0.1725
96.848,0.000,0.000,0.000,0.0022,0.2636,0.0951,6.90,0.1725
96.867,0.000,0.000,0.000,0.0022,0.2636,0.0951,6.90,0.1725
96.888,0.000,0.000,0.000,0.0022,0.2636,0.0951,6.90,0.1725
96.906,0.000,0.000,0.000,0.0022,0.2636,0.0951,6.90,0.1725
96.927,0.000,0.000,0.000,0.0022,0.2636,0.0951,6.90,0.1725
96.946,0.000,0.000,0.000,0.0022,0.2636,0.0951,6.90,0.1725
96.967,0.000,0.000,0.000,0.0022,0.2636,0.0951,6.90,0.1725
96.987,0.000,0.000,0.000,0.0022,0.2636,0.0951,6.90,0.1725
97.007,0.000,0.000,0.000,0.0022,0.2636,0.0951,6.90,0.1725
97.026,0.000,0.000,0.000,0.0022,0.2636,0.0951,6.90,0.1725
97.047,0.000,0.000,0.000,0.0022,0.2636,0.0951,6.90,0.1725
97.067,0.000,0.000,0.000,0.0022,0.2636,0.0951,6.90,0.1725
97.086,0.000,0.000,0.000,0.0022,0.2636,0.0951,6.90,0.1725
97.106,0.000,0.000,0.000,0.0022,0.2636,0.0951,6.90,0.1725
97.127,0.000,0.000,0.000,0.0022,0.2636,0.0951,6.90,0.1725
97.146,0.000,0.000,0.000,0.0022,0.2636,0.0951,6.90,0.1725
97.168,0.000,0.000,0.000,0.0022,0.2636,0.0951,6.90,0.1725
97.188,0.000,0.000,0.000,0.0022,0.2636,0.0951,6.90,0.1725
97.206,0.000,0.000,0.000,0.0022,0.2636,0.0951,6.90,0.1725
97.227,0.000,0.000,0.000,0.0022,0.2636,0.0951,6.90,0.1725
97.247,0.000,0.000,0.000,0.0022,0.2636,0.0951,6.90,0.1725
97.266,0.000,0.000,0.000,0.0022,0.2636,0.0951,6.90,0.1725
97.286,0.000,0.000,0.000,0.0022,0.2636,0.0951,6.90,0.1725
97.307,0.000,0.000,0.000,0.0022,0.2636,0.0951,6.90,0.1725
97.328,0.000,0.000,0.000,0.0022,0.2636,0.0951,6.90,0.1725
97.348,0.000,0.000,0.000,0.0022,0.2636,0.0951,6.90,0.1725
97.366,0.000,0.000,0.000,0.0022,0.2636,0.0951,6.90,0.1725
97.386,0.000,0.000,0.000,0.0022,0.2636,0.0951,6.90,0.1725
97.407,0.000,0.000,0.000,0.0022,0.2636,0.0951,6.90,0.1725
97.427,0.000,0.000,0.000,0.0022,0.2636,0.0951,6.90,0.1725
97.447,0.000,0.000,0.000,0.0022,0.2636,0.0951,6.90,0.1725
97.466,0.000,0.000,0.000,0.0022,0.2636,0.0951,6.90,0.1725
97.486,0.000,0.000,0.000,0.0022,0.2636,0.0951,6.90,0.1725
97.506,0.000,0.000,0.000,0.0022,0.2636,0.0951,6.90,0.1725
97.527,0.000,0.000,0.000,0.0022,0.2636,0.0951,6.90,0.1725
97.547,0.000,0.000,0.000,0.0022,0.2636,0.0951,6.90,0.1725
97.567,0.000,0.000,0.000,0.0022,0.2636,0.0951,6.90,0.1725
97.587,0.000,0.000,0.000,0.0022,0.2636,0.0951,6.90,0.1725
97.607,0.000,0.000,0.000,0.0022,0.2636,0.0951,6.90,0.1725
97.627,0.000,0.000,0.000,0.0022,0.2636,0.0951,6.90,0.1725
97.647,0.000,0.000,0.000,0.0022,0.2636,0.0951,6.90,0.1725
97.668,0.000,0.000,0.000,0.0022,0.2636,0.0951,6.90,0.1725
97.686,0.000,0.000,0.000,0.0022,0.2636,0.0951,6.90,0.1725
97.707,0.000,0.000,0.000,0.0022,0.2636,0.0951,6.90,0.1725
97.727,0.000,0.000,0.000,0.0022,0.2636,0.0951,6.90,0.1725
97.747,0.000,0.000,0.000,0.0022,0.2636,0.0951,6.90,0.1725
97.767,0.000,0.000,0.000,0.0022,0.2636,0.0951,6.90,0.1725
97.787,0.000,0.000,0.000,0.0022,0.2636,0.0951,6.90,0.1725
97.807,0.000,0.000,0.000,0.0022,0.2636,0.0952,6.90,0.1725
97.827,0.000,0.000,0.000,0.0022,0.2636,0.0952,6.90,0.1725
97.847,0.000,0.000,0.000,0.0022,0.2636,0.0952,6.90,0.1725
97.866,0.000,0.000,0.000,0.0022,0.2636,0.0952,6.90,0.1725
97.887,0.000,0.000,0.000,0.0022,0.2636,0.0952,6.90,0.1725
97.906,0.000,0.000,0.000,0.0022,0.2636,0.0952,6.90,0.1725
97.927,0.000,0.000,0.000,0.0022,0.2636,0.0952,6.90,0.1725
97.947,0.000,0.000,0.000,0.0022,0.2636,0.0952,6.90,0.1725
97.967,0.000,0.000,0.000,0.0022,0.2636,0.0952,6.90,0.1725
97.986,0.000,0.000,0.000,0.0022,0.2636,0.0952,6.90,0.1725
98.006,0.000,0.000,0.000,0.0022,0.2636,0.0952,6.90,0.1725
98.026,0.000,0.000,0.000,0.0022,0.2636,0.0952,6.90,0.1725
98.046,0.000,0.000,0.000,0.0022,0.2636,0.0952,6.90,0.1725
98.067,0.000,0.000,0.000,0.0022,0.2636,0.0952,6.90,0.1725
98.086,0.000,0.000,0.000,0.0022,0.2636,0.0952,6.90,0.1725
98.106,0.000,0.000,0.000,0.0022,0.2636,0.0952,6.90,0.1725
98.126,0.000,0.000,0.000,0.0022,0.2636,0.0952,6.90,0.1725
98.146,0.000,0.000,0.000,0.0022,0.2636,0.0952,6.90,0.1725
98.167,0.000,0.000,0.000,0.0022,0.2636,0.0952,6.90,0.1725
98.186,0.000,0.000,0.000,0.0022,0.2636,0.0952,6.90,0.1725
98.206,0.000,0.000,0.000,0.0022,0.2636,0.0952,6.90,0.1725
98.227,0.000,0.000,0.000,0.0022,0.2636,0.0952,6.90,0.1725
98.247,0.000,0.000,0.000,0.0022,0.2636,0.0952,6.90,0.1725
98.266,0.000,0.000,0.000,0.0022,0.2636,0.0952,6.90,0.1725
98.286,0.000,0.000,0.000,0.0022,0.2636,0.0952,6.90,0.1725
98.306,0.000,0.000,0.000,0.0022,0.2636,0.0952,6.90,0.1725
98.327,0.000,0.000,0.000,0.0022,0.2636,0.0952,6.90,0.1725
98.348,0.000,0.000,0.000,0.0022,0.2636,0.0952,6.90,0.1725
98.367,0.000,0.000,0.000,0.0022,0.2636,0.0952,6.90,0.1725
98.386,0.000,0.000,0.000,0.0022,0.2636,0.0952,6.90,0.1725
98.406,0.000,0.000,0.000,0.0022,0.2636,0.0952,6.90,0.1725
98.427,0.000,0.000,0.000,0.0022,0.2636,0.0952,6.90,0.1725
98.447,0.000,0.000,0.000,0.0022,0.2636,0.0952,6.90,0.1725
98.466,0.000,0.000,0.000,0.0022,0.2636,0.0952,6.90,0.1725
98.486,0.000,0.000,0.000,0.0022,0.2636,0.0952,6.90,0.1725
98.506,0.000,0.000,0.000,0.0022,0.2636,0.0952,6.90,0.1725
98.527,0.000,0.000,0.000,0.0022,0.2636,0.0952,6.90,0.1725
98.546,0.000,0.000,0.000,0.0022,0.2636,0.0952,6.90,0.1725
98.567,0.000,0.000,0.000,0.0022,0.2636,0.0952,6.90,0.1725
98.587,0.000,0.000,0.000,0.0022,0.2636,0.0952,6.90,0.1725
98.606,0.000,0.000,0.000,0.0022,0.2636,0.0952,6.90,0.1725
98.626,0.000,0.000,0.000,0.0022,0.2636,0.0952,6.90,0.1725
98.647,0.000,0.000,0.000,0.0022,0.2636,0.0952,6.90,0.1725
98.666,0.000,0.000,0.000,0.0022,0.2636,0.0952,6.90,0.1725
98.686,0.000,0.000,0.000,0.0022,0.2636,0.0952,6.90,0.1725
98.706,0.000,0.000,0.000,0.0022,0.2636,0.0952,6.90,0.1725
98.728,0.000,0.000,0.000,0.0022,0.2636,0.0952,6.90,0.1725
98.747,0.000,0.000,0.000,0.0022,0.2636,0.0952,6.90,0.1725
98.766,0.000,0.000,0.000,0.0022,0.2636,0.0952,6.90,0.1725
98.786,0.000,0.000,0.000,0.0022,0.2636,0.0952,6.90,0.1725
98.807,0.000,0.000,0.000,0.0022,0.2636,0.0952,6.90,0.1725
98.827,0.000,0.000,0.000,0.0022,0.2636,0.0952,6.90,0.1725
98.848,0.000,0.000,0.000,0.0022,0.2636,0.0952,6.90,0.1725
98.867,0.000,0.000,0.000,0.0022,0.2636,0.0952,6.90,0.1725
98.886,0.000,0.000,0.000,0.0022,0.2636,0.0952,6.90,0.1725
98.906,0.000,0.000,0.000,0.0022,0.2636,0.0952,6.90,0.1725
98.926,0.000,0.000,0.000,0.0022,0.2636,0.0952,6.90,0.1725
98.946,0.000,0.000,0.000,0.0022,0.2636,0.0952,6.90,0.1725
98.967,0.000,0.000,0.000,0.0022,0.2636,0.0952,6.90,0.1725
98.987,0.000,0.000,0.000,0.0022,0.2636,0.0952,6.90,0.1725
99.006,0.000,0.000,0.000,0.0022,0.2636,0.0952,6.90,0.1725
99.026,0.000,0.000,0.000,0.0022,0.2636,0.0952,6.90,0.1725
99.047,0.000,0.000,0.000,0.0022,0.2636,0.0952,6.90,0.1725
99.066,0.000,0.000,0.000,0.0022,0.2636,0.0952,6.90,0.1725
99.088,0.000,0.000,0.000,0.0022,0.2636,0.0952,6.90,0.1725
99.106,0.000,0.000,0.000,0.0022,0.2636,0.0952,6.90,0.1725
99.127,0.000,0.000,0.000,0.0022,0.2636,0.0952,6.90,0.1725
99.147,0.000,0.000,0.000,0.0022,0.2636,0.0952,6.90,0.1725
99.166,0.000,0.000,0.000,0.0022,0.2636,0.0952,6.90,0.1725
99.186,0.000,0.000,0.000,0.0022,0.2636,0.0952,6.90,0.1725
99.206,0.000,0.000,0.000,0.0022,0.2636,0.0952,6.90,0.1725
99.227,0.000,0.000,0.000,0.0022,0.2636,0.0952,6.90,0.1725
99.247,0.000,0.000,0.000,0.0022,0.2636,0.0952,6.90,0.1725
99.267,0.000,0.000,0.000,0.0022,0.2636,0.0952,6.90,0.1725
99.286,0.000,0.000,0.000,0.0022,0.2636,0.0952,6.90,0.1725
99.306,0.000,0.000,0.000,0.0022,0.2636,0.0952,6.90,0.1725
99.329,0.000,0.000,0.000,0.0022,0.2636,0.0952,6.90,0.1725
99.348,0.000,0.000,0.000,0.0022,0.2636,0.0952,6.90,0.1725
99.366,0.000,0.000,0.000,0.0022,0.2636,0.0952,6.90,0.1725
99.387,0.000,0.000,0.000,0.0022,0.2636,0.0952,6.90,0.1725
99.406,0.000,0.000,0.000,0.0022,0.2636,0.0952,6.90,0.1725
99.427,0.000,0.000,0.000,0.0022,0.2636,0.0952,6.90,0.1725
99.446,0.000,0.000,0.000,0.0022,0.2636,0.0952,6.90,0.1725
99.467,0.000,0.000,0.000,0.0022,0.2636,0.0952,6.90,0.1725
99.487,0.000,0.000,0.000,0.0022,0.2636,0.0952,6.90,0.1725
99.507,0.000,0.000,0.000,0.0022,0.2636,0.0952,6.90,0.1725
99.527,0.000,0.000,0.000,0.0022,0.2636,0.0952,6.90,0.1725
99.547,0.000,0.000,0.000,0.0022,0.2636,0.0952,6.90,0.1725
99.566,0.000,0.000,0.000,0.0022,0.2636,0.0952,6.90,0.1725
99.586,0.000,0.000,0.000,0.0022,0.2636,0.0952,6.90,0.1725
99.606,0.000,0.000,0.000,0.0022,0.2636,0.0952,6.90,0.1725
99.627,0.000,0.000,0.000,0.0022,0.2636,0.0952,6.90,0.1725
99.646,0.000,0.000,0.000,0.0022,0.2636,0.0952,6.90,0.1725
99.666,0.000,0.000,0.000,0.0022,0.2636,0.0952,6.90,0.1725
99.686,0.000,0.000,0.000,0.0022,0.2636,0.0952,6.90,0.1725
99.706,0.000,0.000,0.000,0.0022,0.2636,0.0952,6.90,0.1725
99.727,0.000,0.000,0.000,0.0022,0.2636,0.0952,6.90,0.1725
99.747,0.000,0.000,0.000,0.0022,0.2636,0.0952,6.90,0.1725
99.767,0.000,0.000,0.000,0.0022,0.2636,0.0952,6.90,0.1725
99.788,0.000,0.000,0.000,0.0022,0.2636,0.0952,6.90,0.1725
99.807,0.000,0.000,0.000,0.0022,0.2636,0.0952,6.90,0.1725
99.826,0.000,0.000,0.000,0.0022,0.2636,0.0952,6.90,0.1725
99.846,0.000,0.000,0.000,0.0022,0.2636,0.0952,6.90,0.1725
99.867,0.000,0.000,0.000,0.0022,0.2636,0.0952,6.90,0.1725
99.886,0.000,0.000,0.000,0.0022,0.2636,0.0952,6.90,0.1725
99.907,0.000,0.000,0.000,0.0022,0.2636,0.0952,6.90,0.1725
99.927,0.000,0.000,0.000,0.0022,0.2636,0.0952,6.90,0.1725
99.946,0.000,0.000,0.000,0.0022,0.2636,0.0952,6.90,0.1725
99.967,0.000,0.000,0.000,0.0022,0.2636,0.0952,6.90,0.1725
99.987,0.000,0.000,0.000,0.0022,0.2636,0.0952,6.90,0.1725
100.006,0.000,0.000,0.000,0.0022,0.2636,0.0952,6.90,0.1725
100.027,0.000,0.000,0.000,0.0022,0.2636,0.0952,6.90,0.1725
100.047,0.000,0.000,0.000,0.0022,0.2636,0.0952,6.90,0.1725
100.066,0.000,0.000,0.000,0.0022,0.2636,0.0952,6.90,0.1725
100.086,0.000,0.000,0.000,0.0022,0.2636,0.0952,6.90,0.1725
100.106,0.000,0.000,0.000,0.0022,0.2636,0.0952,6.90,0.1725
100.126,0.000,0.000,0.000,0.0022,0.2636,0.0952,6.90,0.1725
100.147,0.000,0.000,0.000,0.0022,0.2636,0.0952,6.90,0.1725
100.166,0.000,0.000,0.000,0.0022,0.2636,0.0952,6.90,0.1725
100.186,0.000,0.000,0.000,0.0022,0.2636,0.0952,6.90,0.1725
100.206,0.000,0.000,0.000,0.0022,0.2636,0.0952,6.90,0.1725
100.226,0.000,0.000,0.000,0.0022,0.2636,0.0952,6.90,0.1725
100.247,0.000,0.000,0.000,0.0022,0.2636,0.0952,6.90,0.1725
100.267,0.000,0.000,0.000,0.0022,0.2636,0.0952,6.90,0.1725
100.286,0.000,0.000,0.000,0.0022,0.2636,0.0952,6.90,0.1725
100.306,0.000,0.000,0.000,0.0022,0.2636,0.0952,6.90,0.1725
100.326,0.000,0.000,0.000,0.0022,0.2636,0.0952,6.90,0.1725
100.347,0.000,0.000,0.000,0.0022,0.2636,0.0952,6.90,0.1725
100.366,0.000,0.000,0.000,0.0022,0.2636,0.0952,6.90,0.1725
100.387,0.000,0.000,0.000,0.0022,0.2636,0.0952,6.90,0.1725
100.407,0.000,0.000,0.000,0.0022,0.2636,0.0952,6.90,0.1726
100.427,0.000,0.000,0.000,0.0022,0.2636,0.0952,6.90,0.1726
100.447,0.000,0.000,0.000,0.0022,0.2636,0.0952,6.90,0.1726
100.466,0.000,0.000,0.000,0.0022,0.2636,0.0952,6.90,0.1726
100.486,0.000,0.000,0.000,0.0022,0.2636,0.0952,6.90,0.1726
100.506,0.000,0.000,0.000,0.0022,0.2636,0.0952,6.90,0.1726
100.526,0.000,0.000,0.000,0.0022,0.2636,0.0952,6.90,0.1726
100.546,0.000,0.000,0.000,0.0022,0.2636,0.0952,6.90,0.1726
100.566,0.000,0.000,0.000,0.0022,0.2636,0.0952,6.90,0.1726
100.586,0.000,0.000,0.000,0.0022,0.2636,0.0952,6.90,0.1726
100.606,0.000,0.000,0.000,0.0022,0.2636,0.0952,6.90,0.1726
100.627,0.000,0.000,0.000,0.0022,0.2636,0.0952,6.90,0.1726
100.647,0.000,0.000,0.000,0.0022,0.2636,0.0952,6.90,0.1726
100.666,0.000,0.000,0.000,0.0022,0.2636,0.0952,6.90,0.1726
100.686,0.000,0.000,0.000,0.0022,0.2636,0.0952,6.90,0.1726
100.706,0.000,0.000,0.000,0.0022,0.2636,0.0952,6.90,0.1726
100.727,0.000,0.000,0.000,0.0022,0.2636,0.0952,6.90,0.1726
100.746,0.000,0.000,0.000,0.0022,0.2636,0.0952,6.90,0.1726
100.766,0.000,0.000,0.000,0.0022,0.2636,0.0952,6.90,0.1726
100.786,0.000,0.000,0.000,0.0022,0.2636,0.0952,6.90,0.1726
100.806,0.000,0.000,0.000,0.0022,0.2636,0.0952,6.90,0.1726
100.826,0.000,0.000,0.000,0.0022,0.2636,0.0952,6.90,0.1726
100.847,0.000,0.000,0.000,0.0022,0.2636,0.0952,6.90,0.1726
100.866,0.000,0.000,0.000,0.0022,0.2636,0.0952,6.90,0.1726
100.886,0.000,0.000,0.000,0.0022,0.2636,0.0952,6.90,0.1726
100.906,0.000,0.000,0.000,0.0022,0.2636,0.0952,6.90,0.1726
100.927,0.000,0.000,0.000,0.0022,0.2636,0.0952,6.90,0.1726
100.946,0.000,0.000,0.000,0.0022,0.2636,0.0952,6.90,0.1726
100.966,0.000,0.000,0.000,0.0022,0.2636,0.0952,6.90,0.1726
100.986,0.000,0.000,0.000,0.0022,0.2636,0.0952,6.90,0.1726
101.006,0.000,0.000,0.000,0.0022,0.2636,0.0952,6.90,0.1726
101.026,0.000,0.000,0.000,0.0022,0.2636,0.0952,6.90,0.1726
101.047,0.000,0.000,0.000,0.0022,0.2636,0.0952,6.90,0.1726
101.067,0.000,0.000,0.000,0.0022,0.2636,0.0952,6.90,0.1726
101.086,0.000,0.000,0.000,0.0022,0.2636,0.0952,6.90,0.1726
101.106,0.000,0.000,0.000,0.0022,0.2636,0.0952,6.90,0.1726
101.127,0.000,0.000,0.000,0.0022,0.2636,0.0952,6.90,0.1726
101.146,0.000,0.000,0.000,0.0022,0.2636,0.0952,6.90,0.1726
101.166,0.000,0.000,0.000,0.0022,0.2636,0.0952,6.90,0.1726
101.186,0.000,0.000,0.000,0.0022,0.2636,0.0952,6.90,0.1726
101.206,0.000,0.000,0.000,0.0022,0.2636,0.0952,6.90,0.1726
101.227,0.000,0.000,0.000,0.0022,0.2636,0.0952,6.90,0.1726
101.247,0.000,0.000,0.000,0.0022,0.2636,0.0952,6.90,0.1726
101.266,0.000,0.000,0.000,0.0022,0.2636,0.0952,6.90,0.1726
101.286,0.000,0.000,0.000,0.0022,0.2636,0.0952,6.90,0.1726
101.306,0.000,0.000,0.000,0.0022,0.2636,0.0952,6.90,0.1726
101.326,0.000,0.000,0.000,0.0022,0.2636,0.0952,6.90,0.1726
101.346,0.000,0.000,0.000,0.0022,0.2636,0.0952,6.90,0.1726
101.366,0.000,0.000,0.000,0.0022,0.2636,0.0952,6.90,0.1726
101.386,0.000,0.000,0.000,0.0022,0.2636,0.0952,6.90,0.1726
101.406,0.000,0.000,0.000,0.0022,0.2636,0.0952,6.90,0.1726
101.428,0.000,0.000,0.000,0.0022,0.2636,0.0952,6.90,0.1726
101.450,0.000,0.000,0.000,0.0022,0.2636,0.0952,6.90,0.1726
101.466,0.000,0.000,0.000,0.0022,0.2636,0.0952,6.90,0.1726
101.486,0.000,0.000,0.000,0.0022,0.2636,0.0952,6.90,0.1726
101.506,0.000,0.000,0.000,0.0022,0.2636,0.0952,6.90,0.1726
101.527,0.000,0.000,0.000,0.0022,0.2636,0.0952,6.90,0.1726
101.547,0.000,0.000,0.000,0.0022,0.2636,0.0952,6.90,0.1726
101.567,0.000,0.000,0.000,0.0022,0.2636,0.0952,6.90,0.1726
101.586,0.000,0.000,0.000,0.0022,0.2636,0.0952,6.90,0.1726
101.607,0.000,0.000,0.000,0.0022,0.2636,0.0952,6.90,0.1726
101.627,0.000,0.000,0.000,0.0022,0.2636,0.0952,6.90,0.1726
101.646,0.000,0.000,0.000,0.0022,0.2636,0.0952,6.90,0.1726
101.666,0.000,0.000,0.000,0.0022,0.2636,0.0952,6.90,0.1726
101.687,0.000,0.000,0.000,0.0022,0.2636,0.0952,6.90,0.1726
101.706,0.000,0.000,0.000,0.0022,0.2636,0.0952,6.90,0.1726
101.726,0.000,0.000,0.000,0.0022,0.2636,0.0952,6.90,0.1726
101.747,0.000,0.000,0.000,0.0022,0.2636,0.0952,6.90,0.1726
101.766,0.000,0.000,0.000,0.0022,0.2636,0.0952,6.90,0.1726
101.786,0.000,0.000,0.000,0.0022,0.2636,0.0952,6.90,0.1726
101.806,0.000,0.000,0.000,0.0022,0.2636,0.0952,6.90,0.1726
101.826,0.000,0.000,0.000,0.0022,0.2636,0.0952,6.90,0.1726
101.847,0.000,0.000,0.000,0.0022,0.2636,0.0952,6.90,0.1726
101.867,0.000,0.000,0.000,0.0022,0.2636,0.0952,6.90,0.1726
101.886,0.000,0.000,0.000,0.0022,0.2636,0.0952,6.90,0.1726
101.906,0.000,0.000,0.000,0.0022,0.2636,0.0952,6.90,0.1726
101.926,0.000,0.000,0.000,0.0022,0.2636,0.0952,6.90,0.1726
101.947,0.000,0.000,0.000,0.0022,0.2636,0.0952,6.90,0.1726
101.966,0.000,0.000,0.000,0.0022,0.2636,0.0952,6.90,0.1726
101.986,0.000,0.000,0.000,0.0022,0.2636,0.0952,6.90,0.1726
102.006,0.000,0.000,0.000,0.0022,0.2636,0.0952,6.90,0.1726
102.026,0.000,0.000,0.000,0.0022,0.2636,0.0952,6.90,0.1726
102.046,0.000,0.000,0.000,0.0022,0.2636,0.0952,6.90,0.1726
102.066,0.000,0.000,0.000,0.0022,0.2636,0.0952,6.90,0.1726
102.086,0.000,0.000,0.000,0.0022,0.2636,0.0952,6.90,0.1726
102.106,0.000,0.000,0.000,0.0022,0.2636,0.0952,6.90,0.1726
102.127,0.000,0.000,0.000,0.0022,0.2636,0.0952,6.90,0.1726
102.146,0.000,0.000,0.000,0.0022,0.2636,0.0952,6.90,0.1726
102.166,0.000,0.000,0.000,0.0022,0.2636,0.0952,6.90,0.1726
102.186,0.000,0.000,0.000,0.0022,0.2636,0.0952,6.90,0.1726
102.206,0.000,0.000,0.000,0.0022,0.2636,0.0952,6.90,0.1726
102.226,0.000,0.000,0.000,0.0022,0.2636,0.0952,6.90,0.1726
102.246,0.000,0.000,0.000,0.0022,0.2636,0.0952,6.90,0.1726
102.266,0.000,0.000,0.000,0.0022,0.2636,0.0952,6.90,0.1726
102.287,0.000,0.000,0.000,0.0022,0.2636,0.0952,6.90,0.1726
102.306,0.000,0.000,0.000,0.0022,0.2636,0.0952,6.90,0.1726
102.327,0.000,0.000,0.000,0.0022,0.2636,0.0952,6.90,0.1726
102.347,0.000,0.000,0.000,0.0022,0.2636,0.0952,6.90,0.1726
102.367,0.000,0.000,0.000,0.0022,0.2636,0.0952,6.90,0.1726
102.386,0.000,0.000,0.000,0.0022,0.2636,0.0952,6.90,0.1726
102.406,0.000,0.000,0.000,0.0022,0.2636,0.0952,6.90,0.1726
102.427,0.000,0.000,0.000,0.0022,0.2636,0.0952,6.90,0.1726
102.446,0.000,0.000,0.000,0.0022,0.2636,0.0952,6.90,0.1726
102.466,0.000,0.000,0.000,0.0022,0.2636,0.0952,6.90,0.1726
102.488,0.000,0.000,0.000,0.0022,0.2636,0.0952,6.90,0.1726
102.507,0.000,0.000,0.000,0.0022,0.2636,0.0952,6.90,0.1726
102.527,0.000,0.000,0.000,0.0022,0.2636,0.0952,6.90,0.1726
102.547,0.000,0.000,0.000,0.0022,0.2636,0.0952,6.90,0.1726
102.567,0.000,0.000,0.000,0.0022,0.2636,0.0952,6.90,0.1726
102.586,0.000,0.000,0.000,0.0022,0.2636,0.0952,6.90,0.1726
102.606,0.000,0.000,0.000,0.0022,0.2636,0.0952,6.90,0.1726
102.627,0.000,0.000,0.000,0.0022,0.2636,0.0952,6.90,0.1726
102.647,0.000,0.000,0.000,0.0022,0.2636,0.0952,6.90,0.1726
102.667,0.000,0.000,0.000,0.0022,0.2636,0.0952,6.90,0.1726
102.687,0.000,0.000,0.000,0.0022,0.2636,0.0952,6.90,0.1726
102.706,0.000,0.000,0.000,0.0022,0.2636,0.0952,6.90,0.1726
102.726,0.000,0.000,0.000,0.0022,0.2636,0.0952,6.90,0.1726
102.749,0.000,0.000,0.000,0.0022,0.2636,0.0952,6.90,0.1726
102.766,0.000,0.000,0.000,0.0022,0.2636,0.0952,6.90,0.1726
102.787,0.000,0.000,0.000,0.0022,0.2636,0.0952,6.90,0.1726
102.806,0.000,0.000,0.000,0.0022,0.2636,0.0952,6.90,0.1726
102.827,0.000,0.000,0.000,0.0022,0.2636,0.0952,6.90,0.1726
102.846,0.000,0.000,0.000,0.0022,0.2636,0.0952,6.90,0.1726
102.867,0.000,0.000,0.000,0.0022,0.2636,0.0952,6.90,0.1726
102.886,0.000,0.000,0.000,0.0022,0.2636,0.0952,6.90,0.1726
102.906,0.000,0.000,0.000,0.0022,0.2636,0.0952,6.90,0.1726
102.926,0.000,0.000,0.000,0.0022,0.2636,0.0952,6.90,0.1726
102.946,0.000,0.000,0.000,0.0022,0.2636,0.0952,6.90,0.1726
102.966,0.000,0.000,0.000,0.0022,0.2636,0.0952,6.90,0.1726
102.988,0.000,0.000,0.000,0.0022,0.2636,0.0952,6.90,0.1726
103.006,0.000,0.000,0.000,0.0022,0.2636,0.0952,6.90,0.1726
103.027,0.000,0.000,0.000,0.0022,0.2636,0.0952,6.90,0.1726
103.046,0.000,0.000,0.000,0.0022,0.2636,0.0952,6.90,0.1726
103.066,0.000,0.000,0.000,0.0022,0.2636,0.0952,6.90,0.1726
103.086,0.000,0.000,0.000,0.0022,0.2636,0.0952,6.90,0.1726
103.106,0.000,0.000,0.000,0.0022,0.2636,0.0952,6.90,0.1726
103.127,0.000,0.000,0.000,0.0022,0.2636,0.0952,6.90,0.1726
103.147,0.000,0.000,0.000,0.0022,0.2636,0.0952,6.90,0.1726
103.167,0.000,0.000,0.000,0.0022,0.2636,0.0952,6.90,0.1726
103.187,0.000,0.000,0.000,0.0022,0.2636,0.0952,6.90,0.1726
103.207,0.000,0.000,0.000,0.0022,0.2636,0.0952,6.90,0.1726
103.226,0.000,0.000,0.000,0.0022,0.2636,0.0952,6.90,0.1726
103.247,0.000,0.000,0.000,0.0022,0.2636,0.0952,6.90,0.1726
103.267,0.000,0.000,0.000,0.0022,0.2636,0.0952,6.90,0.1726
103.287,0.000,0.000,0.000,0.0022,0.2636,0.0952,6.90,0.1726
103.307,0.000,0.000,0.000,0.0022,0.2636,0.0952,6.90,0.1726
103.327,0.000,0.000,0.000,0.0022,0.2636,0.0952,6.90,0.1726
103.346,0.000,0.000,0.000,0.0022,0.2636,0.0952,6.90,0.1726
103.367,0.000,0.000,0.000,0.0022,0.2636,0.0952,6.90,0.1726
103.386,0.000,0.000,0.000,0.0022,0.2636,0.0952,6.90,0.1726
103.406,0.000,0.000,0.000,0.0022,0.2636,0.0952,6.90,0.1726
103.426,0.000,0.000,0.000,0.0022,0.2636,0.0952,6.90,0.1726
103.447,0.000,0.000,0.000,0.0022,0.2636,0.0952,6.90,0.1726
103.467,0.000,0.000,0.000,0.0022,0.2636,0.0952,6.90,0.1726
103.486,0.000,0.000,0.000,0.0022,0.2636,0.0952,6.90,0.1726
103.507,0.000,0.000,0.000,0.0022,0.2636,0.0952,6.90,0.1726
103.526,0.000,0.000,0.000,0.0022,0.2636,0.0952,6.90,0.1726
103.546,0.000,0.000,0.000,0.0022,0.2636,0.0952,6.90,0.1726
103.566,0.000,0.000,0.000,0.0022,0.2636,0.0952,6.90,0.1726
103.586,0.000,0.000,0.000,0.0022,0.2636,0.0952,6.90,0.1726
103.606,0.000,0.000,0.000,0.0022,0.2636,0.0952,6.90,0.1726
103.627,0.000,0.000,0.000,0.0022,0.2636,0.0952,6.90,0.1726
103.647,0.000,0.000,0.000,0.0022,0.2636,0.0952,6.90,0.1726
103.667,0.000,0.000,0.000,0.0022,0.2636,0.0952,6.90,0.1726
103.686,0.000,0.000,0.000,0.0022,0.2636,0.0952,6.90,0.1726
103.706,0.000,0.000,0.000,0.0022,0.2636,0.0952,6.90,0.1726
103.726,0.000,0.000,0.000,0.0022,0.2636,0.0952,6.90,0.1726
103.746,0.000,0.000,0.000,0.0022,0.2636,0.0952,6.90,0.1726
103.766,0.000,0.000,0.000,0.0022,0.2636,0.0952,6.90,0.1726
103.786,0.000,0.000,0.000,0.0022,0.2636,0.0952,6.90,0.1726
103.806,0.000,0.000,0.000,0.0022,0.2636,0.0952,6.90,0.1726
103.827,0.000,0.000,0.000,0.0022,0.2636,0.0952,6.90,0.1726
103.847,0.000,0.000,0.000,0.0022,0.2636,0.0952,6.90,0.1726
103.867,0.000,0.000,0.000,0.0022,0.2636,0.0952,6.90,0.1726
103.886,0.000,0.000,0.000,0.0022,0.2636,0.0952,6.90,0.1726
103.906,0.000,0.000,0.000,0.0022,0.2636,0.0952,6.90,0.1726
103.927,0.000,0.000,0.000,0.0022,0.2636,0.0952,6.90,0.1726
103.946,0.000,0.000,0.000,0.0022,0.2636,0.0952,6.90,0.1726
103.967,0.000,0.000,0.000,0.0022,0.2636,0.0952,6.90,0.1726
103.986,0.000,0.000,0.000,0.0022,0.2636,0.0952,6.90,0.1726
104.007,0.000,0.000,0.000,0.0022,0.2636,0.0952,6.90,0.1726
104.027,0.000,0.000,0.000,0.0022,0.2636,0.0952,6.90,0.1726
104.047,0.000,0.000,0.000,0.0022,0.2636,0.0952,6.90,0.1726
104.067,0.000,0.000,0.000,0.0022,0.2636,0.0952,6.90,0.1726
104.087,0.000,0.000,0.000,0.0022,0.2636,0.0952,6.90,0.1726
104.106,0.000,0.000,0.000,0.0022,0.2636,0.0952,6.90,0.1726
104.127,0.000,0.000,0.000,0.0022,0.2636,0.0952,6.90,0.1726
104.147,0.000,0.000,0.000,0.0022,0.2636,0.0953,6.90,0.1726
104.166,0.000,0.000,0.000,0.0022,0.2636,0.0953,6.90,0.1726
104.186,0.000,0.000,0.000,0.0022,0.2636,0.0953,6.90,0.1726
104.206,0.000,0.000,0.000,0.0022,0.2636,0.0953,6.90,0.1726
104.227,0.000,0.000,0.000,0.0022,0.2636,0.0953,6.90,0.1726
104.247,0.000,0.000,0.000,0.0022,0.2636,0.0953,6.90,0.1726
104.266,0.000,0.000,0.000,0.0022,0.2636,0.0953,6.90,0.1726
104.287,0.000,0.000,0.000,0.0022,0.2636,0.0953,6.90,0.1726
104.306,0.000,0.000,0.000,0.0022,0.2636,0.0953,6.90,0.1726
104.326,0.000,0.000,0.000,0.0022,0.2636,0.0953,6.90,0.1726
104.347,0.000,0.000,0.000,0.0022,0.2636,0.0953,6.90,0.1726
104.367,0.000,0.000,0.000,0.0022,0.2636,0.0953,6.90,0.1726
104.387,0.000,0.000,0.000,0.0022,0.2636,0.0953,6.90,0.1726
104.406,0.000,0.000,0.000,0.0022,0.2636,0.0953,6.90,0.1726
104.427,0.000,0.000,0.000,0.0022,0.2636,0.0953,6.90,0.1726
104.448,0.000,0.000,0.000,0.0022,0.2636,0.0953,6.90,0.1726
104.467,0.000,0.000,0.000,0.0022,0.2636,0.0953,6.90,0.1726
104.486,0.000,0.000,0.000,0.0022,0.2636,0.0953,6.90,0.1726
104.506,0.000,0.000,0.000,0.0022,0.2636,0.0953,6.90,0.1726
104.527,0.000,0.000,0.000,0.0022,0.2636,0.0953,6.90,0.1726
104.547,0.000,0.000,0.000,0.0022,0.2636,0.0953,6.90,0.1726
104.566,0.000,0.000,0.000,0.0022,0.2636,0.0953,6.90,0.1726
104.586,0.000,0.000,0.000,0.0022,0.2636,0.0953,6.90,0.1726
104.606,0.000,0.000,0.000,0.0022,0.2636,0.0953,6.90,0.1726
104.627,0.000,0.000,0.000,0.0022,0.2636,0.0953,6.90,0.1726
104.647,0.000,0.000,0.000,0.0022,0.2636,0.0953,6.90,0.1726
104.666,0.000,0.000,0.000,0.0022,0.2636,0.0953,6.90,0.1726
104.686,0.000,0.000,0.000,0.0022,0.2636,0.0953,6.90,0.1726
104.706,0.000,0.000,0.000,0.0022,0.2636,0.0953,6.90,0.1726
104.727,0.000,0.000,0.000,0.0022,0.2636,0.0953,6.90,0.1726
104.747,0.000,0.000,0.000,0.0022,0.2636,0.0953,6.90,0.1726
104.766,0.000,0.000,0.000,0.0022,0.2636,0.0953,6.90,0.1726
104.786,0.000,0.000,0.000,0.0022,0.2636,0.0953,6.90,0.1726
104.807,0.000,0.000,0.000,0.0022,0.2636,0.0953,6.90,0.1726
104.827,0.000,0.000,0.000,0.0022,0.2636,0.0953,6.90,0.1726
104.847,0.000,0.000,0.000,0.0022,0.2636,0.0953,6.90,0.1726
104.866,0.000,0.000,0.000,0.0022,0.2636,0.0953,6.90,0.1726
104.886,0.000,0.000,0.000,0.0022,0.2636,0.0953,6.90,0.1726
104.906,0.000,0.000,0.000,0.0022,0.2636,0.0953,6.90,0.1726
104.927,0.000,0.000,0.000,0.0022,0.2636,0.0953,6.90,0.1726
104.947,0.000,0.000,0.000,0.0022,0.2636,0.0953,6.90,0.1726
104.967,0.000,0.000,0.000,0.0022,0.2636,0.0953,6.90,0.1726
104.986,0.000,0.000,0.000,0.0022,0.2636,0.0953,6.90,0.1726
105.006,0.000,0.000,0.000,0.0022,0.2636,0.0953,6.90,0.1726
105.027,0.000,0.000,0.000,0.0022,0.2636,0.0953,6.90,0.1726
105.048,0.000,0.000,0.000,0.0022,0.2636,0.0953,6.90,0.1726
105.066,0.000,0.000,0.000,0.0022,0.2636,0.0953,6.90,0.1726
105.086,0.000,0.000,0.000,0.0022,0.2636,0.0953,6.90,0.1726
105.106,0.000,0.000,0.000,0.0022,0.2636,0.0953,6.90,0.1726
105.127,0.000,0.000,0.000,0.0022,0.2636,0.0953,6.91,0.1726
105.146,0.000,0.000,0.000,0.0022,0.2636,0.0953,6.91,0.1726
105.167,0.000,0.000,0.000,0.0022,0.2636,0.0953,6.91,0.1726
105.187,0.000,0.000,0.000,0.0022,0.2636,0.0953,6.91,0.1726
105.206,0.000,0.000,0.000,0.0022,0.2636,0.0953,6.91,0.1726
105.226,0.000,0.000,0.000,0.0022,0.2636,0.0953,6.91,0.1726
105.247,0.000,0.000,0.000,0.0022,0.2636,0.0953,6.91,0.1726
105.266,0.000,0.000,0.000,0.0022,0.2636,0.0953,6.91,0.1726
105.286,0.000,0.000,0.000,0.0022,0.2636,0.0953,6.91,0.1726
105.306,0.000,0.000,0.000,0.0022,0.2636,0.0953,6.91,0.1726
105.327,0.000,0.000,0.000,0.0022,0.2636,0.0953,6.91,0.1726
105.349,0.000,0.000,0.000,0.0022,0.2636,0.0953,6.91,0.1726
105.367,0.000,0.000,0.000,0.0022,0.2636,0.0953,6.91,0.1726
105.386,0.000,0.000,0.000,0.0022,0.2636,0.0953,6.91,0.1726
105.406,0.000,0.000,0.000,0.0022,0.2636,0.0953,6.91,0.1726
105.427,0.000,0.000,0.000,0.0022,0.2636,0.0953,6.91,0.1726
105.446,0.000,0.000,0.000,0.0022,0.2636,0.0953,6.91,0.1726
105.466,0.000,0.000,0.000,0.0022,0.2636,0.0953,6.91,0.1726
105.487,0.000,0.000,0.000,0.0022,0.2636,0.0953,6.91,0.1726
105.506,0.000,0.000,0.000,0.0022,0.2636,0.0953,6.91,0.1726
105.527,0.000,0.000,0.000,0.0022,0.2636,0.0953,6.91,0.1726
105.547,0.000,0.000,0.000,0.0022,0.2636,0.0953,6.91,0.1726
105.568,0.000,0.000,0.000,0.0022,0.2636,0.0953,6.91,0.1726
105.587,0.000,0.000,0.000,0.0022,0.2636,0.0953,6.91,0.1726
105.606,0.000,0.000,0.000,0.0022,0.2636,0.0953,6.91,0.1726
105.627,0.000,0.000,0.000,0.0022,0.2636,0.0953,6.91,0.1726
105.647,0.000,0.000,0.000,0.0022,0.2636,0.0953,6.91,0.1726
105.666,0.000,0.000,0.000,0.0022,0.2636,0.0953,6.91,0.1726
105.686,0.000,0.000,0.000,0.0022,0.2636,0.0953,6.91,0.1726
105.708,0.000,0.000,0.000,0.0022,0.2636,0.0953,6.91,0.1726
105.727,0.000,0.000,0.000,0.0022,0.2636,0.0953,6.91,0.1726
105.747,0.000,0.000,0.000,0.0022,0.2636,0.0953,6.91,0.1726
105.766,0.000,0.000,0.000,0.0022,0.2636,0.0953,6.91,0.1726
105.786,0.000,0.000,0.000,0.0022,0.2636,0.0953,6.91,0.1726
105.806,0.000,0.000,0.000,0.0022,0.2636,0.0953,6.91,0.1726
105.826,0.000,0.000,0.000,0.0022,0.2636,0.0953,6.91,0.1726
105.846,0.000,0.000,0.000,0.0022,0.2636,0.0953,6.91,0.1726
105.866,0.000,0.000,0.000,0.0022,0.2636,0.0953,6.91,0.1726
105.887,0.000,0.000,0.000,0.0022,0.2636,0.0953,6.91,0.1726
105.906,0.000,0.000,0.000,0.0022,0.2636,0.0953,6.91,0.1726
105.927,0.000,0.000,0.000,0.0022,0.2636,0.0953,6.91,0.1726
105.946,0.000,0.000,0.000,0.0022,0.2636,0.0953,6.91,0.1726
105.967,0.000,0.000,0.000,0.0022,0.2636,0.0953,6.91,0.1726
105.986,0.000,0.000,0.000,0.0022,0.2636,0.0953,6.91,0.1726
106.007,0.000,0.000,0.000,0.0022,0.2636,0.0953,6.91,0.1726
106.027,0.000,0.000,0.000,0.0022,0.2636,0.0953,6.91,0.1726
106.046,0.000,0.000,0.000,0.0022,0.2636,0.0953,6.91,0.1726
106.067,0.000,0.000,0.000,0.0022,0.2636,0.0953,6.91,0.1726
106.086,0.000,0.000,0.000,0.0022,0.2636,0.0953,6.91,0.1726
106.106,0.000,0.000,0.000,0.0022,0.2636,0.0953,6.91,0.1726
106.127,0.000,0.000,0.000,0.0022,0.2636,0.0953,6.91,0.1726
106.147,0.000,0.000,0.000,0.0022,0.2636,0.0953,6.91,0.1726
106.166,0.000,0.000,0.000,0.0022,0.2636,0.0953,6.91,0.1726
106.186,0.000,0.000,0.000,0.0022,0.2636,0.0953,6.91,0.1726
106.207,0.000,0.000,0.000,0.0022,0.2636,0.0953,6.91,0.1726
106.227,0.000,0.000,0.000,0.0022,0.2636,0.0953,6.91,0.1726
106.247,0.000,0.000,0.000,0.0022,0.2636,0.0953,6.91,0.1726
106.266,0.000,0.000,0.000,0.0022,0.2636,0.0953,6.91,0.1726
106.286,0.000,0.000,0.000,0.0022,0.2636,0.0953,6.91,0.1726
106.307,0.000,0.000,0.000,0.0022,0.2636,0.0953,6.91,0.1726
106.327,0.000,0.000,0.000,0.0022,0.2636,0.0953,6.91,0.1726
106.347,0.000,0.000,0.000,0.0022,0.2636,0.0953,6.91,0.1726
106.368,0.000,0.000,0.000,0.0022,0.2636,0.0953,6.91,0.1726
106.387,0.000,0.000,0.000,0.0022,0.2636,0.0953,6.91,0.1726
106.406,0.000,0.000,0.000,0.0022,0.2636,0.0953,6.91,0.1726
106.426,0.000,0.000,0.000,0.0022,0.2636,0.0953,6.91,0.1726
106.447,0.000,0.000,0.000,0.0022,0.2636,0.0953,6.91,0.1726
106.466,0.000,0.000,0.000,0.0022,0.2636,0.0953,6.91,0.1726
106.486,0.000,0.000,0.000,0.0022,0.2636,0.0953,6.91,0.1726
106.507,0.000,0.000,0.000,0.0022,0.2636,0.0953,6.91,0.1726
106.528,0.000,0.000,0.000,0.0022,0.2636,0.0953,6.91,0.1726
106.547,0.000,0.000,0.000,0.0022,0.2636,0.0953,6.91,0.1726
106.566,0.000,0.000,0.000,0.0022,0.2636,0.0953,6.91,0.1726
106.586,0.000,0.000,0.000,0.0022,0.2636,0.0953,6.91,0.1726
106.606,0.000,0.000,0.000,0.0022,0.2636,0.0953,6.91,0.1726
106.627,0.000,0.000,0.000,0.0022,0.2636,0.0953,6.91,0.1726
106.646,0.000,0.000,0.000,0.0022,0.2636,0.0953,6.91,0.1726
106.666,0.000,0.000,0.000,0.0022,0.2636,0.0953,6.91,0.1726
106.686,0.000,0.000,0.000,0.0022,0.2636,0.0953,6.91,0.1726
106.707,0.000,0.000,0.000,0.0022,0.2636,0.0953,6.91,0.1726
106.727,0.000,0.000,0.000,0.0022,0.2636,0.0953,6.91,0.1726
106.746,0.000,0.000,0.000,0.0022,0.2636,0.0953,6.91,0.1726
106.767,0.000,0.000,0.000,0.0022,0.2636,0.0953,6.91,0.1726
106.786,0.000,0.000,0.000,0.0022,0.2636,0.0953,6.91,0.1726
106.806,0.000,0.000,0.000,0.0022,0.2636,0.0953,6.91,0.1726
106.827,0.000,0.000,0.000,0.0022,0.2636,0.0953,6.91,0.1726
106.847,0.000,0.000,0.000,0.0022,0.2636,0.0953,6.91,0.1726
106.866,0.000,0.000,0.000,0.0022,0.2636,0.0953,6.91,0.1726
106.887,0.000,0.000,0.000,0.0022,0.2636,0.0953,6.91,0.1726
106.907,0.000,0.000,0.000,0.0022,0.2636,0.0953,6.91,0.1726
106.927,0.000,0.000,0.000,0.0022,0.2636,0.0953,6.91,0.1726
106.946,0.000,0.000,0.000,0.0022,0.2636,0.0953,6.91,0.1726
106.967,0.000,0.000,0.000,0.0022,0.2636,0.0953,6.91,0.1726
106.986,0.000,0.000,0.000,0.0022,0.2636,0.0953,6.91,0.1726
107.009,0.000,0.000,0.000,0.0022,0.2636,0.0953,6.91,0.1726
107.027,0.000,0.000,0.000,0.0022,0.2636,0.0953,6.91,0.1726
107.047,0.000,0.000,0.000,0.0022,0.2636,0.0953,6.91,0.1726
107.068,0.000,0.000,0.000,0.0022,0.2636,0.0953,6.91,0.1726
107.087,0.000,0.000,0.000,0.0022,0.2636,0.0953,6.91,0.1726
107.107,0.000,0.000,0.000,0.0022,0.2636,0.0953,6.91,0.1726
107.127,0.000,0.000,0.000,0.0022,0.2636,0.0953,6.91,0.1726
107.147,0.000,0.000,0.000,0.0022,0.2636,0.0953,6.91,0.1726
107.166,0.000,0.000,0.000,0.0022,0.2636,0.0953,6.91,0.1726
107.186,0.000,0.000,0.000,0.0022,0.2636,0.0953,6.91,0.1726
107.207,0.000,0.000,0.000,0.0022,0.2636,0.0953,6.91,0.1726
107.228,0.000,0.000,0.000,0.0022,0.2636,0.0953,6.91,0.1726
107.250,0.000,0.000,0.000,0.0022,0.2636,0.0953,6.91,0.1726
107.266,0.000,0.000,0.000,0.0022,0.2636,0.0953,6.91,0.1726
107.287,0.000,0.000,0.000,0.0022,0.2636,0.0953,6.91,0.1726
107.308,0.000,0.000,0.000,0.0022,0.2636,0.0953,6.91,0.1726
107.327,0.000,0.000,0.000,0.0022,0.2636,0.0953,6.91,0.1726
107.347,0.000,0.000,0.000,0.0022,0.2636,0.0953,6.91,0.1726
107.366,0.000,0.000,0.000,0.0022,0.2636,0.0953,6.91,0.1726
107.387,0.000,0.000,0.000,0.0022,0.2636,0.0953,6.91,0.1726
107.406,0.000,0.000,0.000,0.0022,0.2636,0.0953,6.91,0.1726
107.429,0.000,0.000,0.000,0.0022,0.2636,0.0953,6.91,0.1726
107.448,0.000,0.000,0.000,0.0022,0.2636,0.0953,6.91,0.1726
107.467,0.000,0.000,0.000,0.0022,0.2636,0.0953,6.91,0.1726
107.487,0.000,0.000,0.000,0.0022,0.2636,0.0953,6.91,0.1726
107.506,0.000,0.000,0.000,0.0022,0.2636,0.0953,6.91,0.1726
107.527,0.000,0.000,0.000,0.0022,0.2636,0.0953,6.91,0.1726
107.547,0.000,0.000,0.000,0.0022,0.2636,0.0953,6.91,0.1726
107.566,0.000,0.000,0.000,0.0022,0.2636,0.0953,6.91,0.1726
107.586,0.000,0.000,0.000,0.0022,0.2636,0.0953,6.91,0.1726
107.607,0.000,0.000,0.000,0.0022,0.2636,0.0953,6.91,0.1726
107.627,0.000,0.000,0.000,0.0022,0.2636,0.0953,6.91,0.1726
107.648,0.000,0.000,0.000,0.0022,0.2636,0.0953,6.91,0.1726
107.667,0.000,0.000,0.000,0.0022,0.2636,0.0953,6.91,0.1726
107.686,0.000,0.000,0.000,0.0022,0.2636,0.0953,6.91,0.1726
107.706,0.000,0.000,0.000,0.0022,0.2636,0.0953,6.91,0.1726
107.727,0.000,0.000,0.000,0.0022,0.2636,0.0953,6.91,0.1726
107.747,0.000,0.000,0.000,0.0022,0.2636,0.0953,6.91,0.1726
107.766,0.000,0.000,0.000,0.0022,0.2636,0.0953,6.91,0.1726
107.788,0.000,0.000,0.000,0.0022,0.2636,0.0953,6.91,0.1726
107.806,0.000,0.000,0.000,0.0022,0.2636,0.0953,6.91,0.1726
107.827,0.000,0.000,0.000,0.0022,0.2636,0.0953,6.91,0.1726
107.848,0.000,0.000,0.000,0.0022,0.2636,0.0953,6.91,0.1726
107.866,0.000,0.000,0.000,0.0022,0.2636,0.0953,6.91,0.1726
107.886,0.000,0.000,0.000,0.0022,0.2636,0.0953,6.91,0.1727
107.906,0.000,0.000,0.000,0.0022,0.2636,0.0953,6.91,0.1727
107.927,0.000,0.000,0.000,0.0022,0.2636,0.0953,6.91,0.1727
107.946,0.000,0.000,0.000,0.0022,0.2636,0.0953,6.91,0.1727
107.967,0.000,0.000,0.000,0.0022,0.2636,0.0953,6.91,0.1727
107.987,0.000,0.000,0.000,0.0022,0.2636,0.0953,6.91,0.1727
108.007,0.000,0.000,0.000,0.0022,0.2636,0.0953,6.91,0.1727
108.027,0.000,0.000,0.000,0.0022,0.2636,0.0953,6.91,0.1727
108.046,0.000,0.000,0.000,0.0022,0.2636,0.0953,6.91,0.1727
108.066,0.000,0.000,0.000,0.0022,0.2636,0.0953,6.91,0.1727
108.087,0.000,0.000,0.000,0.0022,0.2636,0.0953,6.91,0.1727
108.107,0.000,0.000,0.000,0.0022,0.2636,0.0953,6.91,0.1727
108.127,0.000,0.000,0.000,0.0022,0.2636,0.0953,6.91,0.1727
108.147,0.000,0.000,0.000,0.0022,0.2636,0.0953,6.91,0.1727
108.168,0.000,0.000,0.000,0.0022,0.2636,0.0953,6.91,0.1727
108.186,0.000,0.000,0.000,0.0022,0.2636,0.0953,6.91,0.1727
108.207,0.000,0.000,0.000,0.0022,0.2635,0.0953,6.91,0.1727
108.227,0.000,0.000,0.000,0.0022,0.2635,0.0953,6.91,0.1727
108.247,0.000,0.000,0.000,0.0022,0.2635,0.0953,6.91,0.1727
108.266,0.000,0.000,0.000,0.0022,0.2635,0.0953,6.91,0.1727
108.286,0.000,0.000,0.000,0.0022,0.2635,0.0953,6.91,0.1727
108.306,0.000,0.000,0.000,0.0022,0.2635,0.0953,6.91,0.1727
108.327,0.000,0.000,0.000,0.0022,0.2635,0.0953,6.91,0.1727
108.347,0.000,0.000,0.000,0.0022,0.2635,0.0953,6.91,0.1727
108.367,0.000,0.000,0.000,0.0022,0.2635,0.0953,6.91,0.1727
108.386,0.000,0.000,0.000,0.0022,0.2635,0.0953,6.91,0.1727
108.406,0.000,0.000,0.000,0.0022,0.2635,0.0953,6.91,0.1727
108.427,0.000,0.000,0.000,0.0022,0.2635,0.0953,6.91,0.1727
108.447,0.000,0.000,0.000,0.0022,0.2635,0.0953,6.91,0.1727
108.467,0.000,0.000,0.000,0.0022,0.2635,0.0953,6.91,0.1727
108.487,0.000,0.000,0.000,0.0022,0.2635,0.0953,6.91,0.1727
108.506,0.000,0.000,0.000,0.0022,0.2635,0.0953,6.91,0.1727
108.527,0.000,0.000,0.000,0.0022,0.2635,0.0953,6.91,0.1727
108.547,0.000,0.000,0.000,0.0022,0.2635,0.0953,6.91,0.1727
108.566,0.000,0.000,0.000,0.0022,0.2635,0.0953,6.91,0.1727
108.587,0.000,0.000,0.000,0.0022,0.2635,0.0953,6.91,0.1727
108.607,0.000,0.000,0.000,0.0022,0.2635,0.0953,6.91,0.1727
108.627,0.000,0.000,0.000,0.0022,0.2635,0.0953,6.91,0.1727
108.647,0.000,0.000,0.000,0.0022,0.2635,0.0953,6.91,0.1727
108.667,0.000,0.000,0.000,0.0022,0.2635,0.0953,6.91,0.1727
108.686,0.000,0.000,0.000,0.0022,0.2635,0.0953,6.91,0.1727
108.707,0.000,0.000,0.000,0.0022,0.2635,0.0953,6.91,0.1727
108.727,0.000,0.000,0.000,0.0022,0.2635,0.0953,6.91,0.1727
108.747,0.000,0.000,0.000,0.0022,0.2635,0.0953,6.91,0.1727
108.766,0.000,0.000,0.000,0.0022,0.2635,0.0953,6.91,0.1727
108.786,0.000,0.000,0.000,0.0022,0.2635,0.0953,6.91,0.1727
108.806,0.000,0.000,0.000,0.0022,0.2635,0.0953,6.91,0.1727
108.827,0.000,0.000,0.000,0.0022,0.2635,0.0953,6.91,0.1727
108.847,0.000,0.000,0.000,0.0022,0.2635,0.0953,6.91,0.1727
108.867,0.000,0.000,0.000,0.0022,0.2635,0.0953,6.91,0.1727
108.887,0.000,0.000,0.000,0.0022,0.2635,0.0953,6.91,0.1727
108.906,0.000,0.000,0.000,0.0022,0.2635,0.0953,6.91,0.1727
108.926,0.000,0.000,0.000,0.0022,0.2635,0.0953,6.91,0.1727
108.946,0.000,0.000,0.000,0.0022,0.2635,0.0953,6.91,0.1727
108.966,0.000,0.000,0.000,0.0022,0.2635,0.0953,6.91,0.1727
108.986,0.000,0.000,0.000,0.0022,0.2635,0.0953,6.91,0.1727
109.006,0.000,0.000,0.000,0.0022,0.2635,0.0953,6.91,0.1727
109.027,0.000,0.000,0.000,0.0022,0.2635,0.0953,6.91,0.1727
109.047,0.000,0.000,0.000,0.0022,0.2635,0.0953,6.91,0.1727
109.067,0.000,0.000,0.000,0.0022,0.2635,0.0953,6.91,0.1727
109.087,0.000,0.000,0.000,0.0022,0.2635,0.0953,6.91,0.1727
109.107,0.000,0.000,0.000,0.0022,0.2635,0.0953,6.91,0.1727
109.126,0.000,0.000,0.000,0.0022,0.2635,0.0953,6.91,0.1727
109.146,0.000,0.000,0.000,0.0022,0.2635,0.0953,6.91,0.1727
109.166,0.000,0.000,0.000,0.0022,0.2635,0.0953,6.91,0.1727
109.186,0.000,0.000,0.000,0.0022,0.2635,0.0953,6.91,0.1727
109.206,0.000,0.000,0.000,0.0022,0.2635,0.0953,6.91,0.1727
109.227,0.000,0.000,0.000,0.0022,0.2635,0.0953,6.91,0.1727
109.247,0.000,0.000,0.000,0.0022,0.2635,0.0953,6.91,0.1727
109.267,0.000,0.000,0.000,0.0022,0.2635,0.0953,6.91,0.1727
109.286,0.000,0.000,0.000,0.0022,0.2635,0.0953,6.91,0.1727
109.307,0.000,0.000,0.000,0.0022,0.2635,0.0953,6.91,0.1727
109.327,0.000,0.000,0.000,0.0022,0.2635,0.0953,6.91,0.1727
109.346,0.000,0.000,0.000,0.0022,0.2635,0.0953,6.91,0.1727
109.367,0.000,0.000,0.000,0.0022,0.2635,0.0953,6.91,0.1727
109.386,0.000,0.000,0.000,0.0022,0.2635,0.0953,6.91,0.1727
109.406,0.000,0.000,0.000,0.0022,0.2635,0.0953,6.91,0.1727
109.427,0.000,0.000,0.000,0.0022,0.2635,0.0953,6.91,0.1727
109.447,0.000,0.000,0.000,0.0022,0.2635,0.0953,6.91,0.1727
109.466,0.000,0.000,0.000,0.0022,0.2635,0.0953,6.91,0.1727
109.487,0.000,0.000,0.000,0.0022,0.2635,0.0953,6.91,0.1727
109.506,0.000,0.000,0.000,0.0022,0.2635,0.0953,6.91,0.1727
109.527,0.000,0.000,0.000,0.0022,0.2635,0.0953,6.91,0.1727
109.548,0.000,0.000,0.000,0.0022,0.2635,0.0953,6.91,0.1727
109.567,0.000,0.000,0.000,0.0022,0.2635,0.0953,6.91,0.1727
109.586,0.000,0.000,0.000,0.0022,0.2635,0.0953,6.91,0.1727
109.607,0.000,0.000,0.000,0.0022,0.2635,0.0953,6.91,0.1727
109.627,0.000,0.000,0.000,0.0022,0.2635,0.0953,6.91,0.1727
109.646,0.000,0.000,0.000,0.0022,0.2635,0.0953,6.91,0.1727
109.667,0.000,0.000,0.000,0.0022,0.2635,0.0953,6.91,0.1727
109.687,0.000,0.000,0.000,0.0022,0.2635,0.0953,6.91,0.1727
109.707,0.000,0.000,0.000,0.0022,0.2635,0.0953,6.91,0.1727
109.726,0.000,0.000,0.000,0.0022,0.2635,0.0953,6.91,0.1727
109.747,0.000,0.000,0.000,0.0022,0.2635,0.0953,6.91,0.1727
109.766,0.000,0.000,0.000,0.0022,0.2635,0.0953,6.91,0.1727
109.786,0.000,0.000,0.000,0.0022,0.2635,0.0953,6.91,0.1727
109.806,0.000,0.000,0.000,0.0022,0.2635,0.0953,6.91,0.1727
109.827,0.000,0.000,0.000,0.0022,0.2635,0.0953,6.91,0.1727
109.847,0.000,0.000,0.000,0.0022,0.2635,0.0953,6.91,0.1727
109.866,0.000,0.000,0.000,0.0022,0.2635,0.0953,6.91,0.1727
109.886,0.000,0.000,0.000,0.0022,0.2635,0.0953,6.91,0.1727
109.907,0.000,0.000,0.000,0.0022,0.2635,0.0953,6.91,0.1727
109.926,0.000,0.000,0.000,0.0022,0.2635,0.0953,6.91,0.1727
109.947,0.000,0.000,0.000,0.0022,0.2635,0.0953,6.91,0.1727
109.966,0.000,0.000,0.000,0.0022,0.2635,0.0953,6.91,0.1727
109.987,0.000,0.000,0.000,0.0022,0.2635,0.0953,6.91,0.1727
110.006,0.000,0.000,0.000,0.0022,0.2635,0.0953,6.91,0.1727
110.027,0.000,0.000,0.000,0.0022,0.2635,0.0953,6.91,0.1727
110.048,0.000,0.000,0.000,0.0022,0.2635,0.0953,6.91,0.1727
110.067,0.000,0.000,0.000,0.0022,0.2635,0.0953,6.91,0.1727
110.087,0.000,0.000,0.000,0.0022,0.2635,0.0953,6.91,0.1727
110.106,0.000,0.000,0.000,0.0022,0.2635,0.0953,6.91,0.1727
110.126,0.000,0.000,0.000,0.0022,0.2635,0.0953,6.91,0.1727
110.148,0.000,0.000,0.000,0.0022,0.2635,0.0953,6.91,0.1727
110.166,0.000,0.000,0.000,0.0022,0.2635,0.0953,6.91,0.1727
110.186,0.000,0.000,0.000,0.0022,0.2635,0.0953,6.91,0.1727
110.206,0.000,0.000,0.000,0.0022,0.2635,0.0953,6.91,0.1727
110.227,0.000,0.000,0.000,0.0022,0.2635,0.0953,6.91,0.1727
110.246,0.000,0.000,0.000,0.0022,0.2635,0.0953,6.91,0.1727
110.266,0.000,0.000,0.000,0.0022,0.2635,0.0953,6.91,0.1727
110.286,0.000,0.000,0.000,0.0022,0.2635,0.0953,6.91,0.1727
110.306,0.000,0.000,0.000,0.0022,0.2635,0.0953,6.91,0.1727
110.327,0.000,0.000,0.000,0.0022,0.2635,0.0953,6.91,0.1727
110.346,0.000,0.000,0.000,0.0022,0.2635,0.0953,6.91,0.1727
110.367,0.000,0.000,0.000,0.0022,0.2635,0.0953,6.91,0.1727
110.386,0.000,0.000,0.000,0.0022,0.2635,0.0953,6.91,0.1727
110.407,0.000,0.000,0.000,0.0022,0.2635,0.0953,6.91,0.1727
110.426,0.000,0.000,0.000,0.0022,0.2635,0.0953,6.91,0.1727
110.447,0.000,0.000,0.000,0.0022,0.2635,0.0953,6.91,0.1727
110.467,0.000,0.000,0.000,0.0022,0.2635,0.0953,6.91,0.1727
110.486,0.000,0.000,0.000,0.0022,0.2635,0.0953,6.91,0.1727
110.506,0.000,0.000,0.000,0.0022,0.2635,0.0953,6.91,0.1727
110.528,0.000,0.000,0.000,0.0022,0.2635,0.0953,6.91,0.1727
110.547,0.000,0.000,0.000,0.0022,0.2635,0.0953,6.91,0.1727
110.567,0.000,0.000,0.000,0.0022,0.2635,0.0953,6.91,0.1727
110.586,0.000,0.000,0.000,0.0022,0.2635,0.0953,6.91,0.1727
110.606,0.000,0.000,0.000,0.0022,0.2635,0.0953,6.91,0.1727
110.627,0.000,0.000,0.000,0.0022,0.2635,0.0953,6.91,0.1727
110.647,0.000,0.000,0.000,0.0022,0.2635,0.0953,6.91,0.1727
110.666,0.000,0.000,0.000,0.0022,0.2635,0.0953,6.91,0.1727
110.687,0.000,0.000,0.000,0.0022,0.2635,0.0953,6.91,0.1727
110.706,0.000,0.000,0.000,0.0022,0.2635,0.0953,6.91,0.1727
110.726,0.000,0.000,0.000,0.0022,0.2635,0.0953,6.91,0.1727
110.747,0.000,0.000,0.000,0.0022,0.2635,0.0953,6.91,0.1727
110.766,0.000,0.000,0.000,0.0022,0.2635,0.0953,6.91,0.1727
110.786,0.000,0.000,0.000,0.0022,0.2635,0.0953,6.91,0.1727
110.806,0.000,0.000,0.000,0.0022,0.2635,0.0953,6.91,0.1727
110.827,0.000,0.000,0.000,0.0022,0.2635,0.0953,6.91,0.1727
110.847,0.000,0.000,0.000,0.0022,0.2635,0.0953,6.91,0.1727
110.866,0.000,0.000,0.000,0.0022,0.2635,0.0953,6.91,0.1727
110.886,0.000,0.000,0.000,0.0022,0.2635,0.0954,6.91,0.1727
110.907,0.000,0.000,0.000,0.0022,0.2635,0.0954,6.91,0.1727
110.927,0.000,0.000,0.000,0.0022,0.2635,0.0954,6.91,0.1727
110.946,0.000,0.000,0.000,0.0022,0.2635,0.0954,6.91,0.1727
110.966,0.000,0.000,0.000,0.0022,0.2635,0.0954,6.91,0.1727
110.986,0.000,0.000,0.000,0.0022,0.2635,0.0954,6.91,0.1727
111.006,0.000,0.000,0.000,0.0022,0.2635,0.0954,6.91,0.1727
111.026,0.000,0.000,0.000,0.0022,0.2635,0.0954,6.91,0.1727
111.046,0.000,0.000,0.000,0.0022,0.2635,0.0954,6.91,0.1727
111.066,0.000,0.000,0.000,0.0022,0.2635,0.0954,6.91,0.1727
111.087,0.000,0.000,0.000,0.0022,0.2635,0.0954,6.91,0.1727
111.106,0.000,0.000,0.000,0.0022,0.2635,0.0954,6.91,0.1727
111.127,0.000,0.000,0.000,0.0022,0.2635,0.0954,6.91,0.1727
111.147,0.000,0.000,0.000,0.0022,0.2635,0.0954,6.91,0.1727
111.166,0.000,0.000,0.000,0.0022,0.2635,0.0954,6.91,0.1727
111.186,0.000,0.000,0.000,0.0022,0.2635,0.0954,6.91,0.1727
111.206,0.000,0.000,0.000,0.0022,0.2635,0.0954,6.91,0.1727
111.227,0.000,0.000,0.000,0.0022,0.2635,0.0954,6.91,0.1727
111.247,0.000,0.000,0.000,0.0022,0.2635,0.0954,6.91,0.1727
111.267,0.000,0.000,0.000,0.0022,0.2635,0.0954,6.91,0.1727
111.286,0.000,0.000,0.000,0.0022,0.2635,0.0954,6.91,0.1727
111.306,0.000,0.000,0.000,0.0022,0.2635,0.0954,6.91,0.1727
111.327,0.000,0.000,0.000,0.0022,0.2635,0.0954,6.91,0.1727
111.347,0.000,0.000,0.000,0.0022,0.2635,0.0954,6.91,0.1727
111.366,0.000,0.000,0.000,0.0022,0.2635,0.0954,6.91,0.1727
111.386,0.000,0.000,0.000,0.0022,0.2635,0.0954,6.91,0.1727
111.406,0.000,0.000,0.000,0.0022,0.2635,0.0954,6.91,0.1727
111.427,0.000,0.000,0.000,0.0022,0.2635,0.0954,6.91,0.1727
111.447,0.000,0.000,0.000,0.0022,0.2635,0.0954,6.91,0.1727
111.466,0.000,0.000,0.000,0.0022,0.2635,0.0954,6.91,0.1727
111.486,0.000,0.000,0.000,0.0022,0.2635,0.0954,6.91,0.1727
111.506,0.000,0.000,0.000,0.0022,0.2635,0.0954,6.91,0.1727
111.527,0.000,0.000,0.000,0.0022,0.2635,0.0954,6.91,0.1727
111.546,0.000,0.000,0.000,0.0022,0.2635,0.0954,6.91,0.1727
111.567,0.000,0.000,0.000,0.0022,0.2635,0.0954,6.91,0.1727
111.586,0.000,0.000,0.000,0.0022,0.2635,0.0954,6.91,0.1727
111.607,0.000,0.000,0.000,0.0022,0.2635,0.0954,6.91,0.1727
111.626,0.000,0.000,0.000,0.0022,0.2635,0.0954,6.91,0.1727
111.647,0.000,0.000,0.000,0.0022,0.2635,0.0954,6.91,0.1727
111.666,0.000,0.000,0.000,0.0022,0.2635,0.0954,6.91,0.1727
111.686,0.000,0.000,0.000,0.0022,0.2635,0.0954,6.91,0.1727
111.706,0.000,0.000,0.000,0.0022,0.2635,0.0954,6.91,0.1727
111.726,0.000,0.000,0.000,0.0022,0.2635,0.0954,6.91,0.1727
111.746,0.000,0.000,0.000,0.0022,0.2635,0.0954,6.91,0.1727
111.766,0.000,0.000,0.000,0.0022,0.2635,0.0954,6.91,0.1727
111.786,0.000,0.000,0.000,0.0022,0.2635,0.0954,6.91,0.1727
111.806,0.000,0.000,0.000,0.0022,0.2635,0.0954,6.91,0.1727
111.827,0.000,0.000,0.000,0.0022,0.2635,0.0954,6.91,0.1727
111.847,0.000,0.000,0.000,0.0022,0.2635,0.0954,6.91,0.1727
111.867,0.000,0.000,0.000,0.0022,0.2635,0.0954,6.91,0.1727
111.887,0.000,0.000,0.000,0.0022,0.2635,0.0954,6.91,0.1727
111.906,0.000,0.000,0.000,0.0022,0.2635,0.0954,6.91,0.1727
111.926,0.000,0.000,0.000,0.0022,0.2635,0.0954,6.91,0.1727
111.946,0.000,0.000,0.000,0.0022,0.2635,0.0954,6.91,0.1727
111.967,0.000,0.000,0.000,0.0022,0.2635,0.0954,6.91,0.1727
111.986,0.000,0.000,0.000,0.0022,0.2635,0.0954,6.91,0.1727
112.006,0.000,0.000,0.000,0.0022,0.2635,0.0954,6.91,0.1727
112.027,0.000,0.000,0.000,0.0022,0.2635,0.0954,6.91,0.1727
112.047,0.000,0.000,0.000,0.0022,0.2635,0.0954,6.91,0.1727
112.067,0.000,0.000,0.000,0.0022,0.2635,0.0954,6.91,0.1727
112.086,0.000,0.000,0.000,0.0022,0.2635,0.0954,6.91,0.1727
112.107,0.000,0.000,0.000,0.0022,0.2635,0.0954,6.91,0.1727
112.127,0.000,0.000,0.000,0.0022,0.2635,0.0954,6.91,0.1727
112.147,0.000,0.000,0.000,0.0022,0.2635,0.0954,6.91,0.1727
112.168,0.000,0.000,0.000,0.0022,0.2635,0.0954,6.91,0.1727
112.186,0.000,0.000,0.000,0.0022,0.2635,0.0954,6.91,0.1727
112.207,0.000,0.000,0.000,0.0022,0.2635,0.0954,6.91,0.1727
112.227,0.000,0.000,0.000,0.0022,0.2635,0.0954,6.91,0.1727
112.246,0.000,0.000,0.000,0.0022,0.2635,0.0954,6.91,0.1727
112.266,0.000,0.000,0.000,0.0022,0.2635,0.0954,6.91,0.1727
112.286,0.000,0.000,0.000,0.0022,0.2635,0.0954,6.91,0.1727
112.306,0.000,0.000,0.000,0.0022,0.2635,0.0954,6.91,0.1727
112.329,0.000,0.000,0.000,0.0022,0.2635,0.0954,6.91,0.1727
112.348,0.000,0.000,0.000,0.0022,0.2635,0.0954,6.91,0.1727
112.367,0.000,0.000,0.000,0.0022,0.2635,0.0954,6.91,0.1727
112.386,0.000,0.000,0.000,0.0022,0.2635,0.0954,6.91,0.1727
112.406,0.000,0.000,0.000,0.0022,0.2635,0.0954,6.91,0.1727
112.427,0.000,0.000,0.000,0.0022,0.2635,0.0954,6.91,0.1727
112.447,0.000,0.000,0.000,0.0022,0.2635,0.0954,6.91,0.1727
112.466,0.000,0.000,0.000,0.0022,0.2635,0.0954,6.91,0.1727
112.486,0.000,0.000,0.000,0.0022,0.2635,0.0954,6.91,0.1727
112.506,0.000,0.000,0.000,0.0022,0.2635,0.0954,6.91,0.1727
112.527,0.000,0.000,0.000,0.0022,0.2635,0.0954,6.91,0.1727
112.547,0.000,0.000,0.000,0.0022,0.2635,0.0954,6.91,0.1727
112.566,0.000,0.000,0.000,0.0022,0.2635,0.0954,6.91,0.1727
112.587,0.000,0.000,0.000,0.0022,0.2635,0.0954,6.91,0.1727
112.606,0.000,0.000,0.000,0.0022,0.2635,0.0954,6.91,0.1727
112.627,0.000,0.000,0.000,0.0022,0.2635,0.0954,6.91,0.1727
112.647,0.000,0.000,0.000,0.0022,0.2635,0.0954,6.91,0.1727
112.667,0.000,0.000,0.000,0.0022,0.2635,0.0954,6.91,0.1727
112.686,0.000,0.000,0.000,0.0022,0.2635,0.0954,6.91,0.1727
112.706,0.000,0.000,0.000,0.0022,0.2635,0.0954,6.91,0.1727
112.727,0.000,0.000,0.000,0.0022,0.2635,0.0954,6.91,0.1727
112.746,0.000,0.000,0.000,0.0022,0.2635,0.0954,6.91,0.1727
112.767,0.000,0.000,0.000,0.0022,0.2635,0.0954,6.91,0.1727
112.787,0.000,0.000,0.000,0.0022,0.2635,0.0954,6.91,0.1727
112.806,0.000,0.000,0.000,0.0022,0.2635,0.0954,6.91,0.1727
112.827,0.000,0.000,0.000,0.0022,0.2635,0.0954,6.91,0.1727
112.846,0.000,0.000,0.000,0.0022,0.2635,0.0954,6.91,0.1727
112.866,0.000,0.000,0.000,0.0022,0.2635,0.0954,6.91,0.1727
112.886,0.000,0.000,0.000,0.0022,0.2635,0.0954,6.91,0.1727
112.906,0.000,0.000,0.000,0.0022,0.2635,0.0954,6.91,0.1727
112.927,0.000,0.000,0.000,0.0022,0.2635,0.0954,6.91,0.1727
112.947,0.000,0.000,0.000,0.0022,0.2635,0.0954,6.91,0.1727
112.966,0.000,0.000,0.000,0.0022,0.2635,0.0954,6.91,0.1727
112.986,0.000,0.000,0.000,0.0022,0.2635,0.0954,6.91,0.1727
113.006,0.000,0.000,0.000,0.0022,0.2635,0.0954,6.91,0.1727
113.027,0.000,0.000,0.000,0.0022,0.2635,0.0954,6.91,0.1727
113.047,0.000,0.000,0.000,0.0022,0.2635,0.0954,6.91,0.1727
113.066,0.000,0.000,0.000,0.0022,0.2635,0.0954,6.91,0.1727
113.086,0.000,0.000,0.000,0.0022,0.2635,0.0954,6.91,0.1727
113.106,0.000,0.000,0.000,0.0022,0.2635,0.0954,6.91,0.1727
113.127,0.000,0.000,0.000,0.0022,0.2635,0.0954,6.91,0.1727
113.149,0.000,0.000,0.000,0.0022,0.2635,0.0954,6.91,0.1727
113.166,0.000,0.000,0.000,0.0022,0.2635,0.0954,6.91,0.1727
113.186,0.000,0.000,0.000,0.0022,0.2635,0.0954,6.91,0.1727
113.206,0.000,0.000,0.000,0.0022,0.2635,0.0954,6.91,0.1727
113.226,0.000,0.000,0.000,0.0022,0.2635,0.0954,6.91,0.1727
113.247,0.000,0.000,0.000,0.0022,0.2635,0.0954,6.91,0.1727
113.267,0.000,0.000,0.000,0.0022,0.2635,0.0954,6.91,0.1727
113.287,0.000,0.000,0.000,0.0022,0.2635,0.0954,6.91,0.1727
113.307,0.000,0.000,0.000,0.0022,0.2635,0.0954,6.91,0.1727
113.327,0.000,0.000,0.000,0.0022,0.2635,0.0954,6.91,0.1727
113.347,0.000,0.000,0.000,0.0022,0.2635,0.0954,6.91,0.1727
113.366,0.000,0.000,0.000,0.0022,0.2635,0.0954,6.91,0.1727
113.386,0.000,0.000,0.000,0.0022,0.2635,0.0954,6.91,0.1727
113.406,0.000,0.000,0.000,0.0022,0.2635,0.0954,6.91,0.1727
113.426,0.000,0.000,0.000,0.0022,0.2635,0.0954,6.91,0.1727
113.447,0.000,0.000,0.000,0.0022,0.2635,0.0954,6.91,0.1727
113.466,0.000,0.000,0.000,0.0022,0.2635,0.0954,6.91,0.1727
113.486,0.000,0.000,0.000,0.0022,0.2635,0.0954,6.91,0.1727
113.507,0.000,0.000,0.000,0.0022,0.2635,0.0954,6.91,0.1727
113.526,0.000,0.000,0.000,0.0022,0.2635,0.0954,6.91,0.1727
113.546,0.000,0.000,0.000,0.0022,0.2635,0.0954,6.91,0.1727
113.566,0.000,0.000,0.000,0.0022,0.2635,0.0954,6.91,0.1727
113.586,0.000,0.000,0.000,0.0022,0.2635,0.0954,6.91,0.1727
113.606,0.000,0.000,0.000,0.0022,0.2635,0.0954,6.91,0.1727
113.627,0.000,0.000,0.000,0.0022,0.2635,0.0954,6.91,0.1727
113.649,0.000,0.000,0.000,0.0022,0.2635,0.0954,6.91,0.1727
113.666,0.000,0.000,0.000,0.0022,0.2635,0.0954,6.91,0.1727
113.687,0.000,0.000,0.000,0.0022,0.2635,0.0954,6.91,0.1727
113.706,0.000,0.000,0.000,0.0022,0.2635,0.0954,6.91,0.1727
113.727,0.000,0.000,0.000,0.0022,0.2635,0.0954,6.91,0.1727
113.747,0.000,0.000,0.000,0.0022,0.2635,0.0954,6.91,0.1727
113.768,0.000,0.000,0.000,0.0022,0.2635,0.0954,6.91,0.1727
113.787,0.000,0.000,0.000,0.0022,0.2635,0.0954,6.91,0.1727
113.806,0.000,0.000,0.000,0.0022,0.2635,0.0954,6.91,0.1727
113.827,0.000,0.000,0.000,0.0022,0.2635,0.0954,6.91,0.1727
113.847,0.000,0.000,0.000,0.0022,0.2635,0.0954,6.91,0.1727
113.867,0.000,0.000,0.000,0.0022,0.2635,0.0954,6.91,0.1727
113.887,0.000,0.000,0.000,0.0022,0.2635,0.0954,6.91,0.1727
113.906,0.000,0.000,0.000,0.0022,0.2635,0.0954,6.91,0.1727
113.927,0.000,0.000,0.000,0.0022,0.2635,0.0954,6.91,0.1727
113.947,0.000,0.000,0.000,0.0022,0.2635,0.0954,6.91,0.1727
113.967,0.000,0.000,0.000,0.0022,0.2635,0.0954,6.91,0.1727
113.986,0.000,0.000,0.000,0.0022,0.2635,0.0954,6.91,0.1727
114.006,0.000,0.000,0.000,0.0022,0.2635,0.0954,6.91,0.1727
114.026,0.000,0.000,0.000,0.0022,0.2635,0.0954,6.91,0.1727
114.046,0.000,0.000,0.000,0.0022,0.2635,0.0954,6.91,0.1727
114.066,0.000,0.000,0.000,0.0022,0.2635,0.0954,6.91,0.1727
114.087,0.000,0.000,0.000,0.0022,0.2635,0.0954,6.91,0.1727
114.107,0.000,0.000,0.000,0.0022,0.2635,0.0954,6.91,0.1727
114.128,0.000,0.000,0.000,0.0022,0.2635,0.0954,6.91,0.1727
114.146,0.000,0.000,0.000,0.0022,0.2635,0.0954,6.91,0.1727
114.166,0.000,0.000,0.000,0.0022,0.2635,0.0954,6.91,0.1727
114.186,0.000,0.000,0.000,0.0022,0.2635,0.0954,6.91,0.1727
114.207,0.000,0.000,0.000,0.0022,0.2635,0.0954,6.91,0.1727
114.227,0.000,0.000,0.000,0.0022,0.2635,0.0954,6.91,0.1727
114.247,0.000,0.000,0.000,0.0022,0.2635,0.0954,6.91,0.1727
114.267,0.000,0.000,0.000,0.0022,0.2635,0.0954,6.91,0.1727
114.286,0.000,0.000,0.000,0.0022,0.2635,0.0954,6.91,0.1727
114.306,0.000,0.000,0.000,0.0022,0.2635,0.0954,6.91,0.1727
114.327,0.000,0.000,0.000,0.0022,0.2635,0.0954,6.91,0.1727
114.347,0.000,0.000,0.000,0.0022,0.2635,0.0954,6.91,0.1727
114.366,0.000,0.000,0.000,0.0022,0.2635,0.0954,6.91,0.1727
114.386,0.000,0.000,0.000,0.0022,0.2635,0.0954,6.91,0.1727
114.407,0.000,0.000,0.000,0.0022,0.2635,0.0954,6.91,0.1727
114.427,0.000,0.000,0.000,0.0022,0.2635,0.0954,6.91,0.1727
114.448,0.000,0.000,0.000,0.0022,0.2635,0.0954,6.91,0.1727
114.467,0.000,0.000,0.000,0.0022,0.2635,0.0954,6.91,0.1727
114.486,0.000,0.000,0.000,0.0022,0.2635,0.0954,6.91,0.1727
114.507,0.000,0.000,0.000,0.0022,0.2635,0.0954,6.91,0.1727
114.527,0.000,0.000,0.000,0.0022,0.2635,0.0954,6.91,0.1727
114.547,0.000,0.000,0.000,0.0022,0.2635,0.0954,6.91,0.1727
114.567,0.000,0.000,0.000,0.0022,0.2635,0.0954,6.91,0.1727
114.586,0.000,0.000,0.000,0.0022,0.2635,0.0954,6.91,0.1727
114.607,0.000,0.000,0.000,0.0022,0.2635,0.0954,6.91,0.1727
114.627,0.000,0.000,0.000,0.0022,0.2635,0.0954,6.91,0.1727
114.646,0.000,0.000,0.000,0.0022,0.2635,0.0954,6.91,0.1727
114.666,0.000,0.000,0.000,0.0022,0.2635,0.0954,6.91,0.1727
114.686,0.000,0.000,0.000,0.0022,0.2635,0.0954,6.91,0.1727
114.706,0.000,0.000,0.000,0.0022,0.2635,0.0954,6.91,0.1727
114.727,0.000,0.000,0.000,0.0022,0.2635,0.0954,6.91,0.1727
114.747,0.000,0.000,0.000,0.0022,0.2635,0.0954,6.91,0.1727
114.766,0.000,0.000,0.000,0.0022,0.2635,0.0954,6.91,0.1727
114.786,0.000,0.000,0.000,0.0022,0.2635,0.0954,6.91,0.1727
114.806,0.000,0.000,0.000,0.0022,0.2635,0.0954,6.91,0.1727
114.827,0.000,0.000,0.000,0.0022,0.2635,0.0954,6.91,0.1727
114.846,0.000,0.000,0.000,0.0022,0.2635,0.0954,6.91,0.1727
114.867,0.000,0.000,0.000,0.0022,0.2635,0.0954,6.91,0.1727
114.886,0.000,0.000,0.000,0.0022,0.2635,0.0954,6.91,0.1727
114.906,0.000,0.000,0.000,0.0022,0.2635,0.0954,6.91,0.1727
114.927,0.000,0.000,0.000,0.0022,0.2635,0.0954,6.91,0.1727
114.947,0.000,0.000,0.000,0.0022,0.2635,0.0954,6.91,0.1727
114.967,0.000,0.000,0.000,0.0022,0.2635,0.0954,6.91,0.1727
114.986,0.000,0.000,0.000,0.0022,0.2635,0.0954,6.91,0.1727
115.006,0.000,0.000,0.000,0.0022,0.2635,0.0954,6.91,0.1727
115.027,0.000,0.000,0.000,0.0022,0.2635,0.0954,6.91,0.1727
115.047,0.000,0.000,0.000,0.0022,0.2635,0.0954,6.91,0.1727
115.066,0.000,0.000,0.000,0.0022,0.2635,0.0954,6.91,0.1727
115.086,0.000,0.000,0.000,0.0022,0.2635,0.0954,6.91,0.1727
115.106,0.000,0.000,0.000,0.0022,0.2635,0.0954,6.91,0.1727
115.127,0.000,0.000,0.000,0.0022,0.2635,0.0954,6.91,0.1727
115.146,0.000,0.000,0.000,0.0022,0.2635,0.0954,6.91,0.1727
115.166,0.000,0.000,0.000,0.0022,0.2635,0.0954,6.91,0.1727
115.186,0.000,0.000,0.000,0.0022,0.2635,0.0954,6.91,0.1727
115.206,0.000,0.000,0.000,0.0022,0.2635,0.0954,6.91,0.1727
115.226,0.000,0.000,0.000,0.0022,0.2635,0.0954,6.91,0.1727
115.247,0.000,0.000,0.000,0.0022,0.2635,0.0954,6.91,0.1727
115.267,0.000,0.000,0.000,0.0022,0.2635,0.0954,6.91,0.1727
115.287,0.000,0.000,0.000,0.0022,0.2635,0.0954,6.91,0.1727
115.307,0.000,0.000,0.000,0.0022,0.2635,0.0954,6.91,0.1727
115.326,0.000,0.000,0.000,0.0022,0.2635,0.0954,6.91,0.1727
115.348,0.000,0.000,0.000,0.0022,0.2635,0.0954,6.91,0.1727
115.367,0.000,0.000,0.000,0.0022,0.2635,0.0954,6.91,0.1727
115.387,0.000,0.000,0.000,0.0022,0.2635,0.0954,6.91,0.1727
115.407,0.000,0.000,0.000,0.0022,0.2635,0.0954,6.91,0.1727
115.426,0.000,0.000,0.000,0.0022,0.2635,0.0954,6.91,0.1727
115.448,0.000,0.000,0.000,0.0022,0.2635,0.0954,6.91,0.1727
115.466,0.000,0.000,0.000,0.0022,0.2635,0.0954,6.91,0.1727
115.486,0.000,0.000,0.000,0.0022,0.2635,0.0954,6.91,0.1727
115.506,0.000,0.000,0.000,0.0022,0.2635,0.0954,6.91,0.1727
115.527,0.000,0.000,0.000,0.0022,0.2635,0.0954,6.91,0.1727
115.547,0.000,0.000,0.000,0.0022,0.2635,0.0954,6.91,0.1727
115.566,0.000,0.000,0.000,0.0022,0.2635,0.0954,6.91,0.1727
115.586,0.000,0.000,0.000,0.0022,0.2635,0.0954,6.91,0.1727
115.606,0.000,0.000,0.000,0.0022,0.2635,0.0954,6.91,0.1727
115.627,0.000,0.000,0.000,0.0022,0.2635,0.0954,6.91,0.1727
115.648,0.000,0.000,0.000,0.0022,0.2635,0.0954,6.91,0.1727
115.666,0.000,0.000,0.000,0.0022,0.2635,0.0954,6.91,0.1727
115.686,0.000,0.000,0.000,0.0022,0.2635,0.0954,6.91,0.1727
115.706,0.000,0.000,0.000,0.0022,0.2635,0.0954,6.91,0.1727
115.727,0.000,0.000,0.000,0.0022,0.2635,0.0954,6.91,0.1727
115.746,0.000,0.000,0.000,0.0022,0.2635,0.0954,6.91,0.1727
115.767,0.000,0.000,0.000,0.0022,0.2635,0.0954,6.91,0.1727
115.786,0.000,0.000,0.000,0.0022,0.2635,0.0954,6.91,0.1727
115.806,0.000,0.000,0.000,0.0022,0.2635,0.0954,6.91,0.1727
115.826,0.000,0.000,0.000,0.0022,0.2635,0.0954,6.91,0.1727
115.847,0.000,0.000,0.000,0.0022,0.2635,0.0954,6.91,0.1727
115.866,0.000,0.000,0.000,0.0022,0.2635,0.0954,6.91,0.1727
115.886,0.000,0.000,0.000,0.0022,0.2635,0.0954,6.91,0.1727
115.906,0.000,0.000,0.000,0.0022,0.2635,0.0954,6.91,0.1727
115.926,0.000,0.000,0.000,0.0022,0.2635,0.0954,6.91,0.1727
115.947,0.000,0.000,0.000,0.0022,0.2635,0.0954,6.91,0.1727
115.966,0.000,0.000,0.000,0.0022,0.2635,0.0954,6.91,0.1727
115.987,0.000,0.000,0.000,0.0022,0.2635,0.0954,6.91,0.1727
116.006,0.000,0.000,0.000,0.0022,0.2635,0.0954,6.91,0.1727
116.026,0.000,0.000,0.000,0.0022,0.2635,0.0954,6.91,0.1727
116.047,0.000,0.000,0.000,0.0022,0.2635,0.0954,6.91,0.1727
116.067,0.000,0.000,0.000,0.0022,0.2635,0.0954,6.91,0.1727
116.086,0.000,0.000,0.000,0.0022,0.2635,0.0954,6.91,0.1727
116.106,0.000,0.000,0.000,0.0022,0.2635,0.0954,6.91,0.1727
116.127,0.000,0.000,0.000,0.0022,0.2635,0.0954,6.91,0.1727
116.146,0.000,0.000,0.000,0.0022,0.2635,0.0954,6.91,0.1727
116.166,0.000,0.000,0.000,0.0022,0.2635,0.0954,6.91,0.1727
116.186,0.000,0.000,0.000,0.0022,0.2635,0.0954,6.91,0.1727
116.206,0.000,0.000,0.000,0.0022,0.2635,0.0954,6.91,0.1727
116.227,0.000,0.000,0.000,0.0022,0.2635,0.0954,6.91,0.1727
116.247,0.000,0.000,0.000,0.0022,0.2635,0.0954,6.91,0.1727
116.266,0.000,0.000,0.000,0.0022,0.2635,0.0954,6.91,0.1727
116.287,0.000,0.000,0.000,0.0022,0.2635,0.0954,6.91,0.1727
116.306,0.000,0.000,0.000,0.0022,0.2635,0.0954,6.91,0.1727
116.327,0.000,0.000,0.000,0.0022,0.2635,0.0954,6.91,0.1727
116.346,0.000,0.000,0.000,0.0022,0.2635,0.0954,6.91,0.1727
116.366,0.000,0.000,0.000,0.0022,0.2635,0.0954,6.91,0.1727
116.386,0.000,0.000,0.000,0.0022,0.2635,0.0954,6.91,0.1727
116.406,0.000,0.000,0.000,0.0022,0.2635,0.0954,6.91,0.1727
116.427,0.000,0.000,0.000,0.0022,0.2635,0.0954,6.91,0.1727
116.446,0.000,0.000,0.000,0.0022,0.2635,0.0954,6.91,0.1727
116.466,0.000,0.000,0.000,0.0022,0.2635,0.0954,6.91,0.1727
116.486,0.000,0.000,0.000,0.0022,0.2635,0.0954,6.91,0.1727
116.506,0.000,0.000,0.000,0.0022,0.2635,0.0954,6.91,0.1727
116.526,0.000,0.000,0.000,0.0022,0.2635,0.0954,6.91,0.1727
116.548,0.000,0.000,0.000,0.0022,0.2635,0.0954,6.91,0.1727
116.567,0.000,0.000,0.000,0.0022,0.2635,0.0954,6.91,0.1727
116.586,0.000,0.000,0.000,0.0022,0.2635,0.0954,6.91,0.1727
116.607,0.000,0.000,0.000,0.0022,0.2635,0.0954,6.91,0.1727
116.630,0.000,0.000,0.000,0.0022,0.2635,0.0954,6.91,0.1727
116.647,0.000,0.000,0.000,0.0022,0.2635,0.0954,6.91,0.1727
116.666,0.000,0.000,0.000,0.0022,0.2635,0.0954,6.91,0.1727
116.686,0.000,0.000,0.000,0.0022,0.2635,0.0954,6.91,0.1727
116.707,0.000,0.000,0.000,0.0022,0.2635,0.0954,6.91,0.1727
116.727,0.000,0.000,0.000,0.0022,0.2635,0.0954,6.91,0.1727
116.746,0.000,0.000,0.000,0.0022,0.2635,0.0954,6.91,0.1727
116.767,0.000,0.000,0.000,0.0022,0.2635,0.0954,6.91,0.1727
116.786,0.000,0.000,0.000,0.0022,0.2635,0.0954,6.91,0.1727
116.807,0.000,0.000,0.000,0.0022,0.2635,0.0954,6.91,0.1727
116.829,0.000,0.000,0.000,0.0022,0.2635,0.0954,6.91,0.1727
116.846,0.000,0.000,0.000,0.0022,0.2635,0.0954,6.91,0.1727
116.866,0.000,0.000,0.000,0.0022,0.2635,0.0954,6.91,0.1727
116.886,0.000,0.000,0.000,0.0022,0.2635,0.0954,6.91,0.1727
116.906,0.000,0.000,0.000,0.0022,0.2635,0.0954,6.91,0.1727
116.927,0.000,0.000,0.000,0.0022,0.2635,0.0954,6.91,0.1727
116.947,0.000,0.000,0.000,0.0022,0.2635,0.0954,6.91,0.1727
116.966,0.000,0.000,0.000,0.0022,0.2635,0.0954,6.91,0.1727
116.986,0.000,0.000,0.000,0.0022,0.2635,0.0954,6.91,0.1727
117.006,0.000,0.000,0.000,0.0022,0.2635,0.0954,6.91,0.1727
117.026,0.000,0.000,0.000,0.0022,0.2635,0.0954,6.91,0.1727
117.046,0.000,0.000,0.000,0.0022,0.2635,0.0954,6.91,0.1727
117.066,0.000,0.000,0.000,0.0022,0.2635,0.0954,6.91,0.1727
117.086,0.000,0.000,0.000,0.0022,0.2635,0.0954,6.91,0.1727
117.106,0.000,0.000,0.000,0.0022,0.2635,0.0954,6.91,0.1727
117.126,0.000,0.000,0.000,0.0022,0.2635,0.0954,6.91,0.1727
117.147,0.000,0.000,0.000,0.0022,0.2635,0.0954,6.91,0.1727
117.166,0.000,0.000,0.000,0.0022,0.2635,0.0954,6.91,0.1727
117.186,0.000,0.000,0.000,0.0022,0.2635,0.0954,6.91,0.1727
117.206,0.000,0.000,0.000,0.0022,0.2635,0.0954,6.91,0.1727
117.226,0.000,0.000,0.000,0.0022,0.2635,0.0954,6.91,0.1727
117.246,0.000,0.000,0.000,0.0022,0.2635,0.0954,6.91,0.1727
117.266,0.000,0.000,0.000,0.0022,0.2635,0.0954,6.91,0.1727
117.286,0.000,0.000,0.000,0.0022,0.2635,0.0954,6.91,0.1727
117.306,0.000,0.000,0.000,0.0022,0.2635,0.0954,6.91,0.1727
117.327,0.000,0.000,0.000,0.0022,0.2635,0.0954,6.91,0.1727
117.346,0.000,0.000,0.000,0.0022,0.2635,0.0954,6.91,0.1727
117.366,0.000,0.000,0.000,0.0022,0.2635,0.0954,6.91,0.1727
117.386,0.000,0.000,0.000,0.0022,0.2635,0.0954,6.91,0.1727
117.406,0.000,0.000,0.000,0.0022,0.2635,0.0954,6.91,0.1727
117.427,0.000,0.000,0.000,0.0022,0.2635,0.0954,6.91,0.1727
117.446,0.000,0.000,0.000,0.0022,0.2635,0.0954,6.91,0.1727
117.466,0.000,0.000,0.000,0.0022,0.2635,0.0954,6.91,0.1727
117.486,0.000,0.000,0.000,0.0022,0.2635,0.0954,6.91,0.1727
117.506,0.000,0.000,0.000,0.0022,0.2635,0.0954,6.91,0.1727
117.527,0.000,0.000,0.000,0.0022,0.2635,0.0954,6.91,0.1727
117.546,0.000,0.000,0.000,0.0022,0.2635,0.0954,6.91,0.1727
117.566,0.000,0.000,0.000,0.0022,0.2635,0.0954,6.91,0.1727
117.586,0.000,0.000,0.000,0.0022,0.2635,0.0954,6.91,0.1727
117.606,0.000,0.000,0.000,0.0022,0.2635,0.0954,6.91,0.1727
117.627,0.000,0.000,0.000,0.0022,0.2635,0.0954,6.91,0.1727
117.647,0.000,0.000,0.000,0.0022,0.2635,0.0954,6.91,0.1727
117.666,0.000,0.000,0.000,0.0022,0.2635,0.0954,6.91,0.1727
117.686,0.000,0.000,0.000,0.0022,0.2635,0.0954,6.91,0.1727
117.706,0.000,0.000,0.000,0.0022,0.2635,0.0954,6.91,0.1727
117.727,0.000,0.000,0.000,0.0022,0.2635,0.0954,6.91,0.1727
117.747,0.000,0.000,0.000,0.0022,0.2635,0.0954,6.91,0.1727
117.768,0.000,0.000,0.000,0.0022,0.2635,0.0954,6.91,0.1727
117.786,0.000,0.000,0.000,0.0022,0.2635,0.0954,6.91,0.1727
117.806,0.000,0.000,0.000,0.0022,0.2635,0.0954,6.91,0.1727
117.826,0.000,0.000,0.000,0.0022,0.2635,0.0954,6.91,0.1727
117.847,0.000,0.000,0.000,0.0022,0.2635,0.0954,6.91,0.1727
117.866,0.000,0.000,0.000,0.0022,0.2635,0.0954,6.91,0.1727
117.886,0.000,0.000,0.000,0.0022,0.2635,0.0954,6.91,0.1727
117.906,0.000,0.000,0.000,0.0022,0.2635,0.0954,6.91,0.1727
117.927,0.000,0.000,0.000,0.0022,0.2635,0.0954,6.91,0.1727
117.947,0.000,0.000,0.000,0.0022,0.2635,0.0954,6.91,0.1727
117.966,0.000,0.000,0.000,0.0022,0.2635,0.0954,6.91,0.1727
117.986,0.000,0.000,0.000,0.0022,0.2635,0.0954,6.91,0.1727
118.006,0.000,0.000,0.000,0.0022,0.2635,0.0954,6.91,0.1727
118.027,0.000,0.000,0.000,0.0022,0.2635,0.0954,6.91,0.1727
118.046,0.000,0.000,0.000,0.0022,0.2635,0.0954,6.91,0.1727
118.066,0.000,0.000,0.000,0.0022,0.2635,0.0954,6.91,0.1727
118.086,0.000,0.000,0.000,0.0022,0.2635,0.0955,6.91,0.1727
118.106,0.000,0.000,0.000,0.0022,0.2635,0.0955,6.91,0.1727
118.126,0.000,0.000,0.000,0.0022,0.2635,0.0955,6.91,0.1727
118.147,0.000,0.000,0.000,0.0022,0.2635,0.0955,6.91,0.1727
118.166,0.000,0.000,0.000,0.0022,0.2635,0.0955,6.91,0.1727
118.186,0.000,0.000,0.000,0.0022,0.2635,0.0955,6.91,0.1727
118.206,0.000,0.000,0.000,0.0022,0.2635,0.0955,6.91,0.1727
118.226,0.000,0.000,0.000,0.0022,0.2635,0.0955,6.91,0.1727
118.247,0.000,0.000,0.000,0.0022,0.2635,0.0955,6.91,0.1727
118.266,0.000,0.000,0.000,0.0022,0.2635,0.0955,6.91,0.1727
118.286,0.000,0.000,0.000,0.0022,0.2635,0.0955,6.91,0.1727
118.306,0.000,0.000,0.000,0.0022,0.2635,0.0955,6.91,0.1727
118.326,0.000,0.000,0.000,0.0022,0.2635,0.0955,6.91,0.1727
118.347,0.000,0.000,0.000,0.0022,0.2635,0.0955,6.91,0.1727
118.366,0.000,0.000,0.000,0.0022,0.2635,0.0955,6.91,0.1727
118.386,0.000,0.000,0.000,0.0022,0.2635,0.0955,6.91,0.1727
118.406,0.000,0.000,0.000,0.0022,0.2635,0.0955,6.91,0.1727
118.432,0.000,0.000,0.000,0.0022,0.2635,0.0955,6.91,0.1727
118.447,0.000,0.000,0.000,0.0022,0.2635,0.0955,6.91,0.1727
118.467,0.000,0.000,0.000,0.0022,0.2635,0.0955,6.91,0.1727
118.486,0.000,0.000,0.000,0.0022,0.2635,0.0955,6.91,0.1727
118.507,0.000,0.000,0.000,0.0022,0.2635,0.0955,6.91,0.1727
118.527,0.000,0.000,0.000,0.0022,0.2635,0.0955,6.91,0.1727
118.546,0.000,0.000,0.000,0.0022,0.2635,0.0955,6.91,0.1727
118.566,0.000,0.000,0.000,0.0022,0.2635,0.0955,6.91,0.1727
118.586,0.000,0.000,0.000,0.0022,0.2635,0.0955,6.91,0.1727
118.606,0.000,0.000,0.000,0.0022,0.2635,0.0955,6.91,0.1727
118.626,0.000,0.000,0.000,0.0022,0.2635,0.0955,6.91,0.1727
118.646,0.000,0.000,0.000,0.0022,0.2635,0.0955,6.91,0.1727
118.666,0.000,0.000,0.000,0.0022,0.2635,0.0955,6.91,0.1727
118.686,0.000,0.000,0.000,0.0022,0.2635,0.0955,6.91,0.1727
118.706,0.000,0.000,0.000,0.0022,0.2635,0.0955,6.91,0.1727
118.726,0.000,0.000,0.000,0.0022,0.2635,0.0955,6.91,0.1727
118.746,0.000,0.000,0.000,0.0022,0.2635,0.0955,6.91,0.1727
118.766,0.000,0.000,0.000,0.0022,0.2635,0.0955,6.91,0.1727
118.786,0.000,0.000,0.000,0.0022,0.2635,0.0955,6.91,0.1727
118.806,0.000,0.000,0.000,0.0022,0.2635,0.0955,6.91,0.1727
118.826,0.000,0.000,0.000,0.0022,0.2635,0.0955,6.91,0.1727
118.846,0.000,0.000,0.000,0.0022,0.2635,0.0955,6.91,0.1727
118.866,0.000,0.000,0.000,0.0022,0.2635,0.0955,6.91,0.1727
118.886,0.000,0.000,0.000,0.0022,0.2635,0.0955,6.91,0.1727
118.906,0.000,0.000,0.000,0.0022,0.2635,0.0955,6.91,0.1727
118.926,0.000,0.000,0.000,0.0022,0.2635,0.0955,6.91,0.1727
118.946,0.000,0.000,0.000,0.0022,0.2635,0.0955,6.91,0.1727
118.966,0.000,0.000,0.000,0.0022,0.2635,0.0955,6.91,0.1727
118.986,0.000,0.000,0.000,0.0022,0.2635,0.0955,6.91,0.1727
119.007,0.000,0.000,0.000,0.0022,0.2635,0.0955,6.91,0.1727
119.028,0.000,0.000,0.000,0.0022,0.2635,0.0955,6.91,0.1727
119.047,0.000,0.000,0.000,0.0022,0.2635,0.0955,6.91,0.1727
119.066,0.000,0.000,0.000,0.0022,0.2635,0.0955,6.91,0.1727
119.086,0.000,0.000,0.000,0.0022,0.2635,0.0955,6.91,0.1727
119.106,0.000,0.000,0.000,0.0022,0.2635,0.0955,6.91,0.1727
119.126,0.000,0.000,0.000,0.0022,0.2635,0.0955,6.91,0.1727
119.147,0.000,0.000,0.000,0.0022,0.2635,0.0955,6.91,0.1727
119.167,0.000,0.000,0.000,0.0022,0.2635,0.0955,6.91,0.1727
119.186,0.000,0.000,0.000,0.0022,0.2635,0.0955,6.91,0.1727
119.206,0.000,0.000,0.000,0.0022,0.2635,0.0955,6.91,0.1727
119.227,0.000,0.000,0.000,0.0022,0.2635,0.0955,6.91,0.1727
119.248,0.000,0.000,0.000,0.0022,0.2635,0.0955,6.91,0.1727
119.266,0.000,0.000,0.000,0.0022,0.2635,0.0955,6.91,0.1727
119.286,0.000,0.000,0.000,0.0022,0.2635,0.0955,6.91,0.1727
119.307,0.000,0.000,0.000,0.0022,0.2635,0.0955,6.91,0.1727
119.327,0.000,0.000,0.000,0.0022,0.2635,0.0955,6.91,0.1727
119.347,0.000,0.000,0.000,0.0022,0.2635,0.0955,6.91,0.1727
119.367,0.000,0.000,0.000,0.0022,0.2635,0.0955,6.91,0.1727
119.386,0.000,0.000,0.000,0.0022,0.2635,0.0955,6.91,0.1727
119.407,0.000,0.000,0.000,0.0022,0.2635,0.0955,6.91,0.1727
119.426,0.000,0.000,0.000,0.0022,0.2635,0.0955,6.91,0.1727
119.446,0.000,0.000,0.000,0.0022,0.2635,0.0955,6.91,0.1727
119.466,0.000,0.000,0.000,0.0022,0.2635,0.0955,6.91,0.1727
119.486,0.000,0.000,0.000,0.0022,0.2635,0.0955,6.91,0.1727
119.506,0.000,0.000,0.000,0.0022,0.2635,0.0955,6.91,0.1727
119.527,0.000,0.000,0.000,0.0022,0.2635,0.0955,6.91,0.1727
119.546,0.000,0.000,0.000,0.0022,0.2635,0.0955,6.91,0.1727
119.567,0.000,0.000,0.000,0.0022,0.2635,0.0955,6.91,0.1727
119.586,0.000,0.000,0.000,0.0022,0.2635,0.0955,6.91,0.1727
119.606,0.000,0.000,0.000,0.0022,0.2635,0.0955,6.91,0.1727
119.626,0.000,0.000,0.000,0.0022,0.2635,0.0955,6.91,0.1727
119.646,0.000,0.000,0.000,0.0022,0.2635,0.0955,6.91,0.1727
119.666,0.000,0.000,0.000,0.0022,0.2635,0.0955,6.91,0.1727
119.686,0.000,0.000,0.000,0.0022,0.2635,0.0955,6.91,0.1727
119.706,0.000,0.000,0.000,0.0022,0.2635,0.0955,6.91,0.1727
119.727,0.000,0.000,0.000,0.0022,0.2635,0.0955,6.91,0.1727
119.747,0.000,0.000,0.000,0.0022,0.2635,0.0955,6.91,0.1727
119.766,0.000,0.000,0.000,0.0022,0.2635,0.0955,6.91,0.1727
119.786,0.000,0.000,0.000,0.0022,0.2635,0.0955,6.91,0.1727
119.807,0.000,0.000,0.000,0.0022,0.2635,0.0955,6.91,0.1727
119.827,0.000,0.000,0.000,0.0022,0.2635,0.0955,6.91,0.1727
119.847,0.000,0.000,0.000,0.0022,0.2635,0.0955,6.91,0.1727
119.866,0.000,0.000,0.000,0.0022,0.2635,0.0955,6.91,0.1727
119.886,0.000,0.000,0.000,0.0022,0.2635,0.0955,6.91,0.1727
119.906,0.000,0.000,0.000,0.0022,0.2635,0.0955,6.91,0.1727
119.926,0.000,0.000,0.000,0.0022,0.2635,0.0955,6.91,0.1727
119.946,0.000,0.000,0.000,0.0022,0.2635,0.0955,6.91,0.1727
119.966,0.000,0.000,0.000,0.0022,0.2635,0.0955,6.91,0.1727
119.986,0.000,0.000,0.000,0.0022,0.2635,0.0955,6.91,0.1727
120.007,0.000,0.000,0.000,0.0022,0.2635,0.0955,6.91,0.1727
120.027,0.000,0.000,0.000,0.0022,0.2635,0.0955,6.91,0.1727
120.047,0.000,0.000,0.000,0.0022,0.2635,0.0955,6.91,0.1727
120.066,0.000,0.000,0.000,0.0022,0.2635,0.0955,6.91,0.1727
120.086,0.000,0.000,0.000,0.0022,0.2635,0.0955,6.91,0.1727
120.106,0.000,0.000,0.000,0.0022,0.2635,0.0955,6.91,0.1727
120.127,0.000,0.000,0.000,0.0022,0.2635,0.0955,6.91,0.1727
120.147,0.000,0.000,0.000,0.0022,0.2635,0.0955,6.91,0.1727
120.166,0.000,0.000,0.000,0.0022,0.2635,0.0955,6.91,0.1727
120.186,0.000,0.000,0.000,0.0022,0.2635,0.0955,6.91,0.1727
120.207,0.000,0.000,0.000,0.0022,0.2635,0.0955,6.91,0.1727
120.227,0.000,0.000,0.000,0.0022,0.2635,0.0955,6.91,0.1727
120.246,0.000,0.000,0.000,0.0022,0.2635,0.0955,6.91,0.1727
120.266,0.000,0.000,0.000,0.0022,0.2635,0.0955,6.91,0.1727
120.286,0.000,0.000,0.000,0.0022,0.2635,0.0955,6.91,0.1727
120.306,0.000,0.000,0.000,0.0022,0.2635,0.0955,6.91,0.1727
120.327,0.000,0.000,0.000,0.0022,0.2635,0.0955,6.91,0.1727
120.347,0.000,0.000,0.000,0.0022,0.2635,0.0955,6.91,0.1727
120.366,0.000,0.000,0.000,0.0022,0.2635,0.0955,6.91,0.1727
120.386,0.000,0.000,0.000,0.0022,0.2635,0.0955,6.91,0.1727
120.406,0.000,0.000,0.000,0.0022,0.2635,0.0955,6.91,0.1727
120.426,0.000,0.000,0.000,0.0022,0.2635,0.0955,6.91,0.1727
120.446,0.000,0.000,0.000,0.0022,0.2635,0.0955,6.91,0.1727
120.466,0.000,0.000,0.000,0.0022,0.2635,0.0955,6.91,0.1727
120.486,0.000,0.000,0.000,0.0022,0.2635,0.0955,6.91,0.1727
120.506,0.000,0.000,0.000,0.0022,0.2635,0.0955,6.91,0.1727
120.526,0.000,0.000,0.000,0.0022,0.2635,0.0955,6.91,0.1727
120.546,0.000,0.000,0.000,0.0022,0.2635,0.0955,6.91,0.1727
120.567,0.000,0.000,0.000,0.0022,0.2635,0.0955,6.91,0.1727
120.586,0.000,0.000,0.000,0.0022,0.2635,0.0955,6.91,0.1727
120.606,0.000,0.000,0.000,0.0022,0.2635,0.0955,6.91,0.1727
120.627,0.000,0.000,0.000,0.0022,0.2635,0.0955,6.91,0.1727
120.647,0.000,0.000,0.000,0.0022,0.2635,0.0955,6.91,0.1727
120.666,0.000,0.000,0.000,0.0022,0.2635,0.0955,6.91,0.1727
120.686,0.000,0.000,0.000,0.0022,0.2635,0.0955,6.91,0.1727
120.706,0.000,0.000,0.000,0.0022,0.2635,0.0955,6.91,0.1727
120.726,0.000,0.000,0.000,0.0022,0.2635,0.0955,6.91,0.1727
120.746,0.000,0.000,0.000,0.0022,0.2635,0.0955,6.91,0.1727
120.766,0.000,0.000,0.000,0.0022,0.2635,0.0955,6.91,0.1727
120.786,0.000,0.000,0.000,0.0022,0.2635,0.0955,6.91,0.1727
120.807,0.000,0.000,0.000,0.0022,0.2635,0.0955,6.91,0.1727
120.826,0.000,0.000,0.000,0.0022,0.2635,0.0955,6.91,0.1727
120.846,0.000,0.000,0.000,0.0022,0.2635,0.0955,6.91,0.1727
120.867,0.000,0.000,0.000,0.0022,0.2635,0.0955,6.91,0.1727
120.886,0.000,0.000,0.000,0.0022,0.2635,0.0955,6.91,0.1727
120.906,0.000,0.000,0.000,0.0022,0.2635,0.0955,6.91,0.1727
120.926,0.000,0.000,0.000,0.0022,0.2635,0.0955,6.91,0.1727
120.946,0.000,0.000,0.000,0.0022,0.2635,0.0955,6.91,0.1727
120.967,0.000,0.000,0.000,0.0022,0.2635,0.0955,6.91,0.1727
120.986,0.000,0.000,0.000,0.0022,0.2635,0.0955,6.91,0.1727
121.006,0.000,0.000,0.000,0.0022,0.2635,0.0955,6.91,0.1727
121.027,0.000,0.000,0.000,0.0022,0.2635,0.0955,6.91,0.1727
121.046,0.000,0.000,0.000,0.0022,0.2635,0.0955,6.91,0.1727
121.066,0.000,0.000,0.000,0.0022,0.2635,0.0955,6.91,0.1727
121.086,0.000,0.000,0.000,0.0022,0.2635,0.0955,6.91,0.1727
121.106,0.000,0.000,0.000,0.0022,0.2635,0.0955,6.91,0.1727
121.127,0.000,0.000,0.000,0.0022,0.2635,0.0955,6.91,0.1727
121.148,0.000,0.000,0.000,0.0022,0.2635,0.0955,6.91,0.1727
121.167,0.000,0.000,0.000,0.0022,0.2635,0.0955,6.91,0.1727
121.186,0.000,0.000,0.000,0.0022,0.2635,0.0955,6.91,0.1727
121.206,0.000,0.000,0.000,0.0022,0.2635,0.0955,6.91,0.1727
121.227,0.000,0.000,0.000,0.0022,0.2635,0.0955,6.91,0.1727
121.247,0.000,0.000,0.000,0.0022,0.2635,0.0955,6.91,0.1727
121.266,0.000,0.000,0.000,0.0022,0.2635,0.0955,6.91,0.1727
121.286,0.000,0.000,0.000,0.0022,0.2635,0.0955,6.91,0.1727
121.306,0.000,0.000,0.000,0.0022,0.2635,0.0955,6.91,0.1727
121.327,0.000,0.000,0.000,0.0022,0.2635,0.0955,6.91,0.1727
121.346,0.000,0.000,0.000,0.0022,0.2635,0.0955,6.91,0.1727
121.367,0.000,0.000,0.000,0.0022,0.2635,0.0955,6.91,0.1727
121.387,0.000,0.000,0.000,0.0022,0.2635,0.0955,6.91,0.1727
121.406,0.000,0.000,0.000,0.0022,0.2635,0.0955,6.91,0.1727
121.426,0.000,0.000,0.000,0.0022,0.2635,0.0955,6.91,0.1727
121.447,0.000,0.000,0.000,0.0022,0.2635,0.0955,6.91,0.1727
121.466,0.000,0.000,0.000,0.0022,0.2635,0.0955,6.91,0.1727
121.486,0.000,0.000,0.000,0.0022,0.2635,0.0955,6.91,0.1727
121.506,0.000,0.000,0.000,0.0022,0.2635,0.0955,6.91,0.1727
121.527,0.000,0.000,0.000,0.0022,0.2635,0.0955,6.91,0.1727
121.546,0.000,0.000,0.000,0.0022,0.2635,0.0955,6.91,0.1727
121.566,0.000,0.000,0.000,0.0022,0.2635,0.0955,6.91,0.1727
121.587,0.000,0.000,0.000,0.0022,0.2635,0.0955,6.91,0.1727
121.607,0.000,0.000,0.000,0.0022,0.2635,0.0955,6.91,0.1727
121.627,0.000,0.000,0.000,0.0022,0.2635,0.0955,6.91,0.1727
121.646,0.000,0.000,0.000,0.0022,0.2635,0.0955,6.91,0.1727
121.666,0.000,0.000,0.000,0.0022,0.2635,0.0955,6.91,0.1727
121.686,0.000,0.000,0.000,0.0022,0.2635,0.0955,6.91,0.1727
121.706,0.000,0.000,0.000,0.0022,0.2635,0.0955,6.91,0.1727
121.726,0.000,0.000,0.000,0.0022,0.2635,0.0955,6.91,0.1727
121.746,0.000,0.000,0.000,0.0022,0.2635,0.0955,6.91,0.1727
121.766,0.000,0.000,0.000,0.0022,0.2635,0.0955,6.91,0.1727
121.786,0.000,0.000,0.000,0.0022,0.2635,0.0955,6.91,0.1727
121.806,0.000,0.000,0.000,0.0022,0.2635,0.0955,6.91,0.1727
121.827,0.000,0.000,0.000,0.0022,0.2635,0.0955,6.91,0.1727
121.846,0.000,0.000,0.000,0.0022,0.2635,0.0955,6.91,0.1727
121.866,0.000,0.000,0.000,0.0022,0.2635,0.0955,6.91,0.1727
121.886,0.000,0.000,0.000,0.0022,0.2635,0.0955,6.91,0.1727
121.906,0.000,0.000,0.000,0.0022,0.2635,0.0955,6.91,0.1727
121.927,0.000,0.000,0.000,0.0022,0.2635,0.0955,6.91,0.1727
121.947,0.000,0.000,0.000,0.0022,0.2635,0.0955,6.91,0.1727
121.967,0.000,0.000,0.000,0.0022,0.2635,0.0955,6.91,0.1727
121.986,0.000,0.000,0.000,0.0022,0.2635,0.0955,6.91,0.1727
122.006,0.000,0.000,0.000,0.0022,0.2635,0.0955,6.91,0.1727
122.027,0.000,0.000,0.000,0.0022,0.2635,0.0955,6.91,0.1727
122.047,0.000,0.000,0.000,0.0022,0.2635,0.0955,6.91,0.1727
122.066,0.000,0.000,0.000,0.0022,0.2635,0.0955,6.91,0.1727
122.086,0.000,0.000,0.000,0.0022,0.2635,0.0955,6.91,0.1727
122.107,0.000,0.000,0.000,0.0022,0.2635,0.0955,6.91,0.1727
122.126,0.000,0.000,0.000,0.0022,0.2635,0.0955,6.91,0.1727
122.147,0.000,0.000,0.000,0.0022,0.2635,0.0955,6.91,0.1727
122.166,0.000,0.000,0.000,0.0022,0.2635,0.0955,6.91,0.1727
122.186,0.000,0.000,0.000,0.0022,0.2635,0.0955,6.91,0.1727
122.206,0.000,0.000,0.000,0.0022,0.2635,0.0955,6.91,0.1727
122.227,0.000,0.000,0.000,0.0022,0.2635,0.0955,6.91,0.1727
122.247,0.000,0.000,0.000,0.0022,0.2635,0.0955,6.91,0.1727
122.266,0.000,0.000,0.000,0.0022,0.2635,0.0955,6.91,0.1727
122.286,0.000,0.000,0.000,0.0022,0.2635,0.0955,6.91,0.1727
122.306,0.000,0.000,0.000,0.0022,0.2635,0.0955,6.91,0.1727
122.326,0.000,0.000,0.000,0.0022,0.2635,0.0955,6.91,0.1727
122.346,0.000,0.000,0.000,0.0022,0.2635,0.0955,6.91,0.1727
122.366,0.000,0.000,0.000,0.0022,0.2635,0.0955,6.91,0.1727
122.386,0.000,0.000,0.000,0.0022,0.2635,0.0955,6.91,0.1727
122.406,0.000,0.000,0.000,0.0022,0.2635,0.0955,6.91,0.1727
122.426,0.000,0.000,0.000,0.0022,0.2635,0.0955,6.91,0.1727
122.447,0.000,0.000,0.000,0.0022,0.2635,0.0955,6.91,0.1727
122.466,0.000,0.000,0.000,0.0022,0.2635,0.0955,6.91,0.1727
122.486,0.000,0.000,0.000,0.0022,0.2635,0.0955,6.91,0.1727
122.506,0.000,0.000,0.000,0.0022,0.2635,0.0955,6.91,0.1727
122.527,0.000,0.000,0.000,0.0022,0.2635,0.0955,6.91,0.1727
122.548,0.000,0.000,0.000,0.0022,0.2635,0.0955,6.91,0.1727
122.566,0.000,0.000,0.000,0.0022,0.2635,0.0955,6.91,0.1727
122.586,0.000,0.000,0.000,0.0022,0.2635,0.0955,6.91,0.1727
122.606,0.000,0.000,0.000,0.0022,0.2635,0.0955,6.91,0.1727
122.627,0.000,0.000,0.000,0.0022,0.2635,0.0955,6.91,0.1727
122.647,0.000,0.000,0.000,0.0022,0.2635,0.0955,6.91,0.1727
122.666,0.000,0.000,0.000,0.0022,0.2635,0.0955,6.91,0.1727
122.686,0.000,0.000,0.000,0.0022,0.2635,0.0955,6.91,0.1727
122.706,0.000,0.000,0.000,0.0022,0.2635,0.0955,6.91,0.1727
122.726,0.000,0.000,0.000,0.0022,0.2635,0.0955,6.91,0.1727
122.747,0.000,0.000,0.000,0.0022,0.2635,0.0955,6.91,0.1727
122.766,0.000,0.000,0.000,0.0022,0.2635,0.0955,6.91,0.1727
122.786,0.000,0.000,0.000,0.0022,0.2635,0.0955,6.91,0.1727
122.806,0.000,0.000,0.000,0.0022,0.2635,0.0955,6.91,0.1727
122.827,0.000,0.000,0.000,0.0022,0.2635,0.0955,6.91,0.1727
122.848,0.000,0.000,0.000,0.0022,0.2635,0.0955,6.91,0.1727
122.867,0.000,0.000,0.000,0.0022,0.2635,0.0955,6.91,0.1727
122.886,0.000,0.000,0.000,0.0022,0.2635,0.0955,6.91,0.1727
122.906,0.000,0.000,0.000,0.0022,0.2635,0.0955,6.91,0.1727
122.927,0.000,0.000,0.000,0.0022,0.2635,0.0955,6.91,0.1727
122.946,0.000,0.000,0.000,0.0022,0.2635,0.0955,6.91,0.1727
122.967,0.000,0.000,0.000,0.0022,0.2635,0.0955,6.91,0.1727
122.986,0.000,0.000,0.000,0.0022,0.2635,0.0955,6.91,0.1727
123.007,0.000,0.000,0.000,0.0022,0.2635,0.0955,6.91,0.1727
123.026,0.000,0.000,0.000,0.0022,0.2635,0.0955,6.91,0.1727
123.046,0.000,0.000,0.000,0.0022,0.2635,0.0955,6.91,0.1727
123.066,0.000,0.000,0.000,0.0022,0.2635,0.0955,6.91,0.1727
123.086,0.000,0.000,0.000,0.0022,0.2635,0.0955,6.91,0.1727
123.107,0.000,0.000,0.000,0.0022,0.2635,0.0955,6.91,0.1727
123.127,0.000,0.000,0.000,0.0022,0.2635,0.0955,6.91,0.1727
123.147,0.000,0.000,0.000,0.0022,0.2635,0.0955,6.91,0.1727
123.166,0.000,0.000,0.000,0.0022,0.2635,0.0955,6.91,0.1727
123.187,0.000,0.000,0.000,0.0022,0.2635,0.0955,6.91,0.1727
123.206,0.000,0.000,0.000,0.0022,0.2635,0.0955,6.91,0.1727
123.227,0.000,0.000,0.000,0.0022,0.2635,0.0955,6.91,0.1727
123.246,0.000,0.000,0.000,0.0022,0.2635,0.0955,6.91,0.1727
123.267,0.000,0.000,0.000,0.0022,0.2635,0.0955,6.91,0.1727
123.286,0.000,0.000,0.000,0.0022,0.2635,0.0955,6.91,0.1727
123.306,0.000,0.000,0.000,0.0022,0.2635,0.0955,6.91,0.1727
123.327,0.000,0.000,0.000,0.0022,0.2635,0.0955,6.91,0.1727
123.347,0.000,0.000,0.000,0.0022,0.2635,0.0955,6.91,0.1727
123.366,0.000,0.000,0.000,0.0022,0.2635,0.0955,6.91,0.1727
123.386,0.000,0.000,0.000,0.0022,0.2635,0.0955,6.91,0.1727
123.406,0.000,0.000,0.000,0.0022,0.2635,0.0955,6.91,0.1727
123.426,0.000,0.000,0.000,0.0022,0.2635,0.0955,6.91,0.1727
123.446,0.000,0.000,0.000,0.0022,0.2635,0.0955,6.91,0.1727
123.466,0.000,0.000,0.000,0.0022,0.2635,0.0955,6.91,0.1727
123.486,0.000,0.000,0.000,0.0022,0.2635,0.0955,6.91,0.1727
123.507,0.000,0.000,0.000,0.0022,0.2635,0.0955,6.91,0.1727
123.527,0.000,0.000,0.000,0.0022,0.2635,0.0955,6.91,0.1727
123.546,0.000,0.000,0.000,0.0022,0.2635,0.0955,6.91,0.1727
123.566,0.000,0.000,0.000,0.0022,0.2635,0.0955,6.91,0.1727
123.586,0.000,0.000,0.000,0.0022,0.2635,0.0955,6.91,0.1727
123.607,0.000,0.000,0.000,0.0022,0.2635,0.0955,6.91,0.1727
123.627,0.000,0.000,0.000,0.0022,0.2635,0.0955,6.91,0.1727
123.647,0.000,0.000,0.000,0.0022,0.2635,0.0955,6.91,0.1727
123.667,0.000,0.000,0.000,0.0022,0.2635,0.0955,6.91,0.1727
123.687,0.000,0.000,0.000,0.0022,0.2635,0.0955,6.91,0.1727
123.706,0.000,0.000,0.000,0.0022,0.2635,0.0955,6.91,0.1727
123.727,0.000,0.000,0.000,0.0022,0.2635,0.0955,6.91,0.1727
123.747,0.000,0.000,0.000,0.0022,0.2635,0.0955,6.91,0.1727
123.767,0.000,0.000,0.000,0.0022,0.2635,0.0955,6.91,0.1727
123.786,0.000,0.000,0.000,0.0022,0.2635,0.0955,6.91,0.1727
123.807,0.000,0.000,0.000,0.0022,0.2635,0.0955,6.91,0.1727
123.826,0.000,0.000,0.000,0.0022,0.2635,0.0955,6.91,0.1727
123.849,0.000,0.000,0.000,0.0022,0.2635,0.0955,6.91,0.1727
123.866,0.000,0.000,0.000,0.0022,0.2635,0.0955,6.91,0.1727
123.887,0.000,0.000,0.000,0.0022,0.2635,0.0955,6.91,0.1727
123.907,0.000,0.000,0.000,0.0022,0.2635,0.0955,6.91,0.1727
123.928,0.000,0.000,0.000,0.0022,0.2635,0.0955,6.91,0.1727
123.947,0.000,0.000,0.000,0.0022,0.2635,0.0955,6.91,0.1727
123.967,0.000,0.000,0.000,0.0022,0.2635,0.0955,6.91,0.1727
123.986,0.000,0.000,0.000,0.0022,0.2635,0.0955,6.91,0.1727
124.006,0.000,0.000,0.000,0.0022,0.2635,0.0955,6.91,0.1727
124.027,0.000,0.000,0.000,0.0022,0.2635,0.0955,6.91,0.1727
124.047,0.000,0.000,0.000,0.0022,0.2635,0.0955,6.91,0.1727
124.068,0.000,0.000,0.000,0.0022,0.2635,0.0955,6.91,0.1727
124.086,0.000,0.000,0.000,0.0022,0.2635,0.0955,6.91,0.1727
124.107,0.000,0.000,0.000,0.0022,0.2635,0.0955,6.91,0.1727
124.128,0.000,0.000,0.000,0.0022,0.2635,0.0955,6.91,0.1727
124.147,0.000,0.000,0.000,0.0022,0.2635,0.0955,6.91,0.1727
124.167,0.000,0.000,0.000,0.0022,0.2635,0.0955,6.91,0.1727
124.186,0.000,0.000,0.000,0.0022,0.2635,0.0955,6.91,0.1727
124.207,0.000,0.000,0.000,0.0022,0.2635,0.0955,6.91,0.1727
124.227,0.000,0.000,0.000,0.0022,0.2635,0.0955,6.91,0.1727
124.246,0.000,0.000,0.000,0.0022,0.2635,0.0955,6.91,0.1727
124.267,0.000,0.000,0.000,0.0022,0.2635,0.0955,6.91,0.1727
124.286,0.000,0.000,0.000,0.0022,0.2635,0.0955,6.91,0.1727
124.307,0.000,0.000,0.000,0.0022,0.2635,0.0955,6.91,0.1727
124.327,0.000,0.000,0.000,0.0022,0.2635,0.0955,6.91,0.1727
124.347,0.000,0.000,0.000,0.0022,0.2635,0.0955,6.91,0.1727
124.366,0.000,0.000,0.000,0.0022,0.2635,0.0955,6.91,0.1727
124.386,0.000,0.000,0.000,0.0022,0.2635,0.0955,6.91,0.1727
124.407,0.000,0.000,0.000,0.0022,0.2635,0.0955,6.91,0.1727
124.426,0.000,0.000,0.000,0.0022,0.2635,0.0955,6.91,0.1727
124.447,0.000,0.000,0.000,0.0022,0.2635,0.0955,6.91,0.1727
124.467,0.000,0.000,0.000,0.0022,0.2635,0.0955,6.91,0.1727
124.487,0.000,0.000,0.000,0.0022,0.2635,0.0955,6.91,0.1727
124.507,0.000,0.000,0.000,0.0022,0.2635,0.0955,6.91,0.1727
124.527,0.000,0.000,0.000,0.0022,0.2635,0.0955,6.91,0.1727
124.547,0.000,0.000,0.000,0.0022,0.2635,0.0955,6.91,0.1727
124.567,0.000,0.000,0.000,0.0022,0.2635,0.0955,6.91,0.1727
124.586,0.000,0.000,0.000,0.0022,0.2635,0.0955,6.91,0.1727
124.607,0.000,0.000,0.000,0.0022,0.2635,0.0955,6.91,0.1727
124.628,0.000,0.000,0.000,0.0022,0.2635,0.0955,6.91,0.1727
124.647,0.000,0.000,0.000,0.0022,0.2635,0.0955,6.91,0.1727
124.667,0.000,0.000,0.000,0.0022,0.2635,0.0955,6.91,0.1727
124.686,0.000,0.000,0.000,0.0022,0.2635,0.0955,6.91,0.1727
124.707,0.000,0.000,0.000,0.0022,0.2635,0.0955,6.91,0.1727
124.727,0.000,0.000,0.000,0.0022,0.2635,0.0955,6.91,0.1727
124.746,0.000,0.000,0.000,0.0022,0.2635,0.0955,6.91,0.1727
124.766,0.000,0.000,0.000,0.0022,0.2635,0.0955,6.91,0.1727
124.787,0.000,0.000,0.000,0.0022,0.2635,0.0955,6.91,0.1727
124.807,0.000,0.000,0.000,0.0022,0.2635,0.0955,6.91,0.1727
124.827,0.000,0.000,0.000,0.0022,0.2635,0.0955,6.91,0.1727
124.847,0.000,0.000,0.000,0.0022,0.2635,0.0955,6.91,0.1727
124.867,0.000,0.000,0.000,0.0022,0.2635,0.0955,6.91,0.1727
124.886,0.000,0.000,0.000,0.0022,0.2635,0.0955,6.91,0.1727
124.907,0.000,0.000,0.000,0.0022,0.2635,0.0955,6.91,0.1727
124.927,0.000,0.000,0.000,0.0022,0.2635,0.0955,6.91,0.1727
124.949,0.000,0.000,0.000,0.0022,0.2635,0.0955,6.91,0.1727
124.966,0.000,0.000,0.000,0.0022,0.2635,0.0955,6.91,0.1727
124.986,0.000,0.000,0.000,0.0022,0.2635,0.0955,6.91,0.1727
125.009,0.000,0.000,0.000,0.0022,0.2635,0.0955,6.91,0.1727
125.028,0.000,0.000,0.000,0.0022,0.2635,0.0955,6.91,0.1727
125.048,0.000,0.000,0.000,0.0022,0.2635,0.0955,6.91,0.1727
125.067,0.000,0.000,0.000,0.0022,0.2635,0.0955,6.91,0.1727
125.087,0.000,0.000,0.000,0.0022,0.2635,0.0955,6.91,0.1727
125.107,0.000,0.000,0.000,0.0022,0.2635,0.0955,6.91,0.1727
125.126,0.000,0.000,0.000,0.0022,0.2635,0.0955,6.91,0.1727
125.147,0.000,0.000,0.000,0.0022,0.2635,0.0955,6.91,0.1727
125.166,0.000,0.000,0.000,0.0022,0.2635,0.0955,6.91,0.1727
125.188,0.000,0.000,0.000,0.0022,0.2635,0.0955,6.91,0.1727
125.206,0.000,0.000,0.000,0.0022,0.2635,0.0955,6.91,0.1727
125.227,0.000,0.000,0.000,0.0022,0.2635,0.0955,6.91,0.1727
125.246,0.000,0.000,0.000,0.0022,0.2635,0.0955,6.91,0.1727
125.266,0.000,0.000,0.000,0.0022,0.2635,0.0955,6.91,0.1727
125.286,0.000,0.000,0.000,0.0022,0.2635,0.0955,6.91,0.1727
125.306,0.000,0.000,0.000,0.0022,0.2635,0.0955,6.91,0.1727
125.327,0.000,0.000,0.000,0.0022,0.2635,0.0955,6.91,0.1727
125.347,0.000,0.000,0.000,0.0022,0.2635,0.0955,6.91,0.1727
125.369,0.000,0.000,0.000,0.0022,0.2635,0.0955,6.91,0.1727
125.386,0.000,0.000,0.000,0.0022,0.2635,0.0955,6.91,0.1727
125.406,0.000,0.000,0.000,0.0022,0.2635,0.0955,6.91,0.1727
125.427,0.000,0.000,0.000,0.0022,0.2635,0.0955,6.91,0.1727
125.446,0.000,0.000,0.000,0.0022,0.2635,0.0955,6.91,0.1727
125.466,0.000,0.000,0.000,0.0022,0.2635,0.0955,6.91,0.1727
125.487,0.000,0.000,0.000,0.0022,0.2635,0.0955,6.91,0.1727
125.507,0.000,0.000,0.000,0.0022,0.2635,0.0955,6.91,0.1727
125.526,0.000,0.000,0.000,0.0022,0.2635,0.0955,6.91,0.1727
125.546,0.000,0.000,0.000,0.0022,0.2635,0.0955,6.91,0.1727
125.567,0.000,0.000,0.000,0.0022,0.2635,0.0955,6.91,0.1727
125.586,0.000,0.000,0.000,0.0022,0.2635,0.0955,6.91,0.1727
125.607,0.000,0.000,0.000,0.0022,0.2635,0.0955,6.91,0.1727
125.627,0.000,0.000,0.000,0.0022,0.2635,0.0955,6.91,0.1727
125.646,0.000,0.000,0.000,0.0022,0.2635,0.0955,6.91,0.1727
125.667,0.000,0.000,0.000,0.0022,0.2635,0.0955,6.91,0.1727
125.686,0.000,0.000,0.000,0.0022,0.2635,0.0955,6.91,0.1727
125.707,0.000,0.000,0.000,0.0022,0.2635,0.0955,6.91,0.1727
125.726,0.000,0.000,0.000,0.0022,0.2635,0.0955,6.91,0.1727
125.747,0.000,0.000,0.000,0.0022,0.2635,0.0955,6.91,0.1727
125.766,0.000,0.000,0.000,0.0022,0.2635,0.0955,6.91,0.1727
125.786,0.000,0.000,0.000,0.0022,0.2635,0.0955,6.91,0.1727
125.806,0.000,0.000,0.000,0.0022,0.2635,0.0955,6.91,0.1727
125.827,0.000,0.000,0.000,0.0022,0.2635,0.0956,6.91,0.1727
125.847,0.000,0.000,0.000,0.0022,0.2635,0.0956,6.91,0.1727
125.866,0.000,0.000,0.000,0.0022,0.2635,0.0956,6.91,0.1727
125.886,0.000,0.000,0.000,0.0022,0.2635,0.0956,6.91,0.1727
125.907,0.000,0.000,0.000,0.0022,0.2635,0.0956,6.91,0.1727
125.926,0.000,0.000,0.000,0.0022,0.2635,0.0956,6.91,0.1727
125.947,0.000,0.000,0.000,0.0022,0.2635,0.0956,6.91,0.1727
125.973,0.000,0.000,0.000,0.0022,0.2635,0.0956,6.91,0.1727
125.986,0.000,0.000,0.000,0.0022,0.2635,0.0956,6.91,0.1727
126.007,0.000,0.000,0.000,0.0022,0.2635,0.0956,6.91,0.1727
126.027,0.000,0.000,0.000,0.0022,0.2635,0.0956,6.91,0.1727
126.046,0.000,0.000,0.000,0.0022,0.2635,0.0956,6.91,0.1727
126.066,0.000,0.000,0.000,0.0022,0.2635,0.0956,6.91,0.1727
126.086,0.000,0.000,0.000,0.0022,0.2635,0.0956,6.91,0.1727
126.107,0.000,0.000,0.000,0.0022,0.2635,0.0956,6.91,0.1727
126.127,0.000,0.000,0.000,0.0022,0.2635,0.0956,6.91,0.1727
126.148,0.000,0.000,0.000,0.0022,0.2635,0.0956,6.91,0.1727
126.167,0.000,0.000,0.000,0.0022,0.2635,0.0956,6.91,0.1727
126.186,0.000,0.000,0.000,0.0022,0.2635,0.0956,6.91,0.1727
126.206,0.000,0.000,0.000,0.0022,0.2635,0.0956,6.91,0.1727
126.228,0.000,0.000,0.000,0.0022,0.2635,0.0956,6.91,0.1727
126.247,0.000,0.000,0.000,0.0022,0.2635,0.0956,6.91,0.1727
126.266,0.000,0.000,0.000,0.0022,0.2635,0.0956,6.91,0.1727
126.286,0.000,0.000,0.000,0.0022,0.2635,0.0956,6.91,0.1727
126.306,0.000,0.000,0.000,0.0022,0.2635,0.0956,6.91,0.1727
126.328,0.000,0.000,0.000,0.0022,0.2635,0.0956,6.91,0.1727
126.346,0.000,0.000,0.000,0.0022,0.2635,0.0956,6.91,0.1727
126.366,0.000,0.000,0.000,0.0022,0.2635,0.0956,6.91,0.1727
126.386,0.000,0.000,0.000,0.0022,0.2635,0.0956,6.91,0.1727
126.406,0.000,0.000,0.000,0.0022,0.2635,0.0956,6.91,0.1727
126.427,0.000,0.000,0.000,0.0022,0.2635,0.0956,6.91,0.1727
126.446,0.000,0.000,0.000,0.0022,0.2635,0.0956,6.91,0.1727
126.466,0.000,0.000,0.000,0.0022,0.2635,0.0956,6.91,0.1727
126.486,0.000,0.000,0.000,0.0022,0.2635,0.0956,6.91,0.1727
126.506,0.000,0.000,0.000,0.0022,0.2635,0.0956,6.91,0.1727
126.526,0.000,0.000,0.000,0.0022,0.2635,0.0956,6.91,0.1727
126.546,0.000,0.000,0.000,0.0022,0.2635,0.0956,6.91,0.1727
126.566,0.000,0.000,0.000,0.0022,0.2635,0.0956,6.91,0.1727
126.586,0.000,0.000,0.000,0.0022,0.2635,0.0956,6.91,0.1727
126.606,0.000,0.000,0.000,0.0022,0.2635,0.0956,6.91,0.1727
126.628,0.000,0.000,0.000,0.0022,0.2635,0.0956,6.91,0.1727
126.646,0.000,0.000,0.000,0.0022,0.2635,0.0956,6.91,0.1727
126.666,0.000,0.000,0.000,0.0022,0.2635,0.0956,6.91,0.1727
126.686,0.000,0.000,0.000,0.0022,0.2635,0.0956,6.91,0.1727
126.706,0.000,0.000,0.000,0.0022,0.2635,0.0956,6.91,0.1727
126.727,0.000,0.000,0.000,0.0022,0.2635,0.0956,6.91,0.1727
126.747,0.000,0.000,0.000,0.0022,0.2635,0.0956,6.91,0.1727
126.766,0.000,0.000,0.000,0.0022,0.2635,0.0956,6.91,0.1727
126.786,0.000,0.000,0.000,0.0022,0.2635,0.0956,6.91,0.1727
126.806,0.000,0.000,0.000,0.0022,0.2635,0.0956,6.91,0.1727
126.826,0.000,0.000,0.000,0.0022,0.2635,0.0956,6.91,0.1727
126.847,0.000,0.000,0.000,0.0022,0.2635,0.0956,6.91,0.1727
126.867,0.000,0.000,0.000,0.0022,0.2635,0.0956,6.91,0.1727
126.887,0.000,0.000,0.000,0.0022,0.2635,0.0956,6.91,0.1727
126.906,0.000,0.000,0.000,0.0022,0.2635,0.0956,6.91,0.1727
126.927,0.000,0.000,0.000,0.0022,0.2635,0.0956,6.91,0.1727
126.946,0.000,0.000,0.000,0.0022,0.2635,0.0956,6.91,0.1727
126.967,0.000,0.000,0.000,0.0022,0.2635,0.0956,6.91,0.1727
126.986,0.000,0.000,0.000,0.0022,0.2635,0.0956,6.91,0.1727
127.007,0.000,0.000,0.000,0.0022,0.2635,0.0956,6.91,0.1727
127.027,0.000,0.000,0.000,0.0022,0.2635,0.0956,6.91,0.1727
127.048,0.000,0.000,0.000,0.0022,0.2635,0.0956,6.91,0.1727
127.068,0.000,0.000,0.000,0.0022,0.2635,0.0956,6.91,0.1727
127.086,0.000,0.000,0.000,0.0022,0.2635,0.0956,6.91,0.1727
127.106,0.000,0.000,0.000,0.0022,0.2635,0.0956,6.91,0.1727
127.126,0.000,0.000,0.000,0.0022,0.2635,0.0956,6.91,0.1727
127.146,0.000,0.000,0.000,0.0022,0.2635,0.0956,6.91,0.1727
127.167,0.000,0.000,0.000,0.0022,0.2635,0.0956,6.91,0.1727
127.186,0.000,0.000,0.000,0.0022,0.2635,0.0956,6.91,0.1727
127.206,0.000,0.000,0.000,0.0022,0.2635,0.0956,6.91,0.1727
127.227,0.000,0.000,0.000,0.0022,0.2635,0.0956,6.91,0.1727
127.247,0.000,0.000,0.000,0.0022,0.2635,0.0956,6.91,0.1727
127.266,0.000,0.000,0.000,0.0022,0.2635,0.0956,6.91,0.1727
127.286,0.000,0.000,0.000,0.0022,0.2635,0.0956,6.91,0.1727
127.306,0.000,0.000,0.000,0.0022,0.2635,0.0956,6.91,0.1727
127.326,0.000,0.000,0.000,0.0022,0.2635,0.0956,6.91,0.1727
127.346,0.000,0.000,0.000,0.0022,0.2635,0.0956,6.91,0.1727
127.366,0.000,0.000,0.000,0.0022,0.2635,0.0956,6.91,0.1727
127.386,0.000,0.000,0.000,0.0022,0.2635,0.0956,6.91,0.1727
127.408,0.000,0.000,0.000,0.0022,0.2635,0.0956,6.91,0.1727
127.426,0.000,0.000,0.000,0.0022,0.2635,0.0956,6.91,0.1727
127.447,0.000,0.000,0.000,0.0022,0.2635,0.0956,6.91,0.1727
127.466,0.000,0.000,0.000,0.0022,0.2635,0.0956,6.91,0.1727
127.486,0.000,0.000,0.000,0.0022,0.2635,0.0956,6.91,0.1727
127.507,0.000,0.000,0.000,0.0022,0.2635,0.0956,6.91,0.1727
127.528,0.000,0.000,0.000,0.0022,0.2635,0.0956,6.91,0.1727
127.546,0.000,0.000,0.000,0.0022,0.2635,0.0956,6.91,0.1727
127.566,0.000,0.000,0.000,0.0022,0.2635,0.0956,6.91,0.1727
127.587,0.000,0.000,0.000,0.0022,0.2635,0.0956,6.91,0.1727
127.607,0.000,0.000,0.000,0.0022,0.2635,0.0956,6.91,0.1727
127.626,0.000,0.000,0.000,0.0022,0.2635,0.0956,6.91,0.1727
127.648,0.000,0.000,0.000,0.0022,0.2635,0.0956,6.91,0.1727
127.666,0.000,0.000,0.000,0.0022,0.2635,0.0956,6.91,0.1727
127.686,0.000,0.000,0.000,0.0022,0.2635,0.0956,6.91,0.1727
127.707,0.000,0.000,0.000,0.0022,0.2635,0.0956,6.91,0.1727
127.727,0.000,0.000,0.000,0.0022,0.2635,0.0956,6.91,0.1727
127.747,0.000,0.000,0.000,0.0022,0.2635,0.0956,6.91,0.1727
127.767,0.000,0.000,0.000,0.0022,0.2635,0.0956,6.91,0.1727
127.787,0.000,0.000,0.000,0.0022,0.2635,0.0956,6.91,0.1727
127.807,0.000,0.000,0.000,0.0022,0.2635,0.0956,6.91,0.1727
127.827,0.000,0.000,0.000,0.0022,0.2635,0.0956,6.91,0.1727
127.847,0.000,0.000,0.000,0.0022,0.2635,0.0956,6.91,0.1727
127.867,0.000,0.000,0.000,0.0022,0.2635,0.0956,6.91,0.1727
127.886,0.000,0.000,0.000,0.0022,0.2635,0.0956,6.91,0.1727
127.906,0.000,0.000,0.000,0.0022,0.2635,0.0956,6.91,0.1727
127.927,0.000,0.000,0.000,0.0022,0.2635,0.0956,6.91,0.1727
127.947,0.000,0.000,0.000,0.0022,0.2635,0.0956,6.91,0.1727
127.966,0.000,0.000,0.000,0.0022,0.2635,0.0956,6.91,0.1727
127.986,0.000,0.000,0.000,0.0022,0.2635,0.0956,6.91,0.1727
128.007,0.000,0.000,0.000,0.0022,0.2635,0.0956,6.91,0.1727
128.027,0.000,0.000,0.000,0.0022,0.2635,0.0956,6.91,0.1727
128.046,0.000,0.000,0.000,0.0022,0.2635,0.0956,6.91,0.1727
128.067,0.000,0.000,0.000,0.0022,0.2635,0.0956,6.91,0.1727
128.086,0.000,0.000,0.000,0.0022,0.2635,0.0956,6.91,0.1727
128.107,0.000,0.000,0.000,0.0022,0.2635,0.0956,6.91,0.1727
128.127,0.000,0.000,0.000,0.0022,0.2635,0.0956,6.91,0.1727
128.147,0.000,0.000,0.000,0.0022,0.2635,0.0956,6.91,0.1727
128.167,0.000,0.000,0.000,0.0022,0.2635,0.0956,6.91,0.1727
128.186,0.000,0.000,0.000,0.0022,0.2635,0.0956,6.91,0.1727
128.206,0.000,0.000,0.000,0.0022,0.2635,0.0956,6.91,0.1727
128.226,0.000,0.000,0.000,0.0022,0.2635,0.0956,6.91,0.1727
128.247,0.000,0.000,0.000,0.0022,0.2635,0.0956,6.91,0.1727
128.266,0.000,0.000,0.000,0.0022,0.2635,0.0956,6.91,0.1727
128.286,0.000,0.000,0.000,0.0022,0.2635,0.0956,6.91,0.1727
128.306,0.000,0.000,0.000,0.0022,0.2635,0.0956,6.91,0.1727
128.327,0.000,0.000,0.000,0.0022,0.2635,0.0956,6.91,0.1727
128.346,0.000,0.000,0.000,0.0022,0.2635,0.0956,6.91,0.1727
128.366,0.000,0.000,0.000,0.0022,0.2635,0.0956,6.91,0.1727
128.386,0.000,0.000,0.000,0.0022,0.2635,0.0956,6.91,0.1727
128.406,0.000,0.000,0.000,0.0022,0.2635,0.0956,6.91,0.1727
128.427,0.000,0.000,0.000,0.0022,0.2635,0.0956,6.91,0.1727
128.447,0.000,0.000,0.000,0.0022,0.2635,0.0956,6.91,0.1727
128.467,0.000,0.000,0.000,0.0022,0.2635,0.0956,6.91,0.1727
128.486,0.000,0.000,0.000,0.0022,0.2635,0.0956,6.91,0.1727
128.507,0.000,0.000,0.000,0.0022,0.2635,0.0956,6.91,0.1727
128.527,0.000,0.000,0.000,0.0022,0.2635,0.0956,6.91,0.1727
128.546,0.000,0.000,0.000,0.0022,0.2635,0.0956,6.91,0.1727
128.566,0.000,0.000,0.000,0.0022,0.2635,0.0956,6.91,0.1727
128.586,0.000,0.000,0.000,0.0022,0.2635,0.0956,6.91,0.1727
128.607,0.000,0.000,0.000,0.0022,0.2635,0.0956,6.91,0.1727
128.627,0.000,0.000,0.000,0.0022,0.2635,0.0956,6.91,0.1727
128.647,0.000,0.000,0.000,0.0022,0.2635,0.0956,6.91,0.1727
128.667,0.000,0.000,0.000,0.0022,0.2635,0.0956,6.91,0.1727
128.686,0.000,0.000,0.000,0.0022,0.2635,0.0956,6.91,0.1727
128.707,0.000,0.000,0.000,0.0022,0.2635,0.0956,6.91,0.1727
128.727,0.000,0.000,0.000,0.0022,0.2635,0.0956,6.91,0.1727
128.746,0.000,0.000,0.000,0.0022,0.2635,0.0956,6.91,0.1727
128.766,0.000,0.000,0.000,0.0022,0.2635,0.0956,6.91,0.1727
128.786,0.000,0.000,0.000,0.0022,0.2635,0.0956,6.91,0.1727
128.806,0.000,0.000,0.000,0.0022,0.2635,0.0956,6.91,0.1727
128.827,0.000,0.000,0.000,0.0022,0.2635,0.0956,6.91,0.1727
128.847,0.000,0.000,0.000,0.0022,0.2635,0.0956,6.91,0.1727
128.866,0.000,0.000,0.000,0.0022,0.2635,0.0956,6.91,0.1727
128.886,0.000,0.000,0.000,0.0022,0.2635,0.0956,6.91,0.1727
128.906,0.000,0.000,0.000,0.0022,0.2635,0.0956,6.91,0.1727
128.927,0.000,0.000,0.000,0.0022,0.2635,0.0956,6.91,0.1727
128.947,0.000,0.000,0.000,0.0022,0.2635,0.0956,6.91,0.1727
128.967,0.000,0.000,0.000,0.0022,0.2635,0.0956,6.91,0.1727
128.986,0.000,0.000,0.000,0.0022,0.2635,0.0956,6.91,0.1727
129.007,0.000,0.000,0.000,0.0022,0.2635,0.0956,6.91,0.1727
129.027,0.000,0.000,0.000,0.0022,0.2635,0.0956,6.91,0.1727
129.047,0.000,0.000,0.000,0.0022,0.2635,0.0956,6.91,0.1727
129.066,0.000,0.000,0.000,0.0022,0.2635,0.0956,6.91,0.1727
129.086,0.000,0.000,0.000,0.0022,0.2635,0.0956,6.91,0.1727
129.107,0.000,0.000,0.000,0.0022,0.2635,0.0956,6.91,0.1727
129.126,0.000,0.000,0.000,0.0022,0.2635,0.0956,6.91,0.1727
129.146,0.000,0.000,0.000,0.0022,0.2635,0.0956,6.91,0.1727
129.166,0.000,0.000,0.000,0.0022,0.2635,0.0956,6.91,0.1727
129.186,0.000,0.000,0.000,0.0022,0.2635,0.0956,6.91,0.1727
129.206,0.000,0.000,0.000,0.0022,0.2635,0.0956,6.91,0.1727
129.226,0.000,0.000,0.000,0.0022,0.2635,0.0956,6.91,0.1727
129.246,0.000,0.000,0.000,0.0022,0.2635,0.0956,6.91,0.1727
129.267,0.000,0.000,0.000,0.0022,0.2635,0.0956,6.91,0.1727
129.286,0.000,0.000,0.000,0.0022,0.2635,0.0956,6.91,0.1727
129.307,0.000,0.000,0.000,0.0022,0.2635,0.0956,6.91,0.1727
129.326,0.000,0.000,0.000,0.0022,0.2635,0.0956,6.91,0.1727
129.347,0.000,0.000,0.000,0.0022,0.2635,0.0956,6.91,0.1727
129.367,0.000,0.000,0.000,0.0022,0.2635,0.0956,6.91,0.1727
129.387,0.000,0.000,0.000,0.0022,0.2635,0.0956,6.91,0.1727
129.407,0.000,0.000,0.000,0.0022,0.2635,0.0956,6.91,0.1727
129.427,0.000,0.000,0.000,0.0022,0.2635,0.0956,6.91,0.1727
129.448,0.000,0.000,0.000,0.0022,0.2635,0.0956,6.91,0.1727
129.467,0.000,0.000,0.000,0.0022,0.2635,0.0956,6.91,0.1727
129.486,0.000,0.000,0.000,0.0022,0.2635,0.0956,6.91,0.1727
129.506,0.000,0.000,0.000,0.0022,0.2635,0.0956,6.91,0.1727
129.526,0.000,0.000,0.000,0.0022,0.2635,0.0956,6.91,0.1727
129.547,0.000,0.000,0.000,0.0022,0.2635,0.0956,6.91,0.1727
129.567,0.000,0.000,0.000,0.0022,0.2635,0.0956,6.91,0.1726
129.587,0.000,0.000,0.000,0.0022,0.2635,0.0956,6.91,0.1726
129.607,0.000,0.000,0.000,0.0022,0.2635,0.0956,6.91,0.1726
129.627,0.000,0.000,0.000,0.0022,0.2635,0.0956,6.91,0.1726
129.647,0.000,0.000,0.000,0.0022,0.2635,0.0956,6.91,0.1726
129.666,0.000,0.000,0.000,0.0022,0.2635,0.0956,6.91,0.1726
129.687,0.000,0.000,0.000,0.0022,0.2635,0.0956,6.91,0.1726
129.707,0.000,0.000,0.000,0.0022,0.2635,0.0956,6.91,0.1726
129.727,0.000,0.000,0.000,0.0022,0.2635,0.0956,6.91,0.1726
129.747,0.000,0.000,0.000,0.0022,0.2635,0.0956,6.91,0.1726
129.766,0.000,0.000,0.000,0.0022,0.2635,0.0956,6.91,0.1726
129.787,0.000,0.000,0.000,0.0022,0.2635,0.0956,6.91,0.1726
129.806,0.000,0.000,0.000,0.0022,0.2635,0.0956,6.91,0.1726
129.827,0.000,0.000,0.000,0.0022,0.2635,0.0956,6.91,0.1726
129.846,0.000,0.000,0.000,0.0022,0.2635,0.0956,6.91,0.1726
129.866,0.000,0.000,0.000,0.0022,0.2635,0.0956,6.91,0.1726
129.887,0.000,0.000,0.000,0.0022,0.2635,0.0956,6.91,0.1726
129.906,0.000,0.000,0.000,0.0022,0.2635,0.0956,6.91,0.1726
129.927,0.000,0.000,0.000,0.0022,0.2635,0.0956,6.91,0.1726
129.946,0.000,0.000,0.000,0.0022,0.2635,0.0956,6.91,0.1726
129.967,0.000,0.000,0.000,0.0022,0.2635,0.0956,6.91,0.1726
129.987,0.000,0.000,0.000,0.0022,0.2635,0.0956,6.91,0.1726
130.006,0.000,0.000,0.000,0.0022,0.2635,0.0956,6.91,0.1726
130.028,0.000,0.000,0.000,0.0022,0.2635,0.0956,6.91,0.1726
130.047,0.000,0.000,0.000,0.0022,0.2635,0.0956,6.91,0.1726
130.066,0.000,0.000,0.000,0.0022,0.2635,0.0956,6.91,0.1726
130.086,0.000,0.000,0.000,0.0022,0.2635,0.0956,6.91,0.1726
130.106,0.000,0.000,0.000,0.0022,0.2635,0.0956,6.91,0.1726
130.126,0.000,0.000,0.000,0.0022,0.2635,0.0956,6.91,0.1726
130.147,0.000,0.000,0.000,0.0022,0.2635,0.0956,6.91,0.1726
130.167,0.000,0.000,0.000,0.0022,0.2635,0.0956,6.91,0.1726
130.187,0.000,0.000,0.000,0.0022,0.2635,0.0956,6.91,0.1726
130.207,0.000,0.000,0.000,0.0022,0.2635,0.0956,6.91,0.1726
130.227,0.000,0.000,0.000,0.0022,0.2635,0.0956,6.91,0.1726
130.246,0.000,0.000,0.000,0.0022,0.2635,0.0956,6.91,0.1726
130.266,0.000,0.000,0.000,0.0022,0.2635,0.0956,6.91,0.1726
130.286,0.000,0.000,0.000,0.0022,0.2635,0.0956,6.91,0.1726
130.307,0.000,0.000,0.000,0.0022,0.2635,0.0956,6.91,0.1726
130.327,0.000,0.000,0.000,0.0022,0.2635,0.0956,6.91,0.1726
130.346,0.000,0.000,0.000,0.0022,0.2635,0.0956,6.91,0.1726
130.366,0.000,0.000,0.000,0.0022,0.2635,0.0956,6.91,0.1726
130.386,0.000,0.000,0.000,0.0022,0.2635,0.0956,6.91,0.1726
130.406,0.000,0.000,0.000,0.0022,0.2635,0.0956,6.91,0.1726
130.426,0.000,0.000,0.000,0.0022,0.2635,0.0956,6.91,0.1726
130.449,0.000,0.000,0.000,0.0022,0.2635,0.0956,6.91,0.1726
130.466,0.000,0.000,0.000,0.0022,0.2635,0.0956,6.91,0.1726
130.486,0.000,0.000,0.000,0.0022,0.2635,0.0956,6.91,0.1726
130.507,0.000,0.000,0.000,0.0022,0.2635,0.0956,6.91,0.1726
130.527,0.000,0.000,0.000,0.0022,0.2635,0.0956,6.91,0.1726
130.547,0.000,0.000,0.000,0.0022,0.2635,0.0956,6.91,0.1726
130.566,0.000,0.000,0.000,0.0022,0.2635,0.0956,6.91,0.1726
130.586,0.000,0.000,0.000,0.0022,0.2635,0.0956,6.91,0.1726
130.606,0.000,0.000,0.000,0.0022,0.2635,0.0956,6.91,0.1726
130.626,0.000,0.000,0.000,0.0022,0.2635,0.0956,6.91,0.1726
130.646,0.000,0.000,0.000,0.0022,0.2635,0.0956,6.91,0.1726
130.666,0.000,0.000,0.000,0.0022,0.2635,0.0956,6.91,0.1726
130.686,0.000,0.000,0.000,0.0022,0.2635,0.0956,6.91,0.1726
130.706,0.000,0.000,0.000,0.0022,0.2635,0.0956,6.91,0.1726
130.727,0.000,0.000,0.000,0.0022,0.2635,0.0956,6.91,0.1726
130.747,0.000,0.000,0.000,0.0022,0.2635,0.0956,6.91,0.1726
130.766,0.000,0.000,0.000,0.0022,0.2635,0.0956,6.91,0.1726
130.786,0.000,0.000,0.000,0.0022,0.2635,0.0956,6.91,0.1726
130.807,0.000,0.000,0.000,0.0022,0.2635,0.0956,6.91,0.1726
130.826,0.000,0.000,0.000,0.0022,0.2635,0.0956,6.91,0.1726
130.846,0.000,0.000,0.000,0.0022,0.2635,0.0956,6.91,0.1726
130.866,0.000,0.000,0.000,0.0022,0.2635,0.0956,6.91,0.1726
130.886,0.000,0.000,0.000,0.0022,0.2635,0.0956,6.91,0.1726
130.907,0.000,0.000,0.000,0.0022,0.2635,0.0956,6.91,0.1726
130.927,0.000,0.000,0.000,0.0022,0.2635,0.0956,6.91,0.1726
130.946,0.000,0.000,0.000,0.0022,0.2635,0.0956,6.91,0.1726
130.966,0.000,0.000,0.000,0.0022,0.2635,0.0956,6.91,0.1726
130.986,0.000,0.000,0.000,0.0022,0.2635,0.0956,6.91,0.1726
131.006,0.000,0.000,0.000,0.0022,0.2635,0.0956,6.91,0.1726
131.028,0.000,0.000,0.000,0.0022,0.2635,0.0956,6.91,0.1726
131.047,0.000,0.000,0.000,0.0022,0.2635,0.0956,6.91,0.1726
131.067,0.000,0.000,0.000,0.0022,0.2635,0.0956,6.91,0.1726
131.087,0.000,0.000,0.000,0.0022,0.2635,0.0956,6.91,0.1726
131.107,0.000,0.000,0.000,0.0022,0.2635,0.0956,6.91,0.1726
131.127,0.000,0.000,0.000,0.0022,0.2635,0.0956,6.91,0.1726
131.146,0.000,0.000,0.000,0.0022,0.2635,0.0956,6.91,0.1726
131.166,0.000,0.000,0.000,0.0022,0.2635,0.0956,6.91,0.1726
131.186,0.000,0.000,0.000,0.0022,0.2635,0.0956,6.91,0.1726
131.207,0.000,0.000,0.000,0.0022,0.2635,0.0956,6.91,0.1726
131.226,0.000,0.000,0.000,0.0022,0.2635,0.0956,6.91,0.1726
131.246,0.000,0.000,0.000,0.0022,0.2635,0.0956,6.91,0.1726
131.266,0.000,0.000,0.000,0.0022,0.2635,0.0956,6.91,0.1726
131.286,0.000,0.000,0.000,0.0022,0.2635,0.0956,6.91,0.1726
131.307,0.000,0.000,0.000,0.0022,0.2635,0.0956,6.91,0.1726
131.327,0.000,0.000,0.000,0.0022,0.2635,0.0956,6.91,0.1726
131.347,0.000,0.000,0.000,0.0022,0.2635,0.0956,6.91,0.1726
131.367,0.000,0.000,0.000,0.0022,0.2635,0.0956,6.91,0.1726
131.387,0.000,0.000,0.000,0.0022,0.2635,0.0956,6.91,0.1726
131.406,0.000,0.000,0.000,0.0022,0.2635,0.0956,6.91,0.1726
131.426,0.000,0.000,0.000,0.0022,0.2635,0.0956,6.91,0.1726
131.446,0.000,0.000,0.000,0.0022,0.2635,0.0956,6.91,0.1726
131.466,0.000,0.000,0.000,0.0022,0.2635,0.0956,6.91,0.1726
131.486,0.000,0.000,0.000,0.0022,0.2635,0.0956,6.91,0.1726
131.506,0.000,0.000,0.000,0.0022,0.2635,0.0956,6.91,0.1726
131.527,0.000,0.000,0.000,0.0022,0.2635,0.0956,6.91,0.1726
131.546,0.000,0.000,0.000,0.0022,0.2635,0.0956,6.91,0.1726
131.567,0.000,0.000,0.000,0.0022,0.2635,0.0956,6.91,0.1726
131.586,0.000,0.000,0.000,0.0022,0.2635,0.0956,6.91,0.1726
131.607,0.000,0.000,0.000,0.0022,0.2635,0.0956,6.91,0.1726
131.626,0.000,0.000,0.000,0.0022,0.2635,0.0956,6.91,0.1726
131.647,0.000,0.000,0.000,0.0022,0.2635,0.0956,6.91,0.1726
131.666,0.000,0.000,0.000,0.0022,0.2635,0.0956,6.91,0.1726
131.686,0.000,0.000,0.000,0.0022,0.2635,0.0956,6.91,0.1726
131.706,0.000,0.000,0.000,0.0022,0.2635,0.0956,6.91,0.1726
131.727,0.000,0.000,0.000,0.0022,0.2635,0.0956,6.91,0.1726
131.747,0.000,0.000,0.000,0.0022,0.2635,0.0956,6.91,0.1726
131.766,0.000,0.000,0.000,0.0022,0.2635,0.0956,6.91,0.1726
131.786,0.000,0.000,0.000,0.0022,0.2635,0.0956,6.91,0.1726
131.807,0.000,0.000,0.000,0.0022,0.2635,0.0956,6.91,0.1726
131.829,0.000,0.000,0.000,0.0022,0.2635,0.0956,6.91,0.1726
131.847,0.000,0.000,0.000,0.0022,0.2635,0.0956,6.91,0.1726
131.866,0.000,0.000,0.000,0.0022,0.2635,0.0956,6.91,0.1726
131.886,0.000,0.000,0.000,0.0022,0.2635,0.0956,6.91,0.1726
131.907,0.000,0.000,0.000,0.0022,0.2635,0.0956,6.91,0.1726
131.927,0.000,0.000,0.000,0.0022,0.2635,0.0956,6.91,0.1726
131.947,0.000,0.000,0.000,0.0022,0.2635,0.0956,6.91,0.1726
131.966,0.000,0.000,0.000,0.0022,0.2635,0.0956,6.91,0.1726
131.986,0.000,0.000,0.000,0.0022,0.2635,0.0956,6.91,0.1726
132.006,0.000,0.000,0.000,0.0022,0.2635,0.0956,6.91,0.1726
132.027,0.000,0.000,0.000,0.0022,0.2635,0.0956,6.91,0.1726
132.047,0.000,0.000,0.000,0.0022,0.2635,0.0956,6.91,0.1726
132.067,0.000,0.000,0.000,0.0022,0.2635,0.0956,6.91,0.1726
132.086,0.000,0.000,0.000,0.0022,0.2635,0.0956,6.91,0.1726
132.106,0.000,0.000,0.000,0.0022,0.2635,0.0956,6.91,0.1726
132.126,0.000,0.000,0.000,0.0022,0.2635,0.0956,6.91,0.1726
132.146,0.000,0.000,0.000,0.0022,0.2635,0.0956,6.91,0.1726
132.166,0.000,0.000,0.000,0.0022,0.2635,0.0956,6.91,0.1726
132.186,0.000,0.000,0.000,0.0022,0.2635,0.0956,6.91,0.1726
132.206,0.000,0.000,0.000,0.0022,0.2635,0.0956,6.91,0.1726
132.227,0.000,0.000,0.000,0.0022,0.2635,0.0956,6.91,0.1726
132.247,0.000,0.000,0.000,0.0022,0.2635,0.0956,6.91,0.1726
132.267,0.000,0.000,0.000,0.0022,0.2635,0.0956,6.91,0.1726
132.286,0.000,0.000,0.000,0.0022,0.2635,0.0956,6.91,0.1726
132.307,0.000,0.000,0.000,0.0022,0.2635,0.0956,6.91,0.1726
132.327,0.000,0.000,0.000,0.0022,0.2635,0.0956,6.91,0.1726
132.346,0.000,0.000,0.000,0.0022,0.2635,0.0956,6.91,0.1726
132.367,0.000,0.000,0.000,0.0022,0.2635,0.0956,6.91,0.1726
132.386,0.000,0.000,0.000,0.0022,0.2635,0.0956,6.91,0.1726
132.406,0.000,0.000,0.000,0.0022,0.2635,0.0956,6.91,0.1726
132.427,0.000,0.000,0.000,0.0022,0.2635,0.0956,6.91,0.1726
132.447,0.000,0.000,0.000,0.0022,0.2635,0.0956,6.91,0.1726
132.467,0.000,0.000,0.000,0.0022,0.2635,0.0956,6.91,0.1726
132.486,0.000,0.000,0.000,0.0022,0.2635,0.0956,6.91,0.1726
132.507,0.000,0.000,0.000,0.0022,0.2635,0.0956,6.91,0.1726
132.527,0.000,0.000,0.000,0.0022,0.2635,0.0956,6.91,0.1726
132.547,0.000,0.000,0.000,0.0022,0.2635,0.0956,6.91,0.1726
132.567,0.000,0.000,0.000,0.0022,0.2635,0.0956,6.91,0.1726
132.586,0.000,0.000,0.000,0.0022,0.2635,0.0956,6.91,0.1726
132.606,0.000,0.000,0.000,0.0022,0.2635,0.0956,6.91,0.1726
132.626,0.000,0.000,0.000,0.0022,0.2635,0.0956,6.91,0.1726
132.647,0.000,0.000,0.000,0.0022,0.2635,0.0956,6.91,0.1726
132.667,0.000,0.000,0.000,0.0022,0.2635,0.0956,6.91,0.1726
132.686,0.000,0.000,0.000,0.0022,0.2635,0.0956,6.91,0.1726
132.707,0.000,0.000,0.000,0.0022,0.2635,0.0956,6.91,0.1726
132.727,0.000,0.000,0.000,0.0022,0.2635,0.0956,6.91,0.1726
132.747,0.000,0.000,0.000,0.0022,0.2635,0.0956,6.91,0.1726
132.766,0.000,0.000,0.000,0.0022,0.2635,0.0956,6.91,0.1726
132.786,0.000,0.000,0.000,0.0022,0.2635,0.0956,6.91,0.1726
132.807,0.000,0.000,0.000,0.0022,0.2635,0.0956,6.91,0.1726
132.827,0.000,0.000,0.000,0.0022,0.2635,0.0956,6.91,0.1726
132.847,0.000,0.000,0.000,0.0022,0.2635,0.0956,6.91,0.1726
132.866,0.000,0.000,0.000,0.0022,0.2635,0.0956,6.91,0.1726
132.886,0.000,0.000,0.000,0.0022,0.2635,0.0956,6.91,0.1726
132.907,0.000,0.000,0.000,0.0022,0.2635,0.0956,6.91,0.1726
132.926,0.000,0.000,0.000,0.0022,0.2635,0.0956,6.91,0.1726
132.947,0.000,0.000,0.000,0.0022,0.2635,0.0956,6.91,0.1726
132.966,0.000,0.000,0.000,0.0022,0.2635,0.0956,6.91,0.1726
132.986,0.000,0.000,0.000,0.0022,0.2635,0.0956,6.91,0.1726
133.006,0.000,0.000,0.000,0.0022,0.2635,0.0956,6.91,0.1726
133.026,0.000,0.000,0.000,0.0022,0.2635,0.0956,6.91,0.1726
133.047,0.000,0.000,0.000,0.0022,0.2635,0.0956,6.91,0.1726
133.066,0.000,0.000,0.000,0.0022,0.2635,0.0956,6.91,0.1726
133.086,0.000,0.000,0.000,0.0022,0.2635,0.0956,6.91,0.1726
133.106,0.000,0.000,0.000,0.0022,0.2635,0.0956,6.91,0.1726
133.126,0.000,0.000,0.000,0.0022,0.2635,0.0956,6.91,0.1726
133.146,0.000,0.000,0.000,0.0022,0.2635,0.0956,6.91,0.1726
133.166,0.000,0.000,0.000,0.0022,0.2635,0.0956,6.91,0.1726
133.186,0.000,0.000,0.000,0.0022,0.2635,0.0956,6.91,0.1726
133.206,0.000,0.000,0.000,0.0022,0.2635,0.0956,6.91,0.1726
133.227,0.000,0.000,0.000,0.0022,0.2635,0.0956,6.91,0.1726
133.246,0.000,0.000,0.000,0.0022,0.2635,0.0956,6.91,0.1726
133.268,0.000,0.000,0.000,0.0022,0.2635,0.0956,6.91,0.1726
133.286,0.000,0.000,0.000,0.0022,0.2635,0.0956,6.91,0.1726
133.306,0.000,0.000,0.000,0.0022,0.2635,0.0956,6.91,0.1726
133.326,0.000,0.000,0.000,0.0022,0.2635,0.0956,6.91,0.1726
133.346,0.000,0.000,0.000,0.0022,0.2635,0.0956,6.91,0.1726
133.366,0.000,0.000,0.000,0.0022,0.2635,0.0956,6.91,0.1726
133.386,0.000,0.000,0.000,0.0022,0.2635,0.0956,6.91,0.1726
133.406,0.000,0.000,0.000,0.0022,0.2635,0.0956,6.91,0.1726
133.426,0.000,0.000,0.000,0.0022,0.2635,0.0956,6.90,0.1726
133.446,0.000,0.000,0.000,0.0022,0.2635,0.0956,6.90,0.1726
133.466,0.000,0.000,0.000,0.0022,0.2635,0.0956,6.90,0.1726
133.486,0.000,0.000,0.000,0.0022,0.2635,0.0956,6.90,0.1726
133.506,0.000,0.000,0.000,0.0022,0.2635,0.0956,6.90,0.1726
133.526,0.000,0.000,0.000,0.0022,0.2635,0.0956,6.90,0.1726
133.547,0.000,0.000,0.000,0.0022,0.2635,0.0956,6.90,0.1726
133.566,0.000,0.000,0.000,0.0022,0.2635,0.0956,6.90,0.1726
133.587,0.000,0.000,0.000,0.0022,0.2635,0.0956,6.90,0.1726
133.606,0.000,0.000,0.000,0.0022,0.2635,0.0956,6.90,0.1726
133.627,0.000,0.000,0.000,0.0022,0.2635,0.0956,6.90,0.1726
133.648,0.000,0.000,0.000,0.0022,0.2635,0.0956,6.90,0.1726
133.666,0.000,0.000,0.000,0.0022,0.2635,0.0956,6.90,0.1726
133.686,0.000,0.000,0.000,0.0022,0.2635,0.0956,6.90,0.1726
133.706,0.000,0.000,0.000,0.0022,0.2635,0.0956,6.90,0.1726
133.726,0.000,0.000,0.000,0.0022,0.2635,0.0956,6.90,0.1726
133.746,0.000,0.000,0.000,0.0022,0.2635,0.0956,6.90,0.1726
133.766,0.000,0.000,0.000,0.0022,0.2635,0.0956,6.90,0.1726
133.786,0.000,0.000,0.000,0.0022,0.2635,0.0956,6.90,0.1726
133.806,0.000,0.000,0.000,0.0022,0.2635,0.0956,6.90,0.1726
133.826,0.000,0.000,0.000,0.0022,0.2635,0.0956,6.90,0.1726
133.846,0.000,0.000,0.000,0.0022,0.2635,0.0956,6.90,0.1726
133.866,0.000,0.000,0.000,0.0022,0.2635,0.0956,6.90,0.1726
133.886,0.000,0.000,0.000,0.0022,0.2635,0.0956,6.90,0.1726
133.906,0.000,0.000,0.000,0.0022,0.2635,0.0956,6.90,0.1726
133.926,0.000,0.000,0.000,0.0022,0.2635,0.0956,6.90,0.1726
133.947,0.000,0.000,0.000,0.0022,0.2635,0.0956,6.90,0.1726
133.966,0.000,0.000,0.000,0.0022,0.2635,0.0956,6.90,0.1726
133.986,0.000,0.000,0.000,0.0022,0.2635,0.0956,6.90,0.1726
134.006,0.000,0.000,0.000,0.0022,0.2635,0.0956,6.90,0.1726
134.026,0.000,0.000,0.000,0.0022,0.2635,0.0956,6.90,0.1726
134.046,0.000,0.000,0.000,0.0022,0.2635,0.0956,6.90,0.1726
134.066,0.000,0.000,0.000,0.0022,0.2635,0.0957,6.90,0.1726
134.086,0.000,0.000,0.000,0.0022,0.2635,0.0957,6.90,0.1726
134.107,0.000,0.000,0.000,0.0022,0.2635,0.0957,6.90,0.1726
134.127,0.000,0.000,0.000,0.0022,0.2635,0.0957,6.90,0.1726
134.147,0.000,0.000,0.000,0.0022,0.2635,0.0957,6.90,0.1726
134.166,0.000,0.000,0.000,0.0022,0.2635,0.0957,6.90,0.1726
134.186,0.000,0.000,0.000,0.0022,0.2635,0.0957,6.90,0.1726
134.207,0.000,0.000,0.000,0.0022,0.2635,0.0957,6.90,0.1726
134.227,0.000,0.000,0.000,0.0022,0.2635,0.0957,6.90,0.1726
134.246,0.000,0.000,0.000,0.0022,0.2635,0.0957,6.90,0.1726
134.266,0.000,0.000,0.000,0.0022,0.2635,0.0957,6.90,0.1726
134.286,0.000,0.000,0.000,0.0022,0.2635,0.0957,6.90,0.1726
134.306,0.000,0.000,0.000,0.0022,0.2635,0.0957,6.90,0.1726
134.327,0.000,0.000,0.000,0.0022,0.2635,0.0957,6.90,0.1726
134.346,0.000,0.000,0.000,0.0022,0.2635,0.0957,6.90,0.1726
134.366,0.000,0.000,0.000,0.0022,0.2635,0.0957,6.90,0.1726
134.386,0.000,0.000,0.000,0.0022,0.2635,0.0957,6.90,0.1726
134.406,0.000,0.000,0.000,0.0022,0.2635,0.0957,6.90,0.1726
134.426,0.000,0.000,0.000,0.0022,0.2635,0.0957,6.90,0.1726
134.446,0.000,0.000,0.000,0.0022,0.2635,0.0957,6.90,0.1726
134.466,0.000,0.000,0.000,0.0022,0.2635,0.0957,6.90,0.1726
134.486,0.000,0.000,0.000,0.0022,0.2635,0.0957,6.90,0.1726
134.507,0.000,0.000,0.000,0.0022,0.2635,0.0957,6.90,0.1726
134.527,0.000,0.000,0.000,0.0022,0.2635,0.0957,6.90,0.1726
134.546,0.000,0.000,0.000,0.0022,0.2635,0.0957,6.90,0.1726
134.566,0.000,0.000,0.000,0.0022,0.2635,0.0957,6.90,0.1726
134.586,0.000,0.000,0.000,0.0022,0.2635,0.0957,6.90,0.1726
134.606,0.000,0.000,0.000,0.0022,0.2635,0.0957,6.90,0.1726
134.628,0.000,0.000,0.000,0.0022,0.2635,0.0957,6.90,0.1726
134.647,0.000,0.000,0.000,0.0022,0.2635,0.0957,6.90,0.1726
134.667,0.000,0.000,0.000,0.0022,0.2635,0.0957,6.90,0.1726
134.688,0.000,0.000,0.000,0.0022,0.2635,0.0957,6.90,0.1726
134.707,0.000,0.000,0.000,0.0022,0.2635,0.0957,6.90,0.1726
134.727,0.000,0.000,0.000,0.0022,0.2635,0.0957,6.90,0.1726
134.747,0.000,0.000,0.000,0.0022,0.2635,0.0957,6.90,0.1726
134.766,0.000,0.000,0.000,0.0022,0.2635,0.0957,6.90,0.1726
134.786,0.000,0.000,0.000,0.0022,0.2635,0.0957,6.90,0.1726
134.807,0.000,0.000,0.000,0.0022,0.2635,0.0957,6.90,0.1726
134.826,0.000,0.000,0.000,0.0022,0.2635,0.0957,6.90,0.1726
134.847,0.000,0.000,0.000,0.0022,0.2635,0.0957,6.90,0.1726
134.866,0.000,0.000,0.000,0.0022,0.2635,0.0957,6.90,0.1726
134.886,0.000,0.000,0.000,0.0022,0.2635,0.0957,6.90,0.1726
134.907,0.000,0.000,0.000,0.0022,0.2635,0.0957,6.90,0.1726
134.926,0.000,0.000,0.000,0.0022,0.2635,0.0957,6.90,0.1726
134.947,0.000,0.000,0.000,0.0022,0.2635,0.0957,6.90,0.1726
134.966,0.000,0.000,0.000,0.0022,0.2635,0.0957,6.90,0.1726
134.986,0.000,0.000,0.000,0.0022,0.2635,0.0957,6.90,0.1726
135.006,0.000,0.000,0.000,0.0022,0.2635,0.0957,6.90,0.1726
135.027,0.000,0.000,0.000,0.0022,0.2635,0.0957,6.90,0.1726
135.046,0.000,0.000,0.000,0.0022,0.2635,0.0957,6.90,0.1726
135.066,0.000,0.000,0.000,0.0022,0.2635,0.0957,6.90,0.1726
135.086,0.000,0.000,0.000,0.0022,0.2635,0.0957,6.90,0.1726
135.106,0.000,0.000,0.000,0.0022,0.2635,0.0957,6.90,0.1726
135.126,0.000,0.000,0.000,0.0022,0.2635,0.0957,6.90,0.1726
135.147,0.000,0.000,0.000,0.0022,0.2635,0.0957,6.90,0.1726
135.166,0.000,0.000,0.000,0.0022,0.2635,0.0957,6.90,0.1726
135.186,0.000,0.000,0.000,0.0022,0.2635,0.0957,6.90,0.1726
135.206,0.000,0.000,0.000,0.0022,0.2635,0.0957,6.90,0.1726
135.226,0.000,0.000,0.000,0.0022,0.2635,0.0957,6.90,0.1726
135.245,0.000,0.000,0.000,0.0022,0.2635,0.0957,6.90,0.1726
135.266,0.000,0.000,0.000,0.0022,0.2635,0.0957,6.90,0.1726
135.286,0.000,0.000,0.000,0.0022,0.2635,0.0957,6.90,0.1726
135.307,0.000,0.000,0.000,0.0022,0.2635,0.0957,6.90,0.1726
135.326,0.000,0.000,0.000,0.0022,0.2635,0.0957,6.90,0.1726
135.346,0.000,0.000,0.000,0.0022,0.2635,0.0957,6.90,0.1726
135.367,0.000,0.000,0.000,0.0022,0.2635,0.0957,6.90,0.1726
135.387,0.000,0.000,0.000,0.0022,0.2635,0.0957,6.90,0.1726
135.407,0.000,0.000,0.000,0.0022,0.2635,0.0957,6.90,0.1726
135.427,0.000,0.000,0.000,0.0022,0.2635,0.0957,6.90,0.1726
135.446,0.000,0.000,0.000,0.0022,0.2635,0.0957,6.90,0.1726
135.466,0.000,0.000,0.000,0.0022,0.2635,0.0957,6.90,0.1726
135.486,0.000,0.000,0.000,0.0022,0.2635,0.0957,6.90,0.1726
135.506,0.000,0.000,0.000,0.0022,0.2635,0.0957,6.90,0.1726
135.527,0.000,0.000,0.000,0.0022,0.2635,0.0957,6.90,0.1726
135.547,0.000,0.000,0.000,0.0022,0.2635,0.0957,6.90,0.1726
135.567,0.000,0.000,0.000,0.0022,0.2635,0.0957,6.90,0.1726
135.586,0.000,0.000,0.000,0.0022,0.2635,0.0957,6.90,0.1726
135.606,0.000,0.000,0.000,0.0022,0.2635,0.0957,6.90,0.1726
135.627,0.000,0.000,0.000,0.0022,0.2635,0.0957,6.90,0.1726
135.646,0.000,0.000,0.000,0.0022,0.2635,0.0957,6.90,0.1726
135.667,0.000,0.000,0.000,0.0022,0.2635,0.0957,6.90,0.1726
135.687,0.000,0.000,0.000,0.0022,0.2635,0.0957,6.90,0.1726
135.707,0.000,0.000,0.000,0.0022,0.2635,0.0957,6.90,0.1726
135.727,0.000,0.000,0.000,0.0022,0.2635,0.0957,6.90,0.1726
135.747,0.000,0.000,0.000,0.0022,0.2635,0.0957,6.90,0.1726
135.766,0.000,0.000,0.000,0.0022,0.2635,0.0957,6.90,0.1726
135.786,0.000,0.000,0.000,0.0022,0.2635,0.0957,6.90,0.1726
135.806,0.000,0.000,0.000,0.0022,0.2635,0.0957,6.90,0.1726
135.827,0.000,0.000,0.000,0.0022,0.2635,0.0957,6.90,0.1726
135.847,0.000,0.000,0.000,0.0022,0.2635,0.0957,6.90,0.1726
135.866,0.000,0.000,0.000,0.0022,0.2635,0.0957,6.90,0.1726
135.886,0.000,0.000,0.000,0.0022,0.2635,0.0957,6.90,0.1726
135.907,0.000,0.000,0.000,0.0022,0.2635,0.0957,6.90,0.1726
135.927,0.000,0.000,0.000,0.0022,0.2635,0.0957,6.90,0.1726
135.946,0.000,0.000,0.000,0.0022,0.2635,0.0957,6.90,0.1726
135.967,0.000,0.000,0.000,0.0022,0.2635,0.0957,6.90,0.1726
135.987,0.000,0.000,0.000,0.0022,0.2635,0.0957,6.90,0.1726
136.007,0.000,0.000,0.000,0.0022,0.2635,0.0957,6.90,0.1726
136.027,0.000,0.000,0.000,0.0022,0.2635,0.0957,6.90,0.1726
136.046,0.000,0.000,0.000,0.0022,0.2635,0.0957,6.90,0.1726
136.066,0.000,0.000,0.000,0.0022,0.2635,0.0957,6.90,0.1726
136.086,0.000,0.000,0.000,0.0022,0.2635,0.0957,6.90,0.1726
136.106,0.000,0.000,0.000,0.0022,0.2635,0.0957,6.90,0.1726
136.127,0.000,0.000,0.000,0.0022,0.2635,0.0957,6.90,0.1726
136.147,0.000,0.000,0.000,0.0022,0.2635,0.0957,6.90,0.1726
136.166,0.000,0.000,0.000,0.0022,0.2635,0.0957,6.90,0.1726
136.186,0.000,0.000,0.000,0.0022,0.2635,0.0957,6.90,0.1726
136.207,0.000,0.000,0.000,0.0022,0.2635,0.0957,6.90,0.1726
136.226,0.000,0.000,0.000,0.0022,0.2635,0.0957,6.90,0.1726
136.247,0.000,0.000,0.000,0.0022,0.2635,0.0957,6.90,0.1726
136.266,0.000,0.000,0.000,0.0022,0.2635,0.0957,6.90,0.1726
136.286,0.000,0.000,0.000,0.0022,0.2635,0.0957,6.90,0.1726
136.307,0.000,0.000,0.000,0.0022,0.2635,0.0957,6.90,0.1726
136.327,0.000,0.000,0.000,0.0022,0.2635,0.0957,6.90,0.1726
136.347,0.000,0.000,0.000,0.0022,0.2635,0.0957,6.90,0.1726
136.368,0.000,0.000,0.000,0.0022,0.2635,0.0957,6.90,0.1726
136.386,0.000,0.000,0.000,0.0022,0.2635,0.0957,6.90,0.1726
136.406,0.000,0.000,0.000,0.0022,0.2635,0.0957,6.90,0.1726
136.426,0.000,0.000,0.000,0.0022,0.2635,0.0957,6.90,0.1726
136.447,0.000,0.000,0.000,0.0022,0.2635,0.0957,6.90,0.1726
136.466,0.000,0.000,0.000,0.0022,0.2635,0.0957,6.90,0.1726
136.486,0.000,0.000,0.000,0.0022,0.2635,0.0957,6.90,0.1726
136.506,0.000,0.000,0.000,0.0022,0.2635,0.0957,6.90,0.1726
136.527,0.000,0.000,0.000,0.0022,0.2635,0.0957,6.90,0.1726
136.546,0.000,0.000,0.000,0.0022,0.2635,0.0957,6.90,0.1726
136.566,0.000,0.000,0.000,0.0022,0.2635,0.0957,6.90,0.1726
136.586,0.000,0.000,0.000,0.0022,0.2635,0.0957,6.90,0.1726
136.606,0.000,0.000,0.000,0.0022,0.2635,0.0957,6.90,0.1726
136.627,0.000,0.000,0.000,0.0022,0.2635,0.0957,6.90,0.1726
136.646,0.000,0.000,0.000,0.0022,0.2635,0.0957,6.90,0.1726
136.666,0.000,0.000,0.000,0.0022,0.2635,0.0957,6.90,0.1726
136.686,0.000,0.000,0.000,0.0022,0.2635,0.0957,6.90,0.1726
136.706,0.000,0.000,0.000,0.0022,0.2635,0.0957,6.90,0.1726
136.726,0.000,0.000,0.000,0.0022,0.2635,0.0957,6.90,0.1726
136.746,0.000,0.000,0.000,0.0022,0.2635,0.0957,6.90,0.1726
136.766,0.000,0.000,0.000,0.0022,0.2635,0.0957,6.90,0.1726
136.786,0.000,0.000,0.000,0.0022,0.2635,0.0957,6.90,0.1726
136.807,0.000,0.000,0.000,0.0022,0.2635,0.0957,6.90,0.1726
136.826,0.000,0.000,0.000,0.0022,0.2635,0.0957,6.90,0.1726
136.846,0.000,0.000,0.000,0.0022,0.2635,0.0957,6.90,0.1726
136.866,0.000,0.000,0.000,0.0022,0.2635,0.0957,6.90,0.1726
136.886,0.000,0.000,0.000,0.0022,0.2635,0.0957,6.90,0.1726
136.907,0.000,0.000,0.000,0.0022,0.2635,0.0957,6.90,0.1726
136.926,0.000,0.000,0.000,0.0022,0.2635,0.0957,6.90,0.1726
136.946,0.000,0.000,0.000,0.0022,0.2635,0.0957,6.90,0.1726
136.966,0.000,0.000,0.000,0.0022,0.2635,0.0957,6.90,0.1726
136.986,0.000,0.000,0.000,0.0022,0.2635,0.0957,6.90,0.1726
137.007,0.000,0.000,0.000,0.0022,0.2635,0.0957,6.90,0.1726
137.028,0.000,0.000,0.000,0.0022,0.2635,0.0957,6.90,0.1726
137.046,0.000,0.000,0.000,0.0022,0.2635,0.0957,6.90,0.1726
137.066,0.000,0.000,0.000,0.0022,0.2635,0.0957,6.90,0.1726
137.086,0.000,0.000,0.000,0.0022,0.2635,0.0957,6.90,0.1726
137.106,0.000,0.000,0.000,0.0022,0.2635,0.0957,6.90,0.1726
137.127,0.000,0.000,0.000,0.0022,0.2635,0.0957,6.90,0.1726
137.146,0.000,0.000,0.000,0.0022,0.2635,0.0957,6.90,0.1726
137.166,0.000,0.000,0.000,0.0022,0.2635,0.0957,6.90,0.1726
137.186,0.000,0.000,0.000,0.0022,0.2635,0.0957,6.90,0.1726
137.206,0.000,0.000,0.000,0.0022,0.2635,0.0957,6.90,0.1726
137.226,0.000,0.000,0.000,0.0022,0.2635,0.0957,6.90,0.1726
137.247,0.000,0.000,0.000,0.0022,0.2635,0.0957,6.90,0.1726
137.266,0.000,0.000,0.000,0.0022,0.2635,0.0957,6.90,0.1726
137.286,0.000,0.000,0.000,0.0022,0.2635,0.0957,6.90,0.1726
137.306,0.000,0.000,0.000,0.0022,0.2635,0.0957,6.90,0.1726
137.326,0.000,0.000,0.000,0.0022,0.2635,0.0957,6.90,0.1726
137.346,0.000,0.000,0.000,0.0022,0.2635,0.0957,6.90,0.1726
137.366,0.000,0.000,0.000,0.0022,0.2635,0.0957,6.90,0.1726
137.386,0.000,0.000,0.000,0.0022,0.2635,0.0957,6.90,0.1726
137.407,0.000,0.000,0.000,0.0022,0.2635,0.0957,6.90,0.1726
137.427,0.000,0.000,0.000,0.0022,0.2635,0.0957,6.90,0.1726
137.447,0.000,0.000,0.000,0.0022,0.2635,0.0957,6.90,0.1726
137.466,0.000,0.000,0.000,0.0022,0.2635,0.0957,6.90,0.1726
137.486,0.000,0.000,0.000,0.0022,0.2635,0.0957,6.90,0.1726
137.506,0.000,0.000,0.000,0.0022,0.2635,0.0957,6.90,0.1726
137.527,0.000,0.000,0.000,0.0022,0.2635,0.0957,6.90,0.1726
137.546,0.000,0.000,0.000,0.0022,0.2635,0.0957,6.90,0.1726
137.566,0.000,0.000,0.000,0.0022,0.2635,0.0957,6.90,0.1726
137.586,0.000,0.000,0.000,0.0022,0.2635,0.0957,6.90,0.1726
137.606,0.000,0.000,0.000,0.0022,0.2635,0.0957,6.90,0.1726
137.627,0.000,0.000,0.000,0.0022,0.2635,0.0957,6.90,0.1726
137.646,0.000,0.000,0.000,0.0022,0.2635,0.0957,6.90,0.1726
137.667,0.000,0.000,0.000,0.0022,0.2635,0.0957,6.90,0.1726
137.687,0.000,0.000,0.000,0.0022,0.2635,0.0957,6.90,0.1726
137.706,0.000,0.000,0.000,0.0022,0.2635,0.0957,6.90,0.1726
137.727,0.000,0.000,0.000,0.0022,0.2635,0.0957,6.90,0.1726
137.746,0.000,0.000,0.000,0.0022,0.2635,0.0957,6.90,0.1726
137.766,0.000,0.000,0.000,0.0022,0.2635,0.0957,6.90,0.1726
137.786,0.000,0.000,0.000,0.0022,0.2635,0.0957,6.90,0.1726
137.806,0.000,0.000,0.000,0.0022,0.2635,0.0957,6.90,0.1726
137.827,0.000,0.000,0.000,0.0022,0.2635,0.0957,6.90,0.1726
137.847,0.000,0.000,0.000,0.0022,0.2635,0.0957,6.90,0.1726
137.867,0.000,0.000,0.000,0.0022,0.2635,0.0957,6.90,0.1726
137.886,0.000,0.000,0.000,0.0022,0.2635,0.0957,6.90,0.1726
137.907,0.000,0.000,0.000,0.0022,0.2635,0.0957,6.90,0.1726
137.927,0.000,0.000,0.000,0.0022,0.2635,0.0957,6.90,0.1726
137.946,0.000,0.000,0.000,0.0022,0.2635,0.0957,6.90,0.1726
137.966,0.000,0.000,0.000,0.0022,0.2635,0.0957,6.90,0.1726
137.986,0.000,0.000,0.000,0.0022,0.2635,0.0957,6.90,0.1726
138.006,0.000,0.000,0.000,0.0022,0.2635,0.0957,6.90,0.1726
138.026,0.000,0.000,0.000,0.0022,0.2635,0.0957,6.90,0.1726
138.046,0.000,0.000,0.000,0.0022,0.2635,0.0957,6.90,0.1726
138.066,0.000,0.000,0.000,0.0022,0.2635,0.0957,6.90,0.1726
138.086,0.000,0.000,0.000,0.0022,0.2635,0.0957,6.90,0.1726
138.107,0.000,0.000,0.000,0.0022,0.2635,0.0957,6.90,0.1726
138.126,0.000,0.000,0.000,0.0022,0.2635,0.0957,6.90,0.1726
138.146,0.000,0.000,0.000,0.0022,0.2635,0.0957,6.90,0.1726
138.166,0.000,0.000,0.000,0.0022,0.2635,0.0957,6.90,0.1726
138.186,0.000,0.000,0.000,0.0022,0.2635,0.0957,6.90,0.1726
138.206,0.000,0.000,0.000,0.0022,0.2635,0.0957,6.90,0.1726
138.226,0.000,0.000,0.000,0.0022,0.2635,0.0957,6.90,0.1726
138.246,0.000,0.000,0.000,0.0022,0.2635,0.0957,6.90,0.1726
138.266,0.000,0.000,0.000,0.0022,0.2635,0.0957,6.90,0.1726
138.286,0.000,0.000,0.000,0.0022,0.2635,0.0957,6.90,0.1726
138.306,0.000,0.000,0.000,0.0022,0.2635,0.0957,6.90,0.1726
138.326,0.000,0.000,0.000,0.0022,0.2635,0.0957,6.90,0.1726
138.346,0.000,0.000,0.000,0.0022,0.2635,0.0957,6.90,0.1726
138.366,0.000,0.000,0.000,0.0022,0.2635,0.0957,6.90,0.1726
138.386,0.000,0.000,0.000,0.0022,0.2635,0.0957,6.90,0.1726
138.407,0.000,0.000,0.000,0.0022,0.2635,0.0957,6.90,0.1726
138.427,0.000,0.000,0.000,0.0022,0.2635,0.0957,6.90,0.1726
138.446,0.000,0.000,0.000,0.0022,0.2635,0.0957,6.90,0.1726
138.466,0.000,0.000,0.000,0.0022,0.2635,0.0957,6.90,0.1726
138.486,0.000,0.000,0.000,0.0022,0.2635,0.0957,6.90,0.1726
138.506,0.000,0.000,0.000,0.0022,0.2635,0.0957,6.90,0.1726
138.527,0.000,0.000,0.000,0.0022,0.2635,0.0957,6.90,0.1726
138.546,0.000,0.000,0.000,0.0022,0.2635,0.0957,6.90,0.1726
138.566,0.000,0.000,0.000,0.0022,0.2635,0.0957,6.90,0.1726
138.586,0.000,0.000,0.000,0.0022,0.2635,0.0957,6.90,0.1726
138.607,0.000,0.000,0.000,0.0022,0.2635,0.0957,6.90,0.1726
138.626,0.000,0.000,0.000,0.0022,0.2635,0.0957,6.90,0.1726
138.646,0.000,0.000,0.000,0.0022,0.2635,0.0957,6.90,0.1726
138.668,0.000,0.000,0.000,0.0022,0.2635,0.0957,6.90,0.1726
138.686,0.000,0.000,0.000,0.0022,0.2635,0.0957,6.90,0.1726
138.707,0.000,0.000,0.000,0.0022,0.2635,0.0957,6.90,0.1726
138.728,0.000,0.000,0.000,0.0022,0.2635,0.0957,6.90,0.1726
138.746,0.000,0.000,0.000,0.0022,0.2635,0.0957,6.90,0.1726
138.766,0.000,0.000,0.000,0.0022,0.2635,0.0957,6.90,0.1726
138.786,0.000,0.000,0.000,0.0022,0.2635,0.0957,6.90,0.1726
138.806,0.000,0.000,0.000,0.0022,0.2635,0.0957,6.90,0.1726
138.827,0.000,0.000,0.000,0.0022,0.2635,0.0957,6.90,0.1726
138.846,0.000,0.000,0.000,0.0022,0.2635,0.0957,6.90,0.1726
138.867,0.000,0.000,0.000,0.0022,0.2635,0.0957,6.90,0.1726
138.886,0.000,0.000,0.000,0.0022,0.2635,0.0957,6.90,0.1726
138.906,0.000,0.000,0.000,0.0022,0.2635,0.0957,6.90,0.1726
138.926,0.000,0.000,0.000,0.0022,0.2635,0.0957,6.90,0.1726
138.946,0.000,0.000,0.000,0.0022,0.2635,0.0957,6.90,0.1726
138.966,0.000,0.000,0.000,0.0022,0.2635,0.0957,6.90,0.1726
138.986,0.000,0.000,0.000,0.0022,0.2635,0.0957,6.90,0.1726
139.006,0.000,0.000,0.000,0.0022,0.2635,0.0957,6.90,0.1726
139.027,0.000,0.000,0.000,0.0022,0.2635,0.0957,6.90,0.1726
139.047,0.000,0.000,0.000,0.0022,0.2635,0.0957,6.90,0.1726
139.066,0.000,0.000,0.000,0.0022,0.2635,0.0957,6.90,0.1726
139.086,0.000,0.000,0.000,0.0022,0.2635,0.0957,6.90,0.1726
139.107,0.000,0.000,0.000,0.0022,0.2635,0.0957,6.90,0.1726
139.127,0.000,0.000,0.000,0.0022,0.2635,0.0957,6.90,0.1726
139.147,0.000,0.000,0.000,0.0022,0.2635,0.0957,6.90,0.1726
139.167,0.000,0.000,0.000,0.0022,0.2635,0.0957,6.90,0.1726
139.186,0.000,0.000,0.000,0.0022,0.2635,0.0957,6.90,0.1726
139.206,0.000,0.000,0.000,0.0022,0.2635,0.0957,6.90,0.1726
139.227,0.000,0.000,0.000,0.0022,0.2635,0.0957,6.90,0.1726
139.246,0.000,0.000,0.000,0.0022,0.2635,0.0957,6.90,0.1726
139.267,0.000,0.000,0.000,0.0022,0.2635,0.0957,6.90,0.1726
139.286,0.000,0.000,0.000,0.0022,0.2635,0.0957,6.90,0.1726
139.306,0.000,0.000,0.000,0.0022,0.2635,0.0957,6.90,0.1726
139.326,0.000,0.000,0.000,0.0022,0.2635,0.0957,6.90,0.1726
139.346,0.000,0.000,0.000,0.0022,0.2635,0.0957,6.90,0.1726
139.366,0.000,0.000,0.000,0.0022,0.2635,0.0957,6.90,0.1726
139.386,0.000,0.000,0.000,0.0022,0.2635,0.0957,6.90,0.1726
139.406,0.000,0.000,0.000,0.0022,0.2635,0.0957,6.90,0.1726
139.426,0.000,0.000,0.000,0.0022,0.2635,0.0957,6.90,0.1726
139.446,0.000,0.000,0.000,0.0022,0.2635,0.0957,6.90,0.1726
139.466,0.000,0.000,0.000,0.0022,0.2635,0.0957,6.90,0.1726
139.486,0.000,0.000,0.000,0.0022,0.2635,0.0957,6.90,0.1726
139.506,0.000,0.000,0.000,0.0022,0.2635,0.0957,6.90,0.1726
139.526,0.000,0.000,0.000,0.0022,0.2635,0.0957,6.90,0.1726
139.546,0.000,0.000,0.000,0.0022,0.2635,0.0957,6.90,0.1726
139.566,0.000,0.000,0.000,0.0022,0.2635,0.0957,6.90,0.1726
139.586,0.000,0.000,0.000,0.0022,0.2635,0.0957,6.90,0.1726
139.606,0.000,0.000,0.000,0.0022,0.2635,0.0957,6.90,0.1726
139.626,0.000,0.000,0.000,0.0022,0.2635,0.0957,6.90,0.1726
139.646,0.000,0.000,0.000,0.0022,0.2635,0.0957,6.90,0.1726
139.666,0.000,0.000,0.000,0.0022,0.2635,0.0957,6.90,0.1726
139.686,0.000,0.000,0.000,0.0022,0.2635,0.0957,6.90,0.1726
139.706,0.000,0.000,0.000,0.0022,0.2635,0.0957,6.90,0.1726
139.726,0.000,0.000,0.000,0.0022,0.2635,0.0957,6.90,0.1726
139.746,0.000,0.000,0.000,0.0022,0.2635,0.0957,6.90,0.1726
139.766,0.000,0.000,0.000,0.0022,0.2635,0.0957,6.90,0.1726
139.786,0.000,0.000,0.000,0.0022,0.2635,0.0957,6.90,0.1726
139.806,0.000,0.000,0.000,0.0022,0.2635,0.0957,6.90,0.1726
139.826,0.000,0.000,0.000,0.0022,0.2635,0.0957,6.90,0.1726
139.847,0.000,0.000,0.000,0.0022,0.2635,0.0957,6.90,0.1726
139.866,0.000,0.000,0.000,0.0022,0.2635,0.0957,6.90,0.1726
139.886,0.000,0.000,0.000,0.0022,0.2635,0.0957,6.90,0.1726
139.906,0.000,0.000,0.000,0.0022,0.2635,0.0957,6.90,0.1726
139.927,0.000,0.000,0.000,0.0022,0.2635,0.0957,6.90,0.1726
139.947,0.000,0.000,0.000,0.0022,0.2635,0.0957,6.90,0.1726
139.967,0.000,0.000,0.000,0.0022,0.2635,0.0957,6.90,0.1726
139.986,0.000,0.000,0.000,0.0022,0.2635,0.0957,6.90,0.1726
140.007,0.000,0.000,0.000,0.0022,0.2635,0.0957,6.90,0.1726
140.026,0.000,0.000,0.000,0.0022,0.2635,0.0957,6.90,0.1726
140.047,0.000,0.000,0.000,0.0022,0.2635,0.0957,6.90,0.1726
140.069,0.000,0.000,0.000,0.0022,0.2635,0.0957,6.90,0.1726
140.087,0.000,0.000,0.000,0.0022,0.2635,0.0957,6.90,0.1726
140.125,0.000,0.000,0.000,0.0022,0.2635,0.0957,6.90,0.1726
140.126,0.000,0.000,0.000,0.0022,0.2635,0.0957,6.90,0.1726
140.152,0.000,0.000,0.000,0.0022,0.2635,0.0957,6.90,0.1726
140.172,0.000,0.000,0.000,0.0022,0.2635,0.0957,6.90,0.1726
140.186,0.000,0.000,0.000,0.0022,0.2635,0.0957,6.90,0.1726
140.206,0.000,0.000,0.000,0.0022,0.2635,0.0957,6.90,0.1726
140.227,0.000,0.000,0.000,0.0022,0.2635,0.0957,6.90,0.1726
140.246,0.000,0.000,0.000,0.0022,0.2635,0.0957,6.90,0.1726
140.266,0.000,0.000,0.000,0.0022,0.2635,0.0957,6.90,0.1726
140.286,0.000,0.000,0.000,0.0022,0.2635,0.0957,6.90,0.1726
140.306,0.000,0.000,0.000,0.0022,0.2635,0.0957,6.90,0.1726
140.326,0.000,0.000,0.000,0.0022,0.2635,0.0957,6.90,0.1726
140.346,0.000,0.000,0.000,0.0022,0.2635,0.0957,6.90,0.1726
140.367,0.000,0.000,0.000,0.0022,0.2635,0.0957,6.90,0.1726
140.387,0.000,0.000,0.000,0.0022,0.2635,0.0957,6.90,0.1726
140.407,0.000,0.000,0.000,0.0022,0.2635,0.0957,6.90,0.1726
140.428,0.000,0.000,0.000,0.0022,0.2635,0.0957,6.90,0.1726
140.446,0.000,0.000,0.000,0.0022,0.2635,0.0957,6.90,0.1726
140.466,0.000,0.000,0.000,0.0022,0.2635,0.0957,6.90,0.1726
140.486,0.000,0.000,0.000,0.0022,0.2635,0.0957,6.90,0.1726
140.506,0.000,0.000,0.000,0.0022,0.2635,0.0957,6.90,0.1726
140.526,0.000,0.000,0.000,0.0022,0.2635,0.0957,6.90,0.1726
140.546,0.000,0.000,0.000,0.0022,0.2635,0.0957,6.90,0.1726
140.566,0.000,0.000,0.000,0.0022,0.2635,0.0957,6.90,0.1726
140.586,0.000,0.000,0.000,0.0022,0.2635,0.0957,6.90,0.1726
140.606,0.000,0.000,0.000,0.0022,0.2635,0.0957,6.90,0.1726
140.627,0.000,0.000,0.000,0.0022,0.2635,0.0957,6.90,0.1726
140.646,0.000,0.000,0.000,0.0022,0.2635,0.0957,6.90,0.1726
140.666,0.000,0.000,0.000,0.0022,0.2635,0.0957,6.90,0.1726
140.686,0.000,0.000,0.000,0.0022,0.2635,0.0957,6.90,0.1726
140.707,0.000,0.000,0.000,0.0022,0.2635,0.0957,6.90,0.1726
140.726,0.000,0.000,0.000,0.0022,0.2635,0.0957,6.90,0.1726
140.746,0.000,0.000,0.000,0.0022,0.2635,0.0957,6.90,0.1726
140.766,0.000,0.000,0.000,0.0022,0.2635,0.0957,6.90,0.1726
140.786,0.000,0.000,0.000,0.0022,0.2635,0.0957,6.90,0.1726
140.806,0.000,0.000,0.000,0.0022,0.2635,0.0957,6.90,0.1726
140.828,0.000,0.000,0.000,0.0022,0.2635,0.0957,6.90,0.1726
140.847,0.000,0.000,0.000,0.0022,0.2635,0.0957,6.90,0.1726
140.866,0.000,0.000,0.000,0.0022,0.2635,0.0957,6.90,0.1726
140.888,0.000,0.000,0.000,0.0022,0.2635,0.0957,6.90,0.1726
140.906,0.000,0.000,0.000,0.0022,0.2635,0.0957,6.90,0.1726
140.927,0.000,0.000,0.000,0.0022,0.2635,0.0957,6.90,0.1726
140.947,0.000,0.000,0.000,0.0022,0.2635,0.0957,6.90,0.1726
140.966,0.000,0.000,0.000,0.0022,0.2635,0.0957,6.90,0.1726
140.986,0.000,0.000,0.000,0.0022,0.2635,0.0957,6.90,0.1726
141.008,0.000,0.000,0.000,0.0022,0.2635,0.0957,6.90,0.1726
141.027,0.000,0.000,0.000,0.0022,0.2635,0.0957,6.90,0.1726
141.046,0.000,0.000,0.000,0.0022,0.2635,0.0957,6.90,0.1726
141.067,0.000,0.000,0.000,0.0022,0.2635,0.0957,6.90,0.1726
141.086,0.000,0.000,0.000,0.0022,0.2635,0.0957,6.90,0.1726
141.106,0.000,0.000,0.000,0.0022,0.2635,0.0957,6.90,0.1726
141.128,0.000,0.000,0.000,0.0022,0.2635,0.0957,6.90,0.1726
141.146,0.000,0.000,0.000,0.0022,0.2635,0.0957,6.90,0.1726
141.167,0.000,0.000,0.000,0.0022,0.2635,0.0957,6.90,0.1726
141.186,0.000,0.000,0.000,0.0022,0.2635,0.0957,6.90,0.1726
141.207,0.000,0.000,0.000,0.0022,0.2635,0.0957,6.90,0.1726
141.227,0.000,0.000,0.000,0.0022,0.2635,0.0957,6.90,0.1726
141.248,0.000,0.000,0.000,0.0022,0.2635,0.0957,6.90,0.1726
141.267,0.000,0.000,0.000,0.0022,0.2635,0.0957,6.90,0.1726
141.287,0.000,0.000,0.000,0.0022,0.2635,0.0957,6.90,0.1726
141.307,0.000,0.000,0.000,0.0022,0.2635,0.0957,6.90,0.1726
141.327,0.000,0.000,0.000,0.0022,0.2635,0.0957,6.90,0.1726
141.346,0.000,0.000,0.000,0.0022,0.2635,0.0957,6.90,0.1726
141.368,0.000,0.000,0.000,0.0022,0.2635,0.0957,6.90,0.1726
141.386,0.000,0.000,0.000,0.0022,0.2635,0.0957,6.90,0.1726
141.407,0.000,0.000,0.000,0.0022,0.2635,0.0957,6.90,0.1726
141.427,0.000,0.000,0.000,0.0022,0.2635,0.0957,6.90,0.1726
141.450,0.000,0.000,0.000,0.0022,0.2635,0.0957,6.90,0.1726
141.466,0.000,0.000,0.000,0.0022,0.2635,0.0957,6.90,0.1726
141.486,0.000,0.000,0.000,0.0022,0.2635,0.0957,6.90,0.1726
141.507,0.000,0.000,0.000,0.0022,0.2635,0.0957,6.90,0.1726
141.527,0.000,0.000,0.000,0.0022,0.2635,0.0957,6.90,0.1726
141.548,0.000,0.000,0.000,0.0022,0.2635,0.0957,6.90,0.1726
141.567,0.000,0.000,0.000,0.0022,0.2635,0.0957,6.90,0.1726
141.587,0.000,0.000,0.000,0.0022,0.2635,0.0957,6.90,0.1726
141.607,0.000,0.000,0.000,0.0022,0.2635,0.0957,6.90,0.1726
141.627,0.000,0.000,0.000,0.0022,0.2635,0.0957,6.90,0.1726
141.646,0.000,0.000,0.000,0.0022,0.2635,0.0957,6.90,0.1725
141.666,0.000,0.000,0.000,0.0022,0.2635,0.0957,6.90,0.1725
141.686,0.000,0.000,0.000,0.0022,0.2635,0.0957,6.90,0.1725
141.706,0.000,0.000,0.000,0.0022,0.2635,0.0957,6.90,0.1725
141.726,0.000,0.000,0.000,0.0022,0.2635,0.0957,6.90,0.1725
141.747,0.000,0.000,0.000,0.0022,0.2635,0.0957,6.90,0.1725
141.766,0.000,0.000,0.000,0.0022,0.2635,0.0957,6.90,0.1725
141.787,0.000,0.000,0.000,0.0022,0.2635,0.0957,6.90,0.1725
141.806,0.000,0.000,0.000,0.0022,0.2635,0.0957,6.90,0.1725
141.827,0.000,0.000,0.000,0.0022,0.2635,0.0957,6.90,0.1725
141.847,0.000,0.000,0.000,0.0022,0.2635,0.0957,6.90,0.1725
141.866,0.000,0.000,0.000,0.0022,0.2635,0.0957,6.90,0.1725
141.886,0.000,0.000,0.000,0.0022,0.2635,0.0957,6.90,0.1725
141.909,0.000,0.000,0.000,0.0022,0.2635,0.0957,6.90,0.1725
141.928,0.000,0.000,0.000,0.0022,0.2635,0.0957,6.90,0.1725
141.947,0.000,0.000,0.000,0.0022,0.2635,0.0957,6.90,0.1725
141.966,0.000,0.000,0.000,0.0022,0.2635,0.0957,6.90,0.1725
141.986,0.000,0.000,0.000,0.0022,0.2635,0.0957,6.90,0.1725
142.007,0.000,0.000,0.000,0.0022,0.2635,0.0957,6.90,0.1725
142.026,0.000,0.000,0.000,0.0022,0.2635,0.0957,6.90,0.1725
142.046,0.000,0.000,0.000,0.0022,0.2635,0.0957,6.90,0.1725
142.066,0.000,0.000,0.000,0.0022,0.2635,0.0957,6.90,0.1725
142.086,0.000,0.000,0.000,0.0022,0.2635,0.0957,6.90,0.1725
142.107,0.000,0.000,0.000,0.0022,0.2635,0.0957,6.90,0.1725
142.127,0.000,0.000,0.000,0.0022,0.2635,0.0957,6.90,0.1725
142.147,0.000,0.000,0.000,0.0022,0.2635,0.0957,6.90,0.1725
142.166,0.000,0.000,0.000,0.0022,0.2635,0.0957,6.90,0.1725
142.186,0.000,0.000,0.000,0.0022,0.2635,0.0957,6.90,0.1725
142.206,0.000,0.000,0.000,0.0022,0.2635,0.0957,6.90,0.1725
142.227,0.000,0.000,0.000,0.0022,0.2635,0.0957,6.90,0.1725
142.246,0.000,0.000,0.000,0.0022,0.2635,0.0957,6.90,0.1725
142.267,0.000,0.000,0.000,0.0022,0.2635,0.0957,6.90,0.1725
142.286,0.000,0.000,0.000,0.0022,0.2635,0.0957,6.90,0.1725
142.307,0.000,0.000,0.000,0.0022,0.2635,0.0957,6.90,0.1725
142.326,0.000,0.000,0.000,0.0022,0.2635,0.0957,6.90,0.1725
142.348,0.000,0.000,0.000,0.0022,0.2635,0.0957,6.90,0.1725
142.367,0.000,0.000,0.000,0.0022,0.2635,0.0957,6.90,0.1725
142.388,0.000,0.000,0.000,0.0022,0.2635,0.0957,6.90,0.1725
142.406,0.000,0.000,0.000,0.0022,0.2635,0.0957,6.90,0.1725
142.427,0.000,0.000,0.000,0.0022,0.2635,0.0957,6.90,0.1725
142.446,0.000,0.000,0.000,0.0022,0.2635,0.0957,6.90,0.1725
142.466,0.000,0.000,0.000,0.0022,0.2635,0.0957,6.90,0.1725
142.486,0.000,0.000,0.000,0.0022,0.2635,0.0957,6.90,0.1725
142.507,0.000,0.000,0.000,0.0022,0.2635,0.0957,6.90,0.1725
142.526,0.000,0.000,0.000,0.0022,0.2635,0.0957,6.90,0.1725
142.547,0.000,0.000,0.000,0.0022,0.2635,0.0957,6.90,0.1725
142.567,0.000,0.000,0.000,0.0022,0.2635,0.0957,6.90,0.1725
142.587,0.000,0.000,0.000,0.0022,0.2635,0.0957,6.90,0.1725
142.607,0.000,0.000,0.000,0.0022,0.2635,0.0957,6.90,0.1725
142.627,0.000,0.000,0.000,0.0022,0.2635,0.0957,6.90,0.1725
142.647,0.000,0.000,0.000,0.0022,0.2635,0.0957,6.90,0.1725
142.666,0.000,0.000,0.000,0.0022,0.2635,0.0957,6.90,0.1725
142.688,0.000,0.000,0.000,0.0022,0.2635,0.0957,6.90,0.1725
142.706,0.000,0.000,0.000,0.0022,0.2635,0.0957,6.90,0.1725
142.726,0.000,0.000,0.000,0.0022,0.2635,0.0957,6.90,0.1725
142.747,0.000,0.000,0.000,0.0022,0.2635,0.0957,6.90,0.1725
142.767,0.000,0.000,0.000,0.0022,0.2635,0.0957,6.90,0.1725
142.786,0.000,0.000,0.000,0.0022,0.2635,0.0957,6.90,0.1725
142.806,0.000,0.000,0.000,0.0022,0.2635,0.0957,6.90,0.1725
142.828,0.000,0.000,0.000,0.0022,0.2635,0.0957,6.90,0.1725
142.847,0.000,0.000,0.000,0.0022,0.2635,0.0957,6.90,0.1725
142.867,0.000,0.000,0.000,0.0022,0.2635,0.0957,6.90,0.1725
142.887,0.000,0.000,0.000,0.0022,0.2635,0.0957,6.90,0.1725
142.907,0.000,0.000,0.000,0.0022,0.2635,0.0958,6.90,0.1725
142.927,0.000,0.000,0.000,0.0022,0.2635,0.0958,6.90,0.1725
142.947,0.000,0.000,0.000,0.0022,0.2635,0.0958,6.90,0.1725
142.966,0.000,0.000,0.000,0.0022,0.2635,0.0958,6.90,0.1725
142.987,0.000,0.000,0.000,0.0022,0.2635,0.0958,6.90,0.1725
143.007,0.000,0.000,0.000,0.0022,0.2635,0.0958,6.90,0.1725
143.027,0.000,0.000,0.000,0.0022,0.2635,0.0958,6.90,0.1725
143.047,0.000,0.000,0.000,0.0022,0.2635,0.0958,6.90,0.1725
143.067,0.000,0.000,0.000,0.0022,0.2635,0.0958,6.90,0.1725
143.086,0.000,0.000,0.000,0.0022,0.2635,0.0958,6.90,0.1725
143.107,0.000,0.000,0.000,0.0022,0.2635,0.0958,6.90,0.1725
143.127,0.000,0.000,0.000,0.0022,0.2635,0.0958,6.90,0.1725
143.147,0.000,0.000,0.000,0.0022,0.2635,0.0958,6.90,0.1725
143.167,0.000,0.000,0.000,0.0022,0.2635,0.0958,6.90,0.1725
143.186,0.000,0.000,0.000,0.0022,0.2635,0.0958,6.90,0.1725
143.214,0.000,0.000,0.000,0.0022,0.2635,0.0958,6.90,0.1725
143.230,0.000,0.000,0.000,0.0022,0.2635,0.0958,6.90,0.1725
143.246,0.000,0.000,0.000,0.0022,0.2635,0.0958,6.90,0.1725
143.266,0.000,0.000,0.000,0.0022,0.2635,0.0958,6.90,0.1725
143.287,0.000,0.000,0.000,0.0022,0.2635,0.0958,6.90,0.1725
143.307,0.000,0.000,0.000,0.0022,0.2635,0.0958,6.90,0.1725
143.328,0.000,0.000,0.000,0.0022,0.2635,0.0958,6.90,0.1725
143.347,0.000,0.000,0.000,0.0022,0.2635,0.0958,6.90,0.1725
143.366,0.000,0.000,0.000,0.0022,0.2635,0.0958,6.90,0.1725
143.387,0.000,0.000,0.000,0.0022,0.2635,0.0958,6.90,0.1725
143.407,0.000,0.000,0.000,0.0022,0.2635,0.0958,6.90,0.1725
143.427,0.000,0.000,0.000,0.0022,0.2635,0.0958,6.90,0.1725
143.447,0.000,0.000,0.000,0.0022,0.2635,0.0958,6.90,0.1725
143.467,0.000,0.000,0.000,0.0022,0.2635,0.0958,6.90,0.1725
143.487,0.000,0.000,0.000,0.0022,0.2635,0.0958,6.90,0.1725
143.513,0.000,0.000,0.000,0.0022,0.2635,0.0958,6.90,0.1725
143.528,0.000,0.000,0.000,0.0022,0.2635,0.0958,6.90,0.1725
143.547,0.000,0.000,0.000,0.0022,0.2635,0.0958,6.90,0.1725
143.567,0.000,0.000,0.000,0.0022,0.2635,0.0958,6.90,0.1725
143.586,0.000,0.000,0.000,0.0022,0.2635,0.0958,6.90,0.1725
143.607,0.000,0.000,0.000,0.0022,0.2635,0.0958,6.90,0.1725
143.627,0.000,0.000,0.000,0.0022,0.2635,0.0958,6.90,0.1725
143.647,0.000,0.000,0.000,0.0022,0.2635,0.0958,6.90,0.1725
143.666,0.000,0.000,0.000,0.0022,0.2635,0.0958,6.90,0.1725
143.686,0.000,0.000,0.000,0.0022,0.2635,0.0958,6.90,0.1725
143.707,0.000,0.000,0.000,0.0022,0.2635,0.0958,6.90,0.1725
143.727,0.000,0.000,0.000,0.0022,0.2635,0.0958,6.90,0.1725
143.746,0.000,0.000,0.000,0.0022,0.2635,0.0958,6.90,0.1725
143.768,0.000,0.000,0.000,0.0022,0.2635,0.0958,6.90,0.1725
143.786,0.000,0.000,0.000,0.0022,0.2635,0.0958,6.90,0.1725
143.807,0.000,0.000,0.000,0.0022,0.2635,0.0958,6.90,0.1725
143.827,0.000,0.000,0.000,0.0022,0.2635,0.0958,6.90,0.1725
143.846,0.000,0.000,0.000,0.0022,0.2635,0.0958,6.90,0.1725
143.866,0.000,0.000,0.000,0.0022,0.2635,0.0958,6.90,0.1725
143.886,0.000,0.000,0.000,0.0022,0.2635,0.0958,6.90,0.1725
143.907,0.000,0.000,0.000,0.0022,0.2635,0.0958,6.90,0.1725
143.927,0.000,0.000,0.000,0.0022,0.2635,0.0958,6.90,0.1725
143.948,0.000,0.000,0.000,0.0022,0.2635,0.0958,6.90,0.1725
143.967,0.000,0.000,0.000,0.0022,0.2635,0.0958,6.90,0.1725
143.987,0.000,0.000,0.000,0.0022,0.2635,0.0958,6.90,0.1725
144.006,0.000,0.000,0.000,0.0022,0.2635,0.0958,6.90,0.1725
144.028,0.000,0.000,0.000,0.0022,0.2635,0.0958,6.90,0.1725
144.049,0.000,0.000,0.000,0.0022,0.2635,0.0958,6.90,0.1725
144.068,0.000,0.000,0.000,0.0022,0.2635,0.0958,6.90,0.1725
144.086,0.000,0.000,0.000,0.0022,0.2635,0.0958,6.90,0.1725
144.108,0.000,0.000,0.000,0.0022,0.2635,0.0958,6.90,0.1725
144.127,0.000,0.000,0.000,0.0022,0.2635,0.0958,6.90,0.1725
144.146,0.000,0.000,0.000,0.0022,0.2635,0.0958,6.90,0.1725
144.166,0.000,0.000,0.000,0.0022,0.2635,0.0958,6.90,0.1725
144.187,0.000,0.000,0.000,0.0022,0.2635,0.0958,6.90,0.1725
144.208,0.000,0.000,0.000,0.0022,0.2635,0.0958,6.90,0.1725
144.227,0.000,0.000,0.000,0.0022,0.2635,0.0958,6.90,0.1725
144.248,0.000,0.000,0.000,0.0022,0.2635,0.0958,6.90,0.1725
144.266,0.000,0.000,0.000,0.0022,0.2635,0.0958,6.90,0.1725
144.286,0.000,0.000,0.000,0.0022,0.2635,0.0958,6.90,0.1725
144.307,0.000,0.000,0.000,0.0022,0.2635,0.0958,6.90,0.1725
144.328,0.000,0.000,0.000,0.0022,0.2635,0.0958,6.90,0.1725
144.350,0.000,0.000,0.000,0.0022,0.2635,0.0958,6.90,0.1725
144.366,0.000,0.000,0.000,0.0022,0.2635,0.0958,6.90,0.1725
144.386,0.000,0.000,0.000,0.0022,0.2635,0.0958,6.90,0.1725
144.409,0.000,0.000,0.000,0.0022,0.2635,0.0958,6.90,0.1725
144.427,0.000,0.000,0.000,0.0022,0.2635,0.0958,6.90,0.1725
144.446,0.000,0.000,0.000,0.0022,0.2635,0.0958,6.90,0.1725
144.468,0.000,0.000,0.000,0.0022,0.2635,0.0958,6.90,0.1725
144.487,0.000,0.000,0.000,0.0022,0.2635,0.0958,6.90,0.1725
144.507,0.000,0.000,0.000,0.0022,0.2635,0.0958,6.90,0.1725
144.527,0.000,0.000,0.000,0.0022,0.2635,0.0958,6.90,0.1725
144.546,0.000,0.000,0.000,0.0022,0.2635,0.0958,6.90,0.1725
144.566,0.000,0.000,0.000,0.0023,0.2635,0.0958,6.90,0.1725
144.586,0.000,0.000,0.000,0.0023,0.2635,0.0958,6.90,0.1725
144.606,0.000,0.000,0.000,0.0023,0.2635,0.0958,6.90,0.1725
144.627,0.000,0.000,0.000,0.0023,0.2635,0.0958,6.90,0.1725
144.646,0.000,0.000,0.000,0.0023,0.2635,0.0958,6.90,0.1725
144.666,0.000,0.000,0.000,0.0023,0.2635,0.0958,6.90,0.1725
144.686,0.000,0.000,0.000,0.0023,0.2635,0.0958,6.90,0.1725
144.706,0.000,0.000,0.000,0.0023,0.2635,0.0958,6.90,0.1725
144.726,0.000,0.000,0.000,0.0023,0.2635,0.0958,6.90,0.1725
144.746,0.000,0.000,0.000,0.0023,0.2635,0.0958,6.90,0.1725
144.767,0.000,0.000,0.000,0.0023,0.2635,0.0958,6.90,0.1725
144.786,0.000,0.000,0.000,0.0023,0.2635,0.0958,6.90,0.1725
144.807,0.000,0.000,0.000,0.0023,0.2635,0.0958,6.90,0.1725
144.827,0.000,0.000,0.000,0.0023,0.2635,0.0958,6.90,0.1725
144.847,0.000,0.000,0.000,0.0023,0.2635,0.0958,6.90,0.1725
144.867,0.000,0.000,0.000,0.0023,0.2635,0.0958,6.90,0.1725
144.887,0.000,0.000,0.000,0.0023,0.2635,0.0958,6.90,0.1725
144.907,0.000,0.000,0.000,0.0023,0.2635,0.0958,6.90,0.1725
144.927,0.000,0.000,0.000,0.0023,0.2635,0.0958,6.90,0.1725
144.947,0.000,0.000,0.000,0.0023,0.2635,0.0958,6.90,0.1725
144.967,0.000,0.000,0.000,0.0023,0.2635,0.0958,6.90,0.1725
144.987,0.000,0.000,0.000,0.0023,0.2635,0.0958,6.90,0.1725
145.009,0.000,0.000,0.000,0.0023,0.2635,0.0958,6.90,0.1725
145.027,0.000,0.000,0.000,0.0023,0.2635,0.0958,6.90,0.1725
145.047,0.000,0.000,0.000,0.0023,0.2635,0.0958,6.90,0.1725
145.066,0.000,0.000,0.000,0.0023,0.2635,0.0958,6.90,0.1725
145.086,0.000,0.000,0.000,0.0023,0.2635,0.0958,6.90,0.1725
145.107,0.000,0.000,0.000,0.0023,0.2635,0.0958,6.90,0.1725
145.127,0.000,0.000,0.000,0.0023,0.2635,0.0958,6.90,0.1725
145.146,0.000,0.000,0.000,0.0023,0.2635,0.0958,6.90,0.1725
145.166,0.000,0.000,0.000,0.0023,0.2635,0.0958,6.90,0.1725
145.187,0.000,0.000,0.000,0.0023,0.2635,0.0958,6.90,0.1725
145.207,0.000,0.000,0.000,0.0023,0.2635,0.0958,6.90,0.1725
145.228,0.000,0.000,0.000,0.0023,0.2635,0.0958,6.90,0.1725
145.252,0.000,0.000,0.000,0.0023,0.2635,0.0958,6.90,0.1725
145.266,0.000,0.000,0.000,0.0023,0.2635,0.0958,6.90,0.1725
145.286,0.000,0.000,0.000,0.0023,0.2635,0.0958,6.90,0.1725
145.306,0.000,0.000,0.000,0.0023,0.2635,0.0958,6.90,0.1725
145.326,0.000,0.000,0.000,0.0023,0.2635,0.0958,6.90,0.1725
145.347,0.000,0.000,0.000,0.0023,0.2635,0.0958,6.90,0.1725
145.366,0.000,0.000,0.000,0.0023,0.2635,0.0958,6.90,0.1725
145.387,0.000,0.000,0.000,0.0023,0.2635,0.0958,6.90,0.1725
145.407,0.000,0.000,0.000,0.0023,0.2635,0.0958,6.90,0.1725
145.427,0.000,0.000,0.000,0.0023,0.2635,0.0958,6.90,0.1725
145.446,0.000,0.000,0.000,0.0023,0.2635,0.0958,6.90,0.1725
145.466,0.000,0.000,0.000,0.0023,0.2635,0.0958,6.90,0.1725
145.487,0.000,0.000,0.000,0.0023,0.2635,0.0958,6.90,0.1725
145.507,0.000,0.000,0.000,0.0023,0.2635,0.0958,6.90,0.1725
145.527,0.000,0.000,0.000,0.0023,0.2635,0.0958,6.90,0.1725
145.546,0.000,0.000,0.000,0.0023,0.2635,0.0958,6.90,0.1725
145.566,0.000,0.000,0.000,0.0023,0.2635,0.0958,6.90,0.1725
145.587,0.000,0.000,0.000,0.0023,0.2635,0.0958,6.90,0.1725
145.608,0.000,0.000,0.000,0.0023,0.2635,0.0958,6.90,0.1725
145.627,0.000,0.000,0.000,0.0023,0.2635,0.0958,6.90,0.1725
145.647,0.000,0.000,0.000,0.0023,0.2635,0.0958,6.90,0.1725
145.668,0.000,0.000,0.000,0.0023,0.2635,0.0958,6.90,0.1725
145.687,0.000,0.000,0.000,0.0023,0.2635,0.0958,6.90,0.1725
145.707,0.000,0.000,0.000,0.0023,0.2635,0.0958,6.90,0.1725
145.727,0.000,0.000,0.000,0.0023,0.2635,0.0958,6.90,0.1725
145.747,0.000,0.000,0.000,0.0023,0.2635,0.0958,6.90,0.1725
145.767,0.000,0.000,0.000,0.0023,0.2635,0.0958,6.90,0.1725
145.787,0.000,0.000,0.000,0.0023,0.2635,0.0958,6.90,0.1725
145.806,0.000,0.000,0.000,0.0023,0.2635,0.0958,6.90,0.1725
145.826,0.000,0.000,0.000,0.0023,0.2635,0.0958,6.90,0.1725
145.847,0.000,0.000,0.000,0.0023,0.2635,0.0958,6.90,0.1725
145.866,0.000,0.000,0.000,0.0023,0.2635,0.0958,6.90,0.1725
145.887,0.000,0.000,0.000,0.0023,0.2635,0.0958,6.90,0.1725
145.907,0.000,0.000,0.000,0.0023,0.2635,0.0958,6.90,0.1725
145.927,0.000,0.000,0.000,0.0023,0.2635,0.0958,6.90,0.1725
145.947,0.000,0.000,0.000,0.0023,0.2635,0.0958,6.90,0.1725
145.967,0.000,0.000,0.000,0.0023,0.2635,0.0958,6.90,0.1725
145.987,0.000,0.000,0.000,0.0023,0.2635,0.0958,6.90,0.1725
146.007,0.000,0.000,0.000,0.0023,0.2635,0.0958,6.90,0.1725
146.027,0.000,0.000,0.000,0.0023,0.2635,0.0958,6.90,0.1725
146.047,0.000,0.000,0.000,0.0023,0.2635,0.0958,6.90,0.1725
146.066,0.000,0.000,0.000,0.0023,0.2635,0.0958,6.90,0.1725
146.087,0.000,0.000,0.000,0.0023,0.2635,0.0958,6.90,0.1725
146.107,0.000,0.000,0.000,0.0023,0.2635,0.0958,6.90,0.1725
146.129,0.000,0.000,0.000,0.0023,0.2635,0.0958,6.90,0.1725
146.147,0.000,0.000,0.000,0.0023,0.2635,0.0958,6.90,0.1725
146.166,0.000,0.000,0.000,0.0023,0.2635,0.0958,6.90,0.1725
146.186,0.000,0.000,0.000,0.0023,0.2635,0.0958,6.90,0.1725
146.207,0.000,0.000,0.000,0.0023,0.2635,0.0958,6.90,0.1725
146.227,0.000,0.000,0.000,0.0023,0.2635,0.0958,6.90,0.1725
146.247,0.000,0.000,0.000,0.0023,0.2635,0.0958,6.90,0.1725
146.267,0.000,0.000,0.000,0.0023,0.2635,0.0958,6.90,0.1725
146.287,0.000,0.000,0.000,0.0023,0.2635,0.0958,6.90,0.1725
146.307,0.000,0.000,0.000,0.0023,0.2635,0.0958,6.90,0.1725
146.326,0.000,0.000,0.000,0.0023,0.2635,0.0958,6.90,0.1725
146.347,0.000,0.000,0.000,0.0023,0.2635,0.0958,6.90,0.1725
146.366,0.000,0.000,0.000,0.0023,0.2635,0.0958,6.90,0.1725
146.388,0.000,0.000,0.000,0.0023,0.2635,0.0958,6.90,0.1725
146.407,0.000,0.000,0.000,0.0023,0.2635,0.0958,6.90,0.1725
146.427,0.000,0.000,0.000,0.0023,0.2635,0.0958,6.90,0.1725
146.447,0.000,0.000,0.000,0.0023,0.2635,0.0958,6.90,0.1725
146.467,0.000,0.000,0.000,0.0023,0.2635,0.0958,6.90,0.1725
146.486,0.000,0.000,0.000,0.0023,0.2635,0.0958,6.90,0.1725
146.506,0.000,0.000,0.000,0.0023,0.2635,0.0958,6.90,0.1725
146.527,0.000,0.000,0.000,0.0023,0.2635,0.0958,6.90,0.1725
146.547,0.000,0.000,0.000,0.0023,0.2635,0.0958,6.90,0.1725
146.566,0.000,0.000,0.000,0.0023,0.2635,0.0958,6.90,0.1725
146.587,0.000,0.000,0.000,0.0023,0.2635,0.0958,6.90,0.1725
146.607,0.000,0.000,0.000,0.0023,0.2635,0.0958,6.90,0.1725
146.627,0.000,0.000,0.000,0.0023,0.2635,0.0958,6.90,0.1725
146.647,0.000,0.000,0.000,0.0023,0.2635,0.0958,6.90,0.1725
146.667,0.000,0.000,0.000,0.0023,0.2635,0.0958,6.90,0.1725
146.687,0.000,0.000,0.000,0.0023,0.2635,0.0958,6.90,0.1725
146.707,0.000,0.000,0.000,0.0023,0.2635,0.0958,6.90,0.1725
146.727,0.000,0.000,0.000,0.0023,0.2635,0.0958,6.90,0.1725
146.747,0.000,0.000,0.000,0.0023,0.2635,0.0958,6.90,0.1725
146.767,0.000,0.000,0.000,0.0023,0.2635,0.0958,6.90,0.1725
146.786,0.000,0.000,0.000,0.0023,0.2635,0.0958,6.90,0.1725
146.807,0.000,0.000,0.000,0.0023,0.2635,0.0958,6.90,0.1725
146.827,0.000,0.000,0.000,0.0023,0.2635,0.0958,6.90,0.1725
146.847,0.000,0.000,0.000,0.0023,0.2635,0.0958,6.90,0.1725
146.867,0.000,0.000,0.000,0.0023,0.2635,0.0958,6.90,0.1725
146.887,0.000,0.000,0.000,0.0023,0.2635,0.0958,6.90,0.1725
146.907,0.000,0.000,0.000,0.0023,0.2635,0.0958,6.90,0.1725
146.929,0.000,0.000,0.000,0.0023,0.2635,0.0958,6.90,0.1725
146.947,0.000,0.000,0.000,0.0023,0.2635,0.0958,6.90,0.1725
146.966,0.000,0.000,0.000,0.0023,0.2635,0.0958,6.90,0.1725
146.986,0.000,0.000,0.000,0.0023,0.2635,0.0958,6.90,0.1725
147.007,0.000,0.000,0.000,0.0023,0.2635,0.0958,6.90,0.1725
147.027,0.000,0.000,0.000,0.0023,0.2635,0.0958,6.90,0.1725
147.047,0.000,0.000,0.000,0.0023,0.2635,0.0958,6.90,0.1725
147.067,0.000,0.000,0.000,0.0023,0.2635,0.0958,6.90,0.1725
147.086,0.000,0.000,0.000,0.0023,0.2635,0.0958,6.90,0.1725
147.107,0.000,0.000,0.000,0.0023,0.2635,0.0958,6.90,0.1725
147.127,0.000,0.000,0.000,0.0023,0.2635,0.0958,6.90,0.1725
147.146,0.000,0.000,0.000,0.0023,0.2635,0.0958,6.90,0.1725
147.166,0.000,0.000,0.000,0.0023,0.2635,0.0958,6.90,0.1725
147.186,0.000,0.000,0.000,0.0023,0.2635,0.0958,6.90,0.1725
147.207,0.000,0.000,0.000,0.0023,0.2635,0.0958,6.90,0.1725
147.226,0.000,0.000,0.000,0.0023,0.2635,0.0958,6.90,0.1725
147.246,0.000,0.000,0.000,0.0023,0.2635,0.0958,6.90,0.1725
147.266,0.000,0.000,0.000,0.0023,0.2635,0.0958,6.90,0.1725
147.286,0.000,0.000,0.000,0.0023,0.2635,0.0958,6.90,0.1725
147.307,0.000,0.000,0.000,0.0023,0.2635,0.0958,6.90,0.1725
147.327,0.000,0.000,0.000,0.0023,0.2635,0.0958,6.90,0.1725
147.346,0.000,0.000,0.000,0.0023,0.2635,0.0958,6.90,0.1725
147.366,0.000,0.000,0.000,0.0023,0.2635,0.0958,6.90,0.1725
147.386,0.000,0.000,0.000,0.0023,0.2635,0.0958,6.90,0.1725
147.407,0.000,0.000,0.000,0.0023,0.2635,0.0958,6.90,0.1725
147.427,0.000,0.000,0.000,0.0023,0.2635,0.0958,6.90,0.1725
147.446,0.000,0.000,0.000,0.0023,0.2635,0.0958,6.90,0.1725
147.468,0.000,0.000,0.000,0.0023,0.2635,0.0958,6.90,0.1725
147.486,0.000,0.000,0.000,0.0023,0.2635,0.0958,6.90,0.1725
147.508,0.000,0.000,0.000,0.0023,0.2635,0.0958,6.90,0.1725
147.528,0.000,0.000,0.000,0.0023,0.2635,0.0958,6.90,0.1725
147.546,0.000,0.000,0.000,0.0023,0.2635,0.0958,6.90,0.1725
147.566,0.000,0.000,0.000,0.0023,0.2635,0.0958,6.90,0.1725
147.587,0.000,0.000,0.000,0.0023,0.2635,0.0958,6.90,0.1725
147.607,0.000,0.000,0.000,0.0023,0.2635,0.0958,6.90,0.1725
147.627,0.000,0.000,0.000,0.0023,0.2635,0.0958,6.90,0.1725
147.648,0.000,0.000,0.000,0.0023,0.2635,0.0958,6.90,0.1725
147.666,0.000,0.000,0.000,0.0023,0.2635,0.0958,6.90,0.1725
147.687,0.000,0.000,0.000,0.0023,0.2635,0.0958,6.90,0.1725
147.707,0.000,0.000,0.000,0.0023,0.2635,0.0958,6.90,0.1725
147.727,0.000,0.000,0.000,0.0023,0.2635,0.0958,6.90,0.1725
147.747,0.000,0.000,0.000,0.0023,0.2635,0.0958,6.90,0.1725
147.766,0.000,0.000,0.000,0.0023,0.2635,0.0958,6.90,0.1725
147.787,0.000,0.000,0.000,0.0023,0.2635,0.0958,6.90,0.1725
147.808,0.000,0.000,0.000,0.0023,0.2635,0.0958,6.90,0.1725
147.826,0.000,0.000,0.000,0.0023,0.2635,0.0958,6.90,0.1725
147.848,0.000,0.000,0.000,0.0023,0.2635,0.0958,6.90,0.1725
147.866,0.000,0.000,0.000,0.0023,0.2635,0.0958,6.90,0.1725
147.887,0.000,0.000,0.000,0.0023,0.2635,0.0958,6.90,0.1725
147.906,0.000,0.000,0.000,0.0023,0.2635,0.0958,6.90,0.1725
147.927,0.000,0.000,0.000,0.0023,0.2635,0.0958,6.90,0.1725
147.946,0.000,0.000,0.000,0.0023,0.2635,0.0958,6.90,0.1725
147.966,0.000,0.000,0.000,0.0023,0.2635,0.0958,6.90,0.1725
147.987,0.000,0.000,0.000,0.0023,0.2635,0.0958,6.90,0.1725
148.007,0.000,0.000,0.000,0.0023,0.2635,0.0958,6.90,0.1725
148.027,0.000,0.000,0.000,0.0023,0.2635,0.0958,6.90,0.1725
148.048,0.000,0.000,0.000,0.0023,0.2635,0.0958,6.90,0.1725
148.066,0.000,0.000,0.000,0.0023,0.2635,0.0958,6.90,0.1725
148.087,0.000,0.000,0.000,0.0023,0.2635,0.0958,6.90,0.1725
148.108,0.000,0.000,0.000,0.0023,0.2635,0.0958,6.90,0.1725
148.127,0.000,0.000,0.000,0.0023,0.2635,0.0958,6.90,0.1725
148.148,0.000,0.000,0.000,0.0023,0.2635,0.0958,6.90,0.1725
148.166,0.000,0.000,0.000,0.0023,0.2635,0.0958,6.90,0.1725
148.186,0.000,0.000,0.000,0.0023,0.2635,0.0958,6.90,0.1725
148.207,0.000,0.000,0.000,0.0023,0.2635,0.0958,6.90,0.1725
148.227,0.000,0.000,0.000,0.0023,0.2635,0.0958,6.90,0.1725
148.247,0.000,0.000,0.000,0.0023,0.2635,0.0958,6.90,0.1725
148.266,0.000,0.000,0.000,0.0023,0.2635,0.0958,6.90,0.1725
148.287,0.000,0.000,0.000,0.0023,0.2635,0.0958,6.90,0.1725
148.307,0.000,0.000,0.000,0.0023,0.2635,0.0958,6.90,0.1725
148.327,0.000,0.000,0.000,0.0023,0.2635,0.0958,6.90,0.1725
148.348,0.000,0.000,0.000,0.0023,0.2635,0.0958,6.90,0.1725
148.367,0.000,0.000,0.000,0.0023,0.2635,0.0958,6.90,0.1725
148.386,0.000,0.000,0.000,0.0023,0.2635,0.0958,6.90,0.1725
148.407,0.000,0.000,0.000,0.0023,0.2635,0.0958,6.90,0.1725
148.426,0.000,0.000,0.000,0.0023,0.2635,0.0958,6.90,0.1725
148.447,0.000,0.000,0.000,0.0023,0.2635,0.0958,6.90,0.1725
148.467,0.000,0.000,0.000,0.0023,0.2635,0.0958,6.90,0.1725
148.487,0.000,0.000,0.000,0.0023,0.2635,0.0958,6.90,0.1725
148.506,0.000,0.000,0.000,0.0023,0.2635,0.0958,6.90,0.1725
148.528,0.000,0.000,0.000,0.0023,0.2635,0.0958,6.90,0.1725
148.546,0.000,0.000,0.000,0.0023,0.2635,0.0958,6.90,0.1725
148.567,0.000,0.000,0.000,0.0023,0.2635,0.0958,6.90,0.1725
148.587,0.000,0.000,0.000,0.0023,0.2635,0.0958,6.90,0.1725
148.608,0.000,0.000,0.000,0.0023,0.2635,0.0958,6.90,0.1725
148.626,0.000,0.000,0.000,0.0023,0.2635,0.0958,6.90,0.1725
148.647,0.000,0.000,0.000,0.0023,0.2635,0.0958,6.90,0.1725
148.666,0.000,0.000,0.000,0.0023,0.2635,0.0958,6.90,0.1725
148.687,0.000,0.000,0.000,0.0023,0.2635,0.0958,6.90,0.1725
148.707,0.000,0.000,0.000,0.0023,0.2635,0.0958,6.90,0.1725
148.726,0.000,0.000,0.000,0.0023,0.2635,0.0958,6.90,0.1725
148.747,0.000,0.000,0.000,0.0023,0.2635,0.0958,6.90,0.1725
148.767,0.000,0.000,0.000,0.0023,0.2635,0.0958,6.90,0.1725
148.787,0.000,0.000,0.000,0.0023,0.2635,0.0958,6.90,0.1725
148.807,0.000,0.000,0.000,0.0023,0.2635,0.0958,6.90,0.1725
148.826,0.000,0.000,0.000,0.0023,0.2635,0.0958,6.90,0.1725
148.847,0.000,0.000,0.000,0.0023,0.2635,0.0958,6.90,0.1725
148.867,0.000,0.000,0.000,0.0023,0.2635,0.0958,6.90,0.1725
148.887,0.000,0.000,0.000,0.0023,0.2635,0.0958,6.90,0.1725
148.907,0.000,0.000,0.000,0.0023,0.2635,0.0958,6.90,0.1725
148.927,0.000,0.000,0.000,0.0023,0.2635,0.0958,6.90,0.1725
148.947,0.000,0.000,0.000,0.0023,0.2635,0.0958,6.90,0.1725
148.966,0.000,0.000,0.000,0.0023,0.2635,0.0958,6.90,0.1725
148.986,0.000,0.000,0.000,0.0023,0.2635,0.0958,6.90,0.1725
149.008,0.000,0.000,0.000,0.0023,0.2635,0.0958,6.90,0.1725
149.027,0.000,0.000,0.000,0.0023,0.2635,0.0958,6.90,0.1725
149.047,0.000,0.000,0.000,0.0023,0.2635,0.0958,6.90,0.1725
149.066,0.000,0.000,0.000,0.0023,0.2635,0.0958,6.90,0.1725
149.086,0.000,0.000,0.000,0.0023,0.2635,0.0958,6.90,0.1725
149.107,0.000,0.000,0.000,0.0023,0.2635,0.0958,6.90,0.1725
149.127,0.000,0.000,0.000,0.0023,0.2635,0.0958,6.90,0.1725
149.147,0.000,0.000,0.000,0.0023,0.2635,0.0958,6.90,0.1725
149.166,0.000,0.000,0.000,0.0023,0.2635,0.0958,6.90,0.1725
149.186,0.000,0.000,0.000,0.0023,0.2635,0.0958,6.90,0.1725
149.207,0.000,0.000,0.000,0.0023,0.2635,0.0958,6.90,0.1725
149.227,0.000,0.000,0.000,0.0023,0.2635,0.0958,6.90,0.1725
149.247,0.000,0.000,0.000,0.0023,0.2635,0.0958,6.90,0.1725
149.269,0.000,0.000,0.000,0.0023,0.2635,0.0958,6.90,0.1725
149.287,0.000,0.000,0.000,0.0023,0.2635,0.0958,6.90,0.1725
149.307,0.000,0.000,0.000,0.0023,0.2635,0.0958,6.90,0.1725
149.327,0.000,0.000,0.000,0.0023,0.2635,0.0958,6.90,0.1725
149.347,0.000,0.000,0.000,0.0023,0.2635,0.0958,6.90,0.1725
149.367,0.000,0.000,0.000,0.0023,0.2635,0.0958,6.90,0.1725
149.387,0.000,0.000,0.000,0.0023,0.2635,0.0958,6.90,0.1725
149.407,0.000,0.000,0.000,0.0023,0.2635,0.0958,6.90,0.1725
149.427,0.000,0.000,0.000,0.0023,0.2635,0.0958,6.90,0.1725
149.447,0.000,0.000,0.000,0.0023,0.2635,0.0958,6.90,0.1725
149.467,0.000,0.000,0.000,0.0023,0.2635,0.0958,6.90,0.1725
149.487,0.000,0.000,0.000,0.0023,0.2635,0.0958,6.90,0.1725
149.507,0.000,0.000,0.000,0.0023,0.2635,0.0958,6.90,0.1725
149.527,0.000,0.000,0.000,0.0023,0.2635,0.0958,6.90,0.1725
149.546,0.000,0.000,0.000,0.0023,0.2635,0.0958,6.90,0.1725
149.566,0.000,0.000,0.000,0.0023,0.2635,0.0958,6.90,0.1725
149.586,0.000,0.000,0.000,0.0023,0.2635,0.0958,6.90,0.1725
149.607,0.000,0.000,0.000,0.0023,0.2635,0.0958,6.90,0.1725
149.627,0.000,0.000,0.000,0.0023,0.2635,0.0958,6.90,0.1725
149.646,0.000,0.000,0.000,0.0023,0.2635,0.0958,6.90,0.1725
149.667,0.000,0.000,0.000,0.0023,0.2635,0.0958,6.90,0.1725
149.687,0.000,0.000,0.000,0.0023,0.2635,0.0958,6.90,0.1725
149.707,0.000,0.000,0.000,0.0023,0.2635,0.0958,6.90,0.1725
149.727,0.000,0.000,0.000,0.0023,0.2635,0.0958,6.90,0.1725
149.747,0.000,0.000,0.000,0.0023,0.2635,0.0958,6.90,0.1725
149.766,0.000,0.000,0.000,0.0023,0.2635,0.0958,6.90,0.1725
149.787,0.000,0.000,0.000,0.0023,0.2635,0.0958,6.90,0.1725
149.807,0.000,0.000,0.000,0.0023,0.2635,0.0958,6.90,0.1725
149.827,0.000,0.000,0.000,0.0023,0.2635,0.0958,6.90,0.1725
149.847,0.000,0.000,0.000,0.0023,0.2635,0.0958,6.90,0.1725
149.866,0.000,0.000,0.000,0.0023,0.2635,0.0958,6.90,0.1725
149.887,0.000,0.000,0.000,0.0023,0.2635,0.0958,6.90,0.1725
149.907,0.000,0.000,0.000,0.0023,0.2635,0.0958,6.90,0.1725
149.927,0.000,0.000,0.000,0.0023,0.2635,0.0958,6.90,0.1725
149.946,0.000,0.000,0.000,0.0023,0.2635,0.0958,6.90,0.1725
149.966,0.000,0.000,0.000,0.0023,0.2635,0.0958,6.90,0.1725
149.986,0.000,0.000,0.000,0.0023,0.2635,0.0958,6.90,0.1725
150.007,0.000,0.000,0.000,0.0023,0.2635,0.0958,6.90,0.1725
150.027,0.000,0.000,0.000,0.0023,0.2635,0.0958,6.90,0.1725
150.048,0.000,0.000,0.000,0.0023,0.2635,0.0958,6.90,0.1725
150.067,0.000,0.000,0.000,0.0023,0.2635,0.0958,6.90,0.1725
150.087,0.000,0.000,0.000,0.0023,0.2635,0.0958,6.90,0.1725
150.107,0.000,0.000,0.000,0.0023,0.2635,0.0958,6.90,0.1725
150.127,0.000,0.000,0.000,0.0023,0.2635,0.0958,6.90,0.1725
150.146,0.000,0.000,0.000,0.0023,0.2635,0.0958,6.90,0.1725
150.166,0.000,0.000,0.000,0.0023,0.2635,0.0958,6.90,0.1725
150.187,0.000,0.000,0.000,0.0023,0.2635,0.0958,6.90,0.1725
150.207,0.000,0.000,0.000,0.0023,0.2635,0.0958,6.90,0.1725
150.227,0.000,0.000,0.000,0.0023,0.2635,0.0958,6.90,0.1725
150.246,0.000,0.000,0.000,0.0023,0.2635,0.0958,6.90,0.1725
150.266,0.000,0.000,0.000,0.0023,0.2635,0.0958,6.90,0.1725
150.286,0.000,0.000,0.000,0.0023,0.2635,0.0958,6.90,0.1725
150.307,0.000,0.000,0.000,0.0023,0.2635,0.0958,6.90,0.1725
150.326,0.000,0.000,0.000,0.0023,0.2635,0.0958,6.90,0.1725
150.347,0.000,0.000,0.000,0.0023,0.2635,0.0958,6.90,0.1725
150.366,0.000,0.000,0.000,0.0023,0.2635,0.0958,6.90,0.1725
150.386,0.000,0.000,0.000,0.0023,0.2635,0.0958,6.90,0.1725
150.407,0.000,0.000,0.000,0.0023,0.2635,0.0958,6.90,0.1725
150.427,0.000,0.000,0.000,0.0023,0.2635,0.0958,6.90,0.1725
150.446,0.000,0.000,0.000,0.0023,0.2635,0.0958,6.90,0.1725
150.466,0.000,0.000,0.000,0.0023,0.2635,0.0958,6.90,0.1725
150.486,0.000,0.000,0.000,0.0023,0.2635,0.0958,6.90,0.1725
150.507,0.000,0.000,0.000,0.0023,0.2635,0.0958,6.90,0.1725
150.527,0.000,0.000,0.000,0.0023,0.2635,0.0958,6.90,0.1725
150.546,0.000,0.000,0.000,0.0023,0.2635,0.0958,6.90,0.1725
150.566,0.000,0.000,0.000,0.0023,0.2635,0.0958,6.90,0.1725
150.588,0.000,0.000,0.000,0.0023,0.2635,0.0958,6.90,0.1725
150.607,0.000,0.000,0.000,0.0023,0.2635,0.0958,6.90,0.1725
150.626,0.000,0.000,0.000,0.0023,0.2635,0.0958,6.90,0.1725
150.646,0.000,0.000,0.000,0.0023,0.2635,0.0958,6.90,0.1725
150.666,0.000,0.000,0.000,0.0023,0.2635,0.0958,6.90,0.1725
150.687,0.000,0.000,0.000,0.0023,0.2635,0.0958,6.90,0.1725
150.706,0.000,0.000,0.000,0.0023,0.2635,0.0958,6.90,0.1725
150.727,0.000,0.000,0.000,0.0023,0.2635,0.0958,6.90,0.1725
150.747,0.000,0.000,0.000,0.0023,0.2635,0.0958,6.90,0.1725
150.767,0.000,0.000,0.000,0.0023,0.2635,0.0958,6.90,0.1725
150.787,0.000,0.000,0.000,0.0023,0.2635,0.0958,6.90,0.1725
150.807,0.000,0.000,0.000,0.0023,0.2635,0.0958,6.90,0.1725
150.826,0.000,0.000,0.000,0.0023,0.2635,0.0958,6.90,0.1725
150.847,0.000,0.000,0.000,0.0023,0.2635,0.0958,6.90,0.1725
150.866,0.000,0.000,0.000,0.0023,0.2635,0.0958,6.90,0.1725
150.886,0.000,0.000,0.000,0.0023,0.2635,0.0958,6.90,0.1725
150.906,0.000,0.000,0.000,0.0023,0.2635,0.0958,6.90,0.1725
150.926,0.000,0.000,0.000,0.0023,0.2635,0.0958,6.90,0.1725
150.948,0.000,0.000,0.000,0.0023,0.2635,0.0958,6.90,0.1725
150.967,0.000,0.000,0.000,0.0023,0.2635,0.0958,6.90,0.1725
150.986,0.000,0.000,0.000,0.0023,0.2635,0.0958,6.90,0.1725
151.007,0.000,0.000,0.000,0.0023,0.2635,0.0958,6.90,0.1725
151.027,0.000,0.000,0.000,0.0023,0.2635,0.0958,6.90,0.1725
151.047,0.000,0.000,0.000,0.0023,0.2635,0.0958,6.90,0.1725
151.066,0.000,0.000,0.000,0.0023,0.2635,0.0958,6.90,0.1725
151.086,0.000,0.000,0.000,0.0023,0.2635,0.0958,6.90,0.1725
151.108,0.000,0.000,0.000,0.0023,0.2635,0.0958,6.90,0.1725
151.126,0.000,0.000,0.000,0.0023,0.2635,0.0958,6.90,0.1725
151.147,0.000,0.000,0.000,0.0023,0.2635,0.0958,6.90,0.1725
151.166,0.000,0.000,0.000,0.0023,0.2635,0.0958,6.90,0.1725
151.186,0.000,0.000,0.000,0.0023,0.2635,0.0958,6.90,0.1725
151.206,0.000,0.000,0.000,0.0023,0.2635,0.0958,6.90,0.1725
151.227,0.000,0.000,0.000,0.0023,0.2635,0.0958,6.90,0.1725
151.247,0.000,0.000,0.000,0.0023,0.2635,0.0958,6.90,0.1725
151.266,0.000,0.000,0.000,0.0023,0.2635,0.0958,6.90,0.1725
151.287,0.000,0.000,0.000,0.0023,0.2635,0.0958,6.90,0.1725
151.306,0.000,0.000,0.000,0.0023,0.2635,0.0958,6.90,0.1725
151.326,-0.500,0.000,0.000,0.0023,0.2635,0.0958,6.90,0.3464
151.346,-0.500,0.000,0.000,0.0023,0.2635,0.0958,13.86,0.3677
151.366,-0.500,0.000,0.000,0.0008,0.2617,0.0982,14.00,0.3741
151.387,-0.500,0.000,0.000,0.0054,0.2602,0.1012,13.58,0.3639
151.407,-0.500,0.000,0.000,0.0105,0.2592,0.1033,13.14,0.3430
151.427,-0.500,0.000,0.000,0.0143,0.2590,0.1041,12.41,0.3232
151.447,-0.500,0.000,0.000,0.0156,0.2607,0.1019,11.16,0.2818
151.466,-0.500,0.000,0.000,0.0171,0.2641,0.0973,10.08,0.2401
151.486,-0.500,0.000,0.000,0.0191,0.2674,0.0949,8.72,0.3589
151.506,-0.500,0.000,0.000,0.0227,0.2727,0.0941,5.71,0.4056
151.527,-0.500,0.000,0.000,0.0211,0.2741,0.0977,7.61,0.4013
151.548,-0.500,0.000,0.000,0.0171,0.2722,0.0992,8.73,0.3804
151.566,-0.500,0.000,0.000,0.0147,0.2701,0.1002,10.39,0.3651
151.587,-0.500,0.000,0.000,0.0124,0.2674,0.1010,12.21,0.3408
151.607,-0.500,0.000,0.000,0.0120,0.2652,0.1010,12.33,0.3051
151.627,-0.500,0.000,0.000,0.0136,0.2643,0.1004,11.58,0.2822
151.647,-0.500,0.000,0.000,0.0153,0.2640,0.0996,10.90,0.2798
151.666,-0.500,0.000,0.000,0.0144,0.2636,0.0986,10.77,0.2796
151.686,-0.500,0.000,0.000,0.0117,0.2637,0.0976,10.68,0.2779
151.707,-0.500,0.000,0.000,0.0082,0.2638,0.0970,10.56,0.2685
151.727,-0.500,0.000,0.000,0.0053,0.2644,0.0966,10.24,0.2734
151.747,-0.500,0.000,0.000,0.0042,0.2659,0.0964,10.06,0.2992
151.766,-0.500,0.000,0.000,0.0062,0.2695,0.0962,8.69,0.2916
151.786,-0.500,0.000,0.000,0.0147,0.2749,0.0975,8.10,0.3212
151.806,-0.500,0.000,0.000,0.0204,0.2765,0.0986,6.53,0.4403
151.826,-0.500,0.000,0.000,0.0181,0.2780,0.1000,9.23,0.4269
151.847,-0.500,0.000,0.000,0.0149,0.2770,0.1000,8.79,0.3828
151.866,-0.500,0.000,0.000,0.0150,0.2748,0.1008,9.05,0.3449
151.886,-0.500,0.000,0.000,0.0171,0.2717,0.1024,9.67,0.3263
151.906,-0.500,0.000,0.000,0.0177,0.2691,0.1037,11.61,0.3048
151.928,-0.500,0.000,0.000,0.0164,0.2672,0.1041,12.47,0.3106
151.947,-0.500,0.000,0.000,0.0144,0.2662,0.1040,12.27,0.3176
151.967,-0.500,0.000,0.000,0.0119,0.2651,0.1039,12.49,0.3222
151.986,-0.500,0.000,0.000,0.0110,0.2633,0.1038,12.41,0.3224
152.007,-0.500,0.000,0.000,0.0134,0.2628,0.1036,12.18,0.3152
152.027,-0.500,0.000,0.000,0.0162,0.2630,0.1026,11.75,0.3096
152.047,-0.500,0.000,0.000,0.0178,0.2658,0.1003,11.18,0.3091
152.066,-0.500,0.000,0.000,0.0182,0.2678,0.0993,11.28,0.2943
152.087,-0.500,0.000,0.000,0.0205,0.2728,0.0980,8.47,0.3112
152.106,-0.500,0.000,0.000,0.0246,0.2770,0.0990,7.68,0.2546
152.128,-0.500,0.000,0.000,0.0228,0.2775,0.1010,9.48,0.2276
152.148,-0.500,0.000,0.000,0.0211,0.2745,0.1044,11.89,0.3039
152.167,-0.500,0.000,0.000,0.0201,0.2722,0.1070,11.92,0.3048
152.186,-0.500,0.000,0.000,0.0179,0.2680,0.1105,13.82,0.2922
152.207,-0.500,0.000,0.000,0.0164,0.2646,0.1104,12.15,0.3153
152.227,-0.500,0.000,0.000,0.0165,0.2633,0.1078,12.64,0.3323
152.247,-0.500,0.000,0.000,0.0166,0.2623,0.1047,13.02,0.3412
152.266,-0.500,0.000,0.000,0.0167,0.2623,0.1036,12.92,0.3388
152.286,-0.500,0.000,0.000,0.0174,0.2621,0.0999,12.95,0.3341
152.308,-0.500,0.000,0.000,0.0181,0.2621,0.0986,12.79,0.3131
152.329,-0.500,0.000,0.000,0.0181,0.2621,0.0986,12.79,0.2719
152.347,-0.500,0.000,0.000,0.0193,0.2634,0.0974,11.81,0.2594
152.367,-0.500,0.000,0.000,0.0193,0.2638,0.0972,10.20,0.2775
152.386,-0.500,0.000,0.000,0.0191,0.2663,0.0964,9.73,0.3083
152.407,-0.500,0.000,0.000,0.0205,0.2754,0.0991,6.88,0.3382
152.427,-0.500,0.000,0.000,0.0264,0.2759,0.1037,9.17,0.3219
152.446,-0.500,0.000,0.000,0.0291,0.2748,0.1049,10.84,0.3587
152.466,-0.500,0.000,0.000,0.0264,0.2682,0.1097,12.29,0.3048
152.486,-0.500,0.000,0.000,0.0235,0.2664,0.1106,12.84,0.2930
152.506,-0.500,0.000,0.000,0.0206,0.2639,0.1113,12.87,0.3000
152.526,-0.500,0.000,0.000,0.0200,0.2606,0.1110,12.80,0.3012
152.546,-0.500,0.000,0.000,0.0233,0.2584,0.1107,12.07,0.2950
152.567,-0.500,0.000,0.000,0.0251,0.2578,0.1104,11.44,0.2884
152.586,-0.500,0.000,0.000,0.0273,0.2582,0.1089,11.45,0.3051
152.606,-0.500,0.000,0.000,0.0274,0.2591,0.1067,11.87,0.3147
152.627,-0.500,0.000,0.000,0.0267,0.2611,0.1040,11.43,0.3145
152.646,-0.500,0.000,0.000,0.0256,0.2636,0.1018,11.56,0.2725
152.666,-0.500,0.000,0.000,0.0253,0.2657,0.1010,11.37,0.3225
152.687,-0.500,0.000,0.000,0.0255,0.2708,0.1008,9.49,0.2812
152.707,-0.500,0.000,0.000,0.0268,0.2755,0.1025,8.28,0.2340
152.727,-0.500,0.000,0.000,0.0271,0.2757,0.1035,9.30,0.2455
152.747,-0.500,0.000,0.000,0.0274,0.2741,0.1065,9.03,0.2644
152.766,-0.500,0.000,0.000,0.0252,0.2713,0.1095,12.57,0.2890
152.786,-0.500,0.000,0.000,0.0206,0.2662,0.1117,13.00,0.3043
152.807,-0.500,0.000,0.000,0.0191,0.2645,0.1111,12.79,0.2970
152.827,-0.500,0.000,0.000,0.0175,0.2628,0.1088,11.79,0.3159
152.846,-0.500,0.000,0.000,0.0171,0.2618,0.1046,12.48,0.3304
152.866,-0.500,0.000,0.000,0.0169,0.2616,0.1025,12.35,0.3360
152.887,-0.500,0.000,0.000,0.0165,0.2613,0.0994,13.06,0.3318
152.908,-0.500,0.000,0.000,0.0161,0.2613,0.0982,12.76,0.3108
152.927,-0.500,0.000,0.000,0.0156,0.2615,0.0972,11.85,0.2678
152.946,-0.500,0.000,0.000,0.0151,0.2627,0.0960,10.41,0.2536
152.966,-0.500,0.000,0.000,0.0140,0.2654,0.0949,9.65,0.2419
152.986,-0.500,0.000,0.000,0.0128,0.2712,0.0954,8.46,0.3205
153.007,-0.500,0.000,0.000,0.0166,0.2758,0.0999,6.37,0.3456
153.027,-0.500,0.000,0.000,0.0192,0.2756,0.1012,8.54,0.3269
153.046,-0.500,0.000,0.000,0.0202,0.2741,0.1019,10.38,0.3196
153.066,-0.500,0.000,0.000,0.0195,0.2701,0.1041,11.77,0.2774
153.086,-0.500,0.000,0.000,0.0185,0.2674,0.1052,12.20,0.2901
153.107,-0.500,0.000,0.000,0.0164,0.2630,0.1062,12.33,0.3014
153.132,-0.500,0.000,0.000,0.0161,0.2611,0.1068,12.10,0.2988
153.147,-0.500,0.000,0.000,0.0162,0.2604,0.1066,12.08,0.2996
153.167,-0.500,0.000,0.000,0.0174,0.2589,0.1067,11.57,0.3008
153.186,-0.500,0.000,0.000,0.0197,0.2590,0.1066,11.94,0.3102
153.207,-0.500,0.000,0.000,0.0206,0.2597,0.1061,12.02,0.2890
153.228,-0.500,0.000,0.000,0.0205,0.2606,0.1050,11.74,0.2834
153.247,-0.500,0.000,0.000,0.0200,0.2624,0.1030,10.83,0.2665
153.266,-0.500,0.000,0.000,0.0216,0.2669,0.1009,10.45,0.3284
153.288,-0.500,0.000,0.000,0.0227,0.2695,0.1005,8.83,0.3278
153.307,-0.500,0.000,0.000,0.0226,0.2754,0.1002,8.79,0.2998
153.327,-0.500,0.000,0.000,0.0218,0.2770,0.1012,5.73,0.2696
153.347,-0.500,0.000,0.000,0.0216,0.2750,0.1027,9.11,0.2762
153.366,-0.500,0.000,0.000,0.0218,0.2721,0.1053,13.47,0.2949
153.386,-0.500,0.000,0.000,0.0211,0.2686,0.1077,13.66,0.2958
153.407,-0.500,0.000,0.000,0.0193,0.2650,0.1083,12.71,0.2890
153.427,-0.500,0.000,0.000,0.0172,0.2635,0.1071,11.78,0.2987
153.446,-0.500,0.000,0.000,0.0156,0.2625,0.1051,11.92,0.3140
153.466,-0.500,0.000,0.000,0.0144,0.2617,0.1022,12.25,0.3199
153.487,-0.500,0.000,0.000,0.0136,0.2614,0.1004,12.46,0.3140
153.507,-0.500,0.000,0.000,0.0129,0.2614,0.0993,12.12,0.2958
153.527,-0.500,0.000,0.000,0.0125,0.2615,0.0987,12.03,0.2761
153.546,-0.500,0.000,0.000,0.0117,0.2626,0.0971,10.59,0.2582
153.566,-0.500,0.000,0.000,0.0096,0.2678,0.0951,9.62,0.2323
153.586,-0.500,0.000,0.000,0.0090,0.2716,0.0964,8.70,0.3154
153.607,-0.500,0.000,0.000,0.0115,0.2752,0.0988,5.98,0.3376
153.626,-0.500,0.000,0.000,0.0147,0.2755,0.1003,7.71,0.3225
153.647,-0.500,0.000,0.000,0.0175,0.2736,0.1008,11.25,0.3233
153.666,-0.500,0.000,0.000,0.0184,0.2698,0.1025,11.41,0.3009
153.687,-0.500,0.000,0.000,0.0159,0.2660,0.1035,11.56,0.2938
153.706,-0.500,0.000,0.000,0.0136,0.2637,0.1037,12.43,0.3047
153.727,-0.500,0.000,0.000,0.0126,0.2620,0.1040,12.31,0.3026
153.746,-0.500,0.000,0.000,0.0133,0.2595,0.1051,11.95,0.3004
153.766,-0.500,0.000,0.000,0.0151,0.2589,0.1053,11.82,0.3106
153.786,-0.500,0.000,0.000,0.0174,0.2585,0.1054,12.40,0.3135
153.807,-0.500,0.000,0.000,0.0196,0.2593,0.1045,12.15,0.2894
153.826,-0.500,0.000,0.000,0.0199,0.2612,0.1023,10.83,0.2883
153.847,-0.500,0.000,0.000,0.0203,0.2639,0.1003,10.84,0.2773
153.866,-0.500,0.000,0.000,0.0225,0.2669,0.0991,10.60,0.3312
153.887,-0.500,0.000,0.000,0.0239,0.2713,0.0986,9.26,0.2913
153.907,-0.500,0.000,0.000,0.0231,0.2769,0.0999,6.24,0.2460
153.928,-0.500,0.000,0.000,0.0225,0.2762,0.1005,7.84,0.2393
153.947,-0.500,0.000,0.000,0.0232,0.2745,0.1023,8.64,0.2538
153.966,-0.500,0.000,0.000,0.0246,0.2720,0.1048,12.42,0.2867
153.987,-0.500,0.000,0.000,0.0239,0.2681,0.1069,13.06,0.3076
154.007,-0.500,0.000,0.000,0.0219,0.2644,0.1075,13.33,0.3078
154.027,-0.500,0.000,0.000,0.0206,0.2638,0.1063,12.69,0.2924
154.047,-0.500,0.000,0.000,0.0180,0.2620,0.1045,11.77,0.3158
154.067,-0.500,0.000,0.000,0.0166,0.2614,0.1012,12.39,0.3175
154.087,-0.500,0.000,0.000,0.0164,0.2614,0.0993,12.33,0.3098
154.108,-0.500,0.000,0.000,0.0164,0.2613,0.0983,12.01,0.2838
154.127,-0.500,0.000,0.000,0.0160,0.2618,0.0971,10.94,0.2750
154.147,-0.500,0.000,0.000,0.0150,0.2630,0.0960,10.70,0.2567
154.167,-0.500,0.000,0.000,0.0126,0.2655,0.0950,9.79,0.2491
154.186,-0.500,0.000,0.000,0.0115,0.2668,0.0947,9.70,0.3349
154.207,-0.500,0.000,0.000,0.0115,0.2746,0.0972,6.08,0.3502
154.228,-0.500,0.000,0.000,0.0159,0.2760,0.1006,5.96,0.3616
154.248,0.000,0.000,0.000,0.0185,0.2750,0.1013,9.44,0.2445
154.266,0.000,0.000,0.000,0.0200,0.2711,0.1035,10.40,0.3011
154.287,0.000,0.000,0.000,0.0182,0.2722,0.1052,6.42,0.2628
154.307,0.000,0.000,0.000,0.0163,0.2714,0.1075,8.02,0.2459
154.327,0.000,0.000,0.000,0.0146,0.2688,0.1088,10.50,0.2952
154.346,0.000,0.000,0.000,0.0164,0.2671,0.1091,10.08,0.4087
154.366,0.000,0.000,0.000,0.0216,0.2654,0.1092,16.60,0.5489
154.386,0.000,0.000,0.000,0.0164,0.2644,0.1090,19.30,0.5452
154.406,0.000,0.000,0.000,0.0153,0.2634,0.1071,16.14,0.4526
154.427,0.000,0.000,0.000,0.0143,0.2629,0.1044,11.00,0.4415
154.447,0.000,0.000,0.000,0.0133,0.2627,0.1035,11.06,0.5186
154.466,0.000,0.000,0.000,0.0156,0.2623,0.1030,16.84,0.5945
154.487,0.000,0.000,0.000,0.0136,0.2617,0.1028,19.24,0.5915
154.506,0.000,0.000,0.000,0.0124,0.2618,0.1023,19.15,0.5003
154.527,0.000,0.000,0.000,0.0126,0.2614,0.1011,14.13,0.4283
154.546,0.000,0.000,0.000,0.0103,0.2617,0.1002,11.29,0.4060
154.566,0.000,0.000,0.000,0.0086,0.2618,0.0998,11.83,0.4036
154.586,0.000,0.000,0.000,0.0079,0.2618,0.0998,13.19,0.3862
154.607,0.000,0.000,0.000,0.0075,0.2619,0.0996,12.64,0.3515
154.627,0.000,0.000,0.000,0.0074,0.2620,0.0996,11.35,0.3205
154.646,0.000,0.000,0.000,0.0073,0.2622,0.0994,10.21,0.2901
154.666,0.000,0.000,0.000,0.0071,0.2625,0.0994,9.44,0.2621
154.686,0.000,0.000,0.000,0.0070,0.2626,0.0994,8.88,0.2487
154.707,0.000,0.000,0.000,0.0067,0.2628,0.0994,8.58,0.2295
154.727,0.000,0.000,0.000,0.0063,0.2629,0.0994,8.39,0.2164
154.748,0.000,0.000,0.000,0.0060,0.2631,0.0994,8.36,0.2113
154.767,0.000,0.000,0.000,0.0056,0.2633,0.0994,8.39,0.2135
154.787,0.000,0.000,0.000,0.0054,0.2634,0.0993,8.47,0.2168
154.806,0.000,0.000,0.000,0.0054,0.2636,0.0993,8.60,0.2200
154.827,0.000,0.000,0.000,0.0054,0.2637,0.0993,8.76,0.2239
154.846,0.000,0.000,0.000,0.0052,0.2637,0.0993,8.94,0.2250
154.866,0.000,0.000,0.000,0.0049,0.2638,0.0993,9.00,0.2243
154.886,0.000,0.000,0.000,0.0047,0.2638,0.0992,8.98,0.2235
154.907,0.000,0.000,0.000,0.0044,0.2639,0.0992,8.95,0.2235
154.927,0.000,0.000,0.000,0.0043,0.2639,0.0992,8.96,0.2243
154.949,0.000,0.000,0.000,0.0044,0.2639,0.0992,9.01,0.2262
154.966,0.000,0.000,0.000,0.0045,0.2639,0.0992,9.01,0.2292
154.986,0.000,0.000,0.000,0.0046,0.2639,0.0992,9.22,0.2324
155.007,0.000,0.000,0.000,0.0048,0.2639,0.0993,9.35,0.2357
155.027,0.000,0.000,0.000,0.0049,0.2639,0.0993,9.47,0.2376
155.047,0.000,0.000,0.000,0.0050,0.2639,0.0993,9.48,0.2387
155.066,0.000,0.000,0.000,0.0051,0.2639,0.0993,9.58,0.2391
155.087,0.000,0.000,0.000,0.0052,0.2639,0.0993,9.60,0.2388
155.108,0.000,0.000,0.000,0.0052,0.2639,0.0993,9.57,0.2374
155.127,0.000,0.000,0.000,0.0053,0.2639,0.0993,9.51,0.2356
155.147,0.000,0.000,0.000,0.0053,0.2639,0.0993,9.43,0.2340
155.166,0.000,0.000,0.000,0.0053,0.2639,0.0993,9.37,0.2329
155.187,0.000,0.000,0.000,0.0054,0.2639,0.0993,9.33,0.2323
155.207,0.000,0.000,0.000,0.0054,0.2639,0.0993,9.30,0.2319
155.227,0.000,0.000,0.000,0.0055,0.2639,0.0993,9.29,0.2318
155.247,0.000,0.000,0.000,0.0055,0.2639,0.0993,9.28,0.2318
155.266,0.000,0.000,0.000,0.0056,0.2639,0.0993,9.28,0.2320
155.287,0.000,0.000,0.000,0.0056,0.2639,0.0993,9.29,0.2322
155.306,0.000,0.000,0.000,0.0056,0.2639,0.0993,9.30,0.2324
155.326,0.000,0.000,0.000,0.0057,0.2639,0.0993,9.31,0.2327
155.346,0.000,0.000,0.000,0.0057,0.2639,0.0993,9.31,0.2330
155.366,0.000,0.000,0.000,0.0057,0.2638,0.0993,9.32,0.2333
155.387,0.000,0.000,0.000,0.0058,0.2638,0.0993,9.34,0.2337
155.407,0.000,0.000,0.000,0.0058,0.2638,0.0993,9.35,0.2340
155.426,0.000,0.000,0.000,0.0058,0.2638,0.0993,9.35,0.2343
155.446,0.000,0.000,0.000,0.0059,0.2638,0.0993,9.38,0.2346
155.466,0.000,0.000,0.000,0.0059,0.2638,0.0993,9.39,0.2348
155.486,0.000,0.000,0.000,0.0060,0.2638,0.0993,9.40,0.2351
155.506,0.000,0.000,0.000,0.0060,0.2638,0.0993,9.41,0.2354
155.527,0.000,0.000,0.000,0.0060,0.2638,0.0993,9.42,0.2357
155.548,0.000,0.000,0.000,0.0060,0.2638,0.0993,9.42,0.2359
155.566,0.000,0.000,0.000,0.0061,0.2638,0.0993,9.44,0.2361
155.587,0.000,0.000,0.000,0.0061,0.2638,0.0993,9.45,0.2363
155.607,0.000,0.000,0.000,0.0061,0.2638,0.0993,9.46,0.2366
155.627,0.000,0.000,0.000,0.0061,0.2638,0.0993,9.47,0.2368
155.646,0.000,0.000,0.000,0.0062,0.2638,0.0993,9.48,0.2370
155.666,0.000,0.000,0.000,0.0062,0.2638,0.0993,9.48,0.2371
155.687,0.000,0.000,0.000,0.0062,0.2638,0.0993,9.49,0.2373
155.707,0.500,0.000,0.000,0.0062,0.2638,0.0993,9.50,0.3840
155.727,0.500,0.000,0.000,0.0064,0.2637,0.0994,15.37,0.3991
155.748,0.500,0.000,0.000,0.0076,0.2629,0.1002,15.21,0.4212
155.766,0.500,0.000,0.000,0.0084,0.2620,0.1008,15.73,0.4337
155.786,0.500,0.000,0.000,0.0077,0.2596,0.1019,17.48,0.4317
155.806,0.500,0.000,0.000,0.0069,0.2567,0.1030,17.51,0.4280
155.826,0.500,0.000,0.000,0.0066,0.2541,0.1037,17.47,0.4261
155.846,0.500,0.000,0.000,0.0078,0.2527,0.1041,17.45,0.4213
155.866,0.500,0.000,0.000,0.0100,0.2518,0.1039,17.19,0.4188
155.887,0.500,0.000,0.000,0.0125,0.2516,0.1032,17.04,0.4226
155.907,0.500,0.000,0.000,0.0156,0.2517,0.1020,17.05,0.4389
155.927,0.500,0.000,0.000,0.0168,0.2525,0.1014,17.69,0.4417
155.947,0.500,0.000,0.000,0.0187,0.2550,0.0999,17.43,0.4266
155.966,0.500,0.000,0.000,0.0249,0.2599,0.0978,16.88,0.3884
155.987,0.500,0.000,0.000,0.0277,0.2619,0.0966,16.86,0.2970
156.007,0.500,0.000,0.000,0.0322,0.2644,0.0944,11.07,0.3457
156.026,0.500,0.000,0.000,0.0309,0.2673,0.0936,13.52,0.4455
156.047,0.500,0.000,0.000,0.0299,0.2672,0.0938,17.39,0.4880
156.066,0.500,0.000,0.000,0.0296,0.2657,0.0953,18.88,0.5064
156.087,0.500,0.000,0.000,0.0303,0.2626,0.0961,19.76,0.4930
156.106,0.500,0.000,0.000,0.0315,0.2595,0.0954,19.68,0.4785
156.126,0.500,0.000,0.000,0.0331,0.2563,0.0939,18.67,0.4673
156.146,0.500,0.000,0.000,0.0357,0.2533,0.0936,18.23,0.4566
156.166,0.500,0.000,0.000,0.0368,0.2523,0.0935,17.74,0.4549
156.186,0.500,0.000,0.000,0.0374,0.2511,0.0934,17.08,0.4402
156.207,0.500,0.000,0.000,0.0372,0.2507,0.0931,16.87,0.4229
156.226,0.500,0.000,0.000,0.0362,0.2507,0.0925,15.27,0.3919
156.247,0.500,0.000,0.000,0.0350,0.2546,0.0908,13.69,0.3439
156.266,0.500,0.000,0.000,0.0345,0.2601,0.0918,11.79,0.2988
156.286,0.500,0.000,0.000,0.0345,0.2633,0.0930,10.37,0.3401
156.307,0.500,0.000,0.000,0.0346,0.2685,0.0936,10.16,0.3218
156.326,0.500,0.000,0.000,0.0335,0.2749,0.0972,6.31,0.2555
156.347,0.500,0.000,0.000,0.0305,0.2747,0.0982,11.40,0.3544
156.367,0.500,0.000,0.000,0.0273,0.2662,0.1030,14.29,0.3314
156.387,0.500,0.000,0.000,0.0270,0.2640,0.1034,14.19,0.3317
156.407,0.500,0.000,0.000,0.0265,0.2598,0.1047,13.32,0.3320
156.429,0.500,0.000,0.000,0.0250,0.2560,0.1064,12.86,0.3320
156.447,0.500,0.000,0.000,0.0229,0.2544,0.1073,12.46,0.3288
156.466,0.500,0.000,0.000,0.0193,0.2526,0.1090,12.01,0.3293
156.486,0.500,0.000,0.000,0.0178,0.2527,0.1093,12.09,0.3385
156.507,0.500,0.000,0.000,0.0158,0.2535,0.1093,11.96,0.3390
156.527,0.500,0.000,0.000,0.0150,0.2544,0.1092,12.10,0.3326
156.547,0.500,0.000,0.000,0.0131,0.2588,0.1077,11.30,0.3095
156.567,0.500,0.000,0.000,0.0118,0.2646,0.1064,10.50,0.2972
156.587,0.500,0.000,0.000,0.0118,0.2709,0.1049,8.78,0.2579
156.607,0.500,0.000,0.000,0.0116,0.2745,0.1049,8.73,0.2927
156.628,0.500,0.000,0.000,0.0110,0.2775,0.1060,9.51,0.3054
156.646,0.500,0.000,0.000,0.0107,0.2762,0.1062,14.26,0.3341
156.666,0.500,0.000,0.000,0.0127,0.2714,0.1075,14.96,0.3541
156.687,0.500,0.000,0.000,0.0150,0.2666,0.1064,14.75,0.3376
156.709,0.500,0.000,0.000,0.0172,0.2629,0.1031,13.53,0.3436
156.726,0.500,0.000,0.000,0.0170,0.2600,0.1025,13.53,0.3358
156.747,0.500,0.000,0.000,0.0139,0.2562,0.1008,12.88,0.3224
156.766,0.500,0.000,0.000,0.0115,0.2543,0.1007,12.61,0.3157
156.787,0.500,0.000,0.000,0.0098,0.2529,0.1014,11.89,0.3139
156.807,0.500,0.000,0.000,0.0082,0.2523,0.1020,11.48,0.3178
156.827,0.500,0.000,0.000,0.0078,0.2535,0.1021,11.33,0.3191
156.847,0.500,0.000,0.000,0.0083,0.2552,0.1018,11.53,0.3178
156.866,0.500,0.000,0.000,0.0086,0.2628,0.1016,10.95,0.3208
156.886,0.500,0.000,0.000,0.0078,0.2682,0.1040,10.20,0.3436
156.909,0.500,0.000,0.000,0.0075,0.2716,0.1058,10.02,0.3758
156.927,0.500,0.000,0.000,0.0075,0.2759,0.1068,6.57,0.3354
156.948,0.500,0.000,0.000,0.0069,0.2770,0.1078,10.54,0.3299
156.967,0.500,0.000,0.000,0.0070,0.2723,0.1076,15.60,0.3348
156.987,0.500,0.000,0.000,0.0088,0.2681,0.1068,15.08,0.3261
157.006,0.500,0.000,0.000,0.0110,0.2632,0.1070,13.84,0.3242
157.027,0.500,0.000,0.000,0.0117,0.2596,0.1074,13.50,0.3297
157.047,0.500,0.000,0.000,0.0110,0.2563,0.1082,13.57,0.3356
157.066,0.500,0.000,0.000,0.0098,0.2539,0.1089,13.37,0.3371
157.086,0.500,0.000,0.000,0.0093,0.2532,0.1091,13.10,0.3269
157.107,0.500,0.000,0.000,0.0093,0.2531,0.1090,12.96,0.3324
157.127,0.500,0.500,0.000,0.0086,0.2548,0.1083,12.07,0.3975
157.146,0.500,0.500,0.000,0.0070,0.2575,0.1073,14.49,0.4071
157.166,0.500,0.500,0.000,0.0060,0.2584,0.1070,14.03,0.3917
157.187,0.500,0.500,0.000,0.0034,0.2645,0.1046,12.79,0.3764
157.207,0.500,0.500,0.000,0.0170,0.2732,0.1030,11.97,0.4352
157.226,0.500,0.500,0.000,0.0334,0.2774,0.0996,14.50,0.4515
157.246,0.500,0.500,0.000,0.0358,0.2777,0.1007,16.57,0.3866
157.266,0.500,0.500,0.000,0.0366,0.2776,0.1036,15.17,0.4424
157.286,0.500,0.500,0.000,0.0396,0.2764,0.1088,18.32,0.4609
157.307,0.500,0.500,0.000,0.0325,0.2672,0.1063,15.36,0.4297
157.327,0.500,0.500,0.000,0.0283,0.2629,0.1002,15.04,0.4285
157.347,0.500,0.500,0.000,0.0245,0.2600,0.0974,14.03,0.3689
157.366,0.500,0.500,0.000,0.0287,0.2585,0.0963,11.82,0.3045
157.387,0.500,0.500,0.000,0.0336,0.2568,0.0985,12.05,0.3348
157.407,0.500,0.500,0.000,0.0346,0.2567,0.0995,11.72,0.3234
157.427,0.500,0.500,0.000,0.0317,0.2574,0.1001,10.19,0.3123
157.446,0.500,0.500,0.000,0.0280,0.2616,0.0987,10.51,0.3976
157.466,0.500,0.500,0.000,0.0271,0.2666,0.0984,11.37,0.4697
157.486,0.500,0.500,0.000,0.0267,0.2810,0.1033,9.75,0.3482
157.507,0.500,0.500,0.000,0.0244,0.2849,0.1140,9.67,0.3135
157.527,0.500,0.500,0.000,0.0203,0.2911,0.1321,4.44,0.3539
157.546,0.500,0.500,0.000,0.0156,0.2877,0.1373,13.85,0.4128
157.569,0.500,0.500,0.000,0.0150,0.2837,0.1321,14.31,0.4401
157.586,0.500,0.500,0.000,0.0156,0.2786,0.1227,14.35,0.4430
157.607,0.500,0.500,0.000,0.0103,0.2692,0.1084,14.34,0.3249
157.627,0.500,0.500,0.000,0.0018,0.2621,0.1088,13.04,0.3073
157.646,0.500,0.500,0.000,0.0035,0.2595,0.1093,11.62,0.2815
157.666,0.500,0.500,0.000,0.0118,0.2574,0.1108,9.86,0.3033
157.687,0.500,0.500,0.000,0.0159,0.2572,0.1111,13.35,0.3531
157.707,0.500,0.500,0.000,0.0209,0.2559,0.1127,14.46,0.3761
157.728,0.500,0.500,0.000,0.0094,0.2570,0.1101,14.17,0.4089
157.746,0.500,0.500,0.000,0.0024,0.2593,0.1056,14.46,0.4091
157.766,0.500,0.500,0.000,0.0022,0.2628,0.1022,13.96,0.3875
157.787,0.500,0.500,0.000,0.0111,0.2716,0.1080,9.69,0.3818
157.807,0.500,0.500,0.000,0.0132,0.2791,0.1141,8.52,0.3875
157.827,0.500,0.500,0.000,0.0109,0.2852,0.1205,4.40,0.4276
157.847,0.500,0.500,0.000,0.0062,0.2856,0.1221,15.95,0.4749
157.866,0.500,0.500,0.000,0.0095,0.2800,0.1188,18.74,0.4366
157.886,0.500,0.500,0.000,0.0124,0.2725,0.1116,16.98,0.4258
157.907,0.500,0.500,0.000,0.0094,0.2673,0.1078,17.10,0.4440
157.927,0.500,0.500,0.000,0.0080,0.2580,0.1038,17.62,0.4150
157.947,0.500,0.500,0.000,0.0068,0.2548,0.1009,15.14,0.3819
157.966,0.500,0.500,0.000,0.0038,0.2530,0.0983,12.86,0.3295
157.986,0.500,0.500,0.000,0.0142,0.2523,0.0974,12.72,0.3467
158.006,0.500,0.500,0.000,0.0180,0.2526,0.0975,12.41,0.3861
158.027,0.500,0.500,0.000,0.0172,0.2534,0.0969,12.16,0.3386
158.046,0.500,0.500,0.000,0.0090,0.2572,0.0934,10.32,0.3549
158.066,0.500,0.500,0.000,0.0072,0.2663,0.0925,9.62,0.4179
158.087,0.500,0.500,0.000,0.0084,0.2748,0.1010,8.96,0.3719
158.107,0.500,0.500,0.000,0.0042,0.2843,0.1148,5.90,0.3192
158.127,0.500,0.500,0.000,0.0041,0.2880,0.1327,10.67,0.3535
158.146,0.500,0.500,0.000,0.0050,0.2864,0.1356,13.04,0.4263
158.166,0.500,0.500,0.000,0.0077,0.2804,0.1287,13.15,0.4550
158.188,0.500,0.500,0.000,0.0083,0.2772,0.1242,13.36,0.4568
158.207,0.500,0.500,0.000,0.0055,0.2681,0.1099,13.72,0.3479
158.227,0.500,0.500,0.000,0.0038,0.2639,0.1091,14.24,0.3408
158.247,0.500,0.500,0.000,0.0031,0.2596,0.1099,13.29,0.3338
158.268,0.500,0.500,0.000,0.0106,0.2562,0.1114,11.89,0.3206
158.286,0.500,0.500,0.000,0.0156,0.2545,0.1128,11.89,0.3373
158.308,0.500,0.500,0.000,0.0204,0.2539,0.1139,13.37,0.3661
158.326,0.500,0.500,0.000,0.0167,0.2550,0.1121,12.96,0.3975
158.346,0.500,0.500,0.000,0.0105,0.2580,0.1073,13.89,0.3995
158.367,0.500,0.500,0.000,0.0074,0.2629,0.1019,12.53,0.3606
158.387,0.500,0.500,0.000,0.0087,0.2700,0.1051,10.49,0.3957
158.407,0.500,0.500,0.000,0.0107,0.2783,0.1121,5.84,0.3623
158.426,0.500,0.500,0.000,0.0125,0.2846,0.1209,3.64,0.3640
158.446,0.500,0.500,0.000,0.0140,0.2854,0.1215,12.56,0.4532
158.466,0.500,0.500,0.000,0.0135,0.2790,0.1180,19.05,0.4574
158.486,0.500,0.500,0.000,0.0103,0.2717,0.1093,17.80,0.4304
158.507,0.500,0.500,0.000,0.0042,0.2630,0.1021,16.95,0.4330
158.526,0.500,0.500,0.000,0.0023,0.2576,0.1009,16.49,0.3981
158.546,0.500,0.500,0.000,0.0047,0.2529,0.0990,14.01,0.3572
158.566,0.500,0.500,0.000,0.0111,0.2513,0.0979,12.75,0.3363
158.587,0.500,0.500,0.000,0.0173,0.2508,0.0978,13.36,0.3474
158.613,0.500,0.500,0.000,0.0198,0.2509,0.0976,13.06,0.3405
158.627,0.500,0.500,0.000,0.0220,0.2520,0.0964,12.24,0.3377
158.646,0.500,0.500,0.000,0.0226,0.2564,0.0929,11.22,0.3332
158.666,0.500,0.500,0.000,0.0226,0.2564,0.0929,11.22,0.4487
158.686,0.500,0.500,0.000,0.0218,0.2643,0.0978,9.88,0.4588
158.708,0.500,0.500,0.000,0.0221,0.2795,0.1200,8.11,0.3207
158.727,0.500,0.500,0.000,0.0219,0.2846,0.1311,8.15,0.2918
158.747,0.500,0.500,0.000,0.0212,0.2863,0.1459,9.72,0.4319
158.769,0.500,0.500,0.000,0.0179,0.2814,0.1422,14.65,0.4573
158.787,0.500,0.500,0.000,0.0116,0.2747,0.1289,14.95,0.3902
158.807,0.500,0.500,0.000,0.0020,0.2658,0.1128,14.90,0.3368
158.827,0.500,0.500,0.000,0.0024,0.2613,0.1116,13.15,0.3089
158.848,0.500,0.500,0.000,0.0060,0.2582,0.1119,12.80,0.3012
158.867,0.500,0.500,0.000,0.0126,0.2560,0.1121,13.63,0.3521
158.889,0.500,0.500,0.000,0.0186,0.2535,0.1133,14.77,0.3530
158.907,0.500,0.500,0.000,0.0186,0.2535,0.1133,14.77,0.3694
158.927,0.500,0.500,0.000,0.0134,0.2533,0.1124,12.76,0.3949
158.947,0.500,0.500,0.000,0.0126,0.2547,0.1104,13.82,0.3919
158.968,0.500,0.500,0.000,0.0116,0.2587,0.1060,12.71,0.4042
158.987,0.500,0.500,0.000,0.0108,0.2665,0.1014,10.64,0.3783
159.007,0.500,0.500,0.000,0.0098,0.2719,0.1051,9.82,0.4122
159.026,0.500,0.500,0.000,0.0090,0.2762,0.1127,6.82,0.4263
159.047,0.500,0.500,0.000,0.0104,0.2826,0.1239,7.30,0.4241
159.066,0.500,0.500,0.000,0.0155,0.2826,0.1223,14.25,0.4569
159.086,0.500,0.500,0.000,0.0158,0.2717,0.1160,19.76,0.4282
159.107,0.500,0.500,0.000,0.0120,0.2647,0.1054,17.18,0.4463
159.127,0.500,0.500,0.000,0.0091,0.2607,0.0959,17.59,0.4262
159.147,0.500,0.500,0.000,0.0111,0.2520,0.0967,15.16,0.3666
159.166,0.500,0.500,0.000,0.0170,0.2494,0.0969,13.34,0.3490
159.187,0.500,0.500,0.000,0.0207,0.2482,0.0976,13.89,0.3567
159.206,0.500,0.500,0.000,0.0249,0.2482,0.0986,13.07,0.3459
159.227,0.500,0.500,0.000,0.0273,0.2506,0.0970,11.98,0.3370
159.248,0.500,0.500,0.000,0.0278,0.2519,0.0961,11.73,0.3410
159.267,0.500,0.500,0.000,0.0293,0.2589,0.0973,11.35,0.4243
159.288,0.500,0.500,0.000,0.0293,0.2689,0.1111,11.28,0.3911
159.308,0.500,0.500,0.000,0.0285,0.2747,0.1225,10.42,0.3769
159.326,0.500,0.500,0.000,0.0282,0.2771,0.1287,4.67,0.3410
159.347,0.500,0.500,0.000,0.0248,0.2848,0.1466,7.25,0.3429
159.366,0.500,0.500,0.000,0.0188,0.2812,0.1464,12.92,0.4385
159.387,0.500,0.500,0.000,0.0111,0.2713,0.1258,17.69,0.3645
159.407,0.500,0.500,0.000,0.0102,0.2660,0.1069,16.44,0.3580
159.426,0.500,0.500,0.000,0.0095,0.2586,0.1073,14.12,0.3318
159.447,0.500,0.500,0.000,0.0116,0.2553,0.1098,13.64,0.3244
159.467,0.500,0.500,0.000,0.0191,0.2520,0.1140,13.83,0.3416
159.487,0.500,0.500,0.000,0.0236,0.2509,0.1159,14.11,0.3602
159.511,0.500,0.500,0.000,0.0256,0.2507,0.1164,13.95,0.3768
159.528,0.500,0.500,0.000,0.0291,0.2516,0.1151,14.09,0.3652
159.546,0.500,0.500,0.000,0.0238,0.2549,0.1084,13.17,0.3764
159.567,0.500,0.500,0.000,0.0210,0.2562,0.1056,13.00,0.3920
159.586,0.500,0.500,0.000,0.0127,0.2634,0.0961,11.94,0.4207
159.607,0.500,0.500,0.000,0.0148,0.2702,0.1154,10.23,0.4099
159.627,0.500,0.500,0.000,0.0185,0.2756,0.1266,9.06,0.4138
159.647,0.500,0.500,0.000,0.0229,0.2825,0.1361,3.37,0.4631
159.666,0.500,0.500,0.000,0.0220,0.2780,0.1298,16.29,0.4541
159.686,0.500,0.500,0.000,0.0182,0.2683,0.1221,19.95,0.4594
159.707,0.500,0.500,0.000,0.0171,0.2623,0.1033,19.55,0.4213
159.727,0.500,0.500,0.000,0.0168,0.2539,0.1000,15.71,0.3786
159.749,0.500,0.500,0.000,0.0164,0.2510,0.0989,15.17,0.3666
159.766,0.500,0.500,0.000,0.0170,0.2481,0.0975,13.42,0.3431
159.787,0.500,0.500,0.000,0.0224,0.2476,0.0962,13.04,0.3561
159.807,0.500,0.500,0.000,0.0270,0.2479,0.0962,12.70,0.3609
159.832,0.500,0.500,0.000,0.0297,0.2479,0.0963,13.44,0.3716
159.846,0.500,0.500,0.000,0.0377,0.2518,0.0938,12.81,0.3600
159.866,0.500,0.500,0.000,0.0367,0.2581,0.0928,11.98,0.3905
159.887,0.500,0.500,0.000,0.0347,0.2627,0.0988,11.24,0.4827
159.907,0.500,0.500,0.000,0.0364,0.2749,0.1256,6.64,0.3697
159.926,0.500,0.500,0.000,0.0396,0.2851,0.1413,4.29,0.3908
159.946,0.500,0.500,0.000,0.0387,0.2863,0.1428,3.38,0.4816
159.966,0.500,0.500,0.000,0.0234,0.2778,0.1432,15.33,0.3954
159.987,0.500,0.500,0.000,0.0092,0.2708,0.1293,18.12,0.3648
160.007,0.500,0.500,0.000,0.0044,0.2634,0.1031,15.50,0.3291
160.026,0.500,0.500,0.000,0.0155,0.2586,0.1029,13.82,0.3526
160.046,0.500,0.500,0.000,0.0254,0.2550,0.1044,16.36,0.3806
160.066,0.500,0.500,0.000,0.0250,0.2518,0.1067,15.69,0.3428
160.086,0.500,0.500,0.000,0.0198,0.2511,0.1065,12.87,0.3852
160.108,0.500,0.500,0.000,0.0223,0.2514,0.1057,12.57,0.3833
160.128,0.500,0.500,0.000,0.0265,0.2522,0.1050,11.48,0.3435
160.147,0.500,0.500,0.000,0.0320,0.2542,0.1032,12.06,0.4977
160.167,0.500,0.500,0.000,0.0296,0.2597,0.0978,12.61,0.4530
160.186,0.500,0.500,0.000,0.0272,0.2623,0.0983,12.36,0.4482
160.207,0.500,0.500,0.000,0.0231,0.2762,0.1286,8.22,0.3609
160.227,0.500,0.500,0.000,0.0312,0.2828,0.1419,4.93,0.3587
160.247,0.500,0.500,0.000,0.0371,0.2839,0.1453,12.39,0.4963
160.266,0.500,0.500,0.000,0.0291,0.2762,0.1334,14.91,0.5089
160.286,0.500,0.500,0.000,0.0156,0.2677,0.1238,18.90,0.4691
160.307,0.500,0.500,0.000,0.0122,0.2612,0.1026,18.33,0.4313
160.328,0.500,0.500,0.000,0.0229,0.2567,0.0950,15.08,0.3392
160.346,0.000,0.000,0.000,0.0369,0.2515,0.0944,14.18,0.3600
160.367,0.000,0.000,0.000,0.0340,0.2549,0.0926,13.43,0.4825
160.386,0.000,0.000,0.000,0.0256,0.2636,0.0919,11.09,0.3444
160.407,0.000,0.000,0.000,0.0251,0.2687,0.0982,8.32,0.3290
160.426,0.000,0.000,0.000,0.0323,0.2737,0.1016,5.56,0.2754
160.446,0.000,0.000,0.000,0.0376,0.2760,0.1008,11.81,0.4089
160.466,0.000,0.000,0.000,0.0253,0.2737,0.1105,9.53,0.5352
160.487,0.000,0.000,0.000,0.0216,0.2727,0.1191,11.43,0.5677
160.507,0.000,0.000,0.000,0.0316,0.2721,0.1258,12.18,0.6041
160.528,0.000,0.000,0.000,0.0475,0.2717,0.1274,12.46,0.4795
160.547,0.000,0.000,0.000,0.0492,0.2725,0.1264,16.26,0.4163
160.567,0.000,0.000,0.000,0.0379,0.2734,0.1285,14.06,0.3857
160.587,0.000,0.000,0.000,0.0299,0.2747,0.1331,7.37,0.3265
160.607,0.000,0.000,0.000,0.0365,0.2751,0.1318,8.66,0.3129
160.627,0.000,0.000,0.000,0.0624,0.2770,0.1255,7.90,0.3909
160.646,0.000,0.000,0.000,0.0790,0.2768,0.1215,10.46,0.4500
160.666,0.000,0.000,0.000,0.0753,0.2760,0.1198,18.92,0.3436
160.687,0.000,0.000,0.000,0.0424,0.2760,0.1222,7.19,0.3106
160.708,0.000,0.000,0.000,0.0395,0.2768,0.1220,11.22,0.2876
160.728,0.000,0.000,0.000,0.0499,0.2800,0.1174,11.07,0.3031
160.747,0.000,0.000,0.000,0.0666,0.2798,0.1145,9.05,0.3623
160.766,0.000,0.000,0.000,0.0619,0.2788,0.1136,14.82,0.2894
160.787,0.000,0.000,0.000,0.0435,0.2782,0.1133,9.07,0.2196
160.807,0.000,0.000,0.000,0.0360,0.2782,0.1133,8.40,0.2299
160.827,0.000,0.000,0.000,0.0375,0.2780,0.1124,9.61,0.1873
160.847,0.000,0.000,0.000,0.0466,0.2771,0.1118,5.33,0.2249
160.867,0.000,0.000,0.000,0.0392,0.2760,0.1114,9.93,0.2043
160.887,0.000,0.000,0.000,0.0258,0.2749,0.1115,9.48,0.1650
160.908,0.000,0.000,0.000,0.0119,0.2736,0.1109,8.83,0.2690
160.927,0.000,0.000,0.000,0.0163,0.2729,0.1104,10.99,0.1480
160.947,0.000,0.000,0.000,0.0313,0.2720,0.1104,5.86,0.2337
160.967,0.000,0.000,0.000,0.0293,0.2713,0.1104,10.47,0.3157
160.986,0.000,0.000,0.000,0.0105,0.2698,0.1107,12.52,0.2075
161.008,0.000,0.000,0.000,0.0105,0.2688,0.1108,10.79,0.4207
161.028,0.000,0.000,0.000,0.0101,0.2681,0.1106,17.55,0.3567
161.047,0.000,0.000,0.000,0.0116,0.2682,0.1104,13.09,0.2256
161.068,0.000,0.000,0.000,0.0270,0.2683,0.1101,10.57,0.4940
161.087,0.000,0.000,0.000,0.0114,0.2679,0.1094,19.49,0.2940
161.106,0.000,0.000,0.000,0.0257,0.2681,0.1091,8.83,0.4268
161.128,0.000,0.000,0.000,0.0369,0.2678,0.1063,17.34,0.4448
161.146,0.000,0.000,0.000,0.0052,0.2690,0.1030,14.79,0.2241
161.166,0.000,0.000,0.000,0.0155,0.2695,0.1033,11.27,0.6285
161.187,0.000,0.000,0.000,0.0066,0.2706,0.1014,22.59,0.2546
161.206,0.000,0.000,0.000,0.0179,0.2706,0.1002,8.38,0.4038
161.227,0.000,0.000,0.000,0.0258,0.2719,0.0955,13.63,0.2834
161.247,0.000,0.000,0.000,0.0017,0.2724,0.0916,9.84,0.1704
161.267,0.000,0.000,0.000,0.0087,0.2720,0.0916,7.33,0.2757
161.286,0.000,0.000,0.000,0.0065,0.2713,0.0917,10.93,0.1502
161.307,0.000,0.000,0.000,0.0305,0.2708,0.0918,7.51,0.3329
161.327,0.000,0.000,0.000,0.0316,0.2705,0.0919,7.56,0.2619
161.346,0.000,0.000,0.000,0.0047,0.2701,0.0920,9.00,0.1699
161.366,0.000,0.000,0.000,0.0154,0.2700,0.0921,7.75,0.3837
161.386,0.000,0.000,0.000,0.0122,0.2697,0.0922,15.77,0.2618
161.407,0.000,0.000,0.000,0.0197,0.2698,0.0923,8.13,0.2587
161.427,0.000,0.000,0.000,0.0275,0.2697,0.0923,10.99,0.3327
161.447,0.000,0.000,0.000,0.0157,0.2697,0.0923,12.32,0.1379
161.466,0.000,0.000,0.000,0.0092,0.2698,0.0923,4.54,0.2490
161.487,0.000,0.000,0.000,0.0114,0.2695,0.0924,10.80,0.2734
161.508,0.000,0.000,0.000,0.0006,0.2690,0.0926,10.62,0.1708
161.527,0.000,0.000,0.000,0.0100,0.2687,0.0927,8.09,0.2402
161.546,0.000,0.000,0.000,0.0115,0.2682,0.0929,9.96,0.1736
161.568,0.000,0.000,0.000,0.0079,0.2678,0.0930,6.05,0.1985
161.586,0.000,0.000,0.000,0.0146,0.2675,0.0931,6.50,0.2897
161.607,0.000,0.000,0.000,0.0097,0.2669,0.0933,12.10,0.1756
161.627,0.000,0.000,0.000,0.0067,0.2668,0.0934,7.73,0.2028
161.646,0.000,0.000,0.000,0.0077,0.2666,0.0934,8.32,0.1636
161.666,0.000,0.000,0.000,0.0054,0.2663,0.0935,6.21,0.1920
161.686,0.000,0.000,0.000,0.0116,0.2661,0.0936,6.19,0.2720
161.707,0.000,0.000,0.000,0.0060,0.2655,0.0938,10.96,0.1996
161.727,0.000,0.000,0.000,0.0105,0.2653,0.0939,7.32,0.2306
161.747,0.000,0.000,0.000,0.0136,0.2653,0.0939,9.72,0.1807
161.767,0.000,0.000,0.000,0.0088,0.2654,0.0938,6.12,0.2218
161.786,0.000,0.000,0.000,0.0183,0.2653,0.0939,9.58,0.2935
161.807,0.000,0.000,0.000,0.0103,0.2651,0.0940,11.80,0.1849
161.827,0.000,0.000,0.000,0.0144,0.2654,0.0939,8.50,0.3042
161.846,0.000,0.000,0.000,0.0150,0.2654,0.0939,7.75,0.2405
161.866,0.000,0.000,0.000,0.0100,0.2654,0.0938,9.42,0.1428
161.886,0.000,0.000,0.000,0.0108,0.2655,0.0938,6.90,0.2762
161.907,0.000,0.000,0.000,0.0100,0.2653,0.0946,11.47,0.2587
161.927,0.000,0.000,0.000,0.0045,0.2652,0.0940,10.03,0.2041
161.946,0.000,0.000,0.000,0.0117,0.2652,0.0940,8.92,0.2422
161.966,0.000,0.000,0.000,0.0099,0.2651,0.0940,9.49,0.1581
161.987,0.000,0.000,0.000,0.0064,0.2651,0.0933,5.77,0.2116
162.007,0.000,0.000,0.000,0.0084,0.2648,0.0941,9.06,0.2476
162.026,0.000,0.000,0.000,0.0017,0.2646,0.0942,9.70,0.1891
162.047,0.000,0.000,0.000,0.0088,0.2645,0.0942,8.12,0.2121
162.066,0.000,0.000,0.000,0.0088,0.2644,0.0943,8.57,0.1821
162.086,0.000,0.000,0.000,0.0046,0.2644,0.0943,6.49,0.1933
162.107,0.000,0.000,0.000,0.0105,0.2643,0.0942,8.33,0.2676
162.127,0.000,0.000,0.000,0.0051,0.2640,0.0944,10.64,0.2142
162.147,0.000,0.000,0.000,0.0073,0.2641,0.0944,7.83,0.2106
162.168,0.000,0.000,0.000,0.0124,0.2641,0.0944,8.62,0.2337
162.189,0.000,0.000,0.000,0.0084,0.2642,0.0944,8.54,0.1502
162.206,0.000,0.000,0.000,0.0070,0.2643,0.0943,8.23,0.2551
162.228,0.000,0.000,0.000,0.0156,0.2643,0.0943,10.67,0.3209
162.246,0.000,0.000,0.000,0.0050,0.2644,0.0943,12.03,0.1934
162.266,0.000,0.000,0.000,0.0088,0.2647,0.0942,7.80,0.2785
162.286,0.000,0.000,0.000,0.0128,0.2650,0.0940,11.23,0.2522
162.307,0.000,0.000,0.000,0.0034,0.2654,0.0939,9.94,0.1821
162.327,0.000,0.000,0.000,0.0171,0.2659,0.0937,8.23,0.3784
162.347,0.000,0.000,0.000,0.0085,0.2660,0.0937,15.06,0.2949
162.367,0.000,0.000,0.000,0.0093,0.2663,0.0936,9.89,0.2709
162.387,0.000,0.000,0.000,0.0291,0.2668,0.0934,9.63,0.3702
162.408,0.000,0.000,0.000,0.0281,0.2668,0.0933,10.98,0.2764
162.428,0.000,0.000,0.000,0.0040,0.2677,0.0931,8.71,0.2383
162.448,0.000,0.000,0.000,0.0241,0.2683,0.0931,10.56,0.5269
162.467,0.000,0.000,0.000,0.0123,0.2685,0.0933,21.20,0.4393
162.488,0.000,0.000,0.000,0.0111,0.2689,0.0937,18.87,0.2349
162.507,0.000,0.000,0.000,0.0505,0.2708,0.0948,10.38,0.5175
162.527,0.000,0.000,0.000,0.0491,0.2710,0.0939,9.56,0.3917
162.547,0.000,0.000,0.000,0.0120,0.2722,0.0922,11.86,0.3300
162.567,0.000,0.000,0.000,0.0217,0.2735,0.0956,13.76,0.6423
162.587,0.000,0.000,0.000,0.0061,0.2757,0.0924,15.34,0.1668
162.606,0.000,0.000,0.000,0.0325,0.2756,0.0918,8.97,0.7011
162.628,0.000,0.000,0.000,0.0408,0.2807,0.0877,16.54,0.2814
162.646,0.000,0.000,0.000,0.0304,0.2811,0.0860,16.05,0.3882
162.667,0.000,0.000,0.000,0.0117,0.2824,0.0849,15.13,0.3987
162.686,0.000,0.000,0.000,0.0165,0.2815,0.0856,13.80,0.1189
162.706,0.000,0.000,0.000,0.0365,0.2818,0.0879,12.83,0.5600
162.727,0.000,0.000,0.000,0.0577,0.2819,0.0866,20.07,0.4824
162.746,0.000,0.000,0.000,0.0282,0.2822,0.0854,16.29,0.1534
162.766,0.000,0.000,0.000,0.0154,0.2823,0.0891,7.09,0.5084
162.786,0.000,0.000,0.000,0.0158,0.2829,0.0880,15.94,0.3142
162.807,0.000,0.000,0.000,0.0681,0.2823,0.0904,7.46,0.6560
162.828,0.000,0.000,0.000,0.0752,0.2831,0.0911,8.15,0.8932
162.846,0.000,0.000,0.000,0.0465,0.2870,0.0886,20.85,0.2120
162.867,0.000,0.000,0.000,0.0200,0.2866,0.0891,13.88,0.5430
162.886,0.000,0.000,0.000,0.0140,0.2899,0.0838,4.22,0.3141
162.907,0.000,0.000,0.000,0.0442,0.2890,0.0706,11.49,0.4327
162.927,0.000,0.000,0.000,0.0625,0.2903,0.0695,16.03,0.5454
162.947,0.000,0.000,0.000,0.0402,0.2939,0.0657,11.72,0.1581
162.967,0.000,0.000,0.000,0.0210,0.2931,0.0733,6.37,0.4008
162.987,0.000,0.000,0.000,0.0234,0.2938,0.0789,5.73,0.4062
163.008,0.000,0.000,0.000,0.0141,0.2919,0.0855,12.51,0.1164
163.026,0.000,0.000,0.000,0.0345,0.2912,0.0906,6.25,0.5293
163.046,0.000,0.000,0.000,0.0393,0.2932,0.0927,16.43,0.2301
163.067,0.000,0.000,0.000,0.0173,0.2937,0.0919,6.92,0.3375
163.087,0.000,0.000,0.000,0.0140,0.2933,0.0960,14.51,0.2999
163.107,0.000,0.000,0.000,0.0101,0.2916,0.0981,9.61,0.2129
163.128,0.000,0.000,0.000,0.0288,0.2912,0.1028,12.88,0.5854
163.147,0.000,0.000,0.000,0.0217,0.2909,0.0995,17.55,0.2765
163.166,0.000,0.000,0.000,0.0181,0.2903,0.0985,19.82,0.3071
163.192,0.000,0.000,0.000,0.0279,0.2900,0.0985,14.04,0.4731
163.207,0.000,0.000,0.000,0.0132,0.2885,0.0960,14.09,0.1070
163.227,0.000,0.000,0.000,0.0379,0.2882,0.0976,6.45,0.5813
163.247,0.000,0.000,0.000,0.0505,0.2887,0.1001,4.07,0.7267
163.267,0.000,0.000,0.000,0.0312,0.2903,0.0973,18.35,0.1667
163.287,0.000,0.000,0.000,0.0176,0.2893,0.0983,7.67,0.4290
163.307,0.000,0.000,0.000,0.0246,0.2894,0.0984,5.48,0.4984
163.327,0.000,0.000,0.000,0.0138,0.2895,0.0954,14.82,0.1655
163.346,0.000,0.000,0.000,0.0314,0.2880,0.0958,16.29,0.7089
163.367,0.000,0.000,0.000,0.0321,0.2916,0.0902,14.12,0.2331
163.386,0.000,0.000,0.000,0.0185,0.2910,0.0848,7.55,0.3551
163.407,0.000,0.000,0.000,0.0358,0.2907,0.0856,7.64,0.4274
163.428,0.000,0.000,0.000,0.0293,0.2899,0.0869,14.36,0.0984
163.446,0.000,0.000,0.000,0.0149,0.2882,0.0884,9.24,0.4747
163.467,0.000,0.000,0.000,0.0159,0.2899,0.0909,13.81,0.2205
163.487,0.000,0.000,0.000,0.0294,0.2898,0.0908,8.27,0.3815
163.507,0.000,0.000,0.000,0.0433,0.2889,0.0908,8.65,0.4163
163.526,0.000,0.000,0.000,0.0261,0.2859,0.0938,16.41,0.1497
163.547,0.000,0.000,0.000,0.0152,0.2855,0.0974,14.03,0.6214
163.566,0.000,0.000,0.000,0.0227,0.2872,0.0990,19.42,0.3704
163.587,0.000,0.000,0.000,0.0299,0.2903,0.0918,10.05,0.2744
163.607,0.000,0.000,0.000,0.0429,0.2895,0.0924,12.84,0.5361
163.628,0.000,0.000,0.000,0.0422,0.2887,0.0920,13.30,0.2687
163.646,0.000,0.000,0.000,0.0144,0.2869,0.0927,8.23,0.3767
163.666,0.000,0.000,0.000,0.0147,0.2915,0.0955,14.05,0.4639
163.687,0.000,0.000,0.000,0.0311,0.2918,0.0907,15.59,0.2625
163.707,0.000,0.000,0.000,0.0565,0.2914,0.0889,15.58,0.4935
163.728,0.000,0.000,0.000,0.0603,0.2917,0.0907,11.18,0.4284
163.747,0.000,0.000,0.000,0.0360,0.2893,0.0911,13.98,0.2684
163.767,0.000,0.000,0.000,0.0165,0.2887,0.0968,17.20,0.6078
163.787,0.000,0.000,0.000,0.0230,0.2930,0.0934,16.36,0.2087
163.806,0.000,0.000,0.000,0.0452,0.2924,0.0912,5.70,0.3099
163.827,0.000,0.000,0.000,0.0601,0.2923,0.0922,12.19,0.4320
163.847,0.000,0.000,0.000,0.0535,0.2906,0.0934,11.13,0.1704
163.866,0.000,0.000,0.000,0.0204,0.2888,0.0999,5.49,0.3620
163.887,0.000,0.000,0.000,0.0161,0.2894,0.1057,12.53,0.3558
163.907,0.000,0.000,0.000,0.0285,0.2915,0.1027,14.01,0.1596
163.927,0.000,0.000,0.000,0.0443,0.2906,0.1016,7.12,0.3347
163.947,0.000,0.000,0.000,0.0412,0.2886,0.1013,14.36,0.2638
163.967,0.000,0.000,0.000,0.0193,0.2867,0.1037,9.43,0.1845
163.986,0.000,0.000,0.000,0.0126,0.2864,0.1058,8.75,0.3017
164.007,0.000,0.000,0.000,0.0230,0.2864,0.1057,12.42,0.1195
164.027,0.000,0.000,0.000,0.0409,0.2856,0.1054,6.68,0.3042
164.046,0.000,0.000,0.000,0.0414,0.2843,0.1044,13.37,0.3094
164.067,0.000,0.000,0.000,0.0275,0.2829,0.1049,12.37,0.1682
164.087,0.000,0.000,0.000,0.0082,0.2821,0.1076,8.30,0.4122
164.107,0.000,0.000,0.000,0.0179,0.2816,0.1068,14.38,0.1411
164.127,0.000,0.000,0.000,0.0412,0.2812,0.1064,6.78,0.3730
164.148,0.000,0.000,0.000,0.0462,0.2807,0.1057,6.14,0.3978
164.166,0.000,0.000,0.000,0.0093,0.2782,0.1060,13.43,0.3292
164.186,0.000,0.000,0.000,0.0245,0.2800,0.1083,13.20,0.6243
164.209,0.000,0.000,0.000,0.0187,0.2802,0.1052,9.48,0.2398
164.227,0.000,0.000,0.000,0.0277,0.2805,0.1007,7.36,0.3536
164.247,0.000,0.000,0.000,0.0371,0.2803,0.1002,15.45,0.5722
164.267,0.000,0.000,0.000,0.0095,0.2794,0.0955,17.83,0.1621
164.286,0.000,0.000,0.000,0.0171,0.2825,0.0923,3.94,0.1412
164.306,0.000,0.000,0.000,0.0131,0.2825,0.0855,7.55,0.1606
164.326,0.000,0.000,0.000,0.0153,0.2801,0.0847,8.17,0.2106
164.347,0.000,0.000,0.000,0.0161,0.2777,0.0851,10.36,0.1703
164.367,0.000,0.000,0.000,0.0151,0.2759,0.0857,7.00,0.1519
164.386,0.000,0.000,0.000,0.0204,0.2746,0.0861,8.41,0.3004
164.407,0.000,0.000,0.000,0.0150,0.2734,0.0865,13.18,0.1833
164.426,0.000,0.000,0.000,0.0069,0.2726,0.0872,6.81,0.1941
164.447,0.000,0.000,0.000,0.0087,0.2719,0.0877,7.44,0.2108
164.467,0.000,0.000,0.000,0.0088,0.2707,0.0883,8.70,0.1773
164.487,0.000,0.000,0.000,0.0278,0.2697,0.0887,8.70,0.2842
164.507,0.000,0.000,0.000,0.0245,0.2690,0.0889,12.11,0.2563
164.527,0.000,0.000,0.000,0.0136,0.2688,0.0891,9.55,0.1666
164.547,0.000,0.000,0.000,0.0084,0.2683,0.0894,7.83,0.2774
164.567,0.000,0.000,0.000,0.0048,0.2678,0.0896,11.26,0.1577
164.586,0.000,0.000,0.000,0.0051,0.2676,0.0897,11.08,0.2251
164.607,0.000,0.000,0.000,0.0169,0.2671,0.0899,9.80,0.1836
164.627,0.000,0.000,0.000,0.0046,0.2670,0.0899,6.28,0.2015
164.647,0.000,0.000,0.000,0.0074,0.2666,0.0901,8.87,0.2523
164.667,0.000,0.000,0.000,0.0070,0.2663,0.0902,9.73,0.1695
164.686,0.000,0.000,0.000,0.0231,0.2662,0.0903,7.70,0.2915
164.707,0.000,0.000,0.000,0.0236,0.2662,0.0903,12.11,0.1905
164.727,0.000,0.000,0.000,0.0045,0.2665,0.0902,5.84,0.2658
164.746,0.000,0.000,0.000,0.0117,0.2665,0.0902,11.23,0.3299
164.766,0.000,0.000,0.000,0.0039,0.2666,0.0903,13.12,0.2025
164.787,0.000,0.000,0.000,0.0347,0.2674,0.0900,5.48,0.3020
164.807,0.000,0.000,0.000,0.0344,0.2680,0.0897,12.35,0.2700
164.827,0.000,0.000,0.000,0.0262,0.2682,0.0897,10.61,0.2128
164.846,0.000,0.000,0.000,0.0087,0.2687,0.0897,9.18,0.3659
164.867,0.000,0.000,0.000,0.0061,0.2687,0.0899,14.05,0.1788
164.887,0.000,0.000,0.000,0.0242,0.2690,0.0898,5.93,0.3708
164.906,0.000,0.000,0.000,0.0337,0.2690,0.0890,15.19,0.3818
164.927,0.000,0.000,0.000,0.0125,0.2693,0.0890,13.36,0.1728
164.946,0.000,0.000,0.000,0.0061,0.2696,0.0898,12.79,0.4694
164.966,0.000,0.000,0.000,0.0086,0.2705,0.0916,16.71,0.3142
164.987,0.000,0.000,0.000,0.0244,0.2710,0.0924,9.45,0.3441
165.007,0.000,0.000,0.000,0.0437,0.2720,0.0936,12.92,0.4889
165.027,0.000,0.000,0.000,0.0189,0.2725,0.0924,17.37,0.1228
165.046,0.000,0.000,0.000,0.0134,0.2737,0.0935,4.96,0.4639
165.066,0.000,0.000,0.000,0.0141,0.2740,0.0930,17.53,0.4202
165.087,0.000,0.000,0.000,0.0209,0.2732,0.0932,13.63,0.3079
165.106,0.000,0.000,0.000,0.0574,0.2763,0.0944,9.78,0.5511
165.126,0.000,0.000,0.000,0.0299,0.2770,0.0894,18.10,0.1348
165.147,0.000,0.000,0.000,0.0144,0.2784,0.0919,4.35,0.4358
165.167,0.000,0.000,0.000,0.0160,0.2796,0.0922,15.15,0.2676
165.186,0.000,0.000,0.000,0.0257,0.2794,0.0902,6.12,0.4850
165.207,0.000,0.000,0.000,0.0372,0.2825,0.0941,15.48,0.5689
165.227,0.000,0.000,0.000,0.0143,0.2858,0.0919,15.47,0.2214
165.246,0.000,0.000,0.000,0.0220,0.2855,0.0934,7.95,0.4118
165.267,0.000,0.000,0.000,0.0110,0.2844,0.0929,14.57,0.1336
165.286,0.000,0.000,0.000,0.0319,0.2835,0.0938,18.54,0.7072
165.306,0.000,0.000,0.000,0.0429,0.2871,0.0901,17.71,0.4372
165.327,0.000,0.000,0.000,0.0297,0.2885,0.0863,14.15,0.2801
165.347,0.000,0.000,0.000,0.0137,0.2882,0.0861,13.61,0.4293
165.366,0.000,0.000,0.000,0.0104,0.2881,0.0861,11.61,0.1120
165.387,0.000,0.000,0.000,0.0219,0.2877,0.0878,5.42,0.4065
165.407,0.000,0.000,0.000,0.0232,0.2874,0.0899,14.27,0.3606
165.427,0.000,0.000,0.000,0.0097,0.2869,0.0904,12.63,0.2067
165.447,0.000,0.000,0.000,0.0239,0.2855,0.0917,10.28,0.2899
165.466,0.000,0.000,0.000,0.0123,0.2843,0.0912,11.18,0.0863
165.487,0.000,0.000,0.000,0.0231,0.2835,0.0942,5.70,0.2935
165.507,0.000,0.000,0.000,0.0175,0.2831,0.0950,12.19,0.1454
165.526,0.000,0.000,0.000,0.0132,0.2819,0.0951,10.96,0.3136
165.546,0.000,0.000,0.000,0.0218,0.2803,0.0953,14.12,0.1725
165.566,0.000,0.000,0.000,0.0104,0.2792,0.0963,6.34,0.3401
165.586,0.000,0.000,0.000,0.0179,0.2780,0.0976,14.56,0.4305
165.607,0.000,0.000,0.000,0.0197,0.2778,0.0973,15.21,0.1664
165.627,0.000,0.000,0.000,0.0304,0.2778,0.0972,8.05,0.3350
165.647,0.000,0.000,0.000,0.0200,0.2769,0.0949,13.76,0.1554
165.666,0.000,0.000,0.000,0.0113,0.2762,0.0952,5.07,0.4027
165.687,0.000,0.000,0.000,0.0160,0.2755,0.0945,16.35,0.3957
165.707,0.000,0.000,0.000,0.0201,0.2758,0.0939,13.96,0.2960
165.727,0.000,0.000,0.000,0.0487,0.2763,0.0939,12.24,0.5765
165.747,0.000,0.000,0.000,0.0369,0.2754,0.0924,22.40,0.3606
165.767,0.000,0.000,0.000,0.0104,0.2753,0.0921,9.88,0.5098
165.786,0.000,0.000,0.000,0.0230,0.2769,0.0931,19.21,0.6081
165.806,0.000,0.000,0.000,0.0143,0.2797,0.0882,17.89,0.1432
165.827,0.000,0.000,0.000,0.0456,0.2814,0.0896,6.73,0.4093
165.846,0.000,0.000,0.000,0.0394,0.2818,0.0870,14.09,0.2144
165.866,0.000,0.000,0.000,0.0202,0.2805,0.0864,6.71,0.2013
165.886,0.000,0.000,0.000,0.0157,0.2809,0.0908,7.52,0.2007
165.907,0.000,0.000,0.000,0.0302,0.2799,0.0914,8.61,0.1873
165.927,0.000,0.000,0.000,0.0427,0.2786,0.0917,9.44,0.3198
165.946,0.000,0.000,0.000,0.0337,0.2765,0.0934,12.82,0.1512
165.966,0.000,0.000,0.000,0.0153,0.2758,0.0963,5.03,0.2086
165.986,0.000,0.000,0.000,0.0124,0.2752,0.0974,5.60,0.2184
166.007,0.000,0.000,0.000,0.0204,0.2736,0.0982,9.17,0.1875
166.027,0.000,0.000,0.000,0.0346,0.2729,0.0984,9.19,0.3290
166.047,0.000,0.000,0.000,0.0319,0.2720,0.0986,13.63,0.2411
166.067,0.000,0.000,0.000,0.0140,0.2714,0.0989,8.51,0.2130
166.087,0.000,0.000,0.000,0.0116,0.2705,0.0991,10.28,0.3219
166.107,0.000,0.000,0.000,0.0148,0.2700,0.0989,12.26,0.1404
166.127,0.000,0.000,0.000,0.0257,0.2700,0.0988,7.02,0.3300
166.146,0.000,0.000,0.000,0.0254,0.2693,0.0989,13.50,0.1655
166.167,0.000,0.000,0.000,0.0104,0.2689,0.0991,5.56,0.2709
166.187,0.000,0.000,0.000,0.0117,0.2683,0.0990,11.31,0.2215
166.207,0.000,0.000,0.000,0.0142,0.2683,0.0989,7.79,0.1852
166.226,0.000,0.000,0.000,0.0199,0.2682,0.0989,8.16,0.2897
166.246,0.000,0.000,0.000,0.0108,0.2677,0.0990,11.48,0.1348
166.266,0.000,0.000,0.000,0.0172,0.2674,0.0991,6.52,0.3408
166.286,0.000,0.000,0.000,0.0202,0.2672,0.0991,14.39,0.3207
166.307,0.000,0.000,0.000,0.0142,0.2677,0.0989,10.70,0.2103
166.326,0.000,0.000,0.000,0.0283,0.2680,0.0988,8.74,0.3602
166.346,0.000,0.000,0.000,0.0257,0.2680,0.0987,8.17,0.2154
166.367,0.000,0.000,0.000,0.0093,0.2681,0.0986,6.36,0.2814
166.387,0.000,0.000,0.000,0.0203,0.2680,0.0984,11.74,0.3153
166.407,0.000,0.000,0.000,0.0115,0.2682,0.0982,11.40,0.1550
166.427,0.000,0.000,0.000,0.0194,0.2686,0.0979,7.00,0.3404
166.446,0.000,0.000,0.000,0.0135,0.2684,0.0992,13.60,0.2382
166.467,0.000,0.000,0.000,0.0090,0.2686,0.0978,7.80,0.2884
166.487,0.000,0.000,0.000,0.0220,0.2689,0.0975,12.25,0.4373
166.507,0.000,0.000,0.000,0.0142,0.2691,0.0970,16.32,0.1475
166.527,0.000,0.000,0.000,0.0328,0.2709,0.0963,4.55,0.3789
166.548,0.000,0.000,0.000,0.0230,0.2709,0.0959,13.75,0.4853
166.567,0.000,0.000,0.000,0.0068,0.2713,0.0967,11.62,0.2563
166.586,0.000,0.000,0.000,0.0368,0.2734,0.0985,10.38,0.4293
166.606,0.000,0.000,0.000,0.0166,0.2739,0.0883,15.62,0.1734
166.627,0.000,0.000,0.000,0.0197,0.2751,0.0853,4.35,0.3466
166.647,0.000,0.000,0.000,0.0302,0.2748,0.0881,15.16,0.4425
166.666,0.000,0.000,0.000,0.0197,0.2744,0.0892,13.99,0.1376
166.686,0.000,0.000,0.000,0.0237,0.2742,0.0909,7.24,0.4839
166.707,0.000,0.000,0.000,0.0237,0.2737,0.0896,19.33,0.2950
166.726,0.000,0.000,0.000,0.0122,0.2743,0.0895,9.05,0.3416
166.746,0.000,0.000,0.000,0.0324,0.2751,0.0904,14.36,0.5321
166.767,0.000,0.000,0.000,0.0097,0.2747,0.0903,18.98,0.1441
166.786,0.000,0.000,0.000,0.0193,0.2753,0.0924,7.24,0.5825
166.807,0.000,0.000,0.000,0.0266,0.2771,0.0897,18.10,0.2096
166.827,0.000,0.000,0.000,0.0186,0.2782,0.0867,6.59,0.4484
166.846,0.000,0.000,0.000,0.0318,0.2780,0.0870,19.09,0.4678
166.866,0.000,0.000,0.000,0.0163,0.2780,0.0913,12.19,0.3125
166.886,0.000,0.000,0.000,0.0429,0.2797,0.0911,16.33,0.4602
166.906,0.000,0.000,0.000,0.0318,0.2813,0.0839,15.92,0.1540
166.926,0.000,0.000,0.000,0.0172,0.2818,0.0800,5.47,0.1363
166.946,0.000,0.000,0.000,0.0157,0.2802,0.0804,6.30,0.1746
166.967,0.000,0.000,0.000,0.0189,0.2775,0.0813,7.59,0.2253
166.986,0.000,0.000,0.000,0.0199,0.2760,0.0818,8.46,0.2351
167.006,0.000,0.000,0.000,0.0129,0.2741,0.0825,8.04,0.2128
167.026,0.000,0.000,0.000,0.0077,0.2732,0.0829,7.96,0.1971
167.046,0.000,0.000,0.000,0.0043,0.2715,0.0836,8.03,0.1867
167.066,0.000,0.000,0.000,0.0095,0.2707,0.0839,7.67,0.2100
167.086,0.000,0.000,0.000,0.0155,0.2693,0.0845,8.06,0.1979
167.107,0.000,0.000,0.000,0.0127,0.2687,0.0847,8.08,0.1824
167.126,0.000,0.000,0.000,0.0015,0.2678,0.0850,5.93,0.1867
167.146,0.000,0.000,0.000,0.0042,0.2668,0.0855,8.42,0.1946
167.166,0.000,0.000,0.000,0.0079,0.2659,0.0858,7.87,0.1965
167.186,0.000,0.000,0.000,0.0144,0.2656,0.0859,7.85,0.2597
167.207,0.000,0.000,0.000,0.0136,0.2651,0.0861,10.54,0.1776
167.227,0.000,0.000,0.000,0.0015,0.2651,0.0862,6.18,0.2257
167.246,0.000,0.000,0.000,0.0083,0.2648,0.0863,9.62,0.1919
167.266,0.000,0.000,0.000,0.0020,0.2647,0.0864,8.79,0.2160
167.286,0.000,0.000,0.000,0.0157,0.2645,0.0865,9.49,0.3144
167.306,0.000,0.000,0.000,0.0078,0.2646,0.0865,11.98,0.1784
167.327,0.000,0.000,0.000,0.0049,0.2649,0.0864,5.74,0.2485
167.346,0.000,0.000,0.000,0.0125,0.2650,0.0864,10.24,0.2465
167.366,0.000,0.000,0.000,0.0074,0.2651,0.0865,8.62,0.1996
167.386,0.000,0.000,0.000,0.0230,0.2653,0.0865,8.66,0.3383
167.407,0.000,0.000,0.000,0.0059,0.2658,0.0864,11.92,0.1432
167.426,0.000,0.000,0.000,0.0196,0.2667,0.0863,6.03,0.3636
167.447,0.000,0.000,0.000,0.0241,0.2670,0.0862,5.69,0.3467
167.466,0.000,0.000,0.000,0.0074,0.2673,0.0864,12.54,0.2139
167.487,0.000,0.000,0.000,0.0246,0.2683,0.0860,9.42,0.3263
167.509,0.000,0.000,0.000,0.0148,0.2687,0.0860,11.79,0.1343
167.527,0.000,0.000,0.000,0.0139,0.2692,0.0867,5.43,0.3511
167.546,0.000,0.000,0.000,0.0144,0.2692,0.0868,14.38,0.2843
167.566,0.000,0.000,0.000,0.0199,0.2695,0.0871,8.89,0.3157
167.587,0.000,0.000,0.000,0.0363,0.2697,0.0871,13.90,0.5337
167.606,0.000,0.000,0.000,0.0148,0.2707,0.0867,19.70,0.1477
167.627,0.000,0.000,0.000,0.0254,0.2723,0.0880,6.18,0.5750
167.646,0.000,0.000,0.000,0.0327,0.2734,0.0873,21.43,0.5217
167.666,0.000,0.000,0.000,0.0070,0.2723,0.0871,16.67,0.4610
167.688,0.000,0.000,0.000,0.0448,0.2771,0.0898,14.36,0.3901
167.707,0.000,0.000,0.000,0.0359,0.2797,0.0861,10.87,0.2095
167.727,0.000,0.000,0.000,0.0138,0.2801,0.0825,7.91,0.3683
167.747,0.000,0.000,0.000,0.0127,0.2821,0.0857,11.97,0.2191
167.766,0.000,0.000,0.000,0.0094,0.2809,0.0865,6.65,0.1450
167.786,0.000,0.000,0.000,0.0202,0.2799,0.0876,6.71,0.1798
167.808,0.000,0.000,0.000,0.0121,0.2787,0.0882,7.64,0.1705
167.828,0.000,0.000,0.000,0.0086,0.2774,0.0887,6.32,0.2295
167.847,0.000,0.000,0.000,0.0084,0.2760,0.0892,10.64,0.1194
167.866,0.000,0.000,0.000,0.0166,0.2748,0.0900,6.76,0.2614
167.887,0.000,0.000,0.000,0.0237,0.2736,0.0905,6.64,0.2855
167.907,0.000,0.000,0.000,0.0156,0.2726,0.0908,11.75,0.1408
167.929,0.000,0.000,0.000,0.0090,0.2717,0.0912,6.19,0.2773
167.947,0.000,0.000,0.000,0.0076,0.2710,0.0914,5.96,0.1808
167.966,0.000,0.000,0.000,0.0127,0.2701,0.0917,7.10,0.2441
167.987,0.000,0.000,0.000,0.0264,0.2694,0.0920,11.29,0.3491
168.007,0.000,0.000,0.000,0.0097,0.2688,0.0921,12.99,0.1386
168.026,0.000,0.000,0.000,0.0167,0.2689,0.0921,6.65,0.3513
168.048,0.000,0.000,0.000,0.0182,0.2687,0.0922,5.90,0.2501
168.066,0.000,0.000,0.000,0.0085,0.2684,0.0923,10.25,0.1985
168.086,0.000,0.000,0.000,0.0124,0.2681,0.0924,8.97,0.3203
168.109,0.000,0.000,0.000,0.0097,0.2679,0.0924,8.07,0.1669
168.126,0.000,0.000,0.000,0.0061,0.2677,0.0925,12.22,0.1986
168.146,0.000,0.000,0.000,0.0140,0.2674,0.0926,8.68,0.1971
168.167,0.000,0.000,0.000,0.0042,0.2669,0.0928,7.85,0.1704
168.187,0.000,0.000,0.000,0.0125,0.2663,0.0930,7.67,0.2878
168.208,0.000,0.000,0.000,0.0079,0.2661,0.0931,11.46,0.1898
168.228,0.000,0.000,0.000,0.0056,0.2660,0.0917,10.89,0.2215
168.247,0.000,0.000,0.000,0.0180,0.2660,0.0930,9.66,0.2831
168.266,0.000,0.000,0.000,0.0120,0.2658,0.0931,11.08,0.1678
168.287,0.000,0.000,0.000,0.0086,0.2658,0.0931,6.67,0.2981
168.307,0.000,0.000,0.000,0.0126,0.2659,0.0931,12.46,0.2065
168.327,0.000,0.000,0.000,0.0079,0.2664,0.0929,6.49,0.2419
168.346,0.000,0.000,0.000,0.0195,0.2666,0.0928,6.83,0.2846
168.369,0.000,0.000,0.000,0.0169,0.2665,0.0929,11.35,0.2019
168.386,0.000,0.000,0.000,0.0065,0.2666,0.0928,10.42,0.2233
168.408,0.000,0.000,0.000,0.0178,0.2667,0.0927,9.60,0.3125
168.426,0.000,0.000,0.000,0.0176,0.2667,0.0927,12.93,0.2515
168.447,0.000,0.000,0.000,0.0092,0.2671,0.0926,8.24,0.2025
168.466,0.000,0.000,0.000,0.0221,0.2673,0.0925,8.50,0.3038
168.486,0.000,0.000,0.000,0.0143,0.2672,0.0926,12.31,0.1553
168.507,0.000,0.000,0.000,0.0144,0.2674,0.0924,7.71,0.3815
168.526,0.000,0.000,0.000,0.0176,0.2678,0.0922,14.72,0.3033
168.547,0.000,0.000,0.000,0.0116,0.2690,0.0918,9.52,0.2397
168.566,0.000,0.000,0.000,0.0302,0.2697,0.0917,9.74,0.3081
168.587,0.000,0.000,0.000,0.0063,0.2698,0.0923,10.92,0.1574
168.607,0.000,0.000,0.000,0.0114,0.2704,0.0928,10.47,0.3766
168.627,0.000,0.000,0.000,0.0226,0.2706,0.0929,15.23,0.3014
168.646,0.000,0.000,0.000,0.0092,0.2713,0.0926,9.31,0.2381
168.667,0.000,0.000,0.000,0.0193,0.2715,0.0927,10.17,0.3205
168.686,0.000,0.000,0.000,0.0031,0.2712,0.0929,12.12,0.1268
168.707,0.000,0.000,0.000,0.0234,0.2713,0.0930,6.03,0.3574
168.727,0.000,0.000,0.000,0.0230,0.2710,0.0929,14.21,0.2878
168.747,0.000,0.000,0.000,0.0093,0.2710,0.0928,13.07,0.2261
168.766,0.000,0.000,0.000,0.0223,0.2714,0.0927,9.95,0.2718
168.786,0.000,0.000,0.000,0.0206,0.2713,0.0927,9.32,0.1925
168.807,0.000,0.000,0.000,0.0067,0.2709,0.0928,6.68,0.2275
168.828,0.000,0.000,0.000,0.0176,0.2705,0.0929,10.26,0.3019
168.847,0.000,0.000,0.000,0.0132,0.2702,0.0930,9.51,0.1262
168.866,0.000,0.000,0.000,0.0144,0.2698,0.0931,5.47,0.2763
168.887,0.000,0.000,0.000,0.0192,0.2693,0.0940,11.81,0.1880
168.906,0.000,0.000,0.000,0.0044,0.2688,0.0935,6.82,0.2172
168.926,0.000,0.000,0.000,0.0156,0.2682,0.0937,9.74,0.2999
168.946,0.000,0.000,0.000,0.0085,0.2680,0.0937,11.70,0.1257
168.967,0.000,0.000,0.000,0.0156,0.2679,0.0937,5.97,0.2874
168.986,0.000,0.000,0.000,0.0165,0.2676,0.0938,5.57,0.2467
169.007,0.000,0.000,0.000,0.0038,0.2673,0.0939,8.88,0.1807
169.027,0.000,0.000,0.000,0.0123,0.2672,0.0939,8.27,0.2989
169.047,0.000,0.000,0.000,0.0103,0.2670,0.0940,11.77,0.1507
169.066,0.000,0.000,0.000,0.0095,0.2671,0.0939,5.29,0.2546
169.087,0.000,0.000,0.000,0.0151,0.2670,0.0939,10.73,0.2997
169.107,0.000,0.000,0.000,0.0117,0.2669,0.0940,10.86,0.1653
169.127,0.000,0.000,0.000,0.0244,0.2671,0.0939,7.56,0.3878
169.147,0.000,0.000,0.000,0.0214,0.2673,0.0938,15.18,0.1664
169.166,0.000,0.000,0.000,0.0096,0.2683,0.0934,4.75,0.3649
169.187,0.000,0.000,0.000,0.0226,0.2686,0.0933,15.24,0.3790
169.206,0.000,0.000,0.000,0.0171,0.2692,0.0934,12.39,0.2706
169.228,0.000,0.000,0.000,0.0455,0.2700,0.0931,11.67,0.5233
169.249,0.000,0.000,0.000,0.0360,0.2707,0.0913,19.33,0.1904
169.267,0.000,0.000,0.000,0.0147,0.2714,0.0909,18.80,0.3335
169.286,0.000,0.000,0.000,0.0044,0.2720,0.0918,13.46,0.2602
169.307,0.000,0.000,0.000,0.0307,0.2727,0.0934,7.72,0.3062
169.327,0.000,0.000,0.000,0.0403,0.2730,0.0930,13.17,0.5355
169.347,0.000,0.000,0.000,0.0186,0.2731,0.0926,19.69,0.1594
169.367,0.000,0.000,0.000,0.0100,0.2735,0.0932,4.62,0.4037
169.387,0.000,0.000,0.000,0.0050,0.2733,0.0941,15.63,0.3847
169.406,0.000,0.000,0.000,0.0338,0.2731,0.0946,12.24,0.4307
169.427,0.000,0.000,0.000,0.0636,0.2744,0.0962,14.77,0.6845
169.447,0.000,0.000,0.000,0.0479,0.2747,0.0936,24.45,0.3216
169.466,0.000,0.000,0.000,0.0113,0.2758,0.0936,6.97,0.4283
169.487,0.000,0.000,0.000,0.0223,0.2800,0.0955,17.04,0.3402
169.507,0.000,0.000,0.000,0.0131,0.2795,0.0888,7.68,0.3961
169.527,0.000,0.000,0.000,0.0251,0.2832,0.0868,13.04,0.5330
169.546,0.000,0.000,0.000,0.0114,0.2851,0.0812,9.37,0.1438
169.567,0.000,0.000,0.000,0.0041,0.2851,0.0800,14.09,0.3426
169.586,0.000,0.000,0.000,0.0107,0.2838,0.0795,13.53,0.1873
169.607,0.000,0.000,0.000,0.0104,0.2820,0.0820,7.27,0.2278
169.627,0.000,0.000,0.000,0.0215,0.2809,0.0837,7.75,0.2811
169.647,0.000,0.000,0.000,0.0099,0.2801,0.0846,10.92,0.1618
169.666,0.000,0.000,0.000,0.0101,0.2798,0.0849,4.83,0.2796
169.687,0.000,0.000,0.000,0.0151,0.2788,0.0854,12.37,0.2274
169.707,0.000,0.000,0.000,0.0074,0.2776,0.0873,10.91,0.2752
169.727,0.000,0.000,0.000,0.0399,0.2767,0.0908,12.79,0.5410
169.746,0.000,0.000,0.000,0.0352,0.2763,0.0911,12.12,0.2683
169.766,0.000,0.000,0.000,0.0057,0.2764,0.0914,8.29,0.3635
169.786,0.000,0.000,0.000,0.0215,0.2758,0.0924,16.21,0.4281
169.807,0.000,0.000,0.000,0.0082,0.2751,0.0921,15.10,0.3382
169.828,0.000,0.000,0.000,0.0387,0.2766,0.0943,13.79,0.6064
169.846,0.000,0.000,0.000,0.0281,0.2765,0.0920,11.94,0.1985
169.866,0.000,0.000,0.000,0.0085,0.2770,0.0909,4.92,0.3872
169.886,0.000,0.000,0.000,0.0214,0.2770,0.0930,16.80,0.4806
169.907,0.000,0.000,0.000,0.0083,0.2760,0.0940,16.81,0.2388
169.927,0.000,0.000,0.000,0.0384,0.2771,0.0965,15.30,0.6549
169.946,0.000,0.000,0.000,0.0367,0.2791,0.0920,19.12,0.2709
169.966,0.000,0.000,0.000,0.0114,0.2802,0.0897,7.51,0.3348
169.986,0.000,0.000,0.000,0.0157,0.2805,0.0911,15.33,0.2634
170.007,0.000,0.000,0.000,0.0085,0.2814,0.0892,13.48,0.2301
170.027,0.000,0.000,0.000,0.0328,0.2819,0.0896,12.01,0.5240
170.046,0.000,0.000,0.000,0.0269,0.2814,0.0887,20.57,0.1967
170.066,0.000,0.000,0.000,0.0208,0.2812,0.0883,19.91,0.2646
170.086,0.000,0.000,0.000,0.0127,0.2806,0.0881,7.96,0.3382
170.106,0.000,0.000,0.000,0.0115,0.2791,0.0898,12.95,0.1217
170.127,0.000,0.000,0.000,0.0153,0.2788,0.0907,12.43,0.3191
170.147,0.000,0.000,0.000,0.0243,0.2782,0.0941,13.11,0.2354
170.166,0.000,0.000,0.000,0.0092,0.2777,0.0941,7.89,0.2255
170.186,0.000,0.000,0.000,0.0120,0.2775,0.0942,8.29,0.4070
170.207,0.000,0.000,0.000,0.0095,0.2758,0.0950,16.43,0.1432
170.227,0.000,0.000,0.000,0.0394,0.2755,0.0969,4.90,0.4958
170.247,0.000,0.000,0.000,0.0487,0.2755,0.0970,4.62,0.5211
170.266,0.000,0.000,0.000,0.0335,0.2753,0.0954,19.55,0.1420
170.287,0.000,0.000,0.000,0.0168,0.2756,0.0969,6.44,0.4570
170.307,0.000,0.000,0.000,0.0168,0.2762,0.0961,5.02,0.3431
170.326,0.000,0.000,0.000,0.0104,0.2759,0.0939,11.79,0.2398
170.346,0.000,0.000,0.000,0.0223,0.2760,0.0946,8.13,0.3114
170.366,0.000,0.000,0.000,0.0141,0.2754,0.0946,12.76,0.1344
170.386,0.000,0.000,0.000,0.0158,0.2749,0.0946,6.97,0.3623
170.407,0.000,0.000,0.000,0.0195,0.2738,0.0944,14.90,0.2754
170.428,0.000,0.000,0.000,0.0086,0.2733,0.0950,10.17,0.2606
170.446,0.000,0.000,0.000,0.0294,0.2731,0.0952,11.57,0.4281
170.466,0.000,0.000,0.000,0.0104,0.2732,0.0946,15.88,0.1143
170.486,0.000,0.000,0.000,0.0252,0.2741,0.0941,5.27,0.4028
170.507,0.000,0.000,0.000,0.0175,0.2739,0.0934,14.99,0.2265
170.527,0.000,0.000,0.000,0.0130,0.2738,0.0943,12.76,0.5582
170.546,0.000,0.000,0.000,0.0395,0.2777,0.0941,17.58,0.6193
170.566,0.000,0.000,0.000,0.0145,0.2783,0.0916,17.88,0.2820
170.586,0.000,0.000,0.000,0.0477,0.2791,0.0925,20.86,0.6811
170.607,0.000,0.000,0.000,0.0512,0.2817,0.0885,16.04,0.4262
170.627,0.000,0.000,0.000,0.0156,0.2793,0.0806,10.61,0.6246
170.646,0.000,0.000,0.000,0.0276,0.2853,0.0786,19.00,0.6334
170.666,0.000,0.000,0.000,0.0240,0.2929,0.0735,12.62,0.3261
170.687,0.000,0.000,0.000,0.0328,0.2922,0.0716,14.25,0.4005
170.706,0.000,0.000,0.000,0.0263,0.2945,0.0704,12.87,0.2298
170.727,0.000,0.000,0.000,0.0171,0.2929,0.0720,8.31,0.1996
170.748,0.000,0.000,0.000,0.0146,0.2921,0.0734,6.40,0.1448
170.767,0.000,0.000,0.000,0.0312,0.2910,0.0738,5.22,0.2908
170.787,0.000,0.000,0.000,0.0353,0.2888,0.0747,13.76,0.2798
170.807,0.000,0.000,0.000,0.0173,0.2867,0.0787,10.35,0.1652
170.826,0.000,0.000,0.000,0.0093,0.2862,0.0848,6.39,0.3660
170.846,0.000,0.000,0.000,0.0040,0.2860,0.0884,13.34,0.1395
170.866,0.000,0.000,0.000,0.0040,0.2860,0.0884,13.34,0.1989
170.886,0.000,0.000,0.000,0.0175,0.2841,0.0899,9.89,0.2228
170.907,0.000,0.000,0.000,0.0101,0.2819,0.0938,8.71,0.1769
170.927,0.000,0.000,0.000,0.0226,0.2810,0.0952,9.93,0.4677
170.946,0.000,0.000,0.000,0.0126,0.2792,0.0959,18.83,0.2126
170.967,0.000,0.000,0.000,0.0225,0.2788,0.0963,5.90,0.3092
170.987,0.000,0.000,0.000,0.0264,0.2785,0.0966,6.87,0.5110
171.007,0.000,0.000,0.000,0.0096,0.2767,0.0984,18.93,0.2053
171.026,0.000,0.000,0.000,0.0485,0.2772,0.1021,11.53,0.7602
171.046,0.000,0.000,0.000,0.0377,0.2776,0.0968,25.83,0.6068
171.066,0.000,0.000,0.000,0.0137,0.2775,0.0953,18.84,0.3230
171.087,0.000,0.000,0.000,0.0377,0.2783,0.0964,18.35,0.7985
171.106,0.000,0.000,0.000,0.0478,0.2806,0.0948,23.57,0.4639
171.127,0.000,0.000,0.000,0.0161,0.2806,0.0845,12.13,0.7257
171.146,0.000,0.000,0.000,0.0231,0.2835,0.0819,28.83,0.9818
171.166,0.000,0.000,0.000,0.0189,0.2946,0.0722,8.73,0.3252
171.186,0.000,0.000,0.000,0.0328,0.2935,0.0610,18.59,0.4888
171.207,0.000,0.000,0.000,0.0354,0.2968,0.0562,9.71,0.2117
171.228,0.000,0.000,0.000,0.0360,0.2951,0.0569,9.46,0.2682
171.247,0.000,0.000,0.000,0.0332,0.2918,0.0579,9.36,0.2964
171.266,0.000,0.000,0.000,0.0293,0.2901,0.0583,5.77,0.3012
171.286,0.000,0.000,0.000,0.0248,0.2886,0.0594,5.90,0.3108
171.307,0.000,0.000,0.000,0.0184,0.2869,0.0634,6.27,0.3244
171.327,0.000,0.000,0.000,0.0123,0.2848,0.0680,6.56,0.3338
171.346,0.000,0.000,0.000,0.0097,0.2832,0.0708,6.84,0.3197
171.366,0.000,0.000,0.000,0.0096,0.2820,0.0717,6.76,0.3194
171.387,0.000,0.000,0.000,0.0099,0.2800,0.0728,6.99,0.3134
171.407,0.000,0.000,0.000,0.0098,0.2781,0.0736,6.62,0.3122
171.427,0.000,0.000,0.000,0.0089,0.2758,0.0747,6.86,0.3115
171.447,0.000,0.000,0.000,0.0086,0.2746,0.0753,7.17,0.3119
171.466,0.000,0.000,0.000,0.0087,0.2735,0.0758,7.19,0.3064
171.487,0.000,0.000,0.000,0.0100,0.2713,0.0771,6.67,0.2964
171.507,0.000,0.000,0.000,0.0112,0.2697,0.0782,7.07,0.2804
171.527,0.000,0.000,0.000,0.0124,0.2679,0.0796,7.25,0.2647
171.546,0.000,0.000,0.000,0.0127,0.2675,0.0800,7.39,0.2586
171.568,0.000,0.000,0.000,0.0135,0.2661,0.0812,7.66,0.2549
171.586,0.000,0.000,0.000,0.0141,0.2652,0.0819,8.05,0.2534
171.607,0.000,0.000,0.000,0.0142,0.2649,0.0821,8.04,0.2499
171.627,0.000,0.000,0.000,0.0144,0.2645,0.0824,8.32,0.2462
171.646,0.000,0.000,0.000,0.0145,0.2639,0.0829,8.12,0.2429
171.668,0.000,0.000,0.000,0.0141,0.2636,0.0831,7.76,0.2438
171.686,0.000,0.000,0.000,0.0139,0.2634,0.0831,7.78,0.2444
171.707,0.000,0.000,0.000,0.0135,0.2630,0.0833,7.38,0.2451
171.727,0.000,0.000,0.000,0.0133,0.2629,0.0833,7.37,0.2466
171.747,0.000,0.000,0.000,0.0129,0.2627,0.0835,7.04,0.2485
171.767,0.000,0.000,0.000,0.0126,0.2627,0.0836,6.92,0.2502
171.786,0.000,0.000,0.000,0.0123,0.2627,0.0837,6.92,0.2514
171.807,0.000,0.000,0.000,0.0121,0.2626,0.0837,6.91,0.2524
171.827,0.000,0.000,0.000,0.0116,0.2627,0.0838,6.93,0.2538
171.846,0.000,0.000,0.000,0.0111,0.2627,0.0839,6.94,0.2551
171.867,0.000,0.000,0.000,0.0101,0.2628,0.0840,7.07,0.2563
171.887,0.000,0.000,0.000,0.0094,0.2628,0.0840,7.13,0.2575
171.907,0.000,0.000,0.000,0.0088,0.2629,0.0840,7.15,0.2583
171.928,0.000,0.000,0.000,0.0083,0.2630,0.0840,7.17,0.2588
171.947,0.000,0.000,0.000,0.0080,0.2630,0.0840,7.19,0.2592
171.966,0.000,0.000,0.000,0.0074,0.2631,0.0840,7.19,0.2593
171.987,0.000,0.000,0.000,0.0070,0.2631,0.0840,7.20,0.2591
172.007,0.000,0.000,0.000,0.0069,0.2631,0.0840,7.17,0.2587
172.027,0.000,0.000,0.000,0.0068,0.2631,0.0841,7.14,0.2581
172.047,0.000,0.000,0.000,0.0068,0.2631,0.0841,7.14,0.2577
172.067,0.000,0.000,0.000,0.0068,0.2631,0.0841,7.10,0.2575
172.086,0.000,0.000,0.000,0.0068,0.2631,0.0841,7.10,0.2574
172.106,0.000,0.000,0.000,0.0067,0.2631,0.0841,7.10,0.2574
172.126,0.000,0.000,0.000,0.0067,0.2631,0.0841,7.10,0.2575
172.146,0.000,0.000,0.000,0.0067,0.2631,0.0841,7.11,0.2575
172.166,0.000,0.000,0.000,0.0067,0.2631,0.0841,7.11,0.2576
172.187,0.000,0.000,0.000,0.0066,0.2631,0.0841,7.11,0.2576
172.206,0.000,0.000,0.000,0.0066,0.2631,0.0841,7.11,0.2576
172.227,0.000,0.000,0.000,0.0066,0.2631,0.0841,7.11,0.2576
172.246,0.000,0.000,0.000,0.0065,0.2631,0.0841,7.12,0.2576
172.266,0.000,0.000,0.000,0.0065,0.2631,0.0841,7.12,0.2576
172.286,0.000,0.000,0.000,0.0065,0.2631,0.0841,7.12,0.2576
172.306,0.000,0.000,0.000,0.0065,0.2631,0.0841,7.12,0.2576
172.326,0.000,0.000,0.000,0.0064,0.2631,0.0841,7.12,0.2576
172.347,0.000,0.000,0.000,0.0064,0.2631,0.0841,7.12,0.2576
172.366,0.000,0.000,0.000,0.0064,0.2631,0.0841,7.12,0.2575
172.386,0.000,0.000,0.000,0.0064,0.2631,0.0841,7.12,0.2575
172.407,0.000,0.000,0.000,0.0063,0.2631,0.0841,7.12,0.2575
172.427,0.000,0.000,0.000,0.0063,0.2631,0.0841,7.12,0.2575
172.447,0.000,0.000,0.000,0.0063,0.2631,0.0841,7.12,0.2575
172.468,0.000,0.000,0.000,0.0063,0.2631,0.0841,7.12,0.2575
172.487,0.000,0.000,0.000,0.0062,0.2631,0.0841,7.12,0.2575
172.508,0.000,0.000,0.000,0.0062,0.2631,0.0841,7.13,0.2575
172.528,0.000,0.000,0.000,0.0062,0.2631,0.0841,7.13,0.2574
172.546,0.000,0.000,0.000,0.0062,0.2632,0.0841,7.13,0.2574
172.566,0.000,0.000,0.000,0.0062,0.2632,0.0841,7.13,0.2574
172.587,0.000,0.000,0.000,0.0061,0.2632,0.0841,7.13,0.2574
172.607,0.000,0.000,0.000,0.0061,0.2632,0.0841,7.13,0.2574
172.627,0.000,0.000,0.000,0.0061,0.2632,0.0841,7.13,0.2574
172.647,0.000,0.000,0.000,0.0061,0.2632,0.0841,7.13,0.2574
172.666,0.000,0.000,0.000,0.0061,0.2632,0.0841,7.13,0.2574
172.686,0.000,0.000,0.000,0.0060,0.2632,0.0841,7.13,0.2573
172.707,0.000,0.000,0.000,0.0060,0.2632,0.0841,7.13,0.2573
172.727,0.000,0.000,0.000,0.0060,0.2632,0.0841,7.13,0.2573
172.746,0.000,0.000,0.000,0.0060,0.2632,0.0841,7.13,0.2573
172.766,0.000,0.000,0.000,0.0060,0.2632,0.0841,7.13,0.2573
172.786,0.000,0.000,0.000,0.0060,0.2632,0.0841,7.13,0.2573
172.807,0.000,0.000,0.000,0.0059,0.2632,0.0841,7.13,0.2572
172.826,0.000,0.000,0.000,0.0059,0.2632,0.0841,7.13,0.2572
172.847,0.000,0.000,0.000,0.0059,0.2632,0.0841,7.13,0.2572
172.866,0.000,0.000,0.000,0.0059,0.2632,0.0841,7.13,0.2572
172.887,0.000,0.000,0.000,0.0059,0.2632,0.0841,7.13,0.2572
172.908,0.000,0.000,0.000,0.0059,0.2632,0.0841,7.13,0.2572
172.928,0.000,0.000,0.000,0.0059,0.2632,0.0841,7.13,0.2572
172.947,0.000,0.000,0.000,0.0058,0.2632,0.0841,7.13,0.2571
172.966,0.000,0.000,0.000,0.0058,0.2632,0.0841,7.13,0.2571
172.987,0.000,0.000,0.000,0.0058,0.2632,0.0841,7.13,0.2571
173.007,0.000,0.000,0.000,0.0058,0.2632,0.0841,7.13,0.2571
173.027,0.000,0.000,0.000,0.0058,0.2632,0.0841,7.13,0.2571
173.047,0.000,0.000,0.000,0.0058,0.2632,0.0841,7.13,0.2571
173.066,0.000,0.000,0.000,0.0058,0.2632,0.0841,7.13,0.2571
173.087,0.000,0.000,0.000,0.0058,0.2632,0.0841,7.13,0.2570
173.106,0.000,0.000,0.000,0.0058,0.2632,0.0841,7.13,0.2570
173.127,0.000,0.000,0.000,0.0057,0.2632,0.0841,7.13,0.2570
173.146,0.000,0.000,0.000,0.0057,0.2632,0.0841,7.13,0.2570
173.167,0.000,0.000,0.000,0.0057,0.2632,0.0841,7.13,0.2570
173.186,0.000,0.000,0.000,0.0057,0.2632,0.0841,7.13,0.2569
173.207,0.000,0.000,0.000,0.0057,0.2632,0.0841,7.13,0.2569
173.227,0.000,0.000,0.000,0.0057,0.2632,0.0841,7.13,0.2569
173.247,0.000,0.000,0.000,0.0057,0.2632,0.0841,7.13,0.2569
173.267,0.000,0.000,0.000,0.0057,0.2632,0.0841,7.13,0.2569
173.287,0.000,0.000,0.000,0.0057,0.2632,0.0841,7.13,0.2569
173.308,0.000,0.000,0.000,0.0056,0.2632,0.0841,7.13,0.2568
173.327,0.000,0.000,0.000,0.0056,0.2632,0.0841,7.13,0.2568
173.348,0.000,0.000,0.000,0.0056,0.2632,0.0841,7.13,0.2568
173.367,0.000,0.000,0.000,0.0056,0.2632,0.0841,7.13,0.2568
173.387,0.000,0.000,0.000,0.0056,0.2632,0.0841,7.13,0.2568
173.406,0.000,0.000,0.000,0.0056,0.2632,0.0841,7.13,0.2568
173.426,0.000,0.000,0.000,0.0056,0.2632,0.0841,7.13,0.2567
173.447,0.000,0.000,0.000,0.0056,0.2632,0.0841,7.13,0.2567
173.466,0.000,0.000,0.000,0.0056,0.2632,0.0841,7.13,0.2567
173.487,0.000,0.000,0.000,0.0056,0.2632,0.0841,7.13,0.2567
173.507,0.000,0.000,0.000,0.0056,0.2632,0.0841,7.13,0.2567
173.527,0.000,0.000,0.000,0.0055,0.2632,0.0841,7.13,0.2566
173.547,0.000,0.000,0.000,0.0055,0.2632,0.0841,7.13,0.2566
173.567,0.000,0.000,0.000,0.0055,0.2632,0.0841,7.13,0.2566
173.587,0.000,0.000,0.000,0.0055,0.2632,0.0841,7.13,0.2566
173.607,0.000,0.000,0.000,0.0055,0.2632,0.0841,7.13,0.2566
173.627,0.000,0.000,0.000,0.0055,0.2632,0.0841,7.13,0.2565
173.647,0.000,0.000,0.000,0.0055,0.2632,0.0841,7.13,0.2565
173.667,0.000,0.000,0.000,0.0055,0.2632,0.0841,7.13,0.2565
173.687,0.000,0.000,0.000,0.0055,0.2632,0.0841,7.13,0.2565
173.708,0.000,0.000,0.000,0.0055,0.2632,0.0841,7.13,0.2565
173.727,0.000,0.000,0.000,0.0055,0.2632,0.0841,7.13,0.2565
173.746,0.000,0.000,0.000,0.0055,0.2632,0.0842,7.13,0.2564
173.766,0.000,0.000,0.000,0.0055,0.2632,0.0842,7.13,0.2564
173.788,0.000,0.000,0.000,0.0055,0.2632,0.0842,7.13,0.2564
173.807,0.000,0.000,0.000,0.0055,0.2632,0.0842,7.13,0.2564
173.827,0.000,0.000,0.000,0.0055,0.2632,0.0842,7.13,0.2564
173.847,0.000,0.000,0.000,0.0054,0.2632,0.0842,7.13,0.2563
173.866,0.000,0.000,0.000,0.0054,0.2632,0.0842,7.13,0.2563
173.887,0.000,0.000,0.000,0.0054,0.2632,0.0842,7.13,0.2563
173.907,0.000,0.000,0.000,0.0054,0.2633,0.0842,7.13,0.2563
173.928,0.000,0.000,0.000,0.0054,0.2633,0.0842,7.13,0.2563
173.947,0.000,0.000,0.000,0.0054,0.2633,0.0842,7.13,0.2562
173.967,0.000,0.000,0.000,0.0054,0.2633,0.0842,7.13,0.2562
173.987,0.000,0.000,0.000,0.0054,0.2633,0.0842,7.13,0.2562
174.008,0.000,0.000,0.000,0.0054,0.2633,0.0842,7.13,0.2562
174.027,0.000,0.000,0.000,0.0054,0.2633,0.0842,7.13,0.2562
174.048,0.000,0.000,0.000,0.0054,0.2633,0.0842,7.13,0.2561
174.067,0.000,0.000,0.000,0.0054,0.2633,0.0842,7.13,0.2561
174.087,0.000,0.000,0.000,0.0054,0.2633,0.0842,7.13,0.2561
174.108,0.000,0.000,0.000,0.0054,0.2633,0.0842,7.13,0.2561
174.126,0.000,0.000,0.000,0.0054,0.2633,0.0842,7.13,0.2561
174.146,0.000,0.000,0.000,0.0054,0.2633,0.0842,7.13,0.2560
174.166,0.000,0.000,0.000,0.0054,0.2633,0.0842,7.13,0.2560
174.186,0.000,0.000,0.000,0.0054,0.2633,0.0842,7.13,0.2560
174.207,0.000,0.000,0.000,0.0054,0.2633,0.0842,7.13,0.2560
174.226,0.000,0.000,0.000,0.0054,0.2633,0.0842,7.13,0.2560
174.247,0.000,0.000,0.000,0.0053,0.2633,0.0842,7.13,0.2559
174.267,0.000,0.000,0.000,0.0053,0.2633,0.0842,7.13,0.2559
174.287,0.000,0.000,0.000,0.0053,0.2633,0.0842,7.13,0.2559
174.307,0.000,0.000,0.000,0.0053,0.2633,0.0842,7.13,0.2559
174.328,0.000,0.000,0.000,0.0053,0.2633,0.0842,7.13,0.2559
174.347,0.000,0.000,0.000,0.0053,0.2633,0.0842,7.12,0.2558
174.367,0.000,0.000,0.000,0.0053,0.2633,0.0842,7.12,0.2558
174.387,0.000,0.000,0.000,0.0053,0.2633,0.0842,7.12,0.2558
174.407,0.000,0.000,0.000,0.0053,0.2633,0.0842,7.12,0.2558
174.427,0.000,0.000,0.000,0.0053,0.2633,0.0842,7.12,0.2558
174.447,0.000,0.000,0.000,0.0053,0.2633,0.0842,7.12,0.2557
174.467,0.000,0.000,0.000,0.0053,0.2633,0.0842,7.12,0.2557
174.487,0.000,0.000,0.000,0.0053,0.2633,0.0842,7.12,0.2557
174.507,0.000,0.000,0.000,0.0053,0.2633,0.0842,7.12,0.2557
174.526,0.000,0.000,0.000,0.0053,0.2633,0.0842,7.12,0.2557
174.547,0.000,0.000,0.000,0.0053,0.2633,0.0842,7.12,0.2557
174.566,0.000,0.000,0.000,0.0053,0.2633,0.0842,7.12,0.2556
174.587,0.000,0.000,0.000,0.0053,0.2633,0.0842,7.12,0.2556
174.607,0.000,0.000,0.000,0.0053,0.2633,0.0842,7.12,0.2556
174.627,0.000,0.000,0.000,0.0053,0.2633,0.0842,7.12,0.2556
174.646,0.000,0.000,0.000,0.0053,0.2633,0.0842,7.12,0.2555
174.666,0.000,0.000,0.000,0.0053,0.2633,0.0842,7.12,0.2555
174.687,0.000,0.000,0.000,0.0053,0.2633,0.0842,7.12,0.2555
174.708,0.000,0.000,0.000,0.0053,0.2633,0.0842,7.12,0.2555
174.728,0.000,0.000,0.000,0.0053,0.2633,0.0842,7.12,0.2555
174.747,0.000,0.000,0.000,0.0053,0.2633,0.0842,7.12,0.2554
174.766,0.000,0.000,0.000,0.0053,0.2633,0.0842,7.12,0.2554
174.786,0.000,0.000,0.000,0.0053,0.2633,0.0842,7.12,0.2554
174.807,0.000,0.000,0.000,0.0053,0.2633,0.0842,7.12,0.2554
174.826,0.000,0.000,0.000,0.0053,0.2633,0.0842,7.12,0.2554
174.846,0.000,0.000,0.000,0.0053,0.2633,0.0842,7.12,0.2553
174.866,0.000,0.000,0.000,0.0053,0.2633,0.0842,7.12,0.2553
174.886,0.000,0.000,0.000,0.0053,0.2633,0.0842,7.12,0.2553
174.908,0.000,0.000,0.000,0.0053,0.2633,0.0842,7.12,0.2553
174.927,0.000,0.000,0.000,0.0053,0.2633,0.0842,7.12,0.2553
174.946,0.000,0.000,0.000,0.0052,0.2633,0.0842,7.12,0.2552
174.966,0.000,0.000,0.000,0.0052,0.2633,0.0842,7.12,0.2552
174.987,0.000,0.000,0.000,0.0052,0.2633,0.0842,7.12,0.2552
175.006,0.000,0.000,0.000,0.0052,0.2633,0.0842,7.12,0.2552
175.027,0.000,0.000,0.000,0.0052,0.2633,0.0842,7.12,0.2552
175.048,0.000,0.000,0.000,0.0052,0.2633,0.0842,7.12,0.2551
175.067,0.000,0.000,0.000,0.0052,0.2633,0.0842,7.12,0.2551
175.087,0.000,0.000,0.000,0.0052,0.2633,0.0842,7.12,0.2551
175.107,0.000,0.000,0.000,0.0052,0.2633,0.0842,7.12,0.2551
175.127,0.000,0.000,0.000,0.0052,0.2633,0.0842,7.12,0.2551
175.147,0.000,0.000,0.000,0.0052,0.2633,0.0842,7.12,0.2550
175.167,0.000,0.000,0.000,0.0052,0.2633,0.0842,7.12,0.2550
175.187,0.000,0.000,0.000,0.0052,0.2633,0.0842,7.12,0.2550
175.207,0.000,0.000,0.000,0.0052,0.2633,0.0843,7.12,0.2550
175.228,0.000,0.000,0.000,0.0052,0.2633,0.0843,7.12,0.2550
175.248,0.000,0.000,0.000,0.0052,0.2633,0.0843,7.12,0.2549
175.266,0.000,0.000,0.000,0.0052,0.2633,0.0843,7.12,0.2549
175.288,0.000,0.000,0.000,0.0052,0.2633,0.0843,7.12,0.2549
175.307,0.000,0.000,0.000,0.0052,0.2633,0.0843,7.12,0.2549
175.326,0.000,0.000,0.000,0.0052,0.2633,0.0843,7.11,0.2549
175.347,0.000,0.000,0.000,0.0052,0.2633,0.0843,7.11,0.2548
175.366,0.000,0.000,0.000,0.0052,0.2633,0.0843,7.11,0.2548
175.387,0.000,0.000,0.000,0.0052,0.2633,0.0843,7.11,0.2548
175.408,0.000,0.000,0.000,0.0052,0.2633,0.0843,7.11,0.2548
175.428,0.000,0.000,0.000,0.0052,0.2633,0.0843,7.11,0.2548
175.446,0.000,0.000,0.000,0.0052,0.2633,0.0843,7.11,0.2547
175.466,0.000,0.000,0.000,0.0052,0.2633,0.0843,7.11,0.2547
175.487,0.000,0.000,0.000,0.0052,0.2633,0.0843,7.11,0.2547
175.506,0.000,0.000,0.000,0.0052,0.2633,0.0843,7.11,0.2547
175.527,0.000,0.000,0.000,0.0052,0.2633,0.0843,7.11,0.2547
175.548,0.000,0.000,0.000,0.0052,0.2633,0.0843,7.11,0.2546
175.566,0.000,0.000,0.000,0.0052,0.2633,0.0843,7.11,0.2546
175.587,0.000,0.000,0.000,0.0052,0.2633,0.0843,7.11,0.2546
175.607,0.000,0.000,0.000,0.0052,0.2633,0.0843,7.11,0.2546
175.627,0.000,0.000,0.000,0.0052,0.2633,0.0843,7.11,0.2546
175.647,0.000,0.000,0.000,0.0052,0.2633,0.0843,7.11,0.2545
175.667,0.000,0.000,0.000,0.0052,0.2633,0.0843,7.11,0.2545
175.687,0.000,0.000,0.000,0.0052,0.2633,0.0843,7.11,0.2545
175.708,0.000,0.000,0.000,0.0052,0.2633,0.0843,7.11,0.2545
175.726,0.000,0.000,0.000,0.0052,0.2633,0.0843,7.11,0.2545
175.747,0.000,0.000,0.000,0.0052,0.2633,0.0843,7.11,0.2545
175.766,0.000,0.000,0.000,0.0052,0.2633,0.0843,7.11,0.2544
175.786,0.000,0.000,0.000,0.0052,0.2633,0.0843,7.11,0.2544
175.807,0.000,0.000,0.000,0.0052,0.2633,0.0843,7.11,0.2544
175.826,0.000,0.000,0.000,0.0052,0.2633,0.0843,7.11,0.2544
175.846,0.000,0.000,0.000,0.0052,0.2633,0.0843,7.11,0.2543
175.867,0.000,0.000,0.000,0.0052,0.2633,0.0843,7.11,0.2543
175.887,0.000,0.000,0.000,0.0052,0.2633,0.0843,7.11,0.2543
175.906,0.000,0.000,0.000,0.0052,0.2633,0.0843,7.11,0.2543
175.927,0.000,0.000,0.000,0.0052,0.2633,0.0843,7.11,0.2542
175.946,0.000,0.000,0.000,0.0052,0.2633,0.0843,7.11,0.2542
175.966,0.000,0.000,0.000,0.0052,0.2633,0.0843,7.11,0.2542
175.986,0.000,0.000,0.000,0.0052,0.2634,0.0843,7.11,0.2542
176.008,0.000,0.000,0.000,0.0052,0.2634,0.0843,7.11,0.2542
176.027,0.000,0.000,0.000,0.0052,0.2634,0.0843,7.11,0.2541
176.048,0.000,0.000,0.000,0.0052,0.2634,0.0843,7.11,0.2541
176.066,0.000,0.000,0.000,0.0052,0.2634,0.0843,7.11,0.2541
176.086,0.000,0.000,0.000,0.0052,0.2634,0.0843,7.11,0.2541
176.107,0.000,0.000,0.000,0.0052,0.2634,0.0843,7.11,0.2540
176.127,0.000,0.000,0.000,0.0052,0.2634,0.0843,7.11,0.2540
176.146,0.000,0.000,0.000,0.0052,0.2634,0.0843,7.11,0.2540
176.166,0.000,0.000,0.000,0.0052,0.2634,0.0843,7.11,0.2540
176.186,0.000,0.000,0.000,0.0052,0.2634,0.0843,7.11,0.2540
176.207,0.000,0.000,0.000,0.0052,0.2634,0.0843,7.11,0.2539
176.226,0.000,0.000,0.000,0.0051,0.2634,0.0843,7.11,0.2539
176.246,0.000,0.000,0.000,0.0051,0.2634,0.0843,7.11,0.2539
176.266,0.000,0.000,0.000,0.0051,0.2634,0.0843,7.11,0.2539
176.287,0.000,0.000,0.000,0.0051,0.2634,0.0843,7.11,0.2539
176.307,0.000,0.000,0.000,0.0051,0.2634,0.0843,7.11,0.2538
176.327,0.000,0.000,0.000,0.0051,0.2634,0.0843,7.11,0.2538
176.349,0.000,0.000,0.000,0.0051,0.2634,0.0843,7.11,0.2538
176.366,0.000,0.000,0.000,0.0051,0.2634,0.0843,7.11,0.2538
176.387,0.000,0.000,0.000,0.0051,0.2634,0.0843,7.11,0.2538
176.407,0.000,0.000,0.000,0.0051,0.2634,0.0843,7.11,0.2537
176.426,0.000,0.000,0.000,0.0051,0.2634,0.0843,7.11,0.2537
176.446,0.000,0.000,0.000,0.0051,0.2634,0.0843,7.11,0.2537
176.466,0.000,0.000,0.000,0.0051,0.2634,0.0843,7.11,0.2537
176.488,0.000,0.000,0.000,0.0051,0.2634,0.0843,7.11,0.2536
176.506,0.000,0.000,0.000,0.0051,0.2634,0.0843,7.11,0.2536
176.527,0.000,0.000,0.000,0.0051,0.2634,0.0843,7.11,0.2536
176.546,0.000,0.000,0.000,0.0051,0.2634,0.0843,7.11,0.2536
176.566,0.000,0.000,0.000,0.0051,0.2634,0.0843,7.11,0.2536
176.587,0.000,0.000,0.000,0.0051,0.2634,0.0844,7.11,0.2535
176.606,0.000,0.000,0.000,0.0051,0.2634,0.0844,7.11,0.2535
176.626,0.000,0.000,0.000,0.0051,0.2634,0.0844,7.11,0.2535
176.646,0.000,0.000,0.000,0.0051,0.2634,0.0844,7.10,0.2535
176.667,0.000,0.000,0.000,0.0051,0.2634,0.0844,7.10,0.2534
176.686,0.000,0.000,0.000,0.0051,0.2634,0.0844,7.10,0.2534
176.707,0.000,0.000,0.000,0.0051,0.2634,0.0844,7.10,0.2534
176.728,0.000,0.000,0.000,0.0051,0.2634,0.0844,7.10,0.2534
176.747,0.000,0.000,0.000,0.0051,0.2634,0.0844,7.10,0.2534
176.766,0.000,0.000,0.000,0.0051,0.2634,0.0844,7.10,0.2533
176.786,0.000,0.000,0.000,0.0051,0.2634,0.0844,7.10,0.2533
176.806,0.000,0.000,0.000,0.0051,0.2634,0.0844,7.10,0.2533
176.827,0.000,0.000,0.000,0.0051,0.2634,0.0844,7.10,0.2533
176.846,0.000,0.000,0.000,0.0051,0.2634,0.0844,7.10,0.2532
176.867,0.000,0.000,0.000,0.0051,0.2634,0.0844,7.10,0.2532
176.887,0.000,0.000,0.000,0.0051,0.2634,0.0844,7.10,0.2532
176.906,0.000,0.000,0.000,0.0051,0.2634,0.0844,7.10,0.2532
176.928,0.000,0.000,0.000,0.0051,0.2634,0.0844,7.10,0.2532
176.946,0.000,0.000,0.000,0.0051,0.2634,0.0844,7.10,0.2531
176.966,0.000,0.000,0.000,0.0051,0.2634,0.0844,7.10,0.2531
176.986,0.000,0.000,0.000,0.0051,0.2634,0.0844,7.10,0.2531
177.007,0.000,0.000,0.000,0.0051,0.2634,0.0844,7.10,0.2531
177.026,0.000,0.000,0.000,0.0051,0.2634,0.0844,7.10,0.2530
177.047,0.000,0.000,0.000,0.0051,0.2634,0.0844,7.10,0.2530
177.066,0.000,0.000,0.000,0.0051,0.2634,0.0844,7.10,0.2530
177.087,0.000,0.000,0.000,0.0051,0.2634,0.0844,7.10,0.2530
177.110,0.000,0.000,0.000,0.0051,0.2634,0.0844,7.10,0.2530
177.127,0.000,0.000,0.000,0.0051,0.2634,0.0844,7.10,0.2529
177.146,0.000,0.000,0.000,0.0051,0.2634,0.0844,7.10,0.2529
177.166,0.000,0.000,0.000,0.0051,0.2634,0.0844,7.10,0.2529
177.187,0.000,0.000,0.000,0.0051,0.2634,0.0844,7.10,0.2529
177.207,0.000,0.000,0.000,0.0051,0.2634,0.0844,7.10,0.2529
177.231,0.000,0.000,0.000,0.0051,0.2634,0.0844,7.10,0.2529
177.246,0.000,0.000,0.000,0.0051,0.2634,0.0844,7.10,0.2528
177.266,0.000,0.000,0.000,0.0051,0.2634,0.0844,7.10,0.2528
177.286,0.000,0.000,0.000,0.0051,0.2634,0.0844,7.10,0.2528
177.307,0.000,0.000,0.000,0.0051,0.2634,0.0844,7.10,0.2528
177.327,0.000,0.000,0.000,0.0051,0.2634,0.0844,7.10,0.2528
177.346,0.000,0.000,0.000,0.0051,0.2634,0.0844,7.10,0.2527
177.366,0.000,0.000,0.000,0.0051,0.2634,0.0844,7.10,0.2527
177.387,0.000,0.000,0.000,0.0051,0.2634,0.0844,7.10,0.2527
177.410,0.000,0.000,0.000,0.0051,0.2634,0.0844,7.10,0.2527
177.427,0.000,0.000,0.000,0.0051,0.2634,0.0844,7.10,0.2526
177.446,0.000,0.000,0.000,0.0051,0.2634,0.0844,7.10,0.2526
177.467,0.000,0.000,0.000,0.0051,0.2634,0.0844,7.10,0.2526
177.487,0.000,0.000,0.000,0.0051,0.2634,0.0844,7.10,0.2526
177.507,0.000,0.000,0.000,0.0051,0.2634,0.0844,7.10,0.2526
177.527,0.000,0.000,0.000,0.0051,0.2634,0.0844,7.10,0.2525
177.546,0.000,0.000,0.000,0.0051,0.2634,0.0844,7.10,0.2525
177.566,0.000,0.000,0.000,0.0051,0.2634,0.0844,7.10,0.2525
177.588,0.000,0.000,0.000,0.0051,0.2634,0.0844,7.10,0.2525
177.607,0.000,0.000,0.000,0.0051,0.2634,0.0844,7.10,0.2524
177.627,0.000,0.000,0.000,0.0051,0.2634,0.0844,7.10,0.2524
177.647,0.000,0.000,0.000,0.0051,0.2634,0.0844,7.10,0.2524
177.666,0.000,0.000,0.000,0.0051,0.2634,0.0844,7.10,0.2524
177.687,0.000,0.000,0.000,0.0051,0.2634,0.0844,7.10,0.2523
177.707,0.000,0.000,0.000,0.0051,0.2634,0.0844,7.10,0.2523
177.728,0.000,0.000,0.000,0.0051,0.2634,0.0844,7.10,0.2523
177.746,0.000,0.000,0.000,0.0051,0.2634,0.0844,7.10,0.2523
177.767,0.000,0.000,0.000,0.0051,0.2634,0.0844,7.10,0.2523
177.786,0.000,0.000,0.000,0.0051,0.2634,0.0844,7.10,0.2523
177.807,0.000,0.000,0.000,0.0051,0.2634,0.0844,7.10,0.2522
177.829,0.000,0.000,0.000,0.0051,0.2634,0.0844,7.10,0.2522
177.847,0.000,0.000,0.000,0.0051,0.2634,0.0844,7.10,0.2522
177.866,0.000,0.000,0.000,0.0051,0.2634,0.0844,7.10,0.2522
177.893,0.000,0.000,0.000,0.0051,0.2634,0.0844,7.10,0.2522
177.908,0.000,0.000,0.000,0.0051,0.2634,0.0845,7.10,0.2521
177.927,0.000,0.000,0.000,0.0051,0.2634,0.0845,7.10,0.2521
177.946,0.000,0.000,0.000,0.0051,0.2634,0.0845,7.10,0.2521
177.966,0.000,0.000,0.000,0.0051,0.2634,0.0845,7.10,0.2521
177.987,0.000,0.000,0.000,0.0051,0.2634,0.0845,7.10,0.2521
178.007,0.000,0.000,0.000,0.0051,0.2634,0.0845,7.10,0.2520
178.027,0.000,0.000,0.000,0.0051,0.2634,0.0845,7.10,0.2520
178.046,0.000,0.000,0.000,0.0051,0.2634,0.0845,7.10,0.2520
178.069,0.000,0.000,0.000,0.0051,0.2634,0.0845,7.10,0.2520
178.087,0.000,0.000,0.000,0.0051,0.2634,0.0845,7.10,0.2519
178.107,0.000,0.000,0.000,0.0051,0.2634,0.0845,7.10,0.2519
178.129,0.000,0.000,0.000,0.0051,0.2634,0.0845,7.10,0.2519
178.147,0.000,0.000,0.000,0.0051,0.2634,0.0845,7.10,0.2519
178.166,0.000,0.000,0.000,0.0051,0.2634,0.0845,7.10,0.2519
178.187,0.000,0.000,0.000,0.0051,0.2634,0.0845,7.10,0.2518
178.207,0.000,0.000,0.000,0.0051,0.2634,0.0845,7.10,0.2518
178.226,0.000,0.000,0.000,0.0051,0.2634,0.0845,7.10,0.2518
178.247,0.000,0.000,0.000,0.0051,0.2634,0.0845,7.10,0.2518
178.266,0.000,0.000,0.000,0.0051,0.2634,0.0845,7.10,0.2518
178.287,0.000,0.000,0.000,0.0051,0.2634,0.0845,7.10,0.2517
178.308,0.000,0.000,0.000,0.0051,0.2634,0.0845,7.10,0.2517
178.327,0.000,0.000,0.000,0.0051,0.2634,0.0845,7.10,0.2517
178.347,0.000,0.000,0.000,0.0051,0.2634,0.0845,7.10,0.2517
178.368,0.000,0.000,0.000,0.0051,0.2634,0.0845,7.10,0.2516
178.387,0.000,0.000,0.000,0.0051,0.2634,0.0845,7.10,0.2516
178.407,0.000,0.000,0.000,0.0051,0.2634,0.0845,7.10,0.2516
178.427,0.000,0.000,0.000,0.0051,0.2634,0.0845,7.10,0.2516
178.447,0.000,0.000,0.000,0.0050,0.2634,0.0845,7.10,0.2516
178.467,0.000,0.000,0.000,0.0050,0.2634,0.0845,7.10,0.2516
178.488,0.000,0.000,0.000,0.0050,0.2634,0.0845,7.10,0.2515
178.507,0.000,0.000,0.000,0.0050,0.2634,0.0845,7.10,0.2515
178.527,0.000,0.000,0.000,0.0050,0.2634,0.0845,7.10,0.2515
178.547,0.000,0.000,0.000,0.0050,0.2634,0.0845,7.10,0.2515
178.566,0.000,0.000,0.000,0.0050,0.2634,0.0845,7.10,0.2515
178.587,0.000,0.000,0.000,0.0050,0.2634,0.0845,7.10,0.2514
178.607,0.000,0.000,0.000,0.0050,0.2634,0.0845,7.10,0.2514
178.627,0.000,0.000,0.000,0.0050,0.2634,0.0845,7.10,0.2514
178.646,0.000,0.000,0.000,0.0050,0.2634,0.0845,7.10,0.2514
178.667,0.000,0.000,0.000,0.0050,0.2634,0.0845,7.10,0.2514
178.687,0.000,0.000,0.000,0.0050,0.2634,0.0845,7.10,0.2513
178.710,0.000,0.000,0.000,0.0050,0.2634,0.0845,7.10,0.2513
178.728,0.000,0.000,0.000,0.0050,0.2634,0.0845,7.10,0.2513
178.747,0.000,0.000,0.000,0.0050,0.2634,0.0845,7.10,0.2513
178.766,0.000,0.000,0.000,0.0050,0.2634,0.0845,7.10,0.2512
178.786,0.000,0.000,0.000,0.0050,0.2634,0.0845,7.10,0.2512
178.808,0.000,0.000,0.000,0.0050,0.2634,0.0845,7.10,0.2512
178.826,0.000,0.000,0.000,0.0050,0.2634,0.0845,7.10,0.2512
178.847,0.000,0.000,0.000,0.0050,0.2634,0.0845,7.10,0.2512
178.866,0.000,0.000,0.000,0.0050,0.2634,0.0845,7.10,0.2511
178.887,0.000,0.000,0.000,0.0050,0.2634,0.0845,7.10,0.2511
178.906,0.000,0.000,0.000,0.0050,0.2634,0.0845,7.10,0.2511
178.926,0.000,0.000,0.000,0.0050,0.2634,0.0845,7.10,0.2511
178.946,0.000,0.000,0.000,0.0050,0.2634,0.0845,7.10,0.2511
178.967,0.000,0.000,0.000,0.0050,0.2634,0.0845,7.10,0.2510
178.987,0.000,0.000,0.000,0.0050,0.2634,0.0845,7.10,0.2510
179.007,0.000,0.000,0.000,0.0050,0.2634,0.0845,7.10,0.2510
179.028,0.000,0.000,0.000,0.0050,0.2634,0.0845,7.10,0.2510
179.046,0.000,0.000,0.000,0.0050,0.2634,0.0845,7.10,0.2509
179.067,0.000,0.000,0.000,0.0050,0.2634,0.0845,7.10,0.2509
179.087,0.000,0.000,0.000,0.0050,0.2634,0.0845,7.10,0.2509
179.107,0.000,0.000,0.000,0.0050,0.2634,0.0845,7.10,0.2509
179.126,0.000,0.000,0.000,0.0050,0.2634,0.0845,7.10,0.2509
179.147,0.000,0.000,0.000,0.0050,0.2634,0.0845,7.10,0.2508
179.166,0.000,0.000,0.000,0.0050,0.2634,0.0845,7.10,0.2508
179.187,0.000,0.000,0.000,0.0050,0.2634,0.0845,7.10,0.2508
179.206,0.000,0.000,0.000,0.0050,0.2634,0.0846,7.10,0.2508
179.227,0.000,0.000,0.000,0.0050,0.2634,0.0846,7.10,0.2508
179.247,0.000,0.000,0.000,0.0050,0.2634,0.0846,7.10,0.2507
179.267,0.000,0.000,0.000,0.0050,0.2634,0.0846,7.10,0.2507
179.287,0.000,0.000,0.000,0.0050,0.2634,0.0846,7.10,0.2507
179.307,0.000,0.000,0.000,0.0050,0.2634,0.0846,7.10,0.2507
179.327,0.000,0.000,0.000,0.0050,0.2634,0.0846,7.10,0.2507
179.346,0.000,0.000,0.000,0.0050,0.2634,0.0846,7.10,0.2506
179.366,0.000,0.000,0.000,0.0050,0.2634,0.0846,7.10,0.2506
179.386,0.000,0.000,0.000,0.0050,0.2634,0.0846,7.10,0.2506
179.407,0.000,0.000,0.000,0.0050,0.2634,0.0846,7.10,0.2506
179.427,0.000,0.000,0.000,0.0050,0.2634,0.0846,7.10,0.2506
179.446,0.000,0.000,0.000,0.0050,0.2634,0.0846,7.10,0.2505
179.466,0.000,0.000,0.000,0.0050,0.2634,0.0846,7.10,0.2505
179.487,0.000,0.000,0.000,0.0050,0.2634,0.0846,7.10,0.2505
179.507,0.000,0.000,0.000,0.0050,0.2634,0.0846,7.10,0.2505
179.526,0.000,0.000,0.000,0.0050,0.2634,0.0846,7.10,0.2504
179.546,0.000,0.000,0.000,0.0050,0.2634,0.0846,7.10,0.2504
179.566,0.000,0.000,0.000,0.0050,0.2634,0.0846,7.10,0.2504
179.587,0.000,0.000,0.000,0.0050,0.2634,0.0846,7.10,0.2504
179.607,0.000,0.000,0.000,0.0050,0.2634,0.0846,7.10,0.2504
179.626,0.000,0.000,0.000,0.0050,0.2634,0.0846,7.10,0.2503
179.646,0.000,0.000,0.000,0.0050,0.2634,0.0846,7.10,0.2503
179.667,0.000,0.000,0.000,0.0050,0.2634,0.0846,7.10,0.2503
179.687,0.000,0.000,0.000,0.0050,0.2634,0.0846,7.10,0.2503
179.707,0.000,0.000,0.000,0.0050,0.2634,0.0846,7.10,0.2502
179.728,0.000,0.000,0.000,0.0050,0.2634,0.0846,7.10,0.2502
179.746,0.000,0.000,0.000,0.0050,0.2634,0.0846,7.10,0.2502
179.766,0.000,0.000,0.000,0.0050,0.2634,0.0846,7.10,0.2502
179.787,0.000,0.000,0.000,0.0050,0.2634,0.0846,7.10,0.2502
179.807,0.000,0.000,0.000,0.0050,0.2634,0.0846,7.10,0.2501
179.826,0.000,0.000,0.000,0.0050,0.2634,0.0846,7.10,0.2501
179.849,0.000,0.000,0.000,0.0050,0.2634,0.0846,7.10,0.2501
179.867,0.000,0.000,0.000,0.0050,0.2634,0.0846,7.10,0.2501
179.887,0.000,0.000,0.000,0.0050,0.2634,0.0846,7.09,0.2501
179.910,0.000,0.000,0.000,0.0050,0.2634,0.0846,7.09,0.2500
179.928,0.000,0.000,0.000,0.0050,0.2634,0.0846,7.09,0.2500
179.946,0.000,0.000,0.000,0.0050,0.2634,0.0846,7.09,0.2500
179.968,0.000,0.000,0.000,0.0050,0.2634,0.0846,7.09,0.2500
179.986,0.000,0.000,0.000,0.0050,0.2634,0.0846,7.09,0.2500
