v_cmd,t,P_mecanica_W,P_electrica_W,voltaje_V,corriente_A,inclinacion_rad,altura_m
0.10,3.001,7.30,0.00,0.00,0.000,0.0125,0.2696
0.10,3.021,5.22,0.00,0.00,0.000,0.0125,0.2709
0.10,3.041,6.45,0.00,0.00,0.000,0.0110,0.2708
0.10,3.061,14.02,0.00,0.00,0.000,0.0101,0.2681
0.10,3.081,6.33,0.00,0.00,0.000,0.0099,0.2650
0.10,3.108,4.04,0.00,0.00,0.000,0.0095,0.2625
0.10,3.121,3.35,0.00,0.00,0.000,0.0101,0.2617
0.10,3.141,2.91,0.00,0.00,0.000,0.0117,0.2607
0.10,3.161,3.15,0.00,0.00,0.000,0.0134,0.2604
0.10,3.181,2.51,0.00,0.00,0.000,0.0142,0.2600
0.10,3.209,2.28,0.00,0.00,0.000,0.0143,0.2598
0.10,3.221,2.09,0.00,0.00,0.000,0.0139,0.2597
0.10,3.241,4.45,0.00,0.00,0.000,0.0136,0.2600
0.10,3.261,9.04,0.00,0.00,0.000,0.0134,0.2638
0.10,3.281,12.40,0.00,0.00,0.000,0.0137,0.2662
0.10,3.301,12.61,0.00,0.00,0.000,0.0141,0.2709
0.10,3.321,2.66,0.00,0.00,0.000,0.0142,0.2717
0.10,3.341,5.77,0.00,0.00,0.000,0.0132,0.2708
0.10,3.361,7.76,0.00,0.00,0.000,0.0120,0.2681
0.10,3.381,3.63,0.00,0.00,0.000,0.0116,0.2648
0.10,3.401,2.62,0.00,0.00,0.000,0.0117,0.2621
0.10,3.421,2.00,0.00,0.00,0.000,0.0119,0.2606
0.10,3.441,1.37,0.00,0.00,0.000,0.0116,0.2593
0.10,3.461,2.00,0.00,0.00,0.000,0.0090,0.2586
0.10,3.481,1.42,0.00,0.00,0.000,0.0062,0.2583
0.10,3.501,0.67,0.00,0.00,0.000,0.0055,0.2585
0.10,3.521,0.55,0.00,0.00,0.000,0.0058,0.2587
0.10,3.541,2.55,0.00,0.00,0.000,0.0066,0.2607
0.10,3.561,4.94,0.00,0.00,0.000,0.0075,0.2634
0.10,3.583,10.90,0.00,0.00,0.000,0.0088,0.2661
0.10,3.601,4.93,0.00,0.00,0.000,0.0114,0.2701
0.10,3.620,2.41,0.00,0.00,0.000,0.0114,0.2712
0.10,3.641,6.51,0.00,0.00,0.000,0.0101,0.2701
0.10,3.661,10.27,0.00,0.00,0.000,0.0095,0.2673
0.10,3.681,5.76,0.00,0.00,0.000,0.0092,0.2647
0.10,3.700,2.31,0.00,0.00,0.000,0.0090,0.2631
0.10,3.721,2.92,0.00,0.00,0.000,0.0102,0.2615
0.10,3.740,2.70,0.00,0.00,0.000,0.0122,0.2608
0.10,3.762,2.67,0.00,0.00,0.000,0.0137,0.2603
0.10,3.781,2.30,0.00,0.00,0.000,0.0146,0.2599
0.10,3.802,2.15,0.00,0.00,0.000,0.0148,0.2597
0.10,3.821,2.05,0.00,0.00,0.000,0.0147,0.2595
0.10,3.841,3.33,0.00,0.00,0.000,0.0145,0.2603
0.10,3.861,5.70,0.00,0.00,0.000,0.0145,0.2612
0.10,3.881,13.56,0.00,0.00,0.000,0.0146,0.2653
0.10,3.901,15.33,0.00,0.00,0.000,0.0149,0.2703
0.10,3.929,4.48,0.00,0.00,0.000,0.0156,0.2714
0.10,3.941,4.21,0.00,0.00,0.000,0.0155,0.2711
0.10,3.960,7.64,0.00,0.00,0.000,0.0138,0.2687
0.10,3.980,5.37,0.00,0.00,0.000,0.0130,0.2660
0.10,4.002,2.95,0.00,0.00,0.000,0.0132,0.2633
0.10,4.021,2.51,0.00,0.00,0.000,0.0135,0.2615
0.10,4.041,2.35,0.00,0.00,0.000,0.0136,0.2604
0.10,4.061,2.19,0.00,0.00,0.000,0.0126,0.2596
0.10,4.083,2.59,0.00,0.00,0.000,0.0093,0.2591
0.10,4.101,1.70,0.00,0.00,0.000,0.0061,0.2590
0.10,4.121,1.73,0.00,0.00,0.000,0.0055,0.2594
0.10,4.141,3.41,0.00,0.00,0.000,0.0069,0.2608
0.10,4.161,5.59,0.00,0.00,0.000,0.0081,0.2624
0.10,4.187,9.89,0.00,0.00,0.000,0.0122,0.2682
0.10,4.201,4.19,0.00,0.00,0.000,0.0141,0.2703
0.10,4.221,4.63,0.00,0.00,0.000,0.0144,0.2716
0.10,4.241,6.54,0.00,0.00,0.000,0.0132,0.2705
0.10,4.263,10.72,0.00,0.00,0.000,0.0127,0.2695
0.10,4.281,11.29,0.00,0.00,0.000,0.0123,0.2654
0.10,4.301,2.40,0.00,0.00,0.000,0.0125,0.2633
0.10,4.321,1.78,0.00,0.00,0.000,0.0129,0.2622
0.10,4.342,2.49,0.00,0.00,0.000,0.0140,0.2612
0.10,4.361,2.45,0.00,0.00,0.000,0.0148,0.2608
0.10,4.381,2.35,0.00,0.00,0.000,0.0157,0.2603
0.10,4.400,2.25,0.00,0.00,0.000,0.0165,0.2600
0.10,4.421,1.93,0.00,0.00,0.000,0.0168,0.2598
0.10,4.441,1.86,0.00,0.00,0.000,0.0168,0.2598
0.10,4.460,3.56,0.00,0.00,0.000,0.0167,0.2625
0.10,4.481,6.11,0.00,0.00,0.000,0.0168,0.2655
0.10,4.501,10.41,0.00,0.00,0.000,0.0169,0.2704
0.10,4.521,6.81,0.00,0.00,0.000,0.0171,0.2726
0.10,4.540,13.62,0.00,0.00,0.000,0.0165,0.2718
0.10,4.561,12.46,0.00,0.00,0.000,0.0143,0.2696
0.10,4.581,7.76,0.00,0.00,0.000,0.0135,0.2656
0.10,4.601,3.49,0.00,0.00,0.000,0.0137,0.2626
0.10,4.621,2.40,0.00,0.00,0.000,0.0139,0.2612
0.10,4.641,1.85,0.00,0.00,0.000,0.0133,0.2597
0.10,4.661,2.77,0.00,0.00,0.000,0.0103,0.2590
0.10,4.681,1.84,0.00,0.00,0.000,0.0073,0.2588
0.10,4.701,0.78,0.00,0.00,0.000,0.0066,0.2589
0.10,4.721,1.49,0.00,0.00,0.000,0.0068,0.2597
0.10,4.741,4.11,0.00,0.00,0.000,0.0070,0.2608
0.10,4.761,3.31,0.00,0.00,0.000,0.0072,0.2640
0.10,4.781,6.88,0.00,0.00,0.000,0.0082,0.2677
0.10,4.801,4.86,0.00,0.00,0.000,0.0103,0.2712
0.10,4.821,1.12,0.00,0.00,0.000,0.0101,0.2717
0.10,4.841,5.66,0.00,0.00,0.000,0.0096,0.2713
0.10,4.861,4.79,0.00,0.00,0.000,0.0094,0.2681
0.10,4.881,2.94,0.00,0.00,0.000,0.0090,0.2652
0.10,4.901,1.49,0.00,0.00,0.000,0.0089,0.2635
0.10,4.921,2.15,0.00,0.00,0.000,0.0102,0.2621
0.10,4.941,1.85,0.00,0.00,0.000,0.0117,0.2613
0.10,4.962,1.68,0.00,0.00,0.000,0.0130,0.2608
0.10,4.981,1.56,0.00,0.00,0.000,0.0137,0.2604
0.10,5.001,1.30,0.00,0.00,0.000,0.0138,0.2602
0.10,5.021,1.14,0.00,0.00,0.000,0.0136,0.2600
0.10,5.046,3.26,0.00,0.00,0.000,0.0134,0.2603
0.10,5.061,4.36,0.00,0.00,0.000,0.0133,0.2633
0.10,5.081,8.71,0.00,0.00,0.000,0.0134,0.2664
0.10,5.101,16.54,0.00,0.00,0.000,0.0139,0.2707
0.10,5.121,4.84,0.00,0.00,0.000,0.0147,0.2720
0.10,5.141,8.12,0.00,0.00,0.000,0.0136,0.2708
0.10,5.161,10.14,0.00,0.00,0.000,0.0121,0.2690
0.10,5.181,5.48,0.00,0.00,0.000,0.0115,0.2652
0.10,5.205,4.45,0.00,0.00,0.000,0.0114,0.2626
0.10,5.221,3.19,0.00,0.00,0.000,0.0115,0.2614
0.10,5.241,2.04,0.00,0.00,0.000,0.0111,0.2596
0.10,5.262,2.02,0.00,0.00,0.000,0.0096,0.2589
0.10,5.281,1.57,0.00,0.00,0.000,0.0071,0.2587
0.10,5.301,0.82,0.00,0.00,0.000,0.0059,0.2588
0.10,5.321,1.30,0.00,0.00,0.000,0.0063,0.2594
0.10,5.341,3.61,0.00,0.00,0.000,0.0068,0.2605
0.10,5.361,4.41,0.00,0.00,0.000,0.0073,0.2624
0.10,5.383,9.83,0.00,0.00,0.000,0.0083,0.2663
0.10,5.401,6.65,0.00,0.00,0.000,0.0107,0.2700
0.10,5.421,5.24,0.00,0.00,0.000,0.0105,0.2712
0.10,5.441,8.88,0.00,0.00,0.000,0.0093,0.2703
0.10,5.461,14.60,0.00,0.00,0.000,0.0089,0.2680
0.10,5.481,6.15,0.00,0.00,0.000,0.0091,0.2645
0.10,5.500,2.39,0.00,0.00,0.000,0.0091,0.2625
0.10,5.521,2.69,0.00,0.00,0.000,0.0102,0.2614
0.10,5.540,2.86,0.00,0.00,0.000,0.0114,0.2609
0.10,5.561,2.97,0.00,0.00,0.000,0.0132,0.2602
0.10,5.581,2.97,0.00,0.00,0.000,0.0139,0.2599
0.10,5.601,2.79,0.00,0.00,0.000,0.0146,0.2596
0.10,5.622,2.57,0.00,0.00,0.000,0.0149,0.2595
0.10,5.641,4.35,0.00,0.00,0.000,0.0148,0.2598
0.10,5.661,10.19,0.00,0.00,0.000,0.0147,0.2618
0.10,5.681,8.80,0.00,0.00,0.000,0.0148,0.2670
0.10,5.700,5.19,0.00,0.00,0.000,0.0150,0.2705
0.10,5.721,6.08,0.00,0.00,0.000,0.0151,0.2711
0.10,5.741,5.42,0.00,0.00,0.000,0.0141,0.2703
0.10,5.761,6.36,0.00,0.00,0.000,0.0129,0.2669
0.10,5.781,4.25,0.00,0.00,0.000,0.0128,0.2641
0.10,5.800,2.26,0.00,0.00,0.000,0.0130,0.2621
0.10,5.821,1.73,0.00,0.00,0.000,0.0133,0.2605
0.10,5.842,1.70,0.00,0.00,0.000,0.0126,0.2590
0.10,5.861,2.11,0.00,0.00,0.000,0.0104,0.2585
0.10,5.881,1.75,0.00,0.00,0.000,0.0072,0.2582
0.10,5.900,0.97,0.00,0.00,0.000,0.0059,0.2582
0.10,5.926,1.27,0.00,0.00,0.000,0.0065,0.2591
0.10,5.941,1.99,0.00,0.00,0.000,0.0073,0.2601
0.10,5.961,6.54,0.00,0.00,0.000,0.0083,0.2633
0.10,5.981,8.56,0.00,0.00,0.000,0.0097,0.2660
0.10,6.001,7.60,0.00,0.00,0.000,0.0136,0.2698
0.10,6.022,4.56,0.00,0.00,0.000,0.0138,0.2714
0.10,6.041,8.08,0.00,0.00,0.000,0.0124,0.2702
0.10,6.061,11.58,0.00,0.00,0.000,0.0117,0.2674
0.10,6.081,6.25,0.00,0.00,0.000,0.0116,0.2648
0.10,6.101,2.01,0.00,0.00,0.000,0.0114,0.2626
0.10,6.121,2.86,0.00,0.00,0.000,0.0125,0.2614
0.10,6.141,3.00,0.00,0.00,0.000,0.0141,0.2607
0.10,6.161,2.88,0.00,0.00,0.000,0.0153,0.2604
0.10,6.181,2.61,0.00,0.00,0.000,0.0162,0.2600
0.10,6.201,2.31,0.00,0.00,0.000,0.0166,0.2598
0.10,6.222,2.27,0.00,0.00,0.000,0.0167,0.2597
0.10,6.241,2.38,0.00,0.00,0.000,0.0167,0.2597
0.10,6.261,7.46,0.00,0.00,0.000,0.0167,0.2636
0.10,6.281,13.81,0.00,0.00,0.000,0.0169,0.2662
0.10,6.301,10.49,0.00,0.00,0.000,0.0169,0.2698
0.10,6.321,6.69,0.00,0.00,0.000,0.0168,0.2722
0.10,6.341,11.58,0.00,0.00,0.000,0.0158,0.2707
0.10,6.361,9.17,0.00,0.00,0.000,0.0147,0.2678
0.10,6.382,4.48,0.00,0.00,0.000,0.0145,0.2648
0.10,6.400,2.68,0.00,0.00,0.000,0.0140,0.2626
0.10,6.420,1.24,0.00,0.00,0.000,0.0134,0.2604
0.10,6.441,1.36,0.00,0.00,0.000,0.0131,0.2593
0.10,6.460,1.82,0.00,0.00,0.000,0.0118,0.2585
0.10,6.481,2.16,0.00,0.00,0.000,0.0099,0.2582
0.10,6.501,1.09,0.00,0.00,0.000,0.0081,0.2583
0.10,6.521,1.20,0.00,0.00,0.000,0.0082,0.2591
0.10,6.541,2.61,0.00,0.00,0.000,0.0086,0.2606
0.10,6.561,7.04,0.00,0.00,0.000,0.0089,0.2625
0.10,6.581,7.46,0.00,0.00,0.000,0.0092,0.2650
0.10,6.601,8.45,0.00,0.00,0.000,0.0109,0.2691
0.10,6.621,5.20,0.00,0.00,0.000,0.0108,0.2709
0.10,6.641,10.86,0.00,0.00,0.000,0.0098,0.2698
0.10,6.661,12.52,0.00,0.00,0.000,0.0098,0.2677
0.10,6.681,5.22,0.00,0.00,0.000,0.0094,0.2635
0.10,6.701,2.53,0.00,0.00,0.000,0.0094,0.2624
0.10,6.721,3.28,0.00,0.00,0.000,0.0106,0.2611
0.10,6.741,3.30,0.00,0.00,0.000,0.0126,0.2605
0.10,6.761,2.94,0.00,0.00,0.000,0.0140,0.2601
0.10,6.781,2.68,0.00,0.00,0.000,0.0143,0.2597
0.10,6.801,2.54,0.00,0.00,0.000,0.0144,0.2595
0.10,6.821,2.52,0.00,0.00,0.000,0.0144,0.2595
0.10,6.841,3.48,0.00,0.00,0.000,0.0143,0.2603
0.10,6.861,6.48,0.00,0.00,0.000,0.0142,0.2629
0.10,6.882,7.29,0.00,0.00,0.000,0.0143,0.2672
0.10,6.901,12.99,0.00,0.00,0.000,0.0145,0.2706
0.10,6.921,5.76,0.00,0.00,0.000,0.0151,0.2719
0.10,6.941,8.97,0.00,0.00,0.000,0.0147,0.2714
0.10,6.963,7.01,0.00,0.00,0.000,0.0125,0.2689
0.10,6.981,7.47,0.00,0.00,0.000,0.0121,0.2651
0.10,7.000,3.89,0.00,0.00,0.000,0.0121,0.2633
0.10,7.021,2.23,0.00,0.00,0.000,0.0124,0.2610
0.10,7.045,1.72,0.00,0.00,0.000,0.0122,0.2598
0.10,7.061,2.00,0.00,0.00,0.000,0.0101,0.2590
0.10,7.081,1.68,0.00,0.00,0.000,0.0080,0.2587
0.10,7.100,0.96,0.00,0.00,0.000,0.0067,0.2588
0.10,7.121,1.38,0.00,0.00,0.000,0.0072,0.2593
0.10,7.141,3.93,0.00,0.00,0.000,0.0079,0.2607
0.10,7.160,3.37,0.00,0.00,0.000,0.0088,0.2638
0.10,7.180,6.90,0.00,0.00,0.000,0.0108,0.2675
0.10,7.201,4.45,0.00,0.00,0.000,0.0138,0.2710
0.10,7.225,3.85,0.00,0.00,0.000,0.0135,0.2718
0.10,7.241,4.37,0.00,0.00,0.000,0.0125,0.2714
0.10,7.261,13.29,0.00,0.00,0.000,0.0119,0.2689
0.10,7.281,3.99,0.00,0.00,0.000,0.0117,0.2653
0.10,7.301,2.85,0.00,0.00,0.000,0.0117,0.2631
0.10,7.321,2.78,0.00,0.00,0.000,0.0119,0.2627
0.10,7.341,2.77,0.00,0.00,0.000,0.0135,0.2614
0.10,7.361,2.55,0.00,0.00,0.000,0.0149,0.2609
0.10,7.382,2.26,0.00,0.00,0.000,0.0156,0.2605
0.10,7.401,1.96,0.00,0.00,0.000,0.0159,0.2603
0.10,7.421,1.66,0.00,0.00,0.000,0.0157,0.2601
0.10,7.441,3.63,0.00,0.00,0.000,0.0154,0.2605
0.10,7.476,2.68,0.00,0.00,0.000,0.0152,0.2639
0.10,7.481,8.23,0.00,0.00,0.000,0.0152,0.2657
0.10,7.501,39.60,0.00,0.00,0.000,0.0153,0.2686
0.10,7.522,9.70,0.00,0.00,0.000,0.0157,0.2734
0.10,7.541,15.89,0.00,0.00,0.000,0.0154,0.2722
0.10,7.561,9.53,0.00,0.00,0.000,0.0136,0.2688
0.10,7.581,5.82,0.00,0.00,0.000,0.0134,0.2668
0.10,7.601,4.43,0.00,0.00,0.000,0.0133,0.2639
0.10,7.621,2.03,0.00,0.00,0.000,0.0131,0.2615
0.10,7.641,2.42,0.00,0.00,0.000,0.0126,0.2601
0.10,7.664,2.66,0.00,0.00,0.000,0.0110,0.2595
0.10,7.681,2.19,0.00,0.00,0.000,0.0082,0.2592
0.10,7.701,1.37,0.00,0.00,0.000,0.0071,0.2592
0.10,7.721,1.69,0.00,0.00,0.000,0.0071,0.2598
0.10,7.742,3.33,0.00,0.00,0.000,0.0074,0.2614
0.10,7.761,3.15,0.00,0.00,0.000,0.0076,0.2643
0.10,7.781,12.48,0.00,0.00,0.000,0.0084,0.2681
0.10,7.800,7.35,0.00,0.00,0.000,0.0101,0.2709
0.10,7.820,2.91,0.00,0.00,0.000,0.0104,0.2720
0.10,7.841,5.57,0.00,0.00,0.000,0.0100,0.2715
0.10,7.860,12.19,0.00,0.00,0.000,0.0098,0.2694
0.10,7.881,3.60,0.00,0.00,0.000,0.0096,0.2659
0.10,7.900,1.63,0.00,0.00,0.000,0.0095,0.2636
0.10,7.920,2.28,0.00,0.00,0.000,0.0104,0.2624
0.10,7.941,1.86,0.00,0.00,0.000,0.0123,0.2614
0.10,7.960,1.59,0.00,0.00,0.000,0.0136,0.2609
0.10,7.981,1.42,0.00,0.00,0.000,0.0142,0.2605
0.10,8.001,1.23,0.00,0.00,0.000,0.0143,0.2603
0.10,8.021,1.09,0.00,0.00,0.000,0.0142,0.2601
0.10,8.041,5.34,0.00,0.00,0.000,0.0140,0.2609
0.10,8.061,8.96,0.00,0.00,0.000,0.0138,0.2625
0.10,8.081,18.35,0.00,0.00,0.000,0.0139,0.2659
0.10,8.101,10.48,0.00,0.00,0.000,0.0146,0.2717
0.10,8.120,2.74,0.00,0.00,0.000,0.0149,0.2718
0.10,8.141,9.00,0.00,0.00,0.000,0.0143,0.2714
0.10,8.162,7.69,0.00,0.00,0.000,0.0126,0.2690
0.10,8.180,6.86,0.00,0.00,0.000,0.0123,0.2657
0.10,8.202,4.52,0.00,0.00,0.000,0.0121,0.2628
0.10,8.221,2.28,0.00,0.00,0.000,0.0120,0.2606
0.10,8.241,1.68,0.00,0.00,0.000,0.0113,0.2597
0.10,8.261,1.68,0.00,0.00,0.000,0.0096,0.2588
0.10,8.281,1.41,0.00,0.00,0.000,0.0072,0.2585
0.10,8.301,0.95,0.00,0.00,0.000,0.0060,0.2586
0.10,8.321,1.58,0.00,0.00,0.000,0.0064,0.2591
0.10,8.341,3.48,0.00,0.00,0.000,0.0068,0.2598
0.10,8.361,2.50,0.00,0.00,0.000,0.0078,0.2636
0.10,8.381,6.13,0.00,0.00,0.000,0.0095,0.2674
0.10,8.401,4.54,0.00,0.00,0.000,0.0123,0.2709
0.10,8.421,3.74,0.00,0.00,0.000,0.0124,0.2714
0.10,8.441,5.59,0.00,0.00,0.000,0.0117,0.2705
0.10,8.461,10.04,0.00,0.00,0.000,0.0108,0.2678
0.10,8.481,2.34,0.00,0.00,0.000,0.0101,0.2645
0.10,8.505,1.87,0.00,0.00,0.000,0.0100,0.2634
0.10,8.521,2.25,0.00,0.00,0.000,0.0112,0.2616
0.10,8.541,2.45,0.00,0.00,0.000,0.0127,0.2610
0.10,8.561,2.14,0.00,0.00,0.000,0.0146,0.2604
0.10,8.581,1.96,0.00,0.00,0.000,0.0152,0.2601
0.10,8.603,1.87,0.00,0.00,0.000,0.0155,0.2599
0.10,8.621,1.64,0.00,0.00,0.000,0.0154,0.2597
0.10,8.641,2.97,0.00,0.00,0.000,0.0152,0.2605
0.10,8.661,6.01,0.00,0.00,0.000,0.0151,0.2631
0.10,8.681,7.28,0.00,0.00,0.000,0.0152,0.2673
0.10,8.710,4.26,0.00,0.00,0.000,0.0155,0.2715
0.10,8.721,3.04,0.00,0.00,0.000,0.0155,0.2714
0.10,8.741,9.36,0.00,0.00,0.000,0.0149,0.2711
0.10,8.761,6.64,0.00,0.00,0.000,0.0136,0.2688
0.10,8.781,5.59,0.00,0.00,0.000,0.0130,0.2653
0.10,8.801,2.87,0.00,0.00,0.000,0.0129,0.2624
0.10,8.821,1.83,0.00,0.00,0.000,0.0129,0.2604
0.10,8.845,1.50,0.00,0.00,0.000,0.0125,0.2596
0.10,8.861,1.67,0.00,0.00,0.000,0.0108,0.2588
0.10,8.881,1.58,0.00,0.00,0.000,0.0080,0.2584
0.10,8.901,0.82,0.00,0.00,0.000,0.0065,0.2586
0.10,8.921,1.36,0.00,0.00,0.000,0.0069,0.2593
0.10,8.940,3.86,0.00,0.00,0.000,0.0077,0.2605
0.10,8.961,5.48,0.00,0.00,0.000,0.0083,0.2634
0.10,8.984,12.01,0.00,0.00,0.000,0.0106,0.2674
0.10,9.003,12.90,0.00,0.00,0.000,0.0125,0.2713
0.10,9.021,3.45,0.00,0.00,0.000,0.0123,0.2716
0.10,9.041,9.56,0.00,0.00,0.000,0.0108,0.2699
0.10,9.061,24.10,0.00,0.00,0.000,0.0103,0.2674
0.10,9.081,11.68,0.00,0.00,0.000,0.0107,0.2653
0.10,9.101,3.61,0.00,0.00,0.000,0.0109,0.2627
0.10,9.121,2.05,0.00,0.00,0.000,0.0116,0.2611
0.10,9.145,2.51,0.00,0.00,0.000,0.0119,0.2606
0.10,9.161,2.86,0.00,0.00,0.000,0.0132,0.2602
0.10,9.180,3.03,0.00,0.00,0.000,0.0150,0.2598
0.10,9.201,2.79,0.00,0.00,0.000,0.0162,0.2596
0.10,9.221,2.22,0.00,0.00,0.000,0.0168,0.2595
0.10,9.240,3.53,0.00,0.00,0.000,0.0167,0.2603
0.10,9.261,6.25,0.00,0.00,0.000,0.0166,0.2630
0.10,9.286,6.72,0.00,0.00,0.000,0.0166,0.2673
0.10,9.301,11.86,0.00,0.00,0.000,0.0166,0.2711
0.10,9.321,2.36,0.00,0.00,0.000,0.0167,0.2719
0.10,9.340,6.51,0.00,0.00,0.000,0.0158,0.2710
0.10,9.363,8.67,0.00,0.00,0.000,0.0146,0.2692
0.10,9.381,4.50,0.00,0.00,0.000,0.0142,0.2658
0.10,9.401,2.49,0.00,0.00,0.000,0.0142,0.2629
0.10,9.421,2.02,0.00,0.00,0.000,0.0143,0.2609
0.10,9.441,1.33,0.00,0.00,0.000,0.0139,0.2598
0.10,9.460,1.89,0.00,0.00,0.000,0.0123,0.2592
0.10,9.480,1.65,0.00,0.00,0.000,0.0094,0.2588
0.10,9.501,1.24,0.00,0.00,0.000,0.0079,0.2588
0.10,9.520,2.91,0.00,0.00,0.000,0.0080,0.2597
0.10,9.542,3.10,0.00,0.00,0.000,0.0086,0.2607
0.10,9.560,3.11,0.00,0.00,0.000,0.0094,0.2638
0.10,9.580,7.29,0.00,0.00,0.000,0.0114,0.2675
0.10,9.601,7.45,0.00,0.00,0.000,0.0141,0.2703
0.10,9.627,2.75,0.00,0.00,0.000,0.0135,0.2718
0.10,9.641,3.60,0.00,0.00,0.000,0.0122,0.2714
0.10,9.661,7.16,0.00,0.00,0.000,0.0124,0.2682
0.10,9.681,5.47,0.00,0.00,0.000,0.0125,0.2652
0.10,9.704,2.25,0.00,0.00,0.000,0.0122,0.2639
0.10,9.722,2.89,0.00,0.00,0.000,0.0125,0.2623
0.10,9.741,2.69,0.00,0.00,0.000,0.0135,0.2614
0.10,9.761,2.60,0.00,0.00,0.000,0.0150,0.2609
0.10,9.783,2.27,0.00,0.00,0.000,0.0158,0.2606
0.10,9.801,1.84,0.00,0.00,0.000,0.0163,0.2604
0.10,9.821,1.40,0.00,0.00,0.000,0.0160,0.2603
0.10,9.841,3.70,0.00,0.00,0.000,0.0157,0.2606
0.10,9.861,9.00,0.00,0.00,0.000,0.0154,0.2628
0.10,9.882,6.58,0.00,0.00,0.000,0.0153,0.2673
0.10,9.901,8.44,0.00,0.00,0.000,0.0155,0.2722
0.10,9.921,6.53,0.00,0.00,0.000,0.0155,0.2726
0.10,9.941,10.53,0.00,0.00,0.000,0.0149,0.2720
0.10,9.962,10.17,0.00,0.00,0.000,0.0131,0.2695
0.10,9.981,6.04,0.00,0.00,0.000,0.0126,0.2655
0.10,10.001,4.26,0.00,0.00,0.000,0.0124,0.2629
0.10,10.021,1.97,0.00,0.00,0.000,0.0125,0.2611
0.10,10.041,1.74,0.00,0.00,0.000,0.0117,0.2597
0.10,10.061,2.04,0.00,0.00,0.000,0.0090,0.2590
0.10,10.081,1.40,0.00,0.00,0.000,0.0062,0.2588
0.10,10.101,1.03,0.00,0.00,0.000,0.0054,0.2588
0.10,10.121,1.79,0.00,0.00,0.000,0.0055,0.2593
0.10,10.141,2.81,0.00,0.00,0.000,0.0060,0.2613
0.10,10.162,7.37,0.00,0.00,0.000,0.0063,0.2631
0.10,10.181,7.91,0.00,0.00,0.000,0.0075,0.2670
0.10,10.200,6.77,0.00,0.00,0.000,0.0105,0.2713
0.10,10.221,5.13,0.00,0.00,0.000,0.0111,0.2717
0.10,10.240,2.30,0.00,0.00,0.000,0.0108,0.2715
0.10,10.261,12.21,0.00,0.00,0.000,0.0100,0.2693
0.10,10.280,6.02,0.00,0.00,0.000,0.0093,0.2655
0.10,10.302,2.19,0.00,0.00,0.000,0.0090,0.2639
0.10,10.321,2.72,0.00,0.00,0.000,0.0098,0.2623
0.10,10.341,2.66,0.00,0.00,0.000,0.0117,0.2616
0.10,10.361,2.07,0.00,0.00,0.000,0.0136,0.2611
0.10,10.387,1.78,0.00,0.00,0.000,0.0142,0.2607
0.10,10.401,1.46,0.00,0.00,0.000,0.0142,0.2604
0.10,10.421,1.34,0.00,0.00,0.000,0.0141,0.2603
0.10,10.441,2.55,0.00,0.00,0.000,0.0139,0.2611
0.10,10.461,9.09,0.00,0.00,0.000,0.0138,0.2627
0.10,10.481,7.84,0.00,0.00,0.000,0.0139,0.2675
0.10,10.501,14.24,0.00,0.00,0.000,0.0142,0.2709
0.10,10.522,4.66,0.00,0.00,0.000,0.0144,0.2726
0.10,10.541,8.95,0.00,0.00,0.000,0.0135,0.2714
0.10,10.560,10.86,0.00,0.00,0.000,0.0124,0.2696
0.10,10.581,4.05,0.00,0.00,0.000,0.0121,0.2660
0.10,10.601,3.31,0.00,0.00,0.000,0.0122,0.2631
0.10,10.621,1.50,0.00,0.00,0.000,0.0121,0.2609
0.10,10.641,1.70,0.00,0.00,0.000,0.0110,0.2596
0.10,10.661,1.75,0.00,0.00,0.000,0.0085,0.2589
0.10,10.684,1.36,0.00,0.00,0.000,0.0067,0.2586
0.10,10.701,0.85,0.00,0.00,0.000,0.0060,0.2587
0.10,10.721,1.43,0.00,0.00,0.000,0.0062,0.2595
0.10,10.742,3.76,0.00,0.00,0.000,0.0064,0.2606
0.10,10.761,5.11,0.00,0.00,0.000,0.0067,0.2625
0.10,10.781,7.22,0.00,0.00,0.000,0.0076,0.2670
0.10,10.801,7.32,0.00,0.00,0.000,0.0098,0.2708
0.10,10.821,3.07,0.00,0.00,0.000,0.0096,0.2717
0.10,10.841,3.37,0.00,0.00,0.000,0.0088,0.2714
0.10,10.861,10.66,0.00,0.00,0.000,0.0083,0.2686
0.10,10.881,4.54,0.00,0.00,0.000,0.0079,0.2653
0.10,10.901,2.51,0.00,0.00,0.000,0.0083,0.2633
0.10,10.921,2.44,0.00,0.00,0.000,0.0100,0.2620
0.10,10.941,2.67,0.00,0.00,0.000,0.0112,0.2615
0.10,10.961,2.26,0.00,0.00,0.000,0.0124,0.2609
0.10,10.981,2.12,0.00,0.00,0.000,0.0129,0.2606
0.10,11.000,1.89,0.00,0.00,0.000,0.0132,0.2602
0.10,11.020,1.71,0.00,0.00,0.000,0.0132,0.2601
0.10,11.041,3.69,0.00,0.00,0.000,0.0131,0.2604
0.10,11.061,12.45,0.00,0.00,0.000,0.0131,0.2622
0.10,11.081,6.76,0.00,0.00,0.000,0.0132,0.2670
0.10,11.101,9.20,0.00,0.00,0.000,0.0137,0.2722
0.10,11.121,6.82,0.00,0.00,0.000,0.0140,0.2726
0.10,11.141,10.91,0.00,0.00,0.000,0.0134,0.2719
0.10,11.161,10.05,0.00,0.00,0.000,0.0121,0.2695
0.10,11.181,4.25,0.00,0.00,0.000,0.0118,0.2660
0.10,11.201,3.22,0.00,0.00,0.000,0.0118,0.2632
0.10,11.221,1.79,0.00,0.00,0.000,0.0120,0.2615
0.10,11.241,1.54,0.00,0.00,0.000,0.0119,0.2604
0.10,11.261,2.26,0.00,0.00,0.000,0.0087,0.2592
0.10,11.281,1.66,0.00,0.00,0.000,0.0053,0.2590
0.10,11.301,0.75,0.00,0.00,0.000,0.0043,0.2591
0.10,11.321,1.55,0.00,0.00,0.000,0.0046,0.2595
0.10,11.341,4.23,0.00,0.00,0.000,0.0049,0.2607
0.10,11.361,6.27,0.00,0.00,0.000,0.0054,0.2635
0.10,11.381,3.58,0.00,0.00,0.000,0.0073,0.2676
0.10,11.401,6.15,0.00,0.00,0.000,0.0103,0.2711
0.10,11.422,2.93,0.00,0.00,0.000,0.0103,0.2715
0.10,11.441,6.52,0.00,0.00,0.000,0.0100,0.2711
0.10,11.461,10.63,0.00,0.00,0.000,0.0095,0.2685
0.10,11.481,4.56,0.00,0.00,0.000,0.0088,0.2652
0.10,11.500,1.70,0.00,0.00,0.000,0.0089,0.2632
0.10,11.521,2.26,0.00,0.00,0.000,0.0105,0.2618
0.10,11.540,2.29,0.00,0.00,0.000,0.0119,0.2613
0.10,11.561,1.97,0.00,0.00,0.000,0.0133,0.2607
0.10,11.581,1.74,0.00,0.00,0.000,0.0138,0.2603
0.10,11.601,1.58,0.00,0.00,0.000,0.0138,0.2600
0.10,11.621,1.58,0.00,0.00,0.000,0.0136,0.2599
0.10,11.641,3.58,0.00,0.00,0.000,0.0135,0.2602
0.10,11.660,9.77,0.00,0.00,0.000,0.0135,0.2622
0.10,11.681,11.30,0.00,0.00,0.000,0.0136,0.2655
0.10,11.701,11.84,0.00,0.00,0.000,0.0140,0.2707
0.10,11.721,3.41,0.00,0.00,0.000,0.0149,0.2720
0.10,11.741,7.79,0.00,0.00,0.000,0.0141,0.2709
0.10,11.761,10.28,0.00,0.00,0.000,0.0128,0.2691
0.10,11.781,4.52,0.00,0.00,0.000,0.0126,0.2656
0.10,11.801,3.97,0.00,0.00,0.000,0.0128,0.2629
0.10,11.821,2.73,0.00,0.00,0.000,0.0131,0.2611
0.10,11.841,1.94,0.00,0.00,0.000,0.0128,0.2598
0.10,11.861,2.31,0.00,0.00,0.000,0.0105,0.2589
0.10,11.884,1.43,0.00,0.00,0.000,0.0072,0.2587
0.10,11.901,0.95,0.00,0.00,0.000,0.0066,0.2587
0.10,11.921,1.63,0.00,0.00,0.000,0.0069,0.2591
0.10,11.941,3.66,0.00,0.00,0.000,0.0077,0.2606
0.10,11.961,8.10,0.00,0.00,0.000,0.0087,0.2630
0.10,11.981,6.80,0.00,0.00,0.000,0.0104,0.2670
0.20,3.002,7.49,0.00,0.00,0.000,0.0088,0.2723
0.20,3.022,6.49,0.00,0.00,0.000,0.0103,0.2731
0.20,3.042,12.26,0.00,0.00,0.000,0.0134,0.2721
0.20,3.068,19.54,0.00,0.00,0.000,0.0128,0.2697
0.20,3.082,7.37,0.00,0.00,0.000,0.0117,0.2655
0.20,3.101,3.90,0.00,0.00,0.000,0.0118,0.2631
0.20,3.122,2.31,0.00,0.00,0.000,0.0128,0.2616
0.20,3.143,3.85,0.00,0.00,0.000,0.0142,0.2606
0.20,3.162,3.92,0.00,0.00,0.000,0.0150,0.2599
0.20,3.182,4.26,0.00,0.00,0.000,0.0155,0.2595
0.20,3.202,4.49,0.00,0.00,0.000,0.0159,0.2589
0.20,3.221,4.66,0.00,0.00,0.000,0.0159,0.2587
0.20,3.242,6.47,0.00,0.00,0.000,0.0151,0.2590
0.20,3.261,7.96,0.00,0.00,0.000,0.0143,0.2608
0.20,3.287,7.50,0.00,0.00,0.000,0.0133,0.2666
0.20,3.303,12.11,0.00,0.00,0.000,0.0132,0.2718
0.20,3.321,3.95,0.00,0.00,0.000,0.0135,0.2731
0.20,3.342,5.42,0.00,0.00,0.000,0.0131,0.2729
0.20,3.361,9.33,0.00,0.00,0.000,0.0103,0.2710
0.20,3.381,14.74,0.00,0.00,0.000,0.0090,0.2663
0.20,3.402,8.97,0.00,0.00,0.000,0.0090,0.2630
0.20,3.421,7.48,0.00,0.00,0.000,0.0089,0.2604
0.20,3.441,2.69,0.00,0.00,0.000,0.0089,0.2593
0.20,3.463,2.62,0.00,0.00,0.000,0.0085,0.2586
0.20,3.482,3.13,0.00,0.00,0.000,0.0061,0.2580
0.20,3.509,2.30,0.00,0.00,0.000,0.0043,0.2580
0.20,3.522,2.82,0.00,0.00,0.000,0.0043,0.2584
0.20,3.541,2.85,0.00,0.00,0.000,0.0043,0.2595
0.20,3.562,18.02,0.00,0.00,0.000,0.0038,0.2643
0.20,3.582,15.69,0.00,0.00,0.000,0.0039,0.2665
0.20,3.602,10.08,0.00,0.00,0.000,0.0067,0.2714
0.20,3.621,4.08,0.00,0.00,0.000,0.0077,0.2726
0.20,3.642,6.31,0.00,0.00,0.000,0.0074,0.2721
0.20,3.662,10.86,0.00,0.00,0.000,0.0068,0.2687
0.20,3.685,9.06,0.00,0.00,0.000,0.0067,0.2656
0.20,3.701,3.46,0.00,0.00,0.000,0.0069,0.2641
0.20,3.721,3.80,0.00,0.00,0.000,0.0088,0.2616
0.20,3.741,3.82,0.00,0.00,0.000,0.0100,0.2608
0.20,3.762,3.97,0.00,0.00,0.000,0.0105,0.2605
0.20,3.782,4.03,0.00,0.00,0.000,0.0110,0.2598
0.20,3.801,4.10,0.00,0.00,0.000,0.0113,0.2594
0.20,3.821,3.83,0.00,0.00,0.000,0.0107,0.2592
0.20,3.848,4.93,0.00,0.00,0.000,0.0094,0.2599
0.20,3.861,6.55,0.00,0.00,0.000,0.0086,0.2615
0.20,3.882,13.41,0.00,0.00,0.000,0.0083,0.2666
0.20,3.901,13.40,0.00,0.00,0.000,0.0093,0.2716
0.20,3.921,4.61,0.00,0.00,0.000,0.0097,0.2730
0.20,3.942,6.35,0.00,0.00,0.000,0.0076,0.2721
0.20,3.962,14.79,0.00,0.00,0.000,0.0049,0.2703
0.20,3.983,5.02,0.00,0.00,0.000,0.0033,0.2662
0.20,4.002,5.95,0.00,0.00,0.000,0.0038,0.2630
0.20,4.021,2.44,0.00,0.00,0.000,0.0043,0.2608
0.20,4.042,1.92,0.00,0.00,0.000,0.0042,0.2590
0.20,4.063,2.06,0.00,0.00,0.000,0.0038,0.2581
0.20,4.082,2.69,0.00,0.00,0.000,0.0044,0.2574
0.20,4.101,2.31,0.00,0.00,0.000,0.0064,0.2573
0.20,4.122,3.01,0.00,0.00,0.000,0.0066,0.2586
0.20,4.142,3.01,0.00,0.00,0.000,0.0061,0.2599
0.20,4.161,9.63,0.00,0.00,0.000,0.0050,0.2621
0.20,4.182,15.08,0.00,0.00,0.000,0.0028,0.2670
0.20,4.202,8.71,0.00,0.00,0.000,0.0033,0.2713
0.20,4.223,3.20,0.00,0.00,0.000,0.0042,0.2718
0.20,4.242,5.85,0.00,0.00,0.000,0.0043,0.2710
0.20,4.262,11.20,0.00,0.00,0.000,0.0046,0.2692
0.20,4.289,2.55,0.00,0.00,0.000,0.0047,0.2650
0.20,4.302,2.51,0.00,0.00,0.000,0.0048,0.2639
0.20,4.322,3.53,0.00,0.00,0.000,0.0065,0.2617
0.20,4.342,3.88,0.00,0.00,0.000,0.0085,0.2608
0.20,4.362,4.04,0.00,0.00,0.000,0.0100,0.2602
0.20,4.383,3.71,0.00,0.00,0.000,0.0108,0.2597
0.20,4.402,3.58,0.00,0.00,0.000,0.0106,0.2592
0.20,4.423,3.38,0.00,0.00,0.000,0.0094,0.2591
0.20,4.442,3.51,0.00,0.00,0.000,0.0087,0.2591
0.20,4.462,9.64,0.00,0.00,0.000,0.0077,0.2620
0.20,4.482,18.04,0.00,0.00,0.000,0.0076,0.2654
0.20,4.502,15.15,0.00,0.00,0.000,0.0093,0.2720
0.20,4.522,6.33,0.00,0.00,0.000,0.0101,0.2732
0.20,4.541,11.09,0.00,0.00,0.000,0.0083,0.2723
0.20,4.561,19.91,0.00,0.00,0.000,0.0066,0.2710
0.20,4.582,6.93,0.00,0.00,0.000,0.0038,0.2660
0.20,4.604,5.74,0.00,0.00,0.000,0.0038,0.2627
0.20,4.623,2.38,0.00,0.00,0.000,0.0042,0.2601
0.20,4.642,2.31,0.00,0.00,0.000,0.0042,0.2590
0.20,4.662,2.26,0.00,0.00,0.000,0.0037,0.2578
0.20,4.682,2.45,0.00,0.00,0.000,0.0034,0.2574
0.20,4.702,2.38,0.00,0.00,0.000,0.0044,0.2574
0.20,4.722,2.75,0.00,0.00,0.000,0.0052,0.2579
0.20,4.745,4.42,0.00,0.00,0.000,0.0046,0.2595
0.20,4.763,7.23,0.00,0.00,0.000,0.0036,0.2625
0.20,4.781,5.07,0.00,0.00,0.000,0.0020,0.2672
0.20,4.801,10.40,0.00,0.00,0.000,0.0038,0.2723
0.20,4.822,11.35,0.00,0.00,0.000,0.0038,0.2723
0.20,4.842,5.45,0.00,0.00,0.000,0.0044,0.2723
0.20,4.862,24.18,0.00,0.00,0.000,0.0044,0.2691
0.20,4.882,3.95,0.00,0.00,0.000,0.0056,0.2656
0.20,4.901,2.41,0.00,0.00,0.000,0.0065,0.2632
0.20,4.922,3.54,0.00,0.00,0.000,0.0073,0.2624
0.20,4.942,4.07,0.00,0.00,0.000,0.0082,0.2615
0.20,4.961,4.28,0.00,0.00,0.000,0.0095,0.2605
0.20,4.981,4.42,0.00,0.00,0.000,0.0103,0.2599
0.20,5.002,4.35,0.00,0.00,0.000,0.0109,0.2595
0.20,5.021,4.17,0.00,0.00,0.000,0.0108,0.2594
0.20,5.042,4.67,0.00,0.00,0.000,0.0099,0.2603
0.20,5.061,12.70,0.00,0.00,0.000,0.0088,0.2620
0.20,5.082,30.34,0.00,0.00,0.000,0.0084,0.2668
0.20,5.101,9.69,0.00,0.00,0.000,0.0088,0.2720
0.20,5.121,4.18,0.00,0.00,0.000,0.0091,0.2728
0.20,5.142,6.37,0.00,0.00,0.000,0.0072,0.2720
0.20,5.162,7.17,0.00,0.00,0.000,0.0057,0.2711
0.20,5.182,14.92,0.00,0.00,0.000,0.0039,0.2654
0.20,5.201,7.60,0.00,0.00,0.000,0.0042,0.2634
0.20,5.222,2.45,0.00,0.00,0.000,0.0045,0.2600
0.20,5.241,2.36,0.00,0.00,0.000,0.0044,0.2593
0.20,5.262,1.77,0.00,0.00,0.000,0.0040,0.2579
0.20,5.282,2.12,0.00,0.00,0.000,0.0039,0.2575
0.20,5.302,1.91,0.00,0.00,0.000,0.0046,0.2576
0.20,5.322,2.23,0.00,0.00,0.000,0.0055,0.2583
0.20,5.343,2.65,0.00,0.00,0.000,0.0051,0.2601
0.20,5.362,8.99,0.00,0.00,0.000,0.0045,0.2620
0.20,5.383,6.22,0.00,0.00,0.000,0.0036,0.2653
0.20,5.402,13.79,0.00,0.00,0.000,0.0022,0.2688
0.20,5.422,5.61,0.00,0.00,0.000,0.0037,0.2723
0.20,5.443,9.39,0.00,0.00,0.000,0.0042,0.2712
0.20,5.461,16.27,0.00,0.00,0.000,0.0042,0.2694
0.20,5.482,5.14,0.00,0.00,0.000,0.0049,0.2656
0.20,5.502,3.89,0.00,0.00,0.000,0.0064,0.2633
0.20,5.524,3.82,0.00,0.00,0.000,0.0079,0.2618
0.20,5.541,4.51,0.00,0.00,0.000,0.0098,0.2607
0.20,5.561,4.24,0.00,0.00,0.000,0.0103,0.2603
0.20,5.582,4.57,0.00,0.00,0.000,0.0107,0.2597
0.20,5.602,4.64,0.00,0.00,0.000,0.0110,0.2592
0.20,5.621,4.62,0.00,0.00,0.000,0.0113,0.2591
0.20,5.641,8.98,0.00,0.00,0.000,0.0107,0.2599
0.20,5.662,8.86,0.00,0.00,0.000,0.0098,0.2627
0.20,5.685,11.52,0.00,0.00,0.000,0.0092,0.2660
0.20,5.702,6.08,0.00,0.00,0.000,0.0094,0.2726
0.20,5.723,5.25,0.00,0.00,0.000,0.0097,0.2733
0.20,5.741,6.08,0.00,0.00,0.000,0.0082,0.2726
0.20,5.762,14.47,0.00,0.00,0.000,0.0071,0.2712
0.20,5.784,4.50,0.00,0.00,0.000,0.0057,0.2659
0.20,5.802,6.84,0.00,0.00,0.000,0.0056,0.2638
0.20,5.822,3.65,0.00,0.00,0.000,0.0058,0.2615
0.20,5.842,2.30,0.00,0.00,0.000,0.0060,0.2599
0.20,5.861,2.05,0.00,0.00,0.000,0.0054,0.2584
0.20,5.881,2.25,0.00,0.00,0.000,0.0036,0.2581
0.20,5.901,2.21,0.00,0.00,0.000,0.0031,0.2581
0.20,5.922,3.04,0.00,0.00,0.000,0.0033,0.2586
0.20,5.943,3.00,0.00,0.00,0.000,0.0030,0.2607
0.20,5.961,4.89,0.00,0.00,0.000,0.0026,0.2638
0.20,5.982,16.37,0.00,0.00,0.000,0.0040,0.2690
0.20,6.003,10.46,0.00,0.00,0.000,0.0071,0.2716
0.20,6.021,3.55,0.00,0.00,0.000,0.0084,0.2727
0.20,6.045,6.36,0.00,0.00,0.000,0.0081,0.2723
0.20,6.062,12.74,0.00,0.00,0.000,0.0075,0.2690
0.20,6.081,7.35,0.00,0.00,0.000,0.0072,0.2661
0.20,6.104,2.90,0.00,0.00,0.000,0.0070,0.2642
0.20,6.121,2.29,0.00,0.00,0.000,0.0080,0.2626
0.20,6.142,3.43,0.00,0.00,0.000,0.0108,0.2608
0.20,6.162,3.84,0.00,0.00,0.000,0.0120,0.2601
0.20,6.188,3.69,0.00,0.00,0.000,0.0121,0.2598
0.20,6.202,3.83,0.00,0.00,0.000,0.0120,0.2592
0.20,6.221,3.71,0.00,0.00,0.000,0.0114,0.2591
0.20,6.242,5.98,0.00,0.00,0.000,0.0106,0.2593
0.20,6.266,12.63,0.00,0.00,0.000,0.0096,0.2615
0.20,6.281,17.74,0.00,0.00,0.000,0.0092,0.2665
0.20,6.301,8.50,0.00,0.00,0.000,0.0095,0.2706
0.20,6.321,4.33,0.00,0.00,0.000,0.0098,0.2726
0.20,6.349,5.44,0.00,0.00,0.000,0.0085,0.2719
0.20,6.362,7.68,0.00,0.00,0.000,0.0068,0.2706
0.20,6.381,9.42,0.00,0.00,0.000,0.0051,0.2677
0.20,6.401,7.52,0.00,0.00,0.000,0.0041,0.2635
0.20,6.424,3.24,0.00,0.00,0.000,0.0043,0.2607
0.20,6.442,1.75,0.00,0.00,0.000,0.0041,0.2584
0.20,6.462,1.99,0.00,0.00,0.000,0.0036,0.2576
0.20,6.481,2.21,0.00,0.00,0.000,0.0030,0.2572
0.20,6.504,2.25,0.00,0.00,0.000,0.0038,0.2571
0.20,6.523,2.64,0.00,0.00,0.000,0.0044,0.2577
0.20,6.541,2.89,0.00,0.00,0.000,0.0042,0.2587
0.20,6.562,10.09,0.00,0.00,0.000,0.0034,0.2614
0.20,6.581,10.20,0.00,0.00,0.000,0.0024,0.2645
0.20,6.601,22.98,0.00,0.00,0.000,0.0023,0.2686
0.20,6.622,8.70,0.00,0.00,0.000,0.0045,0.2717
0.20,6.641,6.46,0.00,0.00,0.000,0.0046,0.2712
0.20,6.662,15.57,0.00,0.00,0.000,0.0054,0.2691
0.20,6.682,4.20,0.00,0.00,0.000,0.0067,0.2653
0.20,6.702,3.81,0.00,0.00,0.000,0.0069,0.2629
0.20,6.722,4.63,0.00,0.00,0.000,0.0074,0.2616
0.20,6.744,4.82,0.00,0.00,0.000,0.0080,0.2609
0.20,6.762,5.16,0.00,0.00,0.000,0.0098,0.2600
0.20,6.781,5.13,0.00,0.00,0.000,0.0113,0.2596
0.20,6.801,4.56,0.00,0.00,0.000,0.0119,0.2593
0.20,6.824,4.01,0.00,0.00,0.000,0.0116,0.2592
0.20,6.842,5.29,0.00,0.00,0.000,0.0107,0.2601
0.20,6.862,8.50,0.00,0.00,0.000,0.0098,0.2630
0.20,6.882,8.78,0.00,0.00,0.000,0.0092,0.2676
0.20,6.902,16.86,0.00,0.00,0.000,0.0094,0.2713
0.20,6.921,6.90,0.00,0.00,0.000,0.0104,0.2739
0.20,6.941,13.35,0.00,0.00,0.000,0.0094,0.2728
0.20,6.961,11.88,0.00,0.00,0.000,0.0071,0.2684
0.20,6.982,10.03,0.00,0.00,0.000,0.0072,0.2652
0.20,7.001,6.33,0.00,0.00,0.000,0.0073,0.2643
0.20,7.021,2.32,0.00,0.00,0.000,0.0073,0.2611
0.20,7.041,2.24,0.00,0.00,0.000,0.0067,0.2592
0.20,7.062,2.37,0.00,0.00,0.000,0.0057,0.2580
0.20,7.082,2.57,0.00,0.00,0.000,0.0046,0.2574
0.20,7.101,2.39,0.00,0.00,0.000,0.0043,0.2574
0.20,7.122,4.53,0.00,0.00,0.000,0.0041,0.2588
0.20,7.143,5.13,0.00,0.00,0.000,0.0037,0.2596
0.20,7.163,5.87,0.00,0.00,0.000,0.0033,0.2632
0.20,7.182,10.13,0.00,0.00,0.000,0.0035,0.2672
0.20,7.201,11.48,0.00,0.00,0.000,0.0060,0.2707
0.20,7.221,5.42,0.00,0.00,0.000,0.0072,0.2721
0.20,7.242,6.68,0.00,0.00,0.000,0.0071,0.2711
0.20,7.261,11.86,0.00,0.00,0.000,0.0068,0.2699
0.20,7.282,8.81,0.00,0.00,0.000,0.0076,0.2650
0.20,7.303,5.21,0.00,0.00,0.000,0.0085,0.2641
0.20,7.321,3.62,0.00,0.00,0.000,0.0100,0.2618
0.20,7.341,3.66,0.00,0.00,0.000,0.0103,0.2610
0.20,7.361,4.45,0.00,0.00,0.000,0.0108,0.2602
0.20,7.383,4.29,0.00,0.00,0.000,0.0112,0.2593
0.20,7.403,4.88,0.00,0.00,0.000,0.0119,0.2589
0.20,7.421,4.40,0.00,0.00,0.000,0.0119,0.2587
0.20,7.444,6.27,0.00,0.00,0.000,0.0111,0.2590
0.20,7.463,7.01,0.00,0.00,0.000,0.0101,0.2605
0.20,7.482,17.42,0.00,0.00,0.000,0.0089,0.2649
0.20,7.501,17.47,0.00,0.00,0.000,0.0096,0.2703
0.20,7.521,7.19,0.00,0.00,0.000,0.0108,0.2730
0.20,7.545,9.26,0.00,0.00,0.000,0.0088,0.2720
0.20,7.561,14.91,0.00,0.00,0.000,0.0056,0.2692
0.20,7.581,12.12,0.00,0.00,0.000,0.0047,0.2644
0.20,7.603,6.15,0.00,0.00,0.000,0.0051,0.2624
0.20,7.623,1.82,0.00,0.00,0.000,0.0053,0.2594
0.20,7.641,2.21,0.00,0.00,0.000,0.0053,0.2583
0.20,7.662,2.33,0.00,0.00,0.000,0.0050,0.2575
0.20,7.682,2.77,0.00,0.00,0.000,0.0051,0.2569
0.20,7.702,2.60,0.00,0.00,0.000,0.0069,0.2569
0.20,7.722,3.23,0.00,0.00,0.000,0.0075,0.2575
0.20,7.743,4.93,0.00,0.00,0.000,0.0069,0.2600
0.20,7.763,10.65,0.00,0.00,0.000,0.0058,0.2619
0.20,7.782,9.19,0.00,0.00,0.000,0.0038,0.2670
0.20,7.801,9.61,0.00,0.00,0.000,0.0038,0.2716
0.20,7.821,6.39,0.00,0.00,0.000,0.0044,0.2722
0.20,7.842,6.66,0.00,0.00,0.000,0.0044,0.2715
0.20,7.862,14.81,0.00,0.00,0.000,0.0043,0.2693
0.20,7.881,3.91,0.00,0.00,0.000,0.0051,0.2652
0.20,7.902,3.06,0.00,0.00,0.000,0.0065,0.2629
0.20,7.922,4.71,0.00,0.00,0.000,0.0082,0.2619
0.20,7.943,4.19,0.00,0.00,0.000,0.0099,0.2609
0.20,7.961,4.37,0.00,0.00,0.000,0.0104,0.2603
0.20,7.982,4.34,0.00,0.00,0.000,0.0102,0.2597
0.20,8.005,4.36,0.00,0.00,0.000,0.0101,0.2594
0.20,8.022,4.39,0.00,0.00,0.000,0.0101,0.2594
0.20,8.041,4.49,0.00,0.00,0.000,0.0101,0.2594
0.20,8.062,9.12,0.00,0.00,0.000,0.0092,0.2632
0.20,8.082,13.65,0.00,0.00,0.000,0.0085,0.2673
0.20,8.101,17.38,0.00,0.00,0.000,0.0091,0.2718
0.20,8.121,5.93,0.00,0.00,0.000,0.0098,0.2731
0.20,8.141,7.87,0.00,0.00,0.000,0.0086,0.2721
0.20,8.162,12.38,0.00,0.00,0.000,0.0070,0.2700
0.20,8.185,7.47,0.00,0.00,0.000,0.0061,0.2664
0.20,8.201,13.94,0.00,0.00,0.000,0.0061,0.2639
0.20,8.222,3.46,0.00,0.00,0.000,0.0065,0.2602
0.20,8.241,1.57,0.00,0.00,0.000,0.0061,0.2587
0.20,8.262,2.63,0.00,0.00,0.000,0.0047,0.2577
0.20,8.281,2.30,0.00,0.00,0.000,0.0033,0.2572
0.20,8.301,2.22,0.00,0.00,0.000,0.0031,0.2572
0.20,8.322,2.15,0.00,0.00,0.000,0.0030,0.2580
0.20,8.344,2.65,0.00,0.00,0.000,0.0028,0.2589
0.20,8.361,7.79,0.00,0.00,0.000,0.0027,0.2611
0.20,8.381,13.18,0.00,0.00,0.000,0.0035,0.2663
0.20,8.401,8.00,0.00,0.00,0.000,0.0072,0.2708
0.20,8.422,4.04,0.00,0.00,0.000,0.0079,0.2718
0.20,8.442,7.58,0.00,0.00,0.000,0.0077,0.2708
0.20,8.462,12.17,0.00,0.00,0.000,0.0086,0.2681
0.20,8.482,6.88,0.00,0.00,0.000,0.0091,0.2654
0.20,8.504,3.55,0.00,0.00,0.000,0.0090,0.2643
0.20,8.522,3.98,0.00,0.00,0.000,0.0099,0.2618
0.20,8.542,4.77,0.00,0.00,0.000,0.0115,0.2608
0.20,8.562,4.77,0.00,0.00,0.000,0.0130,0.2600
0.20,8.584,4.73,0.00,0.00,0.000,0.0135,0.2596
0.20,8.607,4.24,0.00,0.00,0.000,0.0130,0.2590
0.20,8.622,4.00,0.00,0.00,0.000,0.0121,0.2590
0.20,8.641,6.15,0.00,0.00,0.000,0.0111,0.2593
0.20,8.661,5.37,0.00,0.00,0.000,0.0101,0.2625
0.20,8.686,9.73,0.00,0.00,0.000,0.0095,0.2652
0.20,8.701,22.23,0.00,0.00,0.000,0.0097,0.2716
0.20,8.721,6.25,0.00,0.00,0.000,0.0107,0.2737
0.20,8.741,9.32,0.00,0.00,0.000,0.0097,0.2730
0.20,8.761,16.69,0.00,0.00,0.000,0.0068,0.2702
0.20,8.782,6.62,0.00,0.00,0.000,0.0062,0.2670
0.20,8.802,2.73,0.00,0.00,0.000,0.0068,0.2629
0.20,8.822,2.19,0.00,0.00,0.000,0.0069,0.2605
0.20,8.842,1.95,0.00,0.00,0.000,0.0069,0.2595
0.20,8.864,2.53,0.00,0.00,0.000,0.0065,0.2581
0.20,8.882,3.01,0.00,0.00,0.000,0.0053,0.2577
0.20,8.902,2.79,0.00,0.00,0.000,0.0051,0.2576
0.20,8.924,3.07,0.00,0.00,0.000,0.0059,0.2582
0.20,8.942,2.80,0.00,0.00,0.000,0.0053,0.2604
0.20,8.961,3.69,0.00,0.00,0.000,0.0043,0.2631
0.20,8.982,12.41,0.00,0.00,0.000,0.0039,0.2687
0.20,9.002,12.41,0.00,0.00,0.000,0.0064,0.2715
0.20,9.022,2.24,0.00,0.00,0.000,0.0072,0.2726
0.20,9.042,7.07,0.00,0.00,0.000,0.0067,0.2717
0.20,9.062,16.44,0.00,0.00,0.000,0.0063,0.2687
0.20,9.082,3.01,0.00,0.00,0.000,0.0067,0.2651
0.20,9.102,2.60,0.00,0.00,0.000,0.0071,0.2633
0.20,9.122,3.77,0.00,0.00,0.000,0.0081,0.2619
0.20,9.142,3.91,0.00,0.00,0.000,0.0096,0.2607
0.20,9.162,4.02,0.00,0.00,0.000,0.0108,0.2600
0.20,9.181,4.26,0.00,0.00,0.000,0.0115,0.2596
0.20,9.202,4.12,0.00,0.00,0.000,0.0119,0.2591
0.20,9.222,4.03,0.00,0.00,0.000,0.0114,0.2589
0.20,9.243,5.94,0.00,0.00,0.000,0.0103,0.2592
0.20,9.262,20.63,0.00,0.00,0.000,0.0094,0.2636
0.20,9.282,17.55,0.00,0.00,0.000,0.0090,0.2658
0.20,9.302,12.81,0.00,0.00,0.000,0.0094,0.2698
0.20,9.322,5.59,0.00,0.00,0.000,0.0109,0.2730
0.20,9.343,7.73,0.00,0.00,0.000,0.0096,0.2721
0.20,9.362,9.72,0.00,0.00,0.000,0.0075,0.2709
0.20,9.383,12.10,0.00,0.00,0.000,0.0054,0.2666
0.20,9.402,5.85,0.00,0.00,0.000,0.0051,0.2623
0.20,9.422,2.87,0.00,0.00,0.000,0.0051,0.2608
0.20,9.442,1.94,0.00,0.00,0.000,0.0050,0.2588
0.20,9.462,2.30,0.00,0.00,0.000,0.0046,0.2574
0.20,9.483,2.75,0.00,0.00,0.000,0.0037,0.2571
0.20,9.501,2.63,0.00,0.00,0.000,0.0037,0.2571
0.20,9.522,2.14,0.00,0.00,0.000,0.0042,0.2580
0.20,9.541,4.24,0.00,0.00,0.000,0.0040,0.2591
0.20,9.560,10.07,0.00,0.00,0.000,0.0032,0.2620
0.20,9.581,11.11,0.00,0.00,0.000,0.0023,0.2654
0.20,9.601,8.20,0.00,0.00,0.000,0.0047,0.2714
0.20,9.622,5.27,0.00,0.00,0.000,0.0069,0.2720
0.20,9.642,6.43,0.00,0.00,0.000,0.0071,0.2712
0.20,9.661,11.38,0.00,0.00,0.000,0.0070,0.2702
0.20,9.682,8.31,0.00,0.00,0.000,0.0067,0.2664
0.20,9.702,5.27,0.00,0.00,0.000,0.0074,0.2639
0.20,9.722,3.31,0.00,0.00,0.000,0.0082,0.2628
0.20,9.741,3.87,0.00,0.00,0.000,0.0094,0.2617
0.20,9.762,4.41,0.00,0.00,0.000,0.0109,0.2608
0.20,9.783,4.52,0.00,0.00,0.000,0.0120,0.2601
0.20,9.802,4.26,0.00,0.00,0.000,0.0124,0.2595
0.20,9.821,4.27,0.00,0.00,0.000,0.0120,0.2593
0.20,9.842,5.08,0.00,0.00,0.000,0.0110,0.2601
0.20,9.865,5.92,0.00,0.00,0.000,0.0104,0.2612
0.20,9.882,19.74,0.00,0.00,0.000,0.0099,0.2641
0.20,9.901,9.45,0.00,0.00,0.000,0.0099,0.2714
0.20,9.923,7.73,0.00,0.00,0.000,0.0108,0.2735
0.20,9.945,12.49,0.00,0.00,0.000,0.0097,0.2729
0.20,9.962,19.30,0.00,0.00,0.000,0.0072,0.2708
0.20,9.982,5.91,0.00,0.00,0.000,0.0058,0.2674
0.20,10.002,4.27,0.00,0.00,0.000,0.0058,0.2632
0.20,10.022,2.52,0.00,0.00,0.000,0.0059,0.2606
0.20,10.041,2.19,0.00,0.00,0.000,0.0056,0.2589
0.20,10.062,2.54,0.00,0.00,0.000,0.0049,0.2581
0.20,10.085,2.50,0.00,0.00,0.000,0.0045,0.2577
0.20,10.102,2.34,0.00,0.00,0.000,0.0048,0.2576
0.20,10.122,2.93,0.00,0.00,0.000,0.0053,0.2581
0.20,10.141,3.66,0.00,0.00,0.000,0.0050,0.2599
0.20,10.162,10.26,0.00,0.00,0.000,0.0045,0.2620
0.20,10.182,9.03,0.00,0.00,0.000,0.0030,0.2673
0.20,10.203,10.64,0.00,0.00,0.000,0.0036,0.2723
0.20,10.223,3.60,0.00,0.00,0.000,0.0040,0.2727
0.20,10.243,4.92,0.00,0.00,0.000,0.0036,0.2723
0.20,10.261,13.55,0.00,0.00,0.000,0.0044,0.2704
0.20,10.281,6.12,0.00,0.00,0.000,0.0061,0.2668
0.20,10.302,3.70,0.00,0.00,0.000,0.0072,0.2643
0.20,10.321,3.79,0.00,0.00,0.000,0.0087,0.2625
0.20,10.341,4.13,0.00,0.00,0.000,0.0099,0.2615
0.20,10.361,4.02,0.00,0.00,0.000,0.0105,0.2608
0.20,10.388,4.10,0.00,0.00,0.000,0.0107,0.2604
0.20,10.401,4.03,0.00,0.00,0.000,0.0107,0.2600
0.20,10.421,4.03,0.00,0.00,0.000,0.0105,0.2598
0.20,10.441,5.69,0.00,0.00,0.000,0.0098,0.2601
0.20,10.463,12.22,0.00,0.00,0.000,0.0088,0.2622
0.20,10.481,8.09,0.00,0.00,0.000,0.0082,0.2664
0.20,10.501,19.05,0.00,0.00,0.000,0.0086,0.2712
0.20,10.522,4.89,0.00,0.00,0.000,0.0095,0.2738
0.20,10.542,8.65,0.00,0.00,0.000,0.0083,0.2733
0.20,10.562,10.23,0.00,0.00,0.000,0.0063,0.2704
0.20,10.582,8.31,0.00,0.00,0.000,0.0056,0.2672
0.20,10.602,6.50,0.00,0.00,0.000,0.0058,0.2642
0.20,10.623,7.50,0.00,0.00,0.000,0.0058,0.2614
0.20,10.646,3.51,0.00,0.00,0.000,0.0057,0.2594
0.20,10.662,2.60,0.00,0.00,0.000,0.0042,0.2580
0.20,10.682,2.58,0.00,0.00,0.000,0.0030,0.2579
0.20,10.702,2.25,0.00,0.00,0.000,0.0043,0.2578
0.20,10.721,2.95,0.00,0.00,0.000,0.0048,0.2583
0.20,10.743,3.38,0.00,0.00,0.000,0.0041,0.2599
0.20,10.761,7.11,0.00,0.00,0.000,0.0024,0.2634
0.20,10.781,19.18,0.00,0.00,0.000,0.0026,0.2688
0.20,10.808,12.94,0.00,0.00,0.000,0.0057,0.2719
0.20,10.822,3.56,0.00,0.00,0.000,0.0072,0.2732
0.20,10.842,8.08,0.00,0.00,0.000,0.0070,0.2726
0.20,10.862,11.39,0.00,0.00,0.000,0.0071,0.2684
0.20,10.885,5.56,0.00,0.00,0.000,0.0071,0.2664
0.20,10.902,3.65,0.00,0.00,0.000,0.0074,0.2637
0.20,10.922,4.63,0.00,0.00,0.000,0.0092,0.2625
0.20,10.942,3.78,0.00,0.00,0.000,0.0113,0.2613
0.20,10.963,4.16,0.00,0.00,0.000,0.0123,0.2609
0.20,10.983,3.95,0.00,0.00,0.000,0.0128,0.2606
0.20,11.001,3.57,0.00,0.00,0.000,0.0128,0.2599
0.20,11.022,3.54,0.00,0.00,0.000,0.0120,0.2598
0.20,11.042,4.55,0.00,0.00,0.000,0.0107,0.2606
0.20,11.067,12.33,0.00,0.00,0.000,0.0100,0.2623
0.20,11.081,17.26,0.00,0.00,0.000,0.0094,0.2658
0.20,11.101,13.37,0.00,0.00,0.000,0.0093,0.2711
0.20,11.122,10.54,0.00,0.00,0.000,0.0105,0.2741
0.20,11.141,9.06,0.00,0.00,0.000,0.0102,0.2737
0.20,11.161,16.65,0.00,0.00,0.000,0.0061,0.2709
0.20,11.182,6.31,0.00,0.00,0.000,0.0046,0.2665
0.20,11.204,6.16,0.00,0.00,0.000,0.0052,0.2642
0.20,11.223,1.94,0.00,0.00,0.000,0.0058,0.2613
0.20,11.242,2.20,0.00,0.00,0.000,0.0059,0.2591
0.20,11.262,2.22,0.00,0.00,0.000,0.0053,0.2581
0.20,11.282,2.39,0.00,0.00,0.000,0.0047,0.2579
0.20,11.302,1.96,0.00,0.00,0.000,0.0041,0.2578
0.20,11.322,1.63,0.00,0.00,0.000,0.0040,0.2587
0.20,11.343,3.17,0.00,0.00,0.000,0.0036,0.2605
0.20,11.365,9.48,0.00,0.00,0.000,0.0033,0.2625
0.20,11.381,14.44,0.00,0.00,0.000,0.0029,0.2645
0.20,11.401,8.83,0.00,0.00,0.000,0.0046,0.2701
0.20,11.421,7.09,0.00,0.00,0.000,0.0075,0.2726
0.20,11.441,11.22,0.00,0.00,0.000,0.0075,0.2707
0.20,11.462,8.37,0.00,0.00,0.000,0.0072,0.2671
0.20,11.483,5.52,0.00,0.00,0.000,0.0071,0.2644
0.20,11.501,1.74,0.00,0.00,0.000,0.0073,0.2631
0.20,11.523,4.66,0.00,0.00,0.000,0.0094,0.2614
0.20,11.541,3.63,0.00,0.00,0.000,0.0106,0.2605
0.20,11.562,4.56,0.00,0.00,0.000,0.0117,0.2597
0.20,11.585,4.56,0.00,0.00,0.000,0.0121,0.2592
0.20,11.605,4.55,0.00,0.00,0.000,0.0123,0.2590
0.20,11.621,4.68,0.00,0.00,0.000,0.0123,0.2588
0.20,11.641,6.71,0.00,0.00,0.000,0.0117,0.2592
0.20,11.664,14.21,0.00,0.00,0.000,0.0104,0.2637
0.20,11.682,17.50,0.00,0.00,0.000,0.0098,0.2662
0.20,11.703,13.77,0.00,0.00,0.000,0.0098,0.2704
0.20,11.721,4.52,0.00,0.00,0.000,0.0106,0.2734
0.20,11.741,7.21,0.00,0.00,0.000,0.0096,0.2730
0.20,11.763,11.22,0.00,0.00,0.000,0.0071,0.2702
0.20,11.781,7.14,0.00,0.00,0.000,0.0064,0.2672
0.20,11.802,4.78,0.00,0.00,0.000,0.0064,0.2628
0.20,11.822,2.97,0.00,0.00,0.000,0.0066,0.2607
0.20,11.842,2.10,0.00,0.00,0.000,0.0065,0.2594
0.20,11.861,2.32,0.00,0.00,0.000,0.0058,0.2585
0.20,11.881,2.36,0.00,0.00,0.000,0.0043,0.2580
0.20,11.909,1.99,0.00,0.00,0.000,0.0040,0.2582
0.20,11.921,2.57,0.00,0.00,0.000,0.0041,0.2585
0.20,11.942,2.64,0.00,0.00,0.000,0.0037,0.2607
0.20,11.962,6.32,0.00,0.00,0.000,0.0030,0.2636
0.20,11.982,12.60,0.00,0.00,0.000,0.0028,0.2658
0.30,3.001,8.81,0.00,0.00,0.000,0.0040,0.2710
0.30,3.023,6.37,0.00,0.00,0.000,0.0028,0.2736
0.30,3.041,12.05,0.00,0.00,0.000,0.0022,0.2730
0.30,3.061,17.81,0.00,0.00,0.000,0.0030,0.2704
0.30,3.081,7.75,0.00,0.00,0.000,0.0053,0.2668
0.30,3.101,5.16,0.00,0.00,0.000,0.0076,0.2639
0.30,3.121,4.62,0.00,0.00,0.000,0.0087,0.2616
0.30,3.141,5.71,0.00,0.00,0.000,0.0085,0.2602
0.30,3.161,6.06,0.00,0.00,0.000,0.0080,0.2592
0.30,3.182,6.38,0.00,0.00,0.000,0.0082,0.2585
0.30,3.201,6.41,0.00,0.00,0.000,0.0086,0.2582
0.30,3.221,6.45,0.00,0.00,0.000,0.0092,0.2581
0.30,3.241,9.21,0.00,0.00,0.000,0.0089,0.2587
0.30,3.261,8.25,0.00,0.00,0.000,0.0078,0.2624
0.30,3.281,11.22,0.00,0.00,0.000,0.0065,0.2678
0.30,3.301,8.21,0.00,0.00,0.000,0.0060,0.2731
0.30,3.321,3.31,0.00,0.00,0.000,0.0060,0.2751
0.30,3.341,12.28,0.00,0.00,0.000,0.0049,0.2741
0.30,3.362,24.40,0.00,0.00,0.000,0.0032,0.2720
0.30,3.381,6.43,0.00,0.00,0.000,0.0034,0.2681
0.30,3.401,6.38,0.00,0.00,0.000,0.0045,0.2639
0.30,3.421,3.46,0.00,0.00,0.000,0.0049,0.2605
0.30,3.441,3.19,0.00,0.00,0.000,0.0051,0.2589
0.30,3.461,3.62,0.00,0.00,0.000,0.0054,0.2575
0.30,3.481,3.90,0.00,0.00,0.000,0.0057,0.2568
0.30,3.501,4.64,0.00,0.00,0.000,0.0062,0.2570
0.30,3.521,4.86,0.00,0.00,0.000,0.0067,0.2581
0.30,3.541,4.87,0.00,0.00,0.000,0.0063,0.2602
0.30,3.561,8.03,0.00,0.00,0.000,0.0052,0.2634
0.30,3.581,18.49,0.00,0.00,0.000,0.0041,0.2667
0.30,3.601,8.67,0.00,0.00,0.000,0.0034,0.2723
0.30,3.621,7.44,0.00,0.00,0.000,0.0044,0.2747
0.30,3.641,16.90,0.00,0.00,0.000,0.0051,0.2732
0.30,3.661,26.24,0.00,0.00,0.000,0.0057,0.2707
0.30,3.681,23.68,0.00,0.00,0.000,0.0064,0.2683
0.30,3.701,6.58,0.00,0.00,0.000,0.0089,0.2638
0.30,3.721,5.74,0.00,0.00,0.000,0.0108,0.2612
0.30,3.742,5.78,0.00,0.00,0.000,0.0116,0.2599
0.30,3.761,5.57,0.00,0.00,0.000,0.0118,0.2590
0.30,3.780,6.14,0.00,0.00,0.000,0.0114,0.2582
0.30,3.802,6.28,0.00,0.00,0.000,0.0112,0.2577
0.30,3.822,6.56,0.00,0.00,0.000,0.0114,0.2575
0.30,3.841,8.09,0.00,0.00,0.000,0.0112,0.2585
0.30,3.861,13.01,0.00,0.00,0.000,0.0101,0.2617
0.30,3.881,15.39,0.00,0.00,0.000,0.0092,0.2653
0.30,3.904,18.10,0.00,0.00,0.000,0.0085,0.2707
0.30,3.921,8.30,0.00,0.00,0.000,0.0085,0.2744
0.30,3.941,13.47,0.00,0.00,0.000,0.0081,0.2740
0.30,3.961,17.60,0.00,0.00,0.000,0.0067,0.2708
0.30,3.981,11.46,0.00,0.00,0.000,0.0072,0.2667
0.30,4.001,10.41,0.00,0.00,0.000,0.0079,0.2632
0.30,4.021,5.34,0.00,0.00,0.000,0.0078,0.2596
0.30,4.041,4.57,0.00,0.00,0.000,0.0078,0.2582
0.30,4.061,4.28,0.00,0.00,0.000,0.0077,0.2567
0.30,4.081,4.73,0.00,0.00,0.000,0.0074,0.2563
0.30,4.101,4.94,0.00,0.00,0.000,0.0073,0.2565
0.30,4.121,6.24,0.00,0.00,0.000,0.0074,0.2570
0.30,4.141,6.59,0.00,0.00,0.000,0.0072,0.2583
0.30,4.161,6.29,0.00,0.00,0.000,0.0060,0.2626
0.30,4.181,13.19,0.00,0.00,0.000,0.0044,0.2674
0.30,4.202,11.07,0.00,0.00,0.000,0.0041,0.2703
0.30,4.222,6.61,0.00,0.00,0.000,0.0048,0.2741
0.30,4.241,12.53,0.00,0.00,0.000,0.0042,0.2733
0.30,4.261,20.45,0.00,0.00,0.000,0.0049,0.2706
0.30,4.281,10.92,0.00,0.00,0.000,0.0066,0.2675
0.30,4.301,6.53,0.00,0.00,0.000,0.0091,0.2643
0.30,4.321,4.45,0.00,0.00,0.000,0.0105,0.2618
0.30,4.341,5.66,0.00,0.00,0.000,0.0103,0.2603
0.30,4.364,5.43,0.00,0.00,0.000,0.0099,0.2597
0.30,4.381,6.14,0.00,0.00,0.000,0.0093,0.2587
0.30,4.401,6.76,0.00,0.00,0.000,0.0096,0.2581
0.30,4.421,6.66,0.00,0.00,0.000,0.0101,0.2580
0.30,4.444,9.12,0.00,0.00,0.000,0.0098,0.2583
0.30,4.460,9.80,0.00,0.00,0.000,0.0082,0.2612
0.30,4.481,23.02,0.00,0.00,0.000,0.0067,0.2653
0.30,4.500,9.48,0.00,0.00,0.000,0.0060,0.2719
0.30,4.520,5.77,0.00,0.00,0.000,0.0068,0.2747
0.30,4.540,10.40,0.00,0.00,0.000,0.0061,0.2744
0.30,4.561,29.28,0.00,0.00,0.000,0.0039,0.2723
0.30,4.581,10.04,0.00,0.00,0.000,0.0039,0.2666
0.30,4.601,4.31,0.00,0.00,0.000,0.0049,0.2626
0.30,4.621,3.55,0.00,0.00,0.000,0.0052,0.2604
0.30,4.641,3.24,0.00,0.00,0.000,0.0055,0.2582
0.30,4.661,3.71,0.00,0.00,0.000,0.0058,0.2572
0.30,4.681,4.28,0.00,0.00,0.000,0.0067,0.2565
0.30,4.700,4.70,0.00,0.00,0.000,0.0082,0.2565
0.30,4.721,4.55,0.00,0.00,0.000,0.0089,0.2578
0.30,4.741,6.81,0.00,0.00,0.000,0.0087,0.2591
0.30,4.760,12.08,0.00,0.00,0.000,0.0078,0.2622
0.30,4.781,15.57,0.00,0.00,0.000,0.0063,0.2657
0.30,4.801,9.45,0.00,0.00,0.000,0.0037,0.2729
0.30,4.821,6.02,0.00,0.00,0.000,0.0035,0.2743
0.30,4.841,14.33,0.00,0.00,0.000,0.0035,0.2729
0.30,4.860,23.43,0.00,0.00,0.000,0.0045,0.2705
0.30,4.880,11.61,0.00,0.00,0.000,0.0073,0.2660
0.30,4.902,7.66,0.00,0.00,0.000,0.0091,0.2643
0.30,4.922,9.50,0.00,0.00,0.000,0.0112,0.2613
0.30,4.941,5.59,0.00,0.00,0.000,0.0111,0.2602
0.30,4.961,5.61,0.00,0.00,0.000,0.0104,0.2590
0.30,4.983,6.31,0.00,0.00,0.000,0.0100,0.2583
0.30,5.000,6.31,0.00,0.00,0.000,0.0104,0.2578
0.30,5.020,6.30,0.00,0.00,0.000,0.0112,0.2579
0.30,5.043,8.61,0.00,0.00,0.000,0.0112,0.2589
0.30,5.061,11.25,0.00,0.00,0.000,0.0106,0.2605
0.30,5.081,20.34,0.00,0.00,0.000,0.0097,0.2664
0.30,5.100,14.17,0.00,0.00,0.000,0.0090,0.2718
0.30,5.120,6.82,0.00,0.00,0.000,0.0083,0.2748
0.30,5.141,14.33,0.00,0.00,0.000,0.0076,0.2743
0.30,5.161,21.42,0.00,0.00,0.000,0.0047,0.2715
0.30,5.181,8.22,0.00,0.00,0.000,0.0055,0.2666
0.30,5.201,5.95,0.00,0.00,0.000,0.0068,0.2629
0.30,5.221,3.36,0.00,0.00,0.000,0.0072,0.2598
0.30,5.241,3.87,0.00,0.00,0.000,0.0073,0.2588
0.30,5.261,3.93,0.00,0.00,0.000,0.0073,0.2570
0.30,5.281,4.23,0.00,0.00,0.000,0.0075,0.2565
0.30,5.301,4.25,0.00,0.00,0.000,0.0081,0.2567
0.30,5.321,5.42,0.00,0.00,0.000,0.0084,0.2573
0.30,5.341,7.60,0.00,0.00,0.000,0.0081,0.2590
0.30,5.361,6.02,0.00,0.00,0.000,0.0071,0.2628
0.30,5.381,12.85,0.00,0.00,0.000,0.0053,0.2676
0.30,5.401,5.74,0.00,0.00,0.000,0.0039,0.2730
0.30,5.420,4.93,0.00,0.00,0.000,0.0038,0.2744
0.30,5.440,9.80,0.00,0.00,0.000,0.0034,0.2738
0.30,5.461,20.16,0.00,0.00,0.000,0.0043,0.2714
0.30,5.481,10.56,0.00,0.00,0.000,0.0062,0.2683
0.30,5.501,5.97,0.00,0.00,0.000,0.0080,0.2654
0.30,5.521,6.60,0.00,0.00,0.000,0.0094,0.2627
0.30,5.541,5.09,0.00,0.00,0.000,0.0088,0.2613
0.30,5.561,5.32,0.00,0.00,0.000,0.0082,0.2601
0.30,5.581,5.58,0.00,0.00,0.000,0.0080,0.2594
0.30,5.601,6.00,0.00,0.00,0.000,0.0086,0.2588
0.30,5.621,5.53,0.00,0.00,0.000,0.0093,0.2587
0.30,5.640,8.78,0.00,0.00,0.000,0.0089,0.2590
0.30,5.660,8.25,0.00,0.00,0.000,0.0076,0.2628
0.30,5.680,10.30,0.00,0.00,0.000,0.0061,0.2683
0.30,5.701,21.66,0.00,0.00,0.000,0.0055,0.2731
0.30,5.721,7.63,0.00,0.00,0.000,0.0056,0.2752
0.30,5.741,11.27,0.00,0.00,0.000,0.0048,0.2746
0.30,5.761,21.67,0.00,0.00,0.000,0.0030,0.2716
0.30,5.781,8.70,0.00,0.00,0.000,0.0045,0.2670
0.30,5.801,8.11,0.00,0.00,0.000,0.0053,0.2650
0.30,5.821,2.67,0.00,0.00,0.000,0.0061,0.2606
0.30,5.841,3.16,0.00,0.00,0.000,0.0064,0.2584
0.30,5.862,3.58,0.00,0.00,0.000,0.0068,0.2571
0.30,5.881,3.64,0.00,0.00,0.000,0.0072,0.2567
0.30,5.901,4.10,0.00,0.00,0.000,0.0079,0.2569
0.30,5.921,5.35,0.00,0.00,0.000,0.0084,0.2574
0.30,5.943,7.26,0.00,0.00,0.000,0.0082,0.2591
0.30,5.961,9.06,0.00,0.00,0.000,0.0077,0.2612
0.30,5.981,20.89,0.00,0.00,0.000,0.0062,0.2659
0.30,6.001,12.34,0.00,0.00,0.000,0.0038,0.2725
0.30,6.021,5.55,0.00,0.00,0.000,0.0032,0.2742
0.30,6.041,15.12,0.00,0.00,0.000,0.0027,0.2733
0.30,6.061,21.79,0.00,0.00,0.000,0.0038,0.2709
0.30,6.081,8.26,0.00,0.00,0.000,0.0062,0.2671
0.30,6.101,4.52,0.00,0.00,0.000,0.0078,0.2639
0.30,6.122,5.34,0.00,0.00,0.000,0.0084,0.2619
0.30,6.141,5.38,0.00,0.00,0.000,0.0081,0.2604
0.30,6.161,6.25,0.00,0.00,0.000,0.0078,0.2595
0.30,6.181,6.13,0.00,0.00,0.000,0.0080,0.2589
0.30,6.201,6.29,0.00,0.00,0.000,0.0084,0.2584
0.30,6.221,6.14,0.00,0.00,0.000,0.0087,0.2583
0.30,6.241,9.22,0.00,0.00,0.000,0.0082,0.2588
0.30,6.261,8.11,0.00,0.00,0.000,0.0069,0.2626
0.30,6.281,17.00,0.00,0.00,0.000,0.0058,0.2660
0.30,6.301,12.25,0.00,0.00,0.000,0.0049,0.2723
0.30,6.321,9.78,0.00,0.00,0.000,0.0054,0.2755
0.30,6.341,13.92,0.00,0.00,0.000,0.0051,0.2750
0.30,6.361,20.29,0.00,0.00,0.000,0.0024,0.2716
0.30,6.381,8.96,0.00,0.00,0.000,0.0039,0.2680
0.30,6.401,5.73,0.00,0.00,0.000,0.0058,0.2640
0.30,6.430,3.63,0.00,0.00,0.000,0.0064,0.2596
0.30,6.441,3.16,0.00,0.00,0.000,0.0065,0.2585
0.30,6.460,3.82,0.00,0.00,0.000,0.0068,0.2573
0.30,6.480,4.13,0.00,0.00,0.000,0.0072,0.2570
0.30,6.502,4.17,0.00,0.00,0.000,0.0082,0.2569
0.30,6.521,5.37,0.00,0.00,0.000,0.0091,0.2576
0.30,6.540,6.10,0.00,0.00,0.000,0.0091,0.2590
0.30,6.561,5.61,0.00,0.00,0.000,0.0080,0.2632
0.30,6.581,23.95,0.00,0.00,0.000,0.0058,0.2693
0.30,6.601,12.03,0.00,0.00,0.000,0.0041,0.2734
0.30,6.620,4.37,0.00,0.00,0.000,0.0034,0.2747
0.30,6.640,13.66,0.00,0.00,0.000,0.0029,0.2739
0.30,6.661,19.42,0.00,0.00,0.000,0.0038,0.2716
0.30,6.680,8.74,0.00,0.00,0.000,0.0052,0.2683
0.30,6.700,4.07,0.00,0.00,0.000,0.0066,0.2651
0.30,6.722,4.73,0.00,0.00,0.000,0.0079,0.2628
0.30,6.741,5.13,0.00,0.00,0.000,0.0082,0.2616
0.30,6.761,5.30,0.00,0.00,0.000,0.0083,0.2604
0.30,6.781,5.12,0.00,0.00,0.000,0.0079,0.2595
0.30,6.802,5.28,0.00,0.00,0.000,0.0079,0.2589
0.30,6.821,5.59,0.00,0.00,0.000,0.0079,0.2588
0.30,6.841,6.71,0.00,0.00,0.000,0.0073,0.2599
0.30,6.861,15.64,0.00,0.00,0.000,0.0063,0.2617
0.30,6.881,9.43,0.00,0.00,0.000,0.0044,0.2684
0.30,6.901,11.72,0.00,0.00,0.000,0.0046,0.2730
0.30,6.921,5.16,0.00,0.00,0.000,0.0058,0.2756
0.30,6.944,12.16,0.00,0.00,0.000,0.0042,0.2746
0.30,6.961,17.94,0.00,0.00,0.000,0.0026,0.2736
0.30,6.981,8.88,0.00,0.00,0.000,0.0022,0.2685
0.30,7.001,9.87,0.00,0.00,0.000,0.0040,0.2646
0.30,7.021,4.84,0.00,0.00,0.000,0.0047,0.2609
0.30,7.040,3.51,0.00,0.00,0.000,0.0051,0.2594
0.30,7.061,3.52,0.00,0.00,0.000,0.0057,0.2578
0.30,7.081,4.00,0.00,0.00,0.000,0.0068,0.2572
0.30,7.100,3.88,0.00,0.00,0.000,0.0077,0.2573
0.30,7.120,4.83,0.00,0.00,0.000,0.0086,0.2577
0.30,7.141,7.16,0.00,0.00,0.000,0.0085,0.2594
0.30,7.161,12.92,0.00,0.00,0.000,0.0081,0.2619
0.30,7.181,12.63,0.00,0.00,0.000,0.0064,0.2659
0.30,7.200,13.09,0.00,0.00,0.000,0.0041,0.2717
0.30,7.220,5.08,0.00,0.00,0.000,0.0023,0.2744
0.30,7.240,13.87,0.00,0.00,0.000,0.0015,0.2733
0.30,7.260,21.95,0.00,0.00,0.000,0.0028,0.2711
0.30,7.281,7.21,0.00,0.00,0.000,0.0063,0.2665
0.30,7.300,4.65,0.00,0.00,0.000,0.0085,0.2635
0.30,7.320,4.35,0.00,0.00,0.000,0.0087,0.2630
0.30,7.342,5.99,0.00,0.00,0.000,0.0091,0.2613
0.30,7.361,5.89,0.00,0.00,0.000,0.0086,0.2601
0.30,7.383,6.14,0.00,0.00,0.000,0.0082,0.2592
0.30,7.401,6.34,0.00,0.00,0.000,0.0087,0.2586
0.30,7.421,6.10,0.00,0.00,0.000,0.0095,0.2586
0.30,7.442,9.49,0.00,0.00,0.000,0.0095,0.2590
0.30,7.462,16.30,0.00,0.00,0.000,0.0086,0.2617
0.30,7.481,12.68,0.00,0.00,0.000,0.0074,0.2675
0.30,7.501,8.84,0.00,0.00,0.000,0.0069,0.2735
0.30,7.521,2.99,0.00,0.00,0.000,0.0069,0.2753
0.30,7.542,11.87,0.00,0.00,0.000,0.0064,0.2749
0.30,7.561,21.48,0.00,0.00,0.000,0.0034,0.2720
0.30,7.581,9.54,0.00,0.00,0.000,0.0038,0.2671
0.30,7.600,6.46,0.00,0.00,0.000,0.0048,0.2633
0.30,7.623,3.43,0.00,0.00,0.000,0.0053,0.2597
0.30,7.642,3.82,0.00,0.00,0.000,0.0055,0.2583
0.30,7.661,3.67,0.00,0.00,0.000,0.0057,0.2573
0.30,7.681,3.93,0.00,0.00,0.000,0.0063,0.2569
0.30,7.701,4.46,0.00,0.00,0.000,0.0071,0.2571
0.30,7.721,4.15,0.00,0.00,0.000,0.0075,0.2582
0.30,7.741,5.32,0.00,0.00,0.000,0.0071,0.2601
0.30,7.761,7.65,0.00,0.00,0.000,0.0061,0.2634
0.30,7.781,19.88,0.00,0.00,0.000,0.0050,0.2667
0.30,7.801,13.39,0.00,0.00,0.000,0.0034,0.2729
0.30,7.821,5.29,0.00,0.00,0.000,0.0029,0.2746
0.30,7.841,12.82,0.00,0.00,0.000,0.0031,0.2732
0.30,7.861,29.05,0.00,0.00,0.000,0.0055,0.2700
0.30,7.881,18.58,0.00,0.00,0.000,0.0069,0.2673
0.30,7.901,5.48,0.00,0.00,0.000,0.0082,0.2638
0.30,7.921,4.97,0.00,0.00,0.000,0.0081,0.2619
0.30,7.942,5.53,0.00,0.00,0.000,0.0075,0.2607
0.30,7.961,5.60,0.00,0.00,0.000,0.0074,0.2596
0.30,7.981,5.89,0.00,0.00,0.000,0.0082,0.2589
0.30,8.001,6.10,0.00,0.00,0.000,0.0094,0.2584
0.30,8.023,5.44,0.00,0.00,0.000,0.0098,0.2585
0.30,8.041,7.53,0.00,0.00,0.000,0.0092,0.2596
0.30,8.061,11.50,0.00,0.00,0.000,0.0081,0.2628
0.30,8.081,9.86,0.00,0.00,0.000,0.0067,0.2676
0.30,8.101,8.77,0.00,0.00,0.000,0.0062,0.2730
0.30,8.121,8.77,0.00,0.00,0.000,0.0063,0.2752
0.30,8.142,12.84,0.00,0.00,0.000,0.0054,0.2743
0.30,8.161,13.05,0.00,0.00,0.000,0.0034,0.2708
0.30,8.181,10.27,0.00,0.00,0.000,0.0041,0.2666
0.30,8.201,4.34,0.00,0.00,0.000,0.0051,0.2627
0.30,8.221,3.06,0.00,0.00,0.000,0.0053,0.2605
0.30,8.242,3.03,0.00,0.00,0.000,0.0054,0.2583
0.30,8.261,3.46,0.00,0.00,0.000,0.0058,0.2570
0.30,8.281,3.97,0.00,0.00,0.000,0.0063,0.2567
0.30,8.301,4.05,0.00,0.00,0.000,0.0069,0.2569
0.30,8.321,4.61,0.00,0.00,0.000,0.0071,0.2578
0.30,8.341,7.10,0.00,0.00,0.000,0.0068,0.2592
0.30,8.367,16.16,0.00,0.00,0.000,0.0058,0.2630
0.30,8.381,11.29,0.00,0.00,0.000,0.0045,0.2669
0.30,8.401,12.73,0.00,0.00,0.000,0.0033,0.2710
0.30,8.421,6.93,0.00,0.00,0.000,0.0036,0.2746
0.30,8.443,14.22,0.00,0.00,0.000,0.0030,0.2735
0.30,8.461,14.81,0.00,0.00,0.000,0.0046,0.2702
0.30,8.481,8.03,0.00,0.00,0.000,0.0068,0.2664
0.30,8.501,4.18,0.00,0.00,0.000,0.0081,0.2634
0.30,8.521,5.06,0.00,0.00,0.000,0.0085,0.2620
0.30,8.541,5.09,0.00,0.00,0.000,0.0085,0.2608
0.30,8.561,6.04,0.00,0.00,0.000,0.0082,0.2596
0.30,8.585,6.22,0.00,0.00,0.000,0.0086,0.2588
0.30,8.601,6.21,0.00,0.00,0.000,0.0089,0.2585
0.30,8.621,6.18,0.00,0.00,0.000,0.0091,0.2584
0.30,8.641,9.47,0.00,0.00,0.000,0.0088,0.2588
0.30,8.661,11.64,0.00,0.00,0.000,0.0071,0.2625
0.30,8.681,20.45,0.00,0.00,0.000,0.0057,0.2674
0.30,8.701,15.06,0.00,0.00,0.000,0.0054,0.2714
0.30,8.723,6.14,0.00,0.00,0.000,0.0060,0.2750
0.30,8.742,11.99,0.00,0.00,0.000,0.0054,0.2744
0.30,8.761,21.18,0.00,0.00,0.000,0.0027,0.2717
0.30,8.781,8.67,0.00,0.00,0.000,0.0034,0.2667
0.30,8.801,7.57,0.00,0.00,0.000,0.0048,0.2630
0.30,8.821,4.17,0.00,0.00,0.000,0.0052,0.2604
0.30,8.841,3.59,0.00,0.00,0.000,0.0056,0.2583
0.30,8.861,3.59,0.00,0.00,0.000,0.0063,0.2569
0.30,8.881,3.89,0.00,0.00,0.000,0.0074,0.2564
0.30,8.901,4.35,0.00,0.00,0.000,0.0085,0.2565
0.30,8.922,4.47,0.00,0.00,0.000,0.0091,0.2577
0.30,8.941,7.45,0.00,0.00,0.000,0.0089,0.2590
0.30,8.961,6.28,0.00,0.00,0.000,0.0081,0.2628
0.30,8.981,15.88,0.00,0.00,0.000,0.0063,0.2675
0.30,9.001,6.22,0.00,0.00,0.000,0.0043,0.2729
0.30,9.029,3.92,0.00,0.00,0.000,0.0028,0.2742
0.30,9.041,6.85,0.00,0.00,0.000,0.0021,0.2739
0.30,9.061,11.34,0.00,0.00,0.000,0.0039,0.2707
0.30,9.081,8.50,0.00,0.00,0.000,0.0060,0.2681
0.30,9.102,6.30,0.00,0.00,0.000,0.0071,0.2647
0.30,9.121,5.72,0.00,0.00,0.000,0.0069,0.2628
0.30,9.141,4.82,0.00,0.00,0.000,0.0062,0.2612
0.30,9.161,5.60,0.00,0.00,0.000,0.0060,0.2603
0.30,9.191,5.74,0.00,0.00,0.000,0.0066,0.2597
0.30,9.201,5.76,0.00,0.00,0.000,0.0077,0.2591
0.30,9.221,5.21,0.00,0.00,0.000,0.0080,0.2591
0.30,9.241,7.19,0.00,0.00,0.000,0.0069,0.2601
0.30,9.267,10.91,0.00,0.00,0.000,0.0061,0.2613
0.30,9.281,19.96,0.00,0.00,0.000,0.0045,0.2658
0.30,9.301,18.72,0.00,0.00,0.000,0.0040,0.2718
0.30,9.321,9.09,0.00,0.00,0.000,0.0060,0.2758
0.30,9.342,16.67,0.00,0.00,0.000,0.0052,0.2746
0.30,9.360,15.39,0.00,0.00,0.000,0.0013,0.2708
0.30,9.380,10.99,0.00,0.00,0.000,0.0028,0.2675
0.30,9.401,5.50,0.00,0.00,0.000,0.0053,0.2636
0.30,9.428,3.04,0.00,0.00,0.000,0.0060,0.2611
0.30,9.441,2.37,0.00,0.00,0.000,0.0063,0.2587
0.30,9.461,3.15,0.00,0.00,0.000,0.0068,0.2573
0.30,9.481,3.60,0.00,0.00,0.000,0.0080,0.2566
0.30,9.501,3.88,0.00,0.00,0.000,0.0091,0.2565
0.30,9.521,4.96,0.00,0.00,0.000,0.0100,0.2573
0.30,9.541,7.43,0.00,0.00,0.000,0.0098,0.2588
0.30,9.561,5.41,0.00,0.00,0.000,0.0087,0.2626
0.30,9.582,13.71,0.00,0.00,0.000,0.0072,0.2660
0.30,9.601,14.07,0.00,0.00,0.000,0.0052,0.2703
0.30,9.620,7.80,0.00,0.00,0.000,0.0031,0.2745
0.30,9.641,15.57,0.00,0.00,0.000,0.0021,0.2734
0.30,9.660,28.88,0.00,0.00,0.000,0.0030,0.2717
0.30,9.680,10.24,0.00,0.00,0.000,0.0065,0.2675
0.30,9.701,6.38,0.00,0.00,0.000,0.0092,0.2646
0.30,9.727,5.70,0.00,0.00,0.000,0.0115,0.2618
0.30,9.741,6.05,0.00,0.00,0.000,0.0112,0.2607
0.30,9.761,6.31,0.00,0.00,0.000,0.0104,0.2597
0.30,9.781,7.07,0.00,0.00,0.000,0.0102,0.2589
0.30,9.801,6.71,0.00,0.00,0.000,0.0110,0.2585
0.30,9.821,6.59,0.00,0.00,0.000,0.0118,0.2584
0.30,9.840,10.33,0.00,0.00,0.000,0.0119,0.2589
0.30,9.865,16.31,0.00,0.00,0.000,0.0112,0.2617
0.30,9.884,13.70,0.00,0.00,0.000,0.0102,0.2661
0.30,9.901,22.68,0.00,0.00,0.000,0.0095,0.2715
0.30,9.921,8.82,0.00,0.00,0.000,0.0094,0.2757
0.30,9.942,9.19,0.00,0.00,0.000,0.0096,0.2754
0.30,9.961,28.87,0.00,0.00,0.000,0.0077,0.2703
0.30,9.981,17.33,0.00,0.00,0.000,0.0078,0.2671
0.30,10.001,7.80,0.00,0.00,0.000,0.0081,0.2636
0.30,10.021,4.75,0.00,0.00,0.000,0.0082,0.2615
0.30,10.041,4.49,0.00,0.00,0.000,0.0079,0.2585
0.30,10.061,4.14,0.00,0.00,0.000,0.0075,0.2575
0.30,10.081,3.96,0.00,0.00,0.000,0.0073,0.2571
0.30,10.101,4.19,0.00,0.00,0.000,0.0073,0.2571
0.30,10.120,4.43,0.00,0.00,0.000,0.0073,0.2581
0.30,10.141,6.67,0.00,0.00,0.000,0.0068,0.2599
0.30,10.161,4.80,0.00,0.00,0.000,0.0057,0.2637
0.30,10.180,17.44,0.00,0.00,0.000,0.0047,0.2691
0.30,10.200,5.78,0.00,0.00,0.000,0.0056,0.2742
0.30,10.220,4.86,0.00,0.00,0.000,0.0068,0.2751
0.30,10.240,15.57,0.00,0.00,0.000,0.0072,0.2742
0.30,10.261,15.25,0.00,0.00,0.000,0.0076,0.2719
0.30,10.280,10.73,0.00,0.00,0.000,0.0084,0.2677
0.30,10.300,5.89,0.00,0.00,0.000,0.0101,0.2649
0.30,10.322,6.88,0.00,0.00,0.000,0.0120,0.2622
0.30,10.341,5.44,0.00,0.00,0.000,0.0126,0.2609
0.30,10.361,4.38,0.00,0.00,0.000,0.0124,0.2599
0.30,10.380,5.21,0.00,0.00,0.000,0.0115,0.2589
0.30,10.406,5.10,0.00,0.00,0.000,0.0114,0.2585
0.30,10.421,5.21,0.00,0.00,0.000,0.0115,0.2584
0.30,10.441,7.26,0.00,0.00,0.000,0.0111,0.2594
0.30,10.461,11.37,0.00,0.00,0.000,0.0098,0.2625
0.30,10.481,13.96,0.00,0.00,0.000,0.0087,0.2661
0.30,10.501,13.19,0.00,0.00,0.000,0.0078,0.2717
0.30,10.521,8.54,0.00,0.00,0.000,0.0079,0.2753
0.30,10.541,15.13,0.00,0.00,0.000,0.0068,0.2742
0.30,10.561,20.59,0.00,0.00,0.000,0.0050,0.2710
0.30,10.581,8.09,0.00,0.00,0.000,0.0057,0.2665
0.30,10.601,5.40,0.00,0.00,0.000,0.0063,0.2636
0.30,10.622,3.03,0.00,0.00,0.000,0.0066,0.2603
0.30,10.641,3.74,0.00,0.00,0.000,0.0067,0.2583
0.30,10.661,3.80,0.00,0.00,0.000,0.0067,0.2570
0.30,10.680,4.09,0.00,0.00,0.000,0.0070,0.2567
0.30,10.702,4.27,0.00,0.00,0.000,0.0078,0.2568
0.30,10.720,7.27,0.00,0.00,0.000,0.0080,0.2578
0.30,10.740,6.13,0.00,0.00,0.000,0.0076,0.2595
0.30,10.760,7.32,0.00,0.00,0.000,0.0066,0.2632
0.30,10.785,12.22,0.00,0.00,0.000,0.0050,0.2677
0.30,10.801,12.54,0.00,0.00,0.000,0.0042,0.2704
0.30,10.821,4.94,0.00,0.00,0.000,0.0032,0.2746
0.30,10.841,16.15,0.00,0.00,0.000,0.0022,0.2737
0.30,10.867,13.60,0.00,0.00,0.000,0.0039,0.2703
0.30,10.880,10.44,0.00,0.00,0.000,0.0056,0.2671
0.30,10.901,5.25,0.00,0.00,0.000,0.0068,0.2648
0.30,10.921,4.75,0.00,0.00,0.000,0.0079,0.2623
0.30,10.941,5.55,0.00,0.00,0.000,0.0080,0.2608
0.30,10.961,5.83,0.00,0.00,0.000,0.0077,0.2596
0.30,10.981,5.87,0.00,0.00,0.000,0.0075,0.2591
0.30,11.003,6.04,0.00,0.00,0.000,0.0077,0.2585
0.30,11.021,5.96,0.00,0.00,0.000,0.0078,0.2583
0.30,11.041,8.88,0.00,0.00,0.000,0.0073,0.2587
0.30,11.060,7.66,0.00,0.00,0.000,0.0059,0.2625
0.30,11.086,19.34,0.00,0.00,0.000,0.0044,0.2673
0.30,11.100,13.88,0.00,0.00,0.000,0.0045,0.2711
0.30,11.121,8.90,0.00,0.00,0.000,0.0060,0.2750
0.30,11.143,9.94,0.00,0.00,0.000,0.0052,0.2747
0.30,11.161,28.97,0.00,0.00,0.000,0.0033,0.2727
0.30,11.180,14.27,0.00,0.00,0.000,0.0030,0.2670
0.30,11.201,14.46,0.00,0.00,0.000,0.0039,0.2638
0.30,11.220,6.27,0.00,0.00,0.000,0.0042,0.2602
0.30,11.241,4.55,0.00,0.00,0.000,0.0043,0.2585
0.30,11.261,4.07,0.00,0.00,0.000,0.0044,0.2571
0.30,11.280,4.26,0.00,0.00,0.000,0.0051,0.2569
0.30,11.302,4.14,0.00,0.00,0.000,0.0058,0.2570
0.30,11.321,5.16,0.00,0.00,0.000,0.0060,0.2577
0.30,11.340,7.36,0.00,0.00,0.000,0.0058,0.2593
0.30,11.361,11.08,0.00,0.00,0.000,0.0048,0.2634
0.30,11.381,9.55,0.00,0.00,0.000,0.0033,0.2681
0.30,11.400,6.69,0.00,0.00,0.000,0.0028,0.2732
0.30,11.420,5.52,0.00,0.00,0.000,0.0041,0.2746
0.30,11.441,10.01,0.00,0.00,0.000,0.0044,0.2742
0.30,11.461,20.36,0.00,0.00,0.000,0.0054,0.2715
0.30,11.481,7.53,0.00,0.00,0.000,0.0079,0.2670
0.30,11.503,4.26,0.00,0.00,0.000,0.0096,0.2640
0.30,11.521,4.11,0.00,0.00,0.000,0.0099,0.2634
0.30,11.541,5.29,0.00,0.00,0.000,0.0108,0.2609
0.30,11.561,5.71,0.00,0.00,0.000,0.0106,0.2599
0.30,11.581,5.55,0.00,0.00,0.000,0.0105,0.2593
0.30,11.601,5.77,0.00,0.00,0.000,0.0107,0.2587
0.30,11.621,5.82,0.00,0.00,0.000,0.0110,0.2588
0.30,11.641,8.34,0.00,0.00,0.000,0.0109,0.2592
0.30,11.661,16.40,0.00,0.00,0.000,0.0099,0.2617
0.30,11.681,13.47,0.00,0.00,0.000,0.0090,0.2652
0.30,11.701,18.52,0.00,0.00,0.000,0.0079,0.2731
0.30,11.721,9.71,0.00,0.00,0.000,0.0080,0.2753
0.30,11.741,12.17,0.00,0.00,0.000,0.0075,0.2748
0.30,11.768,19.71,0.00,0.00,0.000,0.0051,0.2712
0.30,11.781,8.07,0.00,0.00,0.000,0.0056,0.2683
0.30,11.801,9.16,0.00,0.00,0.000,0.0071,0.2634
0.30,11.821,3.26,0.00,0.00,0.000,0.0073,0.2600
0.30,11.841,3.85,0.00,0.00,0.000,0.0074,0.2586
0.30,11.861,3.62,0.00,0.00,0.000,0.0076,0.2575
0.30,11.880,3.93,0.00,0.00,0.000,0.0078,0.2568
0.30,11.900,4.19,0.00,0.00,0.000,0.0082,0.2568
0.30,11.920,5.45,0.00,0.00,0.000,0.0087,0.2575
0.30,11.941,6.70,0.00,0.00,0.000,0.0087,0.2589
0.30,11.961,6.74,0.00,0.00,0.000,0.0078,0.2629
0.30,11.980,19.70,0.00,0.00,0.000,0.0060,0.2667
0.40,3.001,15.74,0.00,0.00,0.000,0.0065,0.2714
0.40,3.021,7.50,0.00,0.00,0.000,0.0048,0.2765
0.40,3.041,22.31,0.00,0.00,0.000,0.0039,0.2751
0.40,3.064,28.15,0.00,0.00,0.000,0.0071,0.2714
0.40,3.081,14.52,0.00,0.00,0.000,0.0095,0.2678
0.40,3.101,6.90,0.00,0.00,0.000,0.0114,0.2641
0.40,3.121,6.66,0.00,0.00,0.000,0.0111,0.2610
0.40,3.141,7.19,0.00,0.00,0.000,0.0096,0.2592
0.40,3.161,7.06,0.00,0.00,0.000,0.0081,0.2577
0.40,3.181,7.53,0.00,0.00,0.000,0.0074,0.2569
0.40,3.201,7.70,0.00,0.00,0.000,0.0077,0.2566
0.40,3.221,9.06,0.00,0.00,0.000,0.0088,0.2566
0.40,3.241,11.42,0.00,0.00,0.000,0.0091,0.2573
0.40,3.261,11.52,0.00,0.00,0.000,0.0084,0.2621
0.40,3.283,16.39,0.00,0.00,0.000,0.0071,0.2675
0.40,3.302,28.56,0.00,0.00,0.000,0.0065,0.2709
0.40,3.322,10.37,0.00,0.00,0.000,0.0056,0.2772
0.40,3.341,22.20,0.00,0.00,0.000,0.0045,0.2759
0.40,3.361,33.56,0.00,0.00,0.000,0.0036,0.2722
0.40,3.384,13.71,0.00,0.00,0.000,0.0054,0.2682
0.40,3.401,15.63,0.00,0.00,0.000,0.0072,0.2630
0.40,3.421,7.61,0.00,0.00,0.000,0.0077,0.2596
0.40,3.441,5.78,0.00,0.00,0.000,0.0078,0.2569
0.40,3.463,5.07,0.00,0.00,0.000,0.0080,0.2561
0.40,3.481,6.17,0.00,0.00,0.000,0.0085,0.2553
0.40,3.501,6.85,0.00,0.00,0.000,0.0090,0.2556
0.40,3.522,7.99,0.00,0.00,0.000,0.0095,0.2567
0.40,3.541,11.33,0.00,0.00,0.000,0.0094,0.2582
0.40,3.561,10.10,0.00,0.00,0.000,0.0084,0.2625
0.40,3.581,29.54,0.00,0.00,0.000,0.0065,0.2679
0.40,3.601,14.00,0.00,0.00,0.000,0.0055,0.2726
0.40,3.621,6.98,0.00,0.00,0.000,0.0040,0.2765
0.40,3.641,22.68,0.00,0.00,0.000,0.0033,0.2750
0.40,3.661,36.61,0.00,0.00,0.000,0.0057,0.2726
0.40,3.681,14.76,0.00,0.00,0.000,0.0088,0.2677
0.40,3.701,8.52,0.00,0.00,0.000,0.0103,0.2642
0.40,3.722,6.33,0.00,0.00,0.000,0.0103,0.2617
0.40,3.741,7.35,0.00,0.00,0.000,0.0093,0.2595
0.40,3.761,7.34,0.00,0.00,0.000,0.0080,0.2579
0.40,3.782,7.67,0.00,0.00,0.000,0.0078,0.2568
0.40,3.803,7.86,0.00,0.00,0.000,0.0082,0.2563
0.40,3.821,9.16,0.00,0.00,0.000,0.0094,0.2563
0.40,3.841,10.39,0.00,0.00,0.000,0.0093,0.2583
0.40,3.868,16.03,0.00,0.00,0.000,0.0090,0.2598
0.40,3.881,31.27,0.00,0.00,0.000,0.0079,0.2652
0.40,3.901,20.62,0.00,0.00,0.000,0.0070,0.2716
0.40,3.921,9.74,0.00,0.00,0.000,0.0073,0.2768
0.40,3.943,18.63,0.00,0.00,0.000,0.0079,0.2765
0.40,3.961,46.98,0.00,0.00,0.000,0.0071,0.2735
0.40,3.981,18.35,0.00,0.00,0.000,0.0072,0.2681
0.40,4.001,10.33,0.00,0.00,0.000,0.0081,0.2635
0.40,4.022,4.33,0.00,0.00,0.000,0.0081,0.2594
0.40,4.041,5.09,0.00,0.00,0.000,0.0080,0.2575
0.40,4.063,6.24,0.00,0.00,0.000,0.0078,0.2557
0.40,4.081,7.22,0.00,0.00,0.000,0.0077,0.2553
0.40,4.102,7.63,0.00,0.00,0.000,0.0078,0.2554
0.40,4.122,9.43,0.00,0.00,0.000,0.0080,0.2560
0.40,4.141,11.08,0.00,0.00,0.000,0.0076,0.2582
0.40,4.161,10.70,0.00,0.00,0.000,0.0063,0.2622
0.40,4.181,18.16,0.00,0.00,0.000,0.0050,0.2653
0.40,4.201,14.42,0.00,0.00,0.000,0.0055,0.2726
0.40,4.221,9.85,0.00,0.00,0.000,0.0065,0.2763
0.40,4.241,21.37,0.00,0.00,0.000,0.0069,0.2756
0.40,4.261,35.19,0.00,0.00,0.000,0.0081,0.2726
0.40,4.281,17.14,0.00,0.00,0.000,0.0116,0.2682
0.40,4.301,8.44,0.00,0.00,0.000,0.0143,0.2640
0.40,4.321,7.22,0.00,0.00,0.000,0.0147,0.2611
0.40,4.345,5.77,0.00,0.00,0.000,0.0143,0.2599
0.40,4.361,7.67,0.00,0.00,0.000,0.0132,0.2580
0.40,4.381,7.90,0.00,0.00,0.000,0.0128,0.2567
0.40,4.401,7.50,0.00,0.00,0.000,0.0128,0.2561
0.40,4.421,8.47,0.00,0.00,0.000,0.0135,0.2560
0.40,4.441,14.31,0.00,0.00,0.000,0.0136,0.2567
0.40,4.461,13.00,0.00,0.00,0.000,0.0131,0.2613
0.40,4.481,18.99,0.00,0.00,0.000,0.0124,0.2656
0.40,4.502,37.27,0.00,0.00,0.000,0.0121,0.2683
0.40,4.521,14.05,0.00,0.00,0.000,0.0115,0.2755
0.40,4.541,16.71,0.00,0.00,0.000,0.0104,0.2755
0.40,4.561,43.62,0.00,0.00,0.000,0.0095,0.2737
0.40,4.582,16.74,0.00,0.00,0.000,0.0105,0.2681
0.40,4.601,9.02,0.00,0.00,0.000,0.0116,0.2622
0.40,4.621,5.50,0.00,0.00,0.000,0.0113,0.2586
0.40,4.641,5.38,0.00,0.00,0.000,0.0109,0.2565
0.40,4.661,5.94,0.00,0.00,0.000,0.0105,0.2550
0.40,4.681,7.07,0.00,0.00,0.000,0.0103,0.2545
0.40,4.703,7.98,0.00,0.00,0.000,0.0104,0.2548
0.40,4.722,11.10,0.00,0.00,0.000,0.0105,0.2560
0.40,4.741,11.27,0.00,0.00,0.000,0.0102,0.2579
0.40,4.761,20.05,0.00,0.00,0.000,0.0093,0.2610
0.40,4.781,25.33,0.00,0.00,0.000,0.0076,0.2661
0.40,4.801,19.82,0.00,0.00,0.000,0.0060,0.2732
0.40,4.822,8.54,0.00,0.00,0.000,0.0044,0.2764
0.40,4.841,19.65,0.00,0.00,0.000,0.0045,0.2750
0.40,4.861,28.53,0.00,0.00,0.000,0.0079,0.2716
0.40,4.882,13.32,0.00,0.00,0.000,0.0106,0.2680
0.40,4.901,12.10,0.00,0.00,0.000,0.0125,0.2654
0.40,4.923,9.00,0.00,0.00,0.000,0.0128,0.2610
0.40,4.941,8.87,0.00,0.00,0.000,0.0120,0.2597
0.40,4.961,7.20,0.00,0.00,0.000,0.0111,0.2585
0.40,4.985,7.45,0.00,0.00,0.000,0.0099,0.2571
0.40,5.001,7.58,0.00,0.00,0.000,0.0099,0.2567
0.40,5.021,9.05,0.00,0.00,0.000,0.0111,0.2567
0.40,5.041,10.51,0.00,0.00,0.000,0.0121,0.2585
0.40,5.061,16.31,0.00,0.00,0.000,0.0121,0.2622
0.40,5.083,23.24,0.00,0.00,0.000,0.0118,0.2662
0.40,5.101,11.79,0.00,0.00,0.000,0.0117,0.2727
0.40,5.121,19.29,0.00,0.00,0.000,0.0115,0.2771
0.40,5.141,22.82,0.00,0.00,0.000,0.0102,0.2768
0.40,5.164,29.11,0.00,0.00,0.000,0.0078,0.2748
0.40,5.181,33.38,0.00,0.00,0.000,0.0087,0.2687
0.40,5.201,13.39,0.00,0.00,0.000,0.0103,0.2649
0.40,5.221,8.60,0.00,0.00,0.000,0.0102,0.2604
0.40,5.242,6.26,0.00,0.00,0.000,0.0099,0.2583
0.40,5.261,6.53,0.00,0.00,0.000,0.0095,0.2566
0.40,5.281,6.64,0.00,0.00,0.000,0.0092,0.2560
0.40,5.301,6.86,0.00,0.00,0.000,0.0091,0.2561
0.40,5.330,7.77,0.00,0.00,0.000,0.0091,0.2564
0.40,5.341,8.24,0.00,0.00,0.000,0.0090,0.2580
0.40,5.361,13.46,0.00,0.00,0.000,0.0080,0.2626
0.40,5.381,21.37,0.00,0.00,0.000,0.0065,0.2680
0.40,5.407,15.19,0.00,0.00,0.000,0.0060,0.2727
0.40,5.421,12.53,0.00,0.00,0.000,0.0049,0.2769
0.40,5.441,22.47,0.00,0.00,0.000,0.0052,0.2758
0.40,5.464,38.39,0.00,0.00,0.000,0.0077,0.2734
0.40,5.484,14.86,0.00,0.00,0.000,0.0099,0.2682
0.40,5.501,8.62,0.00,0.00,0.000,0.0121,0.2646
0.40,5.521,7.38,0.00,0.00,0.000,0.0132,0.2615
0.40,5.541,6.89,0.00,0.00,0.000,0.0126,0.2594
0.40,5.562,6.73,0.00,0.00,0.000,0.0118,0.2583
0.40,5.581,7.22,0.00,0.00,0.000,0.0111,0.2572
0.40,5.601,7.20,0.00,0.00,0.000,0.0112,0.2568
0.40,5.621,8.48,0.00,0.00,0.000,0.0123,0.2567
0.40,5.641,10.21,0.00,0.00,0.000,0.0130,0.2571
0.40,5.662,22.97,0.00,0.00,0.000,0.0128,0.2628
0.40,5.681,18.16,0.00,0.00,0.000,0.0122,0.2673
0.40,5.701,16.53,0.00,0.00,0.000,0.0117,0.2735
0.40,5.723,18.13,0.00,0.00,0.000,0.0112,0.2768
0.40,5.741,23.20,0.00,0.00,0.000,0.0085,0.2759
0.40,5.761,37.02,0.00,0.00,0.000,0.0068,0.2722
0.40,5.781,15.06,0.00,0.00,0.000,0.0086,0.2682
0.40,5.802,8.08,0.00,0.00,0.000,0.0103,0.2636
0.40,5.822,4.79,0.00,0.00,0.000,0.0107,0.2596
0.40,5.841,5.29,0.00,0.00,0.000,0.0107,0.2570
0.40,5.861,6.12,0.00,0.00,0.000,0.0110,0.2554
0.40,5.881,6.69,0.00,0.00,0.000,0.0115,0.2551
0.40,5.903,7.83,0.00,0.00,0.000,0.0122,0.2552
0.40,5.921,10.05,0.00,0.00,0.000,0.0128,0.2569
0.40,5.941,12.86,0.00,0.00,0.000,0.0129,0.2584
0.40,5.961,18.60,0.00,0.00,0.000,0.0127,0.2611
0.40,5.981,16.53,0.00,0.00,0.000,0.0105,0.2684
0.40,6.002,16.19,0.00,0.00,0.000,0.0092,0.2731
0.40,6.022,9.43,0.00,0.00,0.000,0.0076,0.2765
0.40,6.041,23.88,0.00,0.00,0.000,0.0049,0.2757
0.40,6.061,24.74,0.00,0.00,0.000,0.0062,0.2729
0.40,6.083,16.27,0.00,0.00,0.000,0.0104,0.2689
0.40,6.101,7.77,0.00,0.00,0.000,0.0124,0.2656
0.40,6.121,7.40,0.00,0.00,0.000,0.0124,0.2618
0.40,6.141,6.86,0.00,0.00,0.000,0.0115,0.2600
0.40,6.166,7.90,0.00,0.00,0.000,0.0102,0.2581
0.40,6.181,7.01,0.00,0.00,0.000,0.0097,0.2573
0.40,6.201,7.21,0.00,0.00,0.000,0.0096,0.2568
0.40,6.221,8.72,0.00,0.00,0.000,0.0105,0.2569
0.40,6.243,14.03,0.00,0.00,0.000,0.0114,0.2581
0.40,6.261,14.95,0.00,0.00,0.000,0.0115,0.2622
0.40,6.281,16.66,0.00,0.00,0.000,0.0110,0.2666
0.40,6.301,20.03,0.00,0.00,0.000,0.0107,0.2723
0.40,6.321,11.23,0.00,0.00,0.000,0.0107,0.2770
0.40,6.341,19.40,0.00,0.00,0.000,0.0110,0.2764
0.40,6.361,45.45,0.00,0.00,0.000,0.0110,0.2746
0.40,6.381,25.35,0.00,0.00,0.000,0.0112,0.2680
0.40,6.406,11.19,0.00,0.00,0.000,0.0111,0.2649
0.40,6.421,9.40,0.00,0.00,0.000,0.0102,0.2597
0.40,6.441,5.79,0.00,0.00,0.000,0.0098,0.2580
0.40,6.461,5.98,0.00,0.00,0.000,0.0096,0.2558
0.40,6.481,6.36,0.00,0.00,0.000,0.0091,0.2553
0.40,6.501,7.22,0.00,0.00,0.000,0.0086,0.2554
0.40,6.521,8.71,0.00,0.00,0.000,0.0081,0.2564
0.40,6.541,8.22,0.00,0.00,0.000,0.0075,0.2590
0.40,6.565,17.14,0.00,0.00,0.000,0.0065,0.2614
0.40,6.581,22.11,0.00,0.00,0.000,0.0055,0.2669
0.40,6.602,9.76,0.00,0.00,0.000,0.0063,0.2730
0.40,6.621,9.20,0.00,0.00,0.000,0.0083,0.2767
0.40,6.641,20.74,0.00,0.00,0.000,0.0084,0.2759
0.40,6.664,33.62,0.00,0.00,0.000,0.0092,0.2728
0.40,6.681,17.58,0.00,0.00,0.000,0.0109,0.2675
0.40,6.701,13.33,0.00,0.00,0.000,0.0130,0.2642
0.40,6.721,8.18,0.00,0.00,0.000,0.0139,0.2608
0.40,6.745,7.24,0.00,0.00,0.000,0.0132,0.2594
0.40,6.761,6.31,0.00,0.00,0.000,0.0115,0.2576
0.40,6.781,7.45,0.00,0.00,0.000,0.0105,0.2567
0.40,6.801,8.00,0.00,0.00,0.000,0.0107,0.2561
0.40,6.824,8.94,0.00,0.00,0.000,0.0113,0.2561
0.40,6.841,13.51,0.00,0.00,0.000,0.0112,0.2571
0.40,6.861,19.88,0.00,0.00,0.000,0.0102,0.2606
0.40,6.881,12.55,0.00,0.00,0.000,0.0090,0.2667
0.40,6.906,15.27,0.00,0.00,0.000,0.0082,0.2725
0.40,6.921,14.65,0.00,0.00,0.000,0.0078,0.2768
0.40,6.943,24.48,0.00,0.00,0.000,0.0068,0.2765
0.40,6.961,28.89,0.00,0.00,0.000,0.0055,0.2726
0.40,6.983,17.08,0.00,0.00,0.000,0.0080,0.2677
0.40,7.001,10.25,0.00,0.00,0.000,0.0089,0.2654
0.40,7.023,4.88,0.00,0.00,0.000,0.0096,0.2601
0.40,7.041,5.49,0.00,0.00,0.000,0.0093,0.2575
0.40,7.060,6.30,0.00,0.00,0.000,0.0094,0.2559
0.40,7.085,6.64,0.00,0.00,0.000,0.0097,0.2554
0.40,7.101,7.33,0.00,0.00,0.000,0.0101,0.2555
0.40,7.121,8.65,0.00,0.00,0.000,0.0104,0.2566
0.40,7.144,8.50,0.00,0.00,0.000,0.0101,0.2591
0.40,7.163,17.98,0.00,0.00,0.000,0.0096,0.2616
0.40,7.181,28.55,0.00,0.00,0.000,0.0078,0.2688
0.40,7.201,9.30,0.00,0.00,0.000,0.0065,0.2737
0.40,7.221,14.25,0.00,0.00,0.000,0.0057,0.2770
0.40,7.243,23.12,0.00,0.00,0.000,0.0046,0.2765
0.40,7.261,23.04,0.00,0.00,0.000,0.0073,0.2721
0.40,7.281,10.77,0.00,0.00,0.000,0.0105,0.2674
0.40,7.301,7.37,0.00,0.00,0.000,0.0122,0.2639
0.40,7.321,6.54,0.00,0.00,0.000,0.0119,0.2610
0.40,7.341,6.45,0.00,0.00,0.000,0.0110,0.2596
0.40,7.361,6.48,0.00,0.00,0.000,0.0097,0.2582
0.40,7.385,6.56,0.00,0.00,0.000,0.0092,0.2574
0.40,7.401,7.68,0.00,0.00,0.000,0.0096,0.2568
0.40,7.421,8.92,0.00,0.00,0.000,0.0104,0.2568
0.40,7.441,13.44,0.00,0.00,0.000,0.0107,0.2578
0.40,7.464,14.50,0.00,0.00,0.000,0.0103,0.2604
0.40,7.481,19.94,0.00,0.00,0.000,0.0090,0.2666
0.40,7.501,13.08,0.00,0.00,0.000,0.0083,0.2731
0.40,7.521,10.23,0.00,0.00,0.000,0.0073,0.2769
0.40,7.542,22.46,0.00,0.00,0.000,0.0060,0.2763
0.40,7.561,42.02,0.00,0.00,0.000,0.0029,0.2732
0.40,7.581,12.01,0.00,0.00,0.000,0.0049,0.2691
0.40,7.601,9.55,0.00,0.00,0.000,0.0083,0.2635
0.40,7.621,4.84,0.00,0.00,0.000,0.0090,0.2595
0.40,7.641,5.10,0.00,0.00,0.000,0.0091,0.2576
0.40,7.661,6.00,0.00,0.00,0.000,0.0095,0.2558
0.40,7.682,5.87,0.00,0.00,0.000,0.0100,0.2553
0.40,7.701,6.89,0.00,0.00,0.000,0.0108,0.2555
0.40,7.721,7.51,0.00,0.00,0.000,0.0113,0.2560
0.40,7.741,9.15,0.00,0.00,0.000,0.0114,0.2589
0.40,7.761,14.97,0.00,0.00,0.000,0.0105,0.2625
0.40,7.781,17.05,0.00,0.00,0.000,0.0091,0.2678
0.40,7.801,10.37,0.00,0.00,0.000,0.0075,0.2736
0.40,7.822,15.22,0.00,0.00,0.000,0.0063,0.2762
0.40,7.843,19.91,0.00,0.00,0.000,0.0044,0.2758
0.40,7.861,16.51,0.00,0.00,0.000,0.0063,0.2722
0.40,7.881,16.62,0.00,0.00,0.000,0.0100,0.2682
0.40,7.901,6.73,0.00,0.00,0.000,0.0115,0.2650
0.40,7.929,7.24,0.00,0.00,0.000,0.0116,0.2621
0.40,7.941,6.23,0.00,0.00,0.000,0.0110,0.2602
0.40,7.961,6.94,0.00,0.00,0.000,0.0098,0.2586
0.40,7.981,6.62,0.00,0.00,0.000,0.0089,0.2575
0.40,8.004,7.39,0.00,0.00,0.000,0.0090,0.2568
0.40,8.021,9.08,0.00,0.00,0.000,0.0099,0.2569
0.40,8.041,10.25,0.00,0.00,0.000,0.0104,0.2586
0.40,8.061,16.10,0.00,0.00,0.000,0.0099,0.2622
0.40,8.084,19.51,0.00,0.00,0.000,0.0094,0.2647
0.40,8.101,23.35,0.00,0.00,0.000,0.0085,0.2730
0.40,8.121,16.74,0.00,0.00,0.000,0.0082,0.2772
0.40,8.141,29.77,0.00,0.00,0.000,0.0067,0.2767
0.40,8.161,45.81,0.00,0.00,0.000,0.0056,0.2738
0.40,8.181,15.09,0.00,0.00,0.000,0.0092,0.2684
0.40,8.201,8.15,0.00,0.00,0.000,0.0114,0.2636
0.40,8.222,5.77,0.00,0.00,0.000,0.0116,0.2597
0.40,8.242,5.49,0.00,0.00,0.000,0.0113,0.2569
0.40,8.261,6.40,0.00,0.00,0.000,0.0112,0.2559
0.40,8.281,6.67,0.00,0.00,0.000,0.0113,0.2552
0.40,8.301,7.24,0.00,0.00,0.000,0.0116,0.2553
0.40,8.325,8.20,0.00,0.00,0.000,0.0118,0.2558
0.40,8.341,11.33,0.00,0.00,0.000,0.0117,0.2587
0.40,8.361,17.85,0.00,0.00,0.000,0.0110,0.2614
0.40,8.383,33.15,0.00,0.00,0.000,0.0097,0.2657
0.40,8.402,12.83,0.00,0.00,0.000,0.0073,0.2744
0.40,8.422,10.18,0.00,0.00,0.000,0.0050,0.2766
0.40,8.441,21.52,0.00,0.00,0.000,0.0039,0.2750
0.40,8.461,31.47,0.00,0.00,0.000,0.0058,0.2725
0.40,8.481,11.18,0.00,0.00,0.000,0.0088,0.2678
0.40,8.501,8.01,0.00,0.00,0.000,0.0099,0.2652
0.40,8.521,6.86,0.00,0.00,0.000,0.0099,0.2619
0.40,8.541,7.49,0.00,0.00,0.000,0.0091,0.2599
0.40,8.565,7.28,0.00,0.00,0.000,0.0086,0.2583
0.40,8.581,6.85,0.00,0.00,0.000,0.0087,0.2575
0.40,8.601,7.32,0.00,0.00,0.000,0.0093,0.2570
0.40,8.624,8.68,0.00,0.00,0.000,0.0105,0.2569
0.40,8.642,13.10,0.00,0.00,0.000,0.0113,0.2582
0.40,8.661,9.80,0.00,0.00,0.000,0.0114,0.2589
0.40,8.682,18.32,0.00,0.00,0.000,0.0109,0.2656
0.40,8.701,19.13,0.00,0.00,0.000,0.0106,0.2720
0.40,8.721,8.41,0.00,0.00,0.000,0.0102,0.2769
0.40,8.744,22.96,0.00,0.00,0.000,0.0089,0.2757
0.40,8.761,45.37,0.00,0.00,0.000,0.0072,0.2734
0.40,8.783,36.54,0.00,0.00,0.000,0.0081,0.2683
0.40,8.801,14.85,0.00,0.00,0.000,0.0099,0.2633
0.40,8.821,6.11,0.00,0.00,0.000,0.0101,0.2591
0.40,8.841,5.34,0.00,0.00,0.000,0.0099,0.2567
0.40,8.864,5.99,0.00,0.00,0.000,0.0097,0.2553
0.40,8.881,6.33,0.00,0.00,0.000,0.0096,0.2550
0.40,8.901,7.38,0.00,0.00,0.000,0.0096,0.2551
0.40,8.924,9.12,0.00,0.00,0.000,0.0098,0.2562
0.40,8.944,9.83,0.00,0.00,0.000,0.0097,0.2575
0.40,8.961,19.62,0.00,0.00,0.000,0.0088,0.2609
0.40,8.984,26.44,0.00,0.00,0.000,0.0074,0.2654
0.40,9.001,12.98,0.00,0.00,0.000,0.0059,0.2720
0.40,9.022,12.64,0.00,0.00,0.000,0.0052,0.2758
0.40,9.041,21.39,0.00,0.00,0.000,0.0042,0.2747
0.40,9.062,49.33,0.00,0.00,0.000,0.0063,0.2714
0.40,9.081,10.10,0.00,0.00,0.000,0.0097,0.2663
0.40,9.101,12.58,0.00,0.00,0.000,0.0117,0.2640
0.40,9.121,5.77,0.00,0.00,0.000,0.0127,0.2608
0.40,9.141,6.75,0.00,0.00,0.000,0.0117,0.2588
0.40,9.161,7.69,0.00,0.00,0.000,0.0104,0.2573
0.40,9.183,7.78,0.00,0.00,0.000,0.0095,0.2563
0.40,9.208,8.59,0.00,0.00,0.000,0.0098,0.2558
0.40,9.221,9.29,0.00,0.00,0.000,0.0106,0.2558
0.40,9.241,11.77,0.00,0.00,0.000,0.0114,0.2574
0.40,9.261,26.83,0.00,0.00,0.000,0.0109,0.2612
0.40,9.286,23.82,0.00,0.00,0.000,0.0103,0.2652
0.40,9.301,19.15,0.00,0.00,0.000,0.0098,0.2698
0.40,9.321,22.40,0.00,0.00,0.000,0.0094,0.2756
0.40,9.341,18.29,0.00,0.00,0.000,0.0082,0.2755
0.40,9.365,42.10,0.00,0.00,0.000,0.0077,0.2734
0.40,9.381,49.93,0.00,0.00,0.000,0.0101,0.2662
0.40,9.401,21.04,0.00,0.00,0.000,0.0114,0.2630
0.40,9.423,6.58,0.00,0.00,0.000,0.0111,0.2586
0.40,9.445,5.85,0.00,0.00,0.000,0.0106,0.2569
0.40,9.461,5.78,0.00,0.00,0.000,0.0102,0.2556
0.40,9.481,6.48,0.00,0.00,0.000,0.0096,0.2550
0.40,9.501,6.91,0.00,0.00,0.000,0.0094,0.2550
0.40,9.521,9.00,0.00,0.00,0.000,0.0093,0.2557
0.40,9.543,8.30,0.00,0.00,0.000,0.0090,0.2572
0.40,9.562,19.61,0.00,0.00,0.000,0.0081,0.2604
0.40,9.581,19.54,0.00,0.00,0.000,0.0061,0.2670
0.40,9.601,10.49,0.00,0.00,0.000,0.0051,0.2732
0.40,9.624,8.94,0.00,0.00,0.000,0.0044,0.2758
0.40,9.641,21.80,0.00,0.00,0.000,0.0054,0.2739
0.40,9.661,34.87,0.00,0.00,0.000,0.0074,0.2721
0.40,9.682,16.91,0.00,0.00,0.000,0.0098,0.2672
0.40,9.702,10.42,0.00,0.00,0.000,0.0112,0.2646
0.40,9.721,6.69,0.00,0.00,0.000,0.0120,0.2612
0.40,9.740,7.46,0.00,0.00,0.000,0.0113,0.2590
0.40,9.762,6.99,0.00,0.00,0.000,0.0105,0.2577
0.40,9.781,7.84,0.00,0.00,0.000,0.0098,0.2565
0.40,9.801,8.71,0.00,0.00,0.000,0.0102,0.2558
0.40,9.820,9.57,0.00,0.00,0.000,0.0113,0.2559
0.40,9.841,13.34,0.00,0.00,0.000,0.0115,0.2574
0.40,9.861,22.27,0.00,0.00,0.000,0.0110,0.2599
0.40,9.881,24.23,0.00,0.00,0.000,0.0103,0.2652
0.40,9.901,21.99,0.00,0.00,0.000,0.0100,0.2702
0.40,9.921,9.56,0.00,0.00,0.000,0.0096,0.2768
0.40,9.941,26.32,0.00,0.00,0.000,0.0081,0.2760
0.40,9.964,33.36,0.00,0.00,0.000,0.0074,0.2747
0.40,9.981,30.84,0.00,0.00,0.000,0.0096,0.2685
0.40,10.001,16.55,0.00,0.00,0.000,0.0121,0.2639
0.40,10.021,7.97,0.00,0.00,0.000,0.0121,0.2596
0.40,10.041,7.17,0.00,0.00,0.000,0.0115,0.2570
0.40,10.061,7.66,0.00,0.00,0.000,0.0111,0.2559
0.40,10.081,7.21,0.00,0.00,0.000,0.0109,0.2549
0.40,10.101,7.96,0.00,0.00,0.000,0.0108,0.2549
0.40,10.121,8.51,0.00,0.00,0.000,0.0105,0.2565
0.40,10.141,12.60,0.00,0.00,0.000,0.0101,0.2582
0.40,10.162,11.23,0.00,0.00,0.000,0.0096,0.2606
0.40,10.182,18.39,0.00,0.00,0.000,0.0081,0.2677
0.40,10.201,22.79,0.00,0.00,0.000,0.0072,0.2727
0.40,10.221,16.89,0.00,0.00,0.000,0.0063,0.2764
0.40,10.241,18.62,0.00,0.00,0.000,0.0050,0.2761
0.40,10.261,25.86,0.00,0.00,0.000,0.0061,0.2743
0.40,10.281,20.42,0.00,0.00,0.000,0.0101,0.2695
0.40,10.301,10.19,0.00,0.00,0.000,0.0128,0.2655
0.40,10.321,6.07,0.00,0.00,0.000,0.0128,0.2620
0.40,10.342,7.11,0.00,0.00,0.000,0.0114,0.2597
0.40,10.361,7.07,0.00,0.00,0.000,0.0103,0.2583
0.40,10.381,6.91,0.00,0.00,0.000,0.0091,0.2570
0.40,10.401,7.51,0.00,0.00,0.000,0.0087,0.2564
0.40,10.423,8.69,0.00,0.00,0.000,0.0093,0.2563
0.40,10.442,18.49,0.00,0.00,0.000,0.0102,0.2582
0.40,10.462,21.11,0.00,0.00,0.000,0.0099,0.2605
0.40,10.482,15.76,0.00,0.00,0.000,0.0087,0.2663
0.40,10.501,25.54,0.00,0.00,0.000,0.0077,0.2719
0.40,10.521,12.78,0.00,0.00,0.000,0.0074,0.2767
0.40,10.541,21.78,0.00,0.00,0.000,0.0065,0.2757
0.40,10.561,31.63,0.00,0.00,0.000,0.0049,0.2720
0.40,10.581,12.63,0.00,0.00,0.000,0.0063,0.2669
0.40,10.615,4.80,0.00,0.00,0.000,0.0075,0.2605
0.40,10.621,6.52,0.00,0.00,0.000,0.0075,0.2596
0.40,10.641,4.97,0.00,0.00,0.000,0.0074,0.2571
0.40,10.661,5.73,0.00,0.00,0.000,0.0074,0.2555
0.40,10.681,5.80,0.00,0.00,0.000,0.0076,0.2550
0.40,10.707,6.54,0.00,0.00,0.000,0.0080,0.2550
0.40,10.721,8.16,0.00,0.00,0.000,0.0081,0.2562
0.40,10.741,10.40,0.00,0.00,0.000,0.0077,0.2579
0.40,10.762,11.80,0.00,0.00,0.000,0.0065,0.2620
0.40,10.782,21.33,0.00,0.00,0.000,0.0052,0.2661
0.40,10.801,15.76,0.00,0.00,0.000,0.0050,0.2725
0.40,10.821,7.25,0.00,0.00,0.000,0.0059,0.2765
0.40,10.841,29.78,0.00,0.00,0.000,0.0069,0.2748
0.40,10.867,32.85,0.00,0.00,0.000,0.0092,0.2719
0.40,10.881,15.14,0.00,0.00,0.000,0.0108,0.2681
0.40,10.901,10.07,0.00,0.00,0.000,0.0128,0.2643
0.40,10.921,7.04,0.00,0.00,0.000,0.0136,0.2610
0.40,10.943,6.57,0.00,0.00,0.000,0.0136,0.2599
0.40,10.961,7.69,0.00,0.00,0.000,0.0127,0.2577
0.40,10.981,7.36,0.00,0.00,0.000,0.0123,0.2567
0.40,11.001,8.14,0.00,0.00,0.000,0.0124,0.2561
0.40,11.024,9.22,0.00,0.00,0.000,0.0133,0.2559
0.40,11.041,11.47,0.00,0.00,0.000,0.0143,0.2576
0.40,11.061,22.23,0.00,0.00,0.000,0.0141,0.2600
0.40,11.081,24.00,0.00,0.00,0.000,0.0136,0.2653
0.40,11.104,12.77,0.00,0.00,0.000,0.0136,0.2704
0.40,11.124,9.42,0.00,0.00,0.000,0.0135,0.2767
0.40,11.141,23.43,0.00,0.00,0.000,0.0124,0.2766
0.40,11.161,32.30,0.00,0.00,0.000,0.0112,0.2727
0.40,11.181,15.40,0.00,0.00,0.000,0.0121,0.2688
0.40,11.201,10.68,0.00,0.00,0.000,0.0132,0.2644
0.40,11.221,6.41,0.00,0.00,0.000,0.0130,0.2600
0.40,11.241,6.07,0.00,0.00,0.000,0.0122,0.2574
0.40,11.261,6.59,0.00,0.00,0.000,0.0117,0.2560
0.40,11.281,6.87,0.00,0.00,0.000,0.0114,0.2552
0.40,11.301,7.78,0.00,0.00,0.000,0.0114,0.2553
0.40,11.322,9.48,0.00,0.00,0.000,0.0114,0.2564
0.40,11.341,10.44,0.00,0.00,0.000,0.0111,0.2579
0.40,11.361,20.59,0.00,0.00,0.000,0.0101,0.2613
0.40,11.381,12.16,0.00,0.00,0.000,0.0083,0.2679
0.40,11.401,13.23,0.00,0.00,0.000,0.0076,0.2727
0.40,11.421,14.59,0.00,0.00,0.000,0.0061,0.2768
0.40,11.441,19.21,0.00,0.00,0.000,0.0048,0.2765
0.40,11.462,33.46,0.00,0.00,0.000,0.0073,0.2735
0.40,11.481,16.33,0.00,0.00,0.000,0.0113,0.2689
0.40,11.509,8.34,0.00,0.00,0.000,0.0133,0.2649
0.40,11.521,6.90,0.00,0.00,0.000,0.0133,0.2624
0.40,11.541,6.53,0.00,0.00,0.000,0.0122,0.2602
0.40,11.562,6.13,0.00,0.00,0.000,0.0112,0.2587
0.40,11.585,7.05,0.00,0.00,0.000,0.0099,0.2573
0.40,11.601,7.13,0.00,0.00,0.000,0.0097,0.2569
0.40,11.622,7.78,0.00,0.00,0.000,0.0100,0.2567
0.40,11.641,9.21,0.00,0.00,0.000,0.0102,0.2584
0.40,11.661,11.42,0.00,0.00,0.000,0.0093,0.2622
0.40,11.687,15.98,0.00,0.00,0.000,0.0077,0.2672
0.40,11.702,14.73,0.00,0.00,0.000,0.0068,0.2725
0.40,11.721,12.84,0.00,0.00,0.000,0.0059,0.2765
0.40,11.741,17.39,0.00,0.00,0.000,0.0054,0.2761
0.40,11.761,40.65,0.00,0.00,0.000,0.0039,0.2735
0.40,11.781,26.24,0.00,0.00,0.000,0.0055,0.2672
0.40,11.801,13.67,0.00,0.00,0.000,0.0073,0.2632
0.40,11.821,5.46,0.00,0.00,0.000,0.0077,0.2591
0.40,11.841,5.05,0.00,0.00,0.000,0.0079,0.2569
0.40,11.861,5.50,0.00,0.00,0.000,0.0083,0.2557
0.40,11.881,6.36,0.00,0.00,0.000,0.0092,0.2551
0.40,11.901,7.33,0.00,0.00,0.000,0.0103,0.2551
0.40,11.923,9.66,0.00,0.00,0.000,0.0110,0.2560
0.40,11.941,12.03,0.00,0.00,0.000,0.0111,0.2583
0.40,11.961,19.16,0.00,0.00,0.000,0.0104,0.2614
0.40,11.981,15.79,0.00,0.00,0.000,0.0084,0.2678
0.50,3.004,24.41,0.00,0.00,0.000,0.0061,0.2713
0.50,3.020,13.80,0.00,0.00,0.000,0.0073,0.2785
0.50,3.040,22.44,0.00,0.00,0.000,0.0072,0.2781
0.50,3.061,33.59,0.00,0.00,0.000,0.0100,0.2739
0.50,3.080,27.49,0.00,0.00,0.000,0.0130,0.2699
0.50,3.107,12.75,0.00,0.00,0.000,0.0157,0.2635
0.50,3.121,7.91,0.00,0.00,0.000,0.0156,0.2616
0.50,3.141,7.73,0.00,0.00,0.000,0.0143,0.2582
0.50,3.161,8.69,0.00,0.00,0.000,0.0128,0.2558
0.50,3.181,9.48,0.00,0.00,0.000,0.0117,0.2544
0.50,3.201,9.91,0.00,0.00,0.000,0.0118,0.2537
0.50,3.221,12.07,0.00,0.00,0.000,0.0128,0.2542
0.50,3.241,20.50,0.00,0.00,0.000,0.0136,0.2555
0.50,3.260,27.96,0.00,0.00,0.000,0.0139,0.2595
0.50,3.281,32.65,0.00,0.00,0.000,0.0141,0.2654
0.50,3.302,26.83,0.00,0.00,0.000,0.0151,0.2722
0.50,3.321,22.21,0.00,0.00,0.000,0.0160,0.2775
0.50,3.341,29.32,0.00,0.00,0.000,0.0150,0.2774
0.50,3.361,37.68,0.00,0.00,0.000,0.0107,0.2728
0.50,3.381,22.61,0.00,0.00,0.000,0.0098,0.2684
0.50,3.403,13.78,0.00,0.00,0.000,0.0099,0.2634
0.50,3.421,14.46,0.00,0.00,0.000,0.0099,0.2607
0.50,3.441,7.60,0.00,0.00,0.000,0.0097,0.2571
0.50,3.461,8.23,0.00,0.00,0.000,0.0092,0.2547
0.50,3.482,9.28,0.00,0.00,0.000,0.0087,0.2536
0.50,3.501,11.84,0.00,0.00,0.000,0.0087,0.2538
0.50,3.521,12.29,0.00,0.00,0.000,0.0086,0.2551
0.50,3.541,14.44,0.00,0.00,0.000,0.0079,0.2574
0.50,3.562,24.61,0.00,0.00,0.000,0.0070,0.2601
0.50,3.580,32.22,0.00,0.00,0.000,0.0068,0.2662
0.50,3.601,23.30,0.00,0.00,0.000,0.0085,0.2730
0.50,3.622,12.04,0.00,0.00,0.000,0.0083,0.2785
0.50,3.642,31.19,0.00,0.00,0.000,0.0087,0.2773
0.50,3.661,56.05,0.00,0.00,0.000,0.0116,0.2748
0.50,3.681,26.76,0.00,0.00,0.000,0.0145,0.2701
0.50,3.701,18.17,0.00,0.00,0.000,0.0164,0.2643
0.50,3.720,12.84,0.00,0.00,0.000,0.0163,0.2605
0.50,3.741,9.12,0.00,0.00,0.000,0.0151,0.2575
0.50,3.761,8.74,0.00,0.00,0.000,0.0141,0.2556
0.50,3.781,9.10,0.00,0.00,0.000,0.0131,0.2543
0.50,3.801,10.97,0.00,0.00,0.000,0.0126,0.2535
0.50,3.821,13.37,0.00,0.00,0.000,0.0133,0.2535
0.50,3.841,24.83,0.00,0.00,0.000,0.0141,0.2560
0.50,3.860,28.54,0.00,0.00,0.000,0.0143,0.2589
0.50,3.880,32.34,0.00,0.00,0.000,0.0143,0.2649
0.50,3.900,19.27,0.00,0.00,0.000,0.0151,0.2722
0.50,3.921,15.76,0.00,0.00,0.000,0.0153,0.2777
0.50,3.940,30.42,0.00,0.00,0.000,0.0120,0.2769
0.50,3.965,47.43,0.00,0.00,0.000,0.0095,0.2730
0.50,3.981,33.13,0.00,0.00,0.000,0.0108,0.2679
0.50,4.000,19.26,0.00,0.00,0.000,0.0120,0.2643
0.50,4.021,12.75,0.00,0.00,0.000,0.0121,0.2594
0.50,4.040,8.07,0.00,0.00,0.000,0.0116,0.2563
0.50,4.060,8.60,0.00,0.00,0.000,0.0112,0.2544
0.50,4.080,9.19,0.00,0.00,0.000,0.0110,0.2538
0.50,4.119,10.57,0.00,0.00,0.000,0.0107,0.2538
0.50,4.121,11.83,0.00,0.00,0.000,0.0106,0.2544
0.50,4.141,26.27,0.00,0.00,0.000,0.0106,0.2552
0.50,4.160,25.42,0.00,0.00,0.000,0.0100,0.2615
0.50,4.182,35.68,0.00,0.00,0.000,0.0092,0.2655
0.50,4.200,27.07,0.00,0.00,0.000,0.0093,0.2744
0.50,4.220,23.15,0.00,0.00,0.000,0.0088,0.2775
0.50,4.241,29.37,0.00,0.00,0.000,0.0069,0.2772
0.50,4.260,55.76,0.00,0.00,0.000,0.0097,0.2746
0.50,4.281,20.22,0.00,0.00,0.000,0.0126,0.2690
0.50,4.301,8.68,0.00,0.00,0.000,0.0139,0.2646
0.50,4.320,8.25,0.00,0.00,0.000,0.0138,0.2612
0.50,4.342,10.34,0.00,0.00,0.000,0.0128,0.2581
0.50,4.361,10.77,0.00,0.00,0.000,0.0119,0.2558
0.50,4.381,10.26,0.00,0.00,0.000,0.0110,0.2545
0.50,4.400,10.72,0.00,0.00,0.000,0.0112,0.2538
0.50,4.422,14.55,0.00,0.00,0.000,0.0123,0.2543
0.50,4.441,16.03,0.00,0.00,0.000,0.0131,0.2564
0.50,4.461,34.52,0.00,0.00,0.000,0.0134,0.2605
0.50,4.481,32.25,0.00,0.00,0.000,0.0134,0.2659
0.50,4.500,34.06,0.00,0.00,0.000,0.0139,0.2716
0.50,4.521,15.77,0.00,0.00,0.000,0.0149,0.2776
0.50,4.540,30.19,0.00,0.00,0.000,0.0126,0.2772
0.50,4.561,68.87,0.00,0.00,0.000,0.0095,0.2747
0.50,4.581,35.58,0.00,0.00,0.000,0.0113,0.2661
0.50,4.601,25.00,0.00,0.00,0.000,0.0123,0.2634
0.50,4.621,12.08,0.00,0.00,0.000,0.0123,0.2585
0.50,4.642,8.01,0.00,0.00,0.000,0.0118,0.2557
0.50,4.660,8.75,0.00,0.00,0.000,0.0112,0.2538
0.50,4.680,9.53,0.00,0.00,0.000,0.0109,0.2533
0.50,4.700,11.15,0.00,0.00,0.000,0.0106,0.2535
0.50,4.721,13.23,0.00,0.00,0.000,0.0106,0.2549
0.50,4.746,23.57,0.00,0.00,0.000,0.0098,0.2586
0.50,4.761,27.14,0.00,0.00,0.000,0.0089,0.2606
0.50,4.781,25.68,0.00,0.00,0.000,0.0078,0.2672
0.50,4.801,19.64,0.00,0.00,0.000,0.0077,0.2727
0.50,4.821,13.22,0.00,0.00,0.000,0.0064,0.2787
0.50,4.841,30.97,0.00,0.00,0.000,0.0060,0.2773
0.50,4.861,54.71,0.00,0.00,0.000,0.0092,0.2748
0.50,4.881,16.13,0.00,0.00,0.000,0.0110,0.2691
0.50,4.901,12.83,0.00,0.00,0.000,0.0111,0.2649
0.50,4.921,7.60,0.00,0.00,0.000,0.0103,0.2607
0.50,4.943,7.76,0.00,0.00,0.000,0.0090,0.2576
0.50,4.961,8.80,0.00,0.00,0.000,0.0083,0.2560
0.50,4.981,10.40,0.00,0.00,0.000,0.0083,0.2548
0.50,5.001,10.73,0.00,0.00,0.000,0.0088,0.2543
0.50,5.023,13.10,0.00,0.00,0.000,0.0095,0.2545
0.50,5.041,19.50,0.00,0.00,0.000,0.0101,0.2561
0.50,5.061,22.68,0.00,0.00,0.000,0.0102,0.2606
0.50,5.081,27.54,0.00,0.00,0.000,0.0099,0.2675
0.50,5.101,24.97,0.00,0.00,0.000,0.0104,0.2738
0.50,5.121,22.00,0.00,0.00,0.000,0.0111,0.2780
0.50,5.148,20.14,0.00,0.00,0.000,0.0105,0.2790
0.50,5.161,45.50,0.00,0.00,0.000,0.0073,0.2765
0.50,5.181,37.66,0.00,0.00,0.000,0.0071,0.2704
0.50,5.200,10.21,0.00,0.00,0.000,0.0091,0.2648
0.50,5.221,9.01,0.00,0.00,0.000,0.0095,0.2600
0.50,5.243,7.74,0.00,0.00,0.000,0.0091,0.2573
0.50,5.260,7.20,0.00,0.00,0.000,0.0087,0.2555
0.50,5.280,8.32,0.00,0.00,0.000,0.0086,0.2543
0.50,5.301,9.68,0.00,0.00,0.000,0.0085,0.2544
0.50,5.321,12.37,0.00,0.00,0.000,0.0085,0.2550
0.50,5.341,12.07,0.00,0.00,0.000,0.0081,0.2579
0.50,5.361,18.59,0.00,0.00,0.000,0.0071,0.2618
0.50,5.381,24.37,0.00,0.00,0.000,0.0064,0.2668
0.50,5.401,19.73,0.00,0.00,0.000,0.0069,0.2732
0.50,5.421,18.79,0.00,0.00,0.000,0.0068,0.2773
0.50,5.442,18.35,0.00,0.00,0.000,0.0056,0.2789
0.50,5.461,52.48,0.00,0.00,0.000,0.0076,0.2746
0.50,5.481,30.21,0.00,0.00,0.000,0.0104,0.2690
0.50,5.504,11.51,0.00,0.00,0.000,0.0116,0.2641
0.50,5.521,10.18,0.00,0.00,0.000,0.0112,0.2603
0.50,5.541,7.95,0.00,0.00,0.000,0.0100,0.2577
0.50,5.565,9.59,0.00,0.00,0.000,0.0076,0.2551
0.50,5.581,9.33,0.00,0.00,0.000,0.0071,0.2540
0.50,5.601,10.86,0.00,0.00,0.000,0.0074,0.2537
0.50,5.621,12.68,0.00,0.00,0.000,0.0086,0.2542
0.50,5.640,21.26,0.00,0.00,0.000,0.0092,0.2555
0.50,5.661,21.88,0.00,0.00,0.000,0.0090,0.2602
0.50,5.681,35.88,0.00,0.00,0.000,0.0084,0.2656
0.50,5.702,22.77,0.00,0.00,0.000,0.0083,0.2708
0.50,5.721,22.06,0.00,0.00,0.000,0.0084,0.2724
0.50,5.746,16.82,0.00,0.00,0.000,0.0076,0.2783
0.50,5.761,35.51,0.00,0.00,0.000,0.0045,0.2766
0.50,5.781,86.31,0.00,0.00,0.000,0.0066,0.2688
0.50,5.801,34.98,0.00,0.00,0.000,0.0104,0.2642
0.50,5.821,15.73,0.00,0.00,0.000,0.0111,0.2613
0.50,5.842,9.78,0.00,0.00,0.000,0.0111,0.2563
0.50,5.861,8.76,0.00,0.00,0.000,0.0105,0.2542
0.50,5.881,9.13,0.00,0.00,0.000,0.0101,0.2533
0.50,5.903,9.89,0.00,0.00,0.000,0.0098,0.2529
0.50,5.921,11.80,0.00,0.00,0.000,0.0097,0.2533
0.50,5.941,14.65,0.00,0.00,0.000,0.0093,0.2563
0.50,5.961,19.79,0.00,0.00,0.000,0.0083,0.2602
0.50,5.981,22.76,0.00,0.00,0.000,0.0072,0.2664
0.50,6.001,20.16,0.00,0.00,0.000,0.0069,0.2716
0.50,6.021,16.67,0.00,0.00,0.000,0.0065,0.2770
0.50,6.041,19.98,0.00,0.00,0.000,0.0057,0.2772
0.50,6.061,45.16,0.00,0.00,0.000,0.0081,0.2734
0.50,6.082,21.67,0.00,0.00,0.000,0.0113,0.2681
0.50,6.101,12.01,0.00,0.00,0.000,0.0130,0.2646
0.50,6.121,7.71,0.00,0.00,0.000,0.0135,0.2614
0.50,6.140,8.52,0.00,0.00,0.000,0.0124,0.2582
0.50,6.166,8.76,0.00,0.00,0.000,0.0107,0.2558
0.50,6.180,9.69,0.00,0.00,0.000,0.0094,0.2544
0.50,6.200,10.81,0.00,0.00,0.000,0.0093,0.2539
0.50,6.220,13.41,0.00,0.00,0.000,0.0105,0.2539
0.50,6.241,20.73,0.00,0.00,0.000,0.0120,0.2553
0.50,6.261,24.28,0.00,0.00,0.000,0.0123,0.2598
0.50,6.281,18.84,0.00,0.00,0.000,0.0123,0.2666
0.50,6.301,21.27,0.00,0.00,0.000,0.0130,0.2733
0.50,6.321,15.99,0.00,0.00,0.000,0.0126,0.2778
0.50,6.348,21.34,0.00,0.00,0.000,0.0114,0.2782
0.50,6.361,56.95,0.00,0.00,0.000,0.0069,0.2757
0.50,6.381,36.62,0.00,0.00,0.000,0.0059,0.2695
0.50,6.401,22.97,0.00,0.00,0.000,0.0087,0.2658
0.50,6.423,11.34,0.00,0.00,0.000,0.0102,0.2595
0.50,6.441,8.04,0.00,0.00,0.000,0.0096,0.2570
0.50,6.461,8.35,0.00,0.00,0.000,0.0089,0.2547
0.50,6.481,8.73,0.00,0.00,0.000,0.0089,0.2540
0.50,6.501,10.07,0.00,0.00,0.000,0.0089,0.2539
0.50,6.521,11.56,0.00,0.00,0.000,0.0086,0.2552
0.50,6.541,14.13,0.00,0.00,0.000,0.0079,0.2575
0.50,6.561,18.02,0.00,0.00,0.000,0.0071,0.2616
0.50,6.581,28.77,0.00,0.00,0.000,0.0068,0.2642
0.50,6.601,21.76,0.00,0.00,0.000,0.0066,0.2737
0.50,6.621,12.42,0.00,0.00,0.000,0.0058,0.2787
0.50,6.645,29.42,0.00,0.00,0.000,0.0072,0.2773
0.50,6.662,28.99,0.00,0.00,0.000,0.0113,0.2754
0.50,6.680,34.31,0.00,0.00,0.000,0.0147,0.2696
0.50,6.701,18.32,0.00,0.00,0.000,0.0159,0.2653
0.50,6.721,10.93,0.00,0.00,0.000,0.0161,0.2617
0.50,6.741,9.63,0.00,0.00,0.000,0.0159,0.2592
0.50,6.761,10.22,0.00,0.00,0.000,0.0155,0.2563
0.50,6.781,9.99,0.00,0.00,0.000,0.0155,0.2545
0.50,6.802,9.91,0.00,0.00,0.000,0.0157,0.2539
0.50,6.821,14.22,0.00,0.00,0.000,0.0164,0.2540
0.50,6.841,14.35,0.00,0.00,0.000,0.0181,0.2568
0.50,6.861,24.14,0.00,0.00,0.000,0.0191,0.2609
0.50,6.880,27.51,0.00,0.00,0.000,0.0200,0.2670
0.50,6.900,21.90,0.00,0.00,0.000,0.0220,0.2728
0.50,6.920,15.11,0.00,0.00,0.000,0.0229,0.2770
0.50,6.941,32.55,0.00,0.00,0.000,0.0149,0.2769
0.50,6.961,54.30,0.00,0.00,0.000,0.0106,0.2727
0.50,6.981,46.11,0.00,0.00,0.000,0.0142,0.2657
0.50,7.001,21.61,0.00,0.00,0.000,0.0155,0.2630
0.50,7.021,11.33,0.00,0.00,0.000,0.0157,0.2606
0.50,7.041,10.05,0.00,0.00,0.000,0.0150,0.2563
0.50,7.060,9.38,0.00,0.00,0.000,0.0141,0.2543
0.50,7.082,10.19,0.00,0.00,0.000,0.0136,0.2537
0.50,7.101,11.26,0.00,0.00,0.000,0.0131,0.2538
0.50,7.121,12.18,0.00,0.00,0.000,0.0122,0.2554
0.50,7.140,15.08,0.00,0.00,0.000,0.0110,0.2579
0.50,7.161,26.57,0.00,0.00,0.000,0.0101,0.2607
0.50,7.181,39.14,0.00,0.00,0.000,0.0094,0.2665
0.50,7.201,29.49,0.00,0.00,0.000,0.0096,0.2745
0.50,7.220,13.28,0.00,0.00,0.000,0.0086,0.2787
0.50,7.240,29.32,0.00,0.00,0.000,0.0070,0.2781
0.50,7.261,29.57,0.00,0.00,0.000,0.0106,0.2736
0.50,7.281,27.47,0.00,0.00,0.000,0.0136,0.2703
0.50,7.300,19.29,0.00,0.00,0.000,0.0159,0.2640
0.50,7.321,11.83,0.00,0.00,0.000,0.0146,0.2606
0.50,7.342,8.94,0.00,0.00,0.000,0.0129,0.2575
0.50,7.360,8.70,0.00,0.00,0.000,0.0117,0.2561
0.50,7.381,9.41,0.00,0.00,0.000,0.0107,0.2550
0.50,7.400,9.71,0.00,0.00,0.000,0.0107,0.2546
0.50,7.421,12.89,0.00,0.00,0.000,0.0115,0.2549
0.50,7.441,19.54,0.00,0.00,0.000,0.0129,0.2567
0.50,7.460,16.43,0.00,0.00,0.000,0.0133,0.2617
0.50,7.480,22.79,0.00,0.00,0.000,0.0134,0.2686
0.50,7.501,22.20,0.00,0.00,0.000,0.0143,0.2747
0.50,7.520,22.29,0.00,0.00,0.000,0.0144,0.2787
0.50,7.540,31.97,0.00,0.00,0.000,0.0124,0.2784
0.50,7.561,47.15,0.00,0.00,0.000,0.0079,0.2743
0.50,7.582,24.09,0.00,0.00,0.000,0.0076,0.2692
0.50,7.600,15.52,0.00,0.00,0.000,0.0085,0.2637
0.50,7.620,7.39,0.00,0.00,0.000,0.0088,0.2604
0.50,7.640,8.33,0.00,0.00,0.000,0.0086,0.2569
0.50,7.662,7.40,0.00,0.00,0.000,0.0084,0.2549
0.50,7.681,8.70,0.00,0.00,0.000,0.0082,0.2542
0.50,7.701,10.12,0.00,0.00,0.000,0.0080,0.2544
0.50,7.721,13.97,0.00,0.00,0.000,0.0077,0.2556
0.50,7.741,14.28,0.00,0.00,0.000,0.0074,0.2575
0.50,7.761,25.26,0.00,0.00,0.000,0.0065,0.2607
0.50,7.781,20.83,0.00,0.00,0.000,0.0067,0.2678
0.50,7.805,19.94,0.00,0.00,0.000,0.0085,0.2743
0.50,7.821,17.12,0.00,0.00,0.000,0.0090,0.2782
0.50,7.841,21.79,0.00,0.00,0.000,0.0094,0.2786
0.50,7.861,62.28,0.00,0.00,0.000,0.0114,0.2758
0.50,7.883,31.31,0.00,0.00,0.000,0.0138,0.2696
0.50,7.901,43.10,0.00,0.00,0.000,0.0145,0.2635
0.50,7.921,7.24,0.00,0.00,0.000,0.0145,0.2613
0.50,7.941,8.74,0.00,0.00,0.000,0.0132,0.2581
0.50,7.962,8.42,0.00,0.00,0.000,0.0119,0.2558
0.50,7.981,8.67,0.00,0.00,0.000,0.0103,0.2545
0.50,8.001,10.26,0.00,0.00,0.000,0.0104,0.2538
0.50,8.021,12.07,0.00,0.00,0.000,0.0116,0.2542
0.50,8.043,15.13,0.00,0.00,0.000,0.0123,0.2549
0.50,8.061,22.33,0.00,0.00,0.000,0.0122,0.2595
0.50,8.080,30.96,0.00,0.00,0.000,0.0118,0.2663
0.50,8.100,17.94,0.00,0.00,0.000,0.0120,0.2734
0.50,8.120,27.20,0.00,0.00,0.000,0.0122,0.2773
0.50,8.140,27.48,0.00,0.00,0.000,0.0108,0.2782
0.50,8.161,61.58,0.00,0.00,0.000,0.0079,0.2746
0.50,8.180,26.15,0.00,0.00,0.000,0.0099,0.2681
0.50,8.202,14.84,0.00,0.00,0.000,0.0113,0.2646
0.50,8.221,13.39,0.00,0.00,0.000,0.0116,0.2607
0.50,8.241,9.78,0.00,0.00,0.000,0.0112,0.2573
0.50,8.260,9.86,0.00,0.00,0.000,0.0106,0.2554
0.50,8.281,10.04,0.00,0.00,0.000,0.0104,0.2541
0.50,8.301,10.50,0.00,0.00,0.000,0.0105,0.2541
0.50,8.321,11.80,0.00,0.00,0.000,0.0104,0.2555
0.50,8.341,15.96,0.00,0.00,0.000,0.0099,0.2572
0.50,8.363,26.46,0.00,0.00,0.000,0.0091,0.2608
0.50,8.383,29.44,0.00,0.00,0.000,0.0082,0.2650
0.50,8.401,40.12,0.00,0.00,0.000,0.0077,0.2732
0.50,8.421,19.08,0.00,0.00,0.000,0.0072,0.2780
0.50,8.441,22.63,0.00,0.00,0.000,0.0059,0.2784
0.50,8.462,34.98,0.00,0.00,0.000,0.0074,0.2763
0.50,8.481,48.88,0.00,0.00,0.000,0.0112,0.2699
0.50,8.501,23.52,0.00,0.00,0.000,0.0126,0.2657
0.50,8.521,13.84,0.00,0.00,0.000,0.0125,0.2607
0.50,8.541,9.89,0.00,0.00,0.000,0.0115,0.2576
0.50,8.560,9.39,0.00,0.00,0.000,0.0107,0.2556
0.50,8.581,9.92,0.00,0.00,0.000,0.0099,0.2545
0.50,8.601,10.47,0.00,0.00,0.000,0.0100,0.2541
0.50,8.622,12.39,0.00,0.00,0.000,0.0110,0.2547
0.50,8.641,15.60,0.00,0.00,0.000,0.0121,0.2556
0.50,8.661,29.55,0.00,0.00,0.000,0.0127,0.2582
0.50,8.681,18.16,0.00,0.00,0.000,0.0133,0.2671
0.50,8.701,20.10,0.00,0.00,0.000,0.0144,0.2739
0.50,8.720,16.05,0.00,0.00,0.000,0.0142,0.2783
0.50,8.740,31.93,0.00,0.00,0.000,0.0115,0.2780
0.50,8.760,61.47,0.00,0.00,0.000,0.0065,0.2742
0.50,8.780,28.49,0.00,0.00,0.000,0.0086,0.2677
0.50,8.801,15.95,0.00,0.00,0.000,0.0107,0.2631
0.50,8.821,13.36,0.00,0.00,0.000,0.0110,0.2593
0.50,8.841,8.48,0.00,0.00,0.000,0.0107,0.2562
0.50,8.860,9.07,0.00,0.00,0.000,0.0102,0.2545
0.50,8.882,9.60,0.00,0.00,0.000,0.0101,0.2539
0.50,8.905,10.47,0.00,0.00,0.000,0.0101,0.2539
0.50,8.921,12.40,0.00,0.00,0.000,0.0099,0.2552
0.50,8.941,12.78,0.00,0.00,0.000,0.0095,0.2578
0.50,8.961,19.53,0.00,0.00,0.000,0.0086,0.2619
0.50,8.981,37.22,0.00,0.00,0.000,0.0078,0.2662
0.50,9.001,20.89,0.00,0.00,0.000,0.0075,0.2733
0.50,9.022,14.85,0.00,0.00,0.000,0.0066,0.2783
0.50,9.041,26.85,0.00,0.00,0.000,0.0054,0.2773
0.50,9.062,41.21,0.00,0.00,0.000,0.0087,0.2734
0.50,9.081,18.35,0.00,0.00,0.000,0.0100,0.2704
0.50,9.101,15.72,0.00,0.00,0.000,0.0120,0.2658
0.50,9.121,9.19,0.00,0.00,0.000,0.0124,0.2611
0.50,9.141,8.02,0.00,0.00,0.000,0.0111,0.2578
0.50,9.161,7.66,0.00,0.00,0.000,0.0098,0.2559
0.50,9.182,9.39,0.00,0.00,0.000,0.0083,0.2543
0.50,9.201,10.31,0.00,0.00,0.000,0.0083,0.2539
0.50,9.221,12.27,0.00,0.00,0.000,0.0096,0.2544
0.50,9.241,20.65,0.00,0.00,0.000,0.0104,0.2557
0.50,9.268,27.98,0.00,0.00,0.000,0.0106,0.2598
0.50,9.281,35.31,0.00,0.00,0.000,0.0104,0.2645
0.50,9.301,59.06,0.00,0.00,0.000,0.0105,0.2706
0.50,9.321,20.06,0.00,0.00,0.000,0.0113,0.2787
0.50,9.343,37.60,0.00,0.00,0.000,0.0115,0.2777
0.50,9.361,53.12,0.00,0.00,0.000,0.0109,0.2733
0.50,9.381,22.77,0.00,0.00,0.000,0.0111,0.2676
0.50,9.401,11.39,0.00,0.00,0.000,0.0112,0.2636
0.50,9.421,6.24,0.00,0.00,0.000,0.0108,0.2590
0.50,9.441,7.95,0.00,0.00,0.000,0.0105,0.2557
0.50,9.461,8.90,0.00,0.00,0.000,0.0103,0.2541
0.50,9.481,9.44,0.00,0.00,0.000,0.0100,0.2535
0.50,9.501,10.61,0.00,0.00,0.000,0.0096,0.2536
0.50,9.521,13.42,0.00,0.00,0.000,0.0091,0.2545
0.50,9.541,17.27,0.00,0.00,0.000,0.0086,0.2564
0.50,9.561,29.79,0.00,0.00,0.000,0.0072,0.2614
0.50,9.581,20.03,0.00,0.00,0.000,0.0066,0.2680
0.50,9.601,17.58,0.00,0.00,0.000,0.0072,0.2744
0.50,9.624,14.81,0.00,0.00,0.000,0.0069,0.2782
0.50,9.641,24.57,0.00,0.00,0.000,0.0060,0.2778
0.50,9.661,55.00,0.00,0.00,0.000,0.0081,0.2752
0.50,9.681,23.93,0.00,0.00,0.000,0.0128,0.2687
0.50,9.701,9.95,0.00,0.00,0.000,0.0145,0.2651
0.50,9.726,7.54,0.00,0.00,0.000,0.0139,0.2610
0.50,9.741,8.64,0.00,0.00,0.000,0.0125,0.2586
0.50,9.761,8.65,0.00,0.00,0.000,0.0104,0.2561
0.50,9.781,8.87,0.00,0.00,0.000,0.0092,0.2549
0.50,9.802,9.82,0.00,0.00,0.000,0.0085,0.2541
0.50,9.821,11.68,0.00,0.00,0.000,0.0091,0.2545
0.50,9.841,19.54,0.00,0.00,0.000,0.0097,0.2556
0.50,9.862,27.66,0.00,0.00,0.000,0.0093,0.2595
0.50,9.881,19.08,0.00,0.00,0.000,0.0087,0.2644
0.50,9.901,35.87,0.00,0.00,0.000,0.0083,0.2709
0.50,9.921,22.08,0.00,0.00,0.000,0.0087,0.2775
0.50,9.941,23.56,0.00,0.00,0.000,0.0084,0.2772
0.50,9.961,50.10,0.00,0.00,0.000,0.0078,0.2735
0.50,9.981,21.87,0.00,0.00,0.000,0.0078,0.2692
0.50,10.001,10.16,0.00,0.00,0.000,0.0081,0.2641
0.50,10.021,6.79,0.00,0.00,0.000,0.0082,0.2593
0.50,10.042,6.62,0.00,0.00,0.000,0.0081,0.2567
0.50,10.061,7.65,0.00,0.00,0.000,0.0082,0.2545
0.50,10.081,8.85,0.00,0.00,0.000,0.0083,0.2535
0.50,10.100,10.20,0.00,0.00,0.000,0.0086,0.2535
0.50,10.121,14.03,0.00,0.00,0.000,0.0088,0.2550
0.50,10.142,13.76,0.00,0.00,0.000,0.0085,0.2576
0.50,10.161,18.71,0.00,0.00,0.000,0.0075,0.2615
0.50,10.181,26.40,0.00,0.00,0.000,0.0064,0.2676
0.50,10.205,17.43,0.00,0.00,0.000,0.0064,0.2742
0.50,10.221,15.83,0.00,0.00,0.000,0.0060,0.2779
0.50,10.241,29.22,0.00,0.00,0.000,0.0056,0.2775
0.50,10.261,53.41,0.00,0.00,0.000,0.0087,0.2748
0.50,10.281,34.52,0.00,0.00,0.000,0.0100,0.2686
0.50,10.305,22.00,0.00,0.00,0.000,0.0104,0.2656
0.50,10.321,19.16,0.00,0.00,0.000,0.0103,0.2604
0.50,10.341,10.64,0.00,0.00,0.000,0.0094,0.2578
0.50,10.361,8.88,0.00,0.00,0.000,0.0084,0.2558
0.50,10.381,9.88,0.00,0.00,0.000,0.0073,0.2542
0.50,10.401,11.07,0.00,0.00,0.000,0.0072,0.2535
0.50,10.423,13.02,0.00,0.00,0.000,0.0084,0.2540
0.50,10.441,15.24,0.00,0.00,0.000,0.0093,0.2563
0.50,10.461,30.40,0.00,0.00,0.000,0.0092,0.2590
0.50,10.481,31.73,0.00,0.00,0.000,0.0087,0.2650
0.50,10.501,36.28,0.00,0.00,0.000,0.0086,0.2685
0.50,10.521,26.12,0.00,0.00,0.000,0.0093,0.2772
0.50,10.540,29.26,0.00,0.00,0.000,0.0084,0.2785
0.50,10.561,67.90,0.00,0.00,0.000,0.0089,0.2743
0.50,10.587,28.29,0.00,0.00,0.000,0.0117,0.2683
0.50,10.601,13.40,0.00,0.00,0.000,0.0126,0.2644
0.50,10.621,7.29,0.00,0.00,0.000,0.0121,0.2597
0.50,10.641,8.60,0.00,0.00,0.000,0.0113,0.2562
0.50,10.660,8.94,0.00,0.00,0.000,0.0106,0.2544
0.50,10.685,8.65,0.00,0.00,0.000,0.0103,0.2540
0.50,10.701,10.26,0.00,0.00,0.000,0.0096,0.2539
0.50,10.724,12.66,0.00,0.00,0.000,0.0090,0.2547
0.50,10.741,15.39,0.00,0.00,0.000,0.0081,0.2568
0.50,10.761,24.94,0.00,0.00,0.000,0.0073,0.2597
0.50,10.781,25.25,0.00,0.00,0.000,0.0067,0.2647
0.50,10.801,43.46,0.00,0.00,0.000,0.0073,0.2730
0.50,10.821,15.08,0.00,0.00,0.000,0.0078,0.2782
0.50,10.841,13.21,0.00,0.00,0.000,0.0082,0.2783
0.50,10.861,37.87,0.00,0.00,0.000,0.0116,0.2741
0.50,10.881,37.75,0.00,0.00,0.000,0.0145,0.2704
0.50,10.901,12.81,0.00,0.00,0.000,0.0158,0.2638
0.50,10.928,9.87,0.00,0.00,0.000,0.0157,0.2611
0.50,10.941,10.28,0.00,0.00,0.000,0.0149,0.2585
0.50,10.961,8.52,0.00,0.00,0.000,0.0134,0.2560
0.50,10.983,9.73,0.00,0.00,0.000,0.0123,0.2545
0.50,11.001,10.31,0.00,0.00,0.000,0.0128,0.2536
0.50,11.021,12.21,0.00,0.00,0.000,0.0136,0.2547
0.50,11.041,18.38,0.00,0.00,0.000,0.0138,0.2555
0.50,11.061,29.11,0.00,0.00,0.000,0.0138,0.2593
0.50,11.081,39.64,0.00,0.00,0.000,0.0138,0.2644
0.50,11.101,24.92,0.00,0.00,0.000,0.0145,0.2717
0.50,11.121,23.58,0.00,0.00,0.000,0.0157,0.2775
0.50,11.142,37.89,0.00,0.00,0.000,0.0126,0.2774
0.50,11.161,70.96,0.00,0.00,0.000,0.0084,0.2744
0.50,11.181,39.76,0.00,0.00,0.000,0.0113,0.2673
0.50,11.201,22.48,0.00,0.00,0.000,0.0133,0.2641
0.50,11.221,12.24,0.00,0.00,0.000,0.0136,0.2591
0.50,11.241,9.13,0.00,0.00,0.000,0.0128,0.2561
0.50,11.261,9.73,0.00,0.00,0.000,0.0121,0.2542
0.50,11.281,11.16,0.00,0.00,0.000,0.0119,0.2536
0.50,11.302,11.31,0.00,0.00,0.000,0.0118,0.2536
0.50,11.321,13.63,0.00,0.00,0.000,0.0116,0.2545
0.50,11.341,17.82,0.00,0.00,0.000,0.0112,0.2568
0.50,11.361,25.51,0.00,0.00,0.000,0.0104,0.2608
0.50,11.381,45.30,0.00,0.00,0.000,0.0091,0.2678
0.50,11.401,18.95,0.00,0.00,0.000,0.0088,0.2751
0.50,11.421,12.75,0.00,0.00,0.000,0.0077,0.2785
0.50,11.441,29.95,0.00,0.00,0.000,0.0060,0.2782
0.50,11.461,32.77,0.00,0.00,0.000,0.0099,0.2741
0.50,11.489,28.83,0.00,0.00,0.000,0.0124,0.2707
0.50,11.500,16.20,0.00,0.00,0.000,0.0145,0.2671
0.50,11.520,8.62,0.00,0.00,0.000,0.0147,0.2624
0.50,11.540,10.28,0.00,0.00,0.000,0.0135,0.2587
0.50,11.562,8.13,0.00,0.00,0.000,0.0124,0.2567
0.50,11.581,8.99,0.00,0.00,0.000,0.0112,0.2549
0.50,11.600,10.19,0.00,0.00,0.000,0.0109,0.2543
0.50,11.620,11.84,0.00,0.00,0.000,0.0116,0.2547
0.50,11.643,15.90,0.00,0.00,0.000,0.0122,0.2554
0.50,11.661,28.86,0.00,0.00,0.000,0.0127,0.2595
0.50,11.681,18.53,0.00,0.00,0.000,0.0128,0.2669
0.50,11.701,20.50,0.00,0.00,0.000,0.0135,0.2736
0.50,11.723,15.20,0.00,0.00,0.000,0.0139,0.2787
0.50,11.741,26.37,0.00,0.00,0.000,0.0139,0.2787
0.50,11.761,35.39,0.00,0.00,0.000,0.0107,0.2735
0.50,11.781,25.99,0.00,0.00,0.000,0.0104,0.2683
0.50,11.802,10.14,0.00,0.00,0.000,0.0110,0.2642
0.50,11.821,7.21,0.00,0.00,0.000,0.0111,0.2596
0.50,11.841,7.34,0.00,0.00,0.000,0.0107,0.2563
0.50,11.861,8.11,0.00,0.00,0.000,0.0106,0.2547
0.50,11.883,9.36,0.00,0.00,0.000,0.0106,0.2539
0.50,11.901,10.82,0.00,0.00,0.000,0.0106,0.2542
0.50,11.921,12.87,0.00,0.00,0.000,0.0105,0.2554
0.50,11.941,19.17,0.00,0.00,0.000,0.0099,0.2580
0.50,11.961,20.75,0.00,0.00,0.000,0.0095,0.2596
0.50,11.981,21.83,0.00,0.00,0.000,0.0080,0.2680
0.60,3.001,29.81,0.00,0.00,0.000,0.0131,0.2726
0.60,3.021,21.44,0.00,0.00,0.000,0.0126,0.2788
0.60,3.042,25.42,0.00,0.00,0.000,0.0114,0.2800
0.60,3.062,75.05,0.00,0.00,0.000,0.0124,0.2770
0.60,3.082,38.90,0.00,0.00,0.000,0.0152,0.2691
0.60,3.101,29.94,0.00,0.00,0.000,0.0158,0.2655
0.60,3.121,24.20,0.00,0.00,0.000,0.0147,0.2589
0.60,3.141,17.23,0.00,0.00,0.000,0.0125,0.2553
0.60,3.162,13.10,0.00,0.00,0.000,0.0104,0.2520
0.60,3.188,12.49,0.00,0.00,0.000,0.0090,0.2511
0.60,3.202,14.46,0.00,0.00,0.000,0.0088,0.2505
0.60,3.222,22.83,0.00,0.00,0.000,0.0104,0.2524
0.60,3.242,24.44,0.00,0.00,0.000,0.0112,0.2536
0.60,3.261,39.29,0.00,0.00,0.000,0.0116,0.2578
0.60,3.281,41.89,0.00,0.00,0.000,0.0116,0.2645
0.60,3.301,36.67,0.00,0.00,0.000,0.0127,0.2731
0.60,3.326,23.92,0.00,0.00,0.000,0.0140,0.2787
0.60,3.341,31.26,0.00,0.00,0.000,0.0140,0.2790
0.60,3.362,43.78,0.00,0.00,0.000,0.0104,0.2739
0.60,3.382,30.07,0.00,0.00,0.000,0.0095,0.2674
0.60,3.401,28.30,0.00,0.00,0.000,0.0089,0.2641
0.60,3.421,18.28,0.00,0.00,0.000,0.0084,0.2584
0.60,3.441,11.42,0.00,0.00,0.000,0.0079,0.2560
0.60,3.461,11.61,0.00,0.00,0.000,0.0074,0.2533
0.60,3.482,11.72,0.00,0.00,0.000,0.0076,0.2523
0.60,3.502,14.07,0.00,0.00,0.000,0.0082,0.2524
0.60,3.521,17.95,0.00,0.00,0.000,0.0083,0.2531
0.60,3.554,19.86,0.00,0.00,0.000,0.0072,0.2570
0.60,3.561,23.36,0.00,0.00,0.000,0.0069,0.2578
0.60,3.581,99.21,0.00,0.00,0.000,0.0061,0.2619
0.60,3.602,48.88,0.00,0.00,0.000,0.0076,0.2729
0.60,3.621,20.44,0.00,0.00,0.000,0.0071,0.2788
0.60,3.641,28.58,0.00,0.00,0.000,0.0070,0.2796
0.60,3.661,26.15,0.00,0.00,0.000,0.0084,0.2784
0.60,3.681,40.13,0.00,0.00,0.000,0.0121,0.2731
0.60,3.701,35.89,0.00,0.00,0.000,0.0138,0.2669
0.60,3.723,19.20,0.00,0.00,0.000,0.0136,0.2607
0.60,3.741,10.53,0.00,0.00,0.000,0.0122,0.2572
0.60,3.761,15.64,0.00,0.00,0.000,0.0102,0.2531
0.60,3.782,14.13,0.00,0.00,0.000,0.0084,0.2507
0.60,3.804,14.57,0.00,0.00,0.000,0.0082,0.2503
0.60,3.821,19.99,0.00,0.00,0.000,0.0097,0.2508
0.60,3.841,31.32,0.00,0.00,0.000,0.0115,0.2527
0.60,3.862,30.36,0.00,0.00,0.000,0.0126,0.2593
0.60,3.881,43.18,0.00,0.00,0.000,0.0130,0.2644
0.60,3.902,31.21,0.00,0.00,0.000,0.0140,0.2709
0.60,3.921,30.64,0.00,0.00,0.000,0.0161,0.2774
0.60,3.941,34.36,0.00,0.00,0.000,0.0114,0.2778
0.60,3.965,82.08,0.00,0.00,0.000,0.0087,0.2743
0.60,3.982,35.91,0.00,0.00,0.000,0.0094,0.2685
0.60,4.005,20.49,0.00,0.00,0.000,0.0104,0.2640
0.60,4.021,13.94,0.00,0.00,0.000,0.0110,0.2578
0.60,4.042,12.03,0.00,0.00,0.000,0.0105,0.2549
0.60,4.061,11.47,0.00,0.00,0.000,0.0098,0.2529
0.60,4.081,12.84,0.00,0.00,0.000,0.0098,0.2525
0.60,4.101,13.66,0.00,0.00,0.000,0.0094,0.2519
0.60,4.121,16.99,0.00,0.00,0.000,0.0090,0.2528
0.60,4.141,16.94,0.00,0.00,0.000,0.0083,0.2556
0.60,4.161,27.07,0.00,0.00,0.000,0.0075,0.2588
0.60,4.181,41.25,0.00,0.00,0.000,0.0078,0.2668
0.60,4.202,25.19,0.00,0.00,0.000,0.0096,0.2753
0.60,4.224,19.74,0.00,0.00,0.000,0.0089,0.2801
0.60,4.241,27.65,0.00,0.00,0.000,0.0084,0.2799
0.60,4.261,67.38,0.00,0.00,0.000,0.0111,0.2767
0.60,4.282,27.19,0.00,0.00,0.000,0.0166,0.2691
0.60,4.301,28.18,0.00,0.00,0.000,0.0180,0.2656
0.60,4.326,10.73,0.00,0.00,0.000,0.0171,0.2600
0.60,4.341,11.48,0.00,0.00,0.000,0.0150,0.2562
0.60,4.361,12.60,0.00,0.00,0.000,0.0135,0.2536
0.60,4.381,13.08,0.00,0.00,0.000,0.0121,0.2524
0.60,4.401,15.00,0.00,0.00,0.000,0.0123,0.2516
0.60,4.421,19.96,0.00,0.00,0.000,0.0139,0.2521
0.60,4.441,31.99,0.00,0.00,0.000,0.0160,0.2566
0.60,4.461,31.04,0.00,0.00,0.000,0.0169,0.2605
0.60,4.481,30.82,0.00,0.00,0.000,0.0183,0.2676
0.60,4.501,29.24,0.00,0.00,0.000,0.0202,0.2737
0.60,4.521,28.94,0.00,0.00,0.000,0.0220,0.2782
0.60,4.544,43.77,0.00,0.00,0.000,0.0145,0.2787
0.60,4.562,78.30,0.00,0.00,0.000,0.0098,0.2761
0.60,4.581,21.42,0.00,0.00,0.000,0.0106,0.2704
0.60,4.601,17.19,0.00,0.00,0.000,0.0121,0.2646
0.60,4.621,11.87,0.00,0.00,0.000,0.0125,0.2594
0.60,4.641,10.45,0.00,0.00,0.000,0.0119,0.2573
0.60,4.661,9.73,0.00,0.00,0.000,0.0108,0.2546
0.60,4.682,12.42,0.00,0.00,0.000,0.0104,0.2531
0.60,4.701,13.35,0.00,0.00,0.000,0.0108,0.2529
0.60,4.721,17.67,0.00,0.00,0.000,0.0109,0.2539
0.60,4.741,21.28,0.00,0.00,0.000,0.0105,0.2557
0.60,4.762,20.42,0.00,0.00,0.000,0.0096,0.2612
0.60,4.784,27.43,0.00,0.00,0.000,0.0103,0.2671
0.60,4.801,27.25,0.00,0.00,0.000,0.0125,0.2738
0.60,4.821,33.56,0.00,0.00,0.000,0.0123,0.2782
0.60,4.843,23.59,0.00,0.00,0.000,0.0107,0.2812
0.60,4.861,42.24,0.00,0.00,0.000,0.0109,0.2787
0.60,4.882,81.61,0.00,0.00,0.000,0.0148,0.2698
0.60,4.901,62.17,0.00,0.00,0.000,0.0173,0.2677
0.60,4.921,34.08,0.00,0.00,0.000,0.0179,0.2604
0.60,4.943,18.18,0.00,0.00,0.000,0.0164,0.2576
0.60,4.962,20.93,0.00,0.00,0.000,0.0142,0.2529
0.60,4.982,15.72,0.00,0.00,0.000,0.0120,0.2512
0.60,5.002,16.27,0.00,0.00,0.000,0.0115,0.2506
0.60,5.021,16.61,0.00,0.00,0.000,0.0117,0.2507
0.60,5.042,34.20,0.00,0.00,0.000,0.0124,0.2524
0.60,5.061,23.32,0.00,0.00,0.000,0.0129,0.2588
0.60,5.082,38.76,0.00,0.00,0.000,0.0136,0.2661
0.60,5.102,33.61,0.00,0.00,0.000,0.0153,0.2737
0.60,5.126,23.49,0.00,0.00,0.000,0.0167,0.2778
0.60,5.141,30.49,0.00,0.00,0.000,0.0173,0.2802
0.60,5.161,119.90,0.00,0.00,0.000,0.0174,0.2777
0.60,5.184,48.05,0.00,0.00,0.000,0.0160,0.2696
0.60,5.201,36.54,0.00,0.00,0.000,0.0149,0.2663
0.60,5.221,28.59,0.00,0.00,0.000,0.0144,0.2614
0.60,5.242,16.93,0.00,0.00,0.000,0.0140,0.2565
0.60,5.263,13.67,0.00,0.00,0.000,0.0134,0.2543
0.60,5.287,11.95,0.00,0.00,0.000,0.0127,0.2534
0.60,5.301,12.97,0.00,0.00,0.000,0.0121,0.2531
0.60,5.321,16.72,0.00,0.00,0.000,0.0112,0.2537
0.60,5.341,19.68,0.00,0.00,0.000,0.0108,0.2558
0.60,5.361,27.86,0.00,0.00,0.000,0.0107,0.2597
0.60,5.382,51.45,0.00,0.00,0.000,0.0119,0.2692
0.60,5.401,36.61,0.00,0.00,0.000,0.0135,0.2739
0.60,5.421,24.60,0.00,0.00,0.000,0.0138,0.2790
0.60,5.442,32.37,0.00,0.00,0.000,0.0121,0.2811
0.60,5.462,73.14,0.00,0.00,0.000,0.0129,0.2767
0.60,5.485,37.28,0.00,0.00,0.000,0.0156,0.2721
0.60,5.501,47.00,0.00,0.00,0.000,0.0180,0.2682
0.60,5.521,22.73,0.00,0.00,0.000,0.0186,0.2626
0.60,5.541,10.62,0.00,0.00,0.000,0.0166,0.2572
0.60,5.562,13.78,0.00,0.00,0.000,0.0150,0.2541
0.60,5.581,14.47,0.00,0.00,0.000,0.0133,0.2522
0.60,5.602,14.90,0.00,0.00,0.000,0.0133,0.2508
0.60,5.621,17.31,0.00,0.00,0.000,0.0139,0.2519
0.60,5.641,26.90,0.00,0.00,0.000,0.0145,0.2535
0.60,5.661,25.38,0.00,0.00,0.000,0.0150,0.2594
0.60,5.681,48.54,0.00,0.00,0.000,0.0161,0.2679
0.60,5.701,36.77,0.00,0.00,0.000,0.0180,0.2740
0.60,5.724,18.28,0.00,0.00,0.000,0.0192,0.2791
0.60,5.741,29.35,0.00,0.00,0.000,0.0173,0.2801
0.60,5.761,53.55,0.00,0.00,0.000,0.0086,0.2742
0.60,5.781,32.78,0.00,0.00,0.000,0.0072,0.2686
0.60,5.801,14.41,0.00,0.00,0.000,0.0078,0.2642
0.60,5.821,11.49,0.00,0.00,0.000,0.0085,0.2590
0.60,5.841,10.57,0.00,0.00,0.000,0.0083,0.2553
0.60,5.860,10.38,0.00,0.00,0.000,0.0081,0.2535
0.60,5.881,13.17,0.00,0.00,0.000,0.0086,0.2525
0.60,5.901,14.56,0.00,0.00,0.000,0.0090,0.2524
0.60,5.921,17.93,0.00,0.00,0.000,0.0087,0.2533
0.60,5.941,19.60,0.00,0.00,0.000,0.0077,0.2563
0.60,5.961,38.65,0.00,0.00,0.000,0.0071,0.2587
0.60,5.981,29.31,0.00,0.00,0.000,0.0075,0.2667
0.60,6.002,31.02,0.00,0.00,0.000,0.0089,0.2763
0.60,6.021,21.70,0.00,0.00,0.000,0.0085,0.2796
0.60,6.042,32.69,0.00,0.00,0.000,0.0083,0.2802
0.60,6.061,65.57,0.00,0.00,0.000,0.0136,0.2749
0.60,6.082,23.19,0.00,0.00,0.000,0.0140,0.2688
0.60,6.101,15.16,0.00,0.00,0.000,0.0140,0.2646
0.60,6.122,9.08,0.00,0.00,0.000,0.0134,0.2592
0.60,6.142,10.79,0.00,0.00,0.000,0.0117,0.2543
0.60,6.161,11.55,0.00,0.00,0.000,0.0103,0.2520
0.60,6.184,14.06,0.00,0.00,0.000,0.0102,0.2513
0.60,6.203,14.65,0.00,0.00,0.000,0.0107,0.2510
0.60,6.221,20.59,0.00,0.00,0.000,0.0120,0.2516
0.60,6.240,34.34,0.00,0.00,0.000,0.0132,0.2549
0.60,6.260,38.54,0.00,0.00,0.000,0.0138,0.2584
0.60,6.281,42.92,0.00,0.00,0.000,0.0145,0.2650
0.60,6.305,35.36,0.00,0.00,0.000,0.0158,0.2711
0.60,6.323,25.93,0.00,0.00,0.000,0.0178,0.2776
0.60,6.341,34.19,0.00,0.00,0.000,0.0135,0.2784
0.60,6.360,74.77,0.00,0.00,0.000,0.0081,0.2742
0.60,6.382,34.88,0.00,0.00,0.000,0.0081,0.2709
0.60,6.402,18.62,0.00,0.00,0.000,0.0093,0.2642
0.60,6.420,15.04,0.00,0.00,0.000,0.0097,0.2599
0.60,6.442,11.29,0.00,0.00,0.000,0.0089,0.2552
0.60,6.465,11.31,0.00,0.00,0.000,0.0084,0.2532
0.60,6.480,12.46,0.00,0.00,0.000,0.0085,0.2523
0.60,6.501,14.57,0.00,0.00,0.000,0.0094,0.2523
0.60,6.521,16.31,0.00,0.00,0.000,0.0094,0.2535
0.60,6.540,19.16,0.00,0.00,0.000,0.0084,0.2559
0.60,6.561,25.10,0.00,0.00,0.000,0.0077,0.2601
0.60,6.580,26.43,0.00,0.00,0.000,0.0079,0.2633
0.60,6.600,32.25,0.00,0.00,0.000,0.0092,0.2714
0.60,6.622,17.61,0.00,0.00,0.000,0.0087,0.2787
0.60,6.644,25.68,0.00,0.00,0.000,0.0076,0.2796
0.60,6.661,41.99,0.00,0.00,0.000,0.0096,0.2777
0.60,6.681,83.74,0.00,0.00,0.000,0.0137,0.2706
0.60,6.701,42.99,0.00,0.00,0.000,0.0154,0.2672
0.60,6.720,18.21,0.00,0.00,0.000,0.0156,0.2625
0.60,6.742,17.61,0.00,0.00,0.000,0.0139,0.2564
0.60,6.760,17.01,0.00,0.00,0.000,0.0124,0.2529
0.60,6.780,12.58,0.00,0.00,0.000,0.0106,0.2507
0.60,6.802,13.84,0.00,0.00,0.000,0.0100,0.2499
0.60,6.821,19.78,0.00,0.00,0.000,0.0107,0.2503
0.60,6.844,20.58,0.00,0.00,0.000,0.0129,0.2539
0.60,6.861,36.40,0.00,0.00,0.000,0.0137,0.2570
0.60,6.881,33.17,0.00,0.00,0.000,0.0146,0.2652
0.60,6.900,32.46,0.00,0.00,0.000,0.0163,0.2727
0.60,6.921,25.76,0.00,0.00,0.000,0.0182,0.2775
0.60,6.941,33.49,0.00,0.00,0.000,0.0166,0.2790
0.60,6.961,60.48,0.00,0.00,0.000,0.0121,0.2740
0.60,6.981,19.51,0.00,0.00,0.000,0.0123,0.2668
0.60,7.000,14.56,0.00,0.00,0.000,0.0125,0.2638
0.60,7.023,11.34,0.00,0.00,0.000,0.0126,0.2587
0.60,7.040,10.73,0.00,0.00,0.000,0.0121,0.2557
0.60,7.061,12.36,0.00,0.00,0.000,0.0110,0.2529
0.60,7.081,13.25,0.00,0.00,0.000,0.0105,0.2520
0.60,7.100,15.05,0.00,0.00,0.000,0.0102,0.2521
0.60,7.123,16.24,0.00,0.00,0.000,0.0096,0.2536
0.60,7.141,24.17,0.00,0.00,0.000,0.0087,0.2555
0.60,7.161,35.99,0.00,0.00,0.000,0.0079,0.2590
0.60,7.181,42.29,0.00,0.00,0.000,0.0083,0.2659
0.60,7.201,41.19,0.00,0.00,0.000,0.0095,0.2761
0.60,7.221,21.93,0.00,0.00,0.000,0.0089,0.2805
0.60,7.241,29.95,0.00,0.00,0.000,0.0087,0.2802
0.60,7.261,87.50,0.00,0.00,0.000,0.0107,0.2772
0.60,7.282,35.89,0.00,0.00,0.000,0.0130,0.2713
0.60,7.301,16.78,0.00,0.00,0.000,0.0142,0.2660
0.60,7.323,9.65,0.00,0.00,0.000,0.0133,0.2607
0.60,7.342,11.52,0.00,0.00,0.000,0.0111,0.2562
0.60,7.362,12.53,0.00,0.00,0.000,0.0090,0.2531
0.60,7.382,13.56,0.00,0.00,0.000,0.0088,0.2521
0.60,7.405,15.15,0.00,0.00,0.000,0.0098,0.2515
0.60,7.422,19.49,0.00,0.00,0.000,0.0116,0.2519
0.60,7.441,34.60,0.00,0.00,0.000,0.0131,0.2538
0.60,7.462,40.26,0.00,0.00,0.000,0.0140,0.2620
0.60,7.485,35.08,0.00,0.00,0.000,0.0146,0.2670
0.60,7.501,33.72,0.00,0.00,0.000,0.0159,0.2726
0.60,7.522,29.80,0.00,0.00,0.000,0.0176,0.2775
0.60,7.541,28.39,0.00,0.00,0.000,0.0169,0.2798
0.60,7.561,77.49,0.00,0.00,0.000,0.0098,0.2758
0.60,7.582,40.83,0.00,0.00,0.000,0.0084,0.2675
0.60,7.601,26.05,0.00,0.00,0.000,0.0092,0.2638
0.60,7.623,19.87,0.00,0.00,0.000,0.0094,0.2607
0.60,7.640,9.47,0.00,0.00,0.000,0.0092,0.2554
0.60,7.661,10.59,0.00,0.00,0.000,0.0085,0.2527
0.60,7.682,11.92,0.00,0.00,0.000,0.0084,0.2519
0.60,7.703,14.00,0.00,0.00,0.000,0.0086,0.2518
0.60,7.722,17.47,0.00,0.00,0.000,0.0085,0.2527
0.60,7.740,19.36,0.00,0.00,0.000,0.0080,0.2541
0.60,7.761,34.28,0.00,0.00,0.000,0.0069,0.2580
0.60,7.781,49.58,0.00,0.00,0.000,0.0072,0.2642
0.60,7.801,54.40,0.00,0.00,0.000,0.0079,0.2717
0.60,7.820,23.22,0.00,0.00,0.000,0.0075,0.2779
0.60,7.840,20.16,0.00,0.00,0.000,0.0076,0.2788
0.60,7.862,117.33,0.00,0.00,0.000,0.0109,0.2747
0.60,7.882,90.14,0.00,0.00,0.000,0.0132,0.2683
0.60,7.901,45.21,0.00,0.00,0.000,0.0142,0.2647
0.60,7.921,23.90,0.00,0.00,0.000,0.0137,0.2596
0.60,7.941,10.48,0.00,0.00,0.000,0.0129,0.2577
0.60,7.962,16.31,0.00,0.00,0.000,0.0105,0.2525
0.60,7.982,14.28,0.00,0.00,0.000,0.0082,0.2505
0.60,8.001,14.98,0.00,0.00,0.000,0.0080,0.2502
0.60,8.026,19.51,0.00,0.00,0.000,0.0087,0.2504
0.60,8.040,26.77,0.00,0.00,0.000,0.0101,0.2528
0.60,8.062,24.23,0.00,0.00,0.000,0.0104,0.2603
0.60,8.081,42.91,0.00,0.00,0.000,0.0104,0.2634
0.60,8.101,36.72,0.00,0.00,0.000,0.0114,0.2710
0.60,8.121,28.30,0.00,0.00,0.000,0.0131,0.2768
0.60,8.141,26.22,0.00,0.00,0.000,0.0125,0.2792
0.60,8.166,99.23,0.00,0.00,0.000,0.0091,0.2762
0.60,8.181,49.81,0.00,0.00,0.000,0.0090,0.2698
0.60,8.201,40.41,0.00,0.00,0.000,0.0102,0.2648
0.60,8.222,19.14,0.00,0.00,0.000,0.0104,0.2574
0.60,8.242,10.55,0.00,0.00,0.000,0.0102,0.2549
0.60,8.261,11.38,0.00,0.00,0.000,0.0099,0.2528
0.60,8.281,12.70,0.00,0.00,0.000,0.0092,0.2517
0.60,8.302,16.15,0.00,0.00,0.000,0.0084,0.2521
0.60,8.323,18.19,0.00,0.00,0.000,0.0081,0.2526
0.60,8.342,22.05,0.00,0.00,0.000,0.0076,0.2549
0.60,8.361,36.36,0.00,0.00,0.000,0.0071,0.2583
0.60,8.381,37.09,0.00,0.00,0.000,0.0082,0.2667
0.60,8.403,26.25,0.00,0.00,0.000,0.0102,0.2743
0.60,8.421,21.78,0.00,0.00,0.000,0.0097,0.2790
0.60,8.442,22.92,0.00,0.00,0.000,0.0083,0.2802
0.60,8.461,81.63,0.00,0.00,0.000,0.0097,0.2775
0.60,8.480,54.08,0.00,0.00,0.000,0.0126,0.2701
0.60,8.503,35.19,0.00,0.00,0.000,0.0134,0.2676
0.60,8.521,43.77,0.00,0.00,0.000,0.0132,0.2603
0.60,8.540,10.42,0.00,0.00,0.000,0.0116,0.2571
0.60,8.561,16.99,0.00,0.00,0.000,0.0090,0.2533
0.60,8.581,13.14,0.00,0.00,0.000,0.0061,0.2511
0.60,8.601,14.27,0.00,0.00,0.000,0.0056,0.2507
0.60,8.621,17.62,0.00,0.00,0.000,0.0066,0.2516
0.60,8.641,24.27,0.00,0.00,0.000,0.0077,0.2542
0.60,8.661,37.34,0.00,0.00,0.000,0.0077,0.2577
0.60,8.682,32.19,0.00,0.00,0.000,0.0078,0.2650
0.60,8.701,36.63,0.00,0.00,0.000,0.0085,0.2722
0.60,8.721,27.41,0.00,0.00,0.000,0.0101,0.2786
0.60,8.744,35.01,0.00,0.00,0.000,0.0098,0.2795
0.60,8.762,51.66,0.00,0.00,0.000,0.0044,0.2734
0.60,8.782,28.64,0.00,0.00,0.000,0.0044,0.2671
0.60,8.801,21.92,0.00,0.00,0.000,0.0054,0.2632
0.60,8.827,13.99,0.00,0.00,0.000,0.0063,0.2579
0.60,8.841,9.36,0.00,0.00,0.000,0.0060,0.2554
0.60,8.862,10.37,0.00,0.00,0.000,0.0059,0.2530
0.60,8.883,12.99,0.00,0.00,0.000,0.0062,0.2521
0.60,8.901,14.56,0.00,0.00,0.000,0.0064,0.2520
0.60,8.921,17.69,0.00,0.00,0.000,0.0064,0.2528
0.60,8.942,17.83,0.00,0.00,0.000,0.0060,0.2556
0.60,8.962,31.23,0.00,0.00,0.000,0.0058,0.2613
0.60,8.982,51.10,0.00,0.00,0.000,0.0070,0.2652
0.60,9.001,29.92,0.00,0.00,0.000,0.0091,0.2738
0.60,9.021,21.88,0.00,0.00,0.000,0.0086,0.2783
0.60,9.045,24.16,0.00,0.00,0.000,0.0079,0.2792
0.60,9.061,52.78,0.00,0.00,0.000,0.0088,0.2780
0.60,9.081,35.45,0.00,0.00,0.000,0.0112,0.2715
0.60,9.101,46.54,0.00,0.00,0.000,0.0126,0.2671
0.60,9.122,26.22,0.00,0.00,0.000,0.0129,0.2618
0.60,9.144,19.21,0.00,0.00,0.000,0.0105,0.2566
0.60,9.161,18.70,0.00,0.00,0.000,0.0086,0.2533
0.60,9.183,13.08,0.00,0.00,0.000,0.0063,0.2509
0.60,9.202,14.52,0.00,0.00,0.000,0.0057,0.2502
0.60,9.221,19.06,0.00,0.00,0.000,0.0073,0.2514
0.60,9.242,26.19,0.00,0.00,0.000,0.0092,0.2553
0.60,9.262,27.98,0.00,0.00,0.000,0.0096,0.2595
0.60,9.281,36.68,0.00,0.00,0.000,0.0098,0.2628
0.60,9.302,44.29,0.00,0.00,0.000,0.0111,0.2719
0.60,9.321,27.00,0.00,0.00,0.000,0.0129,0.2786
0.60,9.344,28.63,0.00,0.00,0.000,0.0124,0.2790
0.60,9.364,27.48,0.00,0.00,0.000,0.0122,0.2780
0.60,9.382,157.53,0.00,0.00,0.000,0.0120,0.2696
0.60,9.401,48.92,0.00,0.00,0.000,0.0115,0.2651
0.60,9.423,27.42,0.00,0.00,0.000,0.0108,0.2585
0.60,9.443,13.57,0.00,0.00,0.000,0.0104,0.2560
0.60,9.462,11.81,0.00,0.00,0.000,0.0100,0.2530
0.60,9.482,12.41,0.00,0.00,0.000,0.0095,0.2523
0.60,9.501,13.59,0.00,0.00,0.000,0.0090,0.2521
0.60,9.521,17.60,0.00,0.00,0.000,0.0087,0.2528
0.60,9.543,19.75,0.00,0.00,0.000,0.0082,0.2553
0.60,9.561,26.09,0.00,0.00,0.000,0.0075,0.2601
0.60,9.581,58.61,0.00,0.00,0.000,0.0091,0.2686
0.60,9.603,29.38,0.00,0.00,0.000,0.0103,0.2720
0.60,9.622,22.62,0.00,0.00,0.000,0.0102,0.2782
0.60,9.641,26.37,0.00,0.00,0.000,0.0096,0.2793
0.60,9.662,55.54,0.00,0.00,0.000,0.0115,0.2734
0.60,9.681,39.52,0.00,0.00,0.000,0.0123,0.2707
0.60,9.702,20.25,0.00,0.00,0.000,0.0139,0.2647
0.60,9.722,12.47,0.00,0.00,0.000,0.0141,0.2593
0.60,9.741,11.49,0.00,0.00,0.000,0.0128,0.2556
0.60,9.761,11.98,0.00,0.00,0.000,0.0106,0.2524
0.60,9.781,13.68,0.00,0.00,0.000,0.0090,0.2501
0.60,9.801,14.80,0.00,0.00,0.000,0.0091,0.2500
0.60,9.821,18.64,0.00,0.00,0.000,0.0103,0.2508
0.60,9.841,35.87,0.00,0.00,0.000,0.0112,0.2537
0.60,9.862,28.99,0.00,0.00,0.000,0.0114,0.2580
0.60,9.881,79.03,0.00,0.00,0.000,0.0117,0.2672
0.60,9.900,43.55,0.00,0.00,0.000,0.0130,0.2730
0.60,9.922,18.75,0.00,0.00,0.000,0.0150,0.2788
0.60,9.941,37.26,0.00,0.00,0.000,0.0146,0.2786
0.60,9.961,79.44,0.00,0.00,0.000,0.0111,0.2751
0.60,9.981,33.82,0.00,0.00,0.000,0.0102,0.2683
0.60,10.007,17.97,0.00,0.00,0.000,0.0101,0.2646
0.60,10.021,10.42,0.00,0.00,0.000,0.0101,0.2604
0.60,10.041,11.10,0.00,0.00,0.000,0.0097,0.2560
0.60,10.061,12.09,0.00,0.00,0.000,0.0083,0.2534
0.60,10.085,12.77,0.00,0.00,0.000,0.0076,0.2524
0.60,10.101,14.42,0.00,0.00,0.000,0.0080,0.2521
0.60,10.122,17.67,0.00,0.00,0.000,0.0083,0.2525
0.60,10.141,18.97,0.00,0.00,0.000,0.0077,0.2555
0.60,10.162,34.85,0.00,0.00,0.000,0.0065,0.2590
0.60,10.181,36.24,0.00,0.00,0.000,0.0070,0.2650
0.60,10.201,31.22,0.00,0.00,0.000,0.0096,0.2728
0.60,10.221,18.01,0.00,0.00,0.000,0.0091,0.2794
0.60,10.241,24.30,0.00,0.00,0.000,0.0082,0.2805
0.60,10.261,84.70,0.00,0.00,0.000,0.0109,0.2772
0.60,10.282,34.78,0.00,0.00,0.000,0.0149,0.2709
0.60,10.304,13.53,0.00,0.00,0.000,0.0165,0.2644
0.60,10.321,9.59,0.00,0.00,0.000,0.0158,0.2603
0.60,10.341,11.63,0.00,0.00,0.000,0.0136,0.2557
0.60,10.361,13.03,0.00,0.00,0.000,0.0114,0.2527
0.60,10.381,12.70,0.00,0.00,0.000,0.0106,0.2517
0.60,10.401,15.77,0.00,0.00,0.000,0.0104,0.2510
0.60,10.421,18.73,0.00,0.00,0.000,0.0115,0.2515
0.60,10.441,24.55,0.00,0.00,0.000,0.0124,0.2541
0.60,10.463,44.14,0.00,0.00,0.000,0.0129,0.2594
0.60,10.483,33.65,0.00,0.00,0.000,0.0134,0.2650
0.60,10.501,41.83,0.00,0.00,0.000,0.0155,0.2732
0.60,10.522,27.60,0.00,0.00,0.000,0.0172,0.2789
0.60,10.541,32.26,0.00,0.00,0.000,0.0174,0.2802
0.60,10.562,69.46,0.00,0.00,0.000,0.0099,0.2733
0.60,10.582,46.30,0.00,0.00,0.000,0.0062,0.2679
0.60,10.601,18.89,0.00,0.00,0.000,0.0070,0.2634
0.60,10.621,11.82,0.00,0.00,0.000,0.0088,0.2582
0.60,10.641,12.34,0.00,0.00,0.000,0.0094,0.2549
0.60,10.662,10.75,0.00,0.00,0.000,0.0091,0.2524
0.60,10.684,12.72,0.00,0.00,0.000,0.0087,0.2512
0.60,10.702,15.08,0.00,0.00,0.000,0.0087,0.2512
0.60,10.721,20.46,0.00,0.00,0.000,0.0086,0.2526
0.60,10.742,20.46,0.00,0.00,0.000,0.0082,0.2547
0.60,10.766,24.67,0.00,0.00,0.000,0.0073,0.2597
0.60,10.781,37.80,0.00,0.00,0.000,0.0080,0.2635
0.60,10.801,56.64,0.00,0.00,0.000,0.0095,0.2725
0.60,10.821,24.29,0.00,0.00,0.000,0.0092,0.2784
0.60,10.845,24.18,0.00,0.00,0.000,0.0093,0.2784
0.60,10.861,53.37,0.00,0.00,0.000,0.0115,0.2762
0.60,10.882,29.07,0.00,0.00,0.000,0.0144,0.2688
0.60,10.904,21.35,0.00,0.00,0.000,0.0145,0.2638
0.60,10.921,10.89,0.00,0.00,0.000,0.0140,0.2609
0.60,10.946,11.93,0.00,0.00,0.000,0.0115,0.2542
0.60,10.962,12.89,0.00,0.00,0.000,0.0098,0.2514
0.60,10.981,13.74,0.00,0.00,0.000,0.0093,0.2506
0.60,11.008,15.40,0.00,0.00,0.000,0.0098,0.2502
0.60,11.022,20.36,0.00,0.00,0.000,0.0112,0.2506
0.60,11.042,39.78,0.00,0.00,0.000,0.0123,0.2552
0.60,11.061,32.79,0.00,0.00,0.000,0.0129,0.2589
0.60,11.084,44.54,0.00,0.00,0.000,0.0138,0.2652
0.60,11.102,32.47,0.00,0.00,0.000,0.0162,0.2733
0.60,11.121,21.92,0.00,0.00,0.000,0.0173,0.2778
0.60,11.142,36.48,0.00,0.00,0.000,0.0151,0.2786
0.60,11.161,69.13,0.00,0.00,0.000,0.0079,0.2743
0.60,11.182,54.15,0.00,0.00,0.000,0.0072,0.2679
0.60,11.201,28.44,0.00,0.00,0.000,0.0084,0.2628
0.60,11.221,14.63,0.00,0.00,0.000,0.0087,0.2575
0.60,11.241,9.98,0.00,0.00,0.000,0.0086,0.2542
0.60,11.261,11.39,0.00,0.00,0.000,0.0088,0.2521
0.60,11.280,12.56,0.00,0.00,0.000,0.0089,0.2516
0.60,11.301,14.93,0.00,0.00,0.000,0.0086,0.2516
0.60,11.320,18.03,0.00,0.00,0.000,0.0080,0.2526
0.60,11.346,23.51,0.00,0.00,0.000,0.0076,0.2546
0.60,11.361,26.10,0.00,0.00,0.000,0.0069,0.2575
0.60,11.381,38.45,0.00,0.00,0.000,0.0073,0.2655
0.60,11.402,31.44,0.00,0.00,0.000,0.0096,0.2730
0.60,11.423,17.94,0.00,0.00,0.000,0.0094,0.2791
0.60,11.441,27.60,0.00,0.00,0.000,0.0093,0.2798
0.60,11.461,77.09,0.00,0.00,0.000,0.0146,0.2760
0.60,11.481,33.46,0.00,0.00,0.000,0.0166,0.2709
0.60,11.502,20.81,0.00,0.00,0.000,0.0167,0.2642
0.60,11.521,12.39,0.00,0.00,0.000,0.0160,0.2586
0.60,11.541,10.49,0.00,0.00,0.000,0.0150,0.2555
0.60,11.563,11.53,0.00,0.00,0.000,0.0136,0.2524
0.60,11.582,12.12,0.00,0.00,0.000,0.0128,0.2507
0.60,11.601,15.77,0.00,0.00,0.000,0.0133,0.2506
0.60,11.622,19.59,0.00,0.00,0.000,0.0152,0.2519
0.60,11.641,24.73,0.00,0.00,0.000,0.0160,0.2544
0.60,11.661,42.33,0.00,0.00,0.000,0.0171,0.2586
0.60,11.681,36.88,0.00,0.00,0.000,0.0186,0.2667
0.60,11.700,32.60,0.00,0.00,0.000,0.0214,0.2739
0.60,11.721,21.98,0.00,0.00,0.000,0.0236,0.2778
0.60,11.740,36.30,0.00,0.00,0.000,0.0217,0.2794
0.60,11.762,54.20,0.00,0.00,0.000,0.0117,0.2735
0.60,11.781,40.19,0.00,0.00,0.000,0.0092,0.2692
0.60,11.804,20.35,0.00,0.00,0.000,0.0097,0.2622
0.60,11.821,12.43,0.00,0.00,0.000,0.0108,0.2574
0.60,11.842,11.73,0.00,0.00,0.000,0.0107,0.2547
0.60,11.861,11.22,0.00,0.00,0.000,0.0101,0.2530
0.60,11.881,12.32,0.00,0.00,0.000,0.0095,0.2520
0.60,11.903,14.88,0.00,0.00,0.000,0.0097,0.2521
0.60,11.921,16.43,0.00,0.00,0.000,0.0098,0.2533
0.60,11.941,20.27,0.00,0.00,0.000,0.0091,0.2566
0.60,11.962,36.06,0.00,0.00,0.000,0.0090,0.2618
0.60,11.986,49.54,0.00,0.00,0.000,0.0096,0.2648
0.80,3.002,66.91,0.00,0.00,0.000,0.0067,0.2723
0.80,3.022,26.26,0.00,0.00,0.000,0.0047,0.2790
0.80,3.041,47.69,0.00,0.00,0.000,0.0024,0.2816
0.80,3.061,80.11,0.00,0.00,0.000,0.0038,0.2791
0.80,3.082,45.93,0.00,0.00,0.000,0.0057,0.2712
0.80,3.101,39.84,0.00,0.00,0.000,0.0051,0.2648
0.80,3.121,31.16,0.00,0.00,0.000,0.0032,0.2584
0.80,3.141,19.50,0.00,0.00,0.000,0.0003,0.2521
0.80,3.161,22.69,0.00,0.00,0.000,0.0033,0.2476
0.80,3.181,24.61,0.00,0.00,0.000,0.0052,0.2452
0.80,3.201,29.72,0.00,0.00,0.000,0.0048,0.2454
0.80,3.221,38.17,0.00,0.00,0.000,0.0031,0.2461
0.80,3.241,48.19,0.00,0.00,0.000,0.0020,0.2490
0.80,3.262,52.57,0.00,0.00,0.000,0.0017,0.2551
0.80,3.282,47.73,0.00,0.00,0.000,0.0025,0.2637
0.80,3.302,59.42,0.00,0.00,0.000,0.0049,0.2701
0.80,3.322,31.15,0.00,0.00,0.000,0.0081,0.2786
0.80,3.341,64.78,0.00,0.00,0.000,0.0068,0.2803
0.80,3.361,141.59,0.00,0.00,0.000,0.0047,0.2779
0.80,3.382,42.51,0.00,0.00,0.000,0.0054,0.2716
0.80,3.402,36.06,0.00,0.00,0.000,0.0055,0.2656
0.80,3.421,20.89,0.00,0.00,0.000,0.0062,0.2590
0.80,3.441,15.88,0.00,0.00,0.000,0.0060,0.2543
0.80,3.461,17.19,0.00,0.00,0.000,0.0054,0.2519
0.80,3.481,19.83,0.00,0.00,0.000,0.0048,0.2502
0.80,3.501,22.22,0.00,0.00,0.000,0.0054,0.2496
0.80,3.525,27.06,0.00,0.00,0.000,0.0061,0.2500
0.80,3.541,27.54,0.00,0.00,0.000,0.0065,0.2526
0.80,3.561,47.55,0.00,0.00,0.000,0.0066,0.2553
0.80,3.581,87.04,0.00,0.00,0.000,0.0073,0.2608
0.80,3.601,52.20,0.00,0.00,0.000,0.0085,0.2728
0.80,3.625,32.76,0.00,0.00,0.000,0.0076,0.2789
0.80,3.641,32.66,0.00,0.00,0.000,0.0063,0.2825
0.80,3.661,145.79,0.00,0.00,0.000,0.0076,0.2798
0.80,3.681,68.03,0.00,0.00,0.000,0.0098,0.2713
0.80,3.702,32.01,0.00,0.00,0.000,0.0113,0.2651
0.80,3.721,15.70,0.00,0.00,0.000,0.0101,0.2592
0.80,3.741,19.12,0.00,0.00,0.000,0.0085,0.2544
0.80,3.761,22.84,0.00,0.00,0.000,0.0062,0.2492
0.80,3.786,22.66,0.00,0.00,0.000,0.0043,0.2466
0.80,3.801,27.01,0.00,0.00,0.000,0.0045,0.2467
0.80,3.821,34.37,0.00,0.00,0.000,0.0070,0.2469
0.80,3.841,34.10,0.00,0.00,0.000,0.0091,0.2507
0.80,3.862,60.10,0.00,0.00,0.000,0.0102,0.2550
0.80,3.882,50.17,0.00,0.00,0.000,0.0131,0.2649
0.80,3.901,58.07,0.00,0.00,0.000,0.0161,0.2713
0.80,3.922,32.29,0.00,0.00,0.000,0.0210,0.2795
0.80,3.941,67.45,0.00,0.00,0.000,0.0214,0.2807
0.80,3.961,160.59,0.00,0.00,0.000,0.0165,0.2771
0.80,3.981,61.14,0.00,0.00,0.000,0.0143,0.2696
0.80,4.001,42.81,0.00,0.00,0.000,0.0144,0.2642
0.80,4.021,30.06,0.00,0.00,0.000,0.0147,0.2574
0.80,4.041,19.81,0.00,0.00,0.000,0.0139,0.2531
0.80,4.061,20.66,0.00,0.00,0.000,0.0130,0.2501
0.80,4.087,21.80,0.00,0.00,0.000,0.0128,0.2489
0.80,4.101,24.06,0.00,0.00,0.000,0.0133,0.2486
0.80,4.121,31.12,0.00,0.00,0.000,0.0136,0.2491
0.80,4.142,32.44,0.00,0.00,0.000,0.0135,0.2506
0.80,4.162,45.68,0.00,0.00,0.000,0.0131,0.2536
0.80,4.181,80.86,0.00,0.00,0.000,0.0127,0.2607
0.80,4.201,59.90,0.00,0.00,0.000,0.0125,0.2716
0.80,4.224,31.85,0.00,0.00,0.000,0.0106,0.2796
0.80,4.241,44.45,0.00,0.00,0.000,0.0089,0.2820
0.80,4.261,152.92,0.00,0.00,0.000,0.0092,0.2794
0.80,4.281,59.39,0.00,0.00,0.000,0.0114,0.2728
0.80,4.307,72.42,0.00,0.00,0.000,0.0125,0.2687
0.80,4.321,13.96,0.00,0.00,0.000,0.0111,0.2589
0.80,4.341,26.81,0.00,0.00,0.000,0.0081,0.2520
0.80,4.363,21.90,0.00,0.00,0.000,0.0055,0.2479
0.80,4.383,24.23,0.00,0.00,0.000,0.0044,0.2464
0.80,4.401,29.82,0.00,0.00,0.000,0.0054,0.2457
0.80,4.421,34.34,0.00,0.00,0.000,0.0073,0.2470
0.80,4.441,52.50,0.00,0.00,0.000,0.0085,0.2492
0.80,4.461,51.81,0.00,0.00,0.000,0.0096,0.2536
0.80,4.481,88.36,0.00,0.00,0.000,0.0112,0.2600
0.80,4.502,51.67,0.00,0.00,0.000,0.0154,0.2724
0.80,4.523,30.10,0.00,0.00,0.000,0.0192,0.2780
0.80,4.541,54.98,0.00,0.00,0.000,0.0176,0.2797
0.80,4.561,121.69,0.00,0.00,0.000,0.0106,0.2757
0.80,4.582,54.34,0.00,0.00,0.000,0.0088,0.2707
0.80,4.602,22.55,0.00,0.00,0.000,0.0080,0.2646
0.80,4.621,22.97,0.00,0.00,0.000,0.0088,0.2581
0.80,4.641,18.99,0.00,0.00,0.000,0.0094,0.2543
0.80,4.662,19.14,0.00,0.00,0.000,0.0096,0.2511
0.80,4.682,21.53,0.00,0.00,0.000,0.0094,0.2489
0.80,4.704,24.33,0.00,0.00,0.000,0.0098,0.2484
0.80,4.722,25.51,0.00,0.00,0.000,0.0100,0.2494
0.80,4.741,33.51,0.00,0.00,0.000,0.0093,0.2517
0.80,4.762,56.91,0.00,0.00,0.000,0.0084,0.2547
0.80,4.782,62.42,0.00,0.00,0.000,0.0077,0.2598
0.80,4.802,51.84,0.00,0.00,0.000,0.0072,0.2721
0.80,4.821,24.26,0.00,0.00,0.000,0.0049,0.2801
0.80,4.846,52.02,0.00,0.00,0.000,0.0044,0.2811
0.80,4.861,77.59,0.00,0.00,0.000,0.0073,0.2788
0.80,4.881,107.72,0.00,0.00,0.000,0.0106,0.2721
0.80,4.902,34.02,0.00,0.00,0.000,0.0108,0.2662
0.80,4.921,15.72,0.00,0.00,0.000,0.0087,0.2593
0.80,4.941,24.35,0.00,0.00,0.000,0.0049,0.2522
0.80,4.961,24.90,0.00,0.00,0.000,0.0014,0.2477
0.80,4.981,24.61,0.00,0.00,0.000,0.0005,0.2459
0.80,5.002,27.97,0.00,0.00,0.000,0.0013,0.2455
0.80,5.021,36.86,0.00,0.00,0.000,0.0010,0.2462
0.80,5.041,35.75,0.00,0.00,0.000,0.0035,0.2503
0.80,5.061,49.27,0.00,0.00,0.000,0.0051,0.2566
0.80,5.083,70.83,0.00,0.00,0.000,0.0071,0.2625
0.80,5.101,42.56,0.00,0.00,0.000,0.0112,0.2722
0.80,5.121,26.73,0.00,0.00,0.000,0.0152,0.2798
0.80,5.142,42.64,0.00,0.00,0.000,0.0146,0.2814
0.80,5.161,157.65,0.00,0.00,0.000,0.0112,0.2786
0.80,5.182,51.52,0.00,0.00,0.000,0.0103,0.2729
0.80,5.201,36.12,0.00,0.00,0.000,0.0102,0.2654
0.80,5.222,22.60,0.00,0.00,0.000,0.0113,0.2586
0.80,5.243,18.48,0.00,0.00,0.000,0.0122,0.2539
0.80,5.262,17.87,0.00,0.00,0.000,0.0114,0.2516
0.80,5.281,20.81,0.00,0.00,0.000,0.0106,0.2497
0.80,5.301,23.02,0.00,0.00,0.000,0.0109,0.2491
0.80,5.321,27.83,0.00,0.00,0.000,0.0120,0.2496
0.80,5.342,31.92,0.00,0.00,0.000,0.0123,0.2513
0.80,5.362,59.15,0.00,0.00,0.000,0.0118,0.2556
0.80,5.381,81.86,0.00,0.00,0.000,0.0114,0.2656
0.80,5.401,49.40,0.00,0.00,0.000,0.0106,0.2740
0.80,5.421,26.19,0.00,0.00,0.000,0.0082,0.2817
0.80,5.441,42.15,0.00,0.00,0.000,0.0071,0.2831
0.80,5.462,82.84,0.00,0.00,0.000,0.0084,0.2805
0.80,5.482,47.88,0.00,0.00,0.000,0.0103,0.2750
0.80,5.501,42.72,0.00,0.00,0.000,0.0111,0.2675
0.80,5.521,18.08,0.00,0.00,0.000,0.0090,0.2596
0.80,5.541,20.65,0.00,0.00,0.000,0.0060,0.2532
0.80,5.564,21.92,0.00,0.00,0.000,0.0046,0.2507
0.80,5.581,21.84,0.00,0.00,0.000,0.0020,0.2479
0.80,5.602,27.16,0.00,0.00,0.000,0.0014,0.2470
0.80,5.622,35.02,0.00,0.00,0.000,0.0037,0.2479
0.80,5.641,36.25,0.00,0.00,0.000,0.0059,0.2516
0.80,5.661,59.82,0.00,0.00,0.000,0.0066,0.2558
0.80,5.681,66.93,0.00,0.00,0.000,0.0083,0.2634
0.80,5.702,55.68,0.00,0.00,0.000,0.0119,0.2709
0.80,5.722,33.08,0.00,0.00,0.000,0.0159,0.2802
0.80,5.741,44.68,0.00,0.00,0.000,0.0161,0.2816
0.80,5.761,203.14,0.00,0.00,0.000,0.0133,0.2789
0.80,5.781,56.24,0.00,0.00,0.000,0.0098,0.2717
0.80,5.804,26.86,0.00,0.00,0.000,0.0100,0.2657
0.80,5.822,27.68,0.00,0.00,0.000,0.0117,0.2587
0.80,5.841,18.02,0.00,0.00,0.000,0.0131,0.2552
0.80,5.863,18.17,0.00,0.00,0.000,0.0127,0.2507
0.80,5.881,19.71,0.00,0.00,0.000,0.0121,0.2493
0.80,5.901,21.89,0.00,0.00,0.000,0.0122,0.2490
0.80,5.921,26.24,0.00,0.00,0.000,0.0138,0.2493
0.80,5.942,30.25,0.00,0.00,0.000,0.0149,0.2520
0.80,5.962,45.50,0.00,0.00,0.000,0.0153,0.2546
0.80,5.981,79.39,0.00,0.00,0.000,0.0156,0.2607
0.80,6.001,59.24,0.00,0.00,0.000,0.0157,0.2702
0.80,6.025,34.65,0.00,0.00,0.000,0.0150,0.2794
0.80,6.041,29.39,0.00,0.00,0.000,0.0138,0.2823
0.80,6.061,63.89,0.00,0.00,0.000,0.0122,0.2805
0.80,6.082,99.28,0.00,0.00,0.000,0.0128,0.2716
0.80,6.101,114.05,0.00,0.00,0.000,0.0138,0.2685
0.80,6.122,72.64,0.00,0.00,0.000,0.0137,0.2611
0.80,6.141,23.08,0.00,0.00,0.000,0.0107,0.2536
0.80,6.167,28.08,0.00,0.00,0.000,0.0088,0.2493
0.80,6.181,23.24,0.00,0.00,0.000,0.0068,0.2480
0.80,6.201,27.42,0.00,0.00,0.000,0.0063,0.2464
0.80,6.223,33.44,0.00,0.00,0.000,0.0082,0.2473
0.80,6.241,52.15,0.00,0.00,0.000,0.0099,0.2492
0.80,6.261,56.99,0.00,0.00,0.000,0.0115,0.2550
0.80,6.281,73.00,0.00,0.00,0.000,0.0136,0.2628
0.80,6.304,57.68,0.00,0.00,0.000,0.0161,0.2705
0.80,6.321,28.94,0.00,0.00,0.000,0.0215,0.2788
0.80,6.341,66.82,0.00,0.00,0.000,0.0181,0.2792
0.80,6.361,99.47,0.00,0.00,0.000,0.0121,0.2750
0.80,6.387,41.90,0.00,0.00,0.000,0.0116,0.2694
0.80,6.402,19.85,0.00,0.00,0.000,0.0101,0.2646
0.80,6.422,23.16,0.00,0.00,0.000,0.0082,0.2582
0.80,6.441,19.28,0.00,0.00,0.000,0.0081,0.2534
0.80,6.461,19.14,0.00,0.00,0.000,0.0089,0.2513
0.80,6.481,21.56,0.00,0.00,0.000,0.0100,0.2496
0.80,6.501,23.10,0.00,0.00,0.000,0.0106,0.2492
0.80,6.528,29.52,0.00,0.00,0.000,0.0108,0.2505
0.80,6.542,31.24,0.00,0.00,0.000,0.0106,0.2510
0.80,6.561,50.99,0.00,0.00,0.000,0.0100,0.2552
0.80,6.581,54.96,0.00,0.00,0.000,0.0094,0.2603
0.80,6.601,73.08,0.00,0.00,0.000,0.0090,0.2728
0.80,6.621,34.73,0.00,0.00,0.000,0.0075,0.2791
0.80,6.643,32.90,0.00,0.00,0.000,0.0058,0.2821
0.80,6.661,130.82,0.00,0.00,0.000,0.0092,0.2787
0.80,6.681,52.42,0.00,0.00,0.000,0.0110,0.2716
0.80,6.701,55.97,0.00,0.00,0.000,0.0095,0.2663
0.80,6.721,24.85,0.00,0.00,0.000,0.0082,0.2600
0.80,6.742,20.35,0.00,0.00,0.000,0.0052,0.2518
0.80,6.761,21.63,0.00,0.00,0.000,0.0030,0.2474
0.80,6.781,22.42,0.00,0.00,0.000,0.0019,0.2462
0.80,6.801,28.89,0.00,0.00,0.000,0.0022,0.2456
0.80,6.821,38.05,0.00,0.00,0.000,0.0042,0.2463
0.80,6.841,52.83,0.00,0.00,0.000,0.0064,0.2490
0.80,6.863,42.12,0.00,0.00,0.000,0.0067,0.2505
0.80,6.882,80.47,0.00,0.00,0.000,0.0085,0.2631
0.80,6.901,59.18,0.00,0.00,0.000,0.0115,0.2714
0.80,6.921,32.54,0.00,0.00,0.000,0.0159,0.2778
0.80,6.941,65.20,0.00,0.00,0.000,0.0178,0.2802
0.80,6.961,204.50,0.00,0.00,0.000,0.0125,0.2750
0.80,6.981,37.33,0.00,0.00,0.000,0.0092,0.2682
0.80,7.005,48.63,0.00,0.00,0.000,0.0090,0.2643
0.80,7.021,21.94,0.00,0.00,0.000,0.0112,0.2576
0.80,7.041,19.30,0.00,0.00,0.000,0.0126,0.2531
0.80,7.062,19.27,0.00,0.00,0.000,0.0123,0.2505
0.80,7.084,20.59,0.00,0.00,0.000,0.0122,0.2488
0.80,7.101,23.20,0.00,0.00,0.000,0.0125,0.2483
0.80,7.121,28.40,0.00,0.00,0.000,0.0138,0.2485
0.80,7.141,36.17,0.00,0.00,0.000,0.0144,0.2504
0.80,7.163,53.01,0.00,0.00,0.000,0.0146,0.2522
0.80,7.181,72.87,0.00,0.00,0.000,0.0147,0.2634
0.80,7.201,51.07,0.00,0.00,0.000,0.0147,0.2702
0.80,7.221,39.51,0.00,0.00,0.000,0.0141,0.2787
0.80,7.241,29.59,0.00,0.00,0.000,0.0129,0.2820
0.80,7.271,130.05,0.00,0.00,0.000,0.0124,0.2794
0.80,7.281,65.45,0.00,0.00,0.000,0.0134,0.2736
0.80,7.301,82.47,0.00,0.00,0.000,0.0149,0.2671
0.80,7.322,33.33,0.00,0.00,0.000,0.0148,0.2607
0.80,7.342,14.59,0.00,0.00,0.000,0.0127,0.2538
0.80,7.360,21.60,0.00,0.00,0.000,0.0104,0.2491
0.80,7.381,22.65,0.00,0.00,0.000,0.0086,0.2464
0.80,7.401,26.08,0.00,0.00,0.000,0.0080,0.2459
0.80,7.421,35.69,0.00,0.00,0.000,0.0087,0.2463
0.80,7.442,34.76,0.00,0.00,0.000,0.0096,0.2476
0.80,7.462,48.10,0.00,0.00,0.000,0.0120,0.2551
0.80,7.481,46.05,0.00,0.00,0.000,0.0141,0.2638
0.80,7.501,45.47,0.00,0.00,0.000,0.0180,0.2727
0.80,7.521,32.09,0.00,0.00,0.000,0.0220,0.2779
0.80,7.541,56.41,0.00,0.00,0.000,0.0223,0.2804
0.80,7.561,143.34,0.00,0.00,0.000,0.0113,0.2768
0.80,7.583,64.61,0.00,0.00,0.000,0.0068,0.2709
0.80,7.601,34.07,0.00,0.00,0.000,0.0106,0.2633
0.80,7.621,33.79,0.00,0.00,0.000,0.0123,0.2584
0.80,7.642,20.17,0.00,0.00,0.000,0.0121,0.2536
0.80,7.661,20.53,0.00,0.00,0.000,0.0112,0.2507
0.80,7.681,22.00,0.00,0.00,0.000,0.0109,0.2489
0.80,7.702,25.85,0.00,0.00,0.000,0.0110,0.2484
0.80,7.722,27.67,0.00,0.00,0.000,0.0101,0.2490
0.80,7.741,41.57,0.00,0.00,0.000,0.0086,0.2508
0.80,7.761,64.94,0.00,0.00,0.000,0.0073,0.2546
0.80,7.781,74.18,0.00,0.00,0.000,0.0066,0.2621
0.80,7.802,53.41,0.00,0.00,0.000,0.0061,0.2721
0.80,7.823,34.17,0.00,0.00,0.000,0.0034,0.2798
0.80,7.841,52.20,0.00,0.00,0.000,0.0028,0.2812
0.80,7.861,120.69,0.00,0.00,0.000,0.0055,0.2768
0.80,7.881,92.00,0.00,0.00,0.000,0.0091,0.2715
0.80,7.902,35.57,0.00,0.00,0.000,0.0084,0.2661
0.80,7.921,21.92,0.00,0.00,0.000,0.0045,0.2566
0.80,7.941,21.54,0.00,0.00,0.000,0.0012,0.2502
0.80,7.961,20.07,0.00,0.00,0.000,0.0012,0.2481
0.80,7.981,24.24,0.00,0.00,0.000,0.0032,0.2456
0.80,8.002,30.75,0.00,0.00,0.000,0.0030,0.2458
0.80,8.021,37.73,0.00,0.00,0.000,0.0021,0.2459
0.80,8.041,50.29,0.00,0.00,0.000,0.0013,0.2486
0.80,8.061,60.53,0.00,0.00,0.000,0.0015,0.2544
0.80,8.081,52.69,0.00,0.00,0.000,0.0034,0.2637
0.80,8.103,59.29,0.00,0.00,0.000,0.0054,0.2701
0.80,8.123,32.14,0.00,0.00,0.000,0.0098,0.2774
0.80,8.141,47.02,0.00,0.00,0.000,0.0106,0.2794
0.80,8.161,158.77,0.00,0.00,0.000,0.0087,0.2778
0.80,8.183,53.45,0.00,0.00,0.000,0.0067,0.2710
0.80,8.201,48.92,0.00,0.00,0.000,0.0075,0.2669
0.80,8.223,29.47,0.00,0.00,0.000,0.0105,0.2581
0.80,8.241,15.91,0.00,0.00,0.000,0.0121,0.2533
0.80,8.261,17.85,0.00,0.00,0.000,0.0116,0.2500
0.80,8.282,20.47,0.00,0.00,0.000,0.0113,0.2485
0.80,8.302,22.91,0.00,0.00,0.000,0.0121,0.2482
0.80,8.321,27.46,0.00,0.00,0.000,0.0138,0.2485
0.80,8.341,35.26,0.00,0.00,0.000,0.0146,0.2501
0.80,8.361,49.21,0.00,0.00,0.000,0.0154,0.2541
0.80,8.381,91.53,0.00,0.00,0.000,0.0166,0.2624
0.80,8.401,57.87,0.00,0.00,0.000,0.0171,0.2702
0.80,8.422,45.20,0.00,0.00,0.000,0.0169,0.2760
0.80,8.441,33.02,0.00,0.00,0.000,0.0153,0.2824
0.80,8.461,147.17,0.00,0.00,0.000,0.0135,0.2792
0.80,8.481,67.06,0.00,0.00,0.000,0.0133,0.2734
0.80,8.501,90.54,0.00,0.00,0.000,0.0149,0.2677
0.80,8.521,50.07,0.00,0.00,0.000,0.0155,0.2586
0.80,8.541,21.37,0.00,0.00,0.000,0.0130,0.2525
0.80,8.561,25.00,0.00,0.00,0.000,0.0104,0.2476
0.80,8.581,21.53,0.00,0.00,0.000,0.0088,0.2462
0.80,8.601,26.76,0.00,0.00,0.000,0.0082,0.2453
0.80,8.621,36.30,0.00,0.00,0.000,0.0099,0.2457
0.80,8.641,70.64,0.00,0.00,0.000,0.0120,0.2498
0.80,8.661,54.89,0.00,0.00,0.000,0.0138,0.2554
0.80,8.681,67.58,0.00,0.00,0.000,0.0163,0.2645
0.80,8.702,54.41,0.00,0.00,0.000,0.0193,0.2710
0.80,8.721,26.54,0.00,0.00,0.000,0.0260,0.2795
0.80,8.741,82.40,0.00,0.00,0.000,0.0248,0.2802
0.80,8.761,91.90,0.00,0.00,0.000,0.0159,0.2740
0.80,8.787,53.49,0.00,0.00,0.000,0.0128,0.2703
0.80,8.801,54.32,0.00,0.00,0.000,0.0133,0.2642
0.80,8.822,22.92,0.00,0.00,0.000,0.0142,0.2594
0.80,8.842,20.33,0.00,0.00,0.000,0.0144,0.2556
0.80,8.861,19.81,0.00,0.00,0.000,0.0133,0.2507
0.80,8.881,21.51,0.00,0.00,0.000,0.0134,0.2492
0.80,8.901,23.19,0.00,0.00,0.000,0.0145,0.2489
0.80,8.923,27.95,0.00,0.00,0.000,0.0154,0.2491
0.80,8.941,30.71,0.00,0.00,0.000,0.0158,0.2502
0.80,8.961,53.33,0.00,0.00,0.000,0.0161,0.2536
0.80,8.981,62.41,0.00,0.00,0.000,0.0163,0.2609
0.80,9.003,64.94,0.00,0.00,0.000,0.0168,0.2707
0.80,9.021,30.90,0.00,0.00,0.000,0.0162,0.2794
0.80,9.042,29.93,0.00,0.00,0.000,0.0141,0.2821
0.80,9.061,122.31,0.00,0.00,0.000,0.0110,0.2783
0.80,9.082,77.02,0.00,0.00,0.000,0.0113,0.2723
0.80,9.101,35.46,0.00,0.00,0.000,0.0139,0.2650
0.80,9.122,14.08,0.00,0.00,0.000,0.0134,0.2577
0.80,9.142,15.46,0.00,0.00,0.000,0.0128,0.2559
0.80,9.161,21.51,0.00,0.00,0.000,0.0081,0.2479
0.80,9.181,23.32,0.00,0.00,0.000,0.0061,0.2459
0.80,9.203,26.34,0.00,0.00,0.000,0.0058,0.2454
0.80,9.221,34.18,0.00,0.00,0.000,0.0079,0.2462
0.80,9.241,42.94,0.00,0.00,0.000,0.0092,0.2496
0.80,9.261,59.04,0.00,0.00,0.000,0.0101,0.2539
0.80,9.282,71.56,0.00,0.00,0.000,0.0125,0.2616
0.80,9.301,52.13,0.00,0.00,0.000,0.0149,0.2691
0.80,9.321,28.71,0.00,0.00,0.000,0.0195,0.2781
0.80,9.341,46.05,0.00,0.00,0.000,0.0208,0.2809
0.80,9.361,104.96,0.00,0.00,0.000,0.0172,0.2760
0.80,9.381,64.20,0.00,0.00,0.000,0.0141,0.2699
0.80,9.401,36.96,0.00,0.00,0.000,0.0140,0.2632
0.80,9.424,25.29,0.00,0.00,0.000,0.0146,0.2601
0.80,9.441,18.95,0.00,0.00,0.000,0.0161,0.2550
0.80,9.461,19.83,0.00,0.00,0.000,0.0158,0.2516
0.80,9.481,21.67,0.00,0.00,0.000,0.0148,0.2497
0.80,9.502,23.31,0.00,0.00,0.000,0.0148,0.2491
0.80,9.523,24.59,0.00,0.00,0.000,0.0157,0.2499
0.80,9.541,27.94,0.00,0.00,0.000,0.0170,0.2522
0.80,9.561,42.76,0.00,0.00,0.000,0.0177,0.2562
0.80,9.584,62.10,0.00,0.00,0.000,0.0179,0.2592
0.80,9.601,90.61,0.00,0.00,0.000,0.0177,0.2726
0.80,9.621,42.36,0.00,0.00,0.000,0.0165,0.2798
0.80,9.641,45.42,0.00,0.00,0.000,0.0136,0.2823
0.80,9.661,139.58,0.00,0.00,0.000,0.0114,0.2800
0.80,9.681,88.26,0.00,0.00,0.000,0.0131,0.2723
0.80,9.702,61.47,0.00,0.00,0.000,0.0161,0.2661
0.80,9.721,17.81,0.00,0.00,0.000,0.0149,0.2580
0.80,9.741,15.56,0.00,0.00,0.000,0.0125,0.2532
0.80,9.761,22.98,0.00,0.00,0.000,0.0094,0.2484
0.80,9.782,22.04,0.00,0.00,0.000,0.0077,0.2467
0.80,9.805,25.98,0.00,0.00,0.000,0.0075,0.2460
0.80,9.821,32.13,0.00,0.00,0.000,0.0090,0.2471
0.80,9.841,47.84,0.00,0.00,0.000,0.0111,0.2489
0.80,9.861,48.82,0.00,0.00,0.000,0.0123,0.2561
0.80,9.881,71.30,0.00,0.00,0.000,0.0135,0.2618
0.80,9.901,76.90,0.00,0.00,0.000,0.0185,0.2743
0.80,9.921,40.95,0.00,0.00,0.000,0.0225,0.2794
0.80,9.941,74.09,0.00,0.00,0.000,0.0203,0.2807
0.80,9.961,116.96,0.00,0.00,0.000,0.0123,0.2770
0.80,9.981,45.82,0.00,0.00,0.000,0.0108,0.2714
0.80,10.002,31.55,0.00,0.00,0.000,0.0111,0.2649
0.80,10.023,19.13,0.00,0.00,0.000,0.0116,0.2602
0.80,10.041,19.55,0.00,0.00,0.000,0.0114,0.2548
0.80,10.061,17.29,0.00,0.00,0.000,0.0107,0.2513
0.80,10.081,20.89,0.00,0.00,0.000,0.0101,0.2494
0.80,10.101,23.61,0.00,0.00,0.000,0.0108,0.2493
0.80,10.121,28.57,0.00,0.00,0.000,0.0111,0.2496
0.80,10.141,36.36,0.00,0.00,0.000,0.0107,0.2515
0.80,10.161,53.39,0.00,0.00,0.000,0.0097,0.2558
0.80,10.182,86.42,0.00,0.00,0.000,0.0097,0.2644
0.80,10.202,46.02,0.00,0.00,0.000,0.0092,0.2740
0.80,10.221,41.54,0.00,0.00,0.000,0.0063,0.2814
0.80,10.242,43.57,0.00,0.00,0.000,0.0049,0.2835
0.80,10.261,101.45,0.00,0.00,0.000,0.0065,0.2804
0.80,10.281,98.54,0.00,0.00,0.000,0.0098,0.2729
0.80,10.301,83.18,0.00,0.00,0.000,0.0100,0.2681
0.80,10.321,46.51,0.00,0.00,0.000,0.0085,0.2590
0.80,10.341,18.62,0.00,0.00,0.000,0.0061,0.2545
0.80,10.362,23.98,0.00,0.00,0.000,0.0030,0.2493
0.80,10.381,21.81,0.00,0.00,0.000,0.0008,0.2473
0.80,10.409,29.14,0.00,0.00,0.000,0.0007,0.2470
0.80,10.421,33.42,0.00,0.00,0.000,0.0024,0.2479
0.80,10.441,51.49,0.00,0.00,0.000,0.0038,0.2499
0.80,10.461,57.50,0.00,0.00,0.000,0.0045,0.2558
0.80,10.487,68.93,0.00,0.00,0.000,0.0057,0.2634
0.80,10.501,51.58,0.00,0.00,0.000,0.0079,0.2706
0.80,10.521,35.56,0.00,0.00,0.000,0.0119,0.2791
0.80,10.541,46.58,0.00,0.00,0.000,0.0120,0.2814
0.80,10.565,69.61,0.00,0.00,0.000,0.0078,0.2803
0.80,10.584,67.65,0.00,0.00,0.000,0.0033,0.2724
0.80,10.602,44.03,0.00,0.00,0.000,0.0059,0.2647
0.80,10.622,33.98,0.00,0.00,0.000,0.0078,0.2591
0.80,10.641,17.13,0.00,0.00,0.000,0.0084,0.2546
0.80,10.661,19.18,0.00,0.00,0.000,0.0078,0.2511
0.80,10.681,21.29,0.00,0.00,0.000,0.0076,0.2495
0.80,10.703,23.01,0.00,0.00,0.000,0.0080,0.2491
0.80,10.721,28.37,0.00,0.00,0.000,0.0079,0.2495
0.80,10.741,35.47,0.00,0.00,0.000,0.0071,0.2516
0.80,10.761,57.65,0.00,0.00,0.000,0.0057,0.2555
0.80,10.781,52.04,0.00,0.00,0.000,0.0056,0.2649
0.80,10.801,51.35,0.00,0.00,0.000,0.0054,0.2735
0.80,10.821,25.09,0.00,0.00,0.000,0.0045,0.2814
0.80,10.843,47.91,0.00,0.00,0.000,0.0049,0.2836
0.80,10.862,72.41,0.00,0.00,0.000,0.0083,0.2770
0.80,10.881,117.90,0.00,0.00,0.000,0.0117,0.2733
0.80,10.903,81.30,0.00,0.00,0.000,0.0111,0.2645
0.80,10.922,44.46,0.00,0.00,0.000,0.0093,0.2604
0.80,10.941,41.18,0.00,0.00,0.000,0.0061,0.2523
0.80,10.961,22.34,0.00,0.00,0.000,0.0031,0.2485
0.80,10.982,24.26,0.00,0.00,0.000,0.0014,0.2463
0.80,11.001,28.87,0.00,0.00,0.000,0.0016,0.2462
0.80,11.021,34.67,0.00,0.00,0.000,0.0032,0.2474
0.80,11.042,52.31,0.00,0.00,0.000,0.0047,0.2497
0.80,11.066,51.36,0.00,0.00,0.000,0.0058,0.2541
0.80,11.083,73.16,0.00,0.00,0.000,0.0084,0.2633
0.80,11.102,57.97,0.00,0.00,0.000,0.0110,0.2711
0.80,11.121,22.78,0.00,0.00,0.000,0.0160,0.2796
0.80,11.141,75.49,0.00,0.00,0.000,0.0120,0.2797
0.80,11.161,108.57,0.00,0.00,0.000,0.0067,0.2755
0.80,11.181,38.97,0.00,0.00,0.000,0.0072,0.2708
0.80,11.202,27.05,0.00,0.00,0.000,0.0074,0.2649
0.80,11.221,18.89,0.00,0.00,0.000,0.0080,0.2584
0.80,11.242,17.85,0.00,0.00,0.000,0.0082,0.2533
0.80,11.262,16.77,0.00,0.00,0.000,0.0080,0.2504
0.80,11.281,19.57,0.00,0.00,0.000,0.0085,0.2492
0.80,11.301,22.50,0.00,0.00,0.000,0.0098,0.2486
0.80,11.321,25.65,0.00,0.00,0.000,0.0106,0.2495
0.80,11.341,33.07,0.00,0.00,0.000,0.0108,0.2509
0.80,11.363,54.65,0.00,0.00,0.000,0.0110,0.2544
0.80,11.381,48.09,0.00,0.00,0.000,0.0116,0.2631
0.80,11.402,57.07,0.00,0.00,0.000,0.0121,0.2719
0.80,11.421,35.54,0.00,0.00,0.000,0.0114,0.2781
0.80,11.442,39.11,0.00,0.00,0.000,0.0097,0.2827
0.80,11.461,120.55,0.00,0.00,0.000,0.0089,0.2778
0.80,11.481,59.35,0.00,0.00,0.000,0.0114,0.2712
0.80,11.501,37.06,0.00,0.00,0.000,0.0134,0.2643
0.80,11.523,14.02,0.00,0.00,0.000,0.0119,0.2565
0.80,11.542,20.09,0.00,0.00,0.000,0.0095,0.2516
0.80,11.561,23.40,0.00,0.00,0.000,0.0066,0.2467
0.80,11.583,22.37,0.00,0.00,0.000,0.0041,0.2445
0.80,11.612,30.73,0.00,0.00,0.000,0.0055,0.2445
0.80,11.621,36.15,0.00,0.00,0.000,0.0073,0.2449
0.80,11.641,39.10,0.00,0.00,0.000,0.0100,0.2486
0.80,11.662,49.97,0.00,0.00,0.000,0.0112,0.2551
0.80,11.683,64.20,0.00,0.00,0.000,0.0121,0.2589
0.80,11.703,55.85,0.00,0.00,0.000,0.0163,0.2713
0.80,11.721,29.81,0.00,0.00,0.000,0.0202,0.2778
0.80,11.741,105.95,0.00,0.00,0.000,0.0160,0.2790
0.80,11.765,121.21,0.00,0.00,0.000,0.0085,0.2757
0.80,11.781,80.30,0.00,0.00,0.000,0.0099,0.2719
0.80,11.801,46.53,0.00,0.00,0.000,0.0141,0.2630
0.80,11.821,25.05,0.00,0.00,0.000,0.0154,0.2573
0.80,11.841,21.18,0.00,0.00,0.000,0.0151,0.2534
0.80,11.862,18.78,0.00,0.00,0.000,0.0152,0.2506
0.80,11.881,20.99,0.00,0.00,0.000,0.0147,0.2492
0.80,11.906,24.83,0.00,0.00,0.000,0.0140,0.2487
0.80,11.923,29.63,0.00,0.00,0.000,0.0132,0.2491
0.80,11.941,34.27,0.00,0.00,0.000,0.0131,0.2510
0.80,11.961,54.64,0.00,0.00,0.000,0.0137,0.2548
0.80,11.988,75.76,0.00,0.00,0.000,0.0147,0.2607
