v_cmd,t,P_mecanica_W,P_electrica_W,voltaje_V,corriente_A,inclinacion_rad,altura_m
0.20,3.001,11.16,0.00,0.00,0.000,0.0060,0.2714
0.20,3.021,6.00,0.00,0.00,0.000,0.0080,0.2721
0.20,3.041,5.77,0.00,0.00,0.000,0.0080,0.2717
0.20,3.065,15.54,0.00,0.00,0.000,0.0077,0.2699
0.20,3.081,6.78,0.00,0.00,0.000,0.0075,0.2656
0.20,3.101,3.62,0.00,0.00,0.000,0.0073,0.2636
0.20,3.122,3.82,0.00,0.00,0.000,0.0083,0.2622
0.20,3.141,4.32,0.00,0.00,0.000,0.0102,0.2613
0.20,3.161,4.19,0.00,0.00,0.000,0.0119,0.2605
0.20,3.181,3.88,0.00,0.00,0.000,0.0126,0.2600
0.20,3.201,3.60,0.00,0.00,0.000,0.0122,0.2596
0.20,3.221,3.38,0.00,0.00,0.000,0.0113,0.2594
0.20,3.241,4.64,0.00,0.00,0.000,0.0099,0.2602
0.20,3.261,4.57,0.00,0.00,0.000,0.0092,0.2630
0.20,3.281,8.68,0.00,0.00,0.000,0.0087,0.2657
0.20,3.300,15.52,0.00,0.00,0.000,0.0090,0.2708
0.20,3.321,7.61,0.00,0.00,0.000,0.0107,0.2741
0.20,3.341,4.35,0.00,0.00,0.000,0.0097,0.2737
0.20,3.361,20.27,0.00,0.00,0.000,0.0070,0.2719
0.20,3.381,8.31,0.00,0.00,0.000,0.0055,0.2672
0.20,3.401,5.48,0.00,0.00,0.000,0.0057,0.2641
0.20,3.421,2.96,0.00,0.00,0.000,0.0058,0.2625
0.20,3.442,2.64,0.00,0.00,0.000,0.0058,0.2602
0.20,3.461,2.03,0.00,0.00,0.000,0.0052,0.2592
0.20,3.481,2.15,0.00,0.00,0.000,0.0037,0.2586
0.20,3.502,2.16,0.00,0.00,0.000,0.0032,0.2585
0.20,3.521,3.33,0.00,0.00,0.000,0.0038,0.2589
0.20,3.541,2.30,0.00,0.00,0.000,0.0034,0.2610
0.20,3.560,8.15,0.00,0.00,0.000,0.0028,0.2629
0.20,3.581,15.65,0.00,0.00,0.000,0.0026,0.2668
0.20,3.601,9.28,0.00,0.00,0.000,0.0059,0.2723
0.20,3.621,6.27,0.00,0.00,0.000,0.0075,0.2731
0.20,3.641,9.76,0.00,0.00,0.000,0.0074,0.2724
0.20,3.661,14.79,0.00,0.00,0.000,0.0070,0.2699
0.20,3.681,7.12,0.00,0.00,0.000,0.0070,0.2670
0.20,3.713,2.39,0.00,0.00,0.000,0.0075,0.2637
0.20,3.725,2.88,0.00,0.00,0.000,0.0083,0.2627
0.20,3.741,4.06,0.00,0.00,0.000,0.0100,0.2617
0.20,3.761,3.92,0.00,0.00,0.000,0.0113,0.2607
0.20,3.781,4.10,0.00,0.00,0.000,0.0119,0.2600
0.20,3.801,4.01,0.00,0.00,0.000,0.0119,0.2596
0.20,3.821,3.87,0.00,0.00,0.000,0.0117,0.2593
0.20,3.841,4.86,0.00,0.00,0.000,0.0109,0.2601
0.20,3.860,12.61,0.00,0.00,0.000,0.0102,0.2617
0.20,3.881,14.63,0.00,0.00,0.000,0.0096,0.2654
0.20,3.901,15.97,0.00,0.00,0.000,0.0101,0.2719
0.20,3.921,6.28,0.00,0.00,0.000,0.0108,0.2734
0.20,3.941,4.54,0.00,0.00,0.000,0.0104,0.2732
0.20,3.961,16.21,0.00,0.00,0.000,0.0073,0.2710
0.20,3.981,6.76,0.00,0.00,0.000,0.0058,0.2666
0.20,4.001,5.46,0.00,0.00,0.000,0.0059,0.2634
0.20,4.021,1.69,0.00,0.00,0.000,0.0060,0.2608
0.20,4.041,2.12,0.00,0.00,0.000,0.0058,0.2595
0.20,4.061,2.09,0.00,0.00,0.000,0.0049,0.2583
0.20,4.081,2.41,0.00,0.00,0.000,0.0037,0.2578
0.20,4.104,2.14,0.00,0.00,0.000,0.0041,0.2581
0.20,4.121,2.44,0.00,0.00,0.000,0.0041,0.2586
0.20,4.140,3.44,0.00,0.00,0.000,0.0037,0.2600
0.20,4.160,15.32,0.00,0.00,0.000,0.0032,0.2621
0.20,4.181,10.32,0.00,0.00,0.000,0.0028,0.2676
0.20,4.201,9.47,0.00,0.00,0.000,0.0052,0.2712
0.20,4.221,4.42,0.00,0.00,0.000,0.0069,0.2724
0.20,4.241,10.41,0.00,0.00,0.000,0.0069,0.2714
0.20,4.264,9.77,0.00,0.00,0.000,0.0070,0.2701
0.20,4.281,7.51,0.00,0.00,0.000,0.0067,0.2662
0.20,4.301,3.63,0.00,0.00,0.000,0.0072,0.2638
0.20,4.321,3.38,0.00,0.00,0.000,0.0089,0.2620
0.20,4.341,3.96,0.00,0.00,0.000,0.0102,0.2612
0.20,4.361,3.60,0.00,0.00,0.000,0.0115,0.2602
0.20,4.381,3.71,0.00,0.00,0.000,0.0117,0.2597
0.20,4.401,3.61,0.00,0.00,0.000,0.0115,0.2593
0.20,4.421,3.72,0.00,0.00,0.000,0.0113,0.2592
0.20,4.441,4.72,0.00,0.00,0.000,0.0104,0.2599
0.20,4.461,8.51,0.00,0.00,0.000,0.0093,0.2626
0.20,4.481,9.24,0.00,0.00,0.000,0.0087,0.2671
0.20,4.501,8.79,0.00,0.00,0.000,0.0096,0.2721
0.20,4.520,6.97,0.00,0.00,0.000,0.0104,0.2735
0.20,4.541,8.69,0.00,0.00,0.000,0.0090,0.2729
0.20,4.562,9.10,0.00,0.00,0.000,0.0068,0.2715
0.20,4.581,11.60,0.00,0.00,0.000,0.0050,0.2683
0.20,4.600,6.93,0.00,0.00,0.000,0.0044,0.2644
0.20,4.621,4.09,0.00,0.00,0.000,0.0045,0.2621
0.20,4.641,2.53,0.00,0.00,0.000,0.0043,0.2596
0.20,4.661,2.07,0.00,0.00,0.000,0.0038,0.2584
0.20,4.681,2.18,0.00,0.00,0.000,0.0033,0.2580
0.20,4.701,2.10,0.00,0.00,0.000,0.0034,0.2578
0.20,4.721,1.86,0.00,0.00,0.000,0.0041,0.2588
0.20,4.742,3.04,0.00,0.00,0.000,0.0037,0.2604
0.20,4.761,4.43,0.00,0.00,0.000,0.0030,0.2634
0.20,4.781,12.80,0.00,0.00,0.000,0.0023,0.2663
0.20,4.801,10.96,0.00,0.00,0.000,0.0038,0.2710
0.20,4.821,6.17,0.00,0.00,0.000,0.0062,0.2728
0.20,4.841,9.57,0.00,0.00,0.000,0.0065,0.2720
0.20,4.861,7.31,0.00,0.00,0.000,0.0062,0.2689
0.20,4.881,3.89,0.00,0.00,0.000,0.0061,0.2657
0.20,4.903,1.78,0.00,0.00,0.000,0.0063,0.2643
0.20,4.921,4.25,0.00,0.00,0.000,0.0084,0.2622
0.20,4.941,3.98,0.00,0.00,0.000,0.0104,0.2611
0.20,4.961,4.16,0.00,0.00,0.000,0.0116,0.2604
0.20,4.980,3.94,0.00,0.00,0.000,0.0120,0.2600
0.20,5.001,3.83,0.00,0.00,0.000,0.0120,0.2596
0.20,5.021,3.66,0.00,0.00,0.000,0.0116,0.2595
0.20,5.041,4.80,0.00,0.00,0.000,0.0108,0.2603
0.20,5.066,5.40,0.00,0.00,0.000,0.0104,0.2613
0.20,5.080,7.05,0.00,0.00,0.000,0.0095,0.2665
0.20,5.101,10.73,0.00,0.00,0.000,0.0096,0.2718
0.20,5.121,6.95,0.00,0.00,0.000,0.0102,0.2735
0.20,5.141,9.68,0.00,0.00,0.000,0.0086,0.2724
0.20,5.161,16.13,0.00,0.00,0.000,0.0066,0.2706
0.20,5.181,10.87,0.00,0.00,0.000,0.0052,0.2659
0.20,5.204,6.52,0.00,0.00,0.000,0.0054,0.2630
0.20,5.221,4.87,0.00,0.00,0.000,0.0055,0.2605
0.20,5.241,2.19,0.00,0.00,0.000,0.0054,0.2594
0.20,5.261,2.16,0.00,0.00,0.000,0.0045,0.2579
0.20,5.281,2.18,0.00,0.00,0.000,0.0043,0.2576
0.20,5.301,1.88,0.00,0.00,0.000,0.0050,0.2576
0.20,5.321,2.39,0.00,0.00,0.000,0.0052,0.2581
0.20,5.341,3.18,0.00,0.00,0.000,0.0049,0.2592
0.20,5.364,10.38,0.00,0.00,0.000,0.0041,0.2620
0.20,5.381,13.65,0.00,0.00,0.000,0.0031,0.2655
0.20,5.401,8.96,0.00,0.00,0.000,0.0027,0.2712
0.20,5.421,5.22,0.00,0.00,0.000,0.0035,0.2725
0.20,5.441,7.12,0.00,0.00,0.000,0.0033,0.2719
0.20,5.461,11.74,0.00,0.00,0.000,0.0042,0.2691
0.20,5.481,5.81,0.00,0.00,0.000,0.0054,0.2659
0.20,5.501,3.25,0.00,0.00,0.000,0.0055,0.2637
0.20,5.520,4.08,0.00,0.00,0.000,0.0062,0.2622
0.20,5.543,3.66,0.00,0.00,0.000,0.0070,0.2613
0.20,5.561,4.55,0.00,0.00,0.000,0.0087,0.2606
0.20,5.581,4.63,0.00,0.00,0.000,0.0102,0.2601
0.20,5.601,4.30,0.00,0.00,0.000,0.0111,0.2596
0.20,5.621,3.63,0.00,0.00,0.000,0.0104,0.2595
0.20,5.641,4.95,0.00,0.00,0.000,0.0091,0.2603
0.20,5.661,12.39,0.00,0.00,0.000,0.0082,0.2620
0.20,5.681,10.69,0.00,0.00,0.000,0.0076,0.2673
0.20,5.706,10.73,0.00,0.00,0.000,0.0081,0.2709
0.20,5.721,7.90,0.00,0.00,0.000,0.0093,0.2732
0.20,5.741,7.87,0.00,0.00,0.000,0.0083,0.2725
0.20,5.761,19.12,0.00,0.00,0.000,0.0058,0.2705
0.20,5.781,10.64,0.00,0.00,0.000,0.0049,0.2657
0.20,5.801,7.57,0.00,0.00,0.000,0.0054,0.2634
0.20,5.821,4.63,0.00,0.00,0.000,0.0058,0.2602
0.20,5.841,2.45,0.00,0.00,0.000,0.0058,0.2586
0.20,5.861,2.05,0.00,0.00,0.000,0.0052,0.2574
0.20,5.882,2.68,0.00,0.00,0.000,0.0047,0.2571
0.20,5.901,2.20,0.00,0.00,0.000,0.0048,0.2571
0.20,5.921,3.03,0.00,0.00,0.000,0.0050,0.2582
0.20,5.941,4.71,0.00,0.00,0.000,0.0046,0.2590
0.20,5.961,8.91,0.00,0.00,0.000,0.0038,0.2617
0.20,5.981,13.68,0.00,0.00,0.000,0.0025,0.2657
0.20,6.003,9.21,0.00,0.00,0.000,0.0029,0.2697
0.20,6.021,7.82,0.00,0.00,0.000,0.0050,0.2718
0.20,6.045,7.48,0.00,0.00,0.000,0.0051,0.2716
0.20,6.061,11.08,0.00,0.00,0.000,0.0052,0.2705
0.20,6.081,8.94,0.00,0.00,0.000,0.0062,0.2659
0.20,6.106,5.45,0.00,0.00,0.000,0.0076,0.2636
0.20,6.121,3.57,0.00,0.00,0.000,0.0092,0.2619
0.20,6.141,4.79,0.00,0.00,0.000,0.0108,0.2607
0.20,6.161,4.56,0.00,0.00,0.000,0.0113,0.2599
0.20,6.181,4.73,0.00,0.00,0.000,0.0107,0.2594
0.20,6.201,4.92,0.00,0.00,0.000,0.0104,0.2591
0.20,6.222,5.04,0.00,0.00,0.000,0.0104,0.2590
0.20,6.241,6.80,0.00,0.00,0.000,0.0103,0.2593
0.20,6.261,6.26,0.00,0.00,0.000,0.0093,0.2639
0.20,6.281,15.81,0.00,0.00,0.000,0.0087,0.2660
0.20,6.301,12.80,0.00,0.00,0.000,0.0090,0.2712
0.20,6.321,8.24,0.00,0.00,0.000,0.0104,0.2737
0.20,6.341,10.65,0.00,0.00,0.000,0.0087,0.2726
0.20,6.361,19.08,0.00,0.00,0.000,0.0064,0.2708
0.20,6.387,6.04,0.00,0.00,0.000,0.0050,0.2665
0.20,6.401,6.86,0.00,0.00,0.000,0.0051,0.2641
0.20,6.421,3.63,0.00,0.00,0.000,0.0054,0.2609
0.20,6.441,2.87,0.00,0.00,0.000,0.0053,0.2593
0.20,6.461,2.57,0.00,0.00,0.000,0.0048,0.2581
0.20,6.481,2.58,0.00,0.00,0.000,0.0047,0.2577
0.20,6.501,2.36,0.00,0.00,0.000,0.0054,0.2577
0.20,6.521,2.78,0.00,0.00,0.000,0.0060,0.2580
0.20,6.541,2.80,0.00,0.00,0.000,0.0060,0.2594
0.20,6.561,11.86,0.00,0.00,0.000,0.0053,0.2620
0.20,6.581,13.78,0.00,0.00,0.000,0.0037,0.2662
0.20,6.601,13.48,0.00,0.00,0.000,0.0030,0.2719
0.20,6.621,4.73,0.00,0.00,0.000,0.0032,0.2727
0.20,6.641,6.99,0.00,0.00,0.000,0.0034,0.2718
0.20,6.661,12.79,0.00,0.00,0.000,0.0044,0.2692
0.20,6.682,6.17,0.00,0.00,0.000,0.0054,0.2663
0.20,6.701,3.37,0.00,0.00,0.000,0.0059,0.2641
0.20,6.722,3.86,0.00,0.00,0.000,0.0068,0.2626
0.20,6.741,3.84,0.00,0.00,0.000,0.0082,0.2613
0.20,6.761,4.01,0.00,0.00,0.000,0.0094,0.2606
0.20,6.781,4.02,0.00,0.00,0.000,0.0100,0.2602
0.20,6.801,3.89,0.00,0.00,0.000,0.0107,0.2598
0.20,6.821,3.64,0.00,0.00,0.000,0.0108,0.2596
0.20,6.841,6.18,0.00,0.00,0.000,0.0103,0.2599
0.20,6.861,4.29,0.00,0.00,0.000,0.0092,0.2631
0.20,6.881,14.92,0.00,0.00,0.000,0.0086,0.2662
0.20,6.901,11.60,0.00,0.00,0.000,0.0087,0.2720
0.20,6.921,7.43,0.00,0.00,0.000,0.0096,0.2740
0.20,6.941,11.40,0.00,0.00,0.000,0.0082,0.2728
0.20,6.961,17.37,0.00,0.00,0.000,0.0062,0.2710
0.20,6.981,5.51,0.00,0.00,0.000,0.0050,0.2668
0.20,7.004,5.41,0.00,0.00,0.000,0.0055,0.2637
0.20,7.022,3.53,0.00,0.00,0.000,0.0058,0.2613
0.20,7.041,2.35,0.00,0.00,0.000,0.0058,0.2596
0.20,7.061,2.09,0.00,0.00,0.000,0.0050,0.2584
0.20,7.081,2.13,0.00,0.00,0.000,0.0044,0.2580
0.20,7.103,1.98,0.00,0.00,0.000,0.0046,0.2579
0.20,7.121,2.45,0.00,0.00,0.000,0.0050,0.2584
0.20,7.141,2.88,0.00,0.00,0.000,0.0047,0.2595
0.20,7.161,19.83,0.00,0.00,0.000,0.0041,0.2617
0.20,7.181,10.80,0.00,0.00,0.000,0.0028,0.2664
0.20,7.201,10.90,0.00,0.00,0.000,0.0042,0.2711
0.20,7.221,6.79,0.00,0.00,0.000,0.0067,0.2729
0.20,7.241,11.39,0.00,0.00,0.000,0.0070,0.2716
0.20,7.261,12.89,0.00,0.00,0.000,0.0065,0.2686
0.20,7.281,5.05,0.00,0.00,0.000,0.0063,0.2659
0.20,7.301,3.03,0.00,0.00,0.000,0.0066,0.2641
0.20,7.321,2.90,0.00,0.00,0.000,0.0077,0.2625
0.20,7.341,4.68,0.00,0.00,0.000,0.0101,0.2613
0.20,7.361,4.55,0.00,0.00,0.000,0.0122,0.2605
0.20,7.381,4.43,0.00,0.00,0.000,0.0129,0.2600
0.20,7.401,4.10,0.00,0.00,0.000,0.0129,0.2595
0.20,7.421,3.97,0.00,0.00,0.000,0.0121,0.2593
0.20,7.441,5.11,0.00,0.00,0.000,0.0111,0.2601
0.20,7.461,6.89,0.00,0.00,0.000,0.0106,0.2611
0.20,7.481,17.65,0.00,0.00,0.000,0.0098,0.2654
0.20,7.502,12.36,0.00,0.00,0.000,0.0100,0.2712
0.20,7.521,6.79,0.00,0.00,0.000,0.0109,0.2738
0.20,7.541,12.15,0.00,0.00,0.000,0.0094,0.2726
0.20,7.561,15.37,0.00,0.00,0.000,0.0068,0.2696
0.20,7.581,6.07,0.00,0.00,0.000,0.0064,0.2665
0.20,7.601,4.40,0.00,0.00,0.000,0.0066,0.2632
0.20,7.621,2.38,0.00,0.00,0.000,0.0067,0.2606
0.20,7.642,2.37,0.00,0.00,0.000,0.0067,0.2594
0.20,7.661,2.40,0.00,0.00,0.000,0.0060,0.2580
0.20,7.681,2.66,0.00,0.00,0.000,0.0048,0.2575
0.20,7.701,2.44,0.00,0.00,0.000,0.0048,0.2575
0.20,7.721,2.89,0.00,0.00,0.000,0.0054,0.2581
0.20,7.741,4.10,0.00,0.00,0.000,0.0050,0.2597
0.20,7.761,3.85,0.00,0.00,0.000,0.0040,0.2631
0.20,7.781,9.19,0.00,0.00,0.000,0.0030,0.2657
0.20,7.801,13.83,0.00,0.00,0.000,0.0040,0.2710
0.20,7.821,6.14,0.00,0.00,0.000,0.0057,0.2731
0.20,7.841,12.68,0.00,0.00,0.000,0.0065,0.2719
0.20,7.861,21.09,0.00,0.00,0.000,0.0063,0.2698
0.20,7.881,5.08,0.00,0.00,0.000,0.0065,0.2661
0.20,7.901,3.24,0.00,0.00,0.000,0.0074,0.2634
0.20,7.921,4.31,0.00,0.00,0.000,0.0094,0.2619
0.20,7.941,4.39,0.00,0.00,0.000,0.0111,0.2608
0.20,7.961,4.61,0.00,0.00,0.000,0.0117,0.2603
0.20,7.982,4.58,0.00,0.00,0.000,0.0121,0.2597
0.20,8.001,4.69,0.00,0.00,0.000,0.0123,0.2594
0.20,8.021,4.32,0.00,0.00,0.000,0.0126,0.2593
0.20,8.041,6.43,0.00,0.00,0.000,0.0123,0.2596
0.20,8.061,17.24,0.00,0.00,0.000,0.0111,0.2629
0.20,8.081,14.25,0.00,0.00,0.000,0.0105,0.2663
0.20,8.101,15.35,0.00,0.00,0.000,0.0103,0.2713
0.20,8.121,5.29,0.00,0.00,0.000,0.0106,0.2735
0.20,8.141,10.52,0.00,0.00,0.000,0.0101,0.2729
0.20,8.165,10.69,0.00,0.00,0.000,0.0085,0.2711
0.20,8.181,9.32,0.00,0.00,0.000,0.0076,0.2691
0.20,8.201,4.27,0.00,0.00,0.000,0.0069,0.2640
0.20,8.221,2.66,0.00,0.00,0.000,0.0070,0.2612
0.20,8.241,1.65,0.00,0.00,0.000,0.0068,0.2592
0.20,8.261,1.95,0.00,0.00,0.000,0.0061,0.2583
0.20,8.281,2.12,0.00,0.00,0.000,0.0047,0.2577
0.20,8.301,2.10,0.00,0.00,0.000,0.0036,0.2576
0.20,8.321,2.77,0.00,0.00,0.000,0.0036,0.2580
0.20,8.341,2.89,0.00,0.00,0.000,0.0035,0.2591
0.20,8.361,10.33,0.00,0.00,0.000,0.0030,0.2618
0.20,8.381,9.92,0.00,0.00,0.000,0.0028,0.2660
0.20,8.401,12.10,0.00,0.00,0.000,0.0060,0.2707
0.20,8.421,5.70,0.00,0.00,0.000,0.0074,0.2721
0.20,8.441,6.81,0.00,0.00,0.000,0.0073,0.2711
0.20,8.461,13.39,0.00,0.00,0.000,0.0070,0.2683
0.20,8.481,7.30,0.00,0.00,0.000,0.0070,0.2655
0.20,8.501,2.56,0.00,0.00,0.000,0.0072,0.2631
0.20,8.521,3.30,0.00,0.00,0.000,0.0084,0.2614
0.20,8.541,4.23,0.00,0.00,0.000,0.0099,0.2604
0.20,8.561,4.45,0.00,0.00,0.000,0.0112,0.2597
0.20,8.581,4.45,0.00,0.00,0.000,0.0120,0.2592
0.20,8.602,4.36,0.00,0.00,0.000,0.0122,0.2589
0.20,8.621,4.12,0.00,0.00,0.000,0.0116,0.2588
0.20,8.644,6.30,0.00,0.00,0.000,0.0108,0.2591
0.20,8.661,11.18,0.00,0.00,0.000,0.0102,0.2602
0.20,8.680,19.36,0.00,0.00,0.000,0.0096,0.2640
0.20,8.701,12.03,0.00,0.00,0.000,0.0098,0.2702
0.20,8.720,5.47,0.00,0.00,0.000,0.0108,0.2729
0.20,8.740,9.99,0.00,0.00,0.000,0.0099,0.2724
0.20,8.761,16.75,0.00,0.00,0.000,0.0069,0.2702
0.20,8.782,5.83,0.00,0.00,0.000,0.0058,0.2667
0.20,8.801,4.44,0.00,0.00,0.000,0.0060,0.2630
0.20,8.821,2.37,0.00,0.00,0.000,0.0062,0.2604
0.20,8.841,1.70,0.00,0.00,0.000,0.0061,0.2586
0.20,8.861,2.43,0.00,0.00,0.000,0.0056,0.2576
0.20,8.881,2.61,0.00,0.00,0.000,0.0047,0.2572
0.20,8.904,2.45,0.00,0.00,0.000,0.0045,0.2572
0.20,8.921,2.19,0.00,0.00,0.000,0.0047,0.2573
0.20,8.942,4.20,0.00,0.00,0.000,0.0048,0.2591
0.20,8.961,20.27,0.00,0.00,0.000,0.0037,0.2636
0.20,8.981,14.43,0.00,0.00,0.000,0.0039,0.2668
0.20,9.001,5.28,0.00,0.00,0.000,0.0065,0.2715
0.20,9.026,3.78,0.00,0.00,0.000,0.0070,0.2720
0.20,9.041,3.34,0.00,0.00,0.000,0.0068,0.2718
0.20,9.060,13.39,0.00,0.00,0.000,0.0072,0.2696
0.20,9.081,4.31,0.00,0.00,0.000,0.0080,0.2661
0.20,9.100,3.05,0.00,0.00,0.000,0.0080,0.2642
0.20,9.121,3.97,0.00,0.00,0.000,0.0096,0.2620
0.20,9.143,4.32,0.00,0.00,0.000,0.0110,0.2612
0.20,9.161,4.40,0.00,0.00,0.000,0.0125,0.2605
0.20,9.181,4.10,0.00,0.00,0.000,0.0130,0.2600
0.20,9.201,3.84,0.00,0.00,0.000,0.0126,0.2596
0.20,9.221,3.60,0.00,0.00,0.000,0.0111,0.2594
0.20,9.241,4.96,0.00,0.00,0.000,0.0100,0.2602
0.20,9.261,13.51,0.00,0.00,0.000,0.0093,0.2623
0.20,9.281,14.88,0.00,0.00,0.000,0.0086,0.2664
0.20,9.301,18.40,0.00,0.00,0.000,0.0094,0.2725
0.20,9.321,6.76,0.00,0.00,0.000,0.0106,0.2737
0.20,9.341,7.80,0.00,0.00,0.000,0.0089,0.2732
0.20,9.363,8.65,0.00,0.00,0.000,0.0060,0.2701
0.20,9.385,9.00,0.00,0.00,0.000,0.0052,0.2677
0.20,9.403,5.58,0.00,0.00,0.000,0.0048,0.2640
0.20,9.421,2.21,0.00,0.00,0.000,0.0049,0.2614
0.20,9.441,1.73,0.00,0.00,0.000,0.0051,0.2601
0.20,9.461,1.93,0.00,0.00,0.000,0.0047,0.2590
0.20,9.482,2.20,0.00,0.00,0.000,0.0036,0.2586
0.20,9.501,2.04,0.00,0.00,0.000,0.0027,0.2585
0.20,9.521,1.84,0.00,0.00,0.000,0.0029,0.2593
0.20,9.541,2.83,0.00,0.00,0.000,0.0026,0.2610
0.20,9.561,9.02,0.00,0.00,0.000,0.0022,0.2630
0.20,9.582,11.95,0.00,0.00,0.000,0.0025,0.2669
0.20,9.602,5.73,0.00,0.00,0.000,0.0064,0.2725
0.20,9.621,7.11,0.00,0.00,0.000,0.0073,0.2728
0.20,9.641,9.91,0.00,0.00,0.000,0.0074,0.2714
0.20,9.661,19.92,0.00,0.00,0.000,0.0073,0.2684
0.20,9.686,3.16,0.00,0.00,0.000,0.0071,0.2646
0.20,9.701,4.39,0.00,0.00,0.000,0.0075,0.2633
0.20,9.721,2.89,0.00,0.00,0.000,0.0089,0.2613
0.20,9.741,4.15,0.00,0.00,0.000,0.0105,0.2605
0.20,9.761,4.07,0.00,0.00,0.000,0.0118,0.2598
0.20,9.781,4.26,0.00,0.00,0.000,0.0124,0.2595
0.20,9.801,4.08,0.00,0.00,0.000,0.0127,0.2590
0.20,9.821,3.89,0.00,0.00,0.000,0.0121,0.2589
0.20,9.841,5.17,0.00,0.00,0.000,0.0111,0.2597
0.20,9.861,8.71,0.00,0.00,0.000,0.0101,0.2625
0.20,9.881,14.19,0.00,0.00,0.000,0.0096,0.2658
0.20,9.901,15.88,0.00,0.00,0.000,0.0097,0.2708
0.20,9.921,6.91,0.00,0.00,0.000,0.0105,0.2735
0.20,9.941,12.06,0.00,0.00,0.000,0.0097,0.2728
0.20,9.961,10.15,0.00,0.00,0.000,0.0065,0.2690
0.20,9.981,7.92,0.00,0.00,0.000,0.0059,0.2654
0.20,10.001,5.39,0.00,0.00,0.000,0.0062,0.2630
0.20,10.021,2.22,0.00,0.00,0.000,0.0064,0.2605
0.20,10.041,2.18,0.00,0.00,0.000,0.0060,0.2588
0.20,10.061,2.40,0.00,0.00,0.000,0.0053,0.2580
0.20,10.082,2.65,0.00,0.00,0.000,0.0041,0.2574
0.20,10.101,2.09,0.00,0.00,0.000,0.0042,0.2576
0.20,10.121,2.15,0.00,0.00,0.000,0.0043,0.2583
0.20,10.141,3.10,0.00,0.00,0.000,0.0038,0.2602
0.20,10.163,4.20,0.00,0.00,0.000,0.0035,0.2614
0.20,10.181,9.77,0.00,0.00,0.000,0.0027,0.2667
0.20,10.201,10.56,0.00,0.00,0.000,0.0044,0.2710
0.20,10.221,2.79,0.00,0.00,0.000,0.0059,0.2723
0.20,10.241,4.41,0.00,0.00,0.000,0.0055,0.2719
0.20,10.261,15.39,0.00,0.00,0.000,0.0055,0.2698
0.20,10.281,10.18,0.00,0.00,0.000,0.0060,0.2657
0.20,10.301,3.97,0.00,0.00,0.000,0.0063,0.2636
0.20,10.321,3.25,0.00,0.00,0.000,0.0077,0.2618
0.20,10.341,4.08,0.00,0.00,0.000,0.0090,0.2612
0.20,10.365,3.84,0.00,0.00,0.000,0.0103,0.2604
0.20,10.382,3.84,0.00,0.00,0.000,0.0109,0.2598
0.20,10.401,3.57,0.00,0.00,0.000,0.0107,0.2594
0.20,10.421,3.38,0.00,0.00,0.000,0.0099,0.2592
0.20,10.442,3.54,0.00,0.00,0.000,0.0093,0.2592
0.20,10.461,9.17,0.00,0.00,0.000,0.0081,0.2621
0.20,10.481,7.90,0.00,0.00,0.000,0.0077,0.2671
0.20,10.501,11.64,0.00,0.00,0.000,0.0093,0.2720
0.20,10.521,6.71,0.00,0.00,0.000,0.0103,0.2732
0.20,10.541,3.06,0.00,0.00,0.000,0.0090,0.2731
0.20,10.561,16.63,0.00,0.00,0.000,0.0060,0.2710
0.20,10.581,6.47,0.00,0.00,0.000,0.0038,0.2675
0.20,10.601,7.17,0.00,0.00,0.000,0.0026,0.2643
0.20,10.623,2.60,0.00,0.00,0.000,0.0028,0.2613
0.20,10.641,2.02,0.00,0.00,0.000,0.0028,0.2603
0.20,10.661,1.90,0.00,0.00,0.000,0.0023,0.2588
0.20,10.681,2.16,0.00,0.00,0.000,0.0022,0.2584
0.20,10.701,1.94,0.00,0.00,0.000,0.0036,0.2583
0.20,10.726,2.63,0.00,0.00,0.000,0.0043,0.2587
0.20,10.741,2.49,0.00,0.00,0.000,0.0038,0.2599
0.20,10.761,14.77,0.00,0.00,0.000,0.0030,0.2620
0.20,10.780,5.63,0.00,0.00,0.000,0.0008,0.2682
0.20,10.801,13.19,0.00,0.00,0.000,0.0037,0.2714
0.20,10.821,4.28,0.00,0.00,0.000,0.0062,0.2732
0.20,10.840,10.09,0.00,0.00,0.000,0.0070,0.2727
0.20,10.861,10.49,0.00,0.00,0.000,0.0064,0.2692
0.20,10.881,4.81,0.00,0.00,0.000,0.0054,0.2658
0.20,10.905,2.74,0.00,0.00,0.000,0.0059,0.2638
0.20,10.924,2.64,0.00,0.00,0.000,0.0068,0.2628
0.20,10.941,3.80,0.00,0.00,0.000,0.0088,0.2615
0.20,10.961,4.21,0.00,0.00,0.000,0.0102,0.2606
0.20,10.981,4.37,0.00,0.00,0.000,0.0109,0.2601
0.20,11.001,4.40,0.00,0.00,0.000,0.0111,0.2596
0.20,11.021,4.01,0.00,0.00,0.000,0.0107,0.2594
0.20,11.041,5.13,0.00,0.00,0.000,0.0100,0.2602
0.20,11.062,8.67,0.00,0.00,0.000,0.0092,0.2630
0.20,11.081,13.84,0.00,0.00,0.000,0.0087,0.2663
0.20,11.101,13.33,0.00,0.00,0.000,0.0088,0.2700
0.20,11.121,5.88,0.00,0.00,0.000,0.0100,0.2739
0.20,11.141,12.72,0.00,0.00,0.000,0.0086,0.2724
0.20,11.161,20.10,0.00,0.00,0.000,0.0069,0.2704
0.20,11.181,9.52,0.00,0.00,0.000,0.0062,0.2647
0.20,11.205,6.30,0.00,0.00,0.000,0.0065,0.2635
0.20,11.221,3.73,0.00,0.00,0.000,0.0065,0.2606
0.20,11.240,2.85,0.00,0.00,0.000,0.0063,0.2590
0.20,11.261,2.63,0.00,0.00,0.000,0.0054,0.2578
0.20,11.281,2.77,0.00,0.00,0.000,0.0045,0.2574
0.20,11.300,2.35,0.00,0.00,0.000,0.0048,0.2575
0.20,11.321,2.55,0.00,0.00,0.000,0.0048,0.2580
0.20,11.341,3.48,0.00,0.00,0.000,0.0043,0.2602
0.20,11.361,8.86,0.00,0.00,0.000,0.0037,0.2622
0.20,11.381,10.26,0.00,0.00,0.000,0.0029,0.2650
0.20,11.401,8.99,0.00,0.00,0.000,0.0032,0.2702
0.20,11.421,7.93,0.00,0.00,0.000,0.0052,0.2722
0.20,11.441,10.76,0.00,0.00,0.000,0.0058,0.2710
0.20,11.463,17.81,0.00,0.00,0.000,0.0059,0.2691
0.20,11.481,10.69,0.00,0.00,0.000,0.0062,0.2649
0.20,11.501,3.47,0.00,0.00,0.000,0.0067,0.2630
0.20,11.521,3.93,0.00,0.00,0.000,0.0085,0.2612
0.20,11.541,4.73,0.00,0.00,0.000,0.0104,0.2604
0.20,11.561,4.46,0.00,0.00,0.000,0.0111,0.2600
0.20,11.580,4.64,0.00,0.00,0.000,0.0120,0.2594
0.20,11.602,4.46,0.00,0.00,0.000,0.0121,0.2589
0.20,11.620,4.45,0.00,0.00,0.000,0.0118,0.2589
0.20,11.640,6.27,0.00,0.00,0.000,0.0113,0.2592
0.20,11.661,8.82,0.00,0.00,0.000,0.0102,0.2626
0.20,11.683,14.43,0.00,0.00,0.000,0.0097,0.2659
0.20,11.701,13.54,0.00,0.00,0.000,0.0096,0.2709
0.20,11.722,9.80,0.00,0.00,0.000,0.0100,0.2734
0.20,11.740,8.89,0.00,0.00,0.000,0.0095,0.2729
0.20,11.760,16.77,0.00,0.00,0.000,0.0069,0.2710
0.20,11.793,8.97,0.00,0.00,0.000,0.0061,0.2687
0.20,11.801,5.70,0.00,0.00,0.000,0.0064,0.2654
0.20,11.821,3.73,0.00,0.00,0.000,0.0069,0.2626
0.20,11.840,1.38,0.00,0.00,0.000,0.0069,0.2603
0.20,11.862,2.09,0.00,0.00,0.000,0.0062,0.2589
0.20,11.882,2.36,0.00,0.00,0.000,0.0052,0.2583
0.20,11.901,2.17,0.00,0.00,0.000,0.0046,0.2581
0.20,11.921,2.54,0.00,0.00,0.000,0.0049,0.2584
0.20,11.941,3.18,0.00,0.00,0.000,0.0045,0.2601
0.20,11.961,8.81,0.00,0.00,0.000,0.0038,0.2626
0.20,11.981,14.16,0.00,0.00,0.000,0.0030,0.2664
0.30,3.001,5.74,0.00,0.00,0.000,0.0037,0.2735
0.30,3.029,6.71,0.00,0.00,0.000,0.0038,0.2743
0.30,3.041,5.51,0.00,0.00,0.000,0.0035,0.2740
0.30,3.061,21.14,0.00,0.00,0.000,0.0043,0.2719
0.30,3.083,7.15,0.00,0.00,0.000,0.0075,0.2676
0.30,3.103,5.63,0.00,0.00,0.000,0.0095,0.2646
0.30,3.120,5.03,0.00,0.00,0.000,0.0101,0.2624
0.30,3.140,4.70,0.00,0.00,0.000,0.0095,0.2613
0.30,3.166,5.17,0.00,0.00,0.000,0.0088,0.2602
0.30,3.181,5.31,0.00,0.00,0.000,0.0090,0.2594
0.30,3.201,5.36,0.00,0.00,0.000,0.0097,0.2589
0.30,3.220,4.87,0.00,0.00,0.000,0.0100,0.2588
0.30,3.240,8.36,0.00,0.00,0.000,0.0096,0.2593
0.30,3.261,15.46,0.00,0.00,0.000,0.0083,0.2619
0.30,3.280,9.40,0.00,0.00,0.000,0.0068,0.2671
0.30,3.300,19.10,0.00,0.00,0.000,0.0061,0.2720
0.30,3.321,9.03,0.00,0.00,0.000,0.0065,0.2756
0.30,3.340,17.97,0.00,0.00,0.000,0.0053,0.2742
0.30,3.360,20.78,0.00,0.00,0.000,0.0028,0.2707
0.30,3.380,8.88,0.00,0.00,0.000,0.0038,0.2662
0.30,3.403,6.83,0.00,0.00,0.000,0.0047,0.2643
0.30,3.421,3.08,0.00,0.00,0.000,0.0057,0.2608
0.30,3.441,3.31,0.00,0.00,0.000,0.0060,0.2581
0.30,3.461,3.97,0.00,0.00,0.000,0.0067,0.2569
0.30,3.481,4.07,0.00,0.00,0.000,0.0075,0.2566
0.30,3.501,4.19,0.00,0.00,0.000,0.0084,0.2565
0.30,3.521,5.36,0.00,0.00,0.000,0.0089,0.2572
0.30,3.541,4.96,0.00,0.00,0.000,0.0086,0.2596
0.30,3.564,12.02,0.00,0.00,0.000,0.0080,0.2618
0.30,3.581,18.44,0.00,0.00,0.000,0.0061,0.2670
0.30,3.601,16.90,0.00,0.00,0.000,0.0039,0.2730
0.30,3.621,6.48,0.00,0.00,0.000,0.0021,0.2741
0.30,3.641,14.29,0.00,0.00,0.000,0.0019,0.2733
0.30,3.661,21.38,0.00,0.00,0.000,0.0035,0.2710
0.30,3.681,7.60,0.00,0.00,0.000,0.0063,0.2667
0.30,3.701,6.42,0.00,0.00,0.000,0.0083,0.2640
0.30,3.723,4.92,0.00,0.00,0.000,0.0088,0.2617
0.30,3.741,6.13,0.00,0.00,0.000,0.0082,0.2605
0.30,3.761,5.72,0.00,0.00,0.000,0.0078,0.2597
0.30,3.781,6.09,0.00,0.00,0.000,0.0078,0.2590
0.30,3.801,6.44,0.00,0.00,0.000,0.0087,0.2585
0.30,3.821,6.50,0.00,0.00,0.000,0.0095,0.2586
0.30,3.841,7.79,0.00,0.00,0.000,0.0091,0.2597
0.30,3.861,11.65,0.00,0.00,0.000,0.0081,0.2629
0.30,3.881,9.98,0.00,0.00,0.000,0.0069,0.2679
0.30,3.901,14.78,0.00,0.00,0.000,0.0065,0.2718
0.30,3.921,8.95,0.00,0.00,0.000,0.0065,0.2756
0.30,3.941,12.64,0.00,0.00,0.000,0.0062,0.2751
0.30,3.961,28.43,0.00,0.00,0.000,0.0045,0.2723
0.30,3.981,7.66,0.00,0.00,0.000,0.0052,0.2671
0.30,4.001,6.64,0.00,0.00,0.000,0.0060,0.2642
0.30,4.021,3.07,0.00,0.00,0.000,0.0064,0.2608
0.30,4.041,3.47,0.00,0.00,0.000,0.0064,0.2587
0.30,4.066,3.44,0.00,0.00,0.000,0.0064,0.2576
0.30,4.080,3.88,0.00,0.00,0.000,0.0065,0.2571
0.30,4.100,4.07,0.00,0.00,0.000,0.0067,0.2571
0.30,4.120,5.15,0.00,0.00,0.000,0.0070,0.2577
0.30,4.140,4.73,0.00,0.00,0.000,0.0066,0.2601
0.30,4.161,8.63,0.00,0.00,0.000,0.0055,0.2633
0.30,4.180,18.78,0.00,0.00,0.000,0.0044,0.2666
0.30,4.200,12.77,0.00,0.00,0.000,0.0038,0.2728
0.30,4.220,4.34,0.00,0.00,0.000,0.0043,0.2747
0.30,4.242,12.10,0.00,0.00,0.000,0.0050,0.2725
0.30,4.261,15.09,0.00,0.00,0.000,0.0066,0.2699
0.30,4.280,7.48,0.00,0.00,0.000,0.0079,0.2670
0.30,4.301,3.66,0.00,0.00,0.000,0.0090,0.2640
0.30,4.325,4.45,0.00,0.00,0.000,0.0096,0.2619
0.30,4.340,5.02,0.00,0.00,0.000,0.0095,0.2608
0.30,4.360,5.93,0.00,0.00,0.000,0.0098,0.2597
0.30,4.380,5.93,0.00,0.00,0.000,0.0103,0.2591
0.30,4.401,5.92,0.00,0.00,0.000,0.0110,0.2584
0.30,4.420,5.74,0.00,0.00,0.000,0.0111,0.2583
0.30,4.440,7.33,0.00,0.00,0.000,0.0104,0.2595
0.30,4.460,16.81,0.00,0.00,0.000,0.0091,0.2617
0.30,4.480,13.92,0.00,0.00,0.000,0.0079,0.2674
0.30,4.503,16.79,0.00,0.00,0.000,0.0073,0.2712
0.30,4.521,9.76,0.00,0.00,0.000,0.0071,0.2750
0.30,4.541,10.68,0.00,0.00,0.000,0.0067,0.2747
0.30,4.561,12.81,0.00,0.00,0.000,0.0048,0.2713
0.30,4.586,9.65,0.00,0.00,0.000,0.0051,0.2670
0.30,4.601,3.64,0.00,0.00,0.000,0.0055,0.2640
0.30,4.621,3.32,0.00,0.00,0.000,0.0056,0.2609
0.30,4.641,3.55,0.00,0.00,0.000,0.0055,0.2587
0.30,4.661,3.71,0.00,0.00,0.000,0.0055,0.2574
0.30,4.681,3.51,0.00,0.00,0.000,0.0057,0.2571
0.30,4.701,3.90,0.00,0.00,0.000,0.0063,0.2570
0.30,4.721,4.73,0.00,0.00,0.000,0.0067,0.2576
0.30,4.741,7.17,0.00,0.00,0.000,0.0063,0.2593
0.30,4.761,9.89,0.00,0.00,0.000,0.0052,0.2625
0.30,4.781,7.30,0.00,0.00,0.000,0.0038,0.2678
0.30,4.801,8.02,0.00,0.00,0.000,0.0038,0.2718
0.30,4.821,7.17,0.00,0.00,0.000,0.0049,0.2747
0.30,4.841,16.32,0.00,0.00,0.000,0.0046,0.2737
0.30,4.861,28.31,0.00,0.00,0.000,0.0061,0.2701
0.30,4.881,6.07,0.00,0.00,0.000,0.0083,0.2659
0.30,4.901,4.18,0.00,0.00,0.000,0.0094,0.2632
0.30,4.921,5.02,0.00,0.00,0.000,0.0100,0.2614
0.30,4.941,5.11,0.00,0.00,0.000,0.0099,0.2604
0.30,4.961,5.94,0.00,0.00,0.000,0.0097,0.2595
0.30,4.981,6.09,0.00,0.00,0.000,0.0098,0.2587
0.30,5.001,6.41,0.00,0.00,0.000,0.0103,0.2582
0.30,5.021,6.16,0.00,0.00,0.000,0.0103,0.2583
0.30,5.041,8.15,0.00,0.00,0.000,0.0094,0.2594
0.30,5.063,15.22,0.00,0.00,0.000,0.0084,0.2614
0.30,5.082,18.24,0.00,0.00,0.000,0.0069,0.2660
0.30,5.100,16.95,0.00,0.00,0.000,0.0062,0.2706
0.30,5.120,9.70,0.00,0.00,0.000,0.0068,0.2752
0.30,5.141,11.29,0.00,0.00,0.000,0.0067,0.2748
0.30,5.160,18.65,0.00,0.00,0.000,0.0056,0.2714
0.30,5.180,10.18,0.00,0.00,0.000,0.0063,0.2669
0.30,5.201,4.31,0.00,0.00,0.000,0.0069,0.2629
0.30,5.220,2.89,0.00,0.00,0.000,0.0071,0.2605
0.30,5.240,3.53,0.00,0.00,0.000,0.0071,0.2584
0.30,5.263,3.72,0.00,0.00,0.000,0.0069,0.2571
0.30,5.280,3.95,0.00,0.00,0.000,0.0068,0.2567
0.30,5.300,4.26,0.00,0.00,0.000,0.0069,0.2569
0.30,5.320,4.76,0.00,0.00,0.000,0.0069,0.2579
0.30,5.340,5.16,0.00,0.00,0.000,0.0062,0.2599
0.30,5.367,7.55,0.00,0.00,0.000,0.0051,0.2632
0.30,5.380,16.59,0.00,0.00,0.000,0.0044,0.2656
0.30,5.400,6.79,0.00,0.00,0.000,0.0042,0.2714
0.30,5.420,7.43,0.00,0.00,0.000,0.0059,0.2745
0.30,5.447,18.90,0.00,0.00,0.000,0.0061,0.2729
0.30,5.460,19.61,0.00,0.00,0.000,0.0069,0.2707
0.30,5.480,9.39,0.00,0.00,0.000,0.0090,0.2666
0.30,5.500,6.15,0.00,0.00,0.000,0.0111,0.2642
0.30,5.521,5.03,0.00,0.00,0.000,0.0130,0.2616
0.30,5.541,5.87,0.00,0.00,0.000,0.0131,0.2602
0.30,5.560,5.52,0.00,0.00,0.000,0.0122,0.2589
0.30,5.581,6.57,0.00,0.00,0.000,0.0116,0.2582
0.30,5.601,6.52,0.00,0.00,0.000,0.0118,0.2577
0.30,5.621,6.75,0.00,0.00,0.000,0.0122,0.2577
0.30,5.641,8.11,0.00,0.00,0.000,0.0119,0.2588
0.30,5.661,12.85,0.00,0.00,0.000,0.0108,0.2620
0.30,5.686,10.38,0.00,0.00,0.000,0.0096,0.2670
0.30,5.701,15.75,0.00,0.00,0.000,0.0091,0.2709
0.30,5.721,9.13,0.00,0.00,0.000,0.0088,0.2745
0.30,5.744,12.54,0.00,0.00,0.000,0.0079,0.2738
0.30,5.761,25.91,0.00,0.00,0.000,0.0066,0.2722
0.30,5.781,8.16,0.00,0.00,0.000,0.0070,0.2682
0.30,5.801,10.23,0.00,0.00,0.000,0.0082,0.2641
0.30,5.821,4.08,0.00,0.00,0.000,0.0084,0.2603
0.30,5.841,3.71,0.00,0.00,0.000,0.0082,0.2581
0.30,5.861,4.24,0.00,0.00,0.000,0.0079,0.2567
0.30,5.880,4.71,0.00,0.00,0.000,0.0075,0.2562
0.30,5.903,4.89,0.00,0.00,0.000,0.0075,0.2564
0.30,5.920,5.22,0.00,0.00,0.000,0.0078,0.2569
0.30,5.940,8.32,0.00,0.00,0.000,0.0079,0.2579
0.30,5.961,12.04,0.00,0.00,0.000,0.0066,0.2630
0.30,5.981,15.54,0.00,0.00,0.000,0.0047,0.2675
0.30,6.000,9.10,0.00,0.00,0.000,0.0041,0.2729
0.30,6.021,4.46,0.00,0.00,0.000,0.0041,0.2742
0.30,6.040,12.74,0.00,0.00,0.000,0.0039,0.2735
0.30,6.060,14.22,0.00,0.00,0.000,0.0055,0.2705
0.30,6.081,11.70,0.00,0.00,0.000,0.0070,0.2677
0.30,6.100,6.09,0.00,0.00,0.000,0.0092,0.2640
0.30,6.120,5.43,0.00,0.00,0.000,0.0103,0.2621
0.30,6.141,5.27,0.00,0.00,0.000,0.0102,0.2605
0.30,6.161,5.57,0.00,0.00,0.000,0.0097,0.2598
0.30,6.181,5.58,0.00,0.00,0.000,0.0095,0.2590
0.30,6.202,5.85,0.00,0.00,0.000,0.0099,0.2584
0.30,6.221,6.11,0.00,0.00,0.000,0.0106,0.2583
0.30,6.241,10.13,0.00,0.00,0.000,0.0104,0.2588
0.30,6.261,15.65,0.00,0.00,0.000,0.0092,0.2615
0.30,6.286,10.93,0.00,0.00,0.000,0.0077,0.2667
0.30,6.301,19.23,0.00,0.00,0.000,0.0067,0.2716
0.30,6.321,7.84,0.00,0.00,0.000,0.0066,0.2752
0.30,6.341,14.66,0.00,0.00,0.000,0.0061,0.2748
0.30,6.361,28.24,0.00,0.00,0.000,0.0035,0.2725
0.30,6.381,15.56,0.00,0.00,0.000,0.0040,0.2698
0.30,6.402,13.40,0.00,0.00,0.000,0.0067,0.2655
0.30,6.421,3.72,0.00,0.00,0.000,0.0077,0.2612
0.30,6.441,2.56,0.00,0.00,0.000,0.0076,0.2587
0.30,6.461,3.47,0.00,0.00,0.000,0.0076,0.2578
0.30,6.484,4.38,0.00,0.00,0.000,0.0082,0.2567
0.30,6.500,4.54,0.00,0.00,0.000,0.0091,0.2566
0.30,6.521,4.80,0.00,0.00,0.000,0.0102,0.2576
0.30,6.540,7.48,0.00,0.00,0.000,0.0103,0.2589
0.30,6.560,13.11,0.00,0.00,0.000,0.0098,0.2618
0.30,6.581,19.78,0.00,0.00,0.000,0.0079,0.2663
0.30,6.600,16.69,0.00,0.00,0.000,0.0057,0.2712
0.30,6.625,5.09,0.00,0.00,0.000,0.0029,0.2741
0.30,6.641,12.35,0.00,0.00,0.000,0.0014,0.2733
0.30,6.661,11.44,0.00,0.00,0.000,0.0025,0.2701
0.30,6.681,7.42,0.00,0.00,0.000,0.0044,0.2673
0.30,6.708,3.89,0.00,0.00,0.000,0.0058,0.2649
0.30,6.721,5.48,0.00,0.00,0.000,0.0075,0.2625
0.30,6.741,5.11,0.00,0.00,0.000,0.0078,0.2608
0.30,6.761,5.89,0.00,0.00,0.000,0.0073,0.2598
0.30,6.781,6.03,0.00,0.00,0.000,0.0070,0.2589
0.30,6.801,6.28,0.00,0.00,0.000,0.0075,0.2584
0.30,6.821,5.99,0.00,0.00,0.000,0.0080,0.2585
0.30,6.841,8.11,0.00,0.00,0.000,0.0076,0.2595
0.30,6.864,14.80,0.00,0.00,0.000,0.0068,0.2616
0.30,6.881,10.46,0.00,0.00,0.000,0.0055,0.2662
0.30,6.901,10.30,0.00,0.00,0.000,0.0049,0.2722
0.30,6.921,5.96,0.00,0.00,0.000,0.0058,0.2755
0.30,6.941,7.93,0.00,0.00,0.000,0.0058,0.2753
0.30,6.961,32.11,0.00,0.00,0.000,0.0037,0.2730
0.30,6.980,14.47,0.00,0.00,0.000,0.0042,0.2672
0.30,7.001,10.72,0.00,0.00,0.000,0.0057,0.2640
0.30,7.021,2.90,0.00,0.00,0.000,0.0060,0.2605
0.30,7.041,3.02,0.00,0.00,0.000,0.0061,0.2585
0.30,7.061,3.81,0.00,0.00,0.000,0.0063,0.2573
0.30,7.081,4.07,0.00,0.00,0.000,0.0064,0.2568
0.30,7.101,4.38,0.00,0.00,0.000,0.0067,0.2568
0.30,7.121,5.31,0.00,0.00,0.000,0.0071,0.2576
0.30,7.141,7.11,0.00,0.00,0.000,0.0066,0.2593
0.30,7.161,9.55,0.00,0.00,0.000,0.0055,0.2626
0.30,7.181,19.29,0.00,0.00,0.000,0.0047,0.2647
0.30,7.201,25.64,0.00,0.00,0.000,0.0036,0.2733
0.30,7.221,5.59,0.00,0.00,0.000,0.0049,0.2745
0.30,7.241,11.62,0.00,0.00,0.000,0.0054,0.2737
0.30,7.263,22.67,0.00,0.00,0.000,0.0058,0.2708
0.30,7.281,13.45,0.00,0.00,0.000,0.0071,0.2671
0.30,7.301,7.04,0.00,0.00,0.000,0.0091,0.2644
0.30,7.321,4.58,0.00,0.00,0.000,0.0108,0.2619
0.30,7.343,5.59,0.00,0.00,0.000,0.0113,0.2609
0.30,7.361,4.95,0.00,0.00,0.000,0.0112,0.2598
0.30,7.381,6.01,0.00,0.00,0.000,0.0110,0.2591
0.30,7.401,5.63,0.00,0.00,0.000,0.0109,0.2584
0.30,7.421,5.56,0.00,0.00,0.000,0.0111,0.2583
0.30,7.441,7.67,0.00,0.00,0.000,0.0107,0.2593
0.30,7.461,8.08,0.00,0.00,0.000,0.0098,0.2624
0.30,7.484,18.00,0.00,0.00,0.000,0.0084,0.2675
0.30,7.501,11.57,0.00,0.00,0.000,0.0081,0.2713
0.30,7.520,10.96,0.00,0.00,0.000,0.0079,0.2751
0.30,7.543,20.34,0.00,0.00,0.000,0.0057,0.2730
0.30,7.561,19.04,0.00,0.00,0.000,0.0032,0.2709
0.30,7.584,9.09,0.00,0.00,0.000,0.0045,0.2663
0.30,7.601,8.65,0.00,0.00,0.000,0.0067,0.2634
0.30,7.621,4.35,0.00,0.00,0.000,0.0078,0.2604
0.30,7.642,4.01,0.00,0.00,0.000,0.0083,0.2581
0.30,7.661,4.29,0.00,0.00,0.000,0.0086,0.2568
0.30,7.680,4.52,0.00,0.00,0.000,0.0091,0.2562
0.30,7.701,4.84,0.00,0.00,0.000,0.0097,0.2564
0.30,7.721,6.19,0.00,0.00,0.000,0.0102,0.2570
0.30,7.745,5.92,0.00,0.00,0.000,0.0102,0.2598
0.30,7.761,8.27,0.00,0.00,0.000,0.0099,0.2614
0.30,7.781,20.82,0.00,0.00,0.000,0.0086,0.2660
0.30,7.802,9.16,0.00,0.00,0.000,0.0067,0.2707
0.30,7.822,6.76,0.00,0.00,0.000,0.0049,0.2740
0.30,7.841,12.01,0.00,0.00,0.000,0.0033,0.2733
0.30,7.861,21.86,0.00,0.00,0.000,0.0035,0.2710
0.30,7.885,38.69,0.00,0.00,0.000,0.0061,0.2653
0.30,7.901,7.16,0.00,0.00,0.000,0.0086,0.2629
0.30,7.921,7.37,0.00,0.00,0.000,0.0085,0.2605
0.30,7.941,5.63,0.00,0.00,0.000,0.0077,0.2599
0.30,7.962,5.00,0.00,0.00,0.000,0.0068,0.2593
0.30,7.981,6.01,0.00,0.00,0.000,0.0061,0.2585
0.30,8.001,6.07,0.00,0.00,0.000,0.0066,0.2582
0.30,8.022,6.33,0.00,0.00,0.000,0.0076,0.2582
0.30,8.041,6.10,0.00,0.00,0.000,0.0078,0.2585
0.30,8.061,10.78,0.00,0.00,0.000,0.0068,0.2622
0.30,8.081,14.83,0.00,0.00,0.000,0.0057,0.2658
0.30,8.108,7.59,0.00,0.00,0.000,0.0045,0.2728
0.30,8.121,8.68,0.00,0.00,0.000,0.0047,0.2749
0.30,8.141,11.90,0.00,0.00,0.000,0.0046,0.2746
0.30,8.161,28.25,0.00,0.00,0.000,0.0030,0.2725
0.30,8.181,8.17,0.00,0.00,0.000,0.0049,0.2671
0.30,8.202,7.16,0.00,0.00,0.000,0.0067,0.2632
0.30,8.221,2.86,0.00,0.00,0.000,0.0070,0.2606
0.30,8.241,3.10,0.00,0.00,0.000,0.0070,0.2583
0.30,8.262,3.53,0.00,0.00,0.000,0.0070,0.2572
0.30,8.281,3.91,0.00,0.00,0.000,0.0073,0.2565
0.30,8.300,4.22,0.00,0.00,0.000,0.0078,0.2567
0.30,8.320,4.77,0.00,0.00,0.000,0.0083,0.2576
0.30,8.340,5.37,0.00,0.00,0.000,0.0080,0.2587
0.30,8.360,13.63,0.00,0.00,0.000,0.0071,0.2616
0.30,8.384,19.36,0.00,0.00,0.000,0.0045,0.2688
0.30,8.402,13.85,0.00,0.00,0.000,0.0035,0.2720
0.30,8.421,6.98,0.00,0.00,0.000,0.0042,0.2745
0.30,8.441,20.77,0.00,0.00,0.000,0.0051,0.2727
0.30,8.468,28.79,0.00,0.00,0.000,0.0056,0.2694
0.30,8.481,11.95,0.00,0.00,0.000,0.0062,0.2660
0.30,8.501,6.20,0.00,0.00,0.000,0.0080,0.2634
0.30,8.523,5.12,0.00,0.00,0.000,0.0101,0.2611
0.30,8.541,6.13,0.00,0.00,0.000,0.0109,0.2601
0.30,8.561,6.31,0.00,0.00,0.000,0.0110,0.2590
0.30,8.581,6.66,0.00,0.00,0.000,0.0107,0.2582
0.30,8.606,6.62,0.00,0.00,0.000,0.0106,0.2578
0.30,8.621,6.76,0.00,0.00,0.000,0.0109,0.2577
0.30,8.641,13.16,0.00,0.00,0.000,0.0107,0.2588
0.30,8.661,17.16,0.00,0.00,0.000,0.0099,0.2608
0.30,8.681,15.41,0.00,0.00,0.000,0.0088,0.2656
0.30,8.700,19.76,0.00,0.00,0.000,0.0081,0.2701
0.30,8.720,10.15,0.00,0.00,0.000,0.0081,0.2750
0.30,8.741,11.74,0.00,0.00,0.000,0.0077,0.2746
0.30,8.767,18.63,0.00,0.00,0.000,0.0059,0.2712
0.30,8.781,12.25,0.00,0.00,0.000,0.0066,0.2670
0.30,8.801,6.96,0.00,0.00,0.000,0.0076,0.2633
0.30,8.821,3.96,0.00,0.00,0.000,0.0077,0.2607
0.30,8.844,3.88,0.00,0.00,0.000,0.0078,0.2585
0.30,8.861,4.22,0.00,0.00,0.000,0.0080,0.2571
0.30,8.881,4.02,0.00,0.00,0.000,0.0080,0.2567
0.30,8.901,4.53,0.00,0.00,0.000,0.0082,0.2567
0.30,8.922,4.59,0.00,0.00,0.000,0.0085,0.2579
0.30,8.940,5.15,0.00,0.00,0.000,0.0082,0.2598
0.30,8.960,15.71,0.00,0.00,0.000,0.0073,0.2631
0.30,8.980,14.01,0.00,0.00,0.000,0.0061,0.2669
0.30,9.001,11.03,0.00,0.00,0.000,0.0046,0.2721
0.30,9.021,6.60,0.00,0.00,0.000,0.0034,0.2747
0.30,9.040,19.28,0.00,0.00,0.000,0.0034,0.2728
0.30,9.060,23.10,0.00,0.00,0.000,0.0047,0.2704
0.30,9.081,9.01,0.00,0.00,0.000,0.0065,0.2664
0.30,9.101,4.36,0.00,0.00,0.000,0.0082,0.2637
0.30,9.120,5.36,0.00,0.00,0.000,0.0097,0.2615
0.30,9.140,5.76,0.00,0.00,0.000,0.0100,0.2605
0.30,9.160,6.15,0.00,0.00,0.000,0.0099,0.2595
0.30,9.180,6.14,0.00,0.00,0.000,0.0096,0.2587
0.30,9.201,6.44,0.00,0.00,0.000,0.0098,0.2583
0.30,9.220,6.19,0.00,0.00,0.000,0.0102,0.2583
0.30,9.240,9.08,0.00,0.00,0.000,0.0102,0.2587
0.30,9.260,15.35,0.00,0.00,0.000,0.0093,0.2613
0.30,9.280,19.76,0.00,0.00,0.000,0.0083,0.2653
0.30,9.301,16.61,0.00,0.00,0.000,0.0075,0.2711
0.30,9.326,4.80,0.00,0.00,0.000,0.0076,0.2750
0.30,9.341,6.45,0.00,0.00,0.000,0.0075,0.2749
0.30,9.361,25.20,0.00,0.00,0.000,0.0054,0.2724
0.30,9.381,10.38,0.00,0.00,0.000,0.0049,0.2678
0.30,9.407,4.61,0.00,0.00,0.000,0.0059,0.2638
0.30,9.421,2.98,0.00,0.00,0.000,0.0062,0.2613
0.30,9.441,2.80,0.00,0.00,0.000,0.0063,0.2589
0.30,9.461,3.39,0.00,0.00,0.000,0.0059,0.2574
0.30,9.481,3.65,0.00,0.00,0.000,0.0056,0.2568
0.30,9.501,3.95,0.00,0.00,0.000,0.0059,0.2570
0.30,9.521,4.69,0.00,0.00,0.000,0.0062,0.2574
0.30,9.541,7.38,0.00,0.00,0.000,0.0059,0.2590
0.30,9.561,8.55,0.00,0.00,0.000,0.0051,0.2611
0.30,9.581,8.68,0.00,0.00,0.000,0.0037,0.2676
0.30,9.601,8.43,0.00,0.00,0.000,0.0058,0.2728
0.30,9.621,5.22,0.00,0.00,0.000,0.0077,0.2744
0.30,9.640,13.52,0.00,0.00,0.000,0.0075,0.2736
0.30,9.661,20.01,0.00,0.00,0.000,0.0078,0.2710
0.30,9.681,15.40,0.00,0.00,0.000,0.0096,0.2662
0.30,9.701,6.04,0.00,0.00,0.000,0.0110,0.2648
0.30,9.721,8.07,0.00,0.00,0.000,0.0123,0.2620
0.30,9.741,5.94,0.00,0.00,0.000,0.0121,0.2606
0.30,9.764,5.33,0.00,0.00,0.000,0.0114,0.2594
0.30,9.781,6.01,0.00,0.00,0.000,0.0112,0.2587
0.30,9.800,6.22,0.00,0.00,0.000,0.0115,0.2583
0.30,9.821,5.75,0.00,0.00,0.000,0.0121,0.2582
0.30,9.840,8.07,0.00,0.00,0.000,0.0117,0.2592
0.30,9.860,16.67,0.00,0.00,0.000,0.0107,0.2613
0.30,9.880,12.42,0.00,0.00,0.000,0.0094,0.2671
0.30,9.901,12.01,0.00,0.00,0.000,0.0086,0.2724
0.30,9.920,6.90,0.00,0.00,0.000,0.0079,0.2755
0.30,9.940,16.51,0.00,0.00,0.000,0.0065,0.2743
0.30,9.961,19.13,0.00,0.00,0.000,0.0044,0.2709
0.30,9.987,10.37,0.00,0.00,0.000,0.0052,0.2668
0.30,10.000,3.85,0.00,0.00,0.000,0.0061,0.2637
0.30,10.021,3.41,0.00,0.00,0.000,0.0067,0.2607
0.30,10.040,3.09,0.00,0.00,0.000,0.0068,0.2590
0.30,10.063,3.67,0.00,0.00,0.000,0.0072,0.2575
0.30,10.081,3.97,0.00,0.00,0.000,0.0079,0.2570
0.30,10.101,3.95,0.00,0.00,0.000,0.0088,0.2571
0.30,10.121,4.55,0.00,0.00,0.000,0.0093,0.2580
0.30,10.141,7.22,0.00,0.00,0.000,0.0091,0.2594
0.30,10.161,10.39,0.00,0.00,0.000,0.0085,0.2626
0.30,10.181,7.58,0.00,0.00,0.000,0.0069,0.2679
0.30,10.201,6.31,0.00,0.00,0.000,0.0050,0.2732
0.30,10.220,4.51,0.00,0.00,0.000,0.0037,0.2748
0.30,10.240,13.20,0.00,0.00,0.000,0.0030,0.2734
0.30,10.261,15.73,0.00,0.00,0.000,0.0042,0.2702
0.30,10.283,6.91,0.00,0.00,0.000,0.0062,0.2659
0.30,10.300,6.14,0.00,0.00,0.000,0.0074,0.2641
0.30,10.321,4.95,0.00,0.00,0.000,0.0085,0.2619
0.30,10.341,4.80,0.00,0.00,0.000,0.0080,0.2608
0.30,10.362,4.99,0.00,0.00,0.000,0.0074,0.2598
0.30,10.380,5.16,0.00,0.00,0.000,0.0074,0.2594
0.30,10.400,5.51,0.00,0.00,0.000,0.0082,0.2589
0.30,10.420,5.65,0.00,0.00,0.000,0.0088,0.2588
0.30,10.442,8.46,0.00,0.00,0.000,0.0088,0.2593
0.30,10.461,11.30,0.00,0.00,0.000,0.0079,0.2629
0.30,10.481,13.41,0.00,0.00,0.000,0.0066,0.2675
0.30,10.501,17.32,0.00,0.00,0.000,0.0058,0.2715
0.30,10.528,9.39,0.00,0.00,0.000,0.0057,0.2753
0.30,10.541,5.73,0.00,0.00,0.000,0.0056,0.2753
0.30,10.561,47.14,0.00,0.00,0.000,0.0040,0.2723
0.30,10.581,17.47,0.00,0.00,0.000,0.0043,0.2678
0.30,10.611,4.88,0.00,0.00,0.000,0.0053,0.2635
0.30,10.621,2.55,0.00,0.00,0.000,0.0054,0.2611
0.30,10.641,3.89,0.00,0.00,0.000,0.0054,0.2596
0.30,10.661,3.70,0.00,0.00,0.000,0.0054,0.2577
0.30,10.681,3.57,0.00,0.00,0.000,0.0057,0.2573
0.30,10.702,3.74,0.00,0.00,0.000,0.0062,0.2572
0.30,10.721,4.18,0.00,0.00,0.000,0.0066,0.2575
0.30,10.742,6.19,0.00,0.00,0.000,0.0066,0.2596
0.30,10.761,11.02,0.00,0.00,0.000,0.0056,0.2626
0.30,10.781,6.20,0.00,0.00,0.000,0.0041,0.2679
0.30,10.801,6.80,0.00,0.00,0.000,0.0047,0.2731
0.30,10.821,3.96,0.00,0.00,0.000,0.0057,0.2744
0.30,10.841,13.30,0.00,0.00,0.000,0.0055,0.2737
0.30,10.861,15.07,0.00,0.00,0.000,0.0069,0.2698
0.30,10.881,8.80,0.00,0.00,0.000,0.0084,0.2670
0.30,10.901,4.56,0.00,0.00,0.000,0.0092,0.2646
0.30,10.921,4.58,0.00,0.00,0.000,0.0101,0.2622
0.30,10.941,5.26,0.00,0.00,0.000,0.0103,0.2607
0.30,10.967,6.03,0.00,0.00,0.000,0.0105,0.2594
0.30,10.981,5.98,0.00,0.00,0.000,0.0108,0.2588
0.30,11.000,5.94,0.00,0.00,0.000,0.0110,0.2584
0.30,11.021,5.63,0.00,0.00,0.000,0.0108,0.2583
0.30,11.040,9.04,0.00,0.00,0.000,0.0104,0.2587
0.30,11.060,17.66,0.00,0.00,0.000,0.0095,0.2611
0.30,11.081,17.19,0.00,0.00,0.000,0.0083,0.2659
0.30,11.102,16.24,0.00,0.00,0.000,0.0074,0.2713
0.30,11.121,9.55,0.00,0.00,0.000,0.0075,0.2751
0.30,11.141,20.00,0.00,0.00,0.000,0.0064,0.2740
0.30,11.161,23.15,0.00,0.00,0.000,0.0043,0.2716
0.30,11.181,10.90,0.00,0.00,0.000,0.0050,0.2672
0.30,11.201,5.13,0.00,0.00,0.000,0.0063,0.2632
0.30,11.221,2.68,0.00,0.00,0.000,0.0067,0.2600
0.30,11.241,3.35,0.00,0.00,0.000,0.0067,0.2580
0.30,11.261,4.27,0.00,0.00,0.000,0.0068,0.2568
0.30,11.281,4.24,0.00,0.00,0.000,0.0071,0.2564
0.30,11.301,4.45,0.00,0.00,0.000,0.0079,0.2566
0.30,11.321,5.73,0.00,0.00,0.000,0.0082,0.2572
0.30,11.341,9.69,0.00,0.00,0.000,0.0080,0.2587
0.30,11.361,5.04,0.00,0.00,0.000,0.0066,0.2634
0.30,11.381,13.39,0.00,0.00,0.000,0.0048,0.2678
0.30,11.401,7.22,0.00,0.00,0.000,0.0035,0.2722
0.30,11.421,2.83,0.00,0.00,0.000,0.0037,0.2742
0.30,11.441,10.17,0.00,0.00,0.000,0.0035,0.2737
0.30,11.461,18.36,0.00,0.00,0.000,0.0044,0.2712
0.30,11.481,9.40,0.00,0.00,0.000,0.0061,0.2682
0.30,11.501,6.26,0.00,0.00,0.000,0.0075,0.2652
0.30,11.521,4.13,0.00,0.00,0.000,0.0080,0.2627
0.30,11.547,5.28,0.00,0.00,0.000,0.0080,0.2605
0.30,11.561,5.27,0.00,0.00,0.000,0.0080,0.2600
0.30,11.581,5.54,0.00,0.00,0.000,0.0081,0.2592
0.30,11.601,5.48,0.00,0.00,0.000,0.0083,0.2588
0.30,11.621,5.43,0.00,0.00,0.000,0.0083,0.2586
0.30,11.640,5.76,0.00,0.00,0.000,0.0079,0.2587
0.30,11.661,16.91,0.00,0.00,0.000,0.0067,0.2613
0.30,11.681,11.87,0.00,0.00,0.000,0.0050,0.2665
0.30,11.704,8.16,0.00,0.00,0.000,0.0046,0.2724
0.30,11.721,3.99,0.00,0.00,0.000,0.0057,0.2752
0.30,11.741,12.68,0.00,0.00,0.000,0.0043,0.2741
0.30,11.761,28.74,0.00,0.00,0.000,0.0023,0.2722
0.30,11.781,7.77,0.00,0.00,0.000,0.0038,0.2663
0.30,11.805,3.71,0.00,0.00,0.000,0.0052,0.2616
0.30,11.825,3.05,0.00,0.00,0.000,0.0054,0.2602
0.30,11.841,2.82,0.00,0.00,0.000,0.0057,0.2586
0.30,11.861,3.36,0.00,0.00,0.000,0.0060,0.2573
0.30,11.881,4.43,0.00,0.00,0.000,0.0073,0.2566
0.30,11.901,4.38,0.00,0.00,0.000,0.0090,0.2567
0.30,11.921,6.63,0.00,0.00,0.000,0.0097,0.2576
0.30,11.941,4.73,0.00,0.00,0.000,0.0094,0.2598
0.30,11.961,13.70,0.00,0.00,0.000,0.0088,0.2619
0.30,11.987,7.82,0.00,0.00,0.000,0.0058,0.2683
0.40,3.002,33.43,0.00,0.00,0.000,0.0056,0.2734
0.40,3.022,8.18,0.00,0.00,0.000,0.0042,0.2767
0.40,3.043,17.36,0.00,0.00,0.000,0.0050,0.2755
0.40,3.063,35.88,0.00,0.00,0.000,0.0075,0.2733
0.40,3.082,10.92,0.00,0.00,0.000,0.0125,0.2676
0.40,3.102,8.97,0.00,0.00,0.000,0.0137,0.2657
0.40,3.121,6.73,0.00,0.00,0.000,0.0143,0.2631
0.40,3.141,7.29,0.00,0.00,0.000,0.0133,0.2600
0.40,3.161,7.33,0.00,0.00,0.000,0.0125,0.2587
0.40,3.183,8.05,0.00,0.00,0.000,0.0118,0.2572
0.40,3.203,7.96,0.00,0.00,0.000,0.0122,0.2566
0.40,3.222,8.55,0.00,0.00,0.000,0.0131,0.2568
0.40,3.242,14.36,0.00,0.00,0.000,0.0137,0.2577
0.40,3.261,19.36,0.00,0.00,0.000,0.0138,0.2603
0.40,3.282,29.54,0.00,0.00,0.000,0.0137,0.2668
0.40,3.302,21.40,0.00,0.00,0.000,0.0143,0.2736
0.40,3.322,17.58,0.00,0.00,0.000,0.0141,0.2771
0.40,3.342,32.38,0.00,0.00,0.000,0.0121,0.2763
0.40,3.361,37.53,0.00,0.00,0.000,0.0084,0.2733
0.40,3.382,19.98,0.00,0.00,0.000,0.0095,0.2692
0.40,3.402,12.44,0.00,0.00,0.000,0.0121,0.2635
0.40,3.422,8.08,0.00,0.00,0.000,0.0121,0.2603
0.40,3.442,5.84,0.00,0.00,0.000,0.0113,0.2575
0.40,3.462,6.71,0.00,0.00,0.000,0.0109,0.2565
0.40,3.482,7.57,0.00,0.00,0.000,0.0103,0.2553
0.40,3.502,7.37,0.00,0.00,0.000,0.0102,0.2552
0.40,3.526,8.65,0.00,0.00,0.000,0.0104,0.2557
0.40,3.542,11.30,0.00,0.00,0.000,0.0105,0.2583
0.40,3.561,20.52,0.00,0.00,0.000,0.0099,0.2611
0.40,3.581,22.21,0.00,0.00,0.000,0.0081,0.2669
0.40,3.601,13.70,0.00,0.00,0.000,0.0070,0.2720
0.40,3.622,8.64,0.00,0.00,0.000,0.0047,0.2765
0.40,3.642,18.07,0.00,0.00,0.000,0.0035,0.2756
0.40,3.662,15.87,0.00,0.00,0.000,0.0065,0.2722
0.40,3.685,19.82,0.00,0.00,0.000,0.0109,0.2682
0.40,3.702,8.34,0.00,0.00,0.000,0.0129,0.2650
0.40,3.721,7.88,0.00,0.00,0.000,0.0127,0.2621
0.40,3.742,6.41,0.00,0.00,0.000,0.0115,0.2603
0.40,3.761,7.29,0.00,0.00,0.000,0.0099,0.2588
0.40,3.782,6.80,0.00,0.00,0.000,0.0085,0.2573
0.40,3.802,7.41,0.00,0.00,0.000,0.0085,0.2569
0.40,3.824,8.06,0.00,0.00,0.000,0.0092,0.2572
0.40,3.842,9.32,0.00,0.00,0.000,0.0096,0.2577
0.40,3.862,11.20,0.00,0.00,0.000,0.0089,0.2624
0.40,3.882,13.61,0.00,0.00,0.000,0.0074,0.2684
0.40,3.902,14.49,0.00,0.00,0.000,0.0064,0.2739
0.40,3.922,9.33,0.00,0.00,0.000,0.0055,0.2771
0.40,3.941,23.65,0.00,0.00,0.000,0.0044,0.2764
0.40,3.961,41.09,0.00,0.00,0.000,0.0021,0.2734
0.40,3.990,16.02,0.00,0.00,0.000,0.0063,0.2662
0.40,4.002,8.78,0.00,0.00,0.000,0.0070,0.2653
0.40,4.023,6.41,0.00,0.00,0.000,0.0084,0.2604
0.40,4.042,5.28,0.00,0.00,0.000,0.0086,0.2571
0.40,4.062,5.14,0.00,0.00,0.000,0.0088,0.2558
0.40,4.081,5.54,0.00,0.00,0.000,0.0094,0.2554
0.40,4.102,7.35,0.00,0.00,0.000,0.0105,0.2558
0.40,4.122,8.07,0.00,0.00,0.000,0.0113,0.2567
0.40,4.142,9.45,0.00,0.00,0.000,0.0115,0.2576
0.40,4.162,38.94,0.00,0.00,0.000,0.0104,0.2639
0.40,4.182,40.10,0.00,0.00,0.000,0.0084,0.2679
0.40,4.202,26.51,0.00,0.00,0.000,0.0072,0.2736
0.40,4.222,9.62,0.00,0.00,0.000,0.0060,0.2763
0.40,4.248,19.83,0.00,0.00,0.000,0.0046,0.2756
0.40,4.261,30.12,0.00,0.00,0.000,0.0060,0.2726
0.40,4.281,20.53,0.00,0.00,0.000,0.0090,0.2682
0.40,4.303,8.79,0.00,0.00,0.000,0.0114,0.2647
0.40,4.322,6.41,0.00,0.00,0.000,0.0125,0.2617
0.40,4.341,7.05,0.00,0.00,0.000,0.0122,0.2597
0.40,4.362,7.45,0.00,0.00,0.000,0.0110,0.2576
0.40,4.382,6.85,0.00,0.00,0.000,0.0103,0.2568
0.40,4.402,7.97,0.00,0.00,0.000,0.0101,0.2562
0.40,4.422,8.87,0.00,0.00,0.000,0.0109,0.2563
0.40,4.441,10.84,0.00,0.00,0.000,0.0121,0.2568
0.40,4.461,16.10,0.00,0.00,0.000,0.0126,0.2613
0.40,4.482,13.61,0.00,0.00,0.000,0.0122,0.2686
0.40,4.504,15.51,0.00,0.00,0.000,0.0122,0.2739
0.40,4.521,9.13,0.00,0.00,0.000,0.0106,0.2768
0.40,4.542,25.34,0.00,0.00,0.000,0.0059,0.2749
0.40,4.563,35.46,0.00,0.00,0.000,0.0045,0.2730
0.40,4.581,15.93,0.00,0.00,0.000,0.0063,0.2689
0.40,4.601,11.27,0.00,0.00,0.000,0.0094,0.2643
0.40,4.622,8.39,0.00,0.00,0.000,0.0102,0.2600
0.40,4.641,5.15,0.00,0.00,0.000,0.0100,0.2580
0.40,4.662,5.47,0.00,0.00,0.000,0.0097,0.2563
0.40,4.681,5.84,0.00,0.00,0.000,0.0096,0.2555
0.40,4.701,7.28,0.00,0.00,0.000,0.0097,0.2556
0.40,4.722,7.53,0.00,0.00,0.000,0.0099,0.2559
0.40,4.741,9.80,0.00,0.00,0.000,0.0099,0.2574
0.40,4.762,12.47,0.00,0.00,0.000,0.0089,0.2618
0.40,4.782,21.45,0.00,0.00,0.000,0.0069,0.2673
0.40,4.803,13.17,0.00,0.00,0.000,0.0062,0.2737
0.40,4.821,13.72,0.00,0.00,0.000,0.0060,0.2763
0.40,4.842,18.25,0.00,0.00,0.000,0.0055,0.2753
0.40,4.861,21.56,0.00,0.00,0.000,0.0067,0.2736
0.40,4.883,19.72,0.00,0.00,0.000,0.0087,0.2704
0.40,4.901,10.43,0.00,0.00,0.000,0.0119,0.2661
0.40,4.921,11.49,0.00,0.00,0.000,0.0144,0.2626
0.40,4.942,7.31,0.00,0.00,0.000,0.0139,0.2602
0.40,4.962,7.95,0.00,0.00,0.000,0.0124,0.2583
0.40,4.982,7.32,0.00,0.00,0.000,0.0108,0.2571
0.40,5.002,7.56,0.00,0.00,0.000,0.0105,0.2567
0.40,5.026,9.17,0.00,0.00,0.000,0.0115,0.2564
0.40,5.042,15.22,0.00,0.00,0.000,0.0128,0.2571
0.40,5.061,17.29,0.00,0.00,0.000,0.0126,0.2614
0.40,5.081,20.36,0.00,0.00,0.000,0.0117,0.2668
0.40,5.102,12.44,0.00,0.00,0.000,0.0110,0.2731
0.40,5.122,16.00,0.00,0.00,0.000,0.0100,0.2765
0.40,5.144,23.30,0.00,0.00,0.000,0.0085,0.2759
0.40,5.162,25.21,0.00,0.00,0.000,0.0069,0.2741
0.40,5.182,19.65,0.00,0.00,0.000,0.0098,0.2671
0.40,5.203,10.69,0.00,0.00,0.000,0.0110,0.2651
0.40,5.224,9.55,0.00,0.00,0.000,0.0118,0.2606
0.40,5.241,6.99,0.00,0.00,0.000,0.0116,0.2577
0.40,5.261,7.01,0.00,0.00,0.000,0.0114,0.2559
0.40,5.286,6.69,0.00,0.00,0.000,0.0115,0.2554
0.40,5.302,7.50,0.00,0.00,0.000,0.0121,0.2553
0.40,5.321,9.76,0.00,0.00,0.000,0.0125,0.2561
0.40,5.342,11.37,0.00,0.00,0.000,0.0127,0.2584
0.40,5.364,14.37,0.00,0.00,0.000,0.0125,0.2605
0.40,5.383,34.91,0.00,0.00,0.000,0.0103,0.2680
0.40,5.401,18.60,0.00,0.00,0.000,0.0091,0.2714
0.40,5.422,9.16,0.00,0.00,0.000,0.0069,0.2765
0.40,5.443,16.72,0.00,0.00,0.000,0.0056,0.2763
0.40,5.461,35.77,0.00,0.00,0.000,0.0053,0.2736
0.40,5.481,14.04,0.00,0.00,0.000,0.0082,0.2686
0.40,5.503,8.55,0.00,0.00,0.000,0.0108,0.2648
0.40,5.521,7.62,0.00,0.00,0.000,0.0109,0.2615
0.40,5.541,7.98,0.00,0.00,0.000,0.0097,0.2595
0.40,5.563,7.30,0.00,0.00,0.000,0.0082,0.2580
0.40,5.582,7.27,0.00,0.00,0.000,0.0072,0.2571
0.40,5.601,8.15,0.00,0.00,0.000,0.0073,0.2568
0.40,5.622,9.75,0.00,0.00,0.000,0.0084,0.2574
0.40,5.641,13.87,0.00,0.00,0.000,0.0092,0.2581
0.40,5.662,12.47,0.00,0.00,0.000,0.0086,0.2643
0.40,5.683,19.48,0.00,0.00,0.000,0.0078,0.2679
0.40,5.701,20.25,0.00,0.00,0.000,0.0069,0.2734
0.40,5.723,8.58,0.00,0.00,0.000,0.0060,0.2775
0.40,5.741,27.85,0.00,0.00,0.000,0.0045,0.2768
0.40,5.761,36.37,0.00,0.00,0.000,0.0015,0.2739
0.40,5.781,15.00,0.00,0.00,0.000,0.0041,0.2674
0.40,5.801,12.30,0.00,0.00,0.000,0.0063,0.2641
0.40,5.822,7.28,0.00,0.00,0.000,0.0072,0.2609
0.40,5.842,5.22,0.00,0.00,0.000,0.0072,0.2574
0.40,5.863,5.12,0.00,0.00,0.000,0.0072,0.2558
0.40,5.883,5.25,0.00,0.00,0.000,0.0076,0.2552
0.40,5.902,6.14,0.00,0.00,0.000,0.0083,0.2550
0.40,5.922,8.07,0.00,0.00,0.000,0.0089,0.2560
0.40,5.943,10.66,0.00,0.00,0.000,0.0083,0.2579
0.40,5.961,23.20,0.00,0.00,0.000,0.0072,0.2609
0.40,5.982,10.55,0.00,0.00,0.000,0.0051,0.2672
0.40,6.003,16.45,0.00,0.00,0.000,0.0044,0.2717
0.40,6.022,7.88,0.00,0.00,0.000,0.0059,0.2764
0.40,6.044,19.17,0.00,0.00,0.000,0.0057,0.2743
0.40,6.063,32.15,0.00,0.00,0.000,0.0071,0.2711
0.40,6.083,15.75,0.00,0.00,0.000,0.0095,0.2675
0.40,6.103,9.83,0.00,0.00,0.000,0.0107,0.2657
0.40,6.121,7.31,0.00,0.00,0.000,0.0124,0.2621
0.40,6.142,6.67,0.00,0.00,0.000,0.0116,0.2596
0.40,6.169,7.78,0.00,0.00,0.000,0.0099,0.2575
0.40,6.181,7.99,0.00,0.00,0.000,0.0089,0.2566
0.40,6.202,9.57,0.00,0.00,0.000,0.0090,0.2560
0.40,6.225,10.08,0.00,0.00,0.000,0.0109,0.2560
0.40,6.244,17.09,0.00,0.00,0.000,0.0112,0.2567
0.40,6.262,19.12,0.00,0.00,0.000,0.0105,0.2603
0.40,6.282,19.70,0.00,0.00,0.000,0.0095,0.2666
0.40,6.302,12.18,0.00,0.00,0.000,0.0093,0.2721
0.40,6.323,10.61,0.00,0.00,0.000,0.0092,0.2763
0.40,6.341,24.03,0.00,0.00,0.000,0.0088,0.2757
0.40,6.361,42.40,0.00,0.00,0.000,0.0054,0.2724
0.40,6.382,10.32,0.00,0.00,0.000,0.0057,0.2659
0.40,6.407,9.16,0.00,0.00,0.000,0.0067,0.2628
0.40,6.422,5.25,0.00,0.00,0.000,0.0072,0.2589
0.40,6.442,4.42,0.00,0.00,0.000,0.0074,0.2570
0.40,6.461,6.12,0.00,0.00,0.000,0.0075,0.2553
0.40,6.481,6.74,0.00,0.00,0.000,0.0079,0.2546
0.40,6.502,8.77,0.00,0.00,0.000,0.0088,0.2553
0.40,6.522,9.55,0.00,0.00,0.000,0.0090,0.2562
0.40,6.542,12.45,0.00,0.00,0.000,0.0086,0.2578
0.40,6.564,20.06,0.00,0.00,0.000,0.0078,0.2607
0.40,6.581,24.04,0.00,0.00,0.000,0.0063,0.2667
0.40,6.602,22.75,0.00,0.00,0.000,0.0055,0.2734
0.40,6.621,6.24,0.00,0.00,0.000,0.0061,0.2769
0.40,6.641,19.24,0.00,0.00,0.000,0.0067,0.2754
0.40,6.662,25.56,0.00,0.00,0.000,0.0078,0.2742
0.40,6.681,13.34,0.00,0.00,0.000,0.0124,0.2689
0.40,6.702,10.12,0.00,0.00,0.000,0.0156,0.2653
0.40,6.722,6.70,0.00,0.00,0.000,0.0164,0.2627
0.40,6.742,7.53,0.00,0.00,0.000,0.0156,0.2604
0.40,6.762,6.56,0.00,0.00,0.000,0.0146,0.2590
0.40,6.782,7.52,0.00,0.00,0.000,0.0134,0.2572
0.40,6.803,7.53,0.00,0.00,0.000,0.0135,0.2567
0.40,6.822,8.44,0.00,0.00,0.000,0.0146,0.2566
0.40,6.841,10.32,0.00,0.00,0.000,0.0155,0.2583
0.40,6.862,16.70,0.00,0.00,0.000,0.0153,0.2620
0.40,6.882,24.42,0.00,0.00,0.000,0.0149,0.2659
0.40,6.904,17.62,0.00,0.00,0.000,0.0148,0.2717
0.40,6.921,27.07,0.00,0.00,0.000,0.0147,0.2757
0.40,6.941,24.94,0.00,0.00,0.000,0.0106,0.2766
0.40,6.962,42.87,0.00,0.00,0.000,0.0079,0.2728
0.40,6.982,15.57,0.00,0.00,0.000,0.0115,0.2676
0.40,7.002,9.77,0.00,0.00,0.000,0.0145,0.2629
0.40,7.022,7.33,0.00,0.00,0.000,0.0147,0.2607
0.40,7.042,5.98,0.00,0.00,0.000,0.0135,0.2571
0.40,7.061,5.83,0.00,0.00,0.000,0.0124,0.2557
0.40,7.081,6.75,0.00,0.00,0.000,0.0118,0.2552
0.40,7.102,7.64,0.00,0.00,0.000,0.0115,0.2553
0.40,7.121,8.06,0.00,0.00,0.000,0.0112,0.2557
0.40,7.142,11.38,0.00,0.00,0.000,0.0102,0.2598
0.40,7.162,14.02,0.00,0.00,0.000,0.0092,0.2622
0.40,7.182,26.52,0.00,0.00,0.000,0.0080,0.2672
0.40,7.202,14.50,0.00,0.00,0.000,0.0073,0.2724
0.40,7.222,8.52,0.00,0.00,0.000,0.0056,0.2765
0.40,7.243,16.07,0.00,0.00,0.000,0.0051,0.2755
0.40,7.261,38.00,0.00,0.00,0.000,0.0071,0.2732
0.40,7.281,18.44,0.00,0.00,0.000,0.0100,0.2689
0.40,7.304,11.00,0.00,0.00,0.000,0.0128,0.2649
0.40,7.322,6.50,0.00,0.00,0.000,0.0133,0.2623
0.40,7.342,7.92,0.00,0.00,0.000,0.0122,0.2594
0.40,7.362,6.64,0.00,0.00,0.000,0.0112,0.2581
0.40,7.382,6.86,0.00,0.00,0.000,0.0102,0.2572
0.40,7.402,8.09,0.00,0.00,0.000,0.0097,0.2563
0.40,7.423,9.04,0.00,0.00,0.000,0.0109,0.2565
0.40,7.444,11.01,0.00,0.00,0.000,0.0115,0.2568
0.40,7.463,20.71,0.00,0.00,0.000,0.0113,0.2621
0.40,7.481,17.03,0.00,0.00,0.000,0.0109,0.2644
0.40,7.502,18.88,0.00,0.00,0.000,0.0097,0.2718
0.40,7.522,11.72,0.00,0.00,0.000,0.0094,0.2763
0.40,7.542,14.09,0.00,0.00,0.000,0.0099,0.2759
0.40,7.561,42.87,0.00,0.00,0.000,0.0110,0.2740
0.40,7.581,15.61,0.00,0.00,0.000,0.0120,0.2666
0.40,7.602,12.92,0.00,0.00,0.000,0.0117,0.2638
0.40,7.622,5.22,0.00,0.00,0.000,0.0115,0.2615
0.40,7.642,5.07,0.00,0.00,0.000,0.0111,0.2580
0.40,7.662,6.14,0.00,0.00,0.000,0.0108,0.2554
0.40,7.682,6.50,0.00,0.00,0.000,0.0101,0.2549
0.40,7.702,7.40,0.00,0.00,0.000,0.0090,0.2549
0.40,7.721,9.16,0.00,0.00,0.000,0.0088,0.2559
0.40,7.746,12.45,0.00,0.00,0.000,0.0086,0.2579
0.40,7.763,18.79,0.00,0.00,0.000,0.0078,0.2609
0.40,7.781,26.30,0.00,0.00,0.000,0.0065,0.2654
0.40,7.802,16.49,0.00,0.00,0.000,0.0060,0.2741
0.40,7.821,9.64,0.00,0.00,0.000,0.0067,0.2763
0.40,7.841,16.13,0.00,0.00,0.000,0.0071,0.2749
0.40,7.861,36.64,0.00,0.00,0.000,0.0080,0.2731
0.40,7.881,13.73,0.00,0.00,0.000,0.0111,0.2684
0.40,7.903,7.36,0.00,0.00,0.000,0.0131,0.2643
0.40,7.922,7.45,0.00,0.00,0.000,0.0132,0.2609
0.40,7.942,6.53,0.00,0.00,0.000,0.0120,0.2589
0.40,7.961,6.94,0.00,0.00,0.000,0.0111,0.2579
0.40,7.981,6.46,0.00,0.00,0.000,0.0106,0.2571
0.40,8.003,7.57,0.00,0.00,0.000,0.0112,0.2565
0.40,8.021,8.45,0.00,0.00,0.000,0.0129,0.2566
0.40,8.042,15.84,0.00,0.00,0.000,0.0129,0.2591
0.40,8.061,22.66,0.00,0.00,0.000,0.0126,0.2609
0.40,8.083,18.16,0.00,0.00,0.000,0.0120,0.2649
0.40,8.102,23.91,0.00,0.00,0.000,0.0116,0.2711
0.40,8.122,9.57,0.00,0.00,0.000,0.0112,0.2766
0.40,8.142,22.07,0.00,0.00,0.000,0.0099,0.2755
0.40,8.164,44.13,0.00,0.00,0.000,0.0079,0.2733
0.40,8.184,13.70,0.00,0.00,0.000,0.0087,0.2678
0.40,8.202,10.94,0.00,0.00,0.000,0.0101,0.2630
0.40,8.222,6.80,0.00,0.00,0.000,0.0103,0.2608
0.40,8.245,5.46,0.00,0.00,0.000,0.0102,0.2580
0.40,8.261,6.12,0.00,0.00,0.000,0.0097,0.2558
0.40,8.281,5.92,0.00,0.00,0.000,0.0092,0.2553
0.40,8.302,6.69,0.00,0.00,0.000,0.0088,0.2553
0.40,8.325,7.38,0.00,0.00,0.000,0.0085,0.2557
0.40,8.342,12.95,0.00,0.00,0.000,0.0077,0.2595
0.40,8.361,18.70,0.00,0.00,0.000,0.0071,0.2609
0.40,8.381,29.82,0.00,0.00,0.000,0.0058,0.2672
0.40,8.402,18.75,0.00,0.00,0.000,0.0055,0.2725
0.40,8.424,14.87,0.00,0.00,0.000,0.0063,0.2762
0.40,8.442,12.10,0.00,0.00,0.000,0.0061,0.2762
0.40,8.463,51.87,0.00,0.00,0.000,0.0089,0.2704
0.40,8.484,18.94,0.00,0.00,0.000,0.0112,0.2685
0.40,8.501,15.37,0.00,0.00,0.000,0.0117,0.2650
0.40,8.522,9.34,0.00,0.00,0.000,0.0108,0.2619
0.40,8.542,7.29,0.00,0.00,0.000,0.0096,0.2595
0.40,8.563,8.01,0.00,0.00,0.000,0.0093,0.2588
0.40,8.583,6.38,0.00,0.00,0.000,0.0094,0.2578
0.40,8.602,6.84,0.00,0.00,0.000,0.0096,0.2569
0.40,8.623,7.56,0.00,0.00,0.000,0.0096,0.2571
0.40,8.642,10.37,0.00,0.00,0.000,0.0093,0.2576
0.40,8.662,13.94,0.00,0.00,0.000,0.0084,0.2606
0.40,8.681,25.15,0.00,0.00,0.000,0.0070,0.2655
0.40,8.702,13.84,0.00,0.00,0.000,0.0057,0.2725
0.40,8.722,11.57,0.00,0.00,0.000,0.0053,0.2769
0.40,8.742,19.29,0.00,0.00,0.000,0.0041,0.2758
0.40,8.761,42.78,0.00,0.00,0.000,0.0044,0.2743
0.40,8.784,49.38,0.00,0.00,0.000,0.0085,0.2646
0.40,8.801,8.49,0.00,0.00,0.000,0.0093,0.2641
0.40,8.823,14.10,0.00,0.00,0.000,0.0098,0.2602
0.40,8.842,7.07,0.00,0.00,0.000,0.0101,0.2569
0.40,8.869,6.23,0.00,0.00,0.000,0.0100,0.2555
0.40,8.882,5.84,0.00,0.00,0.000,0.0103,0.2550
0.40,8.902,6.61,0.00,0.00,0.000,0.0107,0.2552
0.40,8.921,8.77,0.00,0.00,0.000,0.0112,0.2559
0.40,8.942,11.70,0.00,0.00,0.000,0.0114,0.2569
0.40,8.961,15.67,0.00,0.00,0.000,0.0108,0.2613
0.40,8.981,12.71,0.00,0.00,0.000,0.0088,0.2674
0.40,9.004,11.91,0.00,0.00,0.000,0.0072,0.2722
0.40,9.022,8.02,0.00,0.00,0.000,0.0059,0.2756
0.40,9.041,12.48,0.00,0.00,0.000,0.0038,0.2762
0.40,9.063,27.32,0.00,0.00,0.000,0.0046,0.2731
0.40,9.082,13.96,0.00,0.00,0.000,0.0077,0.2699
0.40,9.101,19.11,0.00,0.00,0.000,0.0110,0.2668
0.40,9.121,11.02,0.00,0.00,0.000,0.0121,0.2636
0.40,9.142,7.19,0.00,0.00,0.000,0.0110,0.2605
0.40,9.162,7.65,0.00,0.00,0.000,0.0095,0.2586
0.40,9.181,7.04,0.00,0.00,0.000,0.0083,0.2574
0.40,9.202,8.07,0.00,0.00,0.000,0.0083,0.2571
0.40,9.222,8.72,0.00,0.00,0.000,0.0091,0.2570
0.40,9.242,13.67,0.00,0.00,0.000,0.0103,0.2577
0.40,9.263,25.49,0.00,0.00,0.000,0.0100,0.2635
0.40,9.281,27.28,0.00,0.00,0.000,0.0094,0.2664
0.40,9.302,36.73,0.00,0.00,0.000,0.0088,0.2740
0.40,9.322,10.98,0.00,0.00,0.000,0.0086,0.2768
0.40,9.341,14.60,0.00,0.00,0.000,0.0087,0.2764
0.40,9.369,21.60,0.00,0.00,0.000,0.0072,0.2728
0.40,9.382,11.93,0.00,0.00,0.000,0.0065,0.2692
0.40,9.402,14.61,0.00,0.00,0.000,0.0065,0.2647
0.40,9.422,11.90,0.00,0.00,0.000,0.0069,0.2609
0.40,9.444,6.08,0.00,0.00,0.000,0.0073,0.2584
0.40,9.462,5.35,0.00,0.00,0.000,0.0075,0.2565
0.40,9.481,5.96,0.00,0.00,0.000,0.0072,0.2558
0.40,9.503,6.74,0.00,0.00,0.000,0.0074,0.2560
0.40,9.520,7.25,0.00,0.00,0.000,0.0080,0.2564
0.40,9.542,8.45,0.00,0.00,0.000,0.0080,0.2593
0.40,9.562,20.00,0.00,0.00,0.000,0.0071,0.2616
0.40,9.583,15.24,0.00,0.00,0.000,0.0059,0.2681
0.40,9.603,15.14,0.00,0.00,0.000,0.0061,0.2745
0.40,9.622,8.52,0.00,0.00,0.000,0.0072,0.2771
0.40,9.648,17.18,0.00,0.00,0.000,0.0076,0.2765
0.40,9.661,24.66,0.00,0.00,0.000,0.0084,0.2745
0.40,9.683,13.61,0.00,0.00,0.000,0.0122,0.2690
0.40,9.702,7.81,0.00,0.00,0.000,0.0152,0.2651
0.40,9.725,7.14,0.00,0.00,0.000,0.0159,0.2633
0.40,9.741,7.36,0.00,0.00,0.000,0.0153,0.2608
0.40,9.761,6.22,0.00,0.00,0.000,0.0141,0.2588
0.40,9.780,6.56,0.00,0.00,0.000,0.0136,0.2578
0.40,9.802,7.42,0.00,0.00,0.000,0.0138,0.2567
0.40,9.821,8.00,0.00,0.00,0.000,0.0143,0.2566
0.40,9.842,10.42,0.00,0.00,0.000,0.0149,0.2582
0.40,9.864,13.09,0.00,0.00,0.000,0.0146,0.2600
0.40,9.883,19.01,0.00,0.00,0.000,0.0136,0.2669
0.40,9.901,11.11,0.00,0.00,0.000,0.0133,0.2719
0.40,9.921,21.02,0.00,0.00,0.000,0.0128,0.2759
0.40,9.941,16.37,0.00,0.00,0.000,0.0116,0.2757
0.40,9.961,28.04,0.00,0.00,0.000,0.0107,0.2727
0.40,9.981,16.50,0.00,0.00,0.000,0.0110,0.2677
0.40,10.003,9.94,0.00,0.00,0.000,0.0112,0.2653
0.40,10.021,4.70,0.00,0.00,0.000,0.0112,0.2600
0.40,10.041,5.90,0.00,0.00,0.000,0.0106,0.2570
0.40,10.064,6.33,0.00,0.00,0.000,0.0103,0.2556
0.40,10.082,6.99,0.00,0.00,0.000,0.0105,0.2548
0.40,10.101,7.78,0.00,0.00,0.000,0.0110,0.2551
0.40,10.121,10.89,0.00,0.00,0.000,0.0111,0.2559
0.40,10.142,14.02,0.00,0.00,0.000,0.0105,0.2589
0.40,10.161,14.20,0.00,0.00,0.000,0.0093,0.2620
0.40,10.182,46.86,0.00,0.00,0.000,0.0074,0.2681
0.40,10.204,40.06,0.00,0.00,0.000,0.0065,0.2740
0.40,10.222,22.62,0.00,0.00,0.000,0.0054,0.2758
0.40,10.241,19.59,0.00,0.00,0.000,0.0046,0.2755
0.40,10.262,19.38,0.00,0.00,0.000,0.0083,0.2712
0.40,10.281,14.62,0.00,0.00,0.000,0.0111,0.2672
0.40,10.301,7.20,0.00,0.00,0.000,0.0121,0.2633
0.40,10.323,6.36,0.00,0.00,0.000,0.0119,0.2611
0.40,10.341,6.68,0.00,0.00,0.000,0.0109,0.2589
0.40,10.361,7.02,0.00,0.00,0.000,0.0100,0.2575
0.40,10.382,7.13,0.00,0.00,0.000,0.0103,0.2565
0.40,10.402,7.72,0.00,0.00,0.000,0.0108,0.2562
0.40,10.422,9.08,0.00,0.00,0.000,0.0118,0.2562
0.40,10.442,10.22,0.00,0.00,0.000,0.0121,0.2581
0.40,10.462,14.14,0.00,0.00,0.000,0.0118,0.2599
0.40,10.481,22.26,0.00,0.00,0.000,0.0111,0.2652
0.40,10.502,10.51,0.00,0.00,0.000,0.0107,0.2722
0.40,10.522,19.75,0.00,0.00,0.000,0.0104,0.2763
0.40,10.542,16.37,0.00,0.00,0.000,0.0115,0.2761
0.40,10.562,20.14,0.00,0.00,0.000,0.0123,0.2749
0.40,10.583,43.97,0.00,0.00,0.000,0.0125,0.2687
0.40,10.602,23.98,0.00,0.00,0.000,0.0123,0.2648
0.40,10.623,13.69,0.00,0.00,0.000,0.0114,0.2598
0.40,10.642,9.43,0.00,0.00,0.000,0.0109,0.2578
0.40,10.662,7.07,0.00,0.00,0.000,0.0106,0.2562
0.40,10.681,6.22,0.00,0.00,0.000,0.0103,0.2556
0.40,10.705,6.95,0.00,0.00,0.000,0.0097,0.2557
0.40,10.722,8.80,0.00,0.00,0.000,0.0096,0.2563
0.40,10.744,8.38,0.00,0.00,0.000,0.0092,0.2590
0.40,10.763,16.68,0.00,0.00,0.000,0.0080,0.2620
0.40,10.781,32.82,0.00,0.00,0.000,0.0068,0.2661
0.40,10.802,15.93,0.00,0.00,0.000,0.0057,0.2734
0.40,10.822,14.46,0.00,0.00,0.000,0.0056,0.2765
0.40,10.841,18.43,0.00,0.00,0.000,0.0052,0.2757
0.40,10.861,44.58,0.00,0.00,0.000,0.0054,0.2736
0.40,10.882,19.44,0.00,0.00,0.000,0.0082,0.2680
0.40,10.901,15.36,0.00,0.00,0.000,0.0100,0.2654
0.40,10.922,5.78,0.00,0.00,0.000,0.0114,0.2611
0.40,10.942,6.76,0.00,0.00,0.000,0.0106,0.2594
0.40,10.963,7.26,0.00,0.00,0.000,0.0086,0.2573
0.40,10.981,8.02,0.00,0.00,0.000,0.0081,0.2568
0.40,11.002,8.26,0.00,0.00,0.000,0.0080,0.2559
0.40,11.021,8.84,0.00,0.00,0.000,0.0089,0.2561
0.40,11.043,11.20,0.00,0.00,0.000,0.0090,0.2576
0.40,11.062,17.00,0.00,0.00,0.000,0.0078,0.2619
0.40,11.082,31.73,0.00,0.00,0.000,0.0063,0.2685
0.40,11.102,18.08,0.00,0.00,0.000,0.0057,0.2707
0.40,11.122,11.31,0.00,0.00,0.000,0.0053,0.2769
0.40,11.142,25.02,0.00,0.00,0.000,0.0040,0.2750
0.40,11.162,28.31,0.00,0.00,0.000,0.0049,0.2703
0.40,11.181,14.29,0.00,0.00,0.000,0.0077,0.2675
0.40,11.202,17.53,0.00,0.00,0.000,0.0093,0.2644
0.40,11.222,5.87,0.00,0.00,0.000,0.0100,0.2599
0.40,11.242,5.25,0.00,0.00,0.000,0.0101,0.2564
0.40,11.261,6.14,0.00,0.00,0.000,0.0104,0.2551
0.40,11.281,6.38,0.00,0.00,0.000,0.0109,0.2547
0.40,11.302,7.35,0.00,0.00,0.000,0.0114,0.2547
0.40,11.322,9.45,0.00,0.00,0.000,0.0122,0.2556
0.40,11.342,9.55,0.00,0.00,0.000,0.0121,0.2584
0.40,11.363,23.21,0.00,0.00,0.000,0.0112,0.2620
0.40,11.383,22.53,0.00,0.00,0.000,0.0096,0.2664
0.40,11.401,12.11,0.00,0.00,0.000,0.0075,0.2725
0.40,11.422,7.35,0.00,0.00,0.000,0.0052,0.2760
0.40,11.442,21.38,0.00,0.00,0.000,0.0032,0.2747
0.40,11.462,38.21,0.00,0.00,0.000,0.0050,0.2713
0.40,11.481,14.42,0.00,0.00,0.000,0.0072,0.2680
0.40,11.502,6.23,0.00,0.00,0.000,0.0096,0.2633
0.40,11.522,6.40,0.00,0.00,0.000,0.0097,0.2612
0.40,11.542,7.04,0.00,0.00,0.000,0.0087,0.2591
0.40,11.561,7.49,0.00,0.00,0.000,0.0074,0.2577
0.40,11.584,7.67,0.00,0.00,0.000,0.0068,0.2570
0.40,11.603,8.12,0.00,0.00,0.000,0.0071,0.2564
0.40,11.622,9.25,0.00,0.00,0.000,0.0083,0.2563
0.40,11.642,18.76,0.00,0.00,0.000,0.0089,0.2581
0.40,11.662,21.54,0.00,0.00,0.000,0.0085,0.2623
0.40,11.682,23.10,0.00,0.00,0.000,0.0072,0.2676
0.40,11.702,25.33,0.00,0.00,0.000,0.0065,0.2748
0.40,11.725,14.18,0.00,0.00,0.000,0.0058,0.2765
0.40,11.742,22.04,0.00,0.00,0.000,0.0039,0.2758
0.40,11.761,19.73,0.00,0.00,0.000,0.0029,0.2742
0.40,11.782,14.60,0.00,0.00,0.000,0.0075,0.2689
0.40,11.803,7.08,0.00,0.00,0.000,0.0109,0.2629
0.40,11.821,4.98,0.00,0.00,0.000,0.0112,0.2599
0.40,11.841,5.90,0.00,0.00,0.000,0.0112,0.2578
0.40,11.861,5.79,0.00,0.00,0.000,0.0115,0.2560
0.40,11.881,6.03,0.00,0.00,0.000,0.0121,0.2553
0.40,11.901,6.86,0.00,0.00,0.000,0.0132,0.2552
0.40,11.922,9.39,0.00,0.00,0.000,0.0142,0.2561
0.40,11.941,10.85,0.00,0.00,0.000,0.0149,0.2585
0.40,11.962,12.46,0.00,0.00,0.000,0.0146,0.2627
0.40,11.982,19.84,0.00,0.00,0.000,0.0137,0.2653
0.50,3.001,28.48,0.00,0.00,0.000,0.0082,0.2706
0.50,3.021,15.00,0.00,0.00,0.000,0.0072,0.2771
0.50,3.043,13.22,0.00,0.00,0.000,0.0066,0.2781
0.50,3.061,35.11,0.00,0.00,0.000,0.0072,0.2740
0.50,3.081,32.07,0.00,0.00,0.000,0.0103,0.2688
0.50,3.101,10.47,0.00,0.00,0.000,0.0107,0.2636
0.50,3.122,8.30,0.00,0.00,0.000,0.0098,0.2609
0.50,3.141,9.73,0.00,0.00,0.000,0.0075,0.2568
0.50,3.161,8.64,0.00,0.00,0.000,0.0058,0.2551
0.50,3.182,9.07,0.00,0.00,0.000,0.0054,0.2544
0.50,3.202,10.61,0.00,0.00,0.000,0.0057,0.2538
0.50,3.221,13.53,0.00,0.00,0.000,0.0070,0.2540
0.50,3.241,18.69,0.00,0.00,0.000,0.0080,0.2559
0.50,3.261,26.62,0.00,0.00,0.000,0.0078,0.2600
0.50,3.281,28.65,0.00,0.00,0.000,0.0069,0.2661
0.50,3.301,21.12,0.00,0.00,0.000,0.0063,0.2733
0.50,3.321,24.59,0.00,0.00,0.000,0.0064,0.2776
0.50,3.341,23.37,0.00,0.00,0.000,0.0069,0.2776
0.50,3.362,29.33,0.00,0.00,0.000,0.0069,0.2756
0.50,3.381,28.60,0.00,0.00,0.000,0.0075,0.2683
0.50,3.401,20.59,0.00,0.00,0.000,0.0074,0.2650
0.50,3.426,11.82,0.00,0.00,0.000,0.0069,0.2611
0.50,3.441,6.58,0.00,0.00,0.000,0.0065,0.2566
0.50,3.460,7.81,0.00,0.00,0.000,0.0064,0.2546
0.50,3.481,8.63,0.00,0.00,0.000,0.0067,0.2539
0.50,3.501,9.71,0.00,0.00,0.000,0.0073,0.2540
0.50,3.521,11.07,0.00,0.00,0.000,0.0075,0.2553
0.50,3.541,17.24,0.00,0.00,0.000,0.0069,0.2576
0.50,3.561,21.12,0.00,0.00,0.000,0.0061,0.2605
0.50,3.582,39.65,0.00,0.00,0.000,0.0052,0.2657
0.50,3.608,19.01,0.00,0.00,0.000,0.0069,0.2730
0.50,3.621,13.55,0.00,0.00,0.000,0.0074,0.2788
0.50,3.644,31.87,0.00,0.00,0.000,0.0085,0.2774
0.50,3.661,51.42,0.00,0.00,0.000,0.0118,0.2748
0.50,3.682,28.27,0.00,0.00,0.000,0.0182,0.2690
0.50,3.701,20.40,0.00,0.00,0.000,0.0212,0.2649
0.50,3.721,12.16,0.00,0.00,0.000,0.0216,0.2613
0.50,3.743,10.81,0.00,0.00,0.000,0.0202,0.2583
0.50,3.763,9.74,0.00,0.00,0.000,0.0188,0.2563
0.50,3.783,10.68,0.00,0.00,0.000,0.0173,0.2544
0.50,3.801,10.53,0.00,0.00,0.000,0.0170,0.2537
0.50,3.821,12.70,0.00,0.00,0.000,0.0173,0.2539
0.50,3.841,20.62,0.00,0.00,0.000,0.0182,0.2553
0.50,3.861,18.27,0.00,0.00,0.000,0.0192,0.2607
0.50,3.881,28.07,0.00,0.00,0.000,0.0203,0.2670
0.50,3.904,23.83,0.00,0.00,0.000,0.0223,0.2740
0.50,3.922,18.02,0.00,0.00,0.000,0.0235,0.2776
0.50,3.941,32.60,0.00,0.00,0.000,0.0201,0.2779
0.50,3.961,54.45,0.00,0.00,0.000,0.0142,0.2742
0.50,3.982,32.63,0.00,0.00,0.000,0.0138,0.2695
0.50,4.002,15.08,0.00,0.00,0.000,0.0149,0.2643
0.50,4.021,16.06,0.00,0.00,0.000,0.0145,0.2594
0.50,4.042,9.21,0.00,0.00,0.000,0.0139,0.2571
0.50,4.061,10.52,0.00,0.00,0.000,0.0130,0.2544
0.50,4.081,9.62,0.00,0.00,0.000,0.0128,0.2540
0.50,4.101,11.27,0.00,0.00,0.000,0.0118,0.2540
0.50,4.122,13.43,0.00,0.00,0.000,0.0104,0.2551
0.50,4.141,17.26,0.00,0.00,0.000,0.0099,0.2561
0.50,4.161,25.88,0.00,0.00,0.000,0.0089,0.2603
0.50,4.181,27.67,0.00,0.00,0.000,0.0095,0.2681
0.50,4.201,22.44,0.00,0.00,0.000,0.0109,0.2734
0.50,4.221,18.50,0.00,0.00,0.000,0.0106,0.2784
0.50,4.241,25.31,0.00,0.00,0.000,0.0099,0.2788
0.50,4.262,48.19,0.00,0.00,0.000,0.0126,0.2762
0.50,4.282,39.95,0.00,0.00,0.000,0.0147,0.2700
0.50,4.301,23.45,0.00,0.00,0.000,0.0151,0.2655
0.50,4.321,12.51,0.00,0.00,0.000,0.0157,0.2616
0.50,4.341,8.85,0.00,0.00,0.000,0.0152,0.2581
0.50,4.361,8.18,0.00,0.00,0.000,0.0140,0.2559
0.50,4.381,9.40,0.00,0.00,0.000,0.0121,0.2539
0.50,4.402,10.29,0.00,0.00,0.000,0.0117,0.2536
0.50,4.421,12.39,0.00,0.00,0.000,0.0119,0.2537
0.50,4.443,20.33,0.00,0.00,0.000,0.0123,0.2550
0.50,4.461,23.69,0.00,0.00,0.000,0.0118,0.2594
0.50,4.481,33.56,0.00,0.00,0.000,0.0111,0.2648
0.50,4.505,38.58,0.00,0.00,0.000,0.0112,0.2746
0.50,4.523,15.10,0.00,0.00,0.000,0.0112,0.2779
0.50,4.541,24.63,0.00,0.00,0.000,0.0109,0.2775
0.50,4.562,45.42,0.00,0.00,0.000,0.0072,0.2731
0.50,4.581,18.61,0.00,0.00,0.000,0.0062,0.2687
0.50,4.602,10.26,0.00,0.00,0.000,0.0069,0.2633
0.50,4.620,8.01,0.00,0.00,0.000,0.0074,0.2587
0.50,4.641,7.58,0.00,0.00,0.000,0.0077,0.2558
0.50,4.663,7.60,0.00,0.00,0.000,0.0078,0.2548
0.50,4.681,9.38,0.00,0.00,0.000,0.0082,0.2538
0.50,4.701,10.85,0.00,0.00,0.000,0.0084,0.2542
0.50,4.721,12.98,0.00,0.00,0.000,0.0085,0.2549
0.50,4.742,18.86,0.00,0.00,0.000,0.0083,0.2567
0.50,4.761,24.00,0.00,0.00,0.000,0.0076,0.2600
0.50,4.781,18.19,0.00,0.00,0.000,0.0064,0.2670
0.50,4.804,19.68,0.00,0.00,0.000,0.0067,0.2738
0.50,4.821,15.57,0.00,0.00,0.000,0.0066,0.2778
0.50,4.841,18.53,0.00,0.00,0.000,0.0060,0.2786
0.50,4.861,33.11,0.00,0.00,0.000,0.0092,0.2739
0.50,4.881,26.14,0.00,0.00,0.000,0.0138,0.2689
0.50,4.901,11.71,0.00,0.00,0.000,0.0155,0.2651
0.50,4.921,8.25,0.00,0.00,0.000,0.0155,0.2619
0.50,4.942,8.45,0.00,0.00,0.000,0.0134,0.2577
0.50,4.961,9.19,0.00,0.00,0.000,0.0115,0.2556
0.50,4.981,9.67,0.00,0.00,0.000,0.0104,0.2543
0.50,5.001,10.82,0.00,0.00,0.000,0.0106,0.2540
0.50,5.021,13.78,0.00,0.00,0.000,0.0119,0.2543
0.50,5.041,20.58,0.00,0.00,0.000,0.0129,0.2560
0.50,5.061,20.06,0.00,0.00,0.000,0.0133,0.2593
0.50,5.082,36.63,0.00,0.00,0.000,0.0135,0.2652
0.50,5.101,27.56,0.00,0.00,0.000,0.0143,0.2723
0.50,5.127,17.99,0.00,0.00,0.000,0.0145,0.2782
0.50,5.141,27.03,0.00,0.00,0.000,0.0127,0.2780
0.50,5.161,68.55,0.00,0.00,0.000,0.0114,0.2755
0.50,5.181,22.37,0.00,0.00,0.000,0.0125,0.2695
0.50,5.201,12.09,0.00,0.00,0.000,0.0130,0.2644
0.50,5.221,7.28,0.00,0.00,0.000,0.0125,0.2599
0.50,5.241,8.87,0.00,0.00,0.000,0.0116,0.2566
0.50,5.261,8.77,0.00,0.00,0.000,0.0109,0.2548
0.50,5.284,8.25,0.00,0.00,0.000,0.0106,0.2543
0.50,5.301,9.51,0.00,0.00,0.000,0.0102,0.2545
0.50,5.321,10.68,0.00,0.00,0.000,0.0097,0.2559
0.50,5.342,13.61,0.00,0.00,0.000,0.0089,0.2581
0.50,5.361,21.81,0.00,0.00,0.000,0.0079,0.2608
0.50,5.381,34.13,0.00,0.00,0.000,0.0073,0.2667
0.50,5.401,22.07,0.00,0.00,0.000,0.0079,0.2742
0.50,5.423,12.53,0.00,0.00,0.000,0.0074,0.2792
0.50,5.441,27.64,0.00,0.00,0.000,0.0069,0.2781
0.50,5.461,64.08,0.00,0.00,0.000,0.0086,0.2758
0.50,5.481,23.54,0.00,0.00,0.000,0.0124,0.2700
0.50,5.502,14.15,0.00,0.00,0.000,0.0147,0.2655
0.50,5.521,7.71,0.00,0.00,0.000,0.0144,0.2612
0.50,5.541,8.14,0.00,0.00,0.000,0.0131,0.2587
0.50,5.561,9.62,0.00,0.00,0.000,0.0112,0.2560
0.50,5.584,9.41,0.00,0.00,0.000,0.0102,0.2547
0.50,5.601,10.89,0.00,0.00,0.000,0.0100,0.2540
0.50,5.622,14.99,0.00,0.00,0.000,0.0113,0.2544
0.50,5.641,15.24,0.00,0.00,0.000,0.0124,0.2569
0.50,5.663,22.05,0.00,0.00,0.000,0.0126,0.2613
0.50,5.683,31.79,0.00,0.00,0.000,0.0125,0.2659
0.50,5.701,33.68,0.00,0.00,0.000,0.0131,0.2727
0.50,5.722,30.85,0.00,0.00,0.000,0.0138,0.2768
0.50,5.741,23.80,0.00,0.00,0.000,0.0129,0.2778
0.50,5.762,50.16,0.00,0.00,0.000,0.0118,0.2740
0.50,5.781,31.80,0.00,0.00,0.000,0.0115,0.2688
0.50,5.801,18.86,0.00,0.00,0.000,0.0114,0.2631
0.50,5.821,8.75,0.00,0.00,0.000,0.0112,0.2599
0.50,5.842,7.85,0.00,0.00,0.000,0.0107,0.2563
0.50,5.861,8.56,0.00,0.00,0.000,0.0099,0.2545
0.50,5.881,9.14,0.00,0.00,0.000,0.0092,0.2537
0.50,5.901,10.13,0.00,0.00,0.000,0.0089,0.2537
0.50,5.921,12.74,0.00,0.00,0.000,0.0086,0.2546
0.50,5.941,12.91,0.00,0.00,0.000,0.0079,0.2574
0.50,5.961,19.78,0.00,0.00,0.000,0.0067,0.2612
0.50,5.983,37.44,0.00,0.00,0.000,0.0066,0.2654
0.50,6.003,20.23,0.00,0.00,0.000,0.0080,0.2725
0.50,6.021,10.80,0.00,0.00,0.000,0.0081,0.2783
0.50,6.041,28.48,0.00,0.00,0.000,0.0079,0.2777
0.50,6.061,34.78,0.00,0.00,0.000,0.0111,0.2734
0.50,6.083,23.47,0.00,0.00,0.000,0.0131,0.2706
0.50,6.102,16.29,0.00,0.00,0.000,0.0166,0.2642
0.50,6.121,11.10,0.00,0.00,0.000,0.0165,0.2603
0.50,6.142,9.45,0.00,0.00,0.000,0.0151,0.2570
0.50,6.161,9.51,0.00,0.00,0.000,0.0148,0.2565
0.50,6.181,9.30,0.00,0.00,0.000,0.0132,0.2544
0.50,6.201,9.74,0.00,0.00,0.000,0.0129,0.2536
0.50,6.221,12.74,0.00,0.00,0.000,0.0138,0.2537
0.50,6.241,20.52,0.00,0.00,0.000,0.0152,0.2552
0.50,6.261,23.68,0.00,0.00,0.000,0.0157,0.2599
0.50,6.281,17.85,0.00,0.00,0.000,0.0162,0.2667
0.50,6.301,25.87,0.00,0.00,0.000,0.0169,0.2718
0.50,6.324,21.52,0.00,0.00,0.000,0.0176,0.2774
0.50,6.342,27.75,0.00,0.00,0.000,0.0138,0.2781
0.50,6.361,82.39,0.00,0.00,0.000,0.0093,0.2738
0.50,6.381,13.84,0.00,0.00,0.000,0.0102,0.2678
0.50,6.402,11.62,0.00,0.00,0.000,0.0113,0.2630
0.50,6.423,8.22,0.00,0.00,0.000,0.0115,0.2596
0.50,6.441,7.62,0.00,0.00,0.000,0.0110,0.2566
0.50,6.461,8.58,0.00,0.00,0.000,0.0107,0.2547
0.50,6.481,9.43,0.00,0.00,0.000,0.0105,0.2540
0.50,6.502,10.83,0.00,0.00,0.000,0.0104,0.2540
0.50,6.521,11.63,0.00,0.00,0.000,0.0100,0.2557
0.50,6.541,17.53,0.00,0.00,0.000,0.0096,0.2571
0.50,6.562,20.37,0.00,0.00,0.000,0.0088,0.2598
0.50,6.581,43.19,0.00,0.00,0.000,0.0078,0.2656
0.50,6.601,19.21,0.00,0.00,0.000,0.0084,0.2733
0.50,6.621,17.59,0.00,0.00,0.000,0.0079,0.2784
0.50,6.641,25.70,0.00,0.00,0.000,0.0069,0.2788
0.50,6.661,60.73,0.00,0.00,0.000,0.0111,0.2751
0.50,6.681,27.27,0.00,0.00,0.000,0.0145,0.2694
0.50,6.701,17.91,0.00,0.00,0.000,0.0149,0.2651
0.50,6.722,11.36,0.00,0.00,0.000,0.0145,0.2602
0.50,6.741,9.30,0.00,0.00,0.000,0.0130,0.2574
0.50,6.763,9.33,0.00,0.00,0.000,0.0114,0.2552
0.50,6.781,10.47,0.00,0.00,0.000,0.0103,0.2542
0.50,6.801,11.12,0.00,0.00,0.000,0.0104,0.2538
0.50,6.821,13.86,0.00,0.00,0.000,0.0115,0.2540
0.50,6.843,21.15,0.00,0.00,0.000,0.0125,0.2555
0.50,6.861,23.21,0.00,0.00,0.000,0.0128,0.2602
0.50,6.881,36.98,0.00,0.00,0.000,0.0128,0.2657
0.50,6.901,24.33,0.00,0.00,0.000,0.0130,0.2734
0.50,6.923,24.41,0.00,0.00,0.000,0.0127,0.2779
0.50,6.942,30.78,0.00,0.00,0.000,0.0100,0.2770
0.50,6.961,65.77,0.00,0.00,0.000,0.0079,0.2746
0.50,6.981,17.02,0.00,0.00,0.000,0.0098,0.2687
0.50,7.001,15.51,0.00,0.00,0.000,0.0111,0.2649
0.50,7.022,11.77,0.00,0.00,0.000,0.0114,0.2610
0.50,7.041,7.96,0.00,0.00,0.000,0.0107,0.2566
0.50,7.061,8.36,0.00,0.00,0.000,0.0101,0.2550
0.50,7.081,8.63,0.00,0.00,0.000,0.0097,0.2541
0.50,7.101,9.79,0.00,0.00,0.000,0.0096,0.2543
0.50,7.121,11.79,0.00,0.00,0.000,0.0094,0.2555
0.50,7.152,13.11,0.00,0.00,0.000,0.0087,0.2580
0.50,7.161,16.56,0.00,0.00,0.000,0.0085,0.2588
0.50,7.181,88.95,0.00,0.00,0.000,0.0076,0.2628
0.50,7.201,21.37,0.00,0.00,0.000,0.0073,0.2735
0.50,7.222,19.50,0.00,0.00,0.000,0.0078,0.2779
0.50,7.241,23.03,0.00,0.00,0.000,0.0079,0.2789
0.50,7.261,49.44,0.00,0.00,0.000,0.0102,0.2758
0.50,7.281,21.82,0.00,0.00,0.000,0.0140,0.2704
0.50,7.301,16.54,0.00,0.00,0.000,0.0160,0.2670
0.50,7.322,8.06,0.00,0.00,0.000,0.0166,0.2626
0.50,7.341,7.87,0.00,0.00,0.000,0.0153,0.2593
0.50,7.365,8.91,0.00,0.00,0.000,0.0137,0.2568
0.50,7.383,9.89,0.00,0.00,0.000,0.0128,0.2553
0.50,7.401,10.61,0.00,0.00,0.000,0.0128,0.2548
0.50,7.421,13.11,0.00,0.00,0.000,0.0140,0.2549
0.50,7.446,20.69,0.00,0.00,0.000,0.0155,0.2563
0.50,7.461,24.93,0.00,0.00,0.000,0.0158,0.2613
0.50,7.481,35.66,0.00,0.00,0.000,0.0162,0.2664
0.50,7.501,23.42,0.00,0.00,0.000,0.0172,0.2742
0.50,7.525,18.19,0.00,0.00,0.000,0.0181,0.2785
0.50,7.541,35.81,0.00,0.00,0.000,0.0173,0.2781
0.50,7.561,70.36,0.00,0.00,0.000,0.0144,0.2750
0.50,7.582,31.41,0.00,0.00,0.000,0.0142,0.2665
0.50,7.601,13.45,0.00,0.00,0.000,0.0145,0.2635
0.50,7.621,12.37,0.00,0.00,0.000,0.0140,0.2589
0.50,7.641,9.47,0.00,0.00,0.000,0.0132,0.2560
0.50,7.661,9.52,0.00,0.00,0.000,0.0122,0.2542
0.50,7.681,9.94,0.00,0.00,0.000,0.0114,0.2536
0.50,7.701,12.09,0.00,0.00,0.000,0.0111,0.2537
0.50,7.721,13.54,0.00,0.00,0.000,0.0108,0.2549
0.50,7.743,15.88,0.00,0.00,0.000,0.0099,0.2573
0.50,7.761,46.82,0.00,0.00,0.000,0.0085,0.2635
0.50,7.781,39.62,0.00,0.00,0.000,0.0079,0.2682
0.50,7.801,20.92,0.00,0.00,0.000,0.0080,0.2752
0.50,7.823,19.08,0.00,0.00,0.000,0.0076,0.2778
0.50,7.841,20.91,0.00,0.00,0.000,0.0074,0.2787
0.50,7.861,63.10,0.00,0.00,0.000,0.0096,0.2763
0.50,7.881,30.96,0.00,0.00,0.000,0.0115,0.2705
0.50,7.902,27.28,0.00,0.00,0.000,0.0113,0.2669
0.50,7.921,10.38,0.00,0.00,0.000,0.0113,0.2620
0.50,7.941,7.38,0.00,0.00,0.000,0.0106,0.2582
0.50,7.961,8.06,0.00,0.00,0.000,0.0091,0.2557
0.50,7.981,8.55,0.00,0.00,0.000,0.0081,0.2544
0.50,8.001,10.21,0.00,0.00,0.000,0.0077,0.2537
0.50,8.021,12.17,0.00,0.00,0.000,0.0083,0.2540
0.50,8.041,19.73,0.00,0.00,0.000,0.0086,0.2551
0.50,8.062,22.18,0.00,0.00,0.000,0.0081,0.2577
0.50,8.081,23.05,0.00,0.00,0.000,0.0066,0.2659
0.50,8.101,24.72,0.00,0.00,0.000,0.0059,0.2724
0.50,8.121,22.97,0.00,0.00,0.000,0.0063,0.2773
0.50,8.141,22.02,0.00,0.00,0.000,0.0073,0.2779
0.50,8.160,69.12,0.00,0.00,0.000,0.0087,0.2753
0.50,8.182,25.78,0.00,0.00,0.000,0.0094,0.2685
0.50,8.201,20.67,0.00,0.00,0.000,0.0092,0.2637
0.50,8.221,9.71,0.00,0.00,0.000,0.0086,0.2589
0.50,8.241,8.16,0.00,0.00,0.000,0.0082,0.2561
0.50,8.261,8.66,0.00,0.00,0.000,0.0083,0.2546
0.50,8.288,9.17,0.00,0.00,0.000,0.0084,0.2541
0.50,8.301,9.82,0.00,0.00,0.000,0.0084,0.2540
0.50,8.321,11.77,0.00,0.00,0.000,0.0085,0.2555
0.50,8.341,14.23,0.00,0.00,0.000,0.0083,0.2579
0.50,8.363,24.73,0.00,0.00,0.000,0.0077,0.2606
0.50,8.381,31.15,0.00,0.00,0.000,0.0068,0.2668
0.50,8.401,36.17,0.00,0.00,0.000,0.0067,0.2749
0.50,8.421,16.03,0.00,0.00,0.000,0.0059,0.2788
0.50,8.446,26.50,0.00,0.00,0.000,0.0061,0.2785
0.50,8.461,27.19,0.00,0.00,0.000,0.0117,0.2754
0.50,8.481,24.18,0.00,0.00,0.000,0.0142,0.2700
0.50,8.501,20.00,0.00,0.00,0.000,0.0147,0.2657
0.50,8.522,7.73,0.00,0.00,0.000,0.0147,0.2633
0.50,8.541,9.15,0.00,0.00,0.000,0.0147,0.2590
0.50,8.561,9.34,0.00,0.00,0.000,0.0143,0.2558
0.50,8.582,8.79,0.00,0.00,0.000,0.0142,0.2546
0.50,8.601,9.80,0.00,0.00,0.000,0.0144,0.2539
0.50,8.621,11.38,0.00,0.00,0.000,0.0153,0.2544
0.50,8.641,16.98,0.00,0.00,0.000,0.0161,0.2566
0.50,8.662,21.18,0.00,0.00,0.000,0.0168,0.2611
0.50,8.681,24.83,0.00,0.00,0.000,0.0174,0.2662
0.50,8.701,30.45,0.00,0.00,0.000,0.0190,0.2726
0.50,8.721,15.67,0.00,0.00,0.000,0.0202,0.2782
0.50,8.745,33.67,0.00,0.00,0.000,0.0189,0.2780
0.50,8.761,34.25,0.00,0.00,0.000,0.0127,0.2743
0.50,8.780,35.14,0.00,0.00,0.000,0.0109,0.2694
0.50,8.801,17.52,0.00,0.00,0.000,0.0125,0.2636
0.50,8.823,13.33,0.00,0.00,0.000,0.0124,0.2591
0.50,8.841,7.66,0.00,0.00,0.000,0.0120,0.2574
0.50,8.862,10.48,0.00,0.00,0.000,0.0110,0.2544
0.50,8.882,10.19,0.00,0.00,0.000,0.0109,0.2538
0.50,8.901,11.13,0.00,0.00,0.000,0.0109,0.2537
0.50,8.921,14.40,0.00,0.00,0.000,0.0108,0.2547
0.50,8.941,17.65,0.00,0.00,0.000,0.0102,0.2569
0.50,8.963,21.39,0.00,0.00,0.000,0.0096,0.2595
0.50,8.983,38.51,0.00,0.00,0.000,0.0080,0.2686
0.50,9.001,22.64,0.00,0.00,0.000,0.0084,0.2746
0.50,9.020,10.83,0.00,0.00,0.000,0.0073,0.2785
0.50,9.043,15.11,0.00,0.00,0.000,0.0061,0.2787
0.50,9.062,35.85,0.00,0.00,0.000,0.0091,0.2742
0.50,9.081,40.31,0.00,0.00,0.000,0.0128,0.2707
0.50,9.102,15.63,0.00,0.00,0.000,0.0136,0.2652
0.50,9.122,10.38,0.00,0.00,0.000,0.0123,0.2614
0.50,9.143,8.99,0.00,0.00,0.000,0.0108,0.2586
0.50,9.161,9.88,0.00,0.00,0.000,0.0086,0.2558
0.50,9.181,9.19,0.00,0.00,0.000,0.0079,0.2548
0.50,9.201,9.73,0.00,0.00,0.000,0.0077,0.2542
0.50,9.221,12.85,0.00,0.00,0.000,0.0082,0.2544
0.50,9.241,15.69,0.00,0.00,0.000,0.0090,0.2570
0.50,9.261,20.31,0.00,0.00,0.000,0.0086,0.2614
0.50,9.286,24.81,0.00,0.00,0.000,0.0083,0.2643
0.50,9.300,23.03,0.00,0.00,0.000,0.0081,0.2733
0.50,9.322,22.58,0.00,0.00,0.000,0.0086,0.2778
0.50,9.341,20.96,0.00,0.00,0.000,0.0087,0.2780
0.50,9.361,59.39,0.00,0.00,0.000,0.0087,0.2756
0.50,9.381,20.13,0.00,0.00,0.000,0.0089,0.2697
0.50,9.401,11.15,0.00,0.00,0.000,0.0090,0.2642
0.50,9.421,7.27,0.00,0.00,0.000,0.0088,0.2597
0.50,9.442,7.22,0.00,0.00,0.000,0.0085,0.2570
0.50,9.461,8.20,0.00,0.00,0.000,0.0086,0.2546
0.50,9.481,8.40,0.00,0.00,0.000,0.0087,0.2539
0.50,9.501,9.77,0.00,0.00,0.000,0.0088,0.2540
0.50,9.521,12.55,0.00,0.00,0.000,0.0088,0.2551
0.50,9.541,16.60,0.00,0.00,0.000,0.0086,0.2569
0.50,9.561,24.60,0.00,0.00,0.000,0.0077,0.2604
0.50,9.583,35.30,0.00,0.00,0.000,0.0066,0.2660
0.50,9.601,30.75,0.00,0.00,0.000,0.0069,0.2739
0.50,9.621,14.46,0.00,0.00,0.000,0.0062,0.2784
0.50,9.642,22.18,0.00,0.00,0.000,0.0061,0.2778
0.50,9.661,51.86,0.00,0.00,0.000,0.0085,0.2752
0.50,9.681,27.70,0.00,0.00,0.000,0.0124,0.2690
0.50,9.701,16.96,0.00,0.00,0.000,0.0148,0.2646
0.50,9.726,10.13,0.00,0.00,0.000,0.0151,0.2621
0.50,9.743,11.03,0.00,0.00,0.000,0.0137,0.2580
0.50,9.761,9.06,0.00,0.00,0.000,0.0120,0.2553
0.50,9.781,9.86,0.00,0.00,0.000,0.0106,0.2541
0.50,9.801,10.01,0.00,0.00,0.000,0.0102,0.2537
0.50,9.821,11.90,0.00,0.00,0.000,0.0110,0.2542
0.50,9.841,17.01,0.00,0.00,0.000,0.0120,0.2563
0.50,9.862,22.39,0.00,0.00,0.000,0.0121,0.2582
0.50,9.881,24.12,0.00,0.00,0.000,0.0119,0.2658
0.50,9.901,31.98,0.00,0.00,0.000,0.0127,0.2721
0.50,9.921,16.57,0.00,0.00,0.000,0.0127,0.2782
0.50,9.941,44.98,0.00,0.00,0.000,0.0094,0.2772
0.50,9.961,42.78,0.00,0.00,0.000,0.0065,0.2726
0.50,9.983,31.88,0.00,0.00,0.000,0.0084,0.2688
0.50,10.001,17.15,0.00,0.00,0.000,0.0113,0.2639
0.50,10.023,11.12,0.00,0.00,0.000,0.0119,0.2603
0.50,10.041,8.32,0.00,0.00,0.000,0.0106,0.2562
0.50,10.061,8.72,0.00,0.00,0.000,0.0097,0.2544
0.50,10.081,9.33,0.00,0.00,0.000,0.0102,0.2537
0.50,10.101,10.79,0.00,0.00,0.000,0.0111,0.2537
0.50,10.126,13.51,0.00,0.00,0.000,0.0116,0.2548
0.50,10.141,14.97,0.00,0.00,0.000,0.0115,0.2563
0.50,10.162,29.23,0.00,0.00,0.000,0.0108,0.2601
0.50,10.181,30.74,0.00,0.00,0.000,0.0089,0.2668
0.50,10.201,25.04,0.00,0.00,0.000,0.0083,0.2724
0.50,10.221,17.62,0.00,0.00,0.000,0.0078,0.2767
0.50,10.241,19.45,0.00,0.00,0.000,0.0052,0.2782
0.50,10.261,54.06,0.00,0.00,0.000,0.0071,0.2748
0.50,10.289,25.48,0.00,0.00,0.000,0.0103,0.2688
0.50,10.301,16.59,0.00,0.00,0.000,0.0112,0.2659
0.50,10.321,16.87,0.00,0.00,0.000,0.0118,0.2610
0.50,10.341,11.68,0.00,0.00,0.000,0.0111,0.2578
0.50,10.365,9.71,0.00,0.00,0.000,0.0097,0.2549
0.50,10.381,10.02,0.00,0.00,0.000,0.0085,0.2537
0.50,10.401,10.93,0.00,0.00,0.000,0.0081,0.2534
0.50,10.421,13.72,0.00,0.00,0.000,0.0086,0.2536
0.50,10.446,16.47,0.00,0.00,0.000,0.0094,0.2547
0.50,10.461,20.36,0.00,0.00,0.000,0.0098,0.2586
0.50,10.481,34.76,0.00,0.00,0.000,0.0097,0.2646
0.50,10.501,23.28,0.00,0.00,0.000,0.0097,0.2726
0.50,10.524,25.49,0.00,0.00,0.000,0.0102,0.2775
0.50,10.542,21.50,0.00,0.00,0.000,0.0099,0.2775
0.50,10.561,59.78,0.00,0.00,0.000,0.0084,0.2751
0.50,10.581,19.67,0.00,0.00,0.000,0.0084,0.2705
0.50,10.602,12.19,0.00,0.00,0.000,0.0089,0.2641
0.50,10.621,7.41,0.00,0.00,0.000,0.0085,0.2594
0.50,10.641,7.54,0.00,0.00,0.000,0.0081,0.2562
0.50,10.663,8.45,0.00,0.00,0.000,0.0079,0.2544
0.50,10.681,8.84,0.00,0.00,0.000,0.0077,0.2539
0.50,10.701,10.13,0.00,0.00,0.000,0.0076,0.2538
0.50,10.723,12.41,0.00,0.00,0.000,0.0076,0.2553
0.50,10.741,19.32,0.00,0.00,0.000,0.0072,0.2575
0.50,10.761,15.28,0.00,0.00,0.000,0.0062,0.2619
0.50,10.781,26.46,0.00,0.00,0.000,0.0058,0.2677
0.50,10.801,20.22,0.00,0.00,0.000,0.0066,0.2729
0.50,10.821,18.38,0.00,0.00,0.000,0.0068,0.2770
0.50,10.842,18.81,0.00,0.00,0.000,0.0056,0.2776
0.50,10.861,59.15,0.00,0.00,0.000,0.0056,0.2758
0.50,10.883,29.36,0.00,0.00,0.000,0.0077,0.2693
0.50,10.902,18.96,0.00,0.00,0.000,0.0095,0.2649
0.50,10.921,7.25,0.00,0.00,0.000,0.0097,0.2604
0.50,10.941,7.46,0.00,0.00,0.000,0.0075,0.2572
0.50,10.961,7.53,0.00,0.00,0.000,0.0062,0.2559
0.50,10.981,9.04,0.00,0.00,0.000,0.0043,0.2543
0.50,11.001,10.26,0.00,0.00,0.000,0.0041,0.2534
0.50,11.021,11.87,0.00,0.00,0.000,0.0050,0.2538
0.50,11.041,18.99,0.00,0.00,0.000,0.0053,0.2551
0.50,11.061,30.62,0.00,0.00,0.000,0.0047,0.2584
0.50,11.081,29.67,0.00,0.00,0.000,0.0033,0.2646
0.50,11.101,30.12,0.00,0.00,0.000,0.0028,0.2713
0.50,11.120,14.29,0.00,0.00,0.000,0.0047,0.2776
0.50,11.141,22.93,0.00,0.00,0.000,0.0047,0.2774
0.50,11.161,55.56,0.00,0.00,0.000,0.0029,0.2741
0.50,11.184,20.88,0.00,0.00,0.000,0.0033,0.2684
0.50,11.201,23.88,0.00,0.00,0.000,0.0047,0.2625
0.50,11.222,10.33,0.00,0.00,0.000,0.0053,0.2586
0.50,11.241,7.71,0.00,0.00,0.000,0.0053,0.2553
0.50,11.261,7.18,0.00,0.00,0.000,0.0057,0.2541
0.50,11.281,8.27,0.00,0.00,0.000,0.0064,0.2534
0.50,11.302,10.30,0.00,0.00,0.000,0.0074,0.2533
0.50,11.321,11.70,0.00,0.00,0.000,0.0079,0.2547
0.50,11.341,18.63,0.00,0.00,0.000,0.0076,0.2570
0.50,11.362,17.30,0.00,0.00,0.000,0.0074,0.2581
0.50,11.382,19.81,0.00,0.00,0.000,0.0058,0.2657
0.50,11.401,21.59,0.00,0.00,0.000,0.0057,0.2726
0.50,11.422,10.93,0.00,0.00,0.000,0.0057,0.2781
0.50,11.445,24.38,0.00,0.00,0.000,0.0048,0.2773
0.50,11.461,58.94,0.00,0.00,0.000,0.0071,0.2749
0.50,11.480,31.75,0.00,0.00,0.000,0.0106,0.2699
0.50,11.501,28.23,0.00,0.00,0.000,0.0133,0.2655
0.50,11.521,13.06,0.00,0.00,0.000,0.0135,0.2606
0.50,11.541,9.98,0.00,0.00,0.000,0.0114,0.2575
0.50,11.561,10.90,0.00,0.00,0.000,0.0093,0.2549
0.50,11.581,12.04,0.00,0.00,0.000,0.0084,0.2536
0.50,11.601,11.52,0.00,0.00,0.000,0.0086,0.2531
0.50,11.621,13.85,0.00,0.00,0.000,0.0095,0.2535
0.50,11.641,18.08,0.00,0.00,0.000,0.0109,0.2562
0.50,11.661,29.98,0.00,0.00,0.000,0.0113,0.2594
0.50,11.682,33.34,0.00,0.00,0.000,0.0116,0.2656
0.50,11.701,25.66,0.00,0.00,0.000,0.0129,0.2734
0.50,11.721,18.07,0.00,0.00,0.000,0.0131,0.2780
0.50,11.741,31.65,0.00,0.00,0.000,0.0093,0.2770
0.50,11.765,49.86,0.00,0.00,0.000,0.0067,0.2731
0.50,11.781,15.40,0.00,0.00,0.000,0.0076,0.2688
0.50,11.801,10.06,0.00,0.00,0.000,0.0089,0.2636
0.50,11.821,7.00,0.00,0.00,0.000,0.0091,0.2592
0.50,11.842,7.78,0.00,0.00,0.000,0.0088,0.2567
0.50,11.861,8.38,0.00,0.00,0.000,0.0086,0.2557
0.50,11.882,8.03,0.00,0.00,0.000,0.0083,0.2544
0.50,11.902,9.29,0.00,0.00,0.000,0.0080,0.2544
0.50,11.921,11.20,0.00,0.00,0.000,0.0077,0.2553
0.50,11.942,13.14,0.00,0.00,0.000,0.0075,0.2562
0.50,11.963,22.53,0.00,0.00,0.000,0.0063,0.2602
0.50,11.981,30.98,0.00,0.00,0.000,0.0059,0.2661
0.60,3.001,33.11,0.00,0.00,0.000,0.0085,0.2718
0.60,3.021,21.37,0.00,0.00,0.000,0.0079,0.2787
0.60,3.041,24.51,0.00,0.00,0.000,0.0070,0.2795
0.60,3.061,129.18,0.00,0.00,0.000,0.0090,0.2751
0.60,3.081,26.80,0.00,0.00,0.000,0.0117,0.2687
0.60,3.101,16.46,0.00,0.00,0.000,0.0122,0.2635
0.60,3.121,8.42,0.00,0.00,0.000,0.0112,0.2598
0.60,3.144,15.86,0.00,0.00,0.000,0.0081,0.2545
0.60,3.160,12.19,0.00,0.00,0.000,0.0062,0.2525
0.60,3.180,12.65,0.00,0.00,0.000,0.0047,0.2511
0.60,3.202,15.62,0.00,0.00,0.000,0.0052,0.2509
0.60,3.220,18.54,0.00,0.00,0.000,0.0077,0.2521
0.60,3.240,31.99,0.00,0.00,0.000,0.0090,0.2537
0.60,3.261,37.35,0.00,0.00,0.000,0.0093,0.2587
0.60,3.282,37.31,0.00,0.00,0.000,0.0093,0.2636
0.60,3.300,35.37,0.00,0.00,0.000,0.0107,0.2738
0.60,3.321,27.36,0.00,0.00,0.000,0.0124,0.2791
0.60,3.341,36.91,0.00,0.00,0.000,0.0124,0.2789
0.60,3.361,64.69,0.00,0.00,0.000,0.0095,0.2747
0.60,3.381,29.50,0.00,0.00,0.000,0.0084,0.2693
0.60,3.405,14.24,0.00,0.00,0.000,0.0081,0.2623
0.60,3.421,11.55,0.00,0.00,0.000,0.0083,0.2597
0.60,3.441,9.60,0.00,0.00,0.000,0.0085,0.2556
0.60,3.460,10.20,0.00,0.00,0.000,0.0078,0.2532
0.60,3.484,12.14,0.00,0.00,0.000,0.0071,0.2522
0.60,3.502,13.31,0.00,0.00,0.000,0.0073,0.2520
0.60,3.520,17.53,0.00,0.00,0.000,0.0079,0.2529
0.60,3.540,17.13,0.00,0.00,0.000,0.0077,0.2559
0.60,3.560,33.24,0.00,0.00,0.000,0.0071,0.2586
0.60,3.581,39.77,0.00,0.00,0.000,0.0084,0.2653
0.60,3.601,29.80,0.00,0.00,0.000,0.0108,0.2734
0.60,3.620,19.47,0.00,0.00,0.000,0.0108,0.2793
0.60,3.645,25.54,0.00,0.00,0.000,0.0106,0.2795
0.60,3.661,79.82,0.00,0.00,0.000,0.0133,0.2766
0.60,3.681,29.76,0.00,0.00,0.000,0.0151,0.2714
0.60,3.701,24.70,0.00,0.00,0.000,0.0164,0.2645
0.60,3.721,13.49,0.00,0.00,0.000,0.0161,0.2599
0.60,3.741,11.31,0.00,0.00,0.000,0.0146,0.2557
0.60,3.761,12.51,0.00,0.00,0.000,0.0128,0.2523
0.60,3.781,12.72,0.00,0.00,0.000,0.0113,0.2508
0.60,3.804,14.06,0.00,0.00,0.000,0.0111,0.2504
0.60,3.824,18.25,0.00,0.00,0.000,0.0120,0.2509
0.60,3.841,31.86,0.00,0.00,0.000,0.0132,0.2526
0.60,3.860,24.38,0.00,0.00,0.000,0.0137,0.2588
0.60,3.884,34.42,0.00,0.00,0.000,0.0144,0.2657
0.60,3.900,31.19,0.00,0.00,0.000,0.0156,0.2714
0.60,3.921,29.03,0.00,0.00,0.000,0.0177,0.2777
0.60,3.940,36.61,0.00,0.00,0.000,0.0173,0.2787
0.60,3.964,127.27,0.00,0.00,0.000,0.0123,0.2738
0.60,3.981,46.53,0.00,0.00,0.000,0.0101,0.2665
0.60,4.001,34.08,0.00,0.00,0.000,0.0096,0.2634
0.60,4.020,15.07,0.00,0.00,0.000,0.0101,0.2578
0.60,4.040,9.28,0.00,0.00,0.000,0.0104,0.2552
0.60,4.061,11.20,0.00,0.00,0.000,0.0105,0.2526
0.60,4.081,13.08,0.00,0.00,0.000,0.0094,0.2516
0.60,4.102,14.94,0.00,0.00,0.000,0.0086,0.2518
0.60,4.122,17.18,0.00,0.00,0.000,0.0083,0.2533
0.60,4.141,22.40,0.00,0.00,0.000,0.0079,0.2550
0.60,4.161,28.53,0.00,0.00,0.000,0.0077,0.2601
0.60,4.181,53.92,0.00,0.00,0.000,0.0095,0.2668
0.60,4.201,31.23,0.00,0.00,0.000,0.0107,0.2724
0.60,4.221,21.92,0.00,0.00,0.000,0.0099,0.2787
0.60,4.241,34.07,0.00,0.00,0.000,0.0091,0.2791
0.60,4.261,75.41,0.00,0.00,0.000,0.0107,0.2765
0.60,4.281,45.90,0.00,0.00,0.000,0.0127,0.2684
0.60,4.301,38.08,0.00,0.00,0.000,0.0125,0.2654
0.60,4.322,18.74,0.00,0.00,0.000,0.0114,0.2607
0.60,4.342,11.17,0.00,0.00,0.000,0.0084,0.2552
0.60,4.361,12.68,0.00,0.00,0.000,0.0064,0.2521
0.60,4.380,12.99,0.00,0.00,0.000,0.0055,0.2510
0.60,4.406,14.97,0.00,0.00,0.000,0.0055,0.2504
0.60,4.420,19.25,0.00,0.00,0.000,0.0066,0.2509
0.60,4.441,21.97,0.00,0.00,0.000,0.0076,0.2539
0.60,4.461,37.77,0.00,0.00,0.000,0.0076,0.2574
0.60,4.490,43.13,0.00,0.00,0.000,0.0077,0.2639
0.60,4.501,60.44,0.00,0.00,0.000,0.0084,0.2701
0.60,4.521,46.76,0.00,0.00,0.000,0.0103,0.2764
0.60,4.541,23.04,0.00,0.00,0.000,0.0097,0.2795
0.60,4.561,80.81,0.00,0.00,0.000,0.0078,0.2749
0.60,4.588,34.79,0.00,0.00,0.000,0.0082,0.2700
0.60,4.601,44.01,0.00,0.00,0.000,0.0088,0.2676
0.60,4.621,23.20,0.00,0.00,0.000,0.0098,0.2610
0.60,4.641,10.75,0.00,0.00,0.000,0.0100,0.2568
0.60,4.661,11.21,0.00,0.00,0.000,0.0086,0.2535
0.60,4.685,11.99,0.00,0.00,0.000,0.0083,0.2528
0.60,4.701,13.33,0.00,0.00,0.000,0.0085,0.2521
0.60,4.722,18.42,0.00,0.00,0.000,0.0086,0.2534
0.60,4.741,20.04,0.00,0.00,0.000,0.0084,0.2549
0.60,4.761,29.72,0.00,0.00,0.000,0.0085,0.2584
0.60,4.781,48.15,0.00,0.00,0.000,0.0094,0.2642
0.60,4.801,40.31,0.00,0.00,0.000,0.0116,0.2731
0.60,4.821,20.24,0.00,0.00,0.000,0.0122,0.2792
0.60,4.845,23.40,0.00,0.00,0.000,0.0119,0.2792
0.60,4.861,26.43,0.00,0.00,0.000,0.0131,0.2781
0.60,4.881,49.00,0.00,0.00,0.000,0.0160,0.2718
0.60,4.901,34.31,0.00,0.00,0.000,0.0179,0.2668
0.60,4.921,16.20,0.00,0.00,0.000,0.0179,0.2619
0.60,4.941,11.33,0.00,0.00,0.000,0.0168,0.2572
0.60,4.961,12.99,0.00,0.00,0.000,0.0154,0.2534
0.60,4.980,12.82,0.00,0.00,0.000,0.0147,0.2518
0.60,5.001,14.27,0.00,0.00,0.000,0.0149,0.2506
0.60,5.020,20.20,0.00,0.00,0.000,0.0160,0.2509
0.60,5.041,19.86,0.00,0.00,0.000,0.0174,0.2542
0.60,5.061,43.64,0.00,0.00,0.000,0.0186,0.2593
0.60,5.081,33.13,0.00,0.00,0.000,0.0197,0.2649
0.60,5.101,27.63,0.00,0.00,0.000,0.0220,0.2729
0.60,5.121,25.16,0.00,0.00,0.000,0.0237,0.2771
0.60,5.140,33.31,0.00,0.00,0.000,0.0202,0.2786
0.60,5.161,52.25,0.00,0.00,0.000,0.0143,0.2737
0.60,5.180,37.41,0.00,0.00,0.000,0.0138,0.2694
0.60,5.201,11.35,0.00,0.00,0.000,0.0141,0.2637
0.60,5.221,12.68,0.00,0.00,0.000,0.0142,0.2597
0.60,5.241,12.65,0.00,0.00,0.000,0.0135,0.2555
0.60,5.260,11.22,0.00,0.00,0.000,0.0124,0.2530
0.60,5.281,12.66,0.00,0.00,0.000,0.0120,0.2523
0.60,5.301,14.73,0.00,0.00,0.000,0.0114,0.2523
0.60,5.321,17.22,0.00,0.00,0.000,0.0108,0.2535
0.60,5.346,19.87,0.00,0.00,0.000,0.0098,0.2562
0.60,5.361,31.61,0.00,0.00,0.000,0.0092,0.2582
0.60,5.381,51.86,0.00,0.00,0.000,0.0090,0.2646
0.60,5.401,38.53,0.00,0.00,0.000,0.0104,0.2736
0.60,5.421,21.74,0.00,0.00,0.000,0.0099,0.2783
0.60,5.441,23.61,0.00,0.00,0.000,0.0094,0.2797
0.60,5.461,86.60,0.00,0.00,0.000,0.0117,0.2773
0.60,5.482,29.67,0.00,0.00,0.000,0.0139,0.2708
0.60,5.500,42.71,0.00,0.00,0.000,0.0143,0.2672
0.60,5.521,21.63,0.00,0.00,0.000,0.0138,0.2603
0.60,5.541,11.78,0.00,0.00,0.000,0.0121,0.2562
0.60,5.565,12.59,0.00,0.00,0.000,0.0104,0.2526
0.60,5.581,13.47,0.00,0.00,0.000,0.0091,0.2509
0.60,5.601,15.77,0.00,0.00,0.000,0.0093,0.2504
0.60,5.620,20.42,0.00,0.00,0.000,0.0102,0.2507
0.60,5.641,26.75,0.00,0.00,0.000,0.0118,0.2532
0.60,5.663,40.90,0.00,0.00,0.000,0.0126,0.2575
0.60,5.681,34.54,0.00,0.00,0.000,0.0134,0.2657
0.60,5.701,37.05,0.00,0.00,0.000,0.0147,0.2712
0.60,5.721,23.81,0.00,0.00,0.000,0.0167,0.2771
0.60,5.742,29.42,0.00,0.00,0.000,0.0159,0.2789
0.60,5.761,88.00,0.00,0.00,0.000,0.0084,0.2753
0.60,5.781,47.94,0.00,0.00,0.000,0.0067,0.2680
0.60,5.801,24.35,0.00,0.00,0.000,0.0079,0.2631
0.60,5.820,17.00,0.00,0.00,0.000,0.0083,0.2577
0.60,5.841,9.42,0.00,0.00,0.000,0.0082,0.2551
0.60,5.860,12.13,0.00,0.00,0.000,0.0079,0.2529
0.60,5.880,13.31,0.00,0.00,0.000,0.0078,0.2520
0.60,5.901,14.72,0.00,0.00,0.000,0.0078,0.2522
0.60,5.920,17.90,0.00,0.00,0.000,0.0077,0.2529
0.60,5.943,20.92,0.00,0.00,0.000,0.0070,0.2554
0.60,5.960,23.70,0.00,0.00,0.000,0.0060,0.2601
0.60,5.980,36.44,0.00,0.00,0.000,0.0065,0.2668
0.60,6.003,31.71,0.00,0.00,0.000,0.0078,0.2725
0.60,6.021,18.79,0.00,0.00,0.000,0.0072,0.2797
0.60,6.041,35.22,0.00,0.00,0.000,0.0096,0.2777
0.60,6.061,64.58,0.00,0.00,0.000,0.0133,0.2745
0.60,6.081,32.14,0.00,0.00,0.000,0.0133,0.2711
0.60,6.101,11.55,0.00,0.00,0.000,0.0140,0.2638
0.60,6.121,11.24,0.00,0.00,0.000,0.0141,0.2595
0.60,6.144,8.71,0.00,0.00,0.000,0.0134,0.2562
0.60,6.162,10.51,0.00,0.00,0.000,0.0113,0.2521
0.60,6.181,10.93,0.00,0.00,0.000,0.0101,0.2510
0.60,6.201,13.71,0.00,0.00,0.000,0.0098,0.2504
0.60,6.221,19.31,0.00,0.00,0.000,0.0107,0.2508
0.60,6.240,21.75,0.00,0.00,0.000,0.0120,0.2537
0.60,6.260,30.91,0.00,0.00,0.000,0.0124,0.2588
0.60,6.280,44.31,0.00,0.00,0.000,0.0128,0.2637
0.60,6.301,33.38,0.00,0.00,0.000,0.0139,0.2695
0.60,6.321,23.57,0.00,0.00,0.000,0.0160,0.2777
0.60,6.340,39.05,0.00,0.00,0.000,0.0115,0.2777
0.60,6.360,84.67,0.00,0.00,0.000,0.0076,0.2752
0.60,6.381,23.13,0.00,0.00,0.000,0.0085,0.2690
0.60,6.401,20.64,0.00,0.00,0.000,0.0102,0.2634
0.60,6.421,10.97,0.00,0.00,0.000,0.0105,0.2584
0.60,6.440,10.49,0.00,0.00,0.000,0.0099,0.2555
0.60,6.461,12.38,0.00,0.00,0.000,0.0092,0.2530
0.60,6.480,12.79,0.00,0.00,0.000,0.0089,0.2521
0.60,6.500,14.14,0.00,0.00,0.000,0.0088,0.2524
0.60,6.522,19.26,0.00,0.00,0.000,0.0084,0.2536
0.60,6.540,20.50,0.00,0.00,0.000,0.0078,0.2556
0.60,6.560,35.35,0.00,0.00,0.000,0.0067,0.2592
0.60,6.581,38.36,0.00,0.00,0.000,0.0073,0.2661
0.60,6.601,32.04,0.00,0.00,0.000,0.0094,0.2735
0.60,6.621,17.94,0.00,0.00,0.000,0.0087,0.2797
0.60,6.641,33.66,0.00,0.00,0.000,0.0077,0.2801
0.60,6.661,84.07,0.00,0.00,0.000,0.0116,0.2764
0.60,6.681,26.59,0.00,0.00,0.000,0.0121,0.2701
0.60,6.701,12.26,0.00,0.00,0.000,0.0117,0.2645
0.60,6.721,10.15,0.00,0.00,0.000,0.0108,0.2592
0.60,6.746,11.53,0.00,0.00,0.000,0.0093,0.2549
0.60,6.761,11.43,0.00,0.00,0.000,0.0082,0.2528
0.60,6.781,13.05,0.00,0.00,0.000,0.0075,0.2514
0.60,6.801,14.68,0.00,0.00,0.000,0.0077,0.2510
0.60,6.821,19.45,0.00,0.00,0.000,0.0089,0.2513
0.60,6.841,29.85,0.00,0.00,0.000,0.0100,0.2545
0.60,6.861,37.81,0.00,0.00,0.000,0.0103,0.2579
0.60,6.886,29.53,0.00,0.00,0.000,0.0109,0.2665
0.60,6.901,37.02,0.00,0.00,0.000,0.0120,0.2719
0.60,6.921,21.45,0.00,0.00,0.000,0.0142,0.2789
0.60,6.941,45.14,0.00,0.00,0.000,0.0129,0.2785
0.60,6.961,89.61,0.00,0.00,0.000,0.0101,0.2758
0.60,6.981,26.35,0.00,0.00,0.000,0.0097,0.2695
0.60,7.001,19.43,0.00,0.00,0.000,0.0104,0.2640
0.60,7.023,13.62,0.00,0.00,0.000,0.0106,0.2597
0.60,7.041,9.70,0.00,0.00,0.000,0.0094,0.2549
0.60,7.060,11.27,0.00,0.00,0.000,0.0088,0.2528
0.60,7.080,12.63,0.00,0.00,0.000,0.0087,0.2521
0.60,7.105,14.11,0.00,0.00,0.000,0.0087,0.2519
0.60,7.121,17.51,0.00,0.00,0.000,0.0084,0.2529
0.60,7.141,17.84,0.00,0.00,0.000,0.0079,0.2559
0.60,7.161,27.78,0.00,0.00,0.000,0.0072,0.2602
0.60,7.181,49.12,0.00,0.00,0.000,0.0079,0.2648
0.60,7.201,39.24,0.00,0.00,0.000,0.0091,0.2736
0.60,7.221,20.93,0.00,0.00,0.000,0.0085,0.2794
0.60,7.243,43.84,0.00,0.00,0.000,0.0102,0.2792
0.60,7.261,80.16,0.00,0.00,0.000,0.0140,0.2762
0.60,7.281,41.95,0.00,0.00,0.000,0.0144,0.2693
0.60,7.301,35.62,0.00,0.00,0.000,0.0140,0.2650
0.60,7.321,22.62,0.00,0.00,0.000,0.0134,0.2601
0.60,7.341,12.80,0.00,0.00,0.000,0.0124,0.2559
0.60,7.361,12.12,0.00,0.00,0.000,0.0110,0.2527
0.60,7.386,11.80,0.00,0.00,0.000,0.0105,0.2515
0.60,7.401,13.64,0.00,0.00,0.000,0.0106,0.2509
0.60,7.421,16.97,0.00,0.00,0.000,0.0116,0.2517
0.60,7.441,34.24,0.00,0.00,0.000,0.0123,0.2543
0.60,7.463,26.50,0.00,0.00,0.000,0.0124,0.2571
0.60,7.481,41.75,0.00,0.00,0.000,0.0131,0.2638
0.60,7.501,28.36,0.00,0.00,0.000,0.0144,0.2723
0.60,7.524,31.02,0.00,0.00,0.000,0.0160,0.2776
0.60,7.541,26.47,0.00,0.00,0.000,0.0141,0.2788
0.60,7.561,53.19,0.00,0.00,0.000,0.0118,0.2744
0.60,7.581,33.52,0.00,0.00,0.000,0.0118,0.2700
0.60,7.601,14.92,0.00,0.00,0.000,0.0111,0.2642
0.60,7.621,14.31,0.00,0.00,0.000,0.0110,0.2587
0.60,7.641,11.55,0.00,0.00,0.000,0.0106,0.2553
0.60,7.661,11.72,0.00,0.00,0.000,0.0101,0.2533
0.60,7.681,12.08,0.00,0.00,0.000,0.0099,0.2526
0.60,7.701,14.02,0.00,0.00,0.000,0.0096,0.2525
0.60,7.721,17.43,0.00,0.00,0.000,0.0092,0.2534
0.60,7.742,22.11,0.00,0.00,0.000,0.0088,0.2557
0.60,7.761,42.34,0.00,0.00,0.000,0.0083,0.2590
0.60,7.781,46.71,0.00,0.00,0.000,0.0084,0.2656
0.60,7.801,33.39,0.00,0.00,0.000,0.0096,0.2716
0.60,7.824,24.55,0.00,0.00,0.000,0.0094,0.2787
0.60,7.843,29.21,0.00,0.00,0.000,0.0068,0.2803
0.60,7.861,87.90,0.00,0.00,0.000,0.0077,0.2778
0.60,7.881,42.08,0.00,0.00,0.000,0.0106,0.2709
0.60,7.901,44.04,0.00,0.00,0.000,0.0123,0.2675
0.60,7.921,20.81,0.00,0.00,0.000,0.0129,0.2626
0.60,7.941,11.20,0.00,0.00,0.000,0.0112,0.2577
0.60,7.961,14.65,0.00,0.00,0.000,0.0085,0.2535
0.60,7.986,13.63,0.00,0.00,0.000,0.0063,0.2516
0.60,8.001,14.32,0.00,0.00,0.000,0.0058,0.2509
0.60,8.021,19.91,0.00,0.00,0.000,0.0061,0.2512
0.60,8.041,23.13,0.00,0.00,0.000,0.0075,0.2543
0.60,8.061,27.07,0.00,0.00,0.000,0.0078,0.2594
0.60,8.080,46.45,0.00,0.00,0.000,0.0081,0.2653
0.60,8.101,38.07,0.00,0.00,0.000,0.0098,0.2737
0.60,8.120,28.52,0.00,0.00,0.000,0.0110,0.2783
0.60,8.141,29.16,0.00,0.00,0.000,0.0106,0.2793
0.60,8.161,80.03,0.00,0.00,0.000,0.0082,0.2760
0.60,8.181,32.82,0.00,0.00,0.000,0.0079,0.2691
0.60,8.202,19.23,0.00,0.00,0.000,0.0077,0.2639
0.60,8.222,18.33,0.00,0.00,0.000,0.0078,0.2610
0.60,8.241,11.41,0.00,0.00,0.000,0.0073,0.2571
0.60,8.261,11.69,0.00,0.00,0.000,0.0061,0.2541
0.60,8.281,11.44,0.00,0.00,0.000,0.0059,0.2526
0.60,8.301,13.16,0.00,0.00,0.000,0.0063,0.2524
0.60,8.321,19.85,0.00,0.00,0.000,0.0074,0.2537
0.60,8.341,20.12,0.00,0.00,0.000,0.0074,0.2552
0.60,8.361,31.11,0.00,0.00,0.000,0.0067,0.2587
0.60,8.381,50.21,0.00,0.00,0.000,0.0069,0.2637
0.60,8.401,39.03,0.00,0.00,0.000,0.0093,0.2729
0.60,8.421,17.56,0.00,0.00,0.000,0.0091,0.2789
0.60,8.440,27.88,0.00,0.00,0.000,0.0092,0.2797
0.60,8.460,82.14,0.00,0.00,0.000,0.0111,0.2775
0.60,8.480,32.70,0.00,0.00,0.000,0.0137,0.2712
0.60,8.500,22.42,0.00,0.00,0.000,0.0157,0.2658
0.60,8.521,9.57,0.00,0.00,0.000,0.0160,0.2615
0.60,8.541,9.56,0.00,0.00,0.000,0.0148,0.2568
0.60,8.561,12.37,0.00,0.00,0.000,0.0131,0.2531
0.60,8.581,13.23,0.00,0.00,0.000,0.0121,0.2511
0.60,8.612,16.49,0.00,0.00,0.000,0.0133,0.2506
0.60,8.621,17.97,0.00,0.00,0.000,0.0144,0.2507
0.60,8.641,37.97,0.00,0.00,0.000,0.0162,0.2524
0.60,8.661,49.66,0.00,0.00,0.000,0.0176,0.2602
0.60,8.681,53.64,0.00,0.00,0.000,0.0185,0.2642
0.60,8.701,30.59,0.00,0.00,0.000,0.0208,0.2733
0.60,8.721,28.78,0.00,0.00,0.000,0.0222,0.2781
0.60,8.741,39.66,0.00,0.00,0.000,0.0174,0.2778
0.60,8.762,66.69,0.00,0.00,0.000,0.0127,0.2739
0.60,8.781,63.81,0.00,0.00,0.000,0.0129,0.2681
0.60,8.800,36.66,0.00,0.00,0.000,0.0119,0.2638
0.60,8.821,21.00,0.00,0.00,0.000,0.0112,0.2580
0.60,8.841,12.22,0.00,0.00,0.000,0.0108,0.2557
0.60,8.861,12.07,0.00,0.00,0.000,0.0112,0.2534
0.60,8.881,13.49,0.00,0.00,0.000,0.0114,0.2526
0.60,8.901,14.71,0.00,0.00,0.000,0.0110,0.2526
0.60,8.925,16.87,0.00,0.00,0.000,0.0099,0.2538
0.60,8.941,18.91,0.00,0.00,0.000,0.0095,0.2550
0.60,8.961,30.95,0.00,0.00,0.000,0.0096,0.2594
0.60,8.981,49.32,0.00,0.00,0.000,0.0107,0.2653
0.60,9.001,44.80,0.00,0.00,0.000,0.0117,0.2741
0.60,9.021,22.63,0.00,0.00,0.000,0.0107,0.2796
0.60,9.041,32.73,0.00,0.00,0.000,0.0112,0.2787
0.60,9.061,40.76,0.00,0.00,0.000,0.0138,0.2772
0.60,9.081,46.61,0.00,0.00,0.000,0.0156,0.2711
0.60,9.100,39.86,0.00,0.00,0.000,0.0154,0.2665
0.60,9.122,16.62,0.00,0.00,0.000,0.0143,0.2601
0.60,9.140,10.57,0.00,0.00,0.000,0.0129,0.2560
0.60,9.161,11.82,0.00,0.00,0.000,0.0118,0.2528
0.60,9.180,12.14,0.00,0.00,0.000,0.0115,0.2516
0.60,9.201,14.56,0.00,0.00,0.000,0.0121,0.2509
0.60,9.223,23.18,0.00,0.00,0.000,0.0132,0.2516
0.60,9.240,26.79,0.00,0.00,0.000,0.0141,0.2538
0.60,9.260,40.41,0.00,0.00,0.000,0.0150,0.2582
0.60,9.280,43.13,0.00,0.00,0.000,0.0158,0.2639
0.60,9.310,29.28,0.00,0.00,0.000,0.0192,0.2754
0.60,9.321,24.14,0.00,0.00,0.000,0.0201,0.2773
0.60,9.341,38.06,0.00,0.00,0.000,0.0160,0.2778
0.60,9.361,72.46,0.00,0.00,0.000,0.0101,0.2736
0.60,9.385,27.17,0.00,0.00,0.000,0.0098,0.2691
0.60,9.401,19.04,0.00,0.00,0.000,0.0106,0.2637
0.60,9.421,16.75,0.00,0.00,0.000,0.0112,0.2595
0.60,9.441,11.55,0.00,0.00,0.000,0.0108,0.2548
0.60,9.461,11.51,0.00,0.00,0.000,0.0104,0.2527
0.60,9.480,12.47,0.00,0.00,0.000,0.0103,0.2521
0.60,9.500,16.60,0.00,0.00,0.000,0.0103,0.2523
0.60,9.520,16.37,0.00,0.00,0.000,0.0100,0.2536
0.60,9.541,18.74,0.00,0.00,0.000,0.0098,0.2558
0.60,9.561,29.31,0.00,0.00,0.000,0.0096,0.2586
0.60,9.581,27.74,0.00,0.00,0.000,0.0109,0.2660
0.60,9.600,30.14,0.00,0.00,0.000,0.0130,0.2731
0.60,9.621,19.59,0.00,0.00,0.000,0.0132,0.2796
0.60,9.640,22.58,0.00,0.00,0.000,0.0122,0.2802
0.60,9.661,59.06,0.00,0.00,0.000,0.0133,0.2754
0.60,9.680,54.37,0.00,0.00,0.000,0.0162,0.2683
0.60,9.700,37.06,0.00,0.00,0.000,0.0176,0.2654
0.60,9.720,17.87,0.00,0.00,0.000,0.0173,0.2608
0.60,9.741,15.38,0.00,0.00,0.000,0.0149,0.2558
0.60,9.760,13.18,0.00,0.00,0.000,0.0129,0.2525
0.60,9.781,13.83,0.00,0.00,0.000,0.0120,0.2512
0.60,9.801,15.63,0.00,0.00,0.000,0.0130,0.2509
0.60,9.820,20.96,0.00,0.00,0.000,0.0146,0.2516
0.60,9.841,31.08,0.00,0.00,0.000,0.0156,0.2538
0.60,9.867,30.76,0.00,0.00,0.000,0.0168,0.2613
0.60,9.880,48.26,0.00,0.00,0.000,0.0178,0.2656
0.60,9.900,39.36,0.00,0.00,0.000,0.0207,0.2742
0.60,9.920,26.97,0.00,0.00,0.000,0.0224,0.2787
0.60,9.942,44.51,0.00,0.00,0.000,0.0190,0.2791
0.60,9.961,175.62,0.00,0.00,0.000,0.0133,0.2706
0.60,9.980,41.51,0.00,0.00,0.000,0.0127,0.2683
0.60,10.001,25.80,0.00,0.00,0.000,0.0131,0.2616
0.60,10.021,14.31,0.00,0.00,0.000,0.0134,0.2578
0.60,10.043,12.18,0.00,0.00,0.000,0.0131,0.2548
0.60,10.061,12.63,0.00,0.00,0.000,0.0124,0.2530
0.60,10.081,12.27,0.00,0.00,0.000,0.0121,0.2524
0.60,10.101,15.63,0.00,0.00,0.000,0.0118,0.2523
0.60,10.122,16.56,0.00,0.00,0.000,0.0110,0.2536
0.60,10.141,18.01,0.00,0.00,0.000,0.0105,0.2562
0.60,10.161,34.51,0.00,0.00,0.000,0.0101,0.2593
0.60,10.182,52.36,0.00,0.00,0.000,0.0110,0.2646
0.60,10.202,37.26,0.00,0.00,0.000,0.0129,0.2736
0.60,10.221,27.33,0.00,0.00,0.000,0.0125,0.2792
0.60,10.240,23.29,0.00,0.00,0.000,0.0117,0.2803
0.60,10.261,39.44,0.00,0.00,0.000,0.0126,0.2786
0.60,10.280,45.67,0.00,0.00,0.000,0.0143,0.2742
0.60,10.301,35.20,0.00,0.00,0.000,0.0161,0.2694
0.60,10.321,13.38,0.00,0.00,0.000,0.0162,0.2619
0.60,10.341,10.00,0.00,0.00,0.000,0.0149,0.2579
0.60,10.361,12.60,0.00,0.00,0.000,0.0128,0.2539
0.60,10.382,12.73,0.00,0.00,0.000,0.0113,0.2521
0.60,10.401,13.39,0.00,0.00,0.000,0.0108,0.2511
0.60,10.421,17.63,0.00,0.00,0.000,0.0119,0.2512
0.60,10.443,26.88,0.00,0.00,0.000,0.0131,0.2534
0.60,10.461,33.32,0.00,0.00,0.000,0.0134,0.2582
0.60,10.481,27.41,0.00,0.00,0.000,0.0135,0.2658
0.60,10.501,36.09,0.00,0.00,0.000,0.0142,0.2713
0.60,10.521,30.26,0.00,0.00,0.000,0.0155,0.2766
0.60,10.541,23.41,0.00,0.00,0.000,0.0154,0.2798
0.60,10.561,84.21,0.00,0.00,0.000,0.0103,0.2751
0.60,10.591,59.75,0.00,0.00,0.000,0.0061,0.2696
0.60,10.601,63.33,0.00,0.00,0.000,0.0079,0.2625
0.60,10.621,19.21,0.00,0.00,0.000,0.0094,0.2595
0.60,10.642,16.43,0.00,0.00,0.000,0.0098,0.2550
0.60,10.661,12.32,0.00,0.00,0.000,0.0093,0.2530
0.60,10.681,13.35,0.00,0.00,0.000,0.0090,0.2518
0.60,10.700,15.35,0.00,0.00,0.000,0.0089,0.2520
0.60,10.721,18.91,0.00,0.00,0.000,0.0087,0.2527
0.60,10.740,22.82,0.00,0.00,0.000,0.0080,0.2550
0.60,10.760,36.65,0.00,0.00,0.000,0.0069,0.2588
0.60,10.783,50.86,0.00,0.00,0.000,0.0072,0.2651
0.60,10.801,32.78,0.00,0.00,0.000,0.0083,0.2738
0.60,10.821,20.21,0.00,0.00,0.000,0.0072,0.2792
0.60,10.841,36.41,0.00,0.00,0.000,0.0078,0.2781
0.60,10.862,73.56,0.00,0.00,0.000,0.0107,0.2757
0.60,10.881,60.18,0.00,0.00,0.000,0.0117,0.2685
0.60,10.901,35.08,0.00,0.00,0.000,0.0112,0.2644
0.60,10.921,34.72,0.00,0.00,0.000,0.0099,0.2575
0.60,10.941,17.22,0.00,0.00,0.000,0.0084,0.2551
0.60,10.960,19.61,0.00,0.00,0.000,0.0072,0.2522
0.60,10.980,13.64,0.00,0.00,0.000,0.0066,0.2513
0.60,11.000,15.33,0.00,0.00,0.000,0.0069,0.2509
0.60,11.021,18.58,0.00,0.00,0.000,0.0091,0.2521
0.60,11.041,23.86,0.00,0.00,0.000,0.0099,0.2548
0.60,11.061,41.04,0.00,0.00,0.000,0.0105,0.2588
0.60,11.080,38.81,0.00,0.00,0.000,0.0112,0.2655
0.60,11.101,31.43,0.00,0.00,0.000,0.0131,0.2737
0.60,11.121,26.23,0.00,0.00,0.000,0.0147,0.2779
0.60,11.141,35.37,0.00,0.00,0.000,0.0139,0.2787
0.60,11.161,155.83,0.00,0.00,0.000,0.0106,0.2711
0.60,11.181,63.94,0.00,0.00,0.000,0.0096,0.2680
0.60,11.206,27.99,0.00,0.00,0.000,0.0096,0.2613
0.60,11.222,17.28,0.00,0.00,0.000,0.0100,0.2585
0.60,11.241,14.81,0.00,0.00,0.000,0.0099,0.2552
0.60,11.261,11.52,0.00,0.00,0.000,0.0095,0.2534
0.60,11.281,12.24,0.00,0.00,0.000,0.0095,0.2523
0.60,11.301,14.11,0.00,0.00,0.000,0.0096,0.2524
0.60,11.321,16.56,0.00,0.00,0.000,0.0096,0.2536
0.60,11.341,21.55,0.00,0.00,0.000,0.0096,0.2553
0.60,11.366,32.86,0.00,0.00,0.000,0.0095,0.2589
0.60,11.380,44.17,0.00,0.00,0.000,0.0100,0.2636
0.60,11.401,45.33,0.00,0.00,0.000,0.0113,0.2727
0.60,11.421,18.28,0.00,0.00,0.000,0.0112,0.2794
0.60,11.441,28.40,0.00,0.00,0.000,0.0121,0.2796
0.60,11.461,83.65,0.00,0.00,0.000,0.0140,0.2774
0.60,11.481,29.16,0.00,0.00,0.000,0.0157,0.2710
0.60,11.501,28.05,0.00,0.00,0.000,0.0168,0.2661
0.60,11.526,11.28,0.00,0.00,0.000,0.0167,0.2603
0.60,11.541,10.56,0.00,0.00,0.000,0.0155,0.2560
0.60,11.561,12.39,0.00,0.00,0.000,0.0146,0.2534
0.60,11.581,12.83,0.00,0.00,0.000,0.0138,0.2517
0.60,11.603,13.91,0.00,0.00,0.000,0.0140,0.2510
0.60,11.620,18.49,0.00,0.00,0.000,0.0155,0.2511
0.60,11.641,29.81,0.00,0.00,0.000,0.0174,0.2533
0.60,11.661,30.06,0.00,0.00,0.000,0.0188,0.2587
0.60,11.684,34.79,0.00,0.00,0.000,0.0204,0.2666
0.60,11.701,33.14,0.00,0.00,0.000,0.0229,0.2728
0.60,11.721,22.44,0.00,0.00,0.000,0.0246,0.2776
0.60,11.741,42.25,0.00,0.00,0.000,0.0175,0.2773
0.60,11.766,135.37,0.00,0.00,0.000,0.0117,0.2731
0.60,11.781,150.75,0.00,0.00,0.000,0.0134,0.2689
0.60,11.801,21.20,0.00,0.00,0.000,0.0137,0.2630
0.60,11.821,15.91,0.00,0.00,0.000,0.0105,0.2577
0.60,11.842,17.55,0.00,0.00,0.000,0.0088,0.2537
0.60,11.861,11.01,0.00,0.00,0.000,0.0092,0.2524
0.60,11.881,13.60,0.00,0.00,0.000,0.0103,0.2517
0.60,11.901,15.52,0.00,0.00,0.000,0.0107,0.2518
0.60,11.921,18.72,0.00,0.00,0.000,0.0103,0.2529
0.60,11.941,22.01,0.00,0.00,0.000,0.0089,0.2555
0.60,11.961,23.89,0.00,0.00,0.000,0.0078,0.2604
0.60,11.981,45.67,0.00,0.00,0.000,0.0081,0.2658
0.80,3.002,51.61,0.00,0.00,0.000,0.0126,0.2704
0.80,3.022,33.24,0.00,0.00,0.000,0.0114,0.2792
0.80,3.042,29.08,0.00,0.00,0.000,0.0099,0.2819
0.80,3.061,141.59,0.00,0.00,0.000,0.0092,0.2783
0.80,3.082,65.90,0.00,0.00,0.000,0.0116,0.2710
0.80,3.101,50.27,0.00,0.00,0.000,0.0137,0.2645
0.80,3.121,14.73,0.00,0.00,0.000,0.0125,0.2565
0.80,3.141,20.41,0.00,0.00,0.000,0.0103,0.2517
0.80,3.166,23.08,0.00,0.00,0.000,0.0082,0.2480
0.80,3.181,23.27,0.00,0.00,0.000,0.0060,0.2455
0.80,3.201,27.87,0.00,0.00,0.000,0.0057,0.2448
0.80,3.221,35.75,0.00,0.00,0.000,0.0078,0.2452
0.80,3.242,48.12,0.00,0.00,0.000,0.0106,0.2474
0.80,3.261,77.86,0.00,0.00,0.000,0.0117,0.2522
0.80,3.283,45.19,0.00,0.00,0.000,0.0133,0.2619
0.80,3.302,42.08,0.00,0.00,0.000,0.0171,0.2709
0.80,3.321,30.09,0.00,0.00,0.000,0.0213,0.2776
0.80,3.342,71.63,0.00,0.00,0.000,0.0172,0.2791
0.80,3.361,58.89,0.00,0.00,0.000,0.0093,0.2772
0.80,3.382,84.65,0.00,0.00,0.000,0.0066,0.2704
0.80,3.401,49.90,0.00,0.00,0.000,0.0100,0.2646
0.80,3.421,36.33,0.00,0.00,0.000,0.0115,0.2579
0.80,3.443,21.21,0.00,0.00,0.000,0.0100,0.2537
0.80,3.462,21.83,0.00,0.00,0.000,0.0093,0.2511
0.80,3.481,23.10,0.00,0.00,0.000,0.0093,0.2492
0.80,3.502,25.06,0.00,0.00,0.000,0.0090,0.2490
0.80,3.526,25.75,0.00,0.00,0.000,0.0088,0.2492
0.80,3.542,39.14,0.00,0.00,0.000,0.0074,0.2508
0.80,3.562,53.60,0.00,0.00,0.000,0.0054,0.2555
0.80,3.582,79.49,0.00,0.00,0.000,0.0048,0.2626
0.80,3.603,70.68,0.00,0.00,0.000,0.0050,0.2678
0.80,3.623,35.95,0.00,0.00,0.000,0.0046,0.2785
0.80,3.642,44.95,0.00,0.00,0.000,0.0058,0.2816
0.80,3.662,117.87,0.00,0.00,0.000,0.0058,0.2777
0.80,3.683,47.74,0.00,0.00,0.000,0.0061,0.2742
0.80,3.701,26.32,0.00,0.00,0.000,0.0062,0.2660
0.80,3.722,19.36,0.00,0.00,0.000,0.0038,0.2583
0.80,3.744,26.76,0.00,0.00,0.000,0.0016,0.2515
0.80,3.762,22.84,0.00,0.00,0.000,0.0038,0.2485
0.80,3.782,24.46,0.00,0.00,0.000,0.0067,0.2464
0.80,3.803,29.45,0.00,0.00,0.000,0.0069,0.2457
0.80,3.822,38.97,0.00,0.00,0.000,0.0044,0.2471
0.80,3.842,48.38,0.00,0.00,0.000,0.0020,0.2494
0.80,3.861,47.69,0.00,0.00,0.000,0.0008,0.2568
0.80,3.881,53.38,0.00,0.00,0.000,0.0027,0.2649
0.80,3.902,55.91,0.00,0.00,0.000,0.0058,0.2710
0.80,3.922,29.42,0.00,0.00,0.000,0.0098,0.2790
0.80,3.942,55.76,0.00,0.00,0.000,0.0104,0.2808
0.80,3.962,154.82,0.00,0.00,0.000,0.0088,0.2787
0.80,3.981,186.73,0.00,0.00,0.000,0.0085,0.2694
0.80,4.001,69.24,0.00,0.00,0.000,0.0100,0.2652
0.80,4.022,27.04,0.00,0.00,0.000,0.0119,0.2580
0.80,4.041,15.93,0.00,0.00,0.000,0.0133,0.2538
0.80,4.062,17.69,0.00,0.00,0.000,0.0134,0.2510
0.80,4.082,18.49,0.00,0.00,0.000,0.0136,0.2497
0.80,4.101,21.32,0.00,0.00,0.000,0.0140,0.2491
0.80,4.121,25.14,0.00,0.00,0.000,0.0143,0.2498
0.80,4.144,32.99,0.00,0.00,0.000,0.0149,0.2512
0.80,4.163,45.28,0.00,0.00,0.000,0.0159,0.2539
0.80,4.182,60.28,0.00,0.00,0.000,0.0175,0.2623
0.80,4.201,56.69,0.00,0.00,0.000,0.0187,0.2720
0.80,4.221,34.91,0.00,0.00,0.000,0.0187,0.2799
0.80,4.241,38.59,0.00,0.00,0.000,0.0168,0.2820
0.80,4.266,129.37,0.00,0.00,0.000,0.0150,0.2797
0.80,4.282,138.50,0.00,0.00,0.000,0.0154,0.2724
0.80,4.302,100.35,0.00,0.00,0.000,0.0166,0.2681
0.80,4.321,65.24,0.00,0.00,0.000,0.0175,0.2631
0.80,4.343,25.44,0.00,0.00,0.000,0.0148,0.2528
0.80,4.364,20.05,0.00,0.00,0.000,0.0120,0.2483
0.80,4.382,19.48,0.00,0.00,0.000,0.0103,0.2462
0.80,4.402,24.88,0.00,0.00,0.000,0.0096,0.2456
0.80,4.422,36.30,0.00,0.00,0.000,0.0108,0.2460
0.80,4.442,40.76,0.00,0.00,0.000,0.0123,0.2478
0.80,4.461,41.76,0.00,0.00,0.000,0.0139,0.2557
0.80,4.481,71.56,0.00,0.00,0.000,0.0151,0.2614
0.80,4.501,51.79,0.00,0.00,0.000,0.0188,0.2704
0.80,4.521,38.00,0.00,0.00,0.000,0.0228,0.2765
0.80,4.542,44.95,0.00,0.00,0.000,0.0241,0.2800
0.80,4.561,188.50,0.00,0.00,0.000,0.0193,0.2775
0.80,4.582,95.56,0.00,0.00,0.000,0.0158,0.2688
0.80,4.602,53.95,0.00,0.00,0.000,0.0168,0.2639
0.80,4.621,41.90,0.00,0.00,0.000,0.0178,0.2563
0.80,4.642,29.23,0.00,0.00,0.000,0.0171,0.2538
0.80,4.662,23.27,0.00,0.00,0.000,0.0130,0.2496
0.80,4.683,22.01,0.00,0.00,0.000,0.0124,0.2482
0.80,4.701,23.72,0.00,0.00,0.000,0.0139,0.2481
0.80,4.722,27.73,0.00,0.00,0.000,0.0152,0.2492
0.80,4.742,34.26,0.00,0.00,0.000,0.0147,0.2513
0.80,4.764,50.21,0.00,0.00,0.000,0.0141,0.2529
0.80,4.781,70.30,0.00,0.00,0.000,0.0135,0.2628
0.80,4.802,111.09,0.00,0.00,0.000,0.0132,0.2688
0.80,4.822,74.15,0.00,0.00,0.000,0.0113,0.2762
0.80,4.841,38.25,0.00,0.00,0.000,0.0099,0.2827
0.80,4.861,133.39,0.00,0.00,0.000,0.0125,0.2779
0.80,4.882,85.75,0.00,0.00,0.000,0.0143,0.2726
0.80,4.901,63.72,0.00,0.00,0.000,0.0145,0.2657
0.80,4.922,17.95,0.00,0.00,0.000,0.0136,0.2578
0.80,4.942,22.43,0.00,0.00,0.000,0.0116,0.2509
0.80,4.961,20.96,0.00,0.00,0.000,0.0094,0.2467
0.80,4.983,23.29,0.00,0.00,0.000,0.0081,0.2450
0.80,5.002,28.98,0.00,0.00,0.000,0.0086,0.2448
0.80,5.022,35.86,0.00,0.00,0.000,0.0106,0.2457
0.80,5.044,53.78,0.00,0.00,0.000,0.0118,0.2479
0.80,5.062,56.30,0.00,0.00,0.000,0.0134,0.2539
0.80,5.082,51.43,0.00,0.00,0.000,0.0160,0.2633
0.80,5.102,47.33,0.00,0.00,0.000,0.0202,0.2720
0.80,5.121,30.46,0.00,0.00,0.000,0.0243,0.2773
0.80,5.142,66.66,0.00,0.00,0.000,0.0258,0.2800
0.80,5.163,156.53,0.00,0.00,0.000,0.0175,0.2763
0.80,5.185,60.46,0.00,0.00,0.000,0.0143,0.2702
0.80,5.201,36.81,0.00,0.00,0.000,0.0135,0.2638
0.80,5.222,40.84,0.00,0.00,0.000,0.0138,0.2566
0.80,5.242,23.54,0.00,0.00,0.000,0.0134,0.2532
0.80,5.262,21.37,0.00,0.00,0.000,0.0137,0.2494
0.80,5.281,22.49,0.00,0.00,0.000,0.0144,0.2481
0.80,5.301,26.04,0.00,0.00,0.000,0.0147,0.2479
0.80,5.321,30.85,0.00,0.00,0.000,0.0138,0.2485
0.80,5.342,31.08,0.00,0.00,0.000,0.0129,0.2494
0.80,5.362,40.69,0.00,0.00,0.000,0.0114,0.2557
0.80,5.381,62.27,0.00,0.00,0.000,0.0115,0.2632
0.80,5.407,70.76,0.00,0.00,0.000,0.0106,0.2734
0.80,5.422,36.98,0.00,0.00,0.000,0.0070,0.2805
0.80,5.441,51.77,0.00,0.00,0.000,0.0066,0.2816
0.80,5.462,125.46,0.00,0.00,0.000,0.0092,0.2792
0.80,5.482,73.63,0.00,0.00,0.000,0.0105,0.2706
0.80,5.501,57.10,0.00,0.00,0.000,0.0097,0.2681
0.80,5.522,23.74,0.00,0.00,0.000,0.0074,0.2602
0.80,5.542,21.99,0.00,0.00,0.000,0.0053,0.2547
0.80,5.561,21.73,0.00,0.00,0.000,0.0027,0.2484
0.80,5.581,22.41,0.00,0.00,0.000,0.0024,0.2468
0.80,5.601,27.39,0.00,0.00,0.000,0.0021,0.2467
0.80,5.622,38.07,0.00,0.00,0.000,0.0017,0.2478
0.80,5.641,44.47,0.00,0.00,0.000,0.0019,0.2510
0.80,5.661,44.09,0.00,0.00,0.000,0.0027,0.2571
0.80,5.682,57.91,0.00,0.00,0.000,0.0048,0.2634
0.80,5.701,47.81,0.00,0.00,0.000,0.0077,0.2710
0.80,5.721,33.55,0.00,0.00,0.000,0.0113,0.2803
0.80,5.741,53.14,0.00,0.00,0.000,0.0108,0.2820
0.80,5.762,78.16,0.00,0.00,0.000,0.0076,0.2798
0.80,5.781,97.66,0.00,0.00,0.000,0.0074,0.2756
0.80,5.801,45.80,0.00,0.00,0.000,0.0081,0.2660
0.80,5.823,35.56,0.00,0.00,0.000,0.0086,0.2598
0.80,5.842,21.79,0.00,0.00,0.000,0.0077,0.2555
0.80,5.861,16.73,0.00,0.00,0.000,0.0069,0.2512
0.80,5.882,20.86,0.00,0.00,0.000,0.0060,0.2500
0.80,5.901,21.92,0.00,0.00,0.000,0.0068,0.2493
0.80,5.924,26.22,0.00,0.00,0.000,0.0083,0.2501
0.80,5.941,31.17,0.00,0.00,0.000,0.0086,0.2523
0.80,5.961,60.08,0.00,0.00,0.000,0.0084,0.2568
0.80,5.981,63.98,0.00,0.00,0.000,0.0085,0.2601
0.80,6.002,63.09,0.00,0.00,0.000,0.0082,0.2727
0.80,6.021,34.21,0.00,0.00,0.000,0.0065,0.2787
0.80,6.042,37.89,0.00,0.00,0.000,0.0055,0.2824
0.80,6.064,127.11,0.00,0.00,0.000,0.0094,0.2792
0.80,6.081,69.88,0.00,0.00,0.000,0.0120,0.2717
0.80,6.102,93.60,0.00,0.00,0.000,0.0121,0.2680
0.80,6.121,41.68,0.00,0.00,0.000,0.0110,0.2563
0.80,6.141,18.87,0.00,0.00,0.000,0.0089,0.2509
0.80,6.163,26.20,0.00,0.00,0.000,0.0080,0.2483
0.80,6.182,22.49,0.00,0.00,0.000,0.0057,0.2456
0.80,6.202,29.01,0.00,0.00,0.000,0.0054,0.2450
0.80,6.222,37.49,0.00,0.00,0.000,0.0077,0.2461
0.80,6.241,38.56,0.00,0.00,0.000,0.0110,0.2505
0.80,6.262,51.56,0.00,0.00,0.000,0.0129,0.2546
0.80,6.281,74.45,0.00,0.00,0.000,0.0148,0.2598
0.80,6.302,49.37,0.00,0.00,0.000,0.0201,0.2726
0.80,6.323,28.61,0.00,0.00,0.000,0.0224,0.2763
0.80,6.342,53.65,0.00,0.00,0.000,0.0214,0.2793
0.80,6.362,163.38,0.00,0.00,0.000,0.0143,0.2765
0.80,6.381,82.38,0.00,0.00,0.000,0.0122,0.2705
0.80,6.401,28.59,0.00,0.00,0.000,0.0118,0.2632
0.80,6.421,34.85,0.00,0.00,0.000,0.0119,0.2578
0.80,6.441,16.58,0.00,0.00,0.000,0.0116,0.2541
0.80,6.461,19.26,0.00,0.00,0.000,0.0114,0.2505
0.80,6.481,20.64,0.00,0.00,0.000,0.0112,0.2492
0.80,6.501,23.36,0.00,0.00,0.000,0.0111,0.2484
0.80,6.521,25.42,0.00,0.00,0.000,0.0111,0.2485
0.80,6.541,33.51,0.00,0.00,0.000,0.0107,0.2515
0.80,6.561,53.71,0.00,0.00,0.000,0.0098,0.2557
0.80,6.581,47.61,0.00,0.00,0.000,0.0094,0.2637
0.80,6.602,59.86,0.00,0.00,0.000,0.0089,0.2716
0.80,6.621,37.36,0.00,0.00,0.000,0.0069,0.2788
0.80,6.641,33.22,0.00,0.00,0.000,0.0054,0.2824
0.80,6.661,91.63,0.00,0.00,0.000,0.0090,0.2775
0.80,6.683,69.36,0.00,0.00,0.000,0.0111,0.2699
0.80,6.710,56.90,0.00,0.00,0.000,0.0096,0.2620
0.80,6.721,40.00,0.00,0.00,0.000,0.0080,0.2553
0.80,6.742,23.04,0.00,0.00,0.000,0.0061,0.2519
0.80,6.761,24.50,0.00,0.00,0.000,0.0040,0.2471
0.80,6.781,22.80,0.00,0.00,0.000,0.0025,0.2462
0.80,6.802,27.81,0.00,0.00,0.000,0.0024,0.2459
0.80,6.822,38.04,0.00,0.00,0.000,0.0034,0.2465
0.80,6.842,40.71,0.00,0.00,0.000,0.0052,0.2506
0.80,6.861,46.24,0.00,0.00,0.000,0.0064,0.2569
0.80,6.882,64.56,0.00,0.00,0.000,0.0082,0.2626
0.80,6.901,53.15,0.00,0.00,0.000,0.0122,0.2725
0.80,6.922,30.88,0.00,0.00,0.000,0.0163,0.2799
0.80,6.948,61.12,0.00,0.00,0.000,0.0166,0.2812
0.80,6.961,180.97,0.00,0.00,0.000,0.0126,0.2777
0.80,6.981,64.41,0.00,0.00,0.000,0.0083,0.2698
0.80,7.002,28.02,0.00,0.00,0.000,0.0090,0.2648
0.80,7.025,24.55,0.00,0.00,0.000,0.0101,0.2599
0.80,7.042,18.57,0.00,0.00,0.000,0.0112,0.2548
0.80,7.062,19.82,0.00,0.00,0.000,0.0105,0.2512
0.80,7.082,20.34,0.00,0.00,0.000,0.0104,0.2496
0.80,7.106,23.70,0.00,0.00,0.000,0.0110,0.2490
0.80,7.121,30.98,0.00,0.00,0.000,0.0115,0.2494
0.80,7.142,32.93,0.00,0.00,0.000,0.0120,0.2512
0.80,7.164,61.72,0.00,0.00,0.000,0.0122,0.2541
0.80,7.183,47.88,0.00,0.00,0.000,0.0123,0.2613
0.80,7.201,54.55,0.00,0.00,0.000,0.0125,0.2721
0.80,7.221,34.79,0.00,0.00,0.000,0.0107,0.2801
0.80,7.242,34.78,0.00,0.00,0.000,0.0087,0.2818
0.80,7.262,131.06,0.00,0.00,0.000,0.0082,0.2782
0.80,7.282,67.15,0.00,0.00,0.000,0.0098,0.2710
0.80,7.301,83.23,0.00,0.00,0.000,0.0116,0.2663
0.80,7.322,35.15,0.00,0.00,0.000,0.0101,0.2574
0.80,7.344,20.18,0.00,0.00,0.000,0.0070,0.2517
0.80,7.362,23.85,0.00,0.00,0.000,0.0042,0.2473
0.80,7.382,22.27,0.00,0.00,0.000,0.0031,0.2463
0.80,7.402,29.41,0.00,0.00,0.000,0.0037,0.2454
0.80,7.422,39.69,0.00,0.00,0.000,0.0067,0.2459
0.80,7.441,38.32,0.00,0.00,0.000,0.0089,0.2504
0.80,7.461,60.12,0.00,0.00,0.000,0.0099,0.2551
0.80,7.482,57.12,0.00,0.00,0.000,0.0116,0.2613
0.80,7.509,52.03,0.00,0.00,0.000,0.0167,0.2722
0.80,7.522,26.66,0.00,0.00,0.000,0.0203,0.2781
0.80,7.541,61.73,0.00,0.00,0.000,0.0203,0.2801
0.80,7.561,118.47,0.00,0.00,0.000,0.0115,0.2752
0.80,7.583,57.60,0.00,0.00,0.000,0.0091,0.2716
0.80,7.602,37.15,0.00,0.00,0.000,0.0081,0.2638
0.80,7.621,30.35,0.00,0.00,0.000,0.0092,0.2589
0.80,7.641,21.12,0.00,0.00,0.000,0.0105,0.2537
0.80,7.662,18.43,0.00,0.00,0.000,0.0112,0.2500
0.80,7.681,20.79,0.00,0.00,0.000,0.0119,0.2484
0.80,7.701,23.43,0.00,0.00,0.000,0.0122,0.2482
0.80,7.721,28.22,0.00,0.00,0.000,0.0121,0.2489
0.80,7.741,33.86,0.00,0.00,0.000,0.0119,0.2497
0.80,7.761,45.38,0.00,0.00,0.000,0.0114,0.2563
0.80,7.781,69.15,0.00,0.00,0.000,0.0119,0.2651
0.80,7.802,50.65,0.00,0.00,0.000,0.0123,0.2716
0.80,7.822,35.47,0.00,0.00,0.000,0.0115,0.2776
0.80,7.842,29.36,0.00,0.00,0.000,0.0095,0.2823
0.80,7.861,133.92,0.00,0.00,0.000,0.0102,0.2795
0.80,7.885,87.28,0.00,0.00,0.000,0.0124,0.2718
0.80,7.901,68.73,0.00,0.00,0.000,0.0126,0.2667
0.80,7.921,34.58,0.00,0.00,0.000,0.0121,0.2581
0.80,7.942,21.93,0.00,0.00,0.000,0.0097,0.2533
0.80,7.965,21.84,0.00,0.00,0.000,0.0076,0.2495
0.80,7.982,22.81,0.00,0.00,0.000,0.0050,0.2471
0.80,8.002,28.46,0.00,0.00,0.000,0.0049,0.2459
0.80,8.022,36.86,0.00,0.00,0.000,0.0059,0.2463
0.80,8.042,46.33,0.00,0.00,0.000,0.0073,0.2488
0.80,8.062,47.95,0.00,0.00,0.000,0.0082,0.2549
0.80,8.082,70.58,0.00,0.00,0.000,0.0094,0.2609
0.80,8.106,45.77,0.00,0.00,0.000,0.0138,0.2721
0.80,8.121,35.01,0.00,0.00,0.000,0.0175,0.2781
0.80,8.141,51.74,0.00,0.00,0.000,0.0176,0.2805
0.80,8.162,170.97,0.00,0.00,0.000,0.0103,0.2783
0.80,8.182,80.58,0.00,0.00,0.000,0.0059,0.2717
0.80,8.202,58.68,0.00,0.00,0.000,0.0064,0.2658
0.80,8.222,34.90,0.00,0.00,0.000,0.0093,0.2584
0.80,8.242,18.50,0.00,0.00,0.000,0.0107,0.2547
0.80,8.263,19.54,0.00,0.00,0.000,0.0115,0.2509
0.80,8.281,21.32,0.00,0.00,0.000,0.0107,0.2488
0.80,8.302,23.80,0.00,0.00,0.000,0.0098,0.2485
0.80,8.321,30.76,0.00,0.00,0.000,0.0095,0.2489
0.80,8.342,38.98,0.00,0.00,0.000,0.0089,0.2508
0.80,8.361,45.25,0.00,0.00,0.000,0.0076,0.2567
0.80,8.381,74.23,0.00,0.00,0.000,0.0078,0.2620
0.80,8.402,55.82,0.00,0.00,0.000,0.0073,0.2726
0.80,8.422,43.50,0.00,0.00,0.000,0.0058,0.2773
0.80,8.442,61.79,0.00,0.00,0.000,0.0043,0.2820
0.80,8.464,117.98,0.00,0.00,0.000,0.0078,0.2789
0.80,8.483,57.28,0.00,0.00,0.000,0.0119,0.2713
0.80,8.502,24.66,0.00,0.00,0.000,0.0111,0.2644
0.80,8.522,12.74,0.00,0.00,0.000,0.0091,0.2570
0.80,8.542,21.69,0.00,0.00,0.000,0.0072,0.2521
0.80,8.561,20.01,0.00,0.00,0.000,0.0052,0.2489
0.80,8.581,25.78,0.00,0.00,0.000,0.0032,0.2465
0.80,8.602,29.25,0.00,0.00,0.000,0.0036,0.2459
0.80,8.622,35.83,0.00,0.00,0.000,0.0045,0.2465
0.80,8.642,35.87,0.00,0.00,0.000,0.0059,0.2505
0.80,8.664,60.40,0.00,0.00,0.000,0.0070,0.2547
0.80,8.682,68.85,0.00,0.00,0.000,0.0095,0.2624
0.80,8.702,52.38,0.00,0.00,0.000,0.0131,0.2724
0.80,8.721,33.03,0.00,0.00,0.000,0.0168,0.2792
0.80,8.742,60.05,0.00,0.00,0.000,0.0155,0.2806
0.80,8.762,141.65,0.00,0.00,0.000,0.0089,0.2772
0.80,8.783,62.03,0.00,0.00,0.000,0.0079,0.2715
0.80,8.802,52.82,0.00,0.00,0.000,0.0098,0.2659
0.80,8.822,43.83,0.00,0.00,0.000,0.0108,0.2586
0.80,8.842,18.62,0.00,0.00,0.000,0.0101,0.2549
0.80,8.861,18.59,0.00,0.00,0.000,0.0102,0.2518
0.80,8.881,19.94,0.00,0.00,0.000,0.0107,0.2498
0.80,8.901,22.23,0.00,0.00,0.000,0.0110,0.2493
0.80,8.921,28.35,0.00,0.00,0.000,0.0107,0.2495
0.80,8.941,31.09,0.00,0.00,0.000,0.0105,0.2512
0.80,8.962,42.10,0.00,0.00,0.000,0.0107,0.2562
0.80,8.984,60.07,0.00,0.00,0.000,0.0109,0.2594
0.80,9.001,62.24,0.00,0.00,0.000,0.0113,0.2719
0.80,9.021,38.90,0.00,0.00,0.000,0.0107,0.2763
0.80,9.041,44.20,0.00,0.00,0.000,0.0087,0.2817
0.80,9.065,143.70,0.00,0.00,0.000,0.0105,0.2791
0.80,9.082,95.29,0.00,0.00,0.000,0.0118,0.2709
0.80,9.101,62.31,0.00,0.00,0.000,0.0120,0.2649
0.80,9.122,26.97,0.00,0.00,0.000,0.0110,0.2566
0.80,9.142,16.40,0.00,0.00,0.000,0.0100,0.2536
0.80,9.162,22.42,0.00,0.00,0.000,0.0076,0.2478
0.80,9.181,24.24,0.00,0.00,0.000,0.0063,0.2458
0.80,9.204,29.51,0.00,0.00,0.000,0.0070,0.2456
0.80,9.221,37.22,0.00,0.00,0.000,0.0080,0.2460
0.80,9.242,51.65,0.00,0.00,0.000,0.0109,0.2493
0.80,9.262,60.72,0.00,0.00,0.000,0.0122,0.2542
0.80,9.283,71.25,0.00,0.00,0.000,0.0151,0.2626
0.80,9.301,117.54,0.00,0.00,0.000,0.0198,0.2749
0.80,9.321,47.00,0.00,0.00,0.000,0.0243,0.2794
0.80,9.342,70.86,0.00,0.00,0.000,0.0226,0.2808
0.80,9.361,134.71,0.00,0.00,0.000,0.0139,0.2771
0.80,9.382,128.39,0.00,0.00,0.000,0.0123,0.2711
0.80,9.402,45.74,0.00,0.00,0.000,0.0109,0.2668
0.80,9.422,55.63,0.00,0.00,0.000,0.0115,0.2595
0.80,9.442,24.64,0.00,0.00,0.000,0.0117,0.2550
0.80,9.462,20.67,0.00,0.00,0.000,0.0118,0.2513
0.80,9.482,21.04,0.00,0.00,0.000,0.0119,0.2498
0.80,9.504,23.34,0.00,0.00,0.000,0.0125,0.2493
0.80,9.521,26.39,0.00,0.00,0.000,0.0135,0.2498
0.80,9.542,30.55,0.00,0.00,0.000,0.0133,0.2523
0.80,9.562,48.36,0.00,0.00,0.000,0.0124,0.2557
0.80,9.582,68.41,0.00,0.00,0.000,0.0115,0.2604
0.80,9.602,48.70,0.00,0.00,0.000,0.0102,0.2725
0.80,9.622,31.71,0.00,0.00,0.000,0.0078,0.2802
0.80,9.642,54.33,0.00,0.00,0.000,0.0066,0.2823
0.80,9.661,88.44,0.00,0.00,0.000,0.0082,0.2802
0.80,9.682,283.17,0.00,0.00,0.000,0.0097,0.2749
0.80,9.701,444.26,0.00,0.00,0.000,0.0105,0.2628
0.80,9.722,40.54,0.00,0.00,0.000,0.0095,0.2580
0.80,9.742,23.44,0.00,0.00,0.000,0.0069,0.2507
0.80,9.762,31.68,0.00,0.00,0.000,0.0036,0.2462
0.80,9.782,20.16,0.00,0.00,0.000,0.0020,0.2450
0.80,9.801,25.23,0.00,0.00,0.000,0.0020,0.2451
0.80,9.822,28.01,0.00,0.00,0.000,0.0028,0.2452
0.80,9.841,34.04,0.00,0.00,0.000,0.0055,0.2493
0.80,9.861,54.31,0.00,0.00,0.000,0.0062,0.2536
0.80,9.885,52.52,0.00,0.00,0.000,0.0078,0.2618
0.80,9.901,57.43,0.00,0.00,0.000,0.0098,0.2688
0.80,9.923,34.74,0.00,0.00,0.000,0.0141,0.2774
0.80,9.941,42.28,0.00,0.00,0.000,0.0165,0.2805
0.80,9.963,73.14,0.00,0.00,0.000,0.0105,0.2754
0.80,9.984,79.64,0.00,0.00,0.000,0.0050,0.2698
0.80,10.003,51.06,0.00,0.00,0.000,0.0051,0.2659
0.80,10.021,37.88,0.00,0.00,0.000,0.0074,0.2588
0.80,10.041,18.72,0.00,0.00,0.000,0.0088,0.2549
0.80,10.063,19.36,0.00,0.00,0.000,0.0092,0.2508
0.80,10.081,22.18,0.00,0.00,0.000,0.0094,0.2488
0.80,10.101,23.61,0.00,0.00,0.000,0.0097,0.2480
0.80,10.121,28.23,0.00,0.00,0.000,0.0098,0.2484
0.80,10.144,34.59,0.00,0.00,0.000,0.0103,0.2502
0.80,10.162,48.97,0.00,0.00,0.000,0.0106,0.2520
0.80,10.181,50.19,0.00,0.00,0.000,0.0114,0.2603
0.80,10.201,48.66,0.00,0.00,0.000,0.0126,0.2700
0.80,10.223,39.95,0.00,0.00,0.000,0.0125,0.2783
0.80,10.242,27.26,0.00,0.00,0.000,0.0113,0.2827
0.80,10.262,161.01,0.00,0.00,0.000,0.0097,0.2797
0.80,10.282,198.15,0.00,0.00,0.000,0.0107,0.2694
0.80,10.302,159.45,0.00,0.00,0.000,0.0111,0.2679
0.80,10.322,127.41,0.00,0.00,0.000,0.0119,0.2592
0.80,10.342,34.35,0.00,0.00,0.000,0.0098,0.2538
0.80,10.364,31.80,0.00,0.00,0.000,0.0070,0.2477
0.80,10.382,23.26,0.00,0.00,0.000,0.0057,0.2468
0.80,10.401,29.97,0.00,0.00,0.000,0.0057,0.2454
0.80,10.422,37.90,0.00,0.00,0.000,0.0072,0.2463
0.80,10.445,41.50,0.00,0.00,0.000,0.0097,0.2507
0.80,10.462,46.46,0.00,0.00,0.000,0.0112,0.2570
0.80,10.482,65.58,0.00,0.00,0.000,0.0139,0.2636
0.80,10.502,63.72,0.00,0.00,0.000,0.0185,0.2735
0.80,10.525,25.77,0.00,0.00,0.000,0.0218,0.2783
0.80,10.541,64.31,0.00,0.00,0.000,0.0217,0.2802
0.80,10.561,197.32,0.00,0.00,0.000,0.0136,0.2743
0.80,10.582,54.21,0.00,0.00,0.000,0.0107,0.2688
0.80,10.602,58.24,0.00,0.00,0.000,0.0111,0.2623
0.80,10.625,28.88,0.00,0.00,0.000,0.0120,0.2592
0.80,10.641,19.98,0.00,0.00,0.000,0.0128,0.2543
0.80,10.661,18.65,0.00,0.00,0.000,0.0118,0.2507
0.80,10.681,20.45,0.00,0.00,0.000,0.0107,0.2491
0.80,10.703,23.14,0.00,0.00,0.000,0.0109,0.2485
0.80,10.721,27.13,0.00,0.00,0.000,0.0123,0.2492
0.80,10.741,32.67,0.00,0.00,0.000,0.0127,0.2515
0.80,10.761,43.34,0.00,0.00,0.000,0.0125,0.2561
0.80,10.781,71.06,0.00,0.00,0.000,0.0123,0.2611
0.80,10.801,61.70,0.00,0.00,0.000,0.0120,0.2687
0.80,10.822,31.60,0.00,0.00,0.000,0.0095,0.2799
0.80,10.845,33.31,0.00,0.00,0.000,0.0073,0.2818
0.80,10.862,85.59,0.00,0.00,0.000,0.0062,0.2767
0.80,10.881,69.74,0.00,0.00,0.000,0.0080,0.2724
0.80,10.902,61.81,0.00,0.00,0.000,0.0103,0.2651
0.80,10.930,14.19,0.00,0.00,0.000,0.0091,0.2597
0.80,10.942,20.36,0.00,0.00,0.000,0.0060,0.2536
0.80,10.962,22.41,0.00,0.00,0.000,0.0033,0.2488
0.80,10.982,24.27,0.00,0.00,0.000,0.0021,0.2468
0.80,11.004,28.46,0.00,0.00,0.000,0.0020,0.2463
0.80,11.023,32.08,0.00,0.00,0.000,0.0022,0.2476
0.80,11.041,35.62,0.00,0.00,0.000,0.0031,0.2512
0.80,11.062,50.24,0.00,0.00,0.000,0.0043,0.2569
0.80,11.082,61.98,0.00,0.00,0.000,0.0063,0.2620
0.80,11.101,60.42,0.00,0.00,0.000,0.0104,0.2707
0.80,11.121,31.37,0.00,0.00,0.000,0.0136,0.2790
0.80,11.144,54.81,0.00,0.00,0.000,0.0127,0.2813
0.80,11.162,92.33,0.00,0.00,0.000,0.0057,0.2746
0.80,11.181,86.10,0.00,0.00,0.000,0.0052,0.2710
0.80,11.202,43.94,0.00,0.00,0.000,0.0063,0.2643
0.80,11.221,19.74,0.00,0.00,0.000,0.0077,0.2585
0.80,11.242,20.15,0.00,0.00,0.000,0.0082,0.2534
0.80,11.261,18.28,0.00,0.00,0.000,0.0078,0.2506
0.80,11.284,20.65,0.00,0.00,0.000,0.0076,0.2493
0.80,11.303,22.36,0.00,0.00,0.000,0.0081,0.2489
0.80,11.322,28.60,0.00,0.00,0.000,0.0093,0.2491
0.80,11.341,36.23,0.00,0.00,0.000,0.0095,0.2511
0.80,11.361,43.40,0.00,0.00,0.000,0.0091,0.2537
0.80,11.382,81.80,0.00,0.00,0.000,0.0083,0.2607
0.80,11.402,56.51,0.00,0.00,0.000,0.0079,0.2706
0.80,11.423,32.58,0.00,0.00,0.000,0.0066,0.2770
0.80,11.442,37.55,0.00,0.00,0.000,0.0053,0.2820
0.80,11.462,109.72,0.00,0.00,0.000,0.0086,0.2764
0.80,11.482,98.26,0.00,0.00,0.000,0.0106,0.2715
0.80,11.501,42.47,0.00,0.00,0.000,0.0101,0.2643
0.80,11.521,18.50,0.00,0.00,0.000,0.0080,0.2566
0.80,11.541,23.10,0.00,0.00,0.000,0.0057,0.2498
0.80,11.561,20.13,0.00,0.00,0.000,0.0039,0.2466
0.80,11.582,23.63,0.00,0.00,0.000,0.0020,0.2444
0.80,11.602,29.35,0.00,0.00,0.000,0.0023,0.2437
0.80,11.624,34.36,0.00,0.00,0.000,0.0045,0.2447
0.80,11.642,38.10,0.00,0.00,0.000,0.0068,0.2484
0.80,11.661,63.94,0.00,0.00,0.000,0.0079,0.2523
0.80,11.681,52.43,0.00,0.00,0.000,0.0106,0.2627
0.80,11.702,56.23,0.00,0.00,0.000,0.0137,0.2693
0.80,11.728,30.07,0.00,0.00,0.000,0.0190,0.2770
0.80,11.741,54.32,0.00,0.00,0.000,0.0220,0.2792
0.80,11.761,362.44,0.00,0.00,0.000,0.0180,0.2741
0.80,11.781,59.60,0.00,0.00,0.000,0.0093,0.2670
0.80,11.807,74.07,0.00,0.00,0.000,0.0101,0.2608
0.80,11.822,37.79,0.00,0.00,0.000,0.0150,0.2563
0.80,11.841,47.30,0.00,0.00,0.000,0.0186,0.2505
0.80,11.861,23.13,0.00,0.00,0.000,0.0179,0.2490
0.80,11.884,26.63,0.00,0.00,0.000,0.0167,0.2476
0.80,11.902,27.18,0.00,0.00,0.000,0.0161,0.2472
0.80,11.922,27.56,0.00,0.00,0.000,0.0173,0.2486
0.80,11.942,33.23,0.00,0.00,0.000,0.0189,0.2511
0.80,11.962,45.62,0.00,0.00,0.000,0.0198,0.2534
0.80,11.982,80.44,0.00,0.00,0.000,0.0204,0.2602
