t,visible,lateral,tamano,confianza,vx,wz
2.202,1,0.0475,0.2505,0.917,0.1200,0.0000
2.452,1,0.0761,0.4008,0.918,0.2400,0.0000
2.519,1,0.0933,0.4906,0.917,0.2406,0.0000
2.566,1,0.1039,0.5445,0.918,0.2123,0.0000
2.611,1,0.1104,0.5767,0.918,0.1853,0.0000
2.734,1,0.1149,0.5959,0.916,0.1112,0.0000
2.804,1,0.1181,0.6073,0.915,0.0696,0.0000
2.851,1,0.1200,0.6142,0.915,0.0413,-0.0283
2.914,1,0.1210,0.6182,0.916,0.0036,-0.0660
3.004,1,0.1218,0.6208,0.916,0.0000,-0.1205
3.055,1,0.1221,0.6223,0.916,0.0000,-0.1508
3.113,1,0.1212,0.6234,0.919,0.0000,-0.1855
3.210,1,0.1199,0.6244,0.922,0.0000,-0.1271
3.297,1,0.1185,0.6249,0.924,0.0000,-0.0748
3.353,1,0.1177,0.6248,0.924,0.0000,-0.0417
3.438,1,0.1167,0.6246,0.924,0.0000,0.0000
3.479,1,0.1149,0.6237,0.919,0.0000,0.0000
3.587,1,0.1132,0.6225,0.919,0.0000,0.0000
3.641,1,0.1116,0.6211,0.914,0.0000,0.0000
3.690,1,0.1096,0.6209,0.907,0.0000,0.0000
3.738,1,0.1124,0.6212,0.902,0.0000,0.0000
3.865,1,0.1211,0.6213,0.898,0.0000,-0.0762
4.022,1,0.1276,0.6221,0.909,0.0000,-0.1707
4.103,1,0.1336,0.6217,0.915,0.0000,-0.2194
4.162,1,0.1364,0.6215,0.914,0.0000,-0.2545
4.227,1,0.1382,0.6216,0.913,0.0000,-0.2765
4.277,1,0.1395,0.6218,0.912,0.0000,-0.2789
4.365,1,0.1404,0.6220,0.912,0.0000,-0.2808
4.421,1,0.1412,0.6221,0.912,0.0000,-0.2824
4.471,1,0.1416,0.6221,0.913,0.0000,-0.2833
4.594,1,0.1420,0.6217,0.912,0.0000,-0.2840
4.662,1,0.1421,0.6212,0.912,0.0000,-0.2843
4.707,1,0.1424,0.6210,0.913,0.0000,-0.2847
4.819,1,0.1423,0.6209,0.912,0.0000,-0.2847
4.871,1,0.1431,0.6203,0.911,0.0000,-0.2862
4.921,1,0.1440,0.6202,0.912,0.0000,-0.2880
4.971,1,0.1446,0.6201,0.913,0.0000,-0.2891
5.076,1,0.1444,0.6197,0.912,0.0000,-0.2888
5.127,1,0.1445,0.6193,0.911,0.0000,-0.2891
5.177,1,0.1447,0.6191,0.912,0.0000,-0.2894
5.277,1,0.1453,0.6190,0.911,0.0000,-0.2906
5.354,1,0.1446,0.6189,0.912,0.0000,-0.2892
5.407,1,0.1437,0.6188,0.912,0.0000,-0.2875
5.455,1,0.1432,0.6186,0.912,0.0000,-0.2864
5.509,1,0.1427,0.6187,0.912,0.0000,-0.2855
5.589,1,0.1420,0.6187,0.913,0.0000,-0.2840
5.646,1,0.1419,0.6187,0.914,0.0000,-0.2838
5.722,1,0.1427,0.6189,0.912,0.0000,-0.2854
5.774,1,0.1434,0.6190,0.912,0.0000,-0.2867
5.871,1,0.1441,0.6192,0.912,0.0000,-0.2881
5.926,1,0.1445,0.6192,0.913,0.0000,-0.2890
5.978,1,0.1452,0.6192,0.912,0.0000,-0.2904
6.062,1,0.1457,0.6194,0.911,0.0000,-0.2915
6.135,1,0.1452,0.6191,0.910,0.0000,-0.2904
6.183,1,0.1447,0.6191,0.910,0.0000,-0.2895
6.236,1,0.1456,0.6192,0.911,0.0000,-0.2912
6.337,1,0.1461,0.6192,0.910,0.0000,-0.2922
6.393,1,0.1467,0.6191,0.910,0.0000,-0.2935
6.447,1,0.1472,0.6188,0.912,0.0000,-0.2944
6.504,1,0.1479,0.6186,0.911,0.0000,-0.2957
6.579,1,0.1481,0.6187,0.910,0.0000,-0.2962
6.637,1,0.1485,0.6186,0.910,0.0000,-0.2970
6.755,1,0.1487,0.6186,0.911,0.0000,-0.2974
6.810,1,0.1490,0.6187,0.911,0.0000,-0.2980
6.870,1,0.1494,0.6186,0.911,0.0000,-0.2987
6.955,1,0.1498,0.6188,0.911,0.0000,-0.2995
7.021,1,0.1499,0.6190,0.910,0.0000,-0.2997
7.075,1,0.1500,0.6190,0.911,0.0000,-0.3001
7.157,1,0.1506,0.6191,0.911,0.0000,-0.3012
7.210,1,0.1510,0.6191,0.912,0.0000,-0.3021
7.271,1,0.1513,0.6189,0.912,0.0000,-0.3025
7.377,1,0.1512,0.6187,0.911,0.0000,-0.3024
7.435,1,0.1504,0.6183,0.910,0.0000,-0.3007
7.481,1,0.1492,0.6180,0.909,0.0000,-0.2983
7.534,1,0.1484,0.6179,0.910,0.0000,-0.2968
7.639,1,0.1479,0.6178,0.909,0.0000,-0.2957
7.691,1,0.1481,0.6182,0.909,0.0000,-0.2963
7.736,1,0.1484,0.6184,0.910,0.0000,-0.2968
7.809,1,0.1490,0.6183,0.911,0.0000,-0.2981
7.872,1,0.1494,0.6185,0.912,0.0000,-0.2989
7.948,1,0.1500,0.6185,0.914,0.0000,-0.2999
8.010,1,0.1503,0.6186,0.914,0.0000,-0.3006
8.064,1,0.1504,0.6187,0.915,0.0000,-0.3008
8.174,1,0.1504,0.6188,0.914,0.0000,-0.3008
8.242,1,0.1503,0.6189,0.914,0.0000,-0.3007
8.289,1,0.1503,0.6186,0.914,0.0000,-0.3005
8.338,1,0.1503,0.6187,0.914,0.0000,-0.3005
8.406,1,0.1501,0.6187,0.912,0.0000,-0.3001
8.476,1,0.1501,0.6188,0.913,0.0000,-0.3002
8.534,1,0.1499,0.6190,0.912,0.0000,-0.2998
8.626,1,0.1479,0.6193,0.909,0.0000,-0.2958
8.691,1,0.1459,0.6193,0.910,0.0000,-0.2917
8.739,1,0.1447,0.6193,0.909,0.0000,-0.2894
8.810,1,0.1423,0.6192,0.911,0.0000,-0.2847
8.860,1,0.1398,0.6197,0.910,0.0000,-0.2796
8.962,1,0.1396,0.6192,0.908,0.0000,-0.2791
9.034,1,0.1450,0.6190,0.907,0.0000,-0.2901
9.086,1,0.1552,0.6157,0.909,0.0000,-0.3105
9.135,1,0.1664,0.6120,0.911,0.0000,-0.3328
9.213,1,0.1777,0.6090,0.907,0.0000,-0.3555
9.268,1,0.1878,0.6058,0.908,0.0000,-0.3757
9.371,1,0.1956,0.6023,0.912,0.0000,-0.3911
9.434,1,0.2015,0.5980,0.917,0.0000,-0.4031
9.483,1,0.2078,0.5930,0.920,0.0000,-0.4155
9.532,1,0.2128,0.5880,0.919,0.0000,-0.4256
9.602,1,0.2189,0.5822,0.914,0.0000,-0.4379
9.678,1,0.2271,0.5759,0.916,0.0000,-0.4542
9.731,1,0.2342,0.5694,0.916,0.0000,-0.4684
9.826,1,0.2393,0.5633,0.915,0.0000,-0.4787
9.880,1,0.2431,0.5559,0.914,0.0000,-0.4863
9.924,1,0.2448,0.5503,0.915,0.0000,-0.4896
10.029,1,0.2453,0.5468,0.916,0.0000,-0.4907
10.105,1,0.2455,0.5461,0.917,0.0000,-0.4910
10.151,1,0.2455,0.5462,0.914,0.0000,-0.4909
10.197,1,0.2458,0.5461,0.916,0.0000,-0.4917
10.296,1,0.2474,0.5447,0.915,0.0000,-0.4949
10.354,1,0.2494,0.5448,0.917,0.0000,-0.4987
10.402,1,0.2536,0.5434,0.916,0.0000,-0.5072
10.457,1,0.2575,0.5411,0.917,0.0000,-0.5151
10.572,1,0.2610,0.5381,0.916,0.0000,-0.5220
10.636,1,0.2646,0.5351,0.917,0.0000,-0.5292
10.681,1,0.2698,0.5317,0.918,0.0000,-0.5396
10.726,1,0.2738,0.5293,0.917,0.0000,-0.5475
10.812,1,0.2773,0.5272,0.915,0.0000,-0.5546
10.880,1,0.2807,0.5252,0.915,0.0000,-0.5615
10.932,1,0.2838,0.5235,0.916,0.0000,-0.5676
11.009,1,0.2870,0.5221,0.919,0.0000,-0.5741
11.062,1,0.2893,0.5208,0.921,0.0000,-0.5787
11.157,1,0.2910,0.5194,0.922,0.0571,-0.5819
11.228,1,0.2921,0.5181,0.921,0.1000,-0.5841
11.279,1,0.2932,0.5171,0.922,0.1300,-0.5863
11.327,1,0.2945,0.5162,0.923,0.1588,-0.5889
11.405,1,0.2956,0.5153,0.924,0.1864,-0.5912
11.488,1,0.2962,0.5145,0.923,0.1881,-0.5925
11.528,1,0.2965,0.5137,0.923,0.1898,-0.5930
11.591,1,0.2965,0.5130,0.923,0.1914,-0.5931
11.689,1,0.2962,0.5121,0.922,0.1935,-0.5925
11.739,1,0.2948,0.5118,0.921,0.1941,-0.5895
11.803,1,0.2933,0.5122,0.921,0.1932,-0.5866
11.853,1,0.2910,0.5125,0.919,0.1925,-0.5821
11.902,1,0.2894,0.5128,0.918,0.1918,-0.5789
11.955,1,0.2889,0.5131,0.917,0.1912,-0.5779
12.052,1,0.2892,0.5133,0.915,0.1907,-0.5783
12.112,1,0.2910,0.5132,0.914,0.1910,-0.5820
12.167,1,0.2925,0.5126,0.911,0.1922,-0.5849
12.222,1,0.2931,0.5118,0.911,0.1941,-0.5861
12.329,1,0.2930,0.5105,0.911,0.1970,-0.5860
12.390,1,0.2924,0.5091,0.914,0.1999,-0.5847
12.455,1,0.2921,0.5079,0.915,0.2026,-0.5842
12.503,1,0.2903,0.5068,0.919,0.2051,-0.5806
12.553,1,0.2887,0.5059,0.920,0.2071,-0.5774
12.647,1,0.2857,0.5052,0.923,0.2086,-0.5715
12.706,1,0.2825,0.5045,0.926,0.2100,-0.5650
12.770,1,0.2802,0.5046,0.927,0.2099,-0.5603
12.844,1,0.2784,0.5048,0.930,0.2095,-0.5567
12.918,1,0.2774,0.5057,0.931,0.2074,-0.5549
12.955,1,0.2771,0.5064,0.930,0.2059,-0.5543
13.042,1,0.2775,0.5071,0.928,0.2043,-0.5549
13.107,1,0.2787,0.5070,0.926,0.2046,-0.5573
13.160,1,0.2803,0.5069,0.925,0.2049,-0.5605
13.245,1,0.2827,0.5066,0.924,0.2056,-0.5654
13.315,1,0.2847,0.5056,0.924,0.2077,-0.5693
13.365,1,0.2864,0.5045,0.925,0.2102,-0.5727
13.420,1,0.2880,0.5036,0.924,0.2122,-0.5761
13.487,1,0.2892,0.5029,0.925,0.2135,-0.5784
13.587,1,0.2900,0.5025,0.925,0.2145,-0.5799
13.666,1,0.2904,0.5020,0.925,0.2156,-0.5809
13.711,1,0.2907,0.5013,0.925,0.2172,-0.5814
13.755,1,0.2904,0.5006,0.925,0.2186,-0.5809
13.835,1,0.2900,0.5003,0.926,0.2194,-0.5800
13.903,1,0.2898,0.5004,0.926,0.2191,-0.5796
13.951,1,0.2894,0.5006,0.927,0.2187,-0.5788
14.058,1,0.2867,0.5011,0.924,0.2176,-0.5733
14.115,1,0.2835,0.5020,0.924,0.2156,-0.5670
14.160,1,0.2755,0.5036,0.921,0.2120,-0.5511
14.221,1,0.2580,0.5058,0.924,0.2073,-0.5161
14.307,1,0.2434,0.5066,0.926,0.2055,-0.4869
14.370,1,0.2325,0.5079,0.926,0.2027,-0.4650
14.417,1,0.2315,0.5093,0.925,0.1995,-0.4631
14.509,1,0.2467,0.5110,0.924,0.1958,-0.4935
14.567,1,0.2591,0.5110,0.925,0.1957,-0.5182
14.623,1,0.2708,0.5115,0.927,0.1948,-0.5415
14.693,1,0.2826,0.5111,0.925,0.1955,-0.5651
14.766,1,0.2990,0.5125,0.925,0.1926,-0.5979
14.813,1,0.3092,0.5150,0.920,0.1870,-0.6183
14.909,1,0.3044,0.5184,0.922,0.1795,-0.6089
14.968,1,0.2987,0.5207,0.928,0.1442,-0.5974
15.019,1,0.2946,0.5215,0.926,0.1137,-0.5892
15.096,1,0.3073,0.5205,0.919,0.0671,-0.6146
15.153,1,0.3235,0.5198,0.923,0.1013,-0.6470
15.239,1,0.3379,0.5198,0.920,0.1524,-0.6759
15.287,1,0.3517,0.5199,0.920,0.1762,-0.7033
15.347,1,0.3623,0.5195,0.922,0.1772,-0.7246
15.458,1,0.3691,0.5192,0.923,0.1779,-0.7382
15.535,1,0.3720,0.5188,0.920,0.1785,-0.7441
15.578,1,0.3662,0.5181,0.915,0.1802,-0.7323
15.661,1,0.3511,0.5184,0.916,0.1795,-0.7021
15.744,1,0.3272,0.5184,0.925,0.1795,-0.6545
15.798,1,0.3035,0.5198,0.941,0.1764,-0.6223
15.851,1,0.2802,0.5221,0.941,0.1447,-0.5906
15.941,1,0.2547,0.5236,0.923,0.0902,-0.5361
16.005,1,0.2245,0.5250,0.917,0.0520,-0.4979
16.052,1,0.1977,0.5253,0.918,0.0236,-0.4694
16.147,1,0.1734,0.5273,0.921,0.0000,-0.4128
16.202,1,0.1496,0.5290,0.931,0.0000,-0.3797
16.252,1,0.1320,0.5323,0.932,0.0000,-0.3498
16.337,1,0.1194,0.5345,0.931,0.0000,-0.2986
16.421,1,0.1095,0.5348,0.931,0.0000,-0.2482
16.466,1,0.1016,0.5354,0.934,0.0000,-0.2212
16.515,1,0.1062,0.5374,0.931,0.0000,-0.1920
16.606,1,0.1190,0.5384,0.933,0.0000,-0.1371
16.659,1,0.1308,0.5397,0.932,0.0000,-0.1688
16.705,1,0.1468,0.5395,0.926,0.0000,-0.1963
16.804,1,0.1636,0.5369,0.924,0.0000,-0.2557
16.868,1,0.1793,0.5341,0.919,0.0000,-0.2942
16.916,1,0.1923,0.5304,0.919,0.0000,-0.3229
17.001,1,0.2028,0.5268,0.919,0.0000,-0.3737
17.049,1,0.2103,0.5230,0.908,0.0000,-0.4028
17.132,1,0.2163,0.5196,0.908,0.0499,-0.4326
17.186,1,0.2213,0.5168,0.904,0.0822,-0.4426
17.236,1,0.2253,0.5138,0.902,0.1123,-0.4506
17.354,1,0.2283,0.5120,0.903,0.1831,-0.4565
17.429,1,0.2307,0.5103,0.903,0.1973,-0.4614
17.500,1,0.2318,0.5091,0.903,0.2000,-0.4635
17.550,1,0.2324,0.5084,0.901,0.2015,-0.4648
17.610,1,0.2319,0.5080,0.901,0.2023,-0.4637
17.684,1,0.2317,0.5080,0.900,0.2024,-0.4634
17.767,1,0.2316,0.5081,0.900,0.2023,-0.4632
17.818,1,0.2315,0.5081,0.901,0.2021,-0.4630
17.868,1,0.2312,0.5081,0.899,0.2022,-0.4625
17.985,1,0.2304,0.5080,0.900,0.2023,-0.4609
18.045,1,0.2286,0.5081,0.903,0.2022,-0.4573
18.092,1,0.2269,0.5087,0.910,0.2008,-0.4539
18.141,1,0.2178,0.5096,0.912,0.1990,-0.4356
18.210,1,0.2023,0.5111,0.917,0.1957,-0.4047
18.291,1,0.1754,0.5128,0.909,0.1919,-0.3564
18.340,1,0.1283,0.5138,0.915,0.1897,-0.3270
18.435,1,0.0831,0.5142,0.922,0.1889,-0.2700
18.504,1,0.0425,0.5147,0.912,0.1876,-0.2282
18.554,1,0.0408,0.5151,0.938,0.1868,-0.1986
18.607,1,0.0343,0.5156,0.933,0.1857,-0.1666
18.696,1,0.0293,0.5133,0.934,0.1907,-0.1129
18.758,1,0.0255,0.5092,0.934,0.1997,-0.0759
18.810,1,0.0227,0.5043,0.921,0.2105,-0.0447
18.906,1,0.0214,0.5008,0.914,0.2183,0.0000
18.965,1,0.0211,0.4974,0.910,0.2258,0.0000
19.018,1,0.0223,0.4944,0.899,0.2323,0.0000
19.070,1,0.0211,0.4905,0.898,0.2408,0.0000
19.191,1,0.0207,0.4880,0.896,0.2463,0.0000
19.261,1,0.0215,0.4874,0.895,0.2478,0.0000
19.310,1,0.0219,0.4873,0.896,0.2480,0.0000
19.389,1,0.0224,0.4867,0.895,0.2493,0.0000
19.437,1,0.0215,0.4869,0.894,0.2489,0.0000
19.530,1,0.0226,0.4870,0.894,0.2486,0.0000
19.582,1,0.0234,0.4869,0.894,0.2488,0.0000
19.651,1,0.0244,0.4868,0.895,0.2490,0.0000
19.701,1,0.0250,0.4865,0.894,0.2497,0.0000
19.810,1,0.0257,0.4862,0.896,0.2503,0.0000
19.898,1,0.0264,0.4864,0.892,0.2500,0.0000
19.942,1,0.0268,0.4857,0.892,0.2514,0.0000
20.012,1,0.0277,0.4834,0.893,0.2565,0.0000
20.106,1,0.0295,0.4815,0.891,0.2606,0.0000
20.160,1,0.0292,0.4802,0.890,0.2636,0.0000
20.205,1,0.0287,0.4789,0.892,0.2665,0.0000
20.279,1,0.0280,0.4780,0.892,0.2683,0.0000
20.348,1,0.0281,0.4773,0.892,0.2700,0.0000
20.401,1,0.0283,0.4768,0.893,0.2710,0.0000
20.450,1,0.0287,0.4764,0.893,0.2719,0.0000
20.501,1,0.0298,0.4760,0.893,0.2728,0.0000
20.601,1,0.0310,0.4759,0.892,0.2731,0.0000
20.645,1,0.0317,0.4759,0.893,0.2730,0.0000
20.710,1,0.0322,0.4759,0.893,0.2729,0.0000
20.817,1,0.0327,0.4760,0.892,0.2728,0.0000
20.867,1,0.0334,0.4764,0.893,0.2719,0.0000
20.911,1,0.0336,0.4765,0.892,0.2718,0.0000
20.966,1,0.0340,0.4765,0.893,0.2716,0.0000
21.064,1,0.0340,0.4767,0.893,0.2713,0.0000
21.143,1,0.0339,0.4768,0.892,0.2710,0.0000
21.201,1,0.0330,0.4780,0.891,0.2685,0.0000
21.249,1,0.0325,0.4804,0.891,0.2631,0.0000
21.301,1,0.0302,0.4866,0.897,0.2495,0.0000
21.416,1,0.0261,0.4916,0.912,0.2384,0.0000
21.487,1,0.0292,0.4953,0.925,0.2302,0.0000
21.541,1,0.0462,0.5022,0.923,0.2151,0.0000
21.616,1,0.0685,0.5108,0.922,0.1962,0.0000
21.671,1,0.0925,0.5175,0.920,0.1814,0.0000
21.769,1,0.1145,0.5228,0.921,0.1224,0.0000
21.821,1,0.1366,0.5257,0.918,0.0915,-0.0309
21.864,1,0.1588,0.5283,0.915,0.0653,-0.0571
21.983,1,0.1789,0.5292,0.919,0.0000,-0.1286
22.039,1,0.1968,0.5297,0.912,0.0000,-0.1621
22.093,1,0.2122,0.5287,0.913,0.0000,-0.1943
22.216,1,0.2258,0.5272,0.909,0.0000,-0.2682
22.288,1,0.2377,0.5262,0.914,0.0000,-0.3112
22.344,1,0.2484,0.5229,0.914,0.0000,-0.3448
22.394,1,0.2561,0.5193,0.917,0.0303,-0.3751
22.559,1,0.2653,0.5169,0.922,0.1289,-0.4737
22.654,1,0.2738,0.5152,0.926,0.1860,-0.5308
22.699,1,0.2864,0.5134,0.926,0.1906,-0.5579
22.790,1,0.2943,0.5120,0.926,0.1935,-0.5887
22.836,1,0.2975,0.5111,0.923,0.1955,-0.5951
22.928,1,0.2954,0.5114,0.922,0.1949,-0.5909
22.977,1,0.2879,0.5115,0.918,0.1946,-0.5759
23.029,1,0.2767,0.5130,0.915,0.1914,-0.5535
23.125,1,0.2647,0.5131,0.909,0.1912,-0.5294
23.185,1,0.2482,0.5136,0.904,0.1901,-0.4963
23.242,1,0.2306,0.5136,0.916,0.1900,-0.4620
23.297,1,0.2141,0.5153,0.930,0.1862,-0.4288
23.392,1,0.1977,0.5158,0.929,0.1853,-0.3954
23.451,1,0.1819,0.5148,0.918,0.1873,-0.3637
23.500,1,0.1682,0.5131,0.905,0.1913,-0.3365
23.603,1,0.1552,0.5118,0.908,0.1941,-0.3103
23.662,1,0.1459,0.5107,0.910,0.1964,-0.2917
23.715,1,0.1382,0.5100,0.913,0.1981,-0.2764
23.762,1,0.1322,0.5095,0.911,0.1992,-0.2644
23.838,1,0.1275,0.5090,0.907,0.2002,-0.2550
23.911,1,0.1251,0.5087,0.904,0.2009,-0.2502
23.962,1,0.1237,0.5086,0.906,0.2011,-0.2475
24.044,1,0.1228,0.5087,0.905,0.2009,-0.2457
24.105,1,0.1221,0.5086,0.906,0.2011,-0.2443
24.162,1,0.1214,0.5083,0.906,0.2018,-0.2428
24.233,1,0.1207,0.5080,0.906,0.2024,-0.2414
24.322,1,0.1205,0.5077,0.907,0.2032,-0.2410
24.385,1,0.1206,0.5069,0.909,0.2048,-0.2412
24.434,1,0.1196,0.5061,0.912,0.2066,-0.2120
24.543,1,0.1184,0.5048,0.914,0.2094,-0.1465
24.602,1,0.1178,0.5038,0.915,0.2117,-0.1109
24.653,1,0.1171,0.5030,0.915,0.2134,-0.0805
24.774,1,0.1167,0.5021,0.918,0.2154,-0.0077
24.835,1,0.1171,0.5010,0.918,0.2178,0.0000
24.885,1,0.1155,0.4997,0.918,0.2206,0.0000
25.010,1,0.1132,0.4986,0.920,0.2231,0.0000
25.080,1,0.1110,0.4976,0.921,0.2254,0.0000
25.126,1,0.1091,0.4967,0.922,0.2272,0.0000
25.211,1,0.1078,0.4962,0.923,0.2285,0.0000
25.280,1,0.1069,0.4961,0.924,0.2287,0.0000
25.326,1,0.1064,0.4960,0.926,0.2288,0.0000
25.420,1,0.1056,0.4959,0.926,0.2291,0.0000
25.479,1,0.1053,0.4955,0.926,0.2298,0.0000
25.532,1,0.1052,0.4951,0.929,0.2308,0.0000
25.608,1,0.1054,0.4947,0.928,0.2316,0.0000
25.667,1,0.1060,0.4945,0.929,0.2320,0.0000
25.720,1,0.1062,0.4944,0.929,0.2324,0.0000
25.849,1,0.1061,0.4943,0.927,0.2324,0.0000
25.915,1,0.1059,0.4945,0.926,0.2321,0.0000
25.961,1,0.1055,0.4950,0.926,0.2311,0.0000
26.040,1,0.1053,0.4952,0.926,0.2307,0.0000
26.096,1,0.1049,0.4953,0.926,0.2303,0.0000
26.176,1,0.1046,0.4953,0.926,0.2304,0.0000
26.233,1,0.1045,0.4953,0.926,0.2304,0.0000
26.285,1,0.1043,0.4954,0.927,0.2302,0.0000
26.390,1,0.1042,0.4955,0.927,0.2300,0.0000
26.470,1,0.1044,0.4956,0.927,0.2297,0.0000
26.519,1,0.1043,0.4957,0.927,0.2295,0.0000
26.567,1,0.1045,0.4957,0.927,0.2295,0.0000
26.619,1,0.1045,0.4957,0.926,0.2295,0.0000
26.718,1,0.1046,0.4957,0.927,0.2295,0.0000
26.781,1,0.1045,0.4956,0.927,0.2297,0.0000
26.825,1,0.1043,0.4955,0.926,0.2299,0.0000
26.891,1,0.1038,0.4955,0.925,0.2300,0.0000
26.977,1,0.1035,0.4954,0.926,0.2301,0.0000
27.044,1,0.1034,0.4954,0.925,0.2302,0.0000
27.097,1,0.1034,0.4954,0.925,0.2302,0.0000
27.152,1,0.1034,0.4954,0.926,0.2302,0.0000
27.241,1,0.1034,0.4953,0.926,0.2304,0.0000
27.302,1,0.1035,0.4953,0.925,0.2304,0.0000
27.357,1,0.1034,0.4952,0.924,0.2305,0.0000
27.443,1,0.1035,0.4952,0.925,0.2305,0.0000
27.504,1,0.1034,0.4952,0.925,0.2305,0.0000
27.555,1,0.1034,0.4953,0.925,0.2303,0.0000
27.614,1,0.1035,0.4952,0.925,0.2305,0.0000
27.730,1,0.1037,0.4952,0.925,0.2305,0.0000
27.799,1,0.1038,0.4952,0.925,0.2305,0.0000
27.851,1,0.1039,0.4952,0.925,0.2306,0.0000
27.896,1,0.1040,0.4952,0.926,0.2306,0.0000
27.949,1,0.1042,0.4952,0.925,0.2306,0.0000
28.042,1,0.1042,0.4952,0.925,0.2305,0.0000
28.090,1,0.1040,0.4952,0.925,0.2306,0.0000
28.183,1,0.1040,0.4951,0.925,0.2307,0.0000
28.248,1,0.1040,0.4951,0.924,0.2307,0.0000
28.297,1,0.1037,0.4952,0.924,0.2306,0.0000
28.352,1,0.1036,0.4952,0.924,0.2307,0.0000
28.474,1,0.1033,0.4952,0.924,0.2306,0.0000
28.538,1,0.1030,0.4951,0.925,0.2307,0.0000
28.589,1,0.1031,0.4951,0.923,0.2307,0.0000
28.659,1,0.1034,0.4951,0.924,0.2307,0.0000
28.735,1,0.1035,0.4950,0.925,0.2309,0.0000
28.783,1,0.1034,0.4950,0.923,0.2310,0.0000
28.868,1,0.1030,0.4950,0.924,0.2310,0.0000
28.916,1,0.1024,0.4949,0.923,0.2312,0.0000
29.017,1,0.1012,0.4948,0.922,0.2314,0.0000
29.072,1,0.1001,0.4945,0.921,0.2322,0.0000
29.125,1,0.0985,0.4940,0.922,0.2332,0.0000
29.185,1,0.0966,0.4937,0.921,0.2338,0.0000
29.276,1,0.0943,0.4936,0.917,0.2341,0.0000
29.339,1,0.0924,0.4937,0.917,0.2339,0.0000
29.392,1,0.0905,0.4937,0.916,0.2338,0.0000
29.446,1,0.0888,0.4945,0.915,0.2322,0.0000
29.552,1,0.0864,0.4952,0.909,0.2305,0.0000
29.629,1,0.0843,0.4959,0.901,0.2289,0.0000
29.682,1,0.0837,0.4964,0.901,0.2279,0.0000
29.756,1,0.0834,0.4969,0.890,0.2268,0.0000
29.868,1,0.0832,0.4971,0.899,0.2263,0.0000
29.924,1,0.0835,0.4972,0.894,0.2262,0.0000
29.977,1,0.0841,0.4969,0.894,0.2268,0.0000
30.027,1,0.0846,0.4967,0.897,0.2272,0.0000
30.080,1,0.0851,0.4968,0.894,0.2270,0.0000
30.185,1,0.0852,0.4968,0.900,0.2269,0.0000
30.265,1,0.0858,0.4969,0.904,0.2269,0.0000
30.317,1,0.0865,0.4968,0.906,0.2269,0.0000
30.422,1,0.0872,0.4969,0.898,0.2269,0.0000
30.482,1,0.0877,0.4961,0.886,0.2285,0.0000
30.531,1,0.0885,0.4943,0.868,0.2326,0.0000
30.575,1,0.0890,0.4929,0.867,0.2355,0.0000
30.692,1,0.0888,0.4922,0.874,0.2371,0.0000
30.757,1,0.0883,0.4918,0.874,0.2380,0.0000
30.807,1,0.0879,0.4918,0.872,0.2380,0.0000
30.857,1,0.0875,0.4920,0.870,0.2376,0.0000
30.914,1,0.0865,0.4921,0.870,0.2373,0.0000
31.007,1,0.0854,0.4923,0.871,0.2370,0.0000
31.077,1,0.0850,0.4924,0.870,0.2367,0.0000
31.130,1,0.0846,0.4924,0.873,0.2368,0.0000
31.175,1,0.0837,0.4923,0.872,0.2370,0.0000
31.276,1,0.0829,0.4923,0.872,0.2369,0.0000
31.334,1,0.0820,0.4924,0.874,0.2368,0.0000
31.385,1,0.0811,0.4923,0.874,0.2369,0.0000
31.440,1,0.0796,0.4915,0.866,0.2387,0.0000
31.542,1,0.0783,0.4906,0.866,0.2407,0.0000
31.606,1,0.0773,0.4904,0.866,0.2411,0.0000
31.665,1,0.0757,0.4914,0.862,0.2389,0.0000
31.714,1,0.0747,0.4918,0.861,0.2380,0.0000
31.803,1,0.0738,0.4922,0.869,0.2372,0.0000
31.868,1,0.0731,0.4925,0.865,0.2366,0.0000
31.917,1,0.0724,0.4928,0.867,0.2359,0.0000
31.976,1,0.0716,0.4932,0.864,0.2349,0.0000
32.079,1,0.0712,0.4936,0.869,0.2340,0.0000
32.142,1,0.0708,0.4940,0.865,0.2333,0.0000
32.187,1,0.0709,0.4943,0.859,0.2326,0.0000
32.241,1,0.0707,0.4944,0.865,0.2324,0.0000
32.333,1,0.0706,0.4944,0.862,0.2323,0.0000
32.388,1,0.0707,0.4944,0.864,0.2322,0.0000
32.442,1,0.0710,0.4944,0.862,0.2324,0.0000
32.534,1,0.0711,0.4942,0.864,0.2327,0.0000
32.593,1,0.0710,0.4941,0.862,0.2329,0.0000
32.643,1,0.0713,0.4943,0.861,0.2326,0.0000
32.724,1,0.0711,0.4943,0.865,0.2325,0.0000
32.794,1,0.0707,0.4944,0.862,0.2322,0.0000
32.846,1,0.0705,0.4945,0.862,0.2320,0.0000
32.912,1,0.0705,0.4945,0.859,0.2321,0.0000
33.001,1,0.0703,0.4945,0.862,0.2320,0.0000
33.052,1,0.0701,0.4945,0.864,0.2320,0.0000
33.104,1,0.0700,0.4945,0.864,0.2320,0.0000
33.207,1,0.0700,0.4946,0.860,0.2319,0.0000
33.273,1,0.0698,0.4947,0.866,0.2316,0.0000
33.319,1,0.0694,0.4949,0.864,0.2313,0.0000
33.371,1,0.0693,0.4949,0.865,0.2312,0.0000
33.421,1,0.0692,0.4949,0.866,0.2313,0.0000
33.472,1,0.0690,0.4948,0.864,0.2315,0.0000
33.585,1,0.0689,0.4948,0.865,0.2315,0.0000
33.642,1,0.0691,0.4948,0.864,0.2315,0.0000
33.686,1,0.0692,0.4947,0.866,0.2316,0.0000
33.737,1,0.0691,0.4947,0.869,0.2317,0.0000
33.842,1,0.0689,0.4945,0.869,0.2321,0.0000
33.894,1,0.0688,0.4945,0.868,0.2320,0.0000
33.943,1,0.0687,0.4946,0.866,0.2319,0.0000
34.018,1,0.0683,0.4947,0.869,0.2316,0.0000
34.070,1,0.0684,0.4948,0.867,0.2315,0.0000
34.158,1,0.0685,0.4948,0.862,0.2315,0.0000
34.233,1,0.0684,0.4950,0.858,0.2311,0.0000
34.287,1,0.0683,0.4952,0.855,0.2306,0.0000
34.335,1,0.0683,0.4953,0.852,0.2303,0.0000
34.435,1,0.0680,0.4953,0.856,0.2303,0.0000
34.485,1,0.0676,0.4954,0.858,0.2301,0.0000
34.534,1,0.0676,0.4955,0.854,0.2300,0.0000
34.636,1,0.0675,0.4954,0.856,0.2301,0.0000
34.700,1,0.0675,0.4953,0.853,0.2304,0.0000
34.749,1,0.0673,0.4952,0.855,0.2305,0.0000
34.802,1,0.0672,0.4952,0.857,0.2305,0.0000
34.902,1,0.0672,0.4953,0.854,0.2304,0.0000
34.967,1,0.0670,0.4953,0.860,0.2303,0.0000
35.015,1,0.0669,0.4954,0.857,0.2302,0.0000
35.065,1,0.0668,0.4954,0.857,0.2300,0.0000
35.111,1,0.0669,0.4955,0.856,0.2298,0.0000
35.165,1,0.0669,0.4956,0.855,0.2296,0.0000
35.263,1,0.0669,0.4957,0.857,0.2294,0.0000
35.314,1,0.0668,0.4958,0.854,0.2293,0.0000
35.374,1,0.0669,0.4957,0.860,0.2294,0.0000
35.455,1,0.0670,0.4958,0.854,0.2292,0.0000
35.519,1,0.0672,0.4959,0.856,0.2291,0.0000
35.569,1,0.0673,0.4961,0.859,0.2286,0.0000
35.660,1,0.0673,0.4958,0.864,0.2292,0.0000
35.721,1,0.0677,0.4955,0.870,0.2300,0.0000
35.772,1,0.0686,0.4954,0.868,0.2301,0.0000
35.870,1,0.0695,0.4969,0.868,0.2267,0.0000
35.932,1,0.0720,0.4973,0.866,0.2260,0.0000
35.985,1,0.0730,0.4973,0.876,0.2260,0.0000
36.033,1,0.0751,0.4980,0.882,0.2245,0.0000
36.119,1,0.0808,0.4991,0.911,0.2220,0.0000
36.176,1,0.0890,0.5014,0.906,0.2170,0.0000
36.236,1,0.0985,0.5027,0.899,0.2141,0.0000
36.337,1,0.1064,0.5021,0.898,0.2155,0.0000
36.393,1,0.1144,0.5039,0.900,0.2115,0.0000
36.444,1,0.1191,0.5052,0.903,0.2085,0.0000
36.498,1,0.1213,0.5060,0.898,0.2069,-0.0323
36.596,1,0.1186,0.5072,0.895,0.2042,0.0000
36.649,1,0.1147,0.5077,0.899,0.2030,0.0000
36.698,1,0.1108,0.5075,0.904,0.2035,0.0000
36.781,1,0.1062,0.5065,0.905,0.2058,0.0000
36.828,1,0.1019,0.5064,0.911,0.2059,0.0000
36.887,1,0.0992,0.5068,0.914,0.2051,0.0000
36.935,1,0.0958,0.5069,0.913,0.2049,0.0000
37.046,1,0.0940,0.5080,0.913,0.2025,0.0000
37.097,1,0.0866,0.5095,0.910,0.1991,0.0000
37.137,1,0.0796,0.5102,0.906,0.1976,0.0000
37.234,1,0.0732,0.5120,0.913,0.1935,0.0000
37.286,1,0.0655,0.5125,0.901,0.1926,0.0000
37.326,1,0.0595,0.5135,0.910,0.1903,0.0000
37.437,1,0.0566,0.5136,0.913,0.1901,0.0000
37.490,1,0.0572,0.5137,0.911,0.1899,0.0000
37.535,1,0.0579,0.5142,0.916,0.1888,0.0000
37.589,1,0.0589,0.5149,0.917,0.1872,0.0000
37.707,1,0.0602,0.5152,0.918,0.1865,0.0000
37.786,1,0.0606,0.5151,0.922,0.1868,0.0000
37.834,1,0.0606,0.5149,0.924,0.1873,0.0000
37.916,1,0.0600,0.5143,0.924,0.1886,0.0000
37.968,1,0.0618,0.5139,0.914,0.1894,0.0000
38.056,1,0.0667,0.5144,0.916,0.1884,0.0000
38.105,1,0.0718,0.5148,0.920,0.1874,0.0000
38.162,1,0.0769,0.5167,0.914,0.1832,0.0000
38.260,1,0.0792,0.5190,0.913,0.1782,0.0000
38.347,1,0.0965,0.5217,0.915,0.1262,0.0000
38.398,1,0.1118,0.5251,0.915,0.0957,0.0000
38.495,1,0.1231,0.5289,0.916,0.0371,-0.0586
38.563,1,0.1306,0.5320,0.917,0.0000,-0.0991
38.610,1,0.1383,0.5354,0.915,0.0000,-0.1276
38.655,1,0.1434,0.5372,0.916,0.0000,-0.1546
38.763,1,0.1464,0.5384,0.919,0.0000,-0.2190
38.817,1,0.1473,0.5393,0.918,0.0000,-0.2515
38.868,1,0.1470,0.5397,0.919,0.0000,-0.2821
38.945,1,0.1470,0.5397,0.918,0.0000,-0.2940
38.996,1,0.1471,0.5394,0.917,0.0000,-0.2943
39.095,1,0.1468,0.5386,0.916,0.0000,-0.2936
39.151,1,0.1465,0.5376,0.914,0.0000,-0.2930
39.198,1,0.1459,0.5368,0.914,0.0000,-0.2918
39.292,1,0.1453,0.5363,0.915,0.0000,-0.2906
39.352,1,0.1446,0.5360,0.915,0.0000,-0.2892
39.402,1,0.1442,0.5357,0.914,0.0000,-0.2883
39.459,1,0.1439,0.5355,0.914,0.0000,-0.2879
39.559,1,0.1443,0.5351,0.914,0.0000,-0.2885
39.611,1,0.1449,0.5356,0.917,0.0000,-0.2898
39.656,1,0.1459,0.5360,0.918,0.0000,-0.2918
39.753,1,0.1470,0.5366,0.919,0.0000,-0.2941
39.815,1,0.1482,0.5372,0.920,0.0000,-0.2963
39.861,1,0.1492,0.5378,0.922,0.0000,-0.2985
39.954,1,0.1500,0.5383,0.921,0.0000,-0.3000
40.018,1,0.1504,0.5387,0.921,0.0000,-0.3008
40.070,1,0.1504,0.5392,0.920,0.0000,-0.3009
40.121,1,0.1504,0.5399,0.921,0.0000,-0.3007
40.214,1,0.1525,0.5406,0.920,0.0000,-0.3050
40.279,1,0.1565,0.5418,0.918,0.0000,-0.3130
40.334,1,0.1591,0.5422,0.920,0.0000,-0.3183
40.386,1,0.1613,0.5427,0.920,0.0000,-0.3226
40.554,1,0.1641,0.5436,0.922,0.0000,-0.3283
40.618,1,0.1657,0.5449,0.917,0.0000,-0.3313
40.674,1,0.1637,0.5442,0.915,0.0000,-0.3275
40.735,1,0.1630,0.5428,0.917,0.0000,-0.3260
40.798,1,0.1633,0.5410,0.918,0.0000,-0.3266
40.872,1,0.1645,0.5392,0.915,0.0000,-0.3290
40.934,1,0.1659,0.5365,0.911,0.0000,-0.3317
40.993,1,0.1672,0.5335,0.910,0.0000,-0.3345
41.094,1,0.1671,0.5310,0.908,0.0000,-0.3341
41.143,1,0.1651,0.5291,0.906,0.0000,-0.3301
41.189,1,0.1622,0.5277,0.905,0.0000,-0.3244
41.278,1,0.1586,0.5264,0.904,0.0000,-0.3172
41.334,1,0.1560,0.5256,0.903,0.0000,-0.3119
41.385,1,0.1537,0.5251,0.904,0.0000,-0.3074
41.486,1,0.1518,0.5249,0.905,0.0000,-0.3036
41.553,1,0.1502,0.5248,0.905,0.0000,-0.3003
41.604,1,0.1492,0.5252,0.904,0.0000,-0.2984
41.652,1,0.1483,0.5257,0.903,0.0000,-0.2967
41.750,1,0.1482,0.5262,0.903,0.0000,-0.2964
41.804,1,0.1482,0.5267,0.904,0.0000,-0.2965
41.854,1,0.1494,0.5272,0.901,0.0000,-0.2988
41.900,1,0.1502,0.5276,0.900,0.0000,-0.3004
41.949,1,0.1511,0.5279,0.902,0.0000,-0.3023
42.051,1,0.1520,0.5280,0.904,0.0000,-0.3040
42.113,1,0.1525,0.5284,0.907,0.0000,-0.3051
42.169,1,0.1525,0.5288,0.907,0.0000,-0.3051
42.219,1,0.1526,0.5291,0.906,0.0000,-0.3053
42.311,1,0.1526,0.5292,0.905,0.0000,-0.3052
42.392,1,0.1519,0.5291,0.905,0.0000,-0.3039
42.446,1,0.1516,0.5290,0.904,0.0000,-0.3031
42.493,1,0.1515,0.5287,0.906,0.0000,-0.3030
42.540,1,0.1520,0.5284,0.903,0.0000,-0.3040
42.670,1,0.1525,0.5282,0.902,0.0000,-0.3050
42.733,1,0.1526,0.5281,0.901,0.0000,-0.3052
42.784,1,0.1524,0.5281,0.899,0.0000,-0.3049
42.889,1,0.1519,0.5282,0.900,0.0000,-0.3039
42.953,1,0.1511,0.5275,0.900,0.0000,-0.3022
43.001,1,0.1504,0.5270,0.901,0.0000,-0.3007
43.050,1,0.1500,0.5267,0.900,0.0000,-0.3000
43.148,1,0.1502,0.5274,0.900,0.0000,-0.3004
43.211,1,0.1503,0.5278,0.900,0.0000,-0.3005
43.263,1,0.1498,0.5271,0.900,0.0000,-0.2995
43.319,1,0.1494,0.5266,0.901,0.0000,-0.2987
43.420,1,0.1494,0.5275,0.901,0.0000,-0.2988
43.470,1,0.1491,0.5269,0.900,0.0000,-0.2982
43.517,1,0.1492,0.5277,0.901,0.0000,-0.2984
43.611,1,0.1483,0.5284,0.902,0.0000,-0.2966
43.670,1,0.1477,0.5284,0.904,0.0000,-0.2955
43.717,1,0.1472,0.5280,0.905,0.0000,-0.2945
43.801,1,0.1468,0.5268,0.908,0.0000,-0.2937
43.868,1,0.1462,0.5259,0.908,0.0000,-0.2923
43.918,1,0.1453,0.5254,0.909,0.0000,-0.2906
44.004,1,0.1449,0.5241,0.909,0.0000,-0.2897
44.054,1,0.1443,0.5233,0.910,0.0000,-0.2886
44.112,1,0.1440,0.5229,0.910,0.0000,-0.2879
44.235,1,0.1437,0.5228,0.909,0.0000,-0.2875
44.294,1,0.1438,0.5228,0.909,0.0000,-0.2875
44.345,1,0.1444,0.5231,0.907,0.0000,-0.2888
44.453,1,0.1448,0.5233,0.907,0.0000,-0.2896
44.513,1,0.1448,0.5233,0.908,0.0000,-0.2897
44.566,1,0.1445,0.5233,0.909,0.0000,-0.2890
44.612,1,0.1439,0.5233,0.909,0.0000,-0.2877
44.694,1,0.1434,0.5231,0.910,0.0000,-0.2868
44.749,1,0.1427,0.5229,0.910,0.0000,-0.2855
44.845,1,0.1418,0.5228,0.911,0.0000,-0.2836
44.912,1,0.1409,0.5228,0.911,0.0000,-0.2818
44.962,1,0.1396,0.5228,0.912,0.0000,-0.2791
45.017,1,0.1364,0.5229,0.914,0.0000,-0.2728
45.095,1,0.1333,0.5227,0.916,0.0000,-0.2666
45.153,1,0.1308,0.5227,0.918,0.0000,-0.2617
45.205,1,0.1288,0.5227,0.917,0.0000,-0.2575
45.316,1,0.1272,0.5231,0.916,0.0000,-0.2544
45.375,1,0.1262,0.5242,0.913,0.0000,-0.2524
45.423,1,0.1260,0.5252,0.913,0.0000,-0.2521
45.479,1,0.1271,0.5256,0.911,0.0000,-0.2542
45.559,1,0.1293,0.5259,0.907,0.0000,-0.2586
45.632,1,0.1314,0.5264,0.907,0.0000,-0.2629
45.682,1,0.1339,0.5270,0.910,0.0000,-0.2678
45.773,1,0.1353,0.5276,0.911,0.0000,-0.2706
45.833,1,0.1355,0.5286,0.911,0.0000,-0.2709
45.870,1,0.1347,0.5295,0.913,0.0000,-0.2694
45.988,1,0.1327,0.5305,0.916,0.0000,-0.2653
46.054,1,0.1309,0.5306,0.918,0.0000,-0.2618
46.106,1,0.1300,0.5303,0.919,0.0000,-0.2599
46.151,1,0.1303,0.5304,0.917,0.0000,-0.2606
46.206,1,0.1299,0.5301,0.919,0.0000,-0.2598
46.305,1,0.1295,0.5297,0.921,0.0000,-0.2589
46.363,1,0.1322,0.5299,0.917,0.0000,-0.2644
46.407,1,0.1371,0.5304,0.922,0.0000,-0.2743
46.499,1,0.1414,0.5309,0.923,0.0000,-0.2828
46.559,1,0.1458,0.5310,0.925,0.0000,-0.2916
46.609,1,0.1496,0.5313,0.928,0.0000,-0.2992
46.701,1,0.1512,0.5310,0.930,0.0000,-0.3024
46.754,1,0.1490,0.5308,0.928,0.0000,-0.2981
46.811,1,0.1451,0.5309,0.930,0.0000,-0.2901
46.884,1,0.1403,0.5309,0.933,0.0000,-0.2807
46.957,1,0.1350,0.5305,0.932,0.0000,-0.2701
47.013,1,0.1316,0.5302,0.933,0.0000,-0.2632
47.085,1,0.1299,0.5296,0.933,0.0000,-0.2597
47.161,1,0.1276,0.5292,0.932,0.0000,-0.2553
47.208,1,0.1251,0.5288,0.930,0.0000,-0.2503
47.307,1,0.1207,0.5287,0.928,0.0000,-0.2414
47.387,1,0.1175,0.5283,0.928,0.0000,-0.1936
47.438,1,0.1148,0.5285,0.929,0.0000,-0.1628
47.488,1,0.1128,0.5297,0.925,0.0000,-0.1331
47.536,1,0.1119,0.5302,0.926,0.0000,-0.1038
47.623,1,0.1111,0.5302,0.927,0.0000,-0.0516
47.702,1,0.1113,0.5302,0.929,0.0000,-0.0047
47.751,1,0.1098,0.5308,0.927,0.0000,0.0000
47.803,1,0.1082,0.5315,0.927,0.0000,0.0000
47.907,1,0.1096,0.5320,0.934,0.0000,0.0000
47.967,1,0.1130,0.5323,0.941,0.0000,0.0000
48.014,1,0.1175,0.5333,0.942,0.0000,0.0000
48.085,1,0.1221,0.5351,0.939,0.0000,-0.0425
48.136,1,0.1256,0.5362,0.938,0.0000,-0.0733
48.234,1,0.1278,0.5369,0.938,0.0000,-0.1320
48.305,1,0.1293,0.5375,0.938,0.0000,-0.1745
48.348,1,0.1300,0.5380,0.938,0.0000,-0.2008
48.397,1,0.1299,0.5385,0.938,0.0000,-0.2300
48.539,1,0.1295,0.5390,0.939,0.0000,-0.2589
48.606,1,0.1286,0.5395,0.938,0.0000,-0.2573
48.654,1,0.1276,0.5397,0.938,0.0000,-0.2552
48.703,1,0.1269,0.5397,0.938,0.0000,-0.2538
48.795,1,0.1261,0.5397,0.938,0.0000,-0.2522
48.851,1,0.1255,0.5396,0.939,0.0000,-0.2509
48.895,1,0.1250,0.5395,0.938,0.0000,-0.2501
49.004,1,0.1246,0.5394,0.939,0.0000,-0.2492
49.078,1,0.1243,0.5394,0.939,0.0000,-0.2486
49.130,1,0.1237,0.5389,0.938,0.0000,-0.2473
49.179,1,0.1230,0.5377,0.939,0.0000,-0.2459
49.245,1,0.1227,0.5366,0.936,0.0000,-0.2455
49.314,1,0.1213,0.5357,0.934,0.0000,-0.2427
49.368,1,0.1185,0.5350,0.929,0.0000,-0.2106
49.462,1,0.1193,0.5344,0.924,0.0000,-0.1540
49.524,1,0.1230,0.5331,0.920,0.0000,-0.1910
49.570,1,0.1312,0.5323,0.922,0.0000,-0.2187
49.669,1,0.1399,0.5312,0.923,0.0000,-0.2778
49.721,1,0.1460,0.5289,0.914,0.0000,-0.2921
49.766,1,0.1507,0.5280,0.914,0.0000,-0.3015
49.874,1,0.1537,0.5277,0.911,0.0000,-0.3074
49.958,1,0.1566,0.5278,0.920,0.0000,-0.3133
50.009,1,0.1602,0.5282,0.918,0.0000,-0.3205
50.057,1,0.1658,0.5285,0.919,0.0000,-0.3316
50.159,1,0.1705,0.5289,0.922,0.0000,-0.3411
50.219,1,0.1741,0.5295,0.924,0.0000,-0.3482
50.276,1,0.1767,0.5301,0.925,0.0000,-0.3534
50.331,1,0.1785,0.5307,0.926,0.0000,-0.3569
50.379,1,0.1798,0.5312,0.928,0.0000,-0.3596
50.427,1,0.1807,0.5316,0.929,0.0000,-0.3614
50.537,1,0.1813,0.5318,0.929,0.0000,-0.3626
50.614,1,0.1815,0.5323,0.924,0.0000,-0.3630
50.661,1,0.1819,0.5323,0.916,0.0000,-0.3639
50.710,1,0.1749,0.5327,0.918,0.0000,-0.3499
50.770,1,0.1707,0.5333,0.917,0.0000,-0.3414
50.833,1,0.1728,0.5335,0.917,0.0000,-0.3457
50.949,1,0.1765,0.5333,0.920,0.0000,-0.3529
51.014,1,0.1793,0.5335,0.925,0.0000,-0.3586
51.063,1,0.1814,0.5337,0.923,0.0000,-0.3628
51.152,1,0.1824,0.5337,0.922,0.0000,-0.3649
51.215,1,0.1831,0.5337,0.922,0.0000,-0.3662
51.266,1,0.1834,0.5335,0.922,0.0000,-0.3668
51.365,1,0.1830,0.5331,0.923,0.0000,-0.3660
51.423,1,0.1822,0.5324,0.924,0.0000,-0.3643
51.472,1,0.1814,0.5312,0.927,0.0000,-0.3627
51.523,1,0.1805,0.5301,0.925,0.0000,-0.3609
51.611,1,0.1793,0.5293,0.925,0.0000,-0.3587
51.681,1,0.1780,0.5285,0.923,0.0000,-0.3560
51.737,1,0.1763,0.5282,0.924,0.0000,-0.3527
51.800,1,0.1750,0.5284,0.922,0.0000,-0.3501
51.877,1,0.1738,0.5286,0.919,0.0000,-0.3476
51.925,1,0.1726,0.5295,0.919,0.0000,-0.3452
52.021,1,0.1719,0.5304,0.916,0.0000,-0.3438
52.109,1,0.1709,0.5309,0.916,0.0000,-0.3419
52.167,1,0.1706,0.5313,0.915,0.0000,-0.3411
52.215,1,0.1701,0.5313,0.913,0.0000,-0.3401
52.267,1,0.1701,0.5321,0.912,0.0000,-0.3402
52.346,1,0.1704,0.5322,0.911,0.0000,-0.3408
52.396,1,0.1714,0.5321,0.905,0.0000,-0.3428
52.532,1,0.1718,0.5304,0.906,0.0000,-0.3437
52.590,1,0.1733,0.5290,0.911,0.0000,-0.3466
52.636,1,0.1743,0.5267,0.925,0.0000,-0.3486
52.685,1,0.1701,0.5247,0.927,0.0000,-0.3402
52.794,1,0.1634,0.5244,0.921,0.0000,-0.3268
52.853,1,0.1530,0.5244,0.922,0.0000,-0.3061
52.907,1,0.1403,0.5244,0.926,0.0000,-0.2805
52.956,1,0.1287,0.5243,0.931,0.0000,-0.2574
53.053,1,0.1196,0.5244,0.936,0.0000,-0.1990
53.125,1,0.1138,0.5245,0.938,0.0000,-0.1561
53.173,1,0.1102,0.5243,0.937,0.0000,-0.1269
53.222,1,0.1078,0.5241,0.936,0.0000,-0.0976
53.318,1,0.1060,0.5235,0.935,0.0000,-0.0401
53.369,1,0.1044,0.5224,0.935,0.0000,-0.0093
53.420,1,0.1029,0.5216,0.934,0.0000,0.0000
53.526,1,0.1018,0.5207,0.933,0.0000,0.0000
53.581,1,0.1006,0.5197,0.931,0.0332,0.0000
53.625,1,0.1000,0.5191,0.930,0.0597,0.0000
53.714,1,0.1000,0.5186,0.932,0.1129,0.0000
53.773,1,0.1000,0.5184,0.932,0.1484,0.0000
53.820,1,0.0995,0.5182,0.932,0.1765,0.0000
53.915,1,0.0963,0.5177,0.931,0.1811,0.0000
53.975,1,0.0927,0.5175,0.930,0.1816,0.0000
54.030,1,0.0905,0.5178,0.930,0.1809,0.0000
54.120,1,0.0895,0.5179,0.931,0.1807,0.0000
54.185,1,0.0918,0.5177,0.931,0.1811,0.0000
54.233,1,0.0948,0.5173,0.933,0.1820,0.0000
54.288,1,0.0967,0.5167,0.932,0.1834,0.0000
54.374,1,0.0972,0.5159,0.932,0.1850,0.0000
54.425,1,0.0953,0.5155,0.932,0.1859,0.0000
54.482,1,0.0920,0.5153,0.930,0.1864,0.0000
54.590,1,0.0862,0.5149,0.931,0.1872,0.0000
54.672,1,0.0809,0.5143,0.930,0.1886,0.0000
54.724,1,0.0756,0.5130,0.932,0.1914,0.0000
54.820,1,0.0712,0.5110,0.926,0.1958,0.0000
54.883,1,0.0681,0.5095,0.926,0.1992,0.0000
54.934,1,0.0674,0.5087,0.925,0.2009,0.0000
54.984,1,0.0684,0.5086,0.926,0.2012,0.0000
55.091,1,0.0691,0.5086,0.926,0.2012,0.0000
55.168,1,0.0692,0.5086,0.926,0.2011,0.0000
55.216,1,0.0693,0.5086,0.925,0.2012,0.0000
55.265,1,0.0693,0.5086,0.926,0.2011,0.0000
55.326,1,0.0700,0.5089,0.926,0.2004,0.0000
55.416,1,0.0710,0.5095,0.926,0.1990,0.0000
55.474,1,0.0720,0.5107,0.925,0.1965,0.0000
55.524,1,0.0738,0.5121,0.925,0.1935,0.0000
55.592,1,0.0767,0.5130,0.923,0.1913,0.0000
55.661,1,0.0793,0.5142,0.925,0.1888,0.0000
55.735,1,0.0810,0.5155,0.926,0.1859,0.0000
55.796,1,0.0824,0.5168,0.926,0.1830,0.0000
55.895,1,0.0829,0.5177,0.927,0.1810,0.0000
55.943,1,0.0812,0.5196,0.928,0.1770,0.0000
55.992,1,0.0800,0.5213,0.931,0.1476,0.0000
56.068,1,0.0818,0.5232,0.931,0.1022,0.0000
56.125,1,0.0829,0.5245,0.932,0.0681,0.0000
56.214,1,0.0916,0.5249,0.922,0.0143,0.0000
56.284,1,0.1006,0.5240,0.908,0.0000,0.0000
56.332,1,0.0992,0.5227,0.909,0.0000,0.0000
56.384,1,0.1004,0.5216,0.917,0.0000,0.0000
56.476,1,0.1016,0.5207,0.916,0.0000,0.0000
56.528,1,0.1028,0.5197,0.917,0.0312,0.0000
56.580,1,0.1068,0.5193,0.913,0.0620,0.0000
56.620,1,0.1095,0.5191,0.911,0.0861,0.0000
56.699,1,0.1102,0.5193,0.913,0.1338,0.0000
56.769,1,0.1124,0.5183,0.914,0.1757,0.0000
56.821,1,0.1117,0.5182,0.913,0.1801,0.0000
56.891,1,0.1124,0.5178,0.918,0.1808,0.0000
56.970,1,0.1158,0.5168,0.927,0.1831,0.0000
57.036,1,0.1169,0.5163,0.929,0.1841,0.0000
57.093,1,0.1170,0.5161,0.926,0.1846,0.0000
57.163,1,0.1033,0.5160,0.904,0.1849,0.0000
57.221,1,0.0725,0.5160,0.907,0.1848,0.0000
57.285,1,0.0446,0.5155,0.904,0.1859,0.0000
57.401,1,0.0284,0.5146,0.906,0.1879,0.0000
57.476,1,0.0226,0.5139,0.909,0.1894,0.0000
57.528,1,0.0289,0.5121,0.903,0.1935,0.0000
57.584,1,0.0577,0.5113,0.935,0.1952,0.0000
57.673,1,0.0804,0.5114,0.929,0.1948,0.0000
57.731,1,0.1005,0.5115,0.922,0.1946,0.0000
57.791,1,0.1131,0.5122,0.926,0.1932,0.0000
57.842,1,0.1184,0.5126,0.925,0.1923,0.0000
57.953,1,0.1182,0.5122,0.921,0.1932,0.0000
58.019,1,0.1171,0.5114,0.920,0.1950,0.0000
58.068,1,0.1173,0.5104,0.924,0.1971,0.0000
58.116,1,0.1176,0.5083,0.928,0.2017,0.0000
58.209,1,0.1145,0.5044,0.925,0.2103,0.0000
58.279,1,0.1110,0.5025,0.925,0.2144,0.0000
58.332,1,0.1080,0.5029,0.932,0.2136,0.0000
58.379,1,0.1054,0.5042,0.932,0.2109,0.0000
58.471,1,0.1031,0.5041,0.929,0.2109,0.0000
58.522,1,0.1009,0.5030,0.929,0.2134,0.0000
58.583,1,0.0988,0.5001,0.929,0.2197,0.0000
58.675,1,0.1001,0.5004,0.934,0.2191,0.0000
58.752,1,0.0974,0.5029,0.927,0.2136,0.0000
58.797,1,0.0976,0.5097,0.929,0.1987,0.0000
58.848,1,0.0994,0.5163,0.928,0.1841,0.0000
58.917,1,0.1014,0.5201,0.926,0.1425,0.0000
59.005,1,0.1037,0.5221,0.923,0.0897,0.0000
59.082,1,0.1065,0.5231,0.918,0.0440,0.0000
59.130,1,0.1052,0.5252,0.920,0.0152,0.0000
59.179,1,0.1036,0.5258,0.917,0.0000,0.0000
59.284,1,0.0996,0.5255,0.911,0.0000,0.0000
59.345,1,0.0922,0.5254,0.915,0.0000,0.0000
59.398,1,0.0874,0.5251,0.918,0.0000,0.0000
59.445,1,0.0860,0.5242,0.920,0.0000,0.0000
59.534,1,0.0864,0.5241,0.920,0.0000,0.0000
59.588,1,0.0863,0.5251,0.922,0.0000,0.0000
59.649,1,0.0859,0.5282,0.921,0.0000,0.0000
59.761,1,0.0869,0.5302,0.922,0.0000,0.0000
59.819,1,0.0881,0.5312,0.916,0.0000,0.0000
59.883,1,0.0914,0.5298,0.913,0.0000,0.0000
59.937,1,0.0960,0.5288,0.912,0.0000,0.0000
60.055,1,0.0974,0.5272,0.912,0.0000,0.0000
60.115,1,0.1009,0.5251,0.917,0.0000,0.0000
60.197,1,0.1083,0.5249,0.917,0.0000,0.0000
60.265,1,0.1169,0.5258,0.911,0.0000,0.0000
60.312,1,0.1246,0.5253,0.915,0.0000,-0.0283
60.404,1,0.1303,0.5244,0.911,0.0000,-0.0833
60.464,1,0.1357,0.5243,0.914,0.0000,-0.1195
60.514,1,0.1412,0.5247,0.922,0.0000,-0.1492
60.577,1,0.1462,0.5252,0.926,0.0000,-0.1873
60.655,1,0.1499,0.5259,0.928,0.0000,-0.2339
60.719,1,0.1524,0.5268,0.928,0.0000,-0.2725
60.777,1,0.1536,0.5272,0.925,0.0000,-0.3071
60.867,1,0.1532,0.5267,0.926,0.0000,-0.3063
60.918,1,0.1517,0.5277,0.926,0.0000,-0.3034
60.968,1,0.1482,0.5281,0.923,0.0000,-0.2964
61.091,1,0.1435,0.5275,0.919,0.0000,-0.2869
61.148,1,0.1371,0.5249,0.917,0.0000,-0.2741
61.204,1,0.1280,0.5231,0.911,0.0000,-0.2561
61.313,1,0.1215,0.5216,0.912,0.0000,-0.2430
61.379,1,0.1174,0.5205,0.913,0.0000,-0.2038
61.422,1,0.1134,0.5191,0.910,0.0261,-0.1776
61.472,1,0.1092,0.5174,0.908,0.0557,-0.1481
61.563,1,0.1058,0.5154,0.907,0.1107,-0.0931
61.628,1,0.1039,0.5140,0.907,0.1493,-0.0545
61.684,1,0.1039,0.5133,0.904,0.1828,-0.0209
61.734,1,0.1047,0.5131,0.903,0.1911,0.0000
61.850,1,0.1058,0.5129,0.903,0.1917,0.0000
61.913,1,0.1066,0.5127,0.903,0.1920,0.0000
61.962,1,0.1069,0.5120,0.903,0.1937,0.0000
62.014,1,0.1069,0.5114,0.903,0.1948,0.0000
62.067,1,0.1068,0.5113,0.904,0.1951,0.0000
62.176,1,0.1065,0.5113,0.905,0.1951,0.0000
62.237,1,0.1064,0.5113,0.905,0.1952,0.0000
62.291,1,0.1060,0.5113,0.904,0.1951,0.0000
62.346,1,0.1055,0.5115,0.904,0.1948,0.0000
62.421,1,0.1050,0.5121,0.904,0.1934,0.0000
62.484,1,0.1049,0.5119,0.904,0.1939,0.0000
62.536,1,0.1047,0.5116,0.904,0.1945,0.0000
62.651,1,0.1045,0.5108,0.907,0.1961,0.0000
62.718,1,0.1045,0.5107,0.908,0.1964,0.0000
62.783,1,0.1043,0.5110,0.911,0.1959,0.0000
62.834,1,0.1028,0.5109,0.912,0.1960,0.0000
62.934,1,0.0984,0.5120,0.913,0.1936,0.0000
62.999,1,0.0933,0.5135,0.916,0.1904,0.0000
63.046,1,0.0883,0.5139,0.920,0.1894,0.0000
63.099,1,0.0847,0.5153,0.918,0.1864,0.0000
63.202,1,0.0817,0.5144,0.914,0.1884,0.0000
63.267,1,0.0791,0.5123,0.910,0.1928,0.0000
63.314,1,0.0761,0.5095,0.912,0.1991,0.0000
63.365,1,0.0713,0.5057,0.921,0.2074,0.0000
63.414,1,0.0666,0.5042,0.917,0.2108,0.0000
63.467,1,0.0606,0.5028,0.919,0.2138,0.0000
63.565,1,0.0546,0.4996,0.919,0.2209,0.0000
63.613,1,0.0491,0.4935,0.909,0.2343,0.0000
63.672,1,0.0435,0.4842,0.914,0.2547,0.0000
63.754,1,0.0393,0.4762,0.915,0.2724,0.0000
63.821,1,0.0367,0.4698,0.914,0.2865,0.0000
63.867,1,0.0354,0.4662,0.919,0.2943,0.0000
63.956,1,0.0352,0.4645,0.922,0.2981,0.0000
64.030,1,0.0359,0.4659,0.924,0.2949,0.0000
64.083,1,0.0381,0.4717,0.927,0.2822,0.0000
64.133,1,0.0415,0.4845,0.917,0.2542,0.0000
64.224,1,0.0459,0.4954,0.914,0.2301,0.0000
64.294,1,0.0507,0.5064,0.916,0.2060,0.0000
64.343,1,0.0544,0.5166,0.918,0.1834,0.0000
64.400,1,0.0569,0.5275,0.920,0.1489,0.0000
64.503,1,0.0584,0.5372,0.925,0.0873,0.0000
64.571,1,0.0587,0.5435,0.922,0.0467,0.0000
64.618,1,0.0587,0.5480,0.924,0.0180,0.0000
64.665,1,0.0616,0.5515,0.927,0.0000,0.0000
64.764,1,0.0674,0.5542,0.931,0.0000,0.0000
64.830,1,0.0755,0.5557,0.926,0.0000,0.0000
64.882,1,0.0845,0.5571,0.921,0.0000,0.0000
64.930,1,0.0926,0.5581,0.907,0.0000,0.0000
65.039,1,0.1013,0.5587,0.906,0.0000,0.0000
65.093,1,0.1072,0.5584,0.907,0.0000,0.0000
65.138,1,0.1105,0.5588,0.911,0.0000,0.0000
65.202,1,0.1137,0.5599,0.912,0.0000,0.0000
65.283,1,0.1176,0.5608,0.912,0.0000,0.0000
65.338,1,0.1213,0.5633,0.913,0.0000,-0.0328
65.428,1,0.1248,0.5658,0.912,0.0000,-0.0871
65.477,1,0.1284,0.5677,0.914,0.0000,-0.1162
65.531,1,0.1333,0.5700,0.911,0.0000,-0.1489
65.643,1,0.1365,0.5719,0.913,0.0000,-0.2160
65.692,1,0.1385,0.5742,0.916,0.0000,-0.2454
65.746,1,0.1397,0.5761,0.922,0.0000,-0.2778
65.796,1,0.1400,0.5773,0.920,0.0000,-0.2799
65.901,1,0.1391,0.5778,0.918,0.0000,-0.2782
65.953,1,0.1379,0.5778,0.919,0.0000,-0.2758
66.002,1,0.1360,0.5773,0.917,0.0000,-0.2721
66.069,1,0.1324,0.5769,0.913,0.0000,-0.2647
66.152,1,0.1286,0.5764,0.914,0.0000,-0.2571
66.202,1,0.1255,0.5761,0.918,0.0000,-0.2510
66.288,1,0.1219,0.5756,0.922,0.0000,-0.2439
66.347,1,0.1193,0.5745,0.923,0.0000,-0.2085
66.395,1,0.1156,0.5731,0.921,0.0000,-0.1797
66.494,1,0.1122,0.5706,0.921,0.0000,-0.1207
66.547,1,0.1061,0.5678,0.923,0.0000,-0.0890
66.599,1,0.0993,0.5655,0.924,0.0000,-0.0576
66.681,1,0.0916,0.5629,0.926,0.0000,-0.0084
66.730,1,0.0862,0.5607,0.925,0.0000,0.0000
66.833,1,0.0815,0.5578,0.921,0.0000,0.0000
66.896,1,0.0785,0.5547,0.920,0.0000,0.0000
66.947,1,0.0780,0.5498,0.919,0.0000,0.0000
66.992,1,0.0782,0.5457,0.915,0.0000,0.0000
67.086,1,0.0793,0.5419,0.915,0.0000,0.0000
67.177,1,0.0815,0.5396,0.917,0.0000,0.0000
67.227,1,0.0841,0.5390,0.918,0.0000,0.0000
67.333,1,0.0859,0.5394,0.921,0.0000,0.0000
67.407,1,0.0872,0.5394,0.921,0.0000,0.0000
67.463,1,0.0893,0.5392,0.921,0.0000,0.0000
67.555,1,0.0909,0.5372,0.921,0.0000,0.0000
67.604,1,0.0925,0.5337,0.920,0.0000,0.0000
67.651,1,0.0921,0.5297,0.918,0.0000,0.0000
67.769,1,0.0911,0.5260,0.919,0.0000,0.0000
67.845,1,0.0885,0.5224,0.920,0.0000,0.0000
67.895,1,0.0873,0.5193,0.917,0.0299,0.0000
67.996,1,0.0840,0.5165,0.915,0.0910,0.0000
68.050,1,0.0817,0.5148,0.913,0.1234,0.0000
68.098,1,0.0849,0.5135,0.909,0.1521,0.0000
68.151,1,0.0859,0.5125,0.907,0.1836,0.0000
68.274,1,0.0832,0.5119,0.904,0.1938,0.0000
68.331,1,0.0815,0.5117,0.905,0.1943,0.0000
68.383,1,0.0791,0.5113,0.907,0.1950,0.0000
68.485,1,0.0761,0.5107,0.907,0.1964,0.0000
68.533,1,0.0726,0.5100,0.907,0.1979,0.0000
68.597,1,0.0678,0.5078,0.910,0.2029,0.0000
68.648,1,0.0643,0.5056,0.909,0.2077,0.0000
68.768,1,0.0624,0.5038,0.909,0.2116,0.0000
68.840,1,0.0612,0.5032,0.908,0.2129,0.0000
68.884,1,0.0613,0.5028,0.906,0.2138,0.0000
68.982,1,0.0607,0.5029,0.905,0.2137,0.0000
69.038,1,0.0629,0.5030,0.900,0.2134,0.0000
69.091,1,0.0615,0.5030,0.902,0.2133,0.0000
69.164,1,0.0612,0.5033,0.899,0.2128,0.0000
69.249,1,0.0606,0.5033,0.897,0.2127,0.0000
69.301,1,0.0628,0.5029,0.893,0.2135,0.0000
69.352,1,0.0629,0.5025,0.891,0.2144,0.0000
69.456,1,0.0643,0.5028,0.889,0.2138,0.0000
69.520,1,0.0625,0.5029,0.891,0.2136,0.0000
69.567,1,0.0619,0.5030,0.889,0.2134,0.0000
69.615,1,0.0613,0.5033,0.889,0.2127,0.0000
69.716,1,0.0597,0.5035,0.891,0.2123,0.0000
69.781,1,0.0586,0.5036,0.891,0.2121,0.0000
69.832,1,0.0581,0.5037,0.890,0.2118,0.0000
69.883,1,0.0581,0.5037,0.890,0.2119,0.0000
69.992,1,0.0562,0.5037,0.893,0.2118,0.0000
70.053,1,0.0552,0.5041,0.893,0.2111,0.0000
70.098,1,0.0553,0.5040,0.890,0.2112,0.0000
70.150,1,0.0536,0.5041,0.893,0.2109,0.0000
70.197,1,0.0533,0.5042,0.891,0.2108,0.0000
70.248,1,0.0519,0.5046,0.894,0.2098,0.0000
70.347,1,0.0511,0.5053,0.894,0.2083,0.0000
70.401,1,0.0508,0.5056,0.893,0.2078,0.0000
70.464,1,0.0508,0.5055,0.891,0.2080,0.0000
70.516,1,0.0505,0.5054,0.891,0.2080,0.0000
70.624,1,0.0503,0.5056,0.891,0.2077,0.0000
70.681,1,0.0496,0.5060,0.892,0.2069,0.0000
70.729,1,0.0491,0.5061,0.893,0.2065,0.0000
70.782,1,0.0505,0.5062,0.888,0.2063,0.0000
70.888,1,0.0527,0.5066,0.886,0.2056,0.0000
70.952,1,0.0514,0.5072,0.890,0.2042,0.0000
71.000,1,0.0507,0.5078,0.890,0.2028,0.0000
71.049,1,0.0503,0.5080,0.890,0.2024,0.0000
71.161,1,0.0496,0.5082,0.891,0.2021,0.0000
71.226,1,0.0491,0.5085,0.891,0.2013,0.0000
71.278,1,0.0481,0.5085,0.895,0.2013,0.0000
71.323,1,0.0473,0.5088,0.895,0.2006,0.0000
71.372,1,0.0468,0.5092,0.895,0.1998,0.0000
71.501,1,0.0464,0.5095,0.896,0.1992,0.0000
71.554,1,0.0461,0.5095,0.896,0.1990,0.0000
71.631,1,0.0468,0.5098,0.893,0.1985,0.0000
71.698,1,0.0463,0.5099,0.896,0.1982,0.0000
71.751,1,0.0457,0.5102,0.898,0.1975,0.0000
71.837,1,0.0460,0.5104,0.895,0.1971,0.0000
71.887,1,0.0454,0.5102,0.898,0.1976,0.0000
71.956,1,0.0473,0.5094,0.889,0.1993,0.0000
72.029,1,0.0463,0.5093,0.896,0.1995,0.0000
72.094,1,0.0459,0.5092,0.900,0.1997,0.0000
72.145,1,0.0455,0.5098,0.903,0.1985,0.0000
72.251,1,0.0552,0.5101,0.898,0.1977,0.0000
72.317,1,0.0702,0.5098,0.911,0.1985,0.0000
72.366,1,0.0780,0.5095,0.908,0.1992,0.0000
72.413,1,0.0706,0.5100,0.900,0.1979,0.0000
72.515,1,0.0748,0.5079,0.896,0.2026,0.0000
72.569,1,0.0779,0.5061,0.893,0.2065,0.0000
72.613,1,0.0758,0.5067,0.894,0.2053,0.0000
72.705,1,0.0594,0.5062,0.907,0.2064,0.0000
72.757,1,0.0495,0.5028,0.906,0.2138,0.0000
72.832,1,0.0453,0.5011,0.904,0.2175,0.0000
72.880,1,0.0467,0.4994,0.907,0.2213,0.0000
72.989,1,0.0508,0.4974,0.911,0.2257,0.0000
73.071,1,0.0554,0.4963,0.912,0.2282,0.0000
73.126,1,0.0594,0.4959,0.915,0.2290,0.0000
73.178,1,0.0640,0.4965,0.919,0.2276,0.0000
73.316,1,0.0684,0.4983,0.920,0.2236,0.0000
73.377,1,0.0721,0.5016,0.920,0.2166,0.0000
73.420,1,0.0747,0.5067,0.922,0.2052,0.0000
73.499,1,0.0764,0.5114,0.920,0.1948,0.0000
73.546,1,0.0773,0.5154,0.921,0.1860,0.0000
73.637,1,0.0774,0.5194,0.923,0.1773,0.0000
73.699,1,0.0771,0.5233,0.921,0.1405,0.0000
73.749,1,0.0764,0.5260,0.920,0.1103,0.0000
73.831,1,0.0756,0.5284,0.919,0.0611,0.0000
73.883,1,0.0757,0.5303,0.918,0.0296,0.0000
73.957,1,0.0763,0.5322,0.923,0.0000,0.0000
74.013,1,0.0768,0.5332,0.920,0.0000,0.0000
74.128,1,0.0783,0.5350,0.920,0.0000,0.0000
74.184,1,0.0809,0.5364,0.924,0.0000,0.0000
74.248,1,0.0861,0.5383,0.926,0.0000,0.0000
74.357,1,0.0918,0.5402,0.929,0.0000,0.0000
74.417,1,0.0981,0.5427,0.928,0.0000,0.0000
74.467,1,0.1034,0.5444,0.925,0.0000,0.0000
74.584,1,0.1072,0.5461,0.925,0.0000,0.0000
74.681,1,0.1121,0.5481,0.925,0.0000,0.0000
74.731,1,0.1213,0.5482,0.927,0.0000,-0.0300
74.781,1,0.1298,0.5510,0.925,0.0000,-0.0598
74.855,1,0.1340,0.5541,0.926,0.0000,-0.1044
74.912,1,0.1384,0.5566,0.931,0.0000,-0.1385
75.004,1,0.1370,0.5584,0.928,0.0000,-0.1936
75.074,1,0.1365,0.5614,0.922,0.0000,-0.2353
75.122,1,0.1353,0.5646,0.925,0.0000,-0.2641
75.174,1,0.1300,0.5683,0.921,0.0000,-0.2600
75.256,1,0.1131,0.5718,0.931,0.0000,-0.2110
75.313,1,0.0977,0.5750,0.933,0.0000,-0.1765
75.398,1,0.0837,0.5777,0.929,0.0000,-0.1256
75.450,1,0.0772,0.5806,0.927,0.0000,-0.0943
75.502,1,0.0850,0.5821,0.926,0.0000,-0.0634
75.603,1,0.1015,0.5820,0.924,0.0000,-0.0027
75.654,1,0.1167,0.5824,0.923,0.0000,0.0000
75.705,1,0.1319,0.5834,0.922,0.0000,-0.0305
75.801,1,0.1455,0.5851,0.924,0.0000,-0.0879
75.903,1,0.1604,0.5863,0.924,0.0000,-0.1490
75.975,1,0.1750,0.5865,0.920,0.0000,-0.1926
76.016,1,0.1914,0.5856,0.911,0.0000,-0.2170
76.062,1,0.2054,0.5856,0.914,0.0000,-0.2444
76.185,1,0.2157,0.5864,0.916,0.0000,-0.3183
76.257,1,0.2230,0.5876,0.916,0.0000,-0.3616
76.315,1,0.2242,0.5915,0.914,0.0000,-0.3960
76.368,1,0.2238,0.5949,0.913,0.0000,-0.4282
76.471,1,0.2239,0.5980,0.919,0.0000,-0.4478
76.539,1,0.2240,0.6011,0.930,0.0000,-0.4480
76.602,1,0.2226,0.6026,0.931,0.0000,-0.4452
76.650,1,0.2190,0.6027,0.928,0.0000,-0.4380
76.699,1,0.2109,0.6019,0.933,0.0000,-0.4217
76.809,1,0.2007,0.6006,0.933,0.0000,-0.4013
76.874,1,0.1895,0.6002,0.931,0.0000,-0.3790
76.920,1,0.1788,0.6009,0.926,0.0000,-0.3575
76.965,1,0.1678,0.6035,0.922,0.0000,-0.3356
77.061,1,0.1615,0.6073,0.922,0.0000,-0.3229
77.124,1,0.1602,0.6131,0.925,0.0000,-0.3203
77.169,1,0.1631,0.6198,0.929,0.0000,-0.3262
77.265,1,0.1685,0.6258,0.927,0.0000,-0.3369
77.319,1,0.1721,0.6306,0.931,0.0000,-0.3442
77.368,1,0.1746,0.6339,0.933,0.0000,-0.3493
77.467,1,0.1764,0.6343,0.930,0.0000,-0.3528
77.549,1,0.1773,0.6327,0.929,0.0000,-0.3547
77.603,1,0.1725,0.6309,0.922,0.0000,-0.3450
77.648,1,0.1630,0.6296,0.917,0.0000,-0.3261
77.700,1,0.1453,0.6286,0.912,0.0000,-0.2950
77.774,1,0.1288,0.6274,0.909,0.0000,-0.2576
77.860,1,0.1054,0.6271,0.911,0.0000,-0.2058
77.912,1,0.0848,0.6289,0.917,0.0000,-0.1746
77.964,1,0.0707,0.6315,0.915,0.0000,-0.1434
78.087,1,0.0638,0.6333,0.918,0.0000,-0.0695
78.155,1,0.0723,0.6367,0.917,0.0000,-0.0290
78.205,1,0.0922,0.6409,0.918,0.0000,0.0000
78.280,1,0.1127,0.6431,0.919,0.0000,0.0000
78.344,1,0.1268,0.6455,0.922,0.0000,-0.0386
78.398,1,0.1366,0.6499,0.920,0.0000,-0.0712
78.515,1,0.1450,0.6537,0.923,0.0000,-0.1411
78.588,1,0.1551,0.6557,0.920,0.0000,-0.1850
78.637,1,0.1649,0.6569,0.923,0.0000,-0.2146
78.721,1,0.1673,0.6587,0.925,0.0000,-0.2646
78.775,1,0.1645,0.6598,0.921,0.0000,-0.2975
78.849,1,0.1530,0.6600,0.923,0.0000,-0.3060
78.899,1,0.1399,0.6614,0.927,0.0000,-0.2798
78.994,1,0.1285,0.6620,0.924,0.0000,-0.2571
79.049,1,0.1204,0.6611,0.917,0.0000,-0.2409
79.105,1,0.1093,0.6601,0.915,0.0000,-0.2074
79.185,1,0.0935,0.6588,0.914,0.0000,-0.1597
79.250,1,0.0794,0.6577,0.917,0.0000,-0.1203
79.298,1,0.0689,0.6566,0.915,0.0000,-0.0918
79.386,1,0.0634,0.6562,0.914,0.0000,-0.0391
79.436,1,0.0623,0.6563,0.915,0.0000,-0.0087
79.524,1,0.0658,0.6570,0.914,0.0000,0.0000
79.578,1,0.0692,0.6568,0.913,0.0000,0.0000
79.632,1,0.0720,0.6567,0.914,0.0000,0.0000
79.739,1,0.0754,0.6573,0.916,0.0000,0.0000
79.795,1,0.0765,0.6580,0.915,0.0000,0.0000
79.843,1,0.0751,0.6588,0.914,0.0000,0.0000
79.896,1,0.0725,0.6596,0.914,0.0000,0.0000
79.974,1,0.0698,0.6602,0.915,0.0000,0.0000
80.061,1,0.0672,0.6612,0.914,0.0000,0.0000
80.104,1,0.0651,0.6623,0.913,0.0000,0.0000
80.171,1,0.0644,0.6626,0.913,0.0000,0.0000
80.288,1,0.0636,0.6642,0.913,0.0000,0.0000
80.352,1,0.0611,0.6664,0.909,0.0000,0.0000
80.406,1,0.0557,0.6684,0.908,0.0000,0.0000
80.456,1,0.0508,0.6695,0.908,0.0000,0.0000
80.564,1,0.0479,0.6702,0.912,0.0000,0.0000
80.622,1,0.0482,0.6715,0.913,0.0000,0.0000
80.679,1,0.0473,0.6721,0.912,0.0000,0.0000
80.729,1,0.0478,0.6709,0.907,0.0000,0.0000
80.829,1,0.0517,0.6692,0.914,0.0000,0.0000
80.889,1,0.0576,0.6681,0.904,0.0000,0.0000
80.940,1,0.0627,0.6677,0.901,0.0000,0.0000
80.997,1,0.0663,0.6697,0.897,0.0000,0.0000
81.066,1,0.0598,0.6748,0.892,0.0000,0.0000
81.147,1,0.0529,0.6825,0.901,-0.0491,0.0000
81.204,1,0.0431,0.6924,0.912,-0.0832,0.0000
81.255,1,0.0356,0.7029,0.910,-0.1137,0.0000
81.360,1,0.0272,0.7120,0.911,-0.1769,0.0000
81.435,1,0.0201,0.7201,0.908,-0.2218,0.0000
81.492,1,0.0123,0.7272,0.902,-0.2560,0.0000
81.546,1,0.0048,0.7330,0.901,-0.2884,0.0000
81.591,1,-0.0013,0.7387,0.901,-0.3051,0.0000
81.683,1,-0.0053,0.7437,0.902,-0.3162,0.0000
81.749,1,-0.0063,0.7483,0.899,-0.3262,0.0000
81.799,1,-0.0021,0.7524,0.902,-0.3353,0.0000
81.887,1,0.0029,0.7551,0.908,-0.3411,0.0000
81.933,1,0.0063,0.7583,0.910,-0.3483,0.0000
81.988,1,0.0135,0.7619,0.902,-0.3563,0.0000
82.103,1,0.0224,0.7659,0.909,-0.3650,0.0000
82.181,1,0.0300,0.7695,0.914,-0.3728,0.0000
82.231,1,0.0349,0.7728,0.921,-0.3802,0.0000
82.299,1,0.0374,0.7760,0.922,-0.3872,0.0000
82.361,1,0.0372,0.7815,0.929,-0.3993,0.0000
82.453,1,0.0377,0.7872,0.932,-0.4119,0.0000
82.529,1,0.0420,0.7909,0.930,-0.4200,0.0000
82.582,1,0.0449,0.7947,0.928,-0.4284,0.0000
82.653,1,0.0471,0.7978,0.925,-0.4351,0.0000
82.708,1,0.0490,0.8003,0.922,-0.4406,0.0000
82.776,1,0.0498,0.8027,0.919,-0.4460,0.0000
82.837,1,0.0475,0.8077,0.912,-0.4569,0.0000
82.895,1,0.0405,0.8095,0.912,-0.4610,0.0000
82.962,1,0.0303,0.8074,0.900,-0.4562,0.0000
83.030,1,0.0170,0.8073,0.915,-0.4560,0.0000
83.096,1,0.0064,0.8074,0.914,-0.4562,0.0000
83.159,1,-0.0006,0.8079,0.911,-0.4574,0.0000
83.209,1,-0.0051,0.8083,0.913,-0.4584,0.0000
83.329,1,-0.0087,0.8080,0.913,-0.4577,0.0000
83.386,1,-0.0149,0.8079,0.920,-0.4573,0.0000
83.445,1,-0.0220,0.8075,0.924,-0.4565,0.0000
83.655,1,-0.0276,0.8074,0.926,-0.4563,0.0000
83.709,1,-0.0341,0.8069,0.928,-0.4551,0.0000
83.768,1,-0.0494,0.8042,0.928,-0.4493,0.0000
83.855,1,-0.0615,0.8023,0.928,-0.4450,0.0000
83.926,1,-0.0717,0.8006,0.929,-0.4413,0.0000
83.980,1,-0.0815,0.7987,0.925,-0.4372,0.0000
84.028,1,-0.0888,0.7972,0.926,-0.4338,0.0000
84.095,1,-0.0953,0.7966,0.925,-0.4324,0.0000
84.167,1,-0.1007,0.7963,0.924,-0.4319,0.0000
84.217,1,-0.1055,0.7961,0.926,-0.4315,0.0000
84.315,1,-0.1088,0.7963,0.926,-0.4318,0.0000
84.366,1,-0.1106,0.7964,0.929,-0.4320,0.0000
84.417,1,-0.1102,0.7958,0.929,-0.4308,0.0000
84.546,1,-0.1082,0.7949,0.928,-0.4288,0.0000
84.608,1,-0.1060,0.7941,0.927,-0.4269,0.0000
84.660,1,-0.1041,0.7933,0.928,-0.4252,0.0000
84.714,1,-0.1026,0.7928,0.928,-0.4241,0.0000
84.840,1,-0.1014,0.7925,0.928,-0.4235,0.0000
84.909,1,-0.1004,0.7924,0.927,-0.4233,0.0000
84.957,1,-0.0991,0.7926,0.928,-0.4238,0.0000
85.028,1,-0.0990,0.7930,0.927,-0.4246,0.0000
85.096,1,-0.1009,0.7938,0.927,-0.4263,0.0000
85.149,1,-0.1038,0.7943,0.928,-0.4275,0.0000
85.251,1,-0.1064,0.7948,0.927,-0.4286,0.0000
85.313,1,-0.1081,0.7952,0.927,-0.4294,0.0000
85.365,1,-0.1091,0.7955,0.926,-0.4300,0.0000
85.416,1,-0.1097,0.7956,0.927,-0.4303,0.0000
85.464,1,-0.1102,0.7956,0.925,-0.4302,0.0000
85.516,1,-0.1105,0.7954,0.927,-0.4299,0.0000
85.591,1,-0.1107,0.7952,0.928,-0.4295,0.0000
85.671,1,-0.1108,0.7951,0.928,-0.4293,0.0000
85.735,1,-0.1106,0.7951,0.928,-0.4291,0.0000
85.784,1,-0.1103,0.7950,0.928,-0.4291,0.0000
85.882,1,-0.1102,0.7951,0.928,-0.4292,0.0000
85.964,1,-0.1104,0.7952,0.928,-0.4295,0.0000
86.012,1,-0.1102,0.7955,0.928,-0.4301,0.0000
86.122,1,-0.1093,0.7957,0.926,-0.4305,0.0000
86.186,1,-0.1059,0.7952,0.922,-0.4294,0.0000
86.244,1,-0.0996,0.7953,0.924,-0.4296,0.0000
86.291,1,-0.0889,0.7959,0.927,-0.4309,0.0000
86.345,1,-0.0754,0.7966,0.929,-0.4325,0.0000
86.430,1,-0.0609,0.7970,0.918,-0.4335,0.0000
86.500,1,-0.0437,0.7965,0.912,-0.4323,0.0000
86.562,1,-0.0305,0.7955,0.896,-0.4301,0.0000
86.621,1,-0.0201,0.7935,0.885,-0.4257,0.0000
86.681,1,-0.0081,0.7916,0.881,-0.4216,0.0000
86.772,1,0.0035,0.7915,0.886,-0.4212,0.0000
86.834,1,0.0159,0.7899,0.894,-0.4177,0.0000
86.884,1,0.0256,0.7888,0.896,-0.4154,0.0000
86.982,1,0.0306,0.7877,0.902,-0.4129,0.0000
87.046,1,0.0347,0.7873,0.910,-0.4121,0.0000
87.093,1,0.0331,0.7867,0.910,-0.4107,0.0000
87.146,1,0.0342,0.7872,0.908,-0.4119,0.0000
87.236,1,0.0358,0.7871,0.909,-0.4117,0.0000
87.301,1,0.0381,0.7860,0.915,-0.4092,0.0000
87.349,1,0.0380,0.7857,0.918,-0.4086,0.0000
87.450,1,0.0369,0.7846,0.920,-0.4062,0.0000
87.515,1,0.0346,0.7826,0.920,-0.4017,0.0000
87.561,1,0.0338,0.7818,0.922,-0.3999,0.0000
87.610,1,0.0327,0.7793,0.928,-0.3945,0.0000
87.696,1,0.0321,0.7766,0.926,-0.3885,0.0000
87.753,1,0.0322,0.7744,0.926,-0.3837,0.0000
87.815,1,0.0275,0.7718,0.917,-0.3779,0.0000
87.917,1,0.0214,0.7682,0.911,-0.3701,0.0000
87.991,1,0.0145,0.7631,0.911,-0.3589,0.0000
88.041,1,0.0093,0.7592,0.916,-0.3503,0.0000
88.127,1,0.0047,0.7560,0.923,-0.3433,0.0000
88.183,1,0.0022,0.7536,0.926,-0.3380,0.0000
88.257,1,0.0009,0.7497,0.921,-0.3293,0.0000
88.312,1,-0.0013,0.7463,0.920,-0.3218,0.0000
88.397,1,-0.0048,0.7428,0.926,-0.3141,0.0000
88.452,1,-0.0083,0.7396,0.929,-0.3070,0.0000
88.540,1,-0.0128,0.7364,0.933,-0.3000,0.0000
88.601,1,-0.0157,0.7335,0.933,-0.2937,0.0000
88.653,1,-0.0173,0.7311,0.932,-0.2885,0.0000
88.721,1,-0.0186,0.7281,0.930,-0.2817,0.0000
88.771,1,-0.0205,0.7242,0.929,-0.2733,0.0000
88.880,1,-0.0224,0.7196,0.931,-0.2632,0.0000
88.946,1,-0.0236,0.7152,0.933,-0.2534,0.0000
88.996,1,-0.0235,0.7114,0.931,-0.2451,0.0000
89.043,1,-0.0206,0.7085,0.926,-0.2388,0.0000
89.116,1,-0.0113,0.7056,0.922,-0.2324,0.0000
89.198,1,-0.0006,0.7034,0.924,-0.2275,0.0000
89.244,1,0.0083,0.7011,0.918,-0.2224,0.0000
89.339,1,0.0153,0.6988,0.919,-0.2175,0.0000
89.400,1,0.0197,0.6969,0.919,-0.2133,0.0000
89.447,1,0.0218,0.6950,0.916,-0.2090,0.0000
89.512,1,0.0198,0.6933,0.917,-0.2053,0.0000
89.609,1,0.0150,0.6920,0.920,-0.2025,0.0000
89.666,1,0.0111,0.6912,0.920,-0.2006,0.0000
89.716,1,0.0094,0.6905,0.920,-0.1991,0.0000
89.769,1,0.0115,0.6890,0.920,-0.1959,0.0000
89.870,1,0.0181,0.6875,0.919,-0.1925,0.0000
89.929,1,0.0245,0.6865,0.920,-0.1904,0.0000
89.977,1,0.0307,0.6852,0.926,-0.1875,0.0000
90.069,1,0.0346,0.6830,0.928,-0.1826,0.0000
90.131,1,0.0368,0.6797,0.927,-0.1450,0.0000
90.180,1,0.0383,0.6761,0.926,-0.1159,0.0000
90.263,1,0.0403,0.6715,0.923,-0.0663,0.0000
90.311,1,0.0430,0.6670,0.920,-0.0372,0.0000
90.388,1,0.0460,0.6625,0.918,0.0000,0.0000
90.437,1,0.0496,0.6588,0.915,0.0000,0.0000
90.527,1,0.0528,0.6543,0.915,0.0000,0.0000
90.583,1,0.0538,0.6510,0.915,0.0000,0.0000
90.632,1,0.0531,0.6476,0.914,0.0000,0.0000
90.737,1,0.0556,0.6445,0.915,0.0000,0.0000
90.803,1,0.0593,0.6418,0.914,0.0000,0.0000
90.855,1,0.0616,0.6398,0.915,0.0000,0.0000
90.903,1,0.0645,0.6383,0.915,0.0000,0.0000
90.988,1,0.0670,0.6374,0.915,0.0000,0.0000
91.037,1,0.0681,0.6367,0.916,0.0000,0.0000
91.143,1,0.0707,0.6364,0.918,0.0000,0.0000
91.215,1,0.0731,0.6365,0.921,0.0000,0.0000
91.264,1,0.0753,0.6366,0.922,0.0000,0.0000
91.315,1,0.0769,0.6368,0.924,0.0000,0.0000
91.369,1,0.0777,0.6374,0.925,0.0000,0.0000
91.468,1,0.0773,0.6375,0.924,0.0000,0.0000
91.522,1,0.0768,0.6379,0.922,0.0000,0.0000
91.575,1,0.0753,0.6375,0.920,0.0000,0.0000
91.645,1,0.0730,0.6373,0.919,0.0000,0.0000
91.719,1,0.0700,0.6369,0.917,0.0000,0.0000
91.766,1,0.0666,0.6362,0.916,0.0000,0.0000
91.854,1,0.0643,0.6357,0.916,0.0000,0.0000
91.915,1,0.0699,0.6362,0.916,0.0000,0.0000
91.967,1,0.0778,0.6368,0.916,0.0000,0.0000
92.088,1,0.0878,0.6379,0.918,0.0000,0.0000
92.154,1,0.0957,0.6394,0.916,0.0000,0.0000
92.201,1,0.1033,0.6413,0.917,0.0000,0.0000
92.276,1,0.1073,0.6440,0.918,0.0000,0.0000
92.375,1,0.1048,0.6470,0.921,0.0000,0.0000
92.434,1,0.0969,0.6503,0.921,0.0000,0.0000
92.470,1,0.0855,0.6541,0.924,0.0000,0.0000
92.551,1,0.0745,0.6573,0.923,0.0000,0.0000
92.632,1,0.0676,0.6594,0.924,0.0000,0.0000
92.678,1,0.0633,0.6620,0.923,0.0000,0.0000
92.729,1,0.0624,0.6632,0.920,0.0000,0.0000
92.837,1,0.0651,0.6623,0.921,0.0000,0.0000
92.908,1,0.0712,0.6608,0.919,0.0000,0.0000
92.979,1,0.0766,0.6585,0.920,0.0000,0.0000
93.029,1,0.0813,0.6559,0.919,0.0000,0.0000
93.074,1,0.0858,0.6534,0.918,0.0000,0.0000
93.144,1,0.0897,0.6512,0.915,0.0000,0.0000
93.195,1,0.0878,0.6487,0.914,0.0000,0.0000
93.295,1,0.0715,0.6463,0.902,0.0000,0.0000
93.373,1,0.0347,0.6457,0.909,0.0000,0.0000
93.425,1,0.0283,0.6446,0.909,0.0000,0.0000
93.476,1,0.0227,0.6423,0.920,0.0000,0.0000
93.534,1,0.0337,0.6392,0.914,0.0000,0.0000
93.618,1,0.0410,0.6370,0.922,0.0000,0.0000
93.668,1,0.0414,0.6332,0.928,0.0000,0.0000
93.764,1,0.0412,0.6310,0.928,0.0000,0.0000
93.829,1,0.0432,0.6261,0.929,0.0000,0.0000
93.878,1,0.0456,0.6209,0.928,0.0000,0.0000
93.928,1,0.0490,0.6158,0.925,0.0000,0.0000
94.015,1,0.0523,0.6115,0.924,0.0000,0.0000
94.083,1,0.0546,0.6082,0.921,0.0000,0.0000
94.147,1,0.0563,0.6057,0.921,0.0000,0.0000
94.196,1,0.0573,0.6041,0.919,0.0000,0.0000
94.300,1,0.0565,0.6040,0.918,0.0000,0.0000
94.354,1,0.0555,0.6039,0.919,0.0000,0.0000
94.403,1,0.0552,0.6039,0.919,0.0000,0.0000
94.490,1,0.0546,0.6039,0.918,0.0000,0.0000
94.560,1,0.0545,0.6027,0.915,0.0000,0.0000
94.607,1,0.0544,0.6018,0.912,0.0000,0.0000
94.676,1,0.0543,0.6009,0.913,0.0000,0.0000
94.728,1,0.0540,0.6000,0.914,0.0000,0.0000
94.802,1,0.0535,0.6001,0.915,0.0000,0.0000
94.898,1,0.0520,0.6021,0.917,0.0000,0.0000
94.967,1,0.0502,0.6049,0.919,0.0000,0.0000
95.014,1,0.0488,0.6076,0.920,0.0000,0.0000
95.062,1,0.0465,0.6112,0.923,0.0000,0.0000
95.110,1,0.0444,0.6148,0.924,0.0000,0.0000
95.158,1,0.0406,0.6194,0.920,0.0000,0.0000
95.263,1,0.0362,0.6256,0.914,0.0000,0.0000
95.313,1,0.0320,0.6317,0.912,0.0000,0.0000
95.358,1,0.0272,0.6360,0.910,0.0000,0.0000
95.483,1,0.0225,0.6395,0.911,0.0000,0.0000
95.561,1,0.0191,0.6410,0.911,0.0000,0.0000
95.627,1,0.0176,0.6400,0.914,0.0000,0.0000
95.675,1,0.0162,0.6389,0.911,0.0000,0.0000
95.729,1,0.0152,0.6381,0.911,0.0000,0.0000
95.794,1,0.0142,0.6377,0.911,0.0000,0.0000
95.896,1,0.0133,0.6378,0.911,0.0000,0.0000
95.950,1,0.0127,0.6378,0.912,0.0000,0.0000
95.999,1,0.0123,0.6376,0.913,0.0000,0.0000
96.085,1,0.0123,0.6376,0.913,0.0000,0.0000
96.133,1,0.0125,0.6375,0.913,0.0000,0.0000
96.185,1,0.0130,0.6377,0.913,0.0000,0.0000
96.309,1,0.0135,0.6380,0.913,0.0000,0.0000
96.372,1,0.0138,0.6381,0.913,0.0000,0.0000
96.428,1,0.0145,0.6389,0.914,0.0000,0.0000
96.512,1,0.0149,0.6400,0.914,0.0000,0.0000
96.568,1,0.0134,0.6425,0.913,0.0000,0.0000
96.619,1,0.0112,0.6477,0.922,0.0000,0.0000
96.713,1,0.0101,0.6543,0.925,0.0000,0.0000
96.761,1,0.0172,0.6605,0.920,0.0000,0.0000
96.833,1,0.0332,0.6650,0.916,0.0000,0.0000
96.890,1,0.0366,0.6675,0.923,0.0000,0.0000
96.971,1,0.0330,0.6718,0.921,0.0000,0.0000
97.020,1,0.0619,0.6759,0.929,0.0000,0.0000
97.123,1,0.0800,0.6794,0.911,0.0000,0.0000
97.175,1,0.0880,0.6828,0.910,-0.0312,0.0000
97.223,1,0.0854,0.6850,0.921,-0.0605,0.0000
97.332,1,0.0755,0.6879,0.919,-0.1258,0.0000
97.389,1,0.0661,0.6899,0.922,-0.1599,0.0000
97.441,1,0.0533,0.6910,0.922,-0.1909,0.0000
97.488,1,0.0420,0.6921,0.918,-0.2027,0.0000
97.579,1,0.0267,0.6919,0.920,-0.2022,0.0000
97.635,1,0.0145,0.6910,0.922,-0.2003,0.0000
97.684,1,0.0065,0.6899,0.918,-0.1978,0.0000
97.797,1,0.0018,0.6887,0.916,-0.1951,0.0000
97.870,1,0.0007,0.6870,0.918,-0.1915,0.0000
97.914,1,0.0013,0.6846,0.919,-0.1862,0.0000
98.031,1,0.0004,0.6796,0.918,-0.1161,0.0000
98.097,1,-0.0011,0.6781,0.915,-0.0768,0.0000
98.146,1,-0.0026,0.6753,0.909,-0.0468,0.0000
98.193,1,-0.0020,0.6720,0.902,-0.0187,0.0000
98.265,1,-0.0046,0.6698,0.897,0.0000,0.0000
98.327,1,-0.0071,0.6678,0.894,0.0000,0.0000
98.392,1,-0.0066,0.6664,0.898,0.0000,0.0000
98.449,1,-0.0053,0.6642,0.901,0.0000,0.0000
98.497,1,-0.0023,0.6628,0.907,0.0000,0.0000
98.548,1,-0.0009,0.6617,0.913,0.0000,0.0000
98.639,1,0.0012,0.6608,0.911,0.0000,0.0000
98.728,1,0.0035,0.6625,0.914,0.0000,0.0000
98.774,1,0.0036,0.6633,0.915,0.0000,0.0000
98.819,1,0.0034,0.6632,0.920,0.0000,0.0000
98.908,1,0.0044,0.6626,0.919,0.0000,0.0000
98.977,1,0.0064,0.6622,0.915,0.0000,0.0000
99.026,1,0.0088,0.6611,0.914,0.0000,0.0000
99.079,1,0.0145,0.6580,0.909,0.0000,0.0000
99.189,1,0.0203,0.6553,0.910,0.0000,0.0000
99.246,1,0.0249,0.6533,0.912,0.0000,0.0000
99.290,1,0.0277,0.6522,0.912,0.0000,0.0000
99.390,1,0.0290,0.6514,0.910,0.0000,0.0000
99.437,1,0.0294,0.6512,0.912,0.0000,0.0000
99.483,1,0.0290,0.6518,0.912,0.0000,0.0000
99.583,1,0.0276,0.6527,0.913,0.0000,0.0000
99.655,1,0.0258,0.6532,0.916,0.0000,0.0000
99.702,1,0.0233,0.6533,0.913,0.0000,0.0000
99.752,1,0.0183,0.6557,0.918,0.0000,0.0000
99.845,1,0.0141,0.6546,0.919,0.0000,0.0000
99.898,1,0.0107,0.6542,0.918,0.0000,0.0000
99.948,1,0.0016,0.6538,0.913,0.0000,0.0000
100.046,1,-0.0040,0.6540,0.912,0.0000,0.0000
100.108,1,-0.0093,0.6541,0.913,0.0000,0.0000
100.159,1,-0.0133,0.6553,0.913,0.0000,0.0000
100.213,1,-0.0159,0.6565,0.912,0.0000,0.0000
100.326,1,-0.0167,0.6573,0.912,0.0000,0.0000
100.393,1,-0.0157,0.6572,0.915,0.0000,0.0000
100.447,1,-0.0135,0.6568,0.919,0.0000,0.0000
100.495,1,-0.0109,0.6566,0.921,0.0000,0.0000
100.548,1,-0.0079,0.6563,0.917,0.0000,0.0000
100.629,1,-0.0048,0.6559,0.920,0.0000,0.0000
100.700,1,-0.0018,0.6557,0.923,0.0000,0.0000
100.753,1,0.0010,0.6567,0.922,0.0000,0.0000
100.845,1,0.0029,0.6574,0.922,0.0000,0.0000
100.897,1,0.0041,0.6580,0.923,0.0000,0.0000
100.944,1,0.0052,0.6584,0.923,0.0000,0.0000
101.038,1,0.0050,0.6587,0.923,0.0000,0.0000
101.093,1,0.0051,0.6592,0.923,0.0000,0.0000
101.146,1,0.0054,0.6597,0.924,0.0000,0.0000
101.253,1,0.0051,0.6598,0.924,0.0000,0.0000
101.340,1,0.0043,0.6597,0.924,0.0000,0.0000
101.392,1,0.0025,0.6593,0.925,0.0000,0.0000
101.447,1,0.0000,0.6586,0.925,0.0000,0.0000
101.541,1,-0.0020,0.6575,0.925,0.0000,0.0000
101.613,1,-0.0033,0.6563,0.925,0.0000,0.0000
101.659,1,-0.0040,0.6553,0.924,0.0000,0.0000
101.713,1,-0.0039,0.6544,0.924,0.0000,0.0000
101.800,1,-0.0032,0.6537,0.925,0.0000,0.0000
101.870,1,-0.0024,0.6531,0.925,0.0000,0.0000
101.916,1,-0.0014,0.6527,0.924,0.0000,0.0000
102.001,1,-0.0009,0.6525,0.923,0.0000,0.0000
102.069,1,-0.0009,0.6523,0.922,0.0000,0.0000
102.118,1,-0.0011,0.6519,0.923,0.0000,0.0000
102.198,1,-0.0023,0.6511,0.921,0.0000,0.0000
102.247,1,-0.0019,0.6500,0.921,0.0000,0.0000
102.349,1,-0.0023,0.6488,0.916,0.0000,0.0000
102.405,1,-0.0054,0.6478,0.906,0.0000,0.0000
102.453,1,-0.0113,0.6445,0.903,0.0000,0.0000
102.522,1,-0.0204,0.6430,0.901,0.0000,0.0000
102.570,1,-0.0316,0.6394,0.903,0.0000,0.0000
102.678,1,-0.0405,0.6349,0.890,0.0000,0.0000
102.750,1,-0.0551,0.6309,0.883,0.0000,0.0000
102.800,1,-0.0702,0.6266,0.874,0.0000,0.0000
102.847,1,-0.0851,0.6215,0.874,0.0000,0.0000
102.954,1,-0.1007,0.6163,0.883,0.0000,0.0000
103.011,1,-0.1155,0.6116,0.884,0.0000,0.0000
103.057,1,-0.1370,0.6058,0.877,0.0000,0.0278
103.110,1,-0.1655,0.5995,0.881,0.0000,0.0597
103.191,1,-0.1879,0.5929,0.886,0.0000,0.1083
103.257,1,-0.2076,0.5857,0.885,0.0000,0.1481
103.305,1,-0.2250,0.5768,0.874,0.0000,0.1767
103.422,1,-0.2428,0.5690,0.865,0.0000,0.2470
103.484,1,-0.2605,0.5641,0.876,0.0000,0.2840
103.556,1,-0.2822,0.5592,0.880,0.0000,0.3275
103.603,1,-0.2976,0.5564,0.879,0.0000,0.3555
103.650,1,-0.3101,0.5545,0.880,0.0000,0.3836
103.708,1,-0.3192,0.5526,0.882,0.0000,0.4184
103.813,1,-0.3261,0.5514,0.880,0.0000,0.4813
103.874,1,-0.3316,0.5504,0.878,0.0000,0.5180
103.925,1,-0.3363,0.5497,0.880,0.0000,0.5484
103.974,1,-0.3397,0.5492,0.882,0.0000,0.5781
104.075,1,-0.3417,0.5489,0.882,0.0000,0.6384
104.144,1,-0.3431,0.5488,0.882,0.0000,0.6802
104.191,1,-0.3440,0.5487,0.881,0.0000,0.6881
104.239,1,-0.3451,0.5484,0.881,0.0000,0.6902
104.337,1,-0.3458,0.5481,0.881,0.0000,0.6916
104.407,1,-0.3465,0.5480,0.880,0.0000,0.6931
104.456,1,-0.3472,0.5477,0.877,0.0000,0.6943
104.503,1,-0.3478,0.5476,0.877,0.0000,0.6955
104.598,1,-0.3485,0.5475,0.880,0.0000,0.6969
104.663,1,-0.3494,0.5474,0.880,0.0000,0.6989
104.710,1,-0.3508,0.5472,0.881,0.0000,0.7016
104.795,1,-0.3524,0.5468,0.885,0.0000,0.7048
104.849,1,-0.3545,0.5464,0.884,0.0000,0.7090
104.897,1,-0.3568,0.5456,0.883,0.0000,0.7136
104.988,1,-0.3583,0.5450,0.882,0.0000,0.7167
105.050,1,-0.3598,0.5443,0.880,0.0000,0.7196
105.109,1,-0.3626,0.5428,0.880,0.0000,0.7253
105.181,1,-0.3655,0.5417,0.879,0.0000,0.7309
105.249,1,-0.3675,0.5408,0.878,0.0000,0.7349
105.294,1,-0.3685,0.5402,0.880,0.0000,0.7369
105.345,1,-0.3683,0.5399,0.880,0.0000,0.7366
105.394,1,-0.3667,0.5406,0.882,0.0000,0.7334
105.520,1,-0.3645,0.5414,0.885,0.0000,0.7289
105.595,1,-0.3622,0.5421,0.886,0.0000,0.7244
105.645,1,-0.3587,0.5427,0.882,0.0000,0.7174
105.699,1,-0.3578,0.5435,0.877,0.0000,0.7156
105.810,1,-0.3537,0.5451,0.877,0.0000,0.7074
105.889,1,-0.3473,0.5487,0.878,0.0000,0.6946
105.938,1,-0.3357,0.5535,0.882,0.0000,0.6715
106.040,1,-0.3192,0.5625,0.876,0.0000,0.6384
106.112,1,-0.3048,0.5695,0.835,0.0000,0.6096
106.162,1,-0.2854,0.5808,0.834,0.0000,0.5792
106.211,1,-0.2703,0.5929,0.854,0.0000,0.5500
106.254,1,-0.2517,0.6059,0.870,0.0000,0.5241
106.372,1,-0.2283,0.6205,0.883,0.0000,0.4566
106.435,1,-0.2012,0.6327,0.874,0.0000,0.4190
106.484,1,-0.1761,0.6436,0.886,0.0000,0.3899
106.537,1,-0.1525,0.6532,0.874,0.0000,0.3576
106.611,1,-0.1320,0.6610,0.880,0.0000,0.3136
106.664,1,-0.1105,0.6663,0.881,0.0000,0.2819
106.765,1,-0.0889,0.6710,0.902,0.0000,0.2213
106.811,1,-0.0701,0.6772,0.916,0.0000,0.1933
106.879,1,-0.0473,0.6826,0.920,-0.0407,0.1526
106.939,1,-0.0272,0.6857,0.914,-0.0764,0.1168
106.990,1,-0.0138,0.6884,0.911,-0.1070,0.0863
107.036,1,-0.0038,0.6917,0.913,-0.1348,0.0585
107.125,1,0.0049,0.6929,0.908,-0.1885,0.0048
107.191,1,0.0108,0.6930,0.912,-0.2046,0.0000
107.243,1,0.0144,0.6922,0.914,-0.2028,0.0000
107.296,1,0.0174,0.6909,0.914,-0.2000,0.0000
107.433,1,0.0202,0.6896,0.908,-0.1970,0.0000
107.514,1,0.0219,0.6879,0.907,-0.1933,0.0000
107.560,1,0.0225,0.6858,0.907,-0.1887,0.0000
107.677,1,0.0236,0.6838,0.905,-0.1843,0.0000
107.747,1,0.0239,0.6821,0.905,-0.1807,0.0000
107.790,1,0.0242,0.6805,0.905,-0.1771,0.0000
107.832,1,0.0239,0.6789,0.906,-0.1521,0.0000
107.945,1,0.0239,0.6778,0.904,-0.0841,0.0000
108.036,1,0.0239,0.6770,0.905,-0.0299,0.0000
108.110,1,0.0240,0.6763,0.904,0.0000,0.0000
108.162,1,0.0239,0.6755,0.905,0.0000,0.0000
108.261,1,0.0237,0.6746,0.905,0.0000,0.0000
108.335,1,0.0234,0.6739,0.906,0.0000,0.0000
108.401,1,0.0226,0.6731,0.908,0.0000,0.0000
108.452,1,0.0221,0.6727,0.906,0.0000,0.0000
108.499,1,0.0219,0.6724,0.906,0.0000,0.0000
108.595,1,0.0215,0.6720,0.907,0.0000,0.0000
108.698,1,0.0209,0.6716,0.906,0.0000,0.0000
108.768,1,0.0204,0.6714,0.906,0.0000,0.0000
108.837,1,0.0199,0.6712,0.907,0.0000,0.0000
108.896,1,0.0197,0.6711,0.907,0.0000,0.0000
108.984,1,0.0196,0.6709,0.906,0.0000,0.0000
109.078,1,0.0196,0.6705,0.907,0.0000,0.0000
109.130,1,0.0197,0.6695,0.906,0.0000,0.0000
109.187,1,0.0192,0.6681,0.904,0.0000,0.0000
109.246,1,0.0188,0.6664,0.901,0.0000,0.0000
109.304,1,0.0184,0.6644,0.901,0.0000,0.0000
109.366,1,0.0178,0.6626,0.900,0.0000,0.0000
109.453,1,0.0174,0.6611,0.901,0.0000,0.0000
109.528,1,0.0171,0.6600,0.901,0.0000,0.0000
109.580,1,0.0170,0.6593,0.901,0.0000,0.0000
109.637,1,0.0174,0.6591,0.899,0.0000,0.0000
109.702,1,0.0176,0.6590,0.901,0.0000,0.0000
109.764,1,0.0181,0.6589,0.899,0.0000,0.0000
109.868,1,0.0183,0.6589,0.901,0.0000,0.0000
109.922,1,0.0184,0.6588,0.902,0.0000,0.0000
109.973,1,0.0184,0.6588,0.901,0.0000,0.0000
110.030,1,0.0181,0.6586,0.902,0.0000,0.0000
110.119,1,0.0175,0.6582,0.902,0.0000,0.0000
110.185,1,0.0171,0.6576,0.902,0.0000,0.0000
110.239,1,0.0166,0.6569,0.903,0.0000,0.0000
110.294,1,0.0163,0.6564,0.904,0.0000,0.0000
110.399,1,0.0163,0.6557,0.904,0.0000,0.0000
110.455,1,0.0164,0.6553,0.904,0.0000,0.0000
110.507,1,0.0164,0.6548,0.904,0.0000,0.0000
110.560,1,0.0165,0.6542,0.904,0.0000,0.0000
110.652,1,0.0162,0.6537,0.904,0.0000,0.0000
110.725,1,0.0161,0.6533,0.904,0.0000,0.0000
110.795,1,0.0160,0.6529,0.903,0.0000,0.0000
110.845,1,0.0159,0.6525,0.903,0.0000,0.0000
110.895,1,0.0157,0.6522,0.902,0.0000,0.0000
110.965,1,0.0156,0.6518,0.901,0.0000,0.0000
111.025,1,0.0156,0.6516,0.902,0.0000,0.0000
111.111,1,0.0156,0.6517,0.902,0.0000,0.0000
111.161,1,0.0155,0.6517,0.901,0.0000,0.0000
111.255,1,0.0154,0.6518,0.901,0.0000,0.0000
111.309,1,0.0154,0.6518,0.901,0.0000,0.0000
111.365,1,0.0153,0.6520,0.901,0.0000,0.0000
111.420,1,0.0152,0.6522,0.899,0.0000,0.0000
111.525,1,0.0151,0.6523,0.901,0.0000,0.0000
111.600,1,0.0152,0.6524,0.900,0.0000,0.0000
111.647,1,0.0155,0.6525,0.901,0.0000,0.0000
111.700,1,0.0163,0.6525,0.901,0.0000,0.0000
111.760,1,0.0166,0.6523,0.901,0.0000,0.0000
111.825,1,0.0170,0.6520,0.901,0.0000,0.0000
111.926,1,0.0172,0.6517,0.901,0.0000,0.0000
111.992,1,0.0175,0.6515,0.900,0.0000,0.0000
112.034,1,0.0175,0.6516,0.899,0.0000,0.0000
112.081,1,0.0175,0.6515,0.899,0.0000,0.0000
112.201,1,0.0173,0.6514,0.900,0.0000,0.0000
112.277,1,0.0173,0.6514,0.901,0.0000,0.0000
112.332,1,0.0171,0.6515,0.901,0.0000,0.0000
112.384,1,0.0170,0.6515,0.902,0.0000,0.0000
112.486,1,0.0177,0.6518,0.902,0.0000,0.0000
112.561,1,0.0172,0.6515,0.902,0.0000,0.0000
112.616,1,0.0168,0.6514,0.902,0.0000,0.0000
112.668,1,0.0173,0.6513,0.903,0.0000,0.0000
112.722,1,0.0165,0.6508,0.902,0.0000,0.0000
112.806,1,0.0171,0.6505,0.902,0.0000,0.0000
112.858,1,0.0163,0.6496,0.903,0.0000,0.0000
112.933,1,0.0158,0.6487,0.903,0.0000,0.0000
112.994,1,0.0153,0.6480,0.903,0.0000,0.0000
113.048,1,0.0148,0.6473,0.902,0.0000,0.0000
113.165,1,0.0151,0.6470,0.902,0.0000,0.0000
113.238,1,0.0143,0.6464,0.903,0.0000,0.0000
113.292,1,0.0138,0.6459,0.904,0.0000,0.0000
113.346,1,0.0145,0.6459,0.902,0.0000,0.0000
113.444,1,0.0140,0.6457,0.902,0.0000,0.0000
113.508,1,0.0136,0.6456,0.902,0.0000,0.0000
113.565,1,0.0135,0.6456,0.904,0.0000,0.0000
113.613,1,0.0135,0.6456,0.903,0.0000,0.0000
113.717,1,0.0145,0.6461,0.901,0.0000,0.0000
113.780,1,0.0152,0.6464,0.897,0.0000,0.0000
113.826,1,0.0156,0.6466,0.898,0.0000,0.0000
113.880,1,0.0160,0.6467,0.896,0.0000,0.0000
114.010,1,0.0159,0.6467,0.897,0.0000,0.0000
114.086,1,0.0158,0.6468,0.897,0.0000,0.0000
114.121,1,0.0158,0.6469,0.897,0.0000,0.0000
114.212,1,0.0159,0.6470,0.897,0.0000,0.0000
114.263,1,0.0162,0.6472,0.897,0.0000,0.0000
114.314,1,0.0163,0.6474,0.897,0.0000,0.0000
114.421,1,0.0164,0.6474,0.896,0.0000,0.0000
114.501,1,0.0166,0.6476,0.897,0.0000,0.0000
114.556,1,0.0167,0.6477,0.898,0.0000,0.0000
114.638,1,0.0168,0.6477,0.898,0.0000,0.0000
114.696,1,0.0169,0.6478,0.898,0.0000,0.0000
114.743,1,0.0171,0.6479,0.898,0.0000,0.0000
114.832,1,0.0172,0.6481,0.899,0.0000,0.0000
114.893,1,0.0172,0.6481,0.899,0.0000,0.0000
114.961,1,0.0173,0.6482,0.899,0.0000,0.0000
115.012,1,0.0174,0.6483,0.898,0.0000,0.0000
115.107,1,0.0174,0.6483,0.898,0.0000,0.0000
115.173,1,0.0175,0.6483,0.898,0.0000,0.0000
115.224,1,0.0174,0.6483,0.897,0.0000,0.0000
115.281,1,0.0174,0.6483,0.898,0.0000,0.0000
115.375,1,0.0175,0.6483,0.898,0.0000,0.0000
115.432,1,0.0176,0.6483,0.898,0.0000,0.0000
115.478,1,0.0175,0.6483,0.899,0.0000,0.0000
115.561,1,0.0177,0.6483,0.899,0.0000,0.0000
115.625,1,0.0178,0.6482,0.899,0.0000,0.0000
115.688,1,0.0180,0.6482,0.899,0.0000,0.0000
115.777,1,0.0178,0.6483,0.899,0.0000,0.0000
115.836,1,0.0179,0.6483,0.899,0.0000,0.0000
115.881,1,0.0177,0.6483,0.898,0.0000,0.0000
115.998,1,0.0176,0.6478,0.898,0.0000,0.0000
116.062,1,0.0178,0.6470,0.899,0.0000,0.0000
116.112,1,0.0180,0.6459,0.898,0.0000,0.0000
116.229,1,0.0182,0.6448,0.899,0.0000,0.0000
116.297,1,0.0187,0.6441,0.897,0.0000,0.0000
116.348,1,0.0194,0.6434,0.897,0.0000,0.0000
116.422,1,0.0201,0.6429,0.896,0.0000,0.0000
116.494,1,0.0203,0.6424,0.897,0.0000,0.0000
116.542,1,0.0206,0.6418,0.896,0.0000,0.0000
116.624,1,0.0210,0.6416,0.896,0.0000,0.0000
116.688,1,0.0218,0.6414,0.895,0.0000,0.0000
116.759,1,0.0224,0.6412,0.896,0.0000,0.0000
116.803,1,0.0227,0.6411,0.897,0.0000,0.0000
116.911,1,0.0221,0.6411,0.897,0.0000,0.0000
116.971,1,0.0221,0.6411,0.897,0.0000,0.0000
117.015,1,0.0223,0.6411,0.897,0.0000,0.0000
117.104,1,0.0241,0.6409,0.894,0.0000,0.0000
117.160,1,0.0264,0.6409,0.892,0.0000,0.0000
117.208,1,0.0282,0.6410,0.893,0.0000,0.0000
117.322,1,0.0292,0.6412,0.893,0.0000,0.0000
117.378,1,0.0307,0.6412,0.892,0.0000,0.0000
117.426,1,0.0303,0.6414,0.893,0.0000,0.0000
117.479,1,0.0287,0.6413,0.894,0.0000,0.0000
117.565,1,0.0267,0.6413,0.895,0.0000,0.0000
117.625,1,0.0249,0.6418,0.897,0.0000,0.0000
117.673,1,0.0244,0.6426,0.896,0.0000,0.0000
117.794,1,0.0256,0.6431,0.894,0.0000,0.0000
117.863,1,0.0277,0.6439,0.893,0.0000,0.0000
117.912,1,0.0294,0.6446,0.894,0.0000,0.0000
117.999,1,0.0304,0.6451,0.895,0.0000,0.0000
118.058,1,0.0308,0.6457,0.897,0.0000,0.0000
118.109,1,0.0313,0.6461,0.897,0.0000,0.0000
118.195,1,0.0314,0.6462,0.898,0.0000,0.0000
118.280,1,0.0311,0.6462,0.898,0.0000,0.0000
118.337,1,0.0310,0.6463,0.898,0.0000,0.0000
118.392,1,0.0307,0.6462,0.898,0.0000,0.0000
118.444,1,0.0307,0.6462,0.897,0.0000,0.0000
118.535,1,0.0305,0.6461,0.898,0.0000,0.0000
118.610,1,0.0304,0.6460,0.898,0.0000,0.0000
118.662,1,0.0304,0.6459,0.899,0.0000,0.0000
118.706,1,0.0308,0.6458,0.899,0.0000,0.0000
118.804,1,0.0305,0.6457,0.898,0.0000,0.0000
118.861,1,0.0305,0.6455,0.899,0.0000,0.0000
118.912,1,0.0307,0.6455,0.899,0.0000,0.0000
118.985,1,0.0306,0.6456,0.899,0.0000,0.0000
119.051,1,0.0303,0.6457,0.900,0.0000,0.0000
119.105,1,0.0302,0.6458,0.900,0.0000,0.0000
119.207,1,0.0303,0.6458,0.900,0.0000,0.0000
119.255,1,0.0305,0.6459,0.900,0.0000,0.0000
119.322,1,0.0301,0.6458,0.900,0.0000,0.0000
119.384,1,0.0304,0.6458,0.899,0.0000,0.0000
119.452,1,0.0300,0.6459,0.899,0.0000,0.0000
119.517,1,0.0297,0.6458,0.900,0.0000,0.0000
119.571,1,0.0297,0.6458,0.899,0.0000,0.0000
119.639,1,0.0300,0.6459,0.900,0.0000,0.0000
119.813,1,0.0302,0.6459,0.900,0.0000,0.0000
119.882,1,0.0306,0.6460,0.899,0.0000,0.0000
119.936,1,0.0305,0.6460,0.900,0.0000,0.0000
120.005,1,0.0304,0.6460,0.900,0.0000,0.0000
120.058,1,0.0302,0.6460,0.900,0.0000,0.0000
120.105,1,0.0305,0.6460,0.899,0.0000,0.0000
120.211,1,0.0305,0.6459,0.899,0.0000,0.0000
120.268,1,0.0303,0.6459,0.900,0.0000,0.0000
120.322,1,0.0308,0.6458,0.900,0.0000,0.0000
120.375,1,0.0305,0.6458,0.899,0.0000,0.0000
120.489,1,0.0297,0.6458,0.899,0.0000,0.0000
120.542,1,0.0299,0.6456,0.899,0.0000,0.0000
120.608,1,0.0301,0.6456,0.899,0.0000,0.0000
120.692,1,0.0302,0.6456,0.899,0.0000,0.0000
120.744,1,0.0300,0.6456,0.899,0.0000,0.0000
120.794,1,0.0300,0.6456,0.898,0.0000,0.0000
120.920,1,0.0300,0.6456,0.898,0.0000,0.0000
120.992,1,0.0303,0.6457,0.899,0.0000,0.0000
121.038,1,0.0305,0.6456,0.899,0.0000,0.0000
121.119,1,0.0298,0.6456,0.899,0.0000,0.0000
121.189,1,0.0296,0.6455,0.899,0.0000,0.0000
121.241,1,0.0297,0.6455,0.898,0.0000,0.0000
121.302,1,0.0298,0.6456,0.899,0.0000,0.0000
121.398,1,0.0300,0.6458,0.899,0.0000,0.0000
121.463,1,0.0307,0.6459,0.898,0.0000,0.0000
121.510,1,0.0306,0.6460,0.899,0.0000,0.0000
121.564,1,0.0309,0.6460,0.898,0.0000,0.0000
121.659,1,0.0308,0.6460,0.898,0.0000,0.0000
121.709,1,0.0305,0.6460,0.899,0.0000,0.0000
121.767,1,0.0305,0.6460,0.898,0.0000,0.0000
121.877,1,0.0301,0.6460,0.899,0.0000,0.0000
121.946,1,0.0301,0.6460,0.899,0.0000,0.0000
121.997,1,0.0304,0.6459,0.899,0.0000,0.0000
122.042,1,0.0302,0.6459,0.899,0.0000,0.0000
122.094,1,0.0297,0.6457,0.900,0.0000,0.0000
122.202,1,0.0296,0.6456,0.900,0.0000,0.0000
122.276,1,0.0298,0.6455,0.900,0.0000,0.0000
122.333,1,0.0305,0.6455,0.899,0.0000,0.0000
122.399,1,0.0303,0.6456,0.899,0.0000,0.0000
122.479,1,0.0307,0.6456,0.899,0.0000,0.0000
122.548,1,0.0303,0.6457,0.899,0.0000,0.0000
122.614,1,0.0303,0.6457,0.898,0.0000,0.0000
122.676,1,0.0304,0.6457,0.899,0.0000,0.0000
122.729,1,0.0305,0.6456,0.899,0.0000,0.0000
122.841,1,0.0309,0.6456,0.899,0.0000,0.0000
122.903,1,0.0306,0.6455,0.899,0.0000,0.0000
122.955,1,0.0304,0.6455,0.899,0.0000,0.0000
122.999,1,0.0303,0.6456,0.899,0.0000,0.0000
123.091,1,0.0303,0.6456,0.899,0.0000,0.0000
123.158,1,0.0309,0.6457,0.898,0.0000,0.0000
123.205,1,0.0311,0.6458,0.899,0.0000,0.0000
123.264,1,0.0307,0.6458,0.899,0.0000,0.0000
123.362,1,0.0301,0.6458,0.899,0.0000,0.0000
123.443,1,0.0297,0.6459,0.899,0.0000,0.0000
123.495,1,0.0298,0.6459,0.899,0.0000,0.0000
123.542,1,0.0297,0.6458,0.899,0.0000,0.0000
123.596,1,0.0297,0.6458,0.899,0.0000,0.0000
123.702,1,0.0300,0.6457,0.899,0.0000,0.0000
123.763,1,0.0301,0.6456,0.899,0.0000,0.0000
123.812,1,0.0304,0.6456,0.899,0.0000,0.0000
123.859,1,0.0306,0.6456,0.899,0.0000,0.0000
123.933,1,0.0306,0.6455,0.898,0.0000,0.0000
124.009,1,0.0309,0.6456,0.899,0.0000,0.0000
124.067,1,0.0309,0.6456,0.899,0.0000,0.0000
124.138,1,0.0312,0.6455,0.899,0.0000,0.0000
124.195,1,0.0313,0.6454,0.899,0.0000,0.0000
124.302,1,0.0313,0.6454,0.899,0.0000,0.0000
124.377,1,0.0309,0.6454,0.900,0.0000,0.0000
124.429,1,0.0303,0.6453,0.900,0.0000,0.0000
124.527,1,0.0302,0.6453,0.900,0.0000,0.0000
124.588,1,0.0299,0.6452,0.900,0.0000,0.0000
124.651,1,0.0299,0.6453,0.900,0.0000,0.0000
124.707,1,0.0293,0.6454,0.900,0.0000,0.0000
124.761,1,0.0300,0.6454,0.899,0.0000,0.0000
124.851,1,0.0298,0.6454,0.900,0.0000,0.0000
124.909,1,0.0297,0.6454,0.900,0.0000,0.0000
124.959,1,0.0297,0.6455,0.900,0.0000,0.0000
125.047,1,0.0295,0.6454,0.900,0.0000,0.0000
125.118,1,0.0294,0.6454,0.900,0.0000,0.0000
125.188,1,0.0298,0.6453,0.899,0.0000,0.0000
125.251,1,0.0304,0.6454,0.900,0.0000,0.0000
125.310,1,0.0305,0.6454,0.900,0.0000,0.0000
125.348,1,0.0303,0.6453,0.900,0.0000,0.0000
125.461,1,0.0302,0.6453,0.899,0.0000,0.0000
125.544,1,0.0300,0.6452,0.899,0.0000,0.0000
125.597,1,0.0298,0.6452,0.899,0.0000,0.0000
125.702,1,0.0299,0.6451,0.900,0.0000,0.0000
125.762,1,0.0298,0.6450,0.900,0.0000,0.0000
125.842,1,0.0300,0.6449,0.900,0.0000,0.0000
125.896,1,0.0306,0.6449,0.899,0.0000,0.0000
126.147,1,0.0303,0.6446,0.898,0.0000,0.0000
126.252,1,0.0300,0.6442,0.899,0.0000,0.0000
126.325,1,0.0263,0.6433,0.900,0.0000,0.0000
126.379,1,0.0237,0.6426,0.901,0.0000,0.0000
126.455,1,0.0216,0.6420,0.901,0.0000,0.0000
126.529,1,0.0204,0.6414,0.901,0.0000,0.0000
126.592,1,0.0200,0.6409,0.901,0.0000,0.0000
126.660,1,0.0195,0.6405,0.902,0.0000,0.0000
126.707,1,0.0194,0.6403,0.902,0.0000,0.0000
126.753,1,0.0186,0.6400,0.902,0.0000,0.0000
126.860,1,0.0178,0.6399,0.903,0.0000,0.0000
126.930,1,0.0174,0.6398,0.903,0.0000,0.0000
126.977,1,0.0171,0.6396,0.903,0.0000,0.0000
127.023,1,0.0168,0.6396,0.904,0.0000,0.0000
127.108,1,0.0169,0.6395,0.903,0.0000,0.0000
127.179,1,0.0168,0.6394,0.903,0.0000,0.0000
127.232,1,0.0169,0.6394,0.904,0.0000,0.0000
127.308,1,0.0171,0.6393,0.900,0.0000,0.0000
127.366,1,0.0171,0.6394,0.897,0.0000,0.0000
127.431,1,0.0185,0.6394,0.896,0.0000,0.0000
127.475,1,0.0192,0.6394,0.898,0.0000,0.0000
127.592,1,0.0195,0.6391,0.899,0.0000,0.0000
127.663,1,0.0190,0.6391,0.899,0.0000,0.0000
127.709,1,0.0190,0.6393,0.900,0.0000,0.0000
127.769,1,0.0189,0.6393,0.900,0.0000,0.0000
127.818,1,0.0190,0.6394,0.900,0.0000,0.0000
127.909,1,0.0189,0.6393,0.901,0.0000,0.0000
127.959,1,0.0190,0.6395,0.901,0.0000,0.0000
128.014,1,0.0187,0.6398,0.901,0.0000,0.0000
128.134,1,0.0186,0.6403,0.901,0.0000,0.0000
128.211,1,0.0189,0.6407,0.899,0.0000,0.0000
128.266,1,0.0190,0.6412,0.898,0.0000,0.0000
128.316,1,0.0195,0.6416,0.899,0.0000,0.0000
128.436,1,0.0210,0.6416,0.898,0.0000,0.0000
128.492,1,0.0242,0.6416,0.897,0.0000,0.0000
128.543,1,0.0274,0.6419,0.897,0.0000,0.0000
128.649,1,0.0300,0.6422,0.897,0.0000,0.0000
128.727,1,0.0311,0.6428,0.899,0.0000,0.0000
128.780,1,0.0317,0.6429,0.899,0.0000,0.0000
128.834,1,0.0299,0.6432,0.902,0.0000,0.0000
128.893,1,0.0276,0.6429,0.905,0.0000,0.0000
128.945,1,0.0267,0.6429,0.905,0.0000,0.0000
129.040,1,0.0261,0.6433,0.905,0.0000,0.0000
129.090,1,0.0264,0.6444,0.906,0.0000,0.0000
129.159,1,0.0295,0.6457,0.903,0.0000,0.0000
129.221,1,0.0315,0.6465,0.897,0.0000,0.0000
129.300,1,0.0337,0.6469,0.895,0.0000,0.0000
129.368,1,0.0352,0.6473,0.894,0.0000,0.0000
129.416,1,0.0375,0.6474,0.894,0.0000,0.0000
129.530,1,0.0409,0.6476,0.895,0.0000,0.0000
129.615,1,0.0441,0.6480,0.896,0.0000,0.0000
129.684,1,0.0470,0.6484,0.898,0.0000,0.0000
129.738,1,0.0484,0.6486,0.899,0.0000,0.0000
129.789,1,0.0497,0.6485,0.899,0.0000,0.0000
129.861,1,0.0509,0.6483,0.897,0.0000,0.0000
129.917,1,0.0532,0.6481,0.895,0.0000,0.0000
130.006,1,0.0550,0.6480,0.895,0.0000,0.0000
130.064,1,0.0563,0.6477,0.896,0.0000,0.0000
130.112,1,0.0570,0.6476,0.896,0.0000,0.0000
130.196,1,0.0579,0.6472,0.896,0.0000,0.0000
130.261,1,0.0579,0.6469,0.898,0.0000,0.0000
130.311,1,0.0560,0.6464,0.897,0.0000,0.0000
130.396,1,0.0540,0.6464,0.897,0.0000,0.0000
130.455,1,0.0509,0.6464,0.897,0.0000,0.0000
130.517,1,0.0478,0.6465,0.898,0.0000,0.0000
130.608,1,0.0469,0.6465,0.897,0.0000,0.0000
130.673,1,0.0470,0.6462,0.897,0.0000,0.0000
130.725,1,0.0479,0.6457,0.898,0.0000,0.0000
130.788,1,0.0487,0.6452,0.898,0.0000,0.0000
130.850,1,0.0492,0.6447,0.899,0.0000,0.0000
130.961,1,0.0491,0.6444,0.900,0.0000,0.0000
131.013,1,0.0488,0.6444,0.901,0.0000,0.0000
131.170,1,0.0477,0.6444,0.901,0.0000,0.0000
131.239,1,0.0480,0.6446,0.902,0.0000,0.0000
131.308,1,0.0486,0.6449,0.900,0.0000,0.0000
131.361,1,0.0479,0.6452,0.900,0.0000,0.0000
131.415,1,0.0465,0.6455,0.901,0.0000,0.0000
131.498,1,0.0441,0.6457,0.902,0.0000,0.0000
131.550,1,0.0415,0.6456,0.903,0.0000,0.0000
131.605,1,0.0395,0.6454,0.902,0.0000,0.0000
131.744,1,0.0378,0.6450,0.901,0.0000,0.0000
131.794,1,0.0361,0.6446,0.900,0.0000,0.0000
131.844,1,0.0346,0.6442,0.901,0.0000,0.0000
131.914,1,0.0340,0.6438,0.900,0.0000,0.0000
132.009,1,0.0335,0.6436,0.901,0.0000,0.0000
132.065,1,0.0335,0.6435,0.900,0.0000,0.0000
132.125,1,0.0335,0.6433,0.899,0.0000,0.0000
132.176,1,0.0340,0.6432,0.899,0.0000,0.0000
132.266,1,0.0347,0.6430,0.898,0.0000,0.0000
132.347,1,0.0348,0.6429,0.900,0.0000,0.0000
132.403,1,0.0354,0.6428,0.901,0.0000,0.0000
132.455,1,0.0363,0.6427,0.899,0.0000,0.0000
132.506,1,0.0388,0.6427,0.900,0.0000,0.0000
132.646,1,0.0412,0.6426,0.899,0.0000,0.0000
132.698,1,0.0423,0.6428,0.900,0.0000,0.0000
132.742,1,0.0423,0.6430,0.899,0.0000,0.0000
132.864,1,0.0416,0.6434,0.901,0.0000,0.0000
132.932,1,0.0414,0.6437,0.900,0.0000,0.0000
132.978,1,0.0422,0.6438,0.898,0.0000,0.0000
133.056,1,0.0430,0.6437,0.897,0.0000,0.0000
133.110,1,0.0433,0.6437,0.898,0.0000,0.0000
133.208,1,0.0432,0.6436,0.897,0.0000,0.0000
133.263,1,0.0427,0.6436,0.898,0.0000,0.0000
133.313,1,0.0422,0.6436,0.899,0.0000,0.0000
133.367,1,0.0417,0.6443,0.899,0.0000,0.0000
133.443,1,0.0428,0.6445,0.899,0.0000,0.0000
133.515,1,0.0435,0.6447,0.900,0.0000,0.0000
133.596,1,0.0434,0.6446,0.900,0.0000,0.0000
133.634,1,0.0421,0.6445,0.900,0.0000,0.0000
133.726,1,0.0418,0.6445,0.901,0.0000,0.0000
133.785,1,0.0415,0.6445,0.901,0.0000,0.0000
133.847,1,0.0423,0.6446,0.901,0.0000,0.0000
133.897,1,0.0435,0.6445,0.900,0.0000,0.0000
134.014,1,0.0448,0.6443,0.898,0.0000,0.0000
134.082,1,0.0459,0.6441,0.898,0.0000,0.0000
134.129,1,0.0462,0.6440,0.897,0.0000,0.0000
134.236,1,0.0459,0.6440,0.898,0.0000,0.0000
134.314,1,0.0456,0.6440,0.898,0.0000,0.0000
134.369,1,0.0449,0.6439,0.898,0.0000,0.0000
134.418,1,0.0450,0.6439,0.898,0.0000,0.0000
134.467,1,0.0449,0.6437,0.896,0.0000,0.0000
134.596,1,0.0456,0.6436,0.897,0.0000,0.0000
134.653,1,0.0464,0.6435,0.897,0.0000,0.0000
134.710,1,0.0469,0.6436,0.898,0.0000,0.0000
134.762,1,0.0473,0.6436,0.897,0.0000,0.0000
134.856,1,0.0476,0.6436,0.897,0.0000,0.0000
134.909,1,0.0475,0.6435,0.898,0.0000,0.0000
134.956,1,0.0456,0.6435,0.898,0.0000,0.0000
135.081,1,0.0438,0.6434,0.899,0.0000,0.0000
135.172,1,0.0416,0.6434,0.899,0.0000,0.0000
135.234,1,0.0407,0.6425,0.900,0.0000,0.0000
135.287,1,0.0397,0.6428,0.899,0.0000,0.0000
135.338,1,0.0394,0.6423,0.898,0.0000,0.0000
135.395,1,0.0392,0.6421,0.897,0.0000,0.0000
135.490,1,0.0389,0.6426,0.898,0.0000,0.0000
135.553,1,0.0390,0.6429,0.899,0.0000,0.0000
135.605,1,0.0388,0.6431,0.900,0.0000,0.0000
135.685,1,0.0383,0.6432,0.900,0.0000,0.0000
135.750,1,0.0381,0.6434,0.900,0.0000,0.0000
135.797,1,0.0381,0.6434,0.900,0.0000,0.0000
135.890,1,0.0378,0.6436,0.900,0.0000,0.0000
135.959,1,0.0374,0.6437,0.900,0.0000,0.0000
136.002,1,0.0379,0.6437,0.900,0.0000,0.0000
136.076,1,0.0379,0.6440,0.901,0.0000,0.0000
136.128,1,0.0380,0.6444,0.902,0.0000,0.0000
136.237,1,0.0376,0.6446,0.903,0.0000,0.0000
136.290,1,0.0374,0.6450,0.903,0.0000,0.0000
136.339,1,0.0373,0.6450,0.903,0.0000,0.0000
136.410,1,0.0377,0.6451,0.903,0.0000,0.0000
136.456,1,0.0379,0.6452,0.902,0.0000,0.0000
136.512,1,0.0384,0.6452,0.903,0.0000,0.0000
136.562,1,0.0386,0.6452,0.903,0.0000,0.0000
136.658,1,0.0386,0.6450,0.903,0.0000,0.0000
136.716,1,0.0383,0.6448,0.902,0.0000,0.0000
136.775,1,0.0378,0.6448,0.902,0.0000,0.0000
136.827,1,0.0374,0.6445,0.900,0.0000,0.0000
136.911,1,0.0374,0.6442,0.900,0.0000,0.0000
136.982,1,0.0374,0.6440,0.900,0.0000,0.0000
137.027,1,0.0372,0.6437,0.899,0.0000,0.0000
137.148,1,0.0368,0.6435,0.898,0.0000,0.0000
137.229,1,0.0367,0.6434,0.899,0.0000,0.0000
137.279,1,0.0367,0.6434,0.900,0.0000,0.0000
137.328,1,0.0367,0.6433,0.899,0.0000,0.0000
137.430,1,0.0363,0.6433,0.900,0.0000,0.0000
137.512,1,0.0363,0.6433,0.900,0.0000,0.0000
137.565,1,0.0363,0.6432,0.901,0.0000,0.0000
137.658,1,0.0361,0.6430,0.900,0.0000,0.0000
137.712,1,0.0361,0.6428,0.900,0.0000,0.0000
137.760,1,0.0368,0.6428,0.901,0.0000,0.0000
137.855,1,0.0378,0.6425,0.901,0.0000,0.0000
137.914,1,0.0381,0.6424,0.902,0.0000,0.0000
137.963,1,0.0373,0.6424,0.900,0.0000,0.0000
138.076,1,0.0370,0.6420,0.898,0.0000,0.0000
138.133,1,0.0368,0.6418,0.898,0.0000,0.0000
138.182,1,0.0368,0.6416,0.899,0.0000,0.0000
138.248,1,0.0363,0.6423,0.900,0.0000,0.0000
138.306,1,0.0361,0.6427,0.900,0.0000,0.0000
138.362,1,0.0360,0.6431,0.900,0.0000,0.0000
138.467,1,0.0354,0.6433,0.900,0.0000,0.0000
138.527,1,0.0354,0.6430,0.900,0.0000,0.0000
138.577,1,0.0351,0.6433,0.901,0.0000,0.0000
138.633,1,0.0361,0.6435,0.903,0.0000,0.0000
138.680,1,0.0370,0.6436,0.903,0.0000,0.0000
138.729,1,0.0375,0.6436,0.903,0.0000,0.0000
138.828,1,0.0366,0.6435,0.900,0.0000,0.0000
138.891,1,0.0364,0.6429,0.900,0.0000,0.0000
138.939,1,0.0361,0.6426,0.901,0.0000,0.0000
138.994,1,0.0359,0.6424,0.900,0.0000,0.0000
139.084,1,0.0362,0.6420,0.900,0.0000,0.0000
139.155,1,0.0361,0.6423,0.901,0.0000,0.0000
139.217,1,0.0362,0.6424,0.901,0.0000,0.0000
139.272,1,0.0362,0.6425,0.902,0.0000,0.0000
139.324,1,0.0373,0.6426,0.902,0.0000,0.0000
139.399,1,0.0385,0.6425,0.901,0.0000,0.0000
139.445,1,0.0397,0.6423,0.901,0.0000,0.0000
139.598,1,0.0402,0.6417,0.901,0.0000,0.0000
139.673,1,0.0405,0.6412,0.902,0.0000,0.0000
139.720,1,0.0405,0.6409,0.900,0.0000,0.0000
139.768,1,0.0407,0.6404,0.901,0.0000,0.0000
139.821,1,0.0411,0.6401,0.900,0.0000,0.0000
139.913,1,0.0408,0.6408,0.898,0.0000,0.0000
139.975,1,0.0410,0.6411,0.899,0.0000,0.0000
140.025,1,0.0413,0.6415,0.900,0.0000,0.0000
140.090,1,0.0412,0.6416,0.901,0.0000,0.0000
140.172,1,0.0410,0.6418,0.901,0.0000,0.0000
140.222,1,0.0406,0.6421,0.901,0.0000,0.0000
140.311,1,0.0404,0.6424,0.901,0.0000,0.0000
140.380,1,0.0415,0.6426,0.902,0.0000,0.0000
140.430,1,0.0422,0.6428,0.902,0.0000,0.0000
140.492,1,0.0447,0.6429,0.902,0.0000,0.0000
140.573,1,0.0471,0.6429,0.900,0.0000,0.0000
140.644,1,0.0490,0.6430,0.904,0.0000,0.0000
140.692,1,0.0498,0.6430,0.905,0.0000,0.0000
140.788,1,0.0498,0.6430,0.904,0.0000,0.0000
140.847,1,0.0492,0.6427,0.905,0.0000,0.0000
140.894,1,0.0492,0.6425,0.904,0.0000,0.0000
140.946,1,0.0485,0.6422,0.903,0.0000,0.0000
141.065,1,0.0476,0.6420,0.903,0.0000,0.0000
141.187,1,0.0473,0.6419,0.901,0.0000,0.0000
141.355,1,0.0478,0.6417,0.901,0.0000,0.0000
141.411,1,0.0475,0.6415,0.902,0.0000,0.0000
141.462,1,0.0477,0.6416,0.904,0.0000,0.0000
141.523,1,0.0478,0.6416,0.903,0.0000,0.0000
141.593,1,0.0479,0.6416,0.903,0.0000,0.0000
141.655,1,0.0479,0.6415,0.903,0.0000,0.0000
141.750,1,0.0470,0.6415,0.901,0.0000,0.0000
141.830,1,0.0461,0.6415,0.898,0.0000,0.0000
141.881,1,0.0475,0.6409,0.896,0.0000,0.0000
141.929,1,0.0490,0.6404,0.896,0.0000,0.0000
141.979,1,0.0493,0.6407,0.901,0.0000,0.0000
142.060,1,0.0493,0.6408,0.902,0.0000,0.0000
142.148,1,0.0491,0.6408,0.902,0.0000,0.0000
142.212,1,0.0490,0.6410,0.903,0.0000,0.0000
142.259,1,0.0497,0.6410,0.902,0.0000,0.0000
142.310,1,0.0496,0.6411,0.900,0.0000,0.0000
142.428,1,0.0498,0.6412,0.901,0.0000,0.0000
142.630,1,0.0502,0.6413,0.901,0.0000,0.0000
142.705,1,0.0502,0.6415,0.902,0.0000,0.0000
142.774,1,0.0494,0.6416,0.903,0.0000,0.0000
142.822,1,0.0493,0.6416,0.904,0.0000,0.0000
142.892,1,0.0490,0.6416,0.905,0.0000,0.0000
142.957,1,0.0488,0.6417,0.904,0.0000,0.0000
143.032,1,0.0492,0.6418,0.903,0.0000,0.0000
143.081,1,0.0496,0.6417,0.903,0.0000,0.0000
143.178,1,0.0496,0.6415,0.902,0.0000,0.0000
143.272,1,0.0478,0.6415,0.898,0.0000,0.0000
143.320,1,0.0471,0.6414,0.901,0.0000,0.0000
143.384,1,0.0464,0.6414,0.902,0.0000,0.0000
143.464,1,0.0465,0.6413,0.903,0.0000,0.0000
143.523,1,0.0472,0.6412,0.902,0.0000,0.0000
143.578,1,0.0489,0.6410,0.902,0.0000,0.0000
143.704,1,0.0512,0.6409,0.903,0.0000,0.0000
143.778,1,0.0533,0.6408,0.900,0.0000,0.0000
143.827,1,0.0547,0.6408,0.897,0.0000,0.0000
143.879,1,0.0545,0.6402,0.893,0.0000,0.0000
143.949,1,0.0534,0.6396,0.895,0.0000,0.0000
144.037,1,0.0515,0.6392,0.894,0.0000,0.0000
144.103,1,0.0503,0.6389,0.894,0.0000,0.0000
144.152,1,0.0495,0.6387,0.894,0.0000,0.0000
144.232,1,0.0490,0.6386,0.893,0.0000,0.0000
144.321,1,0.0486,0.6384,0.894,0.0000,0.0000
144.393,1,0.0479,0.6391,0.894,0.0000,0.0000
144.443,1,0.0480,0.6396,0.896,0.0000,0.0000
144.493,1,0.0489,0.6399,0.898,0.0000,0.0000
144.547,1,0.0505,0.6401,0.901,0.0000,0.0000
144.628,1,0.0524,0.6402,0.902,0.0000,0.0000
144.693,1,0.0533,0.6402,0.901,0.0000,0.0000
144.754,1,0.0532,0.6401,0.900,0.0000,0.0000
144.823,1,0.0539,0.6402,0.901,0.0000,0.0000
144.875,1,0.0544,0.6402,0.904,0.0000,0.0000
144.933,1,0.0547,0.6402,0.905,0.0000,0.0000
144.981,1,0.0554,0.6403,0.904,0.0000,0.0000
145.071,1,0.0558,0.6403,0.904,0.0000,0.0000
145.128,1,0.0556,0.6404,0.904,0.0000,0.0000
145.178,1,0.0551,0.6405,0.904,0.0000,0.0000
145.266,1,0.0551,0.6406,0.904,0.0000,0.0000
145.329,1,0.0549,0.6406,0.904,0.0000,0.0000
145.383,1,0.0545,0.6406,0.904,0.0000,0.0000
145.466,1,0.0532,0.6406,0.904,0.0000,0.0000
145.517,1,0.0515,0.6404,0.904,0.0000,0.0000
145.579,1,0.0507,0.6403,0.904,0.0000,0.0000
145.680,1,0.0508,0.6403,0.904,0.0000,0.0000
145.754,1,0.0505,0.6404,0.904,0.0000,0.0000
145.805,1,0.0498,0.6405,0.902,0.0000,0.0000
145.851,1,0.0498,0.6404,0.903,0.0000,0.0000
145.919,1,0.0501,0.6400,0.903,0.0000,0.0000
145.973,1,0.0506,0.6398,0.904,0.0000,0.0000
146.078,1,0.0509,0.6398,0.904,0.0000,0.0000
146.124,1,0.0513,0.6398,0.899,0.0000,0.0000
146.175,1,0.0517,0.6398,0.898,0.0000,0.0000
146.265,1,0.0523,0.6398,0.898,0.0000,0.0000
146.327,1,0.0523,0.6399,0.897,0.0000,0.0000
146.381,1,0.0519,0.6397,0.899,0.0000,0.0000
146.442,1,0.0518,0.6396,0.900,0.0000,0.0000
146.530,1,0.0533,0.6396,0.899,0.0000,0.0000
146.608,1,0.0549,0.6397,0.899,0.0000,0.0000
146.663,1,0.0572,0.6399,0.900,0.0000,0.0000
146.712,1,0.0595,0.6399,0.899,0.0000,0.0000
146.771,1,0.0612,0.6394,0.898,0.0000,0.0000
146.919,1,0.0614,0.6395,0.900,0.0000,0.0000
146.992,1,0.0604,0.6395,0.902,0.0000,0.0000
147.042,1,0.0586,0.6396,0.901,0.0000,0.0000
147.126,1,0.0576,0.6397,0.901,0.0000,0.0000
147.175,1,0.0570,0.6399,0.902,0.0000,0.0000
147.289,1,0.0581,0.6398,0.901,0.0000,0.0000
147.348,1,0.0599,0.6398,0.901,0.0000,0.0000
147.396,1,0.0604,0.6398,0.902,0.0000,0.0000
147.518,1,0.0596,0.6399,0.901,0.0000,0.0000
147.592,1,0.0588,0.6402,0.901,0.0000,0.0000
147.649,1,0.0579,0.6406,0.899,0.0000,0.0000
147.696,1,0.0571,0.6410,0.899,0.0000,0.0000
147.797,1,0.0571,0.6413,0.898,0.0000,0.0000
147.865,1,0.0581,0.6409,0.898,0.0000,0.0000
147.916,1,0.0594,0.6406,0.898,0.0000,0.0000
147.964,1,0.0605,0.6403,0.898,0.0000,0.0000
148.095,1,0.0611,0.6402,0.899,0.0000,0.0000
148.165,1,0.0618,0.6402,0.899,0.0000,0.0000
148.214,1,0.0615,0.6402,0.897,0.0000,0.0000
148.268,1,0.0603,0.6407,0.897,0.0000,0.0000
148.313,1,0.0597,0.6405,0.897,0.0000,0.0000
148.360,1,0.0574,0.6410,0.893,0.0000,0.0000
148.476,1,0.0564,0.6407,0.894,0.0000,0.0000
148.544,1,0.0559,0.6403,0.895,0.0000,0.0000
148.595,1,0.0557,0.6402,0.895,0.0000,0.0000
148.641,1,0.0560,0.6402,0.895,0.0000,0.0000
148.716,1,0.0573,0.6402,0.899,0.0000,0.0000
148.766,1,0.0589,0.6401,0.901,0.0000,0.0000
148.884,1,0.0598,0.6408,0.900,0.0000,0.0000
148.956,1,0.0601,0.6405,0.899,0.0000,0.0000
149.011,1,0.0581,0.6407,0.903,0.0000,0.0000
149.061,1,0.0572,0.6406,0.904,0.0000,0.0000
149.171,1,0.0568,0.6404,0.903,0.0000,0.0000
149.225,1,0.0546,0.6400,0.901,0.0000,0.0000
149.280,1,0.0518,0.6397,0.903,0.0000,0.0000
149.330,1,0.0498,0.6395,0.904,0.0000,0.0000
149.413,1,0.0485,0.6393,0.903,0.0000,0.0000
149.476,1,0.0477,0.6393,0.904,0.0000,0.0000
149.526,1,0.0473,0.6391,0.902,0.0000,0.0000
149.626,1,0.0469,0.6389,0.901,0.0000,0.0000
149.690,1,0.0468,0.6379,0.901,0.0000,0.0000
149.745,1,0.0468,0.6372,0.901,0.0000,0.0000
149.806,1,0.0468,0.6368,0.900,0.0000,0.0000
149.889,1,0.0469,0.6367,0.900,0.0000,0.0000
149.943,1,0.0469,0.6368,0.900,0.0000,0.0000
149.994,1,0.0467,0.6377,0.899,0.0000,0.0000
150.130,1,0.0469,0.6384,0.901,0.0000,0.0000
150.204,1,0.0470,0.6388,0.901,0.0000,0.0000
150.262,1,0.0474,0.6389,0.902,0.0000,0.0000
150.307,1,0.0480,0.6391,0.904,0.0000,0.0000
150.360,1,0.0484,0.6392,0.904,0.0000,0.0000
150.436,1,0.0485,0.6393,0.903,0.0000,0.0000
150.521,1,0.0485,0.6394,0.904,0.0000,0.0000
150.586,1,0.0484,0.6394,0.904,0.0000,0.0000
150.644,1,0.0485,0.6395,0.903,0.0000,0.0000
150.697,1,0.0489,0.6395,0.904,0.0000,0.0000
150.774,1,0.0494,0.6394,0.903,0.0000,0.0000
150.843,1,0.0497,0.6395,0.904,0.0000,0.0000
150.896,1,0.0503,0.6394,0.905,0.0000,0.0000
151.017,1,0.0506,0.6396,0.904,0.0000,0.0000
151.080,1,0.0509,0.6397,0.904,0.0000,0.0000
151.128,1,0.0512,0.6396,0.904,0.0000,0.0000
151.233,1,0.0519,0.6394,0.903,0.0000,0.0000
151.302,1,0.0529,0.6391,0.903,0.0000,0.0000
151.353,1,0.0536,0.6390,0.903,0.0000,0.0000
151.403,1,0.0540,0.6389,0.904,0.0000,0.0000
151.491,1,0.0540,0.6389,0.903,0.0000,0.0000
151.545,1,0.0540,0.6389,0.901,0.0000,0.0000
151.591,1,0.0540,0.6389,0.903,0.0000,0.0000
151.680,1,0.0538,0.6391,0.903,0.0000,0.0000
151.739,1,0.0539,0.6383,0.902,0.0000,0.0000
151.807,1,0.0539,0.6390,0.903,0.0000,0.0000
151.860,1,0.0541,0.6384,0.903,0.0000,0.0000
151.951,1,0.0539,0.6381,0.903,0.0000,0.0000
152.014,1,0.0539,0.6379,0.902,0.0000,0.0000
152.065,1,0.0535,0.6386,0.902,0.0000,0.0000
152.158,1,0.0534,0.6390,0.901,0.0000,0.0000
152.207,1,0.0532,0.6393,0.903,0.0000,0.0000
152.257,1,0.0528,0.6394,0.900,0.0000,0.0000
152.346,1,0.0526,0.6395,0.903,0.0000,0.0000
152.407,1,0.0527,0.6396,0.903,0.0000,0.0000
152.471,1,0.0531,0.6398,0.900,0.0000,0.0000
152.528,1,0.0537,0.6393,0.901,0.0000,0.0000
152.602,1,0.0539,0.6392,0.900,0.0000,0.0000
152.681,1,0.0538,0.6393,0.899,0.0000,0.0000
152.743,1,0.0539,0.6394,0.900,0.0000,0.0000
152.793,1,0.0538,0.6394,0.902,0.0000,0.0000
152.891,1,0.0536,0.6395,0.902,0.0000,0.0000
152.956,1,0.0537,0.6395,0.901,0.0000,0.0000
153.008,1,0.0538,0.6395,0.902,0.0000,0.0000
153.060,1,0.0541,0.6395,0.902,0.0000,0.0000
153.151,1,0.0540,0.6394,0.903,0.0000,0.0000
153.200,1,0.0542,0.6393,0.902,0.0000,0.0000
153.286,1,0.0540,0.6400,0.903,0.0000,0.0000
153.347,1,0.0544,0.6393,0.900,0.0000,0.0000
153.397,1,0.0543,0.6395,0.902,0.0000,0.0000
153.455,1,0.0540,0.6385,0.901,0.0000,0.0000
153.568,1,0.0539,0.6388,0.904,0.0000,0.0000
153.624,1,0.0540,0.6390,0.906,0.0000,0.0000
153.669,1,0.0541,0.6390,0.905,0.0000,0.0000
153.717,1,0.0540,0.6390,0.906,0.0000,0.0000
153.850,1,0.0535,0.6388,0.906,0.0000,0.0000
153.927,1,0.0534,0.6387,0.906,0.0000,0.0000
154.003,1,0.0538,0.6386,0.904,0.0000,0.0000
154.047,1,0.0550,0.6386,0.901,0.0000,0.0000
154.091,1,0.0560,0.6379,0.900,0.0000,0.0000
154.192,1,0.0566,0.6376,0.900,0.0000,0.0000
154.249,1,0.0569,0.6374,0.901,0.0000,0.0000
154.295,1,0.0570,0.6373,0.900,0.0000,0.0000
154.409,1,0.0574,0.6379,0.901,0.0000,0.0000
154.465,1,0.0577,0.6383,0.902,0.0000,0.0000
154.516,1,0.0566,0.6378,0.903,0.0000,0.0000
154.626,1,0.0546,0.6371,0.902,0.0000,0.0000
154.696,1,0.0522,0.6377,0.904,0.0000,0.0000
154.743,1,0.0500,0.6380,0.904,0.0000,0.0000
154.791,1,0.0478,0.6383,0.903,0.0000,0.0000
154.877,1,0.0461,0.6387,0.902,0.0000,0.0000
154.951,1,0.0453,0.6392,0.902,0.0000,0.0000
155.002,1,0.0443,0.6397,0.903,0.0000,0.0000
155.046,1,0.0436,0.6401,0.904,0.0000,0.0000
155.092,1,0.0433,0.6404,0.904,0.0000,0.0000
155.145,1,0.0433,0.6406,0.904,0.0000,0.0000
155.260,1,0.0431,0.6406,0.905,0.0000,0.0000
155.330,1,0.0430,0.6405,0.906,0.0000,0.0000
155.380,1,0.0429,0.6406,0.905,0.0000,0.0000
155.427,1,0.0430,0.6406,0.905,0.0000,0.0000
155.479,1,0.0430,0.6406,0.904,0.0000,0.0000
155.565,1,0.0429,0.6407,0.905,0.0000,0.0000
155.626,1,0.0429,0.6407,0.906,0.0000,0.0000
155.688,1,0.0431,0.6408,0.904,0.0000,0.0000
155.797,1,0.0431,0.6407,0.905,0.0000,0.0000
155.864,1,0.0432,0.6407,0.905,0.0000,0.0000
155.913,1,0.0432,0.6408,0.902,0.0000,0.0000
156.026,1,0.0433,0.6409,0.903,0.0000,0.0000
156.073,1,0.0435,0.6410,0.903,0.0000,0.0000
156.118,1,0.0437,0.6410,0.904,0.0000,0.0000
156.220,1,0.0438,0.6409,0.904,0.0000,0.0000
156.287,1,0.0440,0.6407,0.905,0.0000,0.0000
156.339,1,0.0441,0.6405,0.904,0.0000,0.0000
156.399,1,0.0440,0.6404,0.904,0.0000,0.0000
156.467,1,0.0443,0.6404,0.901,0.0000,0.0000
156.526,1,0.0443,0.6402,0.903,0.0000,0.0000
156.579,1,0.0441,0.6401,0.902,0.0000,0.0000
156.723,1,0.0439,0.6398,0.903,0.0000,0.0000
156.801,1,0.0439,0.6397,0.904,0.0000,0.0000
156.857,1,0.0438,0.6396,0.904,0.0000,0.0000
156.923,1,0.0442,0.6396,0.904,0.0000,0.0000
156.995,1,0.0454,0.6395,0.904,0.0000,0.0000
157.046,1,0.0467,0.6397,0.903,0.0000,0.0000
157.150,1,0.0481,0.6396,0.902,0.0000,0.0000
157.256,1,0.0492,0.6397,0.901,0.0000,0.0000
157.305,1,0.0501,0.6400,0.900,0.0000,0.0000
157.360,1,0.0512,0.6396,0.900,0.0000,0.0000
157.412,1,0.0519,0.6393,0.902,0.0000,0.0000
157.486,1,0.0524,0.6389,0.900,0.0000,0.0000
157.578,1,0.0522,0.6388,0.901,0.0000,0.0000
157.626,1,0.0521,0.6385,0.901,0.0000,0.0000
157.676,1,0.0520,0.6385,0.900,0.0000,0.0000
157.792,1,0.0519,0.6383,0.901,0.0000,0.0000
157.854,1,0.0513,0.6382,0.902,0.0000,0.0000
157.907,1,0.0511,0.6382,0.902,0.0000,0.0000
157.960,1,0.0498,0.6390,0.903,0.0000,0.0000
158.009,1,0.0491,0.6395,0.904,0.0000,0.0000
158.114,1,0.0489,0.6399,0.904,0.0000,0.0000
158.185,1,0.0490,0.6400,0.905,0.0000,0.0000
158.242,1,0.0496,0.6399,0.906,0.0000,0.0000
158.290,1,0.0501,0.6398,0.906,0.0000,0.0000
158.344,1,0.0507,0.6397,0.905,0.0000,0.0000
158.438,1,0.0509,0.6397,0.906,0.0000,0.0000
158.493,1,0.0509,0.6397,0.905,0.0000,0.0000
158.549,1,0.0509,0.6397,0.906,0.0000,0.0000
158.636,1,0.0509,0.6399,0.904,0.0000,0.0000
158.686,1,0.0509,0.6399,0.905,0.0000,0.0000
158.742,1,0.0510,0.6400,0.903,0.0000,0.0000
158.828,1,0.0517,0.6394,0.900,0.0000,0.0000
158.890,1,0.0528,0.6393,0.900,0.0000,0.0000
158.941,1,0.0532,0.6393,0.898,0.0000,0.0000
159.076,1,0.0531,0.6393,0.899,0.0000,0.0000
159.152,1,0.0523,0.6392,0.898,0.0000,0.0000
159.198,1,0.0496,0.6399,0.903,0.0000,0.0000
159.258,1,0.0475,0.6402,0.904,0.0000,0.0000
159.310,1,0.0461,0.6404,0.905,0.0000,0.0000
159.412,1,0.0468,0.6406,0.908,0.0000,0.0000
159.458,1,0.0481,0.6407,0.907,0.0000,0.0000
159.513,1,0.0490,0.6406,0.906,0.0000,0.0000
159.577,1,0.0486,0.6404,0.905,0.0000,0.0000
159.685,1,0.0498,0.6393,0.903,0.0000,0.0000
159.756,1,0.0513,0.6387,0.905,0.0000,0.0000
159.807,1,0.0530,0.6382,0.903,0.0000,0.0000
159.853,1,0.0543,0.6380,0.903,0.0000,0.0000
159.905,1,0.0550,0.6378,0.902,0.0000,0.0000
159.994,1,0.0556,0.6376,0.903,0.0000,0.0000
160.043,1,0.0558,0.6374,0.904,0.0000,0.0000
160.315,1,0.0556,0.6370,0.903,0.0000,0.0000
160.424,1,0.0551,0.6367,0.901,0.0000,0.0000
160.487,1,0.0544,0.6358,0.897,0.0000,0.0000
160.540,1,0.0550,0.6360,0.895,0.0000,0.0000
160.637,1,0.0551,0.6363,0.897,0.0000,0.0000
160.729,1,0.0542,0.6366,0.899,0.0000,0.0000
160.776,1,0.0536,0.6370,0.901,0.0000,0.0000
160.859,1,0.0540,0.6375,0.902,0.0000,0.0000
160.924,1,0.0549,0.6376,0.902,0.0000,0.0000
160.975,1,0.0558,0.6376,0.903,0.0000,0.0000
161.045,1,0.0559,0.6377,0.903,0.0000,0.0000
161.156,1,0.0556,0.6380,0.903,0.0000,0.0000
161.231,1,0.0549,0.6382,0.905,0.0000,0.0000
161.288,1,0.0547,0.6384,0.905,0.0000,0.0000
161.346,1,0.0548,0.6378,0.903,0.0000,0.0000
161.397,1,0.0546,0.6374,0.903,0.0000,0.0000
161.538,1,0.0548,0.6373,0.902,0.0000,0.0000
161.595,1,0.0549,0.6372,0.904,0.0000,0.0000
161.649,1,0.0549,0.6369,0.903,0.0000,0.0000
161.705,1,0.0548,0.6370,0.903,0.0000,0.0000
161.812,1,0.0552,0.6377,0.901,0.0000,0.0000
161.887,1,0.0553,0.6378,0.902,0.0000,0.0000
161.955,1,0.0552,0.6379,0.901,0.0000,0.0000
162.004,1,0.0554,0.6383,0.901,0.0000,0.0000
162.092,1,0.0561,0.6385,0.902,0.0000,0.0000
162.140,1,0.0575,0.6395,0.901,0.0000,0.0000
162.216,1,0.0583,0.6402,0.901,0.0000,0.0000
162.280,1,0.0586,0.6406,0.901,0.0000,0.0000
162.330,1,0.0590,0.6407,0.903,0.0000,0.0000
162.444,1,0.0591,0.6407,0.904,0.0000,0.0000
162.526,1,0.0591,0.6408,0.903,0.0000,0.0000
162.577,1,0.0588,0.6408,0.902,0.0000,0.0000
162.631,1,0.0580,0.6409,0.903,0.0000,0.0000
162.744,1,0.0576,0.6409,0.902,0.0000,0.0000
162.797,1,0.0576,0.6407,0.902,0.0000,0.0000
162.847,1,0.0573,0.6403,0.902,0.0000,0.0000
162.907,1,0.0565,0.6394,0.901,0.0000,0.0000
162.987,1,0.0565,0.6395,0.901,0.0000,0.0000
163.039,1,0.0560,0.6389,0.901,0.0000,0.0000
163.132,1,0.0559,0.6385,0.902,0.0000,0.0000
163.179,1,0.0554,0.6386,0.902,0.0000,0.0000
163.231,1,0.0552,0.6386,0.902,0.0000,0.0000
163.331,1,0.0552,0.6387,0.903,0.0000,0.0000
163.412,1,0.0555,0.6388,0.903,0.0000,0.0000
163.465,1,0.0557,0.6390,0.902,0.0000,0.0000
163.511,1,0.0556,0.6391,0.902,0.0000,0.0000
163.561,1,0.0555,0.6391,0.902,0.0000,0.0000
163.653,1,0.0549,0.6392,0.902,0.0000,0.0000
163.727,1,0.0546,0.6392,0.903,0.0000,0.0000
163.779,1,0.0542,0.6392,0.903,0.0000,0.0000
163.827,1,0.0542,0.6391,0.903,0.0000,0.0000
163.915,1,0.0542,0.6389,0.904,0.0000,0.0000
163.986,1,0.0543,0.6387,0.904,0.0000,0.0000
164.038,1,0.0543,0.6386,0.904,0.0000,0.0000
164.130,1,0.0542,0.6385,0.904,0.0000,0.0000
164.181,1,0.0542,0.6386,0.905,0.0000,0.0000
164.227,1,0.0544,0.6388,0.904,0.0000,0.0000
164.327,1,0.0546,0.6390,0.904,0.0000,0.0000
164.382,1,0.0545,0.6390,0.903,0.0000,0.0000
164.428,1,0.0543,0.6392,0.903,0.0000,0.0000
164.537,1,0.0546,0.6392,0.903,0.0000,0.0000
164.614,1,0.0547,0.6394,0.902,0.0000,0.0000
164.672,1,0.0550,0.6392,0.903,0.0000,0.0000
164.743,1,0.0564,0.6396,0.901,0.0000,0.0000
164.791,1,0.0590,0.6406,0.900,0.0000,0.0000
164.905,1,0.0619,0.6411,0.900,0.0000,0.0000
164.983,1,0.0640,0.6412,0.903,0.0000,0.0000
165.031,1,0.0654,0.6413,0.903,0.0000,0.0000
165.122,1,0.0672,0.6414,0.903,0.0000,0.0000
165.183,1,0.0682,0.6414,0.903,0.0000,0.0000
165.230,1,0.0686,0.6416,0.901,0.0000,0.0000
165.312,1,0.0685,0.6415,0.899,0.0000,0.0000
165.364,1,0.0679,0.6413,0.899,0.0000,0.0000
165.461,1,0.0676,0.6409,0.899,0.0000,0.0000
165.511,1,0.0670,0.6406,0.899,0.0000,0.0000
165.559,1,0.0665,0.6404,0.899,0.0000,0.0000
165.658,1,0.0657,0.6398,0.899,0.0000,0.0000
165.721,1,0.0649,0.6390,0.900,0.0000,0.0000
165.770,1,0.0642,0.6384,0.901,0.0000,0.0000
165.833,1,0.0635,0.6382,0.901,0.0000,0.0000
165.910,1,0.0633,0.6383,0.902,0.0000,0.0000
165.968,1,0.0630,0.6383,0.904,0.0000,0.0000
166.034,1,0.0624,0.6384,0.903,0.0000,0.0000
166.125,1,0.0618,0.6386,0.903,0.0000,0.0000
166.187,1,0.0610,0.6388,0.904,0.0000,0.0000
166.238,1,0.0604,0.6393,0.905,0.0000,0.0000
166.290,1,0.0597,0.6405,0.905,0.0000,0.0000
166.399,1,0.0586,0.6411,0.905,0.0000,0.0000
166.471,1,0.0572,0.6409,0.902,0.0000,0.0000
166.517,1,0.0564,0.6403,0.903,0.0000,0.0000
166.561,1,0.0552,0.6400,0.904,0.0000,0.0000
166.662,1,0.0536,0.6402,0.905,0.0000,0.0000
166.711,1,0.0520,0.6404,0.901,0.0000,0.0000
166.748,1,0.0507,0.6403,0.900,0.0000,0.0000
166.849,1,0.0498,0.6400,0.898,0.0000,0.0000
166.931,1,0.0491,0.6397,0.897,0.0000,0.0000
166.993,1,0.0478,0.6393,0.898,0.0000,0.0000
167.039,1,0.0462,0.6390,0.897,0.0000,0.0000
167.090,1,0.0443,0.6388,0.895,0.0000,0.0000
167.160,1,0.0428,0.6388,0.894,0.0000,0.0000
167.248,1,0.0421,0.6388,0.894,0.0000,0.0000
167.306,1,0.0417,0.6389,0.894,0.0000,0.0000
167.357,1,0.0414,0.6388,0.894,0.0000,0.0000
167.480,1,0.0407,0.6388,0.895,0.0000,0.0000
167.540,1,0.0401,0.6388,0.894,0.0000,0.0000
167.592,1,0.0398,0.6389,0.894,0.0000,0.0000
167.663,1,0.0397,0.6390,0.893,0.0000,0.0000
167.727,1,0.0391,0.6389,0.893,0.0000,0.0000
167.812,1,0.0388,0.6389,0.892,0.0000,0.0000
167.865,1,0.0392,0.6390,0.892,0.0000,0.0000
167.955,1,0.0386,0.6388,0.892,0.0000,0.0000
168.003,1,0.0383,0.6387,0.891,0.0000,0.0000
168.052,1,0.0389,0.6387,0.891,0.0000,0.0000
168.161,1,0.0394,0.6386,0.891,0.0000,0.0000
168.239,1,0.0398,0.6385,0.891,0.0000,0.0000
168.288,1,0.0401,0.6383,0.890,0.0000,0.0000
168.409,1,0.0405,0.6378,0.892,0.0000,0.0000
168.465,1,0.0405,0.6375,0.891,0.0000,0.0000
168.554,1,0.0404,0.6372,0.891,0.0000,0.0000
168.607,1,0.0406,0.6371,0.891,0.0000,0.0000
168.655,1,0.0406,0.6369,0.891,0.0000,0.0000
168.750,1,0.0407,0.6371,0.889,0.0000,0.0000
168.805,1,0.0408,0.6372,0.890,0.0000,0.0000
168.853,1,0.0408,0.6370,0.891,0.0000,0.0000
168.944,1,0.0408,0.6370,0.892,0.0000,0.0000
169.012,1,0.0409,0.6373,0.891,0.0000,0.0000
169.064,1,0.0410,0.6375,0.893,0.0000,0.0000
169.124,1,0.0410,0.6376,0.893,0.0000,0.0000
169.210,1,0.0412,0.6374,0.896,0.0000,0.0000
169.279,1,0.0413,0.6373,0.893,0.0000,0.0000
169.329,1,0.0415,0.6374,0.893,0.0000,0.0000
169.391,1,0.0417,0.6372,0.894,0.0000,0.0000
169.475,1,0.0418,0.6373,0.896,0.0000,0.0000
169.522,1,0.0418,0.6372,0.895,0.0000,0.0000
169.611,1,0.0419,0.6371,0.895,0.0000,0.0000
169.672,1,0.0417,0.6370,0.894,0.0000,0.0000
169.720,1,0.0418,0.6372,0.893,0.0000,0.0000
169.799,1,0.0418,0.6372,0.893,0.0000,0.0000
169.867,1,0.0411,0.6386,0.892,0.0000,0.0000
169.918,1,0.0407,0.6395,0.893,0.0000,0.0000
170.009,1,0.0405,0.6400,0.894,0.0000,0.0000
170.088,1,0.0412,0.6387,0.896,0.0000,0.0000
170.137,1,0.0419,0.6380,0.897,0.0000,0.0000
170.189,1,0.0425,0.6377,0.897,0.0000,0.0000
170.271,1,0.0427,0.6374,0.898,0.0000,0.0000
170.325,1,0.0428,0.6371,0.899,0.0000,0.0000
170.378,1,0.0427,0.6371,0.901,0.0000,0.0000
170.477,1,0.0427,0.6370,0.898,0.0000,0.0000
170.540,1,0.0426,0.6386,0.899,0.0000,0.0000
170.589,1,0.0425,0.6380,0.897,0.0000,0.0000
170.664,1,0.0427,0.6375,0.897,0.0000,0.0000
170.737,1,0.0428,0.6371,0.898,0.0000,0.0000
170.789,1,0.0430,0.6369,0.897,0.0000,0.0000
170.861,1,0.0431,0.6367,0.897,0.0000,0.0000
170.908,1,0.0433,0.6366,0.898,0.0000,0.0000
171.031,1,0.0431,0.6365,0.897,0.0000,0.0000
171.101,1,0.0430,0.6364,0.897,0.0000,0.0000
171.150,1,0.0429,0.6363,0.898,0.0000,0.0000
171.250,1,0.0430,0.6363,0.897,0.0000,0.0000
171.314,1,0.0429,0.6363,0.897,0.0000,0.0000
171.361,1,0.0428,0.6376,0.896,0.0000,0.0000
171.411,1,0.0430,0.6371,0.896,0.0000,0.0000
171.501,1,0.0432,0.6381,0.898,0.0000,0.0000
171.559,1,0.0434,0.6376,0.897,0.0000,0.0000
171.617,1,0.0438,0.6383,0.898,0.0000,0.0000
171.706,1,0.0440,0.6379,0.896,0.0000,0.0000
171.755,1,0.0440,0.6379,0.898,0.0000,0.0000
171.837,1,0.0440,0.6379,0.896,0.0000,0.0000
171.893,1,0.0439,0.6376,0.897,0.0000,0.0000
171.941,1,0.0439,0.6373,0.895,0.0000,0.0000
172.040,1,0.0438,0.6372,0.896,0.0000,0.0000
172.093,1,0.0437,0.6371,0.896,0.0000,0.0000
172.144,1,0.0434,0.6370,0.892,0.0000,0.0000
172.230,1,0.0433,0.6369,0.895,0.0000,0.0000
172.283,1,0.0434,0.6369,0.895,0.0000,0.0000
172.370,1,0.0434,0.6369,0.896,0.0000,0.0000
172.420,1,0.0434,0.6371,0.895,0.0000,0.0000
172.505,1,0.0433,0.6373,0.896,0.0000,0.0000
172.553,1,0.0431,0.6376,0.896,0.0000,0.0000
172.630,1,0.0431,0.6382,0.896,0.0000,0.0000
172.675,1,0.0431,0.6387,0.895,0.0000,0.0000
172.775,1,0.0431,0.6392,0.894,0.0000,0.0000
172.832,1,0.0428,0.6395,0.893,0.0000,0.0000
172.878,1,0.0428,0.6396,0.894,0.0000,0.0000
172.986,1,0.0430,0.6398,0.894,0.0000,0.0000
173.059,1,0.0429,0.6395,0.893,0.0000,0.0000
173.107,1,0.0430,0.6395,0.894,0.0000,0.0000
173.151,1,0.0431,0.6397,0.895,0.0000,0.0000
173.228,1,0.0433,0.6398,0.893,0.0000,0.0000
173.289,1,0.0436,0.6401,0.894,0.0000,0.0000
173.339,1,0.0428,0.6402,0.898,0.0000,0.0000
173.470,1,0.0400,0.6399,0.899,0.0000,0.0000
173.551,1,0.0316,0.6390,0.898,0.0000,0.0000
173.599,1,0.0187,0.6383,0.918,0.0000,0.0000
173.654,1,0.0079,0.6382,0.922,0.0000,0.0000
173.700,1,-0.0011,0.6382,0.918,0.0000,0.0000
173.742,1,-0.0077,0.6388,0.916,0.0000,0.0000
173.838,1,-0.0145,0.6402,0.913,0.0000,0.0000
173.890,1,-0.0238,0.6428,0.903,0.0000,0.0000
173.941,1,-0.0384,0.6452,0.902,0.0000,0.0000
174.051,1,-0.0540,0.6481,0.908,0.0000,0.0000
174.114,1,-0.0711,0.6519,0.910,0.0000,0.0000
174.191,1,-0.0846,0.6588,0.911,0.0000,0.0000
174.242,1,-0.0907,0.6659,0.908,0.0000,0.0000
174.339,1,-0.0934,0.6703,0.910,0.0000,0.0000
174.420,1,-0.0975,0.6756,0.911,0.0000,0.0000
174.465,1,-0.1008,0.6809,0.913,-0.0272,0.0000
174.515,1,-0.1034,0.6860,0.910,-0.0568,0.0000
174.590,1,-0.1076,0.6910,0.907,-0.1019,0.0000
174.652,1,-0.1108,0.6954,0.904,-0.1393,0.0000
174.706,1,-0.1134,0.6980,0.905,-0.1716,0.0000
174.807,1,-0.1162,0.6996,0.905,-0.2192,0.0000
174.873,1,-0.1189,0.7005,0.906,-0.2210,0.0000
174.924,1,-0.1211,0.7008,0.904,-0.2217,0.0310
174.974,1,-0.1224,0.7009,0.902,-0.2219,0.0607
175.065,1,-0.1226,0.7017,0.899,-0.2238,0.1157
175.143,1,-0.1230,0.7024,0.897,-0.2252,0.1622
175.191,1,-0.1228,0.7028,0.898,-0.2263,0.1909
175.242,1,-0.1226,0.7025,0.899,-0.2256,0.2217
175.327,1,-0.1219,0.7015,0.904,-0.2233,0.2439
175.376,1,-0.1198,0.7014,0.908,-0.2230,0.2148
175.478,1,-0.1172,0.7008,0.909,-0.2219,0.1534
175.539,1,-0.1150,0.7003,0.910,-0.2206,0.1168
175.585,1,-0.1115,0.7023,0.913,-0.2251,0.0890
175.636,1,-0.1080,0.7031,0.917,-0.2268,0.0585
175.723,1,-0.1046,0.7023,0.921,-0.2250,0.0064
175.775,1,-0.1008,0.7011,0.918,-0.2225,0.0000
175.897,1,-0.0946,0.6988,0.916,-0.2174,0.0000
175.952,1,-0.0848,0.6967,0.917,-0.2127,0.0000
175.998,1,-0.0687,0.6931,0.914,-0.2048,0.0000
176.118,1,-0.0519,0.6901,0.914,-0.1982,0.0000
176.178,1,-0.0356,0.6873,0.917,-0.1921,0.0000
176.235,1,-0.0207,0.6839,0.919,-0.1845,0.0000
176.348,1,-0.0086,0.6797,0.922,-0.1167,0.0000
176.410,1,0.0005,0.6764,0.920,-0.0798,0.0000
176.490,1,0.0075,0.6725,0.920,-0.0316,0.0000
176.537,1,0.0131,0.6692,0.914,-0.0033,0.0000
176.620,1,0.0167,0.6661,0.915,0.0000,0.0000
176.680,1,0.0193,0.6634,0.914,0.0000,0.0000
176.738,1,0.0210,0.6612,0.907,0.0000,0.0000
176.841,1,0.0203,0.6598,0.907,0.0000,0.0000
176.909,1,0.0163,0.6585,0.891,0.0000,0.0000
176.957,1,0.0157,0.6565,0.891,0.0000,0.0000
177.007,1,0.0213,0.6543,0.868,0.0000,0.0000
177.090,1,0.0274,0.6520,0.885,0.0000,0.0000
177.141,1,0.0328,0.6505,0.884,0.0000,0.0000
177.195,1,0.0388,0.6490,0.883,0.0000,0.0000
177.291,1,0.0432,0.6481,0.884,0.0000,0.0000
177.356,1,0.0445,0.6479,0.887,0.0000,0.0000
177.417,1,0.0447,0.6476,0.884,0.0000,0.0000
177.465,1,0.0466,0.6475,0.893,0.0000,0.0000
177.574,1,0.0471,0.6475,0.886,0.0000,0.0000
177.635,1,0.0462,0.6477,0.886,0.0000,0.0000
177.683,1,0.0438,0.6462,0.889,0.0000,0.0000
177.735,1,0.0414,0.6452,0.893,0.0000,0.0000
177.814,1,0.0398,0.6440,0.896,0.0000,0.0000
177.867,1,0.0378,0.6429,0.889,0.0000,0.0000
177.967,1,0.0360,0.6422,0.901,0.0000,0.0000
178.027,1,0.0353,0.6413,0.902,0.0000,0.0000
178.072,1,0.0348,0.6403,0.904,0.0000,0.0000
178.124,1,0.0344,0.6395,0.908,0.0000,0.0000
178.242,1,0.0342,0.6392,0.906,0.0000,0.0000
178.304,1,0.0343,0.6389,0.904,0.0000,0.0000
178.354,1,0.0336,0.6386,0.910,0.0000,0.0000
178.404,1,0.0326,0.6384,0.912,0.0000,0.0000
178.475,1,0.0324,0.6391,0.901,0.0000,0.0000
178.526,1,0.0322,0.6395,0.902,0.0000,0.0000
178.650,1,0.0319,0.6401,0.902,0.0000,0.0000
178.729,1,0.0316,0.6408,0.904,0.0000,0.0000
178.777,1,0.0321,0.6413,0.903,0.0000,0.0000
178.826,1,0.0331,0.6415,0.903,0.0000,0.0000
178.913,1,0.0341,0.6417,0.903,0.0000,0.0000
178.969,1,0.0345,0.6418,0.903,0.0000,0.0000
179.043,1,0.0348,0.6417,0.903,0.0000,0.0000
179.107,1,0.0352,0.6417,0.903,0.0000,0.0000
179.158,1,0.0355,0.6417,0.904,0.0000,0.0000
179.292,1,0.0358,0.6417,0.903,0.0000,0.0000
179.353,1,0.0364,0.6415,0.904,0.0000,0.0000
179.404,1,0.0361,0.6413,0.903,0.0000,0.0000
179.466,1,0.0365,0.6411,0.903,0.0000,0.0000
179.540,1,0.0361,0.6411,0.903,0.0000,0.0000
179.603,1,0.0351,0.6410,0.904,0.0000,0.0000
179.679,1,0.0347,0.6411,0.904,0.0000,0.0000
179.744,1,0.0344,0.6412,0.904,0.0000,0.0000
179.796,1,0.0347,0.6413,0.903,0.0000,0.0000
179.881,1,0.0359,0.6411,0.904,0.0000,0.0000
179.941,1,0.0359,0.6406,0.905,0.0000,0.0000
180.003,1,0.0342,0.6402,0.905,0.0000,0.0000
180.069,1,0.0327,0.6401,0.905,0.0000,0.0000
180.145,1,0.0318,0.6402,0.906,0.0000,0.0000
180.201,1,0.0316,0.6404,0.905,0.0000,0.0000
180.275,1,0.0318,0.6407,0.905,0.0000,0.0000
180.339,1,0.0325,0.6406,0.904,0.0000,0.0000
180.390,1,0.0329,0.6405,0.903,0.0000,0.0000
180.489,1,0.0323,0.6404,0.904,0.0000,0.0000
180.546,1,0.0315,0.6402,0.904,0.0000,0.0000
180.601,1,0.0308,0.6400,0.904,0.0000,0.0000
180.675,1,0.0302,0.6399,0.903,0.0000,0.0000
180.729,1,0.0301,0.6397,0.904,0.0000,0.0000
180.815,1,0.0297,0.6393,0.903,0.0000,0.0000
180.884,1,0.0297,0.6390,0.904,0.0000,0.0000
180.929,1,0.0296,0.6389,0.904,0.0000,0.0000
181.005,1,0.0294,0.6387,0.904,0.0000,0.0000
181.080,1,0.0290,0.6387,0.905,0.0000,0.0000
181.128,1,0.0284,0.6388,0.904,0.0000,0.0000
181.190,1,0.0281,0.6392,0.905,0.0000,0.0000
181.317,1,0.0281,0.6393,0.904,0.0000,0.0000
181.394,1,0.0281,0.6395,0.903,0.0000,0.0000
181.459,1,0.0280,0.6397,0.902,0.0000,0.0000
181.522,1,0.0280,0.6399,0.901,0.0000,0.0000
181.577,1,0.0278,0.6400,0.902,0.0000,0.0000
181.626,1,0.0278,0.6403,0.901,0.0000,0.0000
181.717,1,0.0283,0.6404,0.902,0.0000,0.0000
181.790,1,0.0281,0.6406,0.903,0.0000,0.0000
181.836,1,0.0280,0.6408,0.903,0.0000,0.0000
181.888,1,0.0278,0.6409,0.903,0.0000,0.0000
181.991,1,0.0273,0.6410,0.904,0.0000,0.0000
182.060,1,0.0277,0.6411,0.902,0.0000,0.0000
182.108,1,0.0284,0.6411,0.901,0.0000,0.0000
182.158,1,0.0285,0.6411,0.901,0.0000,0.0000
182.249,1,0.0287,0.6412,0.902,0.0000,0.0000
182.299,1,0.0295,0.6411,0.901,0.0000,0.0000
182.375,1,0.0307,0.6410,0.901,0.0000,0.0000
182.423,1,0.0329,0.6409,0.900,0.0000,0.0000
182.528,1,0.0343,0.6408,0.900,0.0000,0.0000
182.608,1,0.0349,0.6408,0.901,0.0000,0.0000
182.660,1,0.0349,0.6408,0.901,0.0000,0.0000
182.762,1,0.0347,0.6407,0.902,0.0000,0.0000
182.840,1,0.0345,0.6405,0.902,0.0000,0.0000
182.888,1,0.0340,0.6404,0.902,0.0000,0.0000
183.001,1,0.0340,0.6404,0.902,0.0000,0.0000
183.060,1,0.0338,0.6404,0.901,0.0000,0.0000
183.108,1,0.0338,0.6404,0.903,0.0000,0.0000
183.165,1,0.0335,0.6404,0.902,0.0000,0.0000
183.224,1,0.0332,0.6404,0.903,0.0000,0.0000
183.348,1,0.0331,0.6405,0.903,0.0000,0.0000
183.404,1,0.0328,0.6407,0.903,0.0000,0.0000
183.464,1,0.0328,0.6409,0.902,0.0000,0.0000
183.558,1,0.0330,0.6410,0.901,0.0000,0.0000
183.599,1,0.0329,0.6412,0.901,0.0000,0.0000
183.646,1,0.0328,0.6413,0.901,0.0000,0.0000
183.742,1,0.0330,0.6413,0.902,0.0000,0.0000
183.792,1,0.0333,0.6413,0.903,0.0000,0.0000
183.875,1,0.0339,0.6411,0.902,0.0000,0.0000
183.925,1,0.0348,0.6411,0.903,0.0000,0.0000
183.983,1,0.0360,0.6408,0.904,0.0000,0.0000
184.102,1,0.0371,0.6403,0.903,0.0000,0.0000
184.156,1,0.0382,0.6398,0.903,0.0000,0.0000
184.304,1,0.0371,0.6404,0.902,0.0000,0.0000
184.354,1,0.0360,0.6408,0.904,0.0000,0.0000
184.460,1,0.0355,0.6404,0.903,0.0000,0.0000
184.529,1,0.0349,0.6402,0.903,0.0000,0.0000
184.591,1,0.0346,0.6402,0.903,0.0000,0.0000
184.641,1,0.0349,0.6403,0.903,0.0000,0.0000
184.691,1,0.0361,0.6404,0.901,0.0000,0.0000
184.754,1,0.0371,0.6406,0.901,0.0000,0.0000
184.826,1,0.0381,0.6408,0.900,0.0000,0.0000
184.890,1,0.0392,0.6412,0.902,0.0000,0.0000
184.988,1,0.0400,0.6414,0.903,0.0000,0.0000
185.065,1,0.0394,0.6417,0.902,0.0000,0.0000
185.110,1,0.0387,0.6419,0.903,0.0000,0.0000
185.224,1,0.0392,0.6420,0.904,0.0000,0.0000
185.299,1,0.0400,0.6421,0.903,0.0000,0.0000
185.359,1,0.0415,0.6421,0.904,0.0000,0.0000
185.413,1,0.0443,0.6420,0.904,0.0000,0.0000
185.498,1,0.0457,0.6420,0.905,0.0000,0.0000
185.580,1,0.0455,0.6419,0.902,0.0000,0.0000
185.636,1,0.0449,0.6419,0.902,0.0000,0.0000
185.680,1,0.0446,0.6420,0.901,0.0000,0.0000
185.769,1,0.0445,0.6421,0.900,0.0000,0.0000
185.825,1,0.0444,0.6423,0.900,0.0000,0.0000
185.874,1,0.0445,0.6424,0.900,0.0000,0.0000
186.006,1,0.0449,0.6426,0.898,0.0000,0.0000
186.079,1,0.0452,0.6426,0.898,0.0000,0.0000
186.126,1,0.0454,0.6427,0.898,0.0000,0.0000
186.164,1,0.0450,0.6427,0.897,0.0000,0.0000
186.295,1,0.0444,0.6427,0.897,0.0000,0.0000
186.370,1,0.0442,0.6427,0.896,0.0000,0.0000
186.421,1,0.0457,0.6422,0.895,0.0000,0.0000
186.493,1,0.0480,0.6419,0.895,0.0000,0.0000
186.573,1,0.0504,0.6418,0.897,0.0000,0.0000
186.610,1,0.0523,0.6415,0.895,0.0000,0.0000
186.731,1,0.0533,0.6414,0.893,0.0000,0.0000
186.800,1,0.0519,0.6419,0.890,0.0000,0.0000
186.857,1,0.0496,0.6426,0.893,0.0000,0.0000
186.911,1,0.0467,0.6431,0.898,0.0000,0.0000
186.990,1,0.0437,0.6434,0.901,0.0000,0.0000
187.082,1,0.0403,0.6436,0.904,0.0000,0.0000
187.137,1,0.0378,0.6437,0.901,0.0000,0.0000
187.187,1,0.0333,0.6427,0.906,0.0000,0.0000
187.241,1,0.0268,0.6413,0.912,0.0000,0.0000
187.338,1,0.0188,0.6407,0.910,0.0000,0.0000
187.397,1,0.0090,0.6398,0.909,0.0000,0.0000
187.454,1,0.0021,0.6397,0.915,0.0000,0.0000
187.510,1,-0.0030,0.6396,0.913,0.0000,0.0000
187.609,1,-0.0032,0.6394,0.913,0.0000,0.0000
187.674,1,-0.0043,0.6387,0.911,0.0000,0.0000
187.728,1,-0.0049,0.6378,0.911,0.0000,0.0000
187.785,1,-0.0054,0.6370,0.911,0.0000,0.0000
187.867,1,-0.0054,0.6365,0.910,0.0000,0.0000
187.923,1,-0.0045,0.6364,0.910,0.0000,0.0000
187.977,1,-0.0023,0.6362,0.912,0.0000,0.0000
188.069,1,-0.0007,0.6357,0.913,0.0000,0.0000
188.124,1,0.0003,0.6354,0.913,0.0000,0.0000
188.175,1,0.0011,0.6353,0.913,0.0000,0.0000
188.299,1,0.0023,0.6357,0.915,0.0000,0.0000
188.382,1,0.0030,0.6360,0.915,0.0000,0.0000
188.469,1,0.0033,0.6361,0.915,0.0000,0.0000
188.522,1,0.0035,0.6363,0.916,0.0000,0.0000
188.613,1,0.0041,0.6362,0.917,0.0000,0.0000
188.680,1,0.0048,0.6360,0.918,0.0000,0.0000
188.739,1,0.0051,0.6359,0.918,0.0000,0.0000
188.796,1,0.0054,0.6356,0.918,0.0000,0.0000
188.853,1,0.0055,0.6353,0.917,0.0000,0.0000
188.921,1,0.0056,0.6350,0.917,0.0000,0.0000
188.985,1,0.0057,0.6347,0.918,0.0000,0.0000
189.037,1,0.0059,0.6344,0.917,0.0000,0.0000
189.171,1,0.0059,0.6341,0.917,0.0000,0.0000
189.245,1,0.0059,0.6339,0.917,0.0000,0.0000
189.294,1,0.0059,0.6337,0.917,0.0000,0.0000
189.347,1,0.0059,0.6337,0.917,0.0000,0.0000
189.410,1,0.0060,0.6338,0.918,0.0000,0.0000
189.475,1,0.0061,0.6340,0.918,0.0000,0.0000
189.573,1,0.0064,0.6342,0.917,0.0000,0.0000
189.623,1,0.0066,0.6343,0.916,0.0000,0.0000
189.688,1,0.0068,0.6346,0.917,0.0000,0.0000
189.741,1,0.0070,0.6348,0.916,0.0000,0.0000
189.834,1,0.0071,0.6350,0.917,0.0000,0.0000
189.887,1,0.0072,0.6350,0.916,0.0000,0.0000
189.946,1,0.0072,0.6350,0.917,0.0000,0.0000
190.016,1,0.0073,0.6349,0.917,0.0000,0.0000
190.085,1,0.0073,0.6349,0.917,0.0000,0.0000
190.137,1,0.0074,0.6349,0.916,0.0000,0.0000
190.188,1,0.0073,0.6350,0.917,0.0000,0.0000
190.261,1,0.0073,0.6351,0.917,0.0000,0.0000
190.315,1,0.0073,0.6351,0.917,0.0000,0.0000
190.382,1,0.0073,0.6352,0.916,0.0000,0.0000
190.435,1,0.0073,0.6352,0.916,0.0000,0.0000
190.530,1,0.0073,0.6353,0.916,0.0000,0.0000
190.589,1,0.0074,0.6353,0.917,0.0000,0.0000
190.641,1,0.0075,0.6353,0.916,0.0000,0.0000
190.741,1,0.0075,0.6353,0.917,0.0000,0.0000
190.809,1,0.0076,0.6353,0.916,0.0000,0.0000
190.859,1,0.0076,0.6354,0.916,0.0000,0.0000
190.925,1,0.0075,0.6354,0.915,0.0000,0.0000
190.981,1,0.0075,0.6354,0.915,0.0000,0.0000
191.034,1,0.0075,0.6355,0.915,0.0000,0.0000
191.131,1,0.0075,0.6355,0.914,0.0000,0.0000
191.202,1,0.0076,0.6355,0.915,0.0000,0.0000
191.254,1,0.0076,0.6354,0.916,0.0000,0.0000
191.303,1,0.0076,0.6354,0.916,0.0000,0.0000
191.420,1,0.0078,0.6354,0.916,0.0000,0.0000
191.473,1,0.0078,0.6354,0.917,0.0000,0.0000
191.550,1,0.0078,0.6353,0.916,0.0000,0.0000
191.614,1,0.0078,0.6352,0.917,0.0000,0.0000
191.682,1,0.0078,0.6351,0.917,0.0000,0.0000
191.738,1,0.0078,0.6350,0.917,0.0000,0.0000
191.843,1,0.0078,0.6350,0.916,0.0000,0.0000
191.945,1,0.0079,0.6350,0.916,0.0000,0.0000
192.003,1,0.0079,0.6352,0.913,0.0000,0.0000
192.085,1,0.0077,0.6359,0.915,0.0000,0.0000
192.141,1,0.0072,0.6365,0.917,0.0000,0.0000
192.209,1,0.0067,0.6376,0.919,0.0000,0.0000
192.269,1,0.0059,0.6373,0.917,0.0000,0.0000
192.355,1,0.0056,0.6369,0.916,0.0000,0.0000
192.408,1,0.0059,0.6366,0.916,0.0000,0.0000
192.457,1,0.0063,0.6365,0.914,0.0000,0.0000
192.574,1,0.0066,0.6366,0.915,0.0000,0.0000
192.629,1,0.0066,0.6366,0.913,0.0000,0.0000
192.680,1,0.0066,0.6365,0.914,0.0000,0.0000
192.726,1,0.0067,0.6366,0.914,0.0000,0.0000
192.840,1,0.0070,0.6365,0.916,0.0000,0.0000
192.904,1,0.0076,0.6370,0.915,0.0000,0.0000
192.953,1,0.0124,0.6412,0.912,0.0000,0.0000
192.995,1,0.0155,0.6431,0.910,0.0000,0.0000
193.078,1,0.0188,0.6439,0.906,0.0000,0.0000
193.127,1,0.0239,0.6420,0.904,0.0000,0.0000
193.221,1,0.0273,0.6415,0.904,0.0000,0.0000
193.271,1,0.0291,0.6412,0.905,0.0000,0.0000
193.350,1,0.0311,0.6415,0.905,0.0000,0.0000
193.406,1,0.0325,0.6418,0.906,0.0000,0.0000
193.459,1,0.0336,0.6417,0.906,0.0000,0.0000
193.560,1,0.0355,0.6415,0.908,0.0000,0.0000
193.624,1,0.0367,0.6414,0.909,0.0000,0.0000
193.674,1,0.0332,0.6413,0.907,0.0000,0.0000
193.723,1,0.0291,0.6415,0.909,0.0000,0.0000
193.833,1,0.0240,0.6410,0.912,0.0000,0.0000
193.891,1,0.0163,0.6406,0.911,0.0000,0.0000
193.942,1,0.0085,0.6401,0.912,0.0000,0.0000
193.992,1,0.0035,0.6399,0.913,0.0000,0.0000
194.091,1,0.0007,0.6395,0.911,0.0000,0.0000
194.151,1,0.0007,0.6389,0.909,0.0000,0.0000
194.200,1,0.0007,0.6384,0.911,0.0000,0.0000
194.277,1,-0.0001,0.6381,0.912,0.0000,0.0000
194.323,1,-0.0006,0.6377,0.912,0.0000,0.0000
194.428,1,-0.0005,0.6372,0.912,0.0000,0.0000
194.483,1,0.0005,0.6369,0.912,0.0000,0.0000
194.530,1,0.0023,0.6368,0.911,0.0000,0.0000
194.612,1,0.0040,0.6368,0.912,0.0000,0.0000
194.661,1,0.0054,0.6369,0.911,0.0000,0.0000
194.751,1,0.0066,0.6368,0.911,0.0000,0.0000
194.813,1,0.0075,0.6369,0.911,0.0000,0.0000
194.920,1,0.0079,0.6369,0.908,0.0000,0.0000
194.978,1,0.0084,0.6372,0.909,0.0000,0.0000
195.033,1,0.0098,0.6375,0.909,0.0000,0.0000
195.102,1,0.0112,0.6377,0.909,0.0000,0.0000
195.160,1,0.0129,0.6375,0.909,0.0000,0.0000
195.320,1,0.0141,0.6372,0.912,0.0000,0.0000
195.388,1,0.0149,0.6369,0.912,0.0000,0.0000
195.454,1,0.0142,0.6365,0.913,0.0000,0.0000
195.505,1,0.0136,0.6365,0.912,0.0000,0.0000
195.557,1,0.0132,0.6365,0.912,0.0000,0.0000
195.665,1,0.0131,0.6366,0.913,0.0000,0.0000
195.714,1,0.0132,0.6361,0.911,0.0000,0.0000
195.762,1,0.0137,0.6362,0.910,0.0000,0.0000
195.858,1,0.0136,0.6362,0.910,0.0000,0.0000
195.916,1,0.0133,0.6362,0.911,0.0000,0.0000
195.972,1,0.0128,0.6360,0.911,0.0000,0.0000
196.021,1,0.0125,0.6358,0.910,0.0000,0.0000
196.125,1,0.0124,0.6355,0.909,0.0000,0.0000
196.196,1,0.0126,0.6352,0.909,0.0000,0.0000
196.248,1,0.0128,0.6350,0.909,0.0000,0.0000
196.296,1,0.0136,0.6350,0.909,0.0000,0.0000
196.371,1,0.0145,0.6353,0.907,0.0000,0.0000
196.441,1,0.0152,0.6357,0.906,0.0000,0.0000
196.490,1,0.0156,0.6354,0.906,0.0000,0.0000
196.588,1,0.0141,0.6345,0.907,0.0000,0.0000
196.656,1,0.0167,0.6344,0.909,0.0000,0.0000
196.702,1,0.0211,0.6344,0.896,0.0000,0.0000
196.752,1,0.0214,0.6344,0.898,0.0000,0.0000
196.859,1,0.0242,0.6346,0.899,0.0000,0.0000
196.919,1,0.0273,0.6345,0.898,0.0000,0.0000
196.971,1,0.0303,0.6342,0.899,0.0000,0.0000
197.015,1,0.0322,0.6335,0.897,0.0000,0.0000
197.123,1,0.0324,0.6323,0.902,0.0000,0.0000
197.173,1,0.0325,0.6312,0.901,0.0000,0.0000
197.219,1,0.0317,0.6298,0.900,0.0000,0.0000
197.327,1,0.0298,0.6280,0.899,0.0000,0.0000
197.397,1,0.0260,0.6265,0.899,0.0000,0.0000
197.451,1,0.0225,0.6247,0.901,0.0000,0.0000
197.504,1,0.0187,0.6232,0.902,0.0000,0.0000
197.554,1,0.0151,0.6222,0.904,0.0000,0.0000
197.643,1,0.0123,0.6211,0.906,0.0000,0.0000
197.702,1,0.0103,0.6199,0.905,0.0000,0.0000
197.756,1,0.0095,0.6189,0.895,0.0000,0.0000
197.851,1,0.0094,0.6184,0.893,0.0000,0.0000
197.919,1,0.0102,0.6184,0.888,0.0000,0.0000
197.969,1,0.0115,0.6184,0.883,0.0000,0.0000
198.015,1,0.0121,0.6185,0.888,0.0000,0.0000
198.118,1,0.0120,0.6183,0.883,0.0000,0.0000
198.190,1,0.0121,0.6181,0.883,0.0000,0.0000
198.237,1,0.0127,0.6179,0.883,0.0000,0.0000
198.285,1,0.0128,0.6178,0.885,0.0000,0.0000
198.391,1,0.0128,0.6176,0.886,0.0000,0.0000
198.470,1,0.0121,0.6174,0.887,0.0000,0.0000
198.522,1,0.0110,0.6172,0.887,0.0000,0.0000
198.607,1,0.0101,0.6170,0.889,0.0000,0.0000
198.666,1,0.0091,0.6169,0.892,0.0000,0.0000
198.710,1,0.0082,0.6160,0.889,0.0000,0.0000
198.827,1,0.0074,0.6156,0.889,0.0000,0.0000
198.906,1,0.0069,0.6154,0.890,0.0000,0.0000
198.959,1,0.0064,0.6154,0.890,0.0000,0.0000
199.010,1,0.0063,0.6158,0.892,0.0000,0.0000
199.116,1,0.0060,0.6161,0.892,0.0000,0.0000
199.175,1,0.0060,0.6164,0.891,0.0000,0.0000
199.223,1,0.0064,0.6160,0.890,0.0000,0.0000
199.282,1,0.0070,0.6158,0.890,0.0000,0.0000
199.372,1,0.0075,0.6155,0.891,0.0000,0.0000
199.432,1,0.0083,0.6155,0.890,0.0000,0.0000
199.479,1,0.0085,0.6156,0.891,0.0000,0.0000
199.574,1,0.0085,0.6161,0.890,0.0000,0.0000
199.641,1,0.0087,0.6169,0.892,0.0000,0.0000
199.692,1,0.0084,0.6172,0.890,0.0000,0.0000
199.740,1,0.0073,0.6175,0.890,0.0000,0.0000
199.854,1,0.0065,0.6177,0.891,0.0000,0.0000
199.910,1,0.0061,0.6179,0.891,0.0000,0.0000
199.956,1,0.0060,0.6180,0.890,0.0000,0.0000
200.039,1,0.0061,0.6182,0.890,0.0000,0.0000
200.086,1,0.0068,0.6192,0.899,0.0000,0.0000
200.158,1,0.0066,0.6190,0.901,0.0000,0.0000
200.237,1,0.0073,0.6181,0.909,0.0000,0.0000
200.287,1,0.0088,0.6175,0.907,0.0000,0.0000
200.354,1,0.0092,0.6171,0.909,0.0000,0.0000
200.409,1,0.0094,0.6179,0.904,0.0000,0.0000
200.515,1,0.0101,0.6191,0.899,0.0000,0.0000
200.601,1,0.0114,0.6204,0.897,0.0000,0.0000
200.652,1,0.0121,0.6214,0.899,0.0000,0.0000
200.735,1,0.0133,0.6219,0.894,0.0000,0.0000
200.779,1,0.0149,0.6223,0.895,0.0000,0.0000
200.864,1,0.0170,0.6224,0.896,0.0000,0.0000
200.923,1,0.0191,0.6223,0.899,0.0000,0.0000
200.977,1,0.0204,0.6224,0.899,0.0000,0.0000
201.058,1,0.0217,0.6220,0.900,0.0000,0.0000
201.107,1,0.0227,0.6213,0.900,0.0000,0.0000
201.206,1,0.0233,0.6205,0.898,0.0000,0.0000
201.252,1,0.0239,0.6199,0.899,0.0000,0.0000
201.338,1,0.0242,0.6191,0.899,0.0000,0.0000
201.398,1,0.0244,0.6184,0.900,0.0000,0.0000
201.445,1,0.0248,0.6182,0.900,0.0000,0.0000
201.527,1,0.0254,0.6182,0.901,0.0000,0.0000
201.588,1,0.0260,0.6182,0.902,0.0000,0.0000
201.637,1,0.0271,0.6184,0.901,0.0000,0.0000
201.785,1,0.0281,0.6186,0.902,0.0000,0.0000
201.851,1,0.0290,0.6192,0.902,0.0000,0.0000
201.895,1,0.0295,0.6197,0.902,0.0000,0.0000
201.942,1,0.0299,0.6200,0.902,0.0000,0.0000
202.019,1,0.0297,0.6201,0.903,0.0000,0.0000
202.071,1,0.0293,0.6201,0.902,0.0000,0.0000
202.117,1,0.0286,0.6196,0.899,0.0000,0.0000
202.188,1,0.0277,0.6191,0.896,0.0000,0.0000
202.235,1,0.0267,0.6184,0.898,0.0000,0.0000
202.341,1,0.0243,0.6174,0.899,0.0000,0.0000
202.392,1,0.0213,0.6171,0.898,0.0000,0.0000
202.442,1,-0.0120,0.6169,0.926,0.0000,0.0000
202.657,1,-0.0479,0.6180,0.918,0.0000,0.0000
202.725,1,-0.0776,0.6202,0.909,0.0000,0.0000
202.783,1,-0.0634,0.6209,0.907,0.0000,0.0000
202.840,1,-0.0530,0.6214,0.912,0.0000,0.0000
202.927,1,-0.0418,0.6204,0.927,0.0000,0.0000
203.002,1,-0.0307,0.6204,0.912,0.0000,0.0000
203.071,1,-0.0158,0.6185,0.899,0.0000,0.0000
203.112,1,-0.0030,0.6154,0.889,0.0000,0.0000
203.187,1,0.0066,0.6135,0.890,0.0000,0.0000
203.237,1,0.0126,0.6124,0.892,0.0000,0.0000
203.284,1,0.0166,0.6125,0.892,0.0000,0.0000
203.340,1,0.0193,0.6135,0.895,0.0000,0.0000
203.423,1,0.0210,0.6158,0.895,0.0000,0.0000
203.487,1,0.0219,0.6186,0.894,0.0000,0.0000
203.535,1,0.0222,0.6211,0.894,0.0000,0.0000
203.638,1,0.0221,0.6226,0.896,0.0000,0.0000
203.690,1,0.0214,0.6240,0.896,0.0000,0.0000
203.733,1,0.0197,0.6256,0.893,0.0000,0.0000
203.847,1,0.0172,0.6274,0.895,0.0000,0.0000
203.913,1,0.0145,0.6299,0.898,0.0000,0.0000
203.952,1,0.0117,0.6325,0.902,0.0000,0.0000
204.002,1,0.0100,0.6345,0.906,0.0000,0.0000
204.116,1,0.0096,0.6345,0.908,0.0000,0.0000
204.169,1,0.0097,0.6342,0.910,0.0000,0.0000
204.214,1,0.0085,0.6360,0.914,0.0000,0.0000
204.271,1,0.0077,0.6376,0.913,0.0000,0.0000
204.364,1,0.0074,0.6392,0.917,0.0000,0.0000
204.438,1,0.0090,0.6409,0.911,0.0000,0.0000
204.486,1,0.0122,0.6420,0.905,0.0000,0.0000
204.529,1,0.0160,0.6439,0.903,0.0000,0.0000
204.629,1,0.0169,0.6460,0.905,0.0000,0.0000
204.684,1,0.0155,0.6484,0.917,0.0000,0.0000
204.749,1,0.0146,0.6502,0.917,0.0000,0.0000
204.803,1,0.0153,0.6516,0.919,0.0000,0.0000
204.904,1,0.0156,0.6523,0.917,0.0000,0.0000
204.958,1,0.0151,0.6529,0.917,0.0000,0.0000
205.003,1,0.0140,0.6530,0.916,0.0000,0.0000
205.077,1,0.0128,0.6536,0.909,0.0000,0.0000
205.162,1,0.0118,0.6525,0.901,0.0000,0.0000
205.211,1,0.0122,0.6517,0.901,0.0000,0.0000
205.265,1,0.0123,0.6521,0.903,0.0000,0.0000
205.370,1,0.0137,0.6522,0.908,0.0000,0.0000
205.442,1,0.0156,0.6522,0.914,0.0000,0.0000
205.490,1,0.0176,0.6522,0.914,0.0000,0.0000
205.539,1,0.0185,0.6515,0.912,0.0000,0.0000
205.624,1,0.0193,0.6510,0.911,0.0000,0.0000
205.675,1,0.0195,0.6502,0.911,0.0000,0.0000
205.756,1,0.0198,0.6496,0.914,0.0000,0.0000
205.820,1,0.0198,0.6493,0.914,0.0000,0.0000
205.866,1,0.0201,0.6489,0.914,0.0000,0.0000
205.975,1,0.0200,0.6486,0.912,0.0000,0.0000
206.037,1,0.0207,0.6484,0.909,0.0000,0.0000
206.083,1,0.0203,0.6480,0.905,0.0000,0.0000
206.127,1,0.0242,0.6452,0.905,0.0000,0.0000
206.260,1,0.0282,0.6459,0.913,0.0000,0.0000
206.328,1,0.0310,0.6469,0.916,0.0000,0.0000
206.403,1,0.0334,0.6477,0.919,0.0000,0.0000
206.456,1,0.0353,0.6493,0.915,0.0000,0.0000
206.504,1,0.0368,0.6507,0.917,0.0000,0.0000
206.570,1,0.0380,0.6513,0.916,0.0000,0.0000
206.623,1,0.0389,0.6511,0.917,0.0000,0.0000
206.671,1,0.0394,0.6509,0.915,0.0000,0.0000
206.760,1,0.0396,0.6513,0.915,0.0000,0.0000
206.842,1,0.0397,0.6512,0.915,0.0000,0.0000
206.892,1,0.0407,0.6510,0.919,0.0000,0.0000
206.940,1,0.0413,0.6512,0.916,0.0000,0.0000
207.001,1,0.0418,0.6498,0.917,0.0000,0.0000
207.080,1,0.0419,0.6488,0.916,0.0000,0.0000
207.147,1,0.0420,0.6479,0.917,0.0000,0.0000
207.198,1,0.0420,0.6471,0.916,0.0000,0.0000
207.308,1,0.0421,0.6466,0.914,0.0000,0.0000
207.369,1,0.0418,0.6467,0.914,0.0000,0.0000
207.444,1,0.0414,0.6469,0.916,0.0000,0.0000
207.522,1,0.0414,0.6476,0.915,0.0000,0.0000
207.564,1,0.0414,0.6480,0.913,0.0000,0.0000
207.663,1,0.0408,0.6490,0.915,0.0000,0.0000
207.716,1,0.0404,0.6495,0.916,0.0000,0.0000
207.759,1,0.0402,0.6495,0.917,0.0000,0.0000
207.856,1,0.0382,0.6508,0.913,0.0000,0.0000
207.934,1,0.0366,0.6515,0.911,0.0000,0.0000
207.987,1,0.0361,0.6521,0.911,0.0000,0.0000
208.036,1,0.0379,0.6501,0.916,0.0000,0.0000
208.116,1,0.0373,0.6517,0.907,0.0000,0.0000
208.164,1,0.0368,0.6527,0.908,0.0000,0.0000
208.251,1,0.0365,0.6534,0.908,0.0000,0.0000
208.313,1,0.0359,0.6538,0.907,0.0000,0.0000
208.381,1,0.0357,0.6545,0.908,0.0000,0.0000
208.446,1,0.0360,0.6550,0.909,0.0000,0.0000
208.494,1,0.0360,0.6556,0.910,0.0000,0.0000
208.573,1,0.0359,0.6562,0.908,0.0000,0.0000
208.647,1,0.0363,0.6566,0.910,0.0000,0.0000
208.701,1,0.0365,0.6572,0.912,0.0000,0.0000
208.777,1,0.0373,0.6578,0.910,0.0000,0.0000
208.826,1,0.0387,0.6573,0.910,0.0000,0.0000
208.920,1,0.0393,0.6568,0.910,0.0000,0.0000
208.990,1,0.0399,0.6565,0.907,0.0000,0.0000
209.036,1,0.0400,0.6563,0.905,0.0000,0.0000
209.087,1,0.0398,0.6564,0.905,0.0000,0.0000
209.200,1,0.0396,0.6564,0.904,0.0000,0.0000
209.256,1,0.0397,0.6566,0.905,0.0000,0.0000
209.307,1,0.0395,0.6571,0.900,0.0000,0.0000
209.355,1,0.0398,0.6577,0.899,0.0000,0.0000
209.455,1,0.0391,0.6591,0.898,0.0000,0.0000
209.504,1,0.0392,0.6602,0.896,0.0000,0.0000
209.554,1,0.0398,0.6616,0.892,0.0000,0.0000
209.648,1,0.0403,0.6625,0.891,0.0000,0.0000
209.716,1,0.0403,0.6633,0.891,0.0000,0.0000
209.765,1,0.0404,0.6638,0.891,0.0000,0.0000
209.826,1,0.0408,0.6641,0.891,0.0000,0.0000
209.908,1,0.0410,0.6642,0.890,0.0000,0.0000
209.974,1,0.0417,0.6643,0.889,0.0000,0.0000
210.024,1,0.0417,0.6643,0.889,0.0000,0.0000
210.115,1,0.0416,0.6647,0.891,0.0000,0.0000
210.174,1,0.0415,0.6651,0.891,0.0000,0.0000
210.227,1,0.0431,0.6647,0.888,0.0000,0.0000
210.293,1,0.0435,0.6637,0.883,0.0000,0.0000
210.378,1,0.0418,0.6630,0.878,0.0000,0.0000
210.436,1,0.0402,0.6622,0.880,0.0000,0.0000
210.488,1,0.0378,0.6596,0.884,0.0000,0.0000
210.585,1,0.0341,0.6563,0.891,0.0000,0.0000
210.633,1,0.0308,0.6541,0.889,0.0000,0.0000
210.692,1,0.0230,0.6522,0.906,0.0000,0.0000
210.791,1,0.0116,0.6479,0.913,0.0000,0.0000
210.852,1,-0.0018,0.6431,0.909,0.0000,0.0000
210.902,1,-0.0158,0.6377,0.901,0.0000,0.0000
210.951,1,-0.0291,0.6320,0.900,0.0000,0.0000
211.060,1,-0.0425,0.6262,0.898,0.0000,0.0000
211.122,1,-0.0610,0.6187,0.871,0.0000,0.0000
211.172,1,-0.0775,0.6121,0.885,0.0000,0.0000
211.218,1,-0.0952,0.6051,0.894,0.0000,0.0000
211.330,1,-0.1152,0.5979,0.877,0.0000,0.0000
211.393,1,-0.1395,0.5913,0.867,0.0000,0.0380
211.436,1,-0.1593,0.5864,0.884,0.0000,0.0634
211.481,1,-0.1799,0.5797,0.877,0.0000,0.0904
211.588,1,-0.1982,0.5742,0.865,0.0000,0.1551
211.654,1,-0.2167,0.5688,0.863,0.0000,0.1945
211.703,1,-0.2314,0.5643,0.861,0.0000,0.2235
211.746,1,-0.2420,0.5608,0.853,0.0000,0.2494
211.855,1,-0.2499,0.5581,0.853,0.0000,0.3150
211.907,1,-0.2561,0.5563,0.848,0.0000,0.3464
211.963,1,-0.2608,0.5552,0.848,0.0000,0.3800
212.017,1,-0.2640,0.5548,0.852,0.0000,0.4124
212.122,1,-0.2657,0.5546,0.851,0.0000,0.4752
212.195,1,-0.2662,0.5546,0.853,0.0000,0.5192
212.253,1,-0.2655,0.5547,0.847,0.0000,0.5310
212.296,1,-0.2649,0.5549,0.847,0.0000,0.5299
212.353,1,-0.2644,0.5556,0.846,0.0000,0.5289
212.493,1,-0.2628,0.5565,0.846,0.0000,0.5256
212.549,1,-0.2611,0.5575,0.848,0.0000,0.5222
212.607,1,-0.2591,0.5595,0.845,0.0000,0.5182
212.651,1,-0.2576,0.5619,0.839,0.0000,0.5152
212.751,1,-0.2524,0.5641,0.837,0.0000,0.5049
212.808,1,-0.2455,0.5660,0.838,0.0000,0.4911
212.865,1,-0.2379,0.5675,0.846,0.0000,0.4759
212.929,1,-0.2313,0.5687,0.849,0.0000,0.4626
212.988,1,-0.2265,0.5698,0.853,0.0000,0.4529
213.057,1,-0.2227,0.5705,0.854,0.0000,0.4454
213.139,1,-0.2200,0.5710,0.857,0.0000,0.4400
213.191,1,-0.2185,0.5715,0.854,0.0000,0.4370
213.290,1,-0.2179,0.5718,0.858,0.0000,0.4357
213.348,1,-0.2176,0.5719,0.856,0.0000,0.4351
213.398,1,-0.2174,0.5721,0.857,0.0000,0.4348
213.454,1,-0.2174,0.5720,0.856,0.0000,0.4348
213.555,1,-0.2172,0.5723,0.857,0.0000,0.4344
213.613,1,-0.2175,0.5727,0.857,0.0000,0.4350
213.659,1,-0.2170,0.5732,0.855,0.0000,0.4340
213.727,1,-0.2159,0.5737,0.859,0.0000,0.4319
213.783,1,-0.2148,0.5742,0.857,0.0000,0.4296
213.892,1,-0.2131,0.5746,0.856,0.0000,0.4263
213.952,1,-0.2111,0.5751,0.855,0.0000,0.4223
214.003,1,-0.2097,0.5753,0.854,0.0000,0.4193
214.052,1,-0.2084,0.5756,0.854,0.0000,0.4168
214.147,1,-0.2075,0.5757,0.850,0.0000,0.4150
214.211,1,-0.2070,0.5756,0.851,0.0000,0.4141
214.251,1,-0.2068,0.5754,0.852,0.0000,0.4137
214.351,1,-0.2070,0.5753,0.852,0.0000,0.4139
214.423,1,-0.2071,0.5753,0.854,0.0000,0.4141
214.473,1,-0.2072,0.5751,0.853,0.0000,0.4145
214.517,1,-0.2076,0.5749,0.853,0.0000,0.4151
214.588,1,-0.2081,0.5748,0.855,0.0000,0.4162
214.673,1,-0.2088,0.5747,0.855,0.0000,0.4177
214.731,1,-0.2095,0.5746,0.858,0.0000,0.4191
214.779,1,-0.2098,0.5747,0.857,0.0000,0.4197
214.877,1,-0.2105,0.5748,0.858,0.0000,0.4210
214.955,1,-0.2115,0.5747,0.859,0.0000,0.4229
215.003,1,-0.2126,0.5745,0.857,0.0000,0.4251
215.057,1,-0.2133,0.5744,0.858,0.0000,0.4266
215.106,1,-0.2141,0.5741,0.859,0.0000,0.4281
215.208,1,-0.2147,0.5738,0.859,0.0000,0.4293
215.292,1,-0.2153,0.5735,0.860,0.0000,0.4305
215.343,1,-0.2160,0.5732,0.860,0.0000,0.4320
215.425,1,-0.2165,0.5729,0.858,0.0000,0.4330
215.505,1,-0.2173,0.5725,0.859,0.0000,0.4346
215.550,1,-0.2162,0.5721,0.857,0.0000,0.4324
215.605,1,-0.2105,0.5713,0.863,0.0000,0.4210
215.696,1,-0.2071,0.5713,0.860,0.0000,0.4143
215.751,1,-0.2013,0.5691,0.869,0.0000,0.4026
215.833,1,-0.1979,0.5658,0.877,0.0000,0.3958
215.888,1,-0.1988,0.5609,0.868,0.0000,0.3977
215.938,1,-0.2074,0.5541,0.866,0.0000,0.4147
216.049,1,-0.2214,0.5468,0.854,0.0000,0.4428
216.113,1,-0.2364,0.5389,0.851,0.0000,0.4729
216.161,1,-0.2524,0.5308,0.869,0.0000,0.5016
216.211,1,-0.2642,0.5235,0.888,0.0000,0.5284
216.290,1,-0.2713,0.5175,0.886,0.0473,0.5427
216.351,1,-0.2777,0.5127,0.887,0.0845,0.5555
216.452,1,-0.2816,0.5095,0.886,0.1448,0.5633
216.492,1,-0.2840,0.5075,0.881,0.1691,0.5680
216.554,1,-0.2832,0.5053,0.875,0.2057,0.5665
216.606,1,-0.2816,0.5044,0.867,0.2102,0.5632
216.715,1,-0.2563,0.5003,0.872,0.2193,0.5126
216.782,1,-0.2350,0.4977,0.881,0.2250,0.4722
216.833,1,-0.2169,0.4961,0.878,0.2285,0.4414
216.881,1,-0.1997,0.4973,0.882,0.2260,0.4127
216.952,1,-0.1837,0.4976,0.882,0.2253,0.3703
217.005,1,-0.1703,0.4982,0.892,0.2239,0.3405
217.105,1,-0.1584,0.4968,0.896,0.2270,0.3168
217.172,1,-0.1491,0.4975,0.898,0.2254,0.2982
217.220,1,-0.1425,0.4987,0.892,0.2229,0.2851
217.271,1,-0.1380,0.5000,0.896,0.2200,0.2760
217.370,1,-0.1354,0.5013,0.895,0.2171,0.2708
217.451,1,-0.1345,0.5027,0.894,0.2141,0.2689
217.504,1,-0.1354,0.5031,0.894,0.2132,0.2708
217.552,1,-0.1377,0.5031,0.897,0.2131,0.2754
217.607,1,-0.1406,0.5025,0.896,0.2145,0.2811
217.685,1,-0.1431,0.5024,0.895,0.2148,0.2863
217.736,1,-0.1450,0.5042,0.897,0.2108,0.2900
217.850,1,-0.1472,0.5051,0.893,0.2087,0.2944
217.932,1,-0.1496,0.5054,0.891,0.2082,0.2992
217.978,1,-0.1519,0.5048,0.893,0.2094,0.3038
218.061,1,-0.1561,0.5043,0.888,0.2105,0.3121
218.114,1,-0.1603,0.5038,0.889,0.2116,0.3207
218.171,1,-0.1634,0.5035,0.888,0.2124,0.3268
218.298,1,-0.1649,0.5029,0.890,0.2135,0.3299
218.360,1,-0.1655,0.5028,0.891,0.2139,0.3310
218.409,1,-0.1647,0.5022,0.888,0.2151,0.3294
218.486,1,-0.1637,0.5019,0.884,0.2159,0.3274
218.547,1,-0.1628,0.5017,0.882,0.2163,0.3255
218.604,1,-0.1620,0.5017,0.882,0.2163,0.3241
218.707,1,-0.1613,0.5017,0.881,0.2163,0.3226
218.770,1,-0.1606,0.5019,0.883,0.2157,0.3213
218.814,1,-0.1602,0.5020,0.886,0.2155,0.3205
218.887,1,-0.1600,0.5021,0.885,0.2154,0.3199
218.943,1,-0.1596,0.5020,0.886,0.2157,0.3193
219.023,1,-0.1588,0.5019,0.889,0.2159,0.3175
219.070,1,-0.1578,0.5018,0.890,0.2160,0.3156
219.169,1,-0.1572,0.5017,0.891,0.2162,0.3144
219.237,1,-0.1568,0.5008,0.891,0.2182,0.3137
219.287,1,-0.1570,0.5013,0.890,0.2172,0.3141
219.333,1,-0.1574,0.5017,0.891,0.2162,0.3148
219.426,1,-0.1573,0.5020,0.888,0.2155,0.3145
219.497,1,-0.1574,0.5025,0.887,0.2145,0.3147
219.552,1,-0.1575,0.5028,0.887,0.2139,0.3149
219.596,1,-0.1575,0.5029,0.887,0.2136,0.3150
219.639,1,-0.1576,0.5023,0.886,0.2150,0.3153
219.719,1,-0.1577,0.5020,0.886,0.2156,0.3153
219.776,1,-0.1578,0.5022,0.886,0.2153,0.3156
219.862,1,-0.1577,0.5024,0.887,0.2148,0.3155
219.920,1,-0.1576,0.5026,0.887,0.2144,0.3152
219.971,1,-0.1575,0.5027,0.889,0.2140,0.3151
220.053,1,-0.1572,0.5032,0.891,0.2130,0.3143
220.108,1,-0.1568,0.5036,0.891,0.2120,0.3136
220.168,1,-0.1568,0.5043,0.896,0.2105,0.3137
220.259,1,-0.1568,0.5051,0.897,0.2088,0.3135
220.320,1,-0.1563,0.5054,0.895,0.2082,0.3126
220.370,1,-0.1558,0.5056,0.894,0.2076,0.3117
220.459,1,-0.1553,0.5058,0.891,0.2072,0.3106
220.518,1,-0.1550,0.5064,0.888,0.2059,0.3100
220.566,1,-0.1553,0.5073,0.889,0.2040,0.3107
220.665,1,-0.1553,0.5078,0.889,0.2027,0.3107
220.725,1,-0.1550,0.5083,0.889,0.2017,0.3101
220.769,1,-0.1551,0.5085,0.888,0.2014,0.3101
220.851,1,-0.1550,0.5086,0.888,0.2010,0.3099
220.905,1,-0.1549,0.5087,0.890,0.2008,0.3098
220.957,1,-0.1549,0.5088,0.889,0.2006,0.3097
221.060,1,-0.1550,0.5087,0.889,0.2009,0.3099
221.110,1,-0.1550,0.5087,0.889,0.2008,0.3099
221.165,1,-0.1550,0.5086,0.889,0.2011,0.3101
221.268,1,-0.1551,0.5095,0.888,0.1991,0.3101
221.336,1,-0.1553,0.5090,0.888,0.2003,0.3105
221.381,1,-0.1552,0.5086,0.887,0.2012,0.3105
221.428,1,-0.1554,0.5083,0.887,0.2018,0.3108
221.529,1,-0.1554,0.5083,0.888,0.2018,0.3108
221.591,1,-0.1554,0.5081,0.887,0.2021,0.3107
221.638,1,-0.1552,0.5080,0.889,0.2023,0.3104
221.689,1,-0.1551,0.5080,0.888,0.2025,0.3102
221.807,1,-0.1550,0.5079,0.887,0.2027,0.3101
221.882,1,-0.1551,0.5075,0.887,0.2034,0.3102
221.930,1,-0.1550,0.5070,0.886,0.2045,0.3100
222.017,1,-0.1549,0.5065,0.888,0.2057,0.3098
222.070,1,-0.1549,0.5070,0.886,0.2046,0.3098
222.121,1,-0.1550,0.5061,0.887,0.2065,0.3100
222.230,1,-0.1546,0.5066,0.888,0.2056,0.3093
222.303,1,-0.1542,0.5067,0.889,0.2052,0.3083
222.348,1,-0.1536,0.5066,0.892,0.2055,0.3073
222.395,1,-0.1532,0.5065,0.892,0.2057,0.3064
222.476,1,-0.1531,0.5063,0.892,0.2062,0.3061
222.548,1,-0.1533,0.5060,0.890,0.2068,0.3067
222.596,1,-0.1538,0.5068,0.890,0.2050,0.3075
222.680,1,-0.1546,0.5080,0.889,0.2025,0.3091
222.743,1,-0.1545,0.5105,0.891,0.1970,0.3089
222.790,1,-0.1516,0.5146,0.889,0.1880,0.3032
222.894,1,-0.1491,0.5193,0.887,0.1775,0.2983
222.952,1,-0.1472,0.5245,0.882,0.1427,0.2945
223.002,1,-0.1461,0.5300,0.881,0.1127,0.2922
223.053,1,-0.1450,0.5350,0.875,0.0817,0.2900
223.170,1,-0.1432,0.5396,0.874,0.0119,0.2863
223.249,1,-0.1412,0.5447,0.880,0.0000,0.2824
223.303,1,-0.1402,0.5508,0.883,0.0000,0.2804
223.360,1,-0.1391,0.5570,0.891,0.0000,0.2782
223.458,1,-0.1379,0.5623,0.895,0.0000,0.2757
223.527,1,-0.1363,0.5669,0.905,0.0000,0.2727
223.574,1,-0.1337,0.5691,0.904,0.0000,0.2675
223.624,1,-0.1309,0.5713,0.906,0.0000,0.2619
223.717,1,-0.1283,0.5748,0.906,0.0000,0.2565
223.777,1,-0.1258,0.5812,0.896,0.0000,0.2516
223.831,1,-0.1236,0.5878,0.896,0.0000,0.2471
223.900,1,-0.1206,0.5937,0.894,0.0000,0.2413
223.956,1,-0.1168,0.5992,0.895,0.0000,0.2080
224.070,1,-0.1131,0.6045,0.894,0.0000,0.1396
224.134,1,-0.1091,0.6093,0.897,0.0000,0.1009
224.186,1,-0.1057,0.6143,0.899,0.0000,0.0701
224.305,1,-0.1022,0.6185,0.897,0.0000,0.0000
224.354,1,-0.0997,0.6225,0.897,0.0000,0.0000
224.403,1,-0.0970,0.6262,0.897,0.0000,0.0000
224.455,1,-0.0951,0.6303,0.899,0.0000,0.0000
224.542,1,-0.0946,0.6344,0.900,0.0000,0.0000
224.613,1,-0.0943,0.6385,0.899,0.0000,0.0000
224.653,1,-0.0936,0.6424,0.896,0.0000,0.0000
224.756,1,-0.0938,0.6473,0.890,0.0000,0.0000
224.806,1,-0.0948,0.6523,0.889,0.0000,0.0000
224.854,1,-0.0957,0.6577,0.891,0.0000,0.0000
224.939,1,-0.0946,0.6631,0.893,0.0000,0.0000
224.994,1,-0.0927,0.6678,0.893,0.0000,0.0000
225.099,1,-0.0910,0.6728,0.894,0.0000,0.0000
225.151,1,-0.0895,0.6775,0.898,0.0000,0.0000
225.225,1,-0.0879,0.6821,0.900,-0.0442,0.0000
225.293,1,-0.0859,0.6868,0.902,-0.0853,0.0000
225.355,1,-0.0843,0.6911,0.899,-0.1223,0.0000
225.417,1,-0.0831,0.6953,0.888,-0.1594,0.0000
225.471,1,-0.0823,0.6978,0.878,-0.1918,0.0000
225.528,1,-0.0799,0.7009,0.893,-0.2219,0.0000
225.607,1,-0.0779,0.7033,0.897,-0.2272,0.0000
225.654,1,-0.0758,0.7049,0.904,-0.2308,0.0000
225.737,1,-0.0742,0.7064,0.906,-0.2341,0.0000
225.784,1,-0.0733,0.7076,0.906,-0.2368,0.0000
225.875,1,-0.0715,0.7090,0.906,-0.2398,0.0000
225.950,1,-0.0700,0.7100,0.906,-0.2420,0.0000
226.003,1,-0.0693,0.7108,0.905,-0.2438,0.0000
226.171,1,-0.0686,0.7113,0.906,-0.2448,0.0000
226.329,1,-0.0680,0.7118,0.908,-0.2459,0.0000
226.384,1,-0.0674,0.7123,0.909,-0.2471,0.0000
226.439,1,-0.0658,0.7129,0.907,-0.2483,0.0000
226.492,1,-0.0644,0.7136,0.906,-0.2499,0.0000
226.564,1,-0.0629,0.7144,0.907,-0.2517,0.0000
226.673,1,-0.0612,0.7151,0.908,-0.2533,0.0000
226.738,1,-0.0596,0.7157,0.907,-0.2546,0.0000
226.790,1,-0.0592,0.7170,0.907,-0.2574,0.0000
226.880,1,-0.0569,0.7179,0.900,-0.2594,0.0000
226.934,1,-0.0524,0.7186,0.900,-0.2608,0.0000
226.983,1,-0.0464,0.7190,0.897,-0.2617,0.0000
227.071,1,-0.0375,0.7190,0.903,-0.2618,0.0000
227.133,1,-0.0279,0.7196,0.912,-0.2632,0.0000
227.188,1,-0.0195,0.7200,0.917,-0.2641,0.0000
227.270,1,-0.0080,0.7202,0.923,-0.2644,0.0000
227.319,1,0.0007,0.7226,0.925,-0.2698,0.0000
227.456,1,0.0071,0.7244,0.925,-0.2736,0.0000
227.517,1,0.0129,0.7254,0.922,-0.2760,0.0000
227.569,1,0.0185,0.7248,0.918,-0.2746,0.0000
227.619,1,0.0222,0.7242,0.919,-0.2732,0.0000
227.715,1,0.0251,0.7232,0.920,-0.2711,0.0000
227.804,1,0.0280,0.7231,0.921,-0.2709,0.0000
227.851,1,0.0299,0.7232,0.920,-0.2710,0.0000
227.921,1,0.0324,0.7227,0.916,-0.2700,0.0000
228.009,1,0.0365,0.7222,0.913,-0.2689,0.0000
228.071,1,0.0403,0.7221,0.910,-0.2686,0.0000
228.119,1,0.0433,0.7220,0.909,-0.2683,0.0000
228.187,1,0.0451,0.7219,0.909,-0.2682,0.0000
228.250,1,0.0459,0.7219,0.908,-0.2682,0.0000
228.347,1,0.0461,0.7217,0.909,-0.2678,0.0000
228.400,1,0.0464,0.7215,0.910,-0.2673,0.0000
228.450,1,0.0464,0.7216,0.910,-0.2675,0.0000
228.554,1,0.0461,0.7216,0.910,-0.2675,0.0000
228.621,1,0.0460,0.7216,0.909,-0.2674,0.0000
228.669,1,0.0457,0.7213,0.910,-0.2669,0.0000
228.714,1,0.0458,0.7211,0.909,-0.2663,0.0000
228.827,1,0.0454,0.7209,0.909,-0.2660,0.0000
228.885,1,0.0447,0.7205,0.909,-0.2650,0.0000
228.935,1,0.0443,0.7200,0.910,-0.2640,0.0000
228.977,1,0.0441,0.7196,0.909,-0.2631,0.0000
229.090,1,0.0443,0.7196,0.908,-0.2632,0.0000
229.152,1,0.0453,0.7196,0.908,-0.2631,0.0000
229.202,1,0.0455,0.7193,0.910,-0.2625,0.0000
229.249,1,0.0456,0.7187,0.909,-0.2612,0.0000
229.313,1,0.0458,0.7181,0.910,-0.2599,0.0000
229.402,1,0.0461,0.7176,0.910,-0.2587,0.0000
229.470,1,0.0464,0.7169,0.910,-0.2572,0.0000
229.521,1,0.0461,0.7162,0.910,-0.2556,0.0000
229.574,1,0.0460,0.7159,0.910,-0.2549,0.0000
229.684,1,0.0460,0.7154,0.909,-0.2539,0.0000
229.751,1,0.0459,0.7152,0.909,-0.2535,0.0000
229.799,1,0.0457,0.7153,0.907,-0.2536,0.0000
229.846,1,0.0451,0.7150,0.908,-0.2529,0.0000
229.910,1,0.0444,0.7149,0.908,-0.2528,0.0000
229.975,1,0.0440,0.7148,0.908,-0.2525,0.0000
230.053,1,0.0440,0.7150,0.909,-0.2530,0.0000
230.123,1,0.0440,0.7152,0.908,-0.2534,0.0000
230.170,1,0.0445,0.7154,0.909,-0.2538,0.0000
230.303,1,0.0451,0.7153,0.909,-0.2537,0.0000
230.385,1,0.0462,0.7153,0.909,-0.2537,0.0000
230.437,1,0.0469,0.7155,0.908,-0.2541,0.0000
230.489,1,0.0474,0.7161,0.908,-0.2553,0.0000
230.549,1,0.0476,0.7163,0.907,-0.2559,0.0000
230.614,1,0.0480,0.7166,0.909,-0.2566,0.0000
230.687,1,0.0480,0.7171,0.908,-0.2576,0.0000
230.782,1,0.0477,0.7175,0.909,-0.2584,0.0000
230.833,1,0.0477,0.7176,0.909,-0.2588,0.0000
230.881,1,0.0507,0.7175,0.909,-0.2585,0.0000
230.973,1,0.0521,0.7172,0.905,-0.2578,0.0000
231.028,1,0.0528,0.7165,0.903,-0.2563,0.0000
231.077,1,0.0527,0.7159,0.902,-0.2549,0.0000
231.150,1,0.0520,0.7154,0.902,-0.2538,0.0000
231.217,1,0.0507,0.7158,0.905,-0.2548,0.0000
231.278,1,0.0483,0.7161,0.910,-0.2554,0.0000
231.340,1,0.0463,0.7159,0.911,-0.2551,0.0000
231.436,1,0.0451,0.7157,0.912,-0.2546,0.0000
231.495,1,0.0443,0.7157,0.910,-0.2546,0.0000
231.544,1,0.0448,0.7159,0.908,-0.2550,0.0000
231.650,1,0.0453,0.7159,0.908,-0.2549,0.0000
231.709,1,0.0457,0.7157,0.909,-0.2546,0.0000
231.754,1,0.0460,0.7155,0.910,-0.2540,0.0000
231.804,1,0.0452,0.7151,0.909,-0.2532,0.0000
231.894,1,0.0447,0.7150,0.911,-0.2530,0.0000
231.943,1,0.0442,0.7149,0.911,-0.2527,0.0000
232.024,1,0.0435,0.7145,0.913,-0.2520,0.0000
232.071,1,0.0432,0.7144,0.913,-0.2518,0.0000
232.168,1,0.0432,0.7143,0.912,-0.2514,0.0000
232.237,1,0.0439,0.7140,0.910,-0.2508,0.0000
232.297,1,0.0442,0.7138,0.909,-0.2505,0.0000
232.344,1,0.0447,0.7138,0.909,-0.2504,0.0000
232.423,1,0.0446,0.7136,0.910,-0.2499,0.0000
232.469,1,0.0444,0.7136,0.910,-0.2500,0.0000
232.591,1,0.0444,0.7137,0.910,-0.2500,0.0000
232.642,1,0.0444,0.7137,0.909,-0.2502,0.0000
232.710,1,0.0441,0.7137,0.909,-0.2500,0.0000
232.790,1,0.0444,0.7137,0.908,-0.2502,0.0000
232.842,1,0.0450,0.7137,0.907,-0.2501,0.0000
232.932,1,0.0455,0.7139,0.905,-0.2507,0.0000
232.978,1,0.0463,0.7143,0.904,-0.2515,0.0000
233.052,1,0.0472,0.7145,0.904,-0.2519,0.0000
233.106,1,0.0482,0.7146,0.904,-0.2521,0.0000
233.202,1,0.0491,0.7147,0.904,-0.2524,0.0000
233.252,1,0.0493,0.7148,0.903,-0.2527,0.0000
233.301,1,0.0489,0.7147,0.905,-0.2524,0.0000
233.379,1,0.0484,0.7148,0.905,-0.2526,0.0000
233.440,1,0.0481,0.7149,0.904,-0.2528,0.0000
233.542,1,0.0482,0.7149,0.904,-0.2527,0.0000
233.594,1,0.0485,0.7149,0.904,-0.2528,0.0000
233.650,1,0.0491,0.7150,0.903,-0.2529,0.0000
233.702,1,0.0501,0.7150,0.902,-0.2529,0.0000
233.861,1,0.0506,0.7147,0.902,-0.2523,0.0000
233.916,1,0.0510,0.7144,0.901,-0.2517,0.0000
233.964,1,0.0510,0.7136,0.902,-0.2500,0.0000
234.040,1,0.0503,0.7132,0.903,-0.2491,0.0000
234.130,1,0.0499,0.7131,0.903,-0.2487,0.0000
234.187,1,0.0503,0.7129,0.904,-0.2485,0.0000
234.237,1,0.0506,0.7130,0.903,-0.2486,0.0000
234.315,1,0.0512,0.7132,0.902,-0.2491,0.0000
234.373,1,0.0518,0.7133,0.901,-0.2493,0.0000
234.422,1,0.0529,0.7136,0.901,-0.2499,0.0000
234.557,1,0.0531,0.7135,0.900,-0.2497,0.0000
234.625,1,0.0528,0.7133,0.902,-0.2493,0.0000
234.672,1,0.0525,0.7132,0.897,-0.2490,0.0000
234.772,1,0.0523,0.7130,0.898,-0.2486,0.0000
234.825,1,0.0523,0.7129,0.897,-0.2484,0.0000
234.872,1,0.0522,0.7129,0.899,-0.2484,0.0000
234.968,1,0.0519,0.7130,0.899,-0.2486,0.0000
235.037,1,0.0519,0.7130,0.894,-0.2485,0.0000
235.084,1,0.0517,0.7127,0.894,-0.2480,0.0000
235.138,1,0.0516,0.7118,0.888,-0.2460,0.0000
235.244,1,0.0527,0.7112,0.882,-0.2446,0.0000
235.303,1,0.0535,0.7115,0.889,-0.2453,0.0000
235.390,1,0.0549,0.7117,0.895,-0.2456,0.0000
235.434,1,0.0560,0.7117,0.893,-0.2457,0.0000
235.519,1,0.0567,0.7117,0.896,-0.2456,0.0000
235.573,1,0.0571,0.7117,0.902,-0.2456,0.0000
235.626,1,0.0571,0.7115,0.897,-0.2453,0.0000
235.715,1,0.0565,0.7115,0.894,-0.2453,0.0000
235.768,1,0.0552,0.7113,0.893,-0.2448,0.0000
235.881,1,0.0546,0.7111,0.901,-0.2444,0.0000
235.953,1,0.0541,0.7111,0.901,-0.2444,0.0000
236.006,1,0.0532,0.7114,0.900,-0.2452,0.0000
236.057,1,0.0529,0.7108,0.898,-0.2437,0.0000
236.175,1,0.0522,0.7110,0.903,-0.2442,0.0000
236.230,1,0.0524,0.7111,0.905,-0.2444,0.0000
236.341,1,0.0529,0.7108,0.905,-0.2438,0.0000
236.422,1,0.0528,0.7106,0.904,-0.2434,0.0000
236.472,1,0.0524,0.7105,0.903,-0.2431,0.0000
236.522,1,0.0528,0.7103,0.901,-0.2428,0.0000
236.626,1,0.0525,0.7103,0.900,-0.2427,0.0000
236.678,1,0.0517,0.7103,0.901,-0.2426,0.0000
236.734,1,0.0518,0.7104,0.901,-0.2428,0.0000
236.805,1,0.0523,0.7103,0.902,-0.2426,0.0000
236.865,1,0.0532,0.7100,0.900,-0.2421,0.0000
236.961,1,0.0533,0.7099,0.902,-0.2417,0.0000
237.027,1,0.0531,0.7098,0.902,-0.2415,0.0000
237.079,1,0.0531,0.7097,0.900,-0.2413,0.0000
237.128,1,0.0531,0.7096,0.900,-0.2410,0.0000
237.217,1,0.0528,0.7097,0.900,-0.2413,0.0000
237.280,1,0.0526,0.7099,0.902,-0.2418,0.0000
237.341,1,0.0534,0.7103,0.904,-0.2427,0.0000
237.390,1,0.0537,0.7105,0.904,-0.2430,0.0000
237.507,1,0.0534,0.7107,0.905,-0.2435,0.0000
237.574,1,0.0536,0.7107,0.904,-0.2436,0.0000
237.624,1,0.0531,0.7109,0.903,-0.2439,0.0000
237.704,1,0.0524,0.7108,0.904,-0.2438,0.0000
237.791,1,0.0523,0.7108,0.904,-0.2438,0.0000
237.841,1,0.0523,0.7107,0.903,-0.2436,0.0000
237.901,1,0.0522,0.7107,0.905,-0.2435,0.0000
237.967,1,0.0518,0.7106,0.901,-0.2434,0.0000
238.022,1,0.0512,0.7104,0.903,-0.2429,0.0000
238.120,1,0.0506,0.7104,0.902,-0.2430,0.0000
238.180,1,0.0511,0.7105,0.903,-0.2432,0.0000
238.239,1,0.0516,0.7106,0.901,-0.2434,0.0000
238.288,1,0.0528,0.7105,0.899,-0.2432,0.0000
238.377,1,0.0536,0.7105,0.898,-0.2431,0.0000
238.476,1,0.0541,0.7103,0.898,-0.2427,0.0000
238.535,1,0.0548,0.7102,0.897,-0.2425,0.0000
238.590,1,0.0552,0.7102,0.896,-0.2425,0.0000
238.671,1,0.0552,0.7100,0.897,-0.2420,0.0000
238.722,1,0.0546,0.7097,0.901,-0.2413,0.0000
238.817,1,0.0544,0.7095,0.902,-0.2410,0.0000
238.881,1,0.0538,0.7093,0.904,-0.2405,0.0000
238.935,1,0.0537,0.7092,0.904,-0.2403,0.0000
238.974,1,0.0537,0.7091,0.905,-0.2400,0.0000
239.077,1,0.0531,0.7089,0.904,-0.2395,0.0000
239.169,1,0.0531,0.7086,0.903,-0.2390,0.0000
239.233,1,0.0532,0.7083,0.902,-0.2382,0.0000
239.279,1,0.0536,0.7081,0.903,-0.2378,0.0000
239.336,1,0.0549,0.7078,0.900,-0.2372,0.0000
239.390,1,0.0565,0.7077,0.901,-0.2370,0.0000
239.481,1,0.0572,0.7076,0.900,-0.2367,0.0000
239.563,1,0.0565,0.7076,0.902,-0.2366,0.0000
239.617,1,0.0563,0.7076,0.900,-0.2367,0.0000
239.664,1,0.0567,0.7077,0.891,-0.2370,0.0000
239.723,1,0.0587,0.7072,0.882,-0.2359,0.0000
239.787,1,0.0599,0.7067,0.883,-0.2347,0.0000
239.921,1,0.0598,0.7072,0.897,-0.2358,0.0000
239.986,1,0.0595,0.7075,0.899,-0.2366,0.0000
240.038,1,0.0591,0.7077,0.897,-0.2370,0.0000
240.087,1,0.0583,0.7078,0.897,-0.2372,0.0000
240.164,1,0.0577,0.7080,0.899,-0.2376,0.0000
240.219,1,0.0570,0.7081,0.901,-0.2378,0.0000
240.307,1,0.0566,0.7079,0.901,-0.2374,0.0000
240.371,1,0.0567,0.7077,0.903,-0.2370,0.0000
240.418,1,0.0566,0.7075,0.904,-0.2364,0.0000
240.503,1,0.0559,0.7073,0.904,-0.2361,0.0000
240.566,1,0.0550,0.7073,0.905,-0.2361,0.0000
240.640,1,0.0542,0.7073,0.905,-0.2360,0.0000
240.686,1,0.0535,0.7074,0.905,-0.2363,0.0000
240.806,1,0.0530,0.7074,0.907,-0.2363,0.0000
240.869,1,0.0524,0.7072,0.907,-0.2358,0.0000
240.915,1,0.0522,0.7070,0.906,-0.2355,0.0000
241.049,1,0.0519,0.7067,0.906,-0.2348,0.0000
241.112,1,0.0515,0.7068,0.905,-0.2349,0.0000
241.157,1,0.0520,0.7069,0.902,-0.2352,0.0000
241.217,1,0.0530,0.7069,0.900,-0.2352,0.0000
241.298,1,0.0527,0.7068,0.902,-0.2349,0.0000
241.387,1,0.0519,0.7065,0.901,-0.2344,0.0000
241.439,1,0.0527,0.7064,0.899,-0.2341,0.0000
241.495,1,0.0531,0.7066,0.897,-0.2346,0.0000
241.573,1,0.0536,0.7067,0.895,-0.2348,0.0000
241.621,1,0.0541,0.7068,0.898,-0.2351,0.0000
241.691,1,0.0553,0.7066,0.896,-0.2346,0.0000
241.763,1,0.0564,0.7061,0.898,-0.2334,0.0000
241.818,1,0.0575,0.7056,0.898,-0.2323,0.0000
241.915,1,0.0570,0.7057,0.891,-0.2325,0.0000
241.991,1,0.0567,0.7056,0.890,-0.2323,0.0000
242.039,1,0.0567,0.7054,0.888,-0.2319,0.0000
242.091,1,0.0566,0.7054,0.888,-0.2319,0.0000
242.158,1,0.0572,0.7052,0.890,-0.2314,0.0000
242.215,1,0.0584,0.7044,0.890,-0.2297,0.0000
242.288,1,0.0588,0.7039,0.890,-0.2285,0.0000
242.361,1,0.0600,0.7042,0.892,-0.2293,0.0000
242.420,1,0.0609,0.7042,0.892,-0.2292,0.0000
242.489,1,0.0615,0.7043,0.891,-0.2294,0.0000
242.584,1,0.0633,0.7038,0.901,-0.2283,0.0000
242.637,1,0.0634,0.7041,0.900,-0.2290,0.0000
242.687,1,0.0630,0.7044,0.899,-0.2297,0.0000
242.764,1,0.0629,0.7044,0.898,-0.2297,0.0000
242.811,1,0.0628,0.7041,0.897,-0.2290,0.0000
242.921,1,0.0637,0.7038,0.898,-0.2283,0.0000
243.013,1,0.0635,0.7039,0.899,-0.2286,0.0000
243.058,1,0.0647,0.7026,0.889,-0.2258,0.0000
243.103,1,0.0641,0.7026,0.882,-0.2257,0.0000
243.215,1,0.0644,0.7027,0.892,-0.2259,0.0000
243.283,1,0.0645,0.7019,0.886,-0.2243,0.0000
243.336,1,0.0627,0.7020,0.878,-0.2245,0.0000
243.389,1,0.0625,0.7018,0.887,-0.2240,0.0000
243.440,1,0.0622,0.7017,0.891,-0.2237,0.0000
243.558,1,0.0629,0.7033,0.899,-0.2272,0.0000
243.629,1,0.0632,0.7045,0.892,-0.2299,0.0000
243.680,1,0.0630,0.7057,0.899,-0.2325,0.0000
243.774,1,0.0635,0.7065,0.896,-0.2343,0.0000
243.845,1,0.0639,0.7073,0.898,-0.2361,0.0000
243.907,1,0.0637,0.7074,0.890,-0.2362,0.0000
243.962,1,0.0641,0.7078,0.895,-0.2371,0.0000
244.009,1,0.0621,0.7069,0.882,-0.2352,0.0000
244.131,1,0.0615,0.7060,0.880,-0.2332,0.0000
244.188,1,0.0636,0.7062,0.882,-0.2337,0.0000
244.247,1,0.0668,0.7055,0.888,-0.2322,0.0000
244.353,1,0.0658,0.7061,0.882,-0.2335,0.0000
244.433,1,0.0647,0.7063,0.877,-0.2339,0.0000
244.494,1,0.0643,0.7064,0.889,-0.2341,0.0000
244.552,1,0.0642,0.7066,0.894,-0.2345,0.0000
244.608,1,0.0634,0.7068,0.886,-0.2349,0.0000
244.695,1,0.0634,0.7068,0.874,-0.2349,0.0000
244.768,1,0.0636,0.7066,0.851,-0.2345,0.0000
244.815,1,0.0609,0.7049,0.763,-0.2309,0.0000
244.903,1,0.0587,0.7039,0.753,-0.2285,0.0000
244.948,1,0.0523,0.7034,0.736,-0.2274,0.0000
245.037,1,0.0429,0.7040,0.727,-0.2288,0.0000
245.091,1,0.0165,0.7045,0.806,-0.2298,0.0000
245.148,1,-0.0041,0.7047,0.890,-0.2302,0.0000
245.227,1,-0.0114,0.7049,0.823,-0.2307,0.0000
245.307,1,-0.0016,0.7047,0.747,-0.2304,0.0000
245.366,1,-0.0090,0.7048,0.808,-0.2307,0.0000
245.417,1,-0.0030,0.7050,0.756,-0.2310,0.0000
245.467,1,-0.0088,0.7051,0.811,-0.2312,0.0000
245.567,1,-0.0144,0.7052,0.832,-0.2314,0.0000
245.632,1,-0.0187,0.7048,0.865,-0.2306,0.0000
245.683,1,-0.0212,0.7046,0.865,-0.2300,0.0000
245.736,1,-0.0231,0.7045,0.859,-0.2299,0.0000
245.857,1,-0.0246,0.7044,0.858,-0.2297,0.0000
245.919,1,-0.0255,0.7042,0.862,-0.2293,0.0000
245.976,1,-0.0265,0.7041,0.869,-0.2290,0.0000
246.045,1,-0.0271,0.7036,0.874,-0.2280,0.0000
246.137,1,-0.0277,0.7033,0.878,-0.2272,0.0000
246.194,1,-0.0279,0.7029,0.888,-0.2263,0.0000
246.241,1,-0.0281,0.7024,0.892,-0.2252,0.0000
246.320,1,-0.0293,0.7019,0.896,-0.2242,0.0000
246.372,1,-0.0280,0.7019,0.888,-0.2241,0.0000
246.471,1,-0.0273,0.7017,0.873,-0.2238,0.0000
246.537,1,-0.0272,0.7016,0.886,-0.2235,0.0000
246.588,1,-0.0270,0.7014,0.883,-0.2231,0.0000
246.635,1,-0.0270,0.7012,0.887,-0.2227,0.0000
246.737,1,-0.0267,0.7014,0.880,-0.2231,0.0000
246.795,1,-0.0270,0.7015,0.888,-0.2234,0.0000
246.842,1,-0.0269,0.7018,0.879,-0.2240,0.0000
246.921,1,-0.0271,0.7020,0.881,-0.2243,0.0000
246.980,1,-0.0275,0.7023,0.880,-0.2251,0.0000
247.032,1,-0.0270,0.7025,0.873,-0.2256,0.0000
247.169,1,-0.0274,0.7028,0.884,-0.2261,0.0000
247.226,1,-0.0273,0.7025,0.881,-0.2255,0.0000
247.282,1,-0.0253,0.7026,0.875,-0.2257,0.0000
247.351,1,-0.0244,0.7025,0.877,-0.2256,0.0000
247.402,1,-0.0246,0.7025,0.885,-0.2254,0.0000
247.501,1,-0.0254,0.7022,0.892,-0.2248,0.0000
247.564,1,-0.0275,0.7020,0.892,-0.2244,0.0000
247.615,1,-0.0297,0.7022,0.886,-0.2249,0.0000
247.664,1,-0.0330,0.7026,0.872,-0.2256,0.0000
247.779,1,-0.0354,0.7028,0.864,-0.2261,0.0000
247.854,1,-0.0374,0.7030,0.852,-0.2265,0.0000
247.902,1,-0.0376,0.7030,0.863,-0.2265,0.0000
247.987,1,-0.0336,0.7028,0.888,-0.2261,0.0000
248.057,1,-0.0280,0.7020,0.853,-0.2245,0.0000
248.103,1,0.0090,0.7004,0.828,-0.2209,0.0000
248.194,1,0.0350,0.6993,0.872,-0.2186,0.0000
248.269,1,0.0505,0.6986,0.856,-0.2169,0.0000
248.318,1,0.0606,0.6985,0.864,-0.2167,0.0000
248.366,1,0.0667,0.6979,0.874,-0.2154,0.0000
248.496,1,0.0706,0.6991,0.865,-0.2181,0.0000
248.568,1,0.0733,0.6992,0.847,-0.2183,0.0000
248.614,1,0.0743,0.6971,0.820,-0.2136,0.0000
248.667,1,0.0766,0.6979,0.865,-0.2154,0.0000
248.754,1,0.0797,0.6970,0.881,-0.2135,0.0000
248.802,1,0.0819,0.6963,0.885,-0.2118,0.0000
248.907,1,0.0835,0.6957,0.883,-0.2104,0.0000
248.963,1,0.0843,0.6959,0.896,-0.2110,0.0000
249.009,1,0.0847,0.6964,0.896,-0.2121,0.0000
249.065,1,0.0853,0.6954,0.894,-0.2098,0.0000
249.160,1,0.0857,0.6949,0.890,-0.2088,0.0000
249.218,1,0.0857,0.6942,0.887,-0.2072,0.0000
249.272,1,0.0853,0.6952,0.890,-0.2094,0.0000
249.327,1,0.0852,0.6960,0.888,-0.2111,0.0000
249.406,1,0.0854,0.6961,0.885,-0.2115,0.0000
249.497,1,0.0853,0.6963,0.887,-0.2118,0.0000
249.553,1,0.0849,0.6957,0.890,-0.2105,0.0000
249.604,1,0.0848,0.6953,0.892,-0.2097,0.0000
249.669,1,0.0857,0.6940,0.895,-0.2068,0.0000
249.763,1,0.0863,0.6932,0.897,-0.2051,0.0000
249.817,1,0.0875,0.6914,0.891,-0.2010,0.0000
249.865,1,0.0891,0.6885,0.891,-0.1946,0.0000
249.940,1,0.0911,0.6849,0.893,-0.1868,0.0000
250.009,1,0.0922,0.6804,0.896,-0.1768,0.0000
250.070,1,0.0925,0.6764,0.897,-0.1401,0.0000
250.120,1,0.0900,0.6709,0.900,-0.1099,0.0000
250.169,1,0.0885,0.6669,0.898,-0.0808,0.0000
250.222,1,0.0858,0.6636,0.899,-0.0487,0.0000
250.338,1,0.0839,0.6594,0.898,0.0000,0.0000
250.413,1,0.0828,0.6547,0.898,0.0000,0.0000
250.465,1,0.0819,0.6491,0.903,0.0000,0.0000
250.549,1,0.0824,0.6418,0.899,0.0000,0.0000
250.618,1,0.0825,0.6363,0.897,0.0000,0.0000
250.666,1,0.0823,0.6330,0.894,0.0000,0.0000
250.753,1,0.0820,0.6309,0.893,0.0000,0.0000
250.817,1,0.0819,0.6298,0.893,0.0000,0.0000
250.865,1,0.0819,0.6288,0.897,0.0000,0.0000
250.940,1,0.0816,0.6282,0.899,0.0000,0.0000
251.011,1,0.0813,0.6279,0.898,0.0000,0.0000
251.059,1,0.0810,0.6279,0.897,0.0000,0.0000
251.163,1,0.0799,0.6275,0.894,0.0000,0.0000
251.218,1,0.0791,0.6272,0.890,0.0000,0.0000
251.264,1,0.0794,0.6270,0.891,0.0000,0.0000
251.344,1,0.0792,0.6265,0.891,0.0000,0.0000
251.420,1,0.0784,0.6259,0.888,0.0000,0.0000
251.472,1,0.0782,0.6252,0.886,0.0000,0.0000
251.528,1,0.0781,0.6244,0.884,0.0000,0.0000
251.641,1,0.0776,0.6239,0.885,0.0000,0.0000
251.695,1,0.0767,0.6237,0.883,0.0000,0.0000
251.822,1,0.0757,0.6233,0.888,0.0000,0.0000
251.884,1,0.0751,0.6234,0.889,0.0000,0.0000
251.931,1,0.0749,0.6235,0.890,0.0000,0.0000
252.004,1,0.0732,0.6241,0.889,0.0000,0.0000
252.067,1,0.0708,0.6245,0.890,0.0000,0.0000
252.118,1,0.0683,0.6251,0.888,0.0000,0.0000
252.238,1,0.0656,0.6254,0.887,0.0000,0.0000
252.305,1,0.0631,0.6250,0.893,0.0000,0.0000
252.355,1,0.0606,0.6255,0.899,0.0000,0.0000
252.429,1,0.0595,0.6259,0.901,0.0000,0.0000
252.526,1,0.0598,0.6263,0.899,0.0000,0.0000
252.583,1,0.0605,0.6267,0.903,0.0000,0.0000
252.628,1,0.0613,0.6261,0.905,0.0000,0.0000
252.708,1,0.0622,0.6261,0.900,0.0000,0.0000
252.758,1,0.0620,0.6263,0.893,0.0000,0.0000
252.901,1,0.0615,0.6267,0.889,0.0000,0.0000
252.951,1,0.0613,0.6275,0.897,0.0000,0.0000
252.998,1,0.0616,0.6271,0.903,0.0000,0.0000
253.051,1,0.0604,0.6269,0.904,0.0000,0.0000
253.171,1,0.0582,0.6264,0.909,0.0000,0.0000
253.260,1,0.0560,0.6269,0.909,0.0000,0.0000
253.314,1,0.0563,0.6277,0.909,0.0000,0.0000
253.363,1,0.0578,0.6283,0.908,0.0000,0.0000
253.430,1,0.0593,0.6282,0.909,0.0000,0.0000
253.521,1,0.0609,0.6281,0.901,0.0000,0.0000
253.566,1,0.0622,0.6282,0.898,0.0000,0.0000
253.617,1,0.0629,0.6286,0.886,0.0000,0.0000
253.713,1,0.0638,0.6286,0.890,0.0000,0.0000
253.781,1,0.0645,0.6288,0.883,0.0000,0.0000
253.839,1,0.0646,0.6285,0.878,0.0000,0.0000
253.885,1,0.0648,0.6276,0.884,0.0000,0.0000
253.979,1,0.0661,0.6271,0.890,0.0000,0.0000
254.049,1,0.0673,0.6265,0.887,0.0000,0.0000
254.101,1,0.0690,0.6262,0.883,0.0000,0.0000
254.155,1,0.0705,0.6265,0.888,0.0000,0.0000
254.228,1,0.0709,0.6270,0.889,0.0000,0.0000
254.305,1,0.0706,0.6275,0.892,0.0000,0.0000
254.359,1,0.0703,0.6277,0.889,0.0000,0.0000
254.417,1,0.0701,0.6279,0.883,0.0000,0.0000
254.533,1,0.0701,0.6279,0.885,0.0000,0.0000
254.583,1,0.0707,0.6278,0.881,0.0000,0.0000
254.633,1,0.0714,0.6273,0.877,0.0000,0.0000
254.683,1,0.0718,0.6270,0.878,0.0000,0.0000
254.735,1,0.0717,0.6267,0.878,0.0000,0.0000
254.788,1,0.0714,0.6266,0.879,0.0000,0.0000
254.884,1,0.0706,0.6268,0.881,0.0000,0.0000
254.954,1,0.0696,0.6269,0.875,0.0000,0.0000
255.003,1,0.0692,0.6270,0.872,0.0000,0.0000
255.048,1,0.0690,0.6271,0.878,0.0000,0.0000
255.173,1,0.0696,0.6274,0.883,0.0000,0.0000
255.224,1,0.0708,0.6277,0.876,0.0000,0.0000
255.297,1,0.0717,0.6278,0.876,0.0000,0.0000
255.367,1,0.0711,0.6283,0.877,0.0000,0.0000
255.416,1,0.0713,0.6287,0.878,0.0000,0.0000
255.517,1,0.0721,0.6290,0.882,0.0000,0.0000
255.575,1,0.0735,0.6295,0.882,0.0000,0.0000
255.627,1,0.0745,0.6297,0.882,0.0000,0.0000
255.681,1,0.0750,0.6298,0.882,0.0000,0.0000
255.786,1,0.0751,0.6301,0.884,0.0000,0.0000
255.843,1,0.0751,0.6301,0.882,0.0000,0.0000
255.895,1,0.0752,0.6300,0.883,0.0000,0.0000
255.943,1,0.0764,0.6297,0.883,0.0000,0.0000
256.061,1,0.0754,0.6298,0.881,0.0000,0.0000
256.135,1,0.0745,0.6300,0.883,0.0000,0.0000
256.187,1,0.0737,0.6301,0.888,0.0000,0.0000
256.269,1,0.0732,0.6310,0.879,0.0000,0.0000
256.335,1,0.0722,0.6313,0.884,0.0000,0.0000
256.387,1,0.0703,0.6318,0.874,0.0000,0.0000
256.469,1,0.0693,0.6323,0.885,0.0000,0.0000
256.522,1,0.0691,0.6324,0.881,0.0000,0.0000
256.584,1,0.0700,0.6319,0.883,0.0000,0.0000
256.671,1,0.0706,0.6314,0.878,0.0000,0.0000
256.734,1,0.0702,0.6316,0.874,0.0000,0.0000
256.784,1,0.0713,0.6312,0.881,0.0000,0.0000
256.852,1,0.0722,0.6306,0.881,0.0000,0.0000
256.943,1,0.0731,0.6302,0.886,0.0000,0.0000
257.002,1,0.0738,0.6303,0.888,0.0000,0.0000
257.045,1,0.0721,0.6303,0.874,0.0000,0.0000
257.138,1,0.0717,0.6300,0.892,0.0000,0.0000
257.216,1,0.0713,0.6293,0.895,0.0000,0.0000
257.268,1,0.0708,0.6288,0.894,0.0000,0.0000
257.316,1,0.0697,0.6282,0.902,0.0000,0.0000
257.377,1,0.0679,0.6279,0.890,0.0000,0.0000
257.494,1,0.0682,0.6278,0.912,0.0000,0.0000
257.552,1,0.0678,0.6291,0.905,0.0000,0.0000
257.614,1,0.0680,0.6293,0.898,0.0000,0.0000
257.734,1,0.0678,0.6290,0.898,0.0000,0.0000
257.801,1,0.0674,0.6284,0.896,0.0000,0.0000
257.858,1,0.0665,0.6287,0.900,0.0000,0.0000
257.908,1,0.0657,0.6287,0.898,0.0000,0.0000
258.040,1,0.0658,0.6278,0.890,0.0000,0.0000
258.105,1,0.0662,0.6271,0.882,0.0000,0.0000
258.157,1,0.0670,0.6264,0.877,0.0000,0.0000
258.223,1,0.0669,0.6263,0.890,0.0000,0.0000
258.275,1,0.0669,0.6269,0.880,0.0000,0.0000
258.402,1,0.0676,0.6272,0.895,0.0000,0.0000
258.468,1,0.0683,0.6274,0.894,0.0000,0.0000
258.517,1,0.0692,0.6281,0.885,0.0000,0.0000
258.577,1,0.0710,0.6288,0.888,0.0000,0.0000
258.659,1,0.0727,0.6285,0.885,0.0000,0.0000
258.723,1,0.0739,0.6282,0.884,0.0000,0.0000
258.784,1,0.0737,0.6282,0.890,0.0000,0.0000
258.847,1,0.0718,0.6289,0.895,0.0000,0.0000
258.953,1,0.0693,0.6289,0.895,0.0000,0.0000
259.015,1,0.0667,0.6289,0.895,0.0000,0.0000
259.063,1,0.0649,0.6293,0.900,0.0000,0.0000
259.114,1,0.0642,0.6292,0.903,0.0000,0.0000
259.185,1,0.0637,0.6289,0.905,0.0000,0.0000
259.235,1,0.0636,0.6283,0.901,0.0000,0.0000
259.344,1,0.0637,0.6275,0.897,0.0000,0.0000
259.422,1,0.0643,0.6271,0.895,0.0000,0.0000
259.470,1,0.0649,0.6265,0.901,0.0000,0.0000
259.519,1,0.0654,0.6263,0.901,0.0000,0.0000
259.570,1,0.0659,0.6263,0.897,0.0000,0.0000
259.684,1,0.0663,0.6263,0.897,0.0000,0.0000
259.768,1,0.0669,0.6263,0.898,0.0000,0.0000
259.809,1,0.0684,0.6263,0.898,0.0000,0.0000
259.890,1,0.0696,0.6264,0.904,0.0000,0.0000
259.936,1,0.0706,0.6266,0.904,0.0000,0.0000
260.024,1,0.0714,0.6266,0.905,0.0000,0.0000
260.077,1,0.0716,0.6265,0.904,0.0000,0.0000
260.181,1,0.0715,0.6266,0.905,0.0000,0.0000
260.235,1,0.0716,0.6266,0.906,0.0000,0.0000
260.287,1,0.0715,0.6266,0.906,0.0000,0.0000
260.345,1,0.0717,0.6268,0.906,0.0000,0.0000
260.403,1,0.0722,0.6270,0.907,0.0000,0.0000
260.530,1,0.0733,0.6273,0.905,0.0000,0.0000
260.609,1,0.0741,0.6278,0.904,0.0000,0.0000
260.668,1,0.0744,0.6280,0.903,0.0000,0.0000
260.719,1,0.0745,0.6283,0.905,0.0000,0.0000
260.766,1,0.0754,0.6286,0.903,0.0000,0.0000
260.880,1,0.0787,0.6288,0.897,0.0000,0.0000
260.935,1,0.0834,0.6293,0.896,0.0000,0.0000
260.987,1,0.0872,0.6297,0.898,0.0000,0.0000
261.034,1,0.0898,0.6301,0.898,0.0000,0.0000
261.129,1,0.0914,0.6303,0.899,0.0000,0.0000
261.184,1,0.0925,0.6304,0.898,0.0000,0.0000
261.233,1,0.0928,0.6302,0.896,0.0000,0.0000
261.335,1,0.0926,0.6300,0.897,0.0000,0.0000
261.400,1,0.0921,0.6299,0.897,0.0000,0.0000
261.459,1,0.0909,0.6293,0.898,0.0000,0.0000
261.505,1,0.0904,0.6289,0.901,0.0000,0.0000
261.585,1,0.0900,0.6284,0.899,0.0000,0.0000
261.640,1,0.0898,0.6278,0.899,0.0000,0.0000
261.717,1,0.0885,0.6271,0.896,0.0000,0.0000
261.776,1,0.0862,0.6264,0.894,0.0000,0.0000
261.853,1,0.0846,0.6258,0.895,0.0000,0.0000
261.899,1,0.0849,0.6249,0.894,0.0000,0.0000
261.984,1,0.0864,0.6245,0.894,0.0000,0.0000
262.048,1,0.0879,0.6243,0.889,0.0000,0.0000
262.102,1,0.0885,0.6243,0.886,0.0000,0.0000
262.184,1,0.0895,0.6241,0.885,0.0000,0.0000
262.260,1,0.0900,0.6244,0.887,0.0000,0.0000
262.314,1,0.0905,0.6240,0.890,0.0000,0.0000
262.367,1,0.0916,0.6233,0.891,0.0000,0.0000
262.469,1,0.0933,0.6226,0.896,0.0000,0.0000
262.568,1,0.0939,0.6218,0.900,0.0000,0.0000
262.632,1,0.0944,0.6212,0.898,0.0000,0.0000
262.685,1,0.0942,0.6208,0.895,0.0000,0.0000
262.731,1,0.0941,0.6207,0.900,0.0000,0.0000
262.851,1,0.0936,0.6209,0.901,0.0000,0.0000
262.914,1,0.0932,0.6213,0.902,0.0000,0.0000
262.971,1,0.0928,0.6226,0.899,0.0000,0.0000
263.036,1,0.0921,0.6222,0.898,0.0000,0.0000
263.102,1,0.0902,0.6225,0.898,0.0000,0.0000
263.197,1,0.0881,0.6228,0.896,0.0000,0.0000
263.240,1,0.0866,0.6230,0.894,0.0000,0.0000
263.312,1,0.0848,0.6230,0.895,0.0000,0.0000
263.358,1,0.0837,0.6231,0.896,0.0000,0.0000
263.496,1,0.0833,0.6231,0.897,0.0000,0.0000
263.581,1,0.0834,0.6233,0.896,0.0000,0.0000
263.627,1,0.0833,0.6237,0.895,0.0000,0.0000
263.748,1,0.0834,0.6255,0.883,0.0000,0.0000
263.835,1,0.0823,0.6251,0.884,0.0000,0.0000
263.881,1,0.0834,0.6252,0.901,0.0000,0.0000
263.926,1,0.0840,0.6251,0.896,0.0000,0.0000
264.031,1,0.0845,0.6250,0.897,0.0000,0.0000
264.085,1,0.0848,0.6252,0.890,0.0000,0.0000
264.142,1,0.0854,0.6255,0.886,0.0000,0.0000
264.188,1,0.0860,0.6255,0.890,0.0000,0.0000
264.328,1,0.0868,0.6253,0.887,0.0000,0.0000
264.425,1,0.0889,0.6256,0.889,0.0000,0.0000
264.471,1,0.0931,0.6264,0.877,0.0000,0.0000
264.520,1,0.0953,0.6257,0.886,0.0000,0.0000
264.641,1,0.0956,0.6254,0.880,0.0000,0.0000
264.731,1,0.0950,0.6256,0.881,0.0000,0.0000
264.779,1,0.0930,0.6261,0.866,0.0000,0.0000
264.821,1,0.0888,0.6264,0.832,0.0000,0.0000
264.930,1,0.0860,0.6268,0.666,0.0000,0.0000
265.027,1,0.0834,0.6269,0.580,0.0000,0.0000
265.074,1,0.0829,0.6274,0.846,0.0000,0.0000
265.121,1,0.0829,0.6263,0.800,0.0000,0.0000
265.253,1,0.0853,0.6258,0.816,0.0000,0.0000
265.347,1,0.0858,0.6252,0.746,0.0000,0.0000
265.405,1,0.0404,0.6256,0.628,0.0000,0.0000
265.456,1,0.0069,0.6259,0.526,0.0000,0.0000
265.567,1,-0.0172,0.6260,0.623,0.0000,0.0000
265.624,1,-0.0343,0.6256,0.549,0.0000,0.0000
265.678,1,0.0128,0.6249,0.620,0.0000,0.0000
265.721,1,0.0395,0.6245,0.661,0.0000,0.0000
265.838,1,0.0561,0.6241,0.573,0.0000,0.0000
265.882,1,0.0672,0.6242,0.640,0.0000,0.0000
265.923,1,0.0748,0.6246,0.778,0.0000,0.0000
266.033,1,0.0809,0.6251,0.806,0.0000,0.0000
266.141,1,0.0842,0.6256,0.822,0.0000,0.0000
266.213,1,0.0858,0.6260,0.742,0.0000,0.0000
266.260,1,0.0873,0.6263,0.807,0.0000,0.0000
266.339,1,0.0886,0.6266,0.802,0.0000,0.0000
266.435,1,0.0891,0.6268,0.732,0.0000,0.0000
266.486,1,0.0894,0.6269,0.722,0.0000,0.0000
266.534,1,0.0887,0.6272,0.630,0.0000,0.0000
266.584,1,0.0860,0.6266,0.468,0.0000,0.0000
266.702,1,0.0857,0.6274,0.623,0.0000,0.0000
266.755,1,0.0853,0.6281,0.719,0.0000,0.0000
266.800,1,0.0842,0.6285,0.680,0.0000,0.0000
266.851,1,0.0831,0.6292,0.622,0.0000,0.0000
266.973,1,0.0833,0.6301,0.692,0.0000,0.0000
267.034,1,0.0835,0.6310,0.715,0.0000,0.0000
267.095,1,0.0858,0.6312,0.830,0.0000,0.0000
267.183,1,0.0885,0.6313,0.862,0.0000,0.0000
267.246,1,0.0907,0.6318,0.862,0.0000,0.0000
267.294,1,0.0918,0.6320,0.836,0.0000,0.0000
267.381,1,0.0927,0.6323,0.845,0.0000,0.0000
267.448,1,0.0921,0.6327,0.764,0.0000,0.0000
267.497,1,0.0924,0.6332,0.683,0.0000,0.0000
267.565,1,0.0916,0.6333,0.776,0.0000,0.0000
267.616,1,0.0917,0.6334,0.815,0.0000,0.0000
267.725,1,0.0904,0.6336,0.816,0.0000,0.0000
267.812,1,0.0872,0.6333,0.791,0.0000,0.0000
267.855,1,0.0848,0.6331,0.779,0.0000,0.0000
267.944,1,0.0866,0.6331,0.808,0.0000,0.0000
268.015,1,0.0908,0.6328,0.813,0.0000,0.0000
268.060,1,0.0930,0.6322,0.754,0.0000,0.0000
268.138,1,0.0951,0.6314,0.830,0.0000,0.0000
268.184,1,0.0969,0.6308,0.857,0.0000,0.0000
268.282,1,0.0979,0.6303,0.858,0.0000,0.0000
268.333,1,0.0975,0.6299,0.842,0.0000,0.0000
268.383,1,0.0977,0.6300,0.834,0.0000,0.0000
268.478,1,0.0966,0.6304,0.784,0.0000,0.0000
268.529,1,0.0929,0.6305,0.747,0.0000,0.0000
268.612,1,0.0905,0.6302,0.742,0.0000,0.0000
268.672,1,0.0891,0.6298,0.815,0.0000,0.0000
268.717,1,0.0885,0.6297,0.757,0.0000,0.0000
268.833,1,0.0904,0.6293,0.673,0.0000,0.0000
268.905,1,0.0465,0.6302,0.551,0.0000,0.0000
268.951,1,0.0636,0.6293,0.605,0.0000,0.0000
269.067,1,0.0385,0.6297,0.587,0.0000,0.0000
269.147,1,0.0594,0.6291,0.631,0.0000,0.0000
269.190,1,0.0732,0.6285,0.821,0.0000,0.0000
269.281,1,0.0791,0.6281,0.601,0.0000,0.0000
269.335,1,0.0840,0.6280,0.802,0.0000,0.0000
269.380,1,0.0868,0.6281,0.772,0.0000,0.0000
269.491,1,0.0900,0.6281,0.848,0.0000,0.0000
269.541,1,0.0910,0.6280,0.789,0.0000,0.0000
269.590,1,0.0919,0.6280,0.664,0.0000,0.0000
269.679,1,0.0932,0.6272,0.700,0.0000,0.0000
269.727,1,0.0925,0.6266,0.658,0.0000,0.0000
269.778,1,0.0940,0.6264,0.867,0.0000,0.0000
269.897,1,0.0954,0.6266,0.873,0.0000,0.0000
269.955,1,0.0965,0.6266,0.874,0.0000,0.0000
269.998,1,0.0962,0.6266,0.889,0.0000,0.0000
270.049,1,0.0956,0.6265,0.898,0.0000,0.0000
270.160,1,0.0946,0.6264,0.900,0.0000,0.0000
270.215,1,0.0937,0.6267,0.897,0.0000,0.0000
270.259,1,0.0938,0.6271,0.897,0.0000,0.0000
270.308,1,0.0941,0.6272,0.897,0.0000,0.0000
270.443,1,0.0941,0.6275,0.897,0.0000,0.0000
270.501,1,0.0945,0.6280,0.896,0.0000,0.0000
270.552,1,0.0961,0.6285,0.894,0.0000,0.0000
270.616,1,0.0969,0.6288,0.896,0.0000,0.0000
270.756,1,0.0980,0.6289,0.895,0.0000,0.0000
270.813,1,0.0990,0.6288,0.897,0.0000,0.0000
270.865,1,0.0999,0.6286,0.900,0.0000,0.0000
270.908,1,0.1006,0.6284,0.898,0.0000,0.0000
271.026,1,0.1010,0.6284,0.899,0.0000,0.0000
271.120,1,0.1012,0.6285,0.898,0.0000,0.0000
271.164,1,0.1012,0.6286,0.902,0.0000,0.0000
271.208,1,0.1003,0.6287,0.903,0.0000,0.0000
271.317,1,0.0989,0.6289,0.900,0.0000,0.0000
271.369,1,0.0977,0.6291,0.897,0.0000,0.0000
271.421,1,0.0965,0.6290,0.893,0.0000,0.0000
271.504,1,0.0957,0.6289,0.893,0.0000,0.0000
271.552,1,0.0950,0.6287,0.891,0.0000,0.0000
271.634,1,0.0941,0.6285,0.891,0.0000,0.0000
271.677,1,0.0938,0.6283,0.890,0.0000,0.0000
271.800,1,0.0940,0.6279,0.890,0.0000,0.0000
271.861,1,0.0943,0.6276,0.890,0.0000,0.0000
271.904,1,0.0943,0.6275,0.891,0.0000,0.0000
272.031,1,0.0939,0.6274,0.893,0.0000,0.0000
272.127,1,0.0934,0.6276,0.893,0.0000,0.0000
272.172,1,0.0934,0.6277,0.896,0.0000,0.0000
272.290,1,0.0937,0.6278,0.895,0.0000,0.0000
272.367,1,0.0950,0.6278,0.898,0.0000,0.0000
272.414,1,0.0959,0.6278,0.901,0.0000,0.0000
272.515,1,0.0971,0.6280,0.902,0.0000,0.0000
272.571,1,0.0980,0.6282,0.902,0.0000,0.0000
272.617,1,0.0986,0.6285,0.903,0.0000,0.0000
272.688,1,0.0990,0.6285,0.904,0.0000,0.0000
272.737,1,0.0994,0.6284,0.905,0.0000,0.0000
272.876,1,0.0998,0.6285,0.905,0.0000,0.0000
272.952,1,0.1001,0.6287,0.907,0.0000,0.0000
273.003,1,0.1002,0.6288,0.901,0.0000,0.0000
273.046,1,0.0996,0.6285,0.896,0.0000,0.0000
273.143,1,0.0977,0.6280,0.898,0.0000,0.0000
273.198,1,0.0955,0.6277,0.895,0.0000,0.0000
273.245,1,0.0944,0.6273,0.902,0.0000,0.0000
273.352,1,0.0936,0.6273,0.887,0.0000,0.0000
273.403,1,0.0935,0.6269,0.894,0.0000,0.0000
273.530,1,0.0943,0.6264,0.898,0.0000,0.0000
273.596,1,0.0941,0.6258,0.897,0.0000,0.0000
273.639,1,0.0938,0.6257,0.900,0.0000,0.0000
273.749,1,0.0938,0.6259,0.899,0.0000,0.0000
273.837,1,0.0941,0.6261,0.899,0.0000,0.0000
273.883,1,0.0941,0.6262,0.900,0.0000,0.0000
273.935,1,0.0944,0.6265,0.898,0.0000,0.0000
274.055,1,0.0943,0.6267,0.897,0.0000,0.0000
274.131,1,0.0940,0.6270,0.897,0.0000,0.0000
274.179,1,0.0940,0.6272,0.901,0.0000,0.0000
274.278,1,0.0940,0.6274,0.902,0.0000,0.0000
274.338,1,0.0936,0.6276,0.903,0.0000,0.0000
274.383,1,0.0914,0.6276,0.902,0.0000,0.0000
274.433,1,0.0897,0.6278,0.905,0.0000,0.0000
274.530,1,0.0894,0.6284,0.904,0.0000,0.0000
274.580,1,0.0895,0.6286,0.903,0.0000,0.0000
274.676,1,0.0906,0.6282,0.904,0.0000,0.0000
274.719,1,0.0911,0.6278,0.904,0.0000,0.0000
274.765,1,0.0912,0.6275,0.904,0.0000,0.0000
274.888,1,0.0914,0.6273,0.903,0.0000,0.0000
274.980,1,0.0919,0.6272,0.903,0.0000,0.0000
275.025,1,0.0924,0.6273,0.904,0.0000,0.0000
275.068,1,0.0933,0.6275,0.904,0.0000,0.0000
275.181,1,0.0943,0.6277,0.904,0.0000,0.0000
275.269,1,0.0957,0.6279,0.904,0.0000,0.0000
275.311,1,0.0966,0.6283,0.904,0.0000,0.0000
275.409,1,0.0969,0.6290,0.905,0.0000,0.0000
275.457,1,0.0971,0.6294,0.905,0.0000,0.0000
275.504,1,0.0971,0.6294,0.908,0.0000,0.0000
275.592,1,0.0971,0.6295,0.910,0.0000,0.0000
275.646,1,0.0974,0.6295,0.914,0.0000,0.0000
275.723,1,0.0980,0.6295,0.914,0.0000,0.0000
275.769,1,0.0988,0.6293,0.916,0.0000,0.0000
275.851,1,0.1004,0.6292,0.918,0.0000,0.0000
275.905,1,0.1011,0.6292,0.917,0.0000,0.0000
276.008,1,0.1009,0.6291,0.917,0.0000,0.0000
276.065,1,0.1003,0.6293,0.917,0.0000,0.0000
276.110,1,0.1004,0.6293,0.916,0.0000,0.0000
276.172,1,0.1004,0.6293,0.918,0.0000,0.0000
276.237,1,0.1011,0.6292,0.917,0.0000,0.0000
276.362,1,0.1012,0.6293,0.917,0.0000,0.0000
276.415,1,0.1006,0.6295,0.915,0.0000,0.0000
276.463,1,0.0995,0.6299,0.912,0.0000,0.0000
276.578,1,0.0989,0.6304,0.910,0.0000,0.0000
276.635,1,0.0977,0.6310,0.903,0.0000,0.0000
276.679,1,0.0948,0.6315,0.905,0.0000,0.0000
276.725,1,0.0927,0.6321,0.904,0.0000,0.0000
276.768,1,0.0920,0.6322,0.906,0.0000,0.0000
276.866,1,0.0911,0.6323,0.910,0.0000,0.0000
276.919,1,0.0876,0.6323,0.905,0.0000,0.0000
276.964,1,0.0799,0.6328,0.904,0.0000,0.0000
277.093,1,0.0727,0.6337,0.899,0.0000,0.0000
277.160,1,0.0650,0.6335,0.905,0.0000,0.0000
277.203,1,0.0554,0.6335,0.901,0.0000,0.0000
277.301,1,0.0499,0.6331,0.901,0.0000,0.0000
277.388,1,0.0453,0.6325,0.901,0.0000,0.0000
277.434,1,0.0422,0.6315,0.908,0.0000,0.0000
277.509,1,0.0415,0.6318,0.906,0.0000,0.0000
277.557,1,0.0396,0.6303,0.907,0.0000,0.0000
277.673,1,0.0382,0.6293,0.909,0.0000,0.0000
277.731,1,0.0365,0.6289,0.907,0.0000,0.0000
277.786,1,0.0355,0.6285,0.906,0.0000,0.0000
277.843,1,0.0353,0.6286,0.904,0.0000,0.0000
277.920,1,0.0353,0.6290,0.899,0.0000,0.0000
277.970,1,0.0353,0.6295,0.902,0.0000,0.0000
278.058,1,0.0364,0.6299,0.910,0.0000,0.0000
278.109,1,0.0380,0.6298,0.908,0.0000,0.0000
278.159,1,0.0398,0.6294,0.906,0.0000,0.0000
278.282,1,0.0411,0.6291,0.898,0.0000,0.0000
278.369,1,0.0414,0.6286,0.900,0.0000,0.0000
278.416,1,0.0399,0.6281,0.904,0.0000,0.0000
278.460,1,0.0377,0.6278,0.903,0.0000,0.0000
278.582,1,0.0360,0.6280,0.901,0.0000,0.0000
278.660,1,0.0350,0.6275,0.902,0.0000,0.0000
278.706,1,0.0338,0.6272,0.904,0.0000,0.0000
278.758,1,0.0334,0.6270,0.900,0.0000,0.0000
278.881,1,0.0335,0.6271,0.893,0.0000,0.0000
278.963,1,0.0345,0.6273,0.888,0.0000,0.0000
279.010,1,0.0354,0.6280,0.880,0.0000,0.0000
279.056,1,0.0362,0.6281,0.869,0.0000,0.0000
279.174,1,0.0368,0.6282,0.863,0.0000,0.0000
279.233,1,0.0376,0.6280,0.864,0.0000,0.0000
279.341,1,0.0380,0.6281,0.880,0.0000,0.0000
279.401,1,0.0383,0.6275,0.881,0.0000,0.0000
279.447,1,0.0377,0.6273,0.891,0.0000,0.0000
279.490,1,0.0376,0.6261,0.899,0.0000,0.0000
279.603,1,0.0374,0.6254,0.904,0.0000,0.0000
279.690,1,0.0367,0.6250,0.906,0.0000,0.0000
279.733,1,0.0366,0.6252,0.904,0.0000,0.0000
279.782,1,0.0371,0.6251,0.902,0.0000,0.0000
279.907,1,0.0378,0.6255,0.896,0.0000,0.0000
279.993,1,0.0391,0.6256,0.905,0.0000,0.0000
280.029,1,0.0387,0.6257,0.906,0.0000,0.0000
280.128,1,0.0379,0.6254,0.903,0.0000,0.0000
280.208,1,0.0377,0.6254,0.900,0.0000,0.0000
280.252,1,0.0377,0.6258,0.897,0.0000,0.0000
280.384,1,0.0394,0.6261,0.894,0.0000,0.0000
280.470,1,0.0421,0.6265,0.896,0.0000,0.0000
280.520,1,0.0439,0.6266,0.899,0.0000,0.0000
280.569,1,0.0448,0.6268,0.894,0.0000,0.0000
280.621,1,0.0440,0.6268,0.896,0.0000,0.0000
280.711,1,0.0425,0.6270,0.895,0.0000,0.0000
280.781,1,0.0412,0.6270,0.895,0.0000,0.0000
280.835,1,0.0385,0.6270,0.893,0.0000,0.0000
280.884,1,0.0379,0.6272,0.891,0.0000,0.0000
281.017,1,0.0367,0.6268,0.892,0.0000,0.0000
281.095,1,0.0371,0.6262,0.895,0.0000,0.0000
281.142,1,0.0387,0.6276,0.889,0.0000,0.0000
281.185,1,0.0400,0.6286,0.889,0.0000,0.0000
281.316,1,0.0397,0.6289,0.889,0.0000,0.0000
281.396,1,0.0396,0.6288,0.900,0.0000,0.0000
281.444,1,0.0406,0.6290,0.899,0.0000,0.0000
281.486,1,0.0421,0.6293,0.902,0.0000,0.0000
281.571,1,0.0445,0.6294,0.898,0.0000,0.0000
